Время[c],Напряжение[В]
0.0000,1.6242
0.0006,1.6191
0.0011,1.6242
0.0016,1.6242
0.0021,1.6191
0.0027,1.6242
0.0032,1.6242
0.0037,1.6242
0.0042,1.6292
0.0047,1.6242
0.0053,1.6242
0.0058,1.6242
0.0063,1.6242
0.0068,1.6242
0.0074,1.6242
0.0079,1.6242
0.0084,1.6242
0.0089,1.6242
0.0095,1.6242
0.0100,1.6242
0.0105,1.6242
0.0110,1.6242
0.0115,1.6191
0.0121,1.6191
0.0126,1.6242
0.0131,1.6242
0.0136,1.6242
0.0142,1.6242
0.0147,1.6242
0.0152,1.6242
0.0157,1.6191
0.0162,1.6242
0.0168,1.6242
0.0173,1.6242
0.0178,1.6242
0.0183,1.6242
0.0189,1.6191
0.0194,1.6242
0.0199,1.6191
0.0204,1.6242
0.0209,1.6242
0.0215,1.6242
0.0220,1.6242
0.0225,1.6242
0.0230,1.6242
0.0236,1.6242
0.0241,1.6191
0.0246,1.6242
0.0251,1.6191
0.0256,1.6242
0.0262,1.6191
0.0267,1.6242
0.0272,1.6242
0.0277,1.6242
0.0282,1.6191
0.0288,1.6242
0.0293,1.6292
0.0298,1.6242
0.0303,1.6191
0.0309,1.6191
0.0314,1.6292
0.0319,1.6242
0.0324,1.6141
0.0329,1.6242
0.0335,1.6191
0.0340,1.6191
0.0345,1.6191
0.0350,1.6191
0.0356,1.6191
0.0361,1.6141
0.0366,1.6242
0.0371,1.6242
0.0377,1.6242
0.0382,1.6242
0.0387,1.6242
0.0392,1.6191
0.0398,1.6242
0.0403,1.6191
0.0408,1.6242
0.0413,1.6242
0.0418,1.6242
0.0424,1.6191
0.0429,1.6292
0.0434,1.6242
0.0440,1.6191
0.0460,1.6242
0.0465,1.6242
0.0470,1.6191
0.0476,1.6242
0.0481,1.6242
0.0487,1.6242
0.0492,1.6242
0.0497,1.6191
0.0502,1.6242
0.0508,1.6242
0.0513,1.6242
0.0518,1.6191
0.0524,1.6191
0.0529,1.6191
0.0535,1.6242
0.0540,1.6242
0.0545,1.6191
0.0551,1.6242
0.0557,1.6242
0.0563,1.6242
0.0568,1.6242
0.0574,1.6242
0.0580,1.6191
0.0587,1.6191
0.0593,1.6141
0.0598,1.6191
0.0605,1.6242
0.0611,1.6191
0.0617,1.6242
0.0622,1.6191
0.0628,1.6292
0.0633,1.6191
0.0638,1.6191
0.0643,1.6242
0.0649,1.6242
0.0654,1.6242
0.0659,1.6242
0.0665,1.6242
0.0670,1.6191
0.0675,1.6191
0.0681,1.6141
0.0686,1.6242
0.0691,1.6242
0.0697,1.6242
0.0702,1.6242
0.0707,1.6242
0.0712,1.6191
0.0718,1.6242
0.0723,1.6242
0.0728,1.6242
0.0734,1.6191
0.0739,1.6242
0.0745,1.6191
0.0750,1.6191
0.0756,1.6242
0.0761,1.6191
0.0767,1.6191
0.0772,1.6242
0.0777,1.6191
0.0782,1.6191
0.0788,1.6191
0.0793,1.6242
0.0798,1.6191
0.0803,1.6191
0.0809,1.6242
0.0814,1.6242
0.0819,1.6191
0.0824,1.6292
0.0829,1.6191
0.0835,1.6292
0.0840,1.6242
0.0845,1.6242
0.0850,1.6242
0.0856,1.6242
0.0861,1.6242
0.0866,1.6242
0.0871,1.6242
0.0877,1.6242
0.0882,1.6191
0.0887,1.6191
0.0892,1.6191
0.0897,1.6191
0.0903,1.6191
0.0908,1.6242
0.0913,1.6242
0.0918,1.6141
0.0923,1.6242
0.0929,1.6242
0.0934,1.6242
0.0939,1.6242
0.0944,1.6242
0.0949,1.6242
0.0955,1.6292
0.0960,1.6242
0.0965,1.6242
0.0970,1.6191
0.0975,1.6242
0.0981,1.6242
0.0986,1.6242
0.0991,1.6242
0.0996,1.6292
0.1002,1.6242
0.1007,1.6191
0.1012,1.6191
0.1017,1.6242
0.1022,1.6191
0.1028,1.6191
0.1033,1.6242
0.1038,1.6191
0.1043,1.6242
0.1048,1.6242
0.1054,1.6191
0.1060,1.6191
0.1065,1.6242
0.1070,1.6191
0.1075,1.6191
0.1080,1.6191
0.1086,1.6242
0.1091,1.6191
0.1096,1.6191
0.1101,1.6242
0.1107,1.6242
0.1112,1.6242
0.1117,1.6191
0.1122,1.6191
0.1127,1.6191
0.1133,1.6141
0.1138,1.6242
0.1143,1.6242
0.1148,1.6242
0.1153,1.6242
0.1159,1.6242
0.1164,1.6191
0.1169,1.6242
0.1174,1.6242
0.1180,1.6242
0.1185,1.6242
0.1190,1.6242
0.1195,1.6191
0.1200,1.6191
0.1206,1.6242
0.1211,1.6242
0.1216,1.6242
0.1221,1.6191
0.1226,1.6242
0.1232,1.6242
0.1237,1.6242
0.1242,1.6242
0.1247,1.6242
0.1252,1.6242
0.1258,1.6242
0.1263,1.6242
0.1268,1.6242
0.1273,1.6242
0.1279,1.6242
0.1284,1.6242
0.1289,1.6292
0.1294,1.6191
0.1299,1.6242
0.1305,1.6191
0.1310,1.6242
0.1315,1.6191
0.1320,1.6242
0.1326,1.6242
0.1331,1.6242
0.1336,1.6242
0.1341,1.6242
0.1346,1.6242
0.1352,1.6242
0.1357,1.6191
0.1362,1.6242
0.1367,1.6242
0.1373,1.6242
0.1378,1.6242
0.1383,1.6242
0.1388,1.6242
0.1393,1.6242
0.1399,1.6242
0.1404,1.6191
0.1409,1.6242
0.1414,1.6191
0.1420,1.6242
0.1425,1.6242
0.1430,1.6191
0.1435,1.6242
0.1440,1.6242
0.1446,1.6242
0.1451,1.6191
0.1456,1.6141
0.1461,1.6191
0.1467,1.6191
0.1472,1.6191
0.1477,1.6242
0.1482,1.6242
0.1487,1.6242
0.1493,1.6242
0.1498,1.6242
0.1503,1.6242
0.1508,1.6242
0.1514,1.6242
0.1519,1.6242
0.1524,1.6141
0.1529,1.6242
0.1534,1.6242
0.1540,1.6191
0.1545,1.6191
0.1550,1.6191
0.1555,1.6242
0.1561,1.6242
0.1566,1.6191
0.1571,1.6141
0.1576,1.6242
0.1581,1.6242
0.1587,1.6242
0.1592,1.6191
0.1597,1.6242
0.1602,1.6242
0.1608,1.6242
0.1613,1.6242
0.1619,1.6242
0.1624,1.6242
0.1630,1.6242
0.1635,1.6242
0.1641,1.6191
0.1646,1.6191
0.1651,1.6242
0.1656,1.6141
0.1662,1.6242
0.1667,1.6242
0.1672,1.6242
0.1677,1.6242
0.1683,1.6191
0.1688,1.6242
0.1693,1.6242
0.1698,1.6242
0.1703,1.6242
0.1709,1.6242
0.1714,1.6242
0.1719,1.6191
0.1725,1.6242
0.1730,1.6141
0.1735,1.6242
0.1741,1.6242
0.1746,1.6242
0.1751,1.6242
0.1757,1.6242
0.1762,1.6141
0.1768,1.6191
0.1773,1.6242
0.1779,1.6242
0.1784,1.6191
0.1790,1.6242
0.1796,1.6242
0.1801,1.6242
0.1807,1.6292
0.1812,1.6242
0.1818,1.6191
0.1824,1.6242
0.1829,1.6242
0.1834,1.6191
0.1840,1.6242
0.1845,1.6242
0.1851,1.6191
0.1856,1.6191
0.1861,1.6191
0.1866,1.6141
0.1871,1.6242
0.1877,1.6191
0.1882,1.6191
0.1888,1.6191
0.1894,1.6242
0.1900,1.6191
0.1905,1.6242
0.1911,1.6242
0.1916,1.6242
0.1922,1.6191
0.1927,1.6141
0.1932,1.6242
0.1939,1.6242
0.1944,1.6191
0.1949,1.6242
0.1955,1.6242
0.1960,1.6242
0.1965,1.6242
0.1970,1.6242
0.1976,1.6242
0.1981,1.6191
0.1986,1.6191
0.1992,1.6242
0.1997,1.6242
0.2002,1.6242
0.2008,1.6242
0.2013,1.6242
0.2018,1.6191
0.2023,1.6242
0.2029,1.6242
0.2034,1.6191
0.2039,1.6242
0.2044,1.6242
0.2050,1.6242
0.2055,1.6191
0.2060,1.6141
0.2065,1.6191
0.2071,1.6191
0.2076,1.6242
0.2081,1.6242
0.2086,1.6242
0.2092,1.6191
0.2097,1.6242
0.2102,1.6191
0.2107,1.6191
0.2112,1.6191
0.2118,1.6242
0.2123,1.6242
0.2128,1.6242
0.2133,1.6292
0.2139,1.6242
0.2144,1.6191
0.2149,1.6242
0.2155,1.6242
0.2160,1.6242
0.2165,1.6242
0.2170,1.6242
0.2176,1.6191
0.2181,1.6242
0.2186,1.6242
0.2191,1.6242
0.2197,1.6191
0.2202,1.6191
0.2207,1.6242
0.2212,1.6242
0.2218,1.6191
0.2223,1.6242
0.2228,1.6191
0.2233,1.6242
0.2239,1.6242
0.2244,1.6242
0.2249,1.6242
0.2254,1.6242
0.2259,1.6242
0.2265,1.6242
0.2270,1.6191
0.2275,1.6242
0.2280,1.6191
0.2286,1.6242
0.2291,1.6242
0.2296,1.6242
0.2301,1.6242
0.2307,1.6191
0.2312,1.6191
0.2317,1.6191
0.2322,1.6191
0.2328,1.6242
0.2333,1.6242
0.2338,1.6191
0.2343,1.6191
0.2349,1.6191
0.2354,1.6191
0.2359,1.6242
0.2364,1.6242
0.2369,1.6242
0.2375,1.6242
0.2380,1.6191
0.2385,1.6191
0.2390,1.6141
0.2396,1.6191
0.2401,1.6242
0.2406,1.6242
0.2411,1.6242
0.2417,1.6242
0.2422,1.6242
0.2427,1.6242
0.2432,1.6242
0.2438,1.6191
0.2443,1.6242
0.2448,1.6242
0.2453,1.6242
0.2459,1.6242
0.2464,1.6191
0.2469,1.6191
0.2474,1.6292
0.2480,1.6242
0.2485,1.6242
0.2490,1.6242
0.2495,1.6242
0.2501,1.6292
0.2506,1.6242
0.2511,1.6141
0.2516,1.6191
0.2522,1.6242
0.2527,1.6191
0.2532,1.6191
0.2537,1.6242
0.2543,1.6242
0.2548,1.6292
0.2553,1.6191
0.2558,1.6141
0.2563,1.6242
0.2569,1.6242
0.2574,1.6242
0.2579,1.6242
0.2584,1.6242
0.2590,1.6242
0.2595,1.6191
0.2600,1.6242
0.2605,1.6242
0.2611,1.6242
0.2616,1.6292
0.2621,1.6191
0.2626,1.6191
0.2632,1.6242
0.2637,1.6191
0.2642,1.6191
0.2647,1.6242
0.2652,1.6242
0.2658,1.6141
0.2663,1.6191
0.2668,1.6191
0.2673,1.6242
0.2679,1.6242
0.2684,1.6191
0.2689,1.6191
0.2694,1.6191
0.2700,1.6191
0.2705,1.6141
0.2710,1.6242
0.2715,1.6242
0.2720,1.6191
0.2726,1.6191
0.2731,1.6242
0.2736,1.6141
0.2741,1.6242
0.2747,1.6242
0.2752,1.6191
0.2757,1.6191
0.2762,1.6141
0.2768,1.6242
0.2773,1.6191
0.2778,1.6242
0.2783,1.6242
0.2789,1.6242
0.2794,1.6242
0.2799,1.6242
0.2804,1.6242
0.2810,1.6191
0.2815,1.6242
0.2820,1.6242
0.2825,1.6242
0.2831,1.6242
0.2836,1.6191
0.2841,1.6242
0.2846,1.6242
0.2851,1.6242
0.2857,1.6242
0.2862,1.6191
0.2867,1.6191
0.2872,1.6191
0.2878,1.6191
0.2883,1.6191
0.2888,1.6242
0.2893,1.6242
0.2899,1.6191
0.2904,1.6191
0.2909,1.6242
0.2914,1.6242
0.2920,1.6191
0.2925,1.6191
0.2930,1.6191
0.2935,1.6191
0.2940,1.6141
0.2946,1.6191
0.2951,1.6242
0.2956,1.6191
0.2961,1.6191
0.2967,1.6242
0.2972,1.6242
0.2977,1.6242
0.2982,1.6191
0.2988,1.6242
0.2993,1.6242
0.2998,1.6242
0.3003,1.6242
0.3008,1.6242
0.3014,1.6242
0.3019,1.6191
0.3024,1.6191
0.3029,1.6191
0.3035,1.6191
0.3040,1.6191
0.3045,1.6191
0.3050,1.6242
0.3056,1.6191
0.3061,1.6242
0.3066,1.6191
0.3071,1.6191
0.3077,1.6242
0.3082,1.6191
0.3087,1.6191
0.3092,1.6242
0.3097,1.6242
0.3103,1.6191
0.3108,1.6242
0.3113,1.6191
0.3118,1.6242
0.3124,1.6191
0.3129,1.6191
0.3134,1.6191
0.3140,1.6242
0.3145,1.6242
0.3150,1.6242
0.3155,1.6242
0.3161,1.6242
0.3166,1.6191
0.3171,1.6242
0.3176,1.6242
0.3182,1.6242
0.3187,1.6242
0.3192,1.6191
0.3197,1.6242
0.3202,1.6242
0.3208,1.6242
0.3213,1.6191
0.3218,1.6242
0.3223,1.6191
0.3228,1.6242
0.3234,1.6242
0.3239,1.6242
0.3244,1.6191
0.3249,1.6191
0.3255,1.6191
0.3260,1.6242
0.3265,1.6191
0.3270,1.6191
0.3275,1.6242
0.3281,1.6191
0.3286,1.6191
0.3291,1.6242
0.3296,1.6242
0.3302,1.6242
0.3307,1.6191
0.3312,1.6141
0.3317,1.6191
0.3322,1.6191
0.3328,1.6242
0.3333,1.6242
0.3338,1.6191
0.3343,1.6191
0.3348,1.6141
0.3354,1.6191
0.3359,1.6292
0.3364,1.6242
0.3369,1.6242
0.3375,1.6141
0.3380,1.6141
0.3385,1.6191
0.3390,1.6191
0.3395,1.6242
0.3401,1.6242
0.3406,1.6242
0.3411,1.6242
0.3416,1.6191
0.3422,1.6191
0.3427,1.6191
0.3432,1.6141
0.3437,1.6242
0.3442,1.6242
0.3448,1.6242
0.3453,1.6191
0.3458,1.6242
0.3463,1.6242
0.3469,1.6242
0.3474,1.6242
0.3479,1.6242
0.3484,1.6242
0.3489,1.6242
0.3495,1.6242
0.3500,1.6242
0.3505,1.6191
0.3510,1.6242
0.3516,1.6242
0.3521,1.6242
0.3526,1.6191
0.3531,1.6242
0.3537,1.6242
0.3542,1.6292
0.3547,1.6191
0.3552,1.6191
0.3557,1.6191
0.3563,1.6242
0.3568,1.6242
0.3573,1.6191
0.3578,1.6242
0.3584,1.6242
0.3589,1.6191
0.3594,1.6242
0.3599,1.6242
0.3605,1.6191
0.3610,1.6242
0.3615,1.6191
0.3620,1.6242
0.3626,1.6191
0.3631,1.6242
0.3636,1.6242
0.3641,1.6242
0.3646,1.6292
0.3652,1.6242
0.3657,1.6191
0.3662,1.6242
0.3667,1.6242
0.3673,1.6191
0.3678,1.6242
0.3683,1.6191
0.3688,1.6242
0.3694,1.6242
0.3699,1.6242
0.3704,1.6242
0.3709,1.6191
0.3715,1.6242
0.3720,1.6242
0.3725,1.6191
0.3730,1.6191
0.3735,1.6242
0.3741,1.6242
0.3746,1.6242
0.3751,1.6191
0.3756,1.6242
0.3762,1.6191
0.3767,1.6242
0.3772,1.6141
0.3777,1.6242
0.3783,1.6242
0.3788,1.6191
0.3793,1.6242
0.3798,1.6191
0.3804,1.6191
0.3809,1.6292
0.3814,1.6242
0.3819,1.6242
0.3824,1.6141
0.3830,1.6242
0.3835,1.6242
0.3840,1.6242
0.3845,1.6191
0.3851,1.6191
0.3856,1.6242
0.3861,1.6242
0.3866,1.6191
0.3872,1.6242
0.3877,1.6191
0.3882,1.6242
0.3887,1.6242
0.3892,1.6191
0.3898,1.6191
0.3903,1.6191
0.3908,1.6191
0.3913,1.6242
0.3919,1.6242
0.3924,1.6242
0.3929,1.6242
0.3934,1.6191
0.3940,1.6191
0.3945,1.6191
0.3950,1.6191
0.3955,1.6191
0.3961,1.6191
0.3966,1.6242
0.3971,1.6242
0.3976,1.6141
0.3981,1.6141
0.3987,1.6141
0.3992,1.6242
0.3997,1.6191
0.4002,1.6242
0.4008,1.6242
0.4013,1.6242
0.4018,1.6191
0.4023,1.6242
0.4029,1.6191
0.4034,1.6191
0.4039,1.6242
0.4044,1.6191
0.4050,1.6242
0.4055,1.6191
0.4060,1.6191
0.4065,1.6242
0.4070,1.6242
0.4076,1.6242
0.4081,1.6191
0.4086,1.6242
0.4091,1.6242
0.4097,1.6242
0.4102,1.6242
0.4107,1.6242
0.4112,1.6242
0.4118,1.6242
0.4123,1.6242
0.4128,1.6242
0.4133,1.6242
0.4139,1.6191
0.4144,1.6191
0.4149,1.6191
0.4154,1.6191
0.4159,1.6242
0.4165,1.6191
0.4170,1.6242
0.4175,1.6242
0.4180,1.6242
0.4186,1.6242
0.4191,1.6242
0.4196,1.6242
0.4201,1.6242
0.4207,1.6191
0.4212,1.6242
0.4217,1.6242
0.4222,1.6191
0.4228,1.6242
0.4233,1.6191
0.4238,1.6191
0.4243,1.6242
0.4248,1.6242
0.4254,1.6242
0.4259,1.6191
0.4264,1.6242
0.4269,1.6191
0.4275,1.6242
0.4280,1.6242
0.4285,1.6242
0.4290,1.6242
0.4296,1.6242
0.4301,1.6242
0.4306,1.6242
0.4311,1.6191
0.4317,1.6191
0.4322,1.6242
0.4327,1.6191
0.4332,1.6242
0.4337,1.6242
0.4343,1.6191
0.4348,1.6242
0.4353,1.6191
0.4358,1.6191
0.4364,1.6141
0.4369,1.6191
0.4374,1.6242
0.4379,1.6191
0.4385,1.6191
0.4390,1.6242
0.4395,1.6242
0.4400,1.6242
0.4406,1.6191
0.4411,1.6191
0.4416,1.6242
0.4421,1.6191
0.4427,1.6242
0.4432,1.6191
0.4437,1.6191
0.4442,1.6191
0.4448,1.6141
0.4453,1.6191
0.4458,1.6242
0.4463,1.6292
0.4468,1.6242
0.4474,1.6191
0.4479,1.6191
0.4484,1.6242
0.4489,1.6191
0.4495,1.6242
0.4500,1.6242
0.4505,1.6242
0.4510,1.6242
0.4516,1.6242
0.4521,1.6242
0.4526,1.6242
0.4531,1.6242
0.4537,1.6191
0.4542,1.6242
0.4547,1.6242
0.4552,1.6242
0.4557,1.6242
0.4563,1.6141
0.4568,1.6191
0.4573,1.6242
0.4578,1.6141
0.4584,1.6141
0.4589,1.6141
0.4594,1.6242
0.4599,1.6242
0.4605,1.6242
0.4610,1.6242
0.4615,1.6242
0.4620,1.6242
0.4626,1.6242
0.4631,1.6242
0.4636,1.6242
0.4641,1.6242
0.4646,1.6191
0.4652,1.6242
0.4657,1.6191
0.4662,1.6191
0.4667,1.6191
0.4673,1.6242
0.4678,1.6242
0.4683,1.6242
0.4688,1.6141
0.4694,1.6141
0.4699,1.6191
0.4704,1.6191
0.4709,1.6242
0.4715,1.6191
0.4720,1.6242
0.4725,1.6242
0.4731,1.6242
0.4736,1.6141
0.4741,1.6191
0.4747,1.6191
0.4752,1.6242
0.4757,1.6191
0.4763,1.6242
0.4768,1.6191
0.4774,1.6242
0.4779,1.6191
0.4784,1.6242
0.4790,1.6242
0.4795,1.6191
0.4800,1.6191
0.4806,1.6191
0.4811,1.6242
0.4816,1.6242
0.4822,1.6242
0.4830,1.6191
0.4836,1.6191
0.4841,1.6242
0.4846,1.6191
0.4852,1.6191
0.4857,1.6141
0.4863,1.6242
0.4868,1.6191
0.4873,1.6242
0.4879,1.6191
0.4884,1.6191
0.4890,1.6191
0.4896,1.6191
0.4906,1.6191
0.4915,1.6141
0.4921,1.6191
0.4927,1.6242
0.4933,1.6191
0.4938,1.6141
0.4944,1.6242
0.4949,1.6242
0.4955,1.6191
0.4960,1.6242
0.4966,1.6242
0.4971,1.6191
0.4976,1.6191
0.4982,1.6191
0.4987,1.6242
0.4992,1.6242
0.4997,1.6242
0.5003,1.6242
0.5008,1.6191
0.5013,1.6242
0.5018,1.6242
0.5024,1.6191
0.5029,1.6141
0.5034,1.6242
0.5039,1.6242
0.5045,1.6242
0.5050,1.6141
0.5055,1.6242
0.5060,1.6191
0.5066,1.6191
0.5071,1.6191
0.5076,1.6191
0.5081,1.6191
0.5086,1.6191
0.5092,1.6191
0.5097,1.6191
0.5102,1.6242
0.5107,1.6191
0.5113,1.6242
0.5118,1.6242
0.5123,1.6242
0.5128,1.6191
0.5133,1.6191
0.5143,1.6191
0.5148,1.6191
0.5154,1.6242
0.5160,1.6242
0.5165,1.6191
0.5170,1.6191
0.5175,1.6242
0.5180,1.6242
0.5186,1.6242
0.5191,1.6242
0.5196,1.6242
0.5201,1.6242
0.5207,1.6191
0.5212,1.6242
0.5217,1.6191
0.5222,1.6242
0.5227,1.6242
0.5233,1.6191
0.5238,1.6242
0.5243,1.6242
0.5248,1.6191
0.5254,1.6191
0.5259,1.6242
0.5264,1.6191
0.5269,1.6191
0.5274,1.6191
0.5280,1.6191
0.5285,1.6191
0.5290,1.6242
0.5295,1.6141
0.5301,1.6191
0.5306,1.6191
0.5311,1.6191
0.5316,1.6242
0.5321,1.6242
0.5327,1.6191
0.5332,1.6191
0.5337,1.6191
0.5342,1.6191
0.5348,1.6242
0.5353,1.6242
0.5358,1.6191
0.5363,1.6242
0.5368,1.6141
0.5374,1.6242
0.5379,1.6242
0.5384,1.6242
0.5389,1.6191
0.5395,1.6242
0.5400,1.6292
0.5405,1.6242
0.5410,1.6242
0.5415,1.6242
0.5421,1.6191
0.5426,1.6191
0.5431,1.6191
0.5439,1.6242
0.5445,1.6242
0.5450,1.6191
0.5456,1.6242
0.5462,1.6242
0.5467,1.6242
0.5472,1.6242
0.5478,1.6242
0.5483,1.6242
0.5493,1.6141
0.5498,1.6141
0.5504,1.6191
0.5509,1.6191
0.5515,1.6242
0.5520,1.6242
0.5525,1.6242
0.5534,1.6191
0.5539,1.6242
0.5545,1.6191
0.5550,1.6242
0.5555,1.6242
0.5561,1.6242
0.5566,1.6191
0.5572,1.6141
0.5577,1.6242
0.5583,1.6191
0.5588,1.6191
0.5593,1.6242
0.5599,1.6191
0.5604,1.6191
0.5610,1.6191
0.5615,1.6242
0.5620,1.6191
0.5625,1.6242
0.5630,1.6191
0.5636,1.6242
0.5641,1.6141
0.5646,1.6242
0.5651,1.6242
0.5657,1.6242
0.5662,1.6242
0.5668,1.6191
0.5673,1.6191
0.5678,1.6191
0.5683,1.6191
0.5688,1.6191
0.5694,1.6242
0.5699,1.6191
0.5704,1.6141
0.5709,1.6242
0.5715,1.6191
0.5720,1.6191
0.5725,1.6242
0.5730,1.6242
0.5735,1.6191
0.5741,1.6141
0.5746,1.6191
0.5751,1.6191
0.5756,1.6191
0.5762,1.6242
0.5767,1.6242
0.5772,1.6191
0.5777,1.6242
0.5783,1.6242
0.5788,1.6191
0.5794,1.6191
0.5800,1.6191
0.5805,1.6242
0.5811,1.6191
0.5816,1.6242
0.5821,1.6141
0.5827,1.6191
0.5833,1.6191
0.5838,1.6242
0.5844,1.6242
0.5849,1.6191
0.5854,1.6242
0.5860,1.6242
0.5865,1.6242
0.5871,1.6191
0.5876,1.6242
0.5882,1.6141
0.5887,1.6242
0.5892,1.6191
0.5898,1.6242
0.5903,1.6191
0.5909,1.6242
0.5914,1.6242
0.5919,1.6242
0.5925,1.6141
0.5930,1.6191
0.5936,1.6242
0.5941,1.6242
0.5946,1.6141
0.5952,1.6191
0.5957,1.6141
0.5963,1.6191
0.5968,1.6191
0.5974,1.6191
0.5979,1.6242
0.5984,1.6191
0.5990,1.6191
0.5995,1.6242
0.6001,1.6242
0.6006,1.6242
0.6012,1.6242
0.6017,1.6191
0.6023,1.6191
0.6028,1.6191
0.6033,1.6191
0.6039,1.6242
0.6044,1.6242
0.6050,1.6242
0.6055,1.6191
0.6060,1.6191
0.6066,1.6242
0.6071,1.6191
0.6077,1.6191
0.6082,1.6191
0.6087,1.6242
0.6093,1.6141
0.6098,1.6242
0.6104,1.6191
0.6109,1.6242
0.6115,1.6242
0.6120,1.6242
0.6125,1.6191
0.6131,1.6191
0.6136,1.6191
0.6142,1.6242
0.6147,1.6191
0.6153,1.6242
0.6158,1.6191
0.6164,1.6242
0.6169,1.6191
0.6174,1.6242
0.6180,1.6242
0.6185,1.6242
0.6191,1.6242
0.6196,1.6191
0.6201,1.6191
0.6207,1.6191
0.6212,1.6191
0.6218,1.6191
0.6223,1.6191
0.6228,1.6191
0.6234,1.6191
0.6239,1.6242
0.6245,1.6242
0.6250,1.6191
0.6256,1.6242
0.6261,1.6242
0.6266,1.6141
0.6272,1.6242
0.6277,1.6242
0.6283,1.6242
0.6288,1.6141
0.6294,1.6242
0.6299,1.6242
0.6305,1.6242
0.6310,1.6242
0.6315,1.6191
0.6321,1.6191
0.6326,1.6242
0.6332,1.6242
0.6337,1.6191
0.6343,1.6242
0.6348,1.6191
0.6354,1.6191
0.6359,1.6242
0.6364,1.6242
0.6370,1.6242
0.6375,1.6242
0.6381,1.6191
0.6386,1.6191
0.6392,1.6191
0.6397,1.6242
0.6403,1.6242
0.6408,1.6191
0.6413,1.6191
0.6419,1.6242
0.6424,1.6191
0.6430,1.6191
0.6435,1.6191
0.6441,1.6242
0.6446,1.6191
0.6451,1.6191
0.6457,1.6242
0.6462,1.6242
0.6468,1.6242
0.6473,1.6242
0.6479,1.6191
0.6484,1.6191
0.6490,1.6191
0.6495,1.6191
0.6500,1.6191
0.6506,1.6191
0.6511,1.6242
0.6517,1.6141
0.6522,1.6141
0.6528,1.6191
0.6533,1.6191
0.6539,1.6191
0.6544,1.6242
0.6549,1.6191
0.6555,1.6242
0.6561,1.6242
0.6566,1.6242
0.6572,1.6191
0.6577,1.6191
0.6582,1.6191
0.6588,1.6191
0.6593,1.6242
0.6599,1.6191
0.6604,1.6242
0.6610,1.6191
0.6615,1.6191
0.6621,1.6141
0.6626,1.6242
0.6631,1.6242
0.6637,1.6191
0.6642,1.6191
0.6648,1.6242
0.6653,1.6191
0.6659,1.6242
0.6664,1.6191
0.6670,1.6242
0.6675,1.6191
0.6681,1.6242
0.6686,1.6242
0.6692,1.6242
0.6697,1.6242
0.6702,1.6191
0.6708,1.6242
0.6713,1.6242
0.6719,1.6242
0.6724,1.6242
0.6730,1.6191
0.6735,1.6191
0.6740,1.6242
0.6746,1.6191
0.6751,1.6242
0.6757,1.6141
0.6762,1.6242
0.6768,1.6242
0.6773,1.6242
0.6779,1.6191
0.6784,1.6242
0.6791,1.6242
0.6796,1.6242
0.6801,1.6191
0.6807,1.6242
0.6813,1.6242
0.6818,1.6242
0.6824,1.6242
0.6829,1.6191
0.6835,1.6242
0.6840,1.6242
0.6846,1.6191
0.6851,1.6242
0.6857,1.6191
0.6862,1.6242
0.6868,1.6242
0.6873,1.6191
0.6879,1.6242
0.6884,1.6141
0.6890,1.6191
0.6895,1.6191
0.6901,1.6242
0.6906,1.6242
0.6912,1.6191
0.6917,1.6242
0.6923,1.6242
0.6928,1.6191
0.6934,1.6242
0.6939,1.6191
0.6945,1.6242
0.6950,1.6191
0.6956,1.6191
0.6961,1.6191
0.6967,1.6191
0.6973,1.6242
0.6978,1.6191
0.6984,1.6191
0.6989,1.6191
0.6995,1.6141
0.7000,1.6242
0.7006,1.6191
0.7011,1.6191
0.7017,1.6242
0.7022,1.6242
0.7028,1.6242
0.7033,1.6242
0.7039,1.6242
0.7044,1.6191
0.7050,1.6242
0.7055,1.6191
0.7061,1.6242
0.7066,1.6191
0.7072,1.6242
0.7077,1.6242
0.7083,1.6191
0.7088,1.6191
0.7094,1.6242
0.7099,1.6242
0.7105,1.6191
0.7110,1.6242
0.7116,1.6141
0.7121,1.6141
0.7127,1.6191
0.7132,1.6191
0.7138,1.6191
0.7143,1.6242
0.7149,1.6191
0.7154,1.6141
0.7160,1.6242
0.7165,1.6191
0.7171,1.6191
0.7176,1.6242
0.7182,1.6242
0.7187,1.6191
0.7193,1.6191
0.7198,1.6242
0.7204,1.6242
0.7209,1.6242
0.7215,1.6191
0.7220,1.6191
0.7226,1.6191
0.7231,1.6242
0.7237,1.6242
0.7242,1.6141
0.7248,1.6242
0.7253,1.6191
0.7259,1.6191
0.7264,1.6242
0.7270,1.6242
0.7275,1.6242
0.7281,1.6242
0.7286,1.6191
0.7292,1.6191
0.7297,1.6191
0.7303,1.6191
0.7308,1.6242
0.7314,1.6242
0.7319,1.6191
0.7325,1.6242
0.7330,1.6242
0.7336,1.6191
0.7341,1.6191
0.7347,1.6191
0.7352,1.6242
0.7357,1.6191
0.7363,1.6191
0.7368,1.6242
0.7374,1.6191
0.7380,1.6191
0.7385,1.6242
0.7391,1.6191
0.7396,1.6191
0.7402,1.6191
0.7407,1.6242
0.7413,1.6191
0.7418,1.6242
0.7424,1.6141
0.7429,1.6191
0.7435,1.6191
0.7440,1.6191
0.7446,1.6191
0.7451,1.6292
0.7457,1.6141
0.7462,1.6242
0.7468,1.6242
0.7473,1.6242
0.7479,1.6191
0.7484,1.6191
0.7490,1.6242
0.7495,1.6191
0.7501,1.6191
0.7506,1.6191
0.7512,1.6242
0.7517,1.6191
0.7523,1.6141
0.7528,1.6242
0.7534,1.6242
0.7539,1.6191
0.7545,1.6191
0.7550,1.6242
0.7556,1.6191
0.7561,1.6242
0.7567,1.6242
0.7572,1.6191
0.7590,1.6242
0.7596,1.6242
0.7610,1.6242
0.7616,1.6141
0.7647,1.6242
0.7654,1.6191
0.7659,1.6191
0.7665,1.6242
0.7672,1.6242
0.7678,1.6242
0.7683,1.6191
0.7689,1.6141
0.7694,1.6191
0.7700,1.6242
0.7705,1.6191
0.7711,1.6191
0.7717,1.6191
0.7722,1.6242
0.7728,1.6242
0.7733,1.6191
0.7739,1.6242
0.7744,1.6191
0.7750,1.6191
0.7755,1.6191
0.7761,1.6242
0.7766,1.6242
0.7772,1.6242
0.7777,1.6191
0.7783,1.6242
0.7788,1.6191
0.7794,1.6242
0.7800,1.6191
0.7805,1.6191
0.7811,1.6141
0.7816,1.6242
0.7822,1.6242
0.7827,1.6242
0.7833,1.6242
0.7839,1.6242
0.7844,1.6191
0.7850,1.6191
0.7855,1.6242
0.7861,1.6191
0.7866,1.6242
0.7872,1.6191
0.7877,1.6191
0.7883,1.6191
0.7888,1.6242
0.7894,1.6242
0.7899,1.6191
0.7905,1.6191
0.7910,1.6141
0.7916,1.6191
0.7921,1.6191
0.7927,1.6191
0.7932,1.6191
0.7938,1.6191
0.7943,1.6191
0.7949,1.6191
0.7954,1.6191
0.7960,1.6242
0.7965,1.6191
0.7971,1.6191
0.7976,1.6191
0.7982,1.6242
0.7987,1.6191
0.7993,1.6242
0.7999,1.6242
0.8004,1.6242
0.8010,1.6191
0.8015,1.6141
0.8021,1.6191
0.8026,1.6242
0.8032,1.6191
0.8037,1.6191
0.8043,1.6141
0.8048,1.6242
0.8054,1.6191
0.8059,1.6242
0.8065,1.6191
0.8071,1.6242
0.8076,1.6141
0.8082,1.6191
0.8087,1.6242
0.8093,1.6141
0.8098,1.6242
0.8104,1.6242
0.8109,1.6191
0.8115,1.6191
0.8120,1.6191
0.8126,1.6242
0.8131,1.6191
0.8137,1.6242
0.8142,1.6141
0.8148,1.6191
0.8153,1.6242
0.8159,1.6191
0.8164,1.6191
0.8170,1.6191
0.8175,1.6242
0.8181,1.6242
0.8186,1.6191
0.8192,1.6191
0.8197,1.6191
0.8203,1.6141
0.8208,1.6191
0.8214,1.6141
0.8219,1.6191
0.8225,1.6191
0.8230,1.6191
0.8236,1.6242
0.8241,1.6141
0.8247,1.6191
0.8252,1.6242
0.8258,1.6242
0.8263,1.6242
0.8269,1.6191
0.8275,1.6242
0.8280,1.6141
0.8286,1.6191
0.8291,1.6242
0.8297,1.6191
0.8302,1.6242
0.8308,1.6191
0.8313,1.6191
0.8319,1.6242
0.8324,1.6191
0.8330,1.6242
0.8335,1.6242
0.8341,1.6141
0.8346,1.6242
0.8352,1.6191
0.8357,1.6191
0.8363,1.6141
0.8369,1.6242
0.8374,1.6191
0.8380,1.6191
0.8385,1.6191
0.8391,1.6191
0.8396,1.6191
0.8402,1.6191
0.8407,1.6191
0.8413,1.6191
0.8418,1.6141
0.8424,1.6191
0.8429,1.6141
0.8435,1.6191
0.8440,1.6191
0.8446,1.6191
0.8451,1.6242
0.8457,1.6191
0.8462,1.6191
0.8468,1.6191
0.8473,1.6191
0.8479,1.6191
0.8484,1.6242
0.8490,1.6191
0.8495,1.6191
0.8501,1.6141
0.8506,1.6242
0.8512,1.6191
0.8517,1.6141
0.8523,1.6191
0.8528,1.6191
0.8534,1.6242
0.8539,1.6191
0.8545,1.6242
0.8550,1.6191
0.8556,1.6191
0.8561,1.6191
0.8567,1.6191
0.8572,1.6141
0.8578,1.6242
0.8583,1.6191
0.8589,1.6242
0.8594,1.6191
0.8600,1.6242
0.8605,1.6191
0.8611,1.6242
0.8616,1.6191
0.8622,1.6141
0.8627,1.6191
0.8633,1.6191
0.8638,1.6191
0.8644,1.6242
0.8649,1.6242
0.8655,1.6191
0.8660,1.6191
0.8666,1.6191
0.8671,1.6242
0.8677,1.6191
0.8682,1.6191
0.8688,1.6191
0.8693,1.6191
0.8699,1.6242
0.8704,1.6191
0.8710,1.6191
0.8715,1.6242
0.8721,1.6242
0.8726,1.6191
0.8732,1.6191
0.8737,1.6242
0.8743,1.6191
0.8749,1.6191
0.8754,1.6242
0.8760,1.6242
0.8765,1.6191
0.8771,1.6191
0.8776,1.6141
0.8782,1.6242
0.8787,1.6242
0.8793,1.6191
0.8798,1.6191
0.8804,1.6141
0.8810,1.6191
0.8815,1.6242
0.8821,1.6242
0.8826,1.6191
0.8832,1.6242
0.8837,1.6242
0.8843,1.6191
0.8848,1.6242
0.8854,1.6242
0.8859,1.6191
0.8865,1.6242
0.8870,1.6191
0.8876,1.6141
0.8881,1.6242
0.8887,1.6191
0.8892,1.6242
0.8898,1.6242
0.8903,1.6242
0.8909,1.6242
0.8914,1.6242
0.8920,1.6191
0.8925,1.6141
0.8931,1.6191
0.8936,1.6191
0.8942,1.6242
0.8947,1.6242
0.8953,1.6191
0.8958,1.6191
0.8964,1.6191
0.8969,1.6191
0.8975,1.6191
0.8980,1.6242
0.8986,1.6191
0.8991,1.6191
0.8997,1.6141
0.9002,1.6191
0.9008,1.6191
0.9013,1.6242
0.9019,1.6191
0.9024,1.6242
0.9030,1.6191
0.9035,1.6191
0.9041,1.6191
0.9047,1.6242
0.9052,1.6242
0.9058,1.6242
0.9063,1.6191
0.9069,1.6242
0.9074,1.6191
0.9080,1.6191
0.9085,1.6141
0.9091,1.6141
0.9096,1.6242
0.9102,1.6242
0.9107,1.6141
0.9113,1.6242
0.9118,1.6191
0.9124,1.6191
0.9129,1.6242
0.9135,1.6141
0.9140,1.6191
0.9146,1.6242
0.9151,1.6141
0.9157,1.6141
0.9163,1.6191
0.9169,1.6191
0.9174,1.6242
0.9180,1.6141
0.9185,1.6242
0.9191,1.6191
0.9196,1.6191
0.9202,1.6191
0.9207,1.6191
0.9213,1.6242
0.9218,1.6191
0.9224,1.6242
0.9229,1.6242
0.9235,1.6191
0.9240,1.6191
0.9246,1.6141
0.9251,1.6242
0.9257,1.6242
0.9262,1.6191
0.9268,1.6191
0.9273,1.6191
0.9279,1.6242
0.9284,1.6191
0.9290,1.6191
0.9295,1.6141
0.9301,1.6242
0.9306,1.6242
0.9311,1.6141
0.9317,1.6191
0.9322,1.6191
0.9328,1.6191
0.9333,1.6242
0.9339,1.6191
0.9344,1.6242
0.9350,1.6191
0.9355,1.6191
0.9361,1.6191
0.9366,1.6191
0.9372,1.6191
0.9377,1.6191
0.9383,1.6242
0.9388,1.6191
0.9394,1.6191
0.9399,1.6191
0.9405,1.6141
0.9410,1.6242
0.9416,1.6191
0.9421,1.6191
0.9427,1.6242
0.9432,1.6191
0.9438,1.6242
0.9443,1.6242
0.9449,1.6191
0.9454,1.6242
0.9460,1.6191
0.9465,1.6191
0.9471,1.6242
0.9476,1.6191
0.9482,1.6141
0.9487,1.6191
0.9493,1.6191
0.9498,1.6141
0.9504,1.6191
0.9509,1.6242
0.9515,1.6191
0.9520,1.6191
0.9526,1.6242
0.9531,1.6191
0.9536,1.6191
0.9542,1.6141
0.9547,1.6191
0.9553,1.6242
0.9558,1.6191
0.9564,1.6242
0.9569,1.6191
0.9575,1.6242
0.9580,1.6141
0.9586,1.6191
0.9591,1.6191
0.9597,1.6191
0.9602,1.6191
0.9608,1.6242
0.9613,1.6191
0.9619,1.6191
0.9624,1.6191
0.9630,1.6242
0.9635,1.6191
0.9641,1.6191
0.9646,1.6191
0.9652,1.6242
0.9657,1.6191
0.9663,1.6191
0.9668,1.6191
0.9674,1.6191
0.9679,1.6242
0.9685,1.6141
0.9690,1.6141
0.9696,1.6191
0.9702,1.6242
0.9707,1.6141
0.9713,1.6242
0.9718,1.6191
0.9724,1.6191
0.9729,1.6191
0.9735,1.6242
0.9740,1.6191
0.9746,1.6141
0.9751,1.6191
0.9757,1.6191
0.9762,1.6242
0.9768,1.6191
0.9773,1.6242
0.9779,1.6191
0.9784,1.6191
0.9790,1.6242
0.9795,1.6191
0.9801,1.6141
0.9807,1.6242
0.9812,1.6191
0.9818,1.6242
0.9823,1.6242
0.9829,1.6242
0.9834,1.6191
0.9840,1.6242
0.9845,1.6141
0.9851,1.6242
0.9856,1.6191
0.9862,1.6191
0.9867,1.6191
0.9873,1.6191
0.9878,1.6191
0.9884,1.6191
0.9889,1.6242
0.9895,1.6242
0.9901,1.6141
0.9906,1.6191
0.9912,1.6191
0.9917,1.6191
0.9923,1.6191
0.9928,1.6242
0.9934,1.6242
0.9939,1.6191
0.9945,1.6191
0.9950,1.6191
0.9956,1.6242
0.9961,1.6141
0.9967,1.6191
0.9972,1.6191
0.9978,1.6242
0.9983,1.6191
0.9989,1.6242
0.9994,1.6191
1.0000,1.6242
1.0005,1.6242
1.0011,1.6191
1.0016,1.6242
1.0022,1.6191
1.0027,1.6242
1.0033,1.6191
1.0038,1.6242
1.0044,1.6242
1.0049,1.6191
1.0055,1.6191
1.0060,1.6191
1.0066,1.6191
1.0071,1.6191
1.0077,1.6242
1.0082,1.6191
1.0088,1.6191
1.0093,1.6242
1.0099,1.6191
1.0104,1.6242
1.0110,1.6191
1.0115,1.6141
1.0121,1.6191
1.0126,1.6242
1.0132,1.6191
1.0137,1.6191
1.0143,1.6191
1.0148,1.6191
1.0154,1.6242
1.0159,1.6191
1.0165,1.6191
1.0170,1.6191
1.0176,1.6242
1.0181,1.6242
1.0187,1.6191
1.0192,1.6191
1.0198,1.6191
1.0203,1.6191
1.0209,1.6191
1.0214,1.6242
1.0220,1.6191
1.0225,1.6191
1.0231,1.6191
1.0236,1.6242
1.0242,1.6242
1.0247,1.6242
1.0253,1.6191
1.0259,1.6242
1.0264,1.6191
1.0270,1.6141
1.0275,1.6191
1.0281,1.6191
1.0286,1.6242
1.0292,1.6191
1.0297,1.6191
1.0303,1.6191
1.0308,1.6191
1.0314,1.6242
1.0319,1.6191
1.0325,1.6191
1.0330,1.6242
1.0336,1.6242
1.0341,1.6191
1.0347,1.6242
1.0352,1.6242
1.0358,1.6191
1.0363,1.6191
1.0369,1.6191
1.0374,1.6191
1.0380,1.6191
1.0385,1.6242
1.0391,1.6242
1.0397,1.6191
1.0402,1.6141
1.0408,1.6191
1.0413,1.6191
1.0419,1.6191
1.0424,1.6242
1.0430,1.6191
1.0436,1.6191
1.0442,1.6191
1.0460,1.6191
1.0466,1.6191
1.0472,1.6242
1.0478,1.6242
1.0484,1.6191
1.0489,1.6191
1.0495,1.6191
1.0501,1.6242
1.0506,1.6191
1.0512,1.6242
1.0518,1.6242
1.0524,1.6191
1.0529,1.6242
1.0535,1.6242
1.0540,1.6242
1.0546,1.6242
1.0551,1.6191
1.0557,1.6191
1.0562,1.6141
1.0568,1.6141
1.0573,1.6191
1.0579,1.6242
1.0584,1.6242
1.0590,1.6191
1.0595,1.6191
1.0601,1.6191
1.0607,1.6191
1.0612,1.6191
1.0618,1.6242
1.0624,1.6242
1.0630,1.6242
1.0635,1.6191
1.0641,1.6242
1.0647,1.6191
1.0653,1.6242
1.0659,1.6191
1.0665,1.6191
1.0670,1.6191
1.0677,1.6141
1.0683,1.6191
1.0688,1.6191
1.0694,1.6191
1.0699,1.6191
1.0705,1.6141
1.0710,1.6242
1.0716,1.6242
1.0721,1.6242
1.0726,1.6191
1.0732,1.6191
1.0737,1.6191
1.0743,1.6242
1.0748,1.6191
1.0754,1.6242
1.0759,1.6191
1.0765,1.6191
1.0770,1.6191
1.0776,1.6242
1.0781,1.6242
1.0787,1.6242
1.0792,1.6242
1.0797,1.6191
1.0803,1.6141
1.0810,1.6242
1.0815,1.6141
1.0820,1.6242
1.0826,1.6242
1.0833,1.6191
1.0839,1.6191
1.0844,1.6242
1.0849,1.6242
1.0855,1.6191
1.0860,1.6191
1.0866,1.6191
1.0871,1.6191
1.0876,1.6191
1.0882,1.6242
1.0887,1.6191
1.0893,1.6191
1.0898,1.6242
1.0903,1.6242
1.0909,1.6191
1.0914,1.6242
1.0919,1.6191
1.0925,1.6191
1.0930,1.6242
1.0936,1.6191
1.0941,1.6191
1.0946,1.6242
1.0952,1.6191
1.0957,1.6141
1.0963,1.6242
1.0968,1.6191
1.0973,1.6191
1.0979,1.6141
1.0984,1.6242
1.0991,1.6191
1.0996,1.6191
1.1002,1.6242
1.1008,1.6141
1.1013,1.6242
1.1018,1.6242
1.1024,1.6191
1.1029,1.6191
1.1035,1.6191
1.1040,1.6191
1.1045,1.6242
1.1051,1.6141
1.1056,1.6141
1.1062,1.6191
1.1067,1.6242
1.1072,1.6191
1.1078,1.6191
1.1083,1.6191
1.1089,1.6191
1.1094,1.6191
1.1099,1.6191
1.1105,1.6242
1.1110,1.6191
1.1116,1.6242
1.1121,1.6242
1.1126,1.6141
1.1132,1.6242
1.1137,1.6191
1.1143,1.6242
1.1148,1.6141
1.1153,1.6191
1.1159,1.6191
1.1165,1.6191
1.1170,1.6242
1.1175,1.6141
1.1181,1.6191
1.1186,1.6141
1.1192,1.6191
1.1197,1.6141
1.1202,1.6191
1.1208,1.6242
1.1213,1.6191
1.1219,1.6242
1.1224,1.6242
1.1229,1.6191
1.1235,1.6191
1.1240,1.6242
1.1246,1.6191
1.1251,1.6242
1.1256,1.6191
1.1262,1.6141
1.1267,1.6242
1.1273,1.6191
1.1278,1.6191
1.1283,1.6141
1.1289,1.6242
1.1294,1.6141
1.1299,1.6191
1.1305,1.6191
1.1310,1.6242
1.1316,1.6191
1.1321,1.6191
1.1326,1.6191
1.1332,1.6141
1.1337,1.6191
1.1342,1.6242
1.1348,1.6242
1.1353,1.6191
1.1359,1.6141
1.1364,1.6242
1.1370,1.6191
1.1375,1.6191
1.1380,1.6242
1.1386,1.6191
1.1391,1.6191
1.1397,1.6242
1.1402,1.6242
1.1407,1.6191
1.1413,1.6191
1.1418,1.6242
1.1423,1.6141
1.1429,1.6242
1.1434,1.6242
1.1440,1.6191
1.1445,1.6191
1.1450,1.6242
1.1456,1.6191
1.1461,1.6191
1.1467,1.6191
1.1472,1.6191
1.1477,1.6141
1.1483,1.6191
1.1488,1.6191
1.1493,1.6191
1.1499,1.6242
1.1504,1.6191
1.1510,1.6191
1.1515,1.6141
1.1520,1.6191
1.1526,1.6141
1.1531,1.6242
1.1536,1.6191
1.1542,1.6141
1.1547,1.6141
1.1553,1.6191
1.1558,1.6191
1.1563,1.6191
1.1569,1.6242
1.1589,1.6191
1.1595,1.6242
1.1600,1.6191
1.1606,1.6191
1.1611,1.6191
1.1617,1.6191
1.1622,1.6191
1.1627,1.6242
1.1633,1.6141
1.1638,1.6191
1.1643,1.6242
1.1649,1.6191
1.1654,1.6242
1.1660,1.6191
1.1665,1.6191
1.1670,1.6191
1.1676,1.6242
1.1681,1.6191
1.1687,1.6242
1.1692,1.6191
1.1697,1.6141
1.1703,1.6242
1.1708,1.6141
1.1713,1.6242
1.1719,1.6242
1.1724,1.6191
1.1730,1.6191
1.1735,1.6242
1.1740,1.6191
1.1746,1.6191
1.1751,1.6191
1.1757,1.6141
1.1762,1.6191
1.1767,1.6242
1.1773,1.6191
1.1778,1.6191
1.1783,1.6242
1.1789,1.6242
1.1794,1.6191
1.1800,1.6191
1.1805,1.6191
1.1810,1.6141
1.1816,1.6191
1.1821,1.6141
1.1827,1.6191
1.1832,1.6191
1.1838,1.6191
1.1843,1.6191
1.1848,1.6242
1.1854,1.6141
1.1859,1.6191
1.1865,1.6191
1.1870,1.6242
1.1876,1.6191
1.1881,1.6191
1.1886,1.6141
1.1892,1.6191
1.1897,1.6242
1.1902,1.6191
1.1908,1.6191
1.1913,1.6242
1.1919,1.6242
1.1924,1.6191
1.1929,1.6141
1.1935,1.6191
1.1940,1.6242
1.1945,1.6141
1.1951,1.6242
1.1956,1.6191
1.1962,1.6191
1.1967,1.6191
1.1972,1.6191
1.1978,1.6191
1.1983,1.6191
1.1989,1.6242
1.1994,1.6191
1.1999,1.6242
1.2005,1.6242
1.2010,1.6242
1.2015,1.6191
1.2021,1.6191
1.2026,1.6191
1.2032,1.6242
1.2037,1.6242
1.2042,1.6242
1.2048,1.6191
1.2053,1.6191
1.2059,1.6141
1.2064,1.6242
1.2070,1.6191
1.2075,1.6191
1.2080,1.6191
1.2086,1.6242
1.2091,1.6191
1.2096,1.6191
1.2102,1.6191
1.2107,1.6191
1.2113,1.6242
1.2118,1.6191
1.2123,1.6242
1.2129,1.6191
1.2134,1.6141
1.2139,1.6191
1.2145,1.6191
1.2150,1.6191
1.2156,1.6191
1.2161,1.6191
1.2166,1.6242
1.2172,1.6242
1.2177,1.6242
1.2183,1.6242
1.2188,1.6141
1.2193,1.6191
1.2199,1.6191
1.2204,1.6242
1.2209,1.6191
1.2215,1.6191
1.2220,1.6141
1.2226,1.6191
1.2231,1.6141
1.2236,1.6191
1.2242,1.6191
1.2247,1.6191
1.2252,1.6191
1.2258,1.6191
1.2263,1.6141
1.2269,1.6242
1.2274,1.6242
1.2279,1.6191
1.2285,1.6242
1.2290,1.6191
1.2296,1.6191
1.2301,1.6242
1.2306,1.6242
1.2312,1.6242
1.2317,1.6191
1.2322,1.6242
1.2328,1.6191
1.2333,1.6191
1.2339,1.6191
1.2344,1.6191
1.2349,1.6242
1.2355,1.6141
1.2360,1.6191
1.2366,1.6191
1.2371,1.6242
1.2376,1.6191
1.2382,1.6191
1.2387,1.6242
1.2392,1.6242
1.2398,1.6191
1.2403,1.6191
1.2409,1.6242
1.2414,1.6191
1.2419,1.6242
1.2425,1.6191
1.2430,1.6141
1.2435,1.6191
1.2441,1.6191
1.2446,1.6242
1.2452,1.6191
1.2457,1.6191
1.2462,1.6191
1.2468,1.6242
1.2473,1.6191
1.2479,1.6191
1.2484,1.6191
1.2489,1.6191
1.2495,1.6242
1.2500,1.6191
1.2506,1.6141
1.2511,1.6191
1.2516,1.6191
1.2522,1.6242
1.2527,1.6242
1.2533,1.6191
1.2538,1.6191
1.2543,1.6191
1.2549,1.6191
1.2554,1.6242
1.2559,1.6191
1.2565,1.6191
1.2570,1.6191
1.2576,1.6191
1.2581,1.6191
1.2586,1.6242
1.2592,1.6141
1.2597,1.6191
1.2603,1.6191
1.2608,1.6191
1.2613,1.6191
1.2619,1.6242
1.2624,1.6191
1.2629,1.6191
1.2635,1.6191
1.2640,1.6242
1.2646,1.6191
1.2651,1.6191
1.2656,1.6191
1.2662,1.6191
1.2667,1.6191
1.2673,1.6141
1.2678,1.6242
1.2683,1.6242
1.2689,1.6141
1.2694,1.6191
1.2699,1.6191
1.2705,1.6191
1.2710,1.6242
1.2716,1.6191
1.2721,1.6141
1.2726,1.6242
1.2732,1.6191
1.2737,1.6141
1.2743,1.6191
1.2748,1.6242
1.2753,1.6191
1.2759,1.6191
1.2764,1.6191
1.2770,1.6191
1.2775,1.6191
1.2780,1.6141
1.2786,1.6191
1.2791,1.6191
1.2797,1.6141
1.2802,1.6191
1.2807,1.6191
1.2813,1.6242
1.2819,1.6242
1.2825,1.6191
1.2830,1.6191
1.2835,1.6191
1.2841,1.6191
1.2846,1.6242
1.2852,1.6141
1.2857,1.6191
1.2863,1.6191
1.2868,1.6141
1.2873,1.6242
1.2879,1.6141
1.2884,1.6242
1.2890,1.6191
1.2895,1.6191
1.2901,1.6141
1.2906,1.6191
1.2912,1.6242
1.2917,1.6191
1.2922,1.6191
1.2928,1.6191
1.2933,1.6191
1.2939,1.6141
1.2944,1.6191
1.2950,1.6191
1.2955,1.6242
1.2960,1.6191
1.2966,1.6242
1.2971,1.6191
1.2977,1.6191
1.2982,1.6191
1.2988,1.6191
1.2993,1.6191
1.2999,1.6191
1.3004,1.6141
1.3010,1.6191
1.3015,1.6242
1.3021,1.6242
1.3026,1.6191
1.3032,1.6242
1.3037,1.6141
1.3043,1.6191
1.3048,1.6141
1.3054,1.6191
1.3059,1.6191
1.3065,1.6191
1.3070,1.6242
1.3075,1.6191
1.3081,1.6191
1.3086,1.6191
1.3092,1.6191
1.3097,1.6242
1.3103,1.6242
1.3108,1.6141
1.3114,1.6242
1.3119,1.6141
1.3125,1.6191
1.3130,1.6191
1.3136,1.6141
1.3141,1.6191
1.3147,1.6191
1.3152,1.6242
1.3158,1.6191
1.3163,1.6141
1.3168,1.6191
1.3174,1.6141
1.3179,1.6242
1.3185,1.6191
1.3191,1.6191
1.3196,1.6191
1.3202,1.6191
1.3207,1.6191
1.3213,1.6242
1.3218,1.6191
1.3223,1.6242
1.3229,1.6191
1.3234,1.6191
1.3240,1.6191
1.3245,1.6191
1.3251,1.6242
1.3256,1.6191
1.3262,1.6191
1.3267,1.6191
1.3273,1.6141
1.3278,1.6191
1.3284,1.6242
1.3289,1.6191
1.3295,1.6191
1.3300,1.6141
1.3306,1.6191
1.3311,1.6191
1.3316,1.6242
1.3322,1.6191
1.3327,1.6191
1.3333,1.6191
1.3338,1.6242
1.3344,1.6191
1.3349,1.6191
1.3355,1.6191
1.3360,1.6191
1.3366,1.6191
1.3371,1.6191
1.3377,1.6191
1.3382,1.6242
1.3388,1.6191
1.3393,1.6191
1.3398,1.6141
1.3404,1.6191
1.3409,1.6242
1.3415,1.6191
1.3420,1.6242
1.3426,1.6191
1.3431,1.6191
1.3437,1.6191
1.3442,1.6191
1.3448,1.6191
1.3453,1.6191
1.3459,1.6191
1.3464,1.6191
1.3470,1.6191
1.3475,1.6191
1.3481,1.6191
1.3486,1.6242
1.3492,1.6141
1.3497,1.6242
1.3503,1.6191
1.3508,1.6191
1.3514,1.6242
1.3519,1.6191
1.3525,1.6191
1.3530,1.6191
1.3535,1.6191
1.3541,1.6141
1.3546,1.6242
1.3552,1.6191
1.3557,1.6191
1.3563,1.6191
1.3568,1.6141
1.3574,1.6191
1.3579,1.6191
1.3585,1.6191
1.3590,1.6191
1.3596,1.6242
1.3601,1.6191
1.3608,1.6191
1.3614,1.6191
1.3620,1.6191
1.3625,1.6242
1.3631,1.6191
1.3637,1.6191
1.3643,1.6242
1.3649,1.6191
1.3655,1.6242
1.3662,1.6191
1.3669,1.6242
1.3675,1.6191
1.3681,1.6242
1.3687,1.6191
1.3693,1.6191
1.3699,1.6242
1.3704,1.6242
1.3710,1.6191
1.3715,1.6242
1.3721,1.6191
1.3727,1.6141
1.3732,1.6191
1.3738,1.6191
1.3743,1.6242
1.3749,1.6141
1.3754,1.6191
1.3760,1.6242
1.3765,1.6141
1.3771,1.6191
1.3776,1.6191
1.3782,1.6191
1.3787,1.6191
1.3793,1.6242
1.3798,1.6191
1.3804,1.6191
1.3809,1.6141
1.3815,1.6242
1.3820,1.6242
1.3826,1.6191
1.3832,1.6242
1.3837,1.6191
1.3843,1.6191
1.3849,1.6242
1.3854,1.6191
1.3860,1.6191
1.3865,1.6242
1.3871,1.6191
1.3876,1.6191
1.3882,1.6191
1.3887,1.6242
1.3893,1.6242
1.3898,1.6191
1.3904,1.6191
1.3909,1.6191
1.3915,1.6191
1.3920,1.6191
1.3926,1.6191
1.3931,1.6242
1.3937,1.6191
1.3943,1.6191
1.3948,1.6191
1.3954,1.6191
1.3959,1.6141
1.3965,1.6191
1.3970,1.6191
1.3976,1.6191
1.3981,1.6191
1.3987,1.6191
1.3992,1.6191
1.3998,1.6191
1.4003,1.6242
1.4009,1.6191
1.4014,1.6242
1.4020,1.6141
1.4025,1.6191
1.4031,1.6242
1.4036,1.6191
1.4042,1.6191
1.4047,1.6242
1.4053,1.6141
1.4058,1.6191
1.4064,1.6242
1.4069,1.6191
1.4075,1.6191
1.4080,1.6141
1.4086,1.6191
1.4091,1.6191
1.4097,1.6191
1.4102,1.6191
1.4108,1.6191
1.4113,1.6191
1.4119,1.6191
1.4124,1.6242
1.4130,1.6242
1.4135,1.6191
1.4141,1.6191
1.4146,1.6242
1.4152,1.6191
1.4157,1.6141
1.4163,1.6191
1.4168,1.6141
1.4174,1.6141
1.4179,1.6141
1.4185,1.6191
1.4191,1.6242
1.4196,1.6141
1.4202,1.6141
1.4207,1.6191
1.4213,1.6242
1.4218,1.6191
1.4224,1.6242
1.4229,1.6242
1.4235,1.6191
1.4240,1.6191
1.4246,1.6191
1.4251,1.6141
1.4257,1.6141
1.4262,1.6191
1.4268,1.6242
1.4273,1.6191
1.4279,1.6242
1.4284,1.6191
1.4290,1.6191
1.4295,1.6191
1.4301,1.6242
1.4306,1.6242
1.4312,1.6141
1.4317,1.6191
1.4323,1.6242
1.4328,1.6242
1.4334,1.6191
1.4339,1.6242
1.4345,1.6191
1.4350,1.6191
1.4356,1.6191
1.4361,1.6191
1.4367,1.6242
1.4372,1.6141
1.4378,1.6242
1.4383,1.6242
1.4389,1.6191
1.4394,1.6242
1.4400,1.6242
1.4405,1.6191
1.4411,1.6242
1.4416,1.6191
1.4422,1.6191
1.4427,1.6191
1.4433,1.6242
1.4439,1.6141
1.4444,1.6191
1.4450,1.6242
1.4455,1.6191
1.4461,1.6191
1.4466,1.6242
1.4472,1.6242
1.4477,1.6191
1.4483,1.6191
1.4488,1.6191
1.4494,1.6191
1.4499,1.6191
1.4505,1.6242
1.4510,1.6242
1.4516,1.6242
1.4521,1.6242
1.4527,1.6191
1.4532,1.6141
1.4538,1.6242
1.4543,1.6191
1.4549,1.6141
1.4554,1.6191
1.4560,1.6191
1.4565,1.6191
1.4571,1.6191
1.4576,1.6191
1.4582,1.6191
1.4587,1.6191
1.4593,1.6242
1.4599,1.6141
1.4604,1.6191
1.4610,1.6191
1.4615,1.6242
1.4621,1.6191
1.4626,1.6191
1.4632,1.6191
1.4637,1.6242
1.4643,1.6191
1.4648,1.6191
1.4654,1.6191
1.4659,1.6191
1.4665,1.6242
1.4670,1.6242
1.4676,1.6242
1.4681,1.6141
1.4687,1.6191
1.4692,1.6191
1.4698,1.6191
1.4703,1.6191
1.4709,1.6242
1.4714,1.6242
1.4720,1.6191
1.4725,1.6242
1.4731,1.6191
1.4736,1.6141
1.4742,1.6191
1.4747,1.6242
1.4753,1.6191
1.4758,1.6141
1.4764,1.6242
1.4769,1.6191
1.4775,1.6242
1.4780,1.6191
1.4786,1.6191
1.4791,1.6191
1.4797,1.6191
1.4802,1.6191
1.4808,1.6191
1.4813,1.6191
1.4819,1.6242
1.4824,1.6191
1.4830,1.6141
1.4836,1.6191
1.4841,1.6191
1.4847,1.6141
1.4852,1.6191
1.4858,1.6191
1.4863,1.6191
1.4869,1.6141
1.4874,1.6191
1.4880,1.6191
1.4885,1.6141
1.4891,1.6191
1.4896,1.6191
1.4902,1.6191
1.4907,1.6191
1.4913,1.6191
1.4918,1.6191
1.4924,1.6191
1.4929,1.6242
1.4935,1.6191
1.4940,1.6242
1.4946,1.6191
1.4951,1.6191
1.4957,1.6242
1.4962,1.6242
1.4968,1.6242
1.4974,1.6191
1.4979,1.6191
1.4985,1.6191
1.4990,1.6191
1.4996,1.6191
1.5001,1.6191
1.5007,1.6191
1.5012,1.6242
1.5018,1.6141
1.5023,1.6191
1.5029,1.6191
1.5034,1.6141
1.5040,1.6191
1.5045,1.6242
1.5051,1.6191
1.5056,1.6141
1.5062,1.6191
1.5067,1.6191
1.5073,1.6191
1.5078,1.6191
1.5084,1.6141
1.5089,1.6191
1.5095,1.6191
1.5100,1.6141
1.5106,1.6141
1.5111,1.6242
1.5117,1.6242
1.5122,1.6141
1.5128,1.6191
1.5133,1.6191
1.5139,1.6191
1.5144,1.6191
1.5153,1.6191
1.5159,1.6191
1.5166,1.6191
1.5171,1.6191
1.5177,1.6191
1.5182,1.6191
1.5188,1.6191
1.5193,1.6191
1.5198,1.6191
1.5204,1.6191
1.5209,1.6191
1.5215,1.6191
1.5220,1.6191
1.5226,1.6191
1.5231,1.6242
1.5237,1.6191
1.5242,1.6191
1.5248,1.6191
1.5253,1.6191
1.5259,1.6242
1.5264,1.6191
1.5270,1.6191
1.5275,1.6191
1.5281,1.6191
1.5286,1.6191
1.5292,1.6191
1.5297,1.6191
1.5303,1.6191
1.5308,1.6191
1.5314,1.6141
1.5319,1.6242
1.5325,1.6191
1.5330,1.6242
1.5336,1.6191
1.5341,1.6191
1.5347,1.6242
1.5352,1.6191
1.5358,1.6191
1.5363,1.6191
1.5369,1.6242
1.5374,1.6191
1.5379,1.6191
1.5385,1.6242
1.5390,1.6141
1.5396,1.6191
1.5401,1.6191
1.5407,1.6191
1.5412,1.6242
1.5418,1.6242
1.5423,1.6191
1.5429,1.6191
1.5434,1.6242
1.5443,1.6191
1.5449,1.6242
1.5455,1.6141
1.5461,1.6242
1.5466,1.6191
1.5472,1.6141
1.5478,1.6191
1.5483,1.6191
1.5489,1.6191
1.5494,1.6191
1.5501,1.6191
1.5507,1.6191
1.5513,1.6191
1.5518,1.6191
1.5524,1.6191
1.5529,1.6191
1.5535,1.6191
1.5540,1.6191
1.5546,1.6191
1.5551,1.6191
1.5557,1.6191
1.5562,1.6191
1.5568,1.6242
1.5573,1.6242
1.5579,1.6191
1.5584,1.6141
1.5590,1.6191
1.5595,1.6242
1.5610,1.6191
1.5616,1.6191
1.5622,1.6242
1.5627,1.6191
1.5633,1.6191
1.5638,1.6191
1.5644,1.6191
1.5650,1.6191
1.5656,1.6191
1.5662,1.6191
1.5668,1.6141
1.5674,1.6191
1.5680,1.6141
1.5685,1.6242
1.5691,1.6191
1.5697,1.6242
1.5702,1.6191
1.5708,1.6191
1.5713,1.6191
1.5719,1.6191
1.5724,1.6242
1.5730,1.6242
1.5735,1.6141
1.5741,1.6191
1.5746,1.6141
1.5752,1.6191
1.5757,1.6141
1.5763,1.6141
1.5768,1.6141
1.5774,1.6191
1.5779,1.6141
1.5785,1.6191
1.5790,1.6191
1.5796,1.6191
1.5801,1.6191
1.5807,1.6242
1.5812,1.6191
1.5818,1.6191
1.5823,1.6191
1.5829,1.6191
1.5835,1.6191
1.5841,1.6141
1.5846,1.6191
1.5852,1.6191
1.5857,1.6191
1.5863,1.6191
1.5868,1.6191
1.5874,1.6191
1.5879,1.6242
1.5884,1.6191
1.5890,1.6141
1.5895,1.6191
1.5901,1.6141
1.5906,1.6191
1.5912,1.6191
1.5917,1.6191
1.5922,1.6191
1.5928,1.6191
1.5933,1.6191
1.5939,1.6242
1.5944,1.6191
1.5949,1.6141
1.5955,1.6242
1.5960,1.6191
1.5966,1.6191
1.5971,1.6242
1.5977,1.6191
1.5982,1.6191
1.5987,1.6242
1.5993,1.6141
1.5998,1.6191
1.6004,1.6191
1.6009,1.6191
1.6015,1.6141
1.6021,1.6242
1.6026,1.6191
1.6031,1.6191
1.6037,1.6191
1.6042,1.6191
1.6048,1.6242
1.6053,1.6191
1.6059,1.6191
1.6065,1.6191
1.6070,1.6191
1.6075,1.6191
1.6081,1.6191
1.6086,1.6191
1.6092,1.6191
1.6097,1.6191
1.6103,1.6191
1.6108,1.6191
1.6114,1.6191
1.6119,1.6191
1.6124,1.6141
1.6130,1.6191
1.6135,1.6191
1.6141,1.6191
1.6146,1.6191
1.6152,1.6191
1.6157,1.6191
1.6163,1.6141
1.6168,1.6191
1.6174,1.6141
1.6179,1.6242
1.6184,1.6191
1.6190,1.6191
1.6195,1.6191
1.6201,1.6191
1.6206,1.6191
1.6211,1.6191
1.6217,1.6242
1.6222,1.6191
1.6228,1.6191
1.6233,1.6191
1.6238,1.6191
1.6244,1.6141
1.6249,1.6191
1.6255,1.6242
1.6260,1.6191
1.6266,1.6191
1.6271,1.6191
1.6277,1.6191
1.6282,1.6191
1.6287,1.6191
1.6293,1.6242
1.6298,1.6191
1.6304,1.6242
1.6309,1.6191
1.6315,1.6191
1.6320,1.6191
1.6326,1.6242
1.6331,1.6191
1.6336,1.6141
1.6342,1.6191
1.6347,1.6141
1.6353,1.6191
1.6358,1.6242
1.6364,1.6242
1.6369,1.6191
1.6375,1.6191
1.6380,1.6141
1.6385,1.6242
1.6391,1.6191
1.6396,1.6191
1.6402,1.6191
1.6407,1.6191
1.6412,1.6242
1.6418,1.6191
1.6423,1.6141
1.6429,1.6141
1.6434,1.6191
1.6439,1.6242
1.6445,1.6242
1.6450,1.6191
1.6456,1.6191
1.6461,1.6191
1.6467,1.6141
1.6472,1.6191
1.6478,1.6191
1.6483,1.6191
1.6488,1.6141
1.6494,1.6191
1.6499,1.6141
1.6505,1.6242
1.6510,1.6191
1.6516,1.6242
1.6521,1.6242
1.6526,1.6191
1.6532,1.6141
1.6537,1.6191
1.6543,1.6191
1.6548,1.6141
1.6554,1.6191
1.6560,1.6191
1.6565,1.6191
1.6571,1.6141
1.6576,1.6242
1.6582,1.6191
1.6587,1.6141
1.6592,1.6191
1.6598,1.6191
1.6603,1.6141
1.6609,1.6242
1.6614,1.6191
1.6620,1.6191
1.6625,1.6191
1.6631,1.6191
1.6636,1.6191
1.6642,1.6191
1.6647,1.6242
1.6652,1.6191
1.6658,1.6191
1.6663,1.6191
1.6669,1.6242
1.6674,1.6191
1.6680,1.6191
1.6685,1.6141
1.6690,1.6191
1.6696,1.6191
1.6701,1.6141
1.6707,1.6242
1.6712,1.6141
1.6718,1.6191
1.6723,1.6191
1.6729,1.6191
1.6734,1.6191
1.6740,1.6191
1.6745,1.6191
1.6750,1.6191
1.6756,1.6242
1.6761,1.6141
1.6767,1.6191
1.6772,1.6242
1.6778,1.6191
1.6783,1.6191
1.6789,1.6141
1.6794,1.6191
1.6799,1.6141
1.6805,1.6191
1.6810,1.6191
1.6816,1.6141
1.6821,1.6191
1.6827,1.6242
1.6832,1.6191
1.6838,1.6191
1.6844,1.6191
1.6849,1.6191
1.6855,1.6191
1.6860,1.6191
1.6866,1.6191
1.6871,1.6191
1.6877,1.6141
1.6882,1.6191
1.6888,1.6242
1.6893,1.6191
1.6899,1.6191
1.6904,1.6242
1.6910,1.6242
1.6916,1.6191
1.6921,1.6141
1.6927,1.6242
1.6932,1.6191
1.6938,1.6141
1.6943,1.6191
1.6949,1.6191
1.6954,1.6191
1.6960,1.6242
1.6965,1.6242
1.6971,1.6191
1.6976,1.6141
1.6982,1.6191
1.6987,1.6191
1.6993,1.6141
1.6998,1.6191
1.7004,1.6191
1.7009,1.6191
1.7015,1.6191
1.7020,1.6191
1.7026,1.6141
1.7031,1.6191
1.7037,1.6191
1.7042,1.6191
1.7048,1.6191
1.7053,1.6191
1.7059,1.6191
1.7064,1.6191
1.7070,1.6191
1.7075,1.6141
1.7081,1.6191
1.7086,1.6191
1.7092,1.6141
1.7097,1.6191
1.7103,1.6191
1.7108,1.6191
1.7114,1.6191
1.7119,1.6242
1.7125,1.6242
1.7131,1.6191
1.7136,1.6191
1.7142,1.6191
1.7147,1.6242
1.7153,1.6191
1.7158,1.6191
1.7164,1.6191
1.7169,1.6141
1.7175,1.6191
1.7180,1.6242
1.7186,1.6191
1.7191,1.6141
1.7197,1.6191
1.7202,1.6242
1.7208,1.6141
1.7213,1.6191
1.7219,1.6242
1.7224,1.6191
1.7230,1.6191
1.7235,1.6191
1.7241,1.6191
1.7246,1.6242
1.7252,1.6191
1.7257,1.6191
1.7263,1.6191
1.7268,1.6191
1.7274,1.6242
1.7279,1.6191
1.7285,1.6191
1.7290,1.6191
1.7296,1.6191
1.7301,1.6242
1.7307,1.6191
1.7312,1.6191
1.7318,1.6191
1.7323,1.6191
1.7329,1.6191
1.7334,1.6141
1.7340,1.6242
1.7345,1.6242
1.7351,1.6242
1.7357,1.6191
1.7362,1.6191
1.7368,1.6242
1.7373,1.6191
1.7379,1.6191
1.7384,1.6191
1.7390,1.6191
1.7395,1.6191
1.7401,1.6191
1.7406,1.6191
1.7412,1.6191
1.7417,1.6191
1.7423,1.6191
1.7428,1.6141
1.7434,1.6242
1.7439,1.6242
1.7445,1.6141
1.7450,1.6242
1.7456,1.6242
1.7462,1.6191
1.7467,1.6191
1.7473,1.6191
1.7478,1.6242
1.7484,1.6242
1.7489,1.6191
1.7495,1.6191
1.7500,1.6191
1.7506,1.6191
1.7511,1.6191
1.7517,1.6191
1.7522,1.6191
1.7528,1.6191
1.7533,1.6191
1.7539,1.6191
1.7544,1.6141
1.7550,1.6191
1.7555,1.6191
1.7561,1.6141
1.7566,1.6141
1.7572,1.6141
1.7577,1.6191
1.7583,1.6242
1.7588,1.6141
1.7594,1.6191
1.7599,1.6242
1.7605,1.6191
1.7610,1.6191
1.7616,1.6191
1.7621,1.6191
1.7627,1.6191
1.7632,1.6242
1.7638,1.6242
1.7643,1.6191
1.7649,1.6191
1.7654,1.6141
1.7660,1.6191
1.7665,1.6191
1.7671,1.6191
1.7676,1.6191
1.7682,1.6191
1.7687,1.6191
1.7693,1.6191
1.7698,1.6242
1.7704,1.6191
1.7709,1.6242
1.7715,1.6141
1.7720,1.6191
1.7726,1.6191
1.7731,1.6242
1.7737,1.6141
1.7742,1.6191
1.7748,1.6191
1.7754,1.6191
1.7759,1.6191
1.7765,1.6141
1.7770,1.6191
1.7776,1.6191
1.7781,1.6191
1.7787,1.6141
1.7792,1.6191
1.7798,1.6191
1.7803,1.6191
1.7809,1.6191
1.7814,1.6191
1.7820,1.6191
1.7825,1.6191
1.7831,1.6191
1.7836,1.6191
1.7842,1.6191
1.7847,1.6191
1.7853,1.6191
1.7859,1.6191
1.7864,1.6191
1.7870,1.6242
1.7875,1.6191
1.7881,1.6191
1.7886,1.6141
1.7892,1.6191
1.7897,1.6191
1.7903,1.6191
1.7908,1.6191
1.7914,1.6191
1.7920,1.6141
1.7925,1.6191
1.7931,1.6191
1.7936,1.6191
1.7942,1.6242
1.7947,1.6191
1.7953,1.6191
1.7958,1.6191
1.7964,1.6191
1.7969,1.6191
1.7975,1.6242
1.7980,1.6141
1.7986,1.6191
1.7991,1.6141
1.7997,1.6191
1.8002,1.6191
1.8008,1.6242
1.8013,1.6191
1.8019,1.6191
1.8024,1.6191
1.8030,1.6191
1.8035,1.6191
1.8041,1.6191
1.8046,1.6191
1.8052,1.6191
1.8057,1.6191
1.8063,1.6191
1.8068,1.6242
1.8074,1.6141
1.8079,1.6191
1.8085,1.6191
1.8090,1.6191
1.8096,1.6191
1.8101,1.6191
1.8107,1.6242
1.8113,1.6242
1.8118,1.6191
1.8124,1.6141
1.8129,1.6191
1.8135,1.6141
1.8140,1.6191
1.8146,1.6191
1.8151,1.6191
1.8157,1.6191
1.8162,1.6191
1.8168,1.6242
1.8173,1.6191
1.8179,1.6191
1.8184,1.6242
1.8190,1.6242
1.8195,1.6191
1.8201,1.6191
1.8206,1.6191
1.8212,1.6141
1.8218,1.6191
1.8223,1.6191
1.8229,1.6191
1.8234,1.6191
1.8240,1.6191
1.8245,1.6191
1.8251,1.6191
1.8256,1.6191
1.8262,1.6191
1.8267,1.6191
1.8273,1.6141
1.8278,1.6141
1.8284,1.6191
1.8289,1.6191
1.8295,1.6141
1.8300,1.6191
1.8306,1.6191
1.8311,1.6141
1.8317,1.6191
1.8322,1.6191
1.8328,1.6141
1.8333,1.6191
1.8339,1.6191
1.8344,1.6191
1.8350,1.6191
1.8355,1.6191
1.8361,1.6191
1.8366,1.6242
1.8372,1.6141
1.8377,1.6242
1.8383,1.6141
1.8388,1.6191
1.8394,1.6191
1.8399,1.6191
1.8405,1.6191
1.8410,1.6242
1.8416,1.6191
1.8421,1.6242
1.8427,1.6242
1.8432,1.6191
1.8437,1.6191
1.8443,1.6141
1.8448,1.6191
1.8454,1.6191
1.8460,1.6191
1.8465,1.6191
1.8471,1.6191
1.8476,1.6242
1.8482,1.6191
1.8487,1.6191
1.8493,1.6242
1.8498,1.6242
1.8504,1.6141
1.8509,1.6191
1.8515,1.6191
1.8520,1.6242
1.8526,1.6191
1.8531,1.6242
1.8537,1.6191
1.8542,1.6191
1.8548,1.6191
1.8553,1.6141
1.8559,1.6191
1.8564,1.6191
1.8570,1.6242
1.8575,1.6141
1.8581,1.6191
1.8586,1.6191
1.8592,1.6141
1.8597,1.6242
1.8603,1.6191
1.8608,1.6191
1.8614,1.6191
1.8619,1.6191
1.8625,1.6191
1.8630,1.6191
1.8636,1.6191
1.8641,1.6191
1.8647,1.6191
1.8652,1.6191
1.8658,1.6191
1.8663,1.6191
1.8669,1.6242
1.8674,1.6191
1.8680,1.6191
1.8685,1.6191
1.8691,1.6141
1.8696,1.6191
1.8702,1.6242
1.8707,1.6191
1.8713,1.6191
1.8718,1.6242
1.8724,1.6242
1.8729,1.6141
1.8735,1.6191
1.8740,1.6191
1.8746,1.6141
1.8751,1.6191
1.8757,1.6191
1.8762,1.6191
1.8768,1.6191
1.8773,1.6191
1.8779,1.6191
1.8784,1.6141
1.8790,1.6191
1.8795,1.6191
1.8801,1.6191
1.8806,1.6191
1.8812,1.6242
1.8818,1.6141
1.8823,1.6191
1.8829,1.6141
1.8834,1.6242
1.8840,1.6191
1.8845,1.6191
1.8851,1.6191
1.8856,1.6191
1.8862,1.6191
1.8867,1.6141
1.8873,1.6191
1.8879,1.6191
1.8884,1.6242
1.8889,1.6191
1.8895,1.6191
1.8900,1.6141
1.8906,1.6191
1.8911,1.6191
1.8917,1.6141
1.8922,1.6191
1.8928,1.6141
1.8933,1.6191
1.8939,1.6191
1.8944,1.6242
1.8950,1.6191
1.8955,1.6191
1.8961,1.6191
1.8967,1.6191
1.8972,1.6191
1.8978,1.6191
1.8983,1.6191
1.8989,1.6191
1.8994,1.6191
1.9000,1.6191
1.9005,1.6141
1.9011,1.6242
1.9016,1.6191
1.9022,1.6191
1.9027,1.6191
1.9033,1.6191
1.9038,1.6191
1.9044,1.6191
1.9049,1.6242
1.9055,1.6191
1.9060,1.6191
1.9066,1.6191
1.9071,1.6242
1.9077,1.6191
1.9082,1.6191
1.9088,1.6141
1.9093,1.6191
1.9099,1.6191
1.9104,1.6242
1.9110,1.6141
1.9115,1.6141
1.9121,1.6191
1.9126,1.6191
1.9132,1.6191
1.9137,1.6191
1.9143,1.6191
1.9148,1.6191
1.9154,1.6191
1.9159,1.6191
1.9165,1.6141
1.9170,1.6141
1.9176,1.6191
1.9181,1.6191
1.9187,1.6191
1.9192,1.6141
1.9198,1.6191
1.9203,1.6141
1.9209,1.6141
1.9214,1.6191
1.9220,1.6191
1.9225,1.6191
1.9231,1.6191
1.9236,1.6191
1.9242,1.6191
1.9247,1.6191
1.9253,1.6141
1.9258,1.6191
1.9264,1.6141
1.9269,1.6191
1.9275,1.6191
1.9280,1.6242
1.9286,1.6141
1.9291,1.6191
1.9297,1.6191
1.9302,1.6191
1.9308,1.6191
1.9313,1.6191
1.9319,1.6191
1.9325,1.6242
1.9330,1.6191
1.9336,1.6242
1.9341,1.6191
1.9347,1.6191
1.9352,1.6191
1.9358,1.6191
1.9363,1.6191
1.9369,1.6191
1.9374,1.6191
1.9380,1.6191
1.9385,1.6191
1.9391,1.6242
1.9396,1.6242
1.9402,1.6191
1.9407,1.6191
1.9413,1.6141
1.9418,1.6191
1.9424,1.6191
1.9429,1.6191
1.9435,1.6141
1.9440,1.6191
1.9446,1.6191
1.9451,1.6141
1.9457,1.6191
1.9462,1.6191
1.9468,1.6191
1.9473,1.6141
1.9479,1.6191
1.9484,1.6141
1.9490,1.6191
1.9495,1.6191
1.9501,1.6141
1.9506,1.6191
1.9512,1.6191
1.9518,1.6191
1.9523,1.6242
1.9529,1.6191
1.9534,1.6191
1.9540,1.6242
1.9545,1.6191
1.9551,1.6191
1.9556,1.6191
1.9562,1.6191
1.9567,1.6191
1.9573,1.6191
1.9578,1.6191
1.9584,1.6191
1.9589,1.6191
1.9595,1.6191
1.9600,1.6141
1.9606,1.6191
1.9611,1.6191
1.9617,1.6191
1.9623,1.6191
1.9629,1.6191
1.9635,1.6191
1.9640,1.6242
1.9646,1.6191
1.9652,1.6191
1.9657,1.6242
1.9663,1.6191
1.9669,1.6191
1.9674,1.6141
1.9680,1.6141
1.9685,1.6191
1.9691,1.6191
1.9697,1.6191
1.9702,1.6191
1.9708,1.6191
1.9713,1.6141
1.9719,1.6191
1.9724,1.6191
1.9730,1.6191
1.9735,1.6191
1.9741,1.6242
1.9746,1.6242
1.9752,1.6242
1.9757,1.6191
1.9763,1.6191
1.9768,1.6242
1.9774,1.6141
1.9779,1.6191
1.9785,1.6191
1.9790,1.6191
1.9796,1.6191
1.9801,1.6141
1.9807,1.6141
1.9812,1.6191
1.9818,1.6191
1.9823,1.6242
1.9829,1.6191
1.9835,1.6191
1.9840,1.6191
1.9846,1.6191
1.9851,1.6191
1.9857,1.6242
1.9863,1.6191
1.9868,1.6191
1.9874,1.6191
1.9879,1.6242
1.9885,1.6191
1.9890,1.6191
1.9896,1.6191
1.9901,1.6242
1.9907,1.6242
1.9912,1.6191
1.9918,1.6191
1.9923,1.6191
1.9929,1.6191
1.9934,1.6191
1.9940,1.6191
1.9945,1.6141
1.9951,1.6191
1.9956,1.6141
1.9962,1.6191
1.9967,1.6191
1.9973,1.6191
1.9978,1.6141
1.9984,1.6242
1.9989,1.6191
1.9995,1.6141
2.0000,1.6191
2.0006,1.6191
2.0012,1.6191
2.0017,1.6191
2.0023,1.6141
2.0028,1.6141
2.0034,1.6141
2.0039,1.6191
2.0045,1.6191
2.0050,1.6191
2.0056,1.6242
2.0061,1.6191
2.0067,1.6191
2.0072,1.6191
2.0078,1.6191
2.0083,1.6191
2.0089,1.6191
2.0094,1.6141
2.0100,1.6191
2.0105,1.6191
2.0111,1.6141
2.0116,1.6191
2.0122,1.6141
2.0127,1.6191
2.0133,1.6191
2.0138,1.6191
2.0144,1.6191
2.0149,1.6191
2.0155,1.6191
2.0160,1.6242
2.0166,1.6191
2.0171,1.6242
2.0177,1.6141
2.0182,1.6191
2.0188,1.6242
2.0193,1.6242
2.0199,1.6141
2.0204,1.6191
2.0210,1.6191
2.0215,1.6191
2.0221,1.6191
2.0226,1.6141
2.0232,1.6191
2.0237,1.6141
2.0243,1.6141
2.0248,1.6191
2.0254,1.6191
2.0259,1.6191
2.0265,1.6191
2.0270,1.6141
2.0276,1.6191
2.0281,1.6191
2.0287,1.6141
2.0292,1.6191
2.0298,1.6141
2.0303,1.6141
2.0309,1.6191
2.0314,1.6191
2.0320,1.6191
2.0325,1.6141
2.0331,1.6191
2.0337,1.6191
2.0342,1.6191
2.0347,1.6141
2.0353,1.6141
2.0359,1.6141
2.0365,1.6141
2.0370,1.6191
2.0376,1.6191
2.0381,1.6191
2.0387,1.6191
2.0392,1.6242
2.0398,1.6141
2.0403,1.6191
2.0409,1.6191
2.0414,1.6141
2.0420,1.6191
2.0425,1.6191
2.0431,1.6191
2.0437,1.6191
2.0442,1.6191
2.0448,1.6191
2.0454,1.6191
2.0459,1.6191
2.0465,1.6191
2.0471,1.6191
2.0477,1.6191
2.0482,1.6191
2.0488,1.6191
2.0494,1.6191
2.0499,1.6191
2.0505,1.6242
2.0511,1.6191
2.0517,1.6191
2.0522,1.6191
2.0528,1.6242
2.0533,1.6191
2.0539,1.6191
2.0544,1.6141
2.0550,1.6191
2.0555,1.6141
2.0561,1.6191
2.0567,1.6191
2.0572,1.6191
2.0578,1.6191
2.0583,1.6191
2.0589,1.6191
2.0594,1.6141
2.0600,1.6191
2.0605,1.6191
2.0611,1.6191
2.0617,1.6191
2.0622,1.6191
2.0628,1.6191
2.0634,1.6191
2.0639,1.6191
2.0645,1.6191
2.0653,1.6191
2.0658,1.6242
2.0665,1.6191
2.0671,1.6191
2.0677,1.6191
2.0683,1.6141
2.0689,1.6191
2.0694,1.6141
2.0700,1.6191
2.0705,1.6191
2.0711,1.6141
2.0717,1.6191
2.0722,1.6191
2.0728,1.6191
2.0733,1.6191
2.0739,1.6191
2.0744,1.6141
2.0750,1.6191
2.0755,1.6191
2.0761,1.6191
2.0766,1.6191
2.0772,1.6191
2.0777,1.6191
2.0783,1.6191
2.0788,1.6141
2.0794,1.6141
2.0799,1.6242
2.0805,1.6191
2.0810,1.6141
2.0816,1.6141
2.0821,1.6242
2.0827,1.6191
2.0832,1.6191
2.0838,1.6242
2.0844,1.6242
2.0850,1.6191
2.0855,1.6191
2.0861,1.6191
2.0866,1.6191
2.0872,1.6242
2.0877,1.6191
2.0883,1.6191
2.0888,1.6141
2.0893,1.6242
2.0899,1.6191
2.0904,1.6191
2.0910,1.6191
2.0915,1.6242
2.0921,1.6191
2.0926,1.6191
2.0932,1.6191
2.0937,1.6191
2.0942,1.6191
2.0948,1.6242
2.0953,1.6191
2.0959,1.6242
2.0964,1.6191
2.0970,1.6242
2.0975,1.6191
2.0981,1.6191
2.0986,1.6242
2.0991,1.6191
2.0997,1.6191
2.1002,1.6141
2.1008,1.6191
2.1013,1.6191
2.1018,1.6191
2.1024,1.6191
2.1029,1.6141
2.1035,1.6191
2.1040,1.6191
2.1045,1.6141
2.1051,1.6191
2.1056,1.6191
2.1062,1.6191
2.1067,1.6191
2.1072,1.6191
2.1078,1.6191
2.1083,1.6191
2.1088,1.6242
2.1094,1.6141
2.1099,1.6191
2.1105,1.6191
2.1110,1.6191
2.1115,1.6141
2.1121,1.6191
2.1127,1.6242
2.1132,1.6191
2.1138,1.6191
2.1143,1.6191
2.1149,1.6141
2.1154,1.6191
2.1160,1.6191
2.1165,1.6191
2.1171,1.6191
2.1176,1.6191
2.1181,1.6191
2.1187,1.6242
2.1192,1.6141
2.1198,1.6141
2.1203,1.6191
2.1208,1.6191
2.1214,1.6141
2.1219,1.6191
2.1224,1.6141
2.1230,1.6191
2.1235,1.6191
2.1241,1.6141
2.1246,1.6191
2.1251,1.6242
2.1257,1.6141
2.1262,1.6191
2.1267,1.6141
2.1273,1.6191
2.1278,1.6191
2.1283,1.6242
2.1289,1.6191
2.1294,1.6191
2.1300,1.6191
2.1305,1.6191
2.1310,1.6191
2.1316,1.6242
2.1321,1.6141
2.1326,1.6141
2.1332,1.6242
2.1337,1.6191
2.1342,1.6141
2.1348,1.6191
2.1353,1.6141
2.1359,1.6191
2.1364,1.6191
2.1369,1.6191
2.1375,1.6141
2.1380,1.6141
2.1386,1.6191
2.1391,1.6191
2.1396,1.6141
2.1402,1.6191
2.1407,1.6141
2.1412,1.6191
2.1418,1.6242
2.1424,1.6191
2.1429,1.6141
2.1435,1.6242
2.1440,1.6191
2.1446,1.6191
2.1451,1.6191
2.1457,1.6242
2.1462,1.6191
2.1468,1.6191
2.1474,1.6191
2.1479,1.6191
2.1485,1.6191
2.1491,1.6191
2.1496,1.6191
2.1501,1.6191
2.1507,1.6191
2.1512,1.6191
2.1518,1.6191
2.1523,1.6191
2.1528,1.6141
2.1534,1.6191
2.1539,1.6242
2.1544,1.6191
2.1550,1.6191
2.1555,1.6242
2.1561,1.6191
2.1566,1.6191
2.1571,1.6191
2.1577,1.6191
2.1582,1.6191
2.1587,1.6242
2.1593,1.6191
2.1598,1.6191
2.1603,1.6191
2.1609,1.6191
2.1614,1.6191
2.1620,1.6141
2.1625,1.6242
2.1631,1.6191
2.1636,1.6191
2.1641,1.6191
2.1647,1.6141
2.1652,1.6242
2.1657,1.6191
2.1663,1.6191
2.1668,1.6191
2.1673,1.6191
2.1679,1.6141
2.1684,1.6191
2.1690,1.6191
2.1695,1.6191
2.1700,1.6191
2.1706,1.6242
2.1711,1.6191
2.1717,1.6191
2.1722,1.6242
2.1727,1.6191
2.1733,1.6141
2.1738,1.6191
2.1744,1.6141
2.1749,1.6242
2.1754,1.6191
2.1760,1.6191
2.1765,1.6242
2.1770,1.6191
2.1776,1.6191
2.1781,1.6191
2.1786,1.6191
2.1792,1.6141
2.1797,1.6191
2.1803,1.6191
2.1808,1.6141
2.1813,1.6191
2.1819,1.6191
2.1824,1.6141
2.1829,1.6242
2.1835,1.6191
2.1840,1.6242
2.1845,1.6191
2.1851,1.6141
2.1856,1.6191
2.1862,1.6191
2.1867,1.6191
2.1872,1.6242
2.1878,1.6141
2.1883,1.6191
2.1888,1.6191
2.1894,1.6191
2.1899,1.6191
2.1904,1.6191
2.1910,1.6191
2.1915,1.6242
2.1920,1.6141
2.1926,1.6191
2.1931,1.6191
2.1937,1.6191
2.1942,1.6191
2.1947,1.6191
2.1953,1.6191
2.1959,1.6242
2.1964,1.6191
2.1970,1.6191
2.1975,1.6191
2.1981,1.6191
2.1986,1.6191
2.1991,1.6191
2.1997,1.6191
2.2002,1.6141
2.2007,1.6191
2.2013,1.6191
2.2018,1.6191
2.2023,1.6191
2.2029,1.6191
2.2034,1.6141
2.2040,1.6191
2.2045,1.6191
2.2050,1.6191
2.2056,1.6242
2.2061,1.6191
2.2066,1.6242
2.2072,1.6191
2.2077,1.6191
2.2082,1.6191
2.2088,1.6141
2.2093,1.6191
2.2099,1.6242
2.2104,1.6191
2.2109,1.6191
2.2115,1.6191
2.2120,1.6141
2.2125,1.6191
2.2131,1.6191
2.2136,1.6191
2.2141,1.6191
2.2147,1.6191
2.2152,1.6191
2.2158,1.6242
2.2163,1.6191
2.2168,1.6242
2.2174,1.6141
2.2179,1.6191
2.2185,1.6191
2.2190,1.6191
2.2195,1.6242
2.2201,1.6191
2.2206,1.6191
2.2211,1.6191
2.2217,1.6191
2.2222,1.6191
2.2228,1.6141
2.2233,1.6191
2.2238,1.6191
2.2244,1.6141
2.2249,1.6191
2.2255,1.6191
2.2260,1.6191
2.2265,1.6191
2.2271,1.6191
2.2276,1.6191
2.2282,1.6191
2.2287,1.6191
2.2292,1.6191
2.2298,1.6191
2.2303,1.6191
2.2309,1.6141
2.2314,1.6191
2.2320,1.6141
2.2325,1.6141
2.2330,1.6191
2.2336,1.6141
2.2341,1.6191
2.2347,1.6141
2.2352,1.6191
2.2357,1.6191
2.2363,1.6191
2.2368,1.6191
2.2374,1.6191
2.2379,1.6191
2.2384,1.6191
2.2390,1.6242
2.2395,1.6191
2.2400,1.6242
2.2406,1.6141
2.2411,1.6191
2.2417,1.6141
2.2422,1.6191
2.2427,1.6141
2.2433,1.6191
2.2438,1.6242
2.2444,1.6141
2.2449,1.6242
2.2454,1.6141
2.2460,1.6191
2.2465,1.6141
2.2471,1.6242
2.2476,1.6191
2.2481,1.6191
2.2487,1.6191
2.2492,1.6191
2.2498,1.6191
2.2503,1.6191
2.2508,1.6141
2.2514,1.6191
2.2519,1.6141
2.2524,1.6242
2.2530,1.6242
2.2535,1.6191
2.2541,1.6191
2.2546,1.6191
2.2551,1.6242
2.2557,1.6191
2.2562,1.6191
2.2568,1.6191
2.2573,1.6141
2.2578,1.6191
2.2584,1.6191
2.2589,1.6141
2.2595,1.6191
2.2600,1.6141
2.2605,1.6141
2.2611,1.6191
2.2616,1.6191
2.2622,1.6191
2.2627,1.6191
2.2632,1.6191
2.2638,1.6191
2.2643,1.6191
2.2649,1.6191
2.2654,1.6191
2.2659,1.6242
2.2665,1.6141
2.2670,1.6191
2.2675,1.6191
2.2681,1.6191
2.2686,1.6191
2.2692,1.6141
2.2697,1.6191
2.2702,1.6191
2.2708,1.6191
2.2713,1.6191
2.2719,1.6191
2.2724,1.6191
2.2729,1.6141
2.2735,1.6242
2.2740,1.6191
2.2745,1.6191
2.2751,1.6191
2.2756,1.6191
2.2762,1.6191
2.2767,1.6191
2.2772,1.6141
2.2778,1.6191
2.2783,1.6191
2.2789,1.6191
2.2794,1.6141
2.2799,1.6141
2.2805,1.6191
2.2810,1.6141
2.2816,1.6141
2.2821,1.6191
2.2826,1.6191
2.2832,1.6141
2.2837,1.6191
2.2843,1.6191
2.2848,1.6191
2.2853,1.6191
2.2859,1.6191
2.2865,1.6191
2.2871,1.6191
2.2876,1.6191
2.2882,1.6191
2.2887,1.6191
2.2893,1.6141
2.2898,1.6191
2.2904,1.6191
2.2909,1.6191
2.2915,1.6191
2.2920,1.6191
2.2926,1.6191
2.2931,1.6191
2.2937,1.6242
2.2942,1.6191
2.2948,1.6141
2.2953,1.6191
2.2959,1.6191
2.2964,1.6191
2.2970,1.6191
2.2975,1.6141
2.2981,1.6191
2.2987,1.6141
2.2992,1.6141
2.2998,1.6191
2.3003,1.6191
2.3009,1.6141
2.3014,1.6141
2.3020,1.6191
2.3025,1.6191
2.3031,1.6191
2.3036,1.6141
2.3042,1.6191
2.3047,1.6141
2.3053,1.6191
2.3058,1.6191
2.3064,1.6191
2.3069,1.6191
2.3075,1.6191
2.3080,1.6191
2.3086,1.6191
2.3091,1.6141
2.3097,1.6141
2.3102,1.6191
2.3108,1.6191
2.3113,1.6141
2.3119,1.6191
2.3124,1.6191
2.3130,1.6191
2.3135,1.6191
2.3141,1.6141
2.3146,1.6191
2.3155,1.6141
2.3160,1.6141
2.3166,1.6191
2.3171,1.6141
2.3178,1.6191
2.3183,1.6191
2.3189,1.6141
2.3194,1.6191
2.3200,1.6191
2.3205,1.6191
2.3211,1.6191
2.3216,1.6242
2.3221,1.6191
2.3227,1.6191
2.3232,1.6141
2.3238,1.6191
2.3243,1.6141
2.3249,1.6191
2.3254,1.6191
2.3260,1.6242
2.3265,1.6191
2.3271,1.6191
2.3276,1.6141
2.3282,1.6191
2.3287,1.6191
2.3293,1.6191
2.3298,1.6191
2.3303,1.6242
2.3309,1.6191
2.3314,1.6141
2.3320,1.6191
2.3325,1.6191
2.3331,1.6141
2.3336,1.6191
2.3342,1.6191
2.3347,1.6191
2.3353,1.6191
2.3358,1.6141
2.3364,1.6191
2.3369,1.6141
2.3375,1.6141
2.3380,1.6191
2.3385,1.6141
2.3391,1.6191
2.3396,1.6242
2.3402,1.6191
2.3407,1.6191
2.3413,1.6191
2.3418,1.6191
2.3424,1.6191
2.3429,1.6191
2.3435,1.6191
2.3440,1.6191
2.3446,1.6191
2.3451,1.6191
2.3457,1.6191
2.3462,1.6191
2.3468,1.6191
2.3473,1.6141
2.3479,1.6141
2.3484,1.6191
2.3490,1.6191
2.3495,1.6191
2.3501,1.6191
2.3506,1.6141
2.3512,1.6141
2.3517,1.6141
2.3523,1.6191
2.3528,1.6191
2.3534,1.6141
2.3539,1.6191
2.3544,1.6191
2.3550,1.6191
2.3555,1.6141
2.3561,1.6191
2.3566,1.6242
2.3572,1.6191
2.3577,1.6191
2.3583,1.6191
2.3588,1.6191
2.3594,1.6191
2.3599,1.6191
2.3605,1.6141
2.3610,1.6191
2.3616,1.6141
2.3621,1.6141
2.3627,1.6191
2.3632,1.6191
2.3638,1.6141
2.3643,1.6191
2.3649,1.6191
2.3654,1.6242
2.3660,1.6191
2.3665,1.6191
2.3671,1.6191
2.3676,1.6191
2.3682,1.6191
2.3688,1.6191
2.3693,1.6191
2.3699,1.6242
2.3704,1.6191
2.3710,1.6191
2.3715,1.6242
2.3721,1.6191
2.3726,1.6141
2.3732,1.6191
2.3737,1.6191
2.3743,1.6191
2.3748,1.6191
2.3754,1.6242
2.3759,1.6191
2.3765,1.6191
2.3770,1.6242
2.3776,1.6141
2.3781,1.6191
2.3787,1.6141
2.3792,1.6191
2.3798,1.6191
2.3803,1.6191
2.3809,1.6191
2.3814,1.6191
2.3820,1.6191
2.3825,1.6191
2.3831,1.6191
2.3836,1.6191
2.3842,1.6191
2.3847,1.6191
2.3853,1.6141
2.3858,1.6141
2.3864,1.6191
2.3870,1.6191
2.3875,1.6191
2.3881,1.6141
2.3886,1.6141
2.3892,1.6141
2.3897,1.6242
2.3903,1.6191
2.3908,1.6141
2.3914,1.6191
2.3919,1.6191
2.3925,1.6141
2.3930,1.6141
2.3936,1.6242
2.3941,1.6191
2.3947,1.6141
2.3952,1.6242
2.3958,1.6141
2.3963,1.6191
2.3969,1.6191
2.3974,1.6191
2.3980,1.6191
2.3985,1.6191
2.3991,1.6191
2.3996,1.6191
2.4002,1.6191
2.4007,1.6191
2.4013,1.6191
2.4018,1.6191
2.4024,1.6191
2.4029,1.6191
2.4035,1.6141
2.4040,1.6141
2.4046,1.6191
2.4051,1.6191
2.4057,1.6141
2.4062,1.6191
2.4068,1.6191
2.4073,1.6191
2.4079,1.6191
2.4084,1.6191
2.4090,1.6242
2.4095,1.6141
2.4101,1.6191
2.4106,1.6141
2.4112,1.6191
2.4117,1.6141
2.4123,1.6191
2.4128,1.6191
2.4134,1.6191
2.4139,1.6191
2.4145,1.6191
2.4150,1.6141
2.4156,1.6141
2.4161,1.6191
2.4167,1.6191
2.4172,1.6141
2.4178,1.6141
2.4183,1.6191
2.4189,1.6191
2.4194,1.6191
2.4200,1.6191
2.4205,1.6141
2.4211,1.6191
2.4216,1.6191
2.4222,1.6141
2.4227,1.6191
2.4233,1.6191
2.4238,1.6191
2.4244,1.6191
2.4249,1.6191
2.4255,1.6191
2.4260,1.6191
2.4266,1.6191
2.4271,1.6191
2.4277,1.6141
2.4282,1.6141
2.4288,1.6191
2.4293,1.6191
2.4299,1.6191
2.4304,1.6191
2.4310,1.6191
2.4315,1.6191
2.4321,1.6191
2.4326,1.6191
2.4332,1.6191
2.4337,1.6191
2.4343,1.6141
2.4348,1.6191
2.4354,1.6242
2.4359,1.6191
2.4365,1.6191
2.4370,1.6141
2.4376,1.6141
2.4381,1.6141
2.4387,1.6191
2.4393,1.6191
2.4398,1.6242
2.4404,1.6191
2.4409,1.6191
2.4415,1.6191
2.4420,1.6191
2.4426,1.6191
2.4431,1.6242
2.4437,1.6141
2.4442,1.6191
2.4448,1.6141
2.4453,1.6191
2.4459,1.6191
2.4464,1.6191
2.4470,1.6141
2.4475,1.6191
2.4481,1.6191
2.4486,1.6141
2.4492,1.6191
2.4497,1.6191
2.4503,1.6191
2.4508,1.6191
2.4514,1.6141
2.4519,1.6141
2.4525,1.6191
2.4530,1.6191
2.4536,1.6141
2.4541,1.6191
2.4547,1.6191
2.4552,1.6191
2.4558,1.6191
2.4563,1.6141
2.4569,1.6191
2.4574,1.6191
2.4580,1.6191
2.4585,1.6141
2.4591,1.6191
2.4596,1.6191
2.4602,1.6191
2.4607,1.6242
2.4613,1.6141
2.4618,1.6191
2.4624,1.6191
2.4629,1.6191
2.4635,1.6141
2.4640,1.6191
2.4646,1.6191
2.4651,1.6191
2.4657,1.6191
2.4662,1.6191
2.4668,1.6141
2.4673,1.6191
2.4679,1.6191
2.4684,1.6191
2.4690,1.6141
2.4695,1.6191
2.4701,1.6191
2.4706,1.6191
2.4712,1.6141
2.4717,1.6191
2.4723,1.6141
2.4728,1.6191
2.4734,1.6191
2.4739,1.6191
2.4745,1.6141
2.4750,1.6191
2.4756,1.6141
2.4761,1.6191
2.4767,1.6191
2.4773,1.6191
2.4778,1.6191
2.4784,1.6191
2.4789,1.6191
2.4794,1.6191
2.4800,1.6191
2.4805,1.6191
2.4811,1.6191
2.4816,1.6191
2.4822,1.6191
2.4827,1.6141
2.4833,1.6242
2.4838,1.6191
2.4844,1.6191
2.4849,1.6191
2.4855,1.6242
2.4861,1.6141
2.4866,1.6191
2.4872,1.6191
2.4877,1.6191
2.4883,1.6191
2.4888,1.6141
2.4894,1.6191
2.4899,1.6191
2.4905,1.6191
2.4910,1.6141
2.4916,1.6141
2.4921,1.6191
2.4927,1.6141
2.4932,1.6191
2.4938,1.6191
2.4943,1.6141
2.4949,1.6191
2.4954,1.6191
2.4960,1.6191
2.4965,1.6191
2.4971,1.6191
2.4976,1.6191
2.4982,1.6141
2.4987,1.6191
2.4993,1.6191
2.4998,1.6191
2.5004,1.6141
2.5009,1.6191
2.5015,1.6191
2.5020,1.6191
2.5026,1.6141
2.5031,1.6191
2.5037,1.6191
2.5042,1.6141
2.5048,1.6191
2.5053,1.6191
2.5059,1.6191
2.5064,1.6191
2.5070,1.6191
2.5075,1.6191
2.5081,1.6141
2.5087,1.6191
2.5092,1.6191
2.5098,1.6141
2.5103,1.6242
2.5109,1.6242
2.5114,1.6191
2.5120,1.6191
2.5125,1.6191
2.5131,1.6191
2.5136,1.6191
2.5142,1.6191
2.5147,1.6141
2.5153,1.6191
2.5158,1.6141
2.5164,1.6191
2.5169,1.6191
2.5175,1.6191
2.5181,1.6141
2.5186,1.6141
2.5192,1.6141
2.5197,1.6191
2.5203,1.6191
2.5208,1.6191
2.5214,1.6191
2.5219,1.6191
2.5224,1.6141
2.5230,1.6191
2.5235,1.6191
2.5241,1.6191
2.5246,1.6141
2.5252,1.6191
2.5257,1.6191
2.5263,1.6191
2.5268,1.6191
2.5274,1.6191
2.5279,1.6191
2.5285,1.6191
2.5290,1.6141
2.5296,1.6191
2.5301,1.6191
2.5306,1.6191
2.5312,1.6191
2.5317,1.6141
2.5323,1.6191
2.5328,1.6141
2.5334,1.6242
2.5339,1.6191
2.5345,1.6191
2.5350,1.6191
2.5356,1.6191
2.5361,1.6141
2.5367,1.6191
2.5372,1.6191
2.5377,1.6191
2.5383,1.6191
2.5388,1.6141
2.5394,1.6242
2.5399,1.6191
2.5405,1.6242
2.5410,1.6191
2.5416,1.6191
2.5421,1.6191
2.5427,1.6191
2.5432,1.6141
2.5439,1.6141
2.5445,1.6141
2.5450,1.6191
2.5456,1.6242
2.5464,1.6191
2.5469,1.6191
2.5475,1.6191
2.5481,1.6141
2.5487,1.6191
2.5493,1.6191
2.5499,1.6191
2.5505,1.6191
2.5511,1.6191
2.5517,1.6191
2.5523,1.6191
2.5529,1.6141
2.5534,1.6191
2.5540,1.6141
2.5546,1.6191
2.5552,1.6191
2.5558,1.6191
2.5563,1.6191
2.5569,1.6191
2.5575,1.6141
2.5580,1.6141
2.5586,1.6141
2.5591,1.6191
2.5597,1.6191
2.5602,1.6191
2.5608,1.6191
2.5613,1.6191
2.5619,1.6191
2.5624,1.6191
2.5630,1.6141
2.5636,1.6141
2.5641,1.6191
2.5647,1.6191
2.5653,1.6141
2.5658,1.6141
2.5665,1.6242
2.5671,1.6141
2.5677,1.6141
2.5683,1.6191
2.5689,1.6191
2.5695,1.6191
2.5701,1.6191
2.5707,1.6191
2.5713,1.6191
2.5719,1.6141
2.5726,1.6191
2.5732,1.6191
2.5738,1.6191
2.5744,1.6191
2.5750,1.6191
2.5756,1.6141
2.5763,1.6191
2.5768,1.6191
2.5774,1.6141
2.5780,1.6141
2.5785,1.6191
2.5791,1.6191
2.5796,1.6191
2.5802,1.6191
2.5808,1.6191
2.5813,1.6141
2.5819,1.6191
2.5824,1.6191
2.5830,1.6191
2.5835,1.6191
2.5841,1.6191
2.5846,1.6191
2.5852,1.6141
2.5858,1.6191
2.5864,1.6191
2.5869,1.6191
2.5875,1.6191
2.5881,1.6191
2.5887,1.6191
2.5892,1.6191
2.5898,1.6141
2.5903,1.6191
2.5909,1.6141
2.5914,1.6191
2.5919,1.6191
2.5925,1.6191
2.5930,1.6141
2.5935,1.6141
2.5941,1.6191
2.5946,1.6191
2.5952,1.6141
2.5957,1.6191
2.5962,1.6141
2.5968,1.6191
2.5973,1.6191
2.5979,1.6141
2.5984,1.6191
2.5989,1.6191
2.5995,1.6191
2.6000,1.6141
2.6005,1.6191
2.6011,1.6191
2.6017,1.6191
2.6022,1.6191
2.6027,1.6191
2.6033,1.6141
2.6038,1.6191
2.6044,1.6191
2.6049,1.6141
2.6054,1.6141
2.6060,1.6191
2.6065,1.6191
2.6071,1.6141
2.6076,1.6191
2.6081,1.6191
2.6087,1.6141
2.6092,1.6191
2.6097,1.6191
2.6103,1.6191
2.6108,1.6191
2.6114,1.6191
2.6119,1.6191
2.6124,1.6191
2.6130,1.6191
2.6135,1.6141
2.6140,1.6191
2.6146,1.6191
2.6151,1.6141
2.6157,1.6141
2.6162,1.6191
2.6167,1.6191
2.6173,1.6191
2.6178,1.6191
2.6184,1.6191
2.6189,1.6191
2.6194,1.6141
2.6200,1.6191
2.6205,1.6141
2.6211,1.6141
2.6216,1.6191
2.6221,1.6191
2.6227,1.6191
2.6232,1.6242
2.6238,1.6141
2.6243,1.6141
2.6248,1.6141
2.6254,1.6191
2.6259,1.6141
2.6265,1.6191
2.6270,1.6191
2.6275,1.6141
2.6281,1.6191
2.6286,1.6191
2.6291,1.6191
2.6297,1.6141
2.6302,1.6242
2.6308,1.6191
2.6313,1.6191
2.6318,1.6191
2.6324,1.6191
2.6329,1.6141
2.6334,1.6191
2.6340,1.6141
2.6345,1.6141
2.6350,1.6141
2.6356,1.6242
2.6361,1.6191
2.6367,1.6191
2.6372,1.6141
2.6377,1.6191
2.6383,1.6191
2.6388,1.6191
2.6394,1.6141
2.6399,1.6191
2.6404,1.6141
2.6410,1.6191
2.6415,1.6141
2.6421,1.6141
2.6426,1.6191
2.6431,1.6191
2.6437,1.6191
2.6442,1.6141
2.6448,1.6242
2.6453,1.6191
2.6458,1.6141
2.6464,1.6191
2.6469,1.6191
2.6475,1.6141
2.6480,1.6191
2.6485,1.6191
2.6491,1.6191
2.6496,1.6242
2.6502,1.6141
2.6507,1.6191
2.6513,1.6191
2.6518,1.6141
2.6523,1.6191
2.6529,1.6191
2.6534,1.6191
2.6540,1.6191
2.6545,1.6191
2.6550,1.6191
2.6556,1.6191
2.6561,1.6242
2.6567,1.6191
2.6572,1.6191
2.6577,1.6191
2.6583,1.6141
2.6588,1.6141
2.6593,1.6191
2.6599,1.6141
2.6604,1.6191
2.6610,1.6191
2.6615,1.6191
2.6620,1.6141
2.6626,1.6141
2.6631,1.6191
2.6637,1.6191
2.6642,1.6141
2.6647,1.6191
2.6653,1.6191
2.6658,1.6141
2.6664,1.6141
2.6669,1.6191
2.6674,1.6191
2.6680,1.6191
2.6685,1.6191
2.6691,1.6141
2.6696,1.6191
2.6701,1.6191
2.6707,1.6141
2.6712,1.6191
2.6718,1.6191
2.6723,1.6141
2.6728,1.6191
2.6734,1.6191
2.6739,1.6191
2.6745,1.6191
2.6750,1.6191
2.6755,1.6191
2.6761,1.6191
2.6766,1.6141
2.6772,1.6191
2.6777,1.6191
2.6782,1.6141
2.6788,1.6191
2.6793,1.6141
2.6798,1.6141
2.6804,1.6191
2.6809,1.6191
2.6815,1.6191
2.6820,1.6141
2.6825,1.6191
2.6831,1.6191
2.6836,1.6191
2.6842,1.6141
2.6847,1.6191
2.6852,1.6191
2.6858,1.6191
2.6863,1.6141
2.6869,1.6191
2.6874,1.6141
2.6879,1.6191
2.6885,1.6141
2.6891,1.6191
2.6897,1.6141
2.6902,1.6191
2.6908,1.6141
2.6913,1.6242
2.6919,1.6191
2.6924,1.6191
2.6930,1.6191
2.6935,1.6191
2.6941,1.6141
2.6946,1.6141
2.6952,1.6191
2.6957,1.6141
2.6963,1.6191
2.6968,1.6141
2.6974,1.6191
2.6979,1.6191
2.6985,1.6242
2.6990,1.6141
2.6996,1.6191
2.7001,1.6191
2.7007,1.6141
2.7012,1.6141
2.7018,1.6141
2.7023,1.6191
2.7029,1.6191
2.7034,1.6141
2.7040,1.6191
2.7045,1.6191
2.7051,1.6141
2.7056,1.6191
2.7062,1.6191
2.7067,1.6191
2.7073,1.6141
2.7078,1.6191
2.7084,1.6141
2.7089,1.6191
2.7095,1.6191
2.7100,1.6191
2.7106,1.6141
2.7111,1.6191
2.7117,1.6191
2.7123,1.6141
2.7128,1.6191
2.7134,1.6191
2.7139,1.6191
2.7145,1.6191
2.7150,1.6191
2.7156,1.6191
2.7162,1.6141
2.7167,1.6191
2.7173,1.6191
2.7178,1.6191
2.7184,1.6191
2.7190,1.6191
2.7195,1.6191
2.7201,1.6191
2.7206,1.6191
2.7212,1.6141
2.7217,1.6191
2.7223,1.6191
2.7228,1.6191
2.7234,1.6191
2.7239,1.6141
2.7245,1.6191
2.7250,1.6191
2.7256,1.6191
2.7261,1.6191
2.7267,1.6191
2.7272,1.6191
2.7278,1.6191
2.7283,1.6191
2.7289,1.6191
2.7294,1.6191
2.7300,1.6141
2.7305,1.6242
2.7311,1.6191
2.7316,1.6191
2.7322,1.6141
2.7327,1.6191
2.7333,1.6242
2.7338,1.6141
2.7344,1.6191
2.7349,1.6141
2.7355,1.6141
2.7361,1.6141
2.7366,1.6191
2.7371,1.6141
2.7377,1.6191
2.7382,1.6191
2.7388,1.6191
2.7393,1.6191
2.7399,1.6141
2.7404,1.6141
2.7410,1.6141
2.7415,1.6191
2.7421,1.6141
2.7426,1.6191
2.7432,1.6191
2.7437,1.6191
2.7443,1.6242
2.7448,1.6141
2.7454,1.6191
2.7459,1.6141
2.7465,1.6191
2.7470,1.6191
2.7476,1.6191
2.7481,1.6191
2.7487,1.6191
2.7492,1.6191
2.7498,1.6191
2.7503,1.6141
2.7509,1.6191
2.7514,1.6141
2.7520,1.6191
2.7525,1.6141
2.7531,1.6141
2.7536,1.6191
2.7542,1.6191
2.7547,1.6141
2.7553,1.6191
2.7558,1.6141
2.7564,1.6141
2.7570,1.6141
2.7575,1.6191
2.7581,1.6141
2.7586,1.6141
2.7592,1.6141
2.7597,1.6191
2.7603,1.6191
2.7608,1.6191
2.7614,1.6191
2.7619,1.6191
2.7625,1.6191
2.7630,1.6191
2.7636,1.6191
2.7641,1.6191
2.7647,1.6141
2.7652,1.6191
2.7658,1.6141
2.7663,1.6191
2.7669,1.6191
2.7674,1.6191
2.7680,1.6141
2.7685,1.6141
2.7691,1.6191
2.7696,1.6141
2.7702,1.6191
2.7707,1.6141
2.7713,1.6191
2.7718,1.6141
2.7724,1.6191
2.7729,1.6141
2.7735,1.6191
2.7740,1.6191
2.7746,1.6141
2.7751,1.6141
2.7757,1.6191
2.7762,1.6191
2.7768,1.6191
2.7774,1.6191
2.7779,1.6191
2.7785,1.6141
2.7790,1.6191
2.7796,1.6141
2.7802,1.6191
2.7807,1.6141
2.7813,1.6191
2.7818,1.6191
2.7824,1.6141
2.7829,1.6191
2.7835,1.6191
2.7840,1.6191
2.7846,1.6141
2.7851,1.6191
2.7857,1.6191
2.7862,1.6191
2.7868,1.6141
2.7873,1.6191
2.7879,1.6191
2.7884,1.6191
2.7890,1.6191
2.7896,1.6191
2.7901,1.6141
2.7907,1.6191
2.7912,1.6191
2.7918,1.6191
2.7923,1.6191
2.7928,1.6141
2.7934,1.6191
2.7939,1.6141
2.7945,1.6191
2.7950,1.6191
2.7956,1.6191
2.7961,1.6191
2.7967,1.6191
2.7972,1.6191
2.7977,1.6191
2.7983,1.6191
2.7988,1.6141
2.7994,1.6191
2.7999,1.6242
2.8005,1.6141
2.8010,1.6242
2.8016,1.6141
2.8021,1.6191
2.8026,1.6141
2.8032,1.6141
2.8037,1.6191
2.8043,1.6141
2.8048,1.6191
2.8054,1.6191
2.8059,1.6141
2.8065,1.6191
2.8070,1.6191
2.8075,1.6141
2.8081,1.6191
2.8086,1.6141
2.8092,1.6141
2.8097,1.6191
2.8103,1.6141
2.8108,1.6191
2.8114,1.6191
2.8119,1.6141
2.8125,1.6191
2.8130,1.6191
2.8136,1.6191
2.8141,1.6141
2.8147,1.6141
2.8152,1.6191
2.8158,1.6191
2.8164,1.6141
2.8169,1.6191
2.8174,1.6242
2.8180,1.6141
2.8185,1.6242
2.8191,1.6141
2.8196,1.6191
2.8202,1.6191
2.8207,1.6141
2.8212,1.6191
2.8218,1.6141
2.8223,1.6191
2.8229,1.6191
2.8234,1.6191
2.8240,1.6242
2.8245,1.6191
2.8251,1.6191
2.8256,1.6090
2.8261,1.6191
2.8267,1.6141
2.8272,1.6191
2.8278,1.6141
2.8283,1.6191
2.8289,1.6141
2.8294,1.6191
2.8300,1.6191
2.8305,1.6141
2.8311,1.6191
2.8316,1.6141
2.8321,1.6141
2.8327,1.6191
2.8332,1.6191
2.8338,1.6191
2.8343,1.6191
2.8349,1.6141
2.8354,1.6191
2.8360,1.6242
2.8365,1.6141
2.8370,1.6141
2.8376,1.6141
2.8381,1.6191
2.8387,1.6141
2.8392,1.6191
2.8398,1.6191
2.8403,1.6141
2.8409,1.6242
2.8414,1.6191
2.8419,1.6191
2.8425,1.6191
2.8430,1.6191
2.8436,1.6191
2.8441,1.6191
2.8447,1.6141
2.8452,1.6191
2.8457,1.6191
2.8463,1.6191
2.8468,1.6191
2.8474,1.6191
2.8479,1.6141
2.8485,1.6191
2.8490,1.6141
2.8496,1.6191
2.8501,1.6191
2.8506,1.6191
2.8512,1.6191
2.8517,1.6191
2.8523,1.6141
2.8528,1.6191
2.8534,1.6191
2.8539,1.6191
2.8545,1.6141
2.8550,1.6191
2.8555,1.6141
2.8561,1.6191
2.8566,1.6141
2.8572,1.6141
2.8577,1.6191
2.8583,1.6191
2.8588,1.6141
2.8594,1.6191
2.8599,1.6191
2.8605,1.6191
2.8610,1.6191
2.8616,1.6141
2.8621,1.6191
2.8627,1.6191
2.8632,1.6191
2.8637,1.6191
2.8643,1.6191
2.8648,1.6141
2.8654,1.6191
2.8659,1.6191
2.8665,1.6191
2.8670,1.6141
2.8676,1.6191
2.8681,1.6191
2.8686,1.6191
2.8692,1.6191
2.8697,1.6191
2.8703,1.6141
2.8708,1.6191
2.8714,1.6141
2.8719,1.6242
2.8725,1.6191
2.8730,1.6141
2.8735,1.6141
2.8741,1.6141
2.8746,1.6141
2.8752,1.6191
2.8757,1.6191
2.8763,1.6191
2.8768,1.6191
2.8774,1.6191
2.8779,1.6191
2.8784,1.6141
2.8790,1.6191
2.8795,1.6141
2.8801,1.6141
2.8806,1.6191
2.8812,1.6191
2.8817,1.6191
2.8823,1.6141
2.8828,1.6191
2.8833,1.6141
2.8839,1.6141
2.8844,1.6191
2.8850,1.6191
2.8855,1.6141
2.8861,1.6191
2.8866,1.6141
2.8872,1.6191
2.8877,1.6191
2.8882,1.6191
2.8888,1.6191
2.8895,1.6191
2.8900,1.6141
2.8905,1.6191
2.8911,1.6141
2.8917,1.6141
2.8922,1.6191
2.8928,1.6191
2.8933,1.6141
2.8939,1.6141
2.8944,1.6191
2.8950,1.6191
2.8955,1.6191
2.8961,1.6242
2.8966,1.6191
2.8972,1.6141
2.8977,1.6141
2.8983,1.6191
2.8988,1.6141
2.8994,1.6191
2.8999,1.6141
2.9005,1.6191
2.9010,1.6191
2.9016,1.6191
2.9021,1.6191
2.9027,1.6191
2.9032,1.6141
2.9038,1.6191
2.9043,1.6191
2.9049,1.6141
2.9054,1.6191
2.9060,1.6191
2.9065,1.6191
2.9071,1.6191
2.9076,1.6191
2.9082,1.6141
2.9087,1.6191
2.9093,1.6191
2.9098,1.6141
2.9104,1.6141
2.9109,1.6141
2.9115,1.6191
2.9120,1.6141
2.9126,1.6141
2.9131,1.6191
2.9137,1.6191
2.9142,1.6141
2.9148,1.6191
2.9154,1.6191
2.9159,1.6191
2.9165,1.6191
2.9170,1.6191
2.9176,1.6191
2.9181,1.6191
2.9187,1.6191
2.9192,1.6191
2.9198,1.6191
2.9203,1.6191
2.9209,1.6191
2.9214,1.6191
2.9220,1.6191
2.9225,1.6191
2.9231,1.6191
2.9236,1.6141
2.9242,1.6191
2.9247,1.6191
2.9253,1.6141
2.9258,1.6191
2.9264,1.6242
2.9269,1.6141
2.9275,1.6191
2.9280,1.6242
2.9286,1.6141
2.9291,1.6191
2.9297,1.6191
2.9302,1.6191
2.9308,1.6141
2.9313,1.6191
2.9319,1.6191
2.9324,1.6191
2.9330,1.6242
2.9335,1.6141
2.9341,1.6141
2.9346,1.6141
2.9352,1.6141
2.9357,1.6141
2.9363,1.6191
2.9368,1.6141
2.9374,1.6191
2.9379,1.6141
2.9385,1.6191
2.9391,1.6141
2.9396,1.6141
2.9402,1.6191
2.9407,1.6191
2.9413,1.6141
2.9418,1.6191
2.9424,1.6141
2.9429,1.6191
2.9435,1.6141
2.9440,1.6191
2.9446,1.6191
2.9453,1.6191
2.9459,1.6191
2.9464,1.6191
2.9470,1.6191
2.9475,1.6191
2.9481,1.6141
2.9486,1.6191
2.9492,1.6191
2.9497,1.6191
2.9503,1.6141
2.9508,1.6191
2.9514,1.6141
2.9519,1.6141
2.9525,1.6191
2.9530,1.6141
2.9535,1.6191
2.9541,1.6141
2.9546,1.6141
2.9552,1.6191
2.9557,1.6191
2.9563,1.6141
2.9568,1.6191
2.9574,1.6141
2.9579,1.6191
2.9585,1.6141
2.9590,1.6191
2.9596,1.6191
2.9601,1.6191
2.9607,1.6141
2.9612,1.6191
2.9618,1.6141
2.9623,1.6191
2.9629,1.6191
2.9634,1.6141
2.9639,1.6191
2.9645,1.6141
2.9650,1.6191
2.9656,1.6141
2.9661,1.6191
2.9667,1.6141
2.9672,1.6141
2.9678,1.6141
2.9683,1.6191
2.9689,1.6141
2.9694,1.6141
2.9700,1.6191
2.9705,1.6141
2.9711,1.6141
2.9716,1.6191
2.9722,1.6191
2.9727,1.6141
2.9732,1.6191
2.9738,1.6191
2.9743,1.6191
2.9749,1.6191
2.9754,1.6242
2.9760,1.6141
2.9765,1.6191
2.9771,1.6191
2.9776,1.6141
2.9782,1.6141
2.9787,1.6141
2.9793,1.6191
2.9798,1.6141
2.9804,1.6191
2.9809,1.6191
2.9815,1.6191
2.9820,1.6191
2.9826,1.6191
2.9831,1.6191
2.9837,1.6141
2.9842,1.6141
2.9848,1.6141
2.9853,1.6191
2.9859,1.6191
2.9864,1.6141
2.9870,1.6191
2.9875,1.6141
2.9881,1.6141
2.9886,1.6141
2.9892,1.6141
2.9897,1.6191
2.9903,1.6191
2.9908,1.6191
2.9914,1.6191
2.9919,1.6090
2.9925,1.6191
2.9930,1.6141
2.9936,1.6191
2.9941,1.6141
2.9947,1.6141
2.9952,1.6141
2.9958,1.6141
2.9963,1.6191
2.9969,1.6141
2.9974,1.6191
2.9980,1.6141
2.9986,1.6191
2.9991,1.6141
2.9997,1.6191
3.0002,1.6191
3.0008,1.6191
3.0013,1.6191
3.0019,1.6191
3.0024,1.6191
3.0030,1.6141
3.0035,1.6191
3.0041,1.6191
3.0046,1.6141
3.0052,1.6191
3.0057,1.6141
3.0063,1.6191
3.0068,1.6141
3.0074,1.6191
3.0079,1.6141
3.0085,1.6191
3.0090,1.6191
3.0096,1.6191
3.0101,1.6191
3.0107,1.6191
3.0112,1.6141
3.0118,1.6141
3.0123,1.6141
3.0129,1.6191
3.0134,1.6141
3.0140,1.6191
3.0145,1.6191
3.0151,1.6141
3.0156,1.6191
3.0162,1.6191
3.0167,1.6141
3.0173,1.6191
3.0178,1.6191
3.0184,1.6191
3.0189,1.6191
3.0195,1.6191
3.0200,1.6141
3.0206,1.6191
3.0211,1.6191
3.0217,1.6141
3.0222,1.6141
3.0228,1.6141
3.0233,1.6191
3.0239,1.6141
3.0244,1.6191
3.0250,1.6141
3.0255,1.6141
3.0261,1.6191
3.0266,1.6141
3.0272,1.6191
3.0277,1.6191
3.0283,1.6191
3.0288,1.6191
3.0294,1.6242
3.0299,1.6191
3.0305,1.6191
3.0310,1.6141
3.0316,1.6191
3.0321,1.6141
3.0327,1.6191
3.0332,1.6191
3.0338,1.6191
3.0343,1.6191
3.0349,1.6191
3.0354,1.6191
3.0360,1.6191
3.0366,1.6191
3.0371,1.6191
3.0376,1.6141
3.0382,1.6191
3.0387,1.6141
3.0393,1.6141
3.0398,1.6191
3.0404,1.6191
3.0409,1.6141
3.0415,1.6191
3.0420,1.6141
3.0426,1.6191
3.0431,1.6141
3.0439,1.6191
3.0460,1.6141
3.0466,1.6141
3.0472,1.6141
3.0478,1.6141
3.0484,1.6191
3.0489,1.6191
3.0495,1.6191
3.0500,1.6191
3.0506,1.6242
3.0512,1.6191
3.0517,1.6141
3.0523,1.6191
3.0529,1.6191
3.0534,1.6191
3.0540,1.6191
3.0545,1.6191
3.0551,1.6191
3.0556,1.6191
3.0562,1.6191
3.0567,1.6141
3.0573,1.6191
3.0578,1.6191
3.0584,1.6141
3.0589,1.6191
3.0595,1.6141
3.0600,1.6191
3.0606,1.6191
3.0612,1.6141
3.0618,1.6191
3.0624,1.6191
3.0629,1.6191
3.0635,1.6191
3.0641,1.6191
3.0647,1.6141
3.0653,1.6141
3.0658,1.6191
3.0665,1.6141
3.0671,1.6141
3.0676,1.6141
3.0682,1.6141
3.0688,1.6191
3.0694,1.6191
3.0700,1.6191
3.0709,1.6191
3.0717,1.6141
3.0722,1.6141
3.0728,1.6141
3.0733,1.6191
3.0739,1.6191
3.0744,1.6141
3.0750,1.6141
3.0755,1.6191
3.0761,1.6141
3.0766,1.6141
3.0772,1.6191
3.0777,1.6191
3.0783,1.6141
3.0788,1.6191
3.0794,1.6141
3.0799,1.6191
3.0805,1.6141
3.0810,1.6191
3.0816,1.6191
3.0821,1.6191
3.0826,1.6191
3.0832,1.6191
3.0837,1.6141
3.0843,1.6141
3.0849,1.6191
3.0854,1.6191
3.0860,1.6141
3.0865,1.6191
3.0871,1.6141
3.0876,1.6191
3.0881,1.6141
3.0887,1.6191
3.0892,1.6191
3.0899,1.6141
3.0905,1.6191
3.0910,1.6191
3.0916,1.6191
3.0921,1.6141
3.0927,1.6141
3.0932,1.6191
3.0938,1.6191
3.0943,1.6191
3.0949,1.6191
3.0954,1.6191
3.0959,1.6191
3.0965,1.6191
3.0970,1.6141
3.0976,1.6191
3.0981,1.6141
3.0987,1.6191
3.0992,1.6191
3.0997,1.6141
3.1003,1.6141
3.1008,1.6191
3.1014,1.6141
3.1019,1.6141
3.1024,1.6191
3.1030,1.6141
3.1035,1.6141
3.1041,1.6242
3.1046,1.6141
3.1051,1.6141
3.1057,1.6191
3.1062,1.6191
3.1068,1.6191
3.1073,1.6141
3.1079,1.6191
3.1084,1.6191
3.1089,1.6141
3.1095,1.6191
3.1100,1.6191
3.1106,1.6141
3.1111,1.6191
3.1116,1.6191
3.1122,1.6191
3.1127,1.6141
3.1133,1.6191
3.1138,1.6141
3.1143,1.6141
3.1149,1.6141
3.1154,1.6141
3.1160,1.6191
3.1165,1.6141
3.1170,1.6191
3.1176,1.6191
3.1181,1.6141
3.1187,1.6191
3.1192,1.6141
3.1198,1.6141
3.1203,1.6191
3.1208,1.6191
3.1214,1.6141
3.1219,1.6191
3.1225,1.6191
3.1230,1.6191
3.1235,1.6191
3.1241,1.6141
3.1246,1.6191
3.1252,1.6191
3.1257,1.6191
3.1262,1.6141
3.1268,1.6141
3.1273,1.6141
3.1279,1.6141
3.1284,1.6191
3.1290,1.6141
3.1295,1.6191
3.1300,1.6141
3.1306,1.6191
3.1311,1.6191
3.1317,1.6191
3.1322,1.6141
3.1327,1.6191
3.1333,1.6191
3.1338,1.6141
3.1344,1.6141
3.1349,1.6191
3.1354,1.6191
3.1360,1.6191
3.1365,1.6191
3.1371,1.6141
3.1376,1.6141
3.1381,1.6191
3.1387,1.6191
3.1392,1.6191
3.1398,1.6141
3.1403,1.6141
3.1409,1.6191
3.1414,1.6141
3.1420,1.6191
3.1425,1.6242
3.1430,1.6191
3.1436,1.6141
3.1441,1.6141
3.1447,1.6191
3.1452,1.6141
3.1457,1.6191
3.1463,1.6191
3.1468,1.6191
3.1474,1.6191
3.1479,1.6191
3.1485,1.6191
3.1490,1.6191
3.1496,1.6191
3.1501,1.6141
3.1506,1.6191
3.1512,1.6141
3.1517,1.6191
3.1523,1.6141
3.1528,1.6191
3.1534,1.6141
3.1539,1.6191
3.1545,1.6141
3.1550,1.6191
3.1555,1.6191
3.1561,1.6191
3.1566,1.6191
3.1572,1.6191
3.1577,1.6141
3.1583,1.6141
3.1588,1.6191
3.1593,1.6191
3.1599,1.6191
3.1605,1.6141
3.1611,1.6242
3.1617,1.6191
3.1622,1.6141
3.1628,1.6191
3.1634,1.6191
3.1640,1.6191
3.1645,1.6141
3.1651,1.6191
3.1657,1.6141
3.1663,1.6191
3.1668,1.6191
3.1673,1.6191
3.1679,1.6191
3.1685,1.6191
3.1690,1.6191
3.1696,1.6141
3.1701,1.6191
3.1707,1.6191
3.1712,1.6141
3.1717,1.6141
3.1723,1.6191
3.1728,1.6191
3.1734,1.6141
3.1739,1.6141
3.1744,1.6141
3.1750,1.6191
3.1755,1.6141
3.1761,1.6191
3.1766,1.6191
3.1772,1.6191
3.1777,1.6191
3.1782,1.6141
3.1788,1.6141
3.1793,1.6191
3.1799,1.6141
3.1804,1.6141
3.1809,1.6191
3.1815,1.6191
3.1820,1.6191
3.1826,1.6191
3.1831,1.6141
3.1836,1.6191
3.1842,1.6141
3.1848,1.6141
3.1853,1.6191
3.1859,1.6191
3.1864,1.6141
3.1870,1.6191
3.1875,1.6191
3.1881,1.6141
3.1886,1.6191
3.1892,1.6191
3.1897,1.6141
3.1903,1.6191
3.1909,1.6141
3.1914,1.6191
3.1920,1.6191
3.1925,1.6141
3.1931,1.6191
3.1936,1.6191
3.1942,1.6141
3.1947,1.6191
3.1953,1.6141
3.1958,1.6191
3.1964,1.6191
3.1969,1.6191
3.1975,1.6141
3.1980,1.6141
3.1985,1.6141
3.1991,1.6191
3.1996,1.6141
3.2002,1.6191
3.2007,1.6191
3.2013,1.6191
3.2018,1.6191
3.2023,1.6141
3.2029,1.6191
3.2034,1.6191
3.2040,1.6191
3.2045,1.6191
3.2051,1.6191
3.2056,1.6141
3.2062,1.6141
3.2067,1.6191
3.2073,1.6191
3.2078,1.6191
3.2083,1.6141
3.2089,1.6191
3.2094,1.6191
3.2100,1.6191
3.2106,1.6191
3.2111,1.6141
3.2117,1.6191
3.2122,1.6141
3.2128,1.6191
3.2133,1.6141
3.2139,1.6141
3.2144,1.6141
3.2149,1.6141
3.2155,1.6141
3.2160,1.6141
3.2166,1.6141
3.2171,1.6141
3.2177,1.6191
3.2182,1.6191
3.2188,1.6191
3.2193,1.6141
3.2199,1.6141
3.2204,1.6191
3.2210,1.6191
3.2215,1.6191
3.2221,1.6141
3.2226,1.6141
3.2232,1.6191
3.2237,1.6191
3.2243,1.6191
3.2248,1.6090
3.2253,1.6141
3.2259,1.6191
3.2264,1.6191
3.2270,1.6191
3.2275,1.6191
3.2281,1.6191
3.2286,1.6191
3.2292,1.6191
3.2297,1.6191
3.2303,1.6191
3.2308,1.6191
3.2314,1.6191
3.2319,1.6191
3.2325,1.6141
3.2330,1.6191
3.2336,1.6141
3.2341,1.6191
3.2346,1.6141
3.2352,1.6141
3.2357,1.6141
3.2363,1.6141
3.2368,1.6191
3.2374,1.6141
3.2379,1.6191
3.2385,1.6191
3.2390,1.6191
3.2396,1.6191
3.2401,1.6141
3.2407,1.6242
3.2412,1.6191
3.2418,1.6191
3.2423,1.6242
3.2429,1.6191
3.2434,1.6141
3.2440,1.6191
3.2445,1.6141
3.2451,1.6141
3.2456,1.6141
3.2462,1.6141
3.2467,1.6141
3.2472,1.6191
3.2478,1.6191
3.2483,1.6191
3.2489,1.6191
3.2494,1.6141
3.2500,1.6191
3.2505,1.6141
3.2511,1.6191
3.2516,1.6141
3.2522,1.6191
3.2527,1.6191
3.2533,1.6191
3.2538,1.6141
3.2544,1.6191
3.2549,1.6191
3.2555,1.6191
3.2560,1.6191
3.2566,1.6141
3.2571,1.6191
3.2576,1.6191
3.2582,1.6191
3.2587,1.6191
3.2593,1.6191
3.2598,1.6191
3.2604,1.6141
3.2609,1.6141
3.2615,1.6141
3.2620,1.6191
3.2626,1.6191
3.2631,1.6191
3.2637,1.6191
3.2642,1.6141
3.2648,1.6191
3.2653,1.6191
3.2659,1.6191
3.2664,1.6141
3.2670,1.6191
3.2675,1.6191
3.2681,1.6191
3.2686,1.6191
3.2692,1.6191
3.2697,1.6191
3.2703,1.6141
3.2708,1.6141
3.2714,1.6191
3.2719,1.6141
3.2724,1.6191
3.2730,1.6191
3.2735,1.6191
3.2741,1.6191
3.2746,1.6141
3.2752,1.6191
3.2757,1.6191
3.2763,1.6141
3.2768,1.6191
3.2774,1.6191
3.2779,1.6141
3.2785,1.6141
3.2790,1.6141
3.2796,1.6141
3.2801,1.6191
3.2807,1.6141
3.2812,1.6191
3.2818,1.6191
3.2823,1.6191
3.2829,1.6191
3.2834,1.6191
3.2840,1.6242
3.2845,1.6141
3.2850,1.6191
3.2856,1.6191
3.2861,1.6141
3.2867,1.6191
3.2872,1.6141
3.2878,1.6141
3.2883,1.6191
3.2889,1.6191
3.2894,1.6191
3.2900,1.6141
3.2905,1.6191
3.2911,1.6191
3.2916,1.6191
3.2922,1.6141
3.2927,1.6141
3.2933,1.6191
3.2938,1.6191
3.2944,1.6191
3.2949,1.6141
3.2955,1.6141
3.2960,1.6141
3.2966,1.6191
3.2971,1.6191
3.2977,1.6191
3.2982,1.6141
3.2987,1.6191
3.2993,1.6191
3.2998,1.6141
3.3004,1.6141
3.3009,1.6191
3.3015,1.6090
3.3020,1.6191
3.3026,1.6191
3.3031,1.6141
3.3037,1.6141
3.3042,1.6191
3.3048,1.6191
3.3053,1.6141
3.3059,1.6141
3.3064,1.6191
3.3070,1.6141
3.3075,1.6191
3.3081,1.6191
3.3086,1.6141
3.3092,1.6141
3.3097,1.6191
3.3103,1.6141
3.3108,1.6191
3.3114,1.6141
3.3119,1.6141
3.3125,1.6141
3.3130,1.6141
3.3135,1.6191
3.3141,1.6191
3.3146,1.6191
3.3152,1.6141
3.3157,1.6141
3.3163,1.6141
3.3169,1.6141
3.3174,1.6141
3.3180,1.6191
3.3185,1.6191
3.3191,1.6191
3.3196,1.6141
3.3202,1.6191
3.3207,1.6141
3.3212,1.6191
3.3218,1.6141
3.3223,1.6191
3.3229,1.6141
3.3234,1.6141
3.3240,1.6141
3.3245,1.6141
3.3253,1.6141
3.3259,1.6191
3.3264,1.6191
3.3270,1.6141
3.3275,1.6191
3.3281,1.6191
3.3286,1.6191
3.3291,1.6141
3.3297,1.6191
3.3302,1.6141
3.3308,1.6191
3.3313,1.6191
3.3319,1.6191
3.3324,1.6141
3.3330,1.6191
3.3335,1.6141
3.3340,1.6191
3.3346,1.6191
3.3351,1.6191
3.3357,1.6141
3.3362,1.6141
3.3371,1.6141
3.3377,1.6141
3.3382,1.6141
3.3388,1.6191
3.3393,1.6141
3.3398,1.6191
3.3404,1.6141
3.3409,1.6191
3.3415,1.6141
3.3420,1.6141
3.3426,1.6141
3.3431,1.6242
3.3437,1.6141
3.3442,1.6191
3.3448,1.6141
3.3453,1.6242
3.3459,1.6191
3.3464,1.6191
3.3470,1.6191
3.3475,1.6141
3.3481,1.6191
3.3486,1.6191
3.3491,1.6141
3.3497,1.6141
3.3503,1.6141
3.3508,1.6191
3.3513,1.6191
3.3519,1.6141
3.3524,1.6141
3.3530,1.6191
3.3535,1.6191
3.3541,1.6141
3.3546,1.6141
3.3552,1.6191
3.3557,1.6191
3.3562,1.6141
3.3568,1.6141
3.3573,1.6191
3.3579,1.6141
3.3584,1.6191
3.3590,1.6191
3.3595,1.6141
3.3601,1.6191
3.3606,1.6141
3.3612,1.6191
3.3617,1.6141
3.3623,1.6191
3.3628,1.6141
3.3634,1.6191
3.3639,1.6141
3.3645,1.6191
3.3650,1.6191
3.3656,1.6141
3.3661,1.6191
3.3666,1.6191
3.3672,1.6141
3.3677,1.6191
3.3683,1.6141
3.3688,1.6191
3.3694,1.6191
3.3699,1.6191
3.3705,1.6141
3.3710,1.6191
3.3715,1.6141
3.3721,1.6141
3.3726,1.6191
3.3732,1.6141
3.3737,1.6191
3.3743,1.6191
3.3748,1.6191
3.3754,1.6191
3.3760,1.6191
3.3765,1.6141
3.3771,1.6191
3.3776,1.6141
3.3782,1.6191
3.3787,1.6191
3.3793,1.6141
3.3798,1.6191
3.3804,1.6141
3.3809,1.6191
3.3815,1.6191
3.3820,1.6141
3.3826,1.6191
3.3831,1.6141
3.3837,1.6191
3.3842,1.6141
3.3847,1.6191
3.3853,1.6141
3.3858,1.6191
3.3864,1.6191
3.3870,1.6141
3.3875,1.6191
3.3881,1.6141
3.3886,1.6141
3.3891,1.6090
3.3897,1.6191
3.3902,1.6141
3.3908,1.6191
3.3913,1.6191
3.3919,1.6141
3.3925,1.6191
3.3930,1.6141
3.3936,1.6191
3.3941,1.6191
3.3946,1.6141
3.3952,1.6141
3.3957,1.6141
3.3963,1.6141
3.3968,1.6141
3.3974,1.6141
3.3979,1.6191
3.3985,1.6191
3.3990,1.6191
3.3996,1.6141
3.4001,1.6191
3.4007,1.6141
3.4012,1.6191
3.4018,1.6191
3.4023,1.6191
3.4029,1.6191
3.4034,1.6191
3.4039,1.6141
3.4045,1.6191
3.4050,1.6191
3.4056,1.6191
3.4061,1.6141
3.4067,1.6141
3.4072,1.6191
3.4078,1.6141
3.4083,1.6191
3.4089,1.6141
3.4094,1.6191
3.4100,1.6141
3.4105,1.6141
3.4111,1.6141
3.4116,1.6191
3.4122,1.6191
3.4127,1.6191
3.4145,1.6191
3.4151,1.6191
3.4156,1.6141
3.4162,1.6141
3.4167,1.6191
3.4173,1.6141
3.4178,1.6191
3.4183,1.6191
3.4189,1.6141
3.4194,1.6242
3.4200,1.6090
3.4205,1.6191
3.4211,1.6191
3.4216,1.6141
3.4222,1.6191
3.4227,1.6191
3.4233,1.6141
3.4239,1.6141
3.4244,1.6141
3.4249,1.6191
3.4255,1.6191
3.4260,1.6141
3.4266,1.6191
3.4271,1.6141
3.4277,1.6141
3.4282,1.6191
3.4288,1.6191
3.4293,1.6090
3.4298,1.6191
3.4304,1.6141
3.4309,1.6141
3.4315,1.6141
3.4320,1.6191
3.4326,1.6191
3.4331,1.6141
3.4336,1.6191
3.4342,1.6191
3.4347,1.6141
3.4353,1.6141
3.4358,1.6191
3.4364,1.6141
3.4369,1.6141
3.4375,1.6191
3.4380,1.6141
3.4385,1.6141
3.4391,1.6191
3.4396,1.6141
3.4402,1.6191
3.4407,1.6191
3.4413,1.6141
3.4418,1.6141
3.4423,1.6141
3.4429,1.6141
3.4434,1.6141
3.4440,1.6191
3.4445,1.6141
3.4451,1.6242
3.4456,1.6191
3.4462,1.6141
3.4467,1.6191
3.4473,1.6191
3.4478,1.6141
3.4484,1.6191
3.4489,1.6191
3.4494,1.6191
3.4500,1.6141
3.4505,1.6191
3.4511,1.6191
3.4516,1.6191
3.4522,1.6191
3.4527,1.6191
3.4533,1.6141
3.4538,1.6191
3.4544,1.6141
3.4549,1.6242
3.4555,1.6141
3.4560,1.6191
3.4566,1.6141
3.4571,1.6191
3.4577,1.6191
3.4582,1.6191
3.4587,1.6141
3.4593,1.6191
3.4598,1.6141
3.4604,1.6191
3.4609,1.6191
3.4615,1.6191
3.4620,1.6141
3.4626,1.6191
3.4631,1.6191
3.4637,1.6191
3.4642,1.6141
3.4648,1.6141
3.4653,1.6141
3.4659,1.6141
3.4664,1.6141
3.4670,1.6141
3.4675,1.6191
3.4681,1.6141
3.4686,1.6141
3.4692,1.6141
3.4697,1.6191
3.4708,1.6141
3.4714,1.6191
3.4719,1.6191
3.4725,1.6191
3.4730,1.6141
3.4740,1.6191
3.4745,1.6141
3.4751,1.6141
3.4756,1.6141
3.4762,1.6191
3.4767,1.6141
3.4773,1.6141
3.4778,1.6191
3.4784,1.6191
3.4789,1.6141
3.4794,1.6141
3.4800,1.6191
3.4805,1.6191
3.4811,1.6090
3.4816,1.6191
3.4822,1.6191
3.4827,1.6191
3.4832,1.6191
3.4838,1.6191
3.4843,1.6191
3.4849,1.6191
3.4854,1.6191
3.4860,1.6141
3.4865,1.6191
3.4871,1.6141
3.4876,1.6191
3.4882,1.6141
3.4887,1.6141
3.4893,1.6141
3.4898,1.6141
3.4904,1.6141
3.4909,1.6191
3.4915,1.6191
3.4920,1.6191
3.4926,1.6141
3.4932,1.6141
3.4937,1.6141
3.4942,1.6141
3.4948,1.6191
3.4953,1.6141
3.4959,1.6141
3.4964,1.6191
3.4970,1.6191
3.4975,1.6141
3.4981,1.6191
3.4986,1.6191
3.4992,1.6191
3.4997,1.6191
3.5006,1.6191
3.5011,1.6191
3.5017,1.6191
3.5022,1.6191
3.5028,1.6191
3.5033,1.6141
3.5038,1.6191
3.5044,1.6141
3.5049,1.6141
3.5055,1.6141
3.5060,1.6191
3.5066,1.6191
3.5071,1.6191
3.5077,1.6191
3.5082,1.6141
3.5088,1.6191
3.5093,1.6141
3.5099,1.6191
3.5104,1.6191
3.5109,1.6141
3.5115,1.6191
3.5120,1.6191
3.5126,1.6191
3.5131,1.6141
3.5137,1.6141
3.5142,1.6191
3.5147,1.6141
3.5153,1.6191
3.5158,1.6191
3.5164,1.6191
3.5170,1.6191
3.5175,1.6141
3.5181,1.6191
3.5186,1.6141
3.5192,1.6141
3.5197,1.6141
3.5203,1.6141
3.5208,1.6191
3.5214,1.6141
3.5219,1.6191
3.5225,1.6191
3.5230,1.6191
3.5236,1.6191
3.5241,1.6141
3.5247,1.6141
3.5252,1.6141
3.5257,1.6141
3.5263,1.6141
3.5268,1.6141
3.5274,1.6191
3.5279,1.6191
3.5285,1.6141
3.5290,1.6141
3.5296,1.6141
3.5301,1.6191
3.5306,1.6141
3.5312,1.6191
3.5317,1.6191
3.5323,1.6191
3.5328,1.6141
3.5334,1.6141
3.5339,1.6191
3.5345,1.6191
3.5350,1.6191
3.5355,1.6141
3.5361,1.6191
3.5366,1.6141
3.5372,1.6191
3.5377,1.6141
3.5383,1.6141
3.5388,1.6191
3.5394,1.6191
3.5399,1.6191
3.5405,1.6141
3.5410,1.6191
3.5416,1.6191
3.5421,1.6191
3.5427,1.6141
3.5432,1.6141
3.5438,1.6191
3.5444,1.6191
3.5450,1.6141
3.5456,1.6141
3.5462,1.6191
3.5468,1.6191
3.5474,1.6191
3.5479,1.6191
3.5485,1.6191
3.5490,1.6191
3.5496,1.6141
3.5502,1.6191
3.5507,1.6191
3.5514,1.6141
3.5520,1.6141
3.5526,1.6191
3.5531,1.6141
3.5537,1.6191
3.5542,1.6141
3.5548,1.6242
3.5553,1.6141
3.5559,1.6191
3.5564,1.6141
3.5570,1.6191
3.5575,1.6141
3.5581,1.6191
3.5586,1.6191
3.5592,1.6191
3.5606,1.6191
3.5612,1.6191
3.5618,1.6191
3.5624,1.6141
3.5629,1.6191
3.5635,1.6191
3.5641,1.6191
3.5649,1.6191
3.5654,1.6191
3.5660,1.6191
3.5666,1.6141
3.5671,1.6141
3.5678,1.6191
3.5684,1.6191
3.5691,1.6191
3.5697,1.6191
3.5703,1.6090
3.5709,1.6191
3.5714,1.6191
3.5719,1.6141
3.5725,1.6141
3.5730,1.6191
3.5736,1.6191
3.5741,1.6191
3.5747,1.6191
3.5752,1.6141
3.5758,1.6191
3.5763,1.6141
3.5769,1.6191
3.5774,1.6191
3.5780,1.6141
3.5785,1.6141
3.5791,1.6141
3.5796,1.6141
3.5802,1.6141
3.5807,1.6141
3.5812,1.6141
3.5818,1.6141
3.5823,1.6191
3.5829,1.6141
3.5834,1.6141
3.5840,1.6191
3.5845,1.6141
3.5851,1.6191
3.5856,1.6141
3.5862,1.6141
3.5867,1.6191
3.5873,1.6141
3.5878,1.6191
3.5884,1.6191
3.5889,1.6191
3.5895,1.6191
3.5900,1.6191
3.5906,1.6191
3.5911,1.6191
3.5917,1.6191
3.5922,1.6141
3.5929,1.6141
3.5934,1.6191
3.5940,1.6191
3.5945,1.6141
3.5951,1.6141
3.5956,1.6141
3.5962,1.6141
3.5967,1.6141
3.5972,1.6141
3.5978,1.6141
3.5983,1.6141
3.5989,1.6141
3.5994,1.6191
3.5999,1.6141
3.6005,1.6141
3.6010,1.6141
3.6016,1.6191
3.6021,1.6141
3.6026,1.6191
3.6032,1.6141
3.6037,1.6141
3.6043,1.6191
3.6048,1.6141
3.6053,1.6191
3.6059,1.6141
3.6065,1.6141
3.6070,1.6141
3.6076,1.6191
3.6081,1.6191
3.6086,1.6141
3.6092,1.6141
3.6097,1.6191
3.6103,1.6141
3.6108,1.6191
3.6113,1.6191
3.6119,1.6191
3.6124,1.6141
3.6130,1.6191
3.6135,1.6141
3.6140,1.6141
3.6146,1.6191
3.6151,1.6191
3.6157,1.6191
3.6162,1.6141
3.6167,1.6141
3.6173,1.6191
3.6178,1.6191
3.6184,1.6141
3.6189,1.6141
3.6194,1.6191
3.6200,1.6141
3.6205,1.6191
3.6211,1.6141
3.6216,1.6191
3.6222,1.6141
3.6227,1.6141
3.6232,1.6141
3.6238,1.6191
3.6243,1.6191
3.6249,1.6141
3.6254,1.6141
3.6259,1.6191
3.6265,1.6141
3.6270,1.6141
3.6276,1.6191
3.6281,1.6191
3.6286,1.6191
3.6292,1.6141
3.6297,1.6191
3.6303,1.6141
3.6308,1.6141
3.6313,1.6141
3.6319,1.6141
3.6324,1.6141
3.6330,1.6141
3.6335,1.6191
3.6341,1.6191
3.6346,1.6191
3.6352,1.6191
3.6357,1.6191
3.6362,1.6141
3.6368,1.6141
3.6373,1.6141
3.6379,1.6191
3.6384,1.6141
3.6390,1.6141
3.6395,1.6191
3.6401,1.6191
3.6406,1.6191
3.6411,1.6191
3.6417,1.6191
3.6422,1.6141
3.6428,1.6141
3.6433,1.6141
3.6439,1.6141
3.6444,1.6191
3.6450,1.6191
3.6455,1.6191
3.6460,1.6141
3.6466,1.6141
3.6471,1.6191
3.6477,1.6191
3.6482,1.6141
3.6488,1.6191
3.6493,1.6191
3.6499,1.6141
3.6504,1.6191
3.6509,1.6141
3.6515,1.6191
3.6520,1.6141
3.6526,1.6191
3.6531,1.6191
3.6537,1.6191
3.6542,1.6141
3.6547,1.6141
3.6553,1.6191
3.6558,1.6141
3.6564,1.6141
3.6570,1.6141
3.6575,1.6191
3.6581,1.6191
3.6586,1.6191
3.6592,1.6141
3.6597,1.6141
3.6603,1.6191
3.6608,1.6141
3.6613,1.6191
3.6619,1.6191
3.6624,1.6191
3.6630,1.6141
3.6635,1.6191
3.6641,1.6191
3.6646,1.6191
3.6652,1.6191
3.6657,1.6141
3.6662,1.6141
3.6668,1.6141
3.6673,1.6141
3.6679,1.6191
3.6684,1.6191
3.6689,1.6191
3.6695,1.6141
3.6700,1.6141
3.6706,1.6191
3.6711,1.6191
3.6717,1.6141
3.6722,1.6141
3.6727,1.6141
3.6733,1.6141
3.6738,1.6191
3.6744,1.6141
3.6749,1.6141
3.6754,1.6191
3.6760,1.6141
3.6765,1.6141
3.6771,1.6141
3.6776,1.6141
3.6782,1.6141
3.6787,1.6191
3.6793,1.6191
3.6798,1.6141
3.6803,1.6141
3.6809,1.6141
3.6814,1.6191
3.6820,1.6141
3.6825,1.6141
3.6831,1.6191
3.6836,1.6191
3.6842,1.6141
3.6847,1.6191
3.6852,1.6191
3.6858,1.6141
3.6863,1.6191
3.6869,1.6141
3.6874,1.6191
3.6880,1.6141
3.6885,1.6141
3.6891,1.6191
3.6896,1.6191
3.6901,1.6191
3.6907,1.6191
3.6912,1.6191
3.6918,1.6141
3.6923,1.6191
3.6929,1.6141
3.6935,1.6191
3.6940,1.6141
3.6946,1.6090
3.6951,1.6191
3.6957,1.6191
3.6962,1.6191
3.6968,1.6141
3.6974,1.6191
3.6979,1.6191
3.6985,1.6141
3.6990,1.6191
3.6996,1.6191
3.7001,1.6191
3.7007,1.6141
3.7012,1.6141
3.7018,1.6141
3.7023,1.6141
3.7029,1.6191
3.7034,1.6090
3.7040,1.6141
3.7045,1.6141
3.7051,1.6191
3.7056,1.6141
3.7062,1.6141
3.7067,1.6191
3.7073,1.6191
3.7078,1.6141
3.7084,1.6090
3.7089,1.6141
3.7095,1.6141
3.7100,1.6141
3.7106,1.6141
3.7111,1.6141
3.7117,1.6141
3.7122,1.6191
3.7128,1.6191
3.7133,1.6141
3.7139,1.6191
3.7145,1.6141
3.7150,1.6141
3.7156,1.6141
3.7161,1.6141
3.7167,1.6141
3.7172,1.6191
3.7178,1.6191
3.7183,1.6141
3.7189,1.6141
3.7194,1.6191
3.7200,1.6191
3.7205,1.6141
3.7211,1.6191
3.7216,1.6141
3.7222,1.6141
3.7227,1.6191
3.7233,1.6191
3.7238,1.6191
3.7244,1.6141
3.7249,1.6141
3.7255,1.6141
3.7260,1.6141
3.7266,1.6141
3.7271,1.6191
3.7277,1.6141
3.7282,1.6191
3.7288,1.6141
3.7293,1.6242
3.7299,1.6141
3.7304,1.6141
3.7310,1.6191
3.7315,1.6141
3.7321,1.6191
3.7326,1.6191
3.7332,1.6141
3.7337,1.6141
3.7343,1.6141
3.7348,1.6191
3.7354,1.6191
3.7359,1.6141
3.7365,1.6141
3.7370,1.6141
3.7376,1.6141
3.7381,1.6191
3.7387,1.6141
3.7392,1.6191
3.7398,1.6191
3.7403,1.6191
3.7409,1.6141
3.7414,1.6141
3.7420,1.6141
3.7425,1.6191
3.7431,1.6191
3.7436,1.6141
3.7442,1.6191
3.7447,1.6191
3.7453,1.6191
3.7458,1.6191
3.7464,1.6191
3.7469,1.6141
3.7475,1.6191
3.7480,1.6141
3.7486,1.6141
3.7491,1.6141
3.7497,1.6242
3.7502,1.6191
3.7508,1.6141
3.7513,1.6191
3.7519,1.6191
3.7524,1.6191
3.7530,1.6191
3.7535,1.6141
3.7541,1.6191
3.7546,1.6191
3.7552,1.6191
3.7557,1.6191
3.7563,1.6191
3.7568,1.6191
3.7574,1.6141
3.7579,1.6191
3.7585,1.6141
3.7590,1.6141
3.7596,1.6141
3.7604,1.6191
3.7610,1.6191
3.7642,1.6191
3.7660,1.6141
3.7666,1.6141
3.7672,1.6141
3.7677,1.6191
3.7683,1.6191
3.7689,1.6141
3.7694,1.6141
3.7700,1.6141
3.7705,1.6141
3.7711,1.6141
3.7716,1.6141
3.7722,1.6191
3.7727,1.6191
3.7733,1.6191
3.7738,1.6141
3.7744,1.6141
3.7749,1.6141
3.7755,1.6141
3.7760,1.6191
3.7766,1.6191
3.7772,1.6191
3.7777,1.6191
3.7783,1.6191
3.7788,1.6141
3.7794,1.6191
3.7799,1.6141
3.7805,1.6141
3.7810,1.6141
3.7816,1.6141
3.7821,1.6141
3.7827,1.6191
3.7832,1.6141
3.7838,1.6191
3.7843,1.6141
3.7849,1.6191
3.7855,1.6141
3.7861,1.6141
3.7866,1.6191
3.7872,1.6141
3.7877,1.6191
3.7883,1.6141
3.7888,1.6141
3.7894,1.6141
3.7899,1.6191
3.7905,1.6141
3.7910,1.6141
3.7916,1.6191
3.7921,1.6141
3.7927,1.6141
3.7932,1.6191
3.7938,1.6191
3.7944,1.6191
3.7949,1.6141
3.7955,1.6191
3.7960,1.6141
3.7966,1.6191
3.7971,1.6090
3.7977,1.6191
3.7982,1.6191
3.7988,1.6191
3.7993,1.6141
3.7999,1.6191
3.8004,1.6191
3.8010,1.6141
3.8015,1.6141
3.8021,1.6191
3.8026,1.6141
3.8032,1.6141
3.8037,1.6141
3.8043,1.6141
3.8048,1.6141
3.8054,1.6141
3.8059,1.6141
3.8065,1.6191
3.8070,1.6141
3.8076,1.6191
3.8081,1.6191
3.8087,1.6141
3.8092,1.6141
3.8098,1.6141
3.8103,1.6141
3.8109,1.6191
3.8114,1.6191
3.8120,1.6191
3.8125,1.6191
3.8131,1.6191
3.8136,1.6141
3.8142,1.6191
3.8147,1.6141
3.8153,1.6191
3.8159,1.6191
3.8165,1.6191
3.8170,1.6141
3.8176,1.6191
3.8181,1.6141
3.8187,1.6191
3.8192,1.6141
3.8198,1.6141
3.8203,1.6141
3.8209,1.6141
3.8214,1.6141
3.8220,1.6141
3.8225,1.6191
3.8231,1.6191
3.8236,1.6141
3.8242,1.6191
3.8247,1.6141
3.8253,1.6191
3.8259,1.6191
3.8265,1.6141
3.8270,1.6141
3.8276,1.6191
3.8281,1.6191
3.8287,1.6141
3.8292,1.6191
3.8298,1.6141
3.8303,1.6141
3.8309,1.6141
3.8314,1.6191
3.8320,1.6141
3.8325,1.6141
3.8331,1.6141
3.8336,1.6141
3.8342,1.6191
3.8347,1.6141
3.8353,1.6141
3.8358,1.6141
3.8364,1.6141
3.8369,1.6141
3.8375,1.6191
3.8380,1.6141
3.8386,1.6141
3.8391,1.6191
3.8397,1.6141
3.8402,1.6191
3.8408,1.6191
3.8413,1.6191
3.8419,1.6191
3.8424,1.6191
3.8430,1.6141
3.8435,1.6141
3.8441,1.6141
3.8446,1.6141
3.8452,1.6141
3.8457,1.6191
3.8463,1.6141
3.8469,1.6141
3.8474,1.6191
3.8480,1.6141
3.8485,1.6191
3.8491,1.6191
3.8496,1.6191
3.8502,1.6141
3.8507,1.6141
3.8513,1.6191
3.8518,1.6141
3.8524,1.6141
3.8529,1.6141
3.8535,1.6141
3.8540,1.6191
3.8546,1.6191
3.8551,1.6191
3.8557,1.6141
3.8562,1.6141
3.8568,1.6141
3.8573,1.6191
3.8579,1.6191
3.8584,1.6141
3.8590,1.6191
3.8595,1.6141
3.8601,1.6141
3.8606,1.6191
3.8612,1.6191
3.8617,1.6191
3.8623,1.6141
3.8628,1.6141
3.8634,1.6141
3.8639,1.6191
3.8645,1.6141
3.8650,1.6191
3.8656,1.6191
3.8661,1.6191
3.8667,1.6191
3.8672,1.6141
3.8678,1.6141
3.8683,1.6191
3.8689,1.6191
3.8694,1.6191
3.8700,1.6191
3.8705,1.6191
3.8711,1.6141
3.8716,1.6141
3.8722,1.6191
3.8728,1.6191
3.8733,1.6191
3.8739,1.6141
3.8744,1.6141
3.8750,1.6141
3.8755,1.6141
3.8761,1.6141
3.8766,1.6191
3.8772,1.6141
3.8777,1.6191
3.8783,1.6141
3.8788,1.6141
3.8794,1.6141
3.8799,1.6191
3.8805,1.6141
3.8810,1.6191
3.8816,1.6141
3.8821,1.6141
3.8827,1.6141
3.8832,1.6141
3.8838,1.6141
3.8843,1.6141
3.8849,1.6191
3.8854,1.6141
3.8860,1.6191
3.8865,1.6191
3.8871,1.6191
3.8876,1.6141
3.8882,1.6191
3.8887,1.6191
3.8893,1.6191
3.8898,1.6141
3.8904,1.6141
3.8909,1.6141
3.8915,1.6191
3.8920,1.6191
3.8926,1.6191
3.8931,1.6141
3.8937,1.6191
3.8942,1.6141
3.8948,1.6141
3.8954,1.6191
3.8959,1.6141
3.8965,1.6141
3.8970,1.6141
3.8976,1.6141
3.8981,1.6141
3.8987,1.6191
3.8992,1.6141
3.8998,1.6141
3.9003,1.6191
3.9009,1.6141
3.9014,1.6141
3.9020,1.6141
3.9025,1.6141
3.9031,1.6191
3.9036,1.6191
3.9042,1.6141
3.9047,1.6191
3.9053,1.6191
3.9058,1.6090
3.9064,1.6191
3.9069,1.6191
3.9075,1.6141
3.9080,1.6191
3.9086,1.6191
3.9091,1.6191
3.9160,1.6141
3.9166,1.6191
3.9172,1.6191
3.9177,1.6141
3.9183,1.6191
3.9188,1.6141
3.9194,1.6141
3.9200,1.6191
3.9205,1.6141
3.9211,1.6141
3.9216,1.6191
3.9222,1.6191
3.9228,1.6141
3.9233,1.6141
3.9239,1.6191
3.9244,1.6141
3.9250,1.6141
3.9255,1.6141
3.9261,1.6141
3.9267,1.6141
3.9272,1.6191
3.9278,1.6141
3.9283,1.6191
3.9289,1.6191
3.9294,1.6141
3.9300,1.6141
3.9306,1.6191
3.9312,1.6141
3.9318,1.6141
3.9324,1.6141
3.9329,1.6191
3.9335,1.6141
3.9341,1.6191
3.9346,1.6141
3.9352,1.6191
3.9358,1.6191
3.9363,1.6141
3.9369,1.6191
3.9374,1.6141
3.9380,1.6141
3.9386,1.6141
3.9391,1.6191
3.9397,1.6141
3.9402,1.6141
3.9408,1.6191
3.9414,1.6141
3.9419,1.6191
3.9425,1.6141
3.9430,1.6191
3.9436,1.6141
3.9441,1.6141
3.9447,1.6141
3.9452,1.6141
3.9458,1.6191
3.9463,1.6191
3.9469,1.6141
3.9475,1.6191
3.9480,1.6191
3.9486,1.6141
3.9491,1.6191
3.9497,1.6141
3.9503,1.6191
3.9508,1.6191
3.9514,1.6191
3.9519,1.6090
3.9525,1.6191
3.9530,1.6141
3.9536,1.6191
3.9541,1.6141
3.9547,1.6191
3.9552,1.6141
3.9558,1.6191
3.9563,1.6141
3.9569,1.6141
3.9574,1.6191
3.9580,1.6141
3.9586,1.6191
3.9591,1.6141
3.9597,1.6191
3.9603,1.6090
3.9608,1.6191
3.9614,1.6141
3.9620,1.6141
3.9626,1.6191
3.9631,1.6141
3.9637,1.6191
3.9643,1.6141
3.9648,1.6191
3.9654,1.6191
3.9659,1.6141
3.9665,1.6141
3.9671,1.6141
3.9676,1.6191
3.9682,1.6141
3.9687,1.6141
3.9693,1.6191
3.9698,1.6141
3.9704,1.6141
3.9710,1.6141
3.9715,1.6141
3.9721,1.6141
3.9726,1.6141
3.9732,1.6141
3.9737,1.6141
3.9743,1.6191
3.9748,1.6191
3.9754,1.6141
3.9760,1.6191
3.9765,1.6141
3.9771,1.6191
3.9776,1.6191
3.9782,1.6191
3.9787,1.6141
3.9793,1.6141
3.9798,1.6191
3.9804,1.6141
3.9809,1.6141
3.9815,1.6141
3.9820,1.6191
3.9826,1.6141
3.9831,1.6141
3.9837,1.6191
3.9842,1.6141
3.9848,1.6141
3.9853,1.6191
3.9859,1.6141
3.9865,1.6191
3.9870,1.6141
3.9876,1.6141
3.9881,1.6141
3.9887,1.6191
3.9892,1.6141
3.9898,1.6141
3.9903,1.6141
3.9909,1.6141
3.9914,1.6141
3.9920,1.6141
3.9926,1.6141
3.9931,1.6141
3.9937,1.6191
3.9942,1.6191
3.9948,1.6191
3.9954,1.6141
3.9959,1.6191
3.9965,1.6141
3.9970,1.6141
3.9975,1.6191
3.9981,1.6191
3.9986,1.6141
3.9992,1.6191
3.9997,1.6141
4.0002,1.6141
4.0008,1.6141
4.0013,1.6191
4.0018,1.6141
4.0024,1.6141
4.0029,1.6141
4.0035,1.6191
4.0040,1.6191
4.0045,1.6141
4.0051,1.6191
4.0056,1.6141
4.0062,1.6141
4.0067,1.6191
4.0073,1.6141
4.0078,1.6191
4.0084,1.6141
4.0089,1.6141
4.0094,1.6141
4.0100,1.6141
4.0105,1.6141
4.0111,1.6191
4.0123,1.6141
4.0129,1.6141
4.0134,1.6141
4.0140,1.6191
4.0145,1.6141
4.0151,1.6141
4.0156,1.6141
4.0161,1.6191
4.0167,1.6141
4.0172,1.6191
4.0178,1.6141
4.0183,1.6141
4.0188,1.6141
4.0194,1.6141
4.0199,1.6141
4.0204,1.6191
4.0210,1.6191
4.0215,1.6191
4.0221,1.6141
4.0226,1.6141
4.0231,1.6141
4.0237,1.6191
4.0242,1.6141
4.0247,1.6141
4.0253,1.6141
4.0258,1.6141
4.0263,1.6141
4.0269,1.6191
4.0274,1.6191
4.0280,1.6191
4.0285,1.6191
4.0290,1.6090
4.0296,1.6191
4.0301,1.6141
4.0307,1.6191
4.0312,1.6191
4.0317,1.6191
4.0323,1.6191
4.0328,1.6141
4.0333,1.6141
4.0339,1.6141
4.0344,1.6141
4.0349,1.6141
4.0355,1.6141
4.0361,1.6141
4.0367,1.6191
4.0372,1.6191
4.0378,1.6141
4.0383,1.6141
4.0388,1.6191
4.0394,1.6141
4.0399,1.6141
4.0405,1.6141
4.0410,1.6191
4.0416,1.6191
4.0421,1.6141
4.0427,1.6141
4.0432,1.6141
4.0438,1.6090
4.0443,1.6141
4.0449,1.6191
4.0455,1.6191
4.0461,1.6141
4.0467,1.6191
4.0473,1.6141
4.0478,1.6141
4.0484,1.6090
4.0490,1.6141
4.0495,1.6141
4.0501,1.6191
4.0507,1.6191
4.0513,1.6191
4.0518,1.6141
4.0524,1.6191
4.0529,1.6141
4.0535,1.6141
4.0543,1.6141
4.0548,1.6191
4.0554,1.6191
4.0573,1.6191
4.0578,1.6191
4.0584,1.6141
4.0590,1.6191
4.0596,1.6141
4.0602,1.6191
4.0608,1.6141
4.0613,1.6191
4.0619,1.6141
4.0625,1.6141
4.0631,1.6141
4.0637,1.6141
4.0643,1.6141
4.0649,1.6191
4.0654,1.6191
4.0661,1.6141
4.0667,1.6141
4.0673,1.6141
4.0678,1.6141
4.0684,1.6191
4.0689,1.6191
4.0695,1.6141
4.0701,1.6191
4.0706,1.6191
4.0712,1.6191
4.0717,1.6141
4.0723,1.6141
4.0728,1.6191
4.0733,1.6191
4.0739,1.6191
4.0744,1.6191
4.0749,1.6191
4.0755,1.6191
4.0760,1.6191
4.0765,1.6141
4.0770,1.6141
4.0776,1.6191
4.0781,1.6191
4.0786,1.6191
4.0792,1.6141
4.0797,1.6141
4.0802,1.6141
4.0808,1.6191
4.0813,1.6191
4.0818,1.6191
4.0824,1.6191
4.0829,1.6141
4.0834,1.6191
4.0839,1.6141
4.0845,1.6191
4.0850,1.6141
4.0856,1.6141
4.0861,1.6191
4.0867,1.6141
4.0872,1.6141
4.0877,1.6141
4.0882,1.6141
4.0888,1.6141
4.0893,1.6141
4.0898,1.6191
4.0904,1.6141
4.0909,1.6141
4.0914,1.6141
4.0920,1.6191
4.0925,1.6191
4.0930,1.6191
4.0936,1.6191
4.0941,1.6141
4.0946,1.6191
4.0952,1.6141
4.0957,1.6191
4.0962,1.6191
4.0968,1.6191
4.0973,1.6141
4.0978,1.6141
4.0984,1.6141
4.0989,1.6141
4.0994,1.6141
4.0999,1.6090
4.1005,1.6141
4.1010,1.6141
4.1015,1.6191
4.1021,1.6141
4.1026,1.6141
4.1031,1.6191
4.1037,1.6191
4.1042,1.6191
4.1047,1.6141
4.1053,1.6191
4.1058,1.6191
4.1063,1.6191
4.1069,1.6141
4.1074,1.6191
4.1079,1.6191
4.1085,1.6191
4.1090,1.6191
4.1095,1.6191
4.1100,1.6141
4.1106,1.6141
4.1111,1.6191
4.1116,1.6191
4.1122,1.6191
4.1127,1.6191
4.1132,1.6141
4.1138,1.6141
4.1143,1.6191
4.1148,1.6191
4.1153,1.6141
4.1159,1.6191
4.1164,1.6191
4.1169,1.6191
4.1175,1.6141
4.1180,1.6141
4.1185,1.6141
4.1191,1.6141
4.1196,1.6141
4.1201,1.6141
4.1207,1.6141
4.1212,1.6141
4.1217,1.6141
4.1223,1.6191
4.1228,1.6141
4.1233,1.6191
4.1238,1.6191
4.1244,1.6191
4.1249,1.6191
4.1254,1.6191
4.1260,1.6191
4.1265,1.6191
4.1270,1.6141
4.1276,1.6191
4.1281,1.6141
4.1286,1.6191
4.1292,1.6141
4.1297,1.6191
4.1302,1.6191
4.1307,1.6141
4.1313,1.6141
4.1318,1.6141
4.1323,1.6191
4.1329,1.6141
4.1334,1.6141
4.1340,1.6191
4.1345,1.6141
4.1350,1.6191
4.1355,1.6141
4.1361,1.6191
4.1366,1.6191
4.1371,1.6090
4.1377,1.6141
4.1382,1.6141
4.1387,1.6191
4.1393,1.6141
4.1398,1.6191
4.1403,1.6141
4.1409,1.6191
4.1414,1.6191
4.1419,1.6141
4.1425,1.6141
4.1430,1.6191
4.1435,1.6141
4.1440,1.6141
4.1446,1.6141
4.1451,1.6141
4.1456,1.6141
4.1462,1.6191
4.1467,1.6141
4.1472,1.6191
4.1478,1.6141
4.1483,1.6141
4.1488,1.6141
4.1494,1.6141
4.1499,1.6191
4.1504,1.6141
4.1509,1.6090
4.1515,1.6191
4.1520,1.6141
4.1525,1.6191
4.1531,1.6141
4.1536,1.6141
4.1541,1.6191
4.1547,1.6191
4.1552,1.6141
4.1557,1.6191
4.1563,1.6191
4.1568,1.6141
4.1573,1.6191
4.1578,1.6141
4.1584,1.6141
4.1589,1.6090
4.1594,1.6090
4.1600,1.6141
4.1605,1.6141
4.1610,1.6141
4.1616,1.6141
4.1621,1.6141
4.1626,1.6141
4.1631,1.6191
4.1637,1.6191
4.1642,1.6191
4.1647,1.6090
4.1653,1.6141
4.1658,1.6141
4.1663,1.6141
4.1669,1.6191
4.1674,1.6191
4.1679,1.6191
4.1685,1.6141
4.1690,1.6191
4.1695,1.6191
4.1700,1.6141
4.1706,1.6191
4.1711,1.6141
4.1716,1.6141
4.1722,1.6141
4.1727,1.6141
4.1732,1.6191
4.1738,1.6141
4.1743,1.6141
4.1748,1.6141
4.1754,1.6141
4.1759,1.6141
4.1764,1.6191
4.1770,1.6141
4.1775,1.6141
4.1780,1.6141
4.1786,1.6141
4.1791,1.6141
4.1796,1.6191
4.1802,1.6191
4.1807,1.6141
4.1812,1.6191
4.1818,1.6090
4.1823,1.6141
4.1828,1.6141
4.1834,1.6191
4.1839,1.6141
4.1844,1.6141
4.1850,1.6141
4.1855,1.6141
4.1860,1.6141
4.1866,1.6141
4.1871,1.6191
4.1876,1.6141
4.1882,1.6141
4.1887,1.6191
4.1892,1.6191
4.1898,1.6141
4.1903,1.6141
4.1908,1.6141
4.1914,1.6141
4.1919,1.6141
4.1924,1.6141
4.1930,1.6141
4.1935,1.6141
4.1940,1.6141
4.1946,1.6141
4.1951,1.6141
4.1956,1.6191
4.1963,1.6141
4.1968,1.6141
4.1973,1.6141
4.1979,1.6191
4.1984,1.6141
4.1990,1.6141
4.1995,1.6191
4.2001,1.6141
4.2006,1.6141
4.2012,1.6141
4.2018,1.6141
4.2023,1.6141
4.2029,1.6141
4.2034,1.6141
4.2039,1.6141
4.2045,1.6141
4.2050,1.6191
4.2056,1.6141
4.2061,1.6191
4.2067,1.6141
4.2072,1.6191
4.2078,1.6191
4.2083,1.6141
4.2089,1.6141
4.2094,1.6141
4.2100,1.6141
4.2105,1.6191
4.2111,1.6191
4.2116,1.6141
4.2122,1.6141
4.2127,1.6141
4.2133,1.6191
4.2138,1.6141
4.2143,1.6141
4.2149,1.6191
4.2154,1.6191
4.2160,1.6090
4.2165,1.6141
4.2171,1.6141
4.2176,1.6191
4.2182,1.6191
4.2187,1.6141
4.2193,1.6191
4.2198,1.6141
4.2204,1.6191
4.2209,1.6141
4.2215,1.6191
4.2220,1.6141
4.2226,1.6141
4.2231,1.6141
4.2237,1.6141
4.2242,1.6141
4.2248,1.6191
4.2253,1.6141
4.2259,1.6191
4.2264,1.6141
4.2270,1.6141
4.2275,1.6141
4.2281,1.6191
4.2286,1.6090
4.2292,1.6141
4.2297,1.6141
4.2303,1.6191
4.2308,1.6141
4.2314,1.6141
4.2319,1.6141
4.2325,1.6141
4.2330,1.6141
4.2335,1.6191
4.2341,1.6141
4.2346,1.6191
4.2352,1.6191
4.2357,1.6141
4.2363,1.6191
4.2368,1.6141
4.2374,1.6141
4.2379,1.6141
4.2385,1.6191
4.2390,1.6191
4.2396,1.6141
4.2401,1.6141
4.2407,1.6141
4.2412,1.6191
4.2418,1.6141
4.2423,1.6141
4.2428,1.6141
4.2434,1.6191
4.2439,1.6141
4.2445,1.6191
4.2450,1.6141
4.2456,1.6191
4.2461,1.6141
4.2467,1.6191
4.2472,1.6141
4.2478,1.6141
4.2483,1.6141
4.2489,1.6191
4.2494,1.6191
4.2500,1.6191
4.2505,1.6191
4.2511,1.6141
4.2516,1.6141
4.2522,1.6141
4.2527,1.6141
4.2533,1.6141
4.2538,1.6141
4.2543,1.6141
4.2549,1.6141
4.2554,1.6141
4.2560,1.6141
4.2565,1.6191
4.2571,1.6191
4.2576,1.6141
4.2582,1.6141
4.2587,1.6191
4.2593,1.6191
4.2598,1.6191
4.2604,1.6141
4.2609,1.6191
4.2615,1.6141
4.2620,1.6141
4.2626,1.6191
4.2631,1.6090
4.2637,1.6191
4.2642,1.6141
4.2647,1.6141
4.2653,1.6191
4.2659,1.6141
4.2664,1.6141
4.2670,1.6191
4.2675,1.6191
4.2681,1.6141
4.2686,1.6141
4.2692,1.6191
4.2697,1.6141
4.2702,1.6191
4.2708,1.6191
4.2714,1.6141
4.2719,1.6141
4.2725,1.6141
4.2730,1.6141
4.2736,1.6191
4.2741,1.6191
4.2746,1.6141
4.2752,1.6141
4.2757,1.6141
4.2763,1.6141
4.2768,1.6191
4.2774,1.6141
4.2779,1.6141
4.2785,1.6191
4.2790,1.6141
4.2796,1.6141
4.2801,1.6191
4.2807,1.6191
4.2812,1.6191
4.2818,1.6191
4.2823,1.6191
4.2829,1.6191
4.2834,1.6191
4.2840,1.6141
4.2845,1.6141
4.2850,1.6141
4.2856,1.6191
4.2861,1.6191
4.2867,1.6191
4.2872,1.6141
4.2878,1.6141
4.2883,1.6191
4.2889,1.6141
4.2894,1.6090
4.2900,1.6141
4.2905,1.6191
4.2911,1.6141
4.2916,1.6141
4.2922,1.6141
4.2927,1.6141
4.2933,1.6141
4.2938,1.6141
4.2944,1.6141
4.2949,1.6141
4.2954,1.6141
4.2960,1.6141
4.2966,1.6141
4.2971,1.6141
4.2977,1.6141
4.2982,1.6141
4.2988,1.6191
4.2993,1.6141
4.2999,1.6141
4.3004,1.6141
4.3009,1.6191
4.3015,1.6141
4.3020,1.6141
4.3026,1.6141
4.3031,1.6141
4.3037,1.6141
4.3042,1.6191
4.3048,1.6141
4.3053,1.6191
4.3059,1.6141
4.3064,1.6141
4.3070,1.6141
4.3075,1.6141
4.3081,1.6141
4.3086,1.6141
4.3092,1.6141
4.3097,1.6191
4.3103,1.6191
4.3108,1.6141
4.3113,1.6141
4.3119,1.6191
4.3124,1.6191
4.3130,1.6141
4.3135,1.6141
4.3141,1.6191
4.3146,1.6191
4.3152,1.6141
4.3157,1.6191
4.3163,1.6141
4.3168,1.6141
4.3174,1.6090
4.3179,1.6141
4.3185,1.6141
4.3190,1.6141
4.3196,1.6141
4.3201,1.6191
4.3207,1.6141
4.3212,1.6191
4.3217,1.6141
4.3223,1.6141
4.3228,1.6141
4.3234,1.6141
4.3239,1.6141
4.3245,1.6141
4.3250,1.6191
4.3256,1.6191
4.3261,1.6141
4.3267,1.6141
4.3272,1.6141
4.3278,1.6141
4.3283,1.6141
4.3289,1.6191
4.3294,1.6141
4.3300,1.6141
4.3305,1.6141
4.3311,1.6141
4.3316,1.6191
4.3321,1.6141
4.3327,1.6141
4.3332,1.6141
4.3338,1.6191
4.3343,1.6141
4.3349,1.6141
4.3354,1.6141
4.3360,1.6141
4.3366,1.6141
4.3371,1.6191
4.3377,1.6141
4.3382,1.6141
4.3388,1.6141
4.3393,1.6141
4.3399,1.6141
4.3405,1.6141
4.3411,1.6141
4.3418,1.6191
4.3423,1.6141
4.3432,1.6141
4.3439,1.6141
4.3447,1.6141
4.3452,1.6141
4.3458,1.6191
4.3463,1.6191
4.3469,1.6191
4.3474,1.6141
4.3480,1.6191
4.3485,1.6141
4.3491,1.6191
4.3496,1.6141
4.3502,1.6141
4.3507,1.6141
4.3513,1.6191
4.3518,1.6191
4.3524,1.6141
4.3529,1.6141
4.3535,1.6141
4.3540,1.6141
4.3546,1.6141
4.3551,1.6191
4.3557,1.6141
4.3562,1.6191
4.3568,1.6141
4.3574,1.6141
4.3579,1.6191
4.3585,1.6191
4.3591,1.6141
4.3596,1.6141
4.3602,1.6141
4.3608,1.6141
4.3618,1.6141
4.3624,1.6191
4.3630,1.6141
4.3636,1.6141
4.3644,1.6191
4.3650,1.6141
4.3657,1.6191
4.3663,1.6191
4.3669,1.6141
4.3676,1.6141
4.3684,1.6090
4.3689,1.6141
4.3697,1.6191
4.3702,1.6141
4.3708,1.6141
4.3713,1.6141
4.3719,1.6141
4.3724,1.6141
4.3730,1.6141
4.3735,1.6141
4.3741,1.6090
4.3746,1.6141
4.3751,1.6191
4.3757,1.6090
4.3762,1.6141
4.3768,1.6090
4.3773,1.6141
4.3779,1.6141
4.3784,1.6141
4.3790,1.6141
4.3795,1.6141
4.3800,1.6141
4.3806,1.6141
4.3811,1.6141
4.3817,1.6141
4.3822,1.6141
4.3828,1.6141
4.3833,1.6141
4.3839,1.6141
4.3844,1.6191
4.3849,1.6141
4.3856,1.6141
4.3861,1.6191
4.3867,1.6141
4.3873,1.6191
4.3878,1.6191
4.3884,1.6141
4.3889,1.6191
4.3894,1.6141
4.3900,1.6141
4.3905,1.6090
4.3911,1.6141
4.3916,1.6141
4.3922,1.6191
4.3927,1.6191
4.3933,1.6141
4.3938,1.6141
4.3944,1.6191
4.3949,1.6141
4.3955,1.6191
4.3960,1.6191
4.3966,1.6141
4.3972,1.6191
4.3978,1.6141
4.3983,1.6141
4.3989,1.6191
4.3994,1.6141
4.4000,1.6141
4.4005,1.6191
4.4011,1.6141
4.4016,1.6090
4.4021,1.6191
4.4027,1.6141
4.4032,1.6141
4.4038,1.6141
4.4043,1.6141
4.4048,1.6191
4.4054,1.6141
4.4059,1.6141
4.4065,1.6191
4.4070,1.6141
4.4076,1.6191
4.4081,1.6141
4.4086,1.6141
4.4092,1.6191
4.4097,1.6191
4.4103,1.6191
4.4108,1.6141
4.4113,1.6141
4.4119,1.6141
4.4124,1.6141
4.4130,1.6141
4.4135,1.6141
4.4141,1.6141
4.4146,1.6141
4.4152,1.6141
4.4157,1.6141
4.4163,1.6191
4.4168,1.6141
4.4173,1.6141
4.4179,1.6141
4.4184,1.6141
4.4190,1.6191
4.4195,1.6141
4.4201,1.6191
4.4206,1.6141
4.4212,1.6141
4.4217,1.6191
4.4222,1.6141
4.4228,1.6191
4.4233,1.6191
4.4239,1.6141
4.4244,1.6141
4.4250,1.6141
4.4255,1.6141
4.4261,1.6141
4.4266,1.6141
4.4271,1.6191
4.4277,1.6141
4.4282,1.6191
4.4288,1.6191
4.4294,1.6141
4.4299,1.6141
4.4305,1.6191
4.4311,1.6141
4.4316,1.6191
4.4322,1.6191
4.4327,1.6141
4.4333,1.6141
4.4338,1.6141
4.4344,1.6141
4.4349,1.6141
4.4355,1.6141
4.4360,1.6141
4.4365,1.6141
4.4371,1.6141
4.4376,1.6141
4.4382,1.6191
4.4387,1.6141
4.4393,1.6191
4.4398,1.6141
4.4403,1.6191
4.4409,1.6141
4.4414,1.6090
4.4420,1.6191
4.4425,1.6141
4.4431,1.6141
4.4436,1.6141
4.4442,1.6191
4.4447,1.6191
4.4452,1.6191
4.4458,1.6141
4.4463,1.6141
4.4469,1.6090
4.4474,1.6141
4.4480,1.6141
4.4485,1.6191
4.4491,1.6191
4.4496,1.6141
4.4501,1.6141
4.4507,1.6141
4.4512,1.6141
4.4518,1.6141
4.4523,1.6141
4.4529,1.6191
4.4534,1.6191
4.4540,1.6090
4.4545,1.6141
4.4550,1.6141
4.4556,1.6141
4.4561,1.6141
4.4567,1.6191
4.4572,1.6141
4.4578,1.6191
4.4583,1.6141
4.4589,1.6191
4.4594,1.6141
4.4599,1.6191
4.4605,1.6141
4.4610,1.6191
4.4616,1.6141
4.4621,1.6141
4.4627,1.6141
4.4632,1.6141
4.4638,1.6141
4.4643,1.6141
4.4648,1.6141
4.4654,1.6191
4.4659,1.6141
4.4665,1.6141
4.4670,1.6141
4.4676,1.6141
4.4681,1.6141
4.4687,1.6141
4.4692,1.6141
4.4697,1.6141
4.4703,1.6191
4.4708,1.6141
4.4714,1.6191
4.4719,1.6141
4.4725,1.6141
4.4730,1.6141
4.4735,1.6191
4.4741,1.6141
4.4746,1.6141
4.4752,1.6141
4.4757,1.6141
4.4765,1.6141
4.4771,1.6090
4.4776,1.6141
4.4782,1.6141
4.4787,1.6141
4.4793,1.6191
4.4798,1.6141
4.4804,1.6141
4.4809,1.6191
4.4815,1.6191
4.4820,1.6141
4.4825,1.6141
4.4831,1.6141
4.4837,1.6141
4.4842,1.6141
4.4848,1.6141
4.4853,1.6141
4.4859,1.6141
4.4864,1.6141
4.4870,1.6141
4.4875,1.6141
4.4881,1.6191
4.4886,1.6090
4.4891,1.6191
4.4897,1.6191
4.4902,1.6141
4.4908,1.6141
4.4913,1.6141
4.4919,1.6141
4.4924,1.6141
4.4930,1.6191
4.4935,1.6141
4.4940,1.6191
4.4946,1.6141
4.4951,1.6141
4.4957,1.6141
4.4962,1.6141
4.4968,1.6090
4.4973,1.6191
4.4979,1.6090
4.4984,1.6141
4.4990,1.6191
4.4996,1.6141
4.5001,1.6191
4.5007,1.6141
4.5013,1.6141
4.5019,1.6141
4.5025,1.6191
4.5031,1.6141
4.5036,1.6141
4.5042,1.6191
4.5047,1.6141
4.5053,1.6191
4.5058,1.6090
4.5064,1.6090
4.5069,1.6141
4.5075,1.6141
4.5080,1.6191
4.5086,1.6090
4.5091,1.6191
4.5097,1.6191
4.5102,1.6141
4.5108,1.6141
4.5113,1.6141
4.5119,1.6090
4.5124,1.6191
4.5130,1.6141
4.5135,1.6191
4.5141,1.6141
4.5146,1.6191
4.5152,1.6141
4.5157,1.6191
4.5163,1.6141
4.5168,1.6141
4.5174,1.6141
4.5179,1.6141
4.5185,1.6191
4.5190,1.6141
4.5196,1.6141
4.5201,1.6141
4.5207,1.6141
4.5212,1.6141
4.5218,1.6141
4.5223,1.6191
4.5229,1.6141
4.5234,1.6141
4.5240,1.6191
4.5245,1.6141
4.5251,1.6141
4.5256,1.6141
4.5262,1.6191
4.5267,1.6141
4.5273,1.6191
4.5278,1.6191
4.5284,1.6090
4.5289,1.6141
4.5295,1.6141
4.5300,1.6191
4.5306,1.6141
4.5311,1.6141
4.5317,1.6191
4.5322,1.6141
4.5328,1.6191
4.5333,1.6191
4.5339,1.6141
4.5345,1.6191
4.5350,1.6141
4.5356,1.6141
4.5361,1.6141
4.5367,1.6141
4.5372,1.6141
4.5378,1.6141
4.5383,1.6141
4.5389,1.6191
4.5394,1.6191
4.5400,1.6141
4.5405,1.6191
4.5411,1.6191
4.5416,1.6141
4.5422,1.6141
4.5427,1.6141
4.5437,1.6141
4.5443,1.6191
4.5461,1.6090
4.5467,1.6141
4.5473,1.6191
4.5478,1.6191
4.5484,1.6141
4.5490,1.6141
4.5495,1.6191
4.5501,1.6191
4.5506,1.6090
4.5512,1.6141
4.5518,1.6141
4.5524,1.6141
4.5530,1.6191
4.5535,1.6191
4.5541,1.6141
4.5546,1.6191
4.5552,1.6191
4.5558,1.6191
4.5563,1.6141
4.5569,1.6191
4.5574,1.6191
4.5580,1.6141
4.5585,1.6141
4.5591,1.6141
4.5597,1.6141
4.5602,1.6191
4.5608,1.6141
4.5614,1.6141
4.5620,1.6141
4.5626,1.6141
4.5631,1.6141
4.5637,1.6141
4.5643,1.6191
4.5649,1.6141
4.5655,1.6191
4.5661,1.6141
4.5667,1.6191
4.5672,1.6141
4.5678,1.6141
4.5684,1.6090
4.5690,1.6191
4.5696,1.6141
4.5702,1.6191
4.5707,1.6141
4.5713,1.6141
4.5718,1.6191
4.5724,1.6141
4.5729,1.6191
4.5735,1.6141
4.5740,1.6141
4.5746,1.6141
4.5752,1.6141
4.5757,1.6141
4.5763,1.6141
4.5768,1.6191
4.5774,1.6191
4.5779,1.6191
4.5785,1.6141
4.5790,1.6191
4.5796,1.6191
4.5801,1.6141
4.5807,1.6191
4.5812,1.6191
4.5818,1.6141
4.5823,1.6191
4.5829,1.6191
4.5834,1.6141
4.5840,1.6141
4.5845,1.6191
4.5851,1.6090
4.5856,1.6141
4.5862,1.6141
4.5868,1.6191
4.5873,1.6191
4.5879,1.6141
4.5884,1.6141
4.5890,1.6141
4.5895,1.6191
4.5901,1.6141
4.5907,1.6141
4.5912,1.6191
4.5918,1.6141
4.5923,1.6141
4.5929,1.6141
4.5934,1.6141
4.5940,1.6141
4.5945,1.6191
4.5951,1.6191
4.5956,1.6141
4.5962,1.6141
4.5967,1.6191
4.5973,1.6141
4.5978,1.6191
4.5985,1.6141
4.5990,1.6141
4.5996,1.6141
4.6001,1.6191
4.6007,1.6141
4.6012,1.6141
4.6018,1.6141
4.6023,1.6141
4.6029,1.6141
4.6034,1.6141
4.6040,1.6141
4.6045,1.6141
4.6050,1.6141
4.6056,1.6141
4.6061,1.6090
4.6067,1.6141
4.6072,1.6191
4.6078,1.6141
4.6083,1.6141
4.6089,1.6191
4.6094,1.6141
4.6099,1.6141
4.6105,1.6141
4.6110,1.6141
4.6116,1.6141
4.6121,1.6191
4.6127,1.6141
4.6132,1.6191
4.6138,1.6141
4.6143,1.6141
4.6148,1.6191
4.6154,1.6141
4.6159,1.6141
4.6165,1.6191
4.6170,1.6141
4.6176,1.6191
4.6181,1.6191
4.6187,1.6141
4.6192,1.6191
4.6197,1.6141
4.6203,1.6141
4.6208,1.6141
4.6214,1.6191
4.6219,1.6141
4.6225,1.6141
4.6230,1.6191
4.6236,1.6141
4.6241,1.6141
4.6246,1.6141
4.6252,1.6141
4.6257,1.6141
4.6263,1.6191
4.6268,1.6141
4.6274,1.6141
4.6279,1.6141
4.6285,1.6191
4.6290,1.6141
4.6296,1.6141
4.6301,1.6141
4.6307,1.6141
4.6312,1.6191
4.6317,1.6141
4.6323,1.6090
4.6328,1.6141
4.6334,1.6141
4.6339,1.6141
4.6345,1.6141
4.6350,1.6141
4.6356,1.6141
4.6361,1.6141
4.6366,1.6141
4.6372,1.6141
4.6377,1.6141
4.6383,1.6191
4.6388,1.6141
4.6394,1.6141
4.6399,1.6141
4.6405,1.6141
4.6410,1.6191
4.6416,1.6141
4.6421,1.6141
4.6427,1.6141
4.6432,1.6141
4.6437,1.6141
4.6443,1.6191
4.6448,1.6090
4.6454,1.6141
4.6459,1.6141
4.6465,1.6141
4.6470,1.6191
4.6476,1.6141
4.6481,1.6141
4.6486,1.6141
4.6492,1.6141
4.6497,1.6141
4.6503,1.6141
4.6508,1.6141
4.6514,1.6141
4.6519,1.6141
4.6525,1.6191
4.6530,1.6191
4.6535,1.6090
4.6541,1.6141
4.6546,1.6191
4.6552,1.6141
4.6557,1.6141
4.6563,1.6141
4.6568,1.6141
4.6574,1.6141
4.6579,1.6141
4.6584,1.6141
4.6590,1.6141
4.6595,1.6141
4.6601,1.6141
4.6606,1.6141
4.6612,1.6141
4.6617,1.6191
4.6623,1.6141
4.6628,1.6141
4.6633,1.6141
4.6639,1.6141
4.6644,1.6191
4.6650,1.6141
4.6655,1.6141
4.6661,1.6141
4.6666,1.6141
4.6672,1.6141
4.6677,1.6191
4.6682,1.6141
4.6688,1.6191
4.6693,1.6141
4.6699,1.6141
4.6704,1.6141
4.6710,1.6191
4.6715,1.6141
4.6721,1.6141
4.6726,1.6141
4.6731,1.6141
4.6737,1.6141
4.6742,1.6191
4.6748,1.6141
4.6753,1.6141
4.6759,1.6191
4.6764,1.6141
4.6770,1.6191
4.6775,1.6141
4.6781,1.6191
4.6786,1.6141
4.6792,1.6090
4.6797,1.6191
4.6802,1.6141
4.6808,1.6141
4.6813,1.6191
4.6819,1.6141
4.6824,1.6141
4.6830,1.6141
4.6835,1.6191
4.6840,1.6141
4.6846,1.6141
4.6851,1.6141
4.6857,1.6090
4.6862,1.6141
4.6868,1.6191
4.6873,1.6191
4.6879,1.6141
4.6884,1.6141
4.6889,1.6141
4.6895,1.6141
4.6900,1.6191
4.6906,1.6090
4.6911,1.6090
4.6917,1.6141
4.6922,1.6141
4.6928,1.6191
4.6933,1.6141
4.6938,1.6191
4.6944,1.6141
4.6950,1.6141
4.6955,1.6141
4.6960,1.6141
4.6966,1.6141
4.6971,1.6191
4.6977,1.6141
4.6982,1.6141
4.6988,1.6141
4.6993,1.6191
4.6999,1.6141
4.7005,1.6090
4.7010,1.6141
4.7016,1.6141
4.7021,1.6191
4.7027,1.6141
4.7032,1.6141
4.7038,1.6141
4.7043,1.6141
4.7049,1.6141
4.7054,1.6141
4.7060,1.6141
4.7066,1.6141
4.7071,1.6191
4.7077,1.6141
4.7082,1.6141
4.7088,1.6090
4.7093,1.6191
4.7099,1.6141
4.7104,1.6141
4.7110,1.6141
4.7115,1.6141
4.7121,1.6141
4.7126,1.6141
4.7132,1.6191
4.7137,1.6141
4.7143,1.6141
4.7148,1.6141
4.7154,1.6141
4.7159,1.6141
4.7165,1.6141
4.7170,1.6141
4.7176,1.6191
4.7181,1.6141
4.7187,1.6191
4.7192,1.6141
4.7198,1.6141
4.7203,1.6141
4.7209,1.6191
4.7214,1.6141
4.7220,1.6191
4.7225,1.6141
4.7231,1.6141
4.7236,1.6090
4.7242,1.6141
4.7247,1.6191
4.7253,1.6191
4.7258,1.6191
4.7264,1.6191
4.7269,1.6141
4.7275,1.6141
4.7280,1.6141
4.7286,1.6090
4.7291,1.6141
4.7297,1.6141
4.7302,1.6141
4.7308,1.6141
4.7313,1.6141
4.7319,1.6141
4.7324,1.6090
4.7330,1.6141
4.7335,1.6141
4.7341,1.6141
4.7347,1.6141
4.7352,1.6141
4.7358,1.6141
4.7363,1.6141
4.7369,1.6191
4.7374,1.6141
4.7380,1.6141
4.7385,1.6141
4.7391,1.6141
4.7396,1.6141
4.7402,1.6141
4.7407,1.6141
4.7413,1.6191
4.7418,1.6191
4.7424,1.6191
4.7429,1.6141
4.7435,1.6191
4.7440,1.6191
4.7446,1.6141
4.7451,1.6141
4.7457,1.6141
4.7462,1.6141
4.7468,1.6141
4.7473,1.6141
4.7479,1.6141
4.7484,1.6141
4.7490,1.6141
4.7495,1.6141
4.7501,1.6141
4.7506,1.6141
4.7512,1.6141
4.7517,1.6191
4.7523,1.6141
4.7528,1.6141
4.7534,1.6141
4.7539,1.6141
4.7545,1.6141
4.7550,1.6141
4.7556,1.6141
4.7561,1.6141
4.7567,1.6141
4.7572,1.6141
4.7578,1.6141
4.7584,1.6141
4.7589,1.6141
4.7598,1.6191
4.7603,1.6141
4.7609,1.6191
4.7614,1.6141
4.7620,1.6141
4.7625,1.6141
4.7631,1.6141
4.7636,1.6141
4.7642,1.6191
4.7647,1.6141
4.7653,1.6141
4.7659,1.6191
4.7664,1.6141
4.7670,1.6090
4.7675,1.6191
4.7681,1.6141
4.7686,1.6141
4.7692,1.6141
4.7697,1.6141
4.7703,1.6191
4.7708,1.6141
4.7714,1.6141
4.7719,1.6141
4.7725,1.6141
4.7730,1.6141
4.7736,1.6141
4.7741,1.6141
4.7747,1.6191
4.7752,1.6141
4.7758,1.6191
4.7763,1.6141
4.7769,1.6141
4.7774,1.6191
4.7780,1.6141
4.7786,1.6141
4.7791,1.6141
4.7796,1.6141
4.7802,1.6141
4.7807,1.6141
4.7813,1.6141
4.7818,1.6141
4.7824,1.6191
4.7829,1.6141
4.7835,1.6141
4.7841,1.6141
4.7846,1.6141
4.7852,1.6090
4.7857,1.6141
4.7863,1.6141
4.7868,1.6141
4.7874,1.6141
4.7879,1.6191
4.7885,1.6141
4.7890,1.6141
4.7896,1.6191
4.7901,1.6141
4.7907,1.6141
4.7912,1.6141
4.7918,1.6141
4.7923,1.6191
4.7929,1.6141
4.7934,1.6141
4.7940,1.6191
4.7945,1.6191
4.7951,1.6141
4.7956,1.6191
4.7962,1.6141
4.7967,1.6191
4.7973,1.6141
4.7978,1.6141
4.7984,1.6141
4.7989,1.6141
4.7995,1.6191
4.8003,1.6090
4.8009,1.6141
4.8014,1.6141
4.8020,1.6141
4.8025,1.6141
4.8031,1.6141
4.8037,1.6141
4.8042,1.6090
4.8048,1.6191
4.8053,1.6191
4.8059,1.6141
4.8065,1.6141
4.8070,1.6141
4.8076,1.6141
4.8081,1.6141
4.8087,1.6141
4.8092,1.6191
4.8098,1.6141
4.8103,1.6141
4.8109,1.6141
4.8114,1.6141
4.8119,1.6141
4.8125,1.6141
4.8130,1.6141
4.8136,1.6141
4.8141,1.6141
4.8147,1.6141
4.8152,1.6141
4.8158,1.6141
4.8163,1.6141
4.8169,1.6090
4.8174,1.6141
4.8180,1.6191
4.8185,1.6141
4.8191,1.6141
4.8197,1.6141
4.8202,1.6141
4.8208,1.6141
4.8213,1.6141
4.8219,1.6191
4.8224,1.6090
4.8230,1.6141
4.8235,1.6141
4.8241,1.6191
4.8246,1.6141
4.8252,1.6141
4.8257,1.6191
4.8263,1.6141
4.8269,1.6191
4.8274,1.6141
4.8280,1.6141
4.8285,1.6191
4.8291,1.6141
4.8296,1.6141
4.8302,1.6141
4.8307,1.6141
4.8313,1.6141
4.8319,1.6191
4.8324,1.6141
4.8330,1.6191
4.8336,1.6141
4.8341,1.6191
4.8347,1.6191
4.8352,1.6141
4.8358,1.6191
4.8364,1.6141
4.8369,1.6141
4.8375,1.6141
4.8380,1.6141
4.8386,1.6141
4.8391,1.6191
4.8397,1.6141
4.8403,1.6141
4.8409,1.6191
4.8415,1.6141
4.8420,1.6141
4.8426,1.6141
4.8432,1.6141
4.8437,1.6141
4.8443,1.6141
4.8449,1.6141
4.8455,1.6141
4.8460,1.6141
4.8466,1.6141
4.8471,1.6141
4.8477,1.6141
4.8482,1.6141
4.8488,1.6191
4.8493,1.6191
4.8499,1.6141
4.8504,1.6141
4.8509,1.6141
4.8515,1.6141
4.8520,1.6141
4.8526,1.6191
4.8531,1.6141
4.8537,1.6141
4.8542,1.6191
4.8548,1.6141
4.8553,1.6191
4.8558,1.6141
4.8564,1.6141
4.8570,1.6191
4.8575,1.6191
4.8581,1.6141
4.8586,1.6141
4.8591,1.6141
4.8597,1.6141
4.8602,1.6141
4.8608,1.6141
4.8613,1.6141
4.8619,1.6191
4.8624,1.6191
4.8630,1.6141
4.8635,1.6141
4.8640,1.6141
4.8646,1.6141
4.8651,1.6141
4.8657,1.6191
4.8662,1.6141
4.8668,1.6141
4.8673,1.6090
4.8679,1.6191
4.8684,1.6191
4.8689,1.6141
4.8695,1.6141
4.8700,1.6141
4.8706,1.6141
4.8711,1.6191
4.8717,1.6141
4.8722,1.6141
4.8728,1.6141
4.8733,1.6141
4.8738,1.6191
4.8744,1.6141
4.8749,1.6191
4.8755,1.6141
4.8760,1.6141
4.8766,1.6141
4.8771,1.6141
4.8777,1.6191
4.8782,1.6141
4.8788,1.6141
4.8793,1.6141
4.8799,1.6141
4.8804,1.6191
4.8810,1.6141
4.8815,1.6141
4.8821,1.6141
4.8826,1.6191
4.8832,1.6191
4.8837,1.6141
4.8843,1.6090
4.8848,1.6141
4.8854,1.6191
4.8860,1.6191
4.8865,1.6141
4.8871,1.6141
4.8877,1.6090
4.8882,1.6141
4.8888,1.6141
4.8894,1.6141
4.8899,1.6191
4.8905,1.6141
4.8910,1.6141
4.8915,1.6141
4.8921,1.6141
4.8926,1.6191
4.8932,1.6191
4.8937,1.6191
4.8943,1.6141
4.8948,1.6141
4.8954,1.6141
4.8959,1.6090
4.8965,1.6191
4.8970,1.6141
4.8976,1.6141
4.8981,1.6090
4.8986,1.6141
4.8992,1.6141
4.8999,1.6191
4.9004,1.6191
4.9010,1.6090
4.9015,1.6191
4.9020,1.6141
4.9025,1.6141
4.9030,1.6191
4.9036,1.6141
4.9041,1.6141
4.9046,1.6141
4.9051,1.6141
4.9057,1.6191
4.9062,1.6141
4.9067,1.6141
4.9072,1.6141
4.9078,1.6141
4.9083,1.6191
4.9088,1.6191
4.9093,1.6141
4.9098,1.6191
4.9104,1.6141
4.9109,1.6191
4.9114,1.6141
4.9119,1.6141
4.9124,1.6191
4.9130,1.6141
4.9135,1.6090
4.9140,1.6141
4.9145,1.6141
4.9150,1.6141
4.9156,1.6141
4.9161,1.6191
4.9166,1.6141
4.9171,1.6090
4.9176,1.6141
4.9182,1.6141
4.9187,1.6191
4.9192,1.6141
4.9197,1.6191
4.9202,1.6141
4.9208,1.6141
4.9213,1.6191
4.9218,1.6141
4.9223,1.6141
4.9229,1.6141
4.9234,1.6141
4.9239,1.6141
4.9244,1.6141
4.9249,1.6090
4.9255,1.6141
4.9260,1.6141
4.9265,1.6141
4.9270,1.6141
4.9275,1.6191
4.9281,1.6141
4.9286,1.6141
4.9291,1.6141
4.9296,1.6191
4.9302,1.6191
4.9307,1.6141
4.9312,1.6141
4.9317,1.6141
4.9322,1.6141
4.9328,1.6141
4.9333,1.6141
4.9338,1.6141
4.9343,1.6141
4.9349,1.6141
4.9354,1.6141
4.9359,1.6141
4.9364,1.6141
4.9370,1.6141
4.9375,1.6141
4.9380,1.6141
4.9385,1.6141
4.9390,1.6141
4.9396,1.6191
4.9401,1.6141
4.9406,1.6191
4.9411,1.6141
4.9417,1.6191
4.9422,1.6090
4.9427,1.6141
4.9432,1.6141
4.9437,1.6141
4.9443,1.6141
4.9448,1.6141
4.9453,1.6141
4.9458,1.6191
4.9464,1.6191
4.9469,1.6141
4.9474,1.6141
4.9479,1.6141
4.9485,1.6141
4.9490,1.6191
4.9495,1.6191
4.9500,1.6141
4.9506,1.6141
4.9511,1.6141
4.9516,1.6191
4.9521,1.6141
4.9526,1.6141
4.9532,1.6141
4.9537,1.6090
4.9542,1.6141
4.9547,1.6141
4.9553,1.6141
4.9558,1.6141
4.9563,1.6141
4.9568,1.6141
4.9573,1.6141
4.9579,1.6141
4.9584,1.6141
4.9589,1.6141
4.9594,1.6141
4.9599,1.6191
4.9605,1.6141
4.9610,1.6141
4.9616,1.6141
4.9622,1.6191
4.9627,1.6090
4.9633,1.6141
4.9638,1.6191
4.9644,1.6141
4.9649,1.6141
4.9654,1.6141
4.9659,1.6191
4.9665,1.6141
4.9670,1.6090
4.9675,1.6141
4.9680,1.6141
4.9686,1.6191
4.9693,1.6141
4.9699,1.6141
4.9704,1.6090
4.9709,1.6141
4.9714,1.6090
4.9720,1.6191
4.9725,1.6141
4.9730,1.6141
4.9735,1.6141
4.9741,1.6191
4.9746,1.6141
4.9751,1.6141
4.9756,1.6090
4.9762,1.6141
4.9767,1.6141
4.9772,1.6141
4.9777,1.6141
4.9782,1.6141
4.9788,1.6141
4.9793,1.6141
4.9798,1.6141
4.9803,1.6191
4.9809,1.6191
4.9814,1.6141
4.9819,1.6141
4.9824,1.6141
4.9829,1.6141
4.9835,1.6141
4.9840,1.6191
4.9845,1.6141
4.9850,1.6141
4.9857,1.6141
4.9863,1.6141
4.9868,1.6090
4.9873,1.6141
4.9879,1.6141
4.9884,1.6141
4.9889,1.6141
4.9894,1.6191
4.9899,1.6191
4.9905,1.6141
4.9910,1.6141
4.9915,1.6141
4.9920,1.6141
4.9926,1.6141
4.9931,1.6191
4.9936,1.6141
4.9941,1.6141
4.9947,1.6141
4.9952,1.6141
4.9957,1.6141
4.9962,1.6141
4.9968,1.6090
4.9973,1.6191
4.9978,1.6141
4.9983,1.6141
4.9989,1.6090
4.9994,1.6141
4.9999,1.6141
5.0004,1.6191
5.0009,1.6141
5.0015,1.6141
5.0020,1.6141
5.0025,1.6141
5.0030,1.6141
5.0036,1.6141
5.0041,1.6191
5.0046,1.6141
5.0051,1.6141
5.0057,1.6191
5.0062,1.6141
5.0067,1.6141
5.0072,1.6141
5.0078,1.6141
5.0083,1.6141
5.0088,1.6141
5.0093,1.6141
5.0098,1.6141
5.0104,1.6141
5.0109,1.6141
5.0114,1.6141
5.0119,1.6141
5.0125,1.6191
5.0130,1.6141
5.0135,1.6141
5.0140,1.6090
5.0146,1.6141
5.0151,1.6141
5.0156,1.6141
5.0161,1.6191
5.0167,1.6141
5.0172,1.6141
5.0177,1.6090
5.0182,1.6141
5.0187,1.6141
5.0193,1.6141
5.0198,1.6090
5.0203,1.6141
5.0208,1.6141
5.0214,1.6191
5.0219,1.6141
5.0224,1.6141
5.0229,1.6191
5.0235,1.6141
5.0240,1.6141
5.0245,1.6191
5.0250,1.6141
5.0256,1.6141
5.0261,1.6141
5.0266,1.6141
5.0271,1.6141
5.0276,1.6090
5.0282,1.6191
5.0287,1.6141
5.0292,1.6141
5.0297,1.6141
5.0303,1.6141
5.0308,1.6141
5.0313,1.6141
5.0318,1.6191
5.0324,1.6191
5.0329,1.6191
5.0334,1.6141
5.0339,1.6141
5.0345,1.6141
5.0350,1.6141
5.0355,1.6141
5.0360,1.6141
5.0365,1.6141
5.0371,1.6191
5.0376,1.6141
5.0381,1.6141
5.0386,1.6090
5.0392,1.6191
5.0397,1.6141
5.0402,1.6141
5.0407,1.6141
5.0413,1.6191
5.0418,1.6141
5.0423,1.6141
5.0428,1.6141
5.0434,1.6191
5.0439,1.6141
5.0445,1.6191
5.0451,1.6141
5.0457,1.6090
5.0462,1.6141
5.0468,1.6141
5.0473,1.6141
5.0479,1.6191
5.0485,1.6191
5.0491,1.6141
5.0496,1.6141
5.0501,1.6141
5.0506,1.6141
5.0512,1.6141
5.0517,1.6090
5.0522,1.6141
5.0528,1.6141
5.0534,1.6141
5.0539,1.6090
5.0545,1.6141
5.0551,1.6141
5.0556,1.6191
5.0562,1.6191
5.0568,1.6191
5.0573,1.6141
5.0578,1.6191
5.0584,1.6090
5.0589,1.6090
5.0595,1.6141
5.0600,1.6191
5.0605,1.6141
5.0611,1.6141
5.0616,1.6191
5.0621,1.6191
5.0626,1.6141
5.0632,1.6090
5.0637,1.6090
5.0642,1.6141
5.0647,1.6090
5.0652,1.6141
5.0658,1.6191
5.0663,1.6141
5.0668,1.6141
5.0673,1.6191
5.0678,1.6191
5.0684,1.6090
5.0689,1.6141
5.0694,1.6141
5.0700,1.6141
5.0705,1.6141
5.0710,1.6090
5.0715,1.6141
5.0721,1.6141
5.0726,1.6141
5.0731,1.6090
5.0736,1.6191
5.0742,1.6191
5.0747,1.6191
5.0752,1.6141
5.0758,1.6141
5.0763,1.6141
5.0768,1.6191
5.0774,1.6141
5.0779,1.6191
5.0784,1.6141
5.0789,1.6141
5.0795,1.6141
5.0800,1.6141
5.0805,1.6191
5.0811,1.6141
5.0816,1.6090
5.0822,1.6141
5.0827,1.6141
5.0833,1.6191
5.0838,1.6141
5.0844,1.6141
5.0849,1.6191
5.0855,1.6191
5.0860,1.6141
5.0866,1.6141
5.0871,1.6090
5.0877,1.6090
5.0882,1.6141
5.0887,1.6141
5.0893,1.6141
5.0898,1.6141
5.0903,1.6141
5.0909,1.6141
5.0914,1.6090
5.0919,1.6141
5.0925,1.6090
5.0930,1.6141
5.0936,1.6141
5.0941,1.6090
5.0947,1.6191
5.0952,1.6141
5.0957,1.6141
5.0962,1.6141
5.0968,1.6141
5.0973,1.6191
5.0978,1.6141
5.0983,1.6141
5.0988,1.6141
5.0994,1.6141
5.0999,1.6141
5.1004,1.6141
5.1009,1.6141
5.1015,1.6141
5.1020,1.6141
5.1025,1.6141
5.1030,1.6191
5.1035,1.6141
5.1041,1.6141
5.1046,1.6141
5.1051,1.6141
5.1056,1.6141
5.1062,1.6090
5.1067,1.6141
5.1072,1.6141
5.1077,1.6141
5.1083,1.6141
5.1088,1.6141
5.1093,1.6141
5.1098,1.6141
5.1104,1.6141
5.1109,1.6141
5.1114,1.6141
5.1119,1.6141
5.1124,1.6141
5.1130,1.6141
5.1135,1.6090
5.1140,1.6141
5.1145,1.6090
5.1151,1.6191
5.1156,1.6141
5.1161,1.6141
5.1166,1.6141
5.1171,1.6141
5.1177,1.6090
5.1182,1.6141
5.1187,1.6141
5.1192,1.6141
5.1198,1.6141
5.1203,1.6191
5.1208,1.6141
5.1213,1.6141
5.1218,1.6141
5.1224,1.6191
5.1229,1.6141
5.1234,1.6141
5.1239,1.6141
5.1244,1.6090
5.1250,1.6141
5.1255,1.6191
5.1260,1.6141
5.1265,1.6141
5.1271,1.6141
5.1276,1.6191
5.1281,1.6191
5.1286,1.6090
5.1291,1.6141
5.1297,1.6141
5.1302,1.6141
5.1307,1.6191
5.1312,1.6141
5.1318,1.6141
5.1323,1.6141
5.1328,1.6141
5.1333,1.6141
5.1338,1.6191
5.1344,1.6191
5.1349,1.6141
5.1354,1.6141
5.1360,1.6141
5.1365,1.6141
5.1370,1.6141
5.1376,1.6141
5.1381,1.6141
5.1386,1.6141
5.1391,1.6090
5.1397,1.6141
5.1402,1.6141
5.1407,1.6141
5.1412,1.6141
5.1417,1.6141
5.1423,1.6141
5.1428,1.6141
5.1433,1.6141
5.1438,1.6090
5.1444,1.6141
5.1449,1.6141
5.1454,1.6141
5.1459,1.6141
5.1464,1.6090
5.1470,1.6191
5.1475,1.6090
5.1480,1.6191
5.1485,1.6141
5.1491,1.6141
5.1496,1.6141
5.1501,1.6141
5.1506,1.6141
5.1511,1.6141
5.1517,1.6141
5.1522,1.6141
5.1527,1.6191
5.1532,1.6191
5.1538,1.6141
5.1543,1.6141
5.1548,1.6141
5.1553,1.6191
5.1558,1.6141
5.1564,1.6141
5.1569,1.6141
5.1574,1.6141
5.1579,1.6191
5.1585,1.6141
5.1590,1.6090
5.1595,1.6141
5.1600,1.6141
5.1606,1.6191
5.1611,1.6141
5.1616,1.6141
5.1621,1.6141
5.1626,1.6141
5.1632,1.6141
5.1637,1.6090
5.1642,1.6090
5.1647,1.6141
5.1653,1.6141
5.1658,1.6141
5.1663,1.6141
5.1668,1.6191
5.1673,1.6141
5.1679,1.6141
5.1684,1.6191
5.1689,1.6141
5.1694,1.6090
5.1699,1.6191
5.1705,1.6191
5.1710,1.6141
5.1715,1.6141
5.1720,1.6141
5.1726,1.6141
5.1731,1.6141
5.1736,1.6141
5.1742,1.6141
5.1747,1.6141
5.1752,1.6141
5.1757,1.6191
5.1762,1.6141
5.1768,1.6141
5.1773,1.6141
5.1778,1.6141
5.1783,1.6141
5.1789,1.6191
5.1794,1.6090
5.1799,1.6191
5.1804,1.6191
5.1810,1.6141
5.1815,1.6141
5.1820,1.6141
5.1825,1.6141
5.1831,1.6141
5.1836,1.6141
5.1841,1.6141
5.1846,1.6141
5.1852,1.6141
5.1857,1.6141
5.1862,1.6141
5.1867,1.6141
5.1872,1.6191
5.1878,1.6141
5.1883,1.6141
5.1888,1.6141
5.1893,1.6191
5.1899,1.6141
5.1904,1.6141
5.1909,1.6141
5.1914,1.6141
5.1920,1.6141
5.1925,1.6090
5.1930,1.6141
5.1935,1.6090
5.1941,1.6141
5.1946,1.6090
5.1951,1.6141
5.1956,1.6141
5.1961,1.6090
5.1967,1.6141
5.1972,1.6141
5.1977,1.6141
5.1982,1.6141
5.1988,1.6141
5.1993,1.6191
5.1998,1.6141
5.2003,1.6141
5.2009,1.6141
5.2014,1.6141
5.2019,1.6141
5.2024,1.6191
5.2030,1.6090
5.2035,1.6141
5.2040,1.6141
5.2045,1.6141
5.2050,1.6141
5.2056,1.6141
5.2061,1.6141
5.2066,1.6141
5.2071,1.6141
5.2077,1.6141
5.2082,1.6191
5.2087,1.6141
5.2092,1.6090
5.2098,1.6141
5.2103,1.6090
5.2108,1.6141
5.2113,1.6141
5.2119,1.6141
5.2124,1.6141
5.2129,1.6141
5.2134,1.6141
5.2140,1.6141
5.2145,1.6141
5.2150,1.6141
5.2155,1.6191
5.2160,1.6141
5.2166,1.6191
5.2171,1.6141
5.2176,1.6141
5.2181,1.6191
5.2187,1.6191
5.2192,1.6141
5.2197,1.6191
5.2202,1.6141
5.2208,1.6141
5.2213,1.6141
5.2218,1.6141
5.2223,1.6141
5.2229,1.6141
5.2234,1.6141
5.2239,1.6141
5.2244,1.6191
5.2249,1.6141
5.2255,1.6141
5.2260,1.6141
5.2265,1.6141
5.2270,1.6141
5.2276,1.6141
5.2281,1.6191
5.2286,1.6141
5.2291,1.6141
5.2297,1.6141
5.2302,1.6141
5.2307,1.6141
5.2312,1.6191
5.2318,1.6141
5.2323,1.6141
5.2328,1.6141
5.2333,1.6141
5.2338,1.6141
5.2344,1.6141
5.2349,1.6141
5.2354,1.6141
5.2359,1.6141
5.2365,1.6141
5.2370,1.6141
5.2375,1.6090
5.2380,1.6141
5.2386,1.6141
5.2391,1.6141
5.2396,1.6141
5.2401,1.6141
5.2407,1.6191
5.2412,1.6191
5.2417,1.6141
5.2422,1.6141
5.2428,1.6191
5.2433,1.6090
5.2438,1.6191
5.2443,1.6141
5.2449,1.6141
5.2454,1.6141
5.2459,1.6141
5.2464,1.6191
5.2470,1.6141
5.2475,1.6141
5.2480,1.6141
5.2485,1.6191
5.2490,1.6141
5.2496,1.6090
5.2501,1.6141
5.2506,1.6141
5.2511,1.6191
5.2517,1.6141
5.2522,1.6090
5.2527,1.6090
5.2532,1.6141
5.2538,1.6141
5.2543,1.6141
5.2548,1.6141
5.2553,1.6141
5.2559,1.6141
5.2564,1.6141
5.2569,1.6141
5.2574,1.6141
5.2580,1.6191
5.2585,1.6090
5.2590,1.6141
5.2595,1.6090
5.2601,1.6141
5.2606,1.6141
5.2611,1.6141
5.2616,1.6141
5.2622,1.6090
5.2627,1.6141
5.2632,1.6141
5.2637,1.6141
5.2642,1.6141
5.2648,1.6191
5.2653,1.6141
5.2658,1.6141
5.2663,1.6141
5.2669,1.6191
5.2674,1.6191
5.2679,1.6141
5.2684,1.6141
5.2690,1.6191
5.2695,1.6090
5.2700,1.6141
5.2705,1.6141
5.2711,1.6141
5.2716,1.6141
5.2721,1.6141
5.2726,1.6141
5.2731,1.6090
5.2737,1.6141
5.2742,1.6141
5.2747,1.6090
5.2759,1.6141
5.2764,1.6141
5.2769,1.6141
5.2774,1.6141
5.2780,1.6141
5.2785,1.6141
5.2790,1.6141
5.2795,1.6141
5.2801,1.6191
5.2806,1.6191
5.2811,1.6141
5.2816,1.6141
5.2822,1.6141
5.2827,1.6141
5.2832,1.6141
5.2837,1.6191
5.2843,1.6141
5.2848,1.6141
5.2853,1.6141
5.2858,1.6141
5.2864,1.6141
5.2869,1.6141
5.2874,1.6141
5.2879,1.6141
5.2885,1.6191
5.2890,1.6141
5.2895,1.6141
5.2900,1.6141
5.2905,1.6191
5.2911,1.6141
5.2916,1.6141
5.2921,1.6141
5.2926,1.6141
5.2932,1.6141
5.2937,1.6141
5.2942,1.6141
5.2947,1.6141
5.2953,1.6191
5.2958,1.6141
5.2963,1.6191
5.2968,1.6141
5.2974,1.6141
5.2979,1.6141
5.2984,1.6191
5.2989,1.6141
5.2995,1.6141
5.3000,1.6141
5.3005,1.6141
5.3010,1.6141
5.3015,1.6090
5.3021,1.6141
5.3026,1.6141
5.3031,1.6141
5.3036,1.6141
5.3042,1.6090
5.3047,1.6141
5.3052,1.6141
5.3057,1.6040
5.3063,1.6141
5.3068,1.6191
5.3073,1.6141
5.3078,1.6141
5.3084,1.6191
5.3089,1.6141
5.3094,1.6090
5.3099,1.6141
5.3105,1.6141
5.3110,1.6141
5.3115,1.6141
5.3120,1.6141
5.3126,1.6141
5.3131,1.6141
5.3136,1.6090
5.3141,1.6141
5.3147,1.6141
5.3152,1.6141
5.3157,1.6090
5.3162,1.6141
5.3168,1.6141
5.3173,1.6141
5.3178,1.6090
5.3183,1.6141
5.3189,1.6141
5.3194,1.6090
5.3199,1.6141
5.3204,1.6141
5.3209,1.6141
5.3215,1.6090
5.3220,1.6141
5.3225,1.6090
5.3230,1.6141
5.3236,1.6141
5.3241,1.6141
5.3246,1.6141
5.3251,1.6141
5.3257,1.6141
5.3262,1.6141
5.3267,1.6141
5.3272,1.6141
5.3278,1.6090
5.3283,1.6141
5.3288,1.6141
5.3293,1.6141
5.3299,1.6141
5.3304,1.6141
5.3309,1.6090
5.3314,1.6090
5.3319,1.6141
5.3325,1.6141
5.3330,1.6141
5.3335,1.6141
5.3340,1.6141
5.3346,1.6141
5.3351,1.6141
5.3356,1.6141
5.3361,1.6141
5.3367,1.6141
5.3372,1.6191
5.3378,1.6141
5.3383,1.6141
5.3388,1.6141
5.3393,1.6141
5.3399,1.6141
5.3404,1.6141
5.3409,1.6141
5.3414,1.6090
5.3420,1.6191
5.3425,1.6141
5.3430,1.6141
5.3435,1.6141
5.3440,1.6191
5.3446,1.6141
5.3451,1.6090
5.3456,1.6141
5.3461,1.6141
5.3467,1.6191
5.3472,1.6141
5.3477,1.6141
5.3482,1.6141
5.3488,1.6191
5.3493,1.6090
5.3498,1.6141
5.3503,1.6141
5.3509,1.6090
5.3514,1.6191
5.3519,1.6141
5.3524,1.6141
5.3529,1.6141
5.3535,1.6141
5.3540,1.6141
5.3545,1.6141
5.3550,1.6141
5.3556,1.6141
5.3561,1.6141
5.3566,1.6141
5.3571,1.6141
5.3577,1.6141
5.3582,1.6141
5.3587,1.6141
5.3592,1.6141
5.3598,1.6141
5.3603,1.6141
5.3608,1.6090
5.3613,1.6141
5.3619,1.6191
5.3624,1.6141
5.3629,1.6141
5.3634,1.6141
5.3639,1.6141
5.3645,1.6141
5.3650,1.6090
5.3655,1.6191
5.3660,1.6141
5.3666,1.6141
5.3671,1.6141
5.3676,1.6141
5.3681,1.6141
5.3687,1.6141
5.3692,1.6141
5.3697,1.6141
5.3702,1.6141
5.3708,1.6141
5.3713,1.6141
5.3718,1.6141
5.3723,1.6191
5.3729,1.6191
5.3734,1.6191
5.3739,1.6141
5.3744,1.6141
5.3750,1.6141
5.3755,1.6191
5.3760,1.6141
5.3765,1.6141
5.3771,1.6141
5.3776,1.6141
5.3781,1.6141
5.3786,1.6141
5.3792,1.6191
5.3797,1.6141
5.3802,1.6141
5.3807,1.6141
5.3812,1.6141
5.3818,1.6141
5.3823,1.6090
5.3828,1.6141
5.3833,1.6141
5.3839,1.6141
5.3844,1.6090
5.3849,1.6141
5.3854,1.6141
5.3860,1.6141
5.3865,1.6141
5.3870,1.6141
5.3875,1.6141
5.3881,1.6141
5.3886,1.6141
5.3891,1.6141
5.3896,1.6141
5.3902,1.6141
5.3907,1.6141
5.3912,1.6141
5.3917,1.6141
5.3923,1.6141
5.3928,1.6141
5.3933,1.6141
5.3938,1.6141
5.3943,1.6141
5.3949,1.6191
5.3954,1.6191
5.3959,1.6141
5.3964,1.6141
5.3970,1.6141
5.3975,1.6141
5.3980,1.6191
5.3985,1.6090
5.3991,1.6141
5.3996,1.6141
5.4001,1.6141
5.4006,1.6141
5.4012,1.6191
5.4017,1.6141
5.4022,1.6141
5.4027,1.6090
5.4033,1.6141
5.4038,1.6141
5.4043,1.6090
5.4048,1.6191
5.4053,1.6141
5.4059,1.6090
5.4064,1.6090
5.4069,1.6191
5.4075,1.6141
5.4080,1.6141
5.4085,1.6090
5.4090,1.6141
5.4096,1.6141
5.4101,1.6141
5.4106,1.6191
5.4111,1.6141
5.4117,1.6191
5.4122,1.6191
5.4127,1.6191
5.4132,1.6141
5.4137,1.6141
5.4143,1.6141
5.4148,1.6141
5.4153,1.6141
5.4159,1.6090
5.4164,1.6141
5.4169,1.6141
5.4174,1.6141
5.4180,1.6141
5.4185,1.6141
5.4190,1.6141
5.4195,1.6191
5.4201,1.6141
5.4206,1.6191
5.4211,1.6141
5.4216,1.6141
5.4221,1.6141
5.4227,1.6191
5.4232,1.6141
5.4237,1.6141
5.4242,1.6141
5.4248,1.6191
5.4253,1.6191
5.4258,1.6141
5.4263,1.6141
5.4269,1.6141
5.4274,1.6141
5.4279,1.6141
5.4284,1.6191
5.4290,1.6141
5.4295,1.6191
5.4300,1.6141
5.4305,1.6141
5.4311,1.6141
5.4316,1.6090
5.4321,1.6090
5.4326,1.6141
5.4332,1.6141
5.4337,1.6191
5.4342,1.6191
5.4347,1.6141
5.4352,1.6141
5.4358,1.6141
5.4363,1.6141
5.4368,1.6141
5.4373,1.6141
5.4379,1.6040
5.4384,1.6141
5.4389,1.6141
5.4394,1.6141
5.4400,1.6141
5.4405,1.6141
5.4410,1.6141
5.4415,1.6141
5.4421,1.6141
5.4426,1.6141
5.4431,1.6141
5.4436,1.6090
5.4442,1.6141
5.4447,1.6090
5.4452,1.6141
5.4457,1.6090
5.4463,1.6090
5.4468,1.6141
5.4473,1.6191
5.4478,1.6090
5.4483,1.6141
5.4489,1.6090
5.4494,1.6141
5.4499,1.6141
5.4504,1.6141
5.4510,1.6141
5.4515,1.6141
5.4520,1.6090
5.4525,1.6191
5.4531,1.6191
5.4536,1.6141
5.4541,1.6090
5.4546,1.6141
5.4552,1.6040
5.4557,1.6141
5.4562,1.6141
5.4567,1.6191
5.4573,1.6090
5.4578,1.6090
5.4583,1.6090
5.4588,1.6090
5.4593,1.6191
5.4599,1.6141
5.4604,1.6141
5.4609,1.6191
5.4614,1.6191
5.4620,1.6141
5.4625,1.6141
5.4630,1.6141
5.4635,1.6191
5.4641,1.6141
5.4646,1.6090
5.4651,1.6141
5.4656,1.6141
5.4662,1.6090
5.4667,1.6191
5.4672,1.6141
5.4677,1.6141
5.4682,1.6141
5.4688,1.6141
5.4693,1.6141
5.4698,1.6141
5.4703,1.6141
5.4709,1.6090
5.4714,1.6141
5.4719,1.6191
5.4724,1.6191
5.4730,1.6141
5.4735,1.6141
5.4740,1.6141
5.4745,1.6141
5.4751,1.6090
5.4756,1.6141
5.4761,1.6141
5.4766,1.6141
5.4772,1.6141
5.4777,1.6141
5.4782,1.6191
5.4787,1.6141
5.4793,1.6191
5.4798,1.6141
5.4803,1.6141
5.4808,1.6141
5.4813,1.6141
5.4819,1.6141
5.4824,1.6141
5.4829,1.6141
5.4834,1.6141
5.4840,1.6141
5.4845,1.6141
5.4850,1.6191
5.4855,1.6141
5.4861,1.6191
5.4866,1.6141
5.4871,1.6191
5.4876,1.6141
5.4882,1.6191
5.4887,1.6090
5.4892,1.6191
5.4898,1.6141
5.4903,1.6141
5.4908,1.6141
5.4913,1.6141
5.4919,1.6141
5.4924,1.6141
5.4929,1.6141
5.4934,1.6141
5.4940,1.6141
5.4945,1.6141
5.4950,1.6191
5.4955,1.6090
5.4961,1.6141
5.4966,1.6141
5.4971,1.6191
5.4976,1.6141
5.4982,1.6141
5.4987,1.6141
5.4992,1.6141
5.4997,1.6141
5.5002,1.6141
5.5008,1.6141
5.5013,1.6141
5.5018,1.6141
5.5023,1.6141
5.5029,1.6141
5.5034,1.6141
5.5039,1.6090
5.5044,1.6191
5.5050,1.6141
5.5055,1.6141
5.5060,1.6090
5.5065,1.6141
5.5071,1.6141
5.5076,1.6141
5.5081,1.6191
5.5086,1.6141
5.5092,1.6090
5.5097,1.6141
5.5102,1.6141
5.5107,1.6141
5.5113,1.6141
5.5118,1.6141
5.5123,1.6141
5.5128,1.6141
5.5134,1.6090
5.5139,1.6141
5.5144,1.6191
5.5149,1.6191
5.5155,1.6141
5.5160,1.6141
5.5165,1.6141
5.5170,1.6141
5.5175,1.6191
5.5181,1.6141
5.5186,1.6141
5.5191,1.6090
5.5196,1.6141
5.5202,1.6141
5.5207,1.6141
5.5212,1.6090
5.5217,1.6141
5.5223,1.6191
5.5228,1.6191
5.5233,1.6141
5.5238,1.6191
5.5244,1.6090
5.5249,1.6090
5.5254,1.6141
5.5259,1.6141
5.5264,1.6141
5.5270,1.6191
5.5275,1.6090
5.5280,1.6141
5.5285,1.6141
5.5291,1.6090
5.5296,1.6141
5.5301,1.6141
5.5306,1.6090
5.5312,1.6141
5.5317,1.6141
5.5322,1.6141
5.5327,1.6141
5.5333,1.6141
5.5338,1.6141
5.5343,1.6141
5.5348,1.6141
5.5354,1.6141
5.5359,1.6141
5.5364,1.6141
5.5369,1.6141
5.5374,1.6141
5.5380,1.6141
5.5385,1.6191
5.5390,1.6141
5.5395,1.6141
5.5401,1.6141
5.5406,1.6141
5.5411,1.6141
5.5416,1.6141
5.5422,1.6090
5.5427,1.6141
5.5432,1.6141
5.5438,1.6141
5.5443,1.6141
5.5449,1.6191
5.5455,1.6141
5.5460,1.6141
5.5466,1.6141
5.5471,1.6141
5.5476,1.6191
5.5482,1.6141
5.5487,1.6141
5.5493,1.6141
5.5498,1.6141
5.5503,1.6141
5.5508,1.6191
5.5514,1.6141
5.5519,1.6141
5.5525,1.6141
5.5533,1.6191
5.5539,1.6141
5.5545,1.6141
5.5550,1.6141
5.5556,1.6090
5.5562,1.6141
5.5567,1.6090
5.5572,1.6141
5.5577,1.6141
5.5583,1.6090
5.5588,1.6191
5.5594,1.6141
5.5599,1.6141
5.5604,1.6141
5.5609,1.6141
5.5615,1.6141
5.5620,1.6141
5.5625,1.6141
5.5630,1.6141
5.5636,1.6141
5.5641,1.6141
5.5646,1.6141
5.5651,1.6141
5.5657,1.6141
5.5662,1.6191
5.5667,1.6090
5.5672,1.6191
5.5677,1.6191
5.5683,1.6141
5.5688,1.6141
5.5693,1.6141
5.5698,1.6141
5.5704,1.6141
5.5709,1.6191
5.5715,1.6090
5.5721,1.6191
5.5727,1.6191
5.5733,1.6090
5.5738,1.6141
5.5744,1.6141
5.5750,1.6191
5.5755,1.6141
5.5760,1.6141
5.5765,1.6141
5.5771,1.6141
5.5776,1.6090
5.5781,1.6090
5.5786,1.6141
5.5791,1.6141
5.5797,1.6141
5.5802,1.6141
5.5807,1.6191
5.5812,1.6141
5.5818,1.6141
5.5823,1.6141
5.5828,1.6141
5.5833,1.6141
5.5838,1.6141
5.5844,1.6191
5.5849,1.6191
5.5854,1.6141
5.5859,1.6141
5.5865,1.6141
5.5870,1.6141
5.5875,1.6141
5.5881,1.6191
5.5886,1.6141
5.5891,1.6141
5.5896,1.6141
5.5902,1.6141
5.5907,1.6141
5.5912,1.6141
5.5917,1.6040
5.5923,1.6141
5.5928,1.6141
5.5933,1.6141
5.5938,1.6090
5.5944,1.6141
5.5949,1.6141
5.5954,1.6090
5.5959,1.6191
5.5964,1.6141
5.5970,1.6141
5.5975,1.6141
5.5980,1.6141
5.5985,1.6090
5.5991,1.6141
5.5996,1.6090
5.6001,1.6090
5.6006,1.6141
5.6011,1.6141
5.6017,1.6141
5.6022,1.6090
5.6027,1.6090
5.6033,1.6141
5.6038,1.6141
5.6043,1.6141
5.6048,1.6141
5.6054,1.6141
5.6059,1.6141
5.6065,1.6090
5.6070,1.6141
5.6076,1.6141
5.6081,1.6141
5.6087,1.6141
5.6092,1.6090
5.6098,1.6141
5.6103,1.6141
5.6109,1.6141
5.6114,1.6141
5.6120,1.6141
5.6125,1.6141
5.6131,1.6141
5.6136,1.6141
5.6142,1.6141
5.6147,1.6141
5.6153,1.6141
5.6158,1.6141
5.6164,1.6141
5.6169,1.6141
5.6175,1.6141
5.6180,1.6141
5.6186,1.6191
5.6191,1.6141
5.6197,1.6141
5.6202,1.6141
5.6208,1.6141
5.6213,1.6141
5.6219,1.6090
5.6224,1.6141
5.6229,1.6141
5.6235,1.6090
5.6240,1.6090
5.6246,1.6141
5.6251,1.6090
5.6257,1.6141
5.6262,1.6141
5.6268,1.6090
5.6273,1.6191
5.6279,1.6141
5.6284,1.6141
5.6290,1.6141
5.6295,1.6141
5.6301,1.6141
5.6306,1.6090
5.6312,1.6141
5.6317,1.6090
5.6323,1.6090
5.6328,1.6090
5.6334,1.6090
5.6339,1.6141
5.6345,1.6141
5.6350,1.6141
5.6356,1.6040
5.6361,1.6141
5.6367,1.6141
5.6372,1.6141
5.6378,1.6090
5.6383,1.6141
5.6389,1.6191
5.6394,1.6141
5.6400,1.6141
5.6406,1.6141
5.6411,1.6141
5.6417,1.6141
5.6422,1.6141
5.6428,1.6141
5.6433,1.6191
5.6439,1.6141
5.6444,1.6141
5.6450,1.6141
5.6455,1.6090
5.6461,1.6141
5.6466,1.6141
5.6472,1.6141
5.6477,1.6141
5.6483,1.6191
5.6488,1.6090
5.6494,1.6141
5.6499,1.6090
5.6505,1.6141
5.6510,1.6191
5.6516,1.6141
5.6521,1.6191
5.6527,1.6141
5.6533,1.6141
5.6538,1.6141
5.6544,1.6141
5.6549,1.6141
5.6555,1.6090
5.6560,1.6090
5.6566,1.6141
5.6571,1.6141
5.6577,1.6141
5.6582,1.6191
5.6588,1.6141
5.6593,1.6141
5.6599,1.6141
5.6604,1.6141
5.6610,1.6090
5.6615,1.6141
5.6621,1.6141
5.6626,1.6191
5.6632,1.6141
5.6637,1.6141
5.6643,1.6141
5.6648,1.6141
5.6654,1.6141
5.6660,1.6141
5.6665,1.6141
5.6671,1.6141
5.6676,1.6141
5.6682,1.6090
5.6687,1.6090
5.6693,1.6141
5.6698,1.6090
5.6704,1.6141
5.6709,1.6090
5.6715,1.6090
5.6720,1.6141
5.6726,1.6090
5.6731,1.6141
5.6737,1.6090
5.6742,1.6141
5.6748,1.6141
5.6753,1.6141
5.6759,1.6090
5.6764,1.6141
5.6770,1.6141
5.6775,1.6141
5.6781,1.6141
5.6786,1.6090
5.6792,1.6141
5.6797,1.6141
5.6803,1.6090
5.6808,1.6090
5.6818,1.6141
5.6860,1.6141
5.6866,1.6141
5.6872,1.6141
5.6877,1.6141
5.6883,1.6090
5.6889,1.6090
5.6894,1.6141
5.6900,1.6141
5.6905,1.6090
5.6911,1.6141
5.6916,1.6090
5.6922,1.6141
5.6927,1.6141
5.6933,1.6141
5.6938,1.6141
5.6944,1.6141
5.6949,1.6141
5.6955,1.6141
5.6960,1.6141
5.6966,1.6141
5.6971,1.6141
5.6977,1.6141
5.6982,1.6090
5.6988,1.6141
5.6993,1.6141
5.6999,1.6141
5.7005,1.6191
5.7010,1.6141
5.7016,1.6141
5.7021,1.6141
5.7027,1.6141
5.7032,1.6090
5.7038,1.6090
5.7043,1.6090
5.7049,1.6141
5.7054,1.6141
5.7060,1.6191
5.7065,1.6141
5.7071,1.6040
5.7076,1.6141
5.7082,1.6141
5.7087,1.6141
5.7093,1.6141
5.7098,1.6090
5.7104,1.6141
5.7109,1.6141
5.7115,1.6141
5.7120,1.6141
5.7126,1.6191
5.7131,1.6141
5.7137,1.6141
5.7142,1.6141
5.7148,1.6141
5.7153,1.6141
5.7159,1.6141
5.7164,1.6141
5.7170,1.6141
5.7176,1.6141
5.7181,1.6090
5.7187,1.6191
5.7192,1.6141
5.7198,1.6141
5.7203,1.6141
5.7209,1.6141
5.7214,1.6141
5.7220,1.6141
5.7225,1.6090
5.7231,1.6141
5.7236,1.6141
5.7242,1.6090
5.7247,1.6141
5.7253,1.6141
5.7258,1.6141
5.7264,1.6090
5.7269,1.6141
5.7275,1.6141
5.7280,1.6141
5.7286,1.6141
5.7291,1.6141
5.7297,1.6090
5.7302,1.6141
5.7308,1.6191
5.7313,1.6141
5.7319,1.6141
5.7324,1.6141
5.7330,1.6141
5.7335,1.6141
5.7341,1.6141
5.7346,1.6141
5.7352,1.6141
5.7357,1.6141
5.7363,1.6090
5.7368,1.6090
5.7374,1.6141
5.7379,1.6141
5.7385,1.6141
5.7391,1.6141
5.7396,1.6141
5.7402,1.6141
5.7407,1.6141
5.7413,1.6141
5.7418,1.6141
5.7424,1.6141
5.7429,1.6141
5.7435,1.6141
5.7440,1.6141
5.7446,1.6141
5.7451,1.6141
5.7457,1.6141
5.7462,1.6090
5.7468,1.6141
5.7473,1.6141
5.7479,1.6141
5.7484,1.6141
5.7490,1.6141
5.7495,1.6141
5.7501,1.6141
5.7506,1.6090
5.7512,1.6141
5.7517,1.6141
5.7523,1.6141
5.7528,1.6141
5.7534,1.6090
5.7539,1.6090
5.7545,1.6141
5.7550,1.6141
5.7556,1.6141
5.7561,1.6141
5.7567,1.6141
5.7572,1.6090
5.7578,1.6090
5.7584,1.6090
5.7589,1.6141
5.7595,1.6141
5.7600,1.6141
5.7606,1.6141
5.7611,1.6090
5.7617,1.6141
5.7622,1.6141
5.7628,1.6141
5.7633,1.6090
5.7639,1.6141
5.7644,1.6141
5.7650,1.6141
5.7655,1.6141
5.7661,1.6141
5.7666,1.6141
5.7672,1.6141
5.7677,1.6141
5.7683,1.6141
5.7688,1.6090
5.7694,1.6141
5.7699,1.6141
5.7705,1.6141
5.7710,1.6191
5.7716,1.6191
5.7721,1.6141
5.7727,1.6141
5.7732,1.6141
5.7738,1.6090
5.7743,1.6141
5.7749,1.6090
5.7754,1.6141
5.7760,1.6141
5.7765,1.6090
5.7771,1.6090
5.7776,1.6141
5.7782,1.6141
5.7787,1.6090
5.7793,1.6141
5.7798,1.6141
5.7804,1.6141
5.7809,1.6141
5.7815,1.6191
5.7820,1.6040
5.7826,1.6141
5.7831,1.6141
5.7837,1.6191
5.7842,1.6141
5.7848,1.6141
5.7853,1.6141
5.7859,1.6141
5.7864,1.6141
5.7870,1.6141
5.7876,1.6141
5.7881,1.6141
5.7887,1.6090
5.7892,1.6090
5.7898,1.6141
5.7903,1.6141
5.7909,1.6090
5.7914,1.6141
5.7920,1.6141
5.7925,1.6141
5.7931,1.6090
5.7936,1.6141
5.7942,1.6141
5.7947,1.6141
5.7953,1.6090
5.7958,1.6141
5.7964,1.6090
5.7970,1.6141
5.7975,1.6141
5.7981,1.6090
5.7986,1.6141
5.7992,1.6141
5.7997,1.6191
5.8003,1.6090
5.8008,1.6141
5.8014,1.6141
5.8019,1.6141
5.8025,1.6090
5.8030,1.6141
5.8036,1.6141
5.8041,1.6141
5.8047,1.6141
5.8052,1.6141
5.8058,1.6090
5.8064,1.6141
5.8069,1.6090
5.8075,1.6141
5.8080,1.6141
5.8086,1.6141
5.8091,1.6141
5.8097,1.6141
5.8102,1.6141
5.8108,1.6141
5.8113,1.6090
5.8119,1.6141
5.8124,1.6090
5.8130,1.6141
5.8135,1.6090
5.8141,1.6141
5.8146,1.6090
5.8152,1.6090
5.8157,1.6141
5.8163,1.6141
5.8168,1.6141
5.8174,1.6090
5.8179,1.6090
5.8185,1.6141
5.8191,1.6090
5.8196,1.6141
5.8202,1.6090
5.8207,1.6090
5.8213,1.6141
5.8218,1.6141
5.8224,1.6141
5.8229,1.6141
5.8235,1.6141
5.8240,1.6141
5.8246,1.6141
5.8251,1.6141
5.8257,1.6141
5.8262,1.6090
5.8268,1.6090
5.8273,1.6141
5.8279,1.6141
5.8284,1.6040
5.8290,1.6141
5.8295,1.6141
5.8301,1.6141
5.8306,1.6090
5.8312,1.6141
5.8317,1.6141
5.8323,1.6090
5.8328,1.6141
5.8334,1.6141
5.8339,1.6141
5.8345,1.6141
5.8350,1.6090
5.8356,1.6141
5.8361,1.6191
5.8367,1.6141
5.8372,1.6090
5.8378,1.6090
5.8383,1.6141
5.8389,1.6141
5.8394,1.6141
5.8400,1.6090
5.8405,1.6141
5.8411,1.6141
5.8416,1.6141
5.8422,1.6141
5.8427,1.6141
5.8433,1.6141
5.8438,1.6141
5.8444,1.6090
5.8449,1.6141
5.8455,1.6141
5.8460,1.6141
5.8466,1.6141
5.8471,1.6141
5.8477,1.6191
5.8482,1.6090
5.8488,1.6141
5.8493,1.6141
5.8499,1.6141
5.8504,1.6141
5.8510,1.6141
5.8515,1.6141
5.8521,1.6141
5.8527,1.6141
5.8532,1.6141
5.8538,1.6141
5.8543,1.6141
5.8549,1.6141
5.8554,1.6141
5.8560,1.6141
5.8565,1.6141
5.8571,1.6141
5.8576,1.6191
5.8582,1.6141
5.8587,1.6141
5.8593,1.6141
5.8598,1.6141
5.8604,1.6141
5.8609,1.6141
5.8615,1.6141
5.8620,1.6141
5.8626,1.6141
5.8631,1.6141
5.8637,1.6090
5.8642,1.6141
5.8648,1.6191
5.8653,1.6090
5.8659,1.6141
5.8665,1.6141
5.8670,1.6141
5.8676,1.6141
5.8681,1.6141
5.8687,1.6141
5.8692,1.6141
5.8698,1.6141
5.8703,1.6090
5.8709,1.6090
5.8714,1.6141
5.8720,1.6191
5.8725,1.6141
5.8731,1.6141
5.8736,1.6141
5.8742,1.6141
5.8747,1.6141
5.8753,1.6141
5.8758,1.6090
5.8764,1.6141
5.8769,1.6141
5.8775,1.6141
5.8780,1.6141
5.8786,1.6141
5.8791,1.6141
5.8797,1.6141
5.8802,1.6141
5.8808,1.6141
5.8813,1.6141
5.8819,1.6191
5.8824,1.6141
5.8830,1.6141
5.8835,1.6141
5.8841,1.6141
5.8846,1.6141
5.8852,1.6141
5.8857,1.6141
5.8863,1.6090
5.8868,1.6191
5.8874,1.6141
5.8879,1.6141
5.8885,1.6141
5.8890,1.6090
5.8896,1.6141
5.8901,1.6141
5.8907,1.6141
5.8912,1.6141
5.8918,1.6141
5.8923,1.6191
5.8929,1.6090
5.8935,1.6141
5.8940,1.6040
5.8946,1.6141
5.8951,1.6141
5.8957,1.6141
5.8962,1.6141
5.8968,1.6141
5.8973,1.6141
5.8979,1.6141
5.8984,1.6090
5.8990,1.6141
5.8995,1.6141
5.9001,1.6141
5.9006,1.6191
5.9012,1.6141
5.9017,1.6141
5.9023,1.6141
5.9028,1.6141
5.9034,1.6191
5.9039,1.6141
5.9045,1.6141
5.9050,1.6141
5.9056,1.6141
5.9061,1.6090
5.9067,1.6141
5.9073,1.6141
5.9078,1.6141
5.9084,1.6141
5.9089,1.6141
5.9095,1.6141
5.9100,1.6090
5.9106,1.6090
5.9111,1.6141
5.9117,1.6090
5.9122,1.6090
5.9128,1.6141
5.9133,1.6141
5.9139,1.6141
5.9144,1.6141
5.9150,1.6090
5.9155,1.6141
5.9161,1.6141
5.9166,1.6191
5.9172,1.6141
5.9177,1.6141
5.9183,1.6141
5.9188,1.6141
5.9194,1.6090
5.9199,1.6141
5.9205,1.6141
5.9210,1.6141
5.9216,1.6141
5.9221,1.6090
5.9227,1.6141
5.9232,1.6090
5.9238,1.6141
5.9243,1.6141
5.9249,1.6090
5.9254,1.6090
5.9260,1.6090
5.9265,1.6141
5.9271,1.6141
5.9277,1.6141
5.9282,1.6141
5.9288,1.6141
5.9293,1.6090
5.9299,1.6090
5.9304,1.6141
5.9310,1.6141
5.9315,1.6141
5.9321,1.6141
5.9326,1.6141
5.9332,1.6090
5.9337,1.6141
5.9343,1.6191
5.9348,1.6090
5.9354,1.6141
5.9359,1.6191
5.9365,1.6141
5.9370,1.6191
5.9376,1.6191
5.9381,1.6141
5.9387,1.6090
5.9392,1.6141
5.9398,1.6141
5.9403,1.6141
5.9409,1.6141
5.9414,1.6141
5.9420,1.6090
5.9425,1.6141
5.9431,1.6040
5.9436,1.6141
5.9442,1.6141
5.9447,1.6141
5.9453,1.6141
5.9458,1.6090
5.9464,1.6141
5.9470,1.6141
5.9475,1.6141
5.9481,1.6141
5.9486,1.6191
5.9492,1.6191
5.9497,1.6141
5.9503,1.6141
5.9508,1.6090
5.9514,1.6191
5.9519,1.6191
5.9525,1.6141
5.9530,1.6141
5.9536,1.6141
5.9541,1.6141
5.9547,1.6141
5.9552,1.6141
5.9558,1.6191
5.9563,1.6090
5.9569,1.6090
5.9574,1.6141
5.9580,1.6090
5.9585,1.6090
5.9591,1.6141
5.9596,1.6141
5.9602,1.6141
5.9607,1.6141
5.9613,1.6141
5.9618,1.6141
5.9624,1.6141
5.9629,1.6141
5.9635,1.6141
5.9640,1.6040
5.9646,1.6141
5.9651,1.6141
5.9657,1.6141
5.9662,1.6141
5.9668,1.6141
5.9673,1.6141
5.9679,1.6141
5.9684,1.6090
5.9690,1.6090
5.9695,1.6141
5.9701,1.6141
5.9706,1.6141
5.9712,1.6141
5.9717,1.6141
5.9723,1.6141
5.9728,1.6141
5.9734,1.6090
5.9739,1.6141
5.9745,1.6090
5.9750,1.6141
5.9756,1.6141
5.9761,1.6141
5.9767,1.6141
5.9773,1.6141
5.9778,1.6090
5.9784,1.6141
5.9789,1.6141
5.9795,1.6141
5.9800,1.6090
5.9806,1.6141
5.9811,1.6090
5.9817,1.6141
5.9822,1.6090
5.9828,1.6141
5.9833,1.6040
5.9838,1.6191
5.9844,1.6141
5.9849,1.6141
5.9855,1.6040
5.9861,1.6090
5.9866,1.6141
5.9872,1.6141
5.9877,1.6141
5.9883,1.6141
5.9888,1.6141
5.9894,1.6141
5.9899,1.6141
5.9905,1.6141
5.9910,1.6090
5.9916,1.6141
5.9921,1.6090
5.9927,1.6141
5.9932,1.6090
5.9938,1.6141
5.9943,1.6141
5.9949,1.6141
5.9954,1.6141
5.9960,1.6141
5.9965,1.6090
5.9971,1.6141
5.9977,1.6141
5.9982,1.6141
5.9988,1.6191
5.9993,1.6090
5.9999,1.6141
6.0004,1.6090
6.0010,1.6141
6.0015,1.6141
6.0021,1.6090
6.0026,1.6090
6.0032,1.6141
6.0038,1.6090
6.0043,1.6141
6.0049,1.6141
6.0054,1.6141
6.0060,1.6090
6.0065,1.6141
6.0071,1.6141
6.0076,1.6141
6.0082,1.6141
6.0087,1.6141
6.0093,1.6141
6.0098,1.6141
6.0104,1.6141
6.0109,1.6141
6.0115,1.6141
6.0121,1.6141
6.0126,1.6141
6.0132,1.6141
6.0137,1.6090
6.0143,1.6141
6.0148,1.6090
6.0154,1.6141
6.0159,1.6141
6.0165,1.6090
6.0170,1.6141
6.0176,1.6090
6.0181,1.6141
6.0187,1.6191
6.0192,1.6141
6.0198,1.6141
6.0203,1.6090
6.0209,1.6141
6.0214,1.6141
6.0220,1.6090
6.0225,1.6141
6.0231,1.6141
6.0236,1.6141
6.0242,1.6191
6.0247,1.6141
6.0253,1.6141
6.0258,1.6141
6.0264,1.6141
6.0269,1.6090
6.0275,1.6141
6.0280,1.6141
6.0286,1.6141
6.0291,1.6090
6.0297,1.6191
6.0302,1.6141
6.0308,1.6141
6.0313,1.6090
6.0319,1.6141
6.0324,1.6090
6.0330,1.6141
6.0335,1.6141
6.0341,1.6191
6.0346,1.6141
6.0352,1.6141
6.0357,1.6141
6.0363,1.6141
6.0368,1.6090
6.0374,1.6141
6.0379,1.6191
6.0385,1.6141
6.0390,1.6141
6.0396,1.6191
6.0401,1.6141
6.0407,1.6141
6.0413,1.6090
6.0418,1.6141
6.0424,1.6141
6.0429,1.6141
6.0435,1.6141
6.0440,1.6141
6.0447,1.6141
6.0453,1.6141
6.0459,1.6090
6.0465,1.6040
6.0471,1.6090
6.0476,1.6090
6.0482,1.6141
6.0488,1.6090
6.0493,1.6141
6.0499,1.6141
6.0505,1.6141
6.0510,1.6141
6.0516,1.6141
6.0522,1.6141
6.0527,1.6090
6.0534,1.6141
6.0540,1.6141
6.0546,1.6141
6.0552,1.6191
6.0557,1.6141
6.0563,1.6090
6.0568,1.6090
6.0574,1.6090
6.0579,1.6090
6.0585,1.6141
6.0590,1.6141
6.0596,1.6141
6.0601,1.6141
6.0622,1.6090
6.0634,1.6141
6.0640,1.6141
6.0645,1.6141
6.0651,1.6141
6.0657,1.6141
6.0663,1.6141
6.0669,1.6191
6.0675,1.6090
6.0681,1.6141
6.0687,1.6141
6.0692,1.6040
6.0698,1.6090
6.0704,1.6090
6.0710,1.6141
6.0716,1.6090
6.0722,1.6090
6.0727,1.6141
6.0733,1.6141
6.0738,1.6090
6.0744,1.6141
6.0749,1.6141
6.0755,1.6141
6.0760,1.6141
6.0766,1.6141
6.0772,1.6141
6.0777,1.6141
6.0783,1.6141
6.0788,1.6141
6.0794,1.6090
6.0799,1.6141
6.0805,1.6141
6.0810,1.6141
6.0816,1.6090
6.0821,1.6141
6.0827,1.6141
6.0832,1.6141
6.0838,1.6090
6.0843,1.6141
6.0849,1.6141
6.0854,1.6090
6.0860,1.6141
6.0865,1.6090
6.0871,1.6191
6.0877,1.6141
6.0882,1.6141
6.0888,1.6141
6.0893,1.6090
6.0899,1.6141
6.0905,1.6191
6.0910,1.6141
6.0916,1.6141
6.0921,1.6141
6.0926,1.6141
6.0932,1.6141
6.0937,1.6141
6.0943,1.6141
6.0948,1.6141
6.0954,1.6090
6.0960,1.6141
6.0965,1.6141
6.0971,1.6141
6.0976,1.6191
6.0982,1.6090
6.0987,1.6191
6.0993,1.6141
6.0998,1.6141
6.1004,1.6191
6.1009,1.6141
6.1015,1.6141
6.1020,1.6090
6.1026,1.6141
6.1031,1.6141
6.1037,1.6141
6.1042,1.6141
6.1048,1.6141
6.1053,1.6090
6.1059,1.6141
6.1064,1.6141
6.1070,1.6090
6.1075,1.6141
6.1081,1.6141
6.1088,1.6191
6.1093,1.6090
6.1098,1.6090
6.1104,1.6141
6.1109,1.6141
6.1115,1.6090
6.1120,1.6141
6.1126,1.6141
6.1131,1.6141
6.1136,1.6141
6.1142,1.6090
6.1147,1.6141
6.1153,1.6141
6.1158,1.6141
6.1163,1.6090
6.1169,1.6141
6.1174,1.6141
6.1180,1.6191
6.1185,1.6141
6.1191,1.6191
6.1196,1.6141
6.1201,1.6141
6.1207,1.6090
6.1212,1.6141
6.1218,1.6090
6.1223,1.6141
6.1228,1.6141
6.1234,1.6141
6.1239,1.6141
6.1245,1.6141
6.1250,1.6090
6.1255,1.6141
6.1261,1.6040
6.1266,1.6090
6.1272,1.6141
6.1277,1.6090
6.1283,1.6141
6.1288,1.6090
6.1293,1.6141
6.1299,1.6141
6.1304,1.6141
6.1310,1.6141
6.1315,1.6090
6.1320,1.6141
6.1326,1.6141
6.1331,1.6090
6.1337,1.6141
6.1342,1.6090
6.1347,1.6141
6.1353,1.6090
6.1358,1.6141
6.1364,1.6191
6.1369,1.6141
6.1375,1.6141
6.1380,1.6090
6.1386,1.6141
6.1391,1.6141
6.1397,1.6141
6.1402,1.6191
6.1408,1.6090
6.1413,1.6090
6.1419,1.6141
6.1424,1.6141
6.1430,1.6141
6.1435,1.6090
6.1440,1.6090
6.1446,1.6141
6.1451,1.6090
6.1457,1.6141
6.1462,1.6090
6.1468,1.6141
6.1473,1.6141
6.1479,1.6141
6.1484,1.6141
6.1489,1.6191
6.1495,1.6090
6.1500,1.6141
6.1506,1.6141
6.1511,1.6141
6.1517,1.6141
6.1522,1.6141
6.1528,1.6141
6.1533,1.6141
6.1538,1.6090
6.1544,1.6090
6.1549,1.6141
6.1555,1.6141
6.1560,1.6141
6.1566,1.6090
6.1571,1.6141
6.1577,1.6141
6.1582,1.6141
6.1588,1.6141
6.1593,1.6141
6.1598,1.6141
6.1604,1.6141
6.1610,1.6141
6.1615,1.6141
6.1621,1.6141
6.1627,1.6141
6.1632,1.6141
6.1638,1.6141
6.1644,1.6141
6.1649,1.6141
6.1655,1.6141
6.1660,1.6141
6.1666,1.6141
6.1671,1.6141
6.1677,1.6141
6.1682,1.6141
6.1687,1.6141
6.1693,1.6141
6.1698,1.6141
6.1704,1.6090
6.1709,1.6141
6.1715,1.6141
6.1720,1.6141
6.1726,1.6141
6.1731,1.6141
6.1737,1.6141
6.1742,1.6141
6.1747,1.6141
6.1753,1.6141
6.1758,1.6141
6.1764,1.6191
6.1769,1.6090
6.1774,1.6141
6.1780,1.6141
6.1785,1.6141
6.1791,1.6141
6.1796,1.6090
6.1801,1.6141
6.1807,1.6090
6.1812,1.6141
6.1818,1.6141
6.1823,1.6141
6.1829,1.6141
6.1834,1.6141
6.1839,1.6141
6.1845,1.6141
6.1850,1.6141
6.1856,1.6090
6.1861,1.6141
6.1867,1.6141
6.1872,1.6141
6.1878,1.6141
6.1883,1.6191
6.1888,1.6141
6.1894,1.6141
6.1899,1.6141
6.1905,1.6141
6.1910,1.6141
6.1916,1.6141
6.1921,1.6141
6.1927,1.6141
6.1932,1.6141
6.1938,1.6141
6.1943,1.6141
6.1948,1.6141
6.1954,1.6141
6.1959,1.6141
6.1965,1.6141
6.1970,1.6090
6.1976,1.6141
6.1981,1.6090
6.1987,1.6141
6.1992,1.6141
6.1997,1.6141
6.2003,1.6191
6.2008,1.6141
6.2014,1.6141
6.2019,1.6090
6.2025,1.6141
6.2030,1.6141
6.2036,1.6141
6.2041,1.6141
6.2047,1.6141
6.2052,1.6141
6.2057,1.6141
6.2063,1.6141
6.2068,1.6040
6.2074,1.6141
6.2079,1.6090
6.2085,1.6090
6.2091,1.6141
6.2097,1.6090
6.2102,1.6141
6.2108,1.6141
6.2113,1.6141
6.2119,1.6141
6.2124,1.6141
6.2130,1.6141
6.2135,1.6141
6.2141,1.6141
6.2146,1.6141
6.2152,1.6141
6.2158,1.6141
6.2163,1.6090
6.2169,1.6141
6.2174,1.6141
6.2180,1.6141
6.2185,1.6141
6.2191,1.6141
6.2196,1.6141
6.2202,1.6141
6.2207,1.6141
6.2213,1.6141
6.2218,1.6141
6.2224,1.6141
6.2229,1.6090
6.2235,1.6090
6.2240,1.6090
6.2246,1.6141
6.2251,1.6141
6.2257,1.6141
6.2262,1.6141
6.2268,1.6141
6.2273,1.6141
6.2279,1.6141
6.2284,1.6141
6.2290,1.6141
6.2295,1.6141
6.2301,1.6141
6.2306,1.6141
6.2312,1.6141
6.2317,1.6141
6.2323,1.6141
6.2328,1.6141
6.2334,1.6141
6.2339,1.6141
6.2345,1.6141
6.2350,1.6040
6.2356,1.6141
6.2362,1.6141
6.2367,1.6141
6.2373,1.6141
6.2378,1.6090
6.2384,1.6141
6.2389,1.6141
6.2395,1.6040
6.2400,1.6141
6.2406,1.6191
6.2411,1.6141
6.2417,1.6141
6.2422,1.6141
6.2428,1.6141
6.2433,1.6141
6.2439,1.6141
6.2444,1.6141
6.2450,1.6141
6.2455,1.6141
6.2461,1.6141
6.2466,1.6090
6.2472,1.6191
6.2477,1.6141
6.2483,1.6141
6.2488,1.6141
6.2494,1.6191
6.2499,1.6141
6.2505,1.6141
6.2510,1.6141
6.2516,1.6090
6.2521,1.6191
6.2527,1.6141
6.2532,1.6141
6.2538,1.6141
6.2543,1.6141
6.2549,1.6141
6.2555,1.6141
6.2560,1.6141
6.2566,1.6141
6.2571,1.6090
6.2577,1.6090
6.2582,1.6090
6.2588,1.6141
6.2593,1.6141
6.2599,1.6191
6.2604,1.6141
6.2610,1.6141
6.2615,1.6141
6.2621,1.6141
6.2626,1.6090
6.2632,1.6141
6.2637,1.6141
6.2643,1.6141
6.2648,1.6141
6.2654,1.6090
6.2659,1.6141
6.2665,1.6141
6.2670,1.6141
6.2676,1.6141
6.2681,1.6141
6.2687,1.6141
6.2692,1.6090
6.2698,1.6141
6.2703,1.6141
6.2709,1.6141
6.2714,1.6141
6.2720,1.6141
6.2725,1.6090
6.2731,1.6141
6.2736,1.6141
6.2742,1.6090
6.2747,1.6090
6.2753,1.6141
6.2759,1.6141
6.2764,1.6141
6.2770,1.6141
6.2775,1.6141
6.2781,1.6141
6.2786,1.6141
6.2792,1.6090
6.2797,1.6141
6.2803,1.6141
6.2809,1.6090
6.2814,1.6141
6.2820,1.6141
6.2825,1.6141
6.2831,1.6090
6.2836,1.6141
6.2842,1.6141
6.2847,1.6141
6.2853,1.6141
6.2858,1.6191
6.2864,1.6141
6.2869,1.6141
6.2875,1.6090
6.2880,1.6090
6.2886,1.6141
6.2891,1.6090
6.2897,1.6141
6.2902,1.6141
6.2908,1.6090
6.2913,1.6090
6.2919,1.6141
6.2924,1.6141
6.2930,1.6090
6.2935,1.6141
6.2941,1.6141
6.2946,1.6141
6.2952,1.6141
6.2957,1.6141
6.2963,1.6141
6.2968,1.6141
6.2974,1.6141
6.2980,1.6141
6.2985,1.6141
6.2991,1.6141
6.2996,1.6090
6.3002,1.6191
6.3007,1.6141
6.3013,1.6191
6.3018,1.6141
6.3024,1.6141
6.3029,1.6090
6.3035,1.6090
6.3040,1.6141
6.3046,1.6141
6.3051,1.6090
6.3057,1.6141
6.3062,1.6141
6.3068,1.6141
6.3073,1.6141
6.3079,1.6141
6.3084,1.6191
6.3090,1.6141
6.3096,1.6090
6.3101,1.6141
6.3107,1.6141
6.3112,1.6090
6.3118,1.6090
6.3123,1.6141
6.3129,1.6191
6.3134,1.6141
6.3140,1.6141
6.3145,1.6141
6.3151,1.6141
6.3156,1.6090
6.3162,1.6191
6.3167,1.6090
6.3173,1.6141
6.3178,1.6141
6.3184,1.6090
6.3189,1.6141
6.3195,1.6090
6.3200,1.6090
6.3206,1.6141
6.3211,1.6141
6.3217,1.6141
6.3222,1.6090
6.3228,1.6141
6.3233,1.6141
6.3239,1.6141
6.3244,1.6090
6.3250,1.6141
6.3255,1.6090
6.3261,1.6141
6.3266,1.6141
6.3272,1.6141
6.3277,1.6141
6.3283,1.6141
6.3289,1.6141
6.3294,1.6141
6.3300,1.6141
6.3305,1.6141
6.3311,1.6141
6.3316,1.6141
6.3322,1.6141
6.3327,1.6141
6.3333,1.6141
6.3338,1.6191
6.3344,1.6090
6.3349,1.6141
6.3355,1.6141
6.3360,1.6090
6.3366,1.6141
6.3371,1.6141
6.3377,1.6141
6.3382,1.6141
6.3388,1.6141
6.3393,1.6090
6.3399,1.6090
6.3404,1.6141
6.3410,1.6090
6.3415,1.6141
6.3421,1.6141
6.3426,1.6040
6.3432,1.6141
6.3437,1.6141
6.3443,1.6090
6.3448,1.6141
6.3454,1.6191
6.3459,1.6090
6.3465,1.6191
6.3470,1.6141
6.3476,1.6141
6.3481,1.6141
6.3487,1.6141
6.3492,1.6141
6.3498,1.6141
6.3503,1.6090
6.3509,1.6191
6.3514,1.6141
6.3520,1.6191
6.3525,1.6141
6.3531,1.6191
6.3536,1.6141
6.3542,1.6141
6.3547,1.6141
6.3553,1.6090
6.3558,1.6141
6.3564,1.6141
6.3569,1.6141
6.3575,1.6090
6.3580,1.6191
6.3586,1.6090
6.3591,1.6090
6.3597,1.6090
6.3602,1.6141
6.3608,1.6040
6.3613,1.6141
6.3619,1.6141
6.3624,1.6141
6.3630,1.6090
6.3635,1.6141
6.3641,1.6141
6.3646,1.6090
6.3652,1.6090
6.3657,1.6141
6.3663,1.6141
6.3668,1.6090
6.3674,1.6141
6.3679,1.6040
6.3685,1.6141
6.3690,1.6090
6.3696,1.6141
6.3701,1.6090
6.3707,1.6090
6.3713,1.6141
6.3718,1.6141
6.3724,1.6141
6.3729,1.6141
6.3735,1.6141
6.3740,1.6191
6.3746,1.6141
6.3751,1.6141
6.3757,1.6141
6.3762,1.6141
6.3768,1.6141
6.3773,1.6141
6.3779,1.6090
6.3784,1.6141
6.3790,1.6090
6.3795,1.6090
6.3801,1.6141
6.3806,1.6141
6.3812,1.6040
6.3817,1.6141
6.3823,1.6090
6.3828,1.6141
6.3834,1.6141
6.3839,1.6141
6.3845,1.6191
6.3850,1.6141
6.3856,1.6141
6.3861,1.6141
6.3867,1.6090
6.3872,1.6090
6.3878,1.6141
6.3883,1.6141
6.3889,1.6141
6.3894,1.6090
6.3900,1.6141
6.3905,1.6141
6.3911,1.6141
6.3916,1.6090
6.3922,1.6090
6.3927,1.6090
6.3933,1.6141
6.3939,1.6191
6.3944,1.6040
6.3950,1.6090
6.3955,1.6141
6.3961,1.6141
6.3966,1.6141
6.3972,1.6141
6.3977,1.6141
6.3983,1.6141
6.3988,1.6141
6.3994,1.6141
6.3999,1.6090
6.4005,1.6090
6.4010,1.6090
6.4016,1.6191
6.4021,1.6141
6.4027,1.6090
6.4032,1.6141
6.4038,1.6141
6.4043,1.6090
6.4049,1.6141
6.4054,1.6141
6.4060,1.6090
6.4065,1.6141
6.4071,1.6141
6.4076,1.6141
6.4082,1.6141
6.4087,1.6141
6.4093,1.6141
6.4098,1.6141
6.4104,1.6141
6.4110,1.6090
6.4115,1.6040
6.4121,1.6090
6.4126,1.6141
6.4132,1.6141
6.4137,1.6141
6.4143,1.6141
6.4148,1.6141
6.4154,1.6141
6.4159,1.6141
6.4165,1.6141
6.4170,1.6141
6.4176,1.6090
6.4181,1.6141
6.4187,1.6090
6.4192,1.6141
6.4198,1.6191
6.4204,1.6141
6.4209,1.6141
6.4215,1.6141
6.4220,1.6191
6.4226,1.6141
6.4231,1.6141
6.4237,1.6090
6.4242,1.6141
6.4248,1.6141
6.4253,1.6090
6.4259,1.6141
6.4264,1.6141
6.4270,1.6191
6.4275,1.6090
6.4281,1.6141
6.4286,1.6141
6.4292,1.6141
6.4297,1.6090
6.4303,1.6090
6.4308,1.6090
6.4314,1.6191
6.4319,1.6141
6.4325,1.6090
6.4330,1.6141
6.4336,1.6141
6.4341,1.6141
6.4347,1.6090
6.4352,1.6090
6.4358,1.6141
6.4364,1.6090
6.4369,1.6141
6.4375,1.6141
6.4380,1.6090
6.4386,1.6141
6.4391,1.6090
6.4397,1.6090
6.4402,1.6090
6.4408,1.6090
6.4413,1.6141
6.4419,1.6090
6.4424,1.6141
6.4430,1.6090
6.4435,1.6141
6.4441,1.6090
6.4446,1.6141
6.4452,1.6191
6.4457,1.6141
6.4463,1.6141
6.4468,1.6090
6.4474,1.6141
6.4479,1.6141
6.4485,1.6141
6.4490,1.6141
6.4496,1.6191
6.4501,1.6090
6.4507,1.6141
6.4512,1.6141
6.4518,1.6191
6.4523,1.6141
6.4529,1.6141
6.4534,1.6141
6.4540,1.6141
6.4545,1.6191
6.4551,1.6141
6.4556,1.6141
6.4562,1.6040
6.4568,1.6090
6.4573,1.6141
6.4579,1.6141
6.4584,1.6141
6.4590,1.6141
6.4595,1.6141
6.4601,1.6090
6.4606,1.6141
6.4612,1.6090
6.4617,1.6191
6.4623,1.6090
6.4628,1.6141
6.4634,1.6090
6.4639,1.6141
6.4645,1.6090
6.4650,1.6141
6.4656,1.6141
6.4661,1.6141
6.4667,1.6090
6.4672,1.6090
6.4678,1.6141
6.4683,1.6141
6.4689,1.6090
6.4694,1.6090
6.4700,1.6141
6.4705,1.6090
6.4711,1.6141
6.4716,1.6141
6.4722,1.6141
6.4727,1.6141
6.4733,1.6141
6.4738,1.6141
6.4744,1.6090
6.4750,1.6090
6.4755,1.6141
6.4761,1.6191
6.4766,1.6141
6.4772,1.6141
6.4777,1.6141
6.4783,1.6090
6.4788,1.6141
6.4794,1.6141
6.4799,1.6141
6.4805,1.6141
6.4810,1.6090
6.4816,1.6090
6.4821,1.6090
6.4827,1.6090
6.4832,1.6141
6.4838,1.6090
6.4843,1.6141
6.4849,1.6090
6.4854,1.6141
6.4860,1.6090
6.4865,1.6141
6.4871,1.6090
6.4876,1.6141
6.4882,1.6090
6.4887,1.6141
6.4893,1.6141
6.4898,1.6141
6.4904,1.6141
6.4910,1.6141
6.4915,1.6141
6.4921,1.6141
6.4926,1.6090
6.4932,1.6141
6.4937,1.6141
6.4943,1.6191
6.4948,1.6141
6.4954,1.6141
6.4959,1.6141
6.4965,1.6090
6.4970,1.6141
6.4976,1.6090
6.4981,1.6090
6.4987,1.6090
6.4992,1.6141
6.4998,1.6141
6.5003,1.6141
6.5009,1.6141
6.5015,1.6141
6.5020,1.6141
6.5026,1.6090
6.5031,1.6090
6.5037,1.6141
6.5042,1.6141
6.5048,1.6141
6.5053,1.6141
6.5059,1.6141
6.5065,1.6141
6.5070,1.6141
6.5076,1.6141
6.5081,1.6141
6.5087,1.6090
6.5092,1.6141
6.5098,1.6141
6.5103,1.6141
6.5109,1.6090
6.5114,1.6141
6.5120,1.6141
6.5125,1.6090
6.5131,1.6040
6.5136,1.6090
6.5142,1.6040
6.5148,1.6040
6.5153,1.6141
6.5159,1.6141
6.5164,1.6090
6.5170,1.6141
6.5175,1.6141
6.5181,1.6141
6.5186,1.6141
6.5192,1.6141
6.5197,1.6090
6.5203,1.6090
6.5208,1.6141
6.5214,1.6090
6.5219,1.6141
6.5225,1.6090
6.5230,1.6141
6.5236,1.6141
6.5241,1.6141
6.5247,1.6141
6.5252,1.6141
6.5258,1.6141
6.5263,1.6090
6.5269,1.6090
6.5275,1.6141
6.5280,1.6090
6.5286,1.6090
6.5291,1.6141
6.5297,1.6040
6.5302,1.6141
6.5308,1.6141
6.5313,1.6141
6.5319,1.6141
6.5324,1.6141
6.5330,1.6090
6.5335,1.6141
6.5341,1.6090
6.5346,1.6090
6.5352,1.6141
6.5357,1.6141
6.5363,1.6090
6.5368,1.6141
6.5374,1.6141
6.5379,1.6141
6.5385,1.6090
6.5390,1.6090
6.5396,1.6090
6.5401,1.6090
6.5407,1.6141
6.5412,1.6040
6.5418,1.6141
6.5423,1.6141
6.5429,1.6141
6.5434,1.6141
6.5440,1.6090
6.5446,1.6141
6.5452,1.6141
6.5457,1.6141
6.5464,1.6141
6.5469,1.6141
6.5475,1.6141
6.5481,1.6090
6.5486,1.6141
6.5492,1.6141
6.5497,1.6141
6.5503,1.6141
6.5509,1.6141
6.5514,1.6090
6.5520,1.6141
6.5526,1.6141
6.5531,1.6090
6.5537,1.6141
6.5542,1.6090
6.5548,1.6141
6.5554,1.6090
6.5559,1.6040
6.5565,1.6141
6.5570,1.6090
6.5576,1.6141
6.5581,1.6090
6.5587,1.6090
6.5592,1.6141
6.5598,1.6141
6.5604,1.6141
6.5610,1.6141
6.5615,1.6141
6.5621,1.6141
6.5627,1.6090
6.5632,1.6090
6.5638,1.6141
6.5643,1.6090
6.5649,1.6141
6.5655,1.6141
6.5660,1.6040
6.5668,1.6141
6.5674,1.6141
6.5679,1.6141
6.5686,1.6090
6.5692,1.6141
6.5698,1.6141
6.5703,1.6141
6.5709,1.6141
6.5715,1.6141
6.5720,1.6141
6.5726,1.6141
6.5732,1.6090
6.5737,1.6141
6.5743,1.6141
6.5748,1.6141
6.5753,1.6090
6.5759,1.6141
6.5765,1.6040
6.5770,1.6090
6.5776,1.6141
6.5781,1.6141
6.5787,1.6141
6.5792,1.6141
6.5797,1.6090
6.5803,1.6090
6.5808,1.6141
6.5814,1.6141
6.5819,1.6141
6.5825,1.6141
6.5830,1.6040
6.5835,1.6090
6.5841,1.6141
6.5846,1.6090
6.5852,1.6090
6.5857,1.6141
6.5863,1.6090
6.5868,1.6141
6.5874,1.6090
6.5879,1.6141
6.5885,1.6141
6.5890,1.6090
6.5896,1.6141
6.5901,1.6141
6.5907,1.6141
6.5912,1.6090
6.5918,1.6141
6.5923,1.6141
6.5928,1.6141
6.5934,1.6141
6.5939,1.6141
6.5945,1.6141
6.5950,1.6141
6.5956,1.6090
6.5961,1.6141
6.5966,1.6090
6.5972,1.6090
6.5977,1.6090
6.5983,1.6141
6.5988,1.6040
6.5994,1.6141
6.5999,1.6141
6.6005,1.6141
6.6010,1.6141
6.6015,1.6141
6.6021,1.6090
6.6026,1.6141
6.6032,1.6090
6.6037,1.6090
6.6043,1.6090
6.6048,1.6141
6.6054,1.6141
6.6059,1.6141
6.6065,1.6141
6.6070,1.6141
6.6076,1.6141
6.6081,1.6141
6.6087,1.6090
6.6092,1.6141
6.6098,1.6090
6.6103,1.6141
6.6108,1.6141
6.6114,1.6141
6.6121,1.6090
6.6126,1.6141
6.6131,1.6141
6.6137,1.6141
6.6142,1.6090
6.6148,1.6141
6.6153,1.6090
6.6158,1.6141
6.6164,1.6090
6.6169,1.6191
6.6175,1.6141
6.6180,1.6090
6.6186,1.6090
6.6191,1.6141
6.6196,1.6090
6.6202,1.6141
6.6207,1.6141
6.6212,1.6090
6.6218,1.6040
6.6223,1.6090
6.6229,1.6141
6.6234,1.6141
6.6239,1.6090
6.6245,1.6040
6.6250,1.6090
6.6256,1.6090
6.6261,1.6141
6.6266,1.6090
6.6272,1.6141
6.6277,1.6141
6.6282,1.6141
6.6288,1.6090
6.6293,1.6090
6.6299,1.6141
6.6304,1.6141
6.6310,1.6191
6.6315,1.6090
6.6320,1.6090
6.6326,1.6040
6.6331,1.6141
6.6337,1.6141
6.6342,1.6090
6.6347,1.6090
6.6353,1.6141
6.6358,1.6090
6.6363,1.6141
6.6369,1.6141
6.6374,1.6141
6.6380,1.6141
6.6385,1.6040
6.6390,1.6141
6.6396,1.6090
6.6401,1.6141
6.6407,1.6141
6.6412,1.6090
6.6417,1.6141
6.6423,1.6191
6.6428,1.6090
6.6433,1.6141
6.6439,1.6141
6.6444,1.6090
6.6450,1.6141
6.6455,1.6141
6.6460,1.6090
6.6466,1.6141
6.6471,1.6141
6.6477,1.6090
6.6482,1.6141
6.6487,1.6141
6.6493,1.6141
6.6498,1.6141
6.6503,1.6191
6.6509,1.6141
6.6514,1.6090
6.6520,1.6141
6.6525,1.6141
6.6530,1.6141
6.6536,1.6141
6.6541,1.6141
6.6547,1.6141
6.6552,1.6090
6.6557,1.6090
6.6563,1.6141
6.6568,1.6141
6.6574,1.6090
6.6579,1.6141
6.6584,1.6141
6.6590,1.6141
6.6595,1.6141
6.6601,1.6090
6.6606,1.6090
6.6611,1.6191
6.6617,1.6141
6.6622,1.6141
6.6628,1.6090
6.6633,1.6141
6.6638,1.6141
6.6644,1.6141
6.6649,1.6090
6.6655,1.6141
6.6660,1.6141
6.6666,1.6090
6.6671,1.6090
6.6676,1.6141
6.6682,1.6141
6.6687,1.6090
6.6693,1.6141
6.6698,1.6141
6.6703,1.6090
6.6709,1.6090
6.6714,1.6141
6.6720,1.6141
6.6725,1.6090
6.6730,1.6141
6.6736,1.6090
6.6741,1.6090
6.6747,1.6090
6.6752,1.6141
6.6758,1.6090
6.6763,1.6141
6.6768,1.6141
6.6774,1.6141
6.6779,1.6141
6.6785,1.6141
6.6790,1.6090
6.6796,1.6141
6.6801,1.6141
6.6806,1.6090
6.6812,1.6141
6.6817,1.6040
6.6823,1.6141
6.6828,1.6090
6.6833,1.6090
6.6839,1.6090
6.6844,1.6090
6.6850,1.6141
6.6855,1.6141
6.6860,1.6040
6.6866,1.6090
6.6871,1.6090
6.6877,1.6090
6.6882,1.6090
6.6888,1.6141
6.6893,1.6141
6.6898,1.6191
6.6904,1.6141
6.6909,1.6090
6.6915,1.6141
6.6920,1.6141
6.6925,1.6141
6.6931,1.6141
6.6936,1.6090
6.6942,1.6191
6.6947,1.6141
6.6953,1.6090
6.6958,1.6090
6.6963,1.6141
6.6969,1.6090
6.6974,1.6090
6.6980,1.6141
6.6985,1.6090
6.6990,1.6141
6.6996,1.6090
6.7001,1.6090
6.7007,1.6090
6.7012,1.6090
6.7018,1.6090
6.7023,1.6191
6.7029,1.6090
6.7034,1.6090
6.7039,1.6141
6.7045,1.6141
6.7050,1.6090
6.7055,1.6141
6.7061,1.6141
6.7066,1.6090
6.7072,1.6141
6.7077,1.6090
6.7082,1.6141
6.7088,1.6141
6.7093,1.6141
6.7099,1.6141
6.7104,1.6090
6.7109,1.6141
6.7115,1.6040
6.7120,1.6090
6.7127,1.6141
6.7132,1.6090
6.7137,1.6141
6.7143,1.6141
6.7148,1.6141
6.7154,1.6141
6.7159,1.6141
6.7165,1.6141
6.7170,1.6141
6.7175,1.6141
6.7181,1.6090
6.7186,1.6141
6.7192,1.6141
6.7197,1.6141
6.7203,1.6141
6.7208,1.6090
6.7214,1.6141
6.7219,1.6141
6.7224,1.6090
6.7230,1.6141
6.7235,1.6141
6.7241,1.6141
6.7246,1.6141
6.7252,1.6090
6.7257,1.6141
6.7262,1.6090
6.7268,1.6090
6.7273,1.6141
6.7279,1.6090
6.7284,1.6141
6.7290,1.6090
6.7295,1.6141
6.7301,1.6141
6.7306,1.6141
6.7311,1.6141
6.7317,1.6141
6.7322,1.6141
6.7328,1.6141
6.7333,1.6090
6.7339,1.6141
6.7344,1.6141
6.7349,1.6090
6.7355,1.6141
6.7360,1.6090
6.7366,1.6141
6.7371,1.6141
6.7377,1.6141
6.7382,1.6090
6.7388,1.6141
6.7393,1.6141
6.7399,1.6141
6.7404,1.6191
6.7409,1.6090
6.7415,1.6090
6.7420,1.6090
6.7426,1.6141
6.7431,1.6141
6.7437,1.6090
6.7442,1.6090
6.7447,1.6090
6.7453,1.6141
6.7458,1.6090
6.7464,1.6090
6.7469,1.6090
6.7475,1.6141
6.7480,1.6090
6.7486,1.6141
6.7491,1.6141
6.7497,1.6090
6.7502,1.6141
6.7508,1.6090
6.7513,1.6141
6.7519,1.6090
6.7524,1.6141
6.7529,1.6090
6.7535,1.6141
6.7540,1.6090
6.7546,1.6090
6.7551,1.6090
6.7557,1.6141
6.7562,1.6090
6.7568,1.6040
6.7573,1.6141
6.7579,1.6141
6.7584,1.6141
6.7590,1.6141
6.7595,1.6090
6.7600,1.6191
6.7607,1.6141
6.7613,1.6090
6.7619,1.6141
6.7625,1.6090
6.7631,1.6090
6.7637,1.6090
6.7642,1.6141
6.7648,1.6141
6.7654,1.6090
6.7660,1.6141
6.7666,1.6141
6.7672,1.6090
6.7677,1.6141
6.7683,1.6090
6.7688,1.6141
6.7694,1.6090
6.7699,1.6090
6.7705,1.6191
6.7710,1.6191
6.7716,1.6141
6.7722,1.6090
6.7727,1.6090
6.7733,1.6090
6.7738,1.6141
6.7744,1.6141
6.7749,1.6141
6.7755,1.6141
6.7760,1.6141
6.7766,1.6090
6.7771,1.6090
6.7776,1.6141
6.7782,1.6141
6.7787,1.6141
6.7793,1.6141
6.7798,1.6090
6.7804,1.6090
6.7809,1.6141
6.7815,1.6141
6.7820,1.6141
6.7826,1.6191
6.7831,1.6141
6.7837,1.6141
6.7842,1.6090
6.7848,1.6141
6.7853,1.6141
6.7859,1.6141
6.7864,1.6141
6.7870,1.6141
6.7876,1.6090
6.7881,1.6090
6.7887,1.6141
6.7892,1.6090
6.7898,1.6090
6.7903,1.6141
6.7909,1.6141
6.7914,1.6141
6.7920,1.6090
6.7925,1.6090
6.7931,1.6141
6.7936,1.6141
6.7942,1.6090
6.7947,1.6090
6.7952,1.6141
6.7958,1.6090
6.7963,1.6141
6.7969,1.6090
6.7974,1.6090
6.7980,1.6141
6.7985,1.6141
6.7991,1.6040
6.7996,1.6141
6.8002,1.6141
6.8008,1.6090
6.8013,1.6141
6.8019,1.6141
6.8024,1.6141
6.8030,1.6141
6.8035,1.6141
6.8041,1.6141
6.8046,1.6090
6.8052,1.6141
6.8057,1.6090
6.8063,1.6141
6.8068,1.6090
6.8074,1.6141
6.8079,1.6040
6.8085,1.6090
6.8090,1.6040
6.8096,1.6141
6.8101,1.6141
6.8107,1.6141
6.8112,1.6141
6.8118,1.6040
6.8123,1.6141
6.8129,1.6090
6.8135,1.6090
6.8140,1.6090
6.8146,1.6141
6.8151,1.6141
6.8157,1.6141
6.8162,1.6090
6.8168,1.6090
6.8173,1.6141
6.8179,1.6090
6.8184,1.6141
6.8190,1.6141
6.8195,1.6141
6.8201,1.6090
6.8206,1.6090
6.8212,1.6040
6.8217,1.6141
6.8223,1.6141
6.8228,1.6090
6.8234,1.6141
6.8239,1.6141
6.8245,1.6141
6.8250,1.6090
6.8256,1.6090
6.8262,1.6141
6.8267,1.6141
6.8273,1.6090
6.8278,1.6141
6.8284,1.6090
6.8289,1.6141
6.8295,1.6090
6.8300,1.6090
6.8306,1.6141
6.8311,1.6141
6.8317,1.6141
6.8322,1.6040
6.8328,1.6141
6.8333,1.6141
6.8339,1.6141
6.8344,1.6141
6.8350,1.6090
6.8355,1.6141
6.8361,1.6141
6.8366,1.6090
6.8372,1.6090
6.8377,1.6090
6.8383,1.6090
6.8388,1.6141
6.8394,1.6141
6.8400,1.6090
6.8405,1.6141
6.8411,1.6141
6.8416,1.6141
6.8422,1.6040
6.8427,1.6141
6.8433,1.6090
6.8438,1.6090
6.8444,1.6141
6.8449,1.6141
6.8455,1.6141
6.8461,1.6141
6.8466,1.6141
6.8472,1.6141
6.8477,1.6141
6.8483,1.6141
6.8488,1.6090
6.8494,1.6090
6.8499,1.6141
6.8505,1.6141
6.8510,1.6141
6.8516,1.6141
6.8521,1.6090
6.8527,1.6141
6.8532,1.6090
6.8538,1.6090
6.8543,1.6141
6.8549,1.6090
6.8554,1.6141
6.8560,1.6141
6.8565,1.6141
6.8571,1.6090
6.8576,1.6141
6.8582,1.6090
6.8587,1.6141
6.8593,1.6141
6.8598,1.6090
6.8604,1.6141
6.8609,1.6141
6.8615,1.6141
6.8620,1.6090
6.8626,1.6090
6.8631,1.6141
6.8637,1.6141
6.8642,1.6141
6.8648,1.6141
6.8653,1.6141
6.8659,1.6090
6.8664,1.6141
6.8670,1.6141
6.8675,1.6141
6.8681,1.6141
6.8686,1.6141
6.8692,1.6090
6.8697,1.6090
6.8703,1.6141
6.8708,1.6141
6.8714,1.6090
6.8719,1.6141
6.8725,1.6090
6.8730,1.6141
6.8736,1.6141
6.8741,1.6141
6.8747,1.6090
6.8752,1.6141
6.8758,1.6090
6.8764,1.6141
6.8769,1.6141
6.8775,1.6141
6.8780,1.6090
6.8786,1.6141
6.8791,1.6141
6.8797,1.6141
6.8802,1.6141
6.8808,1.6090
6.8813,1.6141
6.8819,1.6090
6.8824,1.6141
6.8830,1.6141
6.8835,1.6090
6.8841,1.6141
6.8846,1.6090
6.8852,1.6141
6.8857,1.6090
6.8863,1.6090
6.8868,1.6090
6.8874,1.6141
6.8879,1.6141
6.8885,1.6090
6.8890,1.6090
6.8896,1.6141
6.8901,1.6090
6.8907,1.6090
6.8912,1.6090
6.8918,1.6141
6.8923,1.6141
6.8929,1.6141
6.8934,1.6090
6.8940,1.6141
6.8945,1.6090
6.8951,1.6141
6.8956,1.6141
6.8962,1.6090
6.8967,1.6141
6.8973,1.6141
6.8978,1.6141
6.8984,1.6141
6.8989,1.6141
6.8995,1.6141
6.9000,1.6141
6.9006,1.6141
6.9011,1.6090
6.9017,1.6090
6.9022,1.6090
6.9028,1.6090
6.9034,1.6141
6.9039,1.6040
6.9045,1.6141
6.9050,1.6141
6.9056,1.6090
6.9061,1.6141
6.9067,1.6141
6.9072,1.6141
6.9078,1.6141
6.9083,1.6090
6.9089,1.6191
6.9094,1.6141
6.9100,1.6090
6.9106,1.6141
6.9111,1.6090
6.9117,1.6141
6.9122,1.6141
6.9128,1.6141
6.9133,1.6141
6.9139,1.6141
6.9144,1.6141
6.9150,1.6141
6.9155,1.6141
6.9161,1.6090
6.9166,1.6141
6.9172,1.6141
6.9177,1.6141
6.9183,1.6090
6.9188,1.6141
6.9194,1.6141
6.9199,1.6141
6.9205,1.6141
6.9210,1.6090
6.9216,1.6090
6.9221,1.6141
6.9227,1.6090
6.9232,1.6141
6.9238,1.6090
6.9244,1.6141
6.9249,1.6141
6.9255,1.6141
6.9260,1.6040
6.9266,1.6090
6.9271,1.6141
6.9277,1.6141
6.9282,1.6141
6.9288,1.6141
6.9293,1.6090
6.9299,1.6141
6.9304,1.6090
6.9310,1.6141
6.9315,1.6090
6.9321,1.6141
6.9326,1.6141
6.9332,1.6141
6.9337,1.6090
6.9343,1.6090
6.9348,1.6040
6.9354,1.6090
6.9359,1.6090
6.9365,1.6040
6.9370,1.6141
6.9381,1.6090
6.9386,1.6090
6.9392,1.6090
6.9397,1.6141
6.9403,1.6090
6.9408,1.6141
6.9414,1.6141
6.9419,1.6090
6.9425,1.6141
6.9430,1.6090
6.9436,1.6040
6.9441,1.6141
6.9446,1.6141
6.9452,1.6141
6.9457,1.6141
6.9463,1.6141
6.9468,1.6090
6.9474,1.6141
6.9479,1.6141
6.9485,1.6141
6.9490,1.6141
6.9496,1.6090
6.9501,1.6141
6.9507,1.6141
6.9512,1.6141
6.9518,1.6090
6.9523,1.6090
6.9529,1.6141
6.9534,1.6141
6.9539,1.6090
6.9545,1.6141
6.9550,1.6141
6.9556,1.6090
6.9561,1.6090
6.9567,1.6090
6.9572,1.6090
6.9578,1.6141
6.9583,1.6141
6.9589,1.6141
6.9594,1.6191
6.9600,1.6141
6.9605,1.6090
6.9611,1.6141
6.9616,1.6141
6.9622,1.6090
6.9627,1.6141
6.9632,1.6141
6.9638,1.6141
6.9643,1.6040
6.9649,1.6141
6.9654,1.6090
6.9660,1.6141
6.9666,1.6141
6.9671,1.6090
6.9677,1.6141
6.9682,1.6141
6.9688,1.6040
6.9693,1.6090
6.9699,1.6141
6.9704,1.6141
6.9709,1.6090
6.9715,1.6090
6.9720,1.6141
6.9726,1.6090
6.9731,1.6141
6.9737,1.6090
6.9742,1.6141
6.9748,1.6090
6.9753,1.6141
6.9759,1.6090
6.9765,1.6040
6.9770,1.6141
6.9776,1.6141
6.9781,1.6141
6.9787,1.6141
6.9792,1.6090
6.9798,1.6141
6.9804,1.6141
6.9809,1.6090
6.9815,1.6090
6.9820,1.6141
6.9826,1.6141
6.9831,1.6141
6.9837,1.6141
6.9842,1.6141
6.9848,1.6141
6.9853,1.6141
6.9859,1.6141
6.9864,1.6090
6.9870,1.6090
6.9875,1.6090
6.9881,1.6191
6.9886,1.6141
6.9892,1.6090
6.9897,1.6141
6.9903,1.6141
6.9908,1.6191
6.9914,1.6141
6.9919,1.6141
6.9925,1.6141
6.9930,1.6090
6.9936,1.6090
6.9941,1.6141
6.9947,1.6090
6.9952,1.6141
6.9958,1.6141
6.9963,1.6141
6.9969,1.6141
6.9975,1.6090
6.9980,1.6090
6.9986,1.6141
6.9991,1.6141
6.9997,1.6141
7.0002,1.6090
7.0008,1.6141
7.0013,1.6141
7.0019,1.6090
7.0024,1.6141
7.0030,1.6090
7.0035,1.6141
7.0041,1.6141
7.0046,1.6090
7.0052,1.6090
7.0057,1.6141
7.0063,1.6141
7.0068,1.6141
7.0074,1.6141
7.0079,1.6090
7.0085,1.6141
7.0090,1.6141
7.0096,1.6090
7.0101,1.6090
7.0107,1.6090
7.0112,1.6141
7.0118,1.6141
7.0123,1.6141
7.0129,1.6141
7.0134,1.6141
7.0140,1.6141
7.0145,1.6040
7.0151,1.6191
7.0157,1.6141
7.0162,1.6090
7.0168,1.6141
7.0173,1.6141
7.0179,1.6141
7.0184,1.6090
7.0190,1.6090
7.0195,1.6090
7.0201,1.6141
7.0206,1.6090
7.0212,1.6141
7.0217,1.6141
7.0223,1.6090
7.0228,1.6141
7.0234,1.6141
7.0239,1.6191
7.0245,1.6090
7.0250,1.6090
7.0256,1.6090
7.0261,1.6090
7.0267,1.6090
7.0272,1.6141
7.0278,1.6090
7.0283,1.6141
7.0289,1.6090
7.0294,1.6141
7.0300,1.6090
7.0305,1.6141
7.0311,1.6141
7.0316,1.6141
7.0322,1.6141
7.0327,1.6141
7.0333,1.6141
7.0338,1.6090
7.0344,1.6141
7.0349,1.6090
7.0355,1.6141
7.0360,1.6090
7.0366,1.6090
7.0371,1.6090
7.0377,1.6141
7.0382,1.6141
7.0388,1.6090
7.0393,1.6090
7.0399,1.6090
7.0404,1.6141
7.0410,1.6090
7.0415,1.6141
7.0421,1.6090
7.0426,1.6090
7.0432,1.6090
7.0439,1.6090
7.0445,1.6141
7.0451,1.6141
7.0457,1.6090
7.0462,1.6141
7.0468,1.6090
7.0474,1.6090
7.0480,1.6040
7.0486,1.6141
7.0491,1.6090
7.0497,1.6141
7.0502,1.6090
7.0508,1.6090
7.0514,1.6090
7.0520,1.6090
7.0526,1.6141
7.0531,1.6090
7.0537,1.6090
7.0547,1.6090
7.0553,1.6090
7.0558,1.6141
7.0564,1.6141
7.0569,1.6141
7.0575,1.6141
7.0580,1.6141
7.0586,1.6141
7.0592,1.6090
7.0597,1.6090
7.0603,1.6090
7.0608,1.6191
7.0614,1.6141
7.0620,1.6090
7.0626,1.6090
7.0632,1.6090
7.0637,1.6141
7.0643,1.6090
7.0649,1.6090
7.0654,1.6141
7.0660,1.6090
7.0666,1.6141
7.0672,1.6141
7.0677,1.6090
7.0683,1.6090
7.0688,1.6141
7.0694,1.6141
7.0700,1.6141
7.0705,1.6090
7.0711,1.6141
7.0716,1.6141
7.0722,1.6090
7.0728,1.6141
7.0733,1.6090
7.0739,1.6141
7.0744,1.6090
7.0750,1.6141
7.0755,1.6040
7.0761,1.6090
7.0766,1.6090
7.0772,1.6090
7.0777,1.6141
7.0783,1.6141
7.0788,1.6141
7.0794,1.6090
7.0799,1.6090
7.0805,1.6141
7.0810,1.6141
7.0816,1.6090
7.0821,1.6141
7.0827,1.6090
7.0832,1.6040
7.0838,1.6141
7.0843,1.6141
7.0849,1.6090
7.0855,1.6141
7.0860,1.6090
7.0865,1.6141
7.0871,1.6090
7.0877,1.6090
7.0882,1.6090
7.0888,1.6141
7.0893,1.6141
7.0899,1.6141
7.0904,1.6141
7.0910,1.6141
7.0915,1.6141
7.0921,1.6090
7.0926,1.6141
7.0932,1.6141
7.0937,1.6040
7.0943,1.6141
7.0948,1.6090
7.0954,1.6141
7.0960,1.6141
7.0966,1.6141
7.0971,1.6141
7.0976,1.6040
7.0982,1.6090
7.0987,1.6090
7.0993,1.6090
7.0998,1.6090
7.1004,1.6141
7.1009,1.6090
7.1015,1.6090
7.1020,1.6090
7.1026,1.6090
7.1031,1.6090
7.1036,1.6141
7.1042,1.6090
7.1047,1.6141
7.1053,1.6090
7.1058,1.6090
7.1064,1.6141
7.1069,1.6090
7.1075,1.6141
7.1080,1.6090
7.1085,1.6141
7.1091,1.6141
7.1096,1.6141
7.1102,1.6090
7.1107,1.6141
7.1113,1.6141
7.1118,1.6141
7.1123,1.6090
7.1129,1.6090
7.1134,1.6141
7.1140,1.6141
7.1145,1.6141
7.1152,1.6191
7.1157,1.6090
7.1163,1.6141
7.1168,1.6141
7.1174,1.6141
7.1179,1.6090
7.1184,1.6141
7.1190,1.6141
7.1195,1.6141
7.1201,1.6090
7.1206,1.6040
7.1211,1.6141
7.1217,1.6141
7.1222,1.6141
7.1228,1.6141
7.1233,1.6090
7.1239,1.6090
7.1244,1.6090
7.1249,1.6090
7.1255,1.6090
7.1260,1.6090
7.1265,1.6141
7.1271,1.6090
7.1276,1.6090
7.1282,1.6141
7.1287,1.6090
7.1292,1.6141
7.1298,1.6090
7.1303,1.6141
7.1308,1.6090
7.1314,1.6090
7.1319,1.6141
7.1325,1.6141
7.1330,1.6090
7.1335,1.6141
7.1341,1.6090
7.1346,1.6141
7.1352,1.6141
7.1357,1.6141
7.1362,1.6141
7.1368,1.6090
7.1373,1.6090
7.1379,1.6090
7.1384,1.6090
7.1389,1.6040
7.1395,1.6090
7.1400,1.6090
7.1406,1.6090
7.1411,1.6090
7.1416,1.6090
7.1422,1.6141
7.1427,1.6141
7.1432,1.6090
7.1438,1.6141
7.1443,1.6090
7.1449,1.6141
7.1454,1.6141
7.1459,1.6141
7.1465,1.6090
7.1470,1.6141
7.1476,1.6141
7.1481,1.6141
7.1486,1.6141
7.1492,1.6090
7.1497,1.6141
7.1503,1.6141
7.1508,1.6090
7.1513,1.6090
7.1519,1.6090
7.1524,1.6090
7.1530,1.6040
7.1535,1.6090
7.1540,1.6090
7.1546,1.6141
7.1552,1.6040
7.1557,1.6090
7.1563,1.6090
7.1568,1.6090
7.1573,1.6090
7.1579,1.6141
7.1584,1.6090
7.1590,1.6090
7.1595,1.6141
7.1600,1.6090
7.1606,1.6141
7.1611,1.6141
7.1617,1.6191
7.1622,1.6141
7.1627,1.6141
7.1633,1.6090
7.1638,1.6090
7.1644,1.6141
7.1649,1.6090
7.1654,1.6141
7.1660,1.6141
7.1665,1.6141
7.1671,1.6141
7.1676,1.6090
7.1682,1.6090
7.1687,1.6141
7.1692,1.6090
7.1698,1.6090
7.1703,1.6141
7.1709,1.6090
7.1714,1.6090
7.1719,1.6090
7.1725,1.6090
7.1730,1.6090
7.1736,1.6141
7.1741,1.6141
7.1746,1.6141
7.1752,1.6191
7.1757,1.6141
7.1763,1.6141
7.1768,1.6141
7.1773,1.6141
7.1779,1.6090
7.1784,1.6141
7.1790,1.6141
7.1795,1.6141
7.1801,1.6141
7.1806,1.6090
7.1811,1.6090
7.1817,1.6040
7.1822,1.6141
7.1828,1.6141
7.1833,1.6141
7.1838,1.6141
7.1844,1.6141
7.1849,1.6141
7.1855,1.6090
7.1860,1.6090
7.1865,1.6040
7.1871,1.6090
7.1876,1.6141
7.1882,1.6141
7.1887,1.6141
7.1893,1.6090
7.1898,1.6090
7.1904,1.6090
7.1909,1.6141
7.1915,1.6191
7.1920,1.6090
7.1925,1.6141
7.1931,1.6141
7.1936,1.6141
7.1942,1.6090
7.1947,1.6141
7.1952,1.6141
7.1958,1.6141
7.1963,1.6141
7.1969,1.6090
7.1974,1.6141
7.1980,1.6141
7.1985,1.6090
7.1990,1.6090
7.1996,1.6040
7.2001,1.6141
7.2007,1.6141
7.2012,1.6141
7.2017,1.6141
7.2023,1.6141
7.2028,1.6090
7.2034,1.6090
7.2039,1.6040
7.2044,1.6141
7.2050,1.6090
7.2055,1.6141
7.2061,1.6090
7.2066,1.6141
7.2071,1.6090
7.2077,1.6141
7.2082,1.6141
7.2088,1.6141
7.2093,1.6090
7.2099,1.6141
7.2104,1.6141
7.2109,1.6141
7.2115,1.6141
7.2120,1.6141
7.2126,1.6090
7.2131,1.6090
7.2136,1.6141
7.2142,1.6090
7.2147,1.6090
7.2153,1.6141
7.2159,1.6090
7.2165,1.6141
7.2170,1.6090
7.2176,1.6141
7.2181,1.6141
7.2187,1.6090
7.2192,1.6090
7.2198,1.6090
7.2203,1.6141
7.2209,1.6141
7.2214,1.6090
7.2220,1.6090
7.2225,1.6090
7.2231,1.6090
7.2236,1.6141
7.2242,1.6090
7.2248,1.6040
7.2253,1.6090
7.2259,1.6141
7.2264,1.6090
7.2270,1.6040
7.2275,1.6090
7.2281,1.6141
7.2286,1.6090
7.2292,1.6141
7.2297,1.6090
7.2303,1.6090
7.2308,1.6090
7.2314,1.6090
7.2319,1.6141
7.2325,1.6141
7.2330,1.6090
7.2336,1.6090
7.2341,1.6141
7.2347,1.6090
7.2353,1.6141
7.2358,1.6090
7.2364,1.6141
7.2369,1.6090
7.2375,1.6090
7.2380,1.6090
7.2386,1.6141
7.2391,1.6040
7.2397,1.6141
7.2402,1.6141
7.2408,1.6141
7.2413,1.6040
7.2419,1.6141
7.2424,1.6040
7.2430,1.6090
7.2435,1.6191
7.2441,1.6141
7.2446,1.6141
7.2452,1.6141
7.2457,1.6090
7.2463,1.6090
7.2468,1.6090
7.2474,1.6090
7.2479,1.6090
7.2485,1.6141
7.2490,1.6141
7.2496,1.6090
7.2501,1.6141
7.2507,1.6090
7.2512,1.6090
7.2518,1.6141
7.2523,1.6090
7.2529,1.6090
7.2534,1.6141
7.2540,1.6141
7.2545,1.6141
7.2551,1.6141
7.2556,1.6191
7.2562,1.6090
7.2567,1.6141
7.2573,1.6141
7.2579,1.6090
7.2584,1.6090
7.2590,1.6090
7.2595,1.6141
7.2601,1.6141
7.2606,1.6141
7.2612,1.6141
7.2617,1.6141
7.2623,1.6090
7.2628,1.6090
7.2634,1.6141
7.2639,1.6141
7.2645,1.6090
7.2650,1.6141
7.2656,1.6090
7.2661,1.6090
7.2667,1.6090
7.2672,1.6141
7.2678,1.6141
7.2683,1.6141
7.2689,1.6090
7.2694,1.6090
7.2700,1.6141
7.2705,1.6141
7.2711,1.6090
7.2716,1.6090
7.2722,1.6141
7.2727,1.6141
7.2733,1.6090
7.2738,1.6141
7.2744,1.6141
7.2750,1.6090
7.2755,1.6090
7.2761,1.6090
7.2766,1.6141
7.2772,1.6191
7.2777,1.6040
7.2783,1.6141
7.2788,1.6141
7.2794,1.6090
7.2799,1.6141
7.2805,1.6141
7.2810,1.6090
7.2816,1.6141
7.2821,1.6141
7.2827,1.6090
7.2832,1.6141
7.2838,1.6141
7.2843,1.6141
7.2849,1.6141
7.2854,1.6141
7.2860,1.6141
7.2865,1.6090
7.2871,1.6141
7.2876,1.6090
7.2882,1.6090
7.2887,1.6090
7.2893,1.6090
7.2898,1.6141
7.2904,1.6090
7.2909,1.6090
7.2915,1.6090
7.2920,1.6141
7.2926,1.6141
7.2931,1.6090
7.2937,1.6141
7.2942,1.6141
7.2948,1.6141
7.2953,1.6141
7.2959,1.6090
7.2964,1.6141
7.2970,1.6141
7.2975,1.6090
7.2981,1.6090
7.2986,1.6141
7.2992,1.6141
7.2997,1.6141
7.3003,1.6141
7.3008,1.6090
7.3014,1.6090
7.3019,1.6090
7.3025,1.6141
7.3030,1.6090
7.3036,1.6141
7.3041,1.6141
7.3047,1.6090
7.3052,1.6141
7.3058,1.6141
7.3063,1.6090
7.3069,1.6090
7.3075,1.6141
7.3080,1.6141
7.3086,1.6090
7.3091,1.6141
7.3097,1.6090
7.3102,1.6090
7.3108,1.6090
7.3113,1.6141
7.3119,1.6090
7.3124,1.6090
7.3130,1.6090
7.3135,1.6040
7.3141,1.6090
7.3146,1.6090
7.3152,1.6090
7.3157,1.6141
7.3163,1.6141
7.3168,1.6141
7.3174,1.6090
7.3179,1.6141
7.3185,1.6141
7.3190,1.6090
7.3196,1.6141
7.3202,1.6090
7.3207,1.6090
7.3213,1.6141
7.3218,1.6141
7.3224,1.6141
7.3229,1.6141
7.3235,1.6141
7.3240,1.6141
7.3246,1.6141
7.3251,1.6141
7.3257,1.6040
7.3262,1.6090
7.3268,1.6141
7.3273,1.6090
7.3279,1.6090
7.3284,1.6090
7.3290,1.6090
7.3295,1.6090
7.3301,1.6141
7.3306,1.6040
7.3312,1.6141
7.3317,1.6141
7.3323,1.6141
7.3328,1.6090
7.3334,1.6141
7.3339,1.6141
7.3345,1.6090
7.3350,1.6141
7.3356,1.6141
7.3361,1.6141
7.3367,1.6090
7.3373,1.6090
7.3378,1.6090
7.3384,1.6141
7.3389,1.6141
7.3395,1.6141
7.3400,1.6141
7.3406,1.6090
7.3411,1.6090
7.3417,1.6141
7.3422,1.6141
7.3428,1.6141
7.3433,1.6141
7.3439,1.6141
7.3444,1.6141
7.3450,1.6090
7.3455,1.6141
7.3461,1.6141
7.3466,1.6141
7.3472,1.6141
7.3477,1.6141
7.3483,1.6141
7.3488,1.6090
7.3494,1.6141
7.3499,1.6090
7.3505,1.6090
7.3510,1.6141
7.3516,1.6090
7.3521,1.6141
7.3527,1.6040
7.3532,1.6090
7.3538,1.6141
7.3543,1.6090
7.3549,1.6141
7.3554,1.6141
7.3560,1.6141
7.3565,1.6090
7.3571,1.6090
7.3576,1.6141
7.3582,1.6090
7.3587,1.6141
7.3593,1.6141
7.3598,1.6141
7.3604,1.6090
7.3610,1.6040
7.3642,1.6090
7.3648,1.6090
7.3654,1.6141
7.3660,1.6141
7.3665,1.6040
7.3671,1.6090
7.3676,1.6090
7.3682,1.6090
7.3687,1.6090
7.3693,1.6141
7.3698,1.6090
7.3704,1.6141
7.3709,1.6141
7.3715,1.6141
7.3720,1.6141
7.3726,1.6090
7.3731,1.6141
7.3737,1.6141
7.3742,1.6090
7.3748,1.6090
7.3753,1.6090
7.3759,1.6090
7.3765,1.6141
7.3771,1.6090
7.3776,1.6141
7.3782,1.6141
7.3787,1.6090
7.3793,1.6141
7.3798,1.6090
7.3804,1.6141
7.3809,1.6090
7.3815,1.6141
7.3820,1.6090
7.3826,1.6090
7.3831,1.6090
7.3837,1.6040
7.3842,1.6141
7.3848,1.6141
7.3853,1.6090
7.3859,1.6090
7.3864,1.6141
7.3870,1.6040
7.3875,1.6141
7.3881,1.6141
7.3887,1.6141
7.3892,1.6090
7.3898,1.6090
7.3903,1.6141
7.3909,1.6090
7.3914,1.6090
7.3920,1.6141
7.3925,1.6090
7.3931,1.6141
7.3936,1.6141
7.3942,1.6090
7.3947,1.6090
7.3953,1.6141
7.3958,1.6090
7.3964,1.6090
7.3969,1.6090
7.3975,1.6141
7.3980,1.6090
7.3986,1.6040
7.3991,1.6141
7.3997,1.6090
7.4002,1.6090
7.4008,1.6141
7.4013,1.6090
7.4019,1.6090
7.4024,1.6040
7.4030,1.6090
7.4036,1.6090
7.4041,1.6090
7.4047,1.6141
7.4052,1.6090
7.4058,1.6090
7.4063,1.6141
7.4069,1.6090
7.4074,1.6090
7.4080,1.6090
7.4085,1.6141
7.4091,1.6141
7.4096,1.6040
7.4102,1.6090
7.4107,1.6040
7.4113,1.6090
7.4118,1.6141
7.4124,1.6141
7.4129,1.6090
7.4135,1.6141
7.4140,1.6090
7.4146,1.6040
7.4151,1.6141
7.4157,1.6090
7.4162,1.6090
7.4169,1.6090
7.4174,1.6141
7.4180,1.6090
7.4185,1.6141
7.4191,1.6141
7.4196,1.6090
7.4202,1.6090
7.4207,1.6090
7.4213,1.6141
7.4218,1.6090
7.4224,1.6090
7.4229,1.6141
7.4235,1.6090
7.4240,1.6090
7.4246,1.6141
7.4251,1.6090
7.4257,1.6040
7.4262,1.6141
7.4268,1.6141
7.4273,1.6090
7.4279,1.6090
7.4284,1.6090
7.4290,1.6141
7.4295,1.6090
7.4301,1.6090
7.4306,1.6090
7.4312,1.6141
7.4317,1.6141
7.4323,1.6141
7.4328,1.6090
7.4334,1.6090
7.4339,1.6141
7.4345,1.6090
7.4350,1.6141
7.4356,1.6090
7.4361,1.6141
7.4367,1.6141
7.4372,1.6141
7.4378,1.6090
7.4383,1.6090
7.4389,1.6090
7.4394,1.6141
7.4400,1.6040
7.4405,1.6141
7.4411,1.6090
7.4416,1.6090
7.4422,1.6141
7.4427,1.6141
7.4433,1.6141
7.4438,1.6090
7.4444,1.6141
7.4449,1.6141
7.4455,1.6141
7.4460,1.6090
7.4466,1.6090
7.4471,1.6040
7.4477,1.6090
7.4482,1.6141
7.4488,1.6090
7.4493,1.6090
7.4499,1.6141
7.4504,1.6141
7.4510,1.6141
7.4515,1.6141
7.4521,1.6090
7.4526,1.6040
7.4532,1.6090
7.4537,1.6141
7.4543,1.6141
7.4548,1.6090
7.4554,1.6141
7.4559,1.6090
7.4565,1.6141
7.4571,1.6141
7.4576,1.6141
7.4582,1.6090
7.4587,1.6141
7.4593,1.6090
7.4598,1.6141
7.4604,1.6141
7.4609,1.6141
7.4615,1.6090
7.4620,1.6090
7.4626,1.6141
7.4631,1.6090
7.4637,1.6090
7.4642,1.6141
7.4648,1.6090
7.4653,1.6141
7.4659,1.6141
7.4664,1.6141
7.4670,1.6090
7.4675,1.6090
7.4681,1.6090
7.4686,1.6040
7.4692,1.6141
7.4697,1.6090
7.4703,1.6141
7.4708,1.6040
7.4714,1.6090
7.4719,1.6141
7.4725,1.6090
7.4731,1.6141
7.4736,1.6090
7.4742,1.6090
7.4747,1.6141
7.4753,1.6141
7.4758,1.6040
7.4765,1.6090
7.4771,1.6090
7.4777,1.6090
7.4782,1.6090
7.4788,1.6040
7.4793,1.6141
7.4799,1.6141
7.4804,1.6090
7.4810,1.6141
7.4815,1.6090
7.4821,1.6090
7.4826,1.6090
7.4832,1.6141
7.4837,1.6090
7.4843,1.6090
7.4848,1.6141
7.4854,1.6040
7.4859,1.6141
7.4865,1.6090
7.4870,1.6141
7.4876,1.6090
7.4881,1.6090
7.4887,1.6090
7.4892,1.6090
7.4898,1.6090
7.4903,1.6090
7.4909,1.6090
7.4914,1.6191
7.4920,1.6141
7.4925,1.6090
7.4931,1.6090
7.4936,1.6141
7.4942,1.6141
7.4947,1.6090
7.4953,1.6141
7.4958,1.6090
7.4964,1.6090
7.4969,1.6090
7.4975,1.6090
7.4980,1.6090
7.4986,1.6040
7.4991,1.6090
7.4997,1.6141
7.5002,1.6141
7.5008,1.6090
7.5013,1.6141
7.5019,1.6090
7.5024,1.6141
7.5030,1.6090
7.5035,1.6090
7.5041,1.6090
7.5046,1.6090
7.5052,1.6040
7.5057,1.6090
7.5063,1.6141
7.5068,1.6090
7.5074,1.6141
7.5079,1.6141
7.5085,1.6090
7.5090,1.6090
7.5096,1.6090
7.5101,1.6141
7.5107,1.6090
7.5112,1.6141
7.5118,1.6141
7.5123,1.6090
7.5129,1.6090
7.5134,1.6141
7.5140,1.6090
7.5145,1.6090
7.5151,1.6090
7.5156,1.6141
7.5162,1.6090
7.5168,1.6090
7.5173,1.6141
7.5179,1.6141
7.5184,1.6090
7.5190,1.6141
7.5195,1.6090
7.5201,1.6141
7.5206,1.6141
7.5212,1.6141
7.5217,1.6141
7.5223,1.6141
7.5228,1.6141
7.5234,1.6090
7.5239,1.6141
7.5245,1.6141
7.5250,1.6141
7.5256,1.6141
7.5261,1.6090
7.5267,1.6141
7.5272,1.6090
7.5278,1.6090
7.5283,1.6141
7.5289,1.6141
7.5294,1.6141
7.5300,1.6090
7.5305,1.6090
7.5311,1.6141
7.5316,1.6141
7.5322,1.6141
7.5327,1.6141
7.5333,1.6141
7.5338,1.6090
7.5344,1.6090
7.5349,1.6090
7.5355,1.6141
7.5360,1.6090
7.5366,1.6090
7.5372,1.6090
7.5377,1.6090
7.5383,1.6090
7.5388,1.6141
7.5394,1.6141
7.5399,1.6141
7.5405,1.6090
7.5410,1.6141
7.5416,1.6141
7.5421,1.6141
7.5428,1.6141
7.5437,1.6090
7.5443,1.6141
7.5460,1.6090
7.5466,1.6141
7.5472,1.6090
7.5478,1.6090
7.5484,1.6141
7.5489,1.6141
7.5495,1.6141
7.5501,1.6040
7.5506,1.6090
7.5512,1.6141
7.5517,1.6141
7.5523,1.6141
7.5528,1.6141
7.5534,1.6090
7.5539,1.6090
7.5545,1.6090
7.5550,1.6040
7.5556,1.6141
7.5562,1.6141
7.5567,1.6090
7.5573,1.6141
7.5578,1.6141
7.5583,1.6141
7.5589,1.6141
7.5595,1.6141
7.5600,1.6141
7.5606,1.6141
7.5611,1.6090
7.5617,1.6141
7.5623,1.6040
7.5628,1.6141
7.5634,1.6141
7.5639,1.6141
7.5645,1.6141
7.5651,1.6090
7.5656,1.6141
7.5662,1.6141
7.5667,1.6141
7.5673,1.6141
7.5679,1.6141
7.5684,1.6090
7.5690,1.6090
7.5695,1.6090
7.5701,1.6141
7.5706,1.6090
7.5712,1.6141
7.5717,1.6090
7.5723,1.6141
7.5728,1.6090
7.5734,1.6090
7.5739,1.6090
7.5745,1.6090
7.5750,1.6090
7.5756,1.6090
7.5761,1.6090
7.5767,1.6040
7.5772,1.6141
7.5778,1.6090
7.5783,1.6141
7.5789,1.6090
7.5794,1.6141
7.5800,1.6090
7.5805,1.6090
7.5811,1.6040
7.5816,1.6141
7.5822,1.6090
7.5827,1.6090
7.5833,1.6141
7.5838,1.6141
7.5844,1.6090
7.5849,1.6040
7.5855,1.6141
7.5861,1.6090
7.5866,1.6090
7.5871,1.6090
7.5877,1.6141
7.5883,1.6141
7.5888,1.6141
7.5894,1.6141
7.5899,1.6141
7.5905,1.6090
7.5910,1.6040
7.5916,1.6090
7.5921,1.6090
7.5927,1.6141
7.5932,1.6090
7.5938,1.6040
7.5943,1.6090
7.5948,1.6090
7.5954,1.6141
7.5960,1.6040
7.5965,1.6141
7.5971,1.6090
7.5976,1.6141
7.5982,1.6090
7.5987,1.6090
7.5993,1.6090
7.5998,1.6090
7.6004,1.6141
7.6009,1.6141
7.6015,1.6090
7.6020,1.6090
7.6026,1.6040
7.6031,1.6090
7.6037,1.6141
7.6042,1.6090
7.6048,1.6090
7.6053,1.6090
7.6059,1.6141
7.6064,1.6090
7.6070,1.6090
7.6075,1.6141
7.6081,1.6090
7.6086,1.6141
7.6092,1.6090
7.6097,1.6141
7.6103,1.6141
7.6108,1.6141
7.6114,1.6090
7.6119,1.6141
7.6125,1.6141
7.6130,1.6040
7.6136,1.6090
7.6141,1.6141
7.6147,1.6090
7.6152,1.6141
7.6158,1.6090
7.6163,1.6141
7.6169,1.6090
7.6174,1.6090
7.6180,1.6090
7.6186,1.6141
7.6192,1.6141
7.6197,1.6090
7.6203,1.6141
7.6209,1.6090
7.6214,1.6141
7.6219,1.6141
7.6225,1.6141
7.6230,1.6090
7.6236,1.6090
7.6241,1.6090
7.6247,1.6090
7.6252,1.6141
7.6257,1.6141
7.6263,1.6090
7.6268,1.6090
7.6274,1.6090
7.6279,1.6141
7.6284,1.6141
7.6290,1.6090
7.6295,1.6141
7.6301,1.6090
7.6306,1.6141
7.6311,1.6141
7.6317,1.6090
7.6322,1.6090
7.6328,1.6141
7.6333,1.6090
7.6339,1.6090
7.6344,1.6141
7.6349,1.6090
7.6355,1.6090
7.6360,1.6090
7.6366,1.6090
7.6371,1.6141
7.6377,1.6141
7.6382,1.6090
7.6387,1.6040
7.6393,1.6141
7.6398,1.6090
7.6404,1.6141
7.6409,1.6090
7.6415,1.6090
7.6420,1.6090
7.6426,1.6090
7.6431,1.6141
7.6436,1.6090
7.6442,1.6141
7.6447,1.6141
7.6453,1.6141
7.6458,1.6090
7.6464,1.6090
7.6469,1.6141
7.6475,1.6141
7.6480,1.6141
7.6485,1.6141
7.6491,1.6090
7.6496,1.6090
7.6502,1.6040
7.6507,1.6141
7.6513,1.6141
7.6518,1.6141
7.6524,1.6090
7.6529,1.6090
7.6534,1.6090
7.6540,1.6040
7.6545,1.6090
7.6551,1.6141
7.6556,1.6141
7.6562,1.6090
7.6567,1.6141
7.6573,1.6090
7.6578,1.6141
7.6584,1.6141
7.6589,1.6090
7.6594,1.6141
7.6600,1.6141
7.6605,1.6090
7.6611,1.6090
7.6616,1.6040
7.6622,1.6090
7.6627,1.6090
7.6632,1.6141
7.6638,1.6141
7.6643,1.6141
7.6649,1.6141
7.6654,1.6141
7.6660,1.6090
7.6665,1.6090
7.6671,1.6090
7.6676,1.6090
7.6682,1.6090
7.6687,1.6090
7.6692,1.6141
7.6698,1.6090
7.6703,1.6141
7.6709,1.6090
7.6714,1.6090
7.6720,1.6090
7.6725,1.6141
7.6730,1.6090
7.6736,1.6090
7.6741,1.6090
7.6747,1.6090
7.6752,1.6090
7.6758,1.6090
7.6763,1.6090
7.6769,1.6090
7.6774,1.6090
7.6779,1.6141
7.6785,1.6141
7.6790,1.6040
7.6796,1.6090
7.6801,1.6090
7.6807,1.6090
7.6812,1.6090
7.6818,1.6141
7.6823,1.6090
7.6828,1.6090
7.6834,1.6090
7.6839,1.6141
7.6845,1.6090
7.6850,1.6141
7.6856,1.6141
7.6861,1.6141
7.6867,1.6090
7.6872,1.6090
7.6878,1.6141
7.6883,1.6090
7.6889,1.6090
7.6894,1.6141
7.6899,1.6090
7.6905,1.6040
7.6910,1.6090
7.6916,1.6090
7.6921,1.6141
7.6927,1.6141
7.6932,1.6090
7.6938,1.6141
7.6943,1.6090
7.6948,1.6141
7.6954,1.6090
7.6959,1.6090
7.6965,1.6090
7.6970,1.6141
7.6976,1.6090
7.6981,1.6090
7.6987,1.6090
7.6992,1.6090
7.6997,1.6141
7.7003,1.6090
7.7008,1.6090
7.7014,1.6040
7.7019,1.6090
7.7025,1.6090
7.7030,1.6141
7.7036,1.6090
7.7041,1.6090
7.7047,1.6090
7.7052,1.6141
7.7057,1.6040
7.7063,1.6090
7.7068,1.6090
7.7074,1.6090
7.7079,1.6090
7.7085,1.6141
7.7090,1.6090
7.7095,1.6141
7.7101,1.6090
7.7106,1.6090
7.7112,1.6141
7.7117,1.6141
7.7123,1.6141
7.7128,1.6090
7.7134,1.6141
7.7139,1.6040
7.7144,1.6090
7.7150,1.6090
7.7155,1.6141
7.7161,1.6090
7.7166,1.6090
7.7172,1.6141
7.7177,1.6141
7.7183,1.6141
7.7189,1.6090
7.7194,1.6090
7.7200,1.6040
7.7205,1.6141
7.7211,1.6040
7.7216,1.6141
7.7222,1.6090
7.7227,1.6090
7.7233,1.6090
7.7238,1.6141
7.7244,1.6090
7.7249,1.6141
7.7255,1.6090
7.7260,1.6040
7.7266,1.6090
7.7271,1.6141
7.7277,1.6090
7.7282,1.6141
7.7288,1.6141
7.7293,1.6141
7.7299,1.6040
7.7304,1.6141
7.7310,1.6090
7.7316,1.6090
7.7321,1.6141
7.7327,1.6090
7.7332,1.6090
7.7338,1.6191
7.7343,1.6141
7.7349,1.6090
7.7354,1.6141
7.7360,1.6090
7.7365,1.6090
7.7371,1.6090
7.7376,1.6090
7.7382,1.6090
7.7387,1.6090
7.7393,1.6040
7.7398,1.6141
7.7404,1.6090
7.7409,1.6090
7.7415,1.6141
7.7420,1.6090
7.7426,1.6090
7.7431,1.6141
7.7437,1.6090
7.7442,1.6090
7.7448,1.6090
7.7453,1.6090
7.7459,1.6090
7.7464,1.6090
7.7470,1.6090
7.7475,1.6040
7.7481,1.6141
7.7486,1.6090
7.7492,1.6141
7.7497,1.6090
7.7503,1.6141
7.7508,1.6040
7.7514,1.6141
7.7519,1.6090
7.7525,1.6090
7.7530,1.6090
7.7536,1.6141
7.7542,1.6141
7.7547,1.6090
7.7553,1.6141
7.7558,1.6090
7.7564,1.6141
7.7569,1.6090
7.7575,1.6090
7.7580,1.6141
7.7586,1.6090
7.7591,1.6090
7.7597,1.6040
7.7602,1.6141
7.7608,1.6191
7.7613,1.6191
7.7619,1.6040
7.7624,1.6141
7.7630,1.6090
7.7635,1.6040
7.7641,1.6090
7.7646,1.6090
7.7652,1.6090
7.7657,1.6090
7.7663,1.6090
7.7668,1.6090
7.7674,1.6090
7.7679,1.6090
7.7685,1.6090
7.7690,1.6141
7.7696,1.6090
7.7701,1.6090
7.7707,1.6141
7.7712,1.6141
7.7718,1.6090
7.7723,1.6090
7.7729,1.6090
7.7734,1.6090
7.7740,1.6090
7.7745,1.6090
7.7751,1.6141
7.7756,1.6090
7.7762,1.6090
7.7767,1.6141
7.7773,1.6040
7.7778,1.6090
7.7784,1.6090
7.7789,1.6090
7.7795,1.6090
7.7800,1.6090
7.7806,1.6090
7.7811,1.6040
7.7817,1.6141
7.7822,1.6090
7.7828,1.6090
7.7833,1.6090
7.7839,1.6090
7.7844,1.6090
7.7850,1.6090
7.7856,1.6090
7.7861,1.6090
7.7867,1.6141
7.7872,1.6090
7.7878,1.6141
7.7883,1.6090
7.7889,1.6141
7.7894,1.6090
7.7900,1.6090
7.7905,1.6141
7.7911,1.6090
7.7916,1.6090
7.7922,1.6141
7.7927,1.6090
7.7933,1.6141
7.7938,1.6090
7.7944,1.6090
7.7949,1.6141
7.7955,1.6090
7.7960,1.6090
7.7966,1.6090
7.7972,1.6090
7.7977,1.6090
7.7983,1.6141
7.7988,1.6090
7.7994,1.6141
7.7999,1.6141
7.8005,1.6090
7.8010,1.6090
7.8016,1.6090
7.8021,1.6040
7.8027,1.6141
7.8032,1.6141
7.8038,1.6141
7.8043,1.6090
7.8049,1.6141
7.8054,1.6141
7.8060,1.6090
7.8065,1.6090
7.8071,1.6090
7.8076,1.6141
7.8082,1.6141
7.8087,1.6090
7.8093,1.6090
7.8098,1.6040
7.8104,1.6090
7.8109,1.6141
7.8115,1.6090
7.8120,1.6090
7.8126,1.6090
7.8131,1.6141
7.8137,1.6040
7.8142,1.6090
7.8148,1.6141
7.8153,1.6090
7.8159,1.6141
7.8164,1.6090
7.8170,1.6141
7.8175,1.6090
7.8181,1.6141
7.8186,1.6090
7.8192,1.6090
7.8198,1.6090
7.8203,1.6141
7.8209,1.6141
7.8214,1.6090
7.8220,1.6141
7.8225,1.6090
7.8231,1.6141
7.8236,1.6090
7.8242,1.6090
7.8247,1.6090
7.8253,1.6141
7.8259,1.6090
7.8264,1.6040
7.8270,1.6090
7.8275,1.6141
7.8281,1.6090
7.8286,1.6090
7.8292,1.6090
7.8297,1.6141
7.8303,1.6141
7.8308,1.6090
7.8314,1.6141
7.8319,1.6141
7.8325,1.6141
7.8330,1.6141
7.8336,1.6040
7.8342,1.6090
7.8347,1.6090
7.8353,1.6090
7.8358,1.6090
7.8364,1.6141
7.8369,1.6090
7.8375,1.6141
7.8380,1.6090
7.8386,1.6141
7.8391,1.6141
7.8397,1.6090
7.8402,1.6090
7.8408,1.6141
7.8413,1.6040
7.8419,1.6141
7.8424,1.6141
7.8430,1.6141
7.8435,1.6090
7.8441,1.6141
7.8446,1.6090
7.8452,1.6090
7.8457,1.6141
7.8463,1.6090
7.8468,1.6090
7.8474,1.6141
7.8479,1.6141
7.8485,1.6090
7.8490,1.6141
7.8496,1.6090
7.8501,1.6090
7.8507,1.6141
7.8512,1.6090
7.8518,1.6141
7.8523,1.6090
7.8529,1.6090
7.8534,1.6090
7.8540,1.6090
7.8545,1.6141
7.8551,1.6090
7.8556,1.6090
7.8562,1.6141
7.8567,1.6141
7.8573,1.6040
7.8578,1.6090
7.8584,1.6090
7.8589,1.6090
7.8595,1.6141
7.8600,1.6141
7.8606,1.6090
7.8611,1.6090
7.8617,1.6090
7.8622,1.6141
7.8628,1.6090
7.8633,1.6090
7.8639,1.6141
7.8644,1.6090
7.8650,1.6090
7.8655,1.6090
7.8661,1.6141
7.8667,1.6090
7.8672,1.6141
7.8678,1.6141
7.8683,1.6040
7.8689,1.6141
7.8694,1.6090
7.8700,1.6040
7.8705,1.6090
7.8711,1.6090
7.8716,1.6141
7.8722,1.6090
7.8727,1.6090
7.8733,1.6090
7.8738,1.6040
7.8744,1.6141
7.8749,1.6141
7.8755,1.6090
7.8760,1.6141
7.8766,1.6141
7.8771,1.6090
7.8777,1.6090
7.8782,1.6090
7.8788,1.6141
7.8793,1.6090
7.8799,1.6141
7.8804,1.6090
7.8810,1.6141
7.8815,1.6141
7.8821,1.6040
7.8826,1.6090
7.8832,1.6141
7.8837,1.6090
7.8843,1.6090
7.8848,1.6141
7.8854,1.6090
7.8859,1.6141
7.8865,1.6090
7.8870,1.6090
7.8876,1.6090
7.8881,1.6090
7.8887,1.6090
7.8892,1.6090
7.8898,1.6090
7.8903,1.6141
7.8909,1.6090
7.8914,1.6141
7.8920,1.6141
7.8925,1.6090
7.8931,1.6090
7.8936,1.6141
7.8942,1.6090
7.8947,1.6090
7.8953,1.6090
7.8959,1.6090
7.8964,1.6141
7.8970,1.6090
7.8975,1.6090
7.8981,1.6141
7.8986,1.6090
7.8992,1.6090
7.8997,1.6090
7.9003,1.6090
7.9008,1.6040
7.9014,1.6090
7.9019,1.6090
7.9025,1.6090
7.9030,1.6090
7.9036,1.6090
7.9041,1.6090
7.9047,1.6090
7.9052,1.6090
7.9058,1.6090
7.9063,1.6090
7.9069,1.6090
7.9074,1.6141
7.9080,1.6090
7.9085,1.6090
7.9091,1.6090
7.9096,1.6090
7.9102,1.6141
7.9107,1.6141
7.9113,1.6090
7.9118,1.6141
7.9124,1.6090
7.9129,1.6090
7.9135,1.6090
7.9140,1.6090
7.9146,1.6141
7.9151,1.6090
7.9157,1.6141
7.9162,1.6141
7.9168,1.6141
7.9174,1.6090
7.9179,1.6090
7.9185,1.6090
7.9190,1.6090
7.9196,1.6090
7.9201,1.6141
7.9207,1.6090
7.9212,1.6090
7.9218,1.6090
7.9223,1.6141
7.9229,1.6090
7.9234,1.6141
7.9240,1.6040
7.9245,1.6090
7.9251,1.6090
7.9256,1.6141
7.9262,1.6040
7.9267,1.6141
7.9273,1.6040
7.9278,1.6090
7.9284,1.6141
7.9289,1.6090
7.9295,1.6141
7.9300,1.6141
7.9306,1.6090
7.9311,1.6141
7.9317,1.6090
7.9322,1.6141
7.9328,1.6090
7.9333,1.6090
7.9339,1.6090
7.9344,1.6090
7.9350,1.6141
7.9355,1.6090
7.9361,1.6141
7.9366,1.6040
7.9372,1.6090
7.9377,1.6090
7.9383,1.6090
7.9389,1.6090
7.9394,1.6090
7.9400,1.6141
7.9405,1.6090
7.9411,1.6090
7.9416,1.6090
7.9422,1.6090
7.9427,1.6141
7.9433,1.6090
7.9438,1.6090
7.9444,1.6090
7.9449,1.6141
7.9455,1.6141
7.9460,1.6040
7.9466,1.6090
7.9471,1.6090
7.9477,1.6141
7.9482,1.6090
7.9488,1.6141
7.9493,1.6141
7.9499,1.6090
7.9504,1.6090
7.9510,1.6090
7.9515,1.6040
7.9521,1.6090
7.9526,1.6090
7.9532,1.6090
7.9537,1.6141
7.9543,1.6090
7.9548,1.6141
7.9554,1.6090
7.9559,1.6141
7.9565,1.6090
7.9570,1.6090
7.9576,1.6090
7.9581,1.6090
7.9587,1.6090
7.9592,1.6090
7.9598,1.6090
7.9604,1.6090
7.9610,1.6141
7.9616,1.6090
7.9622,1.6090
7.9628,1.6090
7.9634,1.6090
7.9640,1.6090
7.9646,1.6090
7.9652,1.6141
7.9658,1.6141
7.9664,1.6141
7.9670,1.6141
7.9675,1.6090
7.9681,1.6090
7.9686,1.6141
7.9692,1.6141
7.9698,1.6141
7.9703,1.6090
7.9709,1.6141
7.9714,1.6090
7.9720,1.6090
7.9725,1.6141
7.9731,1.6141
7.9736,1.6090
7.9742,1.6090
7.9747,1.6090
7.9753,1.6090
7.9758,1.6141
7.9764,1.6090
7.9770,1.6040
7.9775,1.6090
7.9781,1.6090
7.9786,1.6141
7.9792,1.6090
7.9797,1.6040
7.9803,1.6090
7.9808,1.6090
7.9814,1.6141
7.9819,1.6090
7.9825,1.6141
7.9830,1.6090
7.9836,1.6141
7.9841,1.6141
7.9847,1.6090
7.9852,1.6141
7.9858,1.6090
7.9863,1.6090
7.9869,1.6090
7.9874,1.6090
7.9880,1.6141
7.9886,1.6090
7.9891,1.6141
7.9897,1.6090
7.9902,1.6090
7.9908,1.6141
7.9913,1.6141
7.9919,1.6040
7.9924,1.6141
7.9930,1.6090
7.9935,1.6090
7.9941,1.6090
7.9946,1.6040
7.9952,1.6090
7.9957,1.6141
7.9963,1.6090
7.9968,1.6090
7.9974,1.6090
7.9979,1.6141
7.9985,1.6141
7.9990,1.6090
7.9996,1.6090
8.0001,1.6090
8.0007,1.6141
8.0012,1.6090
8.0018,1.6141
8.0023,1.6141
8.0029,1.6040
8.0034,1.6090
8.0040,1.6141
8.0045,1.6040
8.0051,1.6090
8.0056,1.6090
8.0062,1.6090
8.0067,1.6090
8.0073,1.6090
8.0078,1.6090
8.0084,1.6090
8.0089,1.6090
8.0095,1.6090
8.0100,1.6141
8.0106,1.6040
8.0111,1.6090
8.0117,1.6090
8.0122,1.6090
8.0128,1.6141
8.0133,1.6141
8.0139,1.6090
8.0144,1.6141
8.0150,1.6141
8.0155,1.6141
8.0161,1.6090
8.0167,1.6090
8.0172,1.6141
8.0178,1.6141
8.0183,1.6090
8.0189,1.6090
8.0194,1.6090
8.0200,1.6090
8.0205,1.6090
8.0211,1.6090
8.0216,1.6141
8.0222,1.6090
8.0227,1.6090
8.0233,1.6090
8.0238,1.6141
8.0244,1.6141
8.0249,1.6090
8.0255,1.6040
8.0261,1.6090
8.0266,1.6141
8.0272,1.6090
8.0277,1.6090
8.0283,1.6040
8.0288,1.6040
8.0294,1.6141
8.0299,1.6090
8.0305,1.6141
8.0310,1.6141
8.0316,1.6090
8.0321,1.6090
8.0327,1.6141
8.0332,1.6141
8.0338,1.6090
8.0343,1.6090
8.0349,1.6090
8.0354,1.6090
8.0360,1.6090
8.0366,1.6090
8.0371,1.6090
8.0377,1.6141
8.0382,1.6090
8.0388,1.6090
8.0393,1.6090
8.0398,1.6040
8.0404,1.6090
8.0409,1.6090
8.0415,1.6090
8.0420,1.6090
8.0426,1.6090
8.0431,1.6090
8.0437,1.6090
8.0443,1.6090
8.0460,1.6090
8.0466,1.6090
8.0472,1.6090
8.0478,1.6090
8.0484,1.6141
8.0489,1.6090
8.0495,1.6090
8.0500,1.6040
8.0506,1.6090
8.0512,1.6141
8.0517,1.6141
8.0523,1.6090
8.0528,1.6141
8.0534,1.6141
8.0539,1.6141
8.0545,1.6141
8.0553,1.6141
8.0559,1.6141
8.0565,1.6141
8.0570,1.6141
8.0576,1.6090
8.0581,1.6090
8.0587,1.6090
8.0592,1.6090
8.0637,1.6141
8.0644,1.6090
8.0654,1.6141
8.0660,1.6090
8.0666,1.6141
8.0672,1.6040
8.0678,1.6090
8.0684,1.6090
8.0689,1.6141
8.0695,1.6040
8.0700,1.6141
8.0706,1.6090
8.0711,1.6141
8.0717,1.6141
8.0722,1.6141
8.0728,1.6141
8.0734,1.6090
8.0739,1.6141
8.0745,1.6090
8.0750,1.6141
8.0756,1.6141
8.0761,1.6090
8.0767,1.6141
8.0772,1.6090
8.0777,1.6040
8.0783,1.6090
8.0788,1.6090
8.0794,1.6090
8.0799,1.6090
8.0805,1.6090
8.0810,1.6141
8.0816,1.6090
8.0821,1.6090
8.0827,1.6090
8.0832,1.6090
8.0838,1.6090
8.0843,1.6090
8.0849,1.6090
8.0854,1.6141
8.0860,1.6090
8.0865,1.6090
8.0871,1.6090
8.0876,1.6090
8.0882,1.6090
8.0887,1.6090
8.0893,1.6141
8.0898,1.6090
8.0904,1.6090
8.0909,1.6090
8.0915,1.6141
8.0920,1.6141
8.0926,1.6141
8.0931,1.6090
8.0937,1.6141
8.0942,1.6090
8.0947,1.6141
8.0953,1.6141
8.0959,1.6090
8.0964,1.6090
8.0970,1.6040
8.0975,1.6090
8.0981,1.6090
8.0986,1.6141
8.0992,1.6090
8.0997,1.6141
8.1003,1.6090
8.1008,1.6141
8.1014,1.6090
8.1019,1.6141
8.1025,1.6090
8.1030,1.6090
8.1036,1.6141
8.1041,1.6090
8.1046,1.6090
8.1052,1.6090
8.1057,1.6090
8.1063,1.6141
8.1068,1.6090
8.1074,1.6090
8.1079,1.6141
8.1085,1.6090
8.1091,1.6090
8.1096,1.6090
8.1102,1.6141
8.1107,1.6141
8.1113,1.6090
8.1118,1.6090
8.1124,1.6090
8.1129,1.6141
8.1135,1.6090
8.1140,1.6090
8.1146,1.6090
8.1151,1.6090
8.1157,1.6090
8.1163,1.6090
8.1168,1.6090
8.1174,1.6090
8.1179,1.6141
8.1185,1.6141
8.1190,1.6090
8.1196,1.6090
8.1201,1.6090
8.1207,1.6090
8.1212,1.6090
8.1219,1.6090
8.1224,1.6090
8.1230,1.6141
8.1235,1.6090
8.1241,1.6090
8.1246,1.6090
8.1252,1.6090
8.1257,1.6141
8.1263,1.6040
8.1268,1.6090
8.1274,1.6141
8.1279,1.6090
8.1284,1.6090
8.1290,1.6090
8.1295,1.6090
8.1301,1.6090
8.1306,1.6090
8.1312,1.6141
8.1317,1.6090
8.1323,1.6090
8.1328,1.6090
8.1333,1.6090
8.1339,1.6090
8.1344,1.6141
8.1350,1.6090
8.1355,1.6040
8.1361,1.6141
8.1366,1.6141
8.1372,1.6090
8.1377,1.6141
8.1382,1.6090
8.1388,1.6090
8.1393,1.6090
8.1399,1.6090
8.1404,1.6090
8.1410,1.6141
8.1415,1.6090
8.1421,1.6090
8.1426,1.6040
8.1432,1.6141
8.1437,1.6090
8.1442,1.6090
8.1448,1.6090
8.1453,1.6141
8.1459,1.6090
8.1464,1.6090
8.1470,1.6090
8.1475,1.6141
8.1481,1.6090
8.1486,1.6141
8.1492,1.6090
8.1497,1.6090
8.1502,1.6141
8.1508,1.6090
8.1513,1.6090
8.1519,1.6090
8.1524,1.6141
8.1530,1.6040
8.1535,1.6090
8.1541,1.6090
8.1546,1.6090
8.1552,1.6141
8.1557,1.6141
8.1562,1.6090
8.1568,1.6141
8.1573,1.6090
8.1579,1.6141
8.1584,1.6090
8.1590,1.6141
8.1595,1.6090
8.1601,1.6090
8.1606,1.6090
8.1612,1.6090
8.1617,1.6141
8.1622,1.6090
8.1628,1.6090
8.1633,1.6141
8.1639,1.6090
8.1644,1.6141
8.1650,1.6090
8.1655,1.6090
8.1661,1.6090
8.1666,1.6090
8.1671,1.6040
8.1677,1.6090
8.1682,1.6090
8.1688,1.6141
8.1693,1.6090
8.1698,1.6090
8.1704,1.6090
8.1709,1.6040
8.1715,1.6090
8.1720,1.6090
8.1725,1.6090
8.1731,1.6040
8.1736,1.6090
8.1742,1.6090
8.1747,1.6090
8.1753,1.6090
8.1758,1.6090
8.1763,1.6141
8.1769,1.6040
8.1774,1.6090
8.1780,1.6040
8.1785,1.6141
8.1790,1.6141
8.1796,1.6090
8.1801,1.6090
8.1807,1.6090
8.1812,1.6090
8.1818,1.6090
8.1823,1.6040
8.1829,1.6141
8.1834,1.6090
8.1839,1.6090
8.1845,1.6090
8.1850,1.6090
8.1856,1.6141
8.1861,1.6090
8.1867,1.6090
8.1872,1.6040
8.1877,1.6040
8.1883,1.6090
8.1888,1.6141
8.1894,1.6090
8.1899,1.6090
8.1905,1.6141
8.1910,1.6090
8.1916,1.6090
8.1921,1.6090
8.1926,1.6141
8.1932,1.6090
8.1937,1.6090
8.1943,1.6090
8.1948,1.6141
8.1954,1.6090
8.1959,1.6141
8.1965,1.6090
8.1970,1.6141
8.1976,1.6141
8.1981,1.6141
8.1986,1.6141
8.1992,1.6141
8.1997,1.6040
8.2003,1.6141
8.2008,1.6141
8.2014,1.6090
8.2019,1.6090
8.2025,1.6090
8.2030,1.6090
8.2036,1.6040
8.2041,1.6040
8.2046,1.6141
8.2052,1.6090
8.2057,1.6090
8.2063,1.6141
8.2068,1.6090
8.2074,1.6090
8.2079,1.6141
8.2085,1.6090
8.2090,1.6090
8.2095,1.6090
8.2101,1.6090
8.2106,1.6040
8.2112,1.6090
8.2117,1.6090
8.2123,1.6141
8.2128,1.6090
8.2134,1.6141
8.2139,1.6090
8.2144,1.6090
8.2150,1.6040
8.2155,1.6090
8.2161,1.6141
8.2166,1.6040
8.2172,1.6090
8.2177,1.6141
8.2183,1.6090
8.2188,1.6090
8.2194,1.6090
8.2199,1.6141
8.2204,1.6090
8.2210,1.6090
8.2215,1.6090
8.2222,1.6090
8.2227,1.6090
8.2233,1.6090
8.2238,1.6090
8.2244,1.6090
8.2249,1.6040
8.2255,1.6090
8.2260,1.6141
8.2266,1.6090
8.2271,1.6141
8.2277,1.6090
8.2282,1.6141
8.2288,1.6090
8.2293,1.6090
8.2299,1.6141
8.2304,1.6090
8.2310,1.6090
8.2315,1.6090
8.2321,1.6090
8.2326,1.6141
8.2332,1.6141
8.2337,1.6090
8.2343,1.6090
8.2348,1.6090
8.2354,1.6090
8.2359,1.6090
8.2365,1.6141
8.2370,1.6141
8.2376,1.6090
8.2382,1.6090
8.2387,1.6090
8.2393,1.6090
8.2398,1.6090
8.2404,1.6090
8.2409,1.6090
8.2415,1.6090
8.2420,1.6090
8.2426,1.6141
8.2431,1.6090
8.2437,1.6090
8.2442,1.6090
8.2448,1.6090
8.2453,1.6090
8.2459,1.6141
8.2464,1.6090
8.2470,1.6141
8.2475,1.6090
8.2481,1.6090
8.2486,1.6090
8.2492,1.6141
8.2498,1.6090
8.2503,1.6141
8.2509,1.6090
8.2514,1.6090
8.2520,1.6090
8.2525,1.6090
8.2531,1.6090
8.2536,1.6090
8.2542,1.6090
8.2547,1.6040
8.2553,1.6040
8.2558,1.6090
8.2564,1.6090
8.2569,1.6090
8.2575,1.6090
8.2580,1.6090
8.2586,1.6090
8.2591,1.6090
8.2597,1.6141
8.2602,1.6040
8.2608,1.6090
8.2613,1.6090
8.2619,1.6090
8.2624,1.6090
8.2630,1.6141
8.2635,1.6090
8.2641,1.6090
8.2646,1.6090
8.2652,1.6141
8.2657,1.6090
8.2663,1.6090
8.2669,1.6090
8.2674,1.6090
8.2680,1.6040
8.2685,1.6141
8.2691,1.6090
8.2696,1.6090
8.2702,1.6090
8.2707,1.6090
8.2713,1.6090
8.2718,1.6090
8.2724,1.6090
8.2729,1.6141
8.2735,1.6090
8.2740,1.6040
8.2746,1.6141
8.2751,1.6141
8.2757,1.6141
8.2762,1.6141
8.2768,1.6090
8.2773,1.6141
8.2779,1.6141
8.2784,1.6090
8.2790,1.6141
8.2795,1.6090
8.2801,1.6090
8.2806,1.6090
8.2812,1.6090
8.2817,1.6141
8.2823,1.6141
8.2828,1.6141
8.2834,1.6141
8.2839,1.6141
8.2845,1.6141
8.2850,1.6090
8.2856,1.6090
8.2861,1.6090
8.2867,1.6090
8.2873,1.6090
8.2878,1.6090
8.2884,1.6090
8.2889,1.6090
8.2895,1.6090
8.2900,1.6141
8.2906,1.6090
8.2911,1.6090
8.2917,1.6090
8.2922,1.6141
8.2928,1.6040
8.2933,1.6141
8.2939,1.6040
8.2944,1.6090
8.2950,1.6090
8.2955,1.6090
8.2961,1.6141
8.2966,1.6141
8.2972,1.6141
8.2977,1.6090
8.2983,1.6040
8.2988,1.6090
8.2994,1.6090
8.2999,1.6090
8.3005,1.6141
8.3010,1.6090
8.3016,1.6090
8.3021,1.6090
8.3027,1.6090
8.3032,1.6090
8.3038,1.6040
8.3043,1.6141
8.3049,1.6141
8.3054,1.6090
8.3060,1.6090
8.3065,1.6090
8.3071,1.6141
8.3076,1.6141
8.3082,1.6141
8.3087,1.6141
8.3093,1.6040
8.3098,1.6090
8.3104,1.6090
8.3110,1.6090
8.3115,1.6090
8.3121,1.6090
8.3126,1.6090
8.3132,1.6040
8.3137,1.6090
8.3143,1.6090
8.3148,1.6090
8.3154,1.6090
8.3159,1.6090
8.3165,1.6090
8.3170,1.6090
8.3176,1.6090
8.3181,1.6141
8.3187,1.6141
8.3192,1.6090
8.3198,1.6141
8.3203,1.6090
8.3209,1.6141
8.3214,1.6090
8.3220,1.6141
8.3225,1.6141
8.3231,1.6090
8.3237,1.6141
8.3242,1.6090
8.3248,1.6090
8.3253,1.6090
8.3259,1.6090
8.3264,1.6090
8.3270,1.6090
8.3275,1.6090
8.3281,1.6090
8.3286,1.6141
8.3292,1.6090
8.3297,1.6090
8.3303,1.6090
8.3308,1.6090
8.3314,1.6090
8.3319,1.6090
8.3325,1.6090
8.3330,1.6141
8.3336,1.6090
8.3342,1.6141
8.3347,1.6090
8.3353,1.6040
8.3358,1.6141
8.3364,1.6141
8.3369,1.6141
8.3375,1.6090
8.3380,1.6090
8.3386,1.6090
8.3391,1.6090
8.3397,1.6090
8.3402,1.6141
8.3408,1.6090
8.3413,1.6090
8.3419,1.6090
8.3424,1.6090
8.3430,1.6090
8.3435,1.6090
8.3441,1.6040
8.3446,1.6090
8.3452,1.6090
8.3457,1.6090
8.3463,1.6090
8.3468,1.6090
8.3474,1.6090
8.3479,1.6090
8.3485,1.6141
8.3490,1.6141
8.3496,1.6090
8.3501,1.6090
8.3507,1.6141
8.3512,1.6090
8.3518,1.6141
8.3523,1.6090
8.3529,1.6141
8.3534,1.6090
8.3540,1.6090
8.3545,1.6090
8.3551,1.6090
8.3556,1.6141
8.3562,1.6090
8.3568,1.6090
8.3573,1.6141
8.3579,1.6090
8.3584,1.6141
8.3590,1.6090
8.3595,1.6040
8.3601,1.6090
8.3606,1.6090
8.3612,1.6090
8.3617,1.6090
8.3623,1.6141
8.3628,1.6141
8.3634,1.6090
8.3639,1.6141
8.3645,1.6090
8.3650,1.6090
8.3656,1.6141
8.3661,1.6141
8.3667,1.6141
8.3672,1.6090
8.3678,1.6090
8.3683,1.6090
8.3689,1.6090
8.3694,1.6090
8.3700,1.6141
8.3705,1.6090
8.3711,1.6090
8.3716,1.6090
8.3722,1.6141
8.3727,1.6090
8.3733,1.6090
8.3738,1.6141
8.3744,1.6040
8.3749,1.6090
8.3755,1.6141
8.3760,1.6090
8.3766,1.6090
8.3771,1.6090
8.3777,1.6090
8.3782,1.6141
8.3788,1.6090
8.3793,1.6090
8.3799,1.6090
8.3804,1.6141
8.3810,1.6090
8.3815,1.6090
8.3821,1.6141
8.3826,1.6141
8.3832,1.6040
8.3837,1.6090
8.3843,1.6090
8.3849,1.6141
8.3854,1.6090
8.3860,1.6040
8.3865,1.6090
8.3871,1.6090
8.3876,1.6141
8.3881,1.6090
8.3887,1.6090
8.3892,1.6090
8.3898,1.6090
8.3904,1.6090
8.3909,1.6040
8.3915,1.6090
8.3920,1.6141
8.3925,1.6090
8.3931,1.6090
8.3936,1.6040
8.3942,1.6090
8.3947,1.6090
8.3953,1.6090
8.3958,1.6090
8.3964,1.6090
8.3969,1.6090
8.3975,1.6090
8.3980,1.6141
8.3986,1.6090
8.3991,1.6040
8.3997,1.6141
8.4002,1.6090
8.4008,1.6090
8.4013,1.6090
8.4019,1.6090
8.4024,1.6040
8.4030,1.6090
8.4035,1.6090
8.4041,1.6141
8.4046,1.6090
8.4052,1.6141
8.4057,1.6040
8.4063,1.6090
8.4068,1.6090
8.4074,1.6090
8.4079,1.6090
8.4085,1.6090
8.4090,1.6090
8.4096,1.6090
8.4101,1.6090
8.4107,1.6141
8.4112,1.6141
8.4118,1.6090
8.4123,1.6090
8.4129,1.6090
8.4134,1.6090
8.4140,1.6141
8.4145,1.6040
8.4151,1.6090
8.4156,1.6090
8.4162,1.6040
8.4167,1.6090
8.4173,1.6090
8.4178,1.6040
8.4184,1.6040
8.4189,1.6090
8.4195,1.6090
8.4200,1.6090
8.4206,1.6090
8.4211,1.6141
8.4217,1.6090
8.4222,1.6090
8.4228,1.6090
8.4233,1.6040
8.4239,1.6090
8.4245,1.6090
8.4250,1.6141
8.4256,1.6090
8.4261,1.6090
8.4267,1.6090
8.4272,1.6141
8.4278,1.6090
8.4283,1.6090
8.4289,1.6090
8.4294,1.6090
8.4300,1.6090
8.4305,1.6141
8.4311,1.6090
8.4316,1.6141
8.4322,1.6090
8.4327,1.6090
8.4333,1.6141
8.4338,1.6040
8.4344,1.6090
8.4349,1.6090
8.4355,1.6040
8.4360,1.6090
8.4366,1.6141
8.4371,1.6040
8.4377,1.6090
8.4382,1.6090
8.4388,1.6141
8.4393,1.6141
8.4399,1.6090
8.4404,1.6090
8.4410,1.6090
8.4415,1.6090
8.4421,1.6090
8.4426,1.6141
8.4432,1.6090
8.4437,1.6090
8.4443,1.6090
8.4448,1.6090
8.4454,1.6090
8.4459,1.6090
8.4465,1.6040
8.4470,1.6090
8.4476,1.6090
8.4481,1.6090
8.4487,1.6141
8.4492,1.6090
8.4498,1.6090
8.4504,1.6141
8.4509,1.6141
8.4515,1.6141
8.4520,1.6141
8.4526,1.6090
8.4531,1.6141
8.4537,1.6040
8.4542,1.6090
8.4548,1.6040
8.4553,1.6090
8.4559,1.6141
8.4564,1.6040
8.4570,1.6090
8.4575,1.6090
8.4581,1.6090
8.4586,1.6040
8.4592,1.6090
8.4597,1.6040
8.4603,1.6090
8.4609,1.6090
8.4614,1.6090
8.4620,1.6090
8.4625,1.6040
8.4631,1.6090
8.4636,1.6141
8.4642,1.6090
8.4647,1.6090
8.4653,1.6090
8.4658,1.6090
8.4664,1.6090
8.4669,1.6090
8.4675,1.6090
8.4680,1.6090
8.4686,1.6090
8.4691,1.6090
8.4697,1.6090
8.4702,1.6090
8.4708,1.6090
8.4713,1.6090
8.4719,1.6090
8.4724,1.6090
8.4730,1.6090
8.4735,1.6090
8.4741,1.6141
8.4746,1.6090
8.4752,1.6040
8.4757,1.6090
8.4766,1.6040
8.4771,1.6090
8.4777,1.6090
8.4782,1.6090
8.4788,1.6141
8.4793,1.6090
8.4799,1.6141
8.4804,1.6040
8.4810,1.6090
8.4815,1.6090
8.4821,1.6090
8.4826,1.6141
8.4832,1.6090
8.4837,1.6090
8.4843,1.6090
8.4848,1.6090
8.4854,1.6141
8.4860,1.6090
8.4865,1.6141
8.4871,1.6090
8.4876,1.6141
8.4882,1.6090
8.4887,1.6141
8.4893,1.6090
8.4898,1.6090
8.4904,1.6090
8.4909,1.6141
8.4915,1.6090
8.4920,1.6141
8.4926,1.6040
8.4931,1.6090
8.4937,1.6090
8.4942,1.6090
8.4948,1.6090
8.4953,1.6141
8.4959,1.6090
8.4964,1.6090
8.4970,1.6141
8.4975,1.6090
8.4981,1.6040
8.4986,1.6141
8.4992,1.6090
8.4997,1.6090
8.5003,1.6090
8.5008,1.6090
8.5014,1.6141
8.5019,1.6090
8.5025,1.6090
8.5030,1.6090
8.5036,1.6090
8.5041,1.6090
8.5047,1.6090
8.5052,1.6141
8.5058,1.6090
8.5063,1.6090
8.5069,1.6090
8.5074,1.6141
8.5080,1.6040
8.5085,1.6090
8.5091,1.6090
8.5097,1.6141
8.5102,1.6090
8.5108,1.6090
8.5113,1.6141
8.5119,1.6141
8.5124,1.6141
8.5130,1.6141
8.5135,1.6090
8.5141,1.6090
8.5146,1.6040
8.5152,1.6090
8.5157,1.6090
8.5163,1.6090
8.5168,1.6141
8.5174,1.6090
8.5179,1.6141
8.5185,1.6040
8.5190,1.6090
8.5196,1.6090
8.5201,1.6090
8.5207,1.6090
8.5212,1.6141
8.5218,1.6090
8.5223,1.6090
8.5229,1.6141
8.5234,1.6040
8.5240,1.6141
8.5245,1.6040
8.5251,1.6090
8.5256,1.6141
8.5262,1.6090
8.5268,1.6090
8.5273,1.6141
8.5279,1.6141
8.5284,1.6040
8.5290,1.6090
8.5295,1.6141
8.5301,1.6090
8.5306,1.6090
8.5312,1.6090
8.5317,1.6090
8.5323,1.6090
8.5328,1.6090
8.5334,1.6040
8.5339,1.6090
8.5345,1.6141
8.5350,1.6090
8.5356,1.6090
8.5361,1.6090
8.5367,1.6090
8.5372,1.6090
8.5378,1.6090
8.5383,1.6141
8.5389,1.6090
8.5394,1.6090
8.5400,1.6040
8.5405,1.6090
8.5411,1.6090
8.5416,1.6090
8.5422,1.6141
8.5427,1.6090
8.5436,1.6141
8.5442,1.6090
8.5460,1.6090
8.5466,1.6090
8.5472,1.6090
8.5478,1.6090
8.5484,1.6090
8.5489,1.6090
8.5495,1.6090
8.5500,1.6090
8.5506,1.6090
8.5511,1.6090
8.5517,1.6090
8.5523,1.6141
8.5528,1.6040
8.5533,1.6090
8.5539,1.6141
8.5544,1.6090
8.5550,1.6090
8.5556,1.6090
8.5561,1.6040
8.5567,1.6141
8.5572,1.6040
8.5578,1.6090
8.5583,1.6090
8.5589,1.6141
8.5594,1.6090
8.5600,1.6090
8.5605,1.6040
8.5611,1.6040
8.5617,1.6090
8.5623,1.6090
8.5628,1.6141
8.5634,1.6090
8.5640,1.6141
8.5646,1.6090
8.5651,1.6090
8.5657,1.6090
8.5663,1.6090
8.5668,1.6090
8.5674,1.6040
8.5679,1.6141
8.5685,1.6040
8.5690,1.6141
8.5696,1.6090
8.5701,1.6090
8.5707,1.6090
8.5712,1.6141
8.5718,1.6090
8.5723,1.6090
8.5729,1.6090
8.5735,1.6040
8.5740,1.6090
8.5746,1.6090
8.5752,1.6090
8.5757,1.6090
8.5763,1.6040
8.5769,1.6090
8.5775,1.6090
8.5780,1.6040
8.5786,1.6090
8.5791,1.6090
8.5797,1.6090
8.5802,1.6090
8.5808,1.6141
8.5813,1.6141
8.5819,1.6090
8.5824,1.6141
8.5830,1.6090
8.5835,1.6090
8.5841,1.6090
8.5846,1.6090
8.5852,1.6090
8.5857,1.6090
8.5863,1.6090
8.5868,1.6090
8.5880,1.6090
8.5886,1.6090
8.5892,1.6090
8.5897,1.6090
8.5903,1.6090
8.5908,1.6090
8.5914,1.6090
8.5919,1.6090
8.5925,1.6090
8.5930,1.6090
8.5936,1.6090
8.5941,1.6090
8.5947,1.6090
8.5952,1.6141
8.5958,1.6040
8.5963,1.6141
8.5969,1.6090
8.5974,1.6090
8.5980,1.6090
8.5985,1.6141
8.5991,1.6090
8.5996,1.6090
8.6002,1.6090
8.6007,1.6090
8.6013,1.6090
8.6018,1.6090
8.6024,1.6141
8.6030,1.6090
8.6035,1.6090
8.6041,1.6090
8.6046,1.6090
8.6052,1.6090
8.6057,1.6090
8.6063,1.6090
8.6068,1.6090
8.6074,1.6090
8.6079,1.6090
8.6085,1.6090
8.6090,1.6090
8.6096,1.6141
8.6101,1.6141
8.6107,1.6090
8.6112,1.6090
8.6118,1.6090
8.6124,1.6090
8.6129,1.6090
8.6135,1.6090
8.6140,1.6090
8.6146,1.6090
8.6151,1.6090
8.6157,1.6040
8.6162,1.6090
8.6168,1.6040
8.6173,1.6040
8.6179,1.6090
8.6184,1.6040
8.6190,1.6090
8.6195,1.6090
8.6201,1.6090
8.6206,1.6090
8.6212,1.6090
8.6217,1.6040
8.6223,1.6090
8.6228,1.6090
8.6234,1.6040
8.6239,1.6090
8.6245,1.6141
8.6251,1.6040
8.6257,1.6090
8.6262,1.6090
8.6268,1.6090
8.6273,1.6090
8.6279,1.6090
8.6284,1.6040
8.6290,1.6090
8.6295,1.6141
8.6301,1.6090
8.6306,1.6090
8.6311,1.6090
8.6317,1.6141
8.6322,1.6141
8.6328,1.6090
8.6333,1.6141
8.6339,1.6090
8.6344,1.6090
8.6350,1.6141
8.6355,1.6090
8.6360,1.6090
8.6366,1.6141
8.6371,1.6040
8.6377,1.6090
8.6382,1.6090
8.6388,1.6090
8.6393,1.6090
8.6399,1.6141
8.6404,1.6090
8.6409,1.6090
8.6415,1.6090
8.6420,1.6090
8.6426,1.6090
8.6431,1.6141
8.6437,1.6090
8.6442,1.6090
8.6448,1.6090
8.6453,1.6090
8.6458,1.6090
8.6464,1.6090
8.6470,1.6090
8.6475,1.6141
8.6481,1.6090
8.6486,1.6090
8.6491,1.6040
8.6497,1.6141
8.6502,1.6090
8.6508,1.6090
8.6513,1.6090
8.6519,1.6090
8.6524,1.6090
8.6529,1.6090
8.6535,1.6141
8.6540,1.6090
8.6546,1.6141
8.6553,1.6090
8.6559,1.6040
8.6564,1.6090
8.6570,1.6090
8.6575,1.6090
8.6581,1.6090
8.6586,1.6090
8.6592,1.6090
8.6597,1.6090
8.6603,1.6090
8.6608,1.6090
8.6613,1.6090
8.6619,1.6090
8.6624,1.6090
8.6630,1.6090
8.6635,1.6040
8.6641,1.6090
8.6646,1.6090
8.6652,1.6090
8.6657,1.6090
8.6662,1.6090
8.6668,1.6090
8.6673,1.6090
8.6679,1.6090
8.6684,1.6090
8.6690,1.6090
8.6695,1.6090
8.6701,1.6141
8.6706,1.6090
8.6711,1.6090
8.6717,1.6040
8.6722,1.6090
8.6728,1.6040
8.6733,1.6090
8.6739,1.6141
8.6744,1.6040
8.6750,1.6090
8.6755,1.6090
8.6761,1.6090
8.6766,1.6090
8.6772,1.6090
8.6777,1.6090
8.6782,1.6090
8.6788,1.6090
8.6793,1.6090
8.6799,1.6141
8.6804,1.6090
8.6810,1.6090
8.6815,1.6090
8.6821,1.6040
8.6826,1.6141
8.6831,1.6040
8.6837,1.6090
8.6842,1.6090
8.6848,1.6040
8.6853,1.6090
8.6859,1.6040
8.6864,1.6090
8.6870,1.6090
8.6875,1.6141
8.6881,1.6090
8.6886,1.6040
8.6891,1.6090
8.6897,1.6090
8.6902,1.6040
8.6908,1.6141
8.6913,1.6090
8.6919,1.6141
8.6924,1.6141
8.6930,1.6090
8.6935,1.6090
8.6940,1.6090
8.6946,1.6090
8.6951,1.6090
8.6957,1.6090
8.6962,1.6090
8.6968,1.6090
8.6973,1.6090
8.6979,1.6090
8.6984,1.6040
8.6989,1.6090
8.6995,1.6090
8.7001,1.6090
8.7006,1.6090
8.7011,1.6090
8.7017,1.6090
8.7022,1.6090
8.7028,1.6090
8.7033,1.6090
8.7039,1.6090
8.7044,1.6090
8.7049,1.6090
8.7055,1.6090
8.7060,1.6090
8.7066,1.6090
8.7071,1.6090
8.7077,1.6090
8.7082,1.6090
8.7088,1.6040
8.7093,1.6090
8.7098,1.6090
8.7104,1.6090
8.7109,1.6090
8.7115,1.6141
8.7120,1.6141
8.7126,1.6141
8.7131,1.6090
8.7137,1.6090
8.7142,1.6090
8.7147,1.6090
8.7153,1.6090
8.7158,1.6141
8.7164,1.6090
8.7169,1.6090
8.7175,1.6141
8.7180,1.6090
8.7186,1.6090
8.7191,1.6141
8.7196,1.6090
8.7202,1.6090
8.7207,1.6040
8.7213,1.6141
8.7218,1.6090
8.7224,1.6090
8.7229,1.6040
8.7234,1.6090
8.7240,1.6141
8.7245,1.6090
8.7251,1.6090
8.7257,1.6141
8.7263,1.6040
8.7268,1.6090
8.7274,1.6040
8.7279,1.6090
8.7285,1.6090
8.7290,1.6090
8.7296,1.6040
8.7301,1.6090
8.7307,1.6090
8.7312,1.6090
8.7318,1.6040
8.7323,1.6090
8.7329,1.6090
8.7334,1.6040
8.7340,1.6090
8.7345,1.6090
8.7351,1.6090
8.7356,1.6040
8.7362,1.6090
8.7367,1.6090
8.7373,1.6040
8.7378,1.6090
8.7384,1.6090
8.7389,1.6090
8.7395,1.6090
8.7402,1.6040
8.7408,1.6040
8.7413,1.6090
8.7419,1.6090
8.7424,1.6090
8.7430,1.6090
8.7435,1.6090
8.7441,1.6090
8.7446,1.6141
8.7452,1.6090
8.7457,1.6090
8.7463,1.6090
8.7468,1.6141
8.7474,1.6040
8.7479,1.6090
8.7485,1.6090
8.7490,1.6090
8.7496,1.6141
8.7501,1.6090
8.7507,1.6141
8.7512,1.6090
8.7518,1.6040
8.7523,1.6090
8.7528,1.6090
8.7534,1.6141
8.7539,1.6090
8.7545,1.6141
8.7550,1.6090
8.7556,1.6141
8.7561,1.6141
8.7567,1.6090
8.7572,1.6090
8.7578,1.6090
8.7583,1.6040
8.7589,1.6040
8.7594,1.6090
8.7600,1.6090
8.7605,1.6090
8.7610,1.6090
8.7616,1.6040
8.7621,1.6141
8.7627,1.6090
8.7632,1.6040
8.7638,1.6090
8.7643,1.6090
8.7649,1.6090
8.7654,1.6090
8.7660,1.6090
8.7665,1.6090
8.7671,1.6090
8.7676,1.6090
8.7682,1.6141
8.7687,1.6090
8.7693,1.6090
8.7698,1.6141
8.7703,1.6090
8.7709,1.6090
8.7714,1.6090
8.7720,1.6090
8.7725,1.6040
8.7731,1.6090
8.7736,1.6090
8.7742,1.6090
8.7747,1.6040
8.7753,1.6090
8.7758,1.6090
8.7764,1.6090
8.7769,1.6090
8.7775,1.6090
8.7780,1.6090
8.7786,1.6040
8.7791,1.6090
8.7797,1.6141
8.7802,1.6090
8.7808,1.6090
8.7813,1.6090
8.7819,1.6090
8.7824,1.6090
8.7830,1.6090
8.7835,1.6090
8.7841,1.6090
8.7846,1.6090
8.7852,1.6090
8.7857,1.6090
8.7863,1.6090
8.7869,1.6090
8.7874,1.6090
8.7880,1.6090
8.7885,1.6040
8.7891,1.6090
8.7896,1.6090
8.7902,1.6090
8.7907,1.6090
8.7913,1.6090
8.7918,1.6090
8.7924,1.6090
8.7929,1.6040
8.7935,1.6090
8.7940,1.6040
8.7946,1.6141
8.7951,1.6090
8.7957,1.6040
8.7962,1.6090
8.7968,1.6090
8.7973,1.6040
8.7979,1.6090
8.7984,1.6090
8.7990,1.6090
8.7995,1.6040
8.8001,1.6090
8.8006,1.6141
8.8012,1.6090
8.8017,1.6141
8.8023,1.6090
8.8028,1.6090
8.8034,1.6090
8.8039,1.6090
8.8045,1.6040
8.8050,1.6090
8.8056,1.6090
8.8061,1.6141
8.8067,1.6090
8.8072,1.6090
8.8078,1.6090
8.8083,1.6141
8.8089,1.6090
8.8094,1.6090
8.8100,1.6090
8.8105,1.6090
8.8111,1.6090
8.8116,1.6040
8.8122,1.6141
8.8128,1.6090
8.8133,1.6090
8.8139,1.6090
8.8144,1.6090
8.8150,1.6040
8.8155,1.6090
8.8161,1.6090
8.8166,1.6090
8.8172,1.6090
8.8177,1.6090
8.8183,1.6090
8.8188,1.6040
8.8194,1.6090
8.8199,1.6090
8.8205,1.6040
8.8210,1.6090
8.8216,1.6040
8.8221,1.6090
8.8227,1.6090
8.8232,1.6090
8.8238,1.6040
8.8243,1.6090
8.8249,1.6141
8.8254,1.6090
8.8260,1.6090
8.8266,1.6090
8.8271,1.6090
8.8277,1.6090
8.8282,1.6090
8.8288,1.6090
8.8293,1.6090
8.8299,1.6090
8.8304,1.6040
8.8310,1.6141
8.8315,1.6090
8.8321,1.6090
8.8326,1.6090
8.8332,1.6090
8.8337,1.6090
8.8343,1.6040
8.8348,1.6090
8.8354,1.6090
8.8359,1.6040
8.8365,1.6090
8.8370,1.6090
8.8376,1.6090
8.8381,1.6090
8.8387,1.6141
8.8392,1.6141
8.8398,1.6040
8.8403,1.6090
8.8409,1.6090
8.8414,1.6090
8.8420,1.6090
8.8425,1.6090
8.8431,1.6040
8.8436,1.6090
8.8442,1.6090
8.8447,1.6090
8.8453,1.6090
8.8459,1.6090
8.8464,1.6090
8.8470,1.6090
8.8475,1.6090
8.8481,1.6090
8.8486,1.6040
8.8492,1.6141
8.8497,1.6090
8.8503,1.6090
8.8508,1.6090
8.8514,1.6141
8.8519,1.6141
8.8525,1.6141
8.8530,1.6090
8.8536,1.6040
8.8541,1.6090
8.8547,1.6090
8.8552,1.6090
8.8558,1.6090
8.8563,1.6090
8.8569,1.6090
8.8574,1.6090
8.8580,1.6040
8.8585,1.6090
8.8591,1.6090
8.8596,1.6090
8.8602,1.6141
8.8607,1.6090
8.8613,1.6090
8.8618,1.6090
8.8624,1.6090
8.8629,1.6090
8.8635,1.6090
8.8640,1.6141
8.8646,1.6090
8.8651,1.6090
8.8657,1.6090
8.8662,1.6090
8.8668,1.6090
8.8673,1.6090
8.8679,1.6090
8.8684,1.6141
8.8690,1.6090
8.8695,1.6141
8.8701,1.6090
8.8706,1.6040
8.8712,1.6090
8.8717,1.6090
8.8723,1.6090
8.8728,1.6040
8.8734,1.6090
8.8739,1.6090
8.8745,1.6090
8.8750,1.6090
8.8756,1.6141
8.8762,1.6040
8.8767,1.6090
8.8773,1.6090
8.8778,1.6090
8.8784,1.6141
8.8789,1.6090
8.8795,1.6090
8.8800,1.6090
8.8806,1.6090
8.8811,1.6090
8.8817,1.6090
8.8822,1.6090
8.8828,1.6090
8.8833,1.6141
8.8839,1.6090
8.8844,1.6090
8.8850,1.6141
8.8855,1.6090
8.8861,1.6090
8.8866,1.6141
8.8872,1.6090
8.8877,1.6090
8.8883,1.6141
8.8888,1.6141
8.8894,1.6141
8.8899,1.6090
8.8905,1.6090
8.8910,1.6040
8.8916,1.6090
8.8921,1.6090
8.8927,1.6090
8.8932,1.6090
8.8938,1.6090
8.8943,1.6141
8.8949,1.6090
8.8955,1.6090
8.8960,1.6090
8.8966,1.6090
8.8971,1.6141
8.8977,1.6040
8.8982,1.6090
8.8988,1.6090
8.8993,1.6090
8.8999,1.6141
8.9004,1.6090
8.9010,1.6090
8.9015,1.6090
8.9021,1.6090
8.9026,1.6090
8.9032,1.6090
8.9037,1.6141
8.9043,1.6090
8.9048,1.6141
8.9054,1.6090
8.9059,1.6090
8.9065,1.6090
8.9070,1.6040
8.9076,1.6090
8.9081,1.6090
8.9087,1.6141
8.9092,1.6090
8.9098,1.6090
8.9103,1.6040
8.9109,1.6141
8.9114,1.6090
8.9120,1.6040
8.9125,1.6090
8.9131,1.6141
8.9136,1.6040
8.9142,1.6141
8.9147,1.6090
8.9153,1.6040
8.9158,1.6090
8.9164,1.6090
8.9169,1.6090
8.9175,1.6090
8.9180,1.6090
8.9186,1.6090
8.9191,1.6040
8.9197,1.6141
8.9202,1.6090
8.9208,1.6141
8.9213,1.6090
8.9219,1.6090
8.9224,1.6090
8.9230,1.6090
8.9235,1.6090
8.9241,1.6090
8.9246,1.6040
8.9252,1.6090
8.9257,1.6090
8.9263,1.6090
8.9268,1.6090
8.9274,1.6141
8.9280,1.6090
8.9285,1.6090
8.9291,1.6090
8.9296,1.6090
8.9302,1.6090
8.9307,1.6040
8.9313,1.6141
8.9318,1.6090
8.9324,1.6090
8.9329,1.6040
8.9335,1.6090
8.9340,1.6090
8.9346,1.6090
8.9351,1.6090
8.9357,1.6090
8.9362,1.6090
8.9368,1.6141
8.9373,1.6090
8.9379,1.6090
8.9384,1.6090
8.9390,1.6090
8.9398,1.6090
8.9403,1.6090
8.9410,1.6141
8.9416,1.6090
8.9421,1.6090
8.9427,1.6090
8.9432,1.6090
8.9438,1.6040
8.9443,1.6090
8.9449,1.6141
8.9454,1.6040
8.9460,1.6141
8.9465,1.6141
8.9471,1.6090
8.9476,1.6040
8.9481,1.6090
8.9487,1.6090
8.9492,1.6090
8.9498,1.6090
8.9503,1.6090
8.9509,1.6040
8.9514,1.6090
8.9520,1.6090
8.9525,1.6090
8.9531,1.6040
8.9536,1.6090
8.9542,1.6090
8.9547,1.6040
8.9553,1.6090
8.9558,1.6090
8.9564,1.6090
8.9569,1.6090
8.9575,1.6040
8.9580,1.6141
8.9586,1.6141
8.9591,1.6040
8.9597,1.6090
8.9602,1.6040
8.9608,1.6090
8.9613,1.6090
8.9618,1.6090
8.9624,1.6141
8.9629,1.6090
8.9635,1.6141
8.9640,1.6090
8.9646,1.6090
8.9651,1.6090
8.9657,1.6090
8.9662,1.6090
8.9668,1.6040
8.9673,1.6090
8.9679,1.6090
8.9684,1.6141
8.9690,1.6040
8.9695,1.6090
8.9700,1.6141
8.9706,1.6090
8.9711,1.6090
8.9717,1.6090
8.9722,1.6090
8.9728,1.6141
8.9733,1.6090
8.9739,1.6090
8.9744,1.6090
8.9750,1.6090
8.9755,1.6040
8.9761,1.6040
8.9766,1.6090
8.9772,1.6090
8.9777,1.6040
8.9783,1.6090
8.9788,1.6090
8.9794,1.6141
8.9799,1.6040
8.9805,1.6040
8.9810,1.6090
8.9816,1.6090
8.9821,1.6090
8.9827,1.6090
8.9832,1.6090
8.9838,1.6090
8.9843,1.6090
8.9849,1.6090
8.9854,1.6090
8.9860,1.6090
8.9865,1.6090
8.9871,1.6090
8.9876,1.6090
8.9882,1.6141
8.9887,1.6090
8.9893,1.6090
8.9898,1.6090
8.9904,1.6090
8.9909,1.6090
8.9915,1.6090
8.9920,1.6090
8.9926,1.6090
8.9931,1.6090
8.9937,1.6090
8.9942,1.6040
8.9948,1.6090
8.9953,1.6090
8.9959,1.6040
8.9965,1.6090
8.9970,1.6090
8.9976,1.6090
8.9981,1.6141
8.9987,1.6141
8.9992,1.6090
8.9998,1.6090
9.0003,1.6090
9.0009,1.6090
9.0014,1.6141
9.0020,1.6141
9.0025,1.6090
9.0031,1.6141
9.0036,1.6090
9.0042,1.6090
9.0047,1.6090
9.0053,1.6141
9.0058,1.6090
9.0064,1.6141
9.0069,1.6090
9.0075,1.6090
9.0080,1.6090
9.0086,1.6090
9.0091,1.6141
9.0097,1.6090
9.0102,1.6090
9.0108,1.6141
9.0113,1.6141
9.0119,1.6090
9.0124,1.6040
9.0130,1.6090
9.0135,1.6090
9.0141,1.6090
9.0146,1.6141
9.0152,1.6090
9.0157,1.6090
9.0163,1.6090
9.0168,1.6090
9.0174,1.6090
9.0179,1.6141
9.0185,1.6040
9.0190,1.6090
9.0196,1.6141
9.0201,1.6090
9.0207,1.6090
9.0212,1.6090
9.0218,1.6090
9.0223,1.6141
9.0229,1.6090
9.0235,1.6090
9.0240,1.6090
9.0246,1.6090
9.0251,1.6090
9.0257,1.6040
9.0262,1.6040
9.0268,1.6090
9.0273,1.6090
9.0279,1.6090
9.0284,1.6141
9.0290,1.6090
9.0295,1.6141
9.0301,1.6090
9.0306,1.6090
9.0312,1.6090
9.0318,1.6090
9.0323,1.6090
9.0329,1.6090
9.0334,1.6090
9.0340,1.6090
9.0345,1.6090
9.0351,1.6090
9.0356,1.6090
9.0362,1.6090
9.0367,1.6090
9.0373,1.6090
9.0378,1.6090
9.0384,1.6040
9.0389,1.6090
9.0395,1.6090
9.0400,1.6090
9.0406,1.6090
9.0411,1.6090
9.0417,1.6141
9.0422,1.6040
9.0428,1.6090
9.0433,1.6090
9.0439,1.6040
9.0444,1.6040
9.0450,1.6141
9.0456,1.6090
9.0462,1.6090
9.0468,1.6040
9.0473,1.6090
9.0479,1.6090
9.0485,1.6141
9.0490,1.6040
9.0496,1.6090
9.0501,1.6090
9.0507,1.6090
9.0513,1.6090
9.0518,1.6090
9.0524,1.6040
9.0529,1.6090
9.0535,1.6040
9.0540,1.6090
9.0546,1.6090
9.0551,1.6090
9.0557,1.6090
9.0563,1.6141
9.0568,1.6090
9.0574,1.6090
9.0579,1.6090
9.0585,1.6090
9.0591,1.6040
9.0596,1.6090
9.0602,1.6141
9.0607,1.6090
9.0614,1.6090
9.0620,1.6090
9.0625,1.6141
9.0631,1.6090
9.0636,1.6090
9.0642,1.6141
9.0648,1.6040
9.0654,1.6090
9.0659,1.6090
9.0665,1.6040
9.0671,1.6141
9.0676,1.6090
9.0682,1.6141
9.0688,1.6090
9.0693,1.6090
9.0699,1.6141
9.0704,1.6090
9.0710,1.6040
9.0715,1.6090
9.0721,1.6090
9.0726,1.6090
9.0732,1.6040
9.0737,1.6090
9.0743,1.6090
9.0748,1.6040
9.0754,1.6090
9.0759,1.6040
9.0765,1.6090
9.0770,1.6090
9.0776,1.6090
9.0781,1.6090
9.0787,1.6090
9.0792,1.6090
9.0798,1.6090
9.0803,1.6141
9.0809,1.6040
9.0814,1.6090
9.0820,1.6090
9.0825,1.6090
9.0831,1.6141
9.0836,1.6141
9.0842,1.6090
9.0847,1.6090
9.0853,1.6090
9.0859,1.6090
9.0864,1.6090
9.0870,1.6090
9.0875,1.6090
9.0881,1.6090
9.0886,1.6040
9.0892,1.6141
9.0897,1.6141
9.0903,1.6090
9.0909,1.6090
9.0914,1.6141
9.0920,1.6090
9.0925,1.6090
9.0931,1.6090
9.0936,1.6090
9.0942,1.6090
9.0947,1.6090
9.0953,1.6090
9.0958,1.6090
9.0964,1.6040
9.0970,1.6090
9.0975,1.6090
9.0981,1.6090
9.0986,1.6090
9.0992,1.6090
9.0997,1.6040
9.1003,1.6090
9.1008,1.6141
9.1014,1.6090
9.1019,1.6090
9.1025,1.6090
9.1030,1.6090
9.1036,1.6090
9.1041,1.6040
9.1047,1.6090
9.1052,1.6090
9.1058,1.6090
9.1063,1.6090
9.1069,1.6090
9.1074,1.6090
9.1080,1.6090
9.1085,1.6090
9.1091,1.6090
9.1096,1.6090
9.1102,1.6090
9.1107,1.6090
9.1113,1.6141
9.1118,1.6141
9.1124,1.6090
9.1129,1.6090
9.1135,1.6090
9.1140,1.6090
9.1146,1.6090
9.1151,1.6090
9.1157,1.6090
9.1162,1.6090
9.1168,1.6090
9.1173,1.6090
9.1179,1.6090
9.1184,1.6090
9.1190,1.6090
9.1195,1.6141
9.1201,1.6141
9.1206,1.6090
9.1212,1.6090
9.1217,1.6090
9.1223,1.6090
9.1228,1.6090
9.1234,1.6090
9.1239,1.6090
9.1245,1.6090
9.1250,1.6090
9.1256,1.6090
9.1261,1.6141
9.1267,1.6090
9.1272,1.6090
9.1278,1.6040
9.1284,1.6090
9.1289,1.6090
9.1295,1.6090
9.1300,1.6141
9.1306,1.6141
9.1311,1.6090
9.1317,1.6040
9.1322,1.6090
9.1328,1.6040
9.1333,1.6090
9.1339,1.6090
9.1344,1.6090
9.1350,1.6090
9.1355,1.6090
9.1361,1.6141
9.1366,1.6090
9.1372,1.6141
9.1377,1.6141
9.1383,1.6040
9.1388,1.6090
9.1396,1.6040
9.1402,1.6090
9.1409,1.6040
9.1415,1.6090
9.1420,1.6090
9.1425,1.6090
9.1431,1.6090
9.1436,1.6040
9.1442,1.6090
9.1447,1.6090
9.1453,1.6040
9.1458,1.6090
9.1464,1.6141
9.1469,1.6090
9.1475,1.6090
9.1480,1.6141
9.1486,1.6040
9.1491,1.6090
9.1497,1.6090
9.1502,1.6090
9.1508,1.6090
9.1513,1.6090
9.1518,1.6090
9.1524,1.6090
9.1529,1.6090
9.1535,1.6141
9.1540,1.6090
9.1546,1.6090
9.1551,1.6040
9.1557,1.6141
9.1562,1.6090
9.1568,1.6141
9.1573,1.6090
9.1579,1.6090
9.1584,1.6090
9.1590,1.6141
9.1595,1.6090
9.1601,1.6090
9.1606,1.6090
9.1612,1.6040
9.1617,1.6090
9.1623,1.6090
9.1629,1.6090
9.1635,1.6090
9.1641,1.6090
9.1646,1.6040
9.1652,1.6090
9.1658,1.6090
9.1663,1.6090
9.1669,1.6090
9.1674,1.6141
9.1680,1.6090
9.1685,1.6141
9.1691,1.6141
9.1696,1.6040
9.1702,1.6090
9.1707,1.6040
9.1713,1.6090
9.1718,1.6090
9.1724,1.6040
9.1732,1.6040
9.1737,1.6090
9.1743,1.6090
9.1749,1.6090
9.1754,1.6090
9.1760,1.6090
9.1765,1.6090
9.1770,1.6090
9.1776,1.6090
9.1781,1.6141
9.1787,1.6141
9.1792,1.6090
9.1798,1.6090
9.1803,1.6040
9.1809,1.6141
9.1814,1.6090
9.1820,1.6090
9.1825,1.6090
9.1831,1.6040
9.1836,1.6090
9.1842,1.6090
9.1847,1.6040
9.1852,1.6090
9.1858,1.6141
9.1863,1.6090
9.1869,1.6090
9.1874,1.6090
9.1880,1.6141
9.1885,1.6090
9.1891,1.6090
9.1896,1.6090
9.1902,1.6090
9.1907,1.6090
9.1913,1.6090
9.1918,1.6090
9.1924,1.6090
9.1929,1.6090
9.1935,1.6090
9.1940,1.6090
9.1946,1.6090
9.1951,1.6090
9.1957,1.6040
9.1962,1.6090
9.1968,1.6090
9.1973,1.6040
9.1979,1.6040
9.1984,1.6090
9.1990,1.6090
9.1995,1.6040
9.2001,1.6090
9.2006,1.6090
9.2012,1.6090
9.2017,1.6090
9.2023,1.6090
9.2028,1.6090
9.2034,1.6141
9.2039,1.6040
9.2045,1.6090
9.2050,1.6090
9.2056,1.6090
9.2061,1.6090
9.2067,1.6090
9.2072,1.6040
9.2078,1.6090
9.2083,1.6090
9.2089,1.6040
9.2094,1.6090
9.2100,1.6090
9.2105,1.6090
9.2111,1.6040
9.2116,1.6141
9.2122,1.6090
9.2127,1.6090
9.2133,1.6141
9.2138,1.6090
9.2144,1.6090
9.2149,1.6040
9.2155,1.6141
9.2160,1.6090
9.2166,1.6090
9.2171,1.6141
9.2177,1.6090
9.2182,1.6090
9.2188,1.6090
9.2193,1.6090
9.2199,1.6090
9.2204,1.6090
9.2210,1.6090
9.2215,1.6090
9.2221,1.6090
9.2226,1.6040
9.2232,1.6090
9.2237,1.6090
9.2243,1.6090
9.2248,1.6090
9.2254,1.6090
9.2259,1.6040
9.2265,1.6141
9.2270,1.6090
9.2276,1.6090
9.2281,1.6090
9.2287,1.6090
9.2293,1.6090
9.2298,1.6040
9.2304,1.6090
9.2309,1.6090
9.2315,1.6141
9.2320,1.6090
9.2326,1.6090
9.2331,1.6090
9.2337,1.6040
9.2343,1.6040
9.2348,1.6090
9.2354,1.6090
9.2360,1.6090
9.2365,1.6090
9.2371,1.6090
9.2376,1.6040
9.2382,1.6090
9.2387,1.6090
9.2393,1.6141
9.2398,1.6090
9.2404,1.6090
9.2409,1.6090
9.2415,1.6090
9.2420,1.6040
9.2426,1.6090
9.2431,1.6090
9.2437,1.6090
9.2442,1.6040
9.2448,1.6090
9.2453,1.6090
9.2459,1.6141
9.2464,1.6090
9.2470,1.6090
9.2475,1.6090
9.2481,1.6090
9.2486,1.6090
9.2492,1.6090
9.2497,1.6090
9.2503,1.6090
9.2508,1.6090
9.2514,1.6090
9.2519,1.6090
9.2525,1.6090
9.2530,1.6090
9.2536,1.6040
9.2541,1.6040
9.2547,1.6040
9.2552,1.6090
9.2558,1.6090
9.2563,1.6090
9.2569,1.6141
9.2574,1.6040
9.2580,1.6090
9.2585,1.6090
9.2591,1.6090
9.2596,1.6090
9.2602,1.6090
9.2607,1.6090
9.2613,1.6090
9.2618,1.6090
9.2624,1.6141
9.2629,1.6090
9.2635,1.6090
9.2640,1.6090
9.2646,1.6090
9.2651,1.6090
9.2657,1.6141
9.2662,1.6090
9.2668,1.6090
9.2674,1.6090
9.2679,1.6040
9.2685,1.6090
9.2690,1.6090
9.2696,1.6090
9.2701,1.6141
9.2707,1.6090
9.2712,1.6090
9.2718,1.6040
9.2723,1.6090
9.2729,1.6090
9.2734,1.6090
9.2740,1.6090
9.2745,1.6090
9.2751,1.6090
9.2756,1.6141
9.2762,1.6090
9.2767,1.6090
9.2773,1.6090
9.2778,1.6141
9.2783,1.6090
9.2789,1.6090
9.2794,1.6040
9.2800,1.6090
9.2805,1.6090
9.2811,1.6090
9.2816,1.6090
9.2822,1.6141
9.2827,1.6040
9.2833,1.6090
9.2838,1.6040
9.2844,1.6090
9.2849,1.6090
9.2855,1.6090
9.2860,1.6090
9.2866,1.6090
9.2871,1.6040
9.2877,1.6090
9.2882,1.6090
9.2888,1.6040
9.2893,1.6090
9.2899,1.6090
9.2904,1.6090
9.2910,1.6090
9.2915,1.6090
9.2921,1.6040
9.2926,1.6040
9.2932,1.6090
9.2937,1.6090
9.2943,1.6090
9.2948,1.6040
9.2954,1.6090
9.2959,1.6090
9.2965,1.6040
9.2970,1.6090
9.2976,1.6090
9.2981,1.6090
9.2987,1.6040
9.2992,1.6040
9.2998,1.6090
9.3003,1.6141
9.3009,1.6040
9.3014,1.6090
9.3020,1.6040
9.3025,1.6141
9.3031,1.6141
9.3036,1.6090
9.3042,1.6090
9.3047,1.6090
9.3053,1.6090
9.3059,1.6090
9.3064,1.6141
9.3070,1.6090
9.3075,1.6090
9.3081,1.6090
9.3086,1.6090
9.3092,1.6090
9.3097,1.6090
9.3103,1.6090
9.3108,1.6090
9.3114,1.6090
9.3119,1.6040
9.3125,1.6090
9.3130,1.6090
9.3136,1.6090
9.3141,1.6090
9.3147,1.6090
9.3152,1.6090
9.3158,1.6040
9.3163,1.6090
9.3169,1.6090
9.3174,1.6141
9.3180,1.6040
9.3185,1.6090
9.3191,1.6090
9.3196,1.6040
9.3202,1.6090
9.3207,1.6090
9.3213,1.6090
9.3218,1.6141
9.3224,1.6040
9.3229,1.6090
9.3235,1.6040
9.3240,1.6090
9.3246,1.6040
9.3251,1.6040
9.3257,1.6090
9.3262,1.6090
9.3268,1.6090
9.3273,1.6090
9.3279,1.6090
9.3284,1.6090
9.3290,1.6090
9.3296,1.6090
9.3301,1.6090
9.3307,1.6090
9.3312,1.6141
9.3318,1.6090
9.3323,1.6141
9.3329,1.6090
9.3334,1.6040
9.3340,1.6090
9.3345,1.6040
9.3351,1.6090
9.3356,1.6040
9.3362,1.6090
9.3367,1.6040
9.3373,1.6090
9.3378,1.6090
9.3384,1.6141
9.3389,1.6141
9.3395,1.6090
9.3401,1.6090
9.3407,1.6090
9.3413,1.6090
9.3418,1.6090
9.3424,1.6090
9.3429,1.6090
9.3435,1.6090
9.3440,1.6090
9.3446,1.6090
9.3451,1.6090
9.3457,1.6090
9.3462,1.6090
9.3468,1.6090
9.3473,1.6090
9.3478,1.6090
9.3484,1.6141
9.3489,1.6040
9.3495,1.6090
9.3500,1.6040
9.3506,1.6090
9.3511,1.6040
9.3517,1.6090
9.3522,1.6040
9.3528,1.6141
9.3533,1.6090
9.3539,1.6090
9.3544,1.6090
9.3550,1.6090
9.3555,1.6090
9.3561,1.6090
9.3566,1.6090
9.3571,1.6090
9.3577,1.6090
9.3582,1.6040
9.3588,1.6090
9.3593,1.6090
9.3599,1.6090
9.3604,1.6090
9.3610,1.6090
9.3615,1.6090
9.3621,1.6090
9.3626,1.6090
9.3634,1.6090
9.3639,1.6040
9.3645,1.6090
9.3651,1.6090
9.3656,1.6090
9.3662,1.6090
9.3667,1.6090
9.3673,1.6090
9.3678,1.6090
9.3684,1.6090
9.3689,1.6090
9.3694,1.6090
9.3700,1.6090
9.3705,1.6040
9.3711,1.6090
9.3716,1.6040
9.3722,1.6090
9.3727,1.6090
9.3733,1.6040
9.3738,1.6040
9.3744,1.6090
9.3749,1.6090
9.3755,1.6090
9.3760,1.6090
9.3766,1.6090
9.3771,1.6090
9.3777,1.6090
9.3782,1.6090
9.3788,1.6090
9.3793,1.6090
9.3799,1.6090
9.3804,1.6090
9.3810,1.6090
9.3815,1.6040
9.3821,1.6141
9.3826,1.6090
9.3832,1.6040
9.3837,1.6090
9.3843,1.6090
9.3848,1.6141
9.3854,1.6090
9.3860,1.6090
9.3865,1.6141
9.3871,1.6090
9.3876,1.6141
9.3882,1.6040
9.3887,1.6090
9.3893,1.6090
9.3898,1.6040
9.3904,1.6090
9.3909,1.6090
9.3915,1.6090
9.3920,1.6090
9.3926,1.6040
9.3931,1.6090
9.3937,1.6090
9.3942,1.6090
9.3948,1.6090
9.3953,1.6090
9.3959,1.6090
9.3964,1.6090
9.3970,1.6090
9.3975,1.6090
9.3981,1.6090
9.3986,1.6090
9.3992,1.6090
9.3997,1.6090
9.4003,1.6040
9.4008,1.6090
9.4014,1.6040
9.4019,1.6090
9.4025,1.6090
9.4030,1.6090
9.4036,1.6040
9.4041,1.6141
9.4047,1.6090
9.4052,1.6090
9.4058,1.6141
9.4063,1.6040
9.4069,1.6090
9.4074,1.6090
9.4080,1.6040
9.4085,1.6090
9.4091,1.6090
9.4096,1.6040
9.4102,1.6090
9.4107,1.6090
9.4113,1.6090
9.4118,1.6090
9.4124,1.6090
9.4129,1.6090
9.4135,1.6090
9.4140,1.6090
9.4146,1.6090
9.4151,1.6090
9.4157,1.6040
9.4162,1.6090
9.4168,1.6040
9.4173,1.6141
9.4179,1.6090
9.4184,1.6090
9.4190,1.6090
9.4195,1.6090
9.4201,1.6040
9.4206,1.6090
9.4212,1.6040
9.4217,1.6090
9.4223,1.6090
9.4228,1.6141
9.4234,1.6090
9.4239,1.6090
9.4245,1.6090
9.4250,1.6090
9.4256,1.6090
9.4261,1.6090
9.4267,1.6090
9.4272,1.6040
9.4278,1.6090
9.4283,1.6090
9.4289,1.6040
9.4294,1.6090
9.4300,1.6040
9.4306,1.6090
9.4311,1.6090
9.4317,1.6090
9.4322,1.6141
9.4328,1.6090
9.4333,1.6090
9.4339,1.6040
9.4344,1.6040
9.4350,1.6090
9.4355,1.6040
9.4361,1.6040
9.4366,1.6090
9.4372,1.6090
9.4377,1.6090
9.4383,1.6090
9.4388,1.6040
9.4394,1.6090
9.4399,1.6090
9.4405,1.6090
9.4410,1.6090
9.4416,1.6040
9.4421,1.6090
9.4427,1.6090
9.4432,1.6090
9.4438,1.6040
9.4444,1.6090
9.4449,1.6090
9.4455,1.6090
9.4460,1.6141
9.4466,1.6090
9.4471,1.6090
9.4477,1.6040
9.4482,1.6090
9.4488,1.6090
9.4493,1.6090
9.4499,1.6090
9.4504,1.6090
9.4510,1.6040
9.4515,1.6040
9.4521,1.6040
9.4526,1.6090
9.4532,1.6090
9.4537,1.6090
9.4543,1.6090
9.4548,1.6090
9.4554,1.6090
9.4559,1.6040
9.4565,1.6090
9.4570,1.6090
9.4576,1.6090
9.4581,1.6090
9.4587,1.6090
9.4592,1.6141
9.4598,1.6090
9.4603,1.6040
9.4609,1.6090
9.4614,1.6040
9.4620,1.6090
9.4625,1.6090
9.4631,1.6090
9.4636,1.5989
9.4642,1.6141
9.4647,1.6090
9.4653,1.6141
9.4658,1.6090
9.4664,1.6090
9.4669,1.6040
9.4675,1.6090
9.4680,1.6090
9.4686,1.6090
9.4691,1.6141
9.4697,1.6090
9.4702,1.6040
9.4708,1.6090
9.4713,1.6090
9.4719,1.6090
9.4724,1.6090
9.4730,1.6090
9.4735,1.6090
9.4741,1.6090
9.4746,1.6040
9.4752,1.6090
9.4757,1.6090
9.4763,1.6040
9.4768,1.6141
9.4774,1.6090
9.4779,1.6141
9.4785,1.6141
9.4790,1.6090
9.4796,1.6090
9.4801,1.6090
9.4807,1.6090
9.4812,1.6090
9.4818,1.6090
9.4823,1.6090
9.4829,1.6040
9.4834,1.6141
9.4840,1.6090
9.4845,1.6090
9.4851,1.6090
9.4856,1.6040
9.4862,1.6090
9.4867,1.6040
9.4873,1.6090
9.4878,1.6040
9.4884,1.6090
9.4889,1.6090
9.4895,1.6090
9.4900,1.6090
9.4906,1.6090
9.4911,1.6040
9.4917,1.6090
9.4922,1.6040
9.4928,1.6090
9.4933,1.6090
9.4939,1.6090
9.4944,1.6090
9.4950,1.6090
9.4955,1.6090
9.4961,1.6090
9.4966,1.6090
9.4972,1.6090
9.4977,1.6090
9.4983,1.6040
9.4988,1.6090
9.4994,1.6040
9.4999,1.6090
9.5005,1.6090
9.5010,1.6090
9.5016,1.6090
9.5021,1.6090
9.5027,1.6090
9.5032,1.6090
9.5038,1.6090
9.5043,1.6090
9.5049,1.6040
9.5054,1.6090
9.5060,1.6141
9.5065,1.6090
9.5071,1.6090
9.5076,1.6090
9.5082,1.6090
9.5087,1.6090
9.5093,1.6141
9.5098,1.6090
9.5104,1.6090
9.5109,1.6090
9.5115,1.6090
9.5120,1.6090
9.5126,1.6090
9.5131,1.6040
9.5137,1.6090
9.5143,1.6090
9.5148,1.6090
9.5154,1.6090
9.5159,1.6141
9.5165,1.6090
9.5170,1.6090
9.5176,1.6090
9.5181,1.6040
9.5187,1.6090
9.5192,1.6090
9.5198,1.6090
9.5203,1.6090
9.5209,1.6090
9.5214,1.6090
9.5220,1.6090
9.5225,1.6090
9.5231,1.6090
9.5236,1.6090
9.5242,1.6141
9.5247,1.6090
9.5253,1.6090
9.5258,1.6040
9.5264,1.6090
9.5269,1.6090
9.5275,1.6090
9.5280,1.6090
9.5286,1.6090
9.5291,1.6090
9.5297,1.6040
9.5302,1.6090
9.5308,1.6090
9.5314,1.6090
9.5319,1.6040
9.5325,1.6090
9.5330,1.6040
9.5336,1.6090
9.5341,1.6090
9.5347,1.6090
9.5352,1.6141
9.5358,1.6090
9.5363,1.6090
9.5369,1.6040
9.5374,1.6090
9.5380,1.6040
9.5385,1.6090
9.5391,1.6090
9.5399,1.6040
9.5404,1.6040
9.5412,1.6090
9.5417,1.6090
9.5423,1.6040
9.5428,1.6090
9.5433,1.6141
9.5439,1.6090
9.5445,1.6090
9.5450,1.6141
9.5456,1.6090
9.5462,1.6090
9.5468,1.6141
9.5473,1.6090
9.5479,1.6090
9.5485,1.6090
9.5490,1.6191
9.5496,1.6141
9.5501,1.6090
9.5507,1.6090
9.5512,1.6090
9.5518,1.6090
9.5523,1.6090
9.5529,1.6040
9.5534,1.6090
9.5540,1.6090
9.5545,1.5989
9.5551,1.6090
9.5556,1.6090
9.5562,1.6090
9.5568,1.6090
9.5573,1.6090
9.5579,1.6090
9.5584,1.6040
9.5590,1.6090
9.5595,1.6090
9.5601,1.6141
9.5607,1.6040
9.5613,1.6090
9.5618,1.6090
9.5624,1.6090
9.5629,1.6040
9.5635,1.6090
9.5641,1.6090
9.5646,1.6090
9.5652,1.6090
9.5658,1.6090
9.5663,1.6090
9.5669,1.6090
9.5675,1.6040
9.5680,1.6090
9.5686,1.6090
9.5691,1.6090
9.5697,1.6090
9.5702,1.6090
9.5707,1.6090
9.5713,1.6090
9.5718,1.6141
9.5724,1.6090
9.5729,1.6040
9.5735,1.6090
9.5740,1.6090
9.5746,1.6040
9.5752,1.6090
9.5757,1.6040
9.5763,1.6141
9.5768,1.6040
9.5774,1.6090
9.5779,1.6090
9.5785,1.6090
9.5790,1.6040
9.5796,1.6090
9.5801,1.6090
9.5807,1.6090
9.5812,1.6141
9.5818,1.6090
9.5823,1.6090
9.5829,1.6090
9.5834,1.6090
9.5840,1.6090
9.5845,1.6090
9.5851,1.6090
9.5856,1.6040
9.5862,1.6090
9.5867,1.6090
9.5873,1.6090
9.5878,1.6090
9.5884,1.6090
9.5889,1.6090
9.5895,1.6040
9.5901,1.6141
9.5906,1.6090
9.5912,1.6090
9.5917,1.6090
9.5923,1.6090
9.5928,1.6040
9.5934,1.6090
9.5939,1.6090
9.5945,1.6090
9.5950,1.6090
9.5956,1.6090
9.5961,1.6090
9.5967,1.6090
9.5972,1.6040
9.5978,1.6090
9.5983,1.6090
9.5989,1.6090
9.5995,1.6090
9.6000,1.6141
9.6006,1.6090
9.6011,1.6090
9.6017,1.6141
9.6022,1.6090
9.6028,1.6040
9.6033,1.6090
9.6039,1.6040
9.6044,1.6090
9.6050,1.6090
9.6055,1.6090
9.6061,1.6090
9.6066,1.6141
9.6072,1.6090
9.6077,1.6090
9.6083,1.6090
9.6088,1.6090
9.6094,1.6040
9.6099,1.6090
9.6105,1.6090
9.6110,1.6090
9.6116,1.6090
9.6121,1.6141
9.6127,1.6090
9.6132,1.6141
9.6138,1.6040
9.6143,1.6090
9.6149,1.6040
9.6154,1.6090
9.6160,1.6090
9.6165,1.6090
9.6171,1.6090
9.6176,1.6090
9.6182,1.6090
9.6187,1.6090
9.6193,1.6090
9.6198,1.6141
9.6204,1.6040
9.6209,1.6090
9.6215,1.6090
9.6220,1.6040
9.6226,1.6090
9.6231,1.6090
9.6237,1.6040
9.6242,1.6090
9.6248,1.6090
9.6253,1.6090
9.6259,1.6090
9.6264,1.6090
9.6270,1.6141
9.6275,1.6141
9.6281,1.6090
9.6286,1.6090
9.6292,1.6090
9.6297,1.6141
9.6303,1.6040
9.6308,1.6090
9.6314,1.6040
9.6320,1.6090
9.6325,1.6090
9.6331,1.6090
9.6336,1.6090
9.6342,1.6040
9.6347,1.6090
9.6353,1.6040
9.6358,1.6090
9.6364,1.6090
9.6369,1.6090
9.6375,1.6090
9.6380,1.6090
9.6386,1.6090
9.6391,1.6090
9.6397,1.6040
9.6402,1.6090
9.6408,1.6090
9.6413,1.6090
9.6419,1.6090
9.6424,1.6090
9.6430,1.6090
9.6435,1.6090
9.6441,1.6090
9.6446,1.6090
9.6452,1.6090
9.6457,1.6141
9.6463,1.6040
9.6468,1.6040
9.6474,1.6141
9.6479,1.6090
9.6485,1.6090
9.6490,1.6090
9.6496,1.6090
9.6501,1.6090
9.6507,1.6040
9.6512,1.6090
9.6518,1.5989
9.6523,1.6090
9.6529,1.6040
9.6534,1.6090
9.6540,1.6040
9.6545,1.6090
9.6551,1.6090
9.6557,1.6090
9.6562,1.6090
9.6568,1.6040
9.6573,1.6090
9.6579,1.6090
9.6584,1.6090
9.6590,1.6090
9.6595,1.6090
9.6601,1.6040
9.6606,1.6090
9.6612,1.6040
9.6617,1.6090
9.6623,1.6141
9.6628,1.6090
9.6634,1.6090
9.6639,1.6040
9.6645,1.6090
9.6650,1.6040
9.6656,1.6090
9.6661,1.6141
9.6667,1.6090
9.6672,1.6090
9.6678,1.6141
9.6683,1.6040
9.6690,1.6090
9.6695,1.6040
9.6701,1.6090
9.6706,1.6090
9.6712,1.6141
9.6717,1.6090
9.6723,1.6090
9.6728,1.6090
9.6734,1.6090
9.6739,1.6090
9.6745,1.6090
9.6750,1.6090
9.6756,1.6090
9.6761,1.6090
9.6767,1.6090
9.6772,1.6141
9.6778,1.6090
9.6783,1.6090
9.6789,1.6090
9.6794,1.6090
9.6800,1.6090
9.6805,1.6090
9.6811,1.6090
9.6816,1.6090
9.6822,1.6040
9.6827,1.6040
9.6833,1.6040
9.6838,1.6090
9.6844,1.6040
9.6849,1.6090
9.6855,1.6090
9.6860,1.6141
9.6866,1.6141
9.6871,1.6090
9.6877,1.6040
9.6882,1.6040
9.6888,1.6090
9.6893,1.6090
9.6899,1.6090
9.6904,1.6090
9.6910,1.6090
9.6915,1.6090
9.6921,1.6040
9.6926,1.6090
9.6932,1.6090
9.6937,1.6090
9.6943,1.6090
9.6948,1.6090
9.6954,1.6090
9.6959,1.6090
9.6965,1.6090
9.6970,1.6090
9.6976,1.6090
9.6981,1.6040
9.6987,1.6040
9.6992,1.6040
9.6998,1.6040
9.7003,1.6090
9.7009,1.6040
9.7014,1.6040
9.7020,1.6090
9.7025,1.6090
9.7031,1.6090
9.7036,1.6090
9.7042,1.6040
9.7047,1.6040
9.7053,1.6090
9.7058,1.6090
9.7064,1.6090
9.7069,1.6090
9.7075,1.6090
9.7080,1.6090
9.7086,1.6090
9.7091,1.6090
9.7097,1.6040
9.7102,1.6040
9.7108,1.6090
9.7113,1.6090
9.7119,1.6090
9.7124,1.6090
9.7130,1.6090
9.7135,1.6090
9.7141,1.6040
9.7146,1.6090
9.7152,1.6090
9.7157,1.6090
9.7163,1.6090
9.7168,1.6090
9.7174,1.6090
9.7179,1.6090
9.7185,1.6090
9.7190,1.6090
9.7196,1.6090
9.7201,1.6090
9.7207,1.6040
9.7212,1.6040
9.7218,1.6090
9.7223,1.6090
9.7229,1.6040
9.7234,1.6090
9.7240,1.6090
9.7245,1.6090
9.7251,1.6040
9.7257,1.6090
9.7262,1.6090
9.7268,1.6040
9.7273,1.6090
9.7279,1.6141
9.7284,1.6040
9.7290,1.6090
9.7295,1.6141
9.7301,1.6090
9.7306,1.6090
9.7312,1.6090
9.7317,1.6040
9.7323,1.6090
9.7328,1.6090
9.7334,1.6090
9.7339,1.6090
9.7345,1.6090
9.7350,1.6141
9.7356,1.6090
9.7361,1.6040
9.7367,1.6090
9.7372,1.6040
9.7378,1.6040
9.7383,1.6090
9.7389,1.6141
9.7397,1.6090
9.7403,1.6090
9.7408,1.6090
9.7414,1.6090
9.7420,1.6040
9.7425,1.6090
9.7431,1.6090
9.7436,1.6040
9.7442,1.6141
9.7447,1.6090
9.7453,1.6090
9.7458,1.6090
9.7464,1.6090
9.7469,1.6090
9.7475,1.6090
9.7480,1.6090
9.7486,1.6040
9.7491,1.6090
9.7497,1.6090
9.7502,1.6090
9.7507,1.6090
9.7513,1.6090
9.7518,1.6090
9.7524,1.6090
9.7529,1.6040
9.7535,1.6040
9.7540,1.6040
9.7546,1.6090
9.7551,1.6090
9.7557,1.6141
9.7562,1.6141
9.7568,1.6141
9.7573,1.6090
9.7579,1.6090
9.7584,1.6090
9.7589,1.6090
9.7595,1.6090
9.7600,1.6090
9.7606,1.6090
9.7612,1.6040
9.7617,1.6141
9.7623,1.6090
9.7629,1.6040
9.7634,1.6090
9.7640,1.6090
9.7646,1.6040
9.7653,1.6040
9.7659,1.6090
9.7665,1.6090
9.7672,1.6090
9.7677,1.6090
9.7683,1.6090
9.7689,1.6090
9.7694,1.6040
9.7700,1.6090
9.7705,1.6090
9.7711,1.6090
9.7716,1.6090
9.7722,1.6090
9.7727,1.6090
9.7733,1.6040
9.7739,1.6040
9.7745,1.6040
9.7750,1.6090
9.7756,1.6090
9.7761,1.6090
9.7767,1.6090
9.7772,1.6090
9.7778,1.6090
9.7783,1.6090
9.7789,1.6090
9.7794,1.6090
9.7800,1.6090
9.7805,1.6090
9.7811,1.6090
9.7816,1.6040
9.7822,1.6090
9.7827,1.6090
9.7833,1.6040
9.7838,1.6090
9.7844,1.6090
9.7849,1.6090
9.7855,1.6090
9.7860,1.6090
9.7866,1.6040
9.7871,1.6040
9.7877,1.6040
9.7882,1.6090
9.7888,1.6090
9.7893,1.6090
9.7899,1.6090
9.7905,1.6090
9.7910,1.6040
9.7916,1.6090
9.7921,1.6090
9.7927,1.6090
9.7933,1.6090
9.7938,1.6090
9.7944,1.6040
9.7949,1.6090
9.7955,1.6090
9.7960,1.6090
9.7966,1.6040
9.7971,1.6090
9.7977,1.6090
9.7982,1.6090
9.7988,1.6090
9.7993,1.6090
9.7999,1.6090
9.8004,1.6040
9.8010,1.6090
9.8015,1.6040
9.8021,1.6090
9.8026,1.6040
9.8032,1.6090
9.8037,1.6090
9.8043,1.6090
9.8048,1.6040
9.8054,1.6090
9.8059,1.6090
9.8065,1.6090
9.8070,1.6090
9.8076,1.6040
9.8081,1.6090
9.8087,1.6090
9.8092,1.6090
9.8098,1.6090
9.8103,1.6040
9.8108,1.6090
9.8114,1.6090
9.8119,1.6090
9.8125,1.6040
9.8130,1.6090
9.8136,1.6090
9.8141,1.6090
9.8147,1.6090
9.8152,1.6090
9.8158,1.6040
9.8163,1.6040
9.8169,1.6090
9.8174,1.6040
9.8180,1.6090
9.8185,1.6040
9.8191,1.6090
9.8196,1.6090
9.8202,1.6090
9.8207,1.6090
9.8213,1.6141
9.8218,1.6090
9.8224,1.6090
9.8229,1.6090
9.8235,1.6090
9.8240,1.6090
9.8246,1.6090
9.8252,1.6090
9.8257,1.6090
9.8263,1.6090
9.8268,1.6090
9.8274,1.6040
9.8279,1.6090
9.8285,1.6090
9.8290,1.6090
9.8295,1.6090
9.8301,1.6090
9.8306,1.6090
9.8312,1.6090
9.8318,1.6090
9.8323,1.6090
9.8329,1.6090
9.8334,1.6090
9.8340,1.6090
9.8345,1.5989
9.8351,1.6141
9.8356,1.6090
9.8362,1.6090
9.8367,1.6090
9.8373,1.6040
9.8378,1.6090
9.8384,1.6090
9.8389,1.6090
9.8395,1.6090
9.8400,1.6090
9.8406,1.6090
9.8411,1.6040
9.8417,1.6090
9.8422,1.6141
9.8428,1.6090
9.8433,1.6040
9.8439,1.6090
9.8444,1.6040
9.8450,1.6141
9.8455,1.6040
9.8461,1.6090
9.8466,1.6090
9.8472,1.6090
9.8477,1.6090
9.8483,1.6090
9.8488,1.6090
9.8494,1.6090
9.8499,1.6090
9.8505,1.6040
9.8510,1.6141
9.8516,1.6040
9.8521,1.6090
9.8527,1.6090
9.8532,1.6090
9.8538,1.6090
9.8543,1.6090
9.8549,1.6090
9.8554,1.6090
9.8560,1.6090
9.8566,1.6141
9.8571,1.6090
9.8577,1.6040
9.8582,1.6141
9.8588,1.6090
9.8593,1.6040
9.8599,1.6090
9.8604,1.6090
9.8610,1.6040
9.8615,1.6090
9.8621,1.6040
9.8626,1.6090
9.8632,1.6040
9.8637,1.6090
9.8643,1.6090
9.8648,1.6090
9.8654,1.5989
9.8659,1.6090
9.8665,1.6040
9.8670,1.6090
9.8676,1.6040
9.8681,1.6090
9.8687,1.6040
9.8692,1.6090
9.8698,1.6090
9.8703,1.6090
9.8709,1.6040
9.8714,1.6090
9.8720,1.6090
9.8725,1.6040
9.8731,1.6090
9.8736,1.6090
9.8742,1.6090
9.8747,1.6040
9.8753,1.6040
9.8759,1.6090
9.8764,1.6090
9.8770,1.6090
9.8775,1.6090
9.8781,1.6090
9.8786,1.6141
9.8792,1.6040
9.8797,1.6090
9.8803,1.6090
9.8808,1.6090
9.8814,1.6090
9.8819,1.6090
9.8825,1.6090
9.8830,1.6040
9.8836,1.6090
9.8841,1.6040
9.8847,1.6090
9.8852,1.6040
9.8858,1.6090
9.8863,1.6040
9.8869,1.6090
9.8874,1.6141
9.8880,1.6090
9.8886,1.6090
9.8891,1.6090
9.8897,1.6090
9.8902,1.6090
9.8908,1.6090
9.8913,1.6090
9.8919,1.6090
9.8924,1.6040
9.8930,1.6090
9.8935,1.6090
9.8941,1.6090
9.8946,1.6090
9.8952,1.6090
9.8957,1.6090
9.8963,1.6141
9.8968,1.6090
9.8974,1.6090
9.8979,1.6090
9.8985,1.6040
9.8990,1.6040
9.8996,1.6141
9.9001,1.6040
9.9007,1.6090
9.9012,1.6090
9.9018,1.6090
9.9023,1.6090
9.9029,1.6090
9.9034,1.6040
9.9040,1.6090
9.9045,1.6141
9.9051,1.6040
9.9056,1.6090
9.9062,1.6040
9.9067,1.6090
9.9073,1.6040
9.9078,1.6040
9.9084,1.6090
9.9089,1.6090
9.9095,1.6090
9.9100,1.6040
9.9106,1.6090
9.9111,1.6090
9.9117,1.6090
9.9122,1.6090
9.9128,1.6090
9.9133,1.6090
9.9139,1.6090
9.9144,1.6090
9.9150,1.6141
9.9155,1.6090
9.9161,1.6090
9.9167,1.6090
9.9172,1.6040
9.9178,1.6090
9.9183,1.6090
9.9189,1.6040
9.9194,1.6040
9.9200,1.6090
9.9205,1.6090
9.9211,1.6090
9.9216,1.6090
9.9222,1.6040
9.9227,1.6090
9.9233,1.6090
9.9238,1.6090
9.9244,1.6090
9.9249,1.6090
9.9255,1.6090
9.9260,1.6090
9.9266,1.6040
9.9271,1.6141
9.9277,1.6090
9.9282,1.6141
9.9288,1.6090
9.9293,1.6090
9.9299,1.6090
9.9304,1.6090
9.9310,1.6040
9.9315,1.6090
9.9321,1.6090
9.9326,1.6141
9.9332,1.6040
9.9337,1.6090
9.9343,1.6090
9.9348,1.6090
9.9354,1.6090
9.9360,1.6040
9.9365,1.6090
9.9371,1.6090
9.9376,1.6090
9.9382,1.6040
9.9387,1.6090
9.9393,1.6090
9.9398,1.6090
9.9404,1.6090
9.9409,1.6090
9.9415,1.6090
9.9420,1.6040
9.9426,1.6090
9.9431,1.6090
9.9437,1.6040
9.9442,1.6090
9.9448,1.6090
9.9453,1.6090
9.9459,1.6090
9.9464,1.6090
9.9470,1.6141
9.9475,1.6040
9.9481,1.6090
9.9486,1.6090
9.9492,1.6090
9.9497,1.6090
9.9503,1.6090
9.9508,1.6090
9.9514,1.6090
9.9519,1.6090
9.9525,1.6090
9.9530,1.6090
9.9536,1.6090
9.9541,1.6141
9.9547,1.6090
9.9553,1.6090
9.9558,1.6090
9.9564,1.6141
9.9569,1.6040
9.9575,1.6090
9.9580,1.6090
9.9586,1.6090
9.9591,1.6090
9.9597,1.6090
9.9602,1.6141
9.9608,1.6090
9.9613,1.6040
9.9619,1.6040
9.9624,1.6090
9.9630,1.6040
9.9635,1.6090
9.9641,1.6090
9.9646,1.6090
9.9652,1.6090
9.9657,1.6040
9.9663,1.6090
9.9668,1.6090
9.9674,1.6090
9.9679,1.6090
9.9685,1.6090
9.9690,1.6040
9.9696,1.6090
9.9701,1.6040
9.9707,1.6090
9.9712,1.6141
9.9718,1.6040
9.9723,1.6090
9.9729,1.6090
9.9734,1.6040
9.9740,1.6090
9.9745,1.6090
9.9751,1.6090
9.9756,1.6141
9.9762,1.6090
9.9767,1.6040
9.9773,1.6090
9.9778,1.6090
9.9784,1.6090
9.9789,1.6090
9.9795,1.6090
9.9800,1.6141
9.9806,1.6040
9.9811,1.6090
9.9817,1.6040
9.9822,1.6090
9.9828,1.6090
9.9833,1.6090
9.9839,1.6090
9.9844,1.6090
9.9850,1.6040
9.9855,1.6040
9.9861,1.6090
9.9866,1.6040
9.9872,1.6090
9.9877,1.6090
9.9883,1.6090
9.9888,1.6090
9.9894,1.6090
9.9899,1.6040
9.9905,1.6090
9.9910,1.6090
9.9916,1.6090
9.9921,1.6090
9.9927,1.6090
9.9933,1.6090
9.9938,1.6040
9.9944,1.6090
9.9949,1.6040
9.9955,1.6090
9.9960,1.6090
9.9966,1.6090
9.9971,1.6141
9.9977,1.6090
9.9982,1.6090
9.9988,1.6090
9.9993,1.6090
9.9999,1.6090
10.0004,1.6090
10.0009,1.6090
10.0015,1.6090
10.0020,1.6040
10.0026,1.6090
10.0031,1.5989
10.0037,1.6090
10.0042,1.6090
10.0048,1.6090
10.0053,1.6090
10.0059,1.6090
10.0065,1.6090
10.0070,1.6040
10.0076,1.6090
10.0081,1.6090
10.0087,1.6090
10.0093,1.6090
10.0099,1.6090
10.0104,1.6090
10.0110,1.6090
10.0115,1.6040
10.0121,1.6090
10.0127,1.6090
10.0132,1.6040
10.0138,1.6090
10.0143,1.6090
10.0149,1.6141
10.0154,1.6090
10.0160,1.6090
10.0165,1.6090
10.0171,1.6040
10.0176,1.6090
10.0182,1.6040
10.0187,1.6090
10.0193,1.6090
10.0198,1.6090
10.0204,1.6090
10.0209,1.6141
10.0214,1.6090
10.0220,1.6090
10.0225,1.6090
10.0231,1.6040
10.0236,1.6090
10.0242,1.6090
10.0247,1.6040
10.0253,1.6090
10.0258,1.6090
10.0264,1.6090
10.0269,1.6090
10.0275,1.6090
10.0280,1.6090
10.0286,1.6090
10.0291,1.6090
10.0297,1.6090
10.0302,1.6040
10.0308,1.6090
10.0313,1.6090
10.0319,1.6090
10.0324,1.6141
10.0330,1.6090
10.0335,1.6090
10.0342,1.6090
10.0348,1.6090
10.0353,1.6090
10.0359,1.6040
10.0364,1.6040
10.0369,1.6090
10.0375,1.6090
10.0380,1.6090
10.0386,1.6090
10.0391,1.6040
10.0396,1.6090
10.0402,1.6040
10.0407,1.6090
10.0412,1.6040
10.0418,1.6090
10.0423,1.6090
10.0429,1.6090
10.0434,1.6090
10.0440,1.6090
10.0446,1.6090
10.0452,1.6040
10.0458,1.6090
10.0464,1.6090
10.0469,1.6090
10.0475,1.6040
10.0480,1.6090
10.0486,1.5989
10.0491,1.6090
10.0497,1.6090
10.0503,1.6040
10.0508,1.6040
10.0514,1.6090
10.0519,1.6090
10.0524,1.6090
10.0530,1.6090
10.0535,1.6090
10.0540,1.6040
10.0546,1.6090
10.0551,1.6090
10.0557,1.6090
10.0562,1.6090
10.0569,1.6040
10.0580,1.6090
10.0585,1.6090
10.0591,1.6090
10.0597,1.6090
10.0602,1.6040
10.0607,1.6040
10.0613,1.6090
10.0619,1.6090
10.0625,1.6040
10.0630,1.6090
10.0636,1.6090
10.0641,1.6040
10.0647,1.6090
10.0652,1.6090
10.0658,1.6090
10.0663,1.6090
10.0669,1.6090
10.0674,1.6040
10.0680,1.6090
10.0685,1.6090
10.0691,1.6090
10.0696,1.6090
10.0701,1.6040
10.0707,1.6090
10.0712,1.6090
10.0717,1.6090
10.0723,1.6090
10.0728,1.6090
10.0733,1.6090
10.0739,1.6090
10.0745,1.6090
10.0750,1.6090
10.0756,1.6040
10.0761,1.6090
10.0767,1.6090
10.0772,1.6090
10.0778,1.6040
10.0783,1.6090
10.0788,1.6040
10.0794,1.6090
10.0799,1.6040
10.0804,1.6090
10.0810,1.6090
10.0815,1.6090
10.0820,1.6040
10.0826,1.6040
10.0831,1.6090
10.0837,1.6090
10.0842,1.6040
10.0847,1.6040
10.0853,1.6040
10.0858,1.6090
10.0863,1.6090
10.0869,1.6040
10.0874,1.6040
10.0879,1.6090
10.0885,1.6090
10.0890,1.6090
10.0896,1.6141
10.0901,1.6040
10.0906,1.6090
10.0912,1.6090
10.0917,1.6090
10.0922,1.6090
10.0928,1.6141
10.0933,1.6090
10.0939,1.6090
10.0944,1.6090
10.0949,1.6090
10.0955,1.6090
10.0960,1.6090
10.0965,1.6040
10.0971,1.6090
10.0976,1.6090
10.0982,1.6090
10.0987,1.6090
10.0992,1.6090
10.0998,1.6090
10.1003,1.6090
10.1008,1.6090
10.1014,1.6090
10.1019,1.6090
10.1024,1.6090
10.1030,1.6090
10.1035,1.6090
10.1040,1.6090
10.1046,1.6090
10.1051,1.6090
10.1057,1.6090
10.1062,1.6090
10.1067,1.6090
10.1073,1.6090
10.1078,1.6090
10.1083,1.6090
10.1089,1.6090
10.1094,1.6090
10.1099,1.6040
10.1105,1.6040
10.1110,1.6040
10.1116,1.6040
10.1121,1.6040
10.1126,1.6040
10.1132,1.6090
10.1137,1.6090
10.1142,1.6090
10.1148,1.5989
10.1153,1.6090
10.1159,1.6040
10.1164,1.6090
10.1169,1.6090
10.1175,1.6090
10.1180,1.6040
10.1185,1.6090
10.1191,1.6040
10.1196,1.6090
10.1202,1.6141
10.1207,1.6090
10.1212,1.6090
10.1218,1.6090
10.1223,1.6040
10.1228,1.6090
10.1234,1.6040
10.1239,1.6090
10.1244,1.6090
10.1250,1.6090
10.1255,1.6090
10.1261,1.6040
10.1266,1.6090
10.1271,1.6090
10.1277,1.6040
10.1282,1.6040
10.1288,1.6090
10.1293,1.6040
10.1298,1.6090
10.1304,1.6090
10.1309,1.6090
10.1315,1.6090
10.1320,1.6090
10.1325,1.6090
10.1331,1.6090
10.1336,1.6040
10.1342,1.6090
10.1347,1.6090
10.1353,1.6090
10.1358,1.6090
10.1363,1.6040
10.1369,1.6090
10.1374,1.6090
10.1380,1.6090
10.1385,1.6090
10.1390,1.6090
10.1396,1.6040
10.1401,1.6090
10.1407,1.6040
10.1412,1.6090
10.1417,1.6090
10.1423,1.6090
10.1428,1.6090
10.1434,1.6090
10.1439,1.6090
10.1444,1.6090
10.1450,1.6090
10.1456,1.6040
10.1461,1.6090
10.1466,1.6090
10.1472,1.6040
10.1477,1.6090
10.1483,1.6090
10.1488,1.6090
10.1493,1.6040
10.1499,1.6040
10.1504,1.6040
10.1510,1.6090
10.1515,1.6040
10.1520,1.6090
10.1526,1.6090
10.1531,1.6040
10.1537,1.6090
10.1542,1.6090
10.1547,1.6090
10.1553,1.6040
10.1558,1.6040
10.1564,1.6090
10.1569,1.6040
10.1574,1.6090
10.1580,1.6090
10.1585,1.6040
10.1590,1.6090
10.1596,1.6090
10.1601,1.6090
10.1606,1.6040
10.1612,1.6090
10.1617,1.6090
10.1623,1.6090
10.1628,1.6040
10.1633,1.6090
10.1639,1.6090
10.1644,1.6090
10.1649,1.6040
10.1655,1.6040
10.1660,1.6090
10.1665,1.6090
10.1671,1.6090
10.1676,1.6040
10.1682,1.6090
10.1687,1.6090
10.1692,1.6040
10.1698,1.6090
10.1703,1.6090
10.1708,1.6040
10.1714,1.6141
10.1719,1.6040
10.1724,1.6090
10.1730,1.6090
10.1735,1.6090
10.1741,1.6090
10.1746,1.6090
10.1751,1.6090
10.1757,1.6090
10.1762,1.6040
10.1767,1.6040
10.1773,1.6090
10.1778,1.6141
10.1784,1.6090
10.1789,1.6040
10.1794,1.6090
10.1800,1.6040
10.1805,1.6090
10.1810,1.6040
10.1816,1.6090
10.1821,1.6090
10.1826,1.6090
10.1832,1.6090
10.1837,1.6090
10.1843,1.6090
10.1848,1.6090
10.1853,1.6090
10.1859,1.6090
10.1865,1.6090
10.1870,1.6090
10.1876,1.6090
10.1881,1.6090
10.1886,1.6090
10.1892,1.6090
10.1897,1.6040
10.1902,1.6090
10.1908,1.6090
10.1913,1.6090
10.1919,1.6090
10.1924,1.6040
10.1929,1.6090
10.1935,1.6090
10.1940,1.6090
10.1945,1.6090
10.1951,1.6090
10.1956,1.6090
10.1961,1.6040
10.1967,1.6090
10.1972,1.6090
10.1978,1.6090
10.1983,1.6090
10.1988,1.6090
10.1994,1.6090
10.1999,1.6141
10.2004,1.6090
10.2010,1.6090
10.2015,1.6090
10.2021,1.6090
10.2026,1.6090
10.2031,1.6090
10.2037,1.6040
10.2042,1.6040
10.2047,1.6090
10.2053,1.6090
10.2058,1.6040
10.2063,1.6090
10.2069,1.6090
10.2074,1.6090
10.2080,1.6090
10.2085,1.6090
10.2090,1.6090
10.2096,1.6090
10.2101,1.6090
10.2106,1.6040
10.2112,1.6090
10.2117,1.6090
10.2123,1.6090
10.2128,1.6141
10.2134,1.6090
10.2139,1.6090
10.2144,1.6090
10.2150,1.6090
10.2155,1.6090
10.2160,1.6090
10.2166,1.6090
10.2171,1.6040
10.2176,1.6040
10.2182,1.6090
10.2187,1.6090
10.2193,1.6090
10.2198,1.6141
10.2203,1.6141
10.2209,1.6090
10.2214,1.6090
10.2219,1.6090
10.2225,1.6090
10.2230,1.6090
10.2236,1.6090
10.2241,1.6090
10.2246,1.6090
10.2252,1.6090
10.2257,1.6090
10.2262,1.6090
10.2268,1.6090
10.2273,1.6090
10.2278,1.6090
10.2284,1.6090
10.2289,1.6090
10.2295,1.6040
10.2300,1.6040
10.2305,1.6090
10.2311,1.6090
10.2316,1.6090
10.2321,1.6040
10.2327,1.6090
10.2332,1.6040
10.2337,1.6090
10.2343,1.6040
10.2349,1.6040
10.2355,1.6040
10.2360,1.6040
10.2365,1.6090
10.2371,1.6040
10.2376,1.6040
10.2381,1.5989
10.2387,1.6040
10.2392,1.6040
10.2397,1.6090
10.2403,1.6090
10.2408,1.6090
10.2413,1.6090
10.2419,1.6090
10.2424,1.6090
10.2429,1.6090
10.2435,1.6090
10.2440,1.6040
10.2445,1.6090
10.2451,1.6040
10.2456,1.6090
10.2461,1.6090
10.2467,1.6090
10.2472,1.6040
10.2477,1.6090
10.2483,1.6090
10.2488,1.6090
10.2493,1.6090
10.2499,1.6090
10.2504,1.6040
10.2509,1.6090
10.2515,1.6090
10.2520,1.6090
10.2525,1.6090
10.2531,1.6040
10.2536,1.6090
10.2541,1.6090
10.2547,1.6090
10.2552,1.6090
10.2557,1.6090
10.2563,1.6090
10.2568,1.6040
10.2573,1.6090
10.2579,1.6090
10.2584,1.6090
10.2589,1.6040
10.2595,1.6090
10.2600,1.6090
10.2605,1.6090
10.2611,1.6090
10.2616,1.6090
10.2621,1.6040
10.2626,1.6090
10.2632,1.6090
10.2637,1.6090
10.2642,1.6090
10.2648,1.6090
10.2653,1.6090
10.2659,1.6090
10.2664,1.6040
10.2669,1.6090
10.2675,1.6090
10.2680,1.6040
10.2685,1.6040
10.2691,1.6090
10.2696,1.6090
10.2701,1.6090
10.2707,1.6090
10.2712,1.6040
10.2717,1.6090
10.2723,1.6090
10.2728,1.6040
10.2733,1.6090
10.2739,1.6090
10.2744,1.6090
10.2749,1.6040
10.2755,1.6090
10.2760,1.6090
10.2765,1.6090
10.2771,1.6090
10.2776,1.6090
10.2781,1.6090
10.2787,1.6040
10.2792,1.6090
10.2797,1.6090
10.2803,1.6090
10.2808,1.6090
10.2813,1.6090
10.2819,1.6090
10.2824,1.6090
10.2829,1.6090
10.2835,1.6090
10.2840,1.6090
10.2845,1.6090
10.2851,1.6090
10.2856,1.6090
10.2861,1.6040
10.2867,1.6090
10.2872,1.6090
10.2877,1.6090
10.2883,1.6090
10.2888,1.6090
10.2893,1.6090
10.2899,1.6090
10.2904,1.6090
10.2909,1.6090
10.2915,1.6090
10.2920,1.6040
10.2925,1.6040
10.2931,1.6040
10.2936,1.6090
10.2941,1.6090
10.2947,1.6090
10.2952,1.6090
10.2957,1.6040
10.2963,1.6090
10.2968,1.6040
10.2973,1.6090
10.2979,1.6090
10.2984,1.6090
10.2989,1.6090
10.2995,1.6090
10.3000,1.6090
10.3005,1.6090
10.3011,1.6040
10.3016,1.6040
10.3021,1.6040
10.3027,1.6090
10.3032,1.6141
10.3037,1.6090
10.3043,1.6090
10.3048,1.6090
10.3053,1.6090
10.3059,1.6040
10.3064,1.6090
10.3069,1.6090
10.3075,1.6090
10.3080,1.6090
10.3085,1.6040
10.3091,1.6090
10.3096,1.6141
10.3101,1.6040
10.3107,1.6090
10.3112,1.6040
10.3117,1.6090
10.3123,1.6040
10.3128,1.6090
10.3133,1.6040
10.3139,1.6090
10.3144,1.6090
10.3149,1.6090
10.3155,1.6090
10.3160,1.6090
10.3165,1.6090
10.3171,1.6090
10.3176,1.6090
10.3181,1.6040
10.3187,1.6040
10.3192,1.6040
10.3197,1.6090
10.3203,1.6090
10.3208,1.6090
10.3213,1.6141
10.3219,1.6040
10.3224,1.6090
10.3229,1.6040
10.3234,1.6090
10.3240,1.6090
10.3245,1.6090
10.3250,1.6090
10.3256,1.6090
10.3261,1.6090
10.3266,1.6090
10.3272,1.6090
10.3277,1.6090
10.3282,1.6090
10.3288,1.6090
10.3293,1.6090
10.3298,1.6040
10.3304,1.6040
10.3309,1.6090
10.3314,1.6090
10.3320,1.6090
10.3325,1.6090
10.3330,1.6090
10.3336,1.6090
10.3341,1.6090
10.3346,1.6090
10.3352,1.6090
10.3358,1.6090
10.3363,1.6090
10.3369,1.6090
10.3374,1.6090
10.3379,1.6040
10.3385,1.6040
10.3390,1.6090
10.3395,1.6090
10.3401,1.6040
10.3406,1.6040
10.3411,1.6090
10.3417,1.6090
10.3422,1.6090
10.3428,1.6090
10.3433,1.6040
10.3438,1.6040
10.3444,1.6090
10.3449,1.6090
10.3454,1.6040
10.3460,1.6040
10.3465,1.6090
10.3470,1.6090
10.3476,1.6090
10.3481,1.6090
10.3487,1.6090
10.3492,1.6090
10.3497,1.6090
10.3503,1.6040
10.3508,1.6090
10.3514,1.6090
10.3519,1.6090
10.3524,1.6040
10.3530,1.6090
10.3535,1.6090
10.3540,1.6090
10.3546,1.6090
10.3551,1.6090
10.3556,1.6040
10.3562,1.6090
10.3567,1.6141
10.3572,1.6040
10.3578,1.6090
10.3583,1.6090
10.3589,1.6090
10.3594,1.6090
10.3599,1.6040
10.3605,1.5989
10.3610,1.6090
10.3616,1.6090
10.3622,1.6090
10.3628,1.6090
10.3633,1.6090
10.3639,1.6040
10.3644,1.6090
10.3650,1.6090
10.3656,1.6090
10.3661,1.6090
10.3666,1.6141
10.3672,1.6090
10.3677,1.6090
10.3682,1.6040
10.3688,1.6090
10.3693,1.6090
10.3699,1.6040
10.3704,1.6040
10.3709,1.6090
10.3715,1.6090
10.3720,1.6090
10.3725,1.6090
10.3731,1.6090
10.3736,1.6090
10.3742,1.6090
10.3747,1.6040
10.3753,1.6090
10.3758,1.6090
10.3763,1.6090
10.3769,1.6090
10.3774,1.6090
10.3779,1.6040
10.3785,1.6090
10.3790,1.6090
10.3796,1.6090
10.3801,1.6040
10.3806,1.6090
10.3812,1.6090
10.3817,1.6090
10.3822,1.6090
10.3828,1.6090
10.3833,1.6090
10.3838,1.6090
10.3844,1.6040
10.3849,1.6090
10.3855,1.6090
10.3860,1.6040
10.3865,1.6090
10.3871,1.6090
10.3876,1.6090
10.3881,1.6090
10.3887,1.6090
10.3892,1.6040
10.3897,1.6090
10.3903,1.6090
10.3908,1.6090
10.3914,1.6090
10.3919,1.6090
10.3924,1.6090
10.3930,1.6040
10.3935,1.6090
10.3940,1.6040
10.3946,1.6090
10.3951,1.6040
10.3957,1.6090
10.3962,1.6090
10.3967,1.6090
10.3973,1.6090
10.3978,1.6090
10.3983,1.6090
10.3989,1.6090
10.3994,1.6090
10.3999,1.6090
10.4005,1.6090
10.4010,1.5989
10.4016,1.6040
10.4021,1.6090
10.4026,1.6090
10.4032,1.6090
10.4037,1.6040
10.4042,1.6040
10.4048,1.6090
10.4053,1.6090
10.4059,1.6090
10.4064,1.6090
10.4070,1.6090
10.4075,1.6090
10.4080,1.6090
10.4086,1.6090
10.4091,1.6090
10.4096,1.6090
10.4102,1.6090
10.4107,1.6090
10.4113,1.6090
10.4118,1.6090
10.4123,1.6040
10.4129,1.6040
10.4134,1.6040
10.4139,1.6090
10.4145,1.6090
10.4150,1.6090
10.4155,1.6090
10.4161,1.6090
10.4166,1.6090
10.4172,1.6090
10.4177,1.6090
10.4183,1.6090
10.4188,1.6090
10.4193,1.6040
10.4199,1.6040
10.4204,1.6040
10.4209,1.6141
10.4215,1.6040
10.4220,1.6090
10.4225,1.6040
10.4231,1.6090
10.4236,1.6090
10.4242,1.6090
10.4247,1.6040
10.4252,1.6040
10.4258,1.5989
10.4263,1.6090
10.4268,1.6040
10.4274,1.6090
10.4279,1.6040
10.4284,1.6090
10.4290,1.6090
10.4295,1.6090
10.4301,1.6090
10.4306,1.6040
10.4311,1.6040
10.4317,1.6141
10.4322,1.6090
10.4327,1.6090
10.4333,1.6090
10.4338,1.6090
10.4343,1.6090
10.4349,1.6040
10.4354,1.6090
10.4360,1.6040
10.4365,1.6090
10.4370,1.5989
10.4376,1.6040
10.4381,1.6040
10.4386,1.6040
10.4392,1.6090
10.4397,1.6090
10.4402,1.6090
10.4408,1.6141
10.4413,1.6090
10.4418,1.6090
10.4424,1.6040
10.4429,1.6090
10.4434,1.6090
10.4440,1.6040
10.4445,1.6090
10.4450,1.6090
10.4456,1.6090
10.4461,1.6040
10.4466,1.6040
10.4472,1.6090
10.4477,1.6090
10.4482,1.6090
10.4488,1.6090
10.4493,1.6141
10.4498,1.6040
10.4504,1.6090
10.4509,1.6090
10.4514,1.6090
10.4519,1.6090
10.4525,1.6040
10.4530,1.6040
10.4535,1.6040
10.4541,1.6040
10.4546,1.6040
10.4551,1.6090
10.4557,1.6090
10.4562,1.6040
10.4567,1.6141
10.4573,1.6090
10.4578,1.6090
10.4583,1.6090
10.4589,1.6090
10.4594,1.6090
10.4599,1.6040
10.4605,1.6090
10.4610,1.6090
10.4615,1.6040
10.4621,1.6040
10.4626,1.6040
10.4631,1.6090
10.4637,1.6090
10.4642,1.6090
10.4647,1.6090
10.4653,1.6090
10.4658,1.6090
10.4663,1.6090
10.4669,1.6090
10.4674,1.6040
10.4679,1.6040
10.4685,1.6040
10.4690,1.6090
10.4695,1.6090
10.4701,1.6090
10.4706,1.6090
10.4711,1.6040
10.4717,1.6090
10.4722,1.6040
10.4727,1.6090
10.4733,1.6090
10.4738,1.6090
10.4743,1.6090
10.4749,1.6090
10.4754,1.6090
10.4759,1.6090
10.4765,1.6090
10.4770,1.6040
10.4775,1.6090
10.4781,1.6040
10.4786,1.6090
10.4791,1.6090
10.4797,1.6090
10.4802,1.6090
10.4807,1.6090
10.4813,1.6090
10.4818,1.6090
10.4823,1.6090
10.4828,1.6040
10.4834,1.6090
10.4839,1.6090
10.4844,1.6090
10.4850,1.6040
10.4855,1.6090
10.4861,1.6090
10.4866,1.6090
10.4871,1.6040
10.4877,1.6090
10.4882,1.6090
10.4887,1.6040
10.4893,1.6090
10.4898,1.6090
10.4903,1.6040
10.4909,1.6090
10.4914,1.6090
10.4919,1.6090
10.4925,1.6090
10.4930,1.6090
10.4935,1.6090
10.4941,1.6040
10.4946,1.6090
10.4951,1.6090
10.4957,1.6090
10.4962,1.6090
10.4967,1.6040
10.4973,1.6090
10.4978,1.6090
10.4983,1.6040
10.4989,1.6090
10.4994,1.6040
10.4999,1.6141
10.5004,1.6090
10.5010,1.6090
10.5015,1.6141
10.5020,1.6040
10.5026,1.6090
10.5031,1.6090
10.5036,1.6090
10.5042,1.6090
10.5047,1.5989
10.5052,1.6090
10.5058,1.6090
10.5063,1.6090
10.5068,1.6090
10.5074,1.6040
10.5079,1.6040
10.5084,1.5989
10.5090,1.6040
10.5095,1.6090
10.5100,1.5989
10.5106,1.6090
10.5111,1.6090
10.5116,1.6090
10.5122,1.6090
10.5127,1.6090
10.5132,1.6040
10.5138,1.6090
10.5143,1.6090
10.5148,1.6090
10.5154,1.6090
10.5159,1.6090
10.5164,1.6090
10.5170,1.6090
10.5175,1.6090
10.5180,1.6040
10.5186,1.6090
10.5191,1.6090
10.5196,1.6040
10.5202,1.6141
10.5207,1.6090
10.5212,1.6090
10.5218,1.6040
10.5223,1.6090
10.5228,1.6141
10.5234,1.6090
10.5239,1.6090
10.5244,1.6040
10.5250,1.6040
10.5255,1.6040
10.5260,1.6090
10.5266,1.6040
10.5271,1.6090
10.5276,1.6040
10.5282,1.6090
10.5287,1.6090
10.5292,1.6090
10.5298,1.6090
10.5303,1.6090
10.5308,1.6090
10.5314,1.6090
10.5319,1.6090
10.5324,1.6040
10.5329,1.6090
10.5335,1.6090
10.5340,1.6090
10.5345,1.6040
10.5351,1.6040
10.5356,1.6090
10.5361,1.5989
10.5368,1.6141
10.5373,1.6090
10.5378,1.6090
10.5384,1.6040
10.5389,1.6090
10.5395,1.6090
10.5400,1.6090
10.5405,1.6040
10.5411,1.6040
10.5416,1.6090
10.5421,1.6090
10.5427,1.6090
10.5432,1.6090
10.5438,1.6090
10.5443,1.6090
10.5449,1.6040
10.5455,1.6090
10.5460,1.6040
10.5466,1.6090
10.5472,1.6040
10.5477,1.6090
10.5483,1.6090
10.5488,1.6090
10.5494,1.6040
10.5499,1.6090
10.5505,1.6090
10.5510,1.6040
10.5515,1.6090
10.5521,1.6090
10.5526,1.6090
10.5531,1.6040
10.5537,1.6090
10.5542,1.6090
10.5548,1.6090
10.5553,1.6090
10.5559,1.6090
10.5564,1.6090
10.5570,1.6040
10.5577,1.6090
10.5583,1.6040
10.5588,1.6090
10.5594,1.6090
10.5599,1.6090
10.5605,1.6090
10.5610,1.6040
10.5616,1.6040
10.5622,1.6090
10.5628,1.6141
10.5633,1.6090
10.5638,1.6090
10.5644,1.6090
10.5650,1.6090
10.5655,1.6040
10.5660,1.6090
10.5666,1.6090
10.5671,1.6040
10.5677,1.6090
10.5682,1.6090
10.5687,1.5989
10.5693,1.6040
10.5698,1.6040
10.5703,1.6090
10.5709,1.6141
10.5714,1.6040
10.5719,1.6090
10.5725,1.5989
10.5730,1.6040
10.5736,1.6090
10.5741,1.6090
10.5747,1.6090
10.5752,1.6040
10.5758,1.6090
10.5763,1.6040
10.5768,1.6090
10.5774,1.6090
10.5779,1.6141
10.5784,1.6090
10.5790,1.6090
10.5795,1.6040
10.5801,1.6040
10.5806,1.6090
10.5811,1.6090
10.5817,1.6090
10.5822,1.6090
10.5827,1.6090
10.5833,1.6090
10.5838,1.6090
10.5843,1.5989
10.5849,1.6090
10.5854,1.6090
10.5860,1.6090
10.5865,1.6090
10.5870,1.6090
10.5876,1.6090
10.5881,1.6090
10.5886,1.6090
10.5892,1.6040
10.5897,1.6040
10.5903,1.6090
10.5908,1.6040
10.5913,1.6040
10.5919,1.6090
10.5924,1.6090
10.5930,1.6090
10.5935,1.6040
10.5940,1.6090
10.5946,1.6040
10.5951,1.6040
10.5956,1.6090
10.5962,1.6040
10.5967,1.6090
10.5972,1.6040
10.5978,1.6090
10.5983,1.6040
10.5989,1.6090
10.5994,1.6040
10.5999,1.6040
10.6005,1.6090
10.6010,1.6040
10.6015,1.6040
10.6021,1.6090
10.6026,1.6090
10.6031,1.6090
10.6037,1.6090
10.6042,1.6090
10.6048,1.6090
10.6053,1.6090
10.6058,1.6090
10.6064,1.6040
10.6069,1.6141
10.6074,1.6090
10.6080,1.6090
10.6085,1.6040
10.6090,1.6040
10.6096,1.6040
10.6101,1.6090
10.6107,1.6090
10.6112,1.6090
10.6117,1.6090
10.6123,1.5989
10.6128,1.6090
10.6133,1.6090
10.6139,1.6090
10.6144,1.6090
10.6149,1.6090
10.6155,1.6040
10.6160,1.6090
10.6166,1.6090
10.6171,1.5989
10.6176,1.6090
10.6182,1.6090
10.6187,1.6090
10.6192,1.6090
10.6198,1.6090
10.6203,1.6090
10.6208,1.5989
10.6214,1.6090
10.6219,1.6090
10.6225,1.6090
10.6230,1.6090
10.6236,1.6040
10.6241,1.6090
10.6246,1.6040
10.6252,1.6090
10.6257,1.6090
10.6262,1.6090
10.6268,1.6040
10.6273,1.6090
10.6278,1.6090
10.6284,1.6090
10.6289,1.6040
10.6294,1.6090
10.6300,1.6040
10.6305,1.6090
10.6311,1.6090
10.6316,1.6090
10.6321,1.6040
10.6327,1.6090
10.6332,1.6040
10.6337,1.6040
10.6343,1.6090
10.6348,1.6090
10.6353,1.6090
10.6359,1.6040
10.6364,1.6090
10.6371,1.6090
10.6376,1.6090
10.6382,1.6090
10.6387,1.6090
10.6392,1.6090
10.6398,1.6090
10.6403,1.6090
10.6408,1.6040
10.6414,1.6040
10.6419,1.6090
10.6424,1.6040
10.6430,1.6090
10.6435,1.6090
10.6440,1.6040
10.6446,1.6040
10.6451,1.6090
10.6456,1.6090
10.6462,1.6090
10.6467,1.6040
10.6472,1.6090
10.6478,1.6141
10.6483,1.6040
10.6488,1.6040
10.6494,1.6090
10.6499,1.6090
10.6504,1.6090
10.6510,1.6040
10.6515,1.6090
10.6521,1.6090
10.6526,1.6090
10.6531,1.6090
10.6537,1.6090
10.6542,1.6040
10.6547,1.6090
10.6553,1.6040
10.6558,1.6040
10.6563,1.6090
10.6569,1.6090
10.6574,1.6090
10.6579,1.6090
10.6585,1.6090
10.6590,1.6090
10.6596,1.5989
10.6601,1.6090
10.6606,1.6040
10.6612,1.6090
10.6617,1.6141
10.6622,1.6141
10.6628,1.6090
10.6633,1.6090
10.6638,1.6090
10.6644,1.6090
10.6649,1.6090
10.6654,1.6090
10.6660,1.6090
10.6665,1.6090
10.6670,1.6090
10.6676,1.6090
10.6681,1.5989
10.6686,1.6090
10.6692,1.6040
10.6697,1.6040
10.6702,1.6090
10.6708,1.6040
10.6713,1.6090
10.6718,1.6040
10.6724,1.6090
10.6729,1.6090
10.6734,1.6090
10.6740,1.6090
10.6745,1.6040
10.6750,1.6040
10.6756,1.6090
10.6761,1.6090
10.6766,1.6090
10.6772,1.6090
10.6777,1.6040
10.6783,1.6040
10.6788,1.6090
10.6793,1.6090
10.6799,1.6090
10.6804,1.6090
10.6809,1.6040
10.6815,1.6040
10.6820,1.6090
10.6825,1.6090
10.6831,1.6090
10.6836,1.6090
10.6841,1.6040
10.6847,1.6090
10.6852,1.6090
10.6858,1.6090
10.6863,1.6090
10.6868,1.6090
10.6874,1.6090
10.6879,1.6040
10.6884,1.6090
10.6890,1.6090
10.6895,1.6090
10.6900,1.6040
10.6906,1.6090
10.6911,1.6090
10.6917,1.6090
10.6922,1.6040
10.6927,1.6040
10.6933,1.6090
10.6938,1.6090
10.6943,1.6040
10.6949,1.6090
10.6954,1.6090
10.6960,1.6090
10.6965,1.6090
10.6970,1.6090
10.6976,1.6090
10.6981,1.5989
10.6986,1.6090
10.6992,1.6090
10.6997,1.6040
10.7002,1.6040
10.7008,1.6090
10.7013,1.6090
10.7019,1.6090
10.7024,1.6090
10.7029,1.6090
10.7035,1.6090
10.7040,1.6090
10.7045,1.6090
10.7051,1.6040
10.7056,1.6090
10.7061,1.6040
10.7067,1.6090
10.7072,1.6090
10.7077,1.6090
10.7083,1.6090
10.7088,1.6090
10.7094,1.6040
10.7099,1.6090
10.7104,1.6090
10.7110,1.6090
10.7115,1.6090
10.7120,1.6090
10.7126,1.6090
10.7131,1.6090
10.7136,1.6090
10.7142,1.6090
10.7147,1.6040
10.7152,1.6090
10.7158,1.6090
10.7163,1.6040
10.7169,1.6090
10.7174,1.6090
10.7179,1.6040
10.7185,1.6040
10.7190,1.6090
10.7195,1.6090
10.7201,1.6141
10.7206,1.6040
10.7211,1.6090
10.7217,1.6090
10.7222,1.6090
10.7227,1.6090
10.7233,1.6090
10.7238,1.6090
10.7244,1.6040
10.7249,1.6090
10.7254,1.6090
10.7260,1.6090
10.7265,1.6141
10.7270,1.6040
10.7276,1.5989
10.7281,1.6090
10.7286,1.6090
10.7292,1.6090
10.7297,1.6090
10.7302,1.6040
10.7308,1.6090
10.7313,1.6090
10.7319,1.6040
10.7324,1.6090
10.7329,1.6090
10.7335,1.6090
10.7340,1.6040
10.7345,1.6090
10.7351,1.6040
10.7356,1.6090
10.7361,1.6090
10.7367,1.6090
10.7372,1.6040
10.7378,1.6040
10.7384,1.6090
10.7389,1.6090
10.7394,1.6090
10.7400,1.6040
10.7405,1.5989
10.7411,1.6090
10.7416,1.6090
10.7421,1.6090
10.7427,1.6090
10.7432,1.6090
10.7438,1.6090
10.7443,1.6141
10.7448,1.6090
10.7454,1.6040
10.7459,1.6040
10.7465,1.6090
10.7470,1.6090
10.7475,1.6090
10.7481,1.6040
10.7486,1.6141
10.7492,1.6040
10.7497,1.6040
10.7502,1.6090
10.7508,1.6090
10.7513,1.6040
10.7519,1.6040
10.7524,1.6090
10.7529,1.6090
10.7535,1.6090
10.7540,1.6090
10.7546,1.6090
10.7551,1.5989
10.7556,1.6090
10.7562,1.6090
10.7567,1.6040
10.7573,1.6090
10.7578,1.6090
10.7583,1.6090
10.7589,1.6090
10.7594,1.6040
10.7600,1.6090
10.7605,1.6040
10.7611,1.6090
10.7616,1.6090
10.7621,1.5989
10.7627,1.6040
10.7632,1.6090
10.7638,1.6090
10.7643,1.6090
10.7648,1.6090
10.7654,1.6090
10.7659,1.6090
10.7665,1.6040
10.7670,1.6090
10.7675,1.6090
10.7681,1.6090
10.7686,1.6040
10.7692,1.6090
10.7697,1.6090
10.7702,1.6040
10.7708,1.6090
10.7713,1.6090
10.7718,1.6090
10.7724,1.6090
10.7729,1.6040
10.7735,1.6040
10.7740,1.6090
10.7745,1.6090
10.7751,1.6090
10.7756,1.6090
10.7762,1.6090
10.7767,1.6040
10.7772,1.6040
10.7778,1.6040
10.7783,1.6090
10.7789,1.6040
10.7794,1.6040
10.7799,1.6090
10.7805,1.6141
10.7810,1.6090
10.7816,1.6141
10.7821,1.6090
10.7826,1.6090
10.7832,1.6090
10.7837,1.6090
10.7843,1.6090
10.7848,1.6040
10.7853,1.6090
10.7859,1.6040
10.7864,1.6090
10.7870,1.6090
10.7875,1.6040
10.7880,1.6040
10.7886,1.6090
10.7891,1.5989
10.7897,1.6090
10.7902,1.6090
10.7907,1.6090
10.7913,1.6090
10.7918,1.6090
10.7924,1.6090
10.7929,1.6090
10.7934,1.6090
10.7940,1.6090
10.7945,1.6040
10.7950,1.6090
10.7956,1.6090
10.7961,1.6090
10.7967,1.6090
10.7972,1.5989
10.7977,1.6090
10.7983,1.6090
10.7988,1.6090
10.7994,1.6090
10.7999,1.6090
10.8004,1.6040
10.8010,1.6090
10.8015,1.6040
10.8021,1.6090
10.8026,1.6090
10.8031,1.6090
10.8037,1.6040
10.8042,1.6090
10.8048,1.6040
10.8053,1.6090
10.8059,1.6090
10.8064,1.6090
10.8070,1.6090
10.8075,1.6090
10.8080,1.6090
10.8086,1.6090
10.8091,1.6090
10.8097,1.5989
10.8102,1.6090
10.8107,1.6090
10.8113,1.6040
10.8118,1.6090
10.8124,1.6090
10.8129,1.6040
10.8134,1.6040
10.8140,1.6040
10.8145,1.6090
10.8150,1.6090
10.8156,1.6040
10.8161,1.6040
10.8167,1.6090
10.8172,1.6090
10.8177,1.6090
10.8183,1.6040
10.8188,1.6090
10.8194,1.6090
10.8199,1.6040
10.8204,1.6090
10.8210,1.6090
10.8215,1.6090
10.8221,1.6090
10.8226,1.6090
10.8231,1.6090
10.8237,1.6040
10.8242,1.6040
10.8248,1.6040
10.8253,1.6090
10.8259,1.6090
10.8264,1.6090
10.8269,1.6040
10.8275,1.6040
10.8280,1.6040
10.8286,1.6090
10.8291,1.6090
10.8297,1.6040
10.8302,1.6090
10.8307,1.6040
10.8313,1.6090
10.8318,1.6090
10.8324,1.6090
10.8329,1.6090
10.8334,1.6040
10.8340,1.6090
10.8345,1.6090
10.8351,1.6090
10.8356,1.6040
10.8361,1.6090
10.8367,1.6040
10.8372,1.6090
10.8378,1.6090
10.8384,1.6040
10.8389,1.6090
10.8395,1.6090
10.8400,1.6090
10.8406,1.6040
10.8411,1.6040
10.8416,1.6090
10.8422,1.6090
10.8427,1.6090
10.8432,1.6090
10.8438,1.6090
10.8443,1.6040
10.8448,1.6090
10.8454,1.6090
10.8459,1.6090
10.8465,1.6090
10.8470,1.6090
10.8475,1.6090
10.8481,1.6090
10.8486,1.6090
10.8491,1.6090
10.8497,1.6090
10.8502,1.6040
10.8507,1.6040
10.8513,1.6040
10.8518,1.6090
10.8523,1.6040
10.8529,1.6090
10.8534,1.6090
10.8540,1.6090
10.8545,1.6090
10.8550,1.6040
10.8556,1.6040
10.8561,1.6090
10.8566,1.6040
10.8572,1.6090
10.8577,1.6090
10.8582,1.6090
10.8588,1.6090
10.8593,1.6090
10.8598,1.6090
10.8604,1.6090
10.8609,1.6040
10.8615,1.6090
10.8620,1.6040
10.8625,1.6141
10.8631,1.6090
10.8636,1.6090
10.8642,1.5989
10.8647,1.6090
10.8653,1.6090
10.8658,1.6040
10.8663,1.6040
10.8669,1.6090
10.8674,1.6040
10.8679,1.6090
10.8685,1.6040
10.8690,1.6090
10.8695,1.6090
10.8701,1.6090
10.8706,1.6090
10.8712,1.6090
10.8717,1.6040
10.8722,1.6090
10.8728,1.6090
10.8733,1.6090
10.8738,1.6090
10.8744,1.6090
10.8749,1.6090
10.8754,1.6090
10.8760,1.6040
10.8765,1.6090
10.8770,1.6090
10.8776,1.6090
10.8781,1.6040
10.8786,1.6040
10.8792,1.6090
10.8797,1.6090
10.8803,1.6090
10.8808,1.6040
10.8813,1.6090
10.8819,1.6040
10.8824,1.6040
10.8829,1.6090
10.8835,1.6090
10.8840,1.6090
10.8845,1.5989
10.8851,1.5989
10.8856,1.6090
10.8861,1.6090
10.8867,1.6040
10.8872,1.6090
10.8878,1.6090
10.8883,1.6090
10.8888,1.6040
10.8894,1.6040
10.8899,1.6040
10.8904,1.6090
10.8910,1.6090
10.8915,1.6040
10.8920,1.6090
10.8926,1.6090
10.8931,1.6090
10.8936,1.6040
10.8942,1.6090
10.8947,1.6090
10.8953,1.6090
10.8958,1.6040
10.8963,1.6040
10.8969,1.6090
10.8974,1.6090
10.8979,1.6090
10.8985,1.6090
10.8990,1.6090
10.8996,1.6090
10.9001,1.6040
10.9006,1.6090
10.9012,1.6040
10.9017,1.6040
10.9022,1.6040
10.9028,1.6090
10.9033,1.6090
10.9038,1.6090
10.9044,1.6090
10.9049,1.6090
10.9054,1.6040
10.9060,1.6090
10.9065,1.6090
10.9071,1.6040
10.9076,1.6090
10.9081,1.6040
10.9087,1.6090
10.9092,1.6040
10.9097,1.6040
10.9103,1.6090
10.9108,1.6040
10.9113,1.6040
10.9119,1.6090
10.9124,1.5989
10.9129,1.6040
10.9135,1.6090
10.9140,1.6040
10.9146,1.6090
10.9151,1.6090
10.9156,1.6090
10.9162,1.6040
10.9167,1.6090
10.9172,1.6090
10.9178,1.6090
10.9183,1.6040
10.9188,1.6090
10.9194,1.6090
10.9199,1.6040
10.9204,1.6090
10.9210,1.6141
10.9215,1.6090
10.9221,1.6090
10.9226,1.6090
10.9231,1.6090
10.9237,1.6090
10.9242,1.6090
10.9247,1.6040
10.9253,1.6090
10.9258,1.6090
10.9263,1.6090
10.9269,1.6040
10.9274,1.6090
10.9279,1.6090
10.9285,1.6090
10.9290,1.6090
10.9295,1.6090
10.9301,1.6040
10.9306,1.6090
10.9312,1.6040
10.9317,1.6090
10.9322,1.6090
10.9328,1.6090
10.9333,1.6040
10.9338,1.6040
10.9344,1.6090
10.9349,1.6090
10.9354,1.6090
10.9360,1.6040
10.9365,1.6090
10.9370,1.6090
10.9376,1.6090
10.9381,1.6090
10.9386,1.6040
10.9393,1.6090
10.9398,1.6090
10.9403,1.6090
10.9409,1.6040
10.9414,1.6141
10.9420,1.6040
10.9425,1.6090
10.9430,1.6090
10.9436,1.6090
10.9441,1.6090
10.9446,1.6090
10.9452,1.6090
10.9457,1.6090
10.9463,1.6090
10.9468,1.6040
10.9473,1.6090
10.9479,1.6040
10.9484,1.5989
10.9490,1.6090
10.9495,1.6090
10.9500,1.6040
10.9506,1.6040
10.9511,1.6090
10.9516,1.6090
10.9522,1.6090
10.9527,1.6090
10.9533,1.6040
10.9538,1.6090
10.9543,1.6090
10.9549,1.6040
10.9554,1.6090
10.9560,1.6090
10.9565,1.6040
10.9570,1.6090
10.9576,1.6040
10.9581,1.6090
10.9587,1.6090
10.9592,1.6040
10.9597,1.5989
10.9604,1.6090
10.9610,1.6090
10.9615,1.6040
10.9621,1.6040
10.9627,1.6090
10.9632,1.6090
10.9638,1.6090
10.9644,1.6040
10.9650,1.6090
10.9655,1.6090
10.9661,1.6040
10.9666,1.6090
10.9672,1.6090
10.9677,1.6090
10.9682,1.6090
10.9688,1.6040
10.9693,1.6090
10.9698,1.5989
10.9704,1.6090
10.9709,1.6090
10.9715,1.6090
10.9720,1.6040
10.9725,1.6040
10.9731,1.6090
10.9736,1.6040
10.9741,1.6090
10.9747,1.6040
10.9753,1.6090
10.9758,1.6040
10.9764,1.6040
10.9769,1.6090
10.9774,1.6090
10.9780,1.6090
10.9786,1.6090
10.9791,1.6090
10.9797,1.6040
10.9802,1.6040
10.9807,1.6090
10.9813,1.6040
10.9818,1.6090
10.9824,1.6090
10.9829,1.6090
10.9835,1.6090
10.9840,1.6090
10.9846,1.6090
10.9851,1.6090
10.9856,1.6090
10.9862,1.6090
10.9868,1.6090
10.9873,1.6090
10.9878,1.6040
10.9884,1.6090
10.9889,1.6090
10.9895,1.6090
10.9900,1.6090
10.9906,1.6090
10.9912,1.6090
10.9921,1.6040
10.9927,1.6090
10.9932,1.6090
10.9938,1.6040
10.9944,1.6090
10.9949,1.6090
10.9955,1.6090
10.9960,1.6090
10.9966,1.6090
10.9971,1.6090
10.9977,1.6040
10.9982,1.6040
10.9988,1.6040
10.9993,1.6090
10.9998,1.6090
11.0004,1.6090
11.0009,1.6090
11.0015,1.6040
11.0020,1.6090
11.0025,1.6090
11.0031,1.6090
11.0037,1.6040
11.0042,1.6090
11.0048,1.6090
11.0053,1.6090
11.0059,1.6090
11.0064,1.6090
11.0070,1.6141
11.0075,1.6040
11.0081,1.6090
11.0086,1.6090
11.0092,1.6090
11.0097,1.6090
11.0103,1.6090
11.0108,1.6040
11.0114,1.6040
11.0119,1.6090
11.0124,1.6040
11.0130,1.6040
11.0135,1.6090
11.0141,1.6090
11.0146,1.6090
11.0151,1.6090
11.0157,1.6090
11.0163,1.6090
11.0168,1.6090
11.0174,1.6090
11.0179,1.6090
11.0185,1.6090
11.0190,1.6090
11.0196,1.6090
11.0201,1.6090
11.0207,1.6040
11.0212,1.6090
11.0218,1.5989
11.0223,1.6090
11.0228,1.6090
11.0234,1.6040
11.0239,1.6090
11.0245,1.6040
11.0250,1.6040
11.0256,1.6090
11.0261,1.6090
11.0267,1.6090
11.0272,1.5989
11.0278,1.5989
11.0283,1.6090
11.0289,1.6090
11.0294,1.6090
11.0300,1.6090
11.0305,1.6040
11.0310,1.6090
11.0320,1.6040
11.0326,1.6040
11.0331,1.6090
11.0336,1.6040
11.0342,1.6090
11.0347,1.6090
11.0353,1.6090
11.0358,1.6090
11.0364,1.6090
11.0369,1.6090
11.0375,1.6090
11.0380,1.6090
11.0385,1.6090
11.0391,1.6040
11.0396,1.6090
11.0402,1.6090
11.0408,1.6040
11.0413,1.6040
11.0418,1.6090
11.0424,1.6090
11.0429,1.6090
11.0435,1.6090
11.0441,1.6090
11.0446,1.6090
11.0452,1.6090
11.0458,1.6090
11.0464,1.6040
11.0469,1.6040
11.0475,1.6090
11.0480,1.6090
11.0486,1.6040
11.0491,1.6090
11.0497,1.6090
11.0502,1.6090
11.0507,1.6090
11.0513,1.6090
11.0518,1.6090
11.0523,1.6040
11.0529,1.6090
11.0534,1.6141
11.0539,1.6090
11.0545,1.6040
11.0550,1.6040
11.0556,1.6040
11.0561,1.6090
11.0567,1.6040
11.0572,1.6090
11.0578,1.6090
11.0584,1.6090
11.0589,1.6040
11.0595,1.6090
11.0600,1.6040
11.0606,1.6090
11.0612,1.6090
11.0618,1.6040
11.0624,1.6090
11.0629,1.6040
11.0634,1.6090
11.0640,1.6090
11.0645,1.6090
11.0650,1.5989
11.0656,1.6090
11.0661,1.6090
11.0667,1.6040
11.0672,1.6040
11.0678,1.6090
11.0683,1.6090
11.0688,1.6090
11.0694,1.6090
11.0699,1.6090
11.0705,1.6090
11.0710,1.6090
11.0715,1.6090
11.0721,1.6040
11.0726,1.6040
11.0732,1.6090
11.0737,1.6090
11.0743,1.6040
11.0748,1.6040
11.0754,1.6090
11.0760,1.6040
11.0765,1.6090
11.0771,1.6040
11.0776,1.6040
11.0781,1.6090
11.0787,1.6090
11.0792,1.6040
11.0798,1.6090
11.0803,1.6090
11.0808,1.6040
11.0814,1.6090
11.0821,1.6090
11.0826,1.6090
11.0831,1.6040
11.0837,1.6141
11.0842,1.6090
11.0847,1.6040
11.0853,1.6090
11.0858,1.6040
11.0864,1.6040
11.0869,1.6090
11.0874,1.6040
11.0880,1.6090
11.0885,1.6090
11.0890,1.6040
11.0896,1.6040
11.0901,1.6090
11.0907,1.6090
11.0912,1.6090
11.0918,1.6090
11.0923,1.6090
11.0928,1.6090
11.0934,1.6040
11.0939,1.6040
11.0944,1.6141
11.0950,1.6040
11.0955,1.6090
11.0961,1.6040
11.0966,1.6040
11.0971,1.6090
11.0977,1.6141
11.0982,1.6040
11.0987,1.6040
11.0993,1.6090
11.0998,1.6090
11.1003,1.6090
11.1009,1.5989
11.1014,1.6090
11.1019,1.6040
11.1025,1.6090
11.1030,1.6090
11.1035,1.6090
11.1041,1.6090
11.1046,1.6090
11.1051,1.6040
11.1057,1.6040
11.1063,1.6090
11.1068,1.6090
11.1074,1.6090
11.1079,1.6040
11.1084,1.6090
11.1090,1.6090
11.1095,1.6090
11.1101,1.6090
11.1106,1.6090
11.1111,1.6040
11.1117,1.6040
11.1122,1.6090
11.1128,1.6040
11.1133,1.6040
11.1138,1.6040
11.1144,1.5989
11.1149,1.6090
11.1155,1.6040
11.1160,1.6090
11.1166,1.6090
11.1171,1.6090
11.1176,1.6090
11.1182,1.6040
11.1187,1.6040
11.1193,1.6090
11.1198,1.5989
11.1203,1.6090
11.1209,1.6090
11.1219,1.6040
11.1224,1.6090
11.1229,1.6040
11.1235,1.6090
11.1240,1.6040
11.1245,1.6040
11.1251,1.6090
11.1256,1.6090
11.1261,1.6090
11.1267,1.6090
11.1272,1.6040
11.1277,1.6090
11.1283,1.6090
11.1288,1.6090
11.1294,1.6090
11.1299,1.6090
11.1304,1.6040
11.1310,1.6090
11.1315,1.6090
11.1320,1.6090
11.1326,1.6040
11.1331,1.6090
11.1336,1.6090
11.1342,1.6040
11.1347,1.6090
11.1352,1.6040
11.1358,1.6040
11.1363,1.6090
11.1368,1.5989
11.1374,1.6090
11.1379,1.6090
11.1384,1.6040
11.1390,1.6090
11.1395,1.6040
11.1400,1.6040
11.1407,1.6040
11.1412,1.6040
11.1417,1.6090
11.1423,1.6040
11.1429,1.6090
11.1434,1.6090
11.1441,1.6090
11.1446,1.6040
11.1452,1.6090
11.1457,1.6090
11.1463,1.6040
11.1468,1.6090
11.1474,1.6040
11.1479,1.6090
11.1485,1.6040
11.1490,1.6090
11.1496,1.6090
11.1501,1.6090
11.1507,1.6090
11.1512,1.6040
11.1517,1.6040
11.1523,1.6090
11.1528,1.6090
11.1534,1.6090
11.1539,1.6090
11.1545,1.6040
11.1550,1.6090
11.1556,1.6090
11.1561,1.6090
11.1567,1.6090
11.1572,1.6040
11.1578,1.6040
11.1583,1.6090
11.1589,1.6090
11.1594,1.6090
11.1599,1.6040
11.1605,1.6090
11.1610,1.6090
11.1620,1.6040
11.1626,1.6090
11.1631,1.6090
11.1636,1.6090
11.1642,1.6040
11.1647,1.6090
11.1652,1.6040
11.1658,1.6090
11.1663,1.6040
11.1668,1.6040
11.1674,1.6090
11.1679,1.5989
11.1685,1.6090
11.1690,1.6040
11.1695,1.6090
11.1701,1.6090
11.1706,1.6090
11.1711,1.6040
11.1717,1.6090
11.1722,1.6040
11.1728,1.6090
11.1733,1.6090
11.1738,1.6040
11.1744,1.6040
11.1749,1.6141
11.1756,1.6090
11.1762,1.6040
11.1767,1.6090
11.1772,1.6090
11.1778,1.6040
11.1783,1.6090
11.1789,1.6090
11.1794,1.6090
11.1799,1.6090
11.1805,1.6090
11.1810,1.6040
11.1815,1.6090
11.1821,1.6090
11.1826,1.6040
11.1831,1.6090
11.1837,1.6090
11.1842,1.6040
11.1848,1.6090
11.1853,1.6090
11.1858,1.6090
11.1864,1.6040
11.1869,1.6090
11.1875,1.6090
11.1881,1.6040
11.1886,1.6090
11.1891,1.6090
11.1897,1.6090
11.1902,1.6090
11.1908,1.6040
11.1913,1.6090
11.1919,1.6040
11.1924,1.6090
11.1930,1.6090
11.1935,1.6040
11.1941,1.6090
11.1946,1.6090
11.1951,1.6040
11.1957,1.6090
11.1963,1.6090
11.1968,1.6090
11.1974,1.6090
11.1979,1.6090
11.1984,1.6040
11.1990,1.6040
11.1995,1.6090
11.2001,1.6090
11.2006,1.6090
11.2012,1.6040
11.2020,1.6040
11.2025,1.6090
11.2031,1.6090
11.2036,1.6090
11.2042,1.6040
11.2047,1.6040
11.2052,1.6090
11.2058,1.6090
11.2063,1.6040
11.2069,1.6090
11.2074,1.6040
11.2079,1.6090
11.2085,1.6090
11.2090,1.6090
11.2096,1.6040
11.2101,1.6040
11.2106,1.6090
11.2112,1.6090
11.2117,1.6090
11.2123,1.6090
11.2128,1.6040
11.2133,1.6040
11.2139,1.6090
11.2144,1.6040
11.2150,1.6090
11.2155,1.6090
11.2160,1.6141
11.2166,1.6040
11.2171,1.6090
11.2177,1.6090
11.2182,1.6090
11.2187,1.6040
11.2193,1.6040
11.2198,1.6040
11.2203,1.6090
11.2209,1.6090
11.2214,1.6040
11.2219,1.6090
11.2225,1.6090
11.2230,1.6090
11.2236,1.6090
11.2241,1.6040
11.2246,1.6090
11.2252,1.6090
11.2257,1.6040
11.2263,1.6090
11.2268,1.6090
11.2274,1.6040
11.2279,1.6090
11.2284,1.6141
11.2290,1.6090
11.2295,1.6090
11.2301,1.6040
11.2306,1.6040
11.2312,1.6090
11.2317,1.6040
11.2323,1.6040
11.2328,1.6090
11.2334,1.6090
11.2339,1.6040
11.2344,1.6090
11.2350,1.6090
11.2356,1.6040
11.2361,1.6090
11.2367,1.6090
11.2372,1.6040
11.2377,1.6040
11.2383,1.6090
11.2388,1.6090
11.2394,1.6040
11.2399,1.6090
11.2405,1.6090
11.2410,1.6090
11.2416,1.5989
11.2421,1.6090
11.2427,1.6090
11.2432,1.6090
11.2437,1.6090
11.2443,1.6040
11.2448,1.6090
11.2453,1.6090
11.2458,1.6090
11.2464,1.6090
11.2469,1.6090
11.2474,1.6040
11.2479,1.6040
11.2484,1.6090
11.2490,1.6040
11.2495,1.6040
11.2500,1.6040
11.2505,1.6090
11.2511,1.6040
11.2516,1.6040
11.2521,1.6040
11.2526,1.5989
11.2532,1.5989
11.2537,1.6090
11.2542,1.6040
11.2547,1.6090
11.2553,1.6090
11.2558,1.6090
11.2563,1.6090
11.2568,1.6090
11.2573,1.6040
11.2579,1.6090
11.2584,1.6040
11.2589,1.6090
11.2594,1.6090
11.2600,1.6090
11.2605,1.6040
11.2610,1.6090
11.2615,1.6090
11.2620,1.6090
11.2626,1.6090
11.2631,1.6090
11.2636,1.6090
11.2641,1.6090
11.2647,1.6090
11.2652,1.6040
11.2657,1.6090
11.2662,1.6090
11.2668,1.6040
11.2673,1.6090
11.2678,1.6090
11.2683,1.6090
11.2689,1.6090
11.2694,1.6040
11.2699,1.6040
11.2704,1.6090
11.2710,1.6040
11.2715,1.6090
11.2720,1.6040
11.2725,1.6090
11.2730,1.6090
11.2736,1.6090
11.2741,1.6090
11.2746,1.6090
11.2751,1.6040
11.2757,1.6040
11.2762,1.6090
11.2767,1.6040
11.2772,1.6090
11.2778,1.6040
11.2783,1.6040
11.2788,1.6040
11.2793,1.6090
11.2799,1.6090
11.2804,1.6090
11.2813,1.6090
11.2819,1.6090
11.2824,1.6090
11.2829,1.6040
11.2834,1.6040
11.2840,1.6090
11.2845,1.6090
11.2850,1.6040
11.2855,1.6090
11.2860,1.6090
11.2866,1.6040
11.2871,1.6090
11.2876,1.6040
11.2881,1.6040
11.2887,1.6090
11.2892,1.6090
11.2897,1.6090
11.2902,1.6090
11.2908,1.6090
11.2913,1.6090
11.2918,1.6090
11.2923,1.6040
11.2929,1.6040
11.2934,1.6090
11.2939,1.6040
11.2944,1.6090
11.2950,1.6090
11.2955,1.6090
11.2960,1.6040
11.2965,1.6090
11.2970,1.6090
11.2976,1.6090
11.2981,1.6040
11.2986,1.6040
11.2991,1.6090
11.2997,1.6090
11.3002,1.6090
11.3007,1.6090
11.3012,1.6040
11.3017,1.6090
11.3023,1.6090
11.3028,1.6090
11.3033,1.6090
11.3038,1.6090
11.3043,1.6040
11.3049,1.6040
11.3054,1.6040
11.3059,1.6090
11.3065,1.6090
11.3070,1.6090
11.3075,1.6090
11.3080,1.6090
11.3086,1.6040
11.3091,1.6090
11.3096,1.6090
11.3102,1.6090
11.3107,1.6090
11.3112,1.6090
11.3117,1.6090
11.3123,1.6090
11.3128,1.6040
11.3133,1.6040
11.3138,1.6040
11.3144,1.6090
11.3149,1.6090
11.3154,1.6090
11.3159,1.6090
11.3165,1.6040
11.3170,1.6090
11.3175,1.6090
11.3180,1.6090
11.3186,1.6090
11.3191,1.6040
11.3196,1.6040
11.3201,1.6090
11.3207,1.6090
11.3214,1.6090
11.3219,1.6040
11.3224,1.6040
11.3230,1.6040
11.3235,1.6040
11.3240,1.6040
11.3245,1.6090
11.3251,1.6090
11.3256,1.6090
11.3261,1.6040
11.3266,1.6090
11.3271,1.6090
11.3277,1.6040
11.3282,1.6090
11.3287,1.6090
11.3292,1.6040
11.3298,1.6090
11.3303,1.6090
11.3308,1.6090
11.3313,1.6090
11.3319,1.6040
11.3324,1.6040
11.3329,1.6090
11.3334,1.6040
11.3340,1.6040
11.3345,1.6090
11.3350,1.6040
11.3355,1.6090
11.3360,1.6040
11.3366,1.6090
11.3371,1.6040
11.3376,1.6090
11.3381,1.6090
11.3387,1.6090
11.3392,1.6040
11.3397,1.6040
11.3402,1.6040
11.3407,1.6090
11.3413,1.6040
11.3418,1.6090
11.3424,1.6090
11.3430,1.6090
11.3435,1.6040
11.3440,1.6090
11.3446,1.6040
11.3451,1.6090
11.3457,1.6090
11.3463,1.6040
11.3468,1.5989
11.3473,1.6040
11.3478,1.6040
11.3484,1.6090
11.3489,1.6040
11.3494,1.6040
11.3499,1.6090
11.3505,1.6090
11.3510,1.6090
11.3515,1.6090
11.3520,1.6040
11.3525,1.5989
11.3531,1.6090
11.3536,1.6090
11.3541,1.5989
11.3546,1.6040
11.3552,1.6040
11.3557,1.6090
11.3562,1.6040
11.3567,1.6090
11.3573,1.6090
11.3578,1.6090
11.3583,1.6090
11.3588,1.6040
11.3594,1.6040
11.3599,1.6090
11.3604,1.6090
11.3614,1.6040
11.3619,1.6040
11.3624,1.6090
11.3629,1.6141
11.3635,1.6040
11.3640,1.6090
11.3645,1.6040
11.3650,1.6090
11.3656,1.6040
11.3661,1.6040
11.3666,1.6090
11.3671,1.6040
11.3676,1.6040
11.3682,1.6090
11.3687,1.6090
11.3692,1.6040
11.3697,1.6040
11.3702,1.6040
11.3708,1.6040
11.3713,1.6040
11.3718,1.6040
11.3724,1.6090
11.3729,1.6090
11.3734,1.6090
11.3739,1.6090
11.3744,1.6090
11.3750,1.6040
11.3755,1.6090
11.3760,1.6090
11.3765,1.6090
11.3771,1.6040
11.3776,1.6090
11.3781,1.6090
11.3786,1.6090
11.3792,1.6090
11.3797,1.6040
11.3802,1.6040
11.3807,1.6040
11.3812,1.6090
11.3818,1.5989
11.3823,1.6090
11.3828,1.5989
11.3833,1.6040
11.3839,1.6090
11.3844,1.6090
11.3849,1.6090
11.3854,1.6090
11.3859,1.6040
11.3865,1.6040
11.3870,1.6090
11.3875,1.6090
11.3880,1.6090
11.3886,1.6040
11.3891,1.6040
11.3896,1.6040
11.3901,1.6090
11.3907,1.6090
11.3912,1.6090
11.3917,1.6040
11.3922,1.6090
11.3928,1.6040
11.3933,1.6090
11.3938,1.6040
11.3943,1.6090
11.3949,1.6090
11.3954,1.5989
11.3959,1.6040
11.3964,1.6040
11.3970,1.6090
11.3975,1.6090
11.3980,1.6040
11.3985,1.6040
11.3991,1.6090
11.3996,1.6090
11.4001,1.6090
11.4006,1.6090
11.4014,1.6090
11.4019,1.6090
11.4024,1.6090
11.4029,1.6090
11.4035,1.6040
11.4040,1.6040
11.4045,1.6090
11.4050,1.5989
11.4056,1.5989
11.4061,1.6090
11.4066,1.6040
11.4071,1.6040
11.4076,1.6040
11.4082,1.6090
11.4087,1.6040
11.4092,1.6090
11.4097,1.6090
11.4103,1.6040
11.4108,1.6090
11.4113,1.6040
11.4118,1.6090
11.4124,1.6040
11.4129,1.5989
11.4134,1.6090
11.4139,1.6040
11.4145,1.6040
11.4150,1.6090
11.4155,1.6090
11.4160,1.6090
11.4166,1.6040
11.4171,1.6090
11.4176,1.6040
11.4181,1.6090
11.4186,1.6090
11.4192,1.6090
11.4197,1.6040
11.4202,1.6040
11.4207,1.6090
11.4213,1.5989
11.4218,1.6040
11.4223,1.6090
11.4228,1.6040
11.4233,1.6040
11.4239,1.6090
11.4244,1.6040
11.4249,1.6090
11.4254,1.6040
11.4259,1.5989
11.4265,1.5989
11.4270,1.6090
11.4275,1.6090
11.4280,1.6090
11.4286,1.6090
11.4291,1.6090
11.4296,1.6040
11.4301,1.6090
11.4307,1.6040
11.4312,1.6040
11.4317,1.6040
11.4322,1.6090
11.4328,1.6090
11.4333,1.6090
11.4338,1.6040
11.4343,1.6090
11.4349,1.6040
11.4354,1.6040
11.4359,1.6090
11.4364,1.6040
11.4370,1.6040
11.4375,1.6040
11.4380,1.6040
11.4385,1.6040
11.4390,1.6090
11.4396,1.6090
11.4401,1.6090
11.4406,1.6040
11.4414,1.6090
11.4419,1.6040
11.4424,1.6090
11.4429,1.6040
11.4434,1.6040
11.4440,1.6040
11.4445,1.6090
11.4450,1.6090
11.4456,1.6090
11.4461,1.6090
11.4466,1.6040
11.4471,1.6090
11.4477,1.6090
11.4482,1.6040
11.4487,1.6040
11.4492,1.6040
11.4498,1.6090
11.4503,1.6090
11.4508,1.6040
11.4513,1.6090
11.4519,1.6090
11.4524,1.6040
11.4529,1.6090
11.4534,1.6090
11.4539,1.6090
11.4545,1.6090
11.4550,1.6090
11.4555,1.6090
11.4560,1.6040
11.4566,1.6040
11.4571,1.6090
11.4576,1.6040
11.4581,1.6090
11.4587,1.6040
11.4592,1.6090
11.4597,1.6090
11.4602,1.6040
11.4607,1.6090
11.4613,1.6090
11.4618,1.6090
11.4623,1.6090
11.4628,1.6040
11.4633,1.6090
11.4639,1.6040
11.4644,1.6090
11.4649,1.6090
11.4654,1.6090
11.4660,1.6090
11.4665,1.6040
11.4671,1.6090
11.4676,1.6090
11.4681,1.6090
11.4686,1.6090
11.4692,1.6040
11.4697,1.6090
11.4702,1.6090
11.4707,1.5989
11.4713,1.6040
11.4718,1.6040
11.4723,1.6040
11.4728,1.6090
11.4734,1.6090
11.4739,1.6090
11.4744,1.6090
11.4749,1.6040
11.4754,1.6090
11.4760,1.6090
11.4765,1.6040
11.4770,1.6040
11.4776,1.6090
11.4781,1.6040
11.4786,1.6040
11.4791,1.6090
11.4796,1.6090
11.4802,1.6090
11.4807,1.6090
11.4814,1.6040
11.4819,1.6090
11.4824,1.6090
11.4829,1.6090
11.4835,1.6090
11.4840,1.6090
11.4845,1.6040
11.4850,1.6040
11.4856,1.6090
11.4861,1.6090
11.4866,1.6090
11.4871,1.6040
11.4876,1.6040
11.4882,1.6040
11.4887,1.6040
11.4892,1.6090
11.4897,1.6040
11.4903,1.6040
11.4908,1.6090
11.4913,1.6040
11.4918,1.6090
11.4924,1.6040
11.4929,1.6090
11.4934,1.6090
11.4939,1.6090
11.4945,1.6090
11.4950,1.6090
11.4955,1.6090
11.4960,1.6040
11.4965,1.6040
11.4971,1.6090
11.4976,1.6090
11.4981,1.6040
11.4986,1.6090
11.4992,1.6040
11.4997,1.6040
11.5002,1.6040
11.5007,1.6040
11.5012,1.6040
11.5018,1.6040
11.5023,1.6090
11.5028,1.6090
11.5033,1.6090
11.5039,1.6040
11.5044,1.6040
11.5049,1.6090
11.5054,1.6040
11.5059,1.6040
11.5065,1.6040
11.5070,1.6090
11.5075,1.6040
11.5080,1.6040
11.5086,1.5989
11.5091,1.6090
11.5096,1.6090
11.5101,1.6090
11.5107,1.6090
11.5112,1.6090
11.5117,1.6040
11.5122,1.6090
11.5128,1.6040
11.5133,1.6090
11.5138,1.6090
11.5143,1.6090
11.5149,1.6040
11.5154,1.6040
11.5159,1.6040
11.5164,1.6040
11.5170,1.6090
11.5175,1.6090
11.5180,1.6090
11.5185,1.6090
11.5191,1.6040
11.5196,1.6090
11.5201,1.6090
11.5206,1.6090
11.5214,1.6040
11.5219,1.6040
11.5224,1.6090
11.5229,1.6040
11.5235,1.6090
11.5240,1.6090
11.5245,1.6040
11.5250,1.6040
11.5256,1.6090
11.5261,1.6040
11.5266,1.5989
11.5271,1.6090
11.5277,1.6040
11.5282,1.6040
11.5287,1.6040
11.5292,1.6090
11.5297,1.6040
11.5303,1.6090
11.5308,1.6090
11.5313,1.6090
11.5318,1.6090
11.5324,1.6040
11.5329,1.5989
11.5334,1.6040
11.5339,1.6090
11.5345,1.6090
11.5350,1.6090
11.5355,1.6040
11.5360,1.6040
11.5365,1.5989
11.5371,1.6040
11.5376,1.6040
11.5381,1.6040
11.5386,1.6090
11.5392,1.6090
11.5397,1.6040
11.5402,1.6090
11.5407,1.6040
11.5412,1.6040
11.5418,1.6090
11.5423,1.6040
11.5430,1.6090
11.5435,1.6090
11.5443,1.6090
11.5449,1.6090
11.5454,1.6090
11.5460,1.6090
11.5465,1.6040
11.5471,1.6090
11.5476,1.6090
11.5482,1.6090
11.5487,1.6090
11.5493,1.6090
11.5498,1.6090
11.5503,1.6090
11.5508,1.6040
11.5514,1.5989
11.5519,1.6090
11.5524,1.6090
11.5530,1.6090
11.5535,1.6040
11.5541,1.6090
11.5547,1.6090
11.5552,1.6040
11.5558,1.6040
11.5563,1.6040
11.5569,1.6090
11.5574,1.5989
11.5580,1.6090
11.5585,1.6040
11.5591,1.6090
11.5597,1.6090
11.5603,1.5939
11.5608,1.6090
11.5614,1.6040
11.5620,1.6090
11.5625,1.6090
11.5630,1.6040
11.5636,1.6040
11.5641,1.6090
11.5646,1.6090
11.5651,1.6040
11.5656,1.6040
11.5662,1.6090
11.5667,1.6090
11.5672,1.6090
11.5677,1.6040
11.5683,1.6090
11.5688,1.6090
11.5693,1.6040
11.5698,1.6090
11.5703,1.6040
11.5709,1.6040
11.5714,1.6040
11.5719,1.6090
11.5724,1.6090
11.5730,1.6090
11.5735,1.6090
11.5740,1.6040
11.5745,1.6040
11.5751,1.6040
11.5756,1.6040
11.5762,1.6090
11.5768,1.6040
11.5773,1.6040
11.5779,1.6090
11.5784,1.6090
11.5789,1.6090
11.5794,1.6090
11.5800,1.6090
11.5805,1.6090
11.5810,1.6090
11.5815,1.6040
11.5821,1.6090
11.5826,1.6040
11.5831,1.6090
11.5836,1.6040
11.5841,1.6090
11.5847,1.6040
11.5852,1.6090
11.5857,1.6090
11.5862,1.6040
11.5868,1.6040
11.5873,1.6090
11.5878,1.6040
11.5883,1.6090
11.5888,1.6090
11.5894,1.6090
11.5899,1.6040
11.5904,1.6090
11.5909,1.6090
11.5915,1.6090
11.5920,1.6040
11.5925,1.6040
11.5930,1.6090
11.5936,1.6040
11.5941,1.6040
11.5946,1.6090
11.5951,1.5989
11.5956,1.6040
11.5962,1.6090
11.5967,1.6090
11.5972,1.6040
11.5977,1.6090
11.5983,1.6040
11.5988,1.6040
11.5993,1.6090
11.5998,1.6090
11.6004,1.6090
11.6009,1.6090
11.6014,1.6040
11.6019,1.6090
11.6025,1.6040
11.6030,1.6090
11.6035,1.6040
11.6040,1.6040
11.6045,1.6040
11.6051,1.6040
11.6056,1.6040
11.6061,1.6090
11.6066,1.6040
11.6072,1.6090
11.6077,1.6090
11.6082,1.6090
11.6087,1.6040
11.6093,1.6090
11.6098,1.6040
11.6103,1.6090
11.6108,1.6040
11.6114,1.6040
11.6119,1.6090
11.6124,1.6040
11.6129,1.6040
11.6135,1.6040
11.6140,1.6090
11.6145,1.6090
11.6150,1.5989
11.6155,1.6040
11.6161,1.6040
11.6166,1.6090
11.6171,1.6040
11.6176,1.6040
11.6182,1.6090
11.6187,1.6090
11.6192,1.6040
11.6197,1.5989
11.6203,1.5989
11.6208,1.5989
11.6213,1.6040
11.6218,1.6040
11.6224,1.6040
11.6229,1.6040
11.6234,1.6040
11.6239,1.6090
11.6245,1.6040
11.6250,1.6090
11.6255,1.6090
11.6260,1.6040
11.6266,1.6090
11.6271,1.6040
11.6276,1.6040
11.6281,1.6040
11.6286,1.6090
11.6292,1.6090
11.6297,1.6040
11.6302,1.6090
11.6307,1.6040
11.6313,1.6090
11.6318,1.6090
11.6323,1.6090
11.6328,1.6040
11.6334,1.6040
11.6339,1.6090
11.6344,1.6090
11.6349,1.6040
11.6355,1.6040
11.6360,1.6090
11.6365,1.6090
11.6370,1.6090
11.6375,1.6090
11.6381,1.6090
11.6386,1.6090
11.6391,1.6040
11.6396,1.6040
11.6402,1.6040
11.6407,1.5989
11.6412,1.5989
11.6417,1.6090
11.6423,1.6090
11.6428,1.6040
11.6433,1.6040
11.6438,1.6040
11.6444,1.6141
11.6449,1.6040
11.6454,1.6090
11.6460,1.6040
11.6465,1.6090
11.6470,1.6040
11.6475,1.6040
11.6480,1.6090
11.6486,1.6090
11.6491,1.6090
11.6496,1.6090
11.6501,1.6040
11.6507,1.6040
11.6512,1.6090
11.6517,1.6040
11.6522,1.6090
11.6528,1.6090
11.6533,1.6090
11.6538,1.6090
11.6543,1.6090
11.6549,1.6040
11.6554,1.6090
11.6559,1.6090
11.6564,1.6090
11.6569,1.6090
11.6575,1.6040
11.6580,1.6040
11.6585,1.6090
11.6590,1.6090
11.6596,1.6090
11.6601,1.6090
11.6606,1.6090
11.6611,1.6040
11.6616,1.6090
11.6622,1.6090
11.6627,1.6141
11.6632,1.6090
11.6637,1.6040
11.6643,1.6090
11.6648,1.6090
11.6653,1.6040
11.6658,1.6040
11.6663,1.6090
11.6669,1.6090
11.6674,1.6040
11.6679,1.6040
11.6684,1.6090
11.6690,1.6090
11.6695,1.6090
11.6700,1.6090
11.6705,1.6090
11.6711,1.6090
11.6716,1.6090
11.6721,1.6090
11.6726,1.6090
11.6732,1.6040
11.6737,1.6040
11.6742,1.6090
11.6747,1.6040
11.6753,1.6090
11.6758,1.6090
11.6763,1.6090
11.6768,1.6090
11.6773,1.6040
11.6779,1.6090
11.6784,1.6040
11.6789,1.6040
11.6794,1.6090
11.6800,1.6040
11.6805,1.6040
11.6810,1.6040
11.6815,1.5989
11.6821,1.6040
11.6826,1.6040
11.6831,1.6040
11.6836,1.6040
11.6842,1.6090
11.6847,1.6090
11.6852,1.6090
11.6857,1.6040
11.6863,1.6040
11.6868,1.6040
11.6873,1.6090
11.6878,1.6040
11.6883,1.6040
11.6889,1.6090
11.6894,1.6090
11.6899,1.6090
11.6904,1.6090
11.6910,1.6090
11.6915,1.6090
11.6920,1.6090
11.6925,1.6090
11.6931,1.6090
11.6936,1.6090
11.6941,1.6040
11.6946,1.6090
11.6952,1.6090
11.6957,1.6090
11.6962,1.6040
11.6967,1.6090
11.6973,1.6040
11.6978,1.6090
11.6983,1.6090
11.6988,1.6090
11.6994,1.6040
11.6999,1.6040
11.7004,1.6040
11.7009,1.6090
11.7014,1.6090
11.7020,1.6040
11.7025,1.6040
11.7030,1.6040
11.7035,1.6090
11.7041,1.6090
11.7046,1.6090
11.7051,1.6090
11.7056,1.6040
11.7062,1.6040
11.7067,1.6040
11.7072,1.6040
11.7077,1.6040
11.7083,1.6090
11.7088,1.6090
11.7093,1.6090
11.7098,1.6040
11.7103,1.6040
11.7109,1.6090
11.7114,1.5989
11.7119,1.6040
11.7125,1.6090
11.7130,1.5989
11.7135,1.6040
11.7140,1.6040
11.7146,1.6090
11.7151,1.6040
11.7156,1.6090
11.7161,1.6040
11.7166,1.6040
11.7172,1.6090
11.7177,1.6090
11.7182,1.6040
11.7187,1.6040
11.7193,1.6040
11.7198,1.6040
11.7203,1.6040
11.7208,1.6040
11.7214,1.6040
11.7219,1.6090
11.7224,1.6090
11.7229,1.6040
11.7235,1.6040
11.7240,1.6090
11.7245,1.6040
11.7250,1.6040
11.7256,1.6090
11.7261,1.6090
11.7266,1.6090
11.7271,1.6090
11.7276,1.6040
11.7282,1.6040
11.7287,1.6090
11.7292,1.6090
11.7297,1.6090
11.7303,1.6040
11.7308,1.6040
11.7313,1.6090
11.7318,1.6090
11.7324,1.6040
11.7329,1.6040
11.7334,1.6090
11.7339,1.5989
11.7345,1.6090
11.7350,1.6040
11.7355,1.6040
11.7360,1.6040
11.7366,1.6090
11.7371,1.6040
11.7376,1.6090
11.7381,1.6090
11.7386,1.6040
11.7392,1.6040
11.7397,1.6090
11.7402,1.6090
11.7407,1.6090
11.7413,1.6090
11.7418,1.6040
11.7423,1.6040
11.7428,1.6040
11.7434,1.6040
11.7439,1.6040
11.7444,1.6090
11.7449,1.6090
11.7455,1.6090
11.7460,1.6090
11.7465,1.6090
11.7470,1.6090
11.7476,1.6040
11.7481,1.6040
11.7486,1.6090
11.7491,1.6090
11.7497,1.6090
11.7502,1.6040
11.7507,1.6090
11.7512,1.6090
11.7517,1.6040
11.7523,1.6090
11.7528,1.6040
11.7533,1.6090
11.7538,1.6090
11.7544,1.6090
11.7549,1.6090
11.7554,1.6040
11.7559,1.6090
11.7565,1.6090
11.7570,1.6040
11.7575,1.6090
11.7580,1.6090
11.7586,1.6040
11.7591,1.6040
11.7596,1.6090
11.7601,1.6040
11.7607,1.6090
11.7612,1.6090
11.7617,1.6040
11.7622,1.6040
11.7627,1.6090
11.7633,1.6040
11.7638,1.6090
11.7643,1.6040
11.7648,1.6090
11.7654,1.6090
11.7659,1.6040
11.7664,1.6090
11.7669,1.6090
11.7675,1.6090
11.7680,1.6090
11.7685,1.6090
11.7690,1.6090
11.7696,1.6090
11.7701,1.6040
11.7706,1.6090
11.7711,1.5989
11.7717,1.6090
11.7722,1.6040
11.7727,1.6090
11.7732,1.5989
11.7737,1.6090
11.7743,1.6090
11.7748,1.6090
11.7753,1.6040
11.7758,1.6090
11.7764,1.6040
11.7769,1.6090
11.7774,1.6040
11.7780,1.6090
11.7785,1.6090
11.7790,1.6040
11.7795,1.6040
11.7801,1.6040
11.7806,1.6040
11.7811,1.6040
11.7816,1.6040
11.7822,1.6090
11.7827,1.6040
11.7832,1.6090
11.7837,1.6040
11.7843,1.6090
11.7848,1.6090
11.7853,1.6040
11.7858,1.6090
11.7863,1.6040
11.7869,1.6090
11.7874,1.6040
11.7879,1.6090
11.7884,1.6040
11.7890,1.6090
11.7895,1.6090
11.7900,1.6040
11.7905,1.6090
11.7911,1.6090
11.7916,1.6090
11.7921,1.6090
11.7926,1.6040
11.7932,1.6040
11.7937,1.6040
11.7942,1.6040
11.7947,1.6090
11.7953,1.5989
11.7958,1.6040
11.7963,1.6040
11.7968,1.6040
11.7973,1.6090
11.7979,1.6090
11.7984,1.6090
11.7989,1.5989
11.7994,1.6090
11.8000,1.6090
11.8005,1.6040
11.8010,1.6040
11.8015,1.6090
11.8021,1.6090
11.8026,1.6090
11.8031,1.6040
11.8036,1.6040
11.8042,1.6090
11.8047,1.6090
11.8052,1.6040
11.8057,1.6040
11.8063,1.6090
11.8068,1.6040
11.8073,1.6090
11.8078,1.6090
11.8083,1.6090
11.8089,1.6090
11.8094,1.5989
11.8099,1.6040
11.8104,1.6090
11.8110,1.6090
11.8115,1.6090
11.8120,1.6090
11.8125,1.6090
11.8131,1.6040
11.8136,1.6090
11.8141,1.6040
11.8146,1.6090
11.8152,1.6040
11.8157,1.6090
11.8162,1.6040
11.8167,1.6090
11.8172,1.6040
11.8178,1.6090
11.8183,1.6040
11.8188,1.6090
11.8193,1.6090
11.8199,1.6090
11.8204,1.6040
11.8209,1.6090
11.8214,1.6040
11.8220,1.6090
11.8225,1.6040
11.8230,1.6040
11.8235,1.6040
11.8241,1.6090
11.8246,1.6090
11.8251,1.6090
11.8256,1.6090
11.8262,1.6090
11.8267,1.6090
11.8272,1.6040
11.8277,1.6040
11.8282,1.6090
11.8288,1.6090
11.8293,1.6090
11.8298,1.6090
11.8303,1.5989
11.8309,1.6040
11.8314,1.6090
11.8319,1.6090
11.8324,1.6040
11.8330,1.6040
11.8335,1.6090
11.8340,1.6040
11.8345,1.6040
11.8351,1.6040
11.8356,1.6090
11.8361,1.6090
11.8366,1.6040
11.8372,1.6040
11.8377,1.6090
11.8382,1.6040
11.8387,1.5989
11.8392,1.6040
11.8398,1.6040
11.8403,1.6090
11.8408,1.6090
11.8413,1.6040
11.8419,1.6090
11.8424,1.6090
11.8429,1.6090
11.8434,1.6040
11.8440,1.6090
11.8445,1.6040
11.8450,1.6090
11.8455,1.6040
11.8461,1.6040
11.8466,1.5989
11.8471,1.6040
11.8476,1.6090
11.8482,1.6090
11.8487,1.6090
11.8492,1.6040
11.8497,1.6090
11.8503,1.6040
11.8508,1.5989
11.8513,1.6040
11.8518,1.6090
11.8524,1.6090
11.8529,1.5989
11.8534,1.6040
11.8539,1.6040
11.8544,1.6090
11.8550,1.6040
11.8555,1.6090
11.8560,1.6040
11.8565,1.6090
11.8571,1.6090
11.8576,1.6090
11.8581,1.6040
11.8586,1.6090
11.8592,1.6090
11.8597,1.6090
11.8602,1.6090
11.8607,1.6090
11.8613,1.6090
11.8618,1.6090
11.8623,1.6090
11.8628,1.6040
11.8634,1.6090
11.8639,1.6090
11.8644,1.6040
11.8649,1.6090
11.8654,1.6090
11.8660,1.6090
11.8665,1.6090
11.8670,1.6040
11.8675,1.6040
11.8681,1.6040
11.8686,1.6090
11.8691,1.6040
11.8696,1.6040
11.8702,1.6090
11.8707,1.6090
11.8712,1.6040
11.8717,1.6040
11.8723,1.6040
11.8728,1.6090
11.8733,1.6090
11.8738,1.6090
11.8744,1.6040
11.8749,1.5989
11.8754,1.6040
11.8759,1.6040
11.8764,1.6040
11.8770,1.5989
11.8775,1.6040
11.8780,1.6040
11.8785,1.6090
11.8791,1.6090
11.8796,1.6090
11.8801,1.6090
11.8806,1.6040
11.8812,1.6090
11.8817,1.6040
11.8822,1.6090
11.8827,1.6040
11.8833,1.6040
11.8838,1.6040
11.8843,1.6040
11.8848,1.6040
11.8854,1.6040
11.8859,1.6040
11.8864,1.6090
11.8869,1.6040
11.8874,1.6040
11.8880,1.6090
11.8885,1.6040
11.8890,1.6090
11.8895,1.6090
11.8901,1.6090
11.8906,1.6090
11.8911,1.6090
11.8916,1.6090
11.8922,1.6090
11.8927,1.6090
11.8932,1.6040
11.8937,1.6040
11.8943,1.6090
11.8948,1.6090
11.8953,1.6040
11.8958,1.6090
11.8964,1.6090
11.8969,1.6040
11.8974,1.6040
11.8979,1.6040
11.8984,1.6040
11.8990,1.6040
11.8995,1.6040
11.9000,1.6040
11.9005,1.6040
11.9011,1.6040
11.9016,1.5989
11.9021,1.6040
11.9026,1.6040
11.9032,1.6090
11.9037,1.6090
11.9042,1.6090
11.9047,1.6040
11.9053,1.6090
11.9058,1.6090
11.9063,1.6040
11.9068,1.6141
11.9074,1.6040
11.9079,1.6040
11.9084,1.6040
11.9089,1.6090
11.9095,1.5989
11.9100,1.6040
11.9105,1.6040
11.9110,1.6040
11.9115,1.6090
11.9121,1.5989
11.9126,1.6090
11.9131,1.6040
11.9137,1.6090
11.9142,1.6040
11.9147,1.6090
11.9152,1.6090
11.9157,1.6040
11.9163,1.6040
11.9168,1.5989
11.9173,1.6040
11.9178,1.6040
11.9184,1.6090
11.9189,1.6090
11.9194,1.6040
11.9199,1.5989
11.9205,1.6040
11.9210,1.6090
11.9215,1.6090
11.9220,1.6040
11.9226,1.6090
11.9231,1.6040
11.9236,1.6090
11.9241,1.6090
11.9247,1.6090
11.9252,1.6090
11.9257,1.6040
11.9262,1.5989
11.9267,1.6090
11.9273,1.6040
11.9278,1.6090
11.9283,1.6090
11.9288,1.6040
11.9294,1.6090
11.9299,1.6090
11.9304,1.6040
11.9309,1.6090
11.9315,1.6090
11.9320,1.6090
11.9325,1.6090
11.9330,1.6040
11.9336,1.6040
11.9341,1.6040
11.9346,1.6090
11.9351,1.6040
11.9357,1.6040
11.9362,1.6090
11.9367,1.6040
11.9372,1.6090
11.9377,1.6090
11.9383,1.6090
11.9388,1.6090
11.9393,1.6090
11.9398,1.6040
11.9404,1.6040
11.9409,1.6090
11.9414,1.6090
11.9419,1.6090
11.9425,1.6040
11.9430,1.6090
11.9435,1.6090
11.9440,1.6040
11.9446,1.6090
11.9451,1.6090
11.9456,1.6090
11.9461,1.6090
11.9467,1.6040
11.9473,1.6090
11.9478,1.6090
11.9483,1.6090
11.9489,1.6090
11.9494,1.6090
11.9500,1.6090
11.9505,1.6090
11.9510,1.6090
11.9516,1.6040
11.9521,1.6040
11.9526,1.6090
11.9532,1.6090
11.9537,1.6090
11.9543,1.6090
11.9548,1.6040
11.9553,1.6090
11.9559,1.5989
11.9564,1.6040
11.9570,1.6090
11.9575,1.6090
11.9580,1.6040
11.9586,1.6040
11.9591,1.6090
11.9596,1.6040
11.9602,1.6040
11.9607,1.6090
11.9613,1.6090
11.9618,1.6040
11.9623,1.6090
11.9629,1.6040
11.9634,1.6040
11.9639,1.6040
11.9645,1.6090
11.9650,1.6090
11.9655,1.6090
11.9661,1.6040
11.9666,1.6090
11.9672,1.6090
11.9677,1.6040
11.9682,1.6090
11.9688,1.6090
11.9693,1.6040
11.9699,1.6090
11.9704,1.6090
11.9709,1.6090
11.9715,1.6040
11.9720,1.6090
11.9726,1.6090
11.9731,1.5989
11.9736,1.6090
11.9742,1.6090
11.9747,1.5989
11.9752,1.6040
11.9758,1.6090
11.9763,1.6090
11.9769,1.6040
11.9774,1.6040
11.9779,1.6090
11.9785,1.6040
11.9790,1.6090
11.9797,1.6040
11.9802,1.6040
11.9807,1.6040
11.9813,1.6090
11.9818,1.6090
11.9824,1.5989
11.9829,1.6090
11.9834,1.6090
11.9840,1.6040
11.9845,1.6090
11.9851,1.6090
11.9856,1.6040
11.9861,1.6040
11.9867,1.6090
11.9872,1.6090
11.9877,1.6090
11.9883,1.6090
11.9888,1.6090
11.9894,1.6040
11.9899,1.6040
11.9904,1.6090
11.9910,1.6040
11.9915,1.6090
11.9921,1.6090
11.9926,1.6040
11.9931,1.5989
11.9937,1.6090
11.9943,1.6090
11.9948,1.6090
11.9953,1.6040
11.9959,1.6040
11.9964,1.6040
11.9970,1.6090
11.9975,1.6090
11.9980,1.6090
11.9986,1.6090
11.9991,1.6090
11.9997,1.6040
12.0002,1.5989
