Время[c],Напряжение[В]
0.0000,2.1336
0.0006,2.1387
0.0011,2.1437
0.0016,2.1437
0.0021,2.1336
0.0027,2.1336
0.0032,2.1437
0.0037,2.1387
0.0042,2.1286
0.0048,2.1336
0.0053,2.1387
0.0058,2.1437
0.0091,2.1387
0.0096,2.1336
0.0101,2.1387
0.0107,2.1387
0.0112,2.1336
0.0118,2.1437
0.0123,2.1437
0.0129,2.1336
0.0134,2.1336
0.0139,2.1387
0.0145,2.1437
0.0150,2.1336
0.0155,2.1437
0.0160,2.1387
0.0166,2.1387
0.0171,2.1387
0.0176,2.1387
0.0181,2.1286
0.0187,2.1336
0.0192,2.1387
0.0197,2.1437
0.0202,2.1387
0.0208,2.1387
0.0213,2.1286
0.0218,2.1437
0.0224,2.1286
0.0229,2.1387
0.0234,2.1437
0.0239,2.1437
0.0244,2.1387
0.0250,2.1387
0.0255,2.1286
0.0260,2.1437
0.0266,2.1387
0.0271,2.1387
0.0277,2.1387
0.0284,2.1387
0.0290,2.1387
0.0296,2.1387
0.0303,2.1387
0.0308,2.1437
0.0315,2.1387
0.0320,2.1387
0.0326,2.1387
0.0331,2.1437
0.0337,2.1387
0.0343,2.1336
0.0348,2.1437
0.0354,2.1387
0.0359,2.1336
0.0365,2.1387
0.0371,2.1336
0.0378,2.1387
0.0385,2.1437
0.0392,2.1387
0.0399,2.1387
0.0406,2.1437
0.0413,2.1387
0.0419,2.1437
0.0425,2.1336
0.0431,2.1387
0.0436,2.1437
0.0442,2.1387
0.0448,2.1437
0.0454,2.1387
0.0459,2.1487
0.0465,2.1387
0.0471,2.1387
0.0476,2.1387
0.0483,2.1437
0.0489,2.1387
0.0496,2.1387
0.0502,2.1437
0.0509,2.1437
0.0516,2.1387
0.0522,2.1387
0.0528,2.1387
0.0534,2.1437
0.0540,2.1387
0.0546,2.1387
0.0553,2.1437
0.0559,2.1437
0.0565,2.1387
0.0571,2.1387
0.0577,2.1387
0.0583,2.1387
0.0589,2.1437
0.0595,2.1336
0.0601,2.1286
0.0608,2.1387
0.0614,2.1387
0.0620,2.1437
0.0626,2.1437
0.0632,2.1387
0.0638,2.1336
0.0644,2.1387
0.0649,2.1437
0.0655,2.1336
0.0661,2.1387
0.0667,2.1286
0.0673,2.1387
0.0679,2.1437
0.0685,2.1336
0.0690,2.1387
0.0696,2.1387
0.0702,2.1387
0.0708,2.1437
0.0714,2.1387
0.0720,2.1387
0.0726,2.1387
0.0732,2.1387
0.0739,2.1387
0.0745,2.1387
0.0752,2.1387
0.0759,2.1387
0.0765,2.1387
0.0771,2.1387
0.0777,2.1437
0.0783,2.1387
0.0789,2.1336
0.0795,2.1437
0.0801,2.1387
0.0806,2.1437
0.0812,2.1387
0.0818,2.1387
0.0824,2.1387
0.0830,2.1437
0.0836,2.1336
0.0843,2.1387
0.0849,2.1336
0.0854,2.1437
0.0860,2.1286
0.0866,2.1387
0.0872,2.1387
0.0877,2.1387
0.0883,2.1336
0.0888,2.1336
0.0895,2.1387
0.0902,2.1437
0.0908,2.1437
0.0914,2.1336
0.0921,2.1437
0.0927,2.1286
0.0933,2.1387
0.0939,2.1387
0.0946,2.1387
0.0952,2.1235
0.0958,2.1387
0.0964,2.1387
0.0970,2.1286
0.0976,2.1437
0.0982,2.1437
0.0989,2.1437
0.0995,2.1387
0.1001,2.1437
0.1007,2.1387
0.1014,2.1336
0.1020,2.1286
0.1026,2.1336
0.1032,2.1387
0.1038,2.1387
0.1044,2.1336
0.1049,2.1387
0.1055,2.1286
0.1061,2.1437
0.1067,2.1437
0.1073,2.1437
0.1078,2.1437
0.1084,2.1387
0.1090,2.1336
0.1096,2.1437
0.1101,2.1387
0.1107,2.1387
0.1113,2.1387
0.1119,2.1387
0.1125,2.1387
0.1131,2.1487
0.1137,2.1387
0.1143,2.1387
0.1148,2.1387
0.1154,2.1387
0.1160,2.1437
0.1166,2.1387
0.1173,2.1387
0.1179,2.1387
0.1184,2.1387
0.1190,2.1437
0.1196,2.1437
0.1201,2.1387
0.1207,2.1387
0.1212,2.1387
0.1218,2.1286
0.1223,2.1387
0.1229,2.1437
0.1235,2.1387
0.1241,2.1286
0.1248,2.1437
0.1254,2.1437
0.1261,2.1336
0.1267,2.1387
0.1274,2.1437
0.1281,2.1286
0.1287,2.1336
0.1294,2.1387
0.1300,2.1387
0.1307,2.1336
0.1313,2.1437
0.1319,2.1387
0.1325,2.1387
0.1331,2.1437
0.1337,2.1437
0.1342,2.1387
0.1348,2.1336
0.1353,2.1387
0.1359,2.1387
0.1364,2.1437
0.1370,2.1387
0.1375,2.1336
0.1381,2.1336
0.1386,2.1387
0.1391,2.1387
0.1397,2.1387
0.1402,2.1336
0.1408,2.1437
0.1413,2.1387
0.1419,2.1387
0.1424,2.1437
0.1430,2.1387
0.1435,2.1437
0.1441,2.1387
0.1446,2.1437
0.1452,2.1387
0.1457,2.1437
0.1464,2.1387
0.1469,2.1387
0.1475,2.1286
0.1481,2.1387
0.1486,2.1437
0.1492,2.1387
0.1498,2.1387
0.1504,2.1387
0.1509,2.1387
0.1515,2.1286
0.1521,2.1437
0.1527,2.1286
0.1533,2.1387
0.1539,2.1437
0.1545,2.1437
0.1550,2.1336
0.1557,2.1336
0.1562,2.1387
0.1568,2.1336
0.1574,2.1336
0.1579,2.1437
0.1586,2.1336
0.1592,2.1387
0.1597,2.1387
0.1603,2.1387
0.1608,2.1336
0.1613,2.1387
0.1618,2.1387
0.1624,2.1387
0.1629,2.1437
0.1634,2.1336
0.1639,2.1437
0.1645,2.1387
0.1650,2.1387
0.1655,2.1387
0.1661,2.1387
0.1666,2.1437
0.1671,2.1387
0.1676,2.1437
0.1682,2.1387
0.1687,2.1437
0.1692,2.1336
0.1697,2.1387
0.1703,2.1387
0.1708,2.1387
0.1713,2.1336
0.1719,2.1387
0.1724,2.1387
0.1729,2.1387
0.1734,2.1387
0.1740,2.1437
0.1745,2.1387
0.1750,2.1387
0.1756,2.1387
0.1761,2.1387
0.1766,2.1387
0.1772,2.1437
0.1778,2.1387
0.1783,2.1336
0.1788,2.1336
0.1794,2.1437
0.1800,2.1336
0.1805,2.1387
0.1811,2.1437
0.1817,2.1387
0.1822,2.1387
0.1828,2.1387
0.1834,2.1387
0.1840,2.1437
0.1846,2.1437
0.1852,2.1387
0.1857,2.1387
0.1862,2.1387
0.1868,2.1387
0.1873,2.1387
0.1878,2.1437
0.1883,2.1387
0.1889,2.1387
0.1894,2.1437
0.1899,2.1387
0.1904,2.1437
0.1909,2.1437
0.1915,2.1387
0.1920,2.1387
0.1925,2.1387
0.1930,2.1437
0.1936,2.1387
0.1941,2.1387
0.1946,2.1336
0.1951,2.1387
0.1956,2.1387
0.1962,2.1437
0.1967,2.1437
0.1972,2.1336
0.1978,2.1387
0.1983,2.1437
0.1988,2.1387
0.1993,2.1387
0.1998,2.1336
0.2004,2.1387
0.2009,2.1387
0.2014,2.1437
0.2019,2.1437
0.2024,2.1387
0.2030,2.1437
0.2035,2.1437
0.2041,2.1387
0.2046,2.1336
0.2051,2.1387
0.2056,2.1286
0.2062,2.1387
0.2067,2.1387
0.2072,2.1336
0.2078,2.1437
0.2083,2.1387
0.2088,2.1336
0.2093,2.1387
0.2099,2.1387
0.2104,2.1336
0.2109,2.1387
0.2114,2.1437
0.2120,2.1387
0.2125,2.1387
0.2130,2.1387
0.2136,2.1387
0.2141,2.1437
0.2146,2.1387
0.2151,2.1437
0.2156,2.1437
0.2162,2.1437
0.2167,2.1387
0.2172,2.1387
0.2177,2.1437
0.2183,2.1387
0.2188,2.1286
0.2193,2.1387
0.2199,2.1437
0.2205,2.1387
0.2211,2.1286
0.2217,2.1437
0.2223,2.1437
0.2230,2.1286
0.2236,2.1437
0.2243,2.1387
0.2249,2.1437
0.2255,2.1286
0.2260,2.1437
0.2266,2.1336
0.2272,2.1437
0.2277,2.1336
0.2283,2.1286
0.2289,2.1387
0.2295,2.1387
0.2301,2.1437
0.2307,2.1336
0.2312,2.1387
0.2318,2.1437
0.2324,2.1387
0.2330,2.1336
0.2335,2.1387
0.2340,2.1336
0.2346,2.1387
0.2351,2.1387
0.2356,2.1336
0.2362,2.1387
0.2367,2.1387
0.2373,2.1437
0.2378,2.1387
0.2383,2.1387
0.2389,2.1437
0.2395,2.1437
0.2401,2.1387
0.2408,2.1437
0.2414,2.1387
0.2420,2.1437
0.2427,2.1437
0.2433,2.1387
0.2439,2.1336
0.2445,2.1286
0.2451,2.1336
0.2458,2.1437
0.2464,2.1437
0.2470,2.1387
0.2476,2.1286
0.2482,2.1437
0.2489,2.1387
0.2496,2.1387
0.2502,2.1387
0.2508,2.1336
0.2514,2.1437
0.2520,2.1387
0.2527,2.1387
0.2533,2.1437
0.2539,2.1286
0.2545,2.1387
0.2551,2.1387
0.2557,2.1387
0.2563,2.1387
0.2569,2.1387
0.2575,2.1387
0.2581,2.1387
0.2587,2.1387
0.2593,2.1387
0.2598,2.1387
0.2604,2.1336
0.2610,2.1437
0.2616,2.1387
0.2622,2.1387
0.2628,2.1387
0.2634,2.1387
0.2640,2.1437
0.2646,2.1387
0.2652,2.1387
0.2658,2.1387
0.2664,2.1387
0.2670,2.1387
0.2676,2.1387
0.2682,2.1437
0.2688,2.1387
0.2694,2.1387
0.2700,2.1387
0.2705,2.1387
0.2711,2.1387
0.2717,2.1387
0.2722,2.1437
0.2727,2.1437
0.2732,2.1336
0.2738,2.1437
0.2743,2.1437
0.2748,2.1387
0.2753,2.1437
0.2758,2.1437
0.2764,2.1336
0.2769,2.1336
0.2774,2.1387
0.2779,2.1286
0.2785,2.1387
0.2790,2.1387
0.2795,2.1336
0.2800,2.1387
0.2805,2.1387
0.2811,2.1387
0.2816,2.1387
0.2821,2.1387
0.2826,2.1437
0.2832,2.1336
0.2837,2.1437
0.2843,2.1336
0.2848,2.1387
0.2854,2.1387
0.2859,2.1387
0.2865,2.1437
0.2870,2.1387
0.2876,2.1387
0.2882,2.1387
0.2888,2.1387
0.2894,2.1387
0.2900,2.1437
0.2905,2.1286
0.2911,2.1387
0.2917,2.1387
0.2922,2.1387
0.2928,2.1286
0.2934,2.1387
0.2940,2.1387
0.2946,2.1387
0.2951,2.1387
0.2957,2.1387
0.2963,2.1387
0.2969,2.1336
0.2974,2.1286
0.2980,2.1387
0.2986,2.1387
0.2991,2.1336
0.2997,2.1336
0.3002,2.1387
0.3008,2.1437
0.3014,2.1387
0.3020,2.1437
0.3026,2.1286
0.3032,2.1387
0.3038,2.1387
0.3044,2.1387
0.3050,2.1437
0.3055,2.1336
0.3061,2.1387
0.3066,2.1286
0.3072,2.1437
0.3078,2.1286
0.3083,2.1387
0.3089,2.1387
0.3094,2.1387
0.3100,2.1336
0.3106,2.1336
0.3112,2.1437
0.3118,2.1387
0.3124,2.1286
0.3129,2.1437
0.3134,2.1387
0.3140,2.1437
0.3145,2.1387
0.3150,2.1387
0.3156,2.1387
0.3161,2.1387
0.3166,2.1336
0.3172,2.1286
0.3177,2.1387
0.3182,2.1387
0.3187,2.1437
0.3193,2.1437
0.3198,2.1336
0.3203,2.1437
0.3209,2.1387
0.3214,2.1387
0.3219,2.1336
0.3224,2.1437
0.3230,2.1336
0.3235,2.1286
0.3240,2.1387
0.3246,2.1387
0.3251,2.1336
0.3256,2.1387
0.3261,2.1387
0.3267,2.1437
0.3272,2.1437
0.3277,2.1437
0.3282,2.1387
0.3288,2.1387
0.3293,2.1387
0.3299,2.1336
0.3304,2.1487
0.3309,2.1387
0.3315,2.1387
0.3320,2.1336
0.3325,2.1437
0.3331,2.1387
0.3336,2.1437
0.3341,2.1437
0.3346,2.1437
0.3352,2.1387
0.3357,2.1387
0.3362,2.1387
0.3367,2.1387
0.3373,2.1437
0.3378,2.1387
0.3383,2.1387
0.3389,2.1387
0.3394,2.1387
0.3399,2.1387
0.3404,2.1387
0.3410,2.1387
0.3415,2.1336
0.3420,2.1387
0.3425,2.1437
0.3431,2.1387
0.3436,2.1387
0.3441,2.1387
0.3447,2.1387
0.3452,2.1336
0.3457,2.1387
0.3463,2.1387
0.3468,2.1336
0.3473,2.1387
0.3479,2.1387
0.3484,2.1387
0.3489,2.1387
0.3495,2.1387
0.3500,2.1387
0.3505,2.1437
0.3510,2.1387
0.3516,2.1387
0.3521,2.1387
0.3526,2.1336
0.3531,2.1437
0.3537,2.1387
0.3542,2.1336
0.3547,2.1387
0.3552,2.1336
0.3558,2.1387
0.3563,2.1387
0.3568,2.1387
0.3574,2.1387
0.3579,2.1387
0.3585,2.1437
0.3590,2.1387
0.3595,2.1387
0.3601,2.1387
0.3606,2.1387
0.3611,2.1437
0.3616,2.1437
0.3622,2.1387
0.3627,2.1387
0.3632,2.1437
0.3638,2.1437
0.3643,2.1387
0.3648,2.1387
0.3653,2.1387
0.3659,2.1387
0.3664,2.1336
0.3669,2.1387
0.3674,2.1437
0.3680,2.1437
0.3685,2.1387
0.3690,2.1437
0.3696,2.1387
0.3701,2.1336
0.3706,2.1387
0.3711,2.1387
0.3717,2.1387
0.3722,2.1387
0.3727,2.1437
0.3733,2.1387
0.3738,2.1437
0.3743,2.1387
0.3748,2.1437
0.3754,2.1437
0.3759,2.1437
0.3764,2.1437
0.3770,2.1387
0.3776,2.1437
0.3783,2.1336
0.3789,2.1387
0.3795,2.1387
0.3801,2.1387
0.3807,2.1387
0.3813,2.1387
0.3819,2.1336
0.3825,2.1336
0.3831,2.1437
0.3837,2.1387
0.3844,2.1387
0.3850,2.1286
0.3856,2.1336
0.3862,2.1437
0.3868,2.1336
0.3875,2.1437
0.3881,2.1336
0.3887,2.1387
0.3894,2.1336
0.3900,2.1437
0.3906,2.1387
0.3911,2.1387
0.3916,2.1437
0.3922,2.1336
0.3928,2.1437
0.3933,2.1437
0.3939,2.1387
0.3944,2.1437
0.3950,2.1387
0.3956,2.1387
0.3962,2.1336
0.3967,2.1387
0.3972,2.1387
0.3977,2.1437
0.3982,2.1387
0.3988,2.1387
0.3993,2.1387
0.3998,2.1286
0.4004,2.1336
0.4009,2.1387
0.4014,2.1437
0.4020,2.1437
0.4025,2.1336
0.4031,2.1437
0.4036,2.1387
0.4042,2.1387
0.4048,2.1336
0.4054,2.1387
0.4059,2.1336
0.4064,2.1387
0.4069,2.1387
0.4075,2.1387
0.4080,2.1387
0.4085,2.1286
0.4090,2.1387
0.4096,2.1387
0.4101,2.1437
0.4106,2.1387
0.4111,2.1387
0.4117,2.1387
0.4122,2.1387
0.4128,2.1387
0.4133,2.1387
0.4139,2.1387
0.4145,2.1336
0.4150,2.1387
0.4156,2.1387
0.4161,2.1336
0.4167,2.1437
0.4173,2.1387
0.4178,2.1336
0.4184,2.1437
0.4189,2.1387
0.4194,2.1387
0.4199,2.1387
0.4205,2.1336
0.4210,2.1336
0.4215,2.1336
0.4220,2.1336
0.4225,2.1437
0.4231,2.1387
0.4236,2.1387
0.4241,2.1387
0.4246,2.1336
0.4252,2.1387
0.4257,2.1437
0.4262,2.1336
0.4267,2.1336
0.4273,2.1437
0.4278,2.1387
0.4283,2.1387
0.4289,2.1387
0.4294,2.1437
0.4299,2.1387
0.4304,2.1387
0.4310,2.1336
0.4315,2.1437
0.4320,2.1387
0.4325,2.1387
0.4331,2.1387
0.4336,2.1437
0.4341,2.1437
0.4346,2.1387
0.4351,2.1387
0.4357,2.1387
0.4362,2.1387
0.4367,2.1336
0.4373,2.1336
0.4378,2.1336
0.4383,2.1387
0.4388,2.1387
0.4393,2.1387
0.4399,2.1387
0.4404,2.1437
0.4409,2.1387
0.4414,2.1387
0.4420,2.1387
0.4425,2.1387
0.4430,2.1387
0.4435,2.1387
0.4441,2.1487
0.4446,2.1387
0.4451,2.1437
0.4456,2.1387
0.4462,2.1437
0.4467,2.1387
0.4472,2.1437
0.4477,2.1387
0.4483,2.1387
0.4488,2.1437
0.4493,2.1387
0.4498,2.1387
0.4504,2.1387
0.4509,2.1387
0.4514,2.1387
0.4519,2.1437
0.4525,2.1387
0.4530,2.1437
0.4535,2.1387
0.4540,2.1387
0.4546,2.1387
0.4551,2.1387
0.4556,2.1387
0.4561,2.1387
0.4566,2.1387
0.4572,2.1387
0.4577,2.1336
0.4582,2.1387
0.4587,2.1387
0.4593,2.1387
0.4598,2.1336
0.4603,2.1336
0.4608,2.1387
0.4614,2.1387
0.4619,2.1387
0.4624,2.1387
0.4629,2.1336
0.4635,2.1336
0.4640,2.1387
0.4645,2.1387
0.4650,2.1387
0.4655,2.1387
0.4661,2.1387
0.4666,2.1387
0.4671,2.1387
0.4676,2.1387
0.4682,2.1387
0.4687,2.1387
0.4692,2.1336
0.4697,2.1387
0.4703,2.1387
0.4708,2.1387
0.4713,2.1387
0.4718,2.1387
0.4723,2.1336
0.4729,2.1387
0.4734,2.1387
0.4739,2.1387
0.4744,2.1387
0.4750,2.1387
0.4755,2.1387
0.4760,2.1437
0.4765,2.1387
0.4771,2.1387
0.4776,2.1387
0.4781,2.1437
0.4786,2.1387
0.4792,2.1387
0.4797,2.1336
0.4802,2.1387
0.4807,2.1387
0.4812,2.1387
0.4818,2.1387
0.4823,2.1387
0.4828,2.1387
0.4833,2.1336
0.4839,2.1387
0.4844,2.1336
0.4849,2.1437
0.4854,2.1437
0.4860,2.1437
0.4865,2.1387
0.4870,2.1387
0.4875,2.1387
0.4880,2.1387
0.4886,2.1387
0.4891,2.1387
0.4896,2.1387
0.4901,2.1387
0.4907,2.1387
0.4912,2.1336
0.4934,2.1387
0.4940,2.1387
0.4945,2.1437
0.4951,2.1437
0.4956,2.1387
0.4962,2.1387
0.4968,2.1387
0.4973,2.1286
0.4979,2.1336
0.4984,2.1336
0.4989,2.1336
0.4994,2.1387
0.5000,2.1387
0.5005,2.1387
0.5010,2.1286
0.5016,2.1387
0.5021,2.1387
0.5027,2.1336
0.5032,2.1387
0.5038,2.1437
0.5043,2.1286
0.5049,2.1336
0.5055,2.1387
0.5061,2.1387
0.5068,2.1387
0.5073,2.1437
0.5078,2.1437
0.5083,2.1387
0.5089,2.1387
0.5094,2.1336
0.5099,2.1336
0.5104,2.1387
0.5110,2.1387
0.5115,2.1336
0.5120,2.1437
0.5125,2.1336
0.5131,2.1437
0.5136,2.1437
0.5141,2.1336
0.5146,2.1387
0.5151,2.1387
0.5157,2.1286
0.5162,2.1387
0.5167,2.1387
0.5172,2.1437
0.5178,2.1437
0.5183,2.1387
0.5188,2.1387
0.5193,2.1437
0.5198,2.1437
0.5204,2.1437
0.5209,2.1387
0.5214,2.1387
0.5219,2.1387
0.5225,2.1387
0.5230,2.1387
0.5235,2.1387
0.5240,2.1387
0.5245,2.1387
0.5251,2.1387
0.5256,2.1387
0.5261,2.1387
0.5266,2.1387
0.5272,2.1387
0.5277,2.1387
0.5282,2.1437
0.5287,2.1336
0.5293,2.1387
0.5298,2.1387
0.5303,2.1387
0.5308,2.1437
0.5313,2.1336
0.5319,2.1336
0.5324,2.1387
0.5329,2.1387
0.5334,2.1387
0.5340,2.1437
0.5345,2.1387
0.5350,2.1387
0.5355,2.1387
0.5360,2.1387
0.5366,2.1387
0.5371,2.1437
0.5376,2.1336
0.5381,2.1387
0.5386,2.1387
0.5392,2.1387
0.5397,2.1387
0.5402,2.1387
0.5407,2.1387
0.5413,2.1387
0.5418,2.1387
0.5423,2.1437
0.5428,2.1387
0.5433,2.1387
0.5439,2.1387
0.5444,2.1437
0.5449,2.1387
0.5454,2.1286
0.5460,2.1487
0.5465,2.1387
0.5470,2.1387
0.5475,2.1336
0.5480,2.1387
0.5486,2.1387
0.5491,2.1336
0.5496,2.1336
0.5501,2.1387
0.5506,2.1336
0.5512,2.1437
0.5517,2.1437
0.5522,2.1387
0.5527,2.1437
0.5533,2.1336
0.5538,2.1336
0.5543,2.1387
0.5548,2.1387
0.5554,2.1437
0.5559,2.1437
0.5564,2.1387
0.5569,2.1387
0.5574,2.1387
0.5580,2.1387
0.5585,2.1437
0.5590,2.1437
0.5595,2.1387
0.5601,2.1387
0.5606,2.1387
0.5611,2.1387
0.5616,2.1387
0.5621,2.1387
0.5627,2.1387
0.5632,2.1437
0.5637,2.1437
0.5642,2.1387
0.5647,2.1387
0.5653,2.1387
0.5658,2.1387
0.5663,2.1336
0.5668,2.1387
0.5674,2.1387
0.5679,2.1336
0.5684,2.1336
0.5689,2.1387
0.5694,2.1387
0.5700,2.1387
0.5705,2.1336
0.5710,2.1336
0.5715,2.1336
0.5720,2.1437
0.5726,2.1387
0.5731,2.1387
0.5736,2.1387
0.5741,2.1336
0.5747,2.1387
0.5752,2.1437
0.5757,2.1387
0.5762,2.1387
0.5767,2.1387
0.5773,2.1437
0.5778,2.1387
0.5783,2.1437
0.5788,2.1387
0.5794,2.1387
0.5799,2.1336
0.5804,2.1387
0.5809,2.1336
0.5815,2.1387
0.5820,2.1387
0.5825,2.1387
0.5830,2.1387
0.5836,2.1387
0.5841,2.1437
0.5846,2.1437
0.5851,2.1387
0.5856,2.1336
0.5862,2.1387
0.5867,2.1336
0.5872,2.1336
0.5877,2.1336
0.5883,2.1437
0.5888,2.1336
0.5893,2.1387
0.5898,2.1437
0.5904,2.1387
0.5909,2.1336
0.5914,2.1387
0.5919,2.1336
0.5924,2.1286
0.5930,2.1336
0.5935,2.1387
0.5940,2.1387
0.5945,2.1387
0.5951,2.1387
0.5956,2.1387
0.5961,2.1387
0.5966,2.1336
0.5972,2.1437
0.5977,2.1336
0.5982,2.1336
0.5987,2.1336
0.5993,2.1336
0.5998,2.1437
0.6003,2.1387
0.6008,2.1387
0.6013,2.1437
0.6019,2.1387
0.6024,2.1336
0.6029,2.1387
0.6034,2.1336
0.6040,2.1336
0.6045,2.1387
0.6050,2.1387
0.6055,2.1387
0.6061,2.1387
0.6066,2.1387
0.6071,2.1387
0.6076,2.1387
0.6082,2.1336
0.6087,2.1437
0.6092,2.1336
0.6097,2.1336
0.6102,2.1387
0.6108,2.1336
0.6113,2.1387
0.6118,2.1437
0.6123,2.1387
0.6129,2.1437
0.6134,2.1387
0.6139,2.1387
0.6144,2.1387
0.6150,2.1437
0.6155,2.1437
0.6160,2.1387
0.6165,2.1387
0.6170,2.1336
0.6176,2.1336
0.6181,2.1437
0.6186,2.1387
0.6191,2.1437
0.6197,2.1336
0.6202,2.1336
0.6207,2.1387
0.6212,2.1387
0.6218,2.1387
0.6223,2.1387
0.6228,2.1437
0.6233,2.1387
0.6239,2.1437
0.6244,2.1387
0.6249,2.1336
0.6254,2.1387
0.6259,2.1387
0.6265,2.1387
0.6270,2.1437
0.6275,2.1336
0.6280,2.1387
0.6286,2.1387
0.6291,2.1387
0.6296,2.1387
0.6301,2.1387
0.6307,2.1437
0.6312,2.1437
0.6317,2.1437
0.6322,2.1437
0.6328,2.1336
0.6333,2.1336
0.6338,2.1387
0.6343,2.1387
0.6348,2.1387
0.6354,2.1387
0.6359,2.1387
0.6364,2.1336
0.6369,2.1336
0.6375,2.1387
0.6380,2.1336
0.6385,2.1437
0.6390,2.1387
0.6396,2.1387
0.6401,2.1336
0.6406,2.1387
0.6411,2.1387
0.6417,2.1387
0.6422,2.1437
0.6427,2.1336
0.6432,2.1336
0.6438,2.1437
0.6443,2.1437
0.6448,2.1437
0.6453,2.1437
0.6459,2.1387
0.6464,2.1387
0.6469,2.1437
0.6474,2.1387
0.6480,2.1437
0.6485,2.1336
0.6490,2.1437
0.6495,2.1387
0.6500,2.1286
0.6506,2.1437
0.6511,2.1336
0.6516,2.1387
0.6521,2.1387
0.6527,2.1336
0.6532,2.1336
0.6537,2.1387
0.6542,2.1336
0.6548,2.1387
0.6553,2.1437
0.6558,2.1387
0.6563,2.1387
0.6569,2.1437
0.6574,2.1437
0.6579,2.1387
0.6584,2.1387
0.6589,2.1387
0.6595,2.1437
0.6600,2.1387
0.6605,2.1336
0.6610,2.1387
0.6616,2.1336
0.6621,2.1437
0.6626,2.1437
0.6631,2.1437
0.6637,2.1387
0.6642,2.1437
0.6647,2.1336
0.6652,2.1437
0.6658,2.1387
0.6663,2.1387
0.6668,2.1437
0.6673,2.1336
0.6678,2.1387
0.6684,2.1387
0.6689,2.1387
0.6694,2.1387
0.6699,2.1387
0.6705,2.1437
0.6710,2.1387
0.6715,2.1387
0.6720,2.1336
0.6725,2.1387
0.6731,2.1387
0.6736,2.1437
0.6741,2.1336
0.6746,2.1286
0.6751,2.1336
0.6757,2.1437
0.6762,2.1437
0.6767,2.1336
0.6772,2.1387
0.6778,2.1437
0.6783,2.1387
0.6788,2.1387
0.6793,2.1387
0.6799,2.1387
0.6804,2.1437
0.6809,2.1387
0.6814,2.1437
0.6820,2.1387
0.6825,2.1387
0.6830,2.1387
0.6835,2.1387
0.6840,2.1387
0.6846,2.1387
0.6851,2.1387
0.6856,2.1387
0.6861,2.1336
0.6867,2.1437
0.6872,2.1336
0.6877,2.1387
0.6882,2.1387
0.6888,2.1387
0.6893,2.1336
0.6898,2.1336
0.6903,2.1336
0.6908,2.1387
0.6914,2.1387
0.6919,2.1387
0.6924,2.1437
0.6929,2.1387
0.6935,2.1387
0.6940,2.1437
0.6945,2.1387
0.6950,2.1336
0.6956,2.1387
0.6961,2.1387
0.6966,2.1387
0.6971,2.1387
0.6976,2.1387
0.6982,2.1387
0.6987,2.1387
0.6992,2.1387
0.6997,2.1336
0.7003,2.1387
0.7008,2.1437
0.7013,2.1387
0.7018,2.1336
0.7024,2.1387
0.7029,2.1286
0.7034,2.1336
0.7039,2.1387
0.7045,2.1387
0.7050,2.1437
0.7055,2.1387
0.7060,2.1437
0.7065,2.1387
0.7071,2.1387
0.7076,2.1387
0.7081,2.1387
0.7087,2.1387
0.7092,2.1387
0.7097,2.1387
0.7102,2.1437
0.7107,2.1336
0.7113,2.1437
0.7118,2.1387
0.7123,2.1437
0.7128,2.1387
0.7134,2.1437
0.7139,2.1336
0.7144,2.1387
0.7149,2.1387
0.7155,2.1437
0.7160,2.1336
0.7165,2.1387
0.7170,2.1387
0.7176,2.1387
0.7181,2.1387
0.7186,2.1387
0.7191,2.1387
0.7196,2.1387
0.7202,2.1387
0.7207,2.1336
0.7212,2.1336
0.7217,2.1387
0.7223,2.1336
0.7228,2.1437
0.7233,2.1437
0.7238,2.1437
0.7244,2.1437
0.7249,2.1336
0.7254,2.1387
0.7259,2.1387
0.7264,2.1387
0.7270,2.1437
0.7275,2.1387
0.7280,2.1387
0.7285,2.1387
0.7291,2.1387
0.7296,2.1387
0.7301,2.1437
0.7306,2.1387
0.7312,2.1387
0.7317,2.1336
0.7322,2.1336
0.7327,2.1387
0.7332,2.1387
0.7338,2.1387
0.7343,2.1437
0.7348,2.1387
0.7353,2.1387
0.7359,2.1387
0.7364,2.1387
0.7369,2.1387
0.7374,2.1387
0.7380,2.1387
0.7385,2.1387
0.7390,2.1387
0.7395,2.1387
0.7401,2.1336
0.7406,2.1286
0.7411,2.1336
0.7416,2.1387
0.7422,2.1387
0.7427,2.1387
0.7432,2.1437
0.7437,2.1336
0.7442,2.1336
0.7448,2.1387
0.7453,2.1387
0.7458,2.1387
0.7463,2.1336
0.7469,2.1387
0.7474,2.1387
0.7479,2.1387
0.7484,2.1437
0.7490,2.1387
0.7495,2.1336
0.7500,2.1336
0.7505,2.1387
0.7510,2.1387
0.7516,2.1387
0.7521,2.1387
0.7526,2.1437
0.7531,2.1336
0.7537,2.1387
0.7542,2.1387
0.7547,2.1387
0.7552,2.1336
0.7558,2.1437
0.7563,2.1336
0.7568,2.1336
0.7573,2.1286
0.7578,2.1437
0.7584,2.1336
0.7589,2.1387
0.7594,2.1387
0.7599,2.1387
0.7605,2.1387
0.7610,2.1336
0.7615,2.1336
0.7620,2.1387
0.7626,2.1387
0.7631,2.1437
0.7636,2.1387
0.7641,2.1387
0.7647,2.1387
0.7652,2.1437
0.7657,2.1387
0.7662,2.1387
0.7667,2.1437
0.7673,2.1336
0.7678,2.1336
0.7683,2.1336
0.7688,2.1387
0.7694,2.1437
0.7699,2.1387
0.7704,2.1387
0.7709,2.1387
0.7715,2.1387
0.7720,2.1437
0.7725,2.1336
0.7730,2.1336
0.7735,2.1387
0.7741,2.1387
0.7746,2.1336
0.7751,2.1437
0.7757,2.1387
0.7762,2.1387
0.7767,2.1387
0.7772,2.1387
0.7777,2.1387
0.7783,2.1387
0.7788,2.1387
0.7793,2.1387
0.7798,2.1336
0.7804,2.1387
0.7809,2.1387
0.7814,2.1336
0.7819,2.1387
0.7825,2.1387
0.7830,2.1387
0.7835,2.1387
0.7840,2.1387
0.7846,2.1387
0.7851,2.1387
0.7856,2.1336
0.7861,2.1387
0.7866,2.1437
0.7872,2.1387
0.7877,2.1336
0.7882,2.1336
0.7887,2.1336
0.7893,2.1286
0.7898,2.1387
0.7903,2.1387
0.7908,2.1437
0.7914,2.1336
0.7919,2.1387
0.7924,2.1437
0.7929,2.1387
0.7934,2.1387
0.7940,2.1387
0.7945,2.1437
0.7950,2.1387
0.7955,2.1387
0.7961,2.1387
0.7966,2.1387
0.7971,2.1387
0.7976,2.1387
0.7982,2.1387
0.7987,2.1336
0.7992,2.1336
0.7997,2.1336
0.8003,2.1336
0.8008,2.1286
0.8013,2.1336
0.8018,2.1387
0.8023,2.1387
0.8029,2.1437
0.8034,2.1387
0.8039,2.1336
0.8044,2.1336
0.8050,2.1387
0.8055,2.1387
0.8060,2.1387
0.8065,2.1437
0.8071,2.1387
0.8076,2.1387
0.8081,2.1387
0.8086,2.1387
0.8091,2.1336
0.8097,2.1437
0.8102,2.1387
0.8107,2.1387
0.8112,2.1387
0.8118,2.1387
0.8123,2.1336
0.8128,2.1336
0.8133,2.1387
0.8139,2.1387
0.8144,2.1437
0.8149,2.1437
0.8154,2.1437
0.8160,2.1437
0.8165,2.1437
0.8170,2.1387
0.8175,2.1387
0.8180,2.1286
0.8186,2.1437
0.8191,2.1387
0.8196,2.1387
0.8201,2.1336
0.8207,2.1437
0.8212,2.1387
0.8217,2.1387
0.8222,2.1387
0.8228,2.1437
0.8233,2.1286
0.8238,2.1336
0.8243,2.1437
0.8249,2.1387
0.8254,2.1387
0.8259,2.1387
0.8264,2.1387
0.8269,2.1387
0.8275,2.1437
0.8280,2.1437
0.8285,2.1387
0.8290,2.1387
0.8296,2.1387
0.8301,2.1437
0.8306,2.1336
0.8311,2.1387
0.8317,2.1387
0.8322,2.1387
0.8327,2.1387
0.8332,2.1387
0.8337,2.1387
0.8343,2.1387
0.8348,2.1336
0.8353,2.1387
0.8358,2.1387
0.8364,2.1437
0.8369,2.1387
0.8374,2.1336
0.8379,2.1387
0.8385,2.1437
0.8390,2.1387
0.8395,2.1336
0.8400,2.1387
0.8406,2.1387
0.8411,2.1387
0.8416,2.1387
0.8421,2.1387
0.8427,2.1387
0.8432,2.1387
0.8437,2.1387
0.8442,2.1437
0.8448,2.1387
0.8453,2.1387
0.8458,2.1387
0.8463,2.1387
0.8468,2.1387
0.8475,2.1387
0.8481,2.1336
0.8486,2.1437
0.8491,2.1437
0.8496,2.1286
0.8502,2.1336
0.8507,2.1387
0.8512,2.1336
0.8517,2.1387
0.8523,2.1437
0.8528,2.1387
0.8533,2.1387
0.8538,2.1437
0.8544,2.1387
0.8549,2.1387
0.8554,2.1387
0.8559,2.1336
0.8565,2.1387
0.8570,2.1336
0.8575,2.1437
0.8580,2.1387
0.8586,2.1437
0.8591,2.1437
0.8596,2.1387
0.8601,2.1387
0.8607,2.1387
0.8612,2.1387
0.8617,2.1437
0.8622,2.1437
0.8627,2.1387
0.8633,2.1387
0.8638,2.1387
0.8643,2.1387
0.8648,2.1387
0.8654,2.1437
0.8659,2.1437
0.8664,2.1437
0.8669,2.1437
0.8675,2.1437
0.8680,2.1387
0.8685,2.1387
0.8690,2.1336
0.8695,2.1387
0.8701,2.1387
0.8706,2.1336
0.8711,2.1336
0.8716,2.1336
0.8721,2.1387
0.8727,2.1387
0.8732,2.1387
0.8737,2.1387
0.8742,2.1387
0.8748,2.1437
0.8753,2.1387
0.8758,2.1387
0.8763,2.1387
0.8768,2.1387
0.8774,2.1437
0.8779,2.1387
0.8784,2.1387
0.8789,2.1387
0.8795,2.1387
0.8800,2.1387
0.8805,2.1387
0.8810,2.1437
0.8816,2.1387
0.8821,2.1437
0.8826,2.1387
0.8831,2.1387
0.8837,2.1387
0.8842,2.1387
0.8847,2.1437
0.8852,2.1387
0.8858,2.1336
0.8863,2.1387
0.8868,2.1437
0.8873,2.1387
0.8879,2.1387
0.8884,2.1387
0.8889,2.1387
0.8894,2.1336
0.8900,2.1437
0.8905,2.1437
0.8910,2.1387
0.8915,2.1387
0.8921,2.1387
0.8926,2.1387
0.8931,2.1387
0.8936,2.1387
0.8941,2.1387
0.8947,2.1336
0.8952,2.1387
0.8957,2.1336
0.8962,2.1437
0.8968,2.1336
0.8973,2.1387
0.8978,2.1387
0.8983,2.1437
0.8989,2.1437
0.8994,2.1387
0.8999,2.1336
0.9004,2.1437
0.9010,2.1387
0.9015,2.1387
0.9020,2.1336
0.9025,2.1336
0.9030,2.1336
0.9036,2.1387
0.9041,2.1387
0.9046,2.1336
0.9051,2.1336
0.9057,2.1387
0.9062,2.1387
0.9067,2.1387
0.9073,2.1387
0.9078,2.1387
0.9083,2.1387
0.9089,2.1387
0.9094,2.1437
0.9099,2.1387
0.9104,2.1387
0.9110,2.1387
0.9115,2.1437
0.9120,2.1387
0.9125,2.1387
0.9131,2.1387
0.9136,2.1336
0.9141,2.1336
0.9146,2.1286
0.9151,2.1437
0.9157,2.1387
0.9162,2.1437
0.9167,2.1387
0.9172,2.1387
0.9178,2.1387
0.9183,2.1387
0.9188,2.1387
0.9193,2.1437
0.9199,2.1387
0.9204,2.1387
0.9209,2.1437
0.9214,2.1437
0.9220,2.1336
0.9225,2.1387
0.9230,2.1336
0.9235,2.1387
0.9241,2.1387
0.9246,2.1336
0.9251,2.1387
0.9256,2.1387
0.9262,2.1387
0.9267,2.1387
0.9272,2.1387
0.9277,2.1387
0.9283,2.1387
0.9288,2.1387
0.9293,2.1387
0.9299,2.1387
0.9304,2.1387
0.9309,2.1387
0.9315,2.1437
0.9320,2.1387
0.9325,2.1437
0.9331,2.1437
0.9336,2.1336
0.9341,2.1336
0.9347,2.1387
0.9352,2.1387
0.9357,2.1387
0.9363,2.1387
0.9368,2.1387
0.9374,2.1387
0.9379,2.1387
0.9384,2.1387
0.9390,2.1387
0.9395,2.1437
0.9400,2.1437
0.9426,2.1286
0.9431,2.1437
0.9437,2.1387
0.9442,2.1387
0.9448,2.1387
0.9453,2.1387
0.9458,2.1387
0.9464,2.1336
0.9469,2.1387
0.9474,2.1437
0.9480,2.1387
0.9485,2.1336
0.9490,2.1336
0.9495,2.1437
0.9501,2.1437
0.9506,2.1387
0.9512,2.1387
0.9517,2.1286
0.9523,2.1387
0.9528,2.1387
0.9534,2.1387
0.9539,2.1387
0.9545,2.1387
0.9550,2.1336
0.9555,2.1437
0.9561,2.1387
0.9566,2.1387
0.9571,2.1437
0.9577,2.1387
0.9582,2.1437
0.9599,2.1387
0.9605,2.1387
0.9610,2.1437
0.9616,2.1336
0.9621,2.1387
0.9627,2.1437
0.9632,2.1387
0.9637,2.1387
0.9643,2.1387
0.9648,2.1387
0.9654,2.1387
0.9659,2.1387
0.9664,2.1387
0.9669,2.1437
0.9675,2.1387
0.9680,2.1336
0.9685,2.1387
0.9690,2.1387
0.9696,2.1286
0.9701,2.1387
0.9706,2.1387
0.9711,2.1387
0.9717,2.1387
0.9722,2.1387
0.9727,2.1336
0.9732,2.1437
0.9737,2.1387
0.9743,2.1387
0.9748,2.1437
0.9753,2.1387
0.9758,2.1387
0.9764,2.1387
0.9769,2.1437
0.9774,2.1437
0.9780,2.1336
0.9785,2.1387
0.9790,2.1387
0.9795,2.1336
0.9801,2.1336
0.9806,2.1387
0.9811,2.1387
0.9816,2.1387
0.9821,2.1437
0.9827,2.1336
0.9832,2.1387
0.9837,2.1387
0.9842,2.1387
0.9848,2.1336
0.9853,2.1437
0.9858,2.1387
0.9863,2.1387
0.9869,2.1437
0.9874,2.1387
0.9879,2.1387
0.9884,2.1387
0.9890,2.1387
0.9895,2.1387
0.9900,2.1387
0.9905,2.1437
0.9911,2.1437
0.9916,2.1387
0.9922,2.1336
0.9927,2.1387
0.9933,2.1336
0.9938,2.1387
0.9944,2.1387
0.9949,2.1387
0.9955,2.1387
0.9961,2.1437
0.9966,2.1387
0.9972,2.1437
0.9977,2.1387
0.9982,2.1387
0.9988,2.1387
0.9993,2.1437
0.9998,2.1336
1.0003,2.1387
1.0009,2.1437
1.0014,2.1437
1.0020,2.1437
1.0025,2.1437
1.0031,2.1387
1.0037,2.1387
1.0057,2.1387
1.0063,2.1387
1.0069,2.1387
1.0074,2.1387
1.0080,2.1387
1.0085,2.1387
1.0090,2.1387
1.0096,2.1387
1.0101,2.1387
1.0106,2.1387
1.0111,2.1387
1.0117,2.1387
1.0122,2.1387
1.0127,2.1387
1.0133,2.1387
1.0139,2.1387
1.0144,2.1387
1.0151,2.1336
1.0157,2.1437
1.0162,2.1437
1.0167,2.1387
1.0172,2.1336
1.0178,2.1387
1.0183,2.1387
1.0188,2.1387
1.0193,2.1387
1.0199,2.1387
1.0204,2.1387
1.0209,2.1387
1.0214,2.1387
1.0219,2.1387
1.0225,2.1336
1.0230,2.1387
1.0235,2.1387
1.0240,2.1286
1.0245,2.1437
1.0251,2.1387
1.0256,2.1387
1.0261,2.1336
1.0266,2.1437
1.0271,2.1387
1.0277,2.1387
1.0282,2.1387
1.0287,2.1336
1.0293,2.1336
1.0298,2.1336
1.0303,2.1336
1.0308,2.1387
1.0313,2.1387
1.0319,2.1387
1.0324,2.1387
1.0329,2.1336
1.0334,2.1336
1.0339,2.1437
1.0345,2.1387
1.0350,2.1387
1.0355,2.1437
1.0360,2.1387
1.0366,2.1387
1.0371,2.1387
1.0376,2.1387
1.0381,2.1336
1.0386,2.1387
1.0392,2.1437
1.0397,2.1387
1.0402,2.1387
1.0407,2.1336
1.0413,2.1387
1.0418,2.1387
1.0423,2.1336
1.0428,2.1336
1.0433,2.1387
1.0439,2.1336
1.0444,2.1387
1.0449,2.1437
1.0455,2.1437
1.0460,2.1387
1.0467,2.1387
1.0472,2.1387
1.0478,2.1387
1.0483,2.1387
1.0488,2.1387
1.0493,2.1387
1.0499,2.1387
1.0505,2.1437
1.0510,2.1387
1.0515,2.1336
1.0520,2.1387
1.0525,2.1336
1.0531,2.1387
1.0536,2.1387
1.0541,2.1387
1.0546,2.1387
1.0552,2.1437
1.0557,2.1387
1.0562,2.1336
1.0567,2.1387
1.0573,2.1387
1.0578,2.1387
1.0583,2.1387
1.0588,2.1387
1.0593,2.1387
1.0599,2.1387
1.0604,2.1336
1.0609,2.1387
1.0614,2.1387
1.0620,2.1387
1.0625,2.1387
1.0630,2.1437
1.0635,2.1387
1.0640,2.1286
1.0646,2.1387
1.0651,2.1437
1.0656,2.1437
1.0661,2.1286
1.0667,2.1336
1.0672,2.1387
1.0677,2.1387
1.0682,2.1387
1.0687,2.1387
1.0693,2.1387
1.0698,2.1437
1.0703,2.1437
1.0708,2.1437
1.0713,2.1387
1.0719,2.1336
1.0724,2.1336
1.0729,2.1387
1.0734,2.1387
1.0739,2.1336
1.0745,2.1387
1.0750,2.1387
1.0755,2.1387
1.0760,2.1387
1.0766,2.1387
1.0771,2.1387
1.0776,2.1387
1.0781,2.1336
1.0786,2.1387
1.0792,2.1387
1.0797,2.1336
1.0802,2.1387
1.0807,2.1336
1.0812,2.1387
1.0818,2.1387
1.0823,2.1336
1.0828,2.1387
1.0833,2.1387
1.0839,2.1387
1.0844,2.1387
1.0849,2.1387
1.0854,2.1336
1.0859,2.1336
1.0865,2.1336
1.0870,2.1387
1.0875,2.1387
1.0880,2.1387
1.0886,2.1387
1.0891,2.1387
1.0896,2.1387
1.0901,2.1387
1.0906,2.1387
1.0912,2.1387
1.0917,2.1387
1.0922,2.1387
1.0927,2.1437
1.0932,2.1387
1.0938,2.1387
1.0943,2.1286
1.0948,2.1387
1.0953,2.1387
1.0959,2.1387
1.0964,2.1387
1.0969,2.1387
1.0974,2.1387
1.0979,2.1387
1.0985,2.1387
1.0990,2.1387
1.0995,2.1387
1.1000,2.1387
1.1006,2.1437
1.1011,2.1387
1.1016,2.1437
1.1021,2.1437
1.1026,2.1387
1.1032,2.1387
1.1037,2.1437
1.1042,2.1387
1.1047,2.1387
1.1052,2.1387
1.1058,2.1387
1.1063,2.1437
1.1068,2.1336
1.1073,2.1387
1.1079,2.1387
1.1084,2.1336
1.1089,2.1387
1.1094,2.1387
1.1099,2.1336
1.1105,2.1437
1.1110,2.1387
1.1115,2.1387
1.1120,2.1387
1.1126,2.1387
1.1131,2.1437
1.1136,2.1336
1.1141,2.1437
1.1147,2.1387
1.1152,2.1437
1.1157,2.1387
1.1162,2.1387
1.1167,2.1387
1.1173,2.1387
1.1178,2.1387
1.1183,2.1437
1.1188,2.1387
1.1194,2.1437
1.1199,2.1437
1.1204,2.1387
1.1209,2.1336
1.1214,2.1387
1.1220,2.1387
1.1225,2.1336
1.1230,2.1387
1.1235,2.1387
1.1241,2.1437
1.1246,2.1387
1.1251,2.1336
1.1256,2.1387
1.1261,2.1437
1.1267,2.1387
1.1272,2.1387
1.1277,2.1387
1.1282,2.1387
1.1287,2.1387
1.1293,2.1387
1.1298,2.1387
1.1303,2.1387
1.1308,2.1387
1.1314,2.1387
1.1319,2.1336
1.1324,2.1387
1.1329,2.1286
1.1334,2.1387
1.1340,2.1387
1.1345,2.1387
1.1350,2.1387
1.1355,2.1387
1.1361,2.1387
1.1366,2.1336
1.1371,2.1387
1.1376,2.1336
1.1381,2.1336
1.1387,2.1387
1.1392,2.1387
1.1397,2.1387
1.1402,2.1336
1.1407,2.1387
1.1413,2.1387
1.1418,2.1387
1.1423,2.1387
1.1428,2.1387
1.1434,2.1387
1.1439,2.1387
1.1444,2.1286
1.1449,2.1387
1.1454,2.1336
1.1460,2.1336
1.1465,2.1387
1.1470,2.1387
1.1475,2.1336
1.1481,2.1437
1.1486,2.1387
1.1491,2.1387
1.1496,2.1336
1.1501,2.1336
1.1507,2.1387
1.1512,2.1387
1.1517,2.1387
1.1522,2.1387
1.1527,2.1387
1.1533,2.1437
1.1538,2.1387
1.1543,2.1437
1.1548,2.1437
1.1554,2.1387
1.1559,2.1387
1.1564,2.1387
1.1569,2.1387
1.1574,2.1437
1.1580,2.1387
1.1585,2.1387
1.1590,2.1336
1.1595,2.1387
1.1601,2.1387
1.1606,2.1387
1.1611,2.1437
1.1616,2.1437
1.1621,2.1387
1.1627,2.1387
1.1632,2.1387
1.1637,2.1387
1.1642,2.1437
1.1647,2.1387
1.1653,2.1387
1.1658,2.1437
1.1663,2.1387
1.1668,2.1437
1.1674,2.1387
1.1679,2.1387
1.1684,2.1437
1.1689,2.1336
1.1694,2.1387
1.1700,2.1336
1.1705,2.1437
1.1710,2.1336
1.1715,2.1437
1.1721,2.1387
1.1726,2.1437
1.1731,2.1437
1.1736,2.1437
1.1741,2.1336
1.1747,2.1387
1.1752,2.1437
1.1757,2.1336
1.1762,2.1387
1.1768,2.1387
1.1773,2.1387
1.1778,2.1387
1.1783,2.1387
1.1788,2.1387
1.1794,2.1387
1.1799,2.1387
1.1804,2.1336
1.1809,2.1387
1.1815,2.1387
1.1820,2.1437
1.1825,2.1387
1.1830,2.1437
1.1835,2.1437
1.1841,2.1437
1.1846,2.1437
1.1851,2.1387
1.1856,2.1387
1.1862,2.1336
1.1867,2.1387
1.1872,2.1286
1.1877,2.1437
1.1882,2.1387
1.1888,2.1387
1.1893,2.1336
1.1898,2.1336
1.1903,2.1387
1.1909,2.1336
1.1914,2.1387
1.1919,2.1387
1.1924,2.1437
1.1929,2.1387
1.1935,2.1437
1.1940,2.1387
1.1945,2.1387
1.1950,2.1387
1.1955,2.1387
1.1961,2.1387
1.1966,2.1387
1.1971,2.1387
1.1976,2.1387
1.1982,2.1387
1.1987,2.1387
1.1992,2.1437
1.1997,2.1387
1.2002,2.1387
1.2008,2.1437
1.2013,2.1387
1.2018,2.1387
1.2023,2.1387
1.2029,2.1387
1.2034,2.1387
1.2039,2.1387
1.2044,2.1387
1.2049,2.1387
1.2055,2.1437
1.2060,2.1387
1.2065,2.1387
1.2070,2.1387
1.2075,2.1387
1.2081,2.1336
1.2086,2.1387
1.2091,2.1387
1.2096,2.1437
1.2102,2.1437
1.2107,2.1387
1.2112,2.1387
1.2117,2.1437
1.2122,2.1336
1.2128,2.1336
1.2133,2.1387
1.2138,2.1387
1.2143,2.1437
1.2148,2.1437
1.2154,2.1387
1.2159,2.1387
1.2164,2.1336
1.2169,2.1336
1.2175,2.1437
1.2180,2.1387
1.2185,2.1336
1.2190,2.1387
1.2195,2.1387
1.2201,2.1387
1.2206,2.1336
1.2211,2.1336
1.2216,2.1286
1.2222,2.1437
1.2227,2.1387
1.2232,2.1387
1.2237,2.1387
1.2242,2.1336
1.2248,2.1336
1.2253,2.1336
1.2258,2.1387
1.2263,2.1387
1.2269,2.1336
1.2274,2.1336
1.2279,2.1336
1.2284,2.1387
1.2289,2.1387
1.2295,2.1387
1.2300,2.1437
1.2305,2.1387
1.2310,2.1387
1.2315,2.1387
1.2321,2.1387
1.2326,2.1387
1.2331,2.1387
1.2336,2.1387
1.2342,2.1437
1.2347,2.1387
1.2352,2.1336
1.2357,2.1387
1.2362,2.1437
1.2368,2.1387
1.2373,2.1387
1.2378,2.1387
1.2383,2.1387
1.2389,2.1387
1.2394,2.1387
1.2399,2.1387
1.2404,2.1387
1.2409,2.1387
1.2415,2.1387
1.2420,2.1437
1.2425,2.1387
1.2430,2.1336
1.2435,2.1286
1.2441,2.1336
1.2446,2.1336
1.2451,2.1336
1.2456,2.1387
1.2462,2.1387
1.2467,2.1387
1.2472,2.1387
1.2477,2.1387
1.2483,2.1336
1.2488,2.1336
1.2493,2.1387
1.2498,2.1387
1.2504,2.1387
1.2509,2.1387
1.2514,2.1437
1.2519,2.1387
1.2524,2.1387
1.2530,2.1437
1.2535,2.1387
1.2540,2.1387
1.2545,2.1387
1.2550,2.1387
1.2556,2.1437
1.2561,2.1336
1.2566,2.1437
1.2571,2.1336
1.2577,2.1387
1.2582,2.1336
1.2588,2.1336
1.2593,2.1387
1.2598,2.1336
1.2605,2.1387
1.2610,2.1437
1.2616,2.1437
1.2621,2.1387
1.2626,2.1387
1.2632,2.1387
1.2637,2.1387
1.2643,2.1387
1.2648,2.1336
1.2654,2.1387
1.2659,2.1336
1.2665,2.1387
1.2670,2.1286
1.2676,2.1387
1.2681,2.1387
1.2687,2.1387
1.2692,2.1286
1.2698,2.1387
1.2703,2.1387
1.2708,2.1387
1.2714,2.1387
1.2719,2.1437
1.2725,2.1387
1.2730,2.1387
1.2736,2.1437
1.2741,2.1437
1.2747,2.1437
1.2752,2.1437
1.2758,2.1387
1.2763,2.1437
1.2769,2.1336
1.2774,2.1387
1.2779,2.1387
1.2785,2.1437
1.2790,2.1336
1.2796,2.1437
1.2801,2.1336
1.2807,2.1387
1.2812,2.1387
1.2818,2.1387
1.2823,2.1387
1.2829,2.1387
1.2834,2.1437
1.2840,2.1387
1.2845,2.1437
1.2851,2.1336
1.2856,2.1387
1.2861,2.1336
1.2867,2.1336
1.2872,2.1336
1.2878,2.1336
1.2883,2.1387
1.2889,2.1387
1.2894,2.1387
1.2900,2.1437
1.2905,2.1437
1.2911,2.1387
1.2916,2.1387
1.2922,2.1387
1.2928,2.1387
1.2933,2.1437
1.2938,2.1437
1.2944,2.1387
1.2949,2.1387
1.2955,2.1387
1.2960,2.1336
1.2966,2.1437
1.2971,2.1437
1.2977,2.1336
1.2982,2.1437
1.2987,2.1387
1.2993,2.1387
1.2998,2.1387
1.3004,2.1387
1.3009,2.1437
1.3015,2.1387
1.3020,2.1387
1.3025,2.1387
1.3031,2.1437
1.3036,2.1437
1.3042,2.1387
1.3047,2.1387
1.3053,2.1437
1.3058,2.1437
1.3064,2.1336
1.3069,2.1387
1.3074,2.1387
1.3080,2.1387
1.3085,2.1437
1.3091,2.1387
1.3096,2.1387
1.3102,2.1387
1.3107,2.1286
1.3112,2.1387
1.3118,2.1387
1.3123,2.1387
1.3129,2.1387
1.3134,2.1387
1.3140,2.1437
1.3145,2.1387
1.3151,2.1387
1.3156,2.1387
1.3162,2.1387
1.3167,2.1336
1.3172,2.1387
1.3178,2.1437
1.3183,2.1387
1.3189,2.1387
1.3194,2.1387
1.3200,2.1387
1.3205,2.1336
1.3210,2.1387
1.3216,2.1387
1.3221,2.1387
1.3227,2.1387
1.3232,2.1336
1.3238,2.1387
1.3243,2.1336
1.3248,2.1387
1.3254,2.1336
1.3259,2.1387
1.3265,2.1387
1.3270,2.1437
1.3276,2.1437
1.3281,2.1336
1.3287,2.1387
1.3292,2.1387
1.3298,2.1336
1.3303,2.1387
1.3309,2.1387
1.3314,2.1387
1.3319,2.1387
1.3325,2.1437
1.3330,2.1387
1.3336,2.1437
1.3341,2.1387
1.3347,2.1387
1.3352,2.1387
1.3358,2.1336
1.3363,2.1437
1.3369,2.1387
1.3374,2.1387
1.3380,2.1336
1.3385,2.1336
1.3391,2.1387
1.3396,2.1387
1.3402,2.1336
1.3407,2.1387
1.3413,2.1387
1.3418,2.1437
1.3423,2.1437
1.3429,2.1336
1.3434,2.1387
1.3440,2.1387
1.3445,2.1387
1.3451,2.1387
1.3456,2.1387
1.3462,2.1387
1.3467,2.1387
1.3473,2.1437
1.3478,2.1286
1.3484,2.1437
1.3489,2.1336
1.3495,2.1387
1.3500,2.1387
1.3506,2.1437
1.3511,2.1336
1.3516,2.1387
1.3522,2.1387
1.3527,2.1336
1.3533,2.1387
1.3538,2.1387
1.3544,2.1387
1.3549,2.1387
1.3555,2.1437
1.3560,2.1336
1.3566,2.1387
1.3571,2.1387
1.3577,2.1387
1.3582,2.1437
1.3588,2.1336
1.3593,2.1387
1.3599,2.1387
1.3604,2.1387
1.3610,2.1437
1.3615,2.1336
1.3621,2.1387
1.3626,2.1336
1.3632,2.1387
1.3637,2.1387
1.3642,2.1387
1.3648,2.1387
1.3653,2.1387
1.3659,2.1437
1.3664,2.1437
1.3670,2.1387
1.3675,2.1437
1.3681,2.1387
1.3686,2.1387
1.3692,2.1387
1.3697,2.1387
1.3703,2.1387
1.3708,2.1387
1.3714,2.1437
1.3719,2.1336
1.3724,2.1387
1.3730,2.1286
1.3735,2.1387
1.3741,2.1387
1.3746,2.1437
1.3752,2.1336
1.3757,2.1437
1.3763,2.1387
1.3768,2.1437
1.3774,2.1437
1.3779,2.1387
1.3785,2.1387
1.3790,2.1387
1.3796,2.1387
1.3801,2.1387
1.3807,2.1387
1.3812,2.1387
1.3818,2.1336
1.3823,2.1336
1.3829,2.1387
1.3834,2.1387
1.3840,2.1387
1.3845,2.1387
1.3851,2.1387
1.3856,2.1286
1.3862,2.1387
1.3867,2.1387
1.3873,2.1387
1.3878,2.1387
1.3884,2.1387
1.3889,2.1437
1.3894,2.1387
1.3900,2.1437
1.3905,2.1387
1.3911,2.1387
1.3916,2.1387
1.3922,2.1387
1.3927,2.1437
1.3933,2.1387
1.3938,2.1387
1.3944,2.1387
1.3949,2.1437
1.3955,2.1336
1.3960,2.1387
1.3966,2.1387
1.3971,2.1387
1.3976,2.1387
1.3982,2.1336
1.3987,2.1336
1.3993,2.1387
1.3998,2.1387
1.4004,2.1387
1.4009,2.1387
1.4015,2.1387
1.4020,2.1387
1.4026,2.1387
1.4031,2.1336
1.4037,2.1387
1.4042,2.1387
1.4048,2.1387
1.4053,2.1437
1.4058,2.1336
1.4064,2.1387
1.4069,2.1387
1.4075,2.1387
1.4080,2.1387
1.4086,2.1387
1.4091,2.1387
1.4097,2.1437
1.4102,2.1387
1.4108,2.1336
1.4113,2.1387
1.4119,2.1387
1.4124,2.1387
1.4130,2.1387
1.4135,2.1387
1.4141,2.1437
1.4146,2.1387
1.4151,2.1387
1.4157,2.1387
1.4162,2.1387
1.4168,2.1437
1.4173,2.1387
1.4179,2.1387
1.4184,2.1387
1.4190,2.1437
1.4195,2.1387
1.4201,2.1336
1.4206,2.1387
1.4212,2.1387
1.4217,2.1437
1.4223,2.1336
1.4228,2.1387
1.4233,2.1437
1.4239,2.1387
1.4244,2.1387
1.4250,2.1437
1.4255,2.1387
1.4261,2.1437
1.4266,2.1387
1.4272,2.1387
1.4277,2.1437
1.4283,2.1437
1.4288,2.1336
1.4294,2.1437
1.4299,2.1336
1.4305,2.1387
1.4310,2.1387
1.4316,2.1286
1.4321,2.1387
1.4326,2.1387
1.4332,2.1286
1.4337,2.1336
1.4343,2.1387
1.4348,2.1336
1.4354,2.1387
1.4359,2.1387
1.4365,2.1336
1.4370,2.1387
1.4376,2.1387
1.4381,2.1437
1.4387,2.1387
1.4392,2.1387
1.4398,2.1387
1.4403,2.1336
1.4408,2.1387
1.4414,2.1387
1.4419,2.1387
1.4425,2.1437
1.4430,2.1387
1.4436,2.1387
1.4441,2.1387
1.4447,2.1437
1.4452,2.1387
1.4458,2.1387
1.4463,2.1336
1.4469,2.1336
1.4474,2.1336
1.4480,2.1387
1.4485,2.1437
1.4490,2.1336
1.4496,2.1387
1.4501,2.1387
1.4507,2.1387
1.4512,2.1387
1.4518,2.1336
1.4523,2.1387
1.4529,2.1387
1.4534,2.1387
1.4540,2.1387
1.4545,2.1387
1.4551,2.1387
1.4556,2.1387
1.4562,2.1387
1.4567,2.1437
1.4573,2.1387
1.4578,2.1336
1.4584,2.1336
1.4589,2.1387
1.4595,2.1437
1.4600,2.1387
1.4606,2.1387
1.4611,2.1387
1.4617,2.1387
1.4622,2.1286
1.4628,2.1387
1.4633,2.1387
1.4639,2.1387
1.4644,2.1387
1.4649,2.1437
1.4655,2.1387
1.4660,2.1387
1.4666,2.1387
1.4671,2.1387
1.4677,2.1437
1.4682,2.1387
1.4688,2.1336
1.4693,2.1336
1.4699,2.1387
1.4704,2.1437
1.4710,2.1387
1.4715,2.1387
1.4721,2.1387
1.4726,2.1387
1.4731,2.1437
1.4737,2.1387
1.4742,2.1387
1.4748,2.1336
1.4753,2.1387
1.4759,2.1387
1.4764,2.1387
1.4770,2.1387
1.4775,2.1387
1.4781,2.1336
1.4786,2.1437
1.4792,2.1387
1.4797,2.1437
1.4803,2.1387
1.4808,2.1387
1.4814,2.1387
1.4819,2.1387
1.4825,2.1387
1.4830,2.1387
1.4836,2.1387
1.4841,2.1437
1.4847,2.1387
1.4852,2.1387
1.4858,2.1437
1.4863,2.1387
1.4869,2.1336
1.4874,2.1437
1.4880,2.1387
1.4885,2.1387
1.4890,2.1336
1.4896,2.1387
1.4901,2.1387
1.4907,2.1387
1.4914,2.1387
1.4920,2.1437
1.4926,2.1336
1.4932,2.1387
1.4938,2.1437
1.4944,2.1387
1.4950,2.1437
1.4956,2.1437
1.4962,2.1437
1.4968,2.1437
1.4974,2.1387
1.4980,2.1437
1.4986,2.1387
1.4991,2.1336
1.4997,2.1387
1.5002,2.1437
1.5008,2.1437
1.5014,2.1387
1.5020,2.1387
1.5026,2.1286
1.5031,2.1336
1.5037,2.1387
1.5042,2.1387
1.5048,2.1437
1.5054,2.1437
1.5059,2.1286
1.5064,2.1437
1.5070,2.1336
1.5075,2.1336
1.5081,2.1387
1.5086,2.1387
1.5092,2.1437
1.5098,2.1387
1.5104,2.1387
1.5109,2.1387
1.5115,2.1387
1.5121,2.1437
1.5127,2.1437
1.5133,2.1387
1.5139,2.1437
1.5144,2.1387
1.5150,2.1437
1.5156,2.1336
1.5162,2.1286
1.5168,2.1336
1.5174,2.1387
1.5180,2.1387
1.5185,2.1387
1.5191,2.1387
1.5196,2.1387
1.5202,2.1387
1.5208,2.1387
1.5214,2.1387
1.5219,2.1387
1.5225,2.1336
1.5230,2.1387
1.5236,2.1387
1.5241,2.1387
1.5247,2.1387
1.5253,2.1387
1.5258,2.1387
1.5264,2.1387
1.5269,2.1286
1.5275,2.1387
1.5280,2.1336
1.5286,2.1387
1.5291,2.1387
1.5297,2.1387
1.5302,2.1387
1.5308,2.1387
1.5313,2.1387
1.5319,2.1286
1.5324,2.1387
1.5330,2.1387
1.5335,2.1387
1.5341,2.1387
1.5346,2.1387
1.5352,2.1387
1.5357,2.1387
1.5363,2.1387
1.5369,2.1387
1.5374,2.1437
1.5380,2.1387
1.5385,2.1387
1.5391,2.1336
1.5396,2.1387
1.5402,2.1387
1.5407,2.1387
1.5413,2.1387
1.5418,2.1387
1.5424,2.1437
1.5429,2.1387
1.5435,2.1387
1.5440,2.1387
1.5446,2.1387
1.5451,2.1437
1.5457,2.1387
1.5463,2.1387
1.5469,2.1387
1.5475,2.1387
1.5480,2.1387
1.5486,2.1387
1.5491,2.1387
1.5497,2.1387
1.5502,2.1387
1.5508,2.1437
1.5513,2.1387
1.5519,2.1387
1.5524,2.1387
1.5530,2.1437
1.5535,2.1387
1.5541,2.1336
1.5546,2.1387
1.5552,2.1387
1.5557,2.1387
1.5563,2.1387
1.5569,2.1387
1.5574,2.1387
1.5580,2.1387
1.5585,2.1387
1.5591,2.1437
1.5596,2.1387
1.5602,2.1387
1.5608,2.1387
1.5614,2.1387
1.5619,2.1387
1.5625,2.1387
1.5630,2.1286
1.5635,2.1387
1.5641,2.1387
1.5646,2.1387
1.5652,2.1387
1.5657,2.1387
1.5662,2.1387
1.5668,2.1336
1.5673,2.1387
1.5679,2.1387
1.5684,2.1387
1.5689,2.1387
1.5695,2.1387
1.5700,2.1387
1.5706,2.1387
1.5711,2.1387
1.5716,2.1387
1.5722,2.1387
1.5727,2.1387
1.5733,2.1336
1.5738,2.1437
1.5743,2.1387
1.5749,2.1336
1.5754,2.1437
1.5759,2.1437
1.5765,2.1336
1.5770,2.1437
1.5776,2.1387
1.5781,2.1387
1.5787,2.1387
1.5792,2.1387
1.5797,2.1437
1.5803,2.1387
1.5808,2.1437
1.5813,2.1437
1.5819,2.1387
1.5824,2.1437
1.5830,2.1387
1.5835,2.1336
1.5840,2.1387
1.5846,2.1336
1.5851,2.1387
1.5857,2.1336
1.5862,2.1336
1.5867,2.1437
1.5873,2.1387
1.5878,2.1336
1.5884,2.1387
1.5889,2.1437
1.5894,2.1387
1.5900,2.1387
1.5905,2.1336
1.5911,2.1437
1.5916,2.1387
1.5921,2.1336
1.5927,2.1387
1.5932,2.1336
1.5937,2.1437
1.5943,2.1387
1.5949,2.1387
1.5954,2.1387
1.5959,2.1387
1.5965,2.1387
1.5970,2.1437
1.5976,2.1336
1.5981,2.1387
1.5987,2.1336
1.5992,2.1387
1.5997,2.1437
1.6003,2.1387
1.6008,2.1437
1.6013,2.1437
1.6020,2.1286
1.6025,2.1437
1.6038,2.1387
1.6044,2.1336
1.6049,2.1387
1.6055,2.1387
1.6061,2.1387
1.6066,2.1387
1.6072,2.1387
1.6077,2.1387
1.6083,2.1387
1.6089,2.1437
1.6095,2.1387
1.6102,2.1336
1.6108,2.1387
1.6114,2.1437
1.6120,2.1336
1.6125,2.1387
1.6131,2.1437
1.6137,2.1387
1.6142,2.1387
1.6148,2.1387
1.6153,2.1387
1.6159,2.1387
1.6164,2.1387
1.6169,2.1387
1.6175,2.1387
1.6180,2.1387
1.6185,2.1387
1.6191,2.1387
1.6196,2.1387
1.6202,2.1336
1.6207,2.1387
1.6212,2.1437
1.6218,2.1336
1.6223,2.1387
1.6228,2.1437
1.6234,2.1387
1.6239,2.1387
1.6244,2.1336
1.6250,2.1387
1.6255,2.1336
1.6260,2.1437
1.6266,2.1387
1.6271,2.1387
1.6277,2.1387
1.6282,2.1336
1.6287,2.1387
1.6293,2.1387
1.6299,2.1387
1.6304,2.1387
1.6309,2.1387
1.6315,2.1387
1.6320,2.1387
1.6326,2.1336
1.6331,2.1336
1.6336,2.1437
1.6342,2.1387
1.6347,2.1387
1.6352,2.1387
1.6358,2.1387
1.6364,2.1387
1.6369,2.1387
1.6375,2.1336
1.6380,2.1387
1.6386,2.1336
1.6391,2.1387
1.6396,2.1387
1.6402,2.1387
1.6407,2.1387
1.6412,2.1387
1.6418,2.1387
1.6423,2.1387
1.6428,2.1437
1.6434,2.1336
1.6439,2.1336
1.6445,2.1387
1.6450,2.1387
1.6455,2.1387
1.6461,2.1336
1.6466,2.1387
1.6471,2.1437
1.6477,2.1387
1.6482,2.1387
1.6487,2.1387
1.6493,2.1387
1.6498,2.1437
1.6504,2.1387
1.6509,2.1387
1.6514,2.1387
1.6520,2.1387
1.6525,2.1387
1.6530,2.1387
1.6536,2.1336
1.6541,2.1387
1.6546,2.1437
1.6552,2.1387
1.6557,2.1387
1.6562,2.1286
1.6568,2.1387
1.6573,2.1387
1.6579,2.1387
1.6584,2.1387
1.6589,2.1387
1.6595,2.1387
1.6600,2.1387
1.6605,2.1437
1.6611,2.1437
1.6617,2.1437
1.6622,2.1387
1.6628,2.1437
1.6633,2.1437
1.6639,2.1387
1.6644,2.1437
1.6650,2.1286
1.6656,2.1387
1.6661,2.1336
1.6667,2.1336
1.6672,2.1387
1.6678,2.1437
1.6683,2.1336
1.6689,2.1387
1.6694,2.1336
1.6699,2.1336
1.6705,2.1336
1.6710,2.1387
1.6716,2.1387
1.6721,2.1387
1.6727,2.1437
1.6732,2.1437
1.6738,2.1387
1.6743,2.1336
1.6749,2.1387
1.6754,2.1336
1.6760,2.1437
1.6765,2.1437
1.6770,2.1387
1.6776,2.1387
1.6781,2.1336
1.6787,2.1387
1.6792,2.1387
1.6798,2.1387
1.6803,2.1437
1.6809,2.1387
1.6814,2.1387
1.6820,2.1387
1.6825,2.1336
1.6831,2.1336
1.6836,2.1387
1.6841,2.1387
1.6847,2.1387
1.6852,2.1387
1.6858,2.1387
1.6864,2.1387
1.6869,2.1437
1.6875,2.1387
1.6880,2.1437
1.6886,2.1437
1.6891,2.1437
1.6897,2.1437
1.6902,2.1437
1.6908,2.1387
1.6913,2.1336
1.6919,2.1387
1.6924,2.1336
1.6930,2.1387
1.6935,2.1286
1.6941,2.1336
1.6946,2.1336
1.6952,2.1437
1.6957,2.1387
1.6963,2.1387
1.6968,2.1387
1.6974,2.1387
1.6979,2.1387
1.6985,2.1387
1.6990,2.1387
1.6996,2.1387
1.7001,2.1387
1.7007,2.1387
1.7012,2.1387
1.7018,2.1387
1.7023,2.1387
1.7029,2.1336
1.7034,2.1387
1.7040,2.1387
1.7045,2.1387
1.7051,2.1387
1.7056,2.1336
1.7062,2.1437
1.7067,2.1387
1.7073,2.1387
1.7078,2.1387
1.7084,2.1387
1.7089,2.1336
1.7095,2.1437
1.7100,2.1387
1.7106,2.1437
1.7111,2.1387
1.7117,2.1387
1.7122,2.1387
1.7128,2.1387
1.7133,2.1387
1.7139,2.1387
1.7144,2.1387
1.7150,2.1387
1.7155,2.1387
1.7161,2.1387
1.7166,2.1387
1.7172,2.1387
1.7177,2.1387
1.7183,2.1387
1.7188,2.1387
1.7194,2.1387
1.7199,2.1336
1.7205,2.1387
1.7210,2.1387
1.7216,2.1387
1.7221,2.1336
1.7227,2.1437
1.7232,2.1387
1.7238,2.1437
1.7243,2.1387
1.7249,2.1387
1.7254,2.1387
1.7260,2.1387
1.7265,2.1387
1.7271,2.1387
1.7276,2.1387
1.7282,2.1336
1.7287,2.1387
1.7293,2.1387
1.7298,2.1437
1.7304,2.1387
1.7309,2.1387
1.7315,2.1387
1.7320,2.1387
1.7326,2.1336
1.7331,2.1387
1.7337,2.1387
1.7342,2.1336
1.7348,2.1437
1.7354,2.1336
1.7359,2.1387
1.7365,2.1387
1.7370,2.1387
1.7376,2.1387
1.7381,2.1437
1.7387,2.1387
1.7392,2.1336
1.7398,2.1387
1.7403,2.1387
1.7409,2.1387
1.7414,2.1336
1.7420,2.1437
1.7425,2.1437
1.7431,2.1387
1.7436,2.1437
1.7442,2.1387
1.7447,2.1387
1.7453,2.1387
1.7458,2.1387
1.7464,2.1387
1.7469,2.1336
1.7475,2.1387
1.7480,2.1387
1.7486,2.1387
1.7491,2.1336
1.7497,2.1387
1.7502,2.1387
1.7508,2.1387
1.7513,2.1387
1.7519,2.1336
1.7524,2.1387
1.7530,2.1387
1.7535,2.1387
1.7541,2.1437
1.7546,2.1387
1.7552,2.1437
1.7557,2.1387
1.7563,2.1336
1.7568,2.1387
1.7574,2.1437
1.7579,2.1387
1.7585,2.1387
1.7590,2.1387
1.7596,2.1437
1.7601,2.1286
1.7607,2.1387
1.7612,2.1387
1.7618,2.1336
1.7624,2.1387
1.7629,2.1387
1.7635,2.1437
1.7640,2.1387
1.7646,2.1387
1.7651,2.1437
1.7657,2.1387
1.7662,2.1387
1.7668,2.1387
1.7673,2.1387
1.7679,2.1336
1.7684,2.1437
1.7690,2.1387
1.7695,2.1387
1.7701,2.1387
1.7706,2.1387
1.7712,2.1437
1.7717,2.1336
1.7723,2.1387
1.7728,2.1387
1.7734,2.1336
1.7739,2.1387
1.7745,2.1336
1.7750,2.1387
1.7756,2.1387
1.7761,2.1387
1.7767,2.1437
1.7772,2.1336
1.7778,2.1387
1.7783,2.1387
1.7789,2.1336
1.7794,2.1387
1.7800,2.1387
1.7805,2.1387
1.7811,2.1387
1.7816,2.1437
1.7822,2.1387
1.7827,2.1336
1.7833,2.1336
1.7838,2.1387
1.7844,2.1387
1.7849,2.1387
1.7855,2.1387
1.7860,2.1387
1.7866,2.1387
1.7871,2.1387
1.7877,2.1387
1.7882,2.1437
1.7888,2.1387
1.7893,2.1387
1.7899,2.1387
1.7904,2.1336
1.7910,2.1437
1.7915,2.1387
1.7921,2.1387
1.7926,2.1437
1.7932,2.1437
1.7937,2.1387
1.7943,2.1336
1.7948,2.1387
1.7954,2.1387
1.7959,2.1336
1.7965,2.1387
1.7970,2.1387
1.7976,2.1387
1.7981,2.1336
1.7987,2.1286
1.7992,2.1387
1.7998,2.1387
1.8003,2.1387
1.8009,2.1387
1.8014,2.1387
1.8020,2.1336
1.8025,2.1387
1.8031,2.1387
1.8036,2.1437
1.8042,2.1437
1.8048,2.1387
1.8053,2.1437
1.8059,2.1387
1.8064,2.1437
1.8070,2.1387
1.8075,2.1387
1.8081,2.1387
1.8086,2.1336
1.8092,2.1387
1.8097,2.1336
1.8103,2.1387
1.8108,2.1286
1.8114,2.1387
1.8119,2.1387
1.8125,2.1336
1.8130,2.1387
1.8136,2.1336
1.8141,2.1387
1.8147,2.1336
1.8152,2.1387
1.8158,2.1437
1.8163,2.1336
1.8169,2.1336
1.8174,2.1437
1.8180,2.1387
1.8185,2.1387
1.8191,2.1336
1.8196,2.1387
1.8202,2.1336
1.8207,2.1437
1.8213,2.1336
1.8218,2.1387
1.8224,2.1437
1.8229,2.1387
1.8235,2.1387
1.8240,2.1387
1.8246,2.1387
1.8251,2.1387
1.8257,2.1437
1.8262,2.1387
1.8268,2.1387
1.8273,2.1387
1.8279,2.1437
1.8284,2.1387
1.8290,2.1387
1.8295,2.1336
1.8301,2.1336
1.8306,2.1387
1.8312,2.1387
1.8317,2.1387
1.8323,2.1437
1.8328,2.1387
1.8334,2.1387
1.8339,2.1387
1.8345,2.1387
1.8350,2.1336
1.8356,2.1437
1.8361,2.1437
1.8367,2.1387
1.8372,2.1437
1.8378,2.1387
1.8383,2.1387
1.8389,2.1387
1.8394,2.1387
1.8400,2.1387
1.8405,2.1336
1.8411,2.1387
1.8416,2.1387
1.8422,2.1387
1.8427,2.1387
1.8433,2.1387
1.8438,2.1387
1.8444,2.1387
1.8449,2.1387
1.8455,2.1387
1.8460,2.1387
1.8466,2.1336
1.8471,2.1387
1.8477,2.1387
1.8482,2.1387
1.8488,2.1387
1.8493,2.1336
1.8499,2.1387
1.8504,2.1336
1.8510,2.1387
1.8515,2.1336
1.8521,2.1387
1.8526,2.1387
1.8532,2.1387
1.8537,2.1387
1.8543,2.1387
1.8548,2.1387
1.8554,2.1437
1.8559,2.1387
1.8565,2.1437
1.8570,2.1387
1.8576,2.1437
1.8581,2.1387
1.8587,2.1387
1.8592,2.1387
1.8598,2.1286
1.8603,2.1336
1.8609,2.1387
1.8614,2.1336
1.8620,2.1387
1.8626,2.1387
1.8631,2.1387
1.8637,2.1387
1.8642,2.1387
1.8648,2.1387
1.8653,2.1387
1.8659,2.1387
1.8664,2.1387
1.8670,2.1437
1.8675,2.1336
1.8681,2.1387
1.8686,2.1387
1.8692,2.1336
1.8697,2.1336
1.8703,2.1437
1.8708,2.1387
1.8714,2.1387
1.8719,2.1437
1.8725,2.1387
1.8730,2.1387
1.8736,2.1336
1.8741,2.1336
1.8747,2.1387
1.8752,2.1437
1.8758,2.1336
1.8763,2.1387
1.8769,2.1387
1.8774,2.1437
1.8780,2.1387
1.8785,2.1387
1.8791,2.1387
1.8796,2.1387
1.8802,2.1387
1.8807,2.1387
1.8813,2.1387
1.8818,2.1387
1.8824,2.1387
1.8829,2.1387
1.8835,2.1437
1.8840,2.1336
1.8846,2.1387
1.8851,2.1387
1.8857,2.1437
1.8862,2.1336
1.8868,2.1387
1.8873,2.1286
1.8879,2.1387
1.8884,2.1437
1.8890,2.1387
1.8895,2.1387
1.8901,2.1387
1.8906,2.1387
1.8912,2.1387
1.8917,2.1387
1.8923,2.1336
1.8928,2.1387
1.8934,2.1387
1.8939,2.1336
1.8945,2.1437
1.8950,2.1437
1.8956,2.1336
1.8961,2.1336
1.8967,2.1387
1.8972,2.1387
1.8978,2.1336
1.8983,2.1387
1.8989,2.1437
1.8994,2.1387
1.9000,2.1387
1.9005,2.1387
1.9011,2.1387
1.9016,2.1387
1.9022,2.1387
1.9027,2.1387
1.9033,2.1387
1.9038,2.1387
1.9044,2.1437
1.9049,2.1387
1.9055,2.1437
1.9060,2.1387
1.9066,2.1387
1.9071,2.1387
1.9077,2.1387
1.9082,2.1437
1.9088,2.1387
1.9093,2.1437
1.9099,2.1437
1.9104,2.1336
1.9110,2.1437
1.9115,2.1387
1.9121,2.1387
1.9126,2.1387
1.9132,2.1437
1.9137,2.1387
1.9143,2.1387
1.9148,2.1387
1.9154,2.1387
1.9159,2.1387
1.9165,2.1387
1.9170,2.1336
1.9176,2.1387
1.9181,2.1387
1.9187,2.1387
1.9192,2.1387
1.9198,2.1387
1.9203,2.1336
1.9209,2.1387
1.9214,2.1387
1.9220,2.1387
1.9225,2.1387
1.9231,2.1387
1.9236,2.1387
1.9242,2.1437
1.9247,2.1336
1.9253,2.1387
1.9258,2.1387
1.9264,2.1387
1.9269,2.1387
1.9275,2.1387
1.9280,2.1387
1.9286,2.1387
1.9291,2.1387
1.9297,2.1387
1.9302,2.1387
1.9308,2.1387
1.9313,2.1387
1.9319,2.1336
1.9324,2.1387
1.9330,2.1336
1.9335,2.1387
1.9341,2.1387
1.9346,2.1336
1.9352,2.1387
1.9357,2.1437
1.9363,2.1437
1.9369,2.1336
1.9374,2.1387
1.9380,2.1437
1.9385,2.1286
1.9391,2.1387
1.9396,2.1387
1.9402,2.1336
1.9407,2.1387
1.9413,2.1387
1.9418,2.1387
1.9424,2.1336
1.9429,2.1387
1.9435,2.1387
1.9440,2.1387
1.9446,2.1437
1.9451,2.1437
1.9457,2.1437
1.9462,2.1387
1.9468,2.1387
1.9473,2.1437
1.9479,2.1437
1.9484,2.1336
1.9490,2.1387
1.9495,2.1336
1.9501,2.1387
1.9506,2.1387
1.9512,2.1387
1.9517,2.1336
1.9523,2.1387
1.9528,2.1286
1.9534,2.1387
1.9539,2.1387
1.9545,2.1387
1.9550,2.1437
1.9556,2.1387
1.9561,2.1336
1.9567,2.1387
1.9572,2.1387
1.9578,2.1336
1.9583,2.1387
1.9589,2.1387
1.9594,2.1336
1.9600,2.1437
1.9605,2.1336
1.9611,2.1387
1.9616,2.1387
1.9622,2.1387
1.9627,2.1336
1.9633,2.1437
1.9638,2.1336
1.9644,2.1387
1.9649,2.1387
1.9655,2.1387
1.9660,2.1437
1.9666,2.1387
1.9671,2.1336
1.9677,2.1387
1.9682,2.1336
1.9688,2.1387
1.9693,2.1387
1.9699,2.1387
1.9704,2.1336
1.9710,2.1387
1.9715,2.1387
1.9721,2.1387
1.9726,2.1336
1.9732,2.1387
1.9737,2.1387
1.9743,2.1336
1.9748,2.1437
1.9754,2.1387
1.9759,2.1336
1.9765,2.1387
1.9770,2.1336
1.9776,2.1437
1.9781,2.1336
1.9787,2.1387
1.9792,2.1387
1.9798,2.1387
1.9803,2.1387
1.9809,2.1387
1.9814,2.1387
1.9820,2.1387
1.9825,2.1387
1.9831,2.1387
1.9836,2.1336
1.9842,2.1387
1.9847,2.1387
1.9853,2.1387
1.9858,2.1387
1.9864,2.1387
1.9870,2.1387
1.9875,2.1336
1.9881,2.1437
1.9886,2.1387
1.9892,2.1336
1.9897,2.1387
1.9903,2.1437
1.9908,2.1387
1.9914,2.1387
1.9919,2.1437
1.9925,2.1387
1.9931,2.1336
1.9937,2.1387
1.9943,2.1387
1.9948,2.1437
1.9954,2.1387
1.9960,2.1387
1.9966,2.1387
1.9971,2.1336
1.9977,2.1437
1.9983,2.1336
1.9988,2.1387
1.9994,2.1387
2.0000,2.1336
2.0005,2.1286
2.0011,2.1387
2.0016,2.1336
2.0022,2.1387
2.0027,2.1387
2.0033,2.1387
2.0038,2.1437
2.0044,2.1387
2.0049,2.1387
2.0055,2.1336
2.0060,2.1336
2.0066,2.1387
2.0071,2.1387
2.0077,2.1336
2.0083,2.1286
2.0088,2.1437
2.0094,2.1387
2.0100,2.1387
2.0106,2.1387
2.0111,2.1336
2.0117,2.1336
2.0123,2.1336
2.0128,2.1387
2.0134,2.1387
2.0140,2.1387
2.0148,2.1387
2.0154,2.1336
2.0160,2.1387
2.0166,2.1437
2.0172,2.1387
2.0177,2.1387
2.0183,2.1437
2.0188,2.1286
2.0193,2.1387
2.0199,2.1387
2.0205,2.1387
2.0210,2.1437
2.0215,2.1387
2.0221,2.1387
2.0226,2.1387
2.0232,2.1387
2.0237,2.1336
2.0243,2.1387
2.0248,2.1387
2.0254,2.1387
2.0259,2.1387
2.0265,2.1387
2.0270,2.1336
2.0276,2.1387
2.0281,2.1387
2.0287,2.1336
2.0293,2.1336
2.0299,2.1387
2.0304,2.1437
2.0310,2.1387
2.0315,2.1437
2.0321,2.1387
2.0326,2.1387
2.0332,2.1437
2.0337,2.1286
2.0343,2.1387
2.0348,2.1387
2.0354,2.1286
2.0359,2.1387
2.0365,2.1336
2.0370,2.1387
2.0376,2.1387
2.0381,2.1387
2.0386,2.1437
2.0392,2.1387
2.0397,2.1387
2.0403,2.1387
2.0408,2.1387
2.0414,2.1387
2.0419,2.1387
2.0425,2.1437
2.0430,2.1336
2.0436,2.1387
2.0441,2.1387
2.0447,2.1387
2.0452,2.1387
2.0458,2.1387
2.0463,2.1387
2.0469,2.1387
2.0474,2.1336
2.0480,2.1387
2.0485,2.1387
2.0491,2.1387
2.0496,2.1437
2.0502,2.1387
2.0507,2.1387
2.0513,2.1387
2.0519,2.1437
2.0524,2.1387
2.0529,2.1437
2.0535,2.1387
2.0540,2.1437
2.0546,2.1387
2.0551,2.1336
2.0557,2.1336
2.0562,2.1387
2.0568,2.1336
2.0573,2.1387
2.0579,2.1387
2.0584,2.1387
2.0590,2.1437
2.0595,2.1387
2.0600,2.1437
2.0606,2.1336
2.0611,2.1336
2.0617,2.1387
2.0622,2.1336
2.0628,2.1387
2.0635,2.1437
2.0640,2.1387
2.0646,2.1387
2.0651,2.1387
2.0656,2.1437
2.0662,2.1387
2.0667,2.1387
2.0673,2.1387
2.0678,2.1387
2.0683,2.1387
2.0689,2.1387
2.0694,2.1387
2.0700,2.1336
2.0705,2.1437
2.0711,2.1437
2.0717,2.1437
2.0723,2.1387
2.0729,2.1387
2.0734,2.1387
2.0740,2.1387
2.0746,2.1286
2.0752,2.1336
2.0757,2.1387
2.0763,2.1387
2.0768,2.1387
2.0774,2.1336
2.0779,2.1387
2.0785,2.1387
2.0790,2.1387
2.0796,2.1336
2.0801,2.1387
2.0807,2.1437
2.0812,2.1387
2.0818,2.1387
2.0823,2.1387
2.0829,2.1437
2.0834,2.1336
2.0839,2.1387
2.0845,2.1336
2.0850,2.1387
2.0856,2.1387
2.0861,2.1336
2.0867,2.1437
2.0872,2.1336
2.0878,2.1387
2.0883,2.1387
2.0888,2.1286
2.0894,2.1387
2.0899,2.1336
2.0905,2.1437
2.0910,2.1387
2.0916,2.1387
2.0921,2.1387
2.0927,2.1387
2.0932,2.1387
2.0937,2.1387
2.0943,2.1437
2.0948,2.1387
2.0954,2.1437
2.0959,2.1336
2.0965,2.1387
2.0970,2.1437
2.0976,2.1387
2.0981,2.1387
2.0987,2.1387
2.0992,2.1387
2.0998,2.1387
2.1003,2.1387
2.1008,2.1437
2.1014,2.1336
2.1019,2.1387
2.1025,2.1387
2.1030,2.1387
2.1036,2.1336
2.1041,2.1387
2.1046,2.1387
2.1052,2.1387
2.1057,2.1387
2.1063,2.1387
2.1068,2.1336
2.1074,2.1387
2.1079,2.1387
2.1085,2.1387
2.1090,2.1387
2.1096,2.1387
2.1101,2.1336
2.1107,2.1387
2.1112,2.1387
2.1117,2.1387
2.1123,2.1387
2.1128,2.1387
2.1134,2.1387
2.1139,2.1387
2.1145,2.1387
2.1150,2.1387
2.1156,2.1387
2.1161,2.1336
2.1166,2.1437
2.1172,2.1387
2.1177,2.1387
2.1183,2.1387
2.1188,2.1336
2.1193,2.1387
2.1199,2.1336
2.1204,2.1387
2.1210,2.1387
2.1215,2.1387
2.1220,2.1387
2.1226,2.1387
2.1231,2.1286
2.1237,2.1387
2.1242,2.1336
2.1247,2.1387
2.1253,2.1387
2.1258,2.1387
2.1264,2.1336
2.1269,2.1387
2.1275,2.1387
2.1280,2.1437
2.1285,2.1387
2.1291,2.1387
2.1296,2.1387
2.1302,2.1387
2.1307,2.1387
2.1312,2.1336
2.1318,2.1387
2.1323,2.1387
2.1329,2.1387
2.1334,2.1387
2.1339,2.1387
2.1345,2.1336
2.1350,2.1387
2.1356,2.1286
2.1361,2.1387
2.1367,2.1336
2.1372,2.1387
2.1377,2.1437
2.1383,2.1387
2.1388,2.1387
2.1394,2.1387
2.1399,2.1387
2.1405,2.1336
2.1410,2.1387
2.1415,2.1387
2.1421,2.1387
2.1426,2.1387
2.1432,2.1336
2.1437,2.1437
2.1443,2.1387
2.1448,2.1387
2.1454,2.1336
2.1459,2.1387
2.1464,2.1336
2.1470,2.1336
2.1475,2.1336
2.1481,2.1387
2.1486,2.1437
2.1492,2.1387
2.1497,2.1387
2.1502,2.1387
2.1508,2.1387
2.1513,2.1387
2.1519,2.1437
2.1524,2.1387
2.1530,2.1437
2.1535,2.1437
2.1540,2.1387
2.1546,2.1336
2.1552,2.1387
2.1557,2.1387
2.1562,2.1387
2.1568,2.1387
2.1573,2.1387
2.1579,2.1387
2.1584,2.1387
2.1590,2.1437
2.1595,2.1437
2.1601,2.1387
2.1606,2.1387
2.1611,2.1437
2.1617,2.1387
2.1622,2.1387
2.1628,2.1387
2.1633,2.1387
2.1640,2.1387
2.1645,2.1387
2.1650,2.1336
2.1656,2.1387
2.1662,2.1387
2.1667,2.1387
2.1673,2.1387
2.1678,2.1387
2.1684,2.1387
2.1689,2.1387
2.1695,2.1387
2.1700,2.1437
2.1706,2.1387
2.1711,2.1387
2.1717,2.1336
2.1722,2.1336
2.1728,2.1387
2.1733,2.1387
2.1739,2.1387
2.1744,2.1336
2.1750,2.1336
2.1755,2.1387
2.1761,2.1387
2.1766,2.1336
2.1772,2.1387
2.1777,2.1437
2.1783,2.1387
2.1788,2.1387
2.1794,2.1387
2.1799,2.1387
2.1805,2.1387
2.1810,2.1387
2.1816,2.1437
2.1821,2.1387
2.1827,2.1387
2.1832,2.1387
2.1838,2.1387
2.1843,2.1336
2.1849,2.1387
2.1854,2.1387
2.1860,2.1437
2.1865,2.1387
2.1871,2.1387
2.1876,2.1387
2.1882,2.1387
2.1887,2.1437
2.1893,2.1336
2.1898,2.1387
2.1904,2.1387
2.1909,2.1437
2.1915,2.1387
2.1920,2.1387
2.1926,2.1387
2.1931,2.1387
2.1937,2.1336
2.1942,2.1387
2.1948,2.1437
2.1953,2.1387
2.1959,2.1387
2.1964,2.1387
2.1970,2.1437
2.1975,2.1387
2.1981,2.1387
2.1986,2.1437
2.1992,2.1437
2.1997,2.1387
2.2003,2.1336
2.2008,2.1387
2.2014,2.1387
2.2019,2.1387
2.2026,2.1387
2.2032,2.1437
2.2038,2.1387
2.2044,2.1336
2.2050,2.1387
2.2056,2.1387
2.2061,2.1387
2.2069,2.1387
2.2074,2.1387
2.2080,2.1387
2.2086,2.1387
2.2091,2.1437
2.2097,2.1387
2.2103,2.1336
2.2109,2.1336
2.2115,2.1387
2.2121,2.1387
2.2126,2.1336
2.2132,2.1336
2.2137,2.1387
2.2144,2.1387
2.2149,2.1387
2.2155,2.1387
2.2160,2.1336
2.2166,2.1437
2.2172,2.1336
2.2177,2.1387
2.2183,2.1387
2.2188,2.1387
2.2194,2.1387
2.2199,2.1387
2.2205,2.1336
2.2210,2.1387
2.2216,2.1387
2.2221,2.1387
2.2227,2.1387
2.2232,2.1336
2.2238,2.1387
2.2243,2.1387
2.2249,2.1387
2.2255,2.1387
2.2260,2.1387
2.2266,2.1437
2.2271,2.1387
2.2277,2.1387
2.2282,2.1336
2.2288,2.1387
2.2293,2.1336
2.2299,2.1387
2.2305,2.1437
2.2310,2.1387
2.2316,2.1387
2.2321,2.1387
2.2327,2.1387
2.2332,2.1387
2.2338,2.1387
2.2343,2.1387
2.2349,2.1387
2.2354,2.1336
2.2360,2.1387
2.2365,2.1437
2.2371,2.1437
2.2376,2.1387
2.2382,2.1387
2.2387,2.1336
2.2393,2.1387
2.2398,2.1387
2.2404,2.1387
2.2409,2.1437
2.2415,2.1387
2.2420,2.1387
2.2426,2.1336
2.2432,2.1387
2.2438,2.1437
2.2444,2.1437
2.2449,2.1387
2.2455,2.1387
2.2460,2.1336
2.2466,2.1387
2.2471,2.1387
2.2477,2.1336
2.2482,2.1387
2.2488,2.1387
2.2493,2.1387
2.2499,2.1387
2.2504,2.1387
2.2510,2.1387
2.2515,2.1387
2.2521,2.1387
2.2526,2.1387
2.2532,2.1336
2.2537,2.1286
2.2543,2.1387
2.2548,2.1387
2.2554,2.1387
2.2560,2.1387
2.2565,2.1437
2.2571,2.1437
2.2576,2.1387
2.2582,2.1387
2.2587,2.1387
2.2593,2.1387
2.2598,2.1387
2.2604,2.1387
2.2609,2.1387
2.2615,2.1437
2.2620,2.1336
2.2626,2.1336
2.2631,2.1387
2.2637,2.1336
2.2644,2.1437
2.2649,2.1336
2.2655,2.1387
2.2660,2.1387
2.2665,2.1387
2.2671,2.1336
2.2676,2.1387
2.2682,2.1387
2.2687,2.1387
2.2692,2.1336
2.2698,2.1387
2.2703,2.1437
2.2709,2.1387
2.2714,2.1387
2.2719,2.1336
2.2725,2.1437
2.2730,2.1437
2.2736,2.1387
2.2741,2.1336
2.2746,2.1387
2.2752,2.1387
2.2757,2.1336
2.2763,2.1387
2.2768,2.1387
2.2774,2.1387
2.2779,2.1336
2.2784,2.1336
2.2790,2.1387
2.2795,2.1387
2.2801,2.1387
2.2806,2.1437
2.2811,2.1387
2.2817,2.1387
2.2822,2.1387
2.2828,2.1336
2.2833,2.1437
2.2838,2.1387
2.2844,2.1387
2.2849,2.1336
2.2855,2.1387
2.2860,2.1336
2.2865,2.1387
2.2871,2.1387
2.2876,2.1387
2.2882,2.1336
2.2887,2.1387
2.2892,2.1336
2.2898,2.1336
2.2903,2.1387
2.2909,2.1437
2.2914,2.1387
2.2919,2.1387
2.2925,2.1336
2.2930,2.1387
2.2935,2.1387
2.2941,2.1387
2.2946,2.1286
2.2952,2.1387
2.2957,2.1336
2.2963,2.1336
2.2968,2.1387
2.2974,2.1387
2.2979,2.1387
2.2985,2.1387
2.2990,2.1387
2.2995,2.1387
2.3001,2.1387
2.3006,2.1387
2.3012,2.1387
2.3017,2.1387
2.3022,2.1387
2.3028,2.1387
2.3033,2.1387
2.3039,2.1387
2.3044,2.1387
2.3049,2.1387
2.3055,2.1387
2.3060,2.1387
2.3065,2.1387
2.3071,2.1387
2.3076,2.1437
2.3082,2.1387
2.3087,2.1336
2.3092,2.1387
2.3098,2.1387
2.3103,2.1387
2.3109,2.1387
2.3114,2.1487
2.3120,2.1387
2.3125,2.1286
2.3131,2.1387
2.3136,2.1387
2.3141,2.1387
2.3147,2.1387
2.3152,2.1336
2.3158,2.1387
2.3163,2.1286
2.3168,2.1387
2.3174,2.1336
2.3179,2.1387
2.3185,2.1336
2.3190,2.1437
2.3195,2.1387
2.3201,2.1387
2.3206,2.1387
2.3212,2.1437
2.3217,2.1387
2.3223,2.1387
2.3228,2.1336
2.3233,2.1387
2.3239,2.1387
2.3244,2.1437
2.3250,2.1387
2.3255,2.1437
2.3260,2.1437
2.3266,2.1387
2.3271,2.1387
2.3277,2.1387
2.3282,2.1336
2.3287,2.1387
2.3293,2.1387
2.3298,2.1387
2.3304,2.1387
2.3309,2.1387
2.3314,2.1387
2.3320,2.1387
2.3325,2.1387
2.3331,2.1387
2.3336,2.1387
2.3341,2.1387
2.3347,2.1336
2.3352,2.1387
2.3358,2.1387
2.3363,2.1387
2.3368,2.1387
2.3374,2.1336
2.3379,2.1387
2.3385,2.1387
2.3390,2.1286
2.3395,2.1387
2.3401,2.1387
2.3406,2.1387
2.3411,2.1437
2.3417,2.1387
2.3422,2.1387
2.3428,2.1387
2.3433,2.1437
2.3438,2.1387
2.3444,2.1387
2.3449,2.1336
2.3455,2.1387
2.3460,2.1387
2.3465,2.1336
2.3471,2.1336
2.3476,2.1387
2.3482,2.1387
2.3487,2.1336
2.3492,2.1387
2.3498,2.1387
2.3503,2.1387
2.3509,2.1437
2.3514,2.1336
2.3519,2.1437
2.3525,2.1387
2.3530,2.1387
2.3536,2.1387
2.3541,2.1387
2.3546,2.1437
2.3552,2.1387
2.3557,2.1387
2.3563,2.1387
2.3568,2.1387
2.3574,2.1336
2.3579,2.1387
2.3584,2.1387
2.3590,2.1387
2.3595,2.1387
2.3601,2.1387
2.3606,2.1286
2.3611,2.1387
2.3617,2.1437
2.3622,2.1387
2.3628,2.1387
2.3633,2.1437
2.3639,2.1437
2.3644,2.1387
2.3651,2.1387
2.3656,2.1336
2.3661,2.1387
2.3667,2.1387
2.3672,2.1387
2.3678,2.1437
2.3683,2.1387
2.3689,2.1336
2.3694,2.1387
2.3700,2.1387
2.3705,2.1387
2.3711,2.1387
2.3716,2.1336
2.3722,2.1437
2.3727,2.1387
2.3733,2.1387
2.3738,2.1387
2.3744,2.1387
2.3749,2.1387
2.3755,2.1387
2.3761,2.1387
2.3766,2.1387
2.3772,2.1387
2.3777,2.1387
2.3783,2.1387
2.3788,2.1437
2.3794,2.1387
2.3799,2.1387
2.3805,2.1387
2.3810,2.1387
2.3816,2.1336
2.3821,2.1387
2.3827,2.1387
2.3832,2.1387
2.3838,2.1336
2.3843,2.1387
2.3849,2.1387
2.3854,2.1387
2.3860,2.1336
2.3865,2.1387
2.3871,2.1437
2.3876,2.1387
2.3882,2.1387
2.3887,2.1387
2.3893,2.1387
2.3898,2.1387
2.3904,2.1336
2.3909,2.1387
2.3915,2.1387
2.3920,2.1387
2.3926,2.1387
2.3931,2.1437
2.3937,2.1437
2.3942,2.1387
2.3948,2.1387
2.3953,2.1336
2.3959,2.1387
2.3965,2.1387
2.3970,2.1336
2.3976,2.1387
2.3981,2.1387
2.3987,2.1387
2.3992,2.1387
2.3998,2.1387
2.4003,2.1336
2.4009,2.1387
2.4014,2.1387
2.4020,2.1437
2.4025,2.1387
2.4031,2.1387
2.4036,2.1437
2.4042,2.1387
2.4047,2.1387
2.4053,2.1387
2.4058,2.1387
2.4064,2.1387
2.4069,2.1387
2.4075,2.1387
2.4080,2.1286
2.4086,2.1387
2.4091,2.1387
2.4097,2.1387
2.4102,2.1387
2.4108,2.1387
2.4113,2.1387
2.4119,2.1387
2.4124,2.1437
2.4130,2.1387
2.4135,2.1387
2.4141,2.1387
2.4146,2.1387
2.4152,2.1387
2.4157,2.1387
2.4163,2.1437
2.4168,2.1437
2.4174,2.1336
2.4179,2.1387
2.4185,2.1437
2.4191,2.1387
2.4196,2.1387
2.4202,2.1437
2.4207,2.1387
2.4213,2.1387
2.4218,2.1437
2.4224,2.1387
2.4229,2.1437
2.4235,2.1387
2.4240,2.1387
2.4246,2.1387
2.4251,2.1437
2.4257,2.1336
2.4262,2.1387
2.4268,2.1387
2.4273,2.1387
2.4279,2.1387
2.4284,2.1387
2.4290,2.1387
2.4295,2.1387
2.4301,2.1387
2.4306,2.1387
2.4312,2.1336
2.4317,2.1387
2.4323,2.1387
2.4328,2.1387
2.4334,2.1437
2.4340,2.1437
2.4345,2.1336
2.4351,2.1387
2.4356,2.1387
2.4362,2.1387
2.4367,2.1387
2.4373,2.1437
2.4378,2.1387
2.4384,2.1387
2.4389,2.1387
2.4395,2.1437
2.4400,2.1387
2.4406,2.1286
2.4411,2.1387
2.4417,2.1387
2.4422,2.1437
2.4428,2.1437
2.4433,2.1387
2.4439,2.1387
2.4444,2.1336
2.4450,2.1336
2.4455,2.1387
2.4461,2.1387
2.4466,2.1286
2.4472,2.1387
2.4477,2.1336
2.4483,2.1387
2.4488,2.1437
2.4494,2.1387
2.4499,2.1387
2.4505,2.1387
2.4510,2.1336
2.4516,2.1437
2.4522,2.1336
2.4527,2.1336
2.4533,2.1387
2.4538,2.1437
2.4544,2.1437
2.4549,2.1336
2.4555,2.1437
2.4560,2.1387
2.4566,2.1437
2.4571,2.1336
2.4577,2.1387
2.4582,2.1387
2.4588,2.1387
2.4593,2.1387
2.4599,2.1387
2.4604,2.1387
2.4610,2.1336
2.4615,2.1336
2.4621,2.1387
2.4626,2.1387
2.4632,2.1336
2.4637,2.1387
2.4643,2.1336
2.4648,2.1286
2.4654,2.1387
2.4659,2.1387
2.4665,2.1387
2.4670,2.1336
2.4676,2.1387
2.4681,2.1387
2.4687,2.1387
2.4692,2.1387
2.4698,2.1387
2.4703,2.1387
2.4709,2.1387
2.4714,2.1336
2.4720,2.1387
2.4725,2.1387
2.4731,2.1336
2.4736,2.1387
2.4742,2.1387
2.4747,2.1387
2.4753,2.1437
2.4758,2.1387
2.4764,2.1336
2.4769,2.1437
2.4775,2.1387
2.4780,2.1387
2.4786,2.1336
2.4791,2.1387
2.4797,2.1336
2.4802,2.1387
2.4808,2.1336
2.4813,2.1336
2.4819,2.1387
2.4824,2.1387
2.4830,2.1387
2.4835,2.1387
2.4840,2.1286
2.4846,2.1387
2.4851,2.1336
2.4857,2.1387
2.4862,2.1387
2.4868,2.1387
2.4873,2.1437
2.4879,2.1387
2.4884,2.1336
2.4890,2.1437
2.4895,2.1387
2.4901,2.1336
2.4906,2.1387
2.4912,2.1336
2.4918,2.1387
2.4923,2.1437
2.4929,2.1437
2.4935,2.1387
2.4941,2.1437
2.4947,2.1387
2.4953,2.1387
2.4959,2.1336
2.4964,2.1387
2.4970,2.1387
2.4976,2.1387
2.4982,2.1387
2.4987,2.1437
2.4993,2.1387
2.4999,2.1387
2.5004,2.1336
2.5010,2.1387
2.5016,2.1387
2.5021,2.1387
2.5027,2.1387
2.5032,2.1387
2.5038,2.1336
2.5044,2.1387
2.5049,2.1387
2.5055,2.1387
2.5060,2.1387
2.5066,2.1336
2.5071,2.1387
2.5077,2.1437
2.5083,2.1387
2.5088,2.1387
2.5094,2.1336
2.5099,2.1387
2.5105,2.1437
2.5111,2.1336
2.5116,2.1387
2.5122,2.1437
2.5128,2.1387
2.5133,2.1387
2.5139,2.1387
2.5145,2.1387
2.5151,2.1387
2.5157,2.1387
2.5163,2.1437
2.5169,2.1387
2.5174,2.1336
2.5180,2.1336
2.5186,2.1336
2.5191,2.1387
2.5197,2.1387
2.5202,2.1387
2.5208,2.1387
2.5213,2.1336
2.5219,2.1387
2.5224,2.1437
2.5230,2.1387
2.5235,2.1286
2.5241,2.1387
2.5246,2.1387
2.5252,2.1387
2.5257,2.1387
2.5263,2.1336
2.5268,2.1387
2.5274,2.1336
2.5279,2.1387
2.5285,2.1387
2.5290,2.1387
2.5296,2.1437
2.5302,2.1437
2.5307,2.1387
2.5313,2.1437
2.5318,2.1387
2.5324,2.1387
2.5329,2.1387
2.5335,2.1387
2.5340,2.1437
2.5346,2.1336
2.5351,2.1387
2.5357,2.1387
2.5362,2.1387
2.5368,2.1336
2.5373,2.1387
2.5379,2.1387
2.5384,2.1387
2.5390,2.1336
2.5395,2.1336
2.5401,2.1387
2.5406,2.1387
2.5412,2.1387
2.5417,2.1387
2.5423,2.1387
2.5428,2.1387
2.5434,2.1387
2.5439,2.1387
2.5445,2.1437
2.5450,2.1437
2.5456,2.1336
2.5461,2.1336
2.5467,2.1387
2.5472,2.1387
2.5478,2.1437
2.5483,2.1387
2.5489,2.1387
2.5494,2.1387
2.5500,2.1336
2.5505,2.1387
2.5511,2.1336
2.5516,2.1387
2.5522,2.1437
2.5527,2.1387
2.5533,2.1336
2.5538,2.1336
2.5544,2.1387
2.5549,2.1387
2.5555,2.1387
2.5560,2.1387
2.5566,2.1387
2.5571,2.1437
2.5577,2.1336
2.5582,2.1336
2.5588,2.1387
2.5593,2.1387
2.5599,2.1387
2.5604,2.1387
2.5610,2.1437
2.5615,2.1387
2.5621,2.1387
2.5626,2.1336
2.5632,2.1387
2.5637,2.1437
2.5643,2.1387
2.5648,2.1387
2.5654,2.1387
2.5659,2.1487
2.5665,2.1336
2.5670,2.1437
2.5676,2.1437
2.5681,2.1387
2.5687,2.1387
2.5692,2.1387
2.5698,2.1437
2.5703,2.1437
2.5709,2.1387
2.5714,2.1387
2.5720,2.1387
2.5725,2.1387
2.5731,2.1336
2.5736,2.1387
2.5742,2.1387
2.5747,2.1336
2.5753,2.1387
2.5758,2.1387
2.5764,2.1387
2.5769,2.1387
2.5775,2.1387
2.5780,2.1437
2.5785,2.1387
2.5791,2.1437
2.5796,2.1387
2.5802,2.1387
2.5807,2.1437
2.5813,2.1387
2.5818,2.1387
2.5824,2.1387
2.5829,2.1387
2.5834,2.1437
2.5840,2.1387
2.5845,2.1387
2.5851,2.1387
2.5856,2.1387
2.5862,2.1387
2.5867,2.1336
2.5872,2.1387
2.5878,2.1387
2.5883,2.1437
2.5889,2.1387
2.5894,2.1387
2.5900,2.1336
2.5905,2.1387
2.5911,2.1336
2.5916,2.1387
2.5921,2.1387
2.5927,2.1387
2.5932,2.1336
2.5938,2.1387
2.5943,2.1387
2.5949,2.1387
2.5954,2.1437
2.5960,2.1437
2.5965,2.1387
2.5971,2.1387
2.5976,2.1336
2.5982,2.1286
2.5987,2.1387
2.5992,2.1336
2.5998,2.1387
2.6003,2.1387
2.6009,2.1387
2.6014,2.1437
2.6020,2.1387
2.6025,2.1387
2.6030,2.1387
2.6036,2.1387
2.6041,2.1437
2.6047,2.1336
2.6052,2.1387
2.6058,2.1336
2.6063,2.1387
2.6069,2.1387
2.6074,2.1387
2.6080,2.1387
2.6085,2.1387
2.6091,2.1387
2.6096,2.1387
2.6101,2.1336
2.6107,2.1387
2.6112,2.1336
2.6118,2.1387
2.6123,2.1437
2.6129,2.1387
2.6134,2.1387
2.6139,2.1336
2.6145,2.1387
2.6150,2.1387
2.6156,2.1387
2.6161,2.1336
2.6167,2.1387
2.6172,2.1387
2.6178,2.1387
2.6183,2.1387
2.6188,2.1387
2.6194,2.1336
2.6199,2.1387
2.6205,2.1387
2.6210,2.1437
2.6216,2.1387
2.6221,2.1387
2.6227,2.1387
2.6232,2.1336
2.6237,2.1336
2.6243,2.1387
2.6248,2.1387
2.6254,2.1387
2.6259,2.1387
2.6265,2.1336
2.6270,2.1437
2.6275,2.1387
2.6281,2.1437
2.6286,2.1387
2.6292,2.1387
2.6297,2.1336
2.6303,2.1387
2.6308,2.1336
2.6314,2.1387
2.6319,2.1336
2.6324,2.1387
2.6330,2.1387
2.6335,2.1336
2.6341,2.1336
2.6346,2.1387
2.6352,2.1387
2.6357,2.1387
2.6362,2.1387
2.6368,2.1437
2.6373,2.1336
2.6379,2.1437
2.6384,2.1336
2.6390,2.1437
2.6395,2.1387
2.6401,2.1387
2.6406,2.1336
2.6411,2.1336
2.6417,2.1387
2.6422,2.1387
2.6428,2.1387
2.6433,2.1336
2.6439,2.1437
2.6444,2.1387
2.6450,2.1437
2.6455,2.1387
2.6461,2.1387
2.6466,2.1387
2.6472,2.1387
2.6477,2.1387
2.6482,2.1336
2.6488,2.1437
2.6493,2.1387
2.6499,2.1336
2.6504,2.1437
2.6510,2.1387
2.6515,2.1387
2.6521,2.1336
2.6526,2.1387
2.6531,2.1336
2.6537,2.1387
2.6542,2.1387
2.6548,2.1387
2.6553,2.1387
2.6559,2.1387
2.6564,2.1437
2.6570,2.1336
2.6575,2.1387
2.6580,2.1336
2.6586,2.1387
2.6591,2.1387
2.6597,2.1336
2.6602,2.1387
2.6608,2.1387
2.6613,2.1437
2.6618,2.1387
2.6624,2.1387
2.6629,2.1387
2.6635,2.1387
2.6640,2.1387
2.6646,2.1336
2.6651,2.1387
2.6657,2.1387
2.6662,2.1387
2.6667,2.1387
2.6673,2.1336
2.6678,2.1387
2.6684,2.1336
2.6689,2.1387
2.6695,2.1387
2.6700,2.1387
2.6706,2.1336
2.6711,2.1387
2.6717,2.1387
2.6722,2.1387
2.6728,2.1387
2.6733,2.1387
2.6739,2.1387
2.6744,2.1387
2.6750,2.1387
2.6755,2.1437
2.6761,2.1387
2.6766,2.1387
2.6772,2.1387
2.6777,2.1387
2.6783,2.1387
2.6788,2.1437
2.6794,2.1387
2.6799,2.1387
2.6805,2.1437
2.6810,2.1437
2.6816,2.1387
2.6821,2.1387
2.6827,2.1336
2.6832,2.1336
2.6838,2.1336
2.6843,2.1336
2.6849,2.1336
2.6854,2.1387
2.6860,2.1336
2.6865,2.1387
2.6871,2.1387
2.6876,2.1387
2.6882,2.1387
2.6887,2.1437
2.6893,2.1387
2.6898,2.1387
2.6904,2.1336
2.6909,2.1387
2.6915,2.1336
2.6920,2.1336
2.6926,2.1387
2.6931,2.1336
2.6937,2.1387
2.6942,2.1336
2.6948,2.1336
2.6953,2.1336
2.6959,2.1387
2.6964,2.1387
2.6970,2.1336
2.6975,2.1387
2.6981,2.1387
2.6986,2.1387
2.6992,2.1387
2.6997,2.1387
2.7003,2.1387
2.7008,2.1387
2.7014,2.1437
2.7019,2.1387
2.7025,2.1387
2.7030,2.1336
2.7036,2.1387
2.7041,2.1387
2.7047,2.1387
2.7052,2.1437
2.7058,2.1437
2.7063,2.1387
2.7069,2.1336
2.7074,2.1437
2.7080,2.1387
2.7085,2.1336
2.7091,2.1387
2.7096,2.1336
2.7102,2.1387
2.7108,2.1387
2.7113,2.1387
2.7119,2.1336
2.7124,2.1387
2.7130,2.1387
2.7135,2.1387
2.7141,2.1336
2.7146,2.1387
2.7152,2.1387
2.7157,2.1387
2.7163,2.1387
2.7169,2.1387
2.7174,2.1387
2.7180,2.1437
2.7185,2.1437
2.7191,2.1336
2.7196,2.1387
2.7202,2.1387
2.7207,2.1387
2.7213,2.1437
2.7218,2.1336
2.7224,2.1336
2.7229,2.1387
2.7235,2.1387
2.7240,2.1387
2.7246,2.1387
2.7251,2.1387
2.7257,2.1387
2.7262,2.1336
2.7268,2.1387
2.7273,2.1336
2.7279,2.1387
2.7284,2.1387
2.7290,2.1336
2.7295,2.1387
2.7301,2.1387
2.7306,2.1387
2.7312,2.1387
2.7317,2.1437
2.7323,2.1437
2.7328,2.1387
2.7334,2.1437
2.7339,2.1387
2.7345,2.1387
2.7350,2.1387
2.7356,2.1387
2.7361,2.1387
2.7367,2.1387
2.7372,2.1387
2.7378,2.1387
2.7383,2.1437
2.7389,2.1387
2.7394,2.1387
2.7400,2.1437
2.7405,2.1387
2.7411,2.1387
2.7416,2.1336
2.7422,2.1437
2.7427,2.1387
2.7433,2.1387
2.7438,2.1437
2.7444,2.1387
2.7449,2.1387
2.7455,2.1387
2.7460,2.1387
2.7466,2.1437
2.7471,2.1387
2.7477,2.1387
2.7482,2.1387
2.7488,2.1387
2.7493,2.1387
2.7499,2.1387
2.7504,2.1387
2.7510,2.1286
2.7515,2.1437
2.7521,2.1387
2.7526,2.1336
2.7532,2.1387
2.7537,2.1437
2.7543,2.1387
2.7548,2.1387
2.7554,2.1387
2.7559,2.1437
2.7565,2.1336
2.7570,2.1387
2.7576,2.1387
2.7581,2.1437
2.7587,2.1437
2.7592,2.1336
2.7598,2.1387
2.7603,2.1387
2.7609,2.1387
2.7614,2.1336
2.7620,2.1387
2.7625,2.1387
2.7631,2.1387
2.7636,2.1387
2.7642,2.1336
2.7647,2.1387
2.7653,2.1336
2.7658,2.1387
2.7664,2.1387
2.7670,2.1387
2.7675,2.1336
2.7681,2.1387
2.7686,2.1387
2.7692,2.1387
2.7697,2.1387
2.7703,2.1437
2.7708,2.1387
2.7714,2.1387
2.7719,2.1336
2.7725,2.1387
2.7730,2.1387
2.7736,2.1387
2.7741,2.1387
2.7747,2.1387
2.7752,2.1387
2.7758,2.1336
2.7763,2.1387
2.7769,2.1387
2.7774,2.1387
2.7780,2.1336
2.7785,2.1387
2.7791,2.1387
2.7796,2.1387
2.7802,2.1387
2.7807,2.1387
2.7813,2.1387
2.7818,2.1387
2.7824,2.1387
2.7829,2.1437
2.7835,2.1336
2.7841,2.1437
2.7846,2.1387
2.7852,2.1336
2.7857,2.1387
2.7863,2.1387
2.7869,2.1437
2.7875,2.1387
2.7880,2.1336
2.7885,2.1387
2.7891,2.1387
2.7896,2.1387
2.7902,2.1336
2.7907,2.1387
2.7913,2.1336
2.7918,2.1387
2.7924,2.1336
2.7929,2.1387
2.7935,2.1387
2.7940,2.1437
2.7946,2.1387
2.7951,2.1437
2.7957,2.1286
2.7962,2.1387
2.7968,2.1387
2.7973,2.1437
2.7979,2.1387
2.7984,2.1387
2.7990,2.1387
2.7995,2.1387
2.8001,2.1437
2.8006,2.1437
2.8012,2.1437
2.8017,2.1437
2.8023,2.1286
2.8029,2.1286
2.8056,2.1387
2.8062,2.1387
2.8067,2.1387
2.8073,2.1387
2.8079,2.1387
2.8084,2.1387
2.8090,2.1387
2.8095,2.1336
2.8101,2.1437
2.8107,2.1387
2.8113,2.1437
2.8119,2.1387
2.8125,2.1387
2.8130,2.1387
2.8136,2.1387
2.8143,2.1387
2.8150,2.1336
2.8155,2.1387
2.8161,2.1336
2.8166,2.1437
2.8172,2.1336
2.8177,2.1387
2.8183,2.1286
2.8188,2.1387
2.8194,2.1387
2.8199,2.1387
2.8205,2.1387
2.8210,2.1387
2.8216,2.1387
2.8221,2.1437
2.8227,2.1387
2.8232,2.1387
2.8237,2.1387
2.8243,2.1387
2.8248,2.1336
2.8254,2.1387
2.8259,2.1387
2.8265,2.1387
2.8270,2.1387
2.8276,2.1336
2.8281,2.1437
2.8287,2.1336
2.8292,2.1437
2.8298,2.1336
2.8304,2.1387
2.8309,2.1336
2.8315,2.1387
2.8320,2.1387
2.8325,2.1336
2.8331,2.1387
2.8336,2.1286
2.8342,2.1437
2.8347,2.1387
2.8353,2.1387
2.8358,2.1336
2.8364,2.1387
2.8369,2.1387
2.8375,2.1387
2.8380,2.1437
2.8386,2.1387
2.8391,2.1387
2.8397,2.1387
2.8402,2.1387
2.8408,2.1336
2.8413,2.1387
2.8418,2.1387
2.8424,2.1336
2.8429,2.1387
2.8435,2.1387
2.8440,2.1387
2.8446,2.1387
2.8451,2.1387
2.8457,2.1336
2.8462,2.1387
2.8468,2.1336
2.8473,2.1437
2.8479,2.1387
2.8484,2.1387
2.8490,2.1387
2.8495,2.1387
2.8500,2.1387
2.8506,2.1387
2.8511,2.1387
2.8517,2.1387
2.8522,2.1336
2.8528,2.1437
2.8533,2.1387
2.8539,2.1387
2.8544,2.1437
2.8550,2.1387
2.8555,2.1387
2.8561,2.1387
2.8567,2.1387
2.8572,2.1387
2.8577,2.1387
2.8583,2.1387
2.8588,2.1387
2.8594,2.1387
2.8599,2.1387
2.8605,2.1387
2.8610,2.1387
2.8616,2.1336
2.8621,2.1387
2.8627,2.1387
2.8632,2.1387
2.8638,2.1387
2.8643,2.1387
2.8648,2.1387
2.8654,2.1387
2.8659,2.1387
2.8665,2.1387
2.8670,2.1387
2.8676,2.1336
2.8681,2.1387
2.8687,2.1387
2.8692,2.1437
2.8698,2.1387
2.8703,2.1437
2.8709,2.1437
2.8714,2.1387
2.8720,2.1437
2.8725,2.1387
2.8730,2.1437
2.8736,2.1387
2.8741,2.1387
2.8747,2.1387
2.8752,2.1437
2.8758,2.1387
2.8763,2.1387
2.8769,2.1336
2.8774,2.1387
2.8780,2.1336
2.8785,2.1387
2.8791,2.1336
2.8796,2.1387
2.8802,2.1336
2.8807,2.1286
2.8812,2.1336
2.8818,2.1387
2.8823,2.1387
2.8829,2.1387
2.8834,2.1437
2.8840,2.1336
2.8845,2.1437
2.8851,2.1387
2.8856,2.1336
2.8862,2.1387
2.8867,2.1336
2.8873,2.1387
2.8878,2.1387
2.8884,2.1336
2.8889,2.1387
2.8895,2.1387
2.8900,2.1387
2.8906,2.1437
2.8911,2.1387
2.8916,2.1437
2.8922,2.1387
2.8927,2.1387
2.8933,2.1286
2.8938,2.1387
2.8944,2.1387
2.8949,2.1387
2.8955,2.1387
2.8960,2.1286
2.8966,2.1387
2.8971,2.1387
2.8977,2.1387
2.8982,2.1336
2.8988,2.1437
2.8993,2.1387
2.8999,2.1437
2.9004,2.1387
2.9010,2.1387
2.9015,2.1387
2.9021,2.1387
2.9026,2.1387
2.9032,2.1336
2.9037,2.1387
2.9043,2.1387
2.9048,2.1387
2.9054,2.1387
2.9059,2.1387
2.9065,2.1387
2.9070,2.1387
2.9076,2.1387
2.9081,2.1336
2.9087,2.1336
2.9092,2.1387
2.9098,2.1387
2.9103,2.1387
2.9109,2.1387
2.9114,2.1437
2.9120,2.1387
2.9125,2.1336
2.9131,2.1387
2.9136,2.1286
2.9142,2.1387
2.9147,2.1387
2.9153,2.1437
2.9158,2.1437
2.9164,2.1387
2.9169,2.1286
2.9175,2.1387
2.9180,2.1336
2.9186,2.1387
2.9191,2.1387
2.9197,2.1387
2.9202,2.1387
2.9208,2.1437
2.9213,2.1387
2.9219,2.1437
2.9224,2.1387
2.9230,2.1387
2.9235,2.1336
2.9241,2.1387
2.9246,2.1387
2.9252,2.1387
2.9258,2.1387
2.9263,2.1387
2.9269,2.1437
2.9274,2.1387
2.9280,2.1336
2.9285,2.1387
2.9291,2.1387
2.9296,2.1336
2.9302,2.1336
2.9307,2.1336
2.9313,2.1387
2.9318,2.1387
2.9324,2.1437
2.9329,2.1437
2.9335,2.1336
2.9340,2.1387
2.9346,2.1387
2.9352,2.1387
2.9357,2.1387
2.9363,2.1387
2.9369,2.1387
2.9374,2.1387
2.9380,2.1437
2.9386,2.1387
2.9391,2.1286
2.9397,2.1387
2.9402,2.1387
2.9408,2.1336
2.9414,2.1387
2.9419,2.1387
2.9425,2.1336
2.9430,2.1387
2.9436,2.1387
2.9441,2.1387
2.9447,2.1336
2.9452,2.1387
2.9458,2.1286
2.9464,2.1437
2.9469,2.1387
2.9475,2.1387
2.9480,2.1387
2.9486,2.1336
2.9491,2.1437
2.9497,2.1336
2.9502,2.1387
2.9508,2.1286
2.9513,2.1387
2.9519,2.1387
2.9524,2.1387
2.9530,2.1336
2.9535,2.1387
2.9541,2.1336
2.9546,2.1387
2.9552,2.1387
2.9557,2.1286
2.9563,2.1387
2.9568,2.1387
2.9574,2.1387
2.9580,2.1387
2.9585,2.1437
2.9591,2.1336
2.9596,2.1387
2.9602,2.1387
2.9607,2.1387
2.9613,2.1387
2.9618,2.1387
2.9624,2.1336
2.9629,2.1437
2.9635,2.1437
2.9640,2.1387
2.9646,2.1437
2.9651,2.1336
2.9657,2.1336
2.9662,2.1387
2.9668,2.1387
2.9675,2.1387
2.9681,2.1387
2.9686,2.1336
2.9691,2.1437
2.9697,2.1336
2.9702,2.1336
2.9708,2.1437
2.9713,2.1437
2.9718,2.1437
2.9724,2.1387
2.9729,2.1387
2.9734,2.1387
2.9740,2.1387
2.9745,2.1336
2.9750,2.1437
2.9756,2.1387
2.9761,2.1387
2.9766,2.1387
2.9772,2.1336
2.9777,2.1387
2.9783,2.1336
2.9788,2.1387
2.9793,2.1437
2.9799,2.1437
2.9804,2.1387
2.9809,2.1437
2.9815,2.1437
2.9820,2.1387
2.9825,2.1387
2.9831,2.1387
2.9836,2.1387
2.9842,2.1387
2.9847,2.1387
2.9852,2.1437
2.9858,2.1336
2.9863,2.1387
2.9868,2.1286
2.9874,2.1336
2.9879,2.1387
2.9885,2.1387
2.9890,2.1387
2.9895,2.1387
2.9901,2.1387
2.9906,2.1387
2.9912,2.1336
2.9919,2.1387
2.9925,2.1387
2.9930,2.1387
2.9936,2.1387
2.9942,2.1387
2.9948,2.1387
2.9953,2.1387
2.9959,2.1387
2.9964,2.1387
2.9971,2.1387
2.9977,2.1387
2.9983,2.1336
2.9989,2.1437
2.9994,2.1387
2.9999,2.1437
3.0005,2.1387
3.0010,2.1387
3.0015,2.1387
3.0021,2.1286
3.0026,2.1387
3.0031,2.1286
3.0037,2.1387
3.0042,2.1387
3.0048,2.1387
3.0053,2.1387
3.0059,2.1387
3.0065,2.1336
3.0071,2.1387
3.0077,2.1336
3.0082,2.1387
3.0088,2.1387
3.0094,2.1437
3.0099,2.1336
3.0105,2.1387
3.0110,2.1387
3.0116,2.1387
3.0122,2.1437
3.0127,2.1336
3.0133,2.1387
3.0138,2.1387
3.0144,2.1336
3.0150,2.1387
3.0155,2.1387
3.0161,2.1336
3.0166,2.1387
3.0171,2.1336
3.0177,2.1387
3.0182,2.1387
3.0187,2.1387
3.0193,2.1336
3.0198,2.1437
3.0203,2.1387
3.0209,2.1437
3.0214,2.1387
3.0219,2.1286
3.0225,2.1387
3.0230,2.1387
3.0235,2.1437
3.0241,2.1437
3.0246,2.1437
3.0251,2.1336
3.0257,2.1387
3.0262,2.1387
3.0267,2.1437
3.0273,2.1437
3.0278,2.1387
3.0283,2.1387
3.0289,2.1387
3.0294,2.1387
3.0299,2.1387
3.0305,2.1437
3.0310,2.1387
3.0316,2.1387
3.0321,2.1336
3.0326,2.1336
3.0332,2.1387
3.0337,2.1387
3.0342,2.1387
3.0348,2.1387
3.0353,2.1387
3.0358,2.1336
3.0364,2.1437
3.0369,2.1387
3.0374,2.1336
3.0379,2.1336
3.0385,2.1387
3.0390,2.1437
3.0395,2.1387
3.0401,2.1437
3.0406,2.1437
3.0411,2.1336
3.0417,2.1387
3.0422,2.1387
3.0427,2.1336
3.0433,2.1387
3.0438,2.1336
3.0443,2.1387
3.0449,2.1336
3.0454,2.1336
3.0459,2.1387
3.0465,2.1437
3.0470,2.1387
3.0475,2.1387
3.0481,2.1387
3.0486,2.1387
3.0491,2.1336
3.0497,2.1286
3.0502,2.1336
3.0507,2.1387
3.0513,2.1387
3.0518,2.1437
3.0523,2.1336
3.0529,2.1387
3.0534,2.1387
3.0540,2.1336
3.0545,2.1437
3.0551,2.1336
3.0556,2.1387
3.0561,2.1387
3.0567,2.1286
3.0572,2.1387
3.0577,2.1437
3.0582,2.1387
3.0588,2.1387
3.0593,2.1387
3.0598,2.1387
3.0604,2.1387
3.0609,2.1387
3.0614,2.1286
3.0620,2.1336
3.0625,2.1387
3.0630,2.1437
3.0636,2.1387
3.0641,2.1336
3.0647,2.1437
3.0653,2.1387
3.0659,2.1437
3.0664,2.1387
3.0669,2.1437
3.0676,2.1336
3.0681,2.1336
3.0686,2.1387
3.0692,2.1387
3.0697,2.1387
3.0702,2.1437
3.0708,2.1336
3.0713,2.1387
3.0719,2.1387
3.0724,2.1387
3.0729,2.1387
3.0735,2.1387
3.0740,2.1387
3.0745,2.1387
3.0751,2.1387
3.0756,2.1387
3.0761,2.1387
3.0767,2.1336
3.0772,2.1387
3.0777,2.1387
3.0783,2.1387
3.0788,2.1387
3.0794,2.1336
3.0799,2.1387
3.0804,2.1387
3.0810,2.1336
3.0815,2.1437
3.0820,2.1437
3.0826,2.1387
3.0831,2.1437
3.0836,2.1286
3.0842,2.1286
3.0847,2.1387
3.0852,2.1387
3.0858,2.1387
3.0863,2.1387
3.0869,2.1286
3.0874,2.1387
3.0879,2.1437
3.0885,2.1437
3.0890,2.1387
3.0895,2.1387
3.0901,2.1387
3.0906,2.1387
3.0911,2.1387
3.0917,2.1387
3.0922,2.1336
3.0927,2.1387
3.0933,2.1336
3.0938,2.1336
3.0944,2.1387
3.0949,2.1437
3.0954,2.1437
3.0960,2.1336
3.0965,2.1387
3.0970,2.1336
3.0976,2.1336
3.0981,2.1336
3.0986,2.1387
3.0992,2.1286
3.0997,2.1387
3.1002,2.1387
3.1008,2.1387
3.1013,2.1437
3.1019,2.1437
3.1024,2.1437
3.1029,2.1437
3.1035,2.1336
3.1040,2.1387
3.1045,2.1387
3.1051,2.1387
3.1056,2.1387
3.1061,2.1336
3.1067,2.1336
3.1072,2.1437
3.1077,2.1387
3.1083,2.1387
3.1088,2.1387
3.1094,2.1387
3.1099,2.1387
3.1105,2.1437
3.1110,2.1387
3.1115,2.1387
3.1121,2.1387
3.1126,2.1387
3.1132,2.1387
3.1137,2.1437
3.1142,2.1387
3.1148,2.1387
3.1153,2.1387
3.1158,2.1387
3.1164,2.1437
3.1169,2.1437
3.1175,2.1387
3.1180,2.1387
3.1185,2.1336
3.1191,2.1387
3.1196,2.1336
3.1202,2.1336
3.1207,2.1387
3.1212,2.1387
3.1218,2.1387
3.1223,2.1336
3.1228,2.1336
3.1234,2.1387
3.1239,2.1387
3.1245,2.1387
3.1250,2.1387
3.1255,2.1437
3.1261,2.1437
3.1266,2.1387
3.1272,2.1387
3.1277,2.1387
3.1282,2.1387
3.1288,2.1336
3.1293,2.1336
3.1299,2.1387
3.1304,2.1387
3.1309,2.1387
3.1315,2.1387
3.1320,2.1387
3.1325,2.1387
3.1331,2.1387
3.1336,2.1387
3.1342,2.1336
3.1347,2.1387
3.1353,2.1387
3.1358,2.1387
3.1363,2.1286
3.1369,2.1336
3.1374,2.1336
3.1380,2.1286
3.1385,2.1387
3.1390,2.1387
3.1396,2.1387
3.1401,2.1336
3.1407,2.1387
3.1412,2.1387
3.1417,2.1437
3.1423,2.1387
3.1428,2.1387
3.1433,2.1387
3.1439,2.1336
3.1444,2.1336
3.1450,2.1387
3.1455,2.1387
3.1460,2.1387
3.1466,2.1387
3.1471,2.1387
3.1477,2.1387
3.1482,2.1387
3.1487,2.1387
3.1493,2.1286
3.1498,2.1387
3.1504,2.1387
3.1509,2.1387
3.1514,2.1387
3.1520,2.1387
3.1525,2.1336
3.1530,2.1387
3.1536,2.1387
3.1541,2.1336
3.1547,2.1437
3.1552,2.1336
3.1557,2.1387
3.1563,2.1387
3.1569,2.1387
3.1574,2.1437
3.1580,2.1387
3.1585,2.1336
3.1590,2.1387
3.1596,2.1387
3.1601,2.1336
3.1606,2.1387
3.1612,2.1437
3.1617,2.1437
3.1623,2.1387
3.1628,2.1387
3.1633,2.1437
3.1639,2.1387
3.1644,2.1336
3.1650,2.1387
3.1655,2.1437
3.1660,2.1437
3.1666,2.1387
3.1671,2.1387
3.1677,2.1387
3.1683,2.1336
3.1688,2.1387
3.1694,2.1387
3.1699,2.1387
3.1705,2.1336
3.1710,2.1387
3.1716,2.1336
3.1721,2.1387
3.1727,2.1387
3.1732,2.1387
3.1738,2.1387
3.1743,2.1387
3.1749,2.1387
3.1754,2.1437
3.1760,2.1336
3.1765,2.1387
3.1771,2.1286
3.1776,2.1437
3.1782,2.1387
3.1787,2.1387
3.1793,2.1387
3.1798,2.1437
3.1804,2.1387
3.1809,2.1387
3.1815,2.1387
3.1820,2.1387
3.1826,2.1336
3.1831,2.1387
3.1837,2.1387
3.1842,2.1437
3.1848,2.1387
3.1853,2.1387
3.1859,2.1387
3.1864,2.1387
3.1870,2.1336
3.1875,2.1437
3.1881,2.1286
3.1886,2.1437
3.1892,2.1387
3.1897,2.1387
3.1903,2.1387
3.1908,2.1387
3.1914,2.1437
3.1919,2.1336
3.1925,2.1387
3.1930,2.1336
3.1936,2.1387
3.1941,2.1336
3.1947,2.1437
3.1952,2.1387
3.1958,2.1387
3.1963,2.1336
3.1969,2.1437
3.1974,2.1336
3.1980,2.1387
3.1985,2.1336
3.1991,2.1387
3.1996,2.1336
3.2002,2.1387
3.2007,2.1387
3.2013,2.1387
3.2018,2.1286
3.2024,2.1336
3.2030,2.1387
3.2035,2.1387
3.2041,2.1387
3.2046,2.1437
3.2052,2.1387
3.2057,2.1286
3.2063,2.1387
3.2068,2.1387
3.2074,2.1336
3.2079,2.1437
3.2085,2.1387
3.2090,2.1387
3.2096,2.1387
3.2101,2.1387
3.2107,2.1387
3.2112,2.1387
3.2118,2.1387
3.2123,2.1387
3.2129,2.1336
3.2134,2.1387
3.2140,2.1387
3.2145,2.1286
3.2151,2.1336
3.2156,2.1387
3.2162,2.1286
3.2167,2.1387
3.2173,2.1387
3.2178,2.1387
3.2184,2.1336
3.2189,2.1387
3.2195,2.1437
3.2200,2.1336
3.2206,2.1387
3.2211,2.1387
3.2217,2.1437
3.2222,2.1336
3.2228,2.1387
3.2233,2.1387
3.2239,2.1387
3.2244,2.1336
3.2250,2.1387
3.2255,2.1437
3.2261,2.1437
3.2266,2.1437
3.2272,2.1387
3.2277,2.1387
3.2283,2.1387
3.2288,2.1387
3.2294,2.1437
3.2299,2.1387
3.2305,2.1387
3.2310,2.1387
3.2316,2.1387
3.2321,2.1437
3.2327,2.1387
3.2332,2.1437
3.2338,2.1387
3.2343,2.1286
3.2349,2.1437
3.2354,2.1387
3.2360,2.1387
3.2365,2.1437
3.2371,2.1387
3.2376,2.1387
3.2382,2.1437
3.2387,2.1437
3.2393,2.1387
3.2398,2.1387
3.2404,2.1437
3.2409,2.1437
3.2415,2.1387
3.2420,2.1387
3.2426,2.1437
3.2431,2.1437
3.2437,2.1387
3.2442,2.1336
3.2448,2.1437
3.2453,2.1437
3.2459,2.1387
3.2464,2.1387
3.2470,2.1387
3.2475,2.1437
3.2481,2.1437
3.2486,2.1387
3.2492,2.1387
3.2497,2.1336
3.2502,2.1336
3.2508,2.1387
3.2513,2.1286
3.2519,2.1437
3.2524,2.1336
3.2531,2.1387
3.2536,2.1336
3.2542,2.1387
3.2547,2.1437
3.2553,2.1387
3.2559,2.1387
3.2564,2.1387
3.2570,2.1387
3.2575,2.1387
3.2581,2.1387
3.2586,2.1437
3.2592,2.1387
3.2597,2.1387
3.2603,2.1387
3.2608,2.1387
3.2613,2.1437
3.2619,2.1336
3.2624,2.1387
3.2630,2.1336
3.2635,2.1387
3.2641,2.1286
3.2646,2.1437
3.2652,2.1336
3.2657,2.1286
3.2663,2.1387
3.2668,2.1437
3.2674,2.1336
3.2679,2.1387
3.2685,2.1286
3.2690,2.1387
3.2696,2.1437
3.2701,2.1387
3.2707,2.1387
3.2712,2.1387
3.2718,2.1387
3.2723,2.1387
3.2729,2.1437
3.2734,2.1437
3.2740,2.1387
3.2745,2.1387
3.2751,2.1387
3.2756,2.1387
3.2762,2.1387
3.2767,2.1336
3.2773,2.1387
3.2778,2.1387
3.2784,2.1437
3.2789,2.1387
3.2794,2.1387
3.2800,2.1387
3.2805,2.1387
3.2811,2.1387
3.2816,2.1336
3.2822,2.1387
3.2827,2.1336
3.2833,2.1387
3.2838,2.1387
3.2844,2.1387
3.2849,2.1387
3.2855,2.1387
3.2860,2.1336
3.2876,2.1387
3.2882,2.1336
3.2888,2.1387
3.2893,2.1387
3.2899,2.1387
3.2905,2.1336
3.2910,2.1387
3.2916,2.1336
3.2921,2.1387
3.2927,2.1387
3.2932,2.1387
3.2938,2.1387
3.2943,2.1387
3.2949,2.1387
3.2954,2.1437
3.2959,2.1437
3.2965,2.1336
3.2970,2.1387
3.2976,2.1387
3.2981,2.1387
3.2987,2.1437
3.2992,2.1336
3.2998,2.1286
3.3003,2.1437
3.3009,2.1387
3.3014,2.1387
3.3020,2.1387
3.3025,2.1387
3.3030,2.1387
3.3036,2.1437
3.3041,2.1387
3.3047,2.1437
3.3052,2.1336
3.3058,2.1387
3.3063,2.1387
3.3069,2.1336
3.3074,2.1387
3.3080,2.1286
3.3085,2.1437
3.3091,2.1387
3.3096,2.1336
3.3102,2.1387
3.3107,2.1387
3.3113,2.1387
3.3118,2.1387
3.3123,2.1387
3.3129,2.1336
3.3134,2.1387
3.3140,2.1387
3.3145,2.1387
3.3151,2.1387
3.3156,2.1387
3.3162,2.1286
3.3167,2.1336
3.3173,2.1336
3.3178,2.1336
3.3184,2.1387
3.3189,2.1387
3.3195,2.1336
3.3200,2.1387
3.3205,2.1387
3.3211,2.1387
3.3216,2.1387
3.3222,2.1336
3.3227,2.1437
3.3233,2.1387
3.3238,2.1437
3.3244,2.1387
3.3249,2.1387
3.3255,2.1336
3.3260,2.1437
3.3266,2.1387
3.3271,2.1387
3.3277,2.1387
3.3282,2.1387
3.3287,2.1437
3.3293,2.1387
3.3298,2.1387
3.3304,2.1336
3.3309,2.1387
3.3315,2.1387
3.3320,2.1437
3.3326,2.1387
3.3331,2.1286
3.3337,2.1387
3.3342,2.1336
3.3348,2.1387
3.3353,2.1387
3.3359,2.1387
3.3364,2.1387
3.3369,2.1387
3.3375,2.1387
3.3380,2.1387
3.3386,2.1437
3.3391,2.1387
3.3397,2.1387
3.3402,2.1387
3.3408,2.1387
3.3413,2.1387
3.3419,2.1387
3.3424,2.1336
3.3430,2.1336
3.3435,2.1336
3.3441,2.1387
3.3446,2.1387
3.3452,2.1336
3.3457,2.1387
3.3463,2.1387
3.3469,2.1387
3.3474,2.1387
3.3480,2.1387
3.3485,2.1437
3.3491,2.1387
3.3496,2.1336
3.3501,2.1437
3.3507,2.1387
3.3512,2.1387
3.3518,2.1336
3.3523,2.1437
3.3529,2.1387
3.3534,2.1336
3.3540,2.1387
3.3545,2.1387
3.3551,2.1387
3.3556,2.1336
3.3562,2.1387
3.3567,2.1387
3.3573,2.1387
3.3578,2.1336
3.3583,2.1387
3.3589,2.1387
3.3594,2.1437
3.3600,2.1387
3.3605,2.1387
3.3611,2.1387
3.3616,2.1387
3.3622,2.1387
3.3627,2.1387
3.3633,2.1387
3.3638,2.1387
3.3644,2.1336
3.3649,2.1336
3.3655,2.1336
3.3660,2.1387
3.3665,2.1387
3.3671,2.1387
3.3676,2.1387
3.3682,2.1336
3.3687,2.1336
3.3693,2.1387
3.3699,2.1387
3.3704,2.1336
3.3710,2.1336
3.3715,2.1387
3.3720,2.1387
3.3726,2.1387
3.3731,2.1387
3.3737,2.1437
3.3742,2.1286
3.3748,2.1387
3.3753,2.1387
3.3759,2.1336
3.3764,2.1387
3.3770,2.1387
3.3775,2.1387
3.3781,2.1387
3.3786,2.1336
3.3792,2.1387
3.3797,2.1336
3.3803,2.1437
3.3808,2.1387
3.3813,2.1387
3.3819,2.1387
3.3824,2.1387
3.3830,2.1336
3.3835,2.1387
3.3841,2.1286
3.3846,2.1387
3.3852,2.1387
3.3857,2.1387
3.3863,2.1387
3.3868,2.1437
3.3874,2.1437
3.3879,2.1387
3.3885,2.1387
3.3890,2.1336
3.3896,2.1387
3.3901,2.1336
3.3907,2.1387
3.3912,2.1387
3.3918,2.1387
3.3923,2.1387
3.3928,2.1387
3.3934,2.1387
3.3939,2.1437
3.3945,2.1437
3.3950,2.1437
3.3956,2.1336
3.3961,2.1286
3.3967,2.1387
3.3972,2.1336
3.3978,2.1336
3.3983,2.1336
3.3989,2.1387
3.3994,2.1437
3.4000,2.1437
3.4005,2.1336
3.4010,2.1336
3.4016,2.1336
3.4021,2.1387
3.4027,2.1336
3.4033,2.1437
3.4038,2.1387
3.4044,2.1437
3.4050,2.1336
3.4056,2.1387
3.4062,2.1437
3.4067,2.1437
3.4073,2.1387
3.4080,2.1387
3.4086,2.1387
3.4091,2.1437
3.4097,2.1387
3.4103,2.1387
3.4108,2.1336
3.4114,2.1387
3.4119,2.1387
3.4125,2.1387
3.4131,2.1387
3.4136,2.1437
3.4142,2.1387
3.4148,2.1336
3.4154,2.1387
3.4159,2.1437
3.4165,2.1387
3.4171,2.1387
3.4176,2.1286
3.4182,2.1336
3.4187,2.1437
3.4193,2.1387
3.4198,2.1387
3.4203,2.1387
3.4209,2.1336
3.4214,2.1387
3.4220,2.1387
3.4225,2.1336
3.4231,2.1387
3.4236,2.1387
3.4242,2.1387
3.4247,2.1437
3.4252,2.1387
3.4258,2.1387
3.4264,2.1437
3.4269,2.1387
3.4274,2.1336
3.4280,2.1387
3.4285,2.1336
3.4291,2.1387
3.4296,2.1387
3.4302,2.1387
3.4307,2.1387
3.4313,2.1387
3.4318,2.1336
3.4324,2.1437
3.4329,2.1387
3.4335,2.1387
3.4340,2.1336
3.4346,2.1336
3.4351,2.1387
3.4356,2.1387
3.4362,2.1437
3.4369,2.1387
3.4375,2.1387
3.4380,2.1336
3.4386,2.1437
3.4391,2.1387
3.4397,2.1387
3.4402,2.1387
3.4408,2.1387
3.4413,2.1336
3.4418,2.1437
3.4424,2.1437
3.4429,2.1387
3.4435,2.1387
3.4440,2.1387
3.4446,2.1387
3.4451,2.1387
3.4456,2.1387
3.4462,2.1437
3.4467,2.1387
3.4473,2.1336
3.4478,2.1387
3.4484,2.1336
3.4489,2.1387
3.4494,2.1336
3.4500,2.1387
3.4505,2.1387
3.4511,2.1286
3.4516,2.1387
3.4522,2.1387
3.4527,2.1387
3.4533,2.1387
3.4538,2.1387
3.4543,2.1336
3.4549,2.1387
3.4554,2.1387
3.4560,2.1387
3.4565,2.1387
3.4571,2.1387
3.4576,2.1387
3.4583,2.1387
3.4589,2.1387
3.4595,2.1387
3.4600,2.1387
3.4606,2.1387
3.4611,2.1387
3.4617,2.1336
3.4622,2.1387
3.4627,2.1437
3.4633,2.1336
3.4638,2.1336
3.4644,2.1387
3.4649,2.1387
3.4655,2.1387
3.4660,2.1387
3.4665,2.1336
3.4671,2.1336
3.4676,2.1387
3.4682,2.1437
3.4687,2.1387
3.4693,2.1437
3.4699,2.1387
3.4705,2.1387
3.4710,2.1336
3.4715,2.1336
3.4721,2.1387
3.4726,2.1387
3.4731,2.1437
3.4736,2.1387
3.4741,2.1387
3.4747,2.1336
3.4752,2.1387
3.4757,2.1387
3.4762,2.1387
3.4768,2.1336
3.4773,2.1387
3.4778,2.1387
3.4783,2.1437
3.4788,2.1336
3.4794,2.1437
3.4799,2.1387
3.4804,2.1387
3.4809,2.1336
3.4814,2.1387
3.4820,2.1387
3.4825,2.1387
3.4830,2.1437
3.4835,2.1387
3.4841,2.1387
3.4846,2.1336
3.4851,2.1387
3.4856,2.1387
3.4861,2.1336
3.4867,2.1387
3.4872,2.1387
3.4877,2.1437
3.4882,2.1437
3.4887,2.1387
3.4893,2.1336
3.4898,2.1387
3.4903,2.1387
3.4908,2.1387
3.4914,2.1387
3.4919,2.1437
3.4924,2.1437
3.4930,2.1387
3.4936,2.1336
3.4941,2.1437
3.4946,2.1437
3.4952,2.1387
3.4957,2.1336
3.4963,2.1387
3.4969,2.1387
3.4974,2.1437
3.4979,2.1387
3.4984,2.1387
3.4990,2.1336
3.4995,2.1437
3.5000,2.1437
3.5005,2.1286
3.5011,2.1336
3.5016,2.1336
3.5022,2.1387
3.5028,2.1387
3.5033,2.1437
3.5038,2.1387
3.5044,2.1437
3.5050,2.1336
3.5055,2.1286
3.5060,2.1387
3.5066,2.1387
3.5071,2.1387
3.5076,2.1336
3.5081,2.1387
3.5086,2.1387
3.5092,2.1387
3.5097,2.1336
3.5102,2.1286
3.5107,2.1387
3.5112,2.1387
3.5118,2.1387
3.5123,2.1387
3.5128,2.1387
3.5133,2.1387
3.5138,2.1437
3.5144,2.1437
3.5149,2.1336
3.5154,2.1336
3.5159,2.1387
3.5165,2.1387
3.5170,2.1387
3.5175,2.1387
3.5180,2.1336
3.5185,2.1387
3.5191,2.1387
3.5196,2.1387
3.5201,2.1387
3.5206,2.1387
3.5211,2.1387
3.5217,2.1387
3.5222,2.1387
3.5227,2.1437
3.5232,2.1387
3.5237,2.1387
3.5243,2.1387
3.5248,2.1387
3.5253,2.1336
3.5258,2.1336
3.5264,2.1387
3.5269,2.1387
3.5274,2.1286
3.5279,2.1387
3.5284,2.1387
3.5290,2.1387
3.5295,2.1437
3.5300,2.1336
3.5305,2.1336
3.5311,2.1387
3.5316,2.1387
3.5321,2.1387
3.5326,2.1286
3.5331,2.1336
3.5337,2.1387
3.5342,2.1387
3.5347,2.1387
3.5352,2.1336
3.5357,2.1387
3.5363,2.1387
3.5368,2.1387
3.5373,2.1336
3.5378,2.1336
3.5383,2.1387
3.5389,2.1387
3.5394,2.1387
3.5399,2.1336
3.5404,2.1387
3.5409,2.1387
3.5415,2.1387
3.5420,2.1387
3.5425,2.1387
3.5430,2.1387
3.5435,2.1387
3.5441,2.1336
3.5446,2.1387
3.5451,2.1387
3.5456,2.1387
3.5461,2.1387
3.5467,2.1286
3.5472,2.1437
3.5477,2.1387
3.5482,2.1387
3.5487,2.1387
3.5493,2.1336
3.5498,2.1336
3.5503,2.1336
3.5508,2.1387
3.5514,2.1387
3.5519,2.1387
3.5524,2.1387
3.5529,2.1387
3.5534,2.1336
3.5540,2.1387
3.5545,2.1387
3.5550,2.1387
3.5555,2.1387
3.5560,2.1387
3.5566,2.1336
3.5571,2.1437
3.5576,2.1387
3.5581,2.1387
3.5586,2.1437
3.5592,2.1387
3.5597,2.1437
3.5602,2.1336
3.5607,2.1336
3.5612,2.1336
3.5618,2.1387
3.5623,2.1387
3.5628,2.1336
3.5633,2.1387
3.5638,2.1387
3.5644,2.1387
3.5649,2.1286
3.5654,2.1336
3.5659,2.1387
3.5664,2.1387
3.5670,2.1387
3.5675,2.1336
3.5680,2.1387
3.5685,2.1387
3.5690,2.1387
3.5696,2.1387
3.5701,2.1437
3.5706,2.1387
3.5711,2.1387
3.5716,2.1286
3.5722,2.1387
3.5727,2.1336
3.5732,2.1387
3.5737,2.1387
3.5742,2.1387
3.5748,2.1437
3.5753,2.1387
3.5758,2.1387
3.5763,2.1387
3.5769,2.1437
3.5833,2.1387
3.5838,2.1387
3.5843,2.1387
3.5848,2.1336
3.5854,2.1387
3.5859,2.1387
3.5864,2.1437
3.5869,2.1387
3.5874,2.1387
3.5880,2.1387
3.5885,2.1387
3.5890,2.1387
3.5895,2.1387
3.5900,2.1336
3.5906,2.1336
3.5911,2.1387
3.5916,2.1387
3.5921,2.1437
3.5927,2.1387
3.5932,2.1387
3.5937,2.1437
3.5942,2.1437
3.5947,2.1387
3.5953,2.1336
3.5958,2.1336
3.5963,2.1387
3.5968,2.1437
3.5974,2.1387
3.5979,2.1387
3.5984,2.1437
3.5989,2.1437
3.5994,2.1387
3.6000,2.1387
3.6005,2.1387
3.6010,2.1387
3.6015,2.1387
3.6021,2.1387
3.6026,2.1336
3.6031,2.1437
3.6036,2.1387
3.6042,2.1336
3.6047,2.1336
3.6052,2.1387
3.6058,2.1387
3.6063,2.1387
3.6068,2.1387
3.6073,2.1437
3.6079,2.1336
3.6084,2.1387
3.6089,2.1437
3.6094,2.1437
3.6102,2.1387
3.6107,2.1387
3.6112,2.1387
3.6121,2.1336
3.6126,2.1336
3.6131,2.1387
3.6137,2.1387
3.6142,2.1336
3.6148,2.1437
3.6153,2.1437
3.6158,2.1437
3.6164,2.1387
3.6169,2.1437
3.6174,2.1336
3.6179,2.1387
3.6184,2.1387
3.6190,2.1336
3.6195,2.1437
3.6200,2.1437
3.6205,2.1387
3.6210,2.1336
3.6216,2.1336
3.6221,2.1387
3.6226,2.1387
3.6231,2.1387
3.6237,2.1387
3.6242,2.1437
3.6247,2.1387
3.6252,2.1387
3.6257,2.1437
3.6263,2.1387
3.6268,2.1336
3.6273,2.1336
3.6279,2.1387
3.6284,2.1387
3.6289,2.1387
3.6294,2.1336
3.6299,2.1387
3.6305,2.1336
3.6310,2.1437
3.6315,2.1387
3.6320,2.1387
3.6325,2.1387
3.6331,2.1387
3.6336,2.1387
3.6341,2.1336
3.6346,2.1387
3.6351,2.1437
3.6357,2.1336
3.6362,2.1437
3.6367,2.1387
3.6372,2.1387
3.6377,2.1387
3.6383,2.1336
3.6388,2.1336
3.6393,2.1437
3.6398,2.1387
3.6404,2.1387
3.6409,2.1387
3.6414,2.1387
3.6419,2.1286
3.6424,2.1336
3.6430,2.1387
3.6435,2.1387
3.6440,2.1387
3.6445,2.1387
3.6450,2.1336
3.6456,2.1387
3.6461,2.1387
3.6466,2.1286
3.6471,2.1437
3.6476,2.1437
3.6482,2.1387
3.6487,2.1336
3.6492,2.1286
3.6497,2.1387
3.6502,2.1437
3.6508,2.1387
3.6513,2.1336
3.6518,2.1387
3.6523,2.1387
3.6528,2.1387
3.6534,2.1387
3.6539,2.1336
3.6544,2.1387
3.6549,2.1387
3.6554,2.1387
3.6560,2.1286
3.6565,2.1336
3.6570,2.1387
3.6575,2.1387
3.6580,2.1387
3.6586,2.1387
3.6591,2.1437
3.6596,2.1286
3.6601,2.1286
3.6606,2.1387
3.6612,2.1387
3.6617,2.1387
3.6622,2.1336
3.6627,2.1387
3.6632,2.1437
3.6638,2.1387
3.6643,2.1387
3.6648,2.1387
3.6653,2.1437
3.6659,2.1437
3.6664,2.1387
3.6669,2.1387
3.6674,2.1387
3.6679,2.1387
3.6685,2.1437
3.6690,2.1387
3.6695,2.1387
3.6700,2.1387
3.6705,2.1437
3.6711,2.1336
3.6716,2.1387
3.6721,2.1387
3.6726,2.1387
3.6731,2.1437
3.6737,2.1336
3.6742,2.1387
3.6747,2.1387
3.6752,2.1387
3.6757,2.1387
3.6763,2.1387
3.6768,2.1387
3.6773,2.1387
3.6778,2.1387
3.6784,2.1437
3.6789,2.1387
3.6794,2.1387
3.6799,2.1437
3.6805,2.1336
3.6810,2.1286
3.6815,2.1336
3.6820,2.1387
3.6825,2.1437
3.6831,2.1387
3.6836,2.1437
3.6841,2.1387
3.6846,2.1336
3.6852,2.1437
3.6857,2.1387
3.6862,2.1387
3.6867,2.1387
3.6872,2.1387
3.6878,2.1387
3.6883,2.1387
3.6888,2.1387
3.6893,2.1387
3.6899,2.1437
3.6904,2.1336
3.6909,2.1437
3.6914,2.1387
3.6920,2.1286
3.6925,2.1387
3.6930,2.1437
3.6935,2.1387
3.6940,2.1387
3.6946,2.1387
3.6951,2.1387
3.6956,2.1286
3.6961,2.1387
3.6967,2.1387
3.6972,2.1286
3.6977,2.1336
3.6982,2.1336
3.6987,2.1387
3.6993,2.1387
3.6998,2.1387
3.7003,2.1437
3.7008,2.1387
3.7014,2.1286
3.7019,2.1437
3.7024,2.1437
3.7029,2.1387
3.7034,2.1387
3.7040,2.1387
3.7045,2.1336
3.7050,2.1387
3.7055,2.1387
3.7060,2.1336
3.7066,2.1387
3.7071,2.1387
3.7076,2.1387
3.7081,2.1387
3.7087,2.1387
3.7092,2.1387
3.7097,2.1387
3.7102,2.1387
3.7107,2.1437
3.7113,2.1387
3.7118,2.1437
3.7123,2.1437
3.7129,2.1387
3.7134,2.1286
3.7139,2.1336
3.7144,2.1387
3.7149,2.1387
3.7155,2.1336
3.7160,2.1387
3.7165,2.1387
3.7170,2.1387
3.7176,2.1387
3.7181,2.1286
3.7186,2.1387
3.7191,2.1336
3.7196,2.1336
3.7202,2.1387
3.7207,2.1387
3.7212,2.1387
3.7217,2.1387
3.7222,2.1387
3.7228,2.1336
3.7233,2.1387
3.7238,2.1437
3.7243,2.1387
3.7249,2.1336
3.7254,2.1286
3.7259,2.1387
3.7264,2.1387
3.7269,2.1437
3.7275,2.1387
3.7280,2.1387
3.7285,2.1286
3.7290,2.1336
3.7296,2.1437
3.7301,2.1387
3.7306,2.1387
3.7311,2.1387
3.7316,2.1437
3.7322,2.1437
3.7327,2.1387
3.7332,2.1437
3.7337,2.1387
3.7343,2.1387
3.7348,2.1387
3.7353,2.1387
3.7358,2.1387
3.7363,2.1387
3.7369,2.1387
3.7374,2.1437
3.7379,2.1437
3.7384,2.1387
3.7389,2.1286
3.7395,2.1336
3.7400,2.1387
3.7405,2.1387
3.7410,2.1437
3.7416,2.1387
3.7421,2.1387
3.7426,2.1437
3.7431,2.1437
3.7436,2.1387
3.7442,2.1336
3.7447,2.1387
3.7452,2.1387
3.7457,2.1387
3.7463,2.1387
3.7468,2.1286
3.7473,2.1387
3.7478,2.1387
3.7484,2.1387
3.7489,2.1387
3.7494,2.1387
3.7499,2.1387
3.7505,2.1387
3.7510,2.1387
3.7515,2.1387
3.7520,2.1387
3.7525,2.1336
3.7531,2.1336
3.7536,2.1437
3.7541,2.1387
3.7546,2.1336
3.7552,2.1387
3.7557,2.1387
3.7562,2.1387
3.7567,2.1387
3.7573,2.1336
3.7578,2.1437
3.7583,2.1387
3.7588,2.1387
3.7593,2.1387
3.7599,2.1336
3.7604,2.1387
3.7609,2.1387
3.7614,2.1387
3.7620,2.1387
3.7625,2.1336
3.7630,2.1286
3.7635,2.1387
3.7640,2.1387
3.7646,2.1387
3.7651,2.1336
3.7656,2.1336
3.7661,2.1336
3.7667,2.1387
3.7672,2.1387
3.7677,2.1387
3.7682,2.1387
3.7687,2.1336
3.7693,2.1336
3.7698,2.1336
3.7703,2.1437
3.7708,2.1387
3.7713,2.1387
3.7719,2.1387
3.7724,2.1336
3.7729,2.1336
3.7734,2.1387
3.7740,2.1387
3.7745,2.1387
3.7750,2.1336
3.7755,2.1336
3.7760,2.1387
3.7766,2.1437
3.7771,2.1387
3.7776,2.1387
3.7781,2.1387
3.7787,2.1286
3.7792,2.1387
3.7797,2.1387
3.7802,2.1387
3.7807,2.1387
3.7813,2.1387
3.7818,2.1437
3.7823,2.1387
3.7829,2.1437
3.7834,2.1387
3.7839,2.1437
3.7844,2.1387
3.7850,2.1336
3.7855,2.1387
3.7860,2.1387
3.7865,2.1336
3.7871,2.1387
3.7876,2.1387
3.7881,2.1437
3.7887,2.1387
3.7892,2.1387
3.7897,2.1437
3.7902,2.1387
3.7907,2.1387
3.7913,2.1336
3.7918,2.1387
3.7923,2.1387
3.7929,2.1336
3.7934,2.1387
3.7940,2.1387
3.7946,2.1387
3.7951,2.1387
3.7956,2.1387
3.7961,2.1387
3.7967,2.1336
3.7972,2.1336
3.7978,2.1286
3.7983,2.1437
3.7988,2.1336
3.7994,2.1437
3.7999,2.1387
3.8004,2.1437
3.8010,2.1437
3.8015,2.1387
3.8020,2.1336
3.8025,2.1336
3.8038,2.1387
3.8043,2.1387
3.8048,2.1286
3.8054,2.1387
3.8059,2.1387
3.8064,2.1387
3.8069,2.1336
3.8075,2.1387
3.8080,2.1437
3.8085,2.1387
3.8091,2.1387
3.8096,2.1387
3.8101,2.1387
3.8107,2.1336
3.8112,2.1387
3.8117,2.1387
3.8123,2.1387
3.8128,2.1437
3.8133,2.1387
3.8139,2.1387
3.8144,2.1286
3.8149,2.1387
3.8154,2.1286
3.8160,2.1387
3.8165,2.1336
3.8170,2.1387
3.8176,2.1286
3.8181,2.1387
3.8186,2.1387
3.8191,2.1387
3.8197,2.1387
3.8202,2.1387
3.8207,2.1437
3.8212,2.1437
3.8217,2.1437
3.8223,2.1387
3.8228,2.1437
3.8233,2.1336
3.8239,2.1387
3.8244,2.1387
3.8249,2.1387
3.8254,2.1336
3.8260,2.1387
3.8265,2.1336
3.8270,2.1387
3.8275,2.1387
3.8281,2.1336
3.8286,2.1387
3.8291,2.1286
3.8297,2.1387
3.8302,2.1387
3.8307,2.1387
3.8312,2.1336
3.8318,2.1387
3.8323,2.1336
3.8328,2.1387
3.8333,2.1336
3.8339,2.1387
3.8344,2.1387
3.8349,2.1387
3.8355,2.1336
3.8360,2.1387
3.8365,2.1387
3.8370,2.1387
3.8376,2.1336
3.8381,2.1336
3.8387,2.1437
3.8392,2.1437
3.8397,2.1387
3.8403,2.1336
3.8408,2.1387
3.8413,2.1336
3.8419,2.1387
3.8424,2.1336
3.8429,2.1387
3.8435,2.1387
3.8440,2.1437
3.8445,2.1387
3.8451,2.1336
3.8456,2.1437
3.8461,2.1387
3.8466,2.1387
3.8472,2.1336
3.8477,2.1286
3.8482,2.1387
3.8487,2.1286
3.8493,2.1286
3.8498,2.1387
3.8503,2.1387
3.8509,2.1387
3.8514,2.1387
3.8519,2.1387
3.8524,2.1387
3.8529,2.1387
3.8535,2.1387
3.8540,2.1387
3.8545,2.1336
3.8551,2.1387
3.8556,2.1387
3.8562,2.1387
3.8568,2.1387
3.8573,2.1387
3.8578,2.1437
3.8584,2.1336
3.8589,2.1437
3.8594,2.1387
3.8599,2.1336
3.8614,2.1387
3.8619,2.1387
3.8624,2.1336
3.8630,2.1387
3.8635,2.1387
3.8640,2.1336
3.8646,2.1336
3.8651,2.1387
3.8656,2.1437
3.8662,2.1387
3.8674,2.1437
3.8679,2.1387
3.8685,2.1387
3.8690,2.1286
3.8695,2.1387
3.8701,2.1387
3.8714,2.1437
3.8719,2.1387
3.8725,2.1387
3.8730,2.1437
3.8735,2.1437
3.8741,2.1387
3.8753,2.1336
3.8758,2.1336
3.8764,2.1437
3.8769,2.1387
3.8774,2.1387
3.8780,2.1437
3.8786,2.1387
3.8791,2.1387
3.8796,2.1336
3.8802,2.1387
3.8807,2.1387
3.8812,2.1387
3.8817,2.1387
3.8823,2.1437
3.8828,2.1437
3.8833,2.1336
3.8838,2.1387
3.8843,2.1387
3.8849,2.1387
3.8854,2.1387
3.8859,2.1387
3.8865,2.1387
3.8870,2.1387
3.8875,2.1387
3.8880,2.1387
3.8886,2.1387
3.8891,2.1437
3.8896,2.1387
3.8902,2.1437
3.8908,2.1336
3.8914,2.1387
3.8919,2.1387
3.8924,2.1387
3.8930,2.1286
3.8935,2.1336
3.8940,2.1336
3.8945,2.1437
3.8950,2.1387
3.8956,2.1387
3.8961,2.1336
3.8966,2.1336
3.8971,2.1336
3.8977,2.1387
3.8982,2.1387
3.8987,2.1387
3.8992,2.1387
3.8997,2.1387
3.9003,2.1286
3.9008,2.1387
3.9013,2.1437
3.9018,2.1387
3.9024,2.1387
3.9029,2.1387
3.9034,2.1387
3.9039,2.1437
3.9044,2.1387
3.9050,2.1336
3.9055,2.1286
3.9060,2.1387
3.9065,2.1387
3.9070,2.1387
3.9076,2.1387
3.9081,2.1437
3.9086,2.1387
3.9091,2.1387
3.9097,2.1387
3.9102,2.1387
3.9107,2.1387
3.9112,2.1336
3.9118,2.1387
3.9123,2.1336
3.9128,2.1437
3.9134,2.1387
3.9139,2.1387
3.9144,2.1387
3.9149,2.1387
3.9154,2.1387
3.9160,2.1387
3.9165,2.1387
3.9170,2.1387
3.9175,2.1387
3.9180,2.1387
3.9186,2.1437
3.9191,2.1387
3.9196,2.1387
3.9201,2.1336
3.9206,2.1387
3.9212,2.1387
3.9217,2.1387
3.9222,2.1387
3.9227,2.1336
3.9232,2.1336
3.9238,2.1387
3.9243,2.1387
3.9248,2.1387
3.9253,2.1387
3.9259,2.1437
3.9264,2.1387
3.9269,2.1336
3.9274,2.1387
3.9279,2.1387
3.9285,2.1387
3.9290,2.1336
3.9295,2.1437
3.9300,2.1387
3.9306,2.1387
3.9311,2.1387
3.9316,2.1387
3.9321,2.1387
3.9326,2.1387
3.9332,2.1336
3.9337,2.1387
3.9342,2.1336
3.9347,2.1387
3.9352,2.1336
3.9358,2.1387
3.9363,2.1387
3.9368,2.1336
3.9373,2.1387
3.9379,2.1387
3.9384,2.1437
3.9389,2.1336
3.9394,2.1336
3.9399,2.1387
3.9405,2.1387
3.9410,2.1336
3.9415,2.1336
3.9420,2.1387
3.9426,2.1387
3.9431,2.1387
3.9436,2.1387
3.9441,2.1336
3.9446,2.1336
3.9452,2.1336
3.9457,2.1387
3.9462,2.1336
3.9467,2.1336
3.9472,2.1387
3.9478,2.1387
3.9483,2.1387
3.9488,2.1387
3.9493,2.1387
3.9499,2.1336
3.9504,2.1437
3.9509,2.1387
3.9514,2.1387
3.9519,2.1387
3.9525,2.1336
3.9530,2.1387
3.9535,2.1387
3.9540,2.1336
3.9546,2.1387
3.9551,2.1387
3.9556,2.1437
3.9561,2.1336
3.9566,2.1387
3.9572,2.1387
3.9577,2.1387
3.9582,2.1387
3.9587,2.1387
3.9593,2.1387
3.9598,2.1387
3.9603,2.1387
3.9608,2.1387
3.9614,2.1387
3.9619,2.1336
3.9624,2.1387
3.9629,2.1437
3.9634,2.1336
3.9640,2.1286
3.9645,2.1387
3.9650,2.1387
3.9655,2.1336
3.9660,2.1387
3.9666,2.1387
3.9671,2.1286
3.9676,2.1387
3.9681,2.1387
3.9687,2.1387
3.9692,2.1336
3.9697,2.1387
3.9702,2.1387
3.9707,2.1387
3.9713,2.1387
3.9718,2.1387
3.9723,2.1387
3.9728,2.1387
3.9734,2.1437
3.9739,2.1387
3.9744,2.1387
3.9749,2.1387
3.9754,2.1387
3.9760,2.1387
3.9765,2.1387
3.9770,2.1387
3.9775,2.1387
3.9780,2.1387
3.9786,2.1336
3.9791,2.1387
3.9796,2.1437
3.9801,2.1387
3.9807,2.1336
3.9812,2.1387
3.9817,2.1387
3.9822,2.1387
3.9827,2.1387
3.9833,2.1387
3.9838,2.1286
3.9843,2.1387
3.9848,2.1336
3.9854,2.1336
3.9859,2.1336
3.9864,2.1387
3.9869,2.1387
3.9874,2.1336
3.9880,2.1387
3.9885,2.1387
3.9890,2.1387
3.9895,2.1387
3.9900,2.1387
3.9906,2.1336
3.9911,2.1336
3.9916,2.1387
3.9922,2.1286
3.9927,2.1387
3.9933,2.1387
3.9939,2.1387
3.9944,2.1286
3.9950,2.1387
3.9955,2.1437
3.9961,2.1387
3.9966,2.1387
3.9972,2.1286
3.9977,2.1387
3.9982,2.1387
3.9987,2.1336
3.9993,2.1387
3.9998,2.1387
4.0003,2.1387
4.0009,2.1336
4.0014,2.1387
4.0020,2.1437
4.0026,2.1336
4.0032,2.1387
4.0038,2.1387
4.0044,2.1387
4.0050,2.1437
4.0056,2.1387
4.0061,2.1387
4.0067,2.1387
4.0072,2.1437
4.0078,2.1387
4.0083,2.1336
4.0089,2.1336
4.0094,2.1286
4.0099,2.1387
4.0104,2.1387
4.0109,2.1387
4.0115,2.1336
4.0120,2.1387
4.0125,2.1336
4.0130,2.1387
4.0135,2.1387
4.0141,2.1437
4.0146,2.1336
4.0151,2.1387
4.0157,2.1336
4.0162,2.1286
4.0169,2.1336
4.0174,2.1387
4.0180,2.1437
4.0185,2.1437
4.0190,2.1387
4.0195,2.1387
4.0201,2.1336
4.0206,2.1336
4.0211,2.1336
4.0216,2.1437
4.0221,2.1437
4.0227,2.1387
4.0232,2.1387
4.0237,2.1336
4.0242,2.1286
4.0247,2.1387
4.0253,2.1387
4.0258,2.1437
4.0263,2.1387
4.0268,2.1336
4.0274,2.1387
4.0279,2.1387
4.0284,2.1387
4.0289,2.1387
4.0294,2.1387
4.0300,2.1286
4.0305,2.1387
4.0310,2.1387
4.0315,2.1387
4.0321,2.1387
4.0326,2.1387
4.0331,2.1336
4.0336,2.1387
4.0342,2.1387
4.0347,2.1387
4.0352,2.1387
4.0357,2.1387
4.0362,2.1387
4.0368,2.1387
4.0373,2.1437
4.0378,2.1387
4.0384,2.1387
4.0389,2.1387
4.0394,2.1387
4.0399,2.1286
4.0405,2.1336
4.0410,2.1336
4.0415,2.1336
4.0420,2.1437
4.0425,2.1437
4.0431,2.1387
4.0436,2.1336
4.0441,2.1387
4.0446,2.1437
4.0451,2.1387
4.0457,2.1387
4.0462,2.1336
4.0467,2.1286
4.0472,2.1387
4.0478,2.1286
4.0483,2.1286
4.0488,2.1336
4.0493,2.1387
4.0499,2.1387
4.0504,2.1387
4.0509,2.1387
4.0514,2.1336
4.0519,2.1286
4.0525,2.1387
4.0530,2.1387
4.0535,2.1387
4.0540,2.1387
4.0545,2.1286
4.0551,2.1387
4.0556,2.1387
4.0561,2.1336
4.0566,2.1437
4.0572,2.1387
4.0577,2.1437
4.0582,2.1437
4.0587,2.1387
4.0592,2.1387
4.0598,2.1336
4.0603,2.1437
4.0608,2.1387
4.0613,2.1336
4.0618,2.1336
4.0624,2.1387
4.0629,2.1387
4.0634,2.1387
4.0639,2.1387
4.0644,2.1336
4.0650,2.1387
4.0655,2.1387
4.0660,2.1336
4.0665,2.1387
4.0670,2.1387
4.0676,2.1387
4.0681,2.1387
4.0686,2.1437
4.0691,2.1387
4.0696,2.1387
4.0702,2.1336
4.0707,2.1387
4.0712,2.1387
4.0717,2.1387
4.0722,2.1286
4.0728,2.1387
4.0733,2.1387
4.0738,2.1387
4.0743,2.1336
4.0748,2.1387
4.0754,2.1336
4.0759,2.1387
4.0764,2.1437
4.0769,2.1387
4.0774,2.1387
4.0780,2.1387
4.0785,2.1437
4.0790,2.1387
4.0795,2.1387
4.0800,2.1387
4.0806,2.1336
4.0811,2.1387
4.0816,2.1336
4.0821,2.1387
4.0826,2.1387
4.0832,2.1387
4.0837,2.1387
4.0842,2.1387
4.0847,2.1387
4.0852,2.1387
4.0858,2.1387
4.0863,2.1387
4.0868,2.1387
4.0873,2.1437
4.0879,2.1387
4.0884,2.1437
4.0889,2.1387
4.0894,2.1387
4.0899,2.1437
4.0905,2.1387
4.0910,2.1387
4.0915,2.1387
4.0920,2.1286
4.0925,2.1336
4.0931,2.1336
4.0936,2.1387
4.0941,2.1387
4.0946,2.1387
4.0951,2.1387
4.0957,2.1387
4.0962,2.1387
4.0967,2.1336
4.0972,2.1336
4.0978,2.1336
4.0983,2.1387
4.0988,2.1387
4.0993,2.1437
4.0998,2.1286
4.1004,2.1387
4.1009,2.1387
4.1014,2.1387
4.1019,2.1387
4.1024,2.1387
4.1030,2.1437
4.1035,2.1437
4.1040,2.1336
4.1045,2.1387
4.1050,2.1387
4.1056,2.1336
4.1061,2.1336
4.1066,2.1387
4.1071,2.1387
4.1076,2.1387
4.1082,2.1387
4.1087,2.1387
4.1092,2.1387
4.1097,2.1387
4.1102,2.1336
4.1108,2.1387
4.1113,2.1387
4.1118,2.1387
4.1123,2.1387
4.1128,2.1387
4.1134,2.1437
4.1139,2.1387
4.1144,2.1286
4.1149,2.1387
4.1154,2.1387
4.1160,2.1437
4.1165,2.1437
4.1170,2.1387
4.1175,2.1336
4.1180,2.1387
4.1186,2.1387
4.1191,2.1387
4.1196,2.1387
4.1201,2.1387
4.1206,2.1387
4.1212,2.1336
4.1217,2.1336
4.1222,2.1387
4.1227,2.1387
4.1232,2.1387
4.1238,2.1387
4.1243,2.1387
4.1248,2.1336
4.1253,2.1437
4.1258,2.1387
4.1264,2.1387
4.1269,2.1387
4.1274,2.1387
4.1279,2.1387
4.1285,2.1387
4.1290,2.1437
4.1295,2.1387
4.1300,2.1387
4.1305,2.1387
4.1311,2.1387
4.1316,2.1286
4.1321,2.1387
4.1326,2.1387
4.1332,2.1387
4.1337,2.1336
4.1342,2.1387
4.1347,2.1387
4.1352,2.1387
4.1358,2.1387
4.1363,2.1387
4.1368,2.1437
4.1373,2.1387
4.1378,2.1387
4.1384,2.1387
4.1389,2.1336
4.1394,2.1437
4.1399,2.1387
4.1405,2.1387
4.1410,2.1336
4.1415,2.1387
4.1420,2.1336
4.1425,2.1387
4.1431,2.1387
4.1436,2.1437
4.1441,2.1387
4.1446,2.1387
4.1452,2.1387
4.1457,2.1387
4.1462,2.1387
4.1467,2.1336
4.1472,2.1336
4.1478,2.1387
4.1483,2.1387
4.1488,2.1387
4.1493,2.1387
4.1498,2.1286
4.1504,2.1387
4.1509,2.1387
4.1514,2.1387
4.1519,2.1387
4.1525,2.1336
4.1530,2.1387
4.1535,2.1286
4.1540,2.1387
4.1545,2.1437
4.1551,2.1387
4.1556,2.1437
4.1561,2.1336
4.1566,2.1336
4.1572,2.1336
4.1577,2.1336
4.1582,2.1387
4.1587,2.1336
4.1593,2.1336
4.1598,2.1336
4.1603,2.1437
4.1608,2.1387
4.1613,2.1336
4.1619,2.1387
4.1624,2.1387
4.1629,2.1387
4.1634,2.1437
4.1640,2.1336
4.1645,2.1387
4.1650,2.1387
4.1655,2.1387
4.1660,2.1387
4.1666,2.1336
4.1671,2.1387
4.1676,2.1387
4.1681,2.1437
4.1686,2.1286
4.1692,2.1387
4.1697,2.1387
4.1702,2.1387
4.1707,2.1387
4.1713,2.1387
4.1718,2.1387
4.1723,2.1387
4.1728,2.1336
4.1733,2.1336
4.1739,2.1336
4.1744,2.1437
4.1749,2.1387
4.1755,2.1387
4.1760,2.1387
4.1765,2.1336
4.1772,2.1336
4.1777,2.1437
4.1783,2.1387
4.1788,2.1336
4.1794,2.1387
4.1799,2.1336
4.1805,2.1387
4.1810,2.1387
4.1815,2.1336
4.1821,2.1387
4.1826,2.1437
4.1834,2.1336
4.1845,2.1387
4.1851,2.1286
4.1857,2.1387
4.1862,2.1336
4.1868,2.1387
4.1873,2.1336
4.1879,2.1437
4.1884,2.1387
4.1890,2.1387
4.1895,2.1387
4.1900,2.1336
4.1906,2.1387
4.1911,2.1286
4.1917,2.1437
4.1922,2.1336
4.1928,2.1387
4.1933,2.1387
4.1939,2.1336
4.1944,2.1387
4.1950,2.1387
4.1955,2.1437
4.1961,2.1387
4.1966,2.1387
4.1972,2.1387
4.1977,2.1387
4.1983,2.1387
4.1988,2.1387
4.1994,2.1387
4.1999,2.1336
4.2005,2.1286
4.2010,2.1387
4.2015,2.1336
4.2021,2.1387
4.2026,2.1387
4.2032,2.1387
4.2037,2.1336
4.2043,2.1387
4.2048,2.1387
4.2054,2.1336
4.2059,2.1387
4.2065,2.1336
4.2070,2.1387
4.2076,2.1336
4.2081,2.1387
4.2087,2.1437
4.2092,2.1387
4.2098,2.1387
4.2103,2.1387
4.2109,2.1387
4.2114,2.1387
4.2119,2.1387
4.2125,2.1286
4.2130,2.1437
4.2136,2.1336
4.2141,2.1387
4.2147,2.1387
4.2152,2.1387
4.2158,2.1387
4.2163,2.1336
4.2169,2.1336
4.2174,2.1387
4.2180,2.1387
4.2185,2.1387
4.2190,2.1286
4.2196,2.1387
4.2201,2.1387
4.2207,2.1336
4.2212,2.1387
4.2218,2.1387
4.2223,2.1387
4.2228,2.1336
4.2234,2.1387
4.2239,2.1387
4.2245,2.1387
4.2250,2.1387
4.2256,2.1387
4.2261,2.1387
4.2267,2.1387
4.2272,2.1387
4.2277,2.1387
4.2283,2.1387
4.2289,2.1387
4.2294,2.1336
4.2300,2.1387
4.2305,2.1437
4.2311,2.1387
4.2316,2.1387
4.2321,2.1437
4.2327,2.1387
4.2332,2.1336
4.2338,2.1387
4.2343,2.1387
4.2349,2.1437
4.2354,2.1437
4.2360,2.1336
4.2365,2.1387
4.2371,2.1387
4.2376,2.1336
4.2382,2.1387
4.2387,2.1286
4.2393,2.1387
4.2398,2.1387
4.2404,2.1387
4.2409,2.1336
4.2414,2.1387
4.2420,2.1387
4.2425,2.1387
4.2431,2.1336
4.2436,2.1336
4.2442,2.1387
4.2447,2.1437
4.2453,2.1336
4.2458,2.1437
4.2464,2.1336
4.2469,2.1387
4.2475,2.1387
4.2480,2.1286
4.2485,2.1387
4.2491,2.1387
4.2496,2.1387
4.2502,2.1387
4.2507,2.1387
4.2513,2.1286
4.2518,2.1387
4.2524,2.1336
4.2529,2.1387
4.2535,2.1387
4.2540,2.1336
4.2546,2.1437
4.2551,2.1387
4.2557,2.1437
4.2562,2.1387
4.2567,2.1387
4.2573,2.1387
4.2578,2.1387
4.2584,2.1437
4.2589,2.1387
4.2595,2.1336
4.2600,2.1387
4.2606,2.1387
4.2611,2.1336
4.2617,2.1387
4.2622,2.1387
4.2628,2.1387
4.2633,2.1437
4.2639,2.1387
4.2644,2.1387
4.2649,2.1336
4.2655,2.1336
4.2660,2.1387
4.2666,2.1387
4.2671,2.1387
4.2677,2.1387
4.2682,2.1336
4.2688,2.1387
4.2693,2.1336
4.2699,2.1336
4.2704,2.1387
4.2710,2.1336
4.2715,2.1387
4.2721,2.1437
4.2726,2.1286
4.2731,2.1437
4.2737,2.1286
4.2742,2.1387
4.2748,2.1437
4.2753,2.1387
4.2759,2.1336
4.2764,2.1336
4.2770,2.1387
4.2775,2.1387
4.2781,2.1336
4.2786,2.1387
4.2792,2.1336
4.2797,2.1437
4.2802,2.1387
4.2808,2.1387
4.2813,2.1387
4.2819,2.1387
4.2824,2.1387
4.2830,2.1387
4.2835,2.1336
4.2841,2.1387
4.2846,2.1387
4.2852,2.1387
4.2857,2.1387
4.2863,2.1387
4.2869,2.1286
4.2874,2.1387
4.2880,2.1387
4.2885,2.1437
4.2891,2.1286
4.2896,2.1387
4.2902,2.1437
4.2907,2.1387
4.2913,2.1387
4.2918,2.1336
4.2923,2.1387
4.2929,2.1387
4.2934,2.1437
4.2940,2.1387
4.2945,2.1336
4.2951,2.1387
4.2956,2.1387
4.2961,2.1387
4.2967,2.1336
4.2972,2.1387
4.2978,2.1387
4.2984,2.1387
4.2989,2.1387
4.2995,2.1387
4.3000,2.1387
4.3006,2.1336
4.3011,2.1336
4.3017,2.1437
4.3022,2.1387
4.3027,2.1437
4.3033,2.1387
4.3038,2.1387
4.3044,2.1387
4.3049,2.1437
4.3055,2.1336
4.3060,2.1387
4.3065,2.1336
4.3071,2.1387
4.3076,2.1336
4.3082,2.1387
4.3087,2.1387
4.3093,2.1387
4.3098,2.1387
4.3103,2.1336
4.3109,2.1387
4.3114,2.1336
4.3120,2.1286
4.3125,2.1387
4.3131,2.1387
4.3136,2.1336
4.3141,2.1437
4.3147,2.1437
4.3152,2.1387
4.3158,2.1387
4.3163,2.1437
4.3169,2.1437
4.3174,2.1336
4.3180,2.1286
4.3185,2.1387
4.3190,2.1387
4.3196,2.1387
4.3201,2.1387
4.3207,2.1387
4.3212,2.1387
4.3218,2.1387
4.3223,2.1387
4.3228,2.1437
4.3234,2.1387
4.3239,2.1387
4.3245,2.1336
4.3250,2.1387
4.3256,2.1387
4.3261,2.1286
4.3267,2.1387
4.3272,2.1387
4.3278,2.1387
4.3283,2.1387
4.3289,2.1387
4.3294,2.1387
4.3299,2.1387
4.3305,2.1387
4.3310,2.1387
4.3316,2.1336
4.3321,2.1336
4.3327,2.1336
4.3332,2.1387
4.3337,2.1387
4.3343,2.1437
4.3348,2.1286
4.3354,2.1387
4.3359,2.1387
4.3365,2.1437
4.3370,2.1387
4.3376,2.1437
4.3381,2.1387
4.3386,2.1387
4.3392,2.1387
4.3397,2.1387
4.3403,2.1286
4.3408,2.1387
4.3414,2.1286
4.3419,2.1387
4.3425,2.1387
4.3430,2.1336
4.3436,2.1387
4.3441,2.1387
4.3447,2.1336
4.3452,2.1387
4.3458,2.1336
4.3463,2.1387
4.3468,2.1387
4.3474,2.1336
4.3479,2.1437
4.3485,2.1387
4.3490,2.1387
4.3496,2.1336
4.3501,2.1387
4.3507,2.1336
4.3512,2.1387
4.3518,2.1387
4.3523,2.1387
4.3529,2.1387
4.3534,2.1437
4.3539,2.1387
4.3545,2.1336
4.3550,2.1387
4.3556,2.1437
4.3561,2.1387
4.3567,2.1387
4.3572,2.1336
4.3578,2.1387
4.3583,2.1387
4.3589,2.1387
4.3594,2.1387
4.3600,2.1336
4.3605,2.1387
4.3610,2.1387
4.3616,2.1387
4.3621,2.1387
4.3627,2.1387
4.3632,2.1336
4.3638,2.1387
4.3643,2.1387
4.3649,2.1286
4.3654,2.1437
4.3660,2.1437
4.3665,2.1336
4.3671,2.1387
4.3676,2.1387
4.3682,2.1336
4.3687,2.1387
4.3693,2.1387
4.3698,2.1387
4.3704,2.1387
4.3709,2.1387
4.3715,2.1336
4.3720,2.1387
4.3725,2.1336
4.3731,2.1336
4.3736,2.1336
4.3742,2.1387
4.3747,2.1387
4.3753,2.1387
4.3758,2.1387
4.3764,2.1336
4.3770,2.1437
4.3775,2.1387
4.3780,2.1336
4.3786,2.1387
4.3791,2.1387
4.3797,2.1387
4.3802,2.1387
4.3808,2.1387
4.3813,2.1387
4.3819,2.1387
4.3824,2.1387
4.3830,2.1387
4.3835,2.1437
4.3841,2.1387
4.3846,2.1387
4.3851,2.1387
4.3857,2.1336
4.3862,2.1336
4.3868,2.1387
4.3873,2.1387
4.3879,2.1336
4.3884,2.1387
4.3890,2.1387
4.3895,2.1387
4.3901,2.1387
4.3906,2.1387
4.3912,2.1387
4.3917,2.1286
4.3922,2.1387
4.3928,2.1387
4.3933,2.1336
4.3939,2.1387
4.3944,2.1387
4.3950,2.1387
4.3955,2.1387
4.3961,2.1336
4.3966,2.1387
4.3972,2.1336
4.3977,2.1387
4.3983,2.1387
4.3988,2.1387
4.3993,2.1387
4.3999,2.1387
4.4004,2.1387
4.4010,2.1387
4.4015,2.1437
4.4021,2.1387
4.4026,2.1387
4.4032,2.1387
4.4037,2.1387
4.4043,2.1387
4.4048,2.1387
4.4054,2.1387
4.4059,2.1336
4.4064,2.1387
4.4070,2.1387
4.4075,2.1387
4.4081,2.1286
4.4086,2.1387
4.4092,2.1387
4.4097,2.1387
4.4103,2.1387
4.4108,2.1387
4.4114,2.1336
4.4119,2.1387
4.4125,2.1387
4.4130,2.1387
4.4135,2.1387
4.4141,2.1387
4.4146,2.1437
4.4152,2.1387
4.4157,2.1387
4.4163,2.1387
4.4169,2.1387
4.4174,2.1387
4.4180,2.1336
4.4185,2.1387
4.4191,2.1387
4.4196,2.1336
4.4201,2.1336
4.4207,2.1286
4.4212,2.1387
4.4218,2.1437
4.4223,2.1387
4.4229,2.1387
4.4234,2.1336
4.4240,2.1387
4.4245,2.1387
4.4251,2.1336
4.4256,2.1286
4.4262,2.1336
4.4267,2.1387
4.4273,2.1437
4.4278,2.1437
4.4283,2.1336
4.4289,2.1387
4.4294,2.1336
4.4300,2.1387
4.4305,2.1387
4.4311,2.1387
4.4316,2.1437
4.4322,2.1387
4.4327,2.1387
4.4333,2.1336
4.4338,2.1387
4.4344,2.1336
4.4349,2.1387
4.4354,2.1387
4.4360,2.1387
4.4365,2.1387
4.4371,2.1387
4.4377,2.1336
4.4382,2.1387
4.4388,2.1387
4.4393,2.1336
4.4398,2.1387
4.4404,2.1336
4.4409,2.1387
4.4415,2.1387
4.4420,2.1387
4.4426,2.1387
4.4431,2.1387
4.4437,2.1387
4.4442,2.1336
4.4448,2.1437
4.4454,2.1336
4.4459,2.1387
4.4465,2.1437
4.4470,2.1336
4.4476,2.1387
4.4482,2.1387
4.4489,2.1286
4.4496,2.1387
4.4504,2.1336
4.4511,2.1387
4.4518,2.1286
4.4525,2.1387
4.4531,2.1387
4.4536,2.1387
4.4542,2.1387
4.4547,2.1336
4.4552,2.1387
4.4558,2.1336
4.4563,2.1387
4.4569,2.1336
4.4574,2.1387
4.4580,2.1336
4.4585,2.1387
4.4591,2.1387
4.4596,2.1387
4.4602,2.1336
4.4608,2.1387
4.4613,2.1336
4.4619,2.1336
4.4624,2.1336
4.4630,2.1387
4.4636,2.1437
4.4641,2.1336
4.4647,2.1387
4.4653,2.1387
4.4659,2.1387
4.4664,2.1336
4.4670,2.1387
4.4676,2.1336
4.4681,2.1387
4.4687,2.1336
4.4692,2.1387
4.4698,2.1387
4.4703,2.1336
4.4709,2.1336
4.4715,2.1336
4.4720,2.1387
4.4726,2.1286
4.4731,2.1387
4.4737,2.1336
4.4742,2.1387
4.4748,2.1437
4.4753,2.1387
4.4759,2.1336
4.4764,2.1387
4.4770,2.1336
4.4776,2.1387
4.4781,2.1286
4.4787,2.1336
4.4792,2.1336
4.4798,2.1387
4.4803,2.1336
4.4808,2.1336
4.4814,2.1437
4.4819,2.1387
4.4825,2.1336
4.4830,2.1387
4.4835,2.1387
4.4841,2.1387
4.4846,2.1387
4.4851,2.1336
4.4857,2.1387
4.4862,2.1437
4.4868,2.1336
4.4873,2.1437
4.4878,2.1387
4.4884,2.1387
4.4889,2.1336
4.4895,2.1387
4.4900,2.1336
4.4905,2.1387
4.4911,2.1387
4.4916,2.1286
4.4922,2.1286
4.4927,2.1387
4.4933,2.1387
4.4939,2.1336
4.4944,2.1387
4.4950,2.1286
4.4956,2.1387
4.4961,2.1286
4.4967,2.1437
4.4972,2.1387
4.4978,2.1437
4.4983,2.1387
4.4989,2.1336
4.4994,2.1387
4.5000,2.1387
4.5005,2.1336
4.5011,2.1286
4.5016,2.1387
4.5022,2.1387
4.5027,2.1387
4.5032,2.1387
4.5038,2.1336
4.5043,2.1387
4.5049,2.1387
4.5054,2.1336
4.5059,2.1336
4.5065,2.1387
4.5070,2.1387
4.5076,2.1336
4.5082,2.1387
4.5087,2.1437
4.5093,2.1387
4.5098,2.1387
4.5104,2.1286
4.5109,2.1437
4.5115,2.1387
4.5121,2.1387
4.5126,2.1336
4.5134,2.1437
4.5141,2.1437
4.5147,2.1387
4.5153,2.1437
4.5160,2.1387
4.5167,2.1387
4.5173,2.1387
4.5178,2.1387
4.5184,2.1336
4.5190,2.1387
4.5196,2.1336
4.5202,2.1286
4.5208,2.1336
4.5213,2.1336
4.5219,2.1387
4.5224,2.1336
4.5230,2.1336
4.5236,2.1387
4.5241,2.1387
4.5247,2.1387
4.5252,2.1437
4.5257,2.1336
4.5263,2.1336
4.5269,2.1336
4.5274,2.1387
4.5279,2.1387
4.5285,2.1286
4.5290,2.1387
4.5296,2.1387
4.5301,2.1387
4.5306,2.1387
4.5312,2.1387
4.5318,2.1286
4.5323,2.1387
4.5329,2.1387
4.5334,2.1387
4.5340,2.1336
4.5345,2.1387
4.5350,2.1387
4.5356,2.1336
4.5361,2.1387
4.5367,2.1387
4.5372,2.1336
4.5377,2.1387
4.5383,2.1387
4.5388,2.1387
4.5394,2.1336
4.5399,2.1387
4.5404,2.1387
4.5410,2.1387
4.5415,2.1387
4.5421,2.1387
4.5426,2.1387
4.5431,2.1387
4.5437,2.1387
4.5442,2.1387
4.5448,2.1387
4.5453,2.1387
4.5459,2.1387
4.5464,2.1387
4.5469,2.1387
4.5475,2.1387
4.5480,2.1387
4.5486,2.1387
4.5491,2.1336
4.5496,2.1387
4.5502,2.1336
4.5507,2.1336
4.5513,2.1336
4.5518,2.1336
4.5523,2.1387
4.5529,2.1387
4.5534,2.1387
4.5540,2.1437
4.5545,2.1387
4.5550,2.1437
4.5556,2.1387
4.5561,2.1387
4.5567,2.1336
4.5572,2.1387
4.5578,2.1387
4.5583,2.1437
4.5588,2.1387
4.5594,2.1387
4.5599,2.1336
4.5605,2.1387
4.5610,2.1336
4.5615,2.1387
4.5621,2.1387
4.5626,2.1336
4.5632,2.1387
4.5637,2.1336
4.5642,2.1387
4.5648,2.1387
4.5653,2.1387
4.5659,2.1336
4.5664,2.1336
4.5670,2.1387
4.5675,2.1387
4.5680,2.1387
4.5686,2.1336
4.5691,2.1387
4.5697,2.1387
4.5702,2.1387
4.5707,2.1387
4.5713,2.1336
4.5718,2.1387
4.5724,2.1336
4.5729,2.1387
4.5734,2.1387
4.5740,2.1387
4.5745,2.1437
4.5751,2.1387
4.5756,2.1336
4.5761,2.1387
4.5767,2.1336
4.5774,2.1437
4.5780,2.1336
4.5785,2.1286
4.5791,2.1387
4.5796,2.1387
4.5802,2.1336
4.5807,2.1387
4.5812,2.1336
4.5818,2.1437
4.5823,2.1387
4.5828,2.1387
4.5834,2.1387
4.5839,2.1336
4.5845,2.1387
4.5850,2.1437
4.5855,2.1336
4.5861,2.1387
4.5866,2.1437
4.5872,2.1437
4.5877,2.1336
4.5882,2.1387
4.5888,2.1387
4.5893,2.1387
4.5898,2.1387
4.5904,2.1387
4.5909,2.1387
4.5915,2.1387
4.5920,2.1336
4.5925,2.1336
4.5931,2.1437
4.5936,2.1387
4.5942,2.1387
4.5947,2.1387
4.5952,2.1387
4.5958,2.1387
4.5963,2.1387
4.5969,2.1286
4.5974,2.1387
4.5980,2.1387
4.5985,2.1387
4.5990,2.1387
4.5996,2.1336
4.6001,2.1387
4.6007,2.1336
4.6012,2.1387
4.6017,2.1387
4.6023,2.1387
4.6029,2.1387
4.6035,2.1437
4.6040,2.1387
4.6046,2.1387
4.6052,2.1336
4.6057,2.1336
4.6064,2.1387
4.6070,2.1286
4.6075,2.1387
4.6081,2.1387
4.6087,2.1387
4.6092,2.1387
4.6098,2.1387
4.6103,2.1387
4.6108,2.1437
4.6114,2.1336
4.6119,2.1387
4.6125,2.1387
4.6130,2.1387
4.6136,2.1387
4.6141,2.1387
4.6147,2.1387
4.6153,2.1387
4.6159,2.1387
4.6164,2.1387
4.6170,2.1387
4.6175,2.1387
4.6180,2.1387
4.6186,2.1387
4.6191,2.1387
4.6196,2.1336
4.6202,2.1286
4.6207,2.1387
4.6213,2.1336
4.6218,2.1387
4.6223,2.1387
4.6229,2.1387
4.6234,2.1387
4.6239,2.1336
4.6245,2.1387
4.6250,2.1387
4.6255,2.1336
4.6261,2.1336
4.6266,2.1387
4.6271,2.1387
4.6277,2.1387
4.6282,2.1336
4.6287,2.1387
4.6293,2.1387
4.6298,2.1387
4.6303,2.1387
4.6309,2.1336
4.6314,2.1336
4.6320,2.1387
4.6325,2.1387
4.6330,2.1387
4.6336,2.1336
4.6341,2.1387
4.6346,2.1387
4.6352,2.1336
4.6357,2.1387
4.6362,2.1387
4.6368,2.1336
4.6373,2.1336
4.6378,2.1387
4.6384,2.1387
4.6389,2.1336
4.6394,2.1387
4.6400,2.1387
4.6405,2.1336
4.6410,2.1387
4.6416,2.1336
4.6421,2.1336
4.6426,2.1387
4.6432,2.1387
4.6437,2.1286
4.6442,2.1387
4.6448,2.1387
4.6453,2.1387
4.6458,2.1387
4.6464,2.1387
4.6469,2.1387
4.6475,2.1387
4.6480,2.1387
4.6485,2.1387
4.6491,2.1286
4.6496,2.1387
4.6501,2.1437
4.6507,2.1336
4.6512,2.1286
4.6517,2.1387
4.6523,2.1387
4.6528,2.1336
4.6533,2.1336
4.6539,2.1387
4.6544,2.1387
4.6549,2.1336
4.6555,2.1387
4.6560,2.1387
4.6565,2.1387
4.6571,2.1387
4.6576,2.1387
4.6581,2.1336
4.6587,2.1437
4.6592,2.1387
4.6597,2.1387
4.6603,2.1336
4.6608,2.1387
4.6613,2.1437
4.6619,2.1336
4.6624,2.1387
4.6629,2.1286
4.6635,2.1336
4.6640,2.1387
4.6645,2.1387
4.6651,2.1437
4.6656,2.1387
4.6661,2.1387
4.6667,2.1387
4.6672,2.1387
4.6677,2.1336
4.6683,2.1387
4.6688,2.1387
4.6693,2.1387
4.6699,2.1336
4.6704,2.1387
4.6709,2.1286
4.6715,2.1387
4.6720,2.1387
4.6725,2.1387
4.6731,2.1387
4.6736,2.1387
4.6741,2.1387
4.6747,2.1387
4.6752,2.1387
4.6757,2.1387
4.6763,2.1387
4.6768,2.1387
4.6774,2.1336
4.6780,2.1387
4.6786,2.1336
4.6791,2.1387
4.6796,2.1387
4.6802,2.1387
4.6807,2.1387
4.6813,2.1286
4.6818,2.1387
4.6824,2.1336
4.6829,2.1387
4.6834,2.1387
4.6840,2.1336
4.6845,2.1387
4.6851,2.1387
4.6856,2.1336
4.6861,2.1387
4.6867,2.1387
4.6872,2.1387
4.6878,2.1387
4.6883,2.1336
4.6889,2.1387
4.6894,2.1387
4.6900,2.1387
4.6905,2.1387
4.6910,2.1387
4.6916,2.1387
4.6921,2.1286
4.6927,2.1387
4.6932,2.1387
4.6938,2.1387
4.6943,2.1387
4.6948,2.1387
4.6954,2.1387
4.6959,2.1286
4.6965,2.1387
4.6970,2.1387
4.6976,2.1387
4.6981,2.1387
4.6986,2.1387
4.6992,2.1387
4.6997,2.1387
4.7003,2.1387
4.7008,2.1336
4.7014,2.1387
4.7019,2.1387
4.7024,2.1387
4.7030,2.1387
4.7035,2.1387
4.7041,2.1387
4.7046,2.1286
4.7052,2.1387
4.7057,2.1387
4.7062,2.1437
4.7068,2.1336
4.7073,2.1387
4.7079,2.1437
4.7084,2.1387
4.7090,2.1286
4.7095,2.1387
4.7101,2.1387
4.7106,2.1387
4.7112,2.1387
4.7117,2.1336
4.7123,2.1387
4.7128,2.1437
4.7134,2.1387
4.7139,2.1286
4.7144,2.1387
4.7150,2.1336
4.7155,2.1387
4.7161,2.1387
4.7167,2.1387
4.7172,2.1387
4.7178,2.1387
4.7183,2.1437
4.7189,2.1387
4.7194,2.1387
4.7199,2.1387
4.7205,2.1387
4.7210,2.1387
4.7216,2.1387
4.7221,2.1387
4.7227,2.1336
4.7232,2.1336
4.7238,2.1387
4.7243,2.1387
4.7249,2.1387
4.7254,2.1387
4.7260,2.1336
4.7265,2.1387
4.7271,2.1387
4.7276,2.1387
4.7281,2.1437
4.7287,2.1336
4.7292,2.1437
4.7298,2.1286
4.7303,2.1387
4.7309,2.1387
4.7314,2.1336
4.7320,2.1437
4.7325,2.1387
4.7331,2.1336
4.7336,2.1387
4.7342,2.1387
4.7347,2.1387
4.7352,2.1387
4.7358,2.1336
4.7363,2.1387
4.7369,2.1387
4.7374,2.1336
4.7380,2.1387
4.7385,2.1387
4.7391,2.1387
4.7396,2.1437
4.7402,2.1336
4.7407,2.1387
4.7413,2.1387
4.7418,2.1387
4.7424,2.1387
4.7429,2.1336
4.7434,2.1437
4.7440,2.1387
4.7445,2.1336
4.7451,2.1387
4.7456,2.1336
4.7462,2.1336
4.7467,2.1387
4.7473,2.1336
4.7478,2.1437
4.7484,2.1387
4.7489,2.1387
4.7495,2.1336
4.7500,2.1387
4.7506,2.1387
4.7511,2.1437
4.7517,2.1286
4.7522,2.1387
4.7527,2.1437
4.7533,2.1336
4.7538,2.1387
4.7544,2.1387
4.7549,2.1387
4.7555,2.1387
4.7560,2.1387
4.7566,2.1387
4.7571,2.1336
4.7577,2.1387
4.7582,2.1437
4.7588,2.1387
4.7593,2.1387
4.7599,2.1387
4.7604,2.1387
4.7609,2.1336
4.7615,2.1387
4.7620,2.1387
4.7626,2.1437
4.7631,2.1387
4.7637,2.1387
4.7642,2.1387
4.7648,2.1387
4.7653,2.1437
4.7659,2.1387
4.7664,2.1336
4.7670,2.1387
4.7675,2.1336
4.7681,2.1387
4.7686,2.1387
4.7691,2.1387
4.7697,2.1387
4.7702,2.1286
4.7708,2.1387
4.7713,2.1387
4.7719,2.1387
4.7724,2.1336
4.7730,2.1387
4.7735,2.1387
4.7741,2.1387
4.7746,2.1336
4.7752,2.1387
4.7757,2.1387
4.7762,2.1387
4.7768,2.1437
4.7773,2.1387
4.7779,2.1387
4.7785,2.1387
4.7790,2.1336
4.7796,2.1387
4.7801,2.1387
4.7806,2.1336
4.7812,2.1387
4.7817,2.1286
4.7823,2.1336
4.7828,2.1336
4.7834,2.1387
4.7839,2.1387
4.7845,2.1437
4.7850,2.1336
4.7856,2.1336
4.7861,2.1387
4.7867,2.1387
4.7872,2.1336
4.7878,2.1387
4.7883,2.1387
4.7889,2.1336
4.7894,2.1437
4.7900,2.1336
4.7905,2.1387
4.7911,2.1336
4.7916,2.1387
4.7921,2.1387
4.7927,2.1387
4.7932,2.1387
4.7938,2.1387
4.7943,2.1387
4.7949,2.1387
4.7954,2.1387
4.7960,2.1286
4.7965,2.1387
4.7971,2.1336
4.7976,2.1387
4.7982,2.1387
4.7987,2.1387
4.7993,2.1286
4.7998,2.1336
4.8003,2.1336
4.8009,2.1387
4.8014,2.1387
4.8020,2.1387
4.8025,2.1387
4.8031,2.1286
4.8036,2.1387
4.8042,2.1387
4.8047,2.1387
4.8053,2.1387
4.8058,2.1387
4.8064,2.1387
4.8069,2.1437
4.8074,2.1387
4.8080,2.1387
4.8085,2.1336
4.8091,2.1387
4.8096,2.1387
4.8102,2.1336
4.8107,2.1387
4.8113,2.1387
4.8118,2.1387
4.8124,2.1387
4.8129,2.1336
4.8135,2.1387
4.8140,2.1387
4.8146,2.1387
4.8151,2.1387
4.8156,2.1387
4.8162,2.1336
4.8167,2.1387
4.8173,2.1387
4.8178,2.1387
4.8184,2.1387
4.8189,2.1387
4.8195,2.1387
4.8200,2.1437
4.8206,2.1387
4.8211,2.1387
4.8217,2.1387
4.8222,2.1387
4.8228,2.1336
4.8233,2.1387
4.8239,2.1387
4.8244,2.1387
4.8250,2.1387
4.8255,2.1336
4.8260,2.1286
4.8266,2.1336
4.8271,2.1387
4.8277,2.1387
4.8282,2.1387
4.8288,2.1387
4.8293,2.1336
4.8299,2.1387
4.8304,2.1387
4.8310,2.1387
4.8315,2.1336
4.8321,2.1387
4.8326,2.1387
4.8332,2.1336
4.8337,2.1437
4.8343,2.1336
4.8348,2.1387
4.8354,2.1387
4.8359,2.1387
4.8364,2.1387
4.8370,2.1387
4.8375,2.1387
4.8381,2.1336
4.8386,2.1387
4.8392,2.1437
4.8397,2.1336
4.8403,2.1387
4.8408,2.1387
4.8414,2.1437
4.8419,2.1336
4.8425,2.1336
4.8430,2.1387
4.8436,2.1387
4.8441,2.1387
4.8447,2.1387
4.8452,2.1437
4.8458,2.1336
4.8463,2.1387
4.8469,2.1387
4.8474,2.1387
4.8480,2.1387
4.8485,2.1437
4.8490,2.1387
4.8496,2.1387
4.8501,2.1387
4.8507,2.1437
4.8512,2.1387
4.8518,2.1387
4.8523,2.1387
4.8529,2.1387
4.8534,2.1387
4.8540,2.1336
4.8545,2.1387
4.8551,2.1387
4.8556,2.1387
4.8562,2.1387
4.8567,2.1387
4.8573,2.1437
4.8578,2.1387
4.8584,2.1387
4.8589,2.1387
4.8595,2.1387
4.8600,2.1387
4.8606,2.1387
4.8611,2.1387
4.8617,2.1387
4.8622,2.1387
4.8628,2.1387
4.8633,2.1387
4.8639,2.1437
4.8644,2.1387
4.8650,2.1336
4.8655,2.1387
4.8660,2.1387
4.8666,2.1336
4.8671,2.1387
4.8677,2.1387
4.8682,2.1387
4.8688,2.1387
4.8693,2.1336
4.8699,2.1336
4.8704,2.1387
4.8710,2.1336
4.8715,2.1387
4.8721,2.1336
4.8726,2.1387
4.8732,2.1336
4.8737,2.1387
4.8743,2.1387
4.8748,2.1387
4.8753,2.1387
4.8759,2.1387
4.8764,2.1336
4.8770,2.1437
4.8775,2.1387
4.8781,2.1286
4.8786,2.1336
4.8792,2.1387
4.8798,2.1387
4.8803,2.1336
4.8809,2.1387
4.8814,2.1286
4.8820,2.1387
4.8825,2.1336
4.8831,2.1387
4.8836,2.1336
4.8842,2.1387
4.8848,2.1387
4.8853,2.1387
4.8859,2.1286
4.8864,2.1336
4.8870,2.1336
4.8876,2.1387
4.8881,2.1387
4.8887,2.1387
4.8892,2.1336
4.8898,2.1387
4.8904,2.1336
4.8909,2.1286
4.8915,2.1387
4.8920,2.1336
4.8926,2.1387
4.8931,2.1387
4.8937,2.1387
4.8942,2.1437
4.8948,2.1387
4.8954,2.1387
4.8959,2.1336
4.8965,2.1387
4.8970,2.1387
4.8976,2.1387
4.8981,2.1387
4.8987,2.1387
4.8993,2.1387
4.8998,2.1387
4.9004,2.1336
4.9010,2.1387
4.9015,2.1387
4.9021,2.1437
4.9026,2.1387
4.9032,2.1387
4.9037,2.1336
4.9043,2.1286
4.9048,2.1387
4.9054,2.1387
4.9060,2.1387
4.9065,2.1387
4.9071,2.1387
4.9077,2.1387
4.9082,2.1286
4.9088,2.1387
4.9093,2.1387
4.9099,2.1387
4.9104,2.1387
4.9110,2.1336
4.9116,2.1387
4.9121,2.1387
4.9127,2.1387
4.9132,2.1387
4.9138,2.1387
4.9143,2.1387
4.9149,2.1387
4.9155,2.1387
4.9160,2.1387
4.9166,2.1387
4.9172,2.1387
4.9177,2.1387
4.9183,2.1437
4.9189,2.1387
4.9194,2.1387
4.9200,2.1387
4.9205,2.1387
4.9211,2.1387
4.9216,2.1286
4.9222,2.1387
4.9228,2.1387
4.9233,2.1286
4.9239,2.1387
4.9244,2.1387
4.9250,2.1387
4.9256,2.1387
4.9261,2.1387
4.9267,2.1437
4.9273,2.1387
4.9278,2.1336
4.9284,2.1387
4.9289,2.1387
4.9295,2.1387
4.9300,2.1437
4.9306,2.1336
4.9312,2.1387
4.9317,2.1387
4.9323,2.1336
4.9328,2.1387
4.9334,2.1387
4.9339,2.1387
4.9345,2.1286
4.9350,2.1387
4.9355,2.1437
4.9361,2.1387
4.9366,2.1336
4.9372,2.1336
4.9377,2.1387
4.9383,2.1286
4.9388,2.1437
4.9394,2.1387
4.9399,2.1387
4.9405,2.1336
4.9410,2.1387
4.9416,2.1336
4.9421,2.1387
4.9427,2.1336
4.9432,2.1387
4.9438,2.1387
4.9443,2.1387
4.9449,2.1387
4.9454,2.1387
4.9459,2.1387
4.9465,2.1387
4.9470,2.1387
4.9476,2.1336
4.9481,2.1387
4.9487,2.1387
4.9492,2.1336
4.9498,2.1437
4.9503,2.1387
4.9509,2.1387
4.9514,2.1336
4.9520,2.1336
4.9525,2.1387
4.9531,2.1387
4.9536,2.1336
4.9542,2.1387
4.9547,2.1387
4.9552,2.1387
4.9558,2.1387
4.9563,2.1387
4.9569,2.1387
4.9574,2.1336
4.9580,2.1387
4.9585,2.1387
4.9591,2.1387
4.9596,2.1387
4.9601,2.1336
4.9607,2.1387
4.9612,2.1387
4.9618,2.1336
4.9623,2.1336
4.9629,2.1387
4.9634,2.1387
4.9639,2.1387
4.9645,2.1387
4.9650,2.1437
4.9656,2.1387
4.9661,2.1387
4.9667,2.1387
4.9672,2.1336
4.9678,2.1336
4.9683,2.1387
4.9689,2.1387
4.9694,2.1387
4.9700,2.1336
4.9705,2.1387
4.9710,2.1336
4.9716,2.1387
4.9721,2.1387
4.9727,2.1437
4.9732,2.1387
4.9738,2.1437
4.9743,2.1387
4.9749,2.1387
4.9754,2.1387
4.9760,2.1387
4.9765,2.1387
4.9771,2.1286
4.9776,2.1387
4.9782,2.1387
4.9787,2.1387
4.9792,2.1387
4.9799,2.1387
4.9805,2.1387
4.9810,2.1387
4.9816,2.1387
4.9821,2.1387
4.9826,2.1286
4.9832,2.1387
4.9837,2.1387
4.9843,2.1387
4.9848,2.1336
4.9853,2.1437
4.9859,2.1336
4.9864,2.1387
4.9870,2.1387
4.9875,2.1387
4.9880,2.1336
4.9886,2.1437
4.9891,2.1387
4.9897,2.1387
4.9902,2.1336
4.9907,2.1387
4.9913,2.1336
4.9919,2.1387
4.9924,2.1387
4.9930,2.1387
4.9936,2.1387
4.9941,2.1387
4.9947,2.1387
4.9953,2.1336
4.9959,2.1336
4.9964,2.1387
4.9970,2.1336
4.9975,2.1387
4.9981,2.1387
4.9987,2.1437
4.9993,2.1336
4.9999,2.1387
5.0004,2.1336
5.0009,2.1387
5.0015,2.1387
5.0020,2.1387
5.0026,2.1336
5.0031,2.1387
5.0036,2.1387
5.0042,2.1286
5.0047,2.1387
5.0053,2.1387
5.0058,2.1387
5.0064,2.1387
5.0069,2.1387
5.0075,2.1286
5.0080,2.1387
5.0086,2.1387
5.0092,2.1387
5.0097,2.1286
5.0103,2.1387
5.0108,2.1387
5.0114,2.1387
5.0120,2.1387
5.0125,2.1387
5.0131,2.1387
5.0136,2.1336
5.0142,2.1336
5.0148,2.1336
5.0154,2.1336
5.0159,2.1387
5.0167,2.1387
5.0173,2.1387
5.0178,2.1387
5.0183,2.1387
5.0189,2.1387
5.0194,2.1387
5.0200,2.1387
5.0205,2.1336
5.0210,2.1387
5.0216,2.1387
5.0221,2.1387
5.0226,2.1387
5.0232,2.1387
5.0237,2.1286
5.0243,2.1437
5.0248,2.1336
5.0253,2.1387
5.0259,2.1336
5.0264,2.1336
5.0270,2.1387
5.0275,2.1387
5.0280,2.1387
5.0286,2.1336
5.0291,2.1387
5.0296,2.1286
5.0302,2.1387
5.0307,2.1336
5.0313,2.1437
5.0318,2.1387
5.0324,2.1336
5.0329,2.1387
5.0335,2.1336
5.0340,2.1387
5.0346,2.1336
5.0351,2.1387
5.0356,2.1387
5.0362,2.1387
5.0367,2.1336
5.0372,2.1336
5.0378,2.1437
5.0383,2.1387
5.0389,2.1387
5.0394,2.1336
5.0399,2.1387
5.0405,2.1387
5.0410,2.1387
5.0415,2.1387
5.0421,2.1387
5.0426,2.1387
5.0432,2.1336
5.0437,2.1336
5.0442,2.1387
5.0448,2.1387
5.0453,2.1387
5.0459,2.1387
5.0464,2.1387
5.0470,2.1387
5.0475,2.1387
5.0480,2.1387
5.0486,2.1437
5.0491,2.1286
5.0496,2.1387
5.0502,2.1387
5.0507,2.1387
5.0513,2.1387
5.0518,2.1336
5.0523,2.1387
5.0529,2.1336
5.0534,2.1437
5.0540,2.1387
5.0545,2.1336
5.0550,2.1336
5.0556,2.1387
5.0561,2.1387
5.0566,2.1336
5.0572,2.1387
5.0577,2.1387
5.0583,2.1387
5.0588,2.1387
5.0593,2.1336
5.0599,2.1387
5.0604,2.1437
5.0609,2.1387
5.0615,2.1387
5.0620,2.1387
5.0626,2.1387
5.0631,2.1387
5.0636,2.1336
5.0642,2.1387
5.0647,2.1387
5.0653,2.1387
5.0658,2.1387
5.0664,2.1437
5.0669,2.1387
5.0674,2.1336
5.0680,2.1336
5.0685,2.1387
5.0690,2.1336
5.0696,2.1387
5.0701,2.1387
5.0707,2.1387
5.0712,2.1387
5.0717,2.1286
5.0723,2.1437
5.0728,2.1387
5.0733,2.1387
5.0739,2.1387
5.0744,2.1387
5.0750,2.1387
5.0755,2.1387
5.0760,2.1387
5.0766,2.1336
5.0771,2.1387
5.0777,2.1387
5.0782,2.1387
5.0787,2.1387
5.0793,2.1387
5.0798,2.1286
5.0804,2.1336
5.0809,2.1387
5.0815,2.1387
5.0820,2.1286
5.0826,2.1387
5.0831,2.1387
5.0836,2.1387
5.0842,2.1387
5.0847,2.1387
5.0853,2.1336
5.0858,2.1387
5.0863,2.1336
5.0869,2.1387
5.0874,2.1437
5.0880,2.1387
5.0885,2.1336
5.0890,2.1387
5.0896,2.1387
5.0901,2.1387
5.0907,2.1387
5.0912,2.1387
5.0918,2.1387
5.0923,2.1387
5.0928,2.1387
5.0934,2.1336
5.0939,2.1336
5.0945,2.1387
5.0950,2.1387
5.0955,2.1387
5.0961,2.1387
5.0966,2.1336
5.0972,2.1387
5.0977,2.1286
5.0982,2.1387
5.0988,2.1387
5.0993,2.1336
5.0999,2.1336
5.1004,2.1387
5.1010,2.1387
5.1015,2.1387
5.1020,2.1437
5.1026,2.1286
5.1031,2.1387
5.1037,2.1387
5.1042,2.1387
5.1047,2.1336
5.1053,2.1336
5.1058,2.1336
5.1064,2.1387
5.1069,2.1387
5.1074,2.1387
5.1080,2.1336
5.1085,2.1387
5.1091,2.1387
5.1096,2.1336
5.1102,2.1336
5.1107,2.1387
5.1112,2.1387
5.1118,2.1336
5.1123,2.1387
5.1129,2.1437
5.1134,2.1387
5.1139,2.1336
5.1145,2.1387
5.1150,2.1387
5.1156,2.1387
5.1161,2.1387
5.1167,2.1387
5.1172,2.1387
5.1177,2.1387
5.1183,2.1336
5.1188,2.1387
5.1194,2.1387
5.1199,2.1387
5.1204,2.1437
5.1210,2.1336
5.1215,2.1387
5.1221,2.1387
5.1226,2.1387
5.1231,2.1387
5.1237,2.1387
5.1242,2.1387
5.1248,2.1387
5.1253,2.1387
5.1259,2.1387
5.1264,2.1387
5.1270,2.1286
5.1275,2.1336
5.1280,2.1387
5.1286,2.1336
5.1291,2.1387
5.1297,2.1286
5.1302,2.1336
5.1307,2.1286
5.1313,2.1286
5.1318,2.1387
5.1324,2.1387
5.1329,2.1336
5.1335,2.1336
5.1340,2.1387
5.1346,2.1387
5.1351,2.1387
5.1356,2.1336
5.1362,2.1387
5.1367,2.1387
5.1373,2.1387
5.1378,2.1336
5.1383,2.1336
5.1389,2.1387
5.1394,2.1336
5.1400,2.1387
5.1405,2.1336
5.1410,2.1336
5.1416,2.1336
5.1421,2.1387
5.1427,2.1387
5.1432,2.1387
5.1438,2.1387
5.1443,2.1387
5.1448,2.1387
5.1454,2.1387
5.1459,2.1336
5.1465,2.1336
5.1470,2.1387
5.1475,2.1387
5.1481,2.1387
5.1486,2.1387
5.1492,2.1387
5.1497,2.1387
5.1502,2.1387
5.1508,2.1437
5.1513,2.1387
5.1519,2.1387
5.1524,2.1387
5.1530,2.1387
5.1535,2.1387
5.1540,2.1387
5.1546,2.1387
5.1551,2.1387
5.1557,2.1336
5.1562,2.1387
5.1567,2.1286
5.1573,2.1387
5.1578,2.1387
5.1584,2.1387
5.1589,2.1387
5.1594,2.1437
5.1600,2.1387
5.1605,2.1387
5.1611,2.1336
5.1616,2.1387
5.1622,2.1336
5.1627,2.1387
5.1632,2.1387
5.1638,2.1387
5.1643,2.1387
5.1649,2.1387
5.1654,2.1387
5.1659,2.1387
5.1665,2.1336
5.1670,2.1387
5.1676,2.1336
5.1681,2.1387
5.1686,2.1336
5.1692,2.1387
5.1697,2.1336
5.1703,2.1387
5.1708,2.1387
5.1713,2.1387
5.1719,2.1387
5.1724,2.1336
5.1730,2.1336
5.1735,2.1387
5.1741,2.1336
5.1746,2.1387
5.1751,2.1387
5.1757,2.1437
5.1762,2.1387
5.1768,2.1387
5.1773,2.1387
5.1778,2.1387
5.1784,2.1437
5.1789,2.1437
5.1795,2.1336
5.1800,2.1387
5.1805,2.1387
5.1812,2.1387
5.1817,2.1387
5.1823,2.1387
5.1828,2.1387
5.1834,2.1387
5.1839,2.1437
5.1845,2.1387
5.1850,2.1387
5.1856,2.1387
5.1861,2.1387
5.1867,2.1336
5.1872,2.1387
5.1878,2.1387
5.1883,2.1336
5.1888,2.1387
5.1894,2.1387
5.1899,2.1336
5.1905,2.1387
5.1910,2.1336
5.1916,2.1437
5.1921,2.1387
5.1927,2.1387
5.1932,2.1387
5.1938,2.1387
5.1943,2.1387
5.1949,2.1336
5.1954,2.1437
5.1960,2.1387
5.1965,2.1437
5.1971,2.1387
5.1976,2.1387
5.1982,2.1387
5.1987,2.1387
5.1992,2.1387
5.1998,2.1387
5.2003,2.1387
5.2009,2.1437
5.2014,2.1336
5.2020,2.1387
5.2026,2.1387
5.2032,2.1387
5.2037,2.1387
5.2043,2.1387
5.2049,2.1387
5.2055,2.1387
5.2061,2.1387
5.2067,2.1387
5.2072,2.1387
5.2078,2.1387
5.2084,2.1387
5.2089,2.1387
5.2095,2.1387
5.2100,2.1387
5.2106,2.1336
5.2112,2.1336
5.2117,2.1387
5.2123,2.1286
5.2129,2.1437
5.2135,2.1387
5.2141,2.1387
5.2146,2.1387
5.2152,2.1336
5.2157,2.1437
5.2164,2.1336
5.2170,2.1336
5.2175,2.1336
5.2180,2.1387
5.2186,2.1387
5.2191,2.1387
5.2197,2.1387
5.2202,2.1336
5.2208,2.1387
5.2213,2.1387
5.2218,2.1286
5.2224,2.1387
5.2229,2.1387
5.2235,2.1387
5.2240,2.1387
5.2246,2.1387
5.2251,2.1387
5.2256,2.1387
5.2262,2.1387
5.2267,2.1336
5.2273,2.1387
5.2278,2.1387
5.2284,2.1387
5.2289,2.1336
5.2295,2.1387
5.2300,2.1387
5.2306,2.1387
5.2311,2.1387
5.2316,2.1387
5.2322,2.1437
5.2327,2.1387
5.2333,2.1387
5.2338,2.1336
5.2344,2.1387
5.2349,2.1387
5.2355,2.1336
5.2360,2.1387
5.2366,2.1387
5.2371,2.1437
5.2377,2.1387
5.2382,2.1336
5.2387,2.1387
5.2393,2.1336
5.2398,2.1387
5.2404,2.1437
5.2409,2.1387
5.2415,2.1387
5.2420,2.1387
5.2425,2.1387
5.2431,2.1286
5.2436,2.1387
5.2442,2.1387
5.2447,2.1387
5.2453,2.1286
5.2458,2.1387
5.2463,2.1387
5.2469,2.1387
5.2474,2.1387
5.2480,2.1387
5.2485,2.1387
5.2491,2.1387
5.2496,2.1387
5.2501,2.1437
5.2507,2.1387
5.2512,2.1387
5.2518,2.1387
5.2523,2.1437
5.2529,2.1336
5.2534,2.1387
5.2539,2.1336
5.2545,2.1387
5.2550,2.1437
5.2556,2.1387
5.2561,2.1336
5.2567,2.1387
5.2572,2.1336
5.2578,2.1286
5.2583,2.1387
5.2588,2.1387
5.2594,2.1387
5.2599,2.1387
5.2605,2.1286
5.2610,2.1387
5.2616,2.1336
5.2621,2.1387
5.2626,2.1336
5.2632,2.1286
5.2637,2.1387
5.2643,2.1387
5.2648,2.1336
5.2654,2.1336
5.2659,2.1336
5.2664,2.1336
5.2670,2.1387
5.2675,2.1387
5.2681,2.1387
5.2686,2.1336
5.2692,2.1336
5.2697,2.1387
5.2703,2.1286
5.2708,2.1387
5.2713,2.1387
5.2719,2.1387
5.2725,2.1387
5.2730,2.1286
5.2735,2.1387
5.2741,2.1387
5.2746,2.1336
5.2752,2.1387
5.2757,2.1286
5.2763,2.1437
5.2768,2.1336
5.2774,2.1387
5.2779,2.1387
5.2785,2.1387
5.2790,2.1336
5.2796,2.1387
5.2801,2.1387
5.2806,2.1336
5.2812,2.1387
5.2818,2.1336
5.2823,2.1387
5.2829,2.1286
5.2834,2.1387
5.2839,2.1286
5.2845,2.1437
5.2850,2.1387
5.2856,2.1336
5.2861,2.1387
5.2867,2.1387
5.2872,2.1286
5.2878,2.1437
5.2883,2.1387
5.2888,2.1387
5.2894,2.1336
5.2899,2.1336
5.2905,2.1387
5.2910,2.1286
5.2916,2.1387
5.2921,2.1387
5.2926,2.1387
5.2932,2.1387
5.2937,2.1387
5.2943,2.1387
5.2948,2.1387
5.2954,2.1387
5.2959,2.1387
5.2965,2.1336
5.2970,2.1387
5.2975,2.1336
5.2981,2.1336
5.2986,2.1387
5.2992,2.1387
5.2997,2.1336
5.3003,2.1387
5.3008,2.1336
5.3013,2.1336
5.3019,2.1387
5.3024,2.1387
5.3030,2.1286
5.3035,2.1387
5.3041,2.1387
5.3046,2.1387
5.3051,2.1336
5.3057,2.1387
5.3062,2.1387
5.3068,2.1336
5.3073,2.1387
5.3079,2.1336
5.3084,2.1387
5.3089,2.1387
5.3095,2.1387
5.3100,2.1387
5.3106,2.1336
5.3111,2.1387
5.3117,2.1387
5.3122,2.1387
5.3127,2.1387
5.3133,2.1387
5.3138,2.1387
5.3144,2.1387
5.3149,2.1387
5.3155,2.1336
5.3160,2.1387
5.3165,2.1387
5.3171,2.1336
5.3176,2.1387
5.3182,2.1387
5.3187,2.1387
5.3193,2.1437
5.3198,2.1387
5.3203,2.1387
5.3209,2.1387
5.3214,2.1336
5.3220,2.1387
5.3225,2.1336
5.3231,2.1387
5.3236,2.1387
5.3241,2.1336
5.3247,2.1387
5.3252,2.1387
5.3258,2.1387
5.3263,2.1336
5.3269,2.1387
5.3274,2.1336
5.3280,2.1387
5.3285,2.1286
5.3291,2.1387
5.3296,2.1387
5.3301,2.1387
5.3307,2.1387
5.3312,2.1387
5.3318,2.1336
5.3323,2.1387
5.3329,2.1286
5.3334,2.1437
5.3339,2.1387
5.3345,2.1336
5.3350,2.1336
5.3356,2.1387
5.3361,2.1387
5.3367,2.1387
5.3372,2.1387
5.3378,2.1387
5.3383,2.1387
5.3388,2.1387
5.3394,2.1387
5.3399,2.1286
5.3405,2.1387
5.3410,2.1336
5.3416,2.1387
5.3422,2.1286
5.3427,2.1387
5.3433,2.1387
5.3438,2.1387
5.3443,2.1387
5.3449,2.1387
5.3454,2.1336
5.3460,2.1387
5.3465,2.1437
5.3471,2.1336
5.3476,2.1387
5.3482,2.1387
5.3487,2.1437
5.3493,2.1387
5.3498,2.1336
5.3504,2.1387
5.3509,2.1387
5.3515,2.1387
5.3520,2.1387
5.3526,2.1387
5.3531,2.1387
5.3537,2.1336
5.3542,2.1387
5.3547,2.1336
5.3553,2.1387
5.3558,2.1437
5.3564,2.1336
5.3569,2.1387
5.3575,2.1387
5.3580,2.1387
5.3586,2.1387
5.3591,2.1437
5.3597,2.1387
5.3602,2.1336
5.3608,2.1336
5.3613,2.1387
5.3619,2.1387
5.3624,2.1387
5.3630,2.1387
5.3635,2.1387
5.3641,2.1387
5.3646,2.1387
5.3651,2.1387
5.3657,2.1437
5.3662,2.1437
5.3668,2.1387
5.3673,2.1286
5.3679,2.1387
5.3684,2.1437
5.3690,2.1336
5.3695,2.1387
5.3701,2.1336
5.3706,2.1387
5.3712,2.1387
5.3717,2.1286
5.3723,2.1336
5.3728,2.1336
5.3734,2.1387
5.3739,2.1387
5.3744,2.1286
5.3750,2.1387
5.3755,2.1336
5.3761,2.1387
5.3766,2.1336
5.3772,2.1387
5.3777,2.1387
5.3783,2.1437
5.3788,2.1387
5.3794,2.1336
5.3799,2.1387
5.3805,2.1387
5.3810,2.1437
5.3816,2.1387
5.3821,2.1387
5.3827,2.1336
5.3832,2.1387
5.3838,2.1437
5.3843,2.1387
5.3849,2.1336
5.3854,2.1387
5.3860,2.1387
5.3865,2.1387
5.3871,2.1387
5.3876,2.1387
5.3882,2.1387
5.3887,2.1387
5.3893,2.1437
5.3898,2.1336
5.3903,2.1387
5.3909,2.1387
5.3914,2.1387
5.3920,2.1387
5.3925,2.1437
5.3931,2.1387
5.3936,2.1336
5.3942,2.1387
5.3947,2.1336
5.3953,2.1387
5.3958,2.1387
5.3964,2.1387
5.3969,2.1336
5.3975,2.1387
5.3980,2.1387
5.3986,2.1387
5.3991,2.1437
5.3997,2.1387
5.4002,2.1387
5.4008,2.1387
5.4013,2.1387
5.4018,2.1336
5.4024,2.1387
5.4029,2.1387
5.4035,2.1336
5.4040,2.1387
5.4046,2.1336
5.4051,2.1336
5.4057,2.1437
5.4062,2.1387
5.4068,2.1336
5.4073,2.1336
5.4079,2.1336
5.4084,2.1286
5.4090,2.1387
5.4095,2.1336
5.4101,2.1387
5.4106,2.1387
5.4112,2.1387
5.4117,2.1387
5.4123,2.1387
5.4128,2.1336
5.4134,2.1387
5.4139,2.1387
5.4145,2.1387
5.4150,2.1336
5.4156,2.1286
5.4161,2.1336
5.4167,2.1387
5.4172,2.1387
5.4178,2.1387
5.4183,2.1387
5.4189,2.1387
5.4194,2.1387
5.4200,2.1336
5.4205,2.1387
5.4210,2.1387
5.4216,2.1387
5.4221,2.1336
5.4227,2.1437
5.4232,2.1387
5.4238,2.1387
5.4243,2.1387
5.4249,2.1336
5.4254,2.1437
5.4260,2.1387
5.4265,2.1387
5.4271,2.1437
5.4276,2.1437
5.4282,2.1387
5.4287,2.1387
5.4293,2.1387
5.4298,2.1387
5.4304,2.1387
5.4309,2.1387
5.4314,2.1437
5.4320,2.1336
5.4325,2.1387
5.4331,2.1336
5.4336,2.1387
5.4342,2.1336
5.4347,2.1437
5.4353,2.1387
5.4358,2.1387
5.4364,2.1387
5.4369,2.1387
5.4375,2.1387
5.4380,2.1387
5.4385,2.1387
5.4391,2.1387
5.4396,2.1387
5.4402,2.1437
5.4407,2.1336
5.4413,2.1387
5.4418,2.1336
5.4424,2.1387
5.4429,2.1387
5.4434,2.1336
5.4440,2.1387
5.4445,2.1286
5.4451,2.1387
5.4456,2.1336
5.4462,2.1387
5.4469,2.1387
5.4475,2.1336
5.4480,2.1387
5.4486,2.1387
5.4491,2.1387
5.4497,2.1286
5.4502,2.1387
5.4508,2.1387
5.4513,2.1336
5.4519,2.1387
5.4524,2.1387
5.4529,2.1387
5.4535,2.1387
5.4540,2.1387
5.4546,2.1387
5.4551,2.1387
5.4557,2.1387
5.4562,2.1387
5.4568,2.1387
5.4573,2.1336
5.4579,2.1387
5.4584,2.1286
5.4590,2.1387
5.4595,2.1387
5.4600,2.1387
5.4606,2.1336
5.4611,2.1387
5.4617,2.1387
5.4622,2.1336
5.4628,2.1387
5.4633,2.1387
5.4639,2.1387
5.4644,2.1387
5.4650,2.1336
5.4655,2.1387
5.4661,2.1387
5.4666,2.1336
5.4672,2.1387
5.4677,2.1387
5.4682,2.1387
5.4688,2.1387
5.4693,2.1387
5.4699,2.1336
5.4704,2.1336
5.4710,2.1387
5.4715,2.1286
5.4720,2.1437
5.4726,2.1387
5.4731,2.1387
5.4737,2.1336
5.4742,2.1387
5.4748,2.1336
5.4753,2.1387
5.4758,2.1387
5.4864,2.1387
5.4869,2.1387
5.4875,2.1336
5.4880,2.1336
5.4886,2.1387
5.4891,2.1387
5.4896,2.1387
5.4902,2.1286
5.4908,2.1336
5.4913,2.1336
5.4919,2.1387
5.4925,2.1336
5.4931,2.1387
5.4937,2.1387
5.4943,2.1387
5.4949,2.1387
5.4955,2.1387
5.4961,2.1336
5.4966,2.1387
5.4972,2.1387
5.4978,2.1387
5.4983,2.1387
5.4989,2.1387
5.4995,2.1437
5.5001,2.1437
5.5007,2.1387
5.5012,2.1336
5.5018,2.1387
5.5023,2.1387
5.5029,2.1336
5.5034,2.1437
5.5040,2.1336
5.5045,2.1387
5.5050,2.1286
5.5056,2.1387
5.5061,2.1387
5.5067,2.1387
5.5072,2.1336
5.5078,2.1387
5.5084,2.1336
5.5089,2.1336
5.5095,2.1387
5.5100,2.1387
5.5106,2.1387
5.5112,2.1336
5.5118,2.1387
5.5124,2.1387
5.5130,2.1387
5.5135,2.1387
5.5141,2.1336
5.5147,2.1437
5.5153,2.1387
5.5158,2.1387
5.5164,2.1387
5.5170,2.1387
5.5176,2.1286
5.5181,2.1387
5.5187,2.1387
5.5192,2.1286
5.5198,2.1387
5.5203,2.1437
5.5209,2.1387
5.5214,2.1336
5.5220,2.1387
5.5225,2.1387
5.5231,2.1387
5.5236,2.1387
5.5241,2.1336
5.5247,2.1336
5.5252,2.1387
5.5258,2.1437
5.5263,2.1387
5.5269,2.1437
5.5274,2.1336
5.5279,2.1387
5.5285,2.1387
5.5290,2.1336
5.5296,2.1387
5.5301,2.1387
5.5306,2.1387
5.5312,2.1387
5.5317,2.1387
5.5323,2.1336
5.5329,2.1336
5.5334,2.1387
5.5340,2.1387
5.5345,2.1387
5.5351,2.1387
5.5356,2.1387
5.5361,2.1387
5.5367,2.1336
5.5372,2.1387
5.5378,2.1387
5.5383,2.1387
5.5389,2.1387
5.5394,2.1387
5.5399,2.1387
5.5405,2.1336
5.5410,2.1387
5.5416,2.1387
5.5421,2.1336
5.5426,2.1387
5.5432,2.1437
5.5437,2.1387
5.5443,2.1387
5.5448,2.1387
5.5453,2.1387
5.5459,2.1387
5.5464,2.1336
5.5470,2.1387
5.5475,2.1387
5.5480,2.1387
5.5486,2.1387
5.5491,2.1387
5.5497,2.1387
5.5502,2.1387
5.5508,2.1387
5.5513,2.1387
5.5518,2.1387
5.5524,2.1336
5.5529,2.1387
5.5535,2.1387
5.5540,2.1387
5.5545,2.1437
5.5551,2.1286
5.5556,2.1387
5.5562,2.1336
5.5567,2.1387
5.5573,2.1387
5.5578,2.1387
5.5584,2.1387
5.5589,2.1286
5.5594,2.1336
5.5600,2.1387
5.5605,2.1336
5.5611,2.1387
5.5617,2.1387
5.5622,2.1387
5.5627,2.1336
5.5633,2.1387
5.5638,2.1387
5.5644,2.1336
5.5649,2.1387
5.5655,2.1437
5.5660,2.1387
5.5666,2.1387
5.5671,2.1387
5.5677,2.1336
5.5682,2.1286
5.5688,2.1336
5.5693,2.1387
5.5699,2.1336
5.5704,2.1387
5.5709,2.1387
5.5715,2.1387
5.5720,2.1336
5.5726,2.1387
5.5731,2.1437
5.5737,2.1336
5.5742,2.1387
5.5748,2.1387
5.5753,2.1387
5.5758,2.1387
5.5764,2.1387
5.5769,2.1387
5.5775,2.1387
5.5780,2.1336
5.5786,2.1336
5.5791,2.1387
5.5796,2.1336
5.5802,2.1336
5.5807,2.1336
5.5813,2.1286
5.5818,2.1387
5.5824,2.1387
5.5829,2.1387
5.5835,2.1387
5.5840,2.1387
5.5845,2.1336
5.5851,2.1336
5.5856,2.1387
5.5862,2.1286
5.5867,2.1387
5.5873,2.1387
5.5878,2.1387
5.5883,2.1336
5.5889,2.1387
5.5894,2.1387
5.5900,2.1387
5.5905,2.1387
5.5910,2.1336
5.5916,2.1387
5.5921,2.1286
5.5927,2.1387
5.5932,2.1387
5.5937,2.1336
5.5943,2.1336
5.5948,2.1387
5.5953,2.1387
5.5959,2.1387
5.5964,2.1387
5.5970,2.1336
5.5975,2.1387
5.5980,2.1387
5.5986,2.1387
5.5991,2.1437
5.5997,2.1387
5.6002,2.1387
5.6007,2.1387
5.6013,2.1387
5.6018,2.1437
5.6023,2.1387
5.6029,2.1387
5.6034,2.1387
5.6040,2.1336
5.6045,2.1387
5.6051,2.1387
5.6056,2.1437
5.6062,2.1387
5.6067,2.1387
5.6072,2.1387
5.6078,2.1387
5.6083,2.1387
5.6089,2.1387
5.6094,2.1387
5.6099,2.1387
5.6105,2.1387
5.6110,2.1387
5.6116,2.1336
5.6121,2.1336
5.6126,2.1387
5.6132,2.1387
5.6137,2.1387
5.6143,2.1387
5.6148,2.1387
5.6153,2.1336
5.6159,2.1387
5.6164,2.1387
5.6170,2.1336
5.6175,2.1387
5.6180,2.1387
5.6186,2.1387
5.6191,2.1387
5.6196,2.1387
5.6202,2.1387
5.6207,2.1437
5.6212,2.1387
5.6218,2.1336
5.6223,2.1437
5.6229,2.1387
5.6234,2.1437
5.6239,2.1336
5.6245,2.1286
5.6250,2.1387
5.6255,2.1387
5.6261,2.1387
5.6266,2.1387
5.6272,2.1387
5.6277,2.1387
5.6282,2.1336
5.6288,2.1387
5.6293,2.1336
5.6299,2.1336
5.6304,2.1387
5.6310,2.1387
5.6315,2.1336
5.6320,2.1387
5.6326,2.1336
5.6331,2.1387
5.6336,2.1387
5.6342,2.1387
5.6347,2.1387
5.6353,2.1336
5.6358,2.1387
5.6363,2.1387
5.6369,2.1387
5.6374,2.1387
5.6380,2.1336
5.6385,2.1387
5.6390,2.1437
5.6396,2.1387
5.6401,2.1336
5.6407,2.1387
5.6412,2.1336
5.6417,2.1437
5.6423,2.1387
5.6428,2.1387
5.6434,2.1387
5.6439,2.1437
5.6444,2.1387
5.6450,2.1387
5.6455,2.1387
5.6461,2.1387
5.6466,2.1387
5.6471,2.1336
5.6477,2.1387
5.6482,2.1437
5.6488,2.1387
5.6493,2.1387
5.6498,2.1387
5.6504,2.1387
5.6509,2.1387
5.6515,2.1387
5.6520,2.1286
5.6525,2.1437
5.6531,2.1387
5.6536,2.1387
5.6542,2.1387
5.6547,2.1336
5.6552,2.1387
5.6558,2.1387
5.6563,2.1437
5.6569,2.1387
5.6574,2.1387
5.6579,2.1387
5.6585,2.1336
5.6590,2.1336
5.6595,2.1437
5.6601,2.1387
5.6606,2.1387
5.6613,2.1387
5.6618,2.1387
5.6624,2.1387
5.6629,2.1336
5.6634,2.1387
5.6640,2.1437
5.6645,2.1387
5.6650,2.1387
5.6656,2.1387
5.6661,2.1336
5.6667,2.1387
5.6672,2.1336
5.6677,2.1336
5.6683,2.1387
5.6688,2.1336
5.6693,2.1286
5.6699,2.1387
5.6704,2.1387
5.6709,2.1387
5.6715,2.1387
5.6720,2.1336
5.6726,2.1387
5.6731,2.1387
5.6736,2.1387
5.6742,2.1387
5.6747,2.1286
5.6752,2.1387
5.6758,2.1437
5.6763,2.1387
5.6768,2.1387
5.6774,2.1387
5.6779,2.1387
5.6785,2.1387
5.6790,2.1336
5.6796,2.1387
5.6801,2.1387
5.6806,2.1387
5.6812,2.1387
5.6817,2.1387
5.6822,2.1387
5.6828,2.1387
5.6833,2.1387
5.6838,2.1387
5.6844,2.1387
5.6849,2.1336
5.6854,2.1387
5.6860,2.1387
5.6865,2.1387
5.6871,2.1286
5.6876,2.1336
5.6881,2.1336
5.6887,2.1387
5.6892,2.1387
5.6897,2.1336
5.6903,2.1387
5.6908,2.1387
5.6913,2.1387
5.6919,2.1336
5.6924,2.1336
5.6929,2.1387
5.6935,2.1387
5.6940,2.1336
5.6945,2.1286
5.6951,2.1387
5.6956,2.1336
5.6961,2.1387
5.6967,2.1387
5.6972,2.1387
5.6977,2.1387
5.6983,2.1387
5.6988,2.1387
5.6994,2.1387
5.6999,2.1387
5.7004,2.1336
5.7010,2.1387
5.7015,2.1336
5.7021,2.1387
5.7026,2.1387
5.7031,2.1336
5.7037,2.1387
5.7042,2.1387
5.7047,2.1387
5.7053,2.1387
5.7058,2.1387
5.7063,2.1387
5.7069,2.1286
5.7074,2.1336
5.7079,2.1387
5.7085,2.1387
5.7090,2.1336
5.7095,2.1387
5.7101,2.1387
5.7106,2.1286
5.7112,2.1387
5.7117,2.1336
5.7122,2.1336
5.7128,2.1387
5.7133,2.1387
5.7138,2.1286
5.7144,2.1387
5.7149,2.1387
5.7154,2.1387
5.7160,2.1387
5.7165,2.1387
5.7170,2.1387
5.7176,2.1387
5.7181,2.1387
5.7187,2.1336
5.7192,2.1437
5.7197,2.1387
5.7203,2.1437
5.7208,2.1387
5.7213,2.1387
5.7219,2.1336
5.7224,2.1387
5.7230,2.1336
5.7235,2.1437
5.7240,2.1387
5.7246,2.1336
5.7251,2.1387
5.7256,2.1387
5.7262,2.1387
5.7267,2.1387
5.7273,2.1437
5.7278,2.1437
5.7283,2.1387
5.7289,2.1437
5.7294,2.1336
5.7299,2.1286
5.7305,2.1387
5.7310,2.1387
5.7315,2.1387
5.7321,2.1336
5.7326,2.1387
5.7331,2.1387
5.7337,2.1387
5.7342,2.1387
5.7347,2.1387
5.7353,2.1437
5.7358,2.1387
5.7363,2.1336
5.7369,2.1336
5.7374,2.1437
5.7380,2.1387
5.7385,2.1336
5.7390,2.1336
5.7396,2.1387
5.7401,2.1387
5.7406,2.1387
5.7412,2.1387
5.7417,2.1387
5.7422,2.1387
5.7428,2.1387
5.7433,2.1387
5.7438,2.1387
5.7444,2.1387
5.7449,2.1387
5.7454,2.1336
5.7460,2.1387
5.7465,2.1336
5.7470,2.1437
5.7476,2.1387
5.7481,2.1387
5.7486,2.1286
5.7492,2.1387
5.7497,2.1336
5.7503,2.1336
5.7508,2.1387
5.7513,2.1387
5.7519,2.1387
5.7524,2.1286
5.7529,2.1387
5.7535,2.1336
5.7540,2.1387
5.7545,2.1387
5.7551,2.1336
5.7556,2.1387
5.7561,2.1387
5.7567,2.1387
5.7572,2.1387
5.7577,2.1336
5.7583,2.1387
5.7588,2.1387
5.7594,2.1387
5.7599,2.1387
5.7604,2.1336
5.7610,2.1387
5.7615,2.1387
5.7621,2.1387
5.7626,2.1387
5.7631,2.1387
5.7637,2.1387
5.7642,2.1336
5.7647,2.1387
5.7653,2.1387
5.7658,2.1387
5.7664,2.1387
5.7669,2.1387
5.7675,2.1387
5.7680,2.1387
5.7685,2.1336
5.7691,2.1336
5.7696,2.1387
5.7701,2.1437
5.7707,2.1336
5.7712,2.1387
5.7717,2.1437
5.7723,2.1387
5.7728,2.1387
5.7733,2.1336
5.7739,2.1387
5.7744,2.1387
5.7749,2.1387
5.7755,2.1387
5.7760,2.1286
5.7766,2.1387
5.7771,2.1336
5.7776,2.1286
5.7782,2.1387
5.7787,2.1387
5.7792,2.1336
5.7798,2.1387
5.7803,2.1336
5.7808,2.1387
5.7814,2.1387
5.7819,2.1387
5.7824,2.1387
5.7830,2.1387
5.7835,2.1286
5.7840,2.1387
5.7846,2.1286
5.7851,2.1387
5.7856,2.1387
5.7862,2.1336
5.7868,2.1336
5.7873,2.1387
5.7879,2.1387
5.7884,2.1336
5.7889,2.1387
5.7895,2.1387
5.7900,2.1387
5.7906,2.1387
5.7911,2.1336
5.7916,2.1387
5.7922,2.1387
5.7927,2.1286
5.7933,2.1336
5.7938,2.1387
5.7943,2.1387
5.7949,2.1286
5.7954,2.1387
5.7960,2.1387
5.7965,2.1387
5.7970,2.1387
5.7976,2.1387
5.7981,2.1387
5.7987,2.1387
5.7992,2.1387
5.7997,2.1387
5.8003,2.1387
5.8008,2.1387
5.8014,2.1387
5.8019,2.1336
5.8024,2.1387
5.8030,2.1437
5.8036,2.1387
5.8042,2.1387
5.8047,2.1387
5.8053,2.1336
5.8059,2.1286
5.8064,2.1387
5.8070,2.1336
5.8076,2.1336
5.8082,2.1437
5.8087,2.1336
5.8093,2.1437
5.8099,2.1387
5.8105,2.1387
5.8110,2.1387
5.8115,2.1387
5.8121,2.1336
5.8127,2.1437
5.8132,2.1336
5.8137,2.1387
5.8143,2.1387
5.8148,2.1387
5.8154,2.1387
5.8159,2.1387
5.8164,2.1387
5.8170,2.1336
5.8175,2.1437
5.8181,2.1387
5.8186,2.1387
5.8191,2.1437
5.8197,2.1387
5.8202,2.1336
5.8208,2.1387
5.8213,2.1387
5.8218,2.1437
5.8224,2.1387
5.8229,2.1387
5.8234,2.1387
5.8240,2.1387
5.8245,2.1387
5.8250,2.1387
5.8256,2.1286
5.8261,2.1387
5.8267,2.1387
5.8272,2.1387
5.8277,2.1387
5.8283,2.1387
5.8288,2.1387
5.8293,2.1387
5.8299,2.1336
5.8304,2.1437
5.8309,2.1387
5.8315,2.1387
5.8320,2.1387
5.8326,2.1387
5.8331,2.1387
5.8336,2.1336
5.8342,2.1437
5.8347,2.1387
5.8353,2.1336
5.8358,2.1286
5.8363,2.1387
5.8369,2.1387
5.8374,2.1387
5.8380,2.1336
5.8385,2.1387
5.8390,2.1286
5.8396,2.1286
5.8401,2.1387
5.8406,2.1437
5.8412,2.1387
5.8417,2.1387
5.8422,2.1336
5.8428,2.1336
5.8433,2.1336
5.8439,2.1387
5.8444,2.1336
5.8449,2.1387
5.8455,2.1387
5.8460,2.1387
5.8465,2.1336
5.8471,2.1336
5.8476,2.1336
5.8481,2.1336
5.8487,2.1387
5.8492,2.1387
5.8497,2.1387
5.8503,2.1387
5.8508,2.1387
5.8514,2.1336
5.8519,2.1387
5.8524,2.1387
5.8530,2.1336
5.8535,2.1387
5.8540,2.1336
5.8546,2.1387
5.8551,2.1387
5.8556,2.1336
5.8562,2.1387
5.8567,2.1387
5.8573,2.1387
5.8578,2.1387
5.8584,2.1336
5.8589,2.1387
5.8594,2.1387
5.8600,2.1437
5.8609,2.1387
5.8614,2.1387
5.8620,2.1387
5.8625,2.1387
5.8630,2.1387
5.8636,2.1336
5.8641,2.1437
5.8646,2.1387
5.8652,2.1387
5.8657,2.1336
5.8662,2.1387
5.8668,2.1387
5.8673,2.1387
5.8679,2.1387
5.8684,2.1387
5.8689,2.1387
5.8695,2.1336
5.8700,2.1387
5.8705,2.1387
5.8711,2.1387
5.8716,2.1387
5.8721,2.1286
5.8727,2.1387
5.8732,2.1387
5.8738,2.1437
5.8743,2.1286
5.8748,2.1387
5.8754,2.1437
5.8759,2.1387
5.8764,2.1336
5.8770,2.1387
5.8775,2.1387
5.8780,2.1387
5.8786,2.1387
5.8791,2.1387
5.8796,2.1437
5.8802,2.1387
5.8807,2.1286
5.8813,2.1336
5.8818,2.1387
5.8823,2.1387
5.8829,2.1387
5.8834,2.1387
5.8839,2.1387
5.8845,2.1387
5.8850,2.1336
5.8855,2.1336
5.8861,2.1437
5.8866,2.1387
5.8872,2.1387
5.8877,2.1336
5.8882,2.1387
5.8888,2.1387
5.8893,2.1387
5.8898,2.1286
5.8904,2.1387
5.8909,2.1387
5.8915,2.1387
5.8920,2.1336
5.8925,2.1387
5.8931,2.1387
5.8936,2.1336
5.8941,2.1387
5.8947,2.1437
5.8952,2.1387
5.8957,2.1336
5.8963,2.1387
5.8968,2.1387
5.8974,2.1387
5.8979,2.1387
5.8984,2.1336
5.8990,2.1336
5.8995,2.1387
5.9000,2.1387
5.9006,2.1387
5.9011,2.1387
5.9017,2.1336
5.9022,2.1387
5.9027,2.1387
5.9033,2.1387
5.9038,2.1437
5.9044,2.1336
5.9049,2.1387
5.9054,2.1336
5.9060,2.1387
5.9065,2.1387
5.9070,2.1336
5.9076,2.1387
5.9081,2.1336
5.9086,2.1387
5.9092,2.1387
5.9097,2.1336
5.9103,2.1387
5.9108,2.1387
5.9113,2.1387
5.9119,2.1387
5.9124,2.1387
5.9129,2.1336
5.9135,2.1387
5.9140,2.1387
5.9145,2.1387
5.9151,2.1387
5.9156,2.1387
5.9161,2.1336
5.9167,2.1336
5.9172,2.1387
5.9178,2.1387
5.9184,2.1387
5.9189,2.1387
5.9194,2.1387
5.9200,2.1387
5.9205,2.1387
5.9211,2.1336
5.9216,2.1437
5.9221,2.1387
5.9227,2.1336
5.9232,2.1387
5.9238,2.1387
5.9243,2.1387
5.9248,2.1336
5.9254,2.1336
5.9259,2.1387
5.9264,2.1437
5.9270,2.1387
5.9275,2.1387
5.9281,2.1387
5.9286,2.1387
5.9291,2.1387
5.9297,2.1286
5.9302,2.1336
5.9308,2.1336
5.9313,2.1387
5.9318,2.1437
5.9324,2.1336
5.9329,2.1336
5.9335,2.1387
5.9340,2.1387
5.9345,2.1336
5.9351,2.1387
5.9356,2.1387
5.9362,2.1387
5.9367,2.1387
5.9372,2.1387
5.9378,2.1336
5.9383,2.1387
5.9389,2.1387
5.9394,2.1387
5.9399,2.1437
5.9405,2.1387
5.9410,2.1336
5.9415,2.1336
5.9421,2.1387
5.9426,2.1387
5.9432,2.1336
5.9437,2.1387
5.9442,2.1387
5.9448,2.1387
5.9453,2.1336
5.9459,2.1286
5.9464,2.1437
5.9469,2.1387
5.9475,2.1387
5.9480,2.1387
5.9486,2.1336
5.9491,2.1437
5.9496,2.1336
5.9502,2.1387
5.9507,2.1387
5.9512,2.1336
5.9518,2.1437
5.9523,2.1387
5.9529,2.1387
5.9534,2.1387
5.9539,2.1387
5.9545,2.1387
5.9550,2.1336
5.9556,2.1387
5.9561,2.1387
5.9566,2.1387
5.9572,2.1286
5.9577,2.1387
5.9583,2.1387
5.9588,2.1387
5.9593,2.1387
5.9599,2.1286
5.9604,2.1336
5.9609,2.1387
5.9615,2.1286
5.9620,2.1286
5.9626,2.1387
5.9631,2.1387
5.9636,2.1437
5.9642,2.1336
5.9647,2.1387
5.9653,2.1286
5.9658,2.1336
5.9663,2.1387
5.9669,2.1336
5.9674,2.1336
5.9679,2.1387
5.9685,2.1437
5.9690,2.1387
5.9696,2.1336
5.9701,2.1387
5.9706,2.1286
5.9712,2.1387
5.9717,2.1387
5.9723,2.1387
5.9728,2.1336
5.9734,2.1336
5.9739,2.1387
5.9744,2.1387
5.9750,2.1336
5.9755,2.1387
5.9761,2.1286
5.9766,2.1387
5.9771,2.1387
5.9777,2.1387
5.9782,2.1387
5.9788,2.1387
5.9793,2.1387
5.9798,2.1387
5.9804,2.1286
5.9809,2.1387
5.9814,2.1387
5.9820,2.1387
5.9825,2.1387
5.9831,2.1387
5.9836,2.1387
5.9841,2.1387
5.9847,2.1387
5.9852,2.1387
5.9858,2.1387
5.9863,2.1387
5.9868,2.1336
5.9874,2.1387
5.9879,2.1387
5.9885,2.1387
5.9890,2.1336
5.9895,2.1387
5.9901,2.1336
5.9906,2.1286
5.9912,2.1336
5.9924,2.1336
5.9930,2.1387
5.9936,2.1336
5.9942,2.1336
5.9948,2.1387
5.9953,2.1336
5.9959,2.1336
5.9964,2.1336
5.9997,2.1387
6.0058,2.1387
6.0064,2.1387
6.0070,2.1387
6.0075,2.1286
6.0081,2.1286
6.0087,2.1387
6.0092,2.1387
6.0098,2.1387
6.0104,2.1387
6.0110,2.1387
6.0115,2.1387
6.0121,2.1336
6.0126,2.1286
6.0132,2.1387
6.0137,2.1387
6.0143,2.1336
6.0148,2.1387
6.0153,2.1387
6.0159,2.1437
6.0165,2.1387
6.0171,2.1336
6.0176,2.1387
6.0181,2.1387
6.0187,2.1387
6.0192,2.1387
6.0198,2.1387
6.0203,2.1336
6.0208,2.1336
6.0214,2.1387
6.0219,2.1336
6.0225,2.1336
6.0230,2.1387
6.0235,2.1387
6.0241,2.1336
6.0246,2.1437
6.0251,2.1336
6.0257,2.1286
6.0262,2.1387
6.0268,2.1387
6.0273,2.1387
6.0278,2.1336
6.0284,2.1387
6.0289,2.1387
6.0295,2.1387
6.0300,2.1336
6.0305,2.1387
6.0311,2.1387
6.0316,2.1387
6.0321,2.1336
6.0327,2.1336
6.0333,2.1387
6.0338,2.1387
6.0343,2.1387
6.0349,2.1387
6.0354,2.1387
6.0360,2.1387
6.0365,2.1387
6.0370,2.1387
6.0376,2.1387
6.0381,2.1387
6.0387,2.1387
6.0392,2.1387
6.0397,2.1336
6.0403,2.1437
6.0408,2.1387
6.0414,2.1336
6.0419,2.1387
6.0424,2.1387
6.0430,2.1387
6.0435,2.1387
6.0441,2.1387
6.0446,2.1387
6.0451,2.1437
6.0457,2.1336
6.0462,2.1387
6.0468,2.1387
6.0473,2.1336
6.0478,2.1387
6.0484,2.1387
6.0489,2.1336
6.0495,2.1387
6.0500,2.1387
6.0506,2.1387
6.0511,2.1387
6.0517,2.1387
6.0522,2.1387
6.0527,2.1387
6.0533,2.1336
6.0538,2.1437
6.0544,2.1387
6.0549,2.1336
6.0554,2.1286
6.0560,2.1336
6.0565,2.1336
6.0571,2.1286
6.0576,2.1336
6.0581,2.1387
6.0587,2.1387
6.0592,2.1437
6.0598,2.1387
6.0603,2.1387
6.0608,2.1387
6.0614,2.1387
6.0619,2.1387
6.0625,2.1387
6.0630,2.1437
6.0635,2.1336
6.0641,2.1387
6.0646,2.1336
6.0652,2.1336
6.0657,2.1387
6.0662,2.1387
6.0668,2.1387
6.0673,2.1336
6.0679,2.1387
6.0684,2.1387
6.0689,2.1437
6.0695,2.1336
6.0700,2.1437
6.0706,2.1336
6.0711,2.1387
6.0716,2.1387
6.0722,2.1336
6.0727,2.1336
6.0733,2.1387
6.0738,2.1387
6.0743,2.1336
6.0749,2.1387
6.0754,2.1387
6.0760,2.1387
6.0765,2.1437
6.0770,2.1387
6.0776,2.1387
6.0781,2.1387
6.0787,2.1437
6.0792,2.1387
6.0797,2.1336
6.0803,2.1387
6.0808,2.1336
6.0814,2.1387
6.0819,2.1387
6.0824,2.1336
6.0830,2.1387
6.0835,2.1387
6.0840,2.1387
6.0846,2.1387
6.0851,2.1387
6.0857,2.1387
6.0862,2.1387
6.0868,2.1336
6.0873,2.1387
6.0879,2.1286
6.0884,2.1387
6.0890,2.1387
6.0895,2.1336
6.0900,2.1336
6.0906,2.1387
6.0911,2.1336
6.0917,2.1387
6.0922,2.1387
6.0927,2.1437
6.0933,2.1387
6.0938,2.1286
6.0944,2.1387
6.0949,2.1387
6.0954,2.1336
6.0960,2.1387
6.0965,2.1387
6.0971,2.1387
6.0976,2.1437
6.0981,2.1387
6.0987,2.1387
6.0992,2.1387
6.0998,2.1286
6.1003,2.1387
6.1008,2.1387
6.1014,2.1387
6.1019,2.1336
6.1025,2.1336
6.1030,2.1387
6.1035,2.1387
6.1041,2.1387
6.1046,2.1437
6.1052,2.1387
6.1057,2.1387
6.1062,2.1437
6.1068,2.1387
6.1073,2.1387
6.1079,2.1336
6.1084,2.1387
6.1089,2.1387
6.1095,2.1387
6.1100,2.1336
6.1105,2.1336
6.1111,2.1437
6.1116,2.1387
6.1121,2.1387
6.1127,2.1336
6.1132,2.1387
6.1138,2.1286
6.1143,2.1336
6.1148,2.1387
6.1154,2.1387
6.1159,2.1336
6.1164,2.1387
6.1170,2.1387
6.1175,2.1387
6.1181,2.1387
6.1186,2.1387
6.1192,2.1336
6.1197,2.1336
6.1203,2.1437
6.1208,2.1387
6.1214,2.1437
6.1219,2.1387
6.1224,2.1387
6.1230,2.1387
6.1235,2.1336
6.1241,2.1387
6.1246,2.1387
6.1251,2.1437
6.1257,2.1387
6.1262,2.1286
6.1268,2.1387
6.1273,2.1437
6.1279,2.1336
6.1284,2.1336
6.1289,2.1387
6.1295,2.1336
6.1300,2.1387
6.1306,2.1387
6.1311,2.1336
6.1316,2.1437
6.1322,2.1387
6.1327,2.1387
6.1333,2.1437
6.1338,2.1336
6.1343,2.1387
6.1349,2.1336
6.1354,2.1387
6.1360,2.1387
6.1365,2.1387
6.1370,2.1387
6.1376,2.1387
6.1381,2.1387
6.1387,2.1387
6.1392,2.1336
6.1397,2.1336
6.1403,2.1336
6.1408,2.1387
6.1414,2.1336
6.1419,2.1387
6.1424,2.1387
6.1430,2.1336
6.1435,2.1387
6.1441,2.1387
6.1446,2.1387
6.1451,2.1387
6.1457,2.1387
6.1462,2.1336
6.1468,2.1387
6.1473,2.1336
6.1478,2.1387
6.1484,2.1286
6.1489,2.1387
6.1495,2.1387
6.1500,2.1336
6.1505,2.1336
6.1511,2.1387
6.1516,2.1387
6.1522,2.1387
6.1527,2.1286
6.1532,2.1387
6.1538,2.1387
6.1543,2.1387
6.1548,2.1387
6.1554,2.1387
6.1559,2.1336
6.1565,2.1336
6.1570,2.1336
6.1575,2.1387
6.1581,2.1387
6.1586,2.1387
6.1592,2.1336
6.1597,2.1387
6.1603,2.1387
6.1608,2.1336
6.1613,2.1286
6.1619,2.1286
6.1624,2.1387
6.1630,2.1336
6.1635,2.1387
6.1640,2.1387
6.1646,2.1387
6.1651,2.1387
6.1657,2.1387
6.1662,2.1336
6.1667,2.1387
6.1673,2.1336
6.1678,2.1387
6.1684,2.1387
6.1689,2.1336
6.1694,2.1387
6.1700,2.1336
6.1705,2.1387
6.1711,2.1387
6.1716,2.1336
6.1721,2.1336
6.1727,2.1286
6.1732,2.1387
6.1738,2.1387
6.1743,2.1336
6.1748,2.1387
6.1754,2.1387
6.1759,2.1336
6.1765,2.1336
6.1770,2.1387
6.1776,2.1286
6.1781,2.1336
6.1786,2.1387
6.1792,2.1387
6.1797,2.1286
6.1802,2.1387
6.1808,2.1387
6.1813,2.1387
6.1819,2.1387
6.1824,2.1387
6.1829,2.1387
6.1835,2.1387
6.1840,2.1387
6.1846,2.1387
6.1851,2.1387
6.1856,2.1387
6.1862,2.1387
6.1867,2.1387
6.1873,2.1387
6.1878,2.1387
6.1884,2.1336
6.1889,2.1387
6.1895,2.1387
6.1900,2.1387
6.1905,2.1336
6.1911,2.1387
6.1916,2.1387
6.1922,2.1336
6.1927,2.1387
6.1932,2.1387
6.1938,2.1387
6.1943,2.1336
6.1949,2.1336
6.1954,2.1336
6.1959,2.1387
6.1965,2.1336
6.1970,2.1387
6.1976,2.1387
6.1981,2.1336
6.1987,2.1387
6.1992,2.1387
6.1997,2.1387
6.2003,2.1387
6.2008,2.1336
6.2014,2.1387
6.2019,2.1336
6.2024,2.1336
6.2030,2.1387
6.2035,2.1387
6.2041,2.1336
6.2046,2.1336
6.2051,2.1437
6.2057,2.1387
6.2062,2.1387
6.2068,2.1387
6.2073,2.1387
6.2079,2.1336
6.2084,2.1336
6.2089,2.1286
6.2095,2.1387
6.2100,2.1387
6.2105,2.1387
6.2111,2.1387
6.2116,2.1387
6.2122,2.1387
6.2127,2.1336
6.2132,2.1387
6.2138,2.1387
6.2143,2.1387
6.2149,2.1387
6.2154,2.1387
6.2159,2.1387
6.2165,2.1286
6.2170,2.1336
6.2176,2.1387
6.2181,2.1387
6.2187,2.1387
6.2192,2.1336
6.2197,2.1387
6.2203,2.1387
6.2208,2.1336
6.2213,2.1336
6.2219,2.1437
6.2224,2.1387
6.2230,2.1387
6.2235,2.1387
6.2240,2.1387
6.2246,2.1387
6.2251,2.1387
6.2257,2.1336
6.2262,2.1336
6.2267,2.1387
6.2273,2.1387
6.2278,2.1387
6.2284,2.1387
6.2289,2.1336
6.2294,2.1437
6.2300,2.1387
6.2305,2.1387
6.2311,2.1387
6.2316,2.1286
6.2321,2.1336
6.2327,2.1387
6.2332,2.1387
6.2338,2.1336
6.2343,2.1336
6.2348,2.1387
6.2354,2.1387
6.2359,2.1286
6.2365,2.1437
6.2370,2.1387
6.2375,2.1336
6.2381,2.1286
6.2386,2.1336
6.2392,2.1387
6.2397,2.1336
6.2402,2.1336
6.2408,2.1336
6.2413,2.1387
6.2419,2.1387
6.2424,2.1387
6.2429,2.1336
6.2435,2.1336
6.2440,2.1387
6.2446,2.1387
6.2451,2.1387
6.2457,2.1387
6.2462,2.1387
6.2468,2.1336
6.2473,2.1336
6.2478,2.1387
6.2484,2.1437
6.2489,2.1336
6.2495,2.1387
6.2500,2.1336
6.2505,2.1387
6.2511,2.1336
6.2516,2.1387
6.2522,2.1387
6.2527,2.1387
6.2532,2.1387
6.2538,2.1387
6.2543,2.1387
6.2549,2.1387
6.2554,2.1437
6.2559,2.1336
6.2565,2.1387
6.2570,2.1387
6.2576,2.1336
6.2581,2.1437
6.2587,2.1387
6.2592,2.1286
6.2597,2.1387
6.2603,2.1336
6.2608,2.1387
6.2614,2.1387
6.2619,2.1387
6.2624,2.1336
6.2630,2.1336
6.2635,2.1336
6.2641,2.1387
6.2646,2.1387
6.2651,2.1387
6.2657,2.1387
6.2662,2.1387
6.2668,2.1387
6.2673,2.1387
6.2678,2.1286
6.2684,2.1387
6.2689,2.1336
6.2695,2.1336
6.2700,2.1387
6.2705,2.1387
6.2711,2.1336
6.2716,2.1336
6.2722,2.1437
6.2727,2.1387
6.2732,2.1387
6.2738,2.1387
6.2743,2.1387
6.2749,2.1336
6.2754,2.1387
6.2759,2.1387
6.2765,2.1387
6.2770,2.1336
6.2776,2.1336
6.2781,2.1387
6.2786,2.1336
6.2792,2.1387
6.2797,2.1387
6.2803,2.1286
6.2808,2.1387
6.2813,2.1387
6.2819,2.1336
6.2824,2.1336
6.2830,2.1336
6.2835,2.1387
6.2840,2.1336
6.2846,2.1387
6.2851,2.1387
6.2857,2.1387
6.2862,2.1387
6.2868,2.1387
6.2873,2.1387
6.2878,2.1336
6.2884,2.1336
6.2890,2.1387
6.2896,2.1387
6.2901,2.1387
6.2907,2.1387
6.2912,2.1336
6.2917,2.1336
6.2923,2.1387
6.2928,2.1387
6.2933,2.1336
6.2939,2.1387
6.2944,2.1387
6.2950,2.1336
6.2955,2.1336
6.2960,2.1387
6.2966,2.1387
6.2971,2.1336
6.2976,2.1336
6.2982,2.1387
6.2987,2.1387
6.2992,2.1336
6.2998,2.1387
6.3003,2.1387
6.3008,2.1336
6.3014,2.1387
6.3019,2.1387
6.3025,2.1387
6.3030,2.1336
6.3035,2.1286
6.3041,2.1387
6.3046,2.1387
6.3051,2.1387
6.3057,2.1387
6.3062,2.1387
6.3067,2.1387
6.3073,2.1387
6.3078,2.1387
6.3083,2.1387
6.3089,2.1336
6.3094,2.1286
6.3100,2.1336
6.3105,2.1286
6.3110,2.1387
6.3116,2.1336
6.3121,2.1387
6.3126,2.1387
6.3132,2.1336
6.3137,2.1387
6.3142,2.1387
6.3148,2.1286
6.3153,2.1387
6.3158,2.1387
6.3164,2.1387
6.3169,2.1336
6.3175,2.1387
6.3180,2.1387
6.3185,2.1336
6.3191,2.1387
6.3196,2.1387
6.3202,2.1336
6.3207,2.1437
6.3212,2.1387
6.3218,2.1387
6.3223,2.1387
6.3228,2.1387
6.3234,2.1387
6.3239,2.1336
6.3245,2.1387
6.3250,2.1336
6.3256,2.1336
6.3261,2.1387
6.3266,2.1387
6.3272,2.1336
6.3277,2.1286
6.3282,2.1387
6.3288,2.1387
6.3293,2.1387
6.3299,2.1387
6.3304,2.1387
6.3309,2.1336
6.3315,2.1387
6.3320,2.1387
6.3325,2.1387
6.3331,2.1336
6.3336,2.1387
6.3341,2.1286
6.3347,2.1387
6.3352,2.1387
6.3358,2.1336
6.3363,2.1387
6.3368,2.1387
6.3374,2.1387
6.3379,2.1336
6.3384,2.1387
6.3390,2.1387
6.3395,2.1336
6.3400,2.1387
6.3406,2.1387
6.3411,2.1387
6.3416,2.1336
6.3422,2.1336
6.3427,2.1387
6.3433,2.1387
6.3438,2.1387
6.3443,2.1336
6.3449,2.1387
6.3454,2.1336
6.3459,2.1336
6.3465,2.1387
6.3470,2.1387
6.3475,2.1387
6.3481,2.1387
6.3486,2.1286
6.3491,2.1387
6.3497,2.1387
6.3502,2.1387
6.3508,2.1387
6.3513,2.1387
6.3518,2.1387
6.3524,2.1336
6.3529,2.1437
6.3534,2.1387
6.3540,2.1387
6.3545,2.1387
6.3550,2.1437
6.3556,2.1286
6.3561,2.1387
6.3566,2.1387
6.3572,2.1437
6.3577,2.1387
6.3583,2.1387
6.3588,2.1336
6.3593,2.1336
6.3599,2.1387
6.3604,2.1387
6.3610,2.1387
6.3615,2.1437
6.3620,2.1387
6.3626,2.1387
6.3631,2.1336
6.3636,2.1387
6.3642,2.1387
6.3647,2.1387
6.3653,2.1387
6.3658,2.1387
6.3663,2.1286
6.3669,2.1437
6.3674,2.1437
6.3679,2.1336
6.3685,2.1387
6.3690,2.1387
6.3696,2.1387
6.3701,2.1387
6.3706,2.1336
6.3712,2.1336
6.3717,2.1336
6.3722,2.1336
6.3728,2.1336
6.3733,2.1387
6.3738,2.1387
6.3744,2.1387
6.3749,2.1387
6.3754,2.1387
6.3760,2.1437
6.3765,2.1387
6.3771,2.1387
6.3776,2.1387
6.3781,2.1387
6.3787,2.1336
6.3792,2.1336
6.3797,2.1387
6.3803,2.1286
6.3808,2.1336
6.3813,2.1387
6.3819,2.1387
6.3824,2.1387
6.3829,2.1336
6.3835,2.1387
6.3840,2.1387
6.3846,2.1437
6.3851,2.1387
6.3856,2.1336
6.3862,2.1336
6.3867,2.1387
6.3872,2.1387
6.3878,2.1387
6.3883,2.1336
6.3888,2.1437
6.3895,2.1336
6.3900,2.1336
6.3905,2.1387
6.3911,2.1387
6.3916,2.1336
6.3922,2.1387
6.3927,2.1387
6.3933,2.1336
6.3938,2.1387
6.3943,2.1336
6.3949,2.1387
6.3954,2.1387
6.3960,2.1387
6.3965,2.1387
6.3970,2.1387
6.3976,2.1387
6.3981,2.1387
6.3987,2.1336
6.3992,2.1387
6.3997,2.1387
6.4003,2.1387
6.4008,2.1387
6.4014,2.1387
6.4019,2.1387
6.4027,2.1387
6.4057,2.1387
6.4064,2.1336
6.4070,2.1387
6.4075,2.1387
6.4081,2.1387
6.4086,2.1387
6.4092,2.1387
6.4098,2.1336
6.4104,2.1387
6.4109,2.1387
6.4115,2.1286
6.4121,2.1387
6.4126,2.1336
6.4131,2.1437
6.4137,2.1387
6.4142,2.1387
6.4148,2.1387
6.4153,2.1336
6.4158,2.1336
6.4164,2.1387
6.4170,2.1336
6.4175,2.1387
6.4181,2.1387
6.4186,2.1387
6.4191,2.1387
6.4197,2.1387
6.4202,2.1437
6.4207,2.1387
6.4213,2.1336
6.4218,2.1336
6.4223,2.1387
6.4229,2.1336
6.4234,2.1387
6.4239,2.1387
6.4245,2.1387
6.4250,2.1336
6.4256,2.1387
6.4261,2.1387
6.4266,2.1387
6.4272,2.1387
6.4277,2.1387
6.4282,2.1387
6.4288,2.1336
6.4293,2.1387
6.4298,2.1336
6.4304,2.1336
6.4309,2.1286
6.4315,2.1387
6.4320,2.1387
6.4325,2.1437
6.4331,2.1387
6.4336,2.1387
6.4342,2.1387
6.4347,2.1336
6.4353,2.1387
6.4358,2.1387
6.4363,2.1387
6.4369,2.1387
6.4374,2.1387
6.4379,2.1387
6.4385,2.1286
6.4390,2.1387
6.4396,2.1387
6.4401,2.1336
6.4406,2.1387
6.4412,2.1387
6.4417,2.1387
6.4423,2.1387
6.4428,2.1336
6.4433,2.1387
6.4439,2.1387
6.4444,2.1286
6.4449,2.1286
6.4455,2.1336
6.4460,2.1387
6.4465,2.1336
6.4471,2.1387
6.4476,2.1286
6.4481,2.1387
6.4487,2.1387
6.4492,2.1336
6.4498,2.1437
6.4503,2.1387
6.4509,2.1387
6.4514,2.1387
6.4519,2.1387
6.4525,2.1387
6.4530,2.1387
6.4535,2.1286
6.4541,2.1387
6.4546,2.1336
6.4551,2.1387
6.4557,2.1387
6.4562,2.1336
6.4567,2.1387
6.4573,2.1437
6.4578,2.1286
6.4584,2.1387
6.4589,2.1387
6.4594,2.1336
6.4600,2.1387
6.4605,2.1387
6.4611,2.1387
6.4616,2.1286
6.4622,2.1387
6.4627,2.1387
6.4632,2.1387
6.4638,2.1387
6.4643,2.1336
6.4649,2.1387
6.4654,2.1387
6.4659,2.1387
6.4665,2.1387
6.4670,2.1387
6.4676,2.1387
6.4681,2.1336
6.4686,2.1387
6.4692,2.1387
6.4697,2.1387
6.4702,2.1387
6.4708,2.1387
6.4713,2.1387
6.4718,2.1387
6.4724,2.1336
6.4729,2.1437
6.4734,2.1387
6.4740,2.1387
6.4745,2.1336
6.4751,2.1286
6.4756,2.1336
6.4761,2.1387
6.4767,2.1336
6.4772,2.1437
6.4777,2.1387
6.4783,2.1387
6.4788,2.1286
6.4794,2.1387
6.4799,2.1387
6.4804,2.1387
6.4810,2.1336
6.4815,2.1387
6.4821,2.1336
6.4826,2.1336
6.4831,2.1387
6.4837,2.1387
6.4842,2.1336
6.4847,2.1387
6.4853,2.1387
6.4858,2.1336
6.4864,2.1336
6.4869,2.1387
6.4874,2.1387
6.4880,2.1387
6.4885,2.1286
6.4891,2.1286
6.4896,2.1336
6.4902,2.1336
6.4908,2.1336
6.4913,2.1387
6.4920,2.1387
6.4925,2.1336
6.4931,2.1387
6.4937,2.1387
6.4942,2.1387
6.4948,2.1387
6.4954,2.1387
6.4959,2.1387
6.4964,2.1387
6.4970,2.1387
6.4975,2.1286
6.4981,2.1387
6.4986,2.1387
6.4994,2.1387
6.4999,2.1387
6.5005,2.1387
6.5010,2.1387
6.5015,2.1437
6.5021,2.1387
6.5026,2.1437
6.5032,2.1387
6.5037,2.1387
6.5042,2.1336
6.5054,2.1336
6.5060,2.1387
6.5066,2.1336
6.5071,2.1387
6.5077,2.1387
6.5083,2.1387
6.5088,2.1387
6.5094,2.1336
6.5100,2.1336
6.5105,2.1387
6.5110,2.1387
6.5116,2.1437
6.5121,2.1387
6.5126,2.1387
6.5131,2.1387
6.5137,2.1336
6.5142,2.1387
6.5147,2.1387
6.5153,2.1336
6.5158,2.1387
6.5164,2.1387
6.5169,2.1336
6.5175,2.1336
6.5180,2.1387
6.5185,2.1387
6.5191,2.1387
6.5196,2.1336
6.5201,2.1286
6.5206,2.1387
6.5212,2.1286
6.5217,2.1387
6.5222,2.1286
6.5228,2.1336
6.5233,2.1336
6.5238,2.1387
6.5244,2.1387
6.5249,2.1387
6.5254,2.1336
6.5259,2.1387
6.5265,2.1387
6.5270,2.1286
6.5275,2.1336
6.5281,2.1336
6.5286,2.1336
6.5291,2.1387
6.5297,2.1387
6.5302,2.1387
6.5307,2.1336
6.5312,2.1387
6.5318,2.1437
6.5323,2.1387
6.5328,2.1437
6.5334,2.1387
6.5339,2.1387
6.5345,2.1387
6.5350,2.1387
6.5355,2.1387
6.5361,2.1336
6.5366,2.1336
6.5371,2.1387
6.5377,2.1387
6.5382,2.1387
6.5387,2.1336
6.5393,2.1387
6.5398,2.1387
6.5403,2.1387
6.5408,2.1387
6.5414,2.1336
6.5419,2.1387
6.5424,2.1336
6.5430,2.1387
6.5435,2.1336
6.5440,2.1336
6.5446,2.1387
6.5451,2.1437
6.5456,2.1387
6.5461,2.1437
6.5467,2.1387
6.5472,2.1387
6.5477,2.1336
6.5483,2.1387
6.5488,2.1387
6.5493,2.1336
6.5499,2.1387
6.5504,2.1336
6.5509,2.1336
6.5515,2.1286
6.5520,2.1387
6.5525,2.1387
6.5530,2.1387
6.5536,2.1387
6.5541,2.1387
6.5546,2.1387
6.5552,2.1336
6.5557,2.1387
6.5562,2.1387
6.5568,2.1387
6.5573,2.1387
6.5578,2.1387
6.5583,2.1387
6.5589,2.1387
6.5594,2.1387
6.5599,2.1336
6.5605,2.1286
6.5610,2.1336
6.5615,2.1387
6.5621,2.1387
6.5626,2.1286
6.5631,2.1387
6.5636,2.1336
6.5642,2.1387
6.5647,2.1336
6.5652,2.1387
6.5658,2.1387
6.5663,2.1387
6.5668,2.1387
6.5674,2.1387
6.5679,2.1387
6.5684,2.1387
6.5690,2.1336
6.5695,2.1387
6.5700,2.1387
6.5705,2.1336
6.5711,2.1286
6.5716,2.1387
6.5721,2.1336
6.5727,2.1387
6.5732,2.1387
6.5737,2.1336
6.5743,2.1336
6.5748,2.1387
6.5753,2.1387
6.5758,2.1387
6.5764,2.1336
6.5769,2.1387
6.5774,2.1336
6.5780,2.1387
6.5785,2.1387
6.5790,2.1286
6.5796,2.1286
6.5801,2.1387
6.5806,2.1336
6.5811,2.1387
6.5817,2.1387
6.5822,2.1286
6.5827,2.1387
6.5833,2.1387
6.5838,2.1387
6.5843,2.1387
6.5849,2.1387
6.5854,2.1286
6.5859,2.1387
6.5865,2.1387
6.5870,2.1387
6.5875,2.1336
6.5881,2.1387
6.5886,2.1387
6.5891,2.1387
6.5896,2.1387
6.5902,2.1387
6.5908,2.1336
6.5913,2.1336
6.5919,2.1336
6.5924,2.1387
6.5929,2.1387
6.5935,2.1336
6.5940,2.1387
6.5945,2.1336
6.5951,2.1387
6.5956,2.1387
6.5961,2.1336
6.5969,2.1336
6.5974,2.1387
6.5980,2.1387
6.5985,2.1387
6.5990,2.1387
6.5996,2.1387
6.6001,2.1387
6.6006,2.1336
6.6012,2.1387
6.6017,2.1387
6.6023,2.1387
6.6028,2.1387
6.6034,2.1437
6.6039,2.1387
6.6044,2.1387
6.6050,2.1387
6.6055,2.1387
6.6060,2.1387
6.6066,2.1387
6.6071,2.1336
6.6076,2.1387
6.6082,2.1336
6.6087,2.1387
6.6093,2.1336
6.6098,2.1387
6.6103,2.1387
6.6109,2.1387
6.6114,2.1336
6.6119,2.1387
6.6125,2.1286
6.6130,2.1387
6.6135,2.1387
6.6141,2.1387
6.6146,2.1387
6.6151,2.1387
6.6157,2.1336
6.6162,2.1387
6.6168,2.1336
6.6173,2.1336
6.6178,2.1437
6.6184,2.1387
6.6189,2.1387
6.6194,2.1387
6.6200,2.1387
6.6205,2.1286
6.6211,2.1387
6.6216,2.1387
6.6221,2.1336
6.6227,2.1286
6.6232,2.1387
6.6237,2.1387
6.6243,2.1387
6.6248,2.1387
6.6253,2.1336
6.6259,2.1336
6.6264,2.1387
6.6269,2.1336
6.6275,2.1387
6.6280,2.1387
6.6286,2.1387
6.6291,2.1387
6.6296,2.1336
6.6302,2.1387
6.6307,2.1387
6.6312,2.1336
6.6318,2.1336
6.6323,2.1387
6.6328,2.1336
6.6334,2.1336
6.6339,2.1387
6.6344,2.1387
6.6350,2.1336
6.6355,2.1336
6.6361,2.1387
6.6366,2.1387
6.6371,2.1387
6.6377,2.1387
6.6382,2.1387
6.6387,2.1387
6.6393,2.1387
6.6398,2.1387
6.6403,2.1387
6.6409,2.1387
6.6414,2.1387
6.6420,2.1387
6.6425,2.1387
6.6430,2.1387
6.6436,2.1387
6.6441,2.1336
6.6446,2.1336
6.6452,2.1437
6.6457,2.1387
6.6462,2.1336
6.6468,2.1387
6.6473,2.1286
6.6479,2.1387
6.6484,2.1387
6.6489,2.1387
6.6495,2.1387
6.6500,2.1387
6.6505,2.1387
6.6511,2.1437
6.6516,2.1387
6.6521,2.1387
6.6527,2.1387
6.6532,2.1336
6.6537,2.1336
6.6543,2.1437
6.6548,2.1387
6.6554,2.1336
6.6559,2.1336
6.6564,2.1387
6.6570,2.1286
6.6575,2.1387
6.6580,2.1387
6.6586,2.1336
6.6591,2.1387
6.6596,2.1336
6.6602,2.1387
6.6607,2.1387
6.6613,2.1336
6.6618,2.1387
6.6623,2.1336
6.6629,2.1387
6.6634,2.1336
6.6639,2.1387
6.6645,2.1336
6.6650,2.1387
6.6655,2.1387
6.6661,2.1387
6.6666,2.1387
6.6672,2.1336
6.6677,2.1336
6.6682,2.1387
6.6688,2.1387
6.6693,2.1336
6.6698,2.1387
6.6704,2.1387
6.6709,2.1387
6.6715,2.1336
6.6720,2.1336
6.6725,2.1387
6.6731,2.1336
6.6736,2.1387
6.6741,2.1387
6.6747,2.1387
6.6752,2.1387
6.6757,2.1286
6.6763,2.1387
6.6768,2.1387
6.6774,2.1286
6.6779,2.1387
6.6784,2.1387
6.6790,2.1336
6.6795,2.1387
6.6800,2.1336
6.6806,2.1387
6.6811,2.1336
6.6816,2.1387
6.6822,2.1387
6.6827,2.1387
6.6833,2.1387
6.6838,2.1336
6.6843,2.1387
6.6849,2.1387
6.6854,2.1387
6.6859,2.1336
6.6865,2.1336
6.6870,2.1336
6.6875,2.1336
6.6881,2.1336
6.6886,2.1336
6.6891,2.1336
6.6897,2.1336
6.6902,2.1336
6.6908,2.1387
6.6913,2.1336
6.6919,2.1336
6.6924,2.1387
6.6929,2.1387
6.6935,2.1336
6.6940,2.1336
6.6945,2.1387
6.6951,2.1387
6.6956,2.1387
6.6961,2.1387
6.6967,2.1387
6.6972,2.1336
6.6978,2.1387
6.6983,2.1387
6.6988,2.1387
6.6994,2.1387
6.6999,2.1286
6.7004,2.1336
6.7010,2.1336
6.7015,2.1387
6.7020,2.1336
6.7026,2.1387
6.7031,2.1387
6.7036,2.1286
6.7042,2.1387
6.7047,2.1387
6.7053,2.1286
6.7058,2.1387
6.7063,2.1387
6.7069,2.1387
6.7074,2.1387
6.7079,2.1387
6.7085,2.1387
6.7090,2.1387
6.7095,2.1387
6.7101,2.1387
6.7106,2.1387
6.7112,2.1336
6.7117,2.1286
6.7122,2.1387
6.7128,2.1387
6.7133,2.1387
6.7138,2.1336
6.7144,2.1387
6.7149,2.1387
6.7154,2.1387
6.7160,2.1387
6.7165,2.1387
6.7171,2.1336
6.7176,2.1387
6.7181,2.1387
6.7187,2.1286
6.7192,2.1387
6.7197,2.1387
6.7203,2.1336
6.7208,2.1437
6.7213,2.1387
6.7219,2.1336
6.7224,2.1387
6.7229,2.1336
6.7235,2.1387
6.7240,2.1336
6.7246,2.1387
6.7251,2.1387
6.7256,2.1387
6.7262,2.1387
6.7267,2.1387
6.7272,2.1387
6.7278,2.1387
6.7283,2.1387
6.7288,2.1387
6.7294,2.1336
6.7299,2.1437
6.7305,2.1387
6.7310,2.1336
6.7315,2.1387
6.7325,2.1387
6.7331,2.1286
6.7336,2.1336
6.7341,2.1336
6.7347,2.1336
6.7352,2.1387
6.7357,2.1437
6.7363,2.1387
6.7368,2.1387
6.7374,2.1387
6.7379,2.1387
6.7385,2.1336
6.7390,2.1387
6.7396,2.1336
6.7401,2.1387
6.7406,2.1336
6.7412,2.1286
6.7417,2.1387
6.7422,2.1336
6.7428,2.1336
6.7433,2.1387
6.7438,2.1336
6.7444,2.1286
6.7449,2.1336
6.7454,2.1387
6.7460,2.1336
6.7465,2.1387
6.7471,2.1387
6.7476,2.1387
6.7481,2.1387
6.7487,2.1387
6.7492,2.1387
6.7497,2.1387
6.7503,2.1387
6.7508,2.1387
6.7513,2.1336
6.7519,2.1387
6.7524,2.1387
6.7530,2.1286
6.7535,2.1387
6.7540,2.1387
6.7546,2.1286
6.7551,2.1387
6.7556,2.1387
6.7562,2.1437
6.7567,2.1336
6.7572,2.1387
6.7578,2.1387
6.7583,2.1387
6.7589,2.1387
6.7594,2.1437
6.7599,2.1387
6.7605,2.1387
6.7610,2.1387
6.7615,2.1286
6.7621,2.1387
6.7626,2.1336
6.7631,2.1387
6.7637,2.1387
6.7642,2.1286
6.7648,2.1437
6.7653,2.1387
6.7658,2.1286
6.7664,2.1387
6.7669,2.1387
6.7674,2.1286
6.7680,2.1387
6.7685,2.1387
6.7690,2.1387
6.7696,2.1286
6.7701,2.1336
6.7706,2.1387
6.7712,2.1437
6.7717,2.1387
6.7723,2.1387
6.7728,2.1387
6.7733,2.1387
6.7739,2.1286
6.7744,2.1387
6.7749,2.1387
6.7755,2.1286
6.7760,2.1336
6.7765,2.1336
6.7771,2.1387
6.7776,2.1387
6.7781,2.1286
6.7787,2.1387
6.7792,2.1387
6.7798,2.1387
6.7803,2.1387
6.7808,2.1336
6.7814,2.1387
6.7819,2.1336
6.7824,2.1387
6.7830,2.1387
6.7835,2.1336
6.7840,2.1387
6.7846,2.1387
6.7851,2.1336
6.7856,2.1387
6.7862,2.1336
6.7867,2.1387
6.7873,2.1387
6.7878,2.1387
6.7883,2.1437
6.7889,2.1336
6.7894,2.1336
6.7899,2.1336
6.7905,2.1387
6.7910,2.1336
6.7915,2.1387
6.7922,2.1336
6.7927,2.1336
6.7933,2.1387
6.7938,2.1387
6.7943,2.1387
6.7949,2.1387
6.7954,2.1387
6.7959,2.1387
6.7965,2.1286
6.7970,2.1387
6.7975,2.1387
6.7981,2.1336
6.7986,2.1387
6.7991,2.1387
6.7997,2.1387
6.8002,2.1336
6.8007,2.1336
6.8013,2.1387
6.8018,2.1387
6.8023,2.1336
6.8029,2.1387
6.8034,2.1336
6.8039,2.1387
6.8045,2.1286
6.8050,2.1336
6.8055,2.1336
6.8061,2.1387
6.8066,2.1336
6.8071,2.1286
6.8077,2.1387
6.8082,2.1387
6.8087,2.1387
6.8093,2.1387
6.8098,2.1387
6.8103,2.1387
6.8109,2.1387
6.8114,2.1387
6.8119,2.1286
6.8125,2.1387
6.8130,2.1336
6.8135,2.1387
6.8141,2.1387
6.8146,2.1387
6.8151,2.1387
6.8157,2.1336
6.8162,2.1387
6.8167,2.1387
6.8173,2.1387
6.8178,2.1336
6.8183,2.1387
6.8189,2.1387
6.8194,2.1387
6.8199,2.1387
6.8205,2.1387
6.8210,2.1387
6.8215,2.1387
6.8221,2.1387
6.8226,2.1387
6.8231,2.1387
6.8236,2.1387
6.8242,2.1387
6.8247,2.1387
6.8252,2.1387
6.8258,2.1336
6.8263,2.1387
6.8268,2.1387
6.8274,2.1387
6.8279,2.1437
6.8284,2.1336
6.8290,2.1387
6.8295,2.1286
6.8300,2.1387
6.8306,2.1387
6.8311,2.1336
6.8316,2.1336
6.8322,2.1336
6.8327,2.1387
6.8332,2.1387
6.8338,2.1387
6.8343,2.1387
6.8348,2.1387
6.8354,2.1387
6.8359,2.1336
6.8364,2.1387
6.8370,2.1387
6.8375,2.1387
6.8380,2.1387
6.8386,2.1336
6.8391,2.1286
6.8396,2.1387
6.8402,2.1437
6.8407,2.1387
6.8412,2.1336
6.8418,2.1387
6.8423,2.1336
6.8428,2.1387
6.8434,2.1387
6.8439,2.1387
6.8444,2.1286
6.8450,2.1437
6.8455,2.1387
6.8460,2.1387
6.8466,2.1336
6.8471,2.1387
6.8476,2.1387
6.8481,2.1286
6.8487,2.1387
6.8492,2.1387
6.8497,2.1387
6.8503,2.1387
6.8508,2.1336
6.8513,2.1336
6.8519,2.1387
6.8524,2.1437
6.8529,2.1387
6.8535,2.1387
6.8540,2.1336
6.8545,2.1387
6.8551,2.1286
6.8556,2.1387
6.8561,2.1336
6.8567,2.1387
6.8572,2.1387
6.8577,2.1387
6.8583,2.1387
6.8588,2.1387
6.8593,2.1387
6.8599,2.1387
6.8604,2.1336
6.8609,2.1387
6.8615,2.1336
6.8620,2.1336
6.8625,2.1387
6.8631,2.1387
6.8636,2.1387
6.8641,2.1387
6.8647,2.1387
6.8652,2.1387
6.8657,2.1387
6.8663,2.1336
6.8668,2.1387
6.8674,2.1336
6.8679,2.1336
6.8684,2.1387
6.8689,2.1387
6.8695,2.1336
6.8700,2.1336
6.8705,2.1387
6.8711,2.1387
6.8716,2.1336
6.8721,2.1387
6.8727,2.1387
6.8732,2.1336
6.8737,2.1387
6.8743,2.1336
6.8748,2.1336
6.8754,2.1387
6.8759,2.1387
6.8764,2.1387
6.8770,2.1387
6.8775,2.1387
6.8780,2.1387
6.8785,2.1336
6.8791,2.1286
6.8796,2.1387
6.8801,2.1387
6.8807,2.1387
6.8812,2.1387
6.8817,2.1387
6.8823,2.1336
6.8828,2.1387
6.8833,2.1437
6.8839,2.1387
6.8844,2.1286
6.8849,2.1336
6.8855,2.1387
6.8860,2.1336
6.8865,2.1336
6.8871,2.1336
6.8876,2.1387
6.8881,2.1387
6.8887,2.1336
6.8892,2.1336
6.8897,2.1336
6.8903,2.1437
6.8908,2.1387
6.8913,2.1387
6.8919,2.1387
6.8925,2.1387
6.8930,2.1336
6.8936,2.1437
6.8941,2.1387
6.8946,2.1387
6.8952,2.1336
6.8957,2.1336
6.8962,2.1336
6.8968,2.1387
6.8973,2.1336
6.8978,2.1336
6.8984,2.1387
6.8989,2.1286
6.8994,2.1387
6.9000,2.1387
6.9005,2.1387
6.9011,2.1336
6.9016,2.1437
6.9021,2.1387
6.9027,2.1336
6.9032,2.1387
6.9037,2.1387
6.9043,2.1387
6.9048,2.1387
6.9053,2.1336
6.9059,2.1437
6.9064,2.1387
6.9070,2.1387
6.9075,2.1387
6.9080,2.1336
6.9086,2.1387
6.9091,2.1387
6.9096,2.1387
6.9102,2.1286
6.9107,2.1387
6.9112,2.1387
6.9118,2.1336
6.9123,2.1387
6.9129,2.1387
6.9134,2.1387
6.9139,2.1336
6.9145,2.1387
6.9150,2.1336
6.9155,2.1387
6.9161,2.1387
6.9166,2.1387
6.9171,2.1387
6.9177,2.1387
6.9182,2.1387
6.9188,2.1387
6.9193,2.1286
6.9198,2.1336
6.9204,2.1387
6.9209,2.1387
6.9214,2.1286
6.9220,2.1387
6.9225,2.1336
6.9230,2.1387
6.9236,2.1387
6.9241,2.1286
6.9246,2.1387
6.9252,2.1387
6.9257,2.1336
6.9263,2.1387
6.9268,2.1387
6.9273,2.1387
6.9279,2.1437
6.9284,2.1336
6.9290,2.1336
6.9295,2.1336
6.9300,2.1387
6.9306,2.1387
6.9311,2.1387
6.9316,2.1387
6.9322,2.1336
6.9327,2.1336
6.9332,2.1336
6.9338,2.1387
6.9343,2.1387
6.9348,2.1387
6.9354,2.1336
6.9359,2.1336
6.9365,2.1387
6.9370,2.1387
6.9375,2.1336
6.9381,2.1387
6.9386,2.1387
6.9391,2.1387
6.9397,2.1437
6.9402,2.1387
6.9407,2.1336
6.9413,2.1387
6.9418,2.1387
6.9423,2.1387
6.9429,2.1336
6.9434,2.1336
6.9440,2.1387
6.9445,2.1336
6.9450,2.1387
6.9456,2.1286
6.9461,2.1387
6.9467,2.1387
6.9472,2.1387
6.9477,2.1387
6.9483,2.1286
6.9488,2.1437
6.9493,2.1387
6.9499,2.1387
6.9504,2.1387
6.9509,2.1336
6.9515,2.1387
6.9520,2.1336
6.9526,2.1336
6.9531,2.1387
6.9536,2.1387
6.9542,2.1387
6.9547,2.1336
6.9552,2.1387
6.9558,2.1286
6.9563,2.1387
6.9568,2.1437
6.9574,2.1336
6.9579,2.1286
6.9585,2.1387
6.9590,2.1387
6.9595,2.1387
6.9601,2.1437
6.9606,2.1387
6.9611,2.1387
6.9617,2.1387
6.9622,2.1387
6.9627,2.1387
6.9633,2.1387
6.9638,2.1437
6.9643,2.1387
6.9649,2.1387
6.9654,2.1387
6.9660,2.1387
6.9665,2.1387
6.9670,2.1336
6.9676,2.1387
6.9681,2.1286
6.9686,2.1387
6.9692,2.1286
6.9697,2.1336
6.9702,2.1336
6.9708,2.1387
6.9713,2.1387
6.9718,2.1286
6.9724,2.1336
6.9729,2.1387
6.9735,2.1387
6.9740,2.1387
6.9745,2.1437
6.9751,2.1286
6.9756,2.1387
6.9761,2.1387
6.9767,2.1286
6.9772,2.1387
6.9777,2.1336
6.9783,2.1387
6.9788,2.1387
6.9794,2.1387
6.9799,2.1336
6.9804,2.1387
6.9810,2.1286
6.9815,2.1387
6.9820,2.1387
6.9826,2.1336
6.9831,2.1387
6.9836,2.1387
6.9842,2.1336
6.9847,2.1387
6.9852,2.1387
6.9858,2.1336
6.9863,2.1336
6.9869,2.1387
6.9874,2.1387
6.9879,2.1286
6.9885,2.1336
6.9890,2.1387
6.9895,2.1387
6.9901,2.1336
6.9906,2.1387
6.9913,2.1336
6.9919,2.1387
6.9964,2.1336
6.9970,2.1387
6.9976,2.1387
6.9981,2.1387
6.9987,2.1336
6.9992,2.1387
6.9998,2.1387
7.0004,2.1387
7.0009,2.1387
7.0015,2.1387
7.0020,2.1286
7.0026,2.1387
7.0031,2.1387
7.0037,2.1387
7.0042,2.1387
7.0047,2.1387
7.0053,2.1387
7.0059,2.1336
7.0064,2.1387
7.0070,2.1336
7.0076,2.1387
7.0082,2.1387
7.0088,2.1387
7.0095,2.1437
7.0101,2.1387
7.0107,2.1286
7.0114,2.1387
7.0120,2.1336
7.0126,2.1387
7.0132,2.1387
7.0145,2.1387
7.0151,2.1387
7.0156,2.1387
7.0162,2.1387
7.0167,2.1286
7.0173,2.1387
7.0178,2.1286
7.0184,2.1387
7.0189,2.1387
7.0195,2.1387
7.0200,2.1286
7.0210,2.1336
7.0217,2.1387
7.0223,2.1336
7.0228,2.1387
7.0234,2.1387
7.0239,2.1387
7.0244,2.1387
7.0250,2.1387
7.0255,2.1387
7.0261,2.1387
7.0266,2.1437
7.0271,2.1387
7.0277,2.1336
7.0282,2.1336
7.0287,2.1387
7.0293,2.1286
7.0298,2.1387
7.0303,2.1387
7.0309,2.1387
7.0314,2.1387
7.0319,2.1387
7.0325,2.1387
7.0330,2.1387
7.0336,2.1387
7.0341,2.1437
7.0347,2.1387
7.0352,2.1387
7.0358,2.1286
7.0363,2.1387
7.0369,2.1286
7.0374,2.1387
7.0379,2.1387
7.0385,2.1387
7.0390,2.1387
7.0396,2.1387
7.0401,2.1387
7.0406,2.1336
7.0412,2.1387
7.0417,2.1387
7.0422,2.1387
7.0428,2.1387
7.0433,2.1387
7.0438,2.1387
7.0444,2.1387
7.0449,2.1387
7.0454,2.1336
7.0460,2.1387
7.0465,2.1336
7.0471,2.1387
7.0476,2.1387
7.0481,2.1336
7.0487,2.1286
7.0492,2.1387
7.0497,2.1387
7.0503,2.1387
7.0508,2.1387
7.0514,2.1387
7.0519,2.1336
7.0524,2.1387
7.0530,2.1336
7.0535,2.1336
7.0541,2.1387
7.0546,2.1387
7.0551,2.1336
7.0557,2.1336
7.0562,2.1336
7.0567,2.1387
7.0573,2.1387
7.0578,2.1336
7.0583,2.1387
7.0589,2.1387
7.0594,2.1387
7.0600,2.1387
7.0605,2.1336
7.0610,2.1387
7.0616,2.1336
7.0621,2.1286
7.0627,2.1387
7.0632,2.1387
7.0637,2.1336
7.0643,2.1336
7.0648,2.1387
7.0654,2.1336
7.0659,2.1387
7.0664,2.1387
7.0670,2.1336
7.0675,2.1387
7.0680,2.1387
7.0686,2.1336
7.0691,2.1387
7.0696,2.1387
7.0702,2.1387
7.0707,2.1336
7.0713,2.1387
7.0718,2.1387
7.0723,2.1387
7.0729,2.1286
7.0734,2.1286
7.0739,2.1387
7.0745,2.1387
7.0750,2.1387
7.0755,2.1336
7.0761,2.1387
7.0766,2.1387
7.0771,2.1336
7.0777,2.1387
7.0782,2.1387
7.0788,2.1336
7.0793,2.1387
7.0798,2.1336
7.0804,2.1387
7.0809,2.1387
7.0814,2.1336
7.0820,2.1387
7.0825,2.1336
7.0830,2.1387
7.0836,2.1387
7.0841,2.1336
7.0846,2.1387
7.0852,2.1387
7.0857,2.1387
7.0863,2.1387
7.0869,2.1437
7.0874,2.1387
7.0880,2.1336
7.0885,2.1336
7.0890,2.1387
7.0896,2.1387
7.0901,2.1387
7.0906,2.1387
7.0912,2.1387
7.0917,2.1387
7.0922,2.1387
7.0928,2.1336
7.0933,2.1387
7.0939,2.1387
7.0944,2.1336
7.0949,2.1387
7.0955,2.1387
7.0960,2.1286
7.0965,2.1336
7.0971,2.1336
7.0976,2.1336
7.0981,2.1387
7.0987,2.1387
7.0992,2.1387
7.0997,2.1387
7.1003,2.1387
7.1008,2.1437
7.1013,2.1336
7.1019,2.1387
7.1024,2.1387
7.1029,2.1336
7.1035,2.1387
7.1040,2.1387
7.1045,2.1387
7.1051,2.1387
7.1056,2.1387
7.1061,2.1387
7.1067,2.1387
7.1072,2.1387
7.1077,2.1286
7.1083,2.1437
7.1088,2.1387
7.1093,2.1387
7.1099,2.1387
7.1104,2.1387
7.1109,2.1387
7.1115,2.1336
7.1120,2.1387
7.1126,2.1387
7.1131,2.1387
7.1136,2.1286
7.1142,2.1387
7.1147,2.1387
7.1152,2.1336
7.1158,2.1387
7.1163,2.1387
7.1168,2.1387
7.1174,2.1387
7.1179,2.1387
7.1184,2.1387
7.1190,2.1336
7.1195,2.1336
7.1200,2.1387
7.1206,2.1336
7.1211,2.1387
7.1216,2.1387
7.1222,2.1437
7.1227,2.1387
7.1232,2.1336
7.1238,2.1387
7.1243,2.1387
7.1248,2.1336
7.1254,2.1336
7.1259,2.1387
7.1264,2.1387
7.1270,2.1387
7.1275,2.1387
7.1280,2.1387
7.1286,2.1336
7.1291,2.1387
7.1296,2.1387
7.1302,2.1286
7.1307,2.1286
7.1312,2.1336
7.1318,2.1387
7.1323,2.1387
7.1328,2.1387
7.1334,2.1387
7.1339,2.1336
7.1345,2.1437
7.1350,2.1387
7.1355,2.1336
7.1361,2.1336
7.1366,2.1387
7.1371,2.1387
7.1377,2.1336
7.1382,2.1387
7.1387,2.1286
7.1393,2.1286
7.1398,2.1387
7.1403,2.1387
7.1409,2.1336
7.1414,2.1387
7.1420,2.1387
7.1425,2.1387
7.1430,2.1387
7.1436,2.1437
7.1441,2.1387
7.1446,2.1286
7.1452,2.1387
7.1457,2.1336
7.1462,2.1336
7.1468,2.1387
7.1473,2.1387
7.1478,2.1387
7.1484,2.1387
7.1489,2.1387
7.1494,2.1387
7.1500,2.1286
7.1505,2.1387
7.1510,2.1387
7.1516,2.1336
7.1521,2.1387
7.1526,2.1336
7.1532,2.1286
7.1537,2.1336
7.1543,2.1336
7.1548,2.1387
7.1553,2.1387
7.1559,2.1387
7.1564,2.1336
7.1569,2.1387
7.1575,2.1437
7.1580,2.1387
7.1586,2.1336
7.1591,2.1387
7.1596,2.1387
7.1602,2.1387
7.1607,2.1387
7.1612,2.1336
7.1618,2.1437
7.1623,2.1286
7.1628,2.1387
7.1634,2.1387
7.1639,2.1336
7.1644,2.1387
7.1650,2.1336
7.1655,2.1387
7.1660,2.1336
7.1666,2.1387
7.1671,2.1336
7.1676,2.1336
7.1682,2.1336
7.1687,2.1437
7.1693,2.1387
7.1698,2.1336
7.1703,2.1387
7.1709,2.1387
7.1714,2.1387
7.1719,2.1387
7.1725,2.1437
7.1730,2.1336
7.1735,2.1387
7.1741,2.1387
7.1746,2.1437
7.1751,2.1387
7.1757,2.1336
7.1762,2.1387
7.1767,2.1387
7.1773,2.1387
7.1778,2.1387
7.1783,2.1336
7.1789,2.1387
7.1794,2.1437
7.1799,2.1387
7.1805,2.1286
7.1810,2.1387
7.1816,2.1387
7.1821,2.1286
7.1826,2.1336
7.1832,2.1387
7.1837,2.1387
7.1842,2.1387
7.1848,2.1387
7.1853,2.1336
7.1858,2.1387
7.1864,2.1387
7.1869,2.1336
7.1874,2.1387
7.1880,2.1387
7.1885,2.1286
7.1890,2.1336
7.1896,2.1387
7.1901,2.1387
7.1906,2.1387
7.1912,2.1336
7.1917,2.1387
7.1922,2.1336
7.1928,2.1336
7.1933,2.1387
7.1939,2.1387
7.1944,2.1387
7.1949,2.1387
7.1955,2.1387
7.1960,2.1387
7.1965,2.1336
7.1971,2.1336
7.1977,2.1387
7.1982,2.1387
7.1988,2.1387
7.1993,2.1336
7.1998,2.1387
7.2004,2.1336
7.2009,2.1437
7.2015,2.1336
7.2020,2.1437
7.2025,2.1387
7.2031,2.1387
7.2036,2.1286
7.2042,2.1387
7.2048,2.1336
7.2053,2.1387
7.2059,2.1336
7.2064,2.1387
7.2080,2.1387
7.2086,2.1336
7.2092,2.1336
7.2097,2.1336
7.2103,2.1387
7.2108,2.1387
7.2113,2.1336
7.2119,2.1387
7.2124,2.1336
7.2130,2.1286
7.2135,2.1387
7.2140,2.1387
7.2146,2.1336
7.2151,2.1336
7.2156,2.1387
7.2162,2.1336
7.2167,2.1387
7.2172,2.1387
7.2178,2.1387
7.2183,2.1286
7.2189,2.1336
7.2194,2.1387
7.2199,2.1387
7.2205,2.1336
7.2210,2.1336
7.2215,2.1336
7.2221,2.1336
7.2226,2.1387
7.2231,2.1387
7.2237,2.1387
7.2242,2.1387
7.2248,2.1387
7.2253,2.1387
7.2259,2.1387
7.2264,2.1336
7.2269,2.1336
7.2275,2.1387
7.2280,2.1387
7.2285,2.1387
7.2291,2.1336
7.2296,2.1336
7.2301,2.1387
7.2307,2.1336
7.2312,2.1387
7.2318,2.1336
7.2323,2.1336
7.2328,2.1286
7.2334,2.1387
7.2339,2.1387
7.2344,2.1387
7.2350,2.1387
7.2355,2.1387
7.2360,2.1387
7.2366,2.1336
7.2371,2.1336
7.2376,2.1387
7.2382,2.1336
7.2387,2.1387
7.2392,2.1387
7.2398,2.1387
7.2403,2.1336
7.2408,2.1387
7.2414,2.1387
7.2419,2.1387
7.2424,2.1387
7.2430,2.1336
7.2435,2.1336
7.2440,2.1387
7.2446,2.1336
7.2451,2.1437
7.2456,2.1336
7.2462,2.1387
7.2467,2.1336
7.2472,2.1387
7.2478,2.1387
7.2483,2.1387
7.2488,2.1387
7.2494,2.1387
7.2499,2.1336
7.2504,2.1387
7.2510,2.1336
7.2515,2.1387
7.2520,2.1286
7.2526,2.1336
7.2531,2.1387
7.2536,2.1387
7.2542,2.1387
7.2547,2.1387
7.2552,2.1336
7.2558,2.1336
7.2563,2.1387
7.2569,2.1387
7.2574,2.1336
7.2579,2.1387
7.2585,2.1437
7.2590,2.1387
7.2595,2.1387
7.2601,2.1387
7.2606,2.1387
7.2611,2.1387
7.2617,2.1387
7.2622,2.1336
7.2627,2.1336
7.2633,2.1387
7.2638,2.1336
7.2643,2.1336
7.2649,2.1387
7.2654,2.1387
7.2659,2.1387
7.2665,2.1387
7.2670,2.1387
7.2676,2.1387
7.2681,2.1336
7.2686,2.1336
7.2692,2.1387
7.2697,2.1387
7.2702,2.1336
7.2708,2.1387
7.2713,2.1387
7.2718,2.1336
7.2724,2.1387
7.2729,2.1387
7.2735,2.1387
7.2740,2.1387
7.2745,2.1336
7.2751,2.1387
7.2756,2.1336
7.2761,2.1336
7.2767,2.1387
7.2772,2.1387
7.2777,2.1336
7.2783,2.1336
7.2788,2.1286
7.2794,2.1387
7.2799,2.1336
7.2804,2.1437
7.2810,2.1387
7.2815,2.1387
7.2820,2.1286
7.2826,2.1387
7.2831,2.1387
7.2836,2.1336
7.2842,2.1387
7.2847,2.1387
7.2853,2.1286
7.2858,2.1387
7.2863,2.1387
7.2869,2.1387
7.2874,2.1437
7.2879,2.1336
7.2885,2.1387
7.2890,2.1387
7.2895,2.1387
7.2901,2.1387
7.2906,2.1387
7.2912,2.1336
7.2917,2.1387
7.2922,2.1387
7.2928,2.1286
7.2933,2.1336
7.2939,2.1336
7.2944,2.1387
7.2949,2.1387
7.2955,2.1387
7.2960,2.1387
7.2965,2.1387
7.2972,2.1336
7.2977,2.1336
7.2983,2.1387
7.2988,2.1387
7.2993,2.1387
7.2999,2.1387
7.3004,2.1286
7.3009,2.1387
7.3015,2.1336
7.3020,2.1336
7.3025,2.1387
7.3031,2.1286
7.3036,2.1387
7.3041,2.1387
7.3047,2.1387
7.3052,2.1387
7.3057,2.1387
7.3063,2.1336
7.3068,2.1387
7.3073,2.1336
7.3079,2.1336
7.3084,2.1336
7.3089,2.1387
7.3095,2.1387
7.3100,2.1387
7.3105,2.1387
7.3111,2.1286
7.3116,2.1336
7.3121,2.1387
7.3127,2.1387
7.3132,2.1336
7.3137,2.1387
7.3143,2.1336
7.3148,2.1387
7.3153,2.1336
7.3159,2.1387
7.3164,2.1387
7.3169,2.1336
7.3175,2.1387
7.3180,2.1336
7.3185,2.1336
7.3191,2.1437
7.3196,2.1336
7.3201,2.1286
7.3207,2.1387
7.3212,2.1387
7.3217,2.1387
7.3223,2.1336
7.3228,2.1387
7.3233,2.1387
7.3239,2.1387
7.3244,2.1387
7.3249,2.1387
7.3255,2.1286
7.3260,2.1336
7.3265,2.1387
7.3271,2.1387
7.3276,2.1336
7.3281,2.1336
7.3287,2.1336
7.3292,2.1387
7.3297,2.1387
7.3303,2.1387
7.3308,2.1387
7.3313,2.1336
7.3319,2.1387
7.3324,2.1336
7.3329,2.1387
7.3335,2.1387
7.3340,2.1387
7.3345,2.1387
7.3351,2.1387
7.3356,2.1387
7.3361,2.1387
7.3367,2.1387
7.3372,2.1336
7.3377,2.1387
7.3382,2.1387
7.3388,2.1336
7.3393,2.1336
7.3398,2.1387
7.3404,2.1387
7.3409,2.1387
7.3414,2.1387
7.3420,2.1387
7.3425,2.1336
7.3430,2.1387
7.3436,2.1336
7.3441,2.1336
7.3446,2.1437
7.3452,2.1387
7.3457,2.1336
7.3462,2.1387
7.3468,2.1336
7.3473,2.1387
7.3478,2.1336
7.3484,2.1387
7.3489,2.1387
7.3494,2.1336
7.3500,2.1387
7.3505,2.1387
7.3510,2.1387
7.3516,2.1336
7.3521,2.1387
7.3526,2.1387
7.3532,2.1387
7.3537,2.1336
7.3542,2.1387
7.3548,2.1387
7.3553,2.1336
7.3558,2.1387
7.3564,2.1387
7.3569,2.1387
7.3574,2.1387
7.3580,2.1387
7.3585,2.1387
7.3590,2.1387
7.3596,2.1387
7.3601,2.1387
7.3606,2.1387
7.3612,2.1437
7.3617,2.1387
7.3622,2.1387
7.3628,2.1387
7.3633,2.1387
7.3638,2.1387
7.3644,2.1387
7.3649,2.1387
7.3654,2.1336
7.3660,2.1387
7.3665,2.1387
7.3670,2.1336
7.3676,2.1387
7.3681,2.1387
7.3686,2.1336
7.3692,2.1437
7.3697,2.1336
7.3702,2.1387
7.3708,2.1336
7.3713,2.1336
7.3718,2.1336
7.3724,2.1387
7.3729,2.1336
7.3734,2.1387
7.3740,2.1387
7.3745,2.1387
7.3750,2.1387
7.3756,2.1387
7.3761,2.1387
7.3766,2.1387
7.3772,2.1336
7.3777,2.1336
7.3782,2.1387
7.3788,2.1387
7.3793,2.1336
7.3798,2.1387
7.3803,2.1387
7.3809,2.1387
7.3814,2.1387
7.3819,2.1387
7.3825,2.1387
7.3830,2.1336
7.3835,2.1387
7.3841,2.1387
7.3846,2.1286
7.3851,2.1387
7.3857,2.1387
7.3862,2.1336
7.3867,2.1336
7.3873,2.1387
7.3878,2.1286
7.3883,2.1387
7.3889,2.1387
7.3894,2.1336
7.3899,2.1387
7.3905,2.1387
7.3910,2.1336
7.3915,2.1387
7.3921,2.1387
7.3926,2.1336
7.3931,2.1387
7.3937,2.1336
7.3942,2.1387
7.3947,2.1387
7.3953,2.1387
7.3958,2.1336
7.3963,2.1336
7.3969,2.1387
7.3974,2.1387
7.3980,2.1387
7.3986,2.1336
7.3991,2.1387
7.3996,2.1387
7.4002,2.1387
7.4007,2.1336
7.4012,2.1387
7.4018,2.1387
7.4023,2.1286
7.4029,2.1336
7.4034,2.1387
7.4039,2.1387
7.4045,2.1387
7.4050,2.1387
7.4055,2.1336
7.4061,2.1387
7.4066,2.1387
7.4071,2.1387
7.4077,2.1336
7.4082,2.1387
7.4088,2.1336
7.4093,2.1387
7.4098,2.1387
7.4104,2.1387
7.4109,2.1387
7.4114,2.1286
7.4120,2.1336
7.4125,2.1336
7.4130,2.1387
7.4136,2.1387
7.4141,2.1387
7.4147,2.1336
7.4152,2.1387
7.4157,2.1387
7.4163,2.1336
7.4168,2.1286
7.4174,2.1387
7.4179,2.1387
7.4184,2.1387
7.4190,2.1336
7.4195,2.1387
7.4201,2.1387
7.4206,2.1387
7.4211,2.1387
7.4217,2.1387
7.4222,2.1387
7.4227,2.1336
7.4233,2.1387
7.4238,2.1387
7.4243,2.1336
7.4249,2.1336
7.4254,2.1387
7.4259,2.1387
7.4265,2.1387
7.4270,2.1336
7.4276,2.1336
7.4281,2.1387
7.4286,2.1387
7.4292,2.1387
7.4297,2.1336
7.4303,2.1286
7.4308,2.1387
7.4313,2.1387
7.4319,2.1387
7.4324,2.1387
7.4329,2.1336
7.4335,2.1387
7.4340,2.1336
7.4345,2.1387
7.4351,2.1387
7.4356,2.1387
7.4362,2.1387
7.4367,2.1286
7.4372,2.1387
7.4378,2.1387
7.4383,2.1387
7.4388,2.1286
7.4394,2.1437
7.4399,2.1387
7.4404,2.1387
7.4410,2.1387
7.4416,2.1387
7.4422,2.1387
7.4427,2.1387
7.4432,2.1387
7.4438,2.1387
7.4443,2.1387
7.4449,2.1387
7.4454,2.1387
7.4459,2.1387
7.4465,2.1286
7.4470,2.1387
7.4475,2.1336
7.4481,2.1387
7.4486,2.1387
7.4491,2.1387
7.4497,2.1387
7.4503,2.1387
7.4508,2.1387
7.4514,2.1387
7.4519,2.1387
7.4525,2.1387
7.4530,2.1387
7.4535,2.1336
7.4541,2.1387
7.4546,2.1387
7.4552,2.1387
7.4557,2.1336
7.4562,2.1387
7.4568,2.1387
7.4573,2.1437
7.4578,2.1387
7.4584,2.1336
7.4589,2.1387
7.4594,2.1336
7.4600,2.1387
7.4605,2.1387
7.4610,2.1336
7.4616,2.1336
7.4621,2.1387
7.4627,2.1387
7.4632,2.1387
7.4637,2.1387
7.4643,2.1286
7.4648,2.1387
7.4653,2.1387
7.4659,2.1286
7.4664,2.1437
7.4669,2.1336
7.4675,2.1286
7.4680,2.1387
7.4686,2.1387
7.4691,2.1387
7.4696,2.1387
7.4702,2.1336
7.4707,2.1387
7.4712,2.1387
7.4718,2.1387
7.4723,2.1387
7.4728,2.1387
7.4734,2.1387
7.4739,2.1387
7.4745,2.1387
7.4750,2.1387
7.4755,2.1336
7.4761,2.1336
7.4766,2.1387
7.4771,2.1387
7.4777,2.1387
7.4782,2.1387
7.4787,2.1387
7.4793,2.1387
7.4798,2.1387
7.4803,2.1387
7.4809,2.1336
7.4814,2.1387
7.4820,2.1387
7.4825,2.1336
7.4830,2.1387
7.4836,2.1387
7.4841,2.1286
7.4846,2.1387
7.4852,2.1336
7.4857,2.1387
7.4862,2.1336
7.4868,2.1336
7.4873,2.1336
7.4879,2.1387
7.4884,2.1286
7.4889,2.1387
7.4895,2.1336
7.4900,2.1387
7.4905,2.1336
7.4913,2.1387
7.4919,2.1387
7.4964,2.1286
7.4970,2.1286
7.4975,2.1286
7.4982,2.1437
7.4988,2.1286
7.4993,2.1387
7.4998,2.1387
7.5005,2.1437
7.5012,2.1336
7.5017,2.1387
7.5023,2.1336
7.5028,2.1387
7.5033,2.1387
7.5039,2.1387
7.5044,2.1336
7.5050,2.1387
7.5055,2.1387
7.5061,2.1387
7.5066,2.1387
7.5072,2.1387
7.5077,2.1387
7.5083,2.1336
7.5088,2.1387
7.5097,2.1387
7.5102,2.1387
7.5108,2.1286
7.5113,2.1387
7.5119,2.1336
7.5124,2.1387
7.5130,2.1336
7.5135,2.1387
7.5141,2.1336
7.5146,2.1387
7.5151,2.1387
7.5157,2.1387
7.5162,2.1336
7.5167,2.1387
7.5173,2.1336
7.5179,2.1336
7.5184,2.1286
7.5189,2.1387
7.5195,2.1286
7.5200,2.1336
7.5205,2.1387
7.5211,2.1387
7.5216,2.1387
7.5221,2.1286
7.5227,2.1387
7.5232,2.1387
7.5237,2.1336
7.5243,2.1387
7.5248,2.1387
7.5253,2.1336
7.5259,2.1286
7.5264,2.1387
7.5269,2.1387
7.5275,2.1387
7.5280,2.1387
7.5285,2.1336
7.5291,2.1437
7.5296,2.1336
7.5301,2.1336
7.5307,2.1387
7.5312,2.1387
7.5317,2.1336
7.5323,2.1387
7.5328,2.1387
7.5334,2.1387
7.5339,2.1336
7.5344,2.1387
7.5350,2.1387
7.5355,2.1336
7.5361,2.1336
7.5366,2.1336
7.5371,2.1387
7.5377,2.1336
7.5382,2.1387
7.5387,2.1387
7.5393,2.1437
7.5398,2.1387
7.5403,2.1387
7.5409,2.1387
7.5414,2.1387
7.5419,2.1286
7.5425,2.1336
7.5430,2.1387
7.5435,2.1437
7.5441,2.1387
7.5446,2.1286
7.5452,2.1387
7.5457,2.1336
7.5462,2.1336
7.5468,2.1387
7.5473,2.1387
7.5478,2.1387
7.5484,2.1336
7.5489,2.1387
7.5494,2.1387
7.5500,2.1336
7.5505,2.1387
7.5510,2.1387
7.5516,2.1387
7.5521,2.1387
7.5526,2.1387
7.5532,2.1387
7.5537,2.1387
7.5542,2.1387
7.5548,2.1387
7.5553,2.1387
7.5558,2.1387
7.5564,2.1387
7.5569,2.1387
7.5574,2.1387
7.5580,2.1336
7.5585,2.1286
7.5590,2.1387
7.5596,2.1387
7.5601,2.1336
7.5606,2.1387
7.5612,2.1336
7.5617,2.1336
7.5623,2.1387
7.5628,2.1336
7.5633,2.1336
7.5639,2.1387
7.5644,2.1387
7.5649,2.1387
7.5655,2.1387
7.5660,2.1387
7.5665,2.1387
7.5671,2.1387
7.5676,2.1387
7.5681,2.1387
7.5687,2.1336
7.5692,2.1336
7.5698,2.1286
7.5703,2.1387
7.5708,2.1437
7.5714,2.1387
7.5719,2.1336
7.5724,2.1387
7.5730,2.1336
7.5735,2.1387
7.5740,2.1336
7.5746,2.1336
7.5752,2.1387
7.5757,2.1387
7.5762,2.1286
7.5768,2.1387
7.5773,2.1387
7.5779,2.1387
7.5784,2.1387
7.5789,2.1387
7.5795,2.1387
7.5800,2.1387
7.5805,2.1286
7.5811,2.1336
7.5816,2.1387
7.5822,2.1286
7.5827,2.1387
7.5832,2.1387
7.5838,2.1387
7.5844,2.1336
7.5849,2.1336
7.5855,2.1387
7.5860,2.1336
7.5865,2.1336
7.5871,2.1387
7.5876,2.1387
7.5882,2.1286
7.5887,2.1387
7.5892,2.1387
7.5898,2.1387
7.5903,2.1387
7.5908,2.1387
7.5914,2.1387
7.5919,2.1387
7.5924,2.1387
7.5930,2.1387
7.5935,2.1387
7.5940,2.1387
7.5946,2.1336
7.5951,2.1336
7.5956,2.1387
7.5962,2.1336
7.5967,2.1387
7.5973,2.1387
7.5978,2.1336
7.5984,2.1387
7.5990,2.1286
7.5995,2.1387
7.6000,2.1387
7.6006,2.1387
7.6011,2.1387
7.6016,2.1387
7.6022,2.1387
7.6028,2.1387
7.6034,2.1387
7.6039,2.1387
7.6045,2.1387
7.6051,2.1437
7.6057,2.1387
7.6062,2.1387
7.6069,2.1387
7.6075,2.1387
7.6080,2.1387
7.6086,2.1286
7.6091,2.1437
7.6097,2.1387
7.6103,2.1387
7.6109,2.1336
7.6115,2.1387
7.6120,2.1336
7.6125,2.1387
7.6131,2.1387
7.6136,2.1387
7.6142,2.1387
7.6147,2.1336
7.6152,2.1387
7.6158,2.1387
7.6163,2.1336
7.6169,2.1336
7.6174,2.1286
7.6180,2.1336
7.6185,2.1387
7.6191,2.1336
7.6196,2.1387
7.6202,2.1387
7.6207,2.1387
7.6212,2.1387
7.6218,2.1387
7.6223,2.1387
7.6229,2.1387
7.6234,2.1336
7.6239,2.1387
7.6245,2.1336
7.6250,2.1336
7.6256,2.1387
7.6261,2.1286
7.6266,2.1387
7.6272,2.1387
7.6277,2.1336
7.6282,2.1336
7.6288,2.1286
7.6293,2.1387
7.6299,2.1286
7.6304,2.1286
7.6309,2.1387
7.6315,2.1336
7.6320,2.1336
7.6326,2.1387
7.6331,2.1387
7.6336,2.1387
7.6342,2.1387
7.6347,2.1336
7.6353,2.1387
7.6358,2.1387
7.6364,2.1387
7.6369,2.1387
7.6374,2.1336
7.6380,2.1387
7.6385,2.1437
7.6391,2.1387
7.6396,2.1336
7.6401,2.1387
7.6407,2.1387
7.6412,2.1387
7.6417,2.1336
7.6423,2.1387
7.6428,2.1336
7.6434,2.1387
7.6439,2.1387
7.6444,2.1387
7.6450,2.1336
7.6455,2.1336
7.6460,2.1387
7.6466,2.1387
7.6471,2.1387
7.6477,2.1336
7.6482,2.1387
7.6487,2.1437
7.6493,2.1336
7.6498,2.1336
7.6504,2.1387
7.6509,2.1387
7.6514,2.1387
7.6520,2.1387
7.6525,2.1387
7.6531,2.1387
7.6536,2.1336
7.6541,2.1387
7.6547,2.1336
7.6552,2.1387
7.6558,2.1387
7.6563,2.1387
7.6569,2.1336
7.6574,2.1437
7.6580,2.1387
7.6585,2.1336
7.6590,2.1387
7.6596,2.1387
7.6601,2.1387
7.6606,2.1437
7.6612,2.1387
7.6617,2.1387
7.6623,2.1336
7.6628,2.1387
7.6633,2.1336
7.6639,2.1387
7.6644,2.1387
7.6650,2.1387
7.6655,2.1387
7.6660,2.1336
7.6666,2.1387
7.6671,2.1387
7.6677,2.1286
7.6682,2.1387
7.6687,2.1387
7.6693,2.1336
7.6698,2.1387
7.6703,2.1336
7.6709,2.1336
7.6714,2.1387
7.6719,2.1387
7.6725,2.1286
7.6730,2.1387
7.6735,2.1387
7.6741,2.1336
7.6746,2.1286
7.6752,2.1387
7.6757,2.1387
7.6762,2.1387
7.6768,2.1336
7.6773,2.1387
7.6778,2.1387
7.6784,2.1387
7.6789,2.1387
7.6794,2.1387
7.6800,2.1336
7.6805,2.1387
7.6811,2.1387
7.6816,2.1387
7.6821,2.1286
7.6827,2.1286
7.6832,2.1387
7.6837,2.1387
7.6843,2.1387
7.6848,2.1336
7.6853,2.1387
7.6859,2.1387
7.6864,2.1336
7.6870,2.1336
7.6875,2.1387
7.6880,2.1387
7.6886,2.1387
7.6891,2.1336
7.6896,2.1387
7.6902,2.1387
7.6907,2.1387
7.6912,2.1336
7.6918,2.1336
7.6923,2.1437
7.6928,2.1387
7.6934,2.1387
7.6939,2.1336
7.6945,2.1387
7.6950,2.1387
7.6955,2.1286
7.6961,2.1286
7.6966,2.1387
7.6971,2.1387
7.6977,2.1387
7.6982,2.1387
7.6988,2.1387
7.6994,2.1387
7.7000,2.1286
7.7005,2.1387
7.7010,2.1387
7.7016,2.1336
7.7021,2.1387
7.7026,2.1336
7.7032,2.1336
7.7037,2.1387
7.7043,2.1387
7.7048,2.1387
7.7053,2.1336
7.7059,2.1387
7.7064,2.1387
7.7070,2.1336
7.7075,2.1336
7.7080,2.1336
7.7086,2.1387
7.7091,2.1387
7.7096,2.1387
7.7102,2.1336
7.7107,2.1387
7.7112,2.1336
7.7118,2.1387
7.7123,2.1336
7.7128,2.1286
7.7134,2.1336
7.7139,2.1336
7.7144,2.1336
7.7150,2.1387
7.7155,2.1286
7.7160,2.1286
7.7166,2.1387
7.7171,2.1336
7.7176,2.1387
7.7182,2.1387
7.7187,2.1387
7.7193,2.1387
7.7198,2.1387
7.7203,2.1387
7.7209,2.1387
7.7214,2.1387
7.7219,2.1387
7.7225,2.1336
7.7230,2.1387
7.7235,2.1336
7.7241,2.1387
7.7246,2.1387
7.7251,2.1387
7.7257,2.1387
7.7262,2.1286
7.7267,2.1336
7.7273,2.1336
7.7278,2.1336
7.7283,2.1286
7.7289,2.1336
7.7294,2.1387
7.7299,2.1387
7.7305,2.1387
7.7310,2.1387
7.7316,2.1286
7.7321,2.1336
7.7326,2.1286
7.7332,2.1387
7.7337,2.1387
7.7342,2.1387
7.7348,2.1387
7.7353,2.1387
7.7358,2.1336
7.7364,2.1336
7.7369,2.1387
7.7374,2.1387
7.7380,2.1286
7.7385,2.1387
7.7390,2.1286
7.7396,2.1387
7.7401,2.1387
7.7406,2.1336
7.7412,2.1336
7.7417,2.1387
7.7423,2.1387
7.7428,2.1286
7.7434,2.1336
7.7439,2.1387
7.7444,2.1336
7.7450,2.1387
7.7455,2.1336
7.7461,2.1336
7.7466,2.1336
7.7472,2.1336
7.7478,2.1336
7.7483,2.1387
7.7488,2.1387
7.7494,2.1387
7.7499,2.1387
7.7505,2.1387
7.7510,2.1286
7.7516,2.1387
7.7521,2.1387
7.7527,2.1336
7.7532,2.1387
7.7537,2.1387
7.7546,2.1336
7.7551,2.1336
7.7557,2.1387
7.7562,2.1336
7.7573,2.1387
7.7578,2.1336
7.7583,2.1387
7.7589,2.1387
7.7594,2.1336
7.7599,2.1387
7.7605,2.1336
7.7610,2.1336
7.7615,2.1387
7.7621,2.1387
7.7626,2.1387
7.7631,2.1336
7.7637,2.1387
7.7642,2.1387
7.7647,2.1387
7.7653,2.1387
7.7658,2.1387
7.7663,2.1387
7.7669,2.1336
7.7674,2.1336
7.7679,2.1387
7.7685,2.1387
7.7690,2.1387
7.7695,2.1336
7.7701,2.1336
7.7706,2.1336
7.7711,2.1387
7.7717,2.1387
7.7722,2.1336
7.7727,2.1336
7.7733,2.1387
7.7738,2.1387
7.7743,2.1286
7.7749,2.1336
7.7754,2.1387
7.7759,2.1336
7.7765,2.1387
7.7771,2.1336
7.7776,2.1387
7.7782,2.1387
7.7787,2.1336
7.7792,2.1387
7.7798,2.1336
7.7803,2.1387
7.7809,2.1387
7.7814,2.1387
7.7820,2.1286
7.7825,2.1387
7.7830,2.1387
7.7836,2.1387
7.7841,2.1387
7.7847,2.1387
7.7852,2.1387
7.7857,2.1387
7.7863,2.1387
7.7869,2.1387
7.7874,2.1387
7.7879,2.1387
7.7885,2.1387
7.7890,2.1387
7.7895,2.1387
7.7901,2.1387
7.7906,2.1387
7.7911,2.1387
7.7917,2.1387
7.7922,2.1387
7.7927,2.1387
7.7933,2.1387
7.7938,2.1387
7.7943,2.1387
7.7949,2.1387
7.7954,2.1336
7.7959,2.1387
7.7965,2.1387
7.7970,2.1387
7.7975,2.1336
7.7981,2.1387
7.7986,2.1387
7.7991,2.1336
7.7998,2.1387
7.8003,2.1387
7.8009,2.1387
7.8014,2.1387
7.8019,2.1336
7.8025,2.1437
7.8030,2.1387
7.8036,2.1336
7.8041,2.1336
7.8046,2.1336
7.8052,2.1387
7.8057,2.1286
7.8062,2.1387
7.8068,2.1336
7.8073,2.1336
7.8079,2.1336
7.8084,2.1387
7.8089,2.1387
7.8095,2.1387
7.8100,2.1387
7.8106,2.1387
7.8111,2.1387
7.8116,2.1286
7.8122,2.1387
7.8127,2.1336
7.8133,2.1437
7.8138,2.1387
7.8143,2.1286
7.8149,2.1286
7.8154,2.1387
7.8160,2.1387
7.8165,2.1286
7.8170,2.1336
7.8176,2.1387
7.8181,2.1387
7.8186,2.1286
7.8192,2.1336
7.8197,2.1387
7.8203,2.1437
7.8208,2.1387
7.8213,2.1387
7.8219,2.1286
7.8224,2.1387
7.8230,2.1387
7.8235,2.1387
7.8240,2.1387
7.8246,2.1387
7.8251,2.1387
7.8257,2.1336
7.8262,2.1286
7.8267,2.1387
7.8273,2.1387
7.8278,2.1387
7.8283,2.1387
7.8289,2.1437
7.8294,2.1387
7.8300,2.1387
7.8305,2.1336
7.8310,2.1336
7.8316,2.1336
7.8321,2.1336
7.8327,2.1387
7.8332,2.1387
7.8337,2.1286
7.8343,2.1437
7.8348,2.1387
7.8353,2.1286
7.8359,2.1387
7.8364,2.1387
7.8370,2.1387
7.8375,2.1387
7.8380,2.1387
7.8386,2.1387
7.8391,2.1387
7.8397,2.1387
7.8402,2.1387
7.8407,2.1286
7.8413,2.1387
7.8418,2.1387
7.8424,2.1387
7.8429,2.1387
7.8434,2.1336
7.8440,2.1387
7.8445,2.1387
7.8451,2.1387
7.8456,2.1387
7.8462,2.1387
7.8467,2.1286
7.8472,2.1387
7.8478,2.1387
7.8483,2.1286
7.8489,2.1387
7.8494,2.1387
7.8499,2.1387
7.8505,2.1336
7.8510,2.1336
7.8516,2.1336
7.8521,2.1336
7.8526,2.1387
7.8532,2.1387
7.8537,2.1336
7.8542,2.1387
7.8548,2.1387
7.8553,2.1387
7.8559,2.1336
7.8564,2.1387
7.8569,2.1387
7.8575,2.1286
7.8580,2.1387
7.8586,2.1387
7.8591,2.1387
7.8596,2.1387
7.8602,2.1336
7.8607,2.1387
7.8613,2.1387
7.8618,2.1286
7.8623,2.1387
7.8629,2.1387
7.8634,2.1387
7.8640,2.1387
7.8645,2.1387
7.8650,2.1387
7.8656,2.1387
7.8661,2.1336
7.8667,2.1336
7.8672,2.1387
7.8677,2.1336
7.8683,2.1286
7.8688,2.1387
7.8693,2.1387
7.8699,2.1336
7.8704,2.1336
7.8709,2.1387
7.8715,2.1387
7.8720,2.1286
7.8726,2.1387
7.8731,2.1336
7.8736,2.1387
7.8742,2.1387
7.8747,2.1387
7.8752,2.1336
7.8758,2.1336
7.8763,2.1336
7.8769,2.1387
7.8774,2.1387
7.8779,2.1336
7.8785,2.1336
7.8790,2.1387
7.8795,2.1387
7.8801,2.1336
7.8806,2.1387
7.8811,2.1387
7.8817,2.1387
7.8822,2.1387
7.8827,2.1387
7.8833,2.1387
7.8838,2.1387
7.8844,2.1336
7.8849,2.1336
7.8854,2.1387
7.8860,2.1387
7.8865,2.1387
7.8870,2.1437
7.8876,2.1336
7.8881,2.1387
7.8886,2.1387
7.8892,2.1387
7.8897,2.1387
7.8902,2.1387
7.8908,2.1387
7.8913,2.1336
7.8919,2.1387
7.8924,2.1387
7.8929,2.1387
7.8935,2.1336
7.8940,2.1336
7.8945,2.1286
7.8951,2.1387
7.8956,2.1387
7.8961,2.1387
7.8967,2.1286
7.8972,2.1336
7.8978,2.1336
7.8983,2.1336
7.8988,2.1387
7.8994,2.1336
7.8999,2.1387
7.9005,2.1387
7.9010,2.1387
7.9016,2.1387
7.9021,2.1387
7.9026,2.1437
7.9032,2.1387
7.9037,2.1336
7.9043,2.1387
7.9048,2.1387
7.9053,2.1286
7.9059,2.1387
7.9064,2.1387
7.9070,2.1387
7.9075,2.1286
7.9080,2.1336
7.9086,2.1387
7.9091,2.1387
7.9096,2.1387
7.9102,2.1286
7.9107,2.1387
7.9113,2.1387
7.9118,2.1387
7.9123,2.1387
7.9129,2.1387
7.9134,2.1336
7.9140,2.1336
7.9145,2.1387
7.9151,2.1336
7.9156,2.1387
7.9161,2.1387
7.9167,2.1387
7.9172,2.1387
7.9178,2.1387
7.9183,2.1336
7.9188,2.1387
7.9194,2.1437
7.9199,2.1336
7.9204,2.1336
7.9210,2.1336
7.9215,2.1387
7.9221,2.1336
7.9226,2.1437
7.9231,2.1387
7.9237,2.1387
7.9242,2.1336
7.9247,2.1336
7.9253,2.1387
7.9258,2.1387
7.9264,2.1286
7.9269,2.1336
7.9274,2.1387
7.9280,2.1336
7.9285,2.1387
7.9291,2.1387
7.9296,2.1387
7.9301,2.1387
7.9307,2.1286
7.9312,2.1387
7.9317,2.1437
7.9323,2.1437
7.9328,2.1387
7.9334,2.1387
7.9339,2.1336
7.9344,2.1286
7.9350,2.1387
7.9355,2.1387
7.9361,2.1336
7.9366,2.1336
7.9371,2.1336
7.9377,2.1336
7.9382,2.1336
7.9388,2.1387
7.9393,2.1336
7.9398,2.1387
7.9404,2.1387
7.9409,2.1437
7.9414,2.1336
7.9420,2.1437
7.9425,2.1336
7.9431,2.1387
7.9436,2.1387
7.9441,2.1286
7.9447,2.1437
7.9452,2.1387
7.9458,2.1387
7.9463,2.1286
7.9468,2.1336
7.9474,2.1336
7.9479,2.1387
7.9485,2.1286
7.9490,2.1336
7.9495,2.1387
7.9501,2.1336
7.9506,2.1336
7.9511,2.1387
7.9517,2.1387
7.9522,2.1387
7.9528,2.1387
7.9533,2.1387
7.9538,2.1387
7.9544,2.1387
7.9549,2.1387
7.9555,2.1387
7.9560,2.1336
7.9565,2.1336
7.9571,2.1387
7.9576,2.1387
7.9582,2.1387
7.9587,2.1387
7.9592,2.1286
7.9598,2.1336
7.9603,2.1336
7.9608,2.1387
7.9614,2.1336
7.9619,2.1336
7.9625,2.1387
7.9630,2.1387
7.9635,2.1387
7.9641,2.1336
7.9646,2.1336
7.9652,2.1336
7.9657,2.1387
7.9662,2.1336
7.9668,2.1387
7.9673,2.1387
7.9679,2.1336
7.9684,2.1336
7.9689,2.1387
7.9695,2.1387
7.9700,2.1336
7.9705,2.1387
7.9711,2.1286
7.9716,2.1387
7.9722,2.1336
7.9727,2.1387
7.9732,2.1387
7.9738,2.1387
7.9743,2.1387
7.9749,2.1336
7.9754,2.1387
7.9759,2.1286
7.9765,2.1387
7.9770,2.1387
7.9776,2.1336
7.9781,2.1387
7.9786,2.1387
7.9792,2.1387
7.9797,2.1387
7.9802,2.1387
7.9808,2.1387
7.9813,2.1336
7.9819,2.1387
7.9824,2.1336
7.9830,2.1286
7.9835,2.1336
7.9840,2.1387
7.9846,2.1387
7.9851,2.1387
7.9857,2.1336
7.9862,2.1387
7.9867,2.1437
7.9873,2.1387
7.9878,2.1437
7.9883,2.1387
7.9889,2.1387
7.9894,2.1387
7.9900,2.1387
7.9905,2.1387
7.9910,2.1387
7.9916,2.1336
7.9922,2.1286
7.9928,2.1286
7.9933,2.1387
7.9939,2.1387
7.9945,2.1387
7.9951,2.1387
7.9956,2.1336
7.9962,2.1387
7.9967,2.1336
7.9973,2.1387
7.9978,2.1336
7.9984,2.1387
7.9990,2.1387
7.9995,2.1286
8.0001,2.1286
8.0006,2.1387
8.0012,2.1336
8.0017,2.1286
8.0022,2.1387
8.0028,2.1336
8.0033,2.1387
8.0039,2.1387
8.0044,2.1387
8.0049,2.1336
8.0055,2.1387
8.0060,2.1387
8.0066,2.1437
8.0072,2.1286
8.0077,2.1387
8.0083,2.1387
8.0089,2.1336
8.0094,2.1336
8.0100,2.1387
8.0106,2.1387
8.0111,2.1387
8.0116,2.1387
8.0126,2.1387
8.0132,2.1437
8.0137,2.1387
8.0143,2.1387
8.0148,2.1336
8.0153,2.1387
8.0159,2.1336
8.0164,2.1336
8.0169,2.1336
8.0175,2.1387
8.0180,2.1286
8.0186,2.1336
8.0191,2.1336
8.0197,2.1387
8.0202,2.1387
8.0208,2.1336
8.0213,2.1336
8.0218,2.1336
8.0224,2.1387
8.0229,2.1387
8.0234,2.1336
8.0240,2.1387
8.0245,2.1336
8.0250,2.1387
8.0256,2.1336
8.0261,2.1387
8.0266,2.1387
8.0272,2.1387
8.0277,2.1387
8.0282,2.1336
8.0288,2.1336
8.0293,2.1336
8.0298,2.1387
8.0304,2.1286
8.0309,2.1437
8.0314,2.1387
8.0320,2.1387
8.0325,2.1387
8.0330,2.1387
8.0336,2.1336
8.0341,2.1387
8.0347,2.1336
8.0352,2.1336
8.0357,2.1437
8.0363,2.1336
8.0369,2.1387
8.0374,2.1387
8.0380,2.1387
8.0385,2.1336
8.0390,2.1387
8.0396,2.1387
8.0401,2.1387
8.0406,2.1387
8.0412,2.1336
8.0417,2.1387
8.0422,2.1387
8.0428,2.1336
8.0433,2.1387
8.0438,2.1387
8.0444,2.1286
8.0449,2.1387
8.0454,2.1387
8.0460,2.1437
8.0465,2.1286
8.0471,2.1336
8.0476,2.1387
8.0481,2.1387
8.0487,2.1387
8.0492,2.1387
8.0497,2.1387
8.0503,2.1336
8.0508,2.1387
8.0514,2.1387
8.0519,2.1387
8.0524,2.1387
8.0530,2.1387
8.0535,2.1387
8.0541,2.1336
8.0546,2.1387
8.0551,2.1387
8.0557,2.1336
8.0562,2.1336
8.0567,2.1336
8.0573,2.1387
8.0578,2.1336
8.0583,2.1387
8.0589,2.1336
8.0594,2.1336
8.0599,2.1387
8.0605,2.1387
8.0610,2.1387
8.0615,2.1387
8.0621,2.1387
8.0626,2.1336
8.0631,2.1336
8.0637,2.1387
8.0642,2.1387
8.0647,2.1387
8.0653,2.1387
8.0658,2.1387
8.0663,2.1336
8.0669,2.1336
8.0674,2.1336
8.0680,2.1336
8.0685,2.1387
8.0690,2.1387
8.0696,2.1286
8.0701,2.1336
8.0706,2.1387
8.0712,2.1336
8.0717,2.1336
8.0722,2.1387
8.0728,2.1387
8.0733,2.1336
8.0738,2.1336
8.0744,2.1336
8.0749,2.1387
8.0754,2.1387
8.0760,2.1286
8.0765,2.1387
8.0771,2.1387
8.0776,2.1336
8.0781,2.1387
8.0786,2.1387
8.0792,2.1336
8.0797,2.1387
8.0802,2.1387
8.0808,2.1387
8.0813,2.1387
8.0818,2.1336
8.0824,2.1387
8.0829,2.1387
8.0834,2.1387
8.0840,2.1387
8.0845,2.1387
8.0850,2.1336
8.0856,2.1336
8.0861,2.1336
8.0866,2.1387
8.0872,2.1336
8.0877,2.1387
8.0882,2.1387
8.0888,2.1387
8.0893,2.1387
8.0899,2.1387
8.0904,2.1387
8.0909,2.1336
8.0915,2.1387
8.0920,2.1387
8.0925,2.1387
8.0931,2.1387
8.0936,2.1387
8.0941,2.1336
8.0947,2.1387
8.0952,2.1387
8.0957,2.1336
8.0963,2.1387
8.0968,2.1286
8.0974,2.1336
8.0979,2.1387
8.0984,2.1336
8.0990,2.1336
8.0995,2.1387
8.1000,2.1387
8.1007,2.1387
8.1012,2.1286
8.1017,2.1387
8.1023,2.1387
8.1028,2.1387
8.1034,2.1336
8.1039,2.1387
8.1045,2.1336
8.1050,2.1336
8.1056,2.1336
8.1061,2.1387
8.1067,2.1336
8.1072,2.1336
8.1078,2.1387
8.1083,2.1387
8.1089,2.1336
8.1094,2.1336
8.1100,2.1387
8.1105,2.1336
8.1111,2.1336
8.1116,2.1286
8.1122,2.1336
8.1127,2.1387
8.1133,2.1387
8.1138,2.1387
8.1144,2.1387
8.1149,2.1336
8.1155,2.1387
8.1160,2.1387
8.1166,2.1286
8.1171,2.1387
8.1177,2.1286
8.1182,2.1387
8.1188,2.1387
8.1194,2.1387
8.1199,2.1387
8.1205,2.1336
8.1210,2.1387
8.1216,2.1387
8.1221,2.1387
8.1227,2.1387
8.1232,2.1437
8.1238,2.1387
8.1243,2.1336
8.1249,2.1387
8.1254,2.1387
8.1260,2.1336
8.1265,2.1336
8.1271,2.1387
8.1276,2.1387
8.1282,2.1336
8.1287,2.1336
8.1293,2.1387
8.1298,2.1336
8.1304,2.1387
8.1309,2.1387
8.1315,2.1336
8.1320,2.1336
8.1326,2.1387
8.1331,2.1336
8.1337,2.1387
8.1342,2.1387
8.1348,2.1387
8.1353,2.1387
8.1359,2.1387
8.1364,2.1387
8.1370,2.1387
8.1375,2.1387
8.1381,2.1286
8.1386,2.1387
8.1392,2.1387
8.1397,2.1387
8.1403,2.1336
8.1408,2.1387
8.1414,2.1336
8.1419,2.1387
8.1425,2.1387
8.1430,2.1387
8.1436,2.1336
8.1441,2.1286
8.1447,2.1286
8.1452,2.1387
8.1458,2.1387
8.1463,2.1387
8.1469,2.1387
8.1474,2.1387
8.1480,2.1437
8.1485,2.1387
8.1491,2.1387
8.1496,2.1336
8.1502,2.1286
8.1508,2.1387
8.1513,2.1387
8.1519,2.1387
8.1524,2.1387
8.1530,2.1437
8.1535,2.1387
8.1541,2.1387
8.1546,2.1336
8.1552,2.1387
8.1557,2.1387
8.1563,2.1387
8.1568,2.1387
8.1574,2.1387
8.1579,2.1387
8.1585,2.1387
8.1590,2.1387
8.1596,2.1336
8.1601,2.1336
8.1607,2.1387
8.1612,2.1437
8.1618,2.1336
8.1623,2.1286
8.1629,2.1387
8.1634,2.1336
8.1640,2.1387
8.1645,2.1387
8.1651,2.1336
8.1656,2.1387
8.1662,2.1336
8.1667,2.1387
8.1673,2.1286
8.1679,2.1387
8.1684,2.1387
8.1690,2.1387
8.1695,2.1387
8.1701,2.1336
8.1706,2.1387
8.1712,2.1336
8.1717,2.1336
8.1723,2.1286
8.1728,2.1387
8.1734,2.1387
8.1739,2.1336
8.1745,2.1387
8.1750,2.1387
8.1756,2.1387
8.1761,2.1387
8.1767,2.1336
8.1772,2.1387
8.1778,2.1387
8.1783,2.1387
8.1789,2.1387
8.1794,2.1336
8.1800,2.1387
8.1805,2.1387
8.1811,2.1387
8.1816,2.1387
8.1822,2.1387
8.1827,2.1387
8.1833,2.1387
8.1838,2.1387
8.1844,2.1336
8.1849,2.1336
8.1855,2.1387
8.1860,2.1387
8.1866,2.1387
8.1871,2.1387
8.1877,2.1336
8.1882,2.1387
8.1888,2.1286
8.1894,2.1387
8.1899,2.1336
8.1905,2.1286
8.1910,2.1387
8.1916,2.1387
8.1921,2.1286
8.1927,2.1387
8.1932,2.1387
8.1938,2.1387
8.1943,2.1387
8.1949,2.1387
8.1954,2.1336
8.1960,2.1336
8.1965,2.1336
8.1971,2.1336
8.1976,2.1387
8.1982,2.1387
8.1987,2.1336
8.1993,2.1336
8.1998,2.1286
8.2004,2.1286
8.2009,2.1387
8.2015,2.1387
8.2021,2.1387
8.2027,2.1387
8.2033,2.1336
8.2039,2.1286
8.2045,2.1387
8.2051,2.1387
8.2057,2.1336
8.2064,2.1387
8.2070,2.1387
8.2076,2.1387
8.2082,2.1387
8.2087,2.1336
8.2093,2.1336
8.2099,2.1387
8.2104,2.1286
8.2111,2.1387
8.2117,2.1336
8.2123,2.1336
8.2128,2.1336
8.2134,2.1336
8.2140,2.1387
8.2145,2.1336
8.2151,2.1387
8.2157,2.1286
8.2164,2.1387
8.2169,2.1387
8.2175,2.1387
8.2180,2.1336
8.2186,2.1387
8.2192,2.1336
8.2197,2.1387
8.2203,2.1286
8.2208,2.1336
8.2214,2.1286
8.2219,2.1387
8.2225,2.1387
8.2230,2.1387
8.2236,2.1387
8.2241,2.1336
8.2246,2.1387
8.2252,2.1336
8.2257,2.1387
8.2263,2.1336
8.2269,2.1387
8.2274,2.1387
8.2279,2.1387
8.2285,2.1336
8.2290,2.1387
8.2296,2.1387
8.2301,2.1336
8.2307,2.1336
8.2312,2.1286
8.2317,2.1387
8.2323,2.1387
8.2328,2.1286
8.2334,2.1387
8.2339,2.1387
8.2345,2.1336
8.2350,2.1387
8.2356,2.1387
8.2361,2.1336
8.2367,2.1387
8.2372,2.1387
8.2377,2.1387
8.2383,2.1387
8.2388,2.1387
8.2394,2.1387
8.2399,2.1336
8.2405,2.1387
8.2410,2.1387
8.2415,2.1336
8.2421,2.1336
8.2426,2.1387
8.2432,2.1387
8.2437,2.1387
8.2443,2.1336
8.2448,2.1336
8.2453,2.1387
8.2459,2.1387
8.2464,2.1387
8.2470,2.1336
8.2475,2.1387
8.2481,2.1387
8.2486,2.1387
8.2491,2.1387
8.2497,2.1387
8.2502,2.1387
8.2508,2.1336
8.2513,2.1336
8.2519,2.1387
8.2524,2.1336
8.2529,2.1387
8.2535,2.1336
8.2540,2.1387
8.2546,2.1336
8.2551,2.1336
8.2557,2.1437
8.2562,2.1387
8.2567,2.1387
8.2573,2.1286
8.2578,2.1387
8.2584,2.1286
8.2589,2.1336
8.2595,2.1387
8.2600,2.1387
8.2606,2.1387
8.2611,2.1387
8.2617,2.1387
8.2622,2.1387
8.2628,2.1387
8.2633,2.1336
8.2638,2.1387
8.2644,2.1336
8.2649,2.1336
8.2655,2.1387
8.2660,2.1387
8.2666,2.1336
8.2671,2.1387
8.2676,2.1387
8.2682,2.1286
8.2687,2.1387
8.2693,2.1387
8.2698,2.1336
8.2704,2.1387
8.2709,2.1387
8.2714,2.1387
8.2720,2.1387
8.2725,2.1387
8.2731,2.1336
8.2736,2.1387
8.2742,2.1336
8.2747,2.1387
8.2752,2.1387
8.2758,2.1387
8.2763,2.1437
8.2769,2.1387
8.2774,2.1387
8.2780,2.1387
8.2785,2.1387
8.2791,2.1387
8.2796,2.1336
8.2801,2.1336
8.2807,2.1336
8.2812,2.1387
8.2818,2.1387
8.2823,2.1336
8.2829,2.1387
8.2834,2.1336
8.2839,2.1336
8.2845,2.1387
8.2850,2.1387
8.2856,2.1336
8.2861,2.1336
8.2867,2.1387
8.2872,2.1336
8.2877,2.1387
8.2883,2.1336
8.2888,2.1387
8.2894,2.1387
8.2899,2.1336
8.2905,2.1387
8.2910,2.1387
8.2915,2.1336
8.2921,2.1387
8.2926,2.1387
8.2932,2.1336
8.2937,2.1286
8.2943,2.1387
8.2948,2.1387
8.2954,2.1336
8.2959,2.1336
8.2964,2.1387
8.2970,2.1387
8.2975,2.1437
8.2981,2.1387
8.2986,2.1286
8.2992,2.1387
8.2997,2.1387
8.3002,2.1387
8.3008,2.1387
8.3013,2.1336
8.3020,2.1387
8.3025,2.1387
8.3031,2.1387
8.3036,2.1387
8.3042,2.1387
8.3047,2.1387
8.3052,2.1387
8.3058,2.1387
8.3063,2.1387
8.3069,2.1387
8.3074,2.1387
8.3080,2.1336
8.3085,2.1336
8.3090,2.1286
8.3096,2.1387
8.3101,2.1286
8.3106,2.1387
8.3112,2.1336
8.3117,2.1336
8.3123,2.1387
8.3128,2.1336
8.3133,2.1336
8.3139,2.1387
8.3144,2.1387
8.3149,2.1286
8.3155,2.1336
8.3160,2.1286
8.3166,2.1387
8.3171,2.1387
8.3176,2.1336
8.3182,2.1387
8.3187,2.1387
8.3192,2.1336
8.3198,2.1286
8.3203,2.1387
8.3209,2.1387
8.3214,2.1387
8.3219,2.1387
8.3225,2.1437
8.3230,2.1387
8.3235,2.1336
8.3241,2.1387
8.3246,2.1387
8.3252,2.1387
8.3257,2.1387
8.3262,2.1387
8.3268,2.1387
8.3273,2.1387
8.3279,2.1387
8.3284,2.1387
8.3289,2.1437
8.3295,2.1387
8.3300,2.1387
8.3306,2.1286
8.3311,2.1387
8.3316,2.1387
8.3322,2.1387
8.3327,2.1387
8.3333,2.1336
8.3338,2.1387
8.3343,2.1387
8.3349,2.1336
8.3354,2.1336
8.3359,2.1387
8.3365,2.1387
8.3370,2.1336
8.3376,2.1387
8.3381,2.1336
8.3386,2.1387
8.3392,2.1387
8.3397,2.1387
8.3403,2.1387
8.3408,2.1387
8.3413,2.1387
8.3419,2.1387
8.3424,2.1336
8.3430,2.1387
8.3435,2.1387
8.3441,2.1387
8.3446,2.1387
8.3451,2.1387
8.3457,2.1336
8.3462,2.1387
8.3468,2.1387
8.3473,2.1387
8.3478,2.1387
8.3484,2.1387
8.3489,2.1387
8.3495,2.1387
8.3500,2.1387
8.3505,2.1387
8.3511,2.1387
8.3516,2.1387
8.3522,2.1387
8.3527,2.1336
8.3532,2.1387
8.3538,2.1286
8.3543,2.1336
8.3549,2.1336
8.3554,2.1387
8.3559,2.1286
8.3565,2.1387
8.3570,2.1336
8.3576,2.1387
8.3581,2.1387
8.3587,2.1336
8.3592,2.1387
8.3597,2.1336
8.3603,2.1387
8.3608,2.1336
8.3614,2.1387
8.3619,2.1286
8.3624,2.1387
8.3630,2.1286
8.3635,2.1387
8.3641,2.1387
8.3646,2.1387
8.3651,2.1336
8.3657,2.1336
8.3662,2.1336
8.3668,2.1336
8.3673,2.1387
8.3678,2.1387
8.3684,2.1387
8.3689,2.1286
8.3695,2.1387
8.3700,2.1336
8.3706,2.1387
8.3711,2.1387
8.3716,2.1387
8.3722,2.1336
8.3727,2.1336
8.3733,2.1336
8.3738,2.1387
8.3743,2.1336
8.3749,2.1387
8.3754,2.1286
8.3760,2.1336
8.3765,2.1336
8.3770,2.1336
8.3776,2.1387
8.3781,2.1387
8.3787,2.1387
8.3792,2.1387
8.3797,2.1286
8.3803,2.1387
8.3808,2.1387
8.3814,2.1336
8.3819,2.1336
8.3824,2.1387
8.3830,2.1286
8.3835,2.1387
8.3841,2.1336
8.3846,2.1387
8.3852,2.1387
8.3857,2.1387
8.3862,2.1387
8.3868,2.1336
8.3873,2.1387
8.3879,2.1336
8.3884,2.1387
8.3889,2.1286
8.3895,2.1336
8.3900,2.1336
8.3906,2.1336
8.3911,2.1336
8.3916,2.1387
8.3922,2.1387
8.3927,2.1336
8.3933,2.1387
8.3938,2.1336
8.3943,2.1387
8.3949,2.1387
8.3954,2.1336
8.3960,2.1387
8.3965,2.1387
8.3971,2.1387
8.3976,2.1387
8.3982,2.1437
8.3987,2.1387
8.3992,2.1387
8.3998,2.1387
8.4003,2.1336
8.4009,2.1387
8.4014,2.1387
8.4019,2.1336
8.4026,2.1387
8.4031,2.1336
8.4037,2.1387
8.4042,2.1336
8.4048,2.1336
8.4053,2.1387
8.4059,2.1336
8.4064,2.1286
8.4070,2.1387
8.4075,2.1387
8.4081,2.1387
8.4086,2.1286
8.4092,2.1387
8.4097,2.1387
8.4102,2.1387
8.4108,2.1387
8.4113,2.1387
8.4119,2.1387
8.4124,2.1387
8.4130,2.1387
8.4135,2.1336
8.4141,2.1387
8.4146,2.1437
8.4152,2.1387
8.4157,2.1387
8.4163,2.1387
8.4168,2.1286
8.4174,2.1387
8.4179,2.1387
8.4185,2.1387
8.4190,2.1286
8.4196,2.1336
8.4201,2.1387
8.4207,2.1336
8.4212,2.1336
8.4218,2.1387
8.4223,2.1387
8.4229,2.1387
8.4234,2.1336
8.4239,2.1336
8.4245,2.1387
8.4250,2.1387
8.4256,2.1387
8.4261,2.1336
8.4267,2.1336
8.4272,2.1336
8.4278,2.1336
8.4283,2.1387
8.4289,2.1336
8.4294,2.1387
8.4300,2.1336
8.4305,2.1387
8.4311,2.1387
8.4316,2.1286
8.4322,2.1387
8.4327,2.1387
8.4332,2.1437
8.4338,2.1437
8.4343,2.1286
8.4349,2.1286
8.4354,2.1336
8.4360,2.1336
8.4365,2.1336
8.4371,2.1387
8.4376,2.1387
8.4382,2.1387
8.4387,2.1336
8.4393,2.1387
8.4398,2.1387
8.4404,2.1387
8.4409,2.1387
8.4414,2.1437
8.4420,2.1387
8.4425,2.1387
8.4431,2.1336
8.4436,2.1336
8.4442,2.1387
8.4447,2.1336
8.4453,2.1336
8.4458,2.1336
8.4464,2.1387
8.4469,2.1336
8.4475,2.1387
8.4480,2.1336
8.4485,2.1387
8.4491,2.1387
8.4496,2.1387
8.4502,2.1387
8.4507,2.1387
8.4513,2.1387
8.4518,2.1387
8.4524,2.1387
8.4529,2.1336
8.4535,2.1387
8.4540,2.1336
8.4546,2.1336
8.4551,2.1336
8.4556,2.1286
8.4562,2.1336
8.4567,2.1336
8.4573,2.1387
8.4578,2.1387
8.4584,2.1387
8.4589,2.1387
8.4595,2.1387
8.4600,2.1286
8.4606,2.1336
8.4611,2.1387
8.4617,2.1387
8.4622,2.1387
8.4627,2.1336
8.4633,2.1336
8.4638,2.1387
8.4644,2.1336
8.4649,2.1387
8.4655,2.1336
8.4660,2.1387
8.4666,2.1336
8.4671,2.1387
8.4677,2.1336
8.4682,2.1336
8.4688,2.1336
8.4693,2.1387
8.4699,2.1387
8.4704,2.1336
8.4710,2.1387
8.4715,2.1387
8.4721,2.1336
8.4726,2.1336
8.4732,2.1387
8.4737,2.1387
8.4742,2.1387
8.4748,2.1336
8.4753,2.1336
8.4759,2.1437
8.4764,2.1336
8.4770,2.1387
8.4775,2.1336
8.4781,2.1387
8.4786,2.1336
8.4792,2.1387
8.4797,2.1387
8.4803,2.1387
8.4808,2.1336
8.4813,2.1387
8.4819,2.1387
8.4824,2.1336
8.4830,2.1387
8.4835,2.1336
8.4841,2.1387
8.4846,2.1387
8.4852,2.1387
8.4857,2.1387
8.4863,2.1387
8.4868,2.1336
8.4874,2.1387
8.4879,2.1336
8.4885,2.1286
8.4890,2.1387
8.4896,2.1387
8.4901,2.1387
8.4907,2.1387
8.4914,2.1286
8.4920,2.1437
8.4937,2.1387
8.4943,2.1387
8.4949,2.1387
8.4955,2.1387
8.4960,2.1336
8.4966,2.1336
8.4972,2.1286
8.4977,2.1336
8.4983,2.1387
8.4989,2.1387
8.4994,2.1387
8.5000,2.1336
8.5006,2.1336
8.5011,2.1387
8.5018,2.1387
8.5023,2.1387
8.5030,2.1387
8.5036,2.1336
8.5041,2.1336
8.5046,2.1387
8.5052,2.1387
8.5057,2.1387
8.5063,2.1387
8.5068,2.1336
8.5074,2.1336
8.5079,2.1336
8.5085,2.1336
8.5090,2.1387
8.5096,2.1387
8.5102,2.1336
8.5108,2.1336
8.5113,2.1336
8.5119,2.1387
8.5124,2.1286
8.5130,2.1286
8.5136,2.1387
8.5141,2.1387
8.5147,2.1336
8.5152,2.1387
8.5158,2.1336
8.5164,2.1387
8.5170,2.1437
8.5175,2.1387
8.5181,2.1387
8.5187,2.1387
8.5192,2.1387
8.5198,2.1286
8.5203,2.1336
8.5209,2.1437
8.5214,2.1336
8.5220,2.1387
8.5225,2.1286
8.5230,2.1387
8.5236,2.1286
8.5242,2.1387
8.5247,2.1387
8.5253,2.1336
8.5258,2.1387
8.5264,2.1387
8.5269,2.1336
8.5274,2.1387
8.5280,2.1387
8.5285,2.1387
8.5291,2.1387
8.5296,2.1336
8.5301,2.1387
8.5307,2.1336
8.5312,2.1336
8.5318,2.1336
8.5323,2.1387
8.5328,2.1387
8.5334,2.1437
8.5339,2.1387
8.5345,2.1437
8.5350,2.1336
8.5356,2.1387
8.5361,2.1336
8.5367,2.1336
8.5372,2.1387
8.5377,2.1336
8.5383,2.1336
8.5389,2.1387
8.5394,2.1387
8.5399,2.1387
8.5405,2.1336
8.5410,2.1387
8.5416,2.1336
8.5421,2.1387
8.5427,2.1336
8.5432,2.1387
8.5438,2.1286
8.5443,2.1336
8.5448,2.1387
8.5454,2.1336
8.5459,2.1387
8.5465,2.1286
8.5470,2.1387
8.5476,2.1387
8.5481,2.1387
8.5486,2.1387
8.5492,2.1387
8.5497,2.1286
8.5503,2.1387
8.5508,2.1336
8.5513,2.1387
8.5519,2.1336
8.5524,2.1387
8.5530,2.1387
8.5535,2.1387
8.5541,2.1336
8.5546,2.1387
8.5551,2.1387
8.5557,2.1387
8.5562,2.1336
8.5568,2.1387
8.5573,2.1387
8.5578,2.1387
8.5584,2.1387
8.5589,2.1286
8.5595,2.1387
8.5600,2.1387
8.5606,2.1286
8.5611,2.1387
8.5617,2.1336
8.5622,2.1336
8.5627,2.1387
8.5633,2.1387
8.5638,2.1336
8.5644,2.1387
8.5649,2.1336
8.5655,2.1387
8.5660,2.1387
8.5666,2.1286
8.5671,2.1387
8.5676,2.1286
8.5682,2.1387
8.5687,2.1336
8.5693,2.1387
8.5698,2.1387
8.5703,2.1387
8.5709,2.1336
8.5714,2.1387
8.5720,2.1387
8.5725,2.1387
8.5730,2.1387
8.5736,2.1387
8.5741,2.1387
8.5747,2.1387
8.5752,2.1336
8.5758,2.1387
8.5763,2.1387
8.5769,2.1387
8.5774,2.1387
8.5779,2.1336
8.5785,2.1387
8.5790,2.1286
8.5796,2.1387
8.5801,2.1387
8.5806,2.1387
8.5812,2.1387
8.5817,2.1336
8.5823,2.1387
8.5828,2.1387
8.5833,2.1387
8.5839,2.1387
8.5844,2.1387
8.5850,2.1387
8.5855,2.1387
8.5860,2.1387
8.5866,2.1387
8.5871,2.1387
8.5877,2.1387
8.5882,2.1336
8.5888,2.1387
8.5893,2.1387
8.5899,2.1387
8.5904,2.1336
8.5909,2.1336
8.5915,2.1387
8.5920,2.1387
8.5926,2.1387
8.5931,2.1387
8.5937,2.1286
8.5942,2.1387
8.5947,2.1387
8.5953,2.1387
8.5958,2.1387
8.5964,2.1387
8.5969,2.1336
8.5975,2.1336
8.5980,2.1387
8.5986,2.1336
8.5991,2.1387
8.5996,2.1336
8.6002,2.1387
8.6007,2.1387
8.6013,2.1387
8.6018,2.1387
8.6024,2.1387
8.6029,2.1387
8.6036,2.1286
8.6041,2.1387
8.6046,2.1387
8.6052,2.1387
8.6057,2.1387
8.6063,2.1387
8.6068,2.1387
8.6074,2.1387
8.6080,2.1336
8.6085,2.1336
8.6091,2.1336
8.6096,2.1336
8.6102,2.1387
8.6107,2.1336
8.6113,2.1387
8.6118,2.1387
8.6124,2.1336
8.6129,2.1387
8.6135,2.1387
8.6140,2.1387
8.6146,2.1387
8.6151,2.1387
8.6157,2.1387
8.6162,2.1387
8.6168,2.1387
8.6173,2.1387
8.6179,2.1387
8.6184,2.1387
8.6190,2.1286
8.6195,2.1387
8.6201,2.1387
8.6206,2.1387
8.6212,2.1286
8.6217,2.1387
8.6223,2.1336
8.6228,2.1336
8.6234,2.1387
8.6239,2.1336
8.6245,2.1387
8.6250,2.1336
8.6256,2.1336
8.6261,2.1387
8.6267,2.1387
8.6272,2.1336
8.6278,2.1387
8.6283,2.1387
8.6289,2.1387
8.6294,2.1387
8.6300,2.1336
8.6305,2.1387
8.6311,2.1387
8.6316,2.1387
8.6322,2.1336
8.6327,2.1387
8.6333,2.1286
8.6338,2.1387
8.6344,2.1336
8.6349,2.1437
8.6355,2.1387
8.6360,2.1286
8.6366,2.1286
8.6371,2.1387
8.6377,2.1387
8.6382,2.1336
8.6388,2.1387
8.6393,2.1387
8.6399,2.1286
8.6404,2.1336
8.6410,2.1387
8.6415,2.1387
8.6421,2.1387
8.6426,2.1336
8.6432,2.1387
8.6437,2.1336
8.6443,2.1387
8.6448,2.1387
8.6454,2.1387
8.6459,2.1387
8.6465,2.1336
8.6470,2.1336
8.6476,2.1387
8.6481,2.1387
8.6487,2.1336
8.6492,2.1286
8.6498,2.1387
8.6503,2.1387
8.6509,2.1387
8.6514,2.1387
8.6520,2.1336
8.6525,2.1387
8.6531,2.1387
8.6536,2.1387
8.6542,2.1286
8.6547,2.1387
8.6553,2.1387
8.6558,2.1336
8.6564,2.1387
8.6569,2.1336
8.6575,2.1387
8.6580,2.1387
8.6586,2.1387
8.6591,2.1387
8.6597,2.1336
8.6602,2.1336
8.6608,2.1336
8.6613,2.1387
8.6619,2.1387
8.6624,2.1387
8.6630,2.1387
8.6635,2.1336
8.6641,2.1387
8.6646,2.1387
8.6652,2.1336
8.6657,2.1387
8.6663,2.1336
8.6669,2.1336
8.6674,2.1387
8.6680,2.1336
8.6685,2.1387
8.6691,2.1437
8.6696,2.1387
8.6702,2.1336
8.6707,2.1387
8.6713,2.1387
8.6718,2.1387
8.6724,2.1336
8.6729,2.1387
8.6735,2.1387
8.6741,2.1387
8.6746,2.1336
8.6752,2.1387
8.6757,2.1387
8.6763,2.1387
8.6768,2.1387
8.6774,2.1336
8.6780,2.1336
8.6785,2.1437
8.6790,2.1336
8.6796,2.1336
8.6801,2.1336
8.6807,2.1387
8.6812,2.1336
8.6818,2.1336
8.6823,2.1387
8.6829,2.1387
8.6834,2.1387
8.6840,2.1336
8.6845,2.1336
8.6851,2.1387
8.6856,2.1387
8.6862,2.1387
8.6867,2.1387
8.6873,2.1387
8.6878,2.1336
8.6884,2.1286
8.6889,2.1437
8.6895,2.1387
8.6900,2.1387
8.6906,2.1387
8.6911,2.1336
8.6916,2.1336
8.6922,2.1387
8.6927,2.1336
8.6933,2.1387
8.6938,2.1387
8.6944,2.1336
8.6949,2.1387
8.6955,2.1387
8.6960,2.1387
8.6966,2.1336
8.6971,2.1387
8.6977,2.1336
8.6982,2.1387
8.6988,2.1336
8.6993,2.1387
8.6999,2.1437
8.7004,2.1387
8.7010,2.1387
8.7015,2.1336
8.7021,2.1387
8.7026,2.1387
8.7032,2.1387
8.7037,2.1387
8.7043,2.1336
8.7049,2.1387
8.7054,2.1387
8.7060,2.1387
8.7065,2.1387
8.7071,2.1286
8.7076,2.1286
8.7082,2.1336
8.7087,2.1387
8.7093,2.1387
8.7098,2.1387
8.7104,2.1336
8.7109,2.1387
8.7115,2.1387
8.7120,2.1286
8.7126,2.1387
8.7131,2.1336
8.7137,2.1387
8.7142,2.1387
8.7148,2.1387
8.7153,2.1387
8.7159,2.1387
8.7164,2.1387
8.7170,2.1387
8.7175,2.1387
8.7181,2.1336
8.7186,2.1387
8.7192,2.1387
8.7197,2.1387
8.7203,2.1387
8.7208,2.1387
8.7214,2.1336
8.7219,2.1336
8.7225,2.1387
8.7230,2.1336
8.7236,2.1387
8.7241,2.1387
8.7247,2.1336
8.7252,2.1387
8.7258,2.1336
8.7263,2.1387
8.7269,2.1387
8.7274,2.1387
8.7280,2.1336
8.7285,2.1336
8.7291,2.1387
8.7296,2.1387
8.7302,2.1387
8.7307,2.1336
8.7313,2.1336
8.7318,2.1387
8.7324,2.1336
8.7329,2.1387
8.7335,2.1286
8.7340,2.1387
8.7346,2.1387
8.7351,2.1336
8.7357,2.1286
8.7362,2.1387
8.7368,2.1387
8.7373,2.1286
8.7379,2.1336
8.7384,2.1336
8.7390,2.1387
8.7395,2.1387
8.7401,2.1387
8.7406,2.1387
8.7412,2.1286
8.7417,2.1387
8.7423,2.1387
8.7428,2.1387
8.7434,2.1336
8.7439,2.1387
8.7445,2.1336
8.7450,2.1387
8.7456,2.1336
8.7461,2.1286
8.7467,2.1387
8.7472,2.1387
8.7478,2.1387
8.7484,2.1387
8.7489,2.1336
8.7495,2.1387
8.7500,2.1387
8.7506,2.1387
8.7511,2.1387
8.7517,2.1387
8.7522,2.1387
8.7527,2.1387
8.7533,2.1286
8.7538,2.1336
8.7544,2.1336
8.7549,2.1286
8.7555,2.1387
8.7560,2.1387
8.7566,2.1387
8.7572,2.1387
8.7577,2.1387
8.7583,2.1336
8.7588,2.1387
8.7594,2.1387
8.7599,2.1387
8.7605,2.1387
8.7610,2.1387
8.7616,2.1387
8.7621,2.1387
8.7627,2.1387
8.7632,2.1387
8.7638,2.1387
8.7643,2.1387
8.7649,2.1387
8.7654,2.1336
8.7660,2.1387
8.7665,2.1387
8.7671,2.1336
8.7676,2.1336
8.7682,2.1387
8.7687,2.1437
8.7693,2.1387
8.7698,2.1387
8.7704,2.1387
8.7709,2.1336
8.7715,2.1336
8.7720,2.1286
8.7726,2.1437
8.7731,2.1387
8.7737,2.1387
8.7742,2.1336
8.7748,2.1336
8.7753,2.1387
8.7759,2.1387
8.7764,2.1387
8.7770,2.1387
8.7775,2.1387
8.7781,2.1387
8.7786,2.1387
8.7792,2.1387
8.7797,2.1387
8.7803,2.1387
8.7808,2.1387
8.7814,2.1286
8.7819,2.1437
8.7825,2.1387
8.7830,2.1387
8.7836,2.1336
8.7841,2.1336
8.7847,2.1336
8.7852,2.1387
8.7858,2.1286
8.7863,2.1336
8.7869,2.1336
8.7874,2.1286
8.7880,2.1336
8.7885,2.1387
8.7891,2.1387
8.7896,2.1387
8.7902,2.1387
8.7907,2.1387
8.7913,2.1387
8.7918,2.1387
8.7924,2.1286
8.7929,2.1387
8.7935,2.1336
8.7940,2.1387
8.7946,2.1336
8.7951,2.1286
8.7957,2.1336
8.7962,2.1387
8.7968,2.1336
8.7973,2.1387
8.7979,2.1387
8.7984,2.1336
8.7990,2.1387
8.7995,2.1387
8.8001,2.1387
8.8006,2.1387
8.8012,2.1437
8.8017,2.1336
8.8023,2.1387
8.8028,2.1336
8.8034,2.1387
8.8040,2.1387
8.8046,2.1286
8.8053,2.1387
8.8058,2.1336
8.8064,2.1387
8.8070,2.1387
8.8076,2.1336
8.8082,2.1387
8.8088,2.1336
8.8093,2.1387
8.8099,2.1336
8.8105,2.1387
8.8110,2.1387
8.8116,2.1336
8.8122,2.1387
8.8127,2.1387
8.8133,2.1387
8.8139,2.1387
8.8144,2.1387
8.8150,2.1336
8.8155,2.1387
8.8161,2.1387
8.8167,2.1387
8.8173,2.1387
8.8178,2.1387
8.8185,2.1387
8.8190,2.1387
8.8196,2.1336
8.8201,2.1387
8.8207,2.1387
8.8212,2.1286
8.8218,2.1336
8.8224,2.1336
8.8229,2.1336
8.8235,2.1387
8.8240,2.1387
8.8246,2.1387
8.8251,2.1387
8.8257,2.1387
8.8262,2.1387
8.8268,2.1387
8.8273,2.1286
8.8279,2.1336
8.8284,2.1387
8.8289,2.1387
8.8295,2.1286
8.8300,2.1387
8.8306,2.1387
8.8311,2.1336
8.8317,2.1387
8.8322,2.1336
8.8328,2.1336
8.8333,2.1286
8.8339,2.1286
8.8344,2.1336
8.8350,2.1336
8.8355,2.1387
8.8361,2.1336
8.8366,2.1387
8.8372,2.1286
8.8377,2.1387
8.8383,2.1336
8.8388,2.1387
8.8394,2.1336
8.8399,2.1387
8.8405,2.1387
8.8410,2.1336
8.8416,2.1286
8.8421,2.1387
8.8427,2.1286
8.8432,2.1387
8.8438,2.1387
8.8443,2.1387
8.8449,2.1336
8.8454,2.1336
8.8460,2.1387
8.8465,2.1336
8.8471,2.1336
8.8476,2.1437
8.8482,2.1286
8.8487,2.1387
8.8493,2.1387
8.8498,2.1387
8.8504,2.1387
8.8509,2.1387
8.8515,2.1336
8.8520,2.1387
8.8526,2.1387
8.8531,2.1336
8.8536,2.1387
8.8542,2.1336
8.8547,2.1387
8.8553,2.1387
8.8558,2.1336
8.8564,2.1387
8.8569,2.1387
8.8575,2.1387
8.8580,2.1336
8.8586,2.1387
8.8591,2.1387
8.8597,2.1336
8.8602,2.1387
8.8608,2.1387
8.8614,2.1387
8.8619,2.1336
8.8625,2.1387
8.8630,2.1336
8.8636,2.1286
8.8641,2.1387
8.8647,2.1387
8.8652,2.1336
8.8658,2.1387
8.8663,2.1387
8.8669,2.1387
8.8674,2.1336
8.8680,2.1387
8.8685,2.1387
8.8691,2.1387
8.8696,2.1286
8.8701,2.1387
8.8707,2.1336
8.8712,2.1387
8.8718,2.1336
8.8723,2.1286
8.8729,2.1336
8.8734,2.1387
8.8740,2.1387
8.8745,2.1387
8.8751,2.1336
8.8756,2.1387
8.8762,2.1336
8.8767,2.1387
8.8773,2.1387
8.8778,2.1387
8.8784,2.1387
8.8789,2.1387
8.8795,2.1387
8.8800,2.1286
8.8806,2.1336
8.8811,2.1387
8.8817,2.1286
8.8822,2.1437
8.8828,2.1387
8.8833,2.1387
8.8839,2.1336
8.8844,2.1387
8.8850,2.1387
8.8855,2.1387
8.8861,2.1336
8.8866,2.1387
8.8872,2.1387
8.8877,2.1387
8.8883,2.1387
8.8889,2.1387
8.8894,2.1387
8.8899,2.1336
8.8905,2.1336
8.8910,2.1336
8.8916,2.1286
8.8921,2.1387
8.8927,2.1336
8.8932,2.1387
8.8938,2.1387
8.8943,2.1387
8.8949,2.1387
8.8954,2.1387
8.8960,2.1387
8.8965,2.1387
8.8971,2.1387
8.8976,2.1387
8.8982,2.1336
8.8987,2.1336
8.8993,2.1336
8.8998,2.1336
8.9004,2.1387
8.9009,2.1336
8.9015,2.1387
8.9020,2.1336
8.9026,2.1387
8.9031,2.1387
8.9037,2.1336
8.9042,2.1387
8.9048,2.1387
8.9053,2.1387
8.9059,2.1387
8.9064,2.1387
8.9070,2.1336
8.9075,2.1387
8.9081,2.1387
8.9086,2.1286
8.9092,2.1387
8.9097,2.1336
8.9103,2.1387
8.9108,2.1336
8.9114,2.1387
8.9119,2.1437
8.9125,2.1286
8.9130,2.1336
8.9136,2.1336
8.9141,2.1387
8.9147,2.1336
8.9152,2.1336
8.9158,2.1286
8.9163,2.1336
8.9169,2.1387
8.9174,2.1387
8.9180,2.1387
8.9185,2.1387
8.9191,2.1387
8.9196,2.1286
8.9202,2.1387
8.9207,2.1336
8.9213,2.1387
8.9218,2.1336
8.9224,2.1387
8.9229,2.1336
8.9235,2.1387
8.9240,2.1336
8.9246,2.1387
8.9251,2.1286
8.9257,2.1387
8.9262,2.1336
8.9268,2.1336
8.9273,2.1387
8.9279,2.1387
8.9284,2.1437
8.9290,2.1336
8.9295,2.1387
8.9301,2.1387
8.9306,2.1387
8.9312,2.1336
8.9317,2.1336
8.9323,2.1387
8.9328,2.1387
8.9334,2.1336
8.9339,2.1387
8.9345,2.1286
8.9350,2.1387
8.9356,2.1336
8.9361,2.1336
8.9367,2.1336
8.9373,2.1387
8.9378,2.1286
8.9383,2.1286
8.9389,2.1387
8.9394,2.1336
8.9400,2.1336
8.9405,2.1387
8.9411,2.1387
8.9416,2.1336
8.9422,2.1286
8.9427,2.1286
8.9433,2.1336
8.9438,2.1387
8.9444,2.1387
8.9449,2.1336
8.9455,2.1387
8.9460,2.1387
8.9466,2.1336
8.9472,2.1387
8.9477,2.1336
8.9483,2.1336
8.9488,2.1387
8.9494,2.1387
8.9499,2.1286
8.9505,2.1387
8.9510,2.1387
8.9516,2.1336
8.9521,2.1387
8.9527,2.1387
8.9532,2.1387
8.9538,2.1387
8.9543,2.1387
8.9549,2.1387
8.9554,2.1387
8.9560,2.1387
8.9565,2.1336
8.9571,2.1387
8.9576,2.1387
8.9582,2.1387
8.9587,2.1387
8.9593,2.1387
8.9598,2.1387
8.9604,2.1336
8.9609,2.1387
8.9615,2.1336
8.9620,2.1387
8.9626,2.1387
8.9631,2.1336
8.9637,2.1387
8.9642,2.1336
8.9648,2.1336
8.9653,2.1387
8.9659,2.1387
8.9664,2.1387
8.9670,2.1387
8.9675,2.1387
8.9681,2.1387
8.9686,2.1387
8.9692,2.1437
8.9697,2.1387
8.9703,2.1336
8.9708,2.1387
8.9714,2.1387
8.9719,2.1387
8.9725,2.1336
8.9730,2.1387
8.9736,2.1336
8.9741,2.1286
8.9747,2.1387
8.9752,2.1336
8.9758,2.1286
8.9763,2.1336
8.9769,2.1387
8.9774,2.1336
8.9780,2.1387
8.9785,2.1387
8.9791,2.1336
8.9796,2.1387
8.9802,2.1336
8.9807,2.1387
8.9813,2.1336
8.9818,2.1387
8.9824,2.1387
8.9829,2.1387
8.9835,2.1387
8.9840,2.1387
8.9846,2.1387
8.9851,2.1336
8.9857,2.1387
8.9862,2.1336
8.9868,2.1387
8.9873,2.1387
8.9879,2.1387
8.9884,2.1336
8.9890,2.1387
8.9895,2.1437
8.9901,2.1387
8.9906,2.1387
8.9912,2.1336
8.9918,2.1286
8.9923,2.1387
8.9929,2.1336
8.9935,2.1336
8.9941,2.1286
8.9947,2.1387
8.9953,2.1387
8.9959,2.1336
8.9964,2.1336
8.9970,2.1387
8.9976,2.1387
8.9981,2.1387
8.9987,2.1387
8.9992,2.1286
8.9998,2.1387
9.0004,2.1336
9.0009,2.1387
9.0015,2.1336
9.0021,2.1336
9.0026,2.1336
9.0032,2.1336
9.0037,2.1387
9.0043,2.1387
9.0048,2.1336
9.0054,2.1387
9.0059,2.1387
9.0065,2.1336
9.0070,2.1387
9.0076,2.1387
9.0082,2.1387
9.0087,2.1387
9.0093,2.1387
9.0098,2.1336
9.0104,2.1387
9.0110,2.1387
9.0116,2.1336
9.0121,2.1387
9.0127,2.1437
9.0133,2.1336
9.0138,2.1336
9.0144,2.1387
9.0150,2.1387
9.0156,2.1387
9.0162,2.1387
9.0167,2.1336
9.0173,2.1336
9.0179,2.1336
9.0185,2.1235
9.0190,2.1336
9.0196,2.1387
9.0202,2.1387
9.0207,2.1387
9.0213,2.1336
9.0218,2.1336
9.0224,2.1387
9.0229,2.1387
9.0235,2.1336
9.0240,2.1387
9.0246,2.1387
9.0251,2.1336
9.0257,2.1387
9.0262,2.1387
9.0268,2.1387
9.0273,2.1387
9.0279,2.1387
9.0284,2.1387
9.0290,2.1387
9.0295,2.1387
9.0301,2.1387
9.0307,2.1336
9.0312,2.1387
9.0318,2.1387
9.0323,2.1336
9.0329,2.1387
9.0334,2.1336
9.0340,2.1387
9.0345,2.1387
9.0351,2.1387
9.0356,2.1336
9.0362,2.1286
9.0367,2.1336
9.0373,2.1387
9.0378,2.1336
9.0384,2.1387
9.0389,2.1387
9.0395,2.1387
9.0401,2.1336
9.0406,2.1387
9.0412,2.1387
9.0417,2.1387
9.0423,2.1387
9.0429,2.1387
9.0434,2.1387
9.0440,2.1336
9.0445,2.1387
9.0451,2.1387
9.0456,2.1387
9.0461,2.1387
9.0467,2.1336
9.0473,2.1336
9.0478,2.1387
9.0484,2.1387
9.0489,2.1387
9.0495,2.1387
9.0500,2.1336
9.0506,2.1387
9.0511,2.1387
9.0517,2.1387
9.0522,2.1336
9.0528,2.1387
9.0533,2.1336
9.0539,2.1387
9.0544,2.1336
9.0550,2.1387
9.0555,2.1387
9.0561,2.1336
9.0566,2.1387
9.0572,2.1387
9.0577,2.1336
9.0583,2.1336
9.0588,2.1387
9.0594,2.1387
9.0599,2.1336
9.0605,2.1387
9.0610,2.1336
9.0616,2.1387
9.0621,2.1387
9.0627,2.1387
9.0632,2.1336
9.0638,2.1336
9.0643,2.1387
9.0649,2.1336
9.0654,2.1336
9.0660,2.1387
9.0665,2.1387
9.0671,2.1336
9.0676,2.1336
9.0682,2.1387
9.0687,2.1336
9.0692,2.1387
9.0698,2.1387
9.0703,2.1336
9.0709,2.1387
9.0714,2.1387
9.0720,2.1336
9.0725,2.1387
9.0731,2.1286
9.0736,2.1387
9.0742,2.1336
9.0747,2.1387
9.0753,2.1387
9.0758,2.1336
9.0764,2.1286
9.0769,2.1387
9.0775,2.1387
9.0780,2.1387
9.0786,2.1387
9.0791,2.1336
9.0797,2.1336
9.0802,2.1286
9.0808,2.1387
9.0813,2.1336
9.0819,2.1387
9.0824,2.1387
9.0830,2.1336
9.0835,2.1437
9.0841,2.1286
9.0846,2.1387
9.0852,2.1336
9.0857,2.1336
9.0863,2.1387
9.0869,2.1336
9.0874,2.1387
9.0880,2.1387
9.0885,2.1387
9.0890,2.1387
9.0896,2.1387
9.0901,2.1286
9.0907,2.1336
9.0912,2.1387
9.0918,2.1336
9.0923,2.1336
9.0929,2.1336
9.0934,2.1336
9.0940,2.1336
9.0945,2.1387
9.0951,2.1387
9.0956,2.1336
9.0961,2.1387
9.0967,2.1387
9.0972,2.1387
9.0978,2.1387
9.0983,2.1336
9.0989,2.1387
9.0995,2.1336
9.1000,2.1387
9.1006,2.1387
9.1011,2.1387
9.1017,2.1387
9.1022,2.1387
9.1028,2.1387
9.1033,2.1387
9.1039,2.1286
9.1044,2.1286
9.1050,2.1387
9.1055,2.1336
9.1061,2.1387
9.1066,2.1336
9.1072,2.1387
9.1078,2.1387
9.1083,2.1387
9.1089,2.1336
9.1094,2.1387
9.1099,2.1336
9.1105,2.1387
9.1110,2.1387
9.1116,2.1336
9.1121,2.1387
9.1127,2.1387
9.1132,2.1387
9.1138,2.1387
9.1143,2.1336
9.1149,2.1387
9.1154,2.1336
9.1160,2.1387
9.1165,2.1387
9.1171,2.1336
9.1176,2.1286
9.1182,2.1336
9.1187,2.1387
9.1193,2.1387
9.1198,2.1286
9.1204,2.1387
9.1209,2.1387
9.1215,2.1286
9.1220,2.1387
9.1226,2.1387
9.1231,2.1437
9.1237,2.1387
9.1242,2.1387
9.1248,2.1336
9.1253,2.1387
9.1259,2.1336
9.1264,2.1336
9.1270,2.1387
9.1275,2.1336
9.1281,2.1387
9.1286,2.1387
9.1292,2.1387
9.1297,2.1336
9.1303,2.1437
9.1308,2.1336
9.1314,2.1387
9.1319,2.1387
9.1325,2.1336
9.1330,2.1336
9.1336,2.1387
9.1341,2.1387
9.1347,2.1387
9.1352,2.1387
9.1358,2.1387
9.1363,2.1387
9.1369,2.1336
9.1374,2.1336
9.1380,2.1387
9.1385,2.1336
9.1391,2.1387
9.1396,2.1336
9.1402,2.1286
9.1407,2.1387
9.1413,2.1336
9.1418,2.1286
9.1424,2.1336
9.1429,2.1387
9.1435,2.1387
9.1440,2.1387
9.1446,2.1387
9.1451,2.1336
9.1457,2.1336
9.1462,2.1336
9.1468,2.1387
9.1473,2.1387
9.1479,2.1387
9.1484,2.1387
9.1490,2.1286
9.1495,2.1387
9.1501,2.1336
9.1506,2.1387
9.1512,2.1387
9.1517,2.1387
9.1523,2.1336
9.1528,2.1336
9.1534,2.1336
9.1539,2.1387
9.1545,2.1387
9.1550,2.1387
9.1556,2.1387
9.1561,2.1336
9.1567,2.1336
9.1572,2.1387
9.1578,2.1336
9.1583,2.1336
9.1589,2.1387
9.1594,2.1387
9.1600,2.1387
9.1605,2.1336
9.1611,2.1286
9.1616,2.1387
9.1622,2.1387
9.1627,2.1336
9.1633,2.1286
9.1638,2.1387
9.1644,2.1336
9.1649,2.1387
9.1655,2.1387
9.1660,2.1336
9.1666,2.1387
9.1671,2.1336
9.1677,2.1387
9.1682,2.1387
9.1688,2.1387
9.1693,2.1387
9.1699,2.1387
9.1704,2.1336
9.1710,2.1387
9.1715,2.1336
9.1721,2.1387
9.1726,2.1387
9.1732,2.1387
9.1737,2.1336
9.1743,2.1387
9.1748,2.1387
9.1754,2.1387
9.1759,2.1387
9.1765,2.1336
9.1770,2.1336
9.1776,2.1387
9.1781,2.1336
9.1787,2.1336
9.1792,2.1387
9.1798,2.1387
9.1803,2.1387
9.1809,2.1336
9.1814,2.1387
9.1820,2.1336
9.1825,2.1387
9.1831,2.1387
9.1836,2.1387
9.1842,2.1336
9.1847,2.1387
9.1853,2.1387
9.1858,2.1336
9.1864,2.1387
9.1870,2.1336
9.1875,2.1387
9.1881,2.1336
9.1886,2.1387
9.1892,2.1387
9.1897,2.1336
9.1902,2.1336
9.1908,2.1387
9.1913,2.1387
9.1919,2.1336
9.1924,2.1387
9.1930,2.1387
9.1935,2.1387
9.1941,2.1286
9.1946,2.1387
9.1952,2.1387
9.1957,2.1387
9.1963,2.1336
9.1969,2.1336
9.1974,2.1387
9.1980,2.1387
9.1985,2.1387
9.1991,2.1387
9.1996,2.1336
9.2002,2.1336
9.2007,2.1437
9.2013,2.1387
9.2018,2.1336
9.2024,2.1336
9.2029,2.1336
9.2034,2.1387
9.2040,2.1387
9.2045,2.1387
9.2051,2.1387
9.2056,2.1387
9.2062,2.1387
9.2068,2.1387
9.2073,2.1286
9.2079,2.1387
9.2084,2.1286
9.2090,2.1387
9.2095,2.1387
9.2101,2.1286
9.2106,2.1336
9.2112,2.1336
9.2117,2.1336
9.2123,2.1336
9.2128,2.1387
9.2134,2.1336
9.2139,2.1336
9.2145,2.1336
9.2150,2.1387
9.2156,2.1387
9.2161,2.1387
9.2167,2.1336
9.2172,2.1387
9.2178,2.1336
9.2183,2.1336
9.2189,2.1387
9.2194,2.1336
9.2200,2.1336
9.2205,2.1286
9.2211,2.1336
9.2216,2.1387
9.2222,2.1336
9.2227,2.1387
9.2233,2.1387
9.2238,2.1336
9.2244,2.1387
9.2249,2.1387
9.2255,2.1387
9.2260,2.1387
9.2266,2.1286
9.2271,2.1387
9.2277,2.1437
9.2282,2.1286
9.2288,2.1336
9.2293,2.1387
9.2299,2.1336
9.2304,2.1387
9.2310,2.1387
9.2315,2.1387
9.2321,2.1336
9.2326,2.1336
9.2332,2.1387
9.2337,2.1387
9.2343,2.1387
9.2348,2.1387
9.2354,2.1336
9.2359,2.1387
9.2365,2.1387
9.2370,2.1387
9.2376,2.1336
9.2381,2.1336
9.2387,2.1336
9.2393,2.1336
9.2398,2.1387
9.2404,2.1387
9.2409,2.1437
9.2415,2.1336
9.2420,2.1336
9.2426,2.1387
9.2431,2.1336
9.2437,2.1336
9.2442,2.1387
9.2448,2.1286
9.2453,2.1387
9.2459,2.1336
9.2464,2.1336
9.2470,2.1387
9.2475,2.1336
9.2481,2.1387
9.2486,2.1336
9.2492,2.1387
9.2497,2.1387
9.2503,2.1387
9.2508,2.1387
9.2514,2.1387
9.2519,2.1387
9.2525,2.1336
9.2530,2.1387
9.2536,2.1336
9.2541,2.1387
9.2547,2.1387
9.2552,2.1336
9.2558,2.1286
9.2563,2.1387
9.2569,2.1387
9.2574,2.1336
9.2580,2.1336
9.2585,2.1336
9.2591,2.1336
9.2596,2.1387
9.2602,2.1336
9.2607,2.1387
9.2613,2.1387
9.2618,2.1387
9.2624,2.1387
9.2629,2.1336
9.2635,2.1336
9.2640,2.1387
9.2646,2.1336
9.2651,2.1336
9.2657,2.1286
9.2662,2.1387
9.2668,2.1286
9.2673,2.1387
9.2679,2.1387
9.2684,2.1387
9.2690,2.1387
9.2695,2.1336
9.2701,2.1387
9.2706,2.1387
9.2712,2.1387
9.2717,2.1387
9.2723,2.1387
9.2728,2.1336
9.2734,2.1387
9.2739,2.1387
9.2745,2.1336
9.2750,2.1387
9.2756,2.1387
9.2761,2.1336
9.2767,2.1387
9.2772,2.1387
9.2778,2.1437
9.2783,2.1387
9.2789,2.1387
9.2794,2.1336
9.2799,2.1387
9.2805,2.1286
9.2810,2.1336
9.2816,2.1387
9.2821,2.1336
9.2827,2.1336
9.2832,2.1336
9.2838,2.1387
9.2843,2.1387
9.2849,2.1336
9.2854,2.1387
9.2860,2.1387
9.2865,2.1387
9.2871,2.1387
9.2876,2.1336
9.2882,2.1387
9.2887,2.1336
9.2893,2.1387
9.2898,2.1387
9.2904,2.1387
9.2909,2.1286
9.2915,2.1387
9.2920,2.1336
9.2926,2.1387
9.2931,2.1387
9.2937,2.1387
9.2942,2.1336
9.2948,2.1387
9.2953,2.1387
9.2959,2.1387
9.2964,2.1387
9.2970,2.1336
9.2975,2.1286
9.2981,2.1387
9.2986,2.1336
9.2992,2.1336
9.2997,2.1336
9.3003,2.1387
9.3008,2.1387
9.3014,2.1387
9.3019,2.1336
9.3025,2.1437
9.3030,2.1336
9.3036,2.1387
9.3041,2.1336
9.3047,2.1336
9.3052,2.1387
9.3058,2.1387
9.3063,2.1336
9.3069,2.1387
9.3074,2.1336
9.3080,2.1336
9.3086,2.1387
9.3091,2.1286
9.3097,2.1387
9.3102,2.1387
9.3108,2.1387
9.3113,2.1336
9.3119,2.1387
9.3124,2.1387
9.3129,2.1387
9.3135,2.1387
9.3140,2.1336
9.3146,2.1336
9.3151,2.1387
9.3157,2.1387
9.3162,2.1336
9.3168,2.1387
9.3173,2.1387
9.3179,2.1387
9.3184,2.1286
9.3190,2.1387
9.3195,2.1336
9.3201,2.1336
9.3206,2.1336
9.3212,2.1286
9.3217,2.1336
9.3223,2.1387
9.3228,2.1336
9.3234,2.1286
9.3239,2.1437
9.3245,2.1387
9.3250,2.1387
9.3256,2.1336
9.3261,2.1286
9.3267,2.1387
9.3272,2.1387
9.3278,2.1336
9.3283,2.1336
9.3289,2.1387
9.3294,2.1387
9.3300,2.1336
9.3305,2.1387
9.3311,2.1336
9.3316,2.1387
9.3322,2.1387
9.3327,2.1387
9.3333,2.1387
9.3338,2.1387
9.3344,2.1387
9.3349,2.1387
9.3355,2.1387
9.3360,2.1387
9.3366,2.1387
9.3371,2.1336
9.3377,2.1387
9.3382,2.1387
9.3388,2.1286
9.3393,2.1336
9.3399,2.1387
9.3404,2.1387
9.3410,2.1437
9.3415,2.1336
9.3421,2.1387
9.3426,2.1387
9.3432,2.1387
9.3437,2.1286
9.3443,2.1387
9.3448,2.1336
9.3454,2.1336
9.3459,2.1336
9.3465,2.1387
9.3470,2.1387
9.3476,2.1387
9.3481,2.1387
9.3487,2.1387
9.3492,2.1387
9.3498,2.1387
9.3503,2.1387
9.3509,2.1336
9.3514,2.1387
9.3520,2.1286
9.3525,2.1336
9.3531,2.1387
9.3536,2.1286
9.3542,2.1336
9.3547,2.1336
9.3553,2.1387
9.3558,2.1336
9.3564,2.1387
9.3569,2.1336
9.3575,2.1336
9.3580,2.1387
9.3586,2.1387
9.3591,2.1387
9.3597,2.1336
9.3602,2.1336
9.3608,2.1437
9.3613,2.1286
9.3619,2.1387
9.3624,2.1336
9.3630,2.1387
9.3635,2.1336
9.3641,2.1286
9.3646,2.1286
9.3652,2.1387
9.3657,2.1336
9.3663,2.1387
9.3669,2.1336
9.3674,2.1387
9.3680,2.1387
9.3685,2.1336
9.3691,2.1387
9.3696,2.1336
9.3702,2.1387
9.3707,2.1336
9.3713,2.1336
9.3718,2.1286
9.3724,2.1387
9.3729,2.1387
9.3735,2.1336
9.3740,2.1387
9.3745,2.1286
9.3751,2.1387
9.3756,2.1336
9.3762,2.1387
9.3768,2.1387
9.3773,2.1336
9.3779,2.1387
9.3784,2.1387
9.3790,2.1387
9.3795,2.1336
9.3801,2.1387
9.3806,2.1336
9.3812,2.1336
9.3817,2.1336
9.3823,2.1387
9.3828,2.1387
9.3834,2.1286
9.3839,2.1387
9.3845,2.1336
9.3850,2.1336
9.3856,2.1387
9.3861,2.1336
9.3867,2.1387
9.3872,2.1336
9.3878,2.1387
9.3883,2.1387
9.3889,2.1387
9.3894,2.1336
9.3900,2.1336
9.3905,2.1286
9.3911,2.1387
9.3916,2.1387
9.3922,2.1387
9.3927,2.1336
9.3933,2.1336
9.3938,2.1437
9.3944,2.1286
9.3949,2.1336
9.3955,2.1387
9.3960,2.1387
9.3966,2.1387
9.3971,2.1336
9.3977,2.1286
9.3982,2.1336
9.3988,2.1387
9.3993,2.1387
9.3999,2.1336
9.4004,2.1336
9.4010,2.1336
9.4015,2.1336
9.4021,2.1336
9.4027,2.1336
9.4033,2.1336
9.4039,2.1387
9.4045,2.1286
9.4050,2.1387
9.4056,2.1286
9.4062,2.1387
9.4068,2.1387
9.4074,2.1387
9.4079,2.1387
9.4085,2.1336
9.4091,2.1336
9.4097,2.1286
9.4111,2.1336
9.4117,2.1336
9.4122,2.1387
9.4128,2.1387
9.4133,2.1387
9.4140,2.1387
9.4145,2.1387
9.4151,2.1387
9.4156,2.1387
9.4162,2.1387
9.4167,2.1387
9.4173,2.1336
9.4178,2.1387
9.4184,2.1336
9.4189,2.1336
9.4195,2.1387
9.4201,2.1336
9.4206,2.1387
9.4212,2.1336
9.4217,2.1336
9.4223,2.1387
9.4228,2.1336
9.4234,2.1336
9.4239,2.1336
9.4245,2.1387
9.4250,2.1387
9.4256,2.1387
9.4261,2.1286
9.4266,2.1387
9.4272,2.1387
9.4277,2.1387
9.4283,2.1387
9.4288,2.1437
9.4294,2.1336
9.4299,2.1387
9.4305,2.1387
9.4310,2.1387
9.4316,2.1387
9.4321,2.1286
9.4327,2.1336
9.4332,2.1336
9.4337,2.1336
9.4343,2.1336
9.4348,2.1387
9.4354,2.1336
9.4360,2.1336
9.4365,2.1336
9.4371,2.1387
9.4376,2.1387
9.4382,2.1336
9.4387,2.1387
9.4392,2.1286
9.4398,2.1387
9.4403,2.1336
9.4409,2.1387
9.4414,2.1387
9.4420,2.1387
9.4425,2.1387
9.4431,2.1387
9.4436,2.1336
9.4442,2.1387
9.4447,2.1286
9.4452,2.1387
9.4458,2.1286
9.4463,2.1387
9.4469,2.1387
9.4474,2.1387
9.4480,2.1336
9.4485,2.1336
9.4491,2.1387
9.4497,2.1387
9.4502,2.1336
9.4507,2.1387
9.4513,2.1336
9.4518,2.1336
9.4524,2.1336
9.4529,2.1336
9.4535,2.1387
9.4540,2.1336
9.4546,2.1387
9.4551,2.1387
9.4557,2.1336
9.4562,2.1387
9.4568,2.1387
9.4573,2.1387
9.4579,2.1336
9.4584,2.1336
9.4590,2.1387
9.4595,2.1387
9.4600,2.1336
9.4606,2.1336
9.4611,2.1336
9.4617,2.1387
9.4622,2.1387
9.4628,2.1387
9.4633,2.1387
9.4639,2.1286
9.4644,2.1387
9.4650,2.1387
9.4655,2.1387
9.4661,2.1387
9.4666,2.1336
9.4672,2.1336
9.4677,2.1336
9.4683,2.1286
9.4688,2.1387
9.4694,2.1336
9.4699,2.1437
9.4705,2.1286
9.4710,2.1387
9.4716,2.1437
9.4721,2.1387
9.4727,2.1437
9.4732,2.1387
9.4737,2.1336
9.4743,2.1387
9.4748,2.1336
9.4754,2.1387
9.4759,2.1336
9.4765,2.1387
9.4771,2.1387
9.4776,2.1336
9.4782,2.1387
9.4787,2.1387
9.4792,2.1336
9.4798,2.1336
9.4803,2.1387
9.4809,2.1336
9.4814,2.1387
9.4820,2.1387
9.4825,2.1387
9.4831,2.1336
9.4836,2.1387
9.4842,2.1437
9.4847,2.1336
9.4853,2.1387
9.4858,2.1387
9.4864,2.1336
9.4869,2.1387
9.4875,2.1336
9.4880,2.1387
9.4886,2.1336
9.4891,2.1286
9.4896,2.1336
9.4902,2.1387
9.4907,2.1387
9.4913,2.1387
9.4919,2.1387
9.4924,2.1387
9.4930,2.1336
9.4936,2.1387
9.4942,2.1336
9.4947,2.1387
9.4953,2.1387
9.4959,2.1387
9.4965,2.1286
9.4970,2.1336
9.4976,2.1387
9.4981,2.1286
9.4987,2.1387
9.4993,2.1387
9.4998,2.1387
9.5004,2.1387
9.5009,2.1387
9.5015,2.1387
9.5021,2.1387
9.5026,2.1387
9.5032,2.1336
9.5037,2.1387
9.5043,2.1286
9.5048,2.1387
9.5054,2.1387
9.5059,2.1336
9.5065,2.1387
9.5070,2.1336
9.5076,2.1286
9.5081,2.1336
9.5087,2.1286
9.5094,2.1336
9.5099,2.1387
9.5105,2.1387
9.5110,2.1336
9.5116,2.1437
9.5122,2.1336
9.5128,2.1387
9.5133,2.1336
9.5139,2.1387
9.5144,2.1336
9.5150,2.1387
9.5155,2.1286
9.5161,2.1286
9.5174,2.1387
9.5180,2.1286
9.5185,2.1387
9.5191,2.1437
9.5196,2.1387
9.5202,2.1336
9.5208,2.1387
9.5213,2.1336
9.5219,2.1336
9.5224,2.1387
9.5229,2.1336
9.5235,2.1387
9.5240,2.1336
9.5246,2.1387
9.5251,2.1387
9.5256,2.1387
9.5262,2.1387
9.5267,2.1387
9.5273,2.1387
9.5278,2.1336
9.5283,2.1387
9.5289,2.1336
9.5294,2.1336
9.5300,2.1387
9.5305,2.1286
9.5310,2.1286
9.5316,2.1387
9.5321,2.1387
9.5327,2.1387
9.5332,2.1286
9.5337,2.1387
9.5343,2.1387
9.5348,2.1336
9.5354,2.1387
9.5359,2.1387
9.5365,2.1336
9.5370,2.1387
9.5376,2.1336
9.5381,2.1336
9.5387,2.1387
9.5392,2.1336
9.5397,2.1336
9.5403,2.1286
9.5408,2.1387
9.5414,2.1336
9.5419,2.1387
9.5424,2.1336
9.5430,2.1286
9.5435,2.1387
9.5441,2.1336
9.5446,2.1387
9.5451,2.1387
9.5457,2.1387
9.5462,2.1336
9.5468,2.1387
9.5473,2.1286
9.5478,2.1387
9.5484,2.1336
9.5489,2.1336
9.5495,2.1286
9.5500,2.1387
9.5505,2.1387
9.5511,2.1336
9.5516,2.1387
9.5522,2.1387
9.5527,2.1336
9.5532,2.1387
9.5538,2.1336
9.5543,2.1387
9.5549,2.1387
9.5554,2.1387
9.5559,2.1437
9.5565,2.1336
9.5570,2.1387
9.5576,2.1387
9.5581,2.1286
9.5587,2.1286
9.5592,2.1387
9.5597,2.1286
9.5603,2.1336
9.5608,2.1387
9.5614,2.1387
9.5619,2.1387
9.5624,2.1387
9.5630,2.1336
9.5635,2.1336
9.5641,2.1336
9.5646,2.1286
9.5651,2.1336
9.5657,2.1387
9.5662,2.1336
9.5668,2.1387
9.5673,2.1336
9.5678,2.1286
9.5684,2.1336
9.5689,2.1336
9.5695,2.1336
9.5700,2.1336
9.5705,2.1286
9.5711,2.1336
9.5716,2.1387
9.5722,2.1387
9.5727,2.1387
9.5732,2.1336
9.5738,2.1336
9.5743,2.1387
9.5749,2.1387
9.5754,2.1336
9.5759,2.1387
9.5765,2.1286
9.5770,2.1336
9.5776,2.1387
9.5781,2.1336
9.5787,2.1387
9.5792,2.1387
9.5798,2.1387
9.5803,2.1387
9.5808,2.1387
9.5814,2.1336
9.5819,2.1387
9.5825,2.1336
9.5830,2.1336
9.5836,2.1336
9.5841,2.1336
9.5846,2.1336
9.5852,2.1387
9.5857,2.1387
9.5874,2.1437
9.5880,2.1387
9.5886,2.1336
9.5891,2.1336
9.5897,2.1387
9.5902,2.1336
9.5908,2.1387
9.5913,2.1387
9.5918,2.1387
9.5924,2.1387
9.5929,2.1387
9.5935,2.1387
9.5940,2.1336
9.5945,2.1387
9.5951,2.1387
9.5956,2.1336
9.5962,2.1387
9.5967,2.1387
9.5973,2.1387
9.5978,2.1387
9.5983,2.1387
9.5989,2.1387
9.5994,2.1336
9.6000,2.1286
9.6005,2.1387
9.6010,2.1387
9.6016,2.1387
9.6021,2.1387
9.6027,2.1336
9.6032,2.1387
9.6037,2.1336
9.6043,2.1336
9.6049,2.1336
9.6054,2.1387
9.6059,2.1387
9.6065,2.1387
9.6070,2.1336
9.6076,2.1336
9.6081,2.1387
9.6086,2.1336
9.6092,2.1336
9.6098,2.1387
9.6104,2.1387
9.6109,2.1387
9.6115,2.1336
9.6120,2.1387
9.6126,2.1286
9.6131,2.1336
9.6137,2.1387
9.6142,2.1387
9.6148,2.1387
9.6153,2.1387
9.6159,2.1336
9.6164,2.1387
9.6170,2.1437
9.6175,2.1336
9.6181,2.1387
9.6186,2.1437
9.6192,2.1387
9.6197,2.1387
9.6202,2.1336
9.6208,2.1336
9.6213,2.1336
9.6219,2.1336
9.6224,2.1336
9.6230,2.1286
9.6235,2.1387
9.6241,2.1387
9.6246,2.1387
9.6252,2.1387
9.6257,2.1336
9.6263,2.1387
9.6269,2.1336
9.6275,2.1336
9.6280,2.1387
9.6286,2.1336
9.6291,2.1387
9.6297,2.1387
9.6302,2.1387
9.6308,2.1336
9.6313,2.1387
9.6319,2.1336
9.6324,2.1336
9.6330,2.1387
9.6335,2.1387
9.6341,2.1336
9.6346,2.1336
9.6352,2.1387
9.6357,2.1387
9.6362,2.1437
9.6368,2.1336
9.6373,2.1387
9.6379,2.1336
9.6384,2.1387
9.6390,2.1336
9.6395,2.1387
9.6401,2.1336
9.6406,2.1387
9.6412,2.1387
9.6417,2.1387
9.6423,2.1286
9.6428,2.1336
9.6434,2.1387
9.6439,2.1387
9.6445,2.1387
9.6450,2.1336
9.6456,2.1387
9.6461,2.1387
9.6467,2.1336
9.6472,2.1387
9.6478,2.1387
9.6483,2.1387
9.6489,2.1387
9.6494,2.1387
9.6500,2.1286
9.6505,2.1286
9.6511,2.1336
9.6516,2.1387
9.6522,2.1387
9.6527,2.1387
9.6533,2.1336
9.6538,2.1387
9.6544,2.1387
9.6549,2.1387
9.6555,2.1336
9.6560,2.1336
9.6566,2.1387
9.6571,2.1387
9.6577,2.1387
9.6582,2.1387
9.6588,2.1336
9.6593,2.1336
9.6599,2.1387
9.6605,2.1387
9.6610,2.1336
9.6616,2.1336
9.6621,2.1387
9.6627,2.1336
9.6632,2.1387
9.6638,2.1387
9.6643,2.1336
9.6649,2.1387
9.6654,2.1336
9.6660,2.1387
9.6665,2.1387
9.6676,2.1387
9.6681,2.1387
9.6687,2.1387
9.6692,2.1387
9.6698,2.1387
9.6703,2.1387
9.6709,2.1387
9.6714,2.1336
9.6720,2.1387
9.6725,2.1336
9.6730,2.1336
9.6736,2.1387
9.6741,2.1336
9.6747,2.1387
9.6752,2.1387
9.6758,2.1387
9.6763,2.1286
9.6769,2.1387
9.6774,2.1336
9.6780,2.1336
9.6785,2.1387
9.6791,2.1336
9.6796,2.1336
9.6802,2.1286
9.6807,2.1387
9.6812,2.1387
9.6818,2.1437
9.6823,2.1387
9.6829,2.1387
9.6834,2.1437
9.6840,2.1336
9.6845,2.1336
9.6851,2.1336
9.6856,2.1387
9.6862,2.1336
9.6867,2.1387
9.6873,2.1387
9.6878,2.1336
9.6883,2.1437
9.6889,2.1387
9.6894,2.1387
9.6900,2.1387
9.6905,2.1336
9.6911,2.1387
9.6916,2.1336
9.6922,2.1387
9.6927,2.1336
9.6933,2.1286
9.6938,2.1336
9.6944,2.1286
9.6949,2.1387
9.6955,2.1387
9.6960,2.1387
9.6966,2.1387
9.6971,2.1286
9.6976,2.1387
9.6982,2.1387
9.6987,2.1336
9.6993,2.1387
9.6998,2.1387
9.7004,2.1387
9.7009,2.1387
9.7015,2.1387
9.7020,2.1387
9.7026,2.1336
9.7031,2.1387
9.7036,2.1387
9.7042,2.1387
9.7047,2.1387
9.7053,2.1336
9.7058,2.1336
9.7064,2.1387
9.7069,2.1336
9.7075,2.1286
9.7080,2.1387
9.7086,2.1336
9.7091,2.1387
9.7097,2.1387
9.7103,2.1336
9.7108,2.1336
9.7114,2.1387
9.7119,2.1387
9.7125,2.1387
9.7130,2.1387
9.7136,2.1286
9.7141,2.1387
9.7147,2.1387
9.7152,2.1336
9.7158,2.1387
9.7163,2.1387
9.7169,2.1387
9.7174,2.1336
9.7180,2.1387
9.7185,2.1387
9.7191,2.1336
9.7196,2.1387
9.7202,2.1387
9.7207,2.1387
9.7213,2.1336
9.7218,2.1336
9.7224,2.1387
9.7229,2.1336
9.7235,2.1387
9.7240,2.1387
9.7246,2.1387
9.7251,2.1336
9.7257,2.1336
9.7262,2.1387
9.7268,2.1387
9.7273,2.1387
9.7279,2.1387
9.7284,2.1387
9.7290,2.1387
9.7295,2.1336
9.7301,2.1387
9.7307,2.1387
9.7312,2.1336
9.7318,2.1387
9.7323,2.1336
9.7329,2.1387
9.7334,2.1387
9.7340,2.1387
9.7345,2.1387
9.7351,2.1387
9.7356,2.1387
9.7362,2.1336
9.7367,2.1336
9.7373,2.1286
9.7378,2.1387
9.7384,2.1387
9.7389,2.1286
9.7395,2.1387
9.7400,2.1387
9.7406,2.1336
9.7411,2.1387
9.7417,2.1387
9.7422,2.1336
9.7428,2.1437
9.7433,2.1336
9.7439,2.1387
9.7444,2.1387
9.7450,2.1336
9.7455,2.1387
9.7461,2.1387
9.7466,2.1336
9.7472,2.1387
9.7477,2.1336
9.7483,2.1387
9.7488,2.1387
9.7494,2.1387
9.7499,2.1387
9.7505,2.1336
9.7510,2.1437
9.7516,2.1387
9.7521,2.1387
9.7527,2.1336
9.7532,2.1387
9.7538,2.1336
9.7543,2.1387
9.7548,2.1387
9.7554,2.1336
9.7559,2.1387
9.7565,2.1387
9.7571,2.1336
9.7576,2.1387
9.7582,2.1387
9.7587,2.1336
9.7593,2.1336
9.7598,2.1387
9.7604,2.1387
9.7609,2.1336
9.7615,2.1336
9.7620,2.1387
9.7626,2.1387
9.7631,2.1387
9.7637,2.1336
9.7642,2.1387
9.7648,2.1286
9.7653,2.1336
9.7658,2.1336
9.7664,2.1336
9.7669,2.1336
9.7675,2.1336
9.7680,2.1336
9.7686,2.1387
9.7691,2.1286
9.7697,2.1387
9.7702,2.1286
9.7708,2.1336
9.7713,2.1387
9.7719,2.1286
9.7724,2.1336
9.7730,2.1286
9.7735,2.1387
9.7741,2.1387
9.7746,2.1387
9.7752,2.1387
9.7757,2.1336
9.7763,2.1387
9.7768,2.1336
9.7774,2.1336
9.7779,2.1387
9.7785,2.1286
9.7790,2.1387
9.7796,2.1387
9.7801,2.1387
9.7807,2.1336
9.7812,2.1387
9.7818,2.1286
9.7823,2.1387
9.7829,2.1336
9.7834,2.1336
9.7840,2.1387
9.7845,2.1387
9.7851,2.1387
9.7856,2.1387
9.7862,2.1387
9.7867,2.1387
9.7873,2.1387
9.7878,2.1336
9.7884,2.1387
9.7889,2.1336
9.7895,2.1387
9.7900,2.1336
9.7906,2.1387
9.7911,2.1387
9.7917,2.1387
9.7922,2.1387
9.7928,2.1387
9.7933,2.1387
9.7939,2.1387
9.7944,2.1286
9.7950,2.1387
9.7955,2.1387
9.7961,2.1387
9.7966,2.1387
9.7972,2.1387
9.7977,2.1387
9.7983,2.1387
9.7988,2.1387
9.7994,2.1387
9.7999,2.1387
9.8005,2.1336
9.8011,2.1387
9.8016,2.1336
9.8022,2.1387
9.8027,2.1387
9.8033,2.1387
9.8038,2.1336
9.8044,2.1387
9.8049,2.1387
9.8055,2.1387
9.8060,2.1286
9.8066,2.1387
9.8071,2.1387
9.8077,2.1336
9.8082,2.1387
9.8088,2.1336
9.8093,2.1336
9.8099,2.1286
9.8104,2.1336
9.8110,2.1336
9.8115,2.1387
9.8121,2.1387
9.8126,2.1387
9.8132,2.1387
9.8137,2.1387
9.8143,2.1387
9.8148,2.1336
9.8154,2.1387
9.8159,2.1387
9.8165,2.1387
9.8170,2.1387
9.8176,2.1387
9.8181,2.1336
9.8187,2.1336
9.8192,2.1336
9.8198,2.1387
9.8203,2.1387
9.8209,2.1387
9.8214,2.1387
9.8220,2.1387
9.8225,2.1387
9.8231,2.1387
9.8236,2.1286
9.8242,2.1437
9.8247,2.1387
9.8253,2.1336
9.8258,2.1387
9.8264,2.1387
9.8269,2.1387
9.8275,2.1336
9.8280,2.1387
9.8286,2.1336
9.8291,2.1336
9.8297,2.1387
9.8302,2.1387
9.8308,2.1387
9.8313,2.1387
9.8319,2.1387
9.8324,2.1387
9.8330,2.1387
9.8335,2.1387
9.8341,2.1286
9.8346,2.1387
9.8352,2.1336
9.8357,2.1387
9.8363,2.1336
9.8368,2.1387
9.8374,2.1286
9.8379,2.1286
9.8385,2.1387
9.8390,2.1286
9.8396,2.1336
9.8401,2.1387
9.8407,2.1387
9.8412,2.1387
9.8418,2.1387
9.8423,2.1286
9.8429,2.1387
9.8434,2.1387
9.8440,2.1387
9.8445,2.1387
9.8451,2.1387
9.8456,2.1336
9.8462,2.1387
9.8467,2.1437
9.8473,2.1387
9.8478,2.1387
9.8484,2.1387
9.8489,2.1336
9.8495,2.1387
9.8500,2.1387
9.8506,2.1286
9.8511,2.1387
9.8517,2.1336
9.8522,2.1336
9.8528,2.1336
9.8533,2.1387
9.8539,2.1336
9.8544,2.1336
9.8550,2.1387
9.8555,2.1387
9.8561,2.1286
9.8566,2.1387
9.8572,2.1336
9.8577,2.1387
9.8583,2.1235
9.8588,2.1387
9.8594,2.1286
9.8599,2.1286
9.8605,2.1387
9.8610,2.1387
9.8616,2.1336
9.8621,2.1387
9.8627,2.1336
9.8632,2.1387
9.8638,2.1336
9.8643,2.1336
9.8649,2.1387
9.8654,2.1387
9.8660,2.1336
9.8665,2.1336
9.8671,2.1336
9.8677,2.1336
9.8684,2.1387
9.8689,2.1286
9.8695,2.1387
9.8700,2.1387
9.8706,2.1336
9.8711,2.1387
9.8717,2.1387
9.8722,2.1336
9.8728,2.1336
9.8733,2.1387
9.8739,2.1286
9.8744,2.1387
9.8750,2.1286
9.8755,2.1336
9.8761,2.1286
9.8766,2.1387
9.8772,2.1387
9.8777,2.1336
9.8782,2.1336
9.8788,2.1387
9.8793,2.1387
9.8799,2.1336
9.8804,2.1387
9.8810,2.1387
9.8815,2.1387
9.8821,2.1336
9.8826,2.1387
9.8832,2.1235
9.8837,2.1387
9.8843,2.1387
9.8848,2.1387
9.8853,2.1336
9.8859,2.1387
9.8864,2.1387
9.8870,2.1387
9.8875,2.1336
9.8881,2.1336
9.8886,2.1387
9.8892,2.1437
9.8897,2.1387
9.8903,2.1387
9.8908,2.1336
9.8914,2.1387
9.8919,2.1387
9.8924,2.1336
9.8930,2.1286
9.8935,2.1387
9.8941,2.1336
9.8946,2.1387
9.8952,2.1336
9.8957,2.1387
9.8963,2.1387
9.8968,2.1336
9.8974,2.1387
9.8979,2.1336
9.8985,2.1286
9.8990,2.1387
9.8996,2.1336
9.9001,2.1387
9.9007,2.1286
9.9012,2.1387
9.9018,2.1387
9.9023,2.1387
9.9028,2.1387
9.9034,2.1387
9.9039,2.1336
9.9045,2.1387
9.9050,2.1336
9.9056,2.1387
9.9061,2.1387
9.9067,2.1387
9.9072,2.1336
9.9078,2.1387
9.9083,2.1336
9.9089,2.1336
9.9094,2.1336
9.9100,2.1387
9.9105,2.1387
9.9111,2.1387
9.9117,2.1336
9.9122,2.1336
9.9128,2.1336
9.9133,2.1387
9.9139,2.1336
9.9144,2.1336
9.9149,2.1336
9.9155,2.1387
9.9160,2.1286
9.9166,2.1387
9.9172,2.1336
9.9177,2.1336
9.9183,2.1387
9.9188,2.1336
9.9194,2.1336
9.9199,2.1336
9.9205,2.1336
9.9210,2.1336
9.9216,2.1336
9.9221,2.1387
9.9226,2.1387
9.9232,2.1387
9.9237,2.1387
9.9243,2.1387
9.9248,2.1336
9.9254,2.1286
9.9259,2.1336
9.9265,2.1387
9.9271,2.1336
9.9276,2.1336
9.9282,2.1387
9.9287,2.1336
9.9292,2.1387
9.9298,2.1286
9.9303,2.1387
9.9309,2.1336
9.9314,2.1336
9.9320,2.1387
9.9325,2.1336
9.9331,2.1387
9.9336,2.1336
9.9342,2.1387
9.9347,2.1387
9.9353,2.1336
9.9358,2.1387
9.9364,2.1286
9.9369,2.1336
9.9375,2.1387
9.9380,2.1387
9.9386,2.1336
9.9391,2.1336
9.9397,2.1336
9.9403,2.1286
9.9408,2.1387
9.9414,2.1387
9.9419,2.1336
9.9425,2.1387
9.9430,2.1387
9.9436,2.1336
9.9441,2.1336
9.9447,2.1336
9.9452,2.1387
9.9458,2.1286
9.9463,2.1387
9.9469,2.1336
9.9474,2.1336
9.9480,2.1387
9.9485,2.1387
9.9491,2.1286
9.9496,2.1336
9.9502,2.1387
9.9507,2.1387
9.9513,2.1387
9.9518,2.1387
9.9524,2.1336
9.9529,2.1387
9.9535,2.1336
9.9540,2.1387
9.9546,2.1387
9.9551,2.1387
9.9557,2.1336
9.9562,2.1387
9.9568,2.1336
9.9573,2.1387
9.9579,2.1336
9.9584,2.1387
9.9590,2.1336
9.9595,2.1336
9.9601,2.1387
9.9606,2.1387
9.9612,2.1336
9.9617,2.1387
9.9623,2.1336
9.9628,2.1387
9.9634,2.1286
9.9639,2.1387
9.9645,2.1387
9.9650,2.1387
9.9656,2.1387
9.9661,2.1336
9.9667,2.1336
9.9672,2.1387
9.9678,2.1336
9.9683,2.1387
9.9689,2.1286
9.9694,2.1387
9.9700,2.1387
9.9705,2.1336
9.9711,2.1387
9.9716,2.1336
9.9722,2.1286
9.9727,2.1387
9.9733,2.1336
9.9738,2.1387
9.9744,2.1387
9.9749,2.1437
9.9755,2.1387
9.9760,2.1336
9.9766,2.1387
9.9771,2.1387
9.9777,2.1336
9.9782,2.1387
9.9788,2.1336
9.9793,2.1387
9.9799,2.1286
9.9804,2.1387
9.9810,2.1387
9.9815,2.1336
9.9821,2.1387
9.9826,2.1387
9.9831,2.1286
9.9837,2.1336
9.9842,2.1387
9.9848,2.1387
9.9853,2.1336
9.9859,2.1387
9.9864,2.1387
9.9870,2.1387
9.9876,2.1387
9.9881,2.1387
9.9886,2.1387
9.9892,2.1336
9.9897,2.1387
9.9903,2.1387
9.9908,2.1286
9.9914,2.1336
9.9920,2.1336
9.9926,2.1336
9.9932,2.1336
9.9937,2.1387
9.9943,2.1336
9.9949,2.1336
9.9955,2.1286
9.9961,2.1387
9.9966,2.1286
9.9972,2.1336
9.9977,2.1387
9.9983,2.1387
9.9988,2.1387
9.9994,2.1387
10.0000,2.1336
10.0005,2.1387
