Время[c],Напряжение[В]
0.0000,0.6406
0.0006,0.6406
0.0011,0.6406
0.0016,0.6406
0.0022,0.6406
0.0028,0.6355
0.0033,0.6355
0.0039,0.6355
0.0044,0.6355
0.0050,0.6406
0.0056,0.6406
0.0061,0.6355
0.0066,0.6406
0.0072,0.6406
0.0077,0.6355
0.0082,0.6406
0.0087,0.6355
0.0093,0.6406
0.0098,0.6406
0.0103,0.6406
0.0108,0.6406
0.0114,0.6406
0.0119,0.6406
0.0124,0.6355
0.0129,0.6406
0.0134,0.6355
0.0140,0.6406
0.0145,0.6406
0.0150,0.6355
0.0155,0.6355
0.0161,0.6406
0.0166,0.6406
0.0171,0.6355
0.0176,0.6406
0.0182,0.6355
0.0187,0.6406
0.0192,0.6355
0.0197,0.6355
0.0202,0.6406
0.0208,0.6355
0.0213,0.6355
0.0218,0.6355
0.0223,0.6355
0.0229,0.6355
0.0234,0.6355
0.0239,0.6355
0.0244,0.6355
0.0249,0.6355
0.0255,0.6355
0.0260,0.6355
0.0265,0.6355
0.0270,0.6355
0.0276,0.6406
0.0281,0.6355
0.0286,0.6406
0.0291,0.6305
0.0296,0.6355
0.0302,0.6355
0.0307,0.6406
0.0312,0.6406
0.0317,0.6355
0.0322,0.6406
0.0328,0.6406
0.0333,0.6355
0.0338,0.6355
0.0343,0.6355
0.0349,0.6355
0.0354,0.6406
0.0359,0.6406
0.0364,0.6406
0.0369,0.6355
0.0375,0.6406
0.0380,0.6355
0.0385,0.6355
0.0390,0.6355
0.0396,0.6406
0.0401,0.6406
0.0406,0.6355
0.0411,0.6355
0.0416,0.6355
0.0422,0.6406
0.0427,0.6355
0.0432,0.6355
0.0437,0.6355
0.0443,0.6355
0.0448,0.6355
0.0453,0.6406
0.0458,0.6355
0.0463,0.6406
0.0469,0.6355
0.0474,0.6355
0.0479,0.6355
0.0484,0.6355
0.0489,0.6406
0.0495,0.6406
0.0500,0.6406
0.0505,0.6406
0.0510,0.6355
0.0516,0.6355
0.0521,0.6406
0.0526,0.6355
0.0531,0.6355
0.0536,0.6355
0.0542,0.6355
0.0547,0.6355
0.0552,0.6406
0.0557,0.6355
0.0563,0.6355
0.0568,0.6406
0.0573,0.6406
0.0578,0.6355
0.0584,0.6355
0.0589,0.6355
0.0594,0.6355
0.0599,0.6355
0.0604,0.6355
0.0610,0.6406
0.0615,0.6355
0.0620,0.6355
0.0625,0.6355
0.0631,0.6355
0.0636,0.6355
0.0641,0.6355
0.0646,0.6406
0.0652,0.6355
0.0657,0.6355
0.0662,0.6406
0.0667,0.6305
0.0673,0.6355
0.0678,0.6355
0.0683,0.6355
0.0688,0.6355
0.0694,0.6355
0.0699,0.6355
0.0704,0.6406
0.0709,0.6406
0.0715,0.6406
0.0720,0.6406
0.0725,0.6406
0.0730,0.6406
0.0735,0.6355
0.0741,0.6355
0.0746,0.6355
0.0751,0.6406
0.0756,0.6355
0.0762,0.6355
0.0767,0.6355
0.0772,0.6406
0.0777,0.6406
0.0783,0.6406
0.0788,0.6406
0.0793,0.6406
0.0798,0.6355
0.0804,0.6355
0.0809,0.6406
0.0814,0.6355
0.0819,0.6305
0.0825,0.6355
0.0830,0.6406
0.0835,0.6355
0.0840,0.6406
0.0846,0.6406
0.0851,0.6355
0.0856,0.6355
0.0861,0.6406
0.0866,0.6355
0.0872,0.6355
0.0877,0.6355
0.0882,0.6406
0.0887,0.6355
0.0893,0.6406
0.0898,0.6355
0.0903,0.6355
0.0908,0.6355
0.0914,0.6355
0.0919,0.6406
0.0924,0.6355
0.0929,0.6406
0.0935,0.6406
0.0940,0.6355
0.0945,0.6406
0.0950,0.6355
0.0956,0.6355
0.0961,0.6406
0.0966,0.6406
0.0971,0.6355
0.0977,0.6406
0.0982,0.6355
0.0987,0.6355
0.0992,0.6355
0.0997,0.6355
0.1003,0.6355
0.1008,0.6406
0.1013,0.6355
0.1018,0.6355
0.1024,0.6355
0.1029,0.6406
0.1034,0.6406
0.1039,0.6355
0.1045,0.6355
0.1050,0.6355
0.1055,0.6355
0.1060,0.6355
0.1066,0.6355
0.1071,0.6355
0.1076,0.6355
0.1081,0.6355
0.1087,0.6355
0.1092,0.6355
0.1097,0.6355
0.1102,0.6355
0.1107,0.6355
0.1113,0.6355
0.1118,0.6305
0.1123,0.6355
0.1128,0.6355
0.1134,0.6355
0.1139,0.6406
0.1144,0.6355
0.1149,0.6406
0.1155,0.6355
0.1160,0.6355
0.1165,0.6355
0.1170,0.6355
0.1176,0.6355
0.1181,0.6355
0.1186,0.6406
0.1191,0.6355
0.1196,0.6355
0.1202,0.6305
0.1207,0.6355
0.1212,0.6355
0.1217,0.6406
0.1223,0.6355
0.1228,0.6355
0.1233,0.6305
0.1238,0.6355
0.1244,0.6406
0.1249,0.6355
0.1254,0.6355
0.1259,0.6355
0.1265,0.6355
0.1270,0.6355
0.1275,0.6355
0.1280,0.6355
0.1286,0.6355
0.1291,0.6355
0.1296,0.6355
0.1301,0.6406
0.1306,0.6355
0.1312,0.6355
0.1317,0.6355
0.1322,0.6355
0.1327,0.6406
0.1333,0.6305
0.1338,0.6355
0.1343,0.6355
0.1348,0.6355
0.1354,0.6406
0.1359,0.6406
0.1364,0.6355
0.1369,0.6406
0.1375,0.6406
0.1380,0.6305
0.1385,0.6355
0.1390,0.6406
0.1395,0.6355
0.1401,0.6355
0.1406,0.6406
0.1411,0.6355
0.1416,0.6305
0.1422,0.6406
0.1427,0.6406
0.1432,0.6406
0.1437,0.6406
0.1443,0.6406
0.1448,0.6355
0.1453,0.6355
0.1458,0.6355
0.1464,0.6355
0.1469,0.6355
0.1474,0.6355
0.1479,0.6355
0.1485,0.6355
0.1490,0.6355
0.1495,0.6355
0.1500,0.6355
0.1505,0.6355
0.1511,0.6406
0.1516,0.6355
0.1521,0.6355
0.1526,0.6355
0.1532,0.6355
0.1537,0.6355
0.1542,0.6355
0.1547,0.6406
0.1553,0.6355
0.1558,0.6406
0.1563,0.6355
0.1568,0.6406
0.1574,0.6355
0.1579,0.6355
0.1584,0.6355
0.1589,0.6355
0.1594,0.6355
0.1600,0.6355
0.1605,0.6355
0.1610,0.6355
0.1615,0.6355
0.1621,0.6406
0.1626,0.6406
0.1631,0.6355
0.1636,0.6355
0.1642,0.6305
0.1647,0.6406
0.1652,0.6355
0.1657,0.6406
0.1663,0.6406
0.1668,0.6355
0.1673,0.6406
0.1678,0.6406
0.1684,0.6355
0.1689,0.6355
0.1694,0.6406
0.1699,0.6355
0.1704,0.6406
0.1710,0.6355
0.1715,0.6355
0.1720,0.6355
0.1725,0.6355
0.1731,0.6355
0.1736,0.6355
0.1741,0.6355
0.1746,0.6355
0.1752,0.6406
0.1757,0.6406
0.1762,0.6406
0.1767,0.6355
0.1773,0.6355
0.1778,0.6305
0.1783,0.6406
0.1788,0.6355
0.1793,0.6355
0.1799,0.6406
0.1804,0.6406
0.1809,0.6406
0.1814,0.6355
0.1820,0.6355
0.1825,0.6355
0.1830,0.6355
0.1835,0.6355
0.1841,0.6355
0.1846,0.6355
0.1851,0.6355
0.1856,0.6355
0.1862,0.6355
0.1867,0.6355
0.1872,0.6355
0.1877,0.6355
0.1882,0.6355
0.1888,0.6355
0.1893,0.6406
0.1898,0.6355
0.1903,0.6355
0.1909,0.6355
0.1914,0.6406
0.1919,0.6355
0.1924,0.6355
0.1929,0.6406
0.1935,0.6406
0.1940,0.6355
0.1945,0.6355
0.1950,0.6406
0.1956,0.6355
0.1961,0.6355
0.1966,0.6406
0.1972,0.6355
0.1977,0.6355
0.1982,0.6406
0.1987,0.6355
0.1993,0.6355
0.1998,0.6355
0.2003,0.6355
0.2008,0.6406
0.2014,0.6355
0.2019,0.6355
0.2024,0.6355
0.2029,0.6406
0.2035,0.6355
0.2040,0.6355
0.2045,0.6355
0.2050,0.6355
0.2055,0.6355
0.2061,0.6305
0.2066,0.6355
0.2071,0.6355
0.2076,0.6355
0.2082,0.6355
0.2087,0.6355
0.2092,0.6406
0.2097,0.6406
0.2103,0.6355
0.2108,0.6406
0.2113,0.6406
0.2118,0.6406
0.2124,0.6355
0.2129,0.6355
0.2135,0.6406
0.2140,0.6355
0.2145,0.6305
0.2150,0.6355
0.2155,0.6355
0.2161,0.6355
0.2166,0.6355
0.2171,0.6355
0.2176,0.6406
0.2182,0.6406
0.2187,0.6355
0.2192,0.6355
0.2197,0.6355
0.2203,0.6355
0.2208,0.6355
0.2213,0.6355
0.2218,0.6406
0.2224,0.6406
0.2229,0.6355
0.2234,0.6355
0.2239,0.6355
0.2245,0.6406
0.2250,0.6355
0.2255,0.6355
0.2260,0.6355
0.2265,0.6355
0.2271,0.6355
0.2276,0.6355
0.2281,0.6355
0.2286,0.6355
0.2292,0.6355
0.2297,0.6355
0.2302,0.6305
0.2307,0.6406
0.2313,0.6355
0.2318,0.6406
0.2323,0.6355
0.2328,0.6355
0.2334,0.6355
0.2339,0.6355
0.2344,0.6355
0.2349,0.6406
0.2354,0.6406
0.2360,0.6355
0.2365,0.6406
0.2370,0.6355
0.2375,0.6406
0.2381,0.6355
0.2386,0.6406
0.2391,0.6355
0.2396,0.6355
0.2402,0.6355
0.2407,0.6355
0.2412,0.6355
0.2417,0.6355
0.2423,0.6406
0.2428,0.6406
0.2433,0.6406
0.2438,0.6355
0.2443,0.6355
0.2449,0.6406
0.2454,0.6355
0.2459,0.6406
0.2464,0.6355
0.2470,0.6355
0.2475,0.6355
0.2480,0.6355
0.2485,0.6355
0.2491,0.6406
0.2496,0.6355
0.2501,0.6355
0.2506,0.6355
0.2512,0.6355
0.2517,0.6355
0.2522,0.6406
0.2527,0.6406
0.2533,0.6355
0.2538,0.6406
0.2543,0.6406
0.2548,0.6355
0.2553,0.6406
0.2559,0.6355
0.2564,0.6355
0.2569,0.6355
0.2574,0.6305
0.2580,0.6355
0.2585,0.6355
0.2590,0.6355
0.2595,0.6406
0.2601,0.6355
0.2606,0.6355
0.2611,0.6355
0.2616,0.6406
0.2622,0.6355
0.2627,0.6406
0.2632,0.6406
0.2637,0.6355
0.2642,0.6406
0.2648,0.6355
0.2653,0.6355
0.2658,0.6406
0.2663,0.6355
0.2669,0.6355
0.2674,0.6355
0.2679,0.6355
0.2684,0.6355
0.2690,0.6355
0.2695,0.6355
0.2700,0.6406
0.2705,0.6406
0.2711,0.6406
0.2716,0.6406
0.2721,0.6355
0.2726,0.6406
0.2732,0.6355
0.2737,0.6355
0.2742,0.6355
0.2747,0.6406
0.2753,0.6355
0.2758,0.6406
0.2763,0.6406
0.2768,0.6406
0.2774,0.6406
0.2779,0.6355
0.2784,0.6355
0.2789,0.6305
0.2795,0.6406
0.2800,0.6406
0.2805,0.6355
0.2810,0.6355
0.2815,0.6406
0.2821,0.6355
0.2826,0.6355
0.2831,0.6355
0.2836,0.6355
0.2842,0.6355
0.2847,0.6355
0.2852,0.6355
0.2857,0.6355
0.2863,0.6355
0.2868,0.6355
0.2873,0.6355
0.2878,0.6355
0.2884,0.6355
0.2889,0.6355
0.2894,0.6406
0.2899,0.6355
0.2904,0.6406
0.2910,0.6355
0.2915,0.6355
0.2920,0.6406
0.2925,0.6406
0.2931,0.6355
0.2936,0.6406
0.2941,0.6355
0.2946,0.6355
0.2952,0.6355
0.2957,0.6355
0.2962,0.6355
0.2967,0.6355
0.2973,0.6355
0.2978,0.6355
0.2983,0.6355
0.2988,0.6355
0.2994,0.6355
0.2999,0.6406
0.3004,0.6406
0.3009,0.6355
0.3014,0.6406
0.3020,0.6355
0.3025,0.6406
0.3030,0.6406
0.3035,0.6406
0.3041,0.6355
0.3046,0.6406
0.3051,0.6355
0.3056,0.6305
0.3062,0.6355
0.3067,0.6355
0.3072,0.6355
0.3077,0.6406
0.3083,0.6355
0.3088,0.6355
0.3093,0.6355
0.3098,0.6355
0.3103,0.6456
0.3109,0.6355
0.3114,0.6355
0.3119,0.6355
0.3124,0.6406
0.3130,0.6355
0.3135,0.6355
0.3140,0.6355
0.3145,0.6406
0.3151,0.6355
0.3156,0.6355
0.3161,0.6355
0.3166,0.6406
0.3172,0.6406
0.3177,0.6355
0.3182,0.6355
0.3187,0.6355
0.3193,0.6406
0.3198,0.6406
0.3203,0.6355
0.3208,0.6355
0.3213,0.6355
0.3219,0.6406
0.3224,0.6355
0.3229,0.6355
0.3234,0.6355
0.3240,0.6355
0.3245,0.6355
0.3250,0.6355
0.3255,0.6305
0.3261,0.6355
0.3266,0.6355
0.3271,0.6406
0.3276,0.6355
0.3282,0.6406
0.3287,0.6355
0.3292,0.6355
0.3297,0.6355
0.3303,0.6355
0.3308,0.6406
0.3313,0.6406
0.3318,0.6355
0.3323,0.6406
0.3329,0.6355
0.3334,0.6305
0.3339,0.6406
0.3344,0.6355
0.3350,0.6355
0.3355,0.6355
0.3360,0.6355
0.3365,0.6355
0.3371,0.6355
0.3376,0.6355
0.3381,0.6355
0.3386,0.6355
0.3392,0.6355
0.3397,0.6355
0.3402,0.6355
0.3407,0.6406
0.3412,0.6355
0.3418,0.6355
0.3423,0.6355
0.3428,0.6355
0.3433,0.6355
0.3439,0.6355
0.3444,0.6355
0.3449,0.6406
0.3454,0.6355
0.3460,0.6355
0.3465,0.6355
0.3470,0.6406
0.3476,0.6406
0.3481,0.6355
0.3486,0.6355
0.3492,0.6406
0.3497,0.6406
0.3502,0.6406
0.3508,0.6406
0.3513,0.6355
0.3518,0.6355
0.3524,0.6355
0.3529,0.6406
0.3534,0.6355
0.3540,0.6406
0.3545,0.6406
0.3550,0.6355
0.3556,0.6355
0.3561,0.6355
0.3566,0.6355
0.3572,0.6355
0.3577,0.6305
0.3582,0.6355
0.3588,0.6355
0.3593,0.6355
0.3599,0.6406
0.3604,0.6355
0.3609,0.6355
0.3614,0.6355
0.3620,0.6355
0.3625,0.6355
0.3630,0.6355
0.3635,0.6355
0.3641,0.6355
0.3646,0.6406
0.3651,0.6355
0.3656,0.6355
0.3662,0.6355
0.3667,0.6355
0.3672,0.6406
0.3677,0.6355
0.3683,0.6355
0.3688,0.6355
0.3693,0.6355
0.3698,0.6406
0.3704,0.6406
0.3709,0.6355
0.3714,0.6355
0.3719,0.6355
0.3724,0.6355
0.3730,0.6355
0.3735,0.6355
0.3740,0.6355
0.3745,0.6355
0.3751,0.6406
0.3756,0.6355
0.3761,0.6355
0.3766,0.6406
0.3772,0.6355
0.3777,0.6406
0.3782,0.6355
0.3787,0.6406
0.3793,0.6355
0.3798,0.6355
0.3803,0.6355
0.3808,0.6406
0.3813,0.6355
0.3819,0.6355
0.3824,0.6355
0.3829,0.6406
0.3834,0.6355
0.3840,0.6355
0.3845,0.6406
0.3850,0.6406
0.3855,0.6406
0.3861,0.6355
0.3866,0.6406
0.3871,0.6355
0.3876,0.6355
0.3882,0.6406
0.3887,0.6355
0.3892,0.6355
0.3897,0.6355
0.3903,0.6355
0.3908,0.6406
0.3913,0.6406
0.3918,0.6355
0.3923,0.6406
0.3929,0.6355
0.3934,0.6355
0.3939,0.6355
0.3944,0.6406
0.3950,0.6406
0.3955,0.6406
0.3960,0.6406
0.3965,0.6355
0.3971,0.6355
0.3976,0.6406
0.3981,0.6355
0.3986,0.6406
0.3992,0.6355
0.3997,0.6406
0.4002,0.6406
0.4007,0.6355
0.4013,0.6355
0.4018,0.6406
0.4023,0.6406
0.4028,0.6355
0.4033,0.6406
0.4039,0.6355
0.4044,0.6355
0.4049,0.6355
0.4054,0.6406
0.4060,0.6406
0.4065,0.6355
0.4070,0.6406
0.4075,0.6406
0.4081,0.6305
0.4086,0.6355
0.4091,0.6406
0.4096,0.6355
0.4102,0.6355
0.4107,0.6406
0.4112,0.6406
0.4117,0.6355
0.4123,0.6355
0.4128,0.6406
0.4133,0.6406
0.4138,0.6355
0.4144,0.6355
0.4149,0.6355
0.4154,0.6406
0.4159,0.6355
0.4165,0.6355
0.4170,0.6406
0.4175,0.6355
0.4180,0.6406
0.4185,0.6406
0.4191,0.6355
0.4196,0.6406
0.4201,0.6355
0.4206,0.6355
0.4212,0.6355
0.4217,0.6355
0.4222,0.6355
0.4227,0.6406
0.4233,0.6355
0.4238,0.6355
0.4243,0.6406
0.4248,0.6355
0.4254,0.6406
0.4259,0.6355
0.4264,0.6355
0.4269,0.6355
0.4274,0.6355
0.4280,0.6355
0.4285,0.6355
0.4290,0.6355
0.4295,0.6355
0.4301,0.6355
0.4306,0.6406
0.4311,0.6355
0.4316,0.6355
0.4322,0.6406
0.4327,0.6355
0.4332,0.6355
0.4337,0.6355
0.4343,0.6355
0.4348,0.6355
0.4353,0.6355
0.4358,0.6355
0.4363,0.6355
0.4369,0.6355
0.4374,0.6355
0.4379,0.6355
0.4384,0.6355
0.4390,0.6406
0.4395,0.6406
0.4400,0.6355
0.4405,0.6406
0.4411,0.6355
0.4416,0.6305
0.4421,0.6355
0.4426,0.6355
0.4432,0.6355
0.4437,0.6406
0.4442,0.6406
0.4447,0.6355
0.4452,0.6355
0.4458,0.6355
0.4463,0.6355
0.4468,0.6355
0.4473,0.6355
0.4479,0.6355
0.4484,0.6355
0.4489,0.6355
0.4494,0.6355
0.4500,0.6355
0.4505,0.6355
0.4510,0.6355
0.4515,0.6355
0.4521,0.6355
0.4526,0.6355
0.4531,0.6355
0.4536,0.6406
0.4542,0.6406
0.4547,0.6355
0.4552,0.6355
0.4557,0.6406
0.4562,0.6406
0.4568,0.6406
0.4573,0.6355
0.4578,0.6406
0.4583,0.6355
0.4589,0.6406
0.4594,0.6355
0.4599,0.6355
0.4604,0.6355
0.4610,0.6305
0.4615,0.6355
0.4620,0.6355
0.4625,0.6355
0.4631,0.6406
0.4636,0.6355
0.4641,0.6406
0.4646,0.6355
0.4652,0.6355
0.4657,0.6355
0.4662,0.6355
0.4667,0.6406
0.4672,0.6355
0.4678,0.6406
0.4683,0.6406
0.4688,0.6355
0.4693,0.6406
0.4699,0.6406
0.4704,0.6355
0.4709,0.6355
0.4714,0.6355
0.4720,0.6355
0.4725,0.6355
0.4730,0.6355
0.4735,0.6355
0.4741,0.6355
0.4746,0.6355
0.4751,0.6355
0.4756,0.6355
0.4762,0.6355
0.4767,0.6355
0.4772,0.6355
0.4777,0.6406
0.4782,0.6406
0.4788,0.6355
0.4793,0.6355
0.4798,0.6355
0.4803,0.6406
0.4809,0.6355
0.4814,0.6355
0.4819,0.6355
0.4824,0.6406
0.4830,0.6355
0.4835,0.6355
0.4840,0.6406
0.4845,0.6406
0.4850,0.6406
0.4856,0.6355
0.4861,0.6355
0.4866,0.6355
0.4871,0.6355
0.4877,0.6355
0.4882,0.6406
0.4887,0.6406
0.4892,0.6355
0.4898,0.6355
0.4903,0.6406
0.4908,0.6406
0.4913,0.6355
0.4919,0.6406
0.4924,0.6355
0.4929,0.6355
0.4934,0.6355
0.4939,0.6355
0.4945,0.6355
0.4950,0.6355
0.4955,0.6406
0.4961,0.6355
0.4966,0.6355
0.4971,0.6355
0.4976,0.6355
0.4982,0.6355
0.4987,0.6355
0.4992,0.6355
0.4997,0.6406
0.5003,0.6406
0.5008,0.6355
0.5013,0.6406
0.5018,0.6355
0.5023,0.6355
0.5029,0.6355
0.5034,0.6355
0.5039,0.6355
0.5044,0.6355
0.5050,0.6355
0.5055,0.6355
0.5060,0.6406
0.5065,0.6406
0.5071,0.6355
0.5076,0.6355
0.5081,0.6355
0.5086,0.6355
0.5092,0.6355
0.5097,0.6355
0.5102,0.6355
0.5107,0.6406
0.5112,0.6355
0.5118,0.6406
0.5123,0.6355
0.5128,0.6355
0.5133,0.6355
0.5139,0.6355
0.5144,0.6406
0.5149,0.6406
0.5154,0.6355
0.5160,0.6355
0.5165,0.6355
0.5170,0.6355
0.5175,0.6406
0.5180,0.6355
0.5186,0.6355
0.5191,0.6406
0.5196,0.6406
0.5201,0.6406
0.5207,0.6355
0.5212,0.6406
0.5217,0.6355
0.5222,0.6355
0.5228,0.6406
0.5233,0.6305
0.5238,0.6406
0.5243,0.6355
0.5249,0.6406
0.5254,0.6355
0.5259,0.6355
0.5264,0.6355
0.5270,0.6355
0.5275,0.6355
0.5280,0.6355
0.5285,0.6355
0.5290,0.6355
0.5296,0.6355
0.5301,0.6355
0.5306,0.6406
0.5311,0.6355
0.5317,0.6406
0.5322,0.6355
0.5327,0.6406
0.5332,0.6355
0.5338,0.6406
0.5343,0.6355
0.5348,0.6355
0.5353,0.6355
0.5358,0.6305
0.5364,0.6355
0.5369,0.6355
0.5374,0.6406
0.5379,0.6355
0.5385,0.6355
0.5390,0.6355
0.5395,0.6355
0.5400,0.6406
0.5406,0.6355
0.5411,0.6355
0.5416,0.6355
0.5421,0.6355
0.5427,0.6355
0.5432,0.6355
0.5437,0.6406
0.5442,0.6355
0.5448,0.6406
0.5453,0.6355
0.5458,0.6355
0.5463,0.6355
0.5468,0.6355
0.5474,0.6406
0.5479,0.6355
0.5484,0.6355
0.5489,0.6355
0.5495,0.6355
0.5500,0.6355
0.5505,0.6406
0.5510,0.6355
0.5516,0.6355
0.5521,0.6355
0.5526,0.6406
0.5531,0.6355
0.5537,0.6355
0.5542,0.6305
0.5547,0.6355
0.5552,0.6406
0.5557,0.6355
0.5563,0.6355
0.5568,0.6355
0.5573,0.6355
0.5578,0.6355
0.5584,0.6355
0.5589,0.6355
0.5594,0.6355
0.5599,0.6406
0.5605,0.6355
0.5610,0.6406
0.5615,0.6355
0.5620,0.6355
0.5626,0.6355
0.5631,0.6355
0.5636,0.6355
0.5641,0.6355
0.5646,0.6355
0.5652,0.6406
0.5657,0.6355
0.5662,0.6355
0.5667,0.6355
0.5673,0.6355
0.5678,0.6355
0.5683,0.6355
0.5688,0.6355
0.5694,0.6355
0.5699,0.6355
0.5704,0.6406
0.5709,0.6355
0.5715,0.6355
0.5720,0.6355
0.5725,0.6355
0.5730,0.6355
0.5735,0.6355
0.5741,0.6355
0.5746,0.6355
0.5751,0.6406
0.5756,0.6406
0.5762,0.6355
0.5767,0.6406
0.5772,0.6406
0.5777,0.6355
0.5783,0.6406
0.5788,0.6355
0.5793,0.6355
0.5798,0.6406
0.5804,0.6355
0.5809,0.6406
0.5814,0.6355
0.5819,0.6355
0.5824,0.6406
0.5830,0.6355
0.5835,0.6406
0.5840,0.6355
0.5845,0.6355
0.5851,0.6355
0.5856,0.6355
0.5861,0.6355
0.5866,0.6406
0.5872,0.6355
0.5877,0.6406
0.5882,0.6355
0.5887,0.6406
0.5893,0.6406
0.5898,0.6355
0.5903,0.6355
0.5908,0.6355
0.5913,0.6406
0.5919,0.6406
0.5924,0.6406
0.5929,0.6355
0.5934,0.6406
0.5940,0.6355
0.5945,0.6355
0.5950,0.6355
0.5955,0.6355
0.5961,0.6355
0.5966,0.6355
0.5971,0.6355
0.5976,0.6355
0.5982,0.6355
0.5987,0.6355
0.5992,0.6355
0.5997,0.6355
0.6002,0.6355
0.6008,0.6406
0.6013,0.6355
0.6018,0.6355
0.6023,0.6355
0.6029,0.6355
0.6034,0.6355
0.6039,0.6355
0.6044,0.6355
0.6050,0.6355
0.6055,0.6355
0.6060,0.6406
0.6065,0.6355
0.6071,0.6355
0.6076,0.6406
0.6081,0.6406
0.6086,0.6406
0.6092,0.6355
0.6097,0.6406
0.6102,0.6355
0.6107,0.6305
0.6112,0.6355
0.6118,0.6355
0.6123,0.6406
0.6128,0.6406
0.6133,0.6355
0.6139,0.6406
0.6144,0.6355
0.6149,0.6355
0.6154,0.6406
0.6160,0.6355
0.6165,0.6355
0.6170,0.6355
0.6175,0.6355
0.6181,0.6355
0.6186,0.6406
0.6191,0.6406
0.6196,0.6406
0.6202,0.6406
0.6207,0.6406
0.6212,0.6355
0.6217,0.6355
0.6222,0.6355
0.6228,0.6355
0.6233,0.6355
0.6238,0.6355
0.6243,0.6355
0.6249,0.6406
0.6254,0.6355
0.6259,0.6355
0.6264,0.6355
0.6270,0.6355
0.6275,0.6355
0.6280,0.6406
0.6285,0.6406
0.6291,0.6355
0.6296,0.6406
0.6301,0.6355
0.6306,0.6406
0.6311,0.6406
0.6317,0.6355
0.6322,0.6406
0.6327,0.6355
0.6332,0.6355
0.6338,0.6355
0.6343,0.6355
0.6348,0.6406
0.6353,0.6355
0.6359,0.6355
0.6364,0.6355
0.6369,0.6355
0.6374,0.6406
0.6380,0.6406
0.6385,0.6355
0.6390,0.6355
0.6395,0.6355
0.6400,0.6406
0.6406,0.6406
0.6411,0.6406
0.6416,0.6406
0.6421,0.6355
0.6427,0.6355
0.6432,0.6355
0.6437,0.6355
0.6442,0.6406
0.6448,0.6355
0.6453,0.6355
0.6458,0.6355
0.6463,0.6355
0.6469,0.6355
0.6474,0.6355
0.6479,0.6355
0.6484,0.6355
0.6490,0.6355
0.6495,0.6355
0.6500,0.6355
0.6505,0.6355
0.6511,0.6406
0.6516,0.6355
0.6521,0.6355
0.6526,0.6305
0.6531,0.6406
0.6537,0.6355
0.6542,0.6355
0.6547,0.6406
0.6552,0.6355
0.6558,0.6355
0.6563,0.6355
0.6568,0.6355
0.6573,0.6406
0.6579,0.6406
0.6584,0.6355
0.6589,0.6355
0.6594,0.6355
0.6600,0.6355
0.6605,0.6355
0.6610,0.6355
0.6615,0.6355
0.6620,0.6355
0.6626,0.6406
0.6631,0.6406
0.6636,0.6406
0.6641,0.6305
0.6647,0.6305
0.6652,0.6406
0.6657,0.6406
0.6662,0.6406
0.6668,0.6355
0.6673,0.6406
0.6678,0.6355
0.6683,0.6355
0.6689,0.6355
0.6694,0.6406
0.6699,0.6406
0.6704,0.6406
0.6710,0.6305
0.6715,0.6406
0.6720,0.6355
0.6725,0.6355
0.6730,0.6355
0.6736,0.6355
0.6741,0.6355
0.6746,0.6355
0.6752,0.6355
0.6757,0.6305
0.6762,0.6406
0.6767,0.6406
0.6773,0.6406
0.6778,0.6406
0.6783,0.6355
0.6788,0.6355
0.6793,0.6406
0.6799,0.6355
0.6804,0.6355
0.6809,0.6355
0.6814,0.6355
0.6820,0.6355
0.6825,0.6355
0.6830,0.6355
0.6835,0.6355
0.6841,0.6355
0.6846,0.6406
0.6851,0.6355
0.6856,0.6355
0.6862,0.6355
0.6867,0.6355
0.6872,0.6406
0.6877,0.6355
0.6882,0.6355
0.6888,0.6355
0.6893,0.6355
0.6898,0.6355
0.6903,0.6355
0.6909,0.6305
0.6914,0.6355
0.6919,0.6406
0.6924,0.6406
0.6930,0.6355
0.6935,0.6355
0.6940,0.6355
0.6945,0.6355
0.6951,0.6406
0.6956,0.6355
0.6961,0.6355
0.6966,0.6406
0.6971,0.6406
0.6977,0.6406
0.6982,0.6355
0.6987,0.6406
0.6992,0.6406
0.6998,0.6355
0.7003,0.6355
0.7008,0.6355
0.7013,0.6406
0.7019,0.6355
0.7024,0.6355
0.7029,0.6406
0.7034,0.6355
0.7040,0.6355
0.7045,0.6355
0.7050,0.6406
0.7055,0.6355
0.7061,0.6355
0.7066,0.6355
0.7071,0.6355
0.7077,0.6406
0.7082,0.6355
0.7087,0.6355
0.7092,0.6406
0.7098,0.6355
0.7103,0.6355
0.7108,0.6355
0.7113,0.6406
0.7119,0.6406
0.7124,0.6355
0.7129,0.6355
0.7134,0.6355
0.7140,0.6406
0.7145,0.6355
0.7150,0.6355
0.7155,0.6406
0.7161,0.6355
0.7166,0.6355
0.7171,0.6355
0.7176,0.6355
0.7182,0.6355
0.7187,0.6355
0.7192,0.6355
0.7197,0.6355
0.7202,0.6355
0.7208,0.6355
0.7213,0.6355
0.7218,0.6355
0.7223,0.6355
0.7229,0.6406
0.7234,0.6355
0.7239,0.6355
0.7244,0.6355
0.7250,0.6355
0.7255,0.6355
0.7260,0.6355
0.7265,0.6406
0.7271,0.6355
0.7276,0.6355
0.7281,0.6355
0.7286,0.6406
0.7291,0.6406
0.7297,0.6355
0.7302,0.6355
0.7307,0.6355
0.7312,0.6305
0.7318,0.6355
0.7323,0.6355
0.7328,0.6355
0.7333,0.6355
0.7339,0.6355
0.7344,0.6406
0.7349,0.6406
0.7354,0.6355
0.7360,0.6355
0.7365,0.6406
0.7370,0.6305
0.7375,0.6355
0.7381,0.6406
0.7386,0.6355
0.7391,0.6355
0.7396,0.6355
0.7402,0.6305
0.7407,0.6355
0.7412,0.6355
0.7417,0.6355
0.7423,0.6355
0.7428,0.6355
0.7433,0.6406
0.7438,0.6406
0.7443,0.6355
0.7449,0.6406
0.7454,0.6355
0.7459,0.6355
0.7464,0.6406
0.7470,0.6355
0.7475,0.6355
0.7480,0.6305
0.7485,0.6355
0.7491,0.6355
0.7496,0.6406
0.7501,0.6355
0.7506,0.6355
0.7512,0.6355
0.7517,0.6355
0.7522,0.6355
0.7528,0.6406
0.7533,0.6355
0.7538,0.6355
0.7543,0.6406
0.7549,0.6355
0.7554,0.6406
0.7559,0.6355
0.7564,0.6355
0.7570,0.6406
0.7575,0.6355
0.7580,0.6406
0.7585,0.6355
0.7591,0.6406
0.7596,0.6355
0.7601,0.6355
0.7606,0.6355
0.7611,0.6355
0.7617,0.6355
0.7622,0.6406
0.7627,0.6406
0.7632,0.6355
0.7638,0.6355
0.7643,0.6406
0.7648,0.6355
0.7653,0.6355
0.7659,0.6355
0.7664,0.6355
0.7669,0.6355
0.7674,0.6355
0.7680,0.6305
0.7685,0.6355
0.7690,0.6355
0.7695,0.6355
0.7701,0.6355
0.7706,0.6406
0.7711,0.6355
0.7716,0.6406
0.7721,0.6355
0.7727,0.6355
0.7732,0.6355
0.7737,0.6406
0.7742,0.6355
0.7748,0.6406
0.7753,0.6355
0.7758,0.6355
0.7763,0.6355
0.7769,0.6355
0.7774,0.6406
0.7779,0.6406
0.7784,0.6406
0.7790,0.6355
0.7795,0.6406
0.7800,0.6406
0.7805,0.6406
0.7810,0.6406
0.7816,0.6355
0.7821,0.6355
0.7826,0.6355
0.7831,0.6355
0.7837,0.6305
0.7842,0.6355
0.7847,0.6406
0.7852,0.6355
0.7858,0.6355
0.7863,0.6355
0.7868,0.6355
0.7873,0.6406
0.7879,0.6355
0.7884,0.6355
0.7889,0.6355
0.7894,0.6355
0.7899,0.6305
0.7905,0.6355
0.7910,0.6355
0.7915,0.6355
0.7920,0.6305
0.7926,0.6355
0.7931,0.6406
0.7936,0.6355
0.7941,0.6355
0.7947,0.6406
0.7952,0.6355
0.7957,0.6406
0.7962,0.6355
0.7968,0.6355
0.7973,0.6355
0.7978,0.6355
0.7983,0.6355
0.7989,0.6355
0.7994,0.6406
0.7999,0.6406
0.8004,0.6406
0.8009,0.6355
0.8015,0.6406
0.8020,0.6355
0.8025,0.6355
0.8030,0.6406
0.8036,0.6355
0.8041,0.6355
0.8046,0.6355
0.8051,0.6355
0.8057,0.6355
0.8062,0.6355
0.8067,0.6355
0.8072,0.6406
0.8078,0.6355
0.8083,0.6355
0.8088,0.6355
0.8093,0.6355
0.8099,0.6406
0.8104,0.6355
0.8109,0.6355
0.8114,0.6355
0.8120,0.6355
0.8125,0.6406
0.8130,0.6355
0.8135,0.6406
0.8141,0.6355
0.8146,0.6355
0.8151,0.6355
0.8156,0.6355
0.8162,0.6355
0.8167,0.6355
0.8172,0.6355
0.8177,0.6355
0.8182,0.6355
0.8188,0.6406
0.8193,0.6355
0.8198,0.6355
0.8203,0.6355
0.8209,0.6355
0.8214,0.6355
0.8219,0.6406
0.8224,0.6406
0.8230,0.6355
0.8235,0.6355
0.8240,0.6406
0.8245,0.6355
0.8251,0.6355
0.8256,0.6355
0.8261,0.6406
0.8266,0.6406
0.8271,0.6355
0.8277,0.6355
0.8282,0.6406
0.8287,0.6355
0.8292,0.6355
0.8298,0.6355
0.8303,0.6355
0.8308,0.6355
0.8313,0.6355
0.8319,0.6406
0.8324,0.6355
0.8329,0.6355
0.8334,0.6355
0.8340,0.6305
0.8345,0.6305
0.8350,0.6406
0.8355,0.6406
0.8361,0.6355
0.8366,0.6406
0.8371,0.6406
0.8376,0.6355
0.8382,0.6355
0.8387,0.6355
0.8392,0.6406
0.8397,0.6355
0.8402,0.6406
0.8408,0.6406
0.8413,0.6355
0.8418,0.6355
0.8423,0.6355
0.8429,0.6355
0.8434,0.6355
0.8439,0.6406
0.8444,0.6355
0.8450,0.6355
0.8455,0.6355
0.8460,0.6355
0.8465,0.6406
0.8471,0.6355
0.8476,0.6406
0.8481,0.6355
0.8486,0.6355
0.8492,0.6406
0.8497,0.6355
0.8502,0.6406
0.8507,0.6355
0.8513,0.6355
0.8518,0.6355
0.8523,0.6355
0.8528,0.6406
0.8533,0.6355
0.8539,0.6355
0.8544,0.6355
0.8549,0.6406
0.8554,0.6406
0.8560,0.6406
0.8565,0.6406
0.8570,0.6355
0.8575,0.6355
0.8581,0.6355
0.8586,0.6355
0.8591,0.6355
0.8596,0.6355
0.8602,0.6406
0.8607,0.6355
0.8612,0.6355
0.8617,0.6355
0.8622,0.6355
0.8628,0.6355
0.8633,0.6406
0.8638,0.6406
0.8643,0.6355
0.8649,0.6355
0.8654,0.6355
0.8659,0.6406
0.8664,0.6355
0.8670,0.6355
0.8675,0.6355
0.8680,0.6355
0.8685,0.6355
0.8690,0.6355
0.8696,0.6355
0.8701,0.6406
0.8706,0.6355
0.8711,0.6355
0.8717,0.6355
0.8722,0.6406
0.8727,0.6355
0.8732,0.6355
0.8738,0.6355
0.8743,0.6355
0.8748,0.6406
0.8753,0.6406
0.8759,0.6406
0.8764,0.6355
0.8769,0.6355
0.8774,0.6355
0.8780,0.6355
0.8785,0.6406
0.8790,0.6355
0.8795,0.6406
0.8801,0.6406
0.8806,0.6355
0.8811,0.6406
0.8816,0.6355
0.8821,0.6355
0.8827,0.6355
0.8832,0.6355
0.8837,0.6355
0.8842,0.6406
0.8848,0.6355
0.8853,0.6355
0.8858,0.6406
0.8863,0.6406
0.8869,0.6355
0.8874,0.6406
0.8879,0.6355
0.8884,0.6355
0.8890,0.6355
0.8895,0.6355
0.8900,0.6355
0.8905,0.6305
0.8910,0.6355
0.8916,0.6355
0.8921,0.6355
0.8926,0.6355
0.8931,0.6406
0.8937,0.6406
0.8942,0.6355
0.8947,0.6355
0.8952,0.6406
0.8958,0.6406
0.8963,0.6355
0.8968,0.6355
0.8973,0.6355
0.8979,0.6355
0.8984,0.6355
0.8989,0.6355
0.8994,0.6406
0.8999,0.6355
0.9005,0.6406
0.9010,0.6355
0.9015,0.6355
0.9020,0.6406
0.9026,0.6406
0.9031,0.6406
0.9036,0.6355
0.9041,0.6406
0.9047,0.6406
0.9052,0.6406
0.9057,0.6355
0.9062,0.6355
0.9068,0.6355
0.9073,0.6355
0.9078,0.6355
0.9083,0.6355
0.9088,0.6355
0.9094,0.6355
0.9099,0.6305
0.9104,0.6355
0.9109,0.6355
0.9115,0.6355
0.9120,0.6355
0.9125,0.6355
0.9130,0.6406
0.9136,0.6355
0.9141,0.6355
0.9146,0.6355
0.9151,0.6355
0.9157,0.6406
0.9162,0.6406
0.9167,0.6406
0.9172,0.6355
0.9178,0.6355
0.9183,0.6355
0.9188,0.6355
0.9193,0.6355
0.9198,0.6305
0.9204,0.6305
0.9209,0.6355
0.9214,0.6355
0.9219,0.6355
0.9225,0.6406
0.9230,0.6355
0.9235,0.6355
0.9240,0.6355
0.9246,0.6355
0.9251,0.6355
0.9256,0.6355
0.9261,0.6406
0.9267,0.6355
0.9272,0.6355
0.9277,0.6355
0.9282,0.6355
0.9287,0.6355
0.9293,0.6406
0.9298,0.6355
0.9303,0.6355
0.9308,0.6355
0.9314,0.6355
0.9319,0.6355
0.9324,0.6355
0.9329,0.6355
0.9335,0.6406
0.9340,0.6406
0.9345,0.6406
0.9350,0.6406
0.9356,0.6355
0.9361,0.6406
0.9366,0.6355
0.9371,0.6355
0.9376,0.6355
0.9382,0.6355
0.9387,0.6355
0.9392,0.6406
0.9398,0.6305
0.9403,0.6355
0.9408,0.6355
0.9413,0.6406
0.9418,0.6406
0.9424,0.6305
0.9429,0.6355
0.9434,0.6355
0.9439,0.6305
0.9445,0.6406
0.9450,0.6355
0.9455,0.6406
0.9460,0.6355
0.9466,0.6355
0.9471,0.6406
0.9476,0.6355
0.9481,0.6355
0.9487,0.6305
0.9492,0.6355
0.9497,0.6355
0.9502,0.6355
0.9508,0.6355
0.9513,0.6406
0.9518,0.6355
0.9523,0.6406
0.9529,0.6355
0.9534,0.6406
0.9539,0.6406
0.9544,0.6406
0.9549,0.6456
0.9555,0.6355
0.9560,0.6406
0.9565,0.6355
0.9570,0.6355
0.9576,0.6305
0.9581,0.6406
0.9586,0.6355
0.9591,0.6355
0.9597,0.6355
0.9602,0.6355
0.9607,0.6305
0.9612,0.6355
0.9618,0.6355
0.9623,0.6355
0.9628,0.6355
0.9633,0.6355
0.9639,0.6355
0.9644,0.6355
0.9649,0.6355
0.9654,0.6355
0.9660,0.6355
0.9665,0.6355
0.9670,0.6305
0.9675,0.6355
0.9680,0.6406
0.9686,0.6355
0.9691,0.6406
0.9696,0.6355
0.9701,0.6355
0.9707,0.6406
0.9712,0.6406
0.9717,0.6355
0.9722,0.6355
0.9728,0.6355
0.9733,0.6406
0.9738,0.6406
0.9743,0.6355
0.9749,0.6406
0.9754,0.6355
0.9759,0.6406
0.9764,0.6355
0.9769,0.6406
0.9776,0.6355
0.9781,0.6355
0.9786,0.6406
0.9792,0.6355
0.9797,0.6355
0.9803,0.6355
0.9808,0.6355
0.9814,0.6406
0.9820,0.6355
0.9825,0.6355
0.9831,0.6406
0.9836,0.6355
0.9842,0.6355
0.9848,0.6355
0.9853,0.6355
0.9859,0.6355
0.9864,0.6355
0.9870,0.6355
0.9876,0.6355
0.9881,0.6355
0.9887,0.6355
0.9892,0.6355
0.9898,0.6355
0.9904,0.6355
0.9909,0.6355
0.9915,0.6355
0.9920,0.6355
0.9926,0.6355
0.9931,0.6355
0.9937,0.6406
0.9943,0.6355
0.9948,0.6355
0.9954,0.6355
0.9959,0.6355
0.9965,0.6355
0.9971,0.6355
0.9976,0.6355
0.9982,0.6355
0.9987,0.6406
0.9993,0.6355
0.9999,0.6355
1.0004,0.6355
1.0010,0.6355
1.0015,0.6355
1.0021,0.6355
1.0027,0.6355
1.0032,0.6355
1.0038,0.6406
1.0043,0.6355
1.0049,0.6406
1.0055,0.6406
1.0060,0.6355
1.0066,0.6355
1.0071,0.6355
1.0077,0.6355
1.0083,0.6355
1.0089,0.6305
1.0094,0.6355
1.0100,0.6406
1.0105,0.6406
1.0111,0.6355
1.0116,0.6355
1.0122,0.6355
1.0128,0.6355
1.0133,0.6406
1.0139,0.6355
1.0144,0.6406
1.0150,0.6355
1.0156,0.6355
1.0161,0.6355
1.0167,0.6355
1.0172,0.6355
1.0178,0.6355
1.0184,0.6355
1.0189,0.6355
1.0195,0.6355
1.0200,0.6355
1.0206,0.6355
1.0212,0.6355
1.0217,0.6355
1.0223,0.6305
1.0228,0.6355
1.0234,0.6355
1.0239,0.6355
1.0245,0.6355
1.0251,0.6355
1.0256,0.6406
1.0262,0.6355
1.0267,0.6355
1.0273,0.6355
1.0279,0.6406
1.0284,0.6355
1.0290,0.6355
1.0295,0.6355
1.0301,0.6406
1.0307,0.6406
1.0312,0.6355
1.0318,0.6355
1.0323,0.6355
1.0329,0.6355
1.0335,0.6355
1.0340,0.6355
1.0346,0.6355
1.0351,0.6355
1.0357,0.6406
1.0362,0.6355
1.0368,0.6355
1.0374,0.6355
1.0379,0.6406
1.0385,0.6355
1.0390,0.6355
1.0396,0.6355
1.0402,0.6355
1.0407,0.6355
1.0413,0.6355
1.0418,0.6355
1.0424,0.6355
1.0429,0.6305
1.0435,0.6355
1.0441,0.6406
1.0446,0.6355
1.0452,0.6355
1.0457,0.6355
1.0463,0.6406
1.0469,0.6406
1.0474,0.6406
1.0480,0.6406
1.0485,0.6355
1.0491,0.6305
1.0497,0.6406
1.0502,0.6305
1.0508,0.6406
1.0513,0.6355
1.0519,0.6406
1.0524,0.6355
1.0530,0.6355
1.0536,0.6355
1.0541,0.6355
1.0547,0.6355
1.0552,0.6406
1.0558,0.6355
1.0564,0.6406
1.0569,0.6355
1.0575,0.6355
1.0580,0.6406
1.0586,0.6355
1.0592,0.6355
1.0597,0.6355
1.0603,0.6355
1.0608,0.6406
1.0614,0.6355
1.0620,0.6355
1.0625,0.6406
1.0631,0.6355
1.0636,0.6355
1.0642,0.6355
1.0647,0.6355
1.0653,0.6355
1.0659,0.6406
1.0664,0.6406
1.0670,0.6406
1.0676,0.6406
1.0681,0.6355
1.0687,0.6355
1.0692,0.6355
1.0698,0.6355
1.0703,0.6355
1.0709,0.6406
1.0715,0.6355
1.0720,0.6355
1.0726,0.6355
1.0731,0.6355
1.0737,0.6355
1.0743,0.6355
1.0748,0.6355
1.0754,0.6355
1.0759,0.6406
1.0765,0.6355
1.0771,0.6355
1.0776,0.6355
1.0783,0.6406
1.0789,0.6355
1.0795,0.6355
1.0800,0.6355
1.0806,0.6355
1.0811,0.6355
1.0817,0.6355
1.0822,0.6406
1.0828,0.6355
1.0833,0.6355
1.0839,0.6355
1.0844,0.6406
1.0850,0.6355
1.0855,0.6355
1.0861,0.6406
1.0866,0.6355
1.0872,0.6355
1.0877,0.6355
1.0883,0.6355
1.0888,0.6355
1.0894,0.6355
1.0899,0.6355
1.0905,0.6355
1.0910,0.6355
1.0916,0.6355
1.0921,0.6305
1.0927,0.6355
1.0932,0.6355
1.0938,0.6406
1.0943,0.6355
1.0949,0.6355
1.0954,0.6355
1.0960,0.6355
1.0966,0.6355
1.0971,0.6355
1.0977,0.6355
1.0982,0.6355
1.0988,0.6355
1.0993,0.6355
1.0999,0.6355
1.1004,0.6355
1.1010,0.6406
1.1015,0.6355
1.1021,0.6355
1.1026,0.6355
1.1032,0.6305
1.1037,0.6355
1.1043,0.6355
1.1048,0.6355
1.1054,0.6355
1.1059,0.6355
1.1065,0.6355
1.1070,0.6406
1.1076,0.6355
1.1081,0.6355
1.1087,0.6355
1.1092,0.6355
1.1098,0.6406
1.1103,0.6355
1.1109,0.6355
1.1114,0.6355
1.1120,0.6406
1.1125,0.6355
1.1131,0.6355
1.1136,0.6355
1.1142,0.6406
1.1147,0.6406
1.1153,0.6355
1.1158,0.6355
1.1164,0.6355
1.1169,0.6355
1.1175,0.6406
1.1180,0.6305
1.1186,0.6355
1.1191,0.6406
1.1197,0.6355
1.1202,0.6355
1.1208,0.6305
1.1213,0.6355
1.1219,0.6355
1.1224,0.6355
1.1230,0.6355
1.1235,0.6305
1.1241,0.6355
1.1246,0.6355
1.1252,0.6355
1.1257,0.6406
1.1263,0.6355
1.1268,0.6355
1.1274,0.6355
1.1279,0.6355
1.1285,0.6355
1.1290,0.6355
1.1296,0.6355
1.1301,0.6355
1.1307,0.6355
1.1312,0.6355
1.1318,0.6355
1.1323,0.6406
1.1329,0.6355
1.1334,0.6406
1.1340,0.6355
1.1345,0.6355
1.1351,0.6355
1.1357,0.6406
1.1362,0.6406
1.1368,0.6305
1.1373,0.6406
1.1379,0.6355
1.1384,0.6355
1.1390,0.6355
1.1395,0.6355
1.1401,0.6355
1.1406,0.6355
1.1412,0.6355
1.1417,0.6305
1.1423,0.6305
1.1428,0.6355
1.1434,0.6406
1.1439,0.6355
1.1445,0.6355
1.1450,0.6406
1.1456,0.6355
1.1461,0.6355
1.1467,0.6406
1.1472,0.6355
1.1478,0.6355
1.1483,0.6355
1.1489,0.6406
1.1494,0.6355
1.1500,0.6406
1.1505,0.6355
1.1511,0.6355
1.1516,0.6406
1.1522,0.6355
1.1527,0.6355
1.1533,0.6355
1.1538,0.6355
1.1544,0.6355
1.1549,0.6355
1.1555,0.6355
1.1561,0.6355
1.1566,0.6406
1.1572,0.6355
1.1577,0.6406
1.1583,0.6355
1.1588,0.6305
1.1594,0.6355
1.1599,0.6406
1.1605,0.6355
1.1610,0.6355
1.1616,0.6406
1.1621,0.6355
1.1627,0.6355
1.1632,0.6355
1.1638,0.6406
1.1643,0.6406
1.1649,0.6355
1.1654,0.6305
1.1660,0.6355
1.1665,0.6355
1.1671,0.6355
1.1676,0.6355
1.1682,0.6355
1.1687,0.6406
1.1693,0.6355
1.1699,0.6406
1.1704,0.6406
1.1710,0.6305
1.1715,0.6355
1.1721,0.6355
1.1726,0.6355
1.1732,0.6355
1.1737,0.6406
1.1743,0.6355
1.1748,0.6355
1.1754,0.6355
1.1759,0.6355
1.1765,0.6355
1.1770,0.6355
1.1776,0.6355
1.1781,0.6355
1.1787,0.6355
1.1792,0.6406
1.1798,0.6355
1.1803,0.6355
1.1809,0.6355
1.1814,0.6355
1.1820,0.6355
1.1825,0.6355
1.1831,0.6355
1.1836,0.6355
1.1842,0.6406
1.1847,0.6355
1.1853,0.6355
1.1858,0.6355
1.1864,0.6406
1.1869,0.6406
1.1875,0.6355
1.1880,0.6355
1.1886,0.6355
1.1892,0.6406
1.1897,0.6406
1.1903,0.6355
1.1908,0.6355
1.1914,0.6406
1.1919,0.6355
1.1925,0.6355
1.1930,0.6355
1.1936,0.6355
1.1941,0.6355
1.1947,0.6355
1.1952,0.6406
1.1958,0.6355
1.1963,0.6355
1.1969,0.6355
1.1974,0.6355
1.1980,0.6406
1.1985,0.6406
1.1991,0.6355
1.1996,0.6355
1.2002,0.6406
1.2007,0.6355
1.2013,0.6406
1.2018,0.6305
1.2024,0.6406
1.2029,0.6305
1.2035,0.6355
1.2040,0.6355
1.2046,0.6355
1.2051,0.6355
1.2057,0.6355
1.2062,0.6406
1.2068,0.6355
1.2073,0.6355
1.2079,0.6406
1.2084,0.6355
1.2090,0.6355
1.2095,0.6355
1.2101,0.6355
1.2106,0.6355
1.2112,0.6355
1.2117,0.6355
1.2123,0.6355
1.2128,0.6355
1.2134,0.6355
1.2139,0.6406
1.2145,0.6355
1.2150,0.6355
1.2156,0.6355
1.2161,0.6355
1.2167,0.6355
1.2172,0.6305
1.2178,0.6355
1.2183,0.6355
1.2189,0.6355
1.2195,0.6355
1.2200,0.6406
1.2206,0.6406
1.2211,0.6355
1.2217,0.6355
1.2222,0.6355
1.2228,0.6406
1.2233,0.6355
1.2239,0.6355
1.2244,0.6355
1.2250,0.6355
1.2255,0.6355
1.2261,0.6355
1.2266,0.6355
1.2272,0.6355
1.2277,0.6406
1.2283,0.6355
1.2288,0.6355
1.2293,0.6305
1.2299,0.6406
1.2304,0.6355
1.2310,0.6355
1.2315,0.6355
1.2321,0.6406
1.2326,0.6355
1.2332,0.6355
1.2337,0.6355
1.2343,0.6406
1.2348,0.6355
1.2354,0.6355
1.2359,0.6406
1.2365,0.6355
1.2370,0.6406
1.2376,0.6355
1.2381,0.6355
1.2387,0.6355
1.2392,0.6355
1.2398,0.6355
1.2403,0.6355
1.2409,0.6355
1.2414,0.6355
1.2420,0.6355
1.2425,0.6355
1.2431,0.6355
1.2436,0.6355
1.2442,0.6355
1.2447,0.6355
1.2453,0.6355
1.2458,0.6355
1.2464,0.6355
1.2469,0.6406
1.2475,0.6355
1.2480,0.6355
1.2486,0.6406
1.2491,0.6355
1.2497,0.6355
1.2502,0.6406
1.2508,0.6355
1.2513,0.6406
1.2519,0.6355
1.2524,0.6355
1.2530,0.6355
1.2535,0.6406
1.2541,0.6355
1.2546,0.6355
1.2552,0.6406
1.2557,0.6355
1.2563,0.6355
1.2568,0.6355
1.2574,0.6406
1.2579,0.6406
1.2585,0.6406
1.2590,0.6355
1.2596,0.6355
1.2601,0.6355
1.2607,0.6355
1.2612,0.6355
1.2618,0.6355
1.2623,0.6406
1.2629,0.6355
1.2634,0.6355
1.2640,0.6355
1.2645,0.6355
1.2651,0.6355
1.2656,0.6355
1.2662,0.6355
1.2667,0.6406
1.2673,0.6355
1.2678,0.6406
1.2684,0.6406
1.2689,0.6355
1.2695,0.6406
1.2700,0.6406
1.2706,0.6406
1.2711,0.6355
1.2717,0.6406
1.2722,0.6355
1.2728,0.6355
1.2733,0.6406
1.2739,0.6355
1.2744,0.6355
1.2750,0.6355
1.2756,0.6406
1.2761,0.6355
1.2767,0.6355
1.2772,0.6355
1.2778,0.6355
1.2783,0.6355
1.2789,0.6355
1.2795,0.6355
1.2800,0.6355
1.2806,0.6355
1.2811,0.6355
1.2817,0.6355
1.2822,0.6406
1.2828,0.6355
1.2833,0.6406
1.2839,0.6355
1.2844,0.6355
1.2850,0.6406
1.2855,0.6355
1.2861,0.6355
1.2866,0.6355
1.2872,0.6355
1.2877,0.6355
1.2883,0.6355
1.2888,0.6355
1.2894,0.6355
1.2900,0.6355
1.2905,0.6355
1.2911,0.6355
1.2916,0.6355
1.2922,0.6355
1.2927,0.6355
1.2933,0.6355
1.2938,0.6406
1.2944,0.6406
1.2949,0.6355
1.2955,0.6355
1.2960,0.6355
1.2966,0.6355
1.2971,0.6406
1.2977,0.6355
1.2982,0.6355
1.2988,0.6406
1.2993,0.6406
1.2999,0.6406
1.3004,0.6406
1.3010,0.6355
1.3015,0.6406
1.3021,0.6406
1.3026,0.6355
1.3032,0.6355
1.3037,0.6406
1.3043,0.6406
1.3048,0.6305
1.3054,0.6406
1.3059,0.6406
1.3065,0.6355
1.3070,0.6355
1.3076,0.6355
1.3081,0.6406
1.3087,0.6355
1.3092,0.6355
1.3098,0.6355
1.3103,0.6355
1.3109,0.6406
1.3114,0.6406
1.3120,0.6355
1.3125,0.6355
1.3131,0.6355
1.3136,0.6406
1.3142,0.6355
1.3147,0.6305
1.3153,0.6355
1.3158,0.6355
1.3164,0.6355
1.3169,0.6355
1.3175,0.6355
1.3180,0.6355
1.3186,0.6355
1.3191,0.6406
1.3197,0.6355
1.3202,0.6355
1.3208,0.6406
1.3214,0.6355
1.3219,0.6355
1.3225,0.6406
1.3230,0.6355
1.3236,0.6355
1.3241,0.6406
1.3247,0.6355
1.3252,0.6355
1.3258,0.6355
1.3263,0.6355
1.3269,0.6355
1.3274,0.6355
1.3280,0.6305
1.3285,0.6406
1.3291,0.6406
1.3296,0.6355
1.3302,0.6355
1.3307,0.6355
1.3313,0.6406
1.3318,0.6305
1.3324,0.6355
1.3329,0.6406
1.3335,0.6355
1.3340,0.6355
1.3346,0.6355
1.3351,0.6305
1.3357,0.6355
1.3362,0.6355
1.3368,0.6355
1.3373,0.6355
1.3379,0.6355
1.3384,0.6406
1.3390,0.6355
1.3395,0.6406
1.3401,0.6355
1.3406,0.6355
1.3412,0.6355
1.3417,0.6355
1.3423,0.6406
1.3428,0.6355
1.3434,0.6406
1.3439,0.6355
1.3445,0.6406
1.3450,0.6355
1.3456,0.6355
1.3461,0.6355
1.3467,0.6355
1.3472,0.6355
1.3478,0.6355
1.3483,0.6355
1.3489,0.6355
1.3494,0.6355
1.3500,0.6355
1.3505,0.6355
1.3511,0.6355
1.3516,0.6355
1.3522,0.6355
1.3527,0.6355
1.3533,0.6355
1.3538,0.6355
1.3544,0.6355
1.3549,0.6355
1.3555,0.6355
1.3560,0.6406
1.3566,0.6355
1.3572,0.6406
1.3577,0.6355
1.3583,0.6355
1.3588,0.6355
1.3594,0.6355
1.3600,0.6355
1.3605,0.6406
1.3611,0.6406
1.3616,0.6355
1.3622,0.6355
1.3627,0.6355
1.3633,0.6406
1.3638,0.6355
1.3644,0.6406
1.3649,0.6355
1.3655,0.6355
1.3660,0.6305
1.3666,0.6406
1.3671,0.6355
1.3677,0.6406
1.3682,0.6355
1.3688,0.6355
1.3693,0.6355
1.3699,0.6355
1.3704,0.6406
1.3710,0.6355
1.3715,0.6355
1.3721,0.6355
1.3726,0.6305
1.3732,0.6355
1.3737,0.6355
1.3743,0.6355
1.3748,0.6305
1.3754,0.6355
1.3759,0.6355
1.3765,0.6305
1.3770,0.6355
1.3776,0.6406
1.3781,0.6355
1.3787,0.6305
1.3792,0.6355
1.3798,0.6355
1.3804,0.6355
1.3809,0.6406
1.3815,0.6355
1.3820,0.6355
1.3826,0.6355
1.3831,0.6305
1.3837,0.6355
1.3842,0.6355
1.3848,0.6406
1.3853,0.6355
1.3859,0.6355
1.3864,0.6355
1.3870,0.6305
1.3875,0.6355
1.3881,0.6355
1.3886,0.6355
1.3892,0.6355
1.3897,0.6355
1.3903,0.6406
1.3908,0.6355
1.3914,0.6355
1.3919,0.6355
1.3925,0.6305
1.3930,0.6355
1.3936,0.6355
1.3941,0.6355
1.3947,0.6355
1.3952,0.6355
1.3958,0.6406
1.3963,0.6355
1.3969,0.6355
1.3974,0.6406
1.3980,0.6355
1.3985,0.6406
1.3991,0.6355
1.3996,0.6355
1.4002,0.6355
1.4007,0.6355
1.4013,0.6355
1.4018,0.6406
1.4024,0.6406
1.4029,0.6355
1.4035,0.6355
1.4040,0.6406
1.4046,0.6406
1.4051,0.6355
1.4057,0.6355
1.4062,0.6355
1.4068,0.6305
1.4073,0.6406
1.4079,0.6355
1.4084,0.6355
1.4090,0.6355
1.4095,0.6355
1.4101,0.6355
1.4106,0.6355
1.4112,0.6305
1.4117,0.6355
1.4123,0.6355
1.4128,0.6355
1.4134,0.6355
1.4139,0.6355
1.4145,0.6355
1.4150,0.6355
1.4156,0.6406
1.4162,0.6355
1.4167,0.6355
1.4173,0.6406
1.4178,0.6355
1.4184,0.6355
1.4189,0.6406
1.4195,0.6305
1.4200,0.6406
1.4206,0.6355
1.4211,0.6305
1.4217,0.6355
1.4222,0.6355
1.4228,0.6406
1.4233,0.6355
1.4239,0.6406
1.4244,0.6406
1.4250,0.6355
1.4255,0.6355
1.4261,0.6355
1.4266,0.6355
1.4272,0.6355
1.4277,0.6355
1.4283,0.6355
1.4288,0.6406
1.4294,0.6355
1.4300,0.6406
1.4305,0.6355
1.4311,0.6355
1.4316,0.6355
1.4322,0.6355
1.4327,0.6355
1.4333,0.6355
1.4338,0.6355
1.4344,0.6355
1.4349,0.6305
1.4355,0.6355
1.4360,0.6406
1.4366,0.6355
1.4371,0.6355
1.4377,0.6406
1.4382,0.6355
1.4388,0.6355
1.4393,0.6355
1.4399,0.6355
1.4404,0.6355
1.4410,0.6406
1.4415,0.6355
1.4421,0.6406
1.4426,0.6355
1.4432,0.6355
1.4437,0.6355
1.4443,0.6355
1.4448,0.6355
1.4454,0.6355
1.4459,0.6355
1.4465,0.6355
1.4470,0.6355
1.4476,0.6406
1.4481,0.6355
1.4487,0.6406
1.4492,0.6355
1.4498,0.6406
1.4503,0.6355
1.4509,0.6355
1.4514,0.6355
1.4520,0.6355
1.4525,0.6355
1.4531,0.6355
1.4536,0.6305
1.4542,0.6355
1.4547,0.6406
1.4553,0.6406
1.4558,0.6355
1.4564,0.6406
1.4569,0.6355
1.4575,0.6355
1.4580,0.6355
1.4586,0.6355
1.4591,0.6355
1.4597,0.6406
1.4602,0.6355
1.4608,0.6355
1.4613,0.6406
1.4619,0.6406
1.4624,0.6355
1.4630,0.6355
1.4635,0.6406
1.4641,0.6355
1.4646,0.6355
1.4652,0.6355
1.4657,0.6355
1.4663,0.6406
1.4668,0.6355
1.4674,0.6355
1.4679,0.6355
1.4685,0.6355
1.4690,0.6355
1.4696,0.6355
1.4701,0.6355
1.4707,0.6355
1.4712,0.6355
1.4718,0.6355
1.4723,0.6406
1.4729,0.6355
1.4734,0.6355
1.4740,0.6406
1.4745,0.6355
1.4751,0.6355
1.4757,0.6355
1.4762,0.6355
1.4768,0.6355
1.4773,0.6355
1.4779,0.6406
1.4784,0.6355
1.4790,0.6355
1.4795,0.6355
1.4801,0.6406
1.4806,0.6355
1.4812,0.6406
1.4817,0.6406
1.4823,0.6406
1.4828,0.6406
1.4834,0.6355
1.4839,0.6355
1.4845,0.6406
1.4850,0.6355
1.4856,0.6355
1.4861,0.6355
1.4867,0.6355
1.4872,0.6406
1.4878,0.6355
1.4883,0.6355
1.4889,0.6406
1.4894,0.6406
1.4900,0.6355
1.4905,0.6406
1.4911,0.6406
1.4916,0.6355
1.4922,0.6355
1.4927,0.6355
1.4933,0.6355
1.4938,0.6355
1.4944,0.6355
1.4950,0.6355
1.4955,0.6355
1.4961,0.6406
1.4966,0.6355
1.4972,0.6406
1.4977,0.6355
1.4983,0.6355
1.4988,0.6355
1.4994,0.6355
1.5000,0.6355
1.5005,0.6355
1.5011,0.6406
1.5016,0.6355
1.5022,0.6355
1.5027,0.6355
1.5033,0.6355
1.5038,0.6406
1.5044,0.6355
1.5049,0.6355
1.5055,0.6355
1.5060,0.6355
1.5066,0.6355
1.5071,0.6355
1.5077,0.6355
1.5082,0.6355
1.5088,0.6406
1.5093,0.6355
1.5099,0.6355
1.5104,0.6355
1.5110,0.6355
1.5115,0.6355
1.5121,0.6355
1.5126,0.6406
1.5132,0.6355
1.5137,0.6406
1.5143,0.6305
1.5148,0.6355
1.5154,0.6355
1.5159,0.6355
1.5165,0.6406
1.5170,0.6355
1.5176,0.6355
1.5181,0.6406
1.5187,0.6355
1.5192,0.6355
1.5198,0.6355
1.5203,0.6355
1.5209,0.6355
1.5214,0.6355
1.5220,0.6355
1.5225,0.6355
1.5231,0.6406
1.5236,0.6355
1.5242,0.6355
1.5247,0.6355
1.5253,0.6355
1.5258,0.6406
1.5264,0.6406
1.5269,0.6355
1.5275,0.6355
1.5280,0.6406
1.5286,0.6355
1.5291,0.6355
1.5297,0.6355
1.5302,0.6355
1.5308,0.6355
1.5313,0.6406
1.5319,0.6406
1.5324,0.6355
1.5330,0.6355
1.5335,0.6305
1.5341,0.6355
1.5346,0.6355
1.5352,0.6355
1.5357,0.6305
1.5363,0.6355
1.5368,0.6355
1.5374,0.6355
1.5379,0.6406
1.5385,0.6355
1.5390,0.6355
1.5396,0.6355
1.5401,0.6305
1.5407,0.6355
1.5412,0.6406
1.5418,0.6406
1.5423,0.6355
1.5429,0.6355
1.5434,0.6355
1.5440,0.6355
1.5445,0.6355
1.5451,0.6355
1.5456,0.6305
1.5462,0.6355
1.5467,0.6355
1.5473,0.6355
1.5478,0.6355
1.5484,0.6355
1.5489,0.6355
1.5495,0.6355
1.5500,0.6355
1.5506,0.6406
1.5511,0.6305
1.5517,0.6406
1.5522,0.6355
1.5528,0.6406
1.5533,0.6305
1.5538,0.6406
1.5544,0.6406
1.5549,0.6406
1.5555,0.6355
1.5560,0.6355
1.5566,0.6355
1.5572,0.6355
1.5577,0.6355
1.5583,0.6355
1.5589,0.6355
1.5594,0.6355
1.5600,0.6355
1.5605,0.6355
1.5611,0.6406
1.5616,0.6355
1.5622,0.6355
1.5627,0.6355
1.5633,0.6355
1.5638,0.6355
1.5644,0.6305
1.5649,0.6355
1.5655,0.6355
1.5660,0.6355
1.5666,0.6305
1.5671,0.6355
1.5677,0.6355
1.5682,0.6355
1.5688,0.6355
1.5693,0.6406
1.5699,0.6355
1.5704,0.6406
1.5710,0.6355
1.5715,0.6355
1.5721,0.6406
1.5726,0.6305
1.5732,0.6355
1.5737,0.6355
1.5743,0.6355
1.5748,0.6355
1.5754,0.6355
1.5759,0.6355
1.5765,0.6355
1.5770,0.6355
1.5776,0.6355
1.5782,0.6406
1.5787,0.6355
1.5793,0.6355
1.5798,0.6406
1.5804,0.6355
1.5809,0.6406
1.5815,0.6355
1.5820,0.6355
1.5826,0.6406
1.5831,0.6355
1.5837,0.6355
1.5842,0.6355
1.5848,0.6355
1.5853,0.6355
1.5859,0.6355
1.5864,0.6355
1.5870,0.6355
1.5875,0.6355
1.5881,0.6355
1.5886,0.6355
1.5892,0.6355
1.5897,0.6355
1.5903,0.6406
1.5908,0.6406
1.5914,0.6355
1.5919,0.6355
1.5925,0.6406
1.5930,0.6406
1.5936,0.6355
1.5941,0.6355
1.5947,0.6355
1.5952,0.6305
1.5958,0.6406
1.5963,0.6355
1.5969,0.6355
1.5975,0.6355
1.5980,0.6355
1.5986,0.6355
1.5991,0.6355
1.5997,0.6355
1.6002,0.6355
1.6008,0.6355
1.6013,0.6355
1.6019,0.6355
1.6024,0.6355
1.6030,0.6355
1.6035,0.6355
1.6041,0.6406
1.6046,0.6355
1.6052,0.6305
1.6057,0.6355
1.6063,0.6355
1.6068,0.6355
1.6074,0.6355
1.6079,0.6406
1.6085,0.6355
1.6090,0.6355
1.6096,0.6355
1.6101,0.6355
1.6107,0.6355
1.6112,0.6406
1.6118,0.6305
1.6123,0.6355
1.6129,0.6355
1.6134,0.6355
1.6140,0.6355
1.6145,0.6406
1.6151,0.6355
1.6156,0.6355
1.6162,0.6406
1.6167,0.6355
1.6173,0.6355
1.6178,0.6355
1.6184,0.6355
1.6189,0.6406
1.6195,0.6355
1.6200,0.6355
1.6206,0.6406
1.6211,0.6355
1.6217,0.6355
1.6222,0.6355
1.6228,0.6406
1.6233,0.6355
1.6239,0.6355
1.6244,0.6355
1.6250,0.6355
1.6255,0.6355
1.6261,0.6355
1.6266,0.6355
1.6272,0.6406
1.6277,0.6355
1.6283,0.6406
1.6288,0.6355
1.6294,0.6406
1.6299,0.6355
1.6305,0.6406
1.6310,0.6355
1.6316,0.6355
1.6321,0.6355
1.6327,0.6355
1.6332,0.6355
1.6338,0.6355
1.6343,0.6355
1.6349,0.6355
1.6354,0.6355
1.6360,0.6406
1.6365,0.6355
1.6371,0.6305
1.6376,0.6355
1.6382,0.6406
1.6387,0.6355
1.6393,0.6355
1.6399,0.6355
1.6404,0.6355
1.6410,0.6355
1.6415,0.6355
1.6421,0.6355
1.6426,0.6355
1.6432,0.6355
1.6437,0.6355
1.6443,0.6406
1.6448,0.6355
1.6454,0.6355
1.6459,0.6355
1.6465,0.6355
1.6470,0.6355
1.6476,0.6355
1.6481,0.6355
1.6487,0.6355
1.6492,0.6355
1.6498,0.6305
1.6503,0.6355
1.6509,0.6406
1.6514,0.6406
1.6520,0.6355
1.6526,0.6406
1.6531,0.6406
1.6537,0.6355
1.6542,0.6355
1.6548,0.6355
1.6553,0.6355
1.6559,0.6355
1.6565,0.6305
1.6570,0.6355
1.6576,0.6355
1.6581,0.6406
1.6587,0.6355
1.6592,0.6305
1.6598,0.6355
1.6603,0.6355
1.6609,0.6355
1.6614,0.6406
1.6620,0.6305
1.6625,0.6355
1.6631,0.6355
1.6636,0.6355
1.6642,0.6355
1.6647,0.6355
1.6653,0.6355
1.6658,0.6406
1.6664,0.6355
1.6669,0.6406
1.6675,0.6406
1.6680,0.6355
1.6686,0.6355
1.6692,0.6355
1.6697,0.6355
1.6703,0.6355
1.6708,0.6355
1.6714,0.6406
1.6719,0.6355
1.6725,0.6355
1.6730,0.6355
1.6736,0.6355
1.6741,0.6355
1.6747,0.6355
1.6752,0.6406
1.6758,0.6305
1.6763,0.6406
1.6769,0.6355
1.6774,0.6355
1.6780,0.6355
1.6785,0.6355
1.6791,0.6355
1.6796,0.6355
1.6802,0.6406
1.6807,0.6355
1.6813,0.6355
1.6818,0.6355
1.6824,0.6406
1.6829,0.6355
1.6835,0.6355
1.6841,0.6355
1.6846,0.6355
1.6852,0.6355
1.6857,0.6355
1.6863,0.6406
1.6868,0.6355
1.6874,0.6355
1.6879,0.6355
1.6885,0.6305
1.6890,0.6355
1.6896,0.6305
1.6901,0.6355
1.6907,0.6355
1.6912,0.6406
1.6918,0.6355
1.6923,0.6406
1.6929,0.6305
1.6934,0.6406
1.6940,0.6355
1.6945,0.6355
1.6951,0.6355
1.6956,0.6355
1.6962,0.6355
1.6967,0.6355
1.6973,0.6406
1.6978,0.6355
1.6984,0.6355
1.6989,0.6406
1.6995,0.6355
1.7000,0.6355
1.7006,0.6355
1.7011,0.6355
1.7017,0.6305
1.7022,0.6406
1.7028,0.6355
1.7033,0.6355
1.7039,0.6355
1.7044,0.6355
1.7050,0.6355
1.7055,0.6355
1.7061,0.6355
1.7066,0.6355
1.7072,0.6355
1.7077,0.6355
1.7083,0.6355
1.7088,0.6355
1.7094,0.6355
1.7100,0.6406
1.7105,0.6305
1.7111,0.6355
1.7116,0.6406
1.7122,0.6355
1.7127,0.6355
1.7133,0.6355
1.7138,0.6406
1.7144,0.6355
1.7149,0.6355
1.7155,0.6406
1.7160,0.6305
1.7166,0.6406
1.7171,0.6355
1.7177,0.6355
1.7182,0.6406
1.7188,0.6355
1.7193,0.6355
1.7199,0.6355
1.7204,0.6355
1.7210,0.6355
1.7215,0.6305
1.7221,0.6355
1.7226,0.6406
1.7232,0.6355
1.7237,0.6355
1.7243,0.6355
1.7248,0.6355
1.7254,0.6406
1.7259,0.6355
1.7265,0.6355
1.7270,0.6355
1.7276,0.6355
1.7281,0.6406
1.7287,0.6406
1.7292,0.6305
1.7298,0.6406
1.7303,0.6406
1.7309,0.6355
1.7314,0.6305
1.7320,0.6406
1.7325,0.6355
1.7331,0.6355
1.7336,0.6406
1.7342,0.6406
1.7347,0.6355
1.7353,0.6355
1.7358,0.6355
1.7364,0.6406
1.7369,0.6355
1.7375,0.6406
1.7380,0.6406
1.7386,0.6406
1.7391,0.6355
1.7397,0.6355
1.7403,0.6305
1.7408,0.6355
1.7414,0.6355
1.7419,0.6355
1.7425,0.6355
1.7430,0.6355
1.7436,0.6406
1.7441,0.6406
1.7447,0.6355
1.7452,0.6355
1.7458,0.6355
1.7463,0.6355
1.7469,0.6355
1.7474,0.6355
1.7480,0.6355
1.7485,0.6355
1.7491,0.6355
1.7496,0.6355
1.7502,0.6355
1.7507,0.6305
1.7513,0.6355
1.7518,0.6355
1.7524,0.6355
1.7529,0.6355
1.7535,0.6355
1.7540,0.6355
1.7546,0.6355
1.7551,0.6355
1.7557,0.6406
1.7562,0.6355
1.7568,0.6355
1.7573,0.6355
1.7579,0.6355
1.7584,0.6305
1.7590,0.6355
1.7595,0.6355
1.7601,0.6406
1.7606,0.6355
1.7612,0.6355
1.7617,0.6406
1.7623,0.6355
1.7628,0.6305
1.7634,0.6355
1.7639,0.6355
1.7645,0.6355
1.7650,0.6305
1.7656,0.6355
1.7661,0.6355
1.7667,0.6355
1.7672,0.6355
1.7678,0.6355
1.7683,0.6355
1.7689,0.6406
1.7694,0.6406
1.7700,0.6355
1.7705,0.6355
1.7711,0.6406
1.7716,0.6355
1.7722,0.6355
1.7727,0.6355
1.7733,0.6406
1.7738,0.6355
1.7744,0.6406
1.7749,0.6355
1.7755,0.6355
1.7761,0.6355
1.7766,0.6355
1.7772,0.6355
1.7777,0.6355
1.7783,0.6355
1.7788,0.6355
1.7794,0.6355
1.7800,0.6355
1.7805,0.6355
1.7811,0.6355
1.7816,0.6406
1.7822,0.6355
1.7827,0.6355
1.7833,0.6406
1.7838,0.6355
1.7844,0.6355
1.7849,0.6355
1.7855,0.6406
1.7861,0.6355
1.7866,0.6355
1.7872,0.6406
1.7877,0.6355
1.7883,0.6305
1.7888,0.6305
1.7894,0.6355
1.7899,0.6406
1.7905,0.6355
1.7910,0.6355
1.7916,0.6406
1.7921,0.6355
1.7927,0.6406
1.7932,0.6406
1.7938,0.6355
1.7943,0.6406
1.7949,0.6355
1.7954,0.6355
1.7960,0.6355
1.7965,0.6355
1.7971,0.6355
1.7976,0.6355
1.7982,0.6406
1.7987,0.6406
1.7993,0.6305
1.7998,0.6355
1.8004,0.6355
1.8009,0.6355
1.8015,0.6305
1.8020,0.6355
1.8026,0.6355
1.8031,0.6355
1.8037,0.6355
1.8042,0.6355
1.8048,0.6355
1.8053,0.6406
1.8059,0.6355
1.8064,0.6355
1.8070,0.6355
1.8075,0.6355
1.8081,0.6355
1.8086,0.6355
1.8092,0.6355
1.8097,0.6355
1.8103,0.6355
1.8108,0.6406
1.8114,0.6355
1.8120,0.6355
1.8125,0.6355
1.8131,0.6406
1.8136,0.6406
1.8142,0.6355
1.8147,0.6406
1.8153,0.6355
1.8158,0.6355
1.8164,0.6355
1.8169,0.6406
1.8175,0.6355
1.8180,0.6355
1.8186,0.6355
1.8191,0.6355
1.8197,0.6355
1.8202,0.6406
1.8208,0.6305
1.8213,0.6406
1.8219,0.6355
1.8224,0.6406
1.8230,0.6355
1.8235,0.6355
1.8241,0.6355
1.8246,0.6355
1.8252,0.6355
1.8257,0.6355
1.8263,0.6355
1.8268,0.6406
1.8274,0.6406
1.8279,0.6355
1.8285,0.6406
1.8290,0.6406
1.8296,0.6355
1.8301,0.6355
1.8307,0.6355
1.8312,0.6355
1.8318,0.6305
1.8323,0.6305
1.8329,0.6355
1.8334,0.6355
1.8340,0.6355
1.8345,0.6355
1.8351,0.6355
1.8356,0.6305
1.8362,0.6355
1.8367,0.6406
1.8373,0.6355
1.8378,0.6355
1.8384,0.6355
1.8389,0.6355
1.8395,0.6355
1.8400,0.6355
1.8406,0.6406
1.8411,0.6355
1.8417,0.6406
1.8422,0.6355
1.8428,0.6355
1.8433,0.6355
1.8439,0.6355
1.8444,0.6406
1.8450,0.6355
1.8455,0.6355
1.8461,0.6355
1.8466,0.6355
1.8472,0.6355
1.8477,0.6355
1.8483,0.6355
1.8488,0.6355
1.8494,0.6355
1.8500,0.6355
1.8505,0.6355
1.8511,0.6406
1.8516,0.6355
1.8522,0.6355
1.8527,0.6355
1.8533,0.6355
1.8538,0.6406
1.8544,0.6355
1.8549,0.6355
1.8555,0.6355
1.8560,0.6305
1.8566,0.6406
1.8571,0.6355
1.8577,0.6355
1.8582,0.6406
1.8588,0.6406
1.8593,0.6406
1.8599,0.6406
1.8604,0.6305
1.8610,0.6355
1.8615,0.6355
1.8621,0.6355
1.8626,0.6355
1.8632,0.6355
1.8637,0.6305
1.8643,0.6406
1.8648,0.6355
1.8654,0.6355
1.8659,0.6355
1.8665,0.6355
1.8670,0.6355
1.8676,0.6406
1.8681,0.6355
1.8687,0.6355
1.8692,0.6355
1.8698,0.6406
1.8703,0.6355
1.8709,0.6305
1.8714,0.6355
1.8720,0.6355
1.8725,0.6355
1.8731,0.6406
1.8736,0.6355
1.8742,0.6355
1.8747,0.6355
1.8753,0.6406
1.8758,0.6305
1.8764,0.6355
1.8769,0.6355
1.8775,0.6355
1.8780,0.6355
1.8786,0.6355
1.8791,0.6355
1.8797,0.6355
1.8802,0.6355
1.8808,0.6355
1.8813,0.6305
1.8819,0.6355
1.8824,0.6355
1.8830,0.6355
1.8836,0.6355
1.8841,0.6355
1.8847,0.6406
1.8852,0.6355
1.8858,0.6355
1.8863,0.6355
1.8869,0.6355
1.8874,0.6355
1.8880,0.6355
1.8885,0.6355
1.8891,0.6355
1.8896,0.6355
1.8902,0.6406
1.8907,0.6355
1.8913,0.6406
1.8918,0.6355
1.8924,0.6355
1.8929,0.6355
1.8935,0.6355
1.8940,0.6355
1.8946,0.6406
1.8951,0.6406
1.8957,0.6406
1.8962,0.6406
1.8968,0.6355
1.8973,0.6355
1.8979,0.6406
1.8984,0.6355
1.8990,0.6355
1.8995,0.6355
1.9001,0.6355
1.9006,0.6355
1.9012,0.6355
1.9017,0.6406
1.9023,0.6355
1.9028,0.6355
1.9034,0.6355
1.9039,0.6355
1.9045,0.6355
1.9050,0.6355
1.9056,0.6355
1.9062,0.6355
1.9067,0.6355
1.9073,0.6355
1.9078,0.6355
1.9084,0.6355
1.9089,0.6406
1.9095,0.6355
1.9100,0.6355
1.9106,0.6355
1.9111,0.6355
1.9117,0.6355
1.9122,0.6355
1.9128,0.6355
1.9133,0.6355
1.9139,0.6355
1.9144,0.6355
1.9150,0.6355
1.9155,0.6406
1.9161,0.6355
1.9166,0.6355
1.9172,0.6355
1.9177,0.6355
1.9183,0.6355
1.9188,0.6355
1.9194,0.6355
1.9200,0.6355
1.9205,0.6355
1.9211,0.6355
1.9216,0.6406
1.9222,0.6355
1.9227,0.6355
1.9233,0.6355
1.9238,0.6355
1.9244,0.6406
1.9249,0.6355
1.9255,0.6355
1.9260,0.6355
1.9266,0.6305
1.9271,0.6406
1.9277,0.6355
1.9282,0.6355
1.9288,0.6305
1.9293,0.6355
1.9299,0.6406
1.9304,0.6305
1.9310,0.6355
1.9315,0.6355
1.9321,0.6355
1.9326,0.6355
1.9332,0.6355
1.9337,0.6406
1.9343,0.6406
1.9348,0.6355
1.9354,0.6355
1.9359,0.6355
1.9365,0.6305
1.9370,0.6406
1.9376,0.6355
1.9381,0.6355
1.9387,0.6355
1.9392,0.6406
1.9398,0.6355
1.9403,0.6355
1.9409,0.6355
1.9414,0.6355
1.9420,0.6355
1.9425,0.6355
1.9431,0.6406
1.9436,0.6355
1.9442,0.6355
1.9447,0.6355
1.9453,0.6355
1.9458,0.6355
1.9464,0.6355
1.9469,0.6305
1.9475,0.6305
1.9480,0.6355
1.9486,0.6305
1.9492,0.6305
1.9497,0.6355
1.9503,0.6355
1.9509,0.6406
1.9514,0.6355
1.9520,0.6406
1.9525,0.6406
1.9531,0.6406
1.9536,0.6355
1.9542,0.6355
1.9547,0.6355
1.9553,0.6305
1.9558,0.6305
1.9564,0.6355
1.9569,0.6355
1.9575,0.6355
1.9580,0.6355
1.9586,0.6355
1.9591,0.6355
1.9597,0.6355
1.9602,0.6355
1.9608,0.6355
1.9613,0.6355
1.9619,0.6355
1.9624,0.6406
1.9630,0.6355
1.9635,0.6355
1.9641,0.6355
1.9646,0.6355
1.9652,0.6355
1.9657,0.6355
1.9663,0.6406
1.9668,0.6355
1.9674,0.6406
1.9679,0.6355
1.9685,0.6355
1.9690,0.6355
1.9696,0.6355
1.9701,0.6355
1.9707,0.6355
1.9712,0.6305
1.9718,0.6355
1.9723,0.6355
1.9729,0.6355
1.9734,0.6406
1.9740,0.6355
1.9745,0.6355
1.9751,0.6406
1.9756,0.6406
1.9762,0.6355
1.9767,0.6355
1.9773,0.6355
1.9778,0.6355
1.9784,0.6406
1.9789,0.6355
1.9795,0.6406
1.9800,0.6406
1.9806,0.6305
1.9811,0.6355
1.9817,0.6406
1.9822,0.6355
1.9828,0.6355
1.9833,0.6355
1.9839,0.6355
1.9844,0.6355
1.9850,0.6355
1.9855,0.6355
1.9861,0.6305
1.9867,0.6355
1.9872,0.6355
1.9878,0.6355
1.9883,0.6355
1.9889,0.6305
1.9894,0.6406
1.9900,0.6305
1.9905,0.6355
1.9911,0.6355
1.9916,0.6406
1.9922,0.6355
1.9927,0.6355
1.9933,0.6355
1.9938,0.6355
1.9944,0.6406
1.9949,0.6355
1.9955,0.6355
1.9960,0.6406
1.9966,0.6355
1.9971,0.6305
1.9977,0.6355
1.9982,0.6406
1.9988,0.6355
1.9993,0.6355
1.9999,0.6355
2.0004,0.6406
2.0010,0.6305
2.0015,0.6355
2.0021,0.6355
2.0026,0.6355
2.0032,0.6355
2.0037,0.6305
2.0043,0.6355
2.0048,0.6355
2.0054,0.6305
2.0059,0.6355
2.0065,0.6355
2.0070,0.6305
2.0076,0.6355
2.0081,0.6355
2.0087,0.6355
2.0092,0.6355
2.0098,0.6355
2.0104,0.6355
2.0109,0.6355
2.0115,0.6305
2.0120,0.6406
2.0126,0.6355
2.0131,0.6406
2.0137,0.6406
2.0143,0.6355
2.0148,0.6355
2.0154,0.6406
2.0159,0.6355
2.0165,0.6406
2.0170,0.6355
2.0176,0.6355
2.0181,0.6355
2.0187,0.6355
2.0192,0.6406
2.0198,0.6355
2.0203,0.6355
2.0209,0.6355
2.0214,0.6355
2.0220,0.6355
2.0225,0.6355
2.0231,0.6355
2.0236,0.6406
2.0241,0.6355
2.0247,0.6355
2.0252,0.6355
2.0258,0.6355
2.0263,0.6355
2.0269,0.6355
2.0274,0.6406
2.0280,0.6406
2.0285,0.6355
2.0291,0.6355
2.0296,0.6355
2.0302,0.6355
2.0307,0.6406
2.0312,0.6406
2.0318,0.6305
2.0323,0.6355
2.0329,0.6305
2.0334,0.6355
2.0340,0.6355
2.0345,0.6355
2.0351,0.6355
2.0356,0.6355
2.0362,0.6355
2.0367,0.6355
2.0373,0.6305
2.0378,0.6355
2.0383,0.6355
2.0389,0.6355
2.0394,0.6355
2.0400,0.6406
2.0405,0.6355
2.0411,0.6355
2.0416,0.6355
2.0422,0.6355
2.0427,0.6355
2.0433,0.6406
2.0438,0.6355
2.0443,0.6406
2.0449,0.6355
2.0454,0.6355
2.0460,0.6355
2.0465,0.6355
2.0471,0.6355
2.0476,0.6406
2.0482,0.6355
2.0487,0.6355
2.0493,0.6355
2.0498,0.6355
2.0504,0.6355
2.0509,0.6305
2.0515,0.6355
2.0520,0.6355
2.0526,0.6305
2.0531,0.6355
2.0537,0.6406
2.0542,0.6406
2.0548,0.6355
2.0553,0.6355
2.0559,0.6355
2.0564,0.6355
2.0570,0.6355
2.0575,0.6355
2.0581,0.6355
2.0586,0.6355
2.0592,0.6355
2.0598,0.6305
2.0603,0.6406
2.0609,0.6305
2.0614,0.6355
2.0619,0.6406
2.0625,0.6406
2.0630,0.6406
2.0636,0.6406
2.0641,0.6355
2.0647,0.6355
2.0652,0.6406
2.0658,0.6355
2.0663,0.6406
2.0669,0.6355
2.0674,0.6355
2.0680,0.6305
2.0685,0.6355
2.0691,0.6406
2.0696,0.6355
2.0702,0.6406
2.0707,0.6355
2.0713,0.6355
2.0718,0.6355
2.0724,0.6406
2.0730,0.6406
2.0735,0.6355
2.0741,0.6355
2.0746,0.6355
2.0751,0.6355
2.0757,0.6355
2.0763,0.6406
2.0768,0.6355
2.0774,0.6355
2.0779,0.6355
2.0784,0.6355
2.0790,0.6355
2.0795,0.6355
2.0801,0.6355
2.0806,0.6355
2.0812,0.6355
2.0817,0.6355
2.0823,0.6355
2.0828,0.6355
2.0834,0.6355
2.0839,0.6355
2.0845,0.6355
2.0851,0.6355
2.0856,0.6355
2.0862,0.6355
2.0867,0.6355
2.0873,0.6355
2.0878,0.6355
2.0884,0.6355
2.0889,0.6406
2.0895,0.6406
2.0900,0.6355
2.0906,0.6355
2.0911,0.6406
2.0917,0.6355
2.0922,0.6355
2.0928,0.6406
2.0933,0.6355
2.0939,0.6355
2.0944,0.6355
2.0950,0.6355
2.0955,0.6355
2.0961,0.6355
2.0966,0.6355
2.0972,0.6406
2.0977,0.6355
2.0983,0.6355
2.0988,0.6355
2.0994,0.6355
2.0999,0.6305
2.1005,0.6355
2.1010,0.6355
2.1016,0.6355
2.1021,0.6355
2.1027,0.6355
2.1032,0.6355
2.1038,0.6355
2.1043,0.6406
2.1049,0.6355
2.1054,0.6355
2.1060,0.6355
2.1065,0.6355
2.1071,0.6355
2.1076,0.6355
2.1082,0.6305
2.1087,0.6406
2.1093,0.6355
2.1098,0.6406
2.1104,0.6355
2.1109,0.6355
2.1115,0.6355
2.1120,0.6355
2.1126,0.6355
2.1131,0.6305
2.1137,0.6355
2.1142,0.6305
2.1148,0.6355
2.1153,0.6406
2.1159,0.6355
2.1164,0.6355
2.1170,0.6355
2.1175,0.6355
2.1181,0.6355
2.1186,0.6355
2.1192,0.6406
2.1197,0.6355
2.1203,0.6355
2.1208,0.6355
2.1214,0.6355
2.1219,0.6406
2.1225,0.6355
2.1230,0.6355
2.1236,0.6355
2.1241,0.6355
2.1247,0.6355
2.1252,0.6355
2.1258,0.6355
2.1263,0.6406
2.1269,0.6406
2.1274,0.6355
2.1280,0.6406
2.1285,0.6406
2.1291,0.6355
2.1297,0.6355
2.1302,0.6355
2.1308,0.6355
2.1313,0.6355
2.1319,0.6355
2.1324,0.6355
2.1330,0.6355
2.1335,0.6305
2.1341,0.6355
2.1346,0.6406
2.1352,0.6355
2.1357,0.6355
2.1363,0.6406
2.1368,0.6355
2.1374,0.6355
2.1379,0.6355
2.1385,0.6355
2.1390,0.6355
2.1396,0.6355
2.1401,0.6355
2.1407,0.6406
2.1412,0.6355
2.1418,0.6406
2.1423,0.6355
2.1429,0.6355
2.1434,0.6406
2.1440,0.6355
2.1445,0.6305
2.1451,0.6355
2.1456,0.6355
2.1462,0.6355
2.1467,0.6406
2.1473,0.6355
2.1478,0.6355
2.1484,0.6305
2.1489,0.6406
2.1495,0.6355
2.1500,0.6355
2.1506,0.6355
2.1511,0.6355
2.1517,0.6406
2.1522,0.6355
2.1528,0.6355
2.1533,0.6305
2.1539,0.6355
2.1544,0.6355
2.1550,0.6355
2.1555,0.6406
2.1561,0.6406
2.1566,0.6355
2.1572,0.6355
2.1577,0.6355
2.1583,0.6355
2.1588,0.6355
2.1594,0.6355
2.1599,0.6355
2.1605,0.6355
2.1610,0.6305
2.1616,0.6355
2.1621,0.6406
2.1627,0.6355
2.1632,0.6355
2.1638,0.6355
2.1643,0.6406
2.1649,0.6406
2.1654,0.6355
2.1660,0.6406
2.1665,0.6355
2.1671,0.6355
2.1676,0.6305
2.1682,0.6305
2.1687,0.6406
2.1693,0.6355
2.1698,0.6355
2.1704,0.6355
2.1709,0.6355
2.1715,0.6355
2.1720,0.6305
2.1726,0.6355
2.1731,0.6406
2.1737,0.6355
2.1742,0.6355
2.1748,0.6355
2.1753,0.6355
2.1759,0.6406
2.1765,0.6355
2.1770,0.6406
2.1776,0.6355
2.1781,0.6355
2.1787,0.6355
2.1792,0.6355
2.1798,0.6406
2.1803,0.6355
2.1809,0.6355
2.1814,0.6355
2.1820,0.6355
2.1825,0.6305
2.1831,0.6305
2.1836,0.6406
2.1842,0.6355
2.1847,0.6355
2.1853,0.6406
2.1858,0.6406
2.1864,0.6355
2.1870,0.6355
2.1875,0.6355
2.1881,0.6355
2.1886,0.6355
2.1892,0.6355
2.1897,0.6355
2.1903,0.6355
2.1908,0.6406
2.1914,0.6355
2.1919,0.6355
2.1924,0.6355
2.1930,0.6355
2.1935,0.6355
2.1941,0.6355
2.1946,0.6355
2.1952,0.6355
2.1957,0.6355
2.1963,0.6355
2.1968,0.6355
2.1974,0.6355
2.1979,0.6355
2.1985,0.6406
2.1991,0.6355
2.1996,0.6406
2.2002,0.6406
2.2007,0.6355
2.2013,0.6355
2.2018,0.6355
2.2024,0.6406
2.2029,0.6355
2.2035,0.6355
2.2040,0.6355
2.2046,0.6355
2.2051,0.6406
2.2057,0.6355
2.2062,0.6355
2.2068,0.6355
2.2073,0.6355
2.2079,0.6355
2.2084,0.6355
2.2090,0.6355
2.2095,0.6406
2.2101,0.6305
2.2106,0.6355
2.2112,0.6355
2.2118,0.6355
2.2123,0.6355
2.2129,0.6355
2.2135,0.6355
2.2140,0.6355
2.2146,0.6305
2.2151,0.6355
2.2157,0.6355
2.2162,0.6305
2.2168,0.6355
2.2173,0.6355
2.2179,0.6406
2.2184,0.6305
2.2190,0.6355
2.2195,0.6355
2.2201,0.6355
2.2206,0.6406
2.2212,0.6355
2.2217,0.6355
2.2222,0.6406
2.2228,0.6406
2.2233,0.6305
2.2239,0.6355
2.2244,0.6355
2.2250,0.6305
2.2255,0.6355
2.2261,0.6355
2.2266,0.6355
2.2272,0.6355
2.2277,0.6355
2.2283,0.6355
2.2288,0.6355
2.2294,0.6355
2.2299,0.6355
2.2305,0.6355
2.2310,0.6355
2.2316,0.6406
2.2321,0.6305
2.2326,0.6406
2.2332,0.6406
2.2337,0.6355
2.2343,0.6406
2.2348,0.6305
2.2354,0.6406
2.2359,0.6355
2.2365,0.6406
2.2370,0.6355
2.2376,0.6355
2.2381,0.6406
2.2387,0.6355
2.2392,0.6406
2.2397,0.6355
2.2403,0.6355
2.2408,0.6355
2.2414,0.6406
2.2419,0.6406
2.2425,0.6355
2.2430,0.6355
2.2436,0.6355
2.2441,0.6355
2.2447,0.6406
2.2452,0.6355
2.2457,0.6355
2.2463,0.6355
2.2468,0.6355
2.2474,0.6406
2.2479,0.6355
2.2485,0.6355
2.2490,0.6355
2.2496,0.6355
2.2501,0.6406
2.2507,0.6305
2.2512,0.6406
2.2518,0.6355
2.2523,0.6355
2.2529,0.6355
2.2534,0.6355
2.2540,0.6406
2.2545,0.6355
2.2551,0.6355
2.2557,0.6355
2.2562,0.6355
2.2568,0.6355
2.2573,0.6355
2.2579,0.6355
2.2584,0.6355
2.2590,0.6355
2.2595,0.6355
2.2601,0.6355
2.2606,0.6355
2.2612,0.6355
2.2617,0.6406
2.2623,0.6355
2.2628,0.6355
2.2634,0.6355
2.2639,0.6355
2.2645,0.6355
2.2650,0.6305
2.2656,0.6355
2.2661,0.6406
2.2667,0.6355
2.2672,0.6355
2.2678,0.6355
2.2684,0.6406
2.2689,0.6406
2.2695,0.6355
2.2700,0.6355
2.2706,0.6355
2.2711,0.6355
2.2717,0.6406
2.2722,0.6406
2.2728,0.6355
2.2733,0.6355
2.2739,0.6355
2.2744,0.6355
2.2749,0.6406
2.2755,0.6305
2.2762,0.6355
2.2767,0.6406
2.2773,0.6355
2.2778,0.6355
2.2784,0.6406
2.2789,0.6355
2.2794,0.6305
2.2800,0.6355
2.2805,0.6355
2.2811,0.6355
2.2816,0.6355
2.2822,0.6406
2.2827,0.6355
2.2833,0.6406
2.2838,0.6355
2.2844,0.6355
2.2849,0.6355
2.2855,0.6355
2.2861,0.6355
2.2866,0.6406
2.2872,0.6406
2.2878,0.6355
2.2883,0.6355
2.2889,0.6355
2.2894,0.6355
2.2900,0.6406
2.2905,0.6305
2.2911,0.6355
2.2916,0.6355
2.2922,0.6406
2.2927,0.6355
2.2933,0.6355
2.2938,0.6406
2.2944,0.6355
2.2949,0.6355
2.2955,0.6406
2.2960,0.6355
2.2966,0.6355
2.2971,0.6355
2.2977,0.6355
2.2982,0.6305
2.2987,0.6406
2.2993,0.6305
2.2998,0.6305
2.3004,0.6406
2.3009,0.6355
2.3015,0.6406
2.3020,0.6355
2.3026,0.6355
2.3031,0.6355
2.3037,0.6355
2.3042,0.6355
2.3048,0.6355
2.3053,0.6355
2.3058,0.6355
2.3064,0.6355
2.3069,0.6355
2.3075,0.6355
2.3080,0.6355
2.3086,0.6355
2.3091,0.6355
2.3097,0.6355
2.3102,0.6355
2.3108,0.6355
2.3113,0.6355
2.3119,0.6305
2.3124,0.6355
2.3130,0.6355
2.3135,0.6355
2.3141,0.6355
2.3146,0.6355
2.3152,0.6355
2.3157,0.6355
2.3163,0.6406
2.3168,0.6355
2.3174,0.6355
2.3179,0.6355
2.3185,0.6355
2.3190,0.6355
2.3196,0.6355
2.3201,0.6355
2.3207,0.6406
2.3212,0.6305
2.3218,0.6355
2.3223,0.6406
2.3229,0.6355
2.3234,0.6355
2.3240,0.6305
2.3245,0.6355
2.3251,0.6355
2.3256,0.6355
2.3262,0.6355
2.3267,0.6305
2.3273,0.6355
2.3278,0.6406
2.3284,0.6305
2.3289,0.6406
2.3295,0.6355
2.3300,0.6355
2.3306,0.6355
2.3311,0.6355
2.3317,0.6355
2.3322,0.6355
2.3328,0.6355
2.3333,0.6406
2.3339,0.6355
2.3344,0.6406
2.3350,0.6355
2.3355,0.6355
2.3361,0.6355
2.3366,0.6406
2.3372,0.6355
2.3377,0.6355
2.3383,0.6305
2.3389,0.6355
2.3394,0.6355
2.3400,0.6355
2.3405,0.6355
2.3411,0.6355
2.3416,0.6406
2.3422,0.6305
2.3427,0.6355
2.3433,0.6355
2.3438,0.6355
2.3444,0.6406
2.3449,0.6355
2.3455,0.6355
2.3460,0.6355
2.3466,0.6355
2.3471,0.6355
2.3477,0.6406
2.3482,0.6355
2.3488,0.6355
2.3493,0.6355
2.3499,0.6355
2.3504,0.6355
2.3510,0.6355
2.3515,0.6355
2.3521,0.6355
2.3526,0.6355
2.3532,0.6406
2.3537,0.6406
2.3543,0.6355
2.3548,0.6406
2.3554,0.6355
2.3559,0.6305
2.3565,0.6406
2.3570,0.6355
2.3576,0.6355
2.3581,0.6355
2.3587,0.6355
2.3592,0.6355
2.3598,0.6305
2.3603,0.6305
2.3609,0.6355
2.3614,0.6355
2.3620,0.6355
2.3625,0.6355
2.3631,0.6406
2.3636,0.6355
2.3642,0.6355
2.3647,0.6355
2.3653,0.6355
2.3658,0.6355
2.3664,0.6355
2.3669,0.6355
2.3675,0.6355
2.3680,0.6355
2.3686,0.6355
2.3691,0.6355
2.3697,0.6305
2.3702,0.6305
2.3708,0.6355
2.3713,0.6355
2.3719,0.6355
2.3724,0.6355
2.3730,0.6406
2.3735,0.6355
2.3741,0.6355
2.3746,0.6355
2.3751,0.6305
2.3757,0.6355
2.3763,0.6406
2.3768,0.6355
2.3774,0.6355
2.3779,0.6305
2.3785,0.6355
2.3790,0.6355
2.3795,0.6355
2.3801,0.6406
2.3807,0.6355
2.3812,0.6355
2.3818,0.6355
2.3823,0.6355
2.3829,0.6406
2.3834,0.6355
2.3840,0.6355
2.3845,0.6355
2.3851,0.6355
2.3856,0.6355
2.3862,0.6355
2.3868,0.6355
2.3873,0.6355
2.3879,0.6355
2.3884,0.6355
2.3890,0.6355
2.3895,0.6406
2.3900,0.6355
2.3906,0.6305
2.3911,0.6355
2.3917,0.6355
2.3922,0.6355
2.3928,0.6355
2.3933,0.6355
2.3939,0.6355
2.3944,0.6355
2.3950,0.6355
2.3955,0.6355
2.3961,0.6355
2.3966,0.6406
2.3972,0.6355
2.3977,0.6355
2.3983,0.6406
2.3988,0.6355
2.3994,0.6355
2.3999,0.6355
2.4005,0.6355
2.4010,0.6355
2.4016,0.6355
2.4021,0.6305
2.4027,0.6355
2.4033,0.6305
2.4039,0.6406
2.4044,0.6406
2.4050,0.6355
2.4055,0.6406
2.4061,0.6355
2.4066,0.6355
2.4072,0.6355
2.4077,0.6355
2.4083,0.6355
2.4089,0.6355
2.4094,0.6355
2.4100,0.6305
2.4105,0.6355
2.4110,0.6305
2.4116,0.6406
2.4121,0.6355
2.4127,0.6355
2.4132,0.6355
2.4138,0.6355
2.4143,0.6406
2.4149,0.6355
2.4154,0.6355
2.4160,0.6305
2.4165,0.6355
2.4171,0.6355
2.4176,0.6406
2.4182,0.6355
2.4187,0.6406
2.4192,0.6355
2.4198,0.6355
2.4203,0.6355
2.4209,0.6406
2.4214,0.6355
2.4220,0.6355
2.4225,0.6355
2.4231,0.6355
2.4236,0.6355
2.4242,0.6406
2.4247,0.6355
2.4253,0.6355
2.4258,0.6355
2.4263,0.6305
2.4269,0.6355
2.4274,0.6355
2.4280,0.6355
2.4285,0.6355
2.4291,0.6355
2.4296,0.6355
2.4302,0.6355
2.4307,0.6355
2.4313,0.6355
2.4318,0.6355
2.4324,0.6406
2.4329,0.6355
2.4334,0.6355
2.4340,0.6355
2.4345,0.6355
2.4351,0.6406
2.4356,0.6355
2.4362,0.6355
2.4367,0.6355
2.4373,0.6355
2.4378,0.6355
2.4384,0.6355
2.4389,0.6355
2.4395,0.6355
2.4400,0.6406
2.4405,0.6355
2.4411,0.6355
2.4416,0.6355
2.4422,0.6355
2.4427,0.6355
2.4433,0.6355
2.4438,0.6355
2.4444,0.6355
2.4449,0.6355
2.4455,0.6305
2.4460,0.6305
2.4466,0.6355
2.4471,0.6406
2.4476,0.6305
2.4482,0.6355
2.4487,0.6355
2.4493,0.6406
2.4498,0.6355
2.4504,0.6355
2.4509,0.6355
2.4515,0.6355
2.4520,0.6355
2.4526,0.6355
2.4531,0.6406
2.4537,0.6355
2.4542,0.6355
2.4547,0.6355
2.4553,0.6355
2.4558,0.6355
2.4564,0.6355
2.4569,0.6355
2.4575,0.6355
2.4580,0.6355
2.4586,0.6355
2.4591,0.6305
2.4597,0.6355
2.4602,0.6355
2.4608,0.6355
2.4613,0.6355
2.4618,0.6355
2.4624,0.6355
2.4629,0.6305
2.4635,0.6355
2.4640,0.6355
2.4646,0.6355
2.4651,0.6406
2.4657,0.6305
2.4662,0.6355
2.4668,0.6355
2.4673,0.6406
2.4679,0.6355
2.4684,0.6355
2.4689,0.6355
2.4695,0.6355
2.4700,0.6355
2.4706,0.6355
2.4711,0.6355
2.4717,0.6305
2.4722,0.6406
2.4728,0.6355
2.4733,0.6355
2.4739,0.6406
2.4744,0.6355
2.4750,0.6355
2.4755,0.6355
2.4761,0.6355
2.4766,0.6355
2.4772,0.6355
2.4777,0.6355
2.4783,0.6355
2.4788,0.6355
2.4794,0.6355
2.4799,0.6355
2.4805,0.6355
2.4810,0.6355
2.4816,0.6355
2.4821,0.6355
2.4827,0.6305
2.4832,0.6355
2.4837,0.6355
2.4843,0.6355
2.4848,0.6355
2.4854,0.6355
2.4859,0.6355
2.4865,0.6355
2.4870,0.6355
2.4876,0.6355
2.4882,0.6355
2.4887,0.6355
2.4892,0.6406
2.4898,0.6305
2.4903,0.6355
2.4909,0.6355
2.4914,0.6355
2.4920,0.6355
2.4925,0.6355
2.4931,0.6355
2.4936,0.6355
2.4942,0.6355
2.4947,0.6355
2.4953,0.6355
2.4958,0.6305
2.4963,0.6355
2.4969,0.6305
2.4974,0.6406
2.4980,0.6355
2.4985,0.6355
2.4991,0.6355
2.4996,0.6355
2.5002,0.6355
2.5007,0.6355
2.5013,0.6355
2.5018,0.6355
2.5024,0.6355
2.5029,0.6355
2.5035,0.6355
2.5040,0.6355
2.5046,0.6406
2.5051,0.6355
2.5056,0.6355
2.5062,0.6406
2.5067,0.6305
2.5073,0.6355
2.5078,0.6355
2.5084,0.6406
2.5089,0.6355
2.5095,0.6355
2.5100,0.6406
2.5106,0.6355
2.5111,0.6355
2.5117,0.6355
2.5122,0.6355
2.5127,0.6355
2.5133,0.6355
2.5138,0.6355
2.5144,0.6305
2.5149,0.6355
2.5155,0.6355
2.5160,0.6355
2.5166,0.6305
2.5171,0.6355
2.5177,0.6355
2.5182,0.6355
2.5188,0.6355
2.5193,0.6355
2.5199,0.6406
2.5204,0.6355
2.5209,0.6355
2.5215,0.6406
2.5220,0.6355
2.5226,0.6355
2.5231,0.6355
2.5237,0.6355
2.5242,0.6305
2.5248,0.6406
2.5253,0.6355
2.5259,0.6406
2.5264,0.6355
2.5270,0.6355
2.5275,0.6355
2.5280,0.6355
2.5286,0.6406
2.5291,0.6355
2.5297,0.6355
2.5302,0.6406
2.5308,0.6406
2.5313,0.6355
2.5319,0.6355
2.5324,0.6355
2.5330,0.6355
2.5335,0.6355
2.5341,0.6305
2.5346,0.6355
2.5351,0.6355
2.5357,0.6355
2.5362,0.6355
2.5368,0.6406
2.5373,0.6355
2.5379,0.6355
2.5384,0.6355
2.5390,0.6406
2.5395,0.6305
2.5401,0.6355
2.5406,0.6355
2.5412,0.6355
2.5417,0.6355
2.5423,0.6406
2.5428,0.6305
2.5433,0.6355
2.5439,0.6355
2.5444,0.6355
2.5450,0.6355
2.5455,0.6355
2.5461,0.6355
2.5466,0.6355
2.5472,0.6355
2.5477,0.6355
2.5483,0.6305
2.5488,0.6355
2.5494,0.6355
2.5499,0.6355
2.5505,0.6406
2.5510,0.6355
2.5516,0.6355
2.5521,0.6305
2.5527,0.6355
2.5532,0.6355
2.5537,0.6355
2.5543,0.6355
2.5548,0.6355
2.5554,0.6355
2.5559,0.6305
2.5565,0.6406
2.5570,0.6355
2.5576,0.6406
2.5581,0.6355
2.5587,0.6406
2.5592,0.6355
2.5598,0.6355
2.5603,0.6355
2.5609,0.6406
2.5614,0.6355
2.5619,0.6355
2.5625,0.6305
2.5630,0.6355
2.5636,0.6355
2.5641,0.6406
2.5647,0.6305
2.5652,0.6406
2.5658,0.6355
2.5663,0.6406
2.5669,0.6355
2.5674,0.6355
2.5680,0.6355
2.5685,0.6355
2.5690,0.6355
2.5696,0.6355
2.5701,0.6355
2.5707,0.6355
2.5712,0.6355
2.5718,0.6355
2.5723,0.6355
2.5729,0.6406
2.5734,0.6355
2.5740,0.6355
2.5745,0.6355
2.5751,0.6355
2.5756,0.6355
2.5762,0.6355
2.5767,0.6406
2.5772,0.6355
2.5778,0.6355
2.5784,0.6355
2.5789,0.6355
2.5795,0.6355
2.5800,0.6355
2.5805,0.6355
2.5811,0.6406
2.5816,0.6406
2.5822,0.6355
2.5827,0.6406
2.5833,0.6355
2.5839,0.6355
2.5845,0.6355
2.5850,0.6355
2.5855,0.6355
2.5861,0.6355
2.5866,0.6305
2.5872,0.6305
2.5877,0.6355
2.5883,0.6355
2.5889,0.6355
2.5894,0.6355
2.5900,0.6355
2.5905,0.6355
2.5910,0.6355
2.5916,0.6355
2.5921,0.6355
2.5927,0.6406
2.5932,0.6355
2.5938,0.6355
2.5943,0.6355
2.5949,0.6355
2.5954,0.6355
2.5960,0.6355
2.5965,0.6406
2.5971,0.6355
2.5976,0.6305
2.5981,0.6355
2.5987,0.6355
2.5992,0.6355
2.5998,0.6355
2.6003,0.6355
2.6009,0.6355
2.6014,0.6406
2.6020,0.6355
2.6025,0.6355
2.6031,0.6355
2.6036,0.6355
2.6042,0.6355
2.6047,0.6355
2.6052,0.6355
2.6058,0.6355
2.6063,0.6406
2.6069,0.6355
2.6074,0.6406
2.6080,0.6355
2.6085,0.6355
2.6091,0.6305
2.6096,0.6355
2.6102,0.6355
2.6107,0.6406
2.6113,0.6355
2.6118,0.6355
2.6124,0.6406
2.6129,0.6355
2.6135,0.6406
2.6140,0.6406
2.6145,0.6355
2.6151,0.6355
2.6156,0.6355
2.6162,0.6406
2.6168,0.6355
2.6173,0.6355
2.6179,0.6355
2.6184,0.6355
2.6190,0.6355
2.6195,0.6406
2.6201,0.6355
2.6206,0.6355
2.6211,0.6355
2.6217,0.6355
2.6222,0.6355
2.6228,0.6355
2.6233,0.6355
2.6239,0.6355
2.6244,0.6355
2.6250,0.6305
2.6255,0.6355
2.6261,0.6355
2.6266,0.6355
2.6272,0.6355
2.6277,0.6355
2.6283,0.6355
2.6288,0.6355
2.6293,0.6355
2.6299,0.6355
2.6304,0.6355
2.6310,0.6355
2.6315,0.6355
2.6321,0.6355
2.6326,0.6355
2.6332,0.6355
2.6337,0.6355
2.6343,0.6355
2.6348,0.6355
2.6354,0.6355
2.6359,0.6406
2.6365,0.6355
2.6370,0.6355
2.6375,0.6355
2.6381,0.6355
2.6386,0.6355
2.6392,0.6355
2.6397,0.6355
2.6403,0.6355
2.6408,0.6355
2.6414,0.6305
2.6419,0.6406
2.6424,0.6355
2.6430,0.6355
2.6435,0.6355
2.6441,0.6355
2.6446,0.6355
2.6452,0.6305
2.6457,0.6355
2.6463,0.6355
2.6468,0.6355
2.6474,0.6355
2.6479,0.6406
2.6485,0.6355
2.6490,0.6305
2.6496,0.6305
2.6501,0.6355
2.6507,0.6355
2.6512,0.6355
2.6518,0.6355
2.6523,0.6355
2.6528,0.6355
2.6534,0.6355
2.6539,0.6406
2.6545,0.6305
2.6550,0.6305
2.6556,0.6406
2.6561,0.6355
2.6567,0.6355
2.6572,0.6355
2.6578,0.6355
2.6583,0.6305
2.6589,0.6355
2.6594,0.6355
2.6600,0.6355
2.6605,0.6305
2.6611,0.6355
2.6616,0.6355
2.6621,0.6355
2.6627,0.6355
2.6632,0.6355
2.6638,0.6305
2.6643,0.6355
2.6649,0.6355
2.6654,0.6355
2.6660,0.6355
2.6665,0.6355
2.6671,0.6355
2.6676,0.6355
2.6682,0.6355
2.6687,0.6355
2.6693,0.6355
2.6698,0.6406
2.6704,0.6355
2.6709,0.6355
2.6715,0.6355
2.6720,0.6355
2.6725,0.6355
2.6731,0.6355
2.6736,0.6406
2.6742,0.6355
2.6747,0.6406
2.6753,0.6355
2.6758,0.6355
2.6764,0.6355
2.6769,0.6355
2.6775,0.6355
2.6780,0.6406
2.6786,0.6355
2.6791,0.6355
2.6797,0.6355
2.6802,0.6355
2.6807,0.6406
2.6813,0.6355
2.6818,0.6355
2.6824,0.6355
2.6829,0.6355
2.6835,0.6406
2.6840,0.6355
2.6846,0.6406
2.6851,0.6355
2.6857,0.6355
2.6862,0.6355
2.6868,0.6355
2.6873,0.6355
2.6879,0.6406
2.6884,0.6355
2.6890,0.6355
2.6896,0.6355
2.6901,0.6406
2.6907,0.6406
2.6912,0.6355
2.6918,0.6406
2.6923,0.6406
2.6929,0.6355
2.6934,0.6305
2.6939,0.6305
2.6945,0.6355
2.6950,0.6355
2.6956,0.6355
2.6961,0.6406
2.6967,0.6355
2.6972,0.6355
2.6978,0.6406
2.6983,0.6355
2.6989,0.6355
2.6994,0.6355
2.7000,0.6355
2.7005,0.6305
2.7011,0.6355
2.7016,0.6355
2.7022,0.6305
2.7027,0.6355
2.7032,0.6355
2.7038,0.6355
2.7043,0.6406
2.7049,0.6406
2.7054,0.6355
2.7060,0.6355
2.7065,0.6355
2.7071,0.6355
2.7076,0.6305
2.7082,0.6355
2.7087,0.6355
2.7093,0.6355
2.7098,0.6355
2.7104,0.6355
2.7109,0.6406
2.7114,0.6355
2.7120,0.6406
2.7125,0.6355
2.7131,0.6355
2.7136,0.6355
2.7142,0.6355
2.7147,0.6355
2.7153,0.6355
2.7158,0.6355
2.7164,0.6406
2.7169,0.6355
2.7175,0.6355
2.7180,0.6305
2.7186,0.6355
2.7191,0.6355
2.7197,0.6355
2.7202,0.6355
2.7207,0.6355
2.7213,0.6355
2.7218,0.6355
2.7224,0.6355
2.7229,0.6355
2.7235,0.6355
2.7240,0.6305
2.7246,0.6355
2.7251,0.6355
2.7257,0.6355
2.7262,0.6355
2.7268,0.6355
2.7273,0.6355
2.7279,0.6305
2.7284,0.6355
2.7290,0.6355
2.7295,0.6406
2.7300,0.6355
2.7306,0.6305
2.7311,0.6355
2.7317,0.6355
2.7322,0.6406
2.7328,0.6355
2.7333,0.6355
2.7339,0.6355
2.7344,0.6305
2.7350,0.6355
2.7355,0.6406
2.7362,0.6355
2.7367,0.6355
2.7372,0.6355
2.7378,0.6355
2.7383,0.6355
2.7389,0.6355
2.7394,0.6355
2.7400,0.6355
2.7405,0.6355
2.7411,0.6355
2.7416,0.6406
2.7422,0.6355
2.7427,0.6355
2.7433,0.6406
2.7438,0.6355
2.7444,0.6355
2.7449,0.6355
2.7454,0.6406
2.7460,0.6355
2.7465,0.6355
2.7471,0.6355
2.7476,0.6406
2.7482,0.6305
2.7487,0.6305
2.7493,0.6305
2.7498,0.6355
2.7503,0.6355
2.7509,0.6305
2.7515,0.6355
2.7520,0.6305
2.7525,0.6355
2.7531,0.6406
2.7536,0.6355
2.7542,0.6355
2.7547,0.6406
2.7553,0.6406
2.7558,0.6355
2.7564,0.6355
2.7569,0.6406
2.7575,0.6355
2.7580,0.6406
2.7586,0.6355
2.7591,0.6406
2.7597,0.6355
2.7602,0.6406
2.7608,0.6355
2.7613,0.6406
2.7619,0.6355
2.7624,0.6406
2.7630,0.6355
2.7635,0.6355
2.7640,0.6355
2.7646,0.6355
2.7651,0.6355
2.7657,0.6355
2.7662,0.6406
2.7668,0.6355
2.7673,0.6406
2.7679,0.6355
2.7685,0.6355
2.7690,0.6355
2.7696,0.6355
2.7701,0.6355
2.7707,0.6355
2.7712,0.6406
2.7718,0.6355
2.7723,0.6406
2.7729,0.6355
2.7734,0.6355
2.7740,0.6355
2.7745,0.6406
2.7751,0.6355
2.7756,0.6355
2.7762,0.6355
2.7767,0.6355
2.7772,0.6355
2.7778,0.6355
2.7783,0.6406
2.7789,0.6355
2.7794,0.6355
2.7800,0.6355
2.7805,0.6355
2.7811,0.6355
2.7816,0.6355
2.7822,0.6406
2.7827,0.6355
2.7833,0.6355
2.7838,0.6305
2.7844,0.6355
2.7849,0.6355
2.7855,0.6355
2.7860,0.6355
2.7866,0.6355
2.7871,0.6355
2.7877,0.6355
2.7882,0.6355
2.7888,0.6355
2.7893,0.6355
2.7899,0.6406
2.7905,0.6355
2.7910,0.6355
2.7915,0.6355
2.7921,0.6355
2.7926,0.6305
2.7932,0.6305
2.7937,0.6355
2.7943,0.6305
2.7949,0.6305
2.7954,0.6406
2.7959,0.6355
2.7965,0.6355
2.7970,0.6305
2.7976,0.6406
2.7981,0.6355
2.7987,0.6406
2.7992,0.6355
2.7998,0.6355
2.8003,0.6355
2.8009,0.6355
2.8014,0.6355
2.8020,0.6355
2.8025,0.6355
2.8031,0.6355
2.8036,0.6406
2.8042,0.6305
2.8047,0.6355
2.8053,0.6355
2.8058,0.6355
2.8064,0.6406
2.8069,0.6355
2.8075,0.6355
2.8080,0.6355
2.8086,0.6406
2.8091,0.6355
2.8097,0.6355
2.8102,0.6355
2.8108,0.6355
2.8113,0.6355
2.8119,0.6355
2.8124,0.6406
2.8130,0.6355
2.8135,0.6355
2.8141,0.6355
2.8146,0.6355
2.8152,0.6355
2.8157,0.6305
2.8163,0.6406
2.8168,0.6355
2.8174,0.6355
2.8179,0.6355
2.8185,0.6355
2.8190,0.6355
2.8196,0.6355
2.8201,0.6355
2.8207,0.6355
2.8212,0.6355
2.8218,0.6355
2.8223,0.6406
2.8229,0.6355
2.8234,0.6355
2.8239,0.6355
2.8245,0.6355
2.8251,0.6355
2.8256,0.6406
2.8262,0.6406
2.8267,0.6355
2.8273,0.6406
2.8278,0.6305
2.8284,0.6305
2.8289,0.6355
2.8295,0.6355
2.8300,0.6406
2.8306,0.6406
2.8311,0.6355
2.8317,0.6355
2.8322,0.6355
2.8327,0.6355
2.8333,0.6406
2.8338,0.6305
2.8344,0.6355
2.8350,0.6305
2.8355,0.6355
2.8361,0.6355
2.8366,0.6355
2.8372,0.6355
2.8377,0.6305
2.8383,0.6355
2.8388,0.6355
2.8394,0.6355
2.8399,0.6406
2.8405,0.6355
2.8410,0.6355
2.8415,0.6355
2.8421,0.6355
2.8426,0.6355
2.8432,0.6305
2.8438,0.6355
2.8443,0.6305
2.8449,0.6305
2.8454,0.6355
2.8459,0.6355
2.8465,0.6355
2.8470,0.6355
2.8476,0.6355
2.8481,0.6355
2.8487,0.6355
2.8492,0.6406
2.8498,0.6355
2.8503,0.6355
2.8509,0.6355
2.8514,0.6355
2.8520,0.6355
2.8525,0.6406
2.8531,0.6305
2.8536,0.6355
2.8541,0.6355
2.8547,0.6355
2.8552,0.6406
2.8558,0.6406
2.8563,0.6355
2.8569,0.6355
2.8574,0.6355
2.8580,0.6355
2.8585,0.6355
2.8591,0.6355
2.8596,0.6355
2.8602,0.6355
2.8607,0.6355
2.8613,0.6355
2.8618,0.6355
2.8624,0.6305
2.8629,0.6355
2.8635,0.6355
2.8640,0.6355
2.8646,0.6355
2.8651,0.6406
2.8657,0.6305
2.8662,0.6355
2.8668,0.6355
2.8673,0.6355
2.8679,0.6355
2.8684,0.6355
2.8690,0.6355
2.8695,0.6406
2.8701,0.6355
2.8706,0.6406
2.8712,0.6355
2.8717,0.6355
2.8723,0.6355
2.8728,0.6355
2.8734,0.6355
2.8739,0.6355
2.8744,0.6355
2.8750,0.6406
2.8755,0.6305
2.8761,0.6355
2.8766,0.6355
2.8772,0.6355
2.8777,0.6355
2.8783,0.6406
2.8788,0.6355
2.8794,0.6355
2.8799,0.6305
2.8805,0.6355
2.8810,0.6355
2.8816,0.6355
2.8821,0.6355
2.8827,0.6406
2.8832,0.6355
2.8837,0.6355
2.8843,0.6355
2.8848,0.6355
2.8854,0.6355
2.8859,0.6355
2.8865,0.6355
2.8870,0.6355
2.8876,0.6355
2.8881,0.6355
2.8887,0.6355
2.8892,0.6355
2.8898,0.6406
2.8903,0.6305
2.8909,0.6305
2.8914,0.6355
2.8920,0.6406
2.8925,0.6355
2.8931,0.6355
2.8936,0.6355
2.8942,0.6406
2.8947,0.6406
2.8953,0.6355
2.8958,0.6305
2.8964,0.6355
2.8969,0.6355
2.8975,0.6355
2.8980,0.6355
2.8986,0.6406
2.8991,0.6355
2.8997,0.6355
2.9002,0.6355
2.9008,0.6355
2.9013,0.6305
2.9019,0.6305
2.9024,0.6355
2.9030,0.6355
2.9035,0.6355
2.9041,0.6305
2.9046,0.6305
2.9051,0.6355
2.9057,0.6355
2.9062,0.6355
2.9068,0.6355
2.9073,0.6355
2.9079,0.6406
2.9085,0.6406
2.9090,0.6305
2.9096,0.6305
2.9101,0.6355
2.9107,0.6406
2.9114,0.6406
2.9119,0.6355
2.9125,0.6355
2.9130,0.6355
2.9136,0.6355
2.9141,0.6355
2.9147,0.6406
2.9152,0.6406
2.9158,0.6355
2.9163,0.6355
2.9169,0.6355
2.9174,0.6355
2.9179,0.6355
2.9185,0.6355
2.9190,0.6305
2.9196,0.6355
2.9201,0.6305
2.9207,0.6355
2.9212,0.6355
2.9218,0.6406
2.9223,0.6355
2.9229,0.6406
2.9234,0.6355
2.9240,0.6355
2.9245,0.6355
2.9251,0.6355
2.9256,0.6305
2.9261,0.6355
2.9267,0.6355
2.9272,0.6355
2.9278,0.6305
2.9283,0.6355
2.9289,0.6355
2.9294,0.6406
2.9300,0.6305
2.9305,0.6406
2.9311,0.6355
2.9316,0.6355
2.9322,0.6406
2.9327,0.6355
2.9333,0.6355
2.9338,0.6355
2.9344,0.6355
2.9349,0.6355
2.9354,0.6406
2.9360,0.6355
2.9365,0.6355
2.9371,0.6355
2.9376,0.6355
2.9382,0.6355
2.9388,0.6406
2.9393,0.6305
2.9399,0.6406
2.9404,0.6305
2.9410,0.6355
2.9415,0.6355
2.9421,0.6355
2.9426,0.6355
2.9432,0.6355
2.9437,0.6406
2.9443,0.6355
2.9448,0.6406
2.9454,0.6355
2.9459,0.6406
2.9465,0.6406
2.9470,0.6355
2.9476,0.6406
2.9481,0.6355
2.9486,0.6355
2.9492,0.6355
2.9497,0.6355
2.9503,0.6355
2.9508,0.6355
2.9514,0.6355
2.9519,0.6355
2.9525,0.6355
2.9530,0.6355
2.9536,0.6355
2.9541,0.6355
2.9547,0.6305
2.9552,0.6355
2.9558,0.6355
2.9563,0.6355
2.9568,0.6355
2.9574,0.6355
2.9579,0.6406
2.9585,0.6305
2.9590,0.6355
2.9596,0.6355
2.9601,0.6355
2.9607,0.6355
2.9612,0.6406
2.9618,0.6355
2.9623,0.6355
2.9629,0.6406
2.9634,0.6355
2.9640,0.6406
2.9645,0.6355
2.9651,0.6406
2.9656,0.6406
2.9662,0.6355
2.9667,0.6305
2.9673,0.6355
2.9678,0.6355
2.9684,0.6355
2.9689,0.6305
2.9695,0.6355
2.9700,0.6355
2.9706,0.6355
2.9711,0.6406
2.9717,0.6355
2.9722,0.6355
2.9727,0.6355
2.9733,0.6355
2.9738,0.6355
2.9744,0.6355
2.9749,0.6355
2.9755,0.6355
2.9760,0.6355
2.9766,0.6355
2.9771,0.6355
2.9777,0.6355
2.9782,0.6355
2.9788,0.6355
2.9793,0.6355
2.9799,0.6355
2.9804,0.6355
2.9810,0.6355
2.9815,0.6355
2.9820,0.6406
2.9826,0.6355
2.9831,0.6355
2.9837,0.6406
2.9842,0.6305
2.9848,0.6355
2.9853,0.6355
2.9859,0.6406
2.9864,0.6305
2.9870,0.6305
2.9875,0.6355
2.9881,0.6355
2.9886,0.6355
2.9892,0.6355
2.9897,0.6355
2.9903,0.6355
2.9908,0.6355
2.9914,0.6355
2.9919,0.6355
2.9925,0.6355
2.9930,0.6406
2.9936,0.6355
2.9941,0.6355
2.9947,0.6355
2.9952,0.6355
2.9958,0.6355
2.9963,0.6355
2.9969,0.6406
2.9974,0.6355
2.9979,0.6406
2.9985,0.6305
2.9990,0.6355
2.9996,0.6305
3.0001,0.6355
3.0007,0.6305
3.0012,0.6355
3.0018,0.6355
3.0023,0.6355
3.0029,0.6406
3.0034,0.6355
3.0040,0.6355
3.0045,0.6355
3.0051,0.6355
3.0056,0.6355
3.0062,0.6355
3.0067,0.6305
3.0073,0.6355
3.0078,0.6406
3.0083,0.6355
3.0089,0.6355
3.0094,0.6355
3.0100,0.6355
3.0105,0.6305
3.0111,0.6355
3.0116,0.6355
3.0122,0.6355
3.0127,0.6406
3.0133,0.6355
3.0138,0.6406
3.0144,0.6305
3.0149,0.6355
3.0155,0.6355
3.0160,0.6355
3.0166,0.6355
3.0171,0.6305
3.0176,0.6355
3.0182,0.6355
3.0187,0.6355
3.0193,0.6355
3.0198,0.6355
3.0204,0.6406
3.0209,0.6355
3.0215,0.6355
3.0220,0.6406
3.0226,0.6355
3.0231,0.6355
3.0237,0.6355
3.0242,0.6355
3.0248,0.6355
3.0253,0.6305
3.0259,0.6355
3.0264,0.6305
3.0269,0.6355
3.0275,0.6355
3.0280,0.6355
3.0286,0.6355
3.0291,0.6355
3.0297,0.6355
3.0302,0.6305
3.0308,0.6406
3.0313,0.6355
3.0319,0.6406
3.0324,0.6355
3.0330,0.6406
3.0335,0.6355
3.0341,0.6355
3.0346,0.6355
3.0352,0.6355
3.0357,0.6355
3.0363,0.6406
3.0368,0.6355
3.0374,0.6406
3.0379,0.6355
3.0385,0.6406
3.0390,0.6355
3.0396,0.6355
3.0401,0.6355
3.0407,0.6355
3.0412,0.6355
3.0417,0.6305
3.0423,0.6355
3.0428,0.6355
3.0434,0.6305
3.0439,0.6355
3.0445,0.6355
3.0450,0.6355
3.0456,0.6355
3.0461,0.6355
3.0467,0.6406
3.0472,0.6305
3.0478,0.6406
3.0483,0.6355
3.0489,0.6355
3.0494,0.6355
3.0499,0.6355
3.0505,0.6355
3.0510,0.6355
3.0516,0.6355
3.0521,0.6355
3.0527,0.6355
3.0532,0.6406
3.0538,0.6406
3.0543,0.6355
3.0549,0.6406
3.0554,0.6355
3.0560,0.6355
3.0565,0.6406
3.0571,0.6355
3.0576,0.6406
3.0582,0.6355
3.0587,0.6305
3.0592,0.6355
3.0598,0.6355
3.0603,0.6355
3.0609,0.6355
3.0614,0.6355
3.0620,0.6355
3.0625,0.6355
3.0631,0.6355
3.0636,0.6355
3.0642,0.6355
3.0647,0.6355
3.0653,0.6355
3.0658,0.6355
3.0664,0.6355
3.0669,0.6355
3.0675,0.6406
3.0680,0.6355
3.0686,0.6355
3.0691,0.6355
3.0696,0.6305
3.0702,0.6355
3.0707,0.6355
3.0713,0.6406
3.0718,0.6355
3.0724,0.6355
3.0729,0.6355
3.0735,0.6355
3.0740,0.6355
3.0746,0.6305
3.0751,0.6355
3.0757,0.6355
3.0762,0.6355
3.0768,0.6355
3.0773,0.6406
3.0779,0.6355
3.0784,0.6355
3.0789,0.6355
3.0795,0.6355
3.0800,0.6355
3.0806,0.6406
3.0811,0.6355
3.0817,0.6355
3.0822,0.6406
3.0828,0.6305
3.0833,0.6355
3.0839,0.6355
3.0844,0.6355
3.0850,0.6406
3.0855,0.6305
3.0861,0.6355
3.0866,0.6355
3.0872,0.6305
3.0877,0.6305
3.0883,0.6355
3.0888,0.6355
3.0894,0.6406
3.0899,0.6355
3.0905,0.6406
3.0910,0.6355
3.0916,0.6355
3.0921,0.6355
3.0927,0.6355
3.0932,0.6355
3.0938,0.6355
3.0943,0.6355
3.0949,0.6355
3.0954,0.6355
3.0960,0.6355
3.0965,0.6255
3.0971,0.6355
3.0976,0.6355
3.0982,0.6406
3.0987,0.6355
3.0993,0.6355
3.0998,0.6355
3.1004,0.6355
3.1009,0.6406
3.1015,0.6355
3.1020,0.6355
3.1025,0.6406
3.1031,0.6355
3.1036,0.6355
3.1042,0.6355
3.1049,0.6355
3.1054,0.6406
3.1060,0.6305
3.1065,0.6355
3.1071,0.6406
3.1076,0.6355
3.1082,0.6355
3.1087,0.6355
3.1093,0.6406
3.1098,0.6355
3.1104,0.6355
3.1109,0.6355
3.1114,0.6355
3.1120,0.6406
3.1125,0.6355
3.1131,0.6355
3.1136,0.6305
3.1142,0.6406
3.1147,0.6406
3.1153,0.6406
3.1158,0.6305
3.1164,0.6355
3.1169,0.6406
3.1175,0.6305
3.1180,0.6406
3.1186,0.6355
3.1191,0.6355
3.1197,0.6355
3.1202,0.6355
3.1208,0.6305
3.1213,0.6355
3.1218,0.6355
3.1224,0.6355
3.1229,0.6406
3.1235,0.6355
3.1240,0.6355
3.1246,0.6355
3.1251,0.6355
3.1257,0.6355
3.1262,0.6355
3.1268,0.6406
3.1273,0.6355
3.1279,0.6305
3.1284,0.6355
3.1290,0.6355
3.1295,0.6305
3.1301,0.6355
3.1306,0.6355
3.1311,0.6355
3.1317,0.6355
3.1322,0.6355
3.1328,0.6355
3.1333,0.6355
3.1339,0.6305
3.1344,0.6355
3.1350,0.6355
3.1355,0.6355
3.1361,0.6355
3.1366,0.6305
3.1372,0.6355
3.1377,0.6355
3.1383,0.6355
3.1388,0.6355
3.1394,0.6355
3.1399,0.6355
3.1404,0.6355
3.1410,0.6355
3.1415,0.6355
3.1421,0.6355
3.1426,0.6355
3.1432,0.6406
3.1437,0.6355
3.1442,0.6305
3.1448,0.6355
3.1453,0.6305
3.1459,0.6355
3.1464,0.6355
3.1472,0.6355
3.1478,0.6355
3.1484,0.6355
3.1489,0.6355
3.1495,0.6355
3.1504,0.6355
3.1510,0.6305
3.1517,0.6355
3.1523,0.6305
3.1528,0.6355
3.1534,0.6355
3.1539,0.6355
3.1545,0.6355
3.1550,0.6406
3.1555,0.6355
3.1564,0.6406
3.1570,0.6355
3.1575,0.6355
3.1581,0.6355
3.1586,0.6355
3.1592,0.6355
3.1597,0.6355
3.1603,0.6355
3.1608,0.6355
3.1613,0.6355
3.1619,0.6355
3.1624,0.6355
3.1630,0.6355
3.1635,0.6355
3.1640,0.6355
3.1646,0.6355
3.1651,0.6255
3.1657,0.6355
3.1662,0.6355
3.1668,0.6355
3.1673,0.6355
3.1679,0.6355
3.1684,0.6355
3.1689,0.6355
3.1695,0.6355
3.1700,0.6355
3.1706,0.6305
3.1711,0.6355
3.1717,0.6355
3.1722,0.6355
3.1727,0.6355
3.1733,0.6406
3.1738,0.6305
3.1744,0.6355
3.1749,0.6305
3.1755,0.6355
3.1760,0.6355
3.1766,0.6406
3.1771,0.6355
3.1777,0.6355
3.1782,0.6355
3.1787,0.6305
3.1793,0.6355
3.1798,0.6355
3.1804,0.6355
3.1809,0.6355
3.1815,0.6355
3.1820,0.6355
3.1825,0.6305
3.1831,0.6355
3.1836,0.6305
3.1842,0.6355
3.1847,0.6355
3.1853,0.6355
3.1858,0.6355
3.1863,0.6355
3.1869,0.6355
3.1874,0.6355
3.1880,0.6355
3.1885,0.6355
3.1891,0.6355
3.1896,0.6355
3.1901,0.6355
3.1907,0.6355
3.1912,0.6355
3.1918,0.6355
3.1923,0.6355
3.1929,0.6305
3.1934,0.6355
3.1940,0.6355
3.1945,0.6355
3.1951,0.6355
3.1956,0.6355
3.1961,0.6355
3.1967,0.6305
3.1972,0.6355
3.1978,0.6355
3.1983,0.6355
3.1989,0.6355
3.1994,0.6355
3.1999,0.6355
3.2005,0.6355
3.2010,0.6406
3.2016,0.6355
3.2021,0.6355
3.2027,0.6355
3.2032,0.6305
3.2037,0.6305
3.2043,0.6305
3.2048,0.6355
3.2054,0.6355
3.2059,0.6355
3.2065,0.6355
3.2070,0.6355
3.2075,0.6355
3.2081,0.6355
3.2086,0.6355
3.2092,0.6406
3.2097,0.6355
3.2103,0.6355
3.2108,0.6355
3.2113,0.6406
3.2119,0.6355
3.2124,0.6355
3.2130,0.6355
3.2135,0.6355
3.2141,0.6355
3.2146,0.6406
3.2151,0.6355
3.2157,0.6355
3.2162,0.6355
3.2168,0.6305
3.2173,0.6355
3.2179,0.6305
3.2184,0.6355
3.2190,0.6355
3.2195,0.6355
3.2201,0.6355
3.2206,0.6355
3.2211,0.6355
3.2217,0.6355
3.2222,0.6355
3.2228,0.6355
3.2233,0.6355
3.2239,0.6355
3.2244,0.6305
3.2250,0.6355
3.2255,0.6355
3.2261,0.6355
3.2266,0.6305
3.2272,0.6355
3.2277,0.6355
3.2283,0.6355
3.2288,0.6305
3.2294,0.6355
3.2299,0.6355
3.2305,0.6355
3.2310,0.6355
3.2315,0.6305
3.2321,0.6355
3.2326,0.6355
3.2332,0.6406
3.2337,0.6305
3.2343,0.6406
3.2348,0.6355
3.2354,0.6355
3.2359,0.6355
3.2365,0.6355
3.2370,0.6406
3.2375,0.6305
3.2381,0.6355
3.2386,0.6305
3.2392,0.6355
3.2397,0.6355
3.2403,0.6355
3.2408,0.6355
3.2414,0.6355
3.2419,0.6355
3.2425,0.6406
3.2430,0.6355
3.2436,0.6355
3.2441,0.6355
3.2447,0.6355
3.2452,0.6305
3.2458,0.6355
3.2463,0.6355
3.2468,0.6355
3.2474,0.6406
3.2479,0.6355
3.2485,0.6406
3.2491,0.6355
3.2496,0.6355
3.2501,0.6355
3.2507,0.6355
3.2512,0.6406
3.2518,0.6355
3.2523,0.6355
3.2529,0.6355
3.2534,0.6355
3.2540,0.6355
3.2545,0.6406
3.2551,0.6355
3.2556,0.6305
3.2562,0.6305
3.2567,0.6305
3.2573,0.6305
3.2578,0.6355
3.2584,0.6355
3.2589,0.6355
3.2594,0.6305
3.2600,0.6355
3.2605,0.6406
3.2611,0.6355
3.2616,0.6355
3.2622,0.6355
3.2627,0.6355
3.2633,0.6355
3.2638,0.6355
3.2644,0.6355
3.2649,0.6355
3.2655,0.6355
3.2660,0.6355
3.2666,0.6305
3.2671,0.6355
3.2676,0.6406
3.2682,0.6355
3.2687,0.6355
3.2693,0.6406
3.2698,0.6355
3.2704,0.6355
3.2709,0.6406
3.2715,0.6355
3.2720,0.6355
3.2726,0.6355
3.2731,0.6355
3.2737,0.6355
3.2742,0.6305
3.2747,0.6355
3.2753,0.6355
3.2758,0.6355
3.2764,0.6406
3.2769,0.6355
3.2775,0.6406
3.2780,0.6355
3.2786,0.6305
3.2791,0.6355
3.2797,0.6355
3.2802,0.6355
3.2808,0.6355
3.2813,0.6355
3.2818,0.6355
3.2824,0.6355
3.2829,0.6355
3.2835,0.6355
3.2840,0.6355
3.2846,0.6355
3.2852,0.6406
3.2857,0.6355
3.2863,0.6355
3.2868,0.6406
3.2874,0.6355
3.2879,0.6355
3.2885,0.6305
3.2890,0.6355
3.2896,0.6355
3.2901,0.6355
3.2906,0.6355
3.2912,0.6355
3.2917,0.6355
3.2923,0.6355
3.2929,0.6305
3.2934,0.6355
3.2940,0.6355
3.2945,0.6355
3.2950,0.6355
3.2956,0.6355
3.2961,0.6355
3.2967,0.6355
3.2973,0.6355
3.2978,0.6355
3.2984,0.6355
3.2989,0.6355
3.2995,0.6305
3.3000,0.6355
3.3006,0.6355
3.3011,0.6355
3.3016,0.6355
3.3022,0.6305
3.3027,0.6355
3.3033,0.6355
3.3038,0.6355
3.3044,0.6355
3.3049,0.6355
3.3055,0.6355
3.3060,0.6355
3.3066,0.6406
3.3071,0.6355
3.3077,0.6355
3.3082,0.6406
3.3087,0.6355
3.3093,0.6355
3.3098,0.6355
3.3104,0.6355
3.3109,0.6406
3.3115,0.6355
3.3120,0.6355
3.3126,0.6355
3.3131,0.6355
3.3137,0.6355
3.3142,0.6355
3.3148,0.6355
3.3153,0.6355
3.3159,0.6355
3.3164,0.6406
3.3170,0.6355
3.3175,0.6355
3.3181,0.6355
3.3186,0.6355
3.3192,0.6355
3.3197,0.6305
3.3203,0.6355
3.3208,0.6355
3.3213,0.6305
3.3219,0.6355
3.3224,0.6305
3.3230,0.6355
3.3235,0.6305
3.3241,0.6355
3.3246,0.6406
3.3252,0.6355
3.3257,0.6355
3.3263,0.6355
3.3268,0.6355
3.3274,0.6355
3.3279,0.6406
3.3284,0.6305
3.3290,0.6406
3.3295,0.6355
3.3301,0.6355
3.3306,0.6406
3.3312,0.6355
3.3317,0.6355
3.3323,0.6355
3.3328,0.6355
3.3334,0.6355
3.3339,0.6355
3.3345,0.6355
3.3350,0.6355
3.3355,0.6355
3.3361,0.6355
3.3366,0.6355
3.3372,0.6355
3.3377,0.6355
3.3383,0.6355
3.3388,0.6355
3.3394,0.6305
3.3399,0.6305
3.3405,0.6406
3.3410,0.6305
3.3416,0.6355
3.3421,0.6355
3.3426,0.6355
3.3432,0.6355
3.3437,0.6355
3.3443,0.6406
3.3448,0.6305
3.3454,0.6355
3.3459,0.6355
3.3465,0.6355
3.3470,0.6355
3.3476,0.6406
3.3481,0.6355
3.3487,0.6355
3.3492,0.6355
3.3498,0.6406
3.3503,0.6355
3.3509,0.6406
3.3514,0.6355
3.3520,0.6355
3.3525,0.6355
3.3531,0.6355
3.3536,0.6355
3.3541,0.6355
3.3547,0.6355
3.3552,0.6355
3.3558,0.6406
3.3563,0.6355
3.3569,0.6305
3.3574,0.6355
3.3580,0.6355
3.3585,0.6355
3.3591,0.6355
3.3596,0.6305
3.3602,0.6355
3.3607,0.6305
3.3613,0.6355
3.3618,0.6355
3.3623,0.6355
3.3629,0.6355
3.3635,0.6305
3.3641,0.6355
3.3646,0.6355
3.3652,0.6355
3.3657,0.6355
3.3663,0.6355
3.3668,0.6355
3.3674,0.6355
3.3679,0.6406
3.3685,0.6305
3.3690,0.6355
3.3696,0.6355
3.3701,0.6255
3.3706,0.6355
3.3712,0.6355
3.3717,0.6355
3.3723,0.6406
3.3728,0.6355
3.3734,0.6355
3.3739,0.6355
3.3745,0.6406
3.3750,0.6355
3.3756,0.6355
3.3761,0.6355
3.3767,0.6355
3.3772,0.6355
3.3777,0.6355
3.3783,0.6355
3.3788,0.6355
3.3794,0.6355
3.3799,0.6355
3.3805,0.6355
3.3810,0.6406
3.3816,0.6355
3.3821,0.6406
3.3827,0.6355
3.3832,0.6355
3.3838,0.6355
3.3843,0.6355
3.3849,0.6355
3.3854,0.6355
3.3860,0.6355
3.3865,0.6355
3.3871,0.6406
3.3876,0.6355
3.3882,0.6355
3.3887,0.6355
3.3893,0.6355
3.3898,0.6355
3.3904,0.6305
3.3909,0.6355
3.3914,0.6355
3.3920,0.6355
3.3925,0.6355
3.3931,0.6355
3.3937,0.6355
3.3942,0.6355
3.3948,0.6355
3.3953,0.6355
3.3958,0.6305
3.3964,0.6305
3.3969,0.6305
3.3975,0.6406
3.3980,0.6355
3.3986,0.6355
3.3991,0.6406
3.3997,0.6355
3.4002,0.6355
3.4008,0.6355
3.4013,0.6355
3.4019,0.6355
3.4024,0.6355
3.4029,0.6355
3.4035,0.6355
3.4040,0.6355
3.4046,0.6355
3.4051,0.6355
3.4057,0.6355
3.4062,0.6355
3.4068,0.6406
3.4073,0.6355
3.4079,0.6406
3.4084,0.6355
3.4090,0.6355
3.4095,0.6355
3.4101,0.6355
3.4106,0.6406
3.4111,0.6355
3.4117,0.6355
3.4122,0.6355
3.4128,0.6355
3.4133,0.6406
3.4139,0.6355
3.4144,0.6305
3.4150,0.6406
3.4155,0.6305
3.4161,0.6355
3.4166,0.6355
3.4172,0.6406
3.4177,0.6305
3.4183,0.6355
3.4188,0.6305
3.4194,0.6355
3.4199,0.6355
3.4204,0.6355
3.4210,0.6355
3.4215,0.6355
3.4221,0.6406
3.4226,0.6305
3.4232,0.6355
3.4237,0.6355
3.4243,0.6355
3.4248,0.6355
3.4254,0.6355
3.4259,0.6355
3.4265,0.6355
3.4270,0.6305
3.4275,0.6355
3.4281,0.6355
3.4286,0.6355
3.4292,0.6355
3.4297,0.6355
3.4303,0.6355
3.4308,0.6355
3.4314,0.6355
3.4319,0.6355
3.4325,0.6355
3.4330,0.6355
3.4336,0.6355
3.4341,0.6355
3.4346,0.6355
3.4352,0.6406
3.4357,0.6355
3.4363,0.6355
3.4368,0.6406
3.4374,0.6305
3.4379,0.6355
3.4385,0.6355
3.4390,0.6406
3.4396,0.6355
3.4401,0.6305
3.4407,0.6355
3.4412,0.6305
3.4417,0.6355
3.4423,0.6355
3.4428,0.6305
3.4434,0.6355
3.4439,0.6305
3.4445,0.6406
3.4450,0.6305
3.4456,0.6355
3.4461,0.6406
3.4467,0.6355
3.4472,0.6406
3.4478,0.6305
3.4483,0.6355
3.4489,0.6355
3.4494,0.6355
3.4500,0.6355
3.4505,0.6305
3.4511,0.6355
3.4516,0.6406
3.4522,0.6406
3.4527,0.6355
3.4533,0.6355
3.4538,0.6355
3.4544,0.6355
3.4549,0.6355
3.4555,0.6355
3.4560,0.6355
3.4565,0.6355
3.4571,0.6305
3.4576,0.6355
3.4582,0.6355
3.4587,0.6355
3.4593,0.6355
3.4598,0.6355
3.4604,0.6305
3.4609,0.6406
3.4615,0.6355
3.4620,0.6355
3.4626,0.6355
3.4631,0.6355
3.4637,0.6355
3.4642,0.6355
3.4647,0.6305
3.4653,0.6355
3.4658,0.6355
3.4664,0.6355
3.4669,0.6355
3.4675,0.6355
3.4680,0.6406
3.4686,0.6355
3.4691,0.6305
3.4697,0.6355
3.4702,0.6355
3.4708,0.6355
3.4713,0.6355
3.4718,0.6355
3.4724,0.6305
3.4729,0.6406
3.4735,0.6406
3.4740,0.6406
3.4746,0.6305
3.4751,0.6355
3.4757,0.6355
3.4762,0.6305
3.4768,0.6406
3.4773,0.6355
3.4779,0.6305
3.4784,0.6406
3.4790,0.6355
3.4795,0.6355
3.4800,0.6355
3.4806,0.6355
3.4811,0.6406
3.4817,0.6355
3.4822,0.6355
3.4828,0.6355
3.4833,0.6355
3.4839,0.6355
3.4844,0.6355
3.4850,0.6355
3.4855,0.6355
3.4861,0.6355
3.4867,0.6355
3.4872,0.6355
3.4877,0.6406
3.4883,0.6355
3.4888,0.6355
3.4894,0.6406
3.4899,0.6355
3.4905,0.6355
3.4910,0.6355
3.4916,0.6355
3.4921,0.6406
3.4927,0.6355
3.4932,0.6355
3.4938,0.6355
3.4943,0.6355
3.4949,0.6406
3.4954,0.6355
3.4960,0.6355
3.4965,0.6355
3.4971,0.6355
3.4976,0.6355
3.4982,0.6355
3.4987,0.6355
3.4992,0.6355
3.4998,0.6355
3.5003,0.6355
3.5009,0.6355
3.5014,0.6355
3.5020,0.6355
3.5025,0.6355
3.5031,0.6355
3.5036,0.6355
3.5042,0.6355
3.5047,0.6355
3.5053,0.6355
3.5058,0.6355
3.5063,0.6355
3.5069,0.6406
3.5074,0.6355
3.5080,0.6305
3.5085,0.6355
3.5091,0.6355
3.5096,0.6355
3.5102,0.6406
3.5107,0.6355
3.5113,0.6355
3.5118,0.6355
3.5124,0.6355
3.5129,0.6355
3.5134,0.6355
3.5140,0.6355
3.5145,0.6355
3.5151,0.6355
3.5156,0.6355
3.5162,0.6305
3.5167,0.6355
3.5173,0.6355
3.5178,0.6355
3.5184,0.6406
3.5189,0.6355
3.5195,0.6355
3.5200,0.6355
3.5206,0.6355
3.5211,0.6406
3.5216,0.6406
3.5222,0.6355
3.5228,0.6355
3.5233,0.6355
3.5238,0.6355
3.5244,0.6355
3.5249,0.6355
3.5255,0.6355
3.5260,0.6305
3.5266,0.6355
3.5272,0.6406
3.5277,0.6355
3.5282,0.6305
3.5288,0.6355
3.5293,0.6355
3.5299,0.6355
3.5304,0.6355
3.5310,0.6305
3.5315,0.6355
3.5321,0.6305
3.5326,0.6355
3.5332,0.6355
3.5337,0.6355
3.5342,0.6355
3.5348,0.6406
3.5353,0.6355
3.5359,0.6406
3.5364,0.6305
3.5370,0.6355
3.5375,0.6355
3.5381,0.6355
3.5386,0.6305
3.5392,0.6355
3.5397,0.6355
3.5403,0.6355
3.5408,0.6355
3.5414,0.6355
3.5419,0.6355
3.5424,0.6355
3.5430,0.6355
3.5435,0.6355
3.5441,0.6355
3.5446,0.6355
3.5452,0.6355
3.5457,0.6355
3.5463,0.6355
3.5473,0.6355
3.5479,0.6355
3.5485,0.6355
3.5491,0.6305
3.5496,0.6355
3.5502,0.6355
3.5508,0.6355
3.5514,0.6355
3.5519,0.6355
3.5525,0.6355
3.5530,0.6355
3.5536,0.6406
3.5542,0.6355
3.5548,0.6355
3.5554,0.6355
3.5560,0.6305
3.5566,0.6355
3.5572,0.6355
3.5578,0.6355
3.5583,0.6355
3.5589,0.6305
3.5594,0.6355
3.5599,0.6355
3.5605,0.6406
3.5610,0.6355
3.5616,0.6355
3.5621,0.6355
3.5627,0.6355
3.5632,0.6355
3.5638,0.6355
3.5643,0.6355
3.5649,0.6355
3.5654,0.6355
3.5660,0.6355
3.5665,0.6355
3.5671,0.6406
3.5676,0.6355
3.5682,0.6355
3.5687,0.6355
3.5692,0.6355
3.5698,0.6355
3.5703,0.6406
3.5709,0.6355
3.5714,0.6355
3.5720,0.6355
3.5725,0.6305
3.5731,0.6355
3.5736,0.6406
3.5742,0.6355
3.5747,0.6355
3.5753,0.6355
3.5758,0.6305
3.5763,0.6355
3.5769,0.6355
3.5774,0.6355
3.5780,0.6305
3.5785,0.6355
3.5791,0.6355
3.5796,0.6355
3.5802,0.6355
3.5807,0.6355
3.5813,0.6355
3.5818,0.6355
3.5824,0.6355
3.5829,0.6355
3.5834,0.6305
3.5840,0.6305
3.5845,0.6406
3.5851,0.6305
3.5856,0.6355
3.5863,0.6355
3.5869,0.6355
3.5874,0.6355
3.5880,0.6406
3.5885,0.6355
3.5891,0.6355
3.5896,0.6355
3.5902,0.6355
3.5907,0.6305
3.5912,0.6355
3.5918,0.6305
3.5923,0.6305
3.5929,0.6305
3.5935,0.6355
3.5940,0.6355
3.5945,0.6355
3.5951,0.6355
3.5957,0.6355
3.5962,0.6305
3.5968,0.6355
3.5973,0.6305
3.5979,0.6355
3.5984,0.6355
3.5990,0.6305
3.5995,0.6355
3.6000,0.6355
3.6006,0.6355
3.6011,0.6355
3.6017,0.6355
3.6022,0.6355
3.6028,0.6355
3.6033,0.6305
3.6039,0.6355
3.6044,0.6406
3.6050,0.6355
3.6055,0.6305
3.6061,0.6355
3.6067,0.6355
3.6072,0.6355
3.6078,0.6355
3.6083,0.6406
3.6089,0.6355
3.6094,0.6406
3.6100,0.6406
3.6105,0.6406
3.6111,0.6355
3.6116,0.6355
3.6122,0.6355
3.6127,0.6406
3.6133,0.6355
3.6138,0.6355
3.6144,0.6305
3.6149,0.6406
3.6155,0.6355
3.6160,0.6355
3.6166,0.6355
3.6172,0.6355
3.6177,0.6406
3.6183,0.6355
3.6188,0.6355
3.6194,0.6355
3.6199,0.6355
3.6205,0.6355
3.6210,0.6355
3.6216,0.6355
3.6221,0.6355
3.6227,0.6355
3.6232,0.6355
3.6238,0.6305
3.6243,0.6355
3.6249,0.6406
3.6254,0.6355
3.6260,0.6406
3.6265,0.6305
3.6271,0.6355
3.6276,0.6355
3.6282,0.6355
3.6287,0.6406
3.6292,0.6355
3.6298,0.6406
3.6303,0.6355
3.6309,0.6355
3.6314,0.6355
3.6320,0.6355
3.6325,0.6355
3.6331,0.6355
3.6336,0.6355
3.6342,0.6355
3.6347,0.6355
3.6353,0.6355
3.6358,0.6355
3.6364,0.6355
3.6369,0.6355
3.6375,0.6355
3.6380,0.6305
3.6386,0.6406
3.6391,0.6406
3.6396,0.6305
3.6402,0.6305
3.6407,0.6406
3.6413,0.6355
3.6418,0.6355
3.6424,0.6355
3.6429,0.6406
3.6435,0.6355
3.6440,0.6355
3.6446,0.6355
3.6451,0.6305
3.6457,0.6355
3.6462,0.6406
3.6468,0.6355
3.6473,0.6355
3.6479,0.6355
3.6484,0.6406
3.6490,0.6355
3.6495,0.6406
3.6501,0.6406
3.6506,0.6355
3.6512,0.6355
3.6517,0.6406
3.6523,0.6355
3.6528,0.6305
3.6534,0.6355
3.6539,0.6355
3.6545,0.6355
3.6550,0.6355
3.6556,0.6406
3.6561,0.6355
3.6567,0.6305
3.6572,0.6355
3.6578,0.6355
3.6583,0.6355
3.6589,0.6355
3.6594,0.6305
3.6600,0.6305
3.6605,0.6406
3.6611,0.6355
3.6616,0.6305
3.6622,0.6355
3.6627,0.6355
3.6633,0.6355
3.6639,0.6406
3.6644,0.6355
3.6650,0.6406
3.6655,0.6406
3.6661,0.6355
3.6666,0.6355
3.6672,0.6406
3.6677,0.6355
3.6683,0.6355
3.6688,0.6305
3.6694,0.6355
3.6699,0.6355
3.6705,0.6355
3.6710,0.6305
3.6716,0.6355
3.6721,0.6355
3.6727,0.6355
3.6732,0.6355
3.6738,0.6355
3.6743,0.6355
3.6749,0.6355
3.6754,0.6305
3.6760,0.6355
3.6765,0.6305
3.6771,0.6355
3.6776,0.6305
3.6782,0.6355
3.6787,0.6355
3.6793,0.6305
3.6798,0.6355
3.6804,0.6355
3.6809,0.6355
3.6815,0.6305
3.6820,0.6355
3.6826,0.6355
3.6831,0.6305
3.6837,0.6406
3.6842,0.6305
3.6848,0.6355
3.6853,0.6355
3.6859,0.6355
3.6864,0.6355
3.6870,0.6355
3.6875,0.6305
3.6881,0.6355
3.6886,0.6305
3.6892,0.6355
3.6897,0.6355
3.6903,0.6406
3.6908,0.6355
3.6914,0.6355
3.6919,0.6355
3.6925,0.6355
3.6930,0.6305
3.6936,0.6355
3.6941,0.6355
3.6947,0.6355
3.6952,0.6355
3.6958,0.6355
3.6963,0.6355
3.6969,0.6355
3.6974,0.6305
3.6980,0.6355
3.6985,0.6355
3.6991,0.6355
3.6996,0.6355
3.7002,0.6355
3.7007,0.6355
3.7013,0.6355
3.7018,0.6355
3.7024,0.6355
3.7029,0.6355
3.7035,0.6305
3.7040,0.6305
3.7046,0.6355
3.7051,0.6355
3.7057,0.6355
3.7062,0.6305
3.7068,0.6355
3.7073,0.6406
3.7079,0.6355
3.7084,0.6355
3.7090,0.6355
3.7095,0.6305
3.7101,0.6305
3.7106,0.6355
3.7112,0.6355
3.7117,0.6355
3.7123,0.6355
3.7128,0.6305
3.7134,0.6355
3.7139,0.6355
3.7145,0.6355
3.7150,0.6305
3.7156,0.6355
3.7161,0.6355
3.7167,0.6355
3.7172,0.6355
3.7178,0.6355
3.7183,0.6406
3.7189,0.6355
3.7194,0.6355
3.7200,0.6305
3.7205,0.6355
3.7211,0.6355
3.7216,0.6355
3.7222,0.6355
3.7227,0.6355
3.7241,0.6355
3.7247,0.6305
3.7252,0.6406
3.7258,0.6355
3.7264,0.6355
3.7269,0.6355
3.7275,0.6355
3.7280,0.6305
3.7285,0.6355
3.7291,0.6305
3.7296,0.6355
3.7302,0.6406
3.7307,0.6355
3.7313,0.6355
3.7318,0.6305
3.7323,0.6355
3.7329,0.6355
3.7334,0.6355
3.7340,0.6355
3.7345,0.6355
3.7351,0.6355
3.7356,0.6355
3.7362,0.6355
3.7367,0.6355
3.7373,0.6406
3.7378,0.6406
3.7383,0.6355
3.7389,0.6355
3.7394,0.6355
3.7400,0.6355
3.7405,0.6355
3.7411,0.6305
3.7416,0.6406
3.7421,0.6355
3.7427,0.6355
3.7432,0.6355
3.7438,0.6406
3.7443,0.6355
3.7449,0.6355
3.7454,0.6355
3.7459,0.6305
3.7465,0.6355
3.7470,0.6406
3.7476,0.6305
3.7481,0.6305
3.7487,0.6305
3.7492,0.6355
3.7498,0.6355
3.7503,0.6355
3.7508,0.6305
3.7514,0.6355
3.7519,0.6305
3.7525,0.6355
3.7530,0.6355
3.7535,0.6355
3.7541,0.6406
3.7546,0.6305
3.7552,0.6355
3.7557,0.6355
3.7563,0.6355
3.7568,0.6355
3.7573,0.6355
3.7579,0.6355
3.7584,0.6305
3.7590,0.6406
3.7595,0.6355
3.7601,0.6305
3.7606,0.6406
3.7611,0.6305
3.7617,0.6355
3.7622,0.6355
3.7628,0.6305
3.7633,0.6355
3.7639,0.6355
3.7644,0.6355
3.7649,0.6305
3.7655,0.6355
3.7660,0.6355
3.7666,0.6355
3.7671,0.6406
3.7677,0.6355
3.7682,0.6355
3.7687,0.6355
3.7693,0.6305
3.7698,0.6355
3.7704,0.6305
3.7709,0.6355
3.7715,0.6355
3.7720,0.6355
3.7726,0.6355
3.7732,0.6355
3.7737,0.6355
3.7743,0.6305
3.7749,0.6355
3.7755,0.6406
3.7761,0.6355
3.7768,0.6355
3.7775,0.6406
3.7782,0.6355
3.7789,0.6355
3.7795,0.6355
3.7800,0.6355
3.7806,0.6355
3.7811,0.6305
3.7817,0.6355
3.7822,0.6355
3.7827,0.6355
3.7833,0.6355
3.7838,0.6305
3.7844,0.6406
3.7849,0.6355
3.7855,0.6305
3.7860,0.6355
3.7866,0.6355
3.7871,0.6355
3.7877,0.6355
3.7882,0.6355
3.7888,0.6355
3.7893,0.6305
3.7899,0.6406
3.7904,0.6355
3.7909,0.6406
3.7915,0.6355
3.7920,0.6355
3.7926,0.6355
3.7932,0.6355
3.7937,0.6305
3.7942,0.6355
3.7948,0.6305
3.7953,0.6355
3.7960,0.6355
3.7966,0.6355
3.7971,0.6355
3.7977,0.6355
3.7982,0.6305
3.7987,0.6355
3.7993,0.6355
3.7998,0.6355
3.8003,0.6355
3.8009,0.6355
3.8014,0.6355
3.8020,0.6355
3.8025,0.6355
3.8030,0.6355
3.8036,0.6355
3.8041,0.6355
3.8047,0.6355
3.8052,0.6355
3.8058,0.6305
3.8063,0.6355
3.8068,0.6355
3.8074,0.6305
3.8079,0.6355
3.8085,0.6355
3.8090,0.6305
3.8095,0.6355
3.8101,0.6406
3.8106,0.6355
3.8111,0.6355
3.8117,0.6355
3.8122,0.6305
3.8128,0.6355
3.8133,0.6355
3.8138,0.6305
3.8144,0.6355
3.8149,0.6305
3.8154,0.6355
3.8160,0.6305
3.8165,0.6355
3.8171,0.6355
3.8176,0.6355
3.8181,0.6406
3.8187,0.6355
3.8192,0.6355
3.8197,0.6355
3.8203,0.6355
3.8208,0.6355
3.8214,0.6355
3.8219,0.6355
3.8224,0.6305
3.8230,0.6355
3.8235,0.6355
3.8240,0.6305
3.8246,0.6355
3.8251,0.6355
3.8257,0.6305
3.8262,0.6355
3.8267,0.6305
3.8273,0.6305
3.8278,0.6355
3.8284,0.6355
3.8289,0.6305
3.8294,0.6355
3.8300,0.6355
3.8305,0.6355
3.8310,0.6355
3.8316,0.6355
3.8321,0.6355
3.8326,0.6355
3.8332,0.6355
3.8337,0.6355
3.8343,0.6305
3.8348,0.6355
3.8353,0.6406
3.8359,0.6406
3.8364,0.6355
3.8370,0.6355
3.8375,0.6355
3.8380,0.6355
3.8386,0.6355
3.8391,0.6355
3.8397,0.6406
3.8402,0.6355
3.8408,0.6305
3.8413,0.6355
3.8418,0.6355
3.8424,0.6355
3.8429,0.6305
3.8435,0.6355
3.8440,0.6355
3.8445,0.6355
3.8451,0.6355
3.8456,0.6355
3.8462,0.6355
3.8467,0.6355
3.8472,0.6305
3.8478,0.6355
3.8483,0.6305
3.8489,0.6355
3.8494,0.6355
3.8499,0.6305
3.8505,0.6355
3.8510,0.6355
3.8516,0.6355
3.8521,0.6305
3.8526,0.6305
3.8532,0.6355
3.8537,0.6355
3.8542,0.6305
3.8548,0.6355
3.8553,0.6355
3.8559,0.6355
3.8564,0.6305
3.8569,0.6355
3.8575,0.6355
3.8580,0.6355
3.8586,0.6355
3.8591,0.6355
3.8596,0.6355
3.8602,0.6355
3.8607,0.6355
3.8613,0.6355
3.8618,0.6355
3.8623,0.6355
3.8629,0.6305
3.8634,0.6305
3.8640,0.6355
3.8645,0.6355
3.8651,0.6406
3.8656,0.6355
3.8662,0.6355
3.8667,0.6355
3.8672,0.6406
3.8678,0.6355
3.8683,0.6355
3.8689,0.6305
3.8694,0.6355
3.8700,0.6305
3.8705,0.6355
3.8711,0.6355
3.8716,0.6305
3.8722,0.6355
3.8727,0.6355
3.8733,0.6355
3.8738,0.6355
3.8743,0.6355
3.8749,0.6305
3.8755,0.6355
3.8760,0.6305
3.8766,0.6355
3.8771,0.6355
3.8777,0.6305
3.8782,0.6355
3.8788,0.6355
3.8793,0.6406
3.8798,0.6355
3.8804,0.6355
3.8809,0.6355
3.8814,0.6355
3.8820,0.6355
3.8825,0.6305
3.8831,0.6355
3.8836,0.6305
3.8841,0.6355
3.8847,0.6355
3.8852,0.6305
3.8857,0.6355
3.8863,0.6305
3.8868,0.6355
3.8874,0.6355
3.8879,0.6355
3.8884,0.6355
3.8890,0.6355
3.8895,0.6355
3.8900,0.6355
3.8906,0.6355
3.8911,0.6355
3.8917,0.6355
3.8922,0.6355
3.8927,0.6355
3.8933,0.6355
3.8938,0.6305
3.8943,0.6355
3.8949,0.6355
3.8954,0.6355
3.8960,0.6406
3.8965,0.6355
3.8970,0.6355
3.8976,0.6355
3.8981,0.6355
3.8986,0.6355
3.8991,0.6355
3.8996,0.6305
3.9002,0.6355
3.9007,0.6355
3.9012,0.6355
3.9017,0.6355
3.9022,0.6355
3.9028,0.6305
3.9033,0.6355
3.9038,0.6255
3.9043,0.6355
3.9048,0.6355
3.9054,0.6355
3.9059,0.6305
3.9064,0.6355
3.9069,0.6355
3.9074,0.6355
3.9080,0.6355
3.9085,0.6406
3.9090,0.6305
3.9095,0.6355
3.9100,0.6355
3.9106,0.6305
3.9111,0.6406
3.9116,0.6406
3.9121,0.6355
3.9127,0.6305
3.9132,0.6355
3.9137,0.6355
3.9142,0.6355
3.9147,0.6355
3.9152,0.6305
3.9158,0.6305
3.9163,0.6305
3.9168,0.6355
3.9173,0.6355
3.9179,0.6355
3.9184,0.6355
3.9189,0.6355
3.9194,0.6355
3.9199,0.6355
3.9205,0.6406
3.9210,0.6355
3.9215,0.6355
3.9220,0.6305
3.9225,0.6305
3.9231,0.6355
3.9236,0.6355
3.9241,0.6355
3.9246,0.6406
3.9251,0.6355
3.9256,0.6355
3.9262,0.6355
3.9267,0.6355
3.9272,0.6355
3.9277,0.6355
3.9283,0.6305
3.9288,0.6355
3.9293,0.6355
3.9298,0.6355
3.9303,0.6355
3.9308,0.6355
3.9314,0.6406
3.9319,0.6355
3.9324,0.6355
3.9329,0.6305
3.9334,0.6355
3.9340,0.6355
3.9345,0.6355
3.9350,0.6305
3.9355,0.6406
3.9361,0.6355
3.9366,0.6355
3.9371,0.6355
3.9376,0.6355
3.9381,0.6355
3.9387,0.6355
3.9392,0.6355
3.9397,0.6406
3.9402,0.6355
3.9408,0.6355
3.9413,0.6355
3.9418,0.6355
3.9423,0.6355
3.9428,0.6355
3.9434,0.6355
3.9439,0.6355
3.9444,0.6406
3.9449,0.6406
3.9454,0.6406
3.9460,0.6355
3.9465,0.6355
3.9470,0.6355
3.9475,0.6406
3.9480,0.6355
3.9486,0.6355
3.9491,0.6355
3.9496,0.6355
3.9501,0.6355
3.9506,0.6355
3.9512,0.6355
3.9517,0.6355
3.9522,0.6355
3.9527,0.6355
3.9532,0.6355
3.9538,0.6305
3.9543,0.6305
3.9548,0.6355
3.9553,0.6355
3.9561,0.6355
3.9567,0.6406
3.9572,0.6355
3.9577,0.6355
3.9582,0.6355
3.9588,0.6355
3.9593,0.6305
3.9598,0.6355
3.9603,0.6355
3.9608,0.6355
3.9614,0.6355
3.9619,0.6355
3.9624,0.6355
3.9630,0.6355
3.9635,0.6355
3.9640,0.6355
3.9645,0.6355
3.9650,0.6355
3.9656,0.6355
3.9661,0.6355
3.9666,0.6355
3.9671,0.6305
3.9677,0.6355
3.9682,0.6355
3.9687,0.6355
3.9692,0.6355
3.9698,0.6355
3.9703,0.6355
3.9708,0.6355
3.9713,0.6355
3.9719,0.6406
3.9724,0.6355
3.9729,0.6406
3.9734,0.6355
3.9740,0.6355
3.9745,0.6355
3.9750,0.6355
3.9755,0.6305
3.9761,0.6355
3.9766,0.6355
3.9771,0.6355
3.9776,0.6355
3.9782,0.6355
3.9787,0.6355
3.9792,0.6355
3.9797,0.6355
3.9802,0.6305
3.9808,0.6406
3.9813,0.6355
3.9818,0.6355
3.9823,0.6355
3.9829,0.6406
3.9834,0.6305
3.9839,0.6305
3.9844,0.6406
3.9850,0.6355
3.9855,0.6355
3.9860,0.6355
3.9865,0.6355
3.9870,0.6355
3.9876,0.6355
3.9881,0.6355
3.9886,0.6355
3.9891,0.6355
3.9897,0.6355
3.9902,0.6355
3.9907,0.6355
3.9912,0.6355
3.9918,0.6406
3.9923,0.6355
3.9928,0.6305
3.9933,0.6355
3.9938,0.6355
3.9944,0.6355
3.9949,0.6355
3.9954,0.6355
3.9959,0.6355
3.9965,0.6355
3.9970,0.6355
3.9975,0.6355
3.9980,0.6406
3.9986,0.6305
3.9991,0.6305
3.9996,0.6355
4.0001,0.6355
4.0006,0.6406
4.0012,0.6355
4.0017,0.6355
4.0022,0.6355
4.0027,0.6355
4.0033,0.6355
4.0038,0.6406
4.0043,0.6305
4.0048,0.6355
4.0054,0.6355
4.0059,0.6305
4.0064,0.6406
4.0069,0.6406
4.0075,0.6305
4.0080,0.6355
4.0085,0.6355
4.0090,0.6305
4.0096,0.6355
4.0101,0.6305
4.0106,0.6355
4.0111,0.6406
4.0117,0.6355
4.0122,0.6355
4.0127,0.6355
4.0132,0.6305
4.0137,0.6355
4.0143,0.6305
4.0148,0.6355
4.0153,0.6305
4.0159,0.6406
4.0164,0.6305
4.0169,0.6355
4.0174,0.6355
4.0180,0.6355
4.0185,0.6355
4.0190,0.6305
4.0195,0.6355
4.0201,0.6355
4.0206,0.6355
4.0211,0.6305
4.0216,0.6355
4.0221,0.6355
4.0227,0.6355
4.0232,0.6305
4.0237,0.6355
4.0242,0.6305
4.0247,0.6355
4.0253,0.6305
4.0258,0.6355
4.0263,0.6355
4.0268,0.6355
4.0274,0.6355
4.0279,0.6355
4.0284,0.6355
4.0289,0.6355
4.0294,0.6305
4.0300,0.6355
4.0305,0.6355
4.0310,0.6406
4.0315,0.6406
4.0320,0.6355
4.0326,0.6355
4.0331,0.6355
4.0336,0.6305
4.0341,0.6355
4.0347,0.6355
4.0352,0.6355
4.0357,0.6406
4.0362,0.6355
4.0367,0.6355
4.0373,0.6355
4.0378,0.6406
4.0383,0.6305
4.0388,0.6355
4.0393,0.6355
4.0399,0.6355
4.0404,0.6355
4.0409,0.6355
4.0414,0.6355
4.0420,0.6355
4.0425,0.6305
4.0430,0.6355
4.0435,0.6355
4.0440,0.6305
4.0446,0.6406
4.0451,0.6355
4.0456,0.6355
4.0461,0.6355
4.0467,0.6355
4.0472,0.6406
4.0477,0.6355
4.0482,0.6355
4.0487,0.6355
4.0493,0.6355
4.0498,0.6355
4.0503,0.6305
4.0508,0.6355
4.0514,0.6355
4.0519,0.6355
4.0524,0.6305
4.0529,0.6305
4.0535,0.6355
4.0540,0.6355
4.0545,0.6355
4.0550,0.6355
4.0555,0.6406
4.0561,0.6406
4.0566,0.6355
4.0571,0.6355
4.0576,0.6355
4.0582,0.6305
4.0587,0.6355
4.0592,0.6355
4.0597,0.6355
4.0603,0.6355
4.0608,0.6305
4.0613,0.6406
4.0618,0.6355
4.0623,0.6355
4.0629,0.6355
4.0634,0.6355
4.0639,0.6406
4.0644,0.6406
4.0650,0.6355
4.0655,0.6305
4.0660,0.6406
4.0665,0.6355
4.0671,0.6355
4.0676,0.6355
4.0681,0.6355
4.0686,0.6355
4.0691,0.6355
4.0697,0.6355
4.0702,0.6355
4.0707,0.6355
4.0712,0.6305
4.0718,0.6355
4.0723,0.6355
4.0728,0.6355
4.0733,0.6355
4.0739,0.6355
4.0744,0.6305
4.0749,0.6355
4.0754,0.6355
4.0760,0.6355
4.0765,0.6355
4.0770,0.6355
4.0775,0.6355
4.0781,0.6355
4.0786,0.6355
4.0791,0.6355
4.0796,0.6406
4.0801,0.6406
4.0807,0.6355
4.0812,0.6406
4.0817,0.6355
4.0822,0.6406
4.0828,0.6355
4.0862,0.6305
4.0867,0.6355
4.0873,0.6355
4.0878,0.6355
4.0883,0.6305
4.0889,0.6406
4.0894,0.6355
4.0899,0.6355
4.0904,0.6355
4.0910,0.6355
4.0915,0.6355
4.0920,0.6305
4.0925,0.6355
4.0931,0.6355
4.0936,0.6355
4.0941,0.6355
4.0947,0.6355
4.0953,0.6355
4.0958,0.6355
4.0963,0.6305
4.0969,0.6355
4.0974,0.6355
4.0980,0.6355
4.0985,0.6355
4.0990,0.6355
4.0996,0.6305
4.1001,0.6355
4.1006,0.6355
4.1012,0.6355
4.1017,0.6406
4.1022,0.6305
4.1027,0.6355
4.1033,0.6355
4.1038,0.6355
4.1044,0.6355
4.1049,0.6305
4.1054,0.6406
4.1059,0.6305
4.1065,0.6355
4.1070,0.6305
4.1075,0.6305
4.1081,0.6305
4.1086,0.6355
4.1091,0.6355
4.1097,0.6355
4.1102,0.6406
4.1108,0.6355
4.1113,0.6406
4.1119,0.6355
4.1124,0.6355
4.1130,0.6355
4.1135,0.6355
4.1140,0.6406
4.1145,0.6355
4.1151,0.6406
4.1156,0.6355
4.1161,0.6305
4.1167,0.6355
4.1172,0.6355
4.1177,0.6355
4.1182,0.6355
4.1187,0.6355
4.1193,0.6355
4.1198,0.6355
4.1203,0.6305
4.1208,0.6406
4.1214,0.6355
4.1219,0.6355
4.1224,0.6355
4.1229,0.6355
4.1235,0.6406
4.1240,0.6406
4.1245,0.6305
4.1250,0.6355
4.1255,0.6355
4.1261,0.6355
4.1266,0.6355
4.1271,0.6355
4.1277,0.6305
4.1282,0.6355
4.1287,0.6355
4.1292,0.6305
4.1298,0.6355
4.1303,0.6355
4.1308,0.6355
4.1313,0.6355
4.1318,0.6355
4.1324,0.6355
4.1329,0.6406
4.1334,0.6355
4.1339,0.6305
4.1345,0.6355
4.1350,0.6355
4.1355,0.6355
4.1361,0.6355
4.1366,0.6355
4.1371,0.6305
4.1377,0.6355
4.1382,0.6355
4.1387,0.6406
4.1392,0.6355
4.1398,0.6355
4.1403,0.6355
4.1409,0.6355
4.1414,0.6355
4.1419,0.6355
4.1424,0.6355
4.1430,0.6355
4.1435,0.6305
4.1440,0.6355
4.1446,0.6355
4.1451,0.6355
4.1456,0.6355
4.1461,0.6305
4.1467,0.6305
4.1472,0.6305
4.1477,0.6355
4.1483,0.6305
4.1488,0.6305
4.1493,0.6355
4.1498,0.6355
4.1504,0.6305
4.1509,0.6355
4.1514,0.6305
4.1519,0.6355
4.1525,0.6355
4.1530,0.6355
4.1536,0.6355
4.1541,0.6355
4.1547,0.6355
4.1552,0.6355
4.1557,0.6355
4.1562,0.6355
4.1568,0.6355
4.1573,0.6355
4.1578,0.6355
4.1584,0.6355
4.1589,0.6305
4.1595,0.6305
4.1600,0.6305
4.1605,0.6355
4.1611,0.6355
4.1616,0.6355
4.1621,0.6355
4.1627,0.6355
4.1632,0.6355
4.1637,0.6355
4.1643,0.6355
4.1648,0.6355
4.1653,0.6355
4.1659,0.6355
4.1665,0.6355
4.1670,0.6355
4.1675,0.6305
4.1681,0.6355
4.1686,0.6355
4.1692,0.6355
4.1697,0.6355
4.1702,0.6406
4.1708,0.6355
4.1713,0.6355
4.1718,0.6355
4.1724,0.6355
4.1729,0.6355
4.1734,0.6355
4.1740,0.6355
4.1745,0.6305
4.1750,0.6305
4.1755,0.6355
4.1761,0.6355
4.1766,0.6355
4.1771,0.6355
4.1776,0.6355
4.1782,0.6355
4.1787,0.6305
4.1792,0.6305
4.1797,0.6355
4.1803,0.6305
4.1808,0.6305
4.1813,0.6355
4.1818,0.6355
4.1823,0.6355
4.1829,0.6355
4.1834,0.6355
4.1839,0.6355
4.1844,0.6355
4.1850,0.6355
4.1855,0.6355
4.1860,0.6355
4.1865,0.6305
4.1870,0.6355
4.1876,0.6305
4.1881,0.6355
4.1886,0.6355
4.1891,0.6305
4.1896,0.6305
4.1902,0.6355
4.1907,0.6355
4.1912,0.6305
4.1917,0.6355
4.1923,0.6355
4.1928,0.6355
4.1933,0.6355
4.1938,0.6355
4.1943,0.6355
4.1949,0.6355
4.1954,0.6355
4.1959,0.6406
4.1964,0.6305
4.1970,0.6355
4.1975,0.6355
4.1980,0.6355
4.1985,0.6355
4.1990,0.6355
4.1996,0.6305
4.2001,0.6355
4.2006,0.6355
4.2011,0.6305
4.2016,0.6355
4.2022,0.6305
4.2027,0.6355
4.2032,0.6355
4.2037,0.6355
4.2043,0.6355
4.2048,0.6355
4.2053,0.6355
4.2058,0.6355
4.2063,0.6355
4.2069,0.6355
4.2074,0.6355
4.2079,0.6355
4.2084,0.6406
4.2090,0.6355
4.2095,0.6355
4.2100,0.6355
4.2105,0.6355
4.2111,0.6305
4.2116,0.6305
4.2121,0.6355
4.2126,0.6355
4.2131,0.6355
4.2137,0.6355
4.2142,0.6355
4.2147,0.6355
4.2152,0.6355
4.2158,0.6305
4.2163,0.6355
4.2168,0.6355
4.2173,0.6305
4.2178,0.6355
4.2184,0.6355
4.2189,0.6355
4.2194,0.6305
4.2199,0.6305
4.2204,0.6355
4.2210,0.6305
4.2215,0.6355
4.2220,0.6355
4.2225,0.6355
4.2231,0.6355
4.2236,0.6406
4.2241,0.6355
4.2246,0.6355
4.2251,0.6305
4.2257,0.6355
4.2262,0.6355
4.2267,0.6355
4.2272,0.6305
4.2278,0.6355
4.2283,0.6355
4.2288,0.6355
4.2293,0.6305
4.2298,0.6355
4.2304,0.6305
4.2309,0.6355
4.2314,0.6355
4.2319,0.6406
4.2324,0.6355
4.2330,0.6355
4.2335,0.6305
4.2340,0.6355
4.2345,0.6355
4.2351,0.6355
4.2356,0.6406
4.2361,0.6355
4.2366,0.6355
4.2371,0.6355
4.2377,0.6355
4.2382,0.6355
4.2387,0.6305
4.2392,0.6305
4.2398,0.6355
4.2403,0.6355
4.2408,0.6355
4.2413,0.6355
4.2418,0.6355
4.2424,0.6355
4.2429,0.6355
4.2434,0.6355
4.2439,0.6355
4.2444,0.6355
4.2450,0.6305
4.2455,0.6355
4.2460,0.6355
4.2465,0.6355
4.2471,0.6355
4.2476,0.6355
4.2481,0.6355
4.2486,0.6305
4.2491,0.6305
4.2497,0.6355
4.2502,0.6355
4.2507,0.6406
4.2512,0.6355
4.2517,0.6305
4.2523,0.6305
4.2528,0.6355
4.2533,0.6355
4.2538,0.6355
4.2544,0.6355
4.2549,0.6406
4.2554,0.6355
4.2559,0.6355
4.2564,0.6355
4.2570,0.6355
4.2575,0.6355
4.2580,0.6355
4.2585,0.6305
4.2591,0.6406
4.2596,0.6305
4.2601,0.6355
4.2606,0.6355
4.2611,0.6355
4.2617,0.6355
4.2622,0.6406
4.2627,0.6355
4.2632,0.6355
4.2637,0.6355
4.2643,0.6355
4.2648,0.6305
4.2653,0.6355
4.2658,0.6355
4.2664,0.6355
4.2669,0.6355
4.2674,0.6355
4.2679,0.6355
4.2684,0.6355
4.2690,0.6355
4.2695,0.6355
4.2700,0.6355
4.2705,0.6355
4.2711,0.6305
4.2716,0.6355
4.2721,0.6355
4.2726,0.6355
4.2732,0.6406
4.2737,0.6355
4.2742,0.6355
4.2747,0.6305
4.2753,0.6406
4.2758,0.6355
4.2763,0.6355
4.2768,0.6355
4.2774,0.6355
4.2779,0.6305
4.2784,0.6355
4.2789,0.6355
4.2794,0.6355
4.2800,0.6355
4.2805,0.6406
4.2810,0.6355
4.2815,0.6355
4.2821,0.6355
4.2826,0.6355
4.2831,0.6355
4.2836,0.6355
4.2842,0.6305
4.2847,0.6355
4.2852,0.6355
4.2857,0.6355
4.2863,0.6355
4.2868,0.6355
4.2873,0.6355
4.2878,0.6355
4.2883,0.6355
4.2889,0.6355
4.2894,0.6355
4.2899,0.6305
4.2904,0.6406
4.2910,0.6355
4.2915,0.6355
4.2920,0.6406
4.2925,0.6355
4.2931,0.6355
4.2936,0.6355
4.2941,0.6355
4.2946,0.6355
4.2951,0.6305
4.2957,0.6355
4.2962,0.6355
4.2967,0.6355
4.2972,0.6355
4.2978,0.6355
4.2983,0.6355
4.2988,0.6355
4.2993,0.6355
4.2999,0.6355
4.3004,0.6355
4.3009,0.6355
4.3014,0.6305
4.3019,0.6355
4.3025,0.6305
4.3030,0.6355
4.3036,0.6355
4.3041,0.6305
4.3046,0.6355
4.3052,0.6305
4.3057,0.6355
4.3062,0.6355
4.3067,0.6355
4.3072,0.6355
4.3078,0.6355
4.3083,0.6406
4.3088,0.6305
4.3093,0.6355
4.3099,0.6355
4.3104,0.6355
4.3109,0.6355
4.3114,0.6355
4.3120,0.6355
4.3125,0.6355
4.3130,0.6406
4.3135,0.6355
4.3140,0.6355
4.3146,0.6305
4.3151,0.6305
4.3156,0.6355
4.3161,0.6355
4.3167,0.6355
4.3172,0.6305
4.3177,0.6305
4.3182,0.6355
4.3188,0.6305
4.3193,0.6355
4.3198,0.6355
4.3203,0.6355
4.3208,0.6355
4.3214,0.6355
4.3219,0.6305
4.3224,0.6355
4.3229,0.6355
4.3235,0.6406
4.3240,0.6355
4.3245,0.6305
4.3250,0.6355
4.3256,0.6355
4.3261,0.6355
4.3266,0.6355
4.3271,0.6355
4.3277,0.6355
4.3282,0.6355
4.3287,0.6305
4.3292,0.6355
4.3297,0.6355
4.3303,0.6355
4.3308,0.6305
4.3313,0.6355
4.3318,0.6355
4.3324,0.6355
4.3329,0.6355
4.3334,0.6355
4.3339,0.6355
4.3345,0.6406
4.3350,0.6355
4.3355,0.6355
4.3360,0.6355
4.3365,0.6305
4.3371,0.6355
4.3376,0.6355
4.3381,0.6355
4.3386,0.6355
4.3392,0.6355
4.3397,0.6406
4.3402,0.6305
4.3407,0.6355
4.3413,0.6355
4.3418,0.6355
4.3423,0.6305
4.3428,0.6305
4.3434,0.6355
4.3439,0.6355
4.3444,0.6406
4.3449,0.6406
4.3455,0.6355
4.3460,0.6305
4.3465,0.6355
4.3470,0.6355
4.3476,0.6355
4.3481,0.6355
4.3486,0.6305
4.3491,0.6355
4.3497,0.6355
4.3502,0.6355
4.3507,0.6406
4.3512,0.6355
4.3518,0.6305
4.3523,0.6355
4.3528,0.6355
4.3533,0.6355
4.3539,0.6305
4.3544,0.6355
4.3549,0.6355
4.3554,0.6355
4.3559,0.6355
4.3565,0.6355
4.3570,0.6355
4.3575,0.6355
4.3580,0.6355
4.3586,0.6355
4.3591,0.6305
4.3596,0.6355
4.3601,0.6355
4.3607,0.6355
4.3612,0.6355
4.3617,0.6406
4.3622,0.6355
4.3628,0.6355
4.3633,0.6355
4.3638,0.6305
4.3643,0.6355
4.3648,0.6355
4.3654,0.6305
4.3659,0.6355
4.3664,0.6355
4.3669,0.6355
4.3675,0.6305
4.3680,0.6355
4.3685,0.6355
4.3690,0.6355
4.3696,0.6305
4.3701,0.6355
4.3706,0.6355
4.3711,0.6355
4.3716,0.6355
4.3722,0.6355
4.3727,0.6355
4.3732,0.6355
4.3737,0.6305
4.3743,0.6355
4.3748,0.6355
4.3753,0.6305
4.3758,0.6355
4.3764,0.6355
4.3769,0.6355
4.3774,0.6305
4.3779,0.6355
4.3784,0.6305
4.3790,0.6355
4.3795,0.6305
4.3800,0.6355
4.3805,0.6355
4.3811,0.6355
4.3816,0.6355
4.3821,0.6355
4.3826,0.6355
4.3832,0.6406
4.3837,0.6355
4.3842,0.6305
4.3847,0.6305
4.3852,0.6355
4.3858,0.6355
4.3863,0.6355
4.3868,0.6355
4.3873,0.6305
4.3879,0.6355
4.3884,0.6355
4.3889,0.6355
4.3894,0.6355
4.3900,0.6355
4.3905,0.6305
4.3910,0.6305
4.3915,0.6355
4.3921,0.6355
4.3926,0.6355
4.3931,0.6355
4.3936,0.6305
4.3941,0.6355
4.3947,0.6355
4.3952,0.6355
4.3957,0.6406
4.3962,0.6355
4.3968,0.6305
4.3973,0.6355
4.3978,0.6355
4.3983,0.6355
4.3989,0.6355
4.3994,0.6406
4.3999,0.6355
4.4004,0.6305
4.4009,0.6355
4.4015,0.6355
4.4020,0.6355
4.4025,0.6406
4.4030,0.6355
4.4036,0.6355
4.4041,0.6355
4.4046,0.6355
4.4051,0.6355
4.4057,0.6355
4.4062,0.6355
4.4067,0.6355
4.4072,0.6355
4.4077,0.6355
4.4083,0.6355
4.4088,0.6355
4.4093,0.6355
4.4099,0.6355
4.4104,0.6406
4.4109,0.6355
4.4114,0.6355
4.4119,0.6355
4.4125,0.6305
4.4130,0.6355
4.4135,0.6305
4.4140,0.6355
4.4146,0.6355
4.4151,0.6355
4.4156,0.6355
4.4161,0.6355
4.4167,0.6305
4.4172,0.6355
4.4177,0.6305
4.4182,0.6305
4.4188,0.6355
4.4193,0.6355
4.4198,0.6355
4.4203,0.6406
4.4208,0.6355
4.4214,0.6406
4.4219,0.6355
4.4224,0.6355
4.4229,0.6355
4.4235,0.6355
4.4240,0.6355
4.4245,0.6355
4.4250,0.6305
4.4256,0.6355
4.4261,0.6355
4.4266,0.6355
4.4271,0.6355
4.4276,0.6406
4.4282,0.6305
4.4287,0.6355
4.4292,0.6355
4.4297,0.6355
4.4303,0.6355
4.4308,0.6355
4.4313,0.6355
4.4318,0.6355
4.4324,0.6406
4.4329,0.6305
4.4334,0.6355
4.4339,0.6355
4.4344,0.6355
4.4350,0.6355
4.4355,0.6355
4.4360,0.6355
4.4365,0.6355
4.4371,0.6355
4.4376,0.6355
4.4381,0.6355
4.4386,0.6355
4.4392,0.6355
4.4397,0.6355
4.4402,0.6305
4.4407,0.6355
4.4412,0.6305
4.4418,0.6355
4.4423,0.6355
4.4428,0.6355
4.4433,0.6355
4.4439,0.6305
4.4444,0.6355
4.4449,0.6355
4.4454,0.6355
4.4460,0.6355
4.4465,0.6355
4.4470,0.6355
4.4475,0.6355
4.4480,0.6305
4.4486,0.6355
4.4491,0.6355
4.4496,0.6355
4.4501,0.6355
4.4507,0.6355
4.4512,0.6355
4.4517,0.6305
4.4522,0.6355
4.4528,0.6355
4.4533,0.6355
4.4538,0.6355
4.4543,0.6355
4.4548,0.6406
4.4554,0.6305
4.4559,0.6355
4.4564,0.6355
4.4569,0.6355
4.4575,0.6305
4.4580,0.6355
4.4585,0.6355
4.4590,0.6355
4.4596,0.6305
4.4601,0.6355
4.4606,0.6305
4.4611,0.6305
4.4617,0.6355
4.4622,0.6355
4.4627,0.6355
4.4632,0.6355
4.4637,0.6355
4.4643,0.6355
4.4648,0.6355
4.4653,0.6355
4.4658,0.6355
4.4664,0.6305
4.4669,0.6355
4.4674,0.6355
4.4679,0.6305
4.4685,0.6305
4.4690,0.6305
4.4695,0.6355
4.4700,0.6305
4.4705,0.6355
4.4711,0.6355
4.4716,0.6355
4.4721,0.6305
4.4726,0.6355
4.4732,0.6355
4.4737,0.6355
4.4742,0.6355
4.4747,0.6355
4.4753,0.6355
4.4758,0.6355
4.4763,0.6355
4.4768,0.6406
4.4774,0.6355
4.4779,0.6305
4.4784,0.6406
4.4789,0.6355
4.4795,0.6355
4.4800,0.6355
4.4805,0.6406
4.4810,0.6355
4.4815,0.6305
4.4821,0.6305
4.4826,0.6355
4.4831,0.6355
4.4836,0.6406
4.4842,0.6355
4.4847,0.6355
4.4852,0.6355
4.4857,0.6355
4.4863,0.6355
4.4868,0.6355
4.4873,0.6355
4.4878,0.6355
4.4883,0.6406
4.4889,0.6355
4.4894,0.6355
4.4899,0.6355
4.4904,0.6355
4.4910,0.6355
4.4915,0.6406
4.4920,0.6355
4.4925,0.6305
4.4931,0.6305
4.4936,0.6355
4.4941,0.6406
4.4946,0.6355
4.4951,0.6355
4.4957,0.6355
4.4962,0.6355
4.4967,0.6355
4.4972,0.6305
4.4978,0.6355
4.4983,0.6355
4.4988,0.6406
4.4993,0.6305
4.4999,0.6355
4.5004,0.6406
4.5009,0.6406
4.5014,0.6355
4.5020,0.6305
4.5025,0.6355
4.5030,0.6355
4.5035,0.6355
4.5040,0.6355
4.5046,0.6355
4.5051,0.6355
4.5056,0.6355
4.5061,0.6355
4.5067,0.6355
4.5072,0.6355
4.5077,0.6355
4.5082,0.6355
4.5088,0.6355
4.5093,0.6355
4.5098,0.6305
4.5103,0.6355
4.5108,0.6355
4.5114,0.6355
4.5119,0.6305
4.5124,0.6355
4.5129,0.6355
4.5135,0.6406
4.5140,0.6355
4.5145,0.6305
4.5150,0.6355
4.5156,0.6305
4.5161,0.6355
4.5166,0.6355
4.5171,0.6355
4.5176,0.6355
4.5182,0.6355
4.5187,0.6305
4.5192,0.6355
4.5197,0.6355
4.5203,0.6355
4.5208,0.6355
4.5213,0.6355
4.5218,0.6305
4.5224,0.6305
4.5229,0.6355
4.5234,0.6355
4.5239,0.6406
4.5244,0.6355
4.5250,0.6355
4.5255,0.6305
4.5260,0.6355
4.5265,0.6355
4.5271,0.6406
4.5276,0.6355
4.5281,0.6406
4.5286,0.6355
4.5292,0.6355
4.5297,0.6305
4.5302,0.6355
4.5307,0.6355
4.5312,0.6355
4.5318,0.6305
4.5323,0.6355
4.5328,0.6355
4.5333,0.6355
4.5339,0.6355
4.5344,0.6355
4.5349,0.6355
4.5354,0.6305
4.5360,0.6305
4.5365,0.6305
4.5370,0.6305
4.5375,0.6305
4.5380,0.6355
4.5386,0.6355
4.5391,0.6355
4.5396,0.6355
4.5401,0.6355
4.5407,0.6355
4.5412,0.6305
4.5417,0.6355
4.5422,0.6355
4.5428,0.6355
4.5433,0.6355
4.5438,0.6355
4.5443,0.6355
4.5449,0.6355
4.5454,0.6355
4.5459,0.6406
4.5464,0.6355
4.5470,0.6406
4.5475,0.6355
4.5480,0.6305
4.5485,0.6305
4.5490,0.6406
4.5496,0.6355
4.5501,0.6355
4.5506,0.6305
4.5511,0.6355
4.5517,0.6355
4.5522,0.6355
4.5527,0.6355
4.5532,0.6355
4.5538,0.6305
4.5543,0.6305
4.5548,0.6355
4.5553,0.6355
4.5558,0.6305
4.5564,0.6305
4.5569,0.6355
4.5574,0.6355
4.5579,0.6305
4.5585,0.6305
4.5590,0.6305
4.5595,0.6305
4.5600,0.6355
4.5606,0.6355
4.5611,0.6355
4.5616,0.6355
4.5621,0.6355
4.5626,0.6355
4.5632,0.6355
4.5637,0.6355
4.5642,0.6305
4.5647,0.6355
4.5653,0.6305
4.5658,0.6305
4.5663,0.6355
4.5668,0.6355
4.5674,0.6305
4.5679,0.6355
4.5684,0.6355
4.5689,0.6355
4.5694,0.6355
4.5700,0.6406
4.5705,0.6355
4.5710,0.6305
4.5715,0.6355
4.5721,0.6355
4.5726,0.6355
4.5731,0.6305
4.5736,0.6355
4.5742,0.6355
4.5747,0.6355
4.5752,0.6406
4.5757,0.6355
4.5763,0.6355
4.5768,0.6355
4.5773,0.6355
4.5778,0.6355
4.5783,0.6355
4.5789,0.6355
4.5794,0.6355
4.5799,0.6355
4.5804,0.6355
4.5810,0.6355
4.5815,0.6355
4.5820,0.6305
4.5825,0.6355
4.5831,0.6305
4.5836,0.6355
4.5841,0.6355
4.5846,0.6355
4.5852,0.6355
4.5857,0.6355
4.5862,0.6305
4.5867,0.6355
4.5873,0.6355
4.5878,0.6355
4.5883,0.6305
4.5888,0.6355
4.5893,0.6355
4.5899,0.6305
4.5904,0.6355
4.5909,0.6305
4.5914,0.6305
4.5920,0.6355
4.5925,0.6355
4.5930,0.6355
4.5935,0.6355
4.5941,0.6355
4.5946,0.6305
4.5951,0.6355
4.5956,0.6355
4.5961,0.6355
4.5967,0.6355
4.5972,0.6355
4.5977,0.6355
4.5982,0.6355
4.5988,0.6305
4.5993,0.6355
4.5998,0.6406
4.6003,0.6355
4.6009,0.6355
4.6014,0.6355
4.6020,0.6406
4.6025,0.6305
4.6030,0.6355
4.6036,0.6355
4.6042,0.6355
4.6047,0.6406
4.6053,0.6305
4.6058,0.6355
4.6064,0.6355
4.6069,0.6355
4.6075,0.6355
4.6080,0.6355
4.6086,0.6355
4.6092,0.6355
4.6097,0.6406
4.6103,0.6305
4.6108,0.6355
4.6113,0.6355
4.6119,0.6355
4.6124,0.6305
4.6130,0.6406
4.6135,0.6355
4.6141,0.6355
4.6147,0.6355
4.6152,0.6406
4.6158,0.6355
4.6163,0.6355
4.6169,0.6355
4.6174,0.6305
4.6180,0.6355
4.6185,0.6355
4.6191,0.6355
4.6196,0.6355
4.6202,0.6355
4.6207,0.6355
4.6213,0.6355
4.6218,0.6406
4.6224,0.6355
4.6229,0.6355
4.6235,0.6305
4.6240,0.6355
4.6246,0.6355
4.6251,0.6355
4.6257,0.6305
4.6262,0.6305
4.6267,0.6355
4.6273,0.6355
4.6278,0.6355
4.6284,0.6355
4.6289,0.6305
4.6295,0.6355
4.6300,0.6355
4.6306,0.6355
4.6311,0.6355
4.6317,0.6355
4.6322,0.6355
4.6328,0.6355
4.6333,0.6355
4.6339,0.6406
4.6344,0.6305
4.6350,0.6355
4.6355,0.6355
4.6361,0.6355
4.6366,0.6305
4.6372,0.6305
4.6377,0.6305
4.6383,0.6355
4.6388,0.6406
4.6394,0.6305
4.6399,0.6355
4.6405,0.6355
4.6410,0.6305
4.6416,0.6355
4.6421,0.6355
4.6427,0.6355
4.6432,0.6406
4.6438,0.6406
4.6443,0.6355
4.6449,0.6355
4.6454,0.6355
4.6460,0.6305
4.6465,0.6406
4.6471,0.6355
4.6476,0.6355
4.6482,0.6355
4.6487,0.6355
4.6493,0.6305
4.6498,0.6355
4.6504,0.6355
4.6509,0.6355
4.6515,0.6305
4.6520,0.6355
4.6526,0.6355
4.6531,0.6355
4.6537,0.6355
4.6542,0.6355
4.6548,0.6305
4.6553,0.6305
4.6559,0.6355
4.6564,0.6355
4.6570,0.6305
4.6575,0.6355
4.6581,0.6355
4.6586,0.6355
4.6592,0.6355
4.6597,0.6355
4.6603,0.6355
4.6608,0.6355
4.6614,0.6355
4.6619,0.6406
4.6625,0.6305
4.6630,0.6355
4.6636,0.6355
4.6641,0.6355
4.6647,0.6305
4.6652,0.6355
4.6658,0.6355
4.6663,0.6355
4.6669,0.6355
4.6674,0.6305
4.6680,0.6355
4.6685,0.6305
4.6691,0.6305
4.6696,0.6355
4.6702,0.6355
4.6707,0.6355
4.6713,0.6355
4.6718,0.6355
4.6724,0.6355
4.6729,0.6355
4.6735,0.6355
4.6740,0.6305
4.6746,0.6355
4.6754,0.6305
4.6759,0.6355
4.6765,0.6305
4.6771,0.6355
4.6776,0.6406
4.6782,0.6355
4.6787,0.6355
4.6793,0.6355
4.6798,0.6406
4.6804,0.6355
4.6809,0.6355
4.6815,0.6355
4.6820,0.6355
4.6826,0.6305
4.6831,0.6355
4.6837,0.6355
4.6842,0.6305
4.6848,0.6305
4.6853,0.6355
4.6859,0.6355
4.6864,0.6305
4.6870,0.6406
4.6875,0.6305
4.6881,0.6355
4.6886,0.6406
4.6892,0.6355
4.6897,0.6355
4.6903,0.6355
4.6908,0.6355
4.6914,0.6355
4.6919,0.6355
4.6925,0.6355
4.6930,0.6406
4.6936,0.6355
4.6941,0.6355
4.6947,0.6355
4.6952,0.6406
4.6958,0.6355
4.6963,0.6305
4.6969,0.6355
4.6974,0.6355
4.6980,0.6305
4.6985,0.6355
4.6991,0.6305
4.6996,0.6355
4.7002,0.6305
4.7007,0.6305
4.7013,0.6305
4.7018,0.6355
4.7024,0.6355
4.7030,0.6305
4.7035,0.6355
4.7041,0.6355
4.7046,0.6355
4.7052,0.6355
4.7057,0.6355
4.7063,0.6355
4.7068,0.6355
4.7074,0.6406
4.7079,0.6305
4.7085,0.6355
4.7090,0.6355
4.7096,0.6355
4.7101,0.6305
4.7107,0.6305
4.7112,0.6355
4.7118,0.6355
4.7123,0.6355
4.7129,0.6355
4.7134,0.6355
4.7140,0.6406
4.7145,0.6355
4.7151,0.6355
4.7156,0.6355
4.7162,0.6355
4.7167,0.6355
4.7173,0.6355
4.7178,0.6355
4.7184,0.6355
4.7189,0.6355
4.7195,0.6355
4.7200,0.6355
4.7206,0.6355
4.7211,0.6355
4.7217,0.6355
4.7222,0.6305
4.7228,0.6305
4.7233,0.6355
4.7239,0.6355
4.7244,0.6355
4.7250,0.6355
4.7255,0.6355
4.7262,0.6355
4.7267,0.6355
4.7273,0.6305
4.7278,0.6355
4.7284,0.6355
4.7289,0.6305
4.7295,0.6355
4.7300,0.6305
4.7306,0.6355
4.7311,0.6355
4.7317,0.6355
4.7322,0.6355
4.7328,0.6305
4.7333,0.6355
4.7339,0.6355
4.7344,0.6355
4.7350,0.6355
4.7355,0.6355
4.7361,0.6355
4.7367,0.6305
4.7372,0.6355
4.7378,0.6406
4.7383,0.6355
4.7389,0.6355
4.7394,0.6355
4.7400,0.6305
4.7405,0.6355
4.7410,0.6355
4.7416,0.6355
4.7421,0.6305
4.7427,0.6305
4.7432,0.6355
4.7438,0.6305
4.7443,0.6355
4.7449,0.6355
4.7454,0.6355
4.7460,0.6355
4.7465,0.6355
4.7471,0.6305
4.7477,0.6355
4.7482,0.6355
4.7488,0.6355
4.7493,0.6355
4.7499,0.6355
4.7504,0.6355
4.7510,0.6355
4.7515,0.6355
4.7521,0.6355
4.7526,0.6355
4.7532,0.6355
4.7537,0.6305
4.7543,0.6355
4.7548,0.6355
4.7554,0.6355
4.7559,0.6355
4.7567,0.6355
4.7572,0.6406
4.7578,0.6355
4.7583,0.6305
4.7589,0.6305
4.7594,0.6355
4.7600,0.6355
4.7605,0.6355
4.7611,0.6305
4.7616,0.6355
4.7622,0.6355
4.7627,0.6305
4.7633,0.6355
4.7638,0.6355
4.7644,0.6355
4.7650,0.6355
4.7655,0.6406
4.7661,0.6305
4.7666,0.6305
4.7672,0.6355
4.7677,0.6355
4.7683,0.6305
4.7688,0.6355
4.7694,0.6406
4.7699,0.6355
4.7705,0.6355
4.7710,0.6305
4.7716,0.6355
4.7721,0.6305
4.7727,0.6355
4.7732,0.6355
4.7738,0.6355
4.7743,0.6355
4.7749,0.6355
4.7754,0.6355
4.7760,0.6355
4.7765,0.6355
4.7771,0.6355
4.7776,0.6355
4.7782,0.6406
4.7787,0.6406
4.7793,0.6355
4.7798,0.6305
4.7804,0.6355
4.7809,0.6355
4.7815,0.6355
4.7820,0.6355
4.7826,0.6355
4.7831,0.6355
4.7837,0.6305
4.7842,0.6305
4.7848,0.6355
4.7853,0.6355
4.7859,0.6406
4.7864,0.6355
4.7870,0.6355
4.7875,0.6305
4.7881,0.6355
4.7886,0.6355
4.7892,0.6355
4.7897,0.6305
4.7903,0.6355
4.7908,0.6355
4.7914,0.6305
4.7919,0.6355
4.7925,0.6355
4.7930,0.6305
4.7936,0.6355
4.7941,0.6355
4.7947,0.6305
4.7952,0.6355
4.7958,0.6355
4.7963,0.6355
4.7969,0.6355
4.7974,0.6305
4.7980,0.6305
4.7985,0.6355
4.7991,0.6305
4.7996,0.6355
4.8002,0.6355
4.8007,0.6305
4.8013,0.6355
4.8018,0.6355
4.8025,0.6355
4.8031,0.6355
4.8036,0.6355
4.8041,0.6355
4.8047,0.6355
4.8052,0.6355
4.8058,0.6355
4.8063,0.6355
4.8069,0.6355
4.8074,0.6305
4.8080,0.6355
4.8085,0.6355
4.8090,0.6355
4.8096,0.6355
4.8101,0.6305
4.8107,0.6305
4.8112,0.6305
4.8118,0.6406
4.8123,0.6355
4.8128,0.6355
4.8134,0.6305
4.8139,0.6406
4.8145,0.6355
4.8150,0.6305
4.8156,0.6355
4.8161,0.6355
4.8167,0.6355
4.8172,0.6355
4.8178,0.6406
4.8183,0.6305
4.8188,0.6406
4.8194,0.6355
4.8200,0.6406
4.8205,0.6355
4.8210,0.6355
4.8216,0.6355
4.8221,0.6355
4.8227,0.6355
4.8232,0.6355
4.8238,0.6355
4.8243,0.6355
4.8248,0.6355
4.8254,0.6355
4.8259,0.6355
4.8265,0.6355
4.8270,0.6355
4.8276,0.6355
4.8281,0.6355
4.8286,0.6355
4.8292,0.6355
4.8297,0.6355
4.8303,0.6305
4.8308,0.6355
4.8314,0.6305
4.8319,0.6355
4.8324,0.6355
4.8330,0.6355
4.8335,0.6355
4.8341,0.6305
4.8346,0.6355
4.8352,0.6355
4.8357,0.6406
4.8362,0.6355
4.8368,0.6355
4.8373,0.6355
4.8379,0.6305
4.8384,0.6355
4.8390,0.6355
4.8395,0.6305
4.8400,0.6355
4.8406,0.6355
4.8411,0.6305
4.8417,0.6355
4.8422,0.6355
4.8428,0.6305
4.8433,0.6406
4.8438,0.6355
4.8444,0.6355
4.8449,0.6355
4.8455,0.6305
4.8460,0.6355
4.8466,0.6355
4.8471,0.6355
4.8477,0.6355
4.8482,0.6355
4.8488,0.6305
4.8493,0.6305
4.8498,0.6355
4.8504,0.6406
4.8509,0.6355
4.8515,0.6355
4.8520,0.6406
4.8526,0.6305
4.8531,0.6406
4.8537,0.6305
4.8542,0.6355
4.8548,0.6355
4.8553,0.6355
4.8559,0.6355
4.8564,0.6355
4.8570,0.6355
4.8575,0.6355
4.8580,0.6355
4.8586,0.6305
4.8591,0.6355
4.8597,0.6355
4.8602,0.6355
4.8608,0.6355
4.8613,0.6355
4.8618,0.6355
4.8624,0.6355
4.8629,0.6355
4.8635,0.6305
4.8640,0.6305
4.8646,0.6305
4.8651,0.6355
4.8657,0.6355
4.8662,0.6355
4.8668,0.6355
4.8673,0.6355
4.8679,0.6355
4.8684,0.6355
4.8690,0.6355
4.8695,0.6305
4.8701,0.6355
4.8706,0.6355
4.8712,0.6355
4.8717,0.6355
4.8723,0.6355
4.8728,0.6355
4.8734,0.6355
4.8739,0.6355
4.8745,0.6355
4.8751,0.6355
4.8756,0.6355
4.8762,0.6355
4.8767,0.6355
4.8773,0.6355
4.8778,0.6355
4.8784,0.6355
4.8789,0.6406
4.8795,0.6305
4.8800,0.6305
4.8806,0.6355
4.8811,0.6355
4.8817,0.6355
4.8822,0.6355
4.8827,0.6355
4.8833,0.6305
4.8838,0.6355
4.8844,0.6355
4.8849,0.6355
4.8855,0.6305
4.8860,0.6355
4.8867,0.6305
4.8872,0.6355
4.8878,0.6305
4.8883,0.6355
4.8889,0.6406
4.8894,0.6355
4.8900,0.6355
4.8905,0.6355
4.8911,0.6355
4.8916,0.6355
4.8922,0.6355
4.8927,0.6355
4.8932,0.6355
4.8938,0.6355
4.8943,0.6305
4.8949,0.6406
4.8954,0.6355
4.8960,0.6355
4.8965,0.6305
4.8971,0.6355
4.8976,0.6355
4.8982,0.6305
4.8987,0.6305
4.8993,0.6305
4.8998,0.6355
4.9004,0.6305
4.9009,0.6305
4.9015,0.6406
4.9020,0.6355
4.9027,0.6355
4.9032,0.6355
4.9038,0.6305
4.9043,0.6305
4.9049,0.6355
4.9054,0.6305
4.9059,0.6355
4.9065,0.6355
4.9070,0.6355
4.9075,0.6355
4.9081,0.6355
4.9086,0.6305
4.9091,0.6305
4.9097,0.6355
4.9102,0.6355
4.9107,0.6305
4.9112,0.6355
4.9118,0.6355
4.9123,0.6355
4.9128,0.6355
4.9134,0.6305
4.9139,0.6355
4.9144,0.6355
4.9150,0.6355
4.9155,0.6355
4.9161,0.6355
4.9166,0.6355
4.9171,0.6305
4.9177,0.6355
4.9182,0.6355
4.9187,0.6355
4.9193,0.6355
4.9198,0.6355
4.9204,0.6355
4.9209,0.6355
4.9215,0.6355
4.9220,0.6355
4.9226,0.6355
4.9231,0.6305
4.9236,0.6355
4.9242,0.6355
4.9247,0.6305
4.9252,0.6355
4.9258,0.6355
4.9263,0.6355
4.9268,0.6355
4.9274,0.6355
4.9279,0.6355
4.9284,0.6355
4.9290,0.6355
4.9295,0.6305
4.9300,0.6355
4.9306,0.6355
4.9311,0.6355
4.9316,0.6355
4.9322,0.6355
4.9327,0.6355
4.9332,0.6355
4.9338,0.6305
4.9343,0.6355
4.9348,0.6355
4.9354,0.6406
4.9359,0.6355
4.9364,0.6355
4.9370,0.6305
4.9375,0.6355
4.9380,0.6305
4.9385,0.6305
4.9391,0.6355
4.9396,0.6355
4.9401,0.6355
4.9407,0.6355
4.9412,0.6355
4.9417,0.6355
4.9423,0.6305
4.9428,0.6355
4.9433,0.6305
4.9438,0.6355
4.9444,0.6355
4.9449,0.6355
4.9454,0.6355
4.9460,0.6305
4.9465,0.6355
4.9470,0.6305
4.9476,0.6406
4.9481,0.6355
4.9486,0.6355
4.9492,0.6355
4.9497,0.6355
4.9502,0.6355
4.9508,0.6355
4.9513,0.6355
4.9518,0.6355
4.9524,0.6305
4.9529,0.6406
4.9534,0.6355
4.9540,0.6305
4.9545,0.6355
4.9550,0.6355
4.9556,0.6355
4.9561,0.6355
4.9566,0.6305
4.9572,0.6355
4.9577,0.6355
4.9582,0.6355
4.9588,0.6355
4.9593,0.6355
4.9598,0.6305
4.9604,0.6305
4.9609,0.6355
4.9614,0.6406
4.9620,0.6305
4.9625,0.6355
4.9630,0.6355
4.9636,0.6355
4.9641,0.6355
4.9646,0.6355
4.9652,0.6355
4.9657,0.6355
4.9662,0.6305
4.9668,0.6305
4.9673,0.6305
4.9678,0.6355
4.9684,0.6355
4.9689,0.6355
4.9694,0.6355
4.9699,0.6305
4.9705,0.6305
4.9710,0.6305
4.9715,0.6355
4.9721,0.6305
4.9726,0.6406
4.9731,0.6355
4.9737,0.6355
4.9742,0.6355
4.9747,0.6355
4.9753,0.6355
4.9758,0.6355
4.9763,0.6355
4.9769,0.6355
4.9774,0.6355
4.9779,0.6305
4.9785,0.6355
4.9790,0.6355
4.9795,0.6305
4.9801,0.6305
4.9806,0.6355
4.9811,0.6355
4.9817,0.6355
4.9822,0.6355
4.9828,0.6355
4.9833,0.6355
4.9838,0.6355
4.9844,0.6355
4.9849,0.6355
4.9855,0.6355
4.9860,0.6355
4.9865,0.6355
4.9871,0.6355
4.9876,0.6355
4.9881,0.6305
4.9886,0.6355
4.9892,0.6355
4.9897,0.6355
4.9902,0.6355
4.9908,0.6355
4.9913,0.6355
4.9918,0.6355
4.9924,0.6355
4.9929,0.6355
4.9934,0.6355
4.9939,0.6355
4.9945,0.6355
4.9950,0.6355
4.9955,0.6355
4.9961,0.6305
4.9966,0.6305
4.9971,0.6355
4.9977,0.6355
4.9982,0.6355
4.9987,0.6355
4.9993,0.6355
4.9998,0.6355
5.0003,0.6355
5.0009,0.6305
5.0014,0.6355
5.0019,0.6406
5.0024,0.6355
5.0031,0.6355
5.0036,0.6355
5.0041,0.6355
5.0047,0.6355
5.0052,0.6355
5.0058,0.6355
5.0063,0.6355
5.0068,0.6406
5.0074,0.6355
5.0079,0.6355
5.0085,0.6355
5.0090,0.6305
5.0095,0.6406
5.0101,0.6305
5.0106,0.6305
5.0111,0.6355
5.0117,0.6355
5.0122,0.6355
5.0128,0.6406
5.0133,0.6355
5.0138,0.6355
5.0144,0.6355
5.0149,0.6355
5.0154,0.6355
5.0160,0.6355
5.0165,0.6355
5.0171,0.6305
5.0176,0.6355
5.0181,0.6355
5.0187,0.6406
5.0192,0.6355
5.0198,0.6305
5.0203,0.6355
5.0209,0.6355
5.0214,0.6305
5.0219,0.6355
5.0225,0.6355
5.0230,0.6355
5.0236,0.6355
5.0241,0.6305
5.0246,0.6355
5.0252,0.6355
5.0257,0.6355
5.0263,0.6355
5.0268,0.6355
5.0274,0.6355
5.0279,0.6355
5.0284,0.6355
5.0290,0.6305
5.0295,0.6406
5.0301,0.6305
5.0306,0.6355
5.0312,0.6355
5.0317,0.6355
5.0322,0.6355
5.0328,0.6305
5.0333,0.6355
5.0339,0.6406
5.0344,0.6355
5.0349,0.6355
5.0355,0.6355
5.0360,0.6355
5.0366,0.6355
5.0371,0.6355
5.0376,0.6355
5.0382,0.6305
5.0387,0.6355
5.0392,0.6355
5.0398,0.6355
5.0403,0.6305
5.0409,0.6305
5.0414,0.6355
5.0419,0.6355
5.0425,0.6355
5.0430,0.6355
5.0435,0.6355
5.0441,0.6355
5.0446,0.6355
5.0452,0.6355
5.0457,0.6355
5.0462,0.6305
5.0468,0.6355
5.0473,0.6355
5.0479,0.6406
5.0484,0.6355
5.0489,0.6355
5.0495,0.6355
5.0500,0.6355
5.0506,0.6355
5.0511,0.6355
5.0516,0.6355
5.0522,0.6305
5.0527,0.6355
5.0533,0.6355
5.0538,0.6355
5.0543,0.6355
5.0549,0.6355
5.0554,0.6355
5.0560,0.6355
5.0565,0.6305
5.0570,0.6355
5.0576,0.6355
5.0581,0.6355
5.0587,0.6305
5.0592,0.6355
5.0597,0.6355
5.0603,0.6406
5.0608,0.6305
5.0614,0.6305
5.0619,0.6355
5.0624,0.6305
5.0630,0.6355
5.0635,0.6355
5.0641,0.6355
5.0646,0.6355
5.0651,0.6355
5.0657,0.6305
5.0662,0.6305
5.0668,0.6355
5.0673,0.6406
5.0679,0.6305
5.0684,0.6355
5.0689,0.6355
5.0695,0.6355
5.0700,0.6355
5.0706,0.6305
5.0711,0.6355
5.0716,0.6305
5.0722,0.6355
5.0727,0.6355
5.0733,0.6355
5.0738,0.6355
5.0743,0.6355
5.0749,0.6355
5.0754,0.6355
5.0760,0.6355
5.0765,0.6355
5.0770,0.6355
5.0776,0.6355
5.0781,0.6355
5.0787,0.6355
5.0792,0.6406
5.0797,0.6355
5.0803,0.6355
5.0808,0.6305
5.0814,0.6355
5.0819,0.6355
5.0825,0.6355
5.0830,0.6355
5.0835,0.6355
5.0841,0.6305
5.0846,0.6305
5.0852,0.6355
5.0857,0.6305
5.0862,0.6355
5.0868,0.6355
5.0873,0.6355
5.0879,0.6355
5.0884,0.6355
5.0889,0.6305
5.0895,0.6355
5.0900,0.6305
5.0906,0.6355
5.0911,0.6355
5.0916,0.6406
5.0922,0.6355
5.0927,0.6355
5.0933,0.6355
5.0938,0.6355
5.0944,0.6305
5.0949,0.6355
5.0954,0.6305
5.0960,0.6355
5.0965,0.6355
5.0971,0.6355
5.0976,0.6305
5.0982,0.6355
5.0987,0.6305
5.0992,0.6355
5.0998,0.6355
5.1003,0.6355
5.1009,0.6355
5.1014,0.6355
5.1019,0.6305
5.1025,0.6355
5.1030,0.6355
5.1037,0.6305
5.1042,0.6305
5.1048,0.6355
5.1053,0.6305
5.1058,0.6355
5.1064,0.6305
5.1069,0.6355
5.1075,0.6355
5.1080,0.6355
5.1086,0.6305
5.1091,0.6355
5.1097,0.6355
5.1102,0.6355
5.1108,0.6305
5.1114,0.6355
5.1119,0.6305
5.1125,0.6305
5.1130,0.6355
5.1136,0.6355
5.1141,0.6305
5.1147,0.6355
5.1152,0.6406
5.1157,0.6355
5.1163,0.6355
5.1168,0.6355
5.1174,0.6355
5.1179,0.6355
5.1185,0.6355
5.1190,0.6355
5.1196,0.6355
5.1201,0.6355
5.1207,0.6305
5.1212,0.6355
5.1218,0.6305
5.1223,0.6355
5.1229,0.6355
5.1234,0.6355
5.1239,0.6355
5.1245,0.6355
5.1250,0.6305
5.1256,0.6305
5.1261,0.6305
5.1267,0.6355
5.1272,0.6355
5.1278,0.6355
5.1283,0.6355
5.1289,0.6355
5.1294,0.6355
5.1300,0.6355
5.1305,0.6355
5.1311,0.6355
5.1316,0.6305
5.1321,0.6355
5.1327,0.6305
5.1332,0.6406
5.1338,0.6305
5.1343,0.6355
5.1349,0.6355
5.1354,0.6305
5.1360,0.6305
5.1365,0.6355
5.1371,0.6305
5.1376,0.6355
5.1382,0.6355
5.1387,0.6355
5.1393,0.6305
5.1398,0.6355
5.1403,0.6406
5.1409,0.6355
5.1414,0.6355
5.1420,0.6355
5.1425,0.6355
5.1431,0.6355
5.1436,0.6355
5.1442,0.6406
5.1447,0.6305
5.1453,0.6305
5.1458,0.6305
5.1464,0.6355
5.1469,0.6305
5.1475,0.6305
5.1480,0.6305
5.1485,0.6305
5.1491,0.6305
5.1496,0.6355
5.1502,0.6305
5.1507,0.6406
5.1513,0.6355
5.1518,0.6305
5.1524,0.6355
5.1529,0.6355
5.1535,0.6355
5.1540,0.6355
5.1546,0.6305
5.1551,0.6355
5.1556,0.6355
5.1562,0.6355
5.1567,0.6305
5.1573,0.6355
5.1578,0.6355
5.1584,0.6355
5.1589,0.6355
5.1595,0.6355
5.1600,0.6355
5.1606,0.6355
5.1611,0.6305
5.1617,0.6355
5.1622,0.6305
5.1628,0.6355
5.1633,0.6355
5.1639,0.6305
5.1644,0.6355
5.1650,0.6355
5.1655,0.6355
5.1661,0.6305
5.1667,0.6355
5.1672,0.6355
5.1677,0.6406
5.1683,0.6355
5.1688,0.6355
5.1694,0.6355
5.1699,0.6406
5.1705,0.6355
5.1710,0.6355
5.1716,0.6305
5.1721,0.6355
5.1727,0.6305
5.1732,0.6355
5.1737,0.6355
5.1743,0.6355
5.1755,0.6355
5.1762,0.6355
5.1767,0.6355
5.1773,0.6355
5.1778,0.6305
5.1784,0.6355
5.1789,0.6355
5.1795,0.6355
5.1800,0.6355
5.1806,0.6355
5.1811,0.6305
5.1817,0.6406
5.1822,0.6355
5.1828,0.6305
5.1833,0.6305
5.1839,0.6355
5.1845,0.6355
5.1850,0.6355
5.1856,0.6355
5.1861,0.6355
5.1867,0.6406
5.1872,0.6355
5.1878,0.6355
5.1883,0.6305
5.1889,0.6355
5.1894,0.6355
5.1900,0.6355
5.1905,0.6305
5.1911,0.6305
5.1916,0.6355
5.1922,0.6355
5.1927,0.6355
5.1933,0.6355
5.1938,0.6305
5.1944,0.6355
5.1949,0.6355
5.1955,0.6305
5.1962,0.6355
5.1968,0.6305
5.1973,0.6355
5.1979,0.6305
5.1985,0.6355
5.1990,0.6305
5.1996,0.6355
5.2002,0.6355
5.2007,0.6355
5.2013,0.6355
5.2019,0.6355
5.2024,0.6355
5.2030,0.6305
5.2035,0.6355
5.2042,0.6305
5.2047,0.6355
5.2053,0.6355
5.2058,0.6355
5.2064,0.6355
5.2069,0.6305
5.2075,0.6355
5.2080,0.6355
5.2086,0.6355
5.2092,0.6355
5.2097,0.6355
5.2103,0.6355
5.2108,0.6355
5.2114,0.6355
5.2120,0.6355
5.2125,0.6355
5.2131,0.6355
5.2137,0.6355
5.2142,0.6355
5.2148,0.6305
5.2154,0.6355
5.2159,0.6305
5.2165,0.6355
5.2171,0.6355
5.2177,0.6305
5.2183,0.6305
5.2190,0.6355
5.2195,0.6355
5.2201,0.6355
5.2206,0.6406
5.2212,0.6355
5.2217,0.6355
5.2223,0.6355
5.2228,0.6355
5.2233,0.6355
5.2239,0.6355
5.2244,0.6355
5.2250,0.6355
5.2255,0.6355
5.2261,0.6355
5.2267,0.6355
5.2272,0.6355
5.2278,0.6406
5.2283,0.6355
5.2289,0.6355
5.2294,0.6355
5.2300,0.6355
5.2305,0.6305
5.2311,0.6355
5.2316,0.6305
5.2321,0.6355
5.2327,0.6355
5.2332,0.6355
5.2338,0.6355
5.2343,0.6355
5.2349,0.6355
5.2355,0.6305
5.2360,0.6355
5.2365,0.6355
5.2371,0.6355
5.2376,0.6355
5.2382,0.6355
5.2387,0.6305
5.2393,0.6355
5.2398,0.6355
5.2404,0.6305
5.2409,0.6355
5.2415,0.6305
5.2420,0.6355
5.2426,0.6406
5.2431,0.6355
5.2436,0.6355
5.2442,0.6355
5.2447,0.6355
5.2453,0.6355
5.2458,0.6305
5.2464,0.6355
5.2469,0.6305
5.2475,0.6406
5.2480,0.6355
5.2486,0.6355
5.2491,0.6355
5.2496,0.6355
5.2502,0.6355
5.2507,0.6355
5.2513,0.6355
5.2518,0.6406
5.2524,0.6355
5.2529,0.6355
5.2535,0.6355
5.2540,0.6255
5.2546,0.6355
5.2551,0.6355
5.2557,0.6355
5.2562,0.6305
5.2567,0.6406
5.2573,0.6355
5.2578,0.6355
5.2584,0.6305
5.2589,0.6305
5.2595,0.6355
5.2600,0.6355
5.2606,0.6355
5.2611,0.6305
5.2617,0.6355
5.2622,0.6305
5.2628,0.6355
5.2633,0.6355
5.2638,0.6355
5.2644,0.6355
5.2649,0.6355
5.2655,0.6355
5.2660,0.6355
5.2666,0.6355
5.2672,0.6305
5.2677,0.6355
5.2683,0.6355
5.2688,0.6355
5.2694,0.6305
5.2699,0.6355
5.2704,0.6355
5.2710,0.6355
5.2715,0.6305
5.2721,0.6406
5.2726,0.6355
5.2732,0.6305
5.2737,0.6355
5.2743,0.6355
5.2748,0.6355
5.2754,0.6355
5.2759,0.6355
5.2765,0.6355
5.2770,0.6355
5.2776,0.6355
5.2781,0.6355
5.2787,0.6406
5.2792,0.6305
5.2797,0.6355
5.2803,0.6355
5.2808,0.6355
5.2814,0.6355
5.2819,0.6355
5.2825,0.6355
5.2830,0.6355
5.2836,0.6355
5.2841,0.6355
5.2847,0.6355
5.2852,0.6305
5.2857,0.6305
5.2863,0.6305
5.2868,0.6406
5.2874,0.6355
5.2879,0.6305
5.2885,0.6355
5.2890,0.6355
5.2896,0.6355
5.2901,0.6355
5.2907,0.6355
5.2912,0.6305
5.2918,0.6305
5.2923,0.6305
5.2928,0.6355
5.2934,0.6305
5.2939,0.6355
5.2945,0.6305
5.2950,0.6355
5.2956,0.6355
5.2961,0.6355
5.2967,0.6355
5.2972,0.6355
5.2978,0.6355
5.2983,0.6355
5.2989,0.6305
5.2994,0.6355
5.2999,0.6355
5.3005,0.6355
5.3010,0.6355
5.3016,0.6355
5.3021,0.6355
5.3027,0.6355
5.3032,0.6355
5.3038,0.6305
5.3043,0.6305
5.3049,0.6355
5.3055,0.6355
5.3060,0.6355
5.3066,0.6355
5.3071,0.6355
5.3077,0.6305
5.3082,0.6355
5.3088,0.6355
5.3093,0.6355
5.3098,0.6406
5.3104,0.6355
5.3109,0.6355
5.3115,0.6355
5.3120,0.6355
5.3126,0.6305
5.3131,0.6355
5.3137,0.6355
5.3142,0.6355
5.3148,0.6355
5.3153,0.6355
5.3159,0.6355
5.3164,0.6355
5.3170,0.6355
5.3175,0.6355
5.3181,0.6305
5.3186,0.6355
5.3192,0.6305
5.3197,0.6305
5.3203,0.6355
5.3208,0.6305
5.3214,0.6355
5.3219,0.6355
5.3225,0.6355
5.3230,0.6355
5.3236,0.6355
5.3241,0.6406
5.3247,0.6355
5.3252,0.6355
5.3258,0.6355
5.3263,0.6305
5.3269,0.6355
5.3274,0.6355
5.3280,0.6355
5.3285,0.6355
5.3291,0.6305
5.3296,0.6305
5.3302,0.6406
5.3307,0.6355
5.3313,0.6355
5.3318,0.6305
5.3324,0.6355
5.3329,0.6355
5.3335,0.6355
5.3340,0.6355
5.3346,0.6355
5.3351,0.6406
5.3357,0.6305
5.3362,0.6355
5.3368,0.6355
5.3373,0.6355
5.3379,0.6305
5.3384,0.6355
5.3390,0.6305
5.3395,0.6305
5.3401,0.6355
5.3406,0.6355
5.3412,0.6355
5.3417,0.6305
5.3423,0.6305
5.3428,0.6355
5.3434,0.6355
5.3439,0.6355
5.3445,0.6305
5.3450,0.6355
5.3456,0.6305
5.3461,0.6355
5.3467,0.6305
5.3472,0.6355
5.3478,0.6355
5.3483,0.6305
5.3489,0.6305
5.3494,0.6305
5.3500,0.6355
5.3505,0.6305
5.3511,0.6305
5.3516,0.6355
5.3522,0.6305
5.3527,0.6305
5.3533,0.6305
5.3538,0.6355
5.3544,0.6355
5.3549,0.6355
5.3555,0.6355
5.3560,0.6305
5.3566,0.6305
5.3571,0.6406
5.3577,0.6355
5.3582,0.6355
5.3588,0.6305
5.3593,0.6355
5.3599,0.6305
5.3604,0.6305
5.3610,0.6355
5.3615,0.6355
5.3621,0.6355
5.3626,0.6406
5.3632,0.6305
5.3637,0.6355
5.3643,0.6305
5.3648,0.6355
5.3654,0.6355
5.3659,0.6355
5.3665,0.6355
5.3670,0.6355
5.3676,0.6355
5.3681,0.6305
5.3687,0.6355
5.3692,0.6355
5.3698,0.6355
5.3703,0.6355
5.3709,0.6355
5.3714,0.6355
5.3720,0.6355
5.3725,0.6305
5.3731,0.6355
5.3736,0.6305
5.3742,0.6355
5.3748,0.6355
5.3753,0.6355
5.3759,0.6355
5.3764,0.6406
5.3770,0.6406
5.3775,0.6355
5.3781,0.6355
5.3786,0.6406
5.3792,0.6355
5.3797,0.6355
5.3803,0.6355
5.3808,0.6305
5.3814,0.6355
5.3819,0.6406
5.3825,0.6305
5.3830,0.6355
5.3836,0.6355
5.3841,0.6355
5.3847,0.6305
5.3852,0.6355
5.3858,0.6355
5.3863,0.6305
5.3869,0.6355
5.3874,0.6355
5.3880,0.6406
5.3885,0.6305
5.3891,0.6355
5.3896,0.6355
5.3902,0.6305
5.3907,0.6305
5.3913,0.6355
5.3918,0.6305
5.3924,0.6355
5.3929,0.6355
5.3934,0.6355
5.3940,0.6355
5.3945,0.6355
5.3951,0.6355
5.3956,0.6355
5.3962,0.6355
5.3967,0.6355
5.3973,0.6305
5.3978,0.6355
5.3984,0.6355
5.3989,0.6355
5.3995,0.6305
5.4000,0.6305
5.4006,0.6355
5.4011,0.6355
5.4017,0.6355
5.4022,0.6355
5.4028,0.6355
5.4033,0.6355
5.4039,0.6355
5.4044,0.6355
5.4050,0.6406
5.4056,0.6355
5.4061,0.6355
5.4067,0.6355
5.4072,0.6355
5.4078,0.6355
5.4083,0.6305
5.4089,0.6355
5.4094,0.6355
5.4100,0.6355
5.4105,0.6305
5.4111,0.6355
5.4116,0.6355
5.4122,0.6355
5.4127,0.6355
5.4133,0.6355
5.4138,0.6305
5.4144,0.6355
5.4149,0.6305
5.4155,0.6305
5.4160,0.6355
5.4166,0.6305
5.4171,0.6355
5.4177,0.6305
5.4183,0.6305
5.4188,0.6355
5.4194,0.6406
5.4199,0.6355
5.4205,0.6355
5.4210,0.6355
5.4216,0.6305
5.4221,0.6355
5.4227,0.6305
5.4232,0.6355
5.4238,0.6305
5.4243,0.6355
5.4249,0.6355
5.4254,0.6355
5.4260,0.6305
5.4265,0.6355
5.4271,0.6355
5.4276,0.6305
5.4282,0.6355
5.4287,0.6305
5.4293,0.6355
5.4298,0.6355
5.4304,0.6355
5.4309,0.6355
5.4315,0.6355
5.4320,0.6355
5.4326,0.6355
5.4331,0.6355
5.4337,0.6355
5.4342,0.6355
5.4348,0.6305
5.4353,0.6305
5.4359,0.6305
5.4364,0.6305
5.4370,0.6355
5.4375,0.6355
5.4381,0.6355
5.4386,0.6355
5.4392,0.6355
5.4397,0.6355
5.4403,0.6355
5.4408,0.6355
5.4414,0.6355
5.4419,0.6305
5.4425,0.6305
5.4430,0.6355
5.4436,0.6305
5.4441,0.6355
5.4447,0.6355
5.4452,0.6355
5.4458,0.6355
5.4463,0.6355
5.4469,0.6355
5.4474,0.6355
5.4480,0.6305
5.4485,0.6355
5.4491,0.6355
5.4496,0.6355
5.4502,0.6305
5.4507,0.6305
5.4513,0.6355
5.4518,0.6305
5.4524,0.6305
5.4529,0.6305
5.4535,0.6355
5.4540,0.6305
5.4546,0.6355
5.4551,0.6355
5.4557,0.6355
5.4562,0.6355
5.4568,0.6355
5.4573,0.6355
5.4579,0.6355
5.4584,0.6355
5.4590,0.6355
5.4595,0.6305
5.4601,0.6305
5.4606,0.6355
5.4612,0.6355
5.4617,0.6355
5.4623,0.6355
5.4629,0.6355
5.4634,0.6355
5.4640,0.6355
5.4645,0.6355
5.4651,0.6355
5.4656,0.6355
5.4662,0.6355
5.4667,0.6355
5.4673,0.6355
5.4678,0.6355
5.4684,0.6355
5.4689,0.6305
5.4695,0.6355
5.4700,0.6355
5.4706,0.6305
5.4712,0.6355
5.4717,0.6355
5.4723,0.6305
5.4728,0.6305
5.4734,0.6355
5.4739,0.6355
5.4745,0.6355
5.4750,0.6355
5.4756,0.6355
5.4761,0.6355
5.4767,0.6355
5.4772,0.6305
5.4778,0.6355
5.4783,0.6305
5.4789,0.6355
5.4795,0.6355
5.4800,0.6355
5.4806,0.6355
5.4811,0.6305
5.4817,0.6355
5.4822,0.6355
5.4828,0.6355
5.4833,0.6355
5.4839,0.6355
5.4844,0.6305
5.4850,0.6355
5.4855,0.6355
5.4861,0.6305
5.4866,0.6355
5.4872,0.6355
5.4878,0.6305
5.4883,0.6305
5.4889,0.6355
5.4894,0.6355
5.4900,0.6355
5.4905,0.6305
5.4911,0.6305
5.4916,0.6355
5.4922,0.6355
5.4927,0.6305
5.4933,0.6355
5.4938,0.6305
5.4944,0.6355
5.4949,0.6305
5.4955,0.6305
5.4961,0.6355
5.4966,0.6305
5.4972,0.6305
5.4977,0.6355
5.4983,0.6355
5.4988,0.6355
5.4994,0.6305
5.5000,0.6406
5.5005,0.6355
5.5011,0.6305
5.5016,0.6355
5.5022,0.6305
5.5027,0.6355
5.5033,0.6355
5.5038,0.6355
5.5044,0.6355
5.5049,0.6355
5.5055,0.6355
5.5061,0.6355
5.5066,0.6305
5.5072,0.6406
5.5077,0.6305
5.5083,0.6355
5.5088,0.6355
5.5094,0.6355
5.5099,0.6355
5.5105,0.6355
5.5110,0.6355
5.5116,0.6355
5.5121,0.6355
5.5127,0.6355
5.5132,0.6305
5.5138,0.6355
5.5144,0.6355
5.5149,0.6355
5.5155,0.6355
5.5160,0.6355
5.5166,0.6355
5.5171,0.6305
5.5177,0.6355
5.5182,0.6355
5.5188,0.6355
5.5193,0.6355
5.5199,0.6355
5.5204,0.6355
5.5210,0.6355
5.5215,0.6305
5.5221,0.6355
5.5226,0.6305
5.5232,0.6355
5.5237,0.6305
5.5243,0.6355
5.5248,0.6305
5.5254,0.6355
5.5259,0.6305
5.5265,0.6355
5.5270,0.6355
5.5276,0.6355
5.5282,0.6305
5.5287,0.6355
5.5293,0.6355
5.5298,0.6355
5.5304,0.6305
5.5309,0.6355
5.5315,0.6305
5.5320,0.6305
5.5326,0.6355
5.5331,0.6305
5.5337,0.6355
5.5342,0.6355
5.5348,0.6355
5.5353,0.6305
5.5359,0.6305
5.5364,0.6305
5.5370,0.6355
5.5375,0.6355
5.5381,0.6406
5.5386,0.6355
5.5392,0.6355
5.5397,0.6355
5.5403,0.6355
5.5408,0.6355
5.5414,0.6355
5.5419,0.6406
5.5425,0.6305
5.5430,0.6355
5.5436,0.6305
5.5441,0.6355
5.5447,0.6355
5.5452,0.6355
5.5458,0.6305
5.5463,0.6355
5.5469,0.6305
5.5474,0.6305
5.5480,0.6355
5.5485,0.6355
5.5491,0.6355
5.5496,0.6355
5.5502,0.6355
5.5507,0.6305
5.5513,0.6355
5.5518,0.6355
5.5524,0.6406
5.5529,0.6406
5.5534,0.6305
5.5540,0.6355
5.5545,0.6355
5.5551,0.6406
5.5556,0.6355
5.5562,0.6355
5.5568,0.6355
5.5573,0.6355
5.5579,0.6355
5.5584,0.6355
5.5590,0.6305
5.5595,0.6406
5.5601,0.6305
5.5606,0.6355
5.5612,0.6355
5.5617,0.6406
5.5622,0.6355
5.5628,0.6355
5.5633,0.6355
5.5639,0.6355
5.5644,0.6355
5.5650,0.6355
5.5655,0.6355
5.5661,0.6305
5.5667,0.6305
5.5672,0.6355
5.5677,0.6406
5.5683,0.6305
5.5688,0.6355
5.5694,0.6355
5.5699,0.6305
5.5705,0.6406
5.5710,0.6355
5.5716,0.6355
5.5721,0.6355
5.5727,0.6355
5.5732,0.6355
5.5738,0.6305
5.5743,0.6355
5.5749,0.6355
5.5754,0.6355
5.5760,0.6305
5.5765,0.6355
5.5771,0.6355
5.5776,0.6305
5.5782,0.6355
5.5787,0.6355
5.5793,0.6355
5.5798,0.6355
5.5804,0.6355
5.5809,0.6305
5.5815,0.6355
5.5820,0.6355
5.5826,0.6355
5.5831,0.6305
5.5837,0.6305
5.5843,0.6355
5.5848,0.6305
5.5854,0.6355
5.5859,0.6355
5.5865,0.6305
5.5870,0.6355
5.5876,0.6355
5.5881,0.6355
5.5887,0.6305
5.5892,0.6305
5.5898,0.6305
5.5903,0.6355
5.5909,0.6355
5.5914,0.6305
5.5920,0.6355
5.5925,0.6355
5.5931,0.6305
5.5936,0.6305
5.5942,0.6355
5.5947,0.6355
5.5953,0.6355
5.5958,0.6355
5.5964,0.6355
5.5969,0.6355
5.5975,0.6355
5.5980,0.6355
5.5986,0.6355
5.5991,0.6406
5.5997,0.6355
5.6002,0.6355
5.6008,0.6355
5.6013,0.6305
5.6019,0.6355
5.6024,0.6355
5.6030,0.6305
5.6035,0.6355
5.6041,0.6355
5.6046,0.6355
5.6052,0.6355
5.6057,0.6355
5.6063,0.6355
5.6070,0.6406
5.6075,0.6355
5.6081,0.6355
5.6086,0.6355
5.6092,0.6305
5.6097,0.6355
5.6102,0.6355
5.6108,0.6355
5.6113,0.6355
5.6119,0.6305
5.6124,0.6355
5.6130,0.6355
5.6135,0.6355
5.6141,0.6355
5.6146,0.6355
5.6151,0.6406
5.6157,0.6406
5.6162,0.6305
5.6168,0.6355
5.6173,0.6355
5.6179,0.6355
5.6184,0.6355
5.6190,0.6355
5.6195,0.6355
5.6201,0.6355
5.6206,0.6355
5.6212,0.6355
5.6217,0.6355
5.6222,0.6355
5.6228,0.6355
5.6233,0.6355
5.6239,0.6305
5.6244,0.6355
5.6249,0.6305
5.6255,0.6355
5.6260,0.6355
5.6266,0.6355
5.6271,0.6355
5.6276,0.6305
5.6282,0.6355
5.6287,0.6355
5.6293,0.6355
5.6298,0.6355
5.6303,0.6406
5.6309,0.6305
5.6314,0.6355
5.6320,0.6355
5.6325,0.6406
5.6331,0.6355
5.6336,0.6355
5.6341,0.6355
5.6347,0.6355
5.6352,0.6355
5.6358,0.6305
5.6363,0.6305
5.6368,0.6305
5.6374,0.6355
5.6379,0.6355
5.6385,0.6355
5.6390,0.6355
5.6395,0.6355
5.6401,0.6355
5.6406,0.6355
5.6412,0.6305
5.6417,0.6305
5.6422,0.6305
5.6428,0.6355
5.6433,0.6355
5.6439,0.6305
5.6444,0.6355
5.6449,0.6355
5.6455,0.6355
5.6460,0.6355
5.6466,0.6355
5.6471,0.6406
5.6476,0.6355
5.6482,0.6305
5.6487,0.6355
5.6493,0.6355
5.6498,0.6355
5.6503,0.6355
5.6509,0.6355
5.6514,0.6305
5.6520,0.6355
5.6525,0.6305
5.6530,0.6305
5.6536,0.6305
5.6541,0.6355
5.6547,0.6406
5.6552,0.6355
5.6558,0.6355
5.6563,0.6355
5.6569,0.6355
5.6574,0.6355
5.6579,0.6355
5.6585,0.6355
5.6590,0.6305
5.6596,0.6305
5.6601,0.6355
5.6607,0.6305
5.6612,0.6355
5.6617,0.6305
5.6623,0.6355
5.6628,0.6305
5.6634,0.6355
5.6639,0.6355
5.6645,0.6355
5.6650,0.6355
5.6655,0.6305
5.6661,0.6355
5.6666,0.6355
5.6672,0.6355
5.6677,0.6355
5.6683,0.6355
5.6688,0.6355
5.6694,0.6355
5.6699,0.6305
5.6704,0.6355
5.6710,0.6355
5.6715,0.6355
5.6721,0.6305
5.6726,0.6355
5.6732,0.6355
5.6737,0.6355
5.6742,0.6305
5.6748,0.6355
5.6753,0.6355
5.6759,0.6355
5.6764,0.6355
5.6770,0.6355
5.6775,0.6355
5.6781,0.6355
5.6786,0.6355
5.6791,0.6355
5.6797,0.6355
5.6802,0.6355
5.6808,0.6355
5.6813,0.6305
5.6819,0.6355
5.6824,0.6355
5.6829,0.6355
5.6835,0.6305
5.6840,0.6305
5.6846,0.6355
5.6851,0.6355
5.6857,0.6305
5.6862,0.6406
5.6867,0.6355
5.6873,0.6305
5.6878,0.6355
5.6884,0.6305
5.6889,0.6305
5.6895,0.6355
5.6900,0.6305
5.6906,0.6355
5.6911,0.6305
5.6916,0.6355
5.6922,0.6355
5.6927,0.6355
5.6933,0.6355
5.6938,0.6305
5.6944,0.6355
5.6949,0.6305
5.6954,0.6355
5.6960,0.6355
5.6965,0.6355
5.6971,0.6355
5.6976,0.6355
5.6982,0.6355
5.6987,0.6355
5.6993,0.6355
5.6998,0.6355
5.7003,0.6355
5.7009,0.6355
5.7014,0.6355
5.7020,0.6355
5.7025,0.6355
5.7031,0.6355
5.7036,0.6355
5.7041,0.6355
5.7047,0.6355
5.7052,0.6355
5.7058,0.6355
5.7063,0.6355
5.7069,0.6355
5.7075,0.6355
5.7081,0.6355
5.7086,0.6355
5.7092,0.6355
5.7097,0.6355
5.7103,0.6355
5.7108,0.6355
5.7114,0.6355
5.7119,0.6355
5.7125,0.6355
5.7130,0.6305
5.7136,0.6355
5.7141,0.6355
5.7147,0.6355
5.7152,0.6305
5.7158,0.6355
5.7163,0.6305
5.7169,0.6355
5.7174,0.6355
5.7180,0.6305
5.7185,0.6305
5.7191,0.6355
5.7197,0.6305
5.7202,0.6355
5.7208,0.6355
5.7213,0.6355
5.7219,0.6355
5.7224,0.6305
5.7230,0.6355
5.7236,0.6355
5.7241,0.6355
5.7247,0.6355
5.7252,0.6305
5.7258,0.6355
5.7264,0.6355
5.7269,0.6355
5.7275,0.6305
5.7280,0.6355
5.7286,0.6355
5.7291,0.6355
5.7297,0.6355
5.7302,0.6355
5.7308,0.6355
5.7313,0.6355
5.7318,0.6355
5.7324,0.6305
5.7329,0.6355
5.7335,0.6355
5.7340,0.6355
5.7346,0.6355
5.7351,0.6355
5.7357,0.6305
5.7362,0.6355
5.7368,0.6355
5.7373,0.6305
5.7379,0.6305
5.7384,0.6355
5.7390,0.6305
5.7395,0.6355
5.7401,0.6305
5.7406,0.6355
5.7412,0.6355
5.7417,0.6355
5.7423,0.6305
5.7428,0.6305
5.7434,0.6355
5.7439,0.6355
5.7445,0.6355
5.7450,0.6305
5.7456,0.6355
5.7461,0.6355
5.7467,0.6305
5.7472,0.6305
5.7478,0.6355
5.7483,0.6355
5.7489,0.6305
5.7494,0.6355
5.7500,0.6355
5.7505,0.6355
5.7511,0.6355
5.7516,0.6355
5.7522,0.6305
5.7527,0.6355
5.7533,0.6355
5.7538,0.6305
5.7544,0.6305
5.7549,0.6355
5.7555,0.6355
5.7560,0.6305
5.7566,0.6355
5.7572,0.6355
5.7577,0.6355
5.7583,0.6355
5.7588,0.6355
5.7594,0.6305
5.7599,0.6355
5.7605,0.6355
5.7610,0.6305
5.7616,0.6355
5.7621,0.6355
5.7627,0.6355
5.7632,0.6355
5.7638,0.6305
5.7643,0.6305
5.7649,0.6355
5.7654,0.6305
5.7660,0.6305
5.7665,0.6355
5.7671,0.6305
5.7676,0.6355
5.7682,0.6355
5.7687,0.6355
5.7693,0.6355
5.7698,0.6355
5.7704,0.6355
5.7709,0.6355
5.7715,0.6355
5.7720,0.6355
5.7726,0.6406
5.7731,0.6355
5.7737,0.6355
5.7742,0.6355
5.7748,0.6355
5.7753,0.6305
5.7759,0.6305
5.7764,0.6355
5.7770,0.6355
5.7775,0.6355
5.7781,0.6355
5.7786,0.6305
5.7792,0.6406
5.7797,0.6406
5.7803,0.6355
5.7808,0.6305
5.7814,0.6355
5.7819,0.6305
5.7825,0.6355
5.7830,0.6355
5.7836,0.6305
5.7841,0.6355
5.7846,0.6355
5.7852,0.6355
5.7857,0.6305
5.7863,0.6355
5.7868,0.6355
5.7874,0.6305
5.7879,0.6406
5.7885,0.6355
5.7890,0.6355
5.7896,0.6305
5.7901,0.6355
5.7907,0.6355
5.7912,0.6355
5.7918,0.6305
5.7923,0.6355
5.7929,0.6305
5.7935,0.6355
5.7940,0.6305
5.7946,0.6355
5.7951,0.6406
5.7957,0.6355
5.7962,0.6305
5.7968,0.6305
5.7973,0.6355
5.7979,0.6305
5.7984,0.6355
5.7990,0.6355
5.7995,0.6355
5.8001,0.6355
5.8006,0.6355
5.8012,0.6355
5.8017,0.6355
5.8023,0.6355
5.8028,0.6355
5.8034,0.6355
5.8039,0.6355
5.8045,0.6355
5.8050,0.6355
5.8056,0.6305
5.8061,0.6305
5.8067,0.6355
5.8072,0.6355
5.8078,0.6305
5.8084,0.6355
5.8089,0.6355
5.8095,0.6355
5.8100,0.6305
5.8106,0.6355
5.8111,0.6305
5.8117,0.6355
5.8122,0.6355
5.8128,0.6355
5.8133,0.6305
5.8139,0.6355
5.8144,0.6355
5.8150,0.6355
5.8155,0.6355
5.8161,0.6305
5.8166,0.6355
5.8175,0.6355
5.8181,0.6355
5.8188,0.6355
5.8193,0.6355
5.8199,0.6355
5.8204,0.6355
5.8210,0.6355
5.8215,0.6305
5.8221,0.6355
5.8226,0.6305
5.8232,0.6355
5.8237,0.6355
5.8243,0.6355
5.8248,0.6305
5.8254,0.6355
5.8259,0.6355
5.8264,0.6355
5.8270,0.6305
5.8275,0.6305
5.8281,0.6305
5.8286,0.6355
5.8292,0.6355
5.8297,0.6355
5.8303,0.6305
5.8308,0.6355
5.8314,0.6355
5.8319,0.6355
5.8325,0.6355
5.8330,0.6406
5.8335,0.6305
5.8341,0.6355
5.8346,0.6355
5.8352,0.6305
5.8357,0.6355
5.8363,0.6355
5.8368,0.6355
5.8374,0.6355
5.8379,0.6355
5.8385,0.6355
5.8390,0.6305
5.8396,0.6355
5.8401,0.6355
5.8406,0.6305
5.8412,0.6355
5.8417,0.6305
5.8423,0.6355
5.8428,0.6305
5.8434,0.6355
5.8439,0.6305
5.8445,0.6305
5.8450,0.6355
5.8456,0.6355
5.8461,0.6355
5.8466,0.6355
5.8472,0.6355
5.8477,0.6305
5.8483,0.6355
5.8488,0.6305
5.8494,0.6355
5.8499,0.6305
5.8505,0.6355
5.8510,0.6355
5.8516,0.6305
5.8521,0.6355
5.8527,0.6305
5.8532,0.6355
5.8537,0.6355
5.8543,0.6355
5.8548,0.6355
5.8554,0.6305
5.8559,0.6355
5.8565,0.6355
5.8570,0.6355
5.8576,0.6305
5.8581,0.6355
5.8587,0.6305
5.8592,0.6305
5.8598,0.6305
5.8603,0.6355
5.8609,0.6406
5.8614,0.6355
5.8620,0.6355
5.8625,0.6305
5.8631,0.6305
5.8636,0.6355
5.8642,0.6355
5.8647,0.6305
5.8653,0.6355
5.8658,0.6355
5.8664,0.6355
5.8669,0.6355
5.8675,0.6355
5.8680,0.6305
5.8686,0.6305
5.8691,0.6355
5.8697,0.6355
5.8702,0.6355
5.8708,0.6355
5.8713,0.6355
5.8719,0.6355
5.8724,0.6305
5.8730,0.6355
5.8735,0.6355
5.8741,0.6305
5.8746,0.6355
5.8752,0.6355
5.8757,0.6305
5.8763,0.6355
5.8768,0.6355
5.8774,0.6355
5.8779,0.6355
5.8785,0.6355
5.8790,0.6355
5.8796,0.6355
5.8801,0.6355
5.8807,0.6406
5.8812,0.6355
5.8818,0.6406
5.8823,0.6355
5.8829,0.6355
5.8835,0.6355
5.8840,0.6355
5.8846,0.6305
5.8851,0.6355
5.8856,0.6355
5.8862,0.6305
5.8867,0.6305
5.8873,0.6355
5.8878,0.6305
5.8884,0.6305
5.8889,0.6355
5.8895,0.6305
5.8900,0.6355
5.8906,0.6355
5.8911,0.6355
5.8917,0.6305
5.8922,0.6355
5.8928,0.6355
5.8933,0.6355
5.8939,0.6355
5.8944,0.6355
5.8950,0.6355
5.8955,0.6305
5.8961,0.6355
5.8966,0.6355
5.8972,0.6355
5.8977,0.6305
5.8983,0.6355
5.8988,0.6305
5.8994,0.6305
5.8999,0.6355
5.9005,0.6355
5.9010,0.6355
5.9016,0.6355
5.9021,0.6355
5.9027,0.6305
5.9032,0.6355
5.9038,0.6355
5.9043,0.6305
5.9049,0.6355
5.9054,0.6355
5.9060,0.6355
5.9065,0.6355
5.9071,0.6355
5.9076,0.6355
5.9082,0.6355
5.9088,0.6305
5.9093,0.6355
5.9099,0.6355
5.9104,0.6355
5.9110,0.6355
5.9115,0.6355
5.9121,0.6355
5.9126,0.6355
5.9132,0.6355
5.9137,0.6355
5.9143,0.6305
5.9148,0.6305
5.9154,0.6305
5.9159,0.6355
5.9165,0.6355
5.9170,0.6355
5.9176,0.6305
5.9181,0.6355
5.9187,0.6305
5.9192,0.6305
5.9198,0.6355
5.9203,0.6355
5.9209,0.6305
5.9214,0.6305
5.9220,0.6305
5.9225,0.6355
5.9231,0.6305
5.9236,0.6305
5.9242,0.6355
5.9247,0.6355
5.9253,0.6355
5.9258,0.6355
5.9264,0.6355
5.9269,0.6305
5.9275,0.6355
5.9280,0.6355
5.9286,0.6305
5.9291,0.6355
5.9297,0.6305
5.9302,0.6355
5.9308,0.6355
5.9313,0.6355
5.9319,0.6355
5.9324,0.6355
5.9330,0.6355
5.9335,0.6355
5.9341,0.6355
5.9346,0.6355
5.9352,0.6355
5.9357,0.6305
5.9363,0.6355
5.9368,0.6305
5.9374,0.6355
5.9379,0.6305
5.9385,0.6305
5.9390,0.6355
5.9396,0.6305
5.9401,0.6355
5.9407,0.6355
5.9412,0.6355
5.9417,0.6355
5.9423,0.6355
5.9428,0.6355
5.9434,0.6355
5.9439,0.6355
5.9445,0.6305
5.9450,0.6305
5.9456,0.6305
5.9461,0.6355
5.9467,0.6355
5.9472,0.6355
5.9478,0.6305
5.9483,0.6355
5.9488,0.6355
5.9494,0.6355
5.9499,0.6355
5.9505,0.6355
5.9510,0.6355
5.9516,0.6355
5.9521,0.6355
5.9527,0.6305
5.9532,0.6355
5.9538,0.6355
5.9543,0.6355
5.9549,0.6355
5.9554,0.6355
5.9559,0.6305
5.9565,0.6355
5.9570,0.6355
5.9576,0.6355
5.9581,0.6305
5.9587,0.6355
5.9592,0.6305
5.9598,0.6355
5.9603,0.6355
5.9609,0.6355
5.9614,0.6355
5.9619,0.6355
5.9625,0.6355
5.9630,0.6355
5.9636,0.6355
5.9641,0.6355
5.9647,0.6355
5.9652,0.6305
5.9658,0.6305
5.9663,0.6355
5.9669,0.6355
5.9674,0.6355
5.9680,0.6355
5.9685,0.6355
5.9691,0.6305
5.9696,0.6355
5.9702,0.6305
5.9707,0.6355
5.9713,0.6355
5.9718,0.6406
5.9724,0.6305
5.9729,0.6305
5.9735,0.6255
5.9740,0.6355
5.9746,0.6355
5.9751,0.6355
5.9757,0.6355
5.9762,0.6355
5.9768,0.6355
5.9773,0.6355
5.9779,0.6355
5.9784,0.6305
5.9790,0.6305
5.9795,0.6355
5.9801,0.6355
5.9806,0.6355
5.9812,0.6305
5.9817,0.6406
5.9823,0.6355
5.9828,0.6355
5.9834,0.6355
5.9839,0.6355
5.9845,0.6305
5.9850,0.6355
5.9856,0.6305
5.9861,0.6305
5.9867,0.6305
5.9872,0.6355
5.9878,0.6305
5.9883,0.6355
5.9889,0.6305
5.9894,0.6305
5.9900,0.6355
5.9905,0.6406
5.9911,0.6355
5.9916,0.6355
5.9922,0.6355
5.9927,0.6355
5.9933,0.6355
5.9938,0.6406
5.9944,0.6305
5.9949,0.6355
5.9955,0.6355
5.9960,0.6355
5.9966,0.6355
5.9971,0.6355
5.9977,0.6305
5.9982,0.6355
5.9988,0.6355
5.9993,0.6355
5.9999,0.6305
6.0004,0.6355
6.0010,0.6355
6.0015,0.6355
6.0021,0.6355
6.0026,0.6355
6.0032,0.6355
6.0037,0.6355
6.0043,0.6305
6.0048,0.6355
6.0054,0.6305
6.0059,0.6305
6.0065,0.6355
6.0070,0.6355
6.0076,0.6355
6.0081,0.6355
6.0087,0.6305
6.0093,0.6355
6.0098,0.6305
6.0104,0.6355
6.0109,0.6355
6.0115,0.6355
6.0120,0.6305
6.0126,0.6305
6.0131,0.6305
6.0137,0.6305
6.0142,0.6355
6.0148,0.6305
6.0153,0.6355
6.0159,0.6355
6.0164,0.6355
6.0170,0.6355
6.0175,0.6355
6.0183,0.6355
6.0189,0.6355
6.0196,0.6355
6.0201,0.6355
6.0207,0.6305
6.0212,0.6305
6.0218,0.6355
6.0223,0.6305
6.0229,0.6305
6.0234,0.6355
6.0239,0.6355
6.0245,0.6305
6.0250,0.6305
6.0256,0.6355
6.0261,0.6305
6.0267,0.6355
6.0272,0.6355
6.0278,0.6355
6.0283,0.6305
6.0289,0.6355
6.0294,0.6355
6.0299,0.6355
6.0305,0.6305
6.0310,0.6355
6.0316,0.6355
6.0321,0.6305
6.0327,0.6355
6.0332,0.6305
6.0338,0.6355
6.0343,0.6355
6.0349,0.6305
6.0354,0.6305
6.0360,0.6355
6.0365,0.6406
6.0370,0.6355
6.0376,0.6355
6.0381,0.6355
6.0387,0.6355
6.0392,0.6355
6.0398,0.6355
6.0403,0.6355
6.0409,0.6305
6.0414,0.6355
6.0420,0.6355
6.0425,0.6355
6.0430,0.6305
6.0436,0.6355
6.0441,0.6355
6.0447,0.6355
6.0452,0.6355
6.0458,0.6305
6.0463,0.6355
6.0469,0.6355
6.0474,0.6355
6.0480,0.6355
6.0485,0.6355
6.0491,0.6305
6.0496,0.6355
6.0501,0.6355
6.0507,0.6355
6.0512,0.6355
6.0518,0.6355
6.0523,0.6305
6.0529,0.6355
6.0534,0.6355
6.0540,0.6355
6.0545,0.6355
6.0551,0.6305
6.0556,0.6355
6.0562,0.6355
6.0567,0.6305
6.0573,0.6305
6.0578,0.6305
6.0584,0.6355
6.0589,0.6355
6.0595,0.6355
6.0600,0.6406
6.0606,0.6305
6.0611,0.6355
6.0617,0.6406
6.0622,0.6355
6.0628,0.6355
6.0633,0.6305
6.0639,0.6355
6.0644,0.6305
6.0650,0.6355
6.0655,0.6355
6.0661,0.6355
6.0666,0.6305
6.0672,0.6355
6.0677,0.6305
6.0683,0.6305
6.0688,0.6355
6.0694,0.6305
6.0699,0.6305
6.0705,0.6305
6.0710,0.6355
6.0716,0.6355
6.0721,0.6355
6.0727,0.6355
6.0733,0.6305
6.0738,0.6355
6.0744,0.6355
6.0749,0.6355
6.0755,0.6355
6.0760,0.6305
6.0766,0.6355
6.0771,0.6355
6.0777,0.6305
6.0782,0.6305
6.0788,0.6355
6.0793,0.6355
6.0799,0.6355
6.0804,0.6355
6.0810,0.6355
6.0815,0.6355
6.0821,0.6355
6.0826,0.6355
6.0832,0.6355
6.0837,0.6355
6.0843,0.6406
6.0848,0.6355
6.0854,0.6355
6.0859,0.6305
6.0865,0.6355
6.0870,0.6355
6.0876,0.6355
6.0881,0.6355
6.0887,0.6355
6.0892,0.6355
6.0898,0.6305
6.0903,0.6355
6.0909,0.6305
6.0914,0.6355
6.0920,0.6355
6.0925,0.6355
6.0931,0.6355
6.0936,0.6355
6.0942,0.6355
6.0947,0.6305
6.0953,0.6355
6.0958,0.6305
6.0964,0.6355
6.0969,0.6355
6.0975,0.6355
6.0980,0.6355
6.0986,0.6355
6.0991,0.6355
6.0997,0.6305
6.1002,0.6355
6.1008,0.6406
6.1013,0.6305
6.1019,0.6355
6.1024,0.6355
6.1030,0.6305
6.1035,0.6355
6.1041,0.6355
6.1046,0.6355
6.1052,0.6355
6.1057,0.6355
6.1063,0.6305
6.1068,0.6305
6.1074,0.6305
6.1079,0.6355
6.1085,0.6305
6.1090,0.6355
6.1096,0.6355
6.1102,0.6305
6.1107,0.6355
6.1113,0.6355
6.1118,0.6355
6.1124,0.6406
6.1129,0.6305
6.1135,0.6305
6.1140,0.6355
6.1146,0.6305
6.1151,0.6305
6.1157,0.6355
6.1162,0.6355
6.1168,0.6305
6.1173,0.6355
6.1179,0.6355
6.1184,0.6305
6.1190,0.6355
6.1195,0.6305
6.1201,0.6355
6.1206,0.6355
6.1212,0.6355
6.1217,0.6355
6.1223,0.6305
6.1228,0.6355
6.1234,0.6355
6.1239,0.6355
6.1245,0.6305
6.1250,0.6305
6.1256,0.6406
6.1261,0.6305
6.1267,0.6355
6.1272,0.6305
6.1278,0.6406
6.1283,0.6355
6.1289,0.6406
6.1294,0.6305
6.1300,0.6305
6.1305,0.6305
6.1311,0.6355
6.1316,0.6355
6.1322,0.6355
6.1327,0.6355
6.1332,0.6355
6.1338,0.6355
6.1343,0.6305
6.1349,0.6355
6.1354,0.6355
6.1360,0.6355
6.1365,0.6355
6.1371,0.6355
6.1376,0.6355
6.1382,0.6355
6.1387,0.6305
6.1393,0.6355
6.1398,0.6406
6.1404,0.6355
6.1409,0.6305
6.1415,0.6355
6.1420,0.6355
6.1426,0.6305
6.1431,0.6305
6.1437,0.6355
6.1442,0.6305
6.1448,0.6355
6.1453,0.6355
6.1459,0.6305
6.1464,0.6355
6.1470,0.6305
6.1475,0.6355
6.1481,0.6355
6.1486,0.6406
6.1492,0.6305
6.1497,0.6355
6.1503,0.6305
6.1508,0.6355
6.1514,0.6355
6.1519,0.6355
6.1525,0.6355
6.1530,0.6305
6.1536,0.6355
6.1541,0.6305
6.1547,0.6355
6.1552,0.6355
6.1558,0.6355
6.1563,0.6305
6.1569,0.6305
6.1574,0.6355
6.1580,0.6355
6.1585,0.6355
6.1591,0.6355
6.1596,0.6305
6.1602,0.6305
6.1607,0.6355
6.1613,0.6355
6.1618,0.6305
6.1624,0.6355
6.1629,0.6305
6.1635,0.6305
6.1640,0.6355
6.1646,0.6406
6.1651,0.6355
6.1657,0.6305
6.1662,0.6305
6.1668,0.6355
6.1673,0.6355
6.1679,0.6355
6.1684,0.6305
6.1690,0.6355
6.1695,0.6355
6.1701,0.6355
6.1706,0.6355
6.1712,0.6305
6.1717,0.6305
6.1723,0.6355
6.1728,0.6355
6.1734,0.6305
6.1739,0.6355
6.1745,0.6355
6.1750,0.6355
6.1756,0.6355
6.1761,0.6305
6.1767,0.6305
6.1772,0.6355
6.1778,0.6355
6.1783,0.6355
6.1789,0.6406
6.1794,0.6355
6.1800,0.6305
6.1805,0.6305
6.1811,0.6355
6.1816,0.6355
6.1822,0.6355
6.1827,0.6355
6.1833,0.6355
6.1838,0.6355
6.1844,0.6355
6.1849,0.6355
6.1855,0.6355
6.1860,0.6406
6.1866,0.6305
6.1871,0.6305
6.1877,0.6355
6.1882,0.6305
6.1888,0.6355
6.1893,0.6355
6.1899,0.6355
6.1904,0.6355
6.1910,0.6355
6.1915,0.6305
6.1921,0.6305
6.1926,0.6305
6.1932,0.6305
6.1937,0.6355
6.1943,0.6355
6.1948,0.6406
6.1954,0.6355
6.1959,0.6355
6.1965,0.6305
6.1970,0.6305
6.1976,0.6305
6.1981,0.6305
6.1987,0.6355
6.1992,0.6355
6.1998,0.6355
6.2003,0.6305
6.2009,0.6355
6.2014,0.6355
6.2020,0.6355
6.2025,0.6355
6.2031,0.6305
6.2036,0.6305
6.2042,0.6355
6.2047,0.6355
6.2053,0.6305
6.2058,0.6355
6.2064,0.6305
6.2069,0.6355
6.2075,0.6305
6.2080,0.6355
6.2086,0.6355
6.2091,0.6355
6.2097,0.6305
6.2102,0.6305
6.2108,0.6355
6.2113,0.6355
6.2119,0.6305
6.2125,0.6355
6.2130,0.6355
6.2136,0.6305
6.2141,0.6355
6.2147,0.6406
6.2152,0.6305
6.2158,0.6305
6.2163,0.6355
6.2169,0.6355
6.2174,0.6355
6.2180,0.6305
6.2185,0.6305
6.2191,0.6305
6.2196,0.6355
6.2203,0.6355
6.2209,0.6355
6.2214,0.6355
6.2220,0.6406
6.2225,0.6355
6.2231,0.6355
6.2236,0.6355
6.2241,0.6305
6.2247,0.6355
6.2252,0.6305
6.2258,0.6305
6.2263,0.6355
6.2269,0.6355
6.2274,0.6305
6.2280,0.6305
6.2285,0.6355
6.2291,0.6355
6.2296,0.6305
6.2302,0.6355
6.2307,0.6305
6.2312,0.6355
6.2318,0.6305
6.2323,0.6305
6.2329,0.6355
6.2334,0.6355
6.2340,0.6355
6.2345,0.6305
6.2351,0.6355
6.2356,0.6305
6.2362,0.6355
6.2367,0.6355
6.2373,0.6355
6.2378,0.6305
6.2383,0.6355
6.2389,0.6305
6.2394,0.6355
6.2400,0.6355
6.2405,0.6355
6.2411,0.6355
6.2416,0.6355
6.2422,0.6305
6.2427,0.6355
6.2433,0.6355
6.2438,0.6305
6.2443,0.6355
6.2449,0.6305
6.2454,0.6355
6.2460,0.6355
6.2465,0.6355
6.2471,0.6355
6.2476,0.6355
6.2482,0.6355
6.2487,0.6355
6.2493,0.6355
6.2498,0.6355
6.2504,0.6355
6.2509,0.6355
6.2514,0.6305
6.2520,0.6355
6.2525,0.6305
6.2531,0.6355
6.2536,0.6305
6.2542,0.6305
6.2547,0.6305
6.2553,0.6355
6.2558,0.6305
6.2564,0.6355
6.2569,0.6355
6.2575,0.6355
6.2580,0.6305
6.2586,0.6355
6.2591,0.6355
6.2597,0.6355
6.2602,0.6305
6.2608,0.6355
6.2613,0.6355
6.2619,0.6355
6.2624,0.6355
6.2630,0.6305
6.2635,0.6355
6.2641,0.6406
6.2646,0.6305
6.2651,0.6355
6.2657,0.6305
6.2662,0.6305
6.2668,0.6305
6.2674,0.6305
6.2679,0.6406
6.2685,0.6305
6.2690,0.6355
6.2696,0.6355
6.2701,0.6355
6.2707,0.6305
6.2712,0.6355
6.2717,0.6355
6.2723,0.6355
6.2728,0.6305
6.2734,0.6305
6.2739,0.6305
6.2745,0.6355
6.2750,0.6305
6.2756,0.6406
6.2761,0.6355
6.2767,0.6305
6.2772,0.6355
6.2778,0.6355
6.2783,0.6355
6.2789,0.6355
6.2794,0.6305
6.2800,0.6355
6.2805,0.6305
6.2811,0.6305
6.2816,0.6305
6.2822,0.6406
6.2828,0.6305
6.2833,0.6355
6.2839,0.6305
6.2844,0.6355
6.2850,0.6305
6.2855,0.6305
6.2861,0.6305
6.2866,0.6355
6.2872,0.6355
6.2877,0.6355
6.2883,0.6355
6.2888,0.6305
6.2894,0.6355
6.2899,0.6355
6.2905,0.6305
6.2910,0.6355
6.2916,0.6355
6.2921,0.6305
6.2927,0.6355
6.2932,0.6355
6.2938,0.6355
6.2943,0.6355
6.2949,0.6355
6.2954,0.6305
6.2960,0.6305
6.2965,0.6355
6.2971,0.6355
6.2976,0.6355
6.2982,0.6355
6.2987,0.6355
6.2993,0.6305
6.2998,0.6355
6.3004,0.6305
6.3009,0.6355
6.3015,0.6355
6.3020,0.6355
6.3026,0.6355
6.3031,0.6305
6.3037,0.6355
6.3042,0.6355
6.3048,0.6305
6.3053,0.6355
6.3059,0.6355
6.3064,0.6355
6.3070,0.6305
6.3075,0.6355
6.3081,0.6305
6.3086,0.6305
6.3092,0.6355
6.3097,0.6355
6.3103,0.6406
6.3108,0.6355
6.3114,0.6355
6.3119,0.6355
6.3125,0.6305
6.3130,0.6355
6.3136,0.6355
6.3141,0.6355
6.3147,0.6355
6.3152,0.6355
6.3158,0.6355
6.3163,0.6355
6.3169,0.6355
6.3174,0.6355
6.3180,0.6355
6.3185,0.6355
6.3191,0.6305
6.3196,0.6305
6.3202,0.6305
6.3207,0.6355
6.3213,0.6355
6.3218,0.6305
6.3224,0.6305
6.3229,0.6355
6.3235,0.6305
6.3240,0.6355
6.3246,0.6406
6.3251,0.6305
6.3257,0.6305
6.3262,0.6355
6.3268,0.6355
6.3273,0.6355
6.3279,0.6355
6.3284,0.6355
6.3290,0.6355
6.3295,0.6355
6.3301,0.6305
6.3306,0.6305
6.3312,0.6355
6.3317,0.6355
6.3323,0.6355
6.3328,0.6355
6.3334,0.6355
6.3339,0.6355
6.3345,0.6355
6.3350,0.6305
6.3356,0.6355
6.3361,0.6305
6.3367,0.6355
6.3372,0.6355
6.3378,0.6355
6.3383,0.6355
6.3389,0.6305
6.3394,0.6355
6.3400,0.6355
6.3405,0.6305
6.3411,0.6355
6.3416,0.6305
6.3422,0.6355
6.3427,0.6355
6.3433,0.6305
6.3438,0.6355
6.3444,0.6355
6.3449,0.6305
6.3455,0.6355
6.3461,0.6355
6.3466,0.6406
6.3472,0.6305
6.3477,0.6355
6.3483,0.6355
6.3488,0.6305
6.3494,0.6305
6.3499,0.6305
6.3505,0.6305
6.3510,0.6355
6.3516,0.6355
6.3521,0.6355
6.3527,0.6355
6.3532,0.6305
6.3538,0.6355
6.3543,0.6305
6.3549,0.6355
6.3554,0.6355
6.3560,0.6355
6.3565,0.6355
6.3571,0.6355
6.3576,0.6305
6.3582,0.6355
6.3587,0.6305
6.3593,0.6355
6.3598,0.6305
6.3604,0.6355
6.3609,0.6355
6.3615,0.6305
6.3620,0.6355
6.3626,0.6355
6.3631,0.6305
6.3637,0.6355
6.3642,0.6355
6.3648,0.6406
6.3653,0.6355
6.3659,0.6355
6.3664,0.6355
6.3670,0.6355
6.3675,0.6406
6.3681,0.6355
6.3686,0.6355
6.3692,0.6305
6.3697,0.6355
6.3703,0.6355
6.3708,0.6355
6.3714,0.6355
6.3719,0.6305
6.3725,0.6355
6.3730,0.6355
6.3736,0.6355
6.3741,0.6355
6.3747,0.6355
6.3752,0.6355
6.3758,0.6355
6.3763,0.6355
6.3769,0.6355
6.3774,0.6355
6.3780,0.6305
6.3785,0.6355
6.3791,0.6305
6.3796,0.6355
6.3802,0.6355
6.3807,0.6355
6.3813,0.6355
6.3818,0.6355
6.3824,0.6305
6.3829,0.6355
6.3835,0.6355
6.3840,0.6355
6.3846,0.6355
6.3851,0.6305
6.3857,0.6355
6.3862,0.6305
6.3868,0.6305
6.3873,0.6305
6.3879,0.6305
6.3884,0.6355
6.3890,0.6305
6.3895,0.6305
6.3901,0.6355
6.3906,0.6355
6.3912,0.6355
6.3917,0.6355
6.3923,0.6355
6.3928,0.6355
6.3934,0.6355
6.3939,0.6305
6.3945,0.6305
6.3950,0.6305
6.3956,0.6305
6.3961,0.6305
6.3967,0.6355
6.3972,0.6355
6.3978,0.6355
6.3983,0.6355
6.3989,0.6355
6.3994,0.6355
6.4000,0.6305
6.4005,0.6355
6.4011,0.6355
6.4016,0.6305
6.4022,0.6355
6.4027,0.6355
6.4033,0.6355
6.4038,0.6355
6.4044,0.6305
6.4049,0.6355
6.4055,0.6355
6.4060,0.6355
6.4066,0.6305
6.4072,0.6305
6.4077,0.6305
6.4083,0.6305
6.4088,0.6305
6.4094,0.6355
6.4099,0.6305
6.4105,0.6355
6.4110,0.6305
6.4116,0.6305
6.4121,0.6355
6.4127,0.6355
6.4132,0.6305
6.4138,0.6355
6.4143,0.6355
6.4149,0.6305
6.4154,0.6305
6.4160,0.6305
6.4165,0.6355
6.4171,0.6305
6.4176,0.6355
6.4182,0.6355
6.4188,0.6355
6.4193,0.6355
6.4199,0.6305
6.4204,0.6355
6.4210,0.6355
6.4216,0.6355
6.4222,0.6355
6.4227,0.6305
6.4232,0.6355
6.4238,0.6355
6.4243,0.6355
6.4249,0.6305
6.4254,0.6355
6.4260,0.6355
6.4265,0.6355
6.4271,0.6305
6.4276,0.6355
6.4282,0.6305
6.4287,0.6355
6.4293,0.6305
6.4298,0.6305
6.4303,0.6355
6.4309,0.6305
6.4314,0.6355
6.4320,0.6305
6.4325,0.6355
6.4331,0.6305
6.4336,0.6355
6.4342,0.6305
6.4347,0.6355
6.4353,0.6305
6.4358,0.6355
6.4364,0.6355
6.4369,0.6355
6.4374,0.6305
6.4380,0.6355
6.4385,0.6305
6.4391,0.6305
6.4396,0.6355
6.4402,0.6355
6.4407,0.6305
6.4413,0.6406
6.4418,0.6355
6.4424,0.6355
6.4429,0.6305
6.4434,0.6355
6.4440,0.6355
6.4445,0.6305
6.4451,0.6355
6.4456,0.6305
6.4462,0.6355
6.4467,0.6305
6.4473,0.6355
6.4478,0.6355
6.4484,0.6355
6.4489,0.6355
6.4495,0.6355
6.4500,0.6355
6.4505,0.6355
6.4511,0.6305
6.4516,0.6355
6.4522,0.6305
6.4527,0.6355
6.4533,0.6355
6.4538,0.6305
6.4544,0.6355
6.4549,0.6355
6.4555,0.6305
6.4560,0.6305
6.4566,0.6355
6.4571,0.6305
6.4577,0.6355
6.4582,0.6355
6.4588,0.6355
6.4593,0.6305
6.4599,0.6355
6.4604,0.6305
6.4609,0.6355
6.4615,0.6355
6.4620,0.6305
6.4626,0.6355
6.4631,0.6305
6.4637,0.6355
6.4642,0.6305
6.4648,0.6305
6.4653,0.6355
6.4659,0.6305
6.4664,0.6355
6.4670,0.6355
6.4675,0.6355
6.4681,0.6305
6.4686,0.6355
6.4692,0.6355
6.4697,0.6305
6.4703,0.6305
6.4708,0.6305
6.4714,0.6355
6.4719,0.6355
6.4725,0.6355
6.4730,0.6355
6.4736,0.6305
6.4741,0.6355
6.4747,0.6305
6.4752,0.6305
6.4758,0.6355
6.4763,0.6305
6.4769,0.6355
6.4774,0.6305
6.4780,0.6355
6.4785,0.6355
6.4791,0.6305
6.4796,0.6355
6.4802,0.6355
6.4807,0.6355
6.4813,0.6355
6.4818,0.6355
6.4824,0.6406
6.4829,0.6305
6.4835,0.6406
6.4840,0.6305
6.4846,0.6355
6.4851,0.6305
6.4857,0.6355
6.4862,0.6305
6.4868,0.6355
6.4873,0.6355
6.4879,0.6305
6.4884,0.6355
6.4890,0.6355
6.4895,0.6305
6.4901,0.6305
6.4906,0.6305
6.4912,0.6355
6.4917,0.6355
6.4923,0.6355
6.4928,0.6355
6.4934,0.6355
6.4939,0.6305
6.4945,0.6355
6.4950,0.6305
6.4956,0.6355
6.4961,0.6355
6.4967,0.6355
6.4973,0.6305
6.4978,0.6305
6.4983,0.6355
6.4989,0.6305
6.4994,0.6355
6.5000,0.6355
6.5005,0.6305
6.5011,0.6355
6.5016,0.6355
6.5022,0.6355
6.5027,0.6305
6.5033,0.6305
6.5038,0.6305
6.5044,0.6305
6.5049,0.6355
6.5055,0.6355
6.5061,0.6355
6.5066,0.6305
6.5072,0.6305
6.5077,0.6355
6.5083,0.6355
6.5088,0.6355
6.5094,0.6355
6.5099,0.6355
6.5105,0.6305
6.5110,0.6305
6.5116,0.6355
6.5121,0.6355
6.5127,0.6355
6.5132,0.6355
6.5138,0.6305
6.5143,0.6305
6.5149,0.6305
6.5154,0.6305
6.5160,0.6305
6.5165,0.6305
6.5171,0.6355
6.5176,0.6305
6.5182,0.6355
6.5187,0.6355
6.5193,0.6355
6.5198,0.6355
6.5204,0.6355
6.5209,0.6355
6.5215,0.6355
6.5220,0.6355
6.5226,0.6305
6.5231,0.6305
6.5237,0.6305
6.5242,0.6355
6.5248,0.6355
6.5253,0.6305
6.5259,0.6355
6.5264,0.6355
6.5270,0.6355
6.5275,0.6305
6.5281,0.6355
6.5286,0.6305
6.5292,0.6355
6.5297,0.6355
6.5303,0.6305
6.5308,0.6305
6.5314,0.6355
6.5319,0.6305
6.5325,0.6355
6.5330,0.6305
6.5336,0.6355
6.5341,0.6305
6.5347,0.6355
6.5352,0.6305
6.5358,0.6305
6.5363,0.6305
6.5369,0.6305
6.5374,0.6355
6.5380,0.6355
6.5385,0.6305
6.5391,0.6355
6.5396,0.6355
6.5402,0.6355
6.5407,0.6355
6.5413,0.6355
6.5418,0.6355
6.5424,0.6355
6.5429,0.6305
6.5435,0.6305
6.5440,0.6355
6.5446,0.6355
6.5451,0.6305
6.5457,0.6355
6.5462,0.6305
6.5468,0.6355
6.5473,0.6355
6.5479,0.6355
6.5484,0.6355
6.5490,0.6305
6.5495,0.6305
6.5501,0.6355
6.5506,0.6305
6.5512,0.6355
6.5517,0.6355
6.5523,0.6305
6.5528,0.6305
6.5534,0.6305
6.5539,0.6355
6.5545,0.6305
6.5550,0.6355
6.5556,0.6305
6.5561,0.6355
6.5567,0.6355
6.5572,0.6355
6.5578,0.6355
6.5583,0.6355
6.5589,0.6305
6.5594,0.6305
6.5600,0.6305
6.5605,0.6355
6.5611,0.6355
6.5616,0.6305
6.5622,0.6355
6.5627,0.6355
6.5633,0.6305
6.5638,0.6355
6.5644,0.6355
6.5649,0.6305
6.5655,0.6355
6.5660,0.6355
6.5666,0.6305
6.5672,0.6355
6.5677,0.6355
6.5683,0.6355
6.5688,0.6406
6.5694,0.6355
6.5699,0.6305
6.5705,0.6355
6.5710,0.6305
6.5716,0.6406
6.5721,0.6355
6.5727,0.6305
6.5732,0.6355
6.5738,0.6355
6.5743,0.6305
6.5749,0.6355
6.5754,0.6355
6.5760,0.6355
6.5765,0.6355
6.5771,0.6355
6.5776,0.6305
6.5782,0.6355
6.5787,0.6355
6.5793,0.6355
6.5798,0.6355
6.5804,0.6355
6.5809,0.6355
6.5815,0.6355
6.5820,0.6355
6.5826,0.6355
6.5831,0.6355
6.5837,0.6355
6.5842,0.6355
6.5848,0.6255
6.5853,0.6355
6.5859,0.6355
6.5864,0.6355
6.5870,0.6305
6.5875,0.6355
6.5881,0.6355
6.5886,0.6355
6.5892,0.6355
6.5897,0.6305
6.5903,0.6305
6.5908,0.6355
6.5914,0.6355
6.5919,0.6355
6.5925,0.6355
6.5930,0.6305
6.5936,0.6355
6.5941,0.6406
6.5947,0.6305
6.5952,0.6305
6.5958,0.6305
6.5963,0.6355
6.5969,0.6355
6.5974,0.6355
6.5980,0.6305
6.5985,0.6305
6.5991,0.6355
6.5996,0.6355
6.6002,0.6305
6.6007,0.6355
6.6013,0.6355
6.6018,0.6305
6.6024,0.6305
6.6029,0.6355
6.6035,0.6355
6.6040,0.6355
6.6046,0.6305
6.6051,0.6355
6.6057,0.6355
6.6062,0.6305
6.6068,0.6355
6.6073,0.6305
6.6079,0.6305
6.6084,0.6305
6.6090,0.6305
6.6095,0.6355
6.6101,0.6355
6.6106,0.6305
6.6112,0.6355
6.6117,0.6355
6.6123,0.6355
6.6128,0.6355
6.6134,0.6355
6.6139,0.6305
6.6145,0.6355
6.6150,0.6355
6.6156,0.6355
6.6161,0.6305
6.6167,0.6305
6.6172,0.6355
6.6178,0.6355
6.6183,0.6355
6.6189,0.6305
6.6195,0.6305
6.6200,0.6355
6.6207,0.6305
6.6213,0.6355
6.6219,0.6305
6.6224,0.6355
6.6230,0.6305
6.6235,0.6305
6.6240,0.6355
6.6246,0.6305
6.6251,0.6355
6.6257,0.6355
6.6262,0.6355
6.6268,0.6305
6.6273,0.6355
6.6279,0.6355
6.6284,0.6355
6.6290,0.6355
6.6295,0.6305
6.6301,0.6305
6.6306,0.6355
6.6312,0.6305
6.6317,0.6305
6.6323,0.6355
6.6328,0.6305
6.6334,0.6355
6.6339,0.6355
6.6345,0.6355
6.6350,0.6355
6.6355,0.6355
6.6361,0.6305
6.6366,0.6355
6.6372,0.6355
6.6377,0.6355
6.6383,0.6355
6.6388,0.6305
6.6394,0.6355
6.6399,0.6305
6.6405,0.6305
6.6410,0.6355
6.6416,0.6355
6.6421,0.6406
6.6426,0.6355
6.6432,0.6355
6.6437,0.6355
6.6443,0.6355
6.6448,0.6355
6.6454,0.6355
6.6459,0.6355
6.6465,0.6355
6.6470,0.6355
6.6476,0.6305
6.6481,0.6355
6.6487,0.6305
6.6492,0.6305
6.6498,0.6305
6.6503,0.6355
6.6508,0.6355
6.6514,0.6406
6.6519,0.6355
6.6525,0.6355
6.6530,0.6355
6.6536,0.6355
6.6541,0.6355
6.6547,0.6355
6.6552,0.6355
6.6558,0.6305
6.6563,0.6355
6.6569,0.6355
6.6574,0.6355
6.6580,0.6355
6.6585,0.6305
6.6590,0.6355
6.6596,0.6305
6.6601,0.6355
6.6607,0.6355
6.6612,0.6355
6.6618,0.6355
6.6623,0.6355
6.6629,0.6305
6.6634,0.6355
6.6640,0.6355
6.6645,0.6355
6.6650,0.6305
6.6656,0.6355
6.6661,0.6406
6.6667,0.6305
6.6672,0.6355
6.6678,0.6355
6.6683,0.6355
6.6689,0.6355
6.6694,0.6355
6.6700,0.6355
6.6705,0.6355
6.6711,0.6355
6.6716,0.6355
6.6722,0.6355
6.6727,0.6305
6.6732,0.6355
6.6738,0.6305
6.6743,0.6305
6.6749,0.6355
6.6754,0.6305
6.6760,0.6355
6.6765,0.6355
6.6771,0.6305
6.6776,0.6305
6.6782,0.6305
6.6787,0.6355
6.6793,0.6355
6.6798,0.6355
6.6804,0.6305
6.6809,0.6355
6.6814,0.6355
6.6820,0.6305
6.6825,0.6305
6.6831,0.6355
6.6836,0.6355
6.6842,0.6355
6.6847,0.6355
6.6853,0.6355
6.6858,0.6355
6.6864,0.6305
6.6869,0.6305
6.6875,0.6305
6.6880,0.6355
6.6885,0.6355
6.6891,0.6305
6.6896,0.6355
6.6902,0.6305
6.6907,0.6305
6.6913,0.6355
6.6918,0.6305
6.6924,0.6355
6.6929,0.6355
6.6935,0.6305
6.6946,0.6355
6.6951,0.6355
6.6957,0.6305
6.6962,0.6355
6.6968,0.6355
6.6973,0.6355
6.6979,0.6355
6.6984,0.6355
6.6990,0.6355
6.6995,0.6355
6.7000,0.6305
6.7006,0.6355
6.7011,0.6305
6.7017,0.6305
6.7023,0.6355
6.7028,0.6355
6.7033,0.6355
6.7039,0.6406
6.7044,0.6355
6.7050,0.6355
6.7055,0.6355
6.7061,0.6355
6.7066,0.6355
6.7072,0.6305
6.7077,0.6305
6.7083,0.6355
6.7088,0.6355
6.7094,0.6305
6.7099,0.6305
6.7104,0.6355
6.7110,0.6355
6.7115,0.6355
6.7121,0.6305
6.7126,0.6305
6.7132,0.6355
6.7137,0.6355
6.7143,0.6355
6.7148,0.6355
6.7154,0.6305
6.7159,0.6355
6.7165,0.6355
6.7170,0.6355
6.7176,0.6355
6.7181,0.6305
6.7187,0.6355
6.7192,0.6305
6.7198,0.6355
6.7203,0.6355
6.7209,0.6305
6.7214,0.6355
6.7220,0.6355
6.7225,0.6305
6.7230,0.6355
6.7236,0.6355
6.7241,0.6406
6.7247,0.6305
6.7252,0.6355
6.7258,0.6355
6.7263,0.6305
6.7269,0.6355
6.7274,0.6355
6.7280,0.6355
6.7285,0.6355
6.7291,0.6305
6.7296,0.6355
6.7302,0.6305
6.7307,0.6305
6.7312,0.6355
6.7318,0.6355
6.7323,0.6355
6.7329,0.6355
6.7334,0.6355
6.7340,0.6355
6.7345,0.6305
6.7351,0.6355
6.7356,0.6305
6.7362,0.6355
6.7367,0.6305
6.7373,0.6355
6.7378,0.6355
6.7383,0.6305
6.7389,0.6305
6.7394,0.6305
6.7400,0.6355
6.7405,0.6355
6.7411,0.6305
6.7416,0.6305
6.7422,0.6355
6.7427,0.6355
6.7433,0.6355
6.7438,0.6355
6.7444,0.6305
6.7449,0.6355
6.7454,0.6355
6.7460,0.6355
6.7465,0.6305
6.7471,0.6305
6.7476,0.6355
6.7482,0.6305
6.7487,0.6355
6.7493,0.6305
6.7498,0.6355
6.7504,0.6305
6.7509,0.6355
6.7515,0.6355
6.7520,0.6355
6.7525,0.6355
6.7531,0.6355
6.7536,0.6355
6.7542,0.6305
6.7547,0.6355
6.7553,0.6355
6.7558,0.6355
6.7564,0.6355
6.7569,0.6305
6.7575,0.6355
6.7580,0.6305
6.7586,0.6355
6.7591,0.6355
6.7597,0.6305
6.7602,0.6305
6.7607,0.6355
6.7613,0.6355
6.7618,0.6355
6.7624,0.6305
6.7629,0.6355
6.7635,0.6355
6.7640,0.6355
6.7646,0.6305
6.7651,0.6305
6.7657,0.6355
6.7662,0.6305
6.7668,0.6355
6.7673,0.6355
6.7679,0.6355
6.7684,0.6355
6.7689,0.6355
6.7695,0.6305
6.7700,0.6305
6.7706,0.6305
6.7711,0.6355
6.7717,0.6355
6.7722,0.6305
6.7728,0.6355
6.7733,0.6305
6.7739,0.6305
6.7744,0.6305
6.7750,0.6355
6.7755,0.6305
6.7761,0.6355
6.7766,0.6355
6.7772,0.6355
6.7777,0.6305
6.7783,0.6355
6.7788,0.6305
6.7793,0.6355
6.7799,0.6355
6.7804,0.6406
6.7810,0.6355
6.7815,0.6355
6.7821,0.6355
6.7826,0.6355
6.7832,0.6355
6.7837,0.6355
6.7843,0.6355
6.7848,0.6305
6.7854,0.6355
6.7859,0.6355
6.7864,0.6355
6.7870,0.6305
6.7875,0.6355
6.7881,0.6355
6.7886,0.6355
6.7892,0.6355
6.7897,0.6305
6.7903,0.6305
6.7908,0.6305
6.7914,0.6305
6.7919,0.6355
6.7925,0.6355
6.7930,0.6355
6.7936,0.6355
6.7941,0.6355
6.7947,0.6305
6.7952,0.6355
6.7957,0.6305
6.7963,0.6355
6.7968,0.6305
6.7974,0.6355
6.7979,0.6305
6.7985,0.6355
6.7990,0.6355
6.7996,0.6305
6.8001,0.6355
6.8007,0.6305
6.8012,0.6355
6.8018,0.6355
6.8023,0.6305
6.8029,0.6355
6.8034,0.6305
6.8040,0.6305
6.8045,0.6355
6.8050,0.6355
6.8056,0.6355
6.8061,0.6305
6.8067,0.6305
6.8072,0.6355
6.8078,0.6305
6.8083,0.6355
6.8089,0.6355
6.8094,0.6355
6.8100,0.6355
6.8105,0.6355
6.8111,0.6305
6.8116,0.6305
6.8122,0.6355
6.8127,0.6305
6.8133,0.6355
6.8138,0.6355
6.8143,0.6305
6.8149,0.6355
6.8155,0.6305
6.8160,0.6355
6.8166,0.6305
6.8171,0.6305
6.8177,0.6305
6.8182,0.6305
6.8188,0.6305
6.8193,0.6406
6.8198,0.6305
6.8204,0.6305
6.8209,0.6305
6.8215,0.6305
6.8220,0.6355
6.8226,0.6355
6.8231,0.6355
6.8237,0.6355
6.8242,0.6305
6.8248,0.6305
6.8253,0.6355
6.8259,0.6355
6.8264,0.6305
6.8270,0.6355
6.8275,0.6305
6.8281,0.6355
6.8286,0.6355
6.8292,0.6355
6.8297,0.6355
6.8303,0.6355
6.8308,0.6305
6.8314,0.6355
6.8319,0.6305
6.8325,0.6355
6.8330,0.6305
6.8335,0.6355
6.8341,0.6355
6.8346,0.6355
6.8352,0.6355
6.8357,0.6305
6.8363,0.6355
6.8368,0.6305
6.8374,0.6305
6.8379,0.6305
6.8385,0.6305
6.8390,0.6355
6.8396,0.6305
6.8401,0.6355
6.8407,0.6305
6.8412,0.6305
6.8418,0.6305
6.8423,0.6355
6.8429,0.6305
6.8434,0.6355
6.8440,0.6355
6.8445,0.6305
6.8451,0.6355
6.8456,0.6355
6.8462,0.6305
6.8467,0.6305
6.8473,0.6305
6.8478,0.6355
6.8483,0.6355
6.8489,0.6305
6.8494,0.6305
6.8500,0.6355
6.8505,0.6305
6.8511,0.6355
6.8516,0.6406
6.8522,0.6305
6.8527,0.6305
6.8533,0.6355
6.8538,0.6355
6.8544,0.6305
6.8549,0.6305
6.8554,0.6305
6.8560,0.6355
6.8565,0.6355
6.8571,0.6355
6.8576,0.6305
6.8582,0.6355
6.8587,0.6355
6.8593,0.6355
6.8598,0.6355
6.8604,0.6305
6.8609,0.6305
6.8615,0.6355
6.8620,0.6355
6.8626,0.6305
6.8631,0.6305
6.8637,0.6305
6.8642,0.6355
6.8647,0.6305
6.8653,0.6355
6.8658,0.6305
6.8664,0.6355
6.8669,0.6355
6.8675,0.6305
6.8680,0.6355
6.8686,0.6305
6.8691,0.6355
6.8697,0.6355
6.8702,0.6355
6.8708,0.6355
6.8713,0.6305
6.8719,0.6305
6.8724,0.6355
6.8730,0.6355
6.8735,0.6355
6.8740,0.6355
6.8746,0.6355
6.8751,0.6355
6.8757,0.6355
6.8762,0.6355
6.8768,0.6406
6.8773,0.6305
6.8779,0.6355
6.8784,0.6355
6.8790,0.6355
6.8795,0.6406
6.8801,0.6355
6.8806,0.6355
6.8812,0.6355
6.8817,0.6305
6.8823,0.6355
6.8828,0.6305
6.8833,0.6355
6.8839,0.6305
6.8844,0.6355
6.8850,0.6355
6.8855,0.6305
6.8861,0.6355
6.8866,0.6355
6.8872,0.6305
6.8877,0.6355
6.8883,0.6355
6.8888,0.6355
6.8894,0.6355
6.8899,0.6305
6.8905,0.6305
6.8910,0.6355
6.8915,0.6355
6.8921,0.6355
6.8926,0.6355
6.8932,0.6355
6.8937,0.6305
6.8943,0.6355
6.8948,0.6355
6.8954,0.6406
6.8959,0.6305
6.8965,0.6305
6.8970,0.6355
6.8976,0.6355
6.8981,0.6305
6.8987,0.6406
6.8992,0.6355
6.8998,0.6355
6.9003,0.6355
6.9008,0.6355
6.9014,0.6355
6.9019,0.6305
6.9025,0.6305
6.9030,0.6305
6.9036,0.6305
6.9041,0.6355
6.9047,0.6305
6.9052,0.6355
6.9058,0.6305
6.9063,0.6355
6.9069,0.6305
6.9074,0.6355
6.9080,0.6355
6.9085,0.6355
6.9091,0.6355
6.9096,0.6355
6.9102,0.6355
6.9107,0.6355
6.9113,0.6305
6.9118,0.6355
6.9124,0.6355
6.9129,0.6355
6.9134,0.6355
6.9140,0.6355
6.9145,0.6355
6.9151,0.6355
6.9157,0.6355
6.9162,0.6355
6.9168,0.6305
6.9173,0.6355
6.9179,0.6355
6.9184,0.6305
6.9190,0.6355
6.9195,0.6305
6.9200,0.6355
6.9206,0.6305
6.9211,0.6355
6.9217,0.6355
6.9222,0.6305
6.9228,0.6305
6.9233,0.6355
6.9239,0.6305
6.9244,0.6305
6.9250,0.6355
6.9255,0.6305
6.9261,0.6355
6.9267,0.6305
6.9272,0.6355
6.9277,0.6305
6.9283,0.6355
6.9288,0.6355
6.9294,0.6355
6.9299,0.6305
6.9305,0.6355
6.9310,0.6355
6.9316,0.6355
6.9321,0.6305
6.9327,0.6355
6.9332,0.6355
6.9338,0.6355
6.9343,0.6305
6.9349,0.6355
6.9354,0.6305
6.9359,0.6355
6.9365,0.6355
6.9370,0.6305
6.9376,0.6355
6.9381,0.6305
6.9387,0.6355
6.9392,0.6305
6.9398,0.6355
6.9403,0.6305
6.9409,0.6305
6.9414,0.6305
6.9420,0.6355
6.9425,0.6305
6.9431,0.6355
6.9436,0.6355
6.9442,0.6355
6.9447,0.6355
6.9453,0.6355
6.9458,0.6355
6.9463,0.6355
6.9469,0.6305
6.9474,0.6305
6.9480,0.6305
6.9485,0.6305
6.9491,0.6355
6.9497,0.6355
6.9502,0.6305
6.9508,0.6355
6.9513,0.6355
6.9519,0.6305
6.9524,0.6305
6.9530,0.6355
6.9535,0.6305
6.9540,0.6355
6.9546,0.6305
6.9551,0.6305
6.9557,0.6305
6.9562,0.6305
6.9568,0.6355
6.9573,0.6355
6.9579,0.6305
6.9584,0.6355
6.9590,0.6355
6.9595,0.6355
6.9601,0.6355
6.9606,0.6305
6.9612,0.6355
6.9617,0.6355
6.9623,0.6355
6.9628,0.6355
6.9634,0.6355
6.9639,0.6355
6.9644,0.6355
6.9650,0.6305
6.9655,0.6355
6.9661,0.6355
6.9666,0.6305
6.9672,0.6355
6.9677,0.6305
6.9683,0.6355
6.9688,0.6355
6.9694,0.6305
6.9699,0.6355
6.9705,0.6355
6.9710,0.6355
6.9716,0.6305
6.9721,0.6305
6.9727,0.6355
6.9732,0.6355
6.9738,0.6355
6.9743,0.6355
6.9748,0.6305
6.9754,0.6355
6.9759,0.6355
6.9765,0.6355
6.9770,0.6355
6.9776,0.6305
6.9781,0.6305
6.9787,0.6305
6.9792,0.6355
6.9798,0.6355
6.9803,0.6355
6.9809,0.6355
6.9814,0.6305
6.9820,0.6355
6.9825,0.6305
6.9831,0.6355
6.9836,0.6305
6.9842,0.6355
6.9847,0.6305
6.9853,0.6355
6.9858,0.6305
6.9864,0.6355
6.9869,0.6355
6.9875,0.6355
6.9880,0.6355
6.9886,0.6355
6.9891,0.6355
6.9896,0.6355
6.9902,0.6355
6.9907,0.6305
6.9913,0.6305
6.9918,0.6355
6.9924,0.6355
6.9929,0.6355
6.9935,0.6305
6.9940,0.6355
6.9946,0.6355
6.9951,0.6305
6.9957,0.6355
6.9962,0.6305
6.9968,0.6305
6.9973,0.6355
6.9979,0.6305
6.9984,0.6355
6.9989,0.6355
6.9995,0.6305
7.0000,0.6355
7.0006,0.6305
7.0011,0.6305
7.0017,0.6355
7.0022,0.6355
7.0028,0.6355
7.0033,0.6305
7.0039,0.6355
7.0044,0.6305
7.0050,0.6305
7.0055,0.6355
7.0061,0.6305
7.0066,0.6305
7.0072,0.6305
7.0077,0.6305
7.0083,0.6355
7.0088,0.6305
7.0094,0.6355
7.0099,0.6355
7.0105,0.6355
7.0110,0.6305
7.0116,0.6355
7.0121,0.6355
7.0127,0.6305
7.0132,0.6355
7.0137,0.6305
7.0143,0.6305
7.0148,0.6305
7.0154,0.6305
7.0159,0.6355
7.0165,0.6355
7.0171,0.6305
7.0176,0.6355
7.0182,0.6305
7.0187,0.6305
7.0193,0.6355
7.0198,0.6355
7.0204,0.6305
7.0209,0.6355
7.0214,0.6355
7.0220,0.6305
7.0225,0.6355
7.0231,0.6355
7.0236,0.6355
7.0242,0.6355
7.0247,0.6355
7.0253,0.6355
7.0258,0.6305
7.0264,0.6355
7.0269,0.6355
7.0275,0.6305
7.0280,0.6355
7.0286,0.6355
7.0291,0.6355
7.0297,0.6355
7.0302,0.6305
7.0307,0.6355
7.0313,0.6355
7.0318,0.6355
7.0324,0.6355
7.0329,0.6355
7.0335,0.6305
7.0340,0.6355
7.0346,0.6355
7.0351,0.6305
7.0357,0.6355
7.0362,0.6355
7.0368,0.6355
7.0373,0.6355
7.0379,0.6305
7.0384,0.6406
7.0389,0.6355
7.0395,0.6355
7.0400,0.6355
7.0406,0.6305
7.0411,0.6355
7.0417,0.6305
7.0422,0.6355
7.0428,0.6355
7.0433,0.6355
7.0439,0.6305
7.0444,0.6305
7.0450,0.6305
7.0455,0.6355
7.0461,0.6355
7.0466,0.6305
7.0472,0.6355
7.0477,0.6355
7.0483,0.6305
7.0488,0.6355
7.0494,0.6305
7.0499,0.6355
7.0505,0.6305
7.0510,0.6305
7.0516,0.6355
7.0521,0.6305
7.0527,0.6355
7.0532,0.6355
7.0538,0.6305
7.0543,0.6355
7.0549,0.6355
7.0554,0.6305
7.0560,0.6355
7.0565,0.6305
7.0571,0.6355
7.0576,0.6305
7.0581,0.6355
7.0587,0.6355
7.0592,0.6355
7.0598,0.6355
7.0603,0.6355
7.0609,0.6355
7.0614,0.6406
7.0620,0.6305
7.0625,0.6355
7.0631,0.6305
7.0636,0.6355
7.0642,0.6355
7.0647,0.6355
7.0653,0.6355
7.0658,0.6305
7.0663,0.6406
7.0669,0.6355
7.0674,0.6355
7.0680,0.6355
7.0685,0.6305
7.0691,0.6355
7.0696,0.6355
7.0702,0.6305
7.0707,0.6355
7.0713,0.6305
7.0718,0.6355
7.0724,0.6305
7.0729,0.6355
7.0735,0.6355
7.0740,0.6305
7.0746,0.6305
7.0751,0.6305
7.0756,0.6355
7.0762,0.6355
7.0767,0.6355
7.0773,0.6355
7.0778,0.6355
7.0784,0.6305
7.0789,0.6305
7.0795,0.6305
7.0800,0.6355
7.0806,0.6355
7.0811,0.6305
7.0817,0.6355
7.0822,0.6305
7.0828,0.6355
7.0833,0.6355
7.0838,0.6305
7.0844,0.6305
7.0849,0.6305
7.0855,0.6406
7.0860,0.6355
7.0866,0.6406
7.0872,0.6305
7.0877,0.6355
7.0883,0.6355
7.0888,0.6305
7.0894,0.6355
7.0899,0.6355
7.0904,0.6305
7.0910,0.6355
7.0915,0.6355
7.0921,0.6355
7.0926,0.6355
7.0932,0.6305
7.0937,0.6355
7.0943,0.6305
7.0948,0.6355
7.0954,0.6355
7.0959,0.6355
7.0965,0.6355
7.0970,0.6305
7.0976,0.6355
7.0981,0.6355
7.0987,0.6355
7.0992,0.6355
7.0997,0.6305
7.1003,0.6305
7.1008,0.6305
7.1014,0.6305
7.1019,0.6355
7.1025,0.6355
7.1030,0.6305
7.1036,0.6355
7.1041,0.6355
7.1047,0.6355
7.1052,0.6355
7.1058,0.6305
7.1063,0.6355
7.1069,0.6305
7.1074,0.6355
7.1079,0.6355
7.1085,0.6305
7.1090,0.6355
7.1096,0.6355
7.1101,0.6355
7.1107,0.6355
7.1112,0.6355
7.1118,0.6305
7.1123,0.6355
7.1129,0.6305
7.1134,0.6305
7.1140,0.6355
7.1145,0.6355
7.1151,0.6305
7.1156,0.6355
7.1161,0.6355
7.1167,0.6305
7.1173,0.6305
7.1178,0.6355
7.1184,0.6355
7.1189,0.6355
7.1195,0.6355
7.1200,0.6355
7.1206,0.6355
7.1211,0.6355
7.1217,0.6355
7.1222,0.6355
7.1228,0.6305
7.1233,0.6305
7.1239,0.6355
7.1244,0.6355
7.1250,0.6305
7.1255,0.6305
7.1261,0.6355
7.1266,0.6355
7.1272,0.6305
7.1277,0.6305
7.1283,0.6355
7.1288,0.6305
7.1294,0.6355
7.1299,0.6355
7.1305,0.6355
7.1310,0.6355
7.1315,0.6355
7.1321,0.6355
7.1326,0.6305
7.1332,0.6355
7.1337,0.6406
7.1343,0.6355
7.1348,0.6305
7.1354,0.6305
7.1359,0.6305
7.1365,0.6355
7.1370,0.6355
7.1376,0.6305
7.1381,0.6355
7.1387,0.6305
7.1392,0.6355
7.1398,0.6305
7.1403,0.6305
7.1408,0.6305
7.1414,0.6355
7.1419,0.6355
7.1425,0.6305
7.1430,0.6355
7.1436,0.6355
7.1441,0.6355
7.1447,0.6355
7.1452,0.6355
7.1458,0.6305
7.1463,0.6355
7.1469,0.6305
7.1474,0.6305
7.1480,0.6305
7.1485,0.6305
7.1491,0.6355
7.1496,0.6355
7.1501,0.6305
7.1507,0.6355
7.1512,0.6355
7.1518,0.6305
7.1523,0.6305
7.1529,0.6355
7.1534,0.6355
7.1540,0.6305
7.1545,0.6355
7.1551,0.6355
7.1556,0.6355
7.1562,0.6355
7.1567,0.6355
7.1573,0.6355
7.1578,0.6355
7.1583,0.6305
7.1589,0.6355
7.1594,0.6305
7.1600,0.6355
7.1605,0.6355
7.1611,0.6305
7.1616,0.6305
7.1622,0.6305
7.1627,0.6355
7.1633,0.6406
7.1638,0.6305
7.1644,0.6305
7.1649,0.6355
7.1655,0.6355
7.1660,0.6355
7.1666,0.6355
7.1671,0.6355
7.1677,0.6305
7.1682,0.6355
7.1687,0.6355
7.1693,0.6255
7.1698,0.6355
7.1704,0.6355
7.1709,0.6355
7.1715,0.6355
7.1720,0.6305
7.1726,0.6355
7.1731,0.6355
7.1737,0.6355
7.1742,0.6305
7.1748,0.6355
7.1753,0.6305
7.1759,0.6305
7.1764,0.6355
7.1769,0.6355
7.1775,0.6305
7.1780,0.6355
7.1786,0.6355
7.1791,0.6355
7.1797,0.6305
7.1802,0.6305
7.1808,0.6355
7.1813,0.6305
7.1819,0.6355
7.1824,0.6355
7.1830,0.6305
7.1835,0.6355
7.1841,0.6305
7.1846,0.6355
7.1852,0.6355
7.1857,0.6355
7.1862,0.6305
7.1868,0.6305
7.1873,0.6305
7.1879,0.6305
7.1885,0.6305
7.1890,0.6406
7.1896,0.6355
7.1901,0.6355
7.1906,0.6355
7.1912,0.6355
7.1917,0.6305
7.1923,0.6305
7.1928,0.6305
7.1934,0.6355
7.1939,0.6305
7.1945,0.6355
7.1950,0.6305
7.1956,0.6305
7.1961,0.6305
7.1967,0.6355
7.1972,0.6305
7.1978,0.6355
7.1983,0.6355
7.1989,0.6355
7.1994,0.6355
7.1999,0.6305
7.2005,0.6305
7.2010,0.6355
7.2016,0.6305
7.2021,0.6355
7.2027,0.6305
7.2032,0.6355
7.2038,0.6355
7.2043,0.6406
7.2049,0.6305
7.2054,0.6355
7.2060,0.6355
7.2065,0.6305
7.2071,0.6355
7.2076,0.6305
7.2082,0.6305
7.2087,0.6355
7.2093,0.6305
7.2098,0.6305
7.2103,0.6355
7.2109,0.6355
7.2114,0.6305
7.2120,0.6406
7.2125,0.6355
7.2131,0.6305
7.2136,0.6355
7.2142,0.6355
7.2147,0.6305
7.2153,0.6355
7.2158,0.6305
7.2164,0.6305
7.2169,0.6305
7.2175,0.6305
7.2180,0.6355
7.2186,0.6355
7.2191,0.6305
7.2197,0.6355
7.2202,0.6305
7.2208,0.6355
7.2213,0.6355
7.2219,0.6305
7.2224,0.6355
7.2230,0.6305
7.2235,0.6305
7.2241,0.6355
7.2246,0.6305
7.2252,0.6355
7.2257,0.6305
7.2263,0.6355
7.2268,0.6355
7.2273,0.6305
7.2279,0.6355
7.2284,0.6355
7.2290,0.6355
7.2295,0.6305
7.2301,0.6305
7.2306,0.6305
7.2311,0.6305
7.2317,0.6355
7.2322,0.6305
7.2328,0.6355
7.2333,0.6355
7.2339,0.6355
7.2344,0.6355
7.2349,0.6355
7.2355,0.6305
7.2360,0.6355
7.2366,0.6355
7.2371,0.6355
7.2377,0.6355
7.2382,0.6355
7.2388,0.6305
7.2393,0.6355
7.2399,0.6355
7.2404,0.6355
7.2409,0.6305
7.2415,0.6305
7.2420,0.6305
7.2426,0.6355
7.2431,0.6355
7.2437,0.6355
7.2442,0.6355
7.2448,0.6355
7.2453,0.6355
7.2459,0.6305
7.2464,0.6355
7.2470,0.6305
7.2475,0.6355
7.2481,0.6355
7.2486,0.6305
7.2491,0.6355
7.2497,0.6355
7.2502,0.6355
7.2508,0.6355
7.2513,0.6305
7.2519,0.6355
7.2524,0.6305
7.2530,0.6355
7.2535,0.6355
7.2541,0.6355
7.2546,0.6255
7.2551,0.6355
7.2557,0.6355
7.2562,0.6355
7.2568,0.6305
7.2573,0.6355
7.2579,0.6355
7.2585,0.6355
7.2590,0.6305
7.2595,0.6355
7.2601,0.6305
7.2606,0.6305
7.2612,0.6305
7.2617,0.6305
7.2623,0.6406
7.2628,0.6305
7.2634,0.6355
7.2639,0.6305
7.2645,0.6355
7.2650,0.6305
7.2656,0.6305
7.2661,0.6305
7.2667,0.6305
7.2672,0.6355
7.2677,0.6406
7.2683,0.6355
7.2688,0.6355
7.2694,0.6355
7.2699,0.6355
7.2705,0.6305
7.2710,0.6305
7.2716,0.6305
7.2721,0.6355
7.2727,0.6355
7.2732,0.6305
7.2737,0.6355
7.2743,0.6355
7.2748,0.6355
7.2754,0.6355
7.2759,0.6355
7.2765,0.6355
7.2770,0.6305
7.2776,0.6305
7.2781,0.6355
7.2787,0.6355
7.2792,0.6305
7.2798,0.6355
7.2803,0.6305
7.2809,0.6305
7.2814,0.6305
7.2819,0.6305
7.2825,0.6305
7.2830,0.6305
7.2836,0.6355
7.2841,0.6355
7.2847,0.6305
7.2852,0.6355
7.2858,0.6355
7.2863,0.6355
7.2869,0.6305
7.2874,0.6305
7.2880,0.6305
7.2885,0.6305
7.2891,0.6355
7.2896,0.6355
7.2902,0.6355
7.2907,0.6305
7.2912,0.6305
7.2918,0.6355
7.2923,0.6355
7.2929,0.6305
7.2934,0.6355
7.2940,0.6355
7.2945,0.6355
7.2950,0.6305
7.2956,0.6355
7.2961,0.6355
7.2967,0.6355
7.2972,0.6305
7.2978,0.6305
7.2983,0.6355
7.2988,0.6255
7.2994,0.6355
7.2999,0.6355
7.3005,0.6355
7.3010,0.6355
7.3016,0.6355
7.3021,0.6305
7.3026,0.6355
7.3032,0.6355
7.3037,0.6305
7.3043,0.6305
7.3048,0.6305
7.3054,0.6305
7.3059,0.6355
7.3064,0.6355
7.3070,0.6355
7.3075,0.6305
7.3081,0.6355
7.3086,0.6305
7.3092,0.6355
7.3097,0.6355
7.3103,0.6355
7.3108,0.6355
7.3113,0.6355
7.3119,0.6305
7.3124,0.6305
7.3130,0.6305
7.3135,0.6355
7.3141,0.6305
7.3146,0.6305
7.3152,0.6355
7.3157,0.6355
7.3163,0.6305
7.3168,0.6355
7.3173,0.6355
7.3179,0.6355
7.3185,0.6355
7.3190,0.6355
7.3195,0.6305
7.3201,0.6305
7.3206,0.6355
7.3212,0.6355
7.3217,0.6305
7.3223,0.6305
7.3228,0.6355
7.3233,0.6305
7.3239,0.6355
7.3244,0.6355
7.3250,0.6355
7.3255,0.6355
7.3261,0.6305
7.3266,0.6355
7.3272,0.6305
7.3277,0.6355
7.3283,0.6305
7.3288,0.6355
7.3294,0.6355
7.3299,0.6355
7.3305,0.6305
7.3310,0.6355
7.3315,0.6355
7.3321,0.6305
7.3326,0.6305
7.3332,0.6355
7.3337,0.6355
7.3343,0.6355
7.3348,0.6305
7.3353,0.6355
7.3359,0.6355
7.3364,0.6355
7.3370,0.6305
7.3375,0.6355
7.3381,0.6305
7.3386,0.6305
7.3392,0.6355
7.3397,0.6355
7.3403,0.6355
7.3408,0.6305
7.3413,0.6305
7.3419,0.6355
7.3424,0.6355
7.3430,0.6355
7.3435,0.6355
7.3441,0.6305
7.3446,0.6305
7.3452,0.6355
7.3457,0.6305
7.3463,0.6355
7.3468,0.6355
7.3474,0.6355
7.3479,0.6305
7.3484,0.6305
7.3490,0.6355
7.3495,0.6355
7.3501,0.6305
7.3506,0.6355
7.3512,0.6305
7.3517,0.6355
7.3523,0.6305
7.3528,0.6355
7.3534,0.6355
7.3539,0.6305
7.3545,0.6355
7.3550,0.6305
7.3555,0.6355
7.3561,0.6355
7.3566,0.6355
7.3572,0.6406
7.3577,0.6355
7.3583,0.6406
7.3588,0.6305
7.3594,0.6355
7.3599,0.6305
7.3605,0.6305
7.3610,0.6305
7.3616,0.6305
7.3621,0.6355
7.3626,0.6355
7.3632,0.6355
7.3637,0.6355
7.3643,0.6355
7.3648,0.6305
7.3654,0.6305
7.3659,0.6355
7.3665,0.6355
7.3670,0.6355
7.3676,0.6355
7.3681,0.6355
7.3687,0.6305
7.3692,0.6355
7.3697,0.6355
7.3703,0.6305
7.3708,0.6355
7.3714,0.6305
7.3719,0.6355
7.3725,0.6305
7.3730,0.6355
7.3736,0.6355
7.3741,0.6305
7.3747,0.6355
7.3752,0.6305
7.3757,0.6355
7.3763,0.6305
7.3768,0.6355
7.3774,0.6355
7.3779,0.6355
7.3785,0.6406
7.3790,0.6355
7.3796,0.6305
7.3801,0.6305
7.3807,0.6355
7.3812,0.6305
7.3818,0.6305
7.3823,0.6355
7.3829,0.6305
7.3834,0.6355
7.3839,0.6355
7.3845,0.6305
7.3850,0.6355
7.3856,0.6355
7.3861,0.6355
7.3867,0.6355
7.3872,0.6355
7.3878,0.6406
7.3883,0.6305
7.3889,0.6355
7.3894,0.6305
7.3900,0.6305
7.3905,0.6355
7.3910,0.6355
7.3916,0.6355
7.3921,0.6355
7.3927,0.6305
7.3932,0.6406
7.3938,0.6305
7.3943,0.6355
7.3949,0.6305
7.3954,0.6305
7.3960,0.6406
7.3965,0.6355
7.3971,0.6305
7.3976,0.6305
7.3982,0.6355
7.3987,0.6305
7.3993,0.6305
7.3998,0.6355
7.4004,0.6355
7.4009,0.6355
7.4014,0.6355
7.4020,0.6355
7.4025,0.6305
7.4031,0.6355
7.4036,0.6355
7.4042,0.6355
7.4047,0.6355
7.4053,0.6305
7.4058,0.6305
7.4064,0.6355
7.4069,0.6305
7.4075,0.6305
7.4080,0.6305
7.4085,0.6355
7.4091,0.6355
7.4096,0.6305
7.4102,0.6305
7.4107,0.6355
7.4113,0.6355
7.4118,0.6355
7.4124,0.6406
7.4129,0.6355
7.4135,0.6355
7.4140,0.6305
7.4146,0.6305
7.4151,0.6355
7.4156,0.6355
7.4162,0.6305
7.4167,0.6305
7.4173,0.6355
7.4178,0.6355
7.4184,0.6305
7.4191,0.6355
7.4196,0.6355
7.4202,0.6305
7.4207,0.6305
7.4212,0.6355
7.4218,0.6305
7.4223,0.6355
7.4228,0.6305
7.4234,0.6355
7.4239,0.6355
7.4244,0.6355
7.4250,0.6355
7.4255,0.6355
7.4261,0.6305
7.4266,0.6305
7.4272,0.6305
7.4277,0.6355
7.4282,0.6355
7.4288,0.6355
7.4293,0.6355
7.4298,0.6355
7.4304,0.6305
7.4309,0.6355
7.4314,0.6355
7.4320,0.6355
7.4325,0.6305
7.4330,0.6305
7.4336,0.6355
7.4341,0.6305
7.4347,0.6355
7.4352,0.6355
7.4357,0.6355
7.4363,0.6406
7.4368,0.6355
7.4373,0.6355
7.4379,0.6305
7.4384,0.6305
7.4389,0.6305
7.4395,0.6305
7.4400,0.6305
7.4405,0.6355
7.4411,0.6355
7.4416,0.6305
7.4422,0.6355
7.4427,0.6355
7.4432,0.6305
7.4438,0.6305
7.4443,0.6355
7.4448,0.6305
7.4454,0.6355
7.4459,0.6355
7.4464,0.6305
7.4470,0.6355
7.4475,0.6355
7.4480,0.6305
7.4486,0.6305
7.4491,0.6355
7.4497,0.6305
7.4502,0.6355
7.4507,0.6355
7.4513,0.6355
7.4518,0.6305
7.4523,0.6355
7.4529,0.6305
7.4534,0.6355
7.4539,0.6355
7.4545,0.6355
7.4550,0.6355
7.4556,0.6305
7.4561,0.6305
7.4566,0.6355
7.4572,0.6305
7.4577,0.6355
7.4582,0.6355
7.4588,0.6355
7.4593,0.6305
7.4598,0.6355
7.4604,0.6355
7.4609,0.6305
7.4614,0.6355
7.4620,0.6355
7.4625,0.6355
7.4631,0.6355
7.4636,0.6305
7.4641,0.6355
7.4647,0.6355
7.4652,0.6355
7.4658,0.6305
7.4663,0.6305
7.4668,0.6355
7.4674,0.6305
7.4679,0.6305
7.4684,0.6305
7.4690,0.6305
7.4695,0.6355
7.4700,0.6355
7.4706,0.6355
7.4711,0.6305
7.4717,0.6355
7.4722,0.6305
7.4727,0.6355
7.4733,0.6355
7.4738,0.6355
7.4743,0.6305
7.4749,0.6355
7.4754,0.6355
7.4759,0.6355
7.4765,0.6355
7.4770,0.6355
7.4775,0.6355
7.4781,0.6305
7.4786,0.6355
7.4792,0.6305
7.4797,0.6355
7.4802,0.6355
7.4808,0.6355
7.4813,0.6355
7.4818,0.6355
7.4824,0.6355
7.4829,0.6305
7.4834,0.6305
7.4840,0.6305
7.4845,0.6406
7.4850,0.6305
7.4856,0.6305
7.4861,0.6355
7.4867,0.6305
7.4872,0.6305
7.4877,0.6355
7.4883,0.6355
7.4888,0.6355
7.4893,0.6355
7.4899,0.6305
7.4904,0.6305
7.4909,0.6355
7.4915,0.6305
7.4920,0.6305
7.4925,0.6305
7.4931,0.6305
7.4936,0.6355
7.4942,0.6305
7.4947,0.6355
7.4952,0.6355
7.4958,0.6355
7.4963,0.6305
7.4968,0.6355
7.4974,0.6305
7.4979,0.6355
7.4984,0.6305
7.4990,0.6355
7.4995,0.6355
7.5001,0.6305
7.5006,0.6355
7.5011,0.6355
7.5017,0.6355
7.5022,0.6355
7.5027,0.6305
7.5033,0.6305
7.5038,0.6355
7.5043,0.6305
7.5049,0.6305
7.5054,0.6355
7.5059,0.6355
7.5065,0.6305
7.5070,0.6305
7.5076,0.6355
7.5081,0.6355
7.5086,0.6355
7.5092,0.6355
7.5097,0.6305
7.5102,0.6305
7.5108,0.6305
7.5113,0.6305
7.5118,0.6355
7.5124,0.6305
7.5129,0.6305
7.5135,0.6355
7.5140,0.6355
7.5145,0.6305
7.5151,0.6355
7.5156,0.6305
7.5161,0.6305
7.5167,0.6305
7.5172,0.6355
7.5177,0.6355
7.5183,0.6305
7.5188,0.6355
7.5194,0.6305
7.5199,0.6355
7.5204,0.6305
7.5210,0.6355
7.5215,0.6305
7.5221,0.6305
7.5226,0.6305
7.5231,0.6355
7.5237,0.6355
7.5242,0.6355
7.5247,0.6305
7.5253,0.6355
7.5258,0.6305
7.5263,0.6305
7.5269,0.6355
7.5274,0.6305
7.5279,0.6355
7.5285,0.6355
7.5290,0.6355
7.5296,0.6305
7.5301,0.6355
7.5306,0.6305
7.5312,0.6355
7.5317,0.6355
7.5322,0.6305
7.5328,0.6305
7.5335,0.6305
7.5340,0.6355
7.5345,0.6355
7.5351,0.6305
7.5356,0.6305
7.5361,0.6355
7.5367,0.6305
7.5372,0.6305
7.5377,0.6355
7.5383,0.6305
7.5389,0.6355
7.5394,0.6355
7.5399,0.6355
7.5405,0.6355
7.5410,0.6305
7.5415,0.6355
7.5421,0.6355
7.5426,0.6305
7.5431,0.6355
7.5437,0.6305
7.5442,0.6305
7.5447,0.6355
7.5453,0.6355
7.5458,0.6305
7.5463,0.6305
7.5469,0.6355
7.5474,0.6355
7.5479,0.6355
7.5485,0.6305
7.5490,0.6305
7.5495,0.6355
7.5501,0.6305
7.5506,0.6355
7.5511,0.6305
7.5517,0.6355
7.5522,0.6355
7.5527,0.6305
7.5533,0.6305
7.5538,0.6305
7.5543,0.6355
7.5549,0.6305
7.5554,0.6305
7.5559,0.6355
7.5565,0.6355
7.5570,0.6305
7.5575,0.6355
7.5581,0.6305
7.5586,0.6305
7.5591,0.6355
7.5597,0.6355
7.5602,0.6355
7.5607,0.6355
7.5613,0.6355
7.5618,0.6355
7.5623,0.6355
7.5629,0.6305
7.5634,0.6305
7.5639,0.6305
7.5645,0.6355
7.5650,0.6355
7.5655,0.6305
7.5661,0.6305
7.5666,0.6355
7.5672,0.6355
7.5677,0.6305
7.5682,0.6305
7.5688,0.6305
7.5693,0.6355
7.5698,0.6355
7.5704,0.6355
7.5709,0.6355
7.5715,0.6355
7.5720,0.6355
7.5725,0.6305
7.5731,0.6305
7.5736,0.6305
7.5741,0.6305
7.5747,0.6355
7.5752,0.6355
7.5757,0.6355
7.5763,0.6355
7.5768,0.6355
7.5774,0.6305
7.5779,0.6355
7.5784,0.6355
7.5790,0.6305
7.5795,0.6406
7.5800,0.6355
7.5806,0.6355
7.5811,0.6305
7.5816,0.6255
7.5822,0.6355
7.5827,0.6355
7.5832,0.6305
7.5838,0.6355
7.5843,0.6305
7.5849,0.6355
7.5854,0.6305
7.5859,0.6355
7.5865,0.6355
7.5870,0.6355
7.5875,0.6355
7.5881,0.6305
7.5886,0.6305
7.5891,0.6355
7.5897,0.6305
7.5902,0.6355
7.5908,0.6305
7.5913,0.6355
7.5918,0.6355
7.5924,0.6305
7.5929,0.6305
7.5934,0.6355
7.5940,0.6355
7.5945,0.6305
7.5950,0.6355
7.5956,0.6355
7.5961,0.6305
7.5966,0.6355
7.5972,0.6355
7.5977,0.6305
7.5983,0.6305
7.5988,0.6355
7.5993,0.6305
7.5999,0.6305
7.6004,0.6355
7.6009,0.6355
7.6015,0.6305
7.6020,0.6305
7.6026,0.6305
7.6031,0.6305
7.6036,0.6406
7.6042,0.6355
7.6047,0.6355
7.6052,0.6355
7.6058,0.6305
7.6063,0.6305
7.6069,0.6305
7.6074,0.6305
7.6079,0.6355
7.6085,0.6355
7.6090,0.6305
7.6095,0.6305
7.6101,0.6305
7.6106,0.6305
7.6111,0.6305
7.6117,0.6305
7.6122,0.6305
7.6127,0.6305
7.6133,0.6305
7.6138,0.6355
7.6144,0.6355
7.6149,0.6355
7.6154,0.6355
7.6160,0.6355
7.6165,0.6355
7.6170,0.6355
7.6176,0.6305
7.6181,0.6355
7.6186,0.6406
7.6192,0.6355
7.6197,0.6305
7.6204,0.6355
7.6209,0.6355
7.6214,0.6305
7.6220,0.6305
7.6225,0.6355
7.6230,0.6305
7.6236,0.6355
7.6241,0.6355
7.6246,0.6355
7.6252,0.6305
7.6257,0.6355
7.6262,0.6305
7.6268,0.6355
7.6273,0.6355
7.6278,0.6355
7.6284,0.6355
7.6289,0.6355
7.6294,0.6305
7.6300,0.6355
7.6305,0.6355
7.6310,0.6305
7.6316,0.6406
7.6321,0.6355
7.6326,0.6355
7.6332,0.6305
7.6337,0.6355
7.6342,0.6355
7.6348,0.6305
7.6353,0.6305
7.6358,0.6305
7.6364,0.6355
7.6369,0.6305
7.6374,0.6355
7.6380,0.6355
7.6385,0.6355
7.6390,0.6406
7.6396,0.6355
7.6401,0.6355
7.6406,0.6305
7.6412,0.6305
7.6417,0.6355
7.6422,0.6406
7.6428,0.6305
7.6433,0.6355
7.6438,0.6406
7.6444,0.6305
7.6449,0.6355
7.6454,0.6355
7.6460,0.6305
7.6465,0.6255
7.6470,0.6355
7.6476,0.6355
7.6481,0.6355
7.6486,0.6355
7.6492,0.6355
7.6497,0.6305
7.6502,0.6305
7.6508,0.6305
7.6513,0.6305
7.6518,0.6355
7.6524,0.6305
7.6529,0.6305
7.6534,0.6305
7.6540,0.6355
7.6545,0.6355
7.6550,0.6355
7.6555,0.6355
7.6561,0.6355
7.6566,0.6305
7.6571,0.6305
7.6577,0.6355
7.6582,0.6355
7.6587,0.6355
7.6593,0.6355
7.6598,0.6355
7.6603,0.6305
7.6609,0.6355
7.6614,0.6305
7.6619,0.6305
7.6625,0.6355
7.6630,0.6305
7.6635,0.6355
7.6641,0.6355
7.6646,0.6355
7.6651,0.6355
7.6657,0.6355
7.6662,0.6305
7.6667,0.6355
7.6673,0.6355
7.6678,0.6355
7.6683,0.6305
7.6689,0.6305
7.6694,0.6355
7.6699,0.6305
7.6705,0.6305
7.6710,0.6305
7.6715,0.6355
7.6721,0.6355
7.6726,0.6406
7.6731,0.6305
7.6737,0.6305
7.6742,0.6355
7.6747,0.6355
7.6753,0.6305
7.6758,0.6355
7.6763,0.6355
7.6769,0.6305
7.6774,0.6305
7.6779,0.6355
7.6785,0.6305
7.6790,0.6406
7.6795,0.6355
7.6801,0.6305
7.6806,0.6355
7.6811,0.6305
7.6817,0.6305
7.6822,0.6355
7.6827,0.6305
7.6833,0.6355
7.6838,0.6355
7.6843,0.6355
7.6848,0.6355
7.6854,0.6305
7.6859,0.6355
7.6864,0.6305
7.6870,0.6305
7.6875,0.6355
7.6880,0.6355
7.6886,0.6355
7.6891,0.6305
7.6896,0.6355
7.6902,0.6355
7.6907,0.6305
7.6912,0.6305
7.6918,0.6355
7.6923,0.6305
7.6928,0.6355
7.6934,0.6355
7.6939,0.6305
7.6944,0.6355
7.6950,0.6305
7.6955,0.6355
7.6960,0.6355
7.6966,0.6305
7.6971,0.6355
7.6976,0.6305
7.6982,0.6305
7.6987,0.6355
7.6992,0.6355
7.6998,0.6305
7.7003,0.6355
7.7008,0.6355
7.7014,0.6355
7.7019,0.6355
7.7024,0.6355
7.7030,0.6305
7.7035,0.6305
7.7040,0.6305
7.7045,0.6355
7.7051,0.6355
7.7056,0.6305
7.7061,0.6305
7.7067,0.6305
7.7072,0.6355
7.7077,0.6305
7.7083,0.6305
7.7088,0.6305
7.7093,0.6305
7.7099,0.6355
7.7104,0.6305
7.7109,0.6305
7.7115,0.6355
7.7120,0.6355
7.7125,0.6355
7.7131,0.6355
7.7136,0.6305
7.7141,0.6355
7.7147,0.6355
7.7152,0.6355
7.7157,0.6355
7.7163,0.6355
7.7168,0.6355
7.7173,0.6305
7.7179,0.6305
7.7184,0.6355
7.7189,0.6406
7.7195,0.6355
7.7200,0.6305
7.7205,0.6406
7.7211,0.6305
7.7217,0.6355
7.7222,0.6305
7.7227,0.6305
7.7233,0.6355
7.7238,0.6305
7.7244,0.6355
7.7249,0.6305
7.7254,0.6355
7.7260,0.6305
7.7265,0.6305
7.7270,0.6355
7.7276,0.6355
7.7281,0.6305
7.7286,0.6305
7.7292,0.6355
7.7297,0.6305
7.7302,0.6355
7.7308,0.6305
7.7313,0.6305
7.7319,0.6355
7.7324,0.6406
7.7329,0.6355
7.7335,0.6305
7.7340,0.6355
7.7345,0.6355
7.7351,0.6305
7.7356,0.6355
7.7361,0.6305
7.7367,0.6355
7.7372,0.6355
7.7378,0.6355
7.7383,0.6355
7.7388,0.6305
7.7394,0.6355
7.7399,0.6355
7.7404,0.6355
7.7410,0.6355
7.7415,0.6305
7.7421,0.6305
7.7426,0.6355
7.7431,0.6305
7.7437,0.6355
7.7442,0.6305
7.7447,0.6305
7.7453,0.6305
7.7458,0.6305
7.7463,0.6406
7.7469,0.6355
7.7474,0.6355
7.7480,0.6305
7.7485,0.6305
7.7490,0.6355
7.7496,0.6355
7.7501,0.6355
7.7506,0.6355
7.7512,0.6305
7.7517,0.6355
7.7522,0.6305
7.7528,0.6305
7.7533,0.6305
7.7538,0.6305
7.7544,0.6305
7.7549,0.6355
7.7555,0.6355
7.7560,0.6305
7.7565,0.6355
7.7571,0.6355
7.7576,0.6355
7.7581,0.6305
7.7587,0.6305
7.7592,0.6355
7.7597,0.6305
7.7603,0.6355
7.7608,0.6305
7.7613,0.6355
7.7619,0.6305
7.7624,0.6355
7.7630,0.6355
7.7635,0.6305
7.7640,0.6355
7.7646,0.6355
7.7651,0.6355
7.7656,0.6305
7.7662,0.6355
7.7667,0.6305
7.7672,0.6305
7.7678,0.6305
7.7683,0.6355
7.7689,0.6305
7.7694,0.6305
7.7699,0.6355
7.7705,0.6355
7.7710,0.6305
7.7715,0.6355
7.7721,0.6355
7.7726,0.6355
7.7731,0.6355
7.7737,0.6305
7.7742,0.6355
7.7747,0.6355
7.7753,0.6355
7.7758,0.6305
7.7764,0.6355
7.7769,0.6305
7.7774,0.6355
7.7780,0.6355
7.7785,0.6305
7.7790,0.6355
7.7796,0.6305
7.7801,0.6305
7.7806,0.6355
7.7812,0.6305
7.7817,0.6305
7.7823,0.6255
7.7828,0.6355
7.7833,0.6355
7.7839,0.6355
7.7844,0.6305
7.7849,0.6355
7.7855,0.6355
7.7860,0.6305
7.7865,0.6305
7.7871,0.6305
7.7876,0.6355
7.7881,0.6355
7.7887,0.6355
7.7892,0.6305
7.7898,0.6305
7.7903,0.6355
7.7908,0.6355
7.7914,0.6305
7.7919,0.6355
7.7924,0.6355
7.7930,0.6355
7.7935,0.6355
7.7940,0.6305
7.7946,0.6355
7.7951,0.6355
7.7957,0.6355
7.7962,0.6355
7.7967,0.6355
7.7973,0.6355
7.7978,0.6355
7.7983,0.6355
7.7989,0.6355
7.7994,0.6305
7.7999,0.6355
7.8005,0.6355
7.8010,0.6355
7.8016,0.6355
7.8021,0.6355
7.8026,0.6305
7.8032,0.6355
7.8037,0.6355
7.8042,0.6355
7.8048,0.6305
7.8053,0.6305
7.8059,0.6305
7.8064,0.6355
7.8069,0.6305
7.8075,0.6355
7.8080,0.6355
7.8085,0.6305
7.8091,0.6355
7.8096,0.6305
7.8102,0.6305
7.8107,0.6355
7.8112,0.6355
7.8118,0.6355
7.8123,0.6305
7.8128,0.6355
7.8134,0.6305
7.8139,0.6305
7.8145,0.6355
7.8150,0.6355
7.8155,0.6305
7.8161,0.6305
7.8166,0.6305
7.8171,0.6355
7.8177,0.6355
7.8182,0.6355
7.8187,0.6305
7.8193,0.6305
7.8198,0.6355
7.8204,0.6305
7.8209,0.6355
7.8215,0.6355
7.8221,0.6355
7.8226,0.6355
7.8231,0.6305
7.8237,0.6355
7.8242,0.6305
7.8247,0.6355
7.8253,0.6355
7.8258,0.6355
7.8263,0.6355
7.8269,0.6305
7.8274,0.6305
7.8279,0.6355
7.8285,0.6305
7.8290,0.6305
7.8295,0.6305
7.8301,0.6305
7.8306,0.6305
7.8311,0.6355
7.8317,0.6305
7.8322,0.6355
7.8327,0.6355
7.8333,0.6305
7.8338,0.6305
7.8343,0.6355
7.8349,0.6355
7.8354,0.6355
7.8359,0.6305
7.8365,0.6305
7.8370,0.6255
7.8375,0.6305
7.8381,0.6355
7.8386,0.6305
7.8391,0.6305
7.8397,0.6305
7.8402,0.6355
7.8407,0.6305
7.8413,0.6355
7.8418,0.6305
7.8423,0.6355
7.8429,0.6305
7.8434,0.6355
7.8439,0.6305
7.8445,0.6305
7.8450,0.6305
7.8455,0.6305
7.8461,0.6305
7.8466,0.6355
7.8471,0.6305
7.8477,0.6355
7.8482,0.6305
7.8487,0.6305
7.8493,0.6355
7.8498,0.6355
7.8503,0.6305
7.8509,0.6305
7.8514,0.6305
7.8519,0.6355
7.8525,0.6305
7.8530,0.6305
7.8535,0.6355
7.8541,0.6305
7.8546,0.6355
7.8551,0.6355
7.8557,0.6305
7.8562,0.6355
7.8567,0.6355
7.8573,0.6355
7.8578,0.6355
7.8583,0.6355
7.8589,0.6305
7.8594,0.6355
7.8599,0.6355
7.8604,0.6355
7.8610,0.6355
7.8615,0.6355
7.8620,0.6305
7.8626,0.6305
7.8632,0.6355
7.8637,0.6305
7.8642,0.6355
7.8648,0.6305
7.8653,0.6305
7.8659,0.6355
7.8664,0.6305
7.8670,0.6355
7.8675,0.6355
7.8681,0.6305
7.8687,0.6305
7.8692,0.6355
7.8698,0.6305
7.8703,0.6305
7.8708,0.6305
7.8714,0.6355
7.8719,0.6355
7.8724,0.6355
7.8730,0.6355
7.8735,0.6355
7.8740,0.6305
7.8746,0.6355
7.8751,0.6305
7.8756,0.6305
7.8762,0.6305
7.8767,0.6355
7.8772,0.6305
7.8778,0.6355
7.8783,0.6305
7.8788,0.6305
7.8794,0.6355
7.8799,0.6355
7.8804,0.6355
7.8810,0.6355
7.8815,0.6305
7.8820,0.6355
7.8826,0.6355
7.8831,0.6355
7.8836,0.6355
7.8842,0.6305
7.8847,0.6355
7.8852,0.6305
7.8858,0.6305
7.8863,0.6305
7.8868,0.6355
7.8874,0.6355
7.8879,0.6305
7.8884,0.6305
7.8890,0.6305
7.8895,0.6355
7.8900,0.6355
7.8906,0.6355
7.8911,0.6355
7.8916,0.6305
7.8922,0.6305
7.8927,0.6355
7.8932,0.6305
7.8938,0.6305
7.8943,0.6305
7.8948,0.6355
7.8954,0.6355
7.8959,0.6355
7.8964,0.6355
7.8970,0.6305
7.8975,0.6355
7.8980,0.6305
7.8986,0.6355
7.8991,0.6305
7.8996,0.6305
7.9002,0.6355
7.9007,0.6355
7.9012,0.6305
7.9018,0.6355
7.9023,0.6305
7.9028,0.6355
7.9034,0.6355
7.9039,0.6305
7.9044,0.6305
7.9050,0.6305
7.9055,0.6355
7.9060,0.6355
7.9066,0.6305
7.9071,0.6305
7.9076,0.6355
7.9082,0.6355
7.9087,0.6355
7.9092,0.6355
7.9098,0.6355
7.9103,0.6355
7.9108,0.6355
7.9113,0.6305
7.9119,0.6355
7.9124,0.6355
7.9129,0.6355
7.9135,0.6305
7.9140,0.6355
7.9145,0.6305
7.9151,0.6355
7.9156,0.6355
7.9161,0.6305
7.9167,0.6305
7.9172,0.6305
7.9177,0.6355
7.9183,0.6355
7.9188,0.6355
7.9193,0.6355
7.9199,0.6305
7.9204,0.6355
7.9209,0.6305
7.9215,0.6355
7.9220,0.6305
7.9226,0.6305
7.9231,0.6355
7.9236,0.6355
7.9242,0.6305
7.9247,0.6305
7.9252,0.6305
7.9258,0.6355
7.9263,0.6305
7.9268,0.6355
7.9274,0.6305
7.9279,0.6355
7.9284,0.6305
7.9290,0.6355
7.9295,0.6305
7.9300,0.6355
7.9306,0.6305
7.9311,0.6355
7.9316,0.6355
7.9322,0.6305
7.9327,0.6355
7.9332,0.6355
7.9338,0.6355
7.9343,0.6355
7.9348,0.6355
7.9354,0.6355
7.9359,0.6355
7.9364,0.6355
7.9370,0.6355
7.9375,0.6355
7.9380,0.6305
7.9386,0.6355
7.9391,0.6355
7.9396,0.6355
7.9402,0.6355
7.9407,0.6355
7.9412,0.6305
7.9418,0.6305
7.9423,0.6355
7.9428,0.6355
7.9434,0.6305
7.9439,0.6355
7.9444,0.6355
7.9450,0.6355
7.9455,0.6305
7.9460,0.6305
7.9466,0.6305
7.9471,0.6305
7.9476,0.6305
7.9482,0.6305
7.9487,0.6355
7.9492,0.6305
7.9497,0.6305
7.9503,0.6355
7.9508,0.6355
7.9513,0.6255
7.9519,0.6355
7.9524,0.6355
7.9529,0.6305
7.9535,0.6355
7.9540,0.6305
7.9545,0.6355
7.9550,0.6305
7.9556,0.6305
7.9561,0.6305
7.9566,0.6305
7.9572,0.6355
7.9577,0.6355
7.9582,0.6305
7.9588,0.6305
7.9593,0.6355
7.9598,0.6355
7.9604,0.6305
7.9609,0.6355
7.9614,0.6305
7.9620,0.6355
7.9625,0.6305
7.9630,0.6305
7.9636,0.6355
7.9641,0.6305
7.9646,0.6305
7.9652,0.6305
7.9657,0.6355
7.9663,0.6305
7.9685,0.6305
7.9691,0.6355
7.9696,0.6355
7.9701,0.6355
7.9707,0.6305
7.9712,0.6355
7.9717,0.6305
7.9723,0.6355
7.9728,0.6355
7.9733,0.6305
7.9739,0.6305
7.9744,0.6355
7.9749,0.6305
7.9755,0.6305
7.9760,0.6355
7.9765,0.6305
7.9771,0.6355
7.9776,0.6355
7.9781,0.6305
7.9787,0.6355
7.9792,0.6355
7.9797,0.6305
7.9803,0.6355
7.9808,0.6355
7.9813,0.6355
7.9819,0.6355
7.9824,0.6355
7.9829,0.6355
7.9835,0.6355
7.9840,0.6305
7.9845,0.6355
7.9851,0.6305
7.9856,0.6355
7.9861,0.6355
7.9867,0.6355
7.9872,0.6355
7.9877,0.6355
7.9883,0.6305
7.9888,0.6305
7.9893,0.6305
7.9898,0.6355
7.9904,0.6305
7.9909,0.6305
7.9914,0.6305
7.9920,0.6355
7.9925,0.6355
7.9930,0.6355
7.9936,0.6305
7.9941,0.6305
7.9946,0.6355
7.9952,0.6305
7.9957,0.6355
7.9962,0.6355
7.9968,0.6355
7.9973,0.6355
7.9978,0.6355
7.9984,0.6355
7.9989,0.6355
7.9994,0.6355
8.0000,0.6406
8.0005,0.6305
8.0010,0.6305
8.0016,0.6305
8.0021,0.6305
8.0026,0.6355
8.0032,0.6305
8.0037,0.6355
8.0042,0.6355
8.0048,0.6305
8.0053,0.6305
8.0058,0.6305
8.0064,0.6305
8.0069,0.6355
8.0074,0.6355
8.0080,0.6355
8.0085,0.6305
8.0090,0.6355
8.0096,0.6305
8.0101,0.6305
8.0106,0.6355
8.0112,0.6305
8.0117,0.6355
8.0122,0.6355
8.0128,0.6355
8.0133,0.6305
8.0138,0.6355
8.0144,0.6355
8.0149,0.6355
8.0154,0.6305
8.0160,0.6355
8.0165,0.6355
8.0170,0.6355
8.0176,0.6305
8.0181,0.6305
8.0186,0.6305
8.0192,0.6355
8.0197,0.6355
8.0202,0.6355
8.0208,0.6406
8.0213,0.6355
8.0218,0.6305
8.0223,0.6406
8.0229,0.6355
8.0234,0.6305
8.0240,0.6355
8.0245,0.6355
8.0250,0.6305
8.0256,0.6305
8.0261,0.6355
8.0266,0.6305
8.0272,0.6305
8.0277,0.6305
8.0282,0.6355
8.0288,0.6355
8.0293,0.6305
8.0298,0.6355
8.0304,0.6305
8.0309,0.6355
8.0314,0.6355
8.0320,0.6355
8.0325,0.6305
8.0330,0.6305
8.0336,0.6305
8.0341,0.6355
8.0346,0.6355
8.0352,0.6305
8.0357,0.6305
8.0362,0.6305
8.0367,0.6355
8.0373,0.6355
8.0378,0.6355
8.0383,0.6305
8.0389,0.6305
8.0394,0.6305
8.0399,0.6355
8.0405,0.6355
8.0410,0.6305
8.0415,0.6305
8.0421,0.6355
8.0426,0.6355
8.0431,0.6355
8.0437,0.6305
8.0442,0.6305
8.0447,0.6355
8.0453,0.6355
8.0458,0.6305
8.0463,0.6305
8.0469,0.6305
8.0474,0.6305
8.0479,0.6355
8.0485,0.6305
8.0490,0.6355
8.0495,0.6355
8.0501,0.6355
8.0506,0.6355
8.0511,0.6355
8.0516,0.6305
8.0522,0.6355
8.0527,0.6305
8.0532,0.6305
8.0538,0.6355
8.0543,0.6355
8.0548,0.6355
8.0554,0.6355
8.0559,0.6305
8.0564,0.6406
8.0570,0.6355
8.0575,0.6305
8.0580,0.6305
8.0586,0.6305
8.0591,0.6355
8.0596,0.6305
8.0602,0.6355
8.0607,0.6355
8.0612,0.6355
8.0618,0.6355
8.0623,0.6355
8.0628,0.6305
8.0634,0.6305
8.0639,0.6355
8.0644,0.6305
8.0650,0.6305
8.0655,0.6355
8.0660,0.6355
8.0666,0.6355
8.0671,0.6305
8.0710,0.6305
8.0715,0.6355
8.0720,0.6305
8.0726,0.6305
8.0731,0.6355
8.0736,0.6355
8.0742,0.6355
8.0747,0.6305
8.0752,0.6305
8.0758,0.6355
8.0764,0.6355
8.0769,0.6355
8.0774,0.6305
8.0780,0.6305
8.0785,0.6355
8.0790,0.6305
8.0796,0.6355
8.0801,0.6406
8.0806,0.6355
8.0812,0.6305
8.0818,0.6305
8.0824,0.6355
8.0829,0.6305
8.0834,0.6355
8.0840,0.6355
8.0845,0.6305
8.0852,0.6355
8.0857,0.6355
8.0862,0.6355
8.0868,0.6305
8.0873,0.6305
8.0878,0.6305
8.0883,0.6305
8.0889,0.6305
8.0895,0.6305
8.0901,0.6305
8.0906,0.6355
8.0912,0.6305
8.0917,0.6305
8.0922,0.6305
8.0927,0.6305
8.0933,0.6355
8.0939,0.6305
8.0944,0.6355
8.0950,0.6355
8.0956,0.6305
8.0961,0.6355
8.0966,0.6355
8.0972,0.6355
8.0977,0.6355
8.0982,0.6355
8.0988,0.6355
8.0993,0.6305
8.0998,0.6305
8.1004,0.6355
8.1009,0.6305
8.1015,0.6305
8.1023,0.6305
8.1029,0.6305
8.1034,0.6355
8.1039,0.6355
8.1045,0.6355
8.1050,0.6355
8.1055,0.6305
8.1061,0.6305
8.1066,0.6355
8.1071,0.6305
8.1077,0.6305
8.1082,0.6355
8.1087,0.6355
8.1093,0.6305
8.1098,0.6305
8.1103,0.6355
8.1109,0.6355
8.1114,0.6305
8.1119,0.6355
8.1124,0.6305
8.1130,0.6305
8.1135,0.6305
8.1140,0.6355
8.1146,0.6355
8.1151,0.6305
8.1156,0.6305
8.1162,0.6355
8.1167,0.6305
8.1172,0.6305
8.1177,0.6305
8.1183,0.6355
8.1188,0.6355
8.1193,0.6305
8.1199,0.6355
8.1204,0.6305
8.1209,0.6355
8.1215,0.6355
8.1220,0.6355
8.1225,0.6355
8.1230,0.6305
8.1237,0.6305
8.1242,0.6305
8.1247,0.6355
8.1253,0.6305
8.1258,0.6355
8.1263,0.6355
8.1269,0.6305
8.1274,0.6305
8.1280,0.6305
8.1285,0.6355
8.1290,0.6355
8.1296,0.6355
8.1301,0.6305
8.1306,0.6305
8.1311,0.6305
8.1317,0.6406
8.1322,0.6305
8.1327,0.6355
8.1333,0.6305
8.1338,0.6355
8.1343,0.6305
8.1349,0.6355
8.1354,0.6305
8.1359,0.6355
8.1365,0.6355
8.1370,0.6305
8.1376,0.6355
8.1381,0.6355
8.1386,0.6355
8.1392,0.6355
8.1397,0.6305
8.1402,0.6355
8.1408,0.6355
8.1413,0.6305
8.1418,0.6305
8.1424,0.6355
8.1429,0.6305
8.1435,0.6355
8.1440,0.6305
8.1445,0.6355
8.1451,0.6355
8.1456,0.6305
8.1461,0.6305
8.1467,0.6355
8.1472,0.6355
8.1477,0.6305
8.1483,0.6355
8.1488,0.6355
8.1494,0.6305
8.1499,0.6305
8.1505,0.6305
8.1510,0.6355
8.1515,0.6355
8.1521,0.6355
8.1526,0.6355
8.1531,0.6305
8.1537,0.6355
8.1542,0.6305
8.1547,0.6305
8.1553,0.6355
8.1558,0.6355
8.1564,0.6305
8.1569,0.6355
8.1574,0.6305
8.1580,0.6355
8.1585,0.6305
8.1590,0.6305
8.1596,0.6355
8.1601,0.6355
8.1606,0.6305
8.1612,0.6355
8.1617,0.6305
8.1623,0.6355
8.1628,0.6305
8.1633,0.6355
8.1639,0.6355
8.1644,0.6406
8.1649,0.6305
8.1655,0.6355
8.1660,0.6355
8.1665,0.6305
8.1671,0.6355
8.1676,0.6355
8.1681,0.6355
8.1687,0.6305
8.1692,0.6305
8.1698,0.6355
8.1703,0.6355
8.1708,0.6355
8.1714,0.6355
8.1719,0.6305
8.1724,0.6305
8.1730,0.6355
8.1735,0.6355
8.1740,0.6355
8.1746,0.6305
8.1751,0.6305
8.1756,0.6355
8.1762,0.6355
8.1767,0.6355
8.1773,0.6355
8.1778,0.6305
8.1783,0.6355
8.1789,0.6355
8.1794,0.6305
8.1799,0.6305
8.1805,0.6355
8.1810,0.6355
8.1815,0.6305
8.1821,0.6355
8.1826,0.6355
8.1831,0.6355
8.1837,0.6305
8.1842,0.6355
8.1848,0.6355
8.1853,0.6305
8.1858,0.6355
8.1864,0.6305
8.1869,0.6305
8.1874,0.6305
8.1880,0.6355
8.1885,0.6305
8.1890,0.6355
8.1896,0.6305
8.1901,0.6355
8.1906,0.6305
8.1912,0.6355
8.1917,0.6355
8.1923,0.6305
8.1928,0.6355
8.1933,0.6355
8.1939,0.6355
8.1944,0.6355
8.1949,0.6305
8.1955,0.6355
8.1960,0.6355
8.1965,0.6305
8.1971,0.6355
8.1976,0.6355
8.1982,0.6305
8.1987,0.6305
8.1992,0.6305
8.1998,0.6355
8.2003,0.6305
8.2008,0.6355
8.2014,0.6305
8.2019,0.6355
8.2024,0.6305
8.2030,0.6305
8.2035,0.6305
8.2040,0.6355
8.2046,0.6355
8.2051,0.6305
8.2057,0.6355
8.2062,0.6305
8.2067,0.6355
8.2073,0.6305
8.2078,0.6355
8.2083,0.6305
8.2089,0.6355
8.2094,0.6355
8.2099,0.6305
8.2105,0.6355
8.2110,0.6355
8.2116,0.6305
8.2121,0.6255
8.2126,0.6305
8.2132,0.6305
8.2137,0.6305
8.2142,0.6355
8.2148,0.6305
8.2153,0.6355
8.2158,0.6355
8.2164,0.6355
8.2169,0.6355
8.2174,0.6305
8.2180,0.6355
8.2185,0.6355
8.2191,0.6355
8.2196,0.6355
8.2201,0.6355
8.2207,0.6355
8.2212,0.6355
8.2218,0.6305
8.2223,0.6355
8.2228,0.6355
8.2234,0.6355
8.2239,0.6305
8.2245,0.6355
8.2251,0.6305
8.2256,0.6305
8.2261,0.6355
8.2267,0.6355
8.2272,0.6305
8.2277,0.6305
8.2283,0.6355
8.2288,0.6305
8.2293,0.6355
8.2299,0.6305
8.2304,0.6355
8.2309,0.6355
8.2315,0.6355
8.2320,0.6355
8.2325,0.6305
8.2331,0.6305
8.2336,0.6305
8.2341,0.6305
8.2347,0.6305
8.2352,0.6305
8.2357,0.6305
8.2363,0.6355
8.2368,0.6406
8.2373,0.6355
8.2379,0.6305
8.2384,0.6355
8.2389,0.6355
8.2394,0.6355
8.2400,0.6305
8.2405,0.6305
8.2410,0.6355
8.2416,0.6355
8.2421,0.6355
8.2426,0.6355
8.2432,0.6305
8.2437,0.6355
8.2442,0.6355
8.2448,0.6305
8.2453,0.6305
8.2458,0.6305
8.2464,0.6355
8.2469,0.6355
8.2474,0.6305
8.2480,0.6305
8.2485,0.6355
8.2490,0.6355
8.2496,0.6355
8.2501,0.6355
8.2506,0.6355
8.2511,0.6305
8.2517,0.6355
8.2522,0.6305
8.2527,0.6355
8.2533,0.6305
8.2538,0.6355
8.2543,0.6305
8.2549,0.6355
8.2554,0.6305
8.2559,0.6355
8.2564,0.6355
8.2570,0.6355
8.2575,0.6355
8.2580,0.6355
8.2586,0.6355
8.2591,0.6255
8.2596,0.6355
8.2602,0.6355
8.2607,0.6305
8.2612,0.6355
8.2617,0.6305
8.2623,0.6406
8.2628,0.6305
8.2633,0.6355
8.2639,0.6355
8.2644,0.6355
8.2649,0.6305
8.2655,0.6355
8.2660,0.6305
8.2665,0.6355
8.2670,0.6355
8.2676,0.6355
8.2681,0.6305
8.2686,0.6355
8.2692,0.6355
8.2697,0.6305
8.2702,0.6355
8.2708,0.6355
8.2713,0.6305
8.2718,0.6305
8.2723,0.6305
8.2729,0.6355
8.2734,0.6355
8.2739,0.6355
8.2745,0.6355
8.2750,0.6355
8.2755,0.6355
8.2761,0.6355
8.2766,0.6305
8.2771,0.6355
8.2777,0.6305
8.2782,0.6355
8.2787,0.6355
8.2792,0.6355
8.2798,0.6355
8.2803,0.6305
8.2808,0.6305
8.2814,0.6305
8.2819,0.6355
8.2824,0.6305
8.2830,0.6305
8.2835,0.6355
8.2840,0.6355
8.2845,0.6305
8.2851,0.6355
8.2856,0.6355
8.2862,0.6305
8.2867,0.6355
8.2872,0.6355
8.2878,0.6355
8.2883,0.6305
8.2888,0.6355
8.2893,0.6355
8.2899,0.6355
8.2904,0.6355
8.2910,0.6355
8.2915,0.6355
8.2920,0.6355
8.2926,0.6305
8.2931,0.6355
8.2936,0.6305
8.2942,0.6355
8.2947,0.6305
8.2952,0.6305
8.2958,0.6305
8.2963,0.6305
8.2968,0.6305
8.2974,0.6355
8.2979,0.6305
8.2984,0.6305
8.2990,0.6355
8.2995,0.6355
8.3000,0.6355
8.3006,0.6305
8.3011,0.6355
8.3016,0.6255
8.3022,0.6355
8.3027,0.6355
8.3032,0.6355
8.3037,0.6305
8.3043,0.6305
8.3048,0.6305
8.3053,0.6355
8.3059,0.6305
8.3064,0.6406
8.3069,0.6305
8.3075,0.6355
8.3080,0.6305
8.3085,0.6305
8.3091,0.6305
8.3096,0.6305
8.3101,0.6305
8.3107,0.6305
8.3112,0.6355
8.3117,0.6355
8.3123,0.6355
8.3128,0.6305
8.3133,0.6355
8.3139,0.6355
8.3144,0.6355
8.3149,0.6305
8.3155,0.6355
8.3160,0.6355
8.3165,0.6355
8.3171,0.6255
8.3176,0.6355
8.3181,0.6305
8.3187,0.6355
8.3192,0.6355
8.3197,0.6305
8.3203,0.6355
8.3208,0.6355
8.3213,0.6355
8.3219,0.6305
8.3224,0.6305
8.3229,0.6355
8.3234,0.6305
8.3240,0.6355
8.3245,0.6305
8.3251,0.6305
8.3256,0.6355
8.3262,0.6355
8.3267,0.6355
8.3272,0.6305
8.3278,0.6355
8.3283,0.6355
8.3288,0.6305
8.3294,0.6305
8.3299,0.6406
8.3305,0.6355
8.3310,0.6305
8.3315,0.6355
8.3321,0.6355
8.3326,0.6355
8.3331,0.6355
8.3337,0.6305
8.3342,0.6355
8.3347,0.6305
8.3353,0.6355
8.3358,0.6305
8.3363,0.6305
8.3369,0.6355
8.3374,0.6355
8.3380,0.6355
8.3385,0.6355
8.3390,0.6305
8.3396,0.6406
8.3401,0.6305
8.3406,0.6355
8.3412,0.6355
8.3417,0.6305
8.3422,0.6355
8.3428,0.6355
8.3433,0.6355
8.3438,0.6305
8.3444,0.6305
8.3449,0.6355
8.3454,0.6305
8.3460,0.6305
8.3465,0.6305
8.3471,0.6355
8.3476,0.6355
8.3481,0.6355
8.3487,0.6305
8.3492,0.6305
8.3497,0.6305
8.3503,0.6355
8.3508,0.6305
8.3513,0.6355
8.3519,0.6305
8.3524,0.6305
8.3529,0.6305
8.3535,0.6305
8.3540,0.6355
8.3546,0.6305
8.3551,0.6355
8.3556,0.6305
8.3562,0.6355
8.3567,0.6305
8.3573,0.6355
8.3578,0.6355
8.3583,0.6355
8.3589,0.6355
8.3594,0.6305
8.3599,0.6305
8.3605,0.6355
8.3610,0.6355
8.3615,0.6305
8.3621,0.6305
8.3626,0.6305
8.3631,0.6355
8.3637,0.6305
8.3642,0.6305
8.3648,0.6355
8.3653,0.6305
8.3658,0.6355
8.3664,0.6305
8.3669,0.6355
8.3674,0.6355
8.3680,0.6355
8.3685,0.6355
8.3690,0.6305
8.3696,0.6355
8.3701,0.6305
8.3707,0.6305
8.3712,0.6355
8.3717,0.6355
8.3723,0.6305
8.3728,0.6355
8.3733,0.6355
8.3739,0.6305
8.3744,0.6355
8.3749,0.6305
8.3755,0.6305
8.3760,0.6355
8.3766,0.6355
8.3771,0.6305
8.3776,0.6355
8.3782,0.6255
8.3787,0.6406
8.3792,0.6305
8.3798,0.6305
8.3803,0.6355
8.3808,0.6305
8.3814,0.6305
8.3819,0.6355
8.3824,0.6305
8.3830,0.6355
8.3835,0.6305
8.3841,0.6305
8.3846,0.6355
8.3851,0.6355
8.3857,0.6305
8.3862,0.6305
8.3867,0.6305
8.3873,0.6305
8.3878,0.6355
8.3883,0.6305
8.3889,0.6305
8.3894,0.6355
8.3900,0.6305
8.3905,0.6305
8.3910,0.6305
8.3916,0.6305
8.3921,0.6305
8.3926,0.6355
8.3932,0.6355
8.3937,0.6305
8.3942,0.6355
8.3948,0.6355
8.3953,0.6355
8.3958,0.6355
8.3964,0.6305
8.3969,0.6305
8.3975,0.6355
8.3980,0.6305
8.3985,0.6305
8.3991,0.6355
8.3996,0.6355
8.4001,0.6305
8.4007,0.6355
8.4012,0.6305
8.4017,0.6305
8.4023,0.6355
8.4028,0.6305
8.4034,0.6305
8.4039,0.6355
8.4044,0.6355
8.4050,0.6355
8.4055,0.6355
8.4060,0.6305
8.4066,0.6305
8.4071,0.6355
8.4077,0.6305
8.4082,0.6305
8.4087,0.6355
8.4093,0.6355
8.4098,0.6305
8.4103,0.6305
8.4109,0.6305
8.4114,0.6305
8.4120,0.6355
8.4125,0.6305
8.4130,0.6355
8.4136,0.6355
8.4141,0.6305
8.4146,0.6355
8.4152,0.6355
8.4157,0.6305
8.4162,0.6355
8.4168,0.6305
8.4173,0.6355
8.4178,0.6355
8.4184,0.6355
8.4189,0.6355
8.4195,0.6305
8.4200,0.6305
8.4205,0.6305
8.4211,0.6355
8.4216,0.6355
8.4222,0.6406
8.4227,0.6305
8.4232,0.6305
8.4238,0.6355
8.4243,0.6305
8.4248,0.6355
8.4255,0.6355
8.4260,0.6305
8.4265,0.6355
8.4271,0.6305
8.4276,0.6355
8.4281,0.6305
8.4287,0.6305
8.4292,0.6355
8.4297,0.6305
8.4303,0.6355
8.4308,0.6355
8.4313,0.6305
8.4319,0.6355
8.4324,0.6355
8.4329,0.6355
8.4335,0.6305
8.4340,0.6355
8.4345,0.6305
8.4351,0.6305
8.4356,0.6305
8.4361,0.6305
8.4367,0.6355
8.4372,0.6355
8.4377,0.6305
8.4383,0.6355
8.4388,0.6305
8.4393,0.6355
8.4399,0.6355
8.4404,0.6305
8.4409,0.6305
8.4415,0.6355
8.4420,0.6355
8.4425,0.6355
8.4431,0.6355
8.4436,0.6355
8.4441,0.6305
8.4446,0.6355
8.4452,0.6355
8.4457,0.6355
8.4462,0.6355
8.4468,0.6305
8.4473,0.6305
8.4478,0.6305
8.4484,0.6355
8.4489,0.6305
8.4494,0.6355
8.4500,0.6305
8.4505,0.6355
8.4510,0.6355
8.4516,0.6355
8.4521,0.6305
8.4526,0.6355
8.4532,0.6355
8.4537,0.6305
8.4542,0.6355
8.4548,0.6305
8.4553,0.6355
8.4558,0.6355
8.4564,0.6305
8.4569,0.6305
8.4574,0.6305
8.4580,0.6305
8.4585,0.6355
8.4590,0.6305
8.4596,0.6355
8.4601,0.6355
8.4606,0.6305
8.4612,0.6355
8.4617,0.6355
8.4622,0.6355
8.4627,0.6355
8.4633,0.6355
8.4638,0.6355
8.4643,0.6355
8.4649,0.6355
8.4654,0.6355
8.4659,0.6355
8.4665,0.6305
8.4670,0.6305
8.4675,0.6355
8.4681,0.6355
8.4686,0.6355
8.4691,0.6355
8.4697,0.6355
8.4702,0.6355
8.4707,0.6305
8.4713,0.6305
8.4718,0.6305
8.4723,0.6305
8.4729,0.6305
8.4734,0.6305
8.4739,0.6355
8.4745,0.6355
8.4750,0.6355
8.4755,0.6305
8.4761,0.6355
8.4766,0.6305
8.4772,0.6355
8.4777,0.6355
8.4782,0.6355
8.4787,0.6355
8.4793,0.6305
8.4798,0.6355
8.4803,0.6305
8.4809,0.6305
8.4814,0.6305
8.4819,0.6355
8.4825,0.6305
8.4830,0.6305
8.4835,0.6355
8.4841,0.6355
8.4846,0.6305
8.4851,0.6305
8.4857,0.6355
8.4862,0.6305
8.4867,0.6355
8.4873,0.6355
8.4878,0.6355
8.4883,0.6355
8.4889,0.6355
8.4894,0.6355
8.4899,0.6355
8.4905,0.6305
8.4910,0.6305
8.4915,0.6355
8.4921,0.6305
8.4926,0.6355
8.4931,0.6355
8.4937,0.6355
8.4942,0.6355
8.4947,0.6305
8.4953,0.6305
8.4958,0.6355
8.4963,0.6355
8.4969,0.6355
8.4974,0.6305
8.4979,0.6355
8.4985,0.6355
8.4990,0.6355
8.4995,0.6355
8.5001,0.6305
8.5006,0.6305
8.5011,0.6355
8.5017,0.6355
8.5022,0.6355
8.5027,0.6305
8.5033,0.6355
8.5038,0.6305
8.5043,0.6355
8.5049,0.6305
8.5054,0.6305
8.5059,0.6355
8.5065,0.6355
8.5070,0.6305
8.5075,0.6355
8.5080,0.6305
8.5086,0.6355
8.5091,0.6255
8.5096,0.6355
8.5102,0.6305
8.5107,0.6355
8.5112,0.6305
8.5118,0.6305
8.5123,0.6305
8.5128,0.6305
8.5134,0.6355
8.5139,0.6355
8.5144,0.6355
8.5150,0.6355
8.5155,0.6305
8.5160,0.6305
8.5166,0.6305
8.5171,0.6355
8.5176,0.6305
8.5182,0.6305
8.5187,0.6305
8.5192,0.6355
8.5198,0.6355
8.5203,0.6305
8.5208,0.6305
8.5214,0.6305
8.5219,0.6305
8.5224,0.6305
8.5230,0.6355
8.5235,0.6305
8.5240,0.6355
8.5246,0.6305
8.5251,0.6305
8.5256,0.6355
8.5262,0.6355
8.5268,0.6355
8.5273,0.6305
8.5279,0.6305
8.5284,0.6305
8.5289,0.6355
8.5295,0.6305
8.5300,0.6355
8.5305,0.6406
8.5311,0.6305
8.5316,0.6355
8.5321,0.6355
8.5327,0.6355
8.5332,0.6305
8.5337,0.6305
8.5343,0.6305
8.5348,0.6355
8.5354,0.6305
8.5359,0.6305
8.5364,0.6305
8.5370,0.6355
8.5375,0.6305
8.5380,0.6305
8.5386,0.6305
8.5391,0.6305
8.5396,0.6305
8.5402,0.6355
8.5407,0.6355
8.5413,0.6355
8.5418,0.6355
8.5423,0.6305
8.5429,0.6305
8.5434,0.6305
8.5439,0.6355
8.5445,0.6305
8.5450,0.6355
8.5455,0.6305
8.5461,0.6355
8.5466,0.6355
8.5472,0.6305
8.5477,0.6305
8.5482,0.6305
8.5488,0.6355
8.5493,0.6355
8.5498,0.6355
8.5504,0.6305
8.5509,0.6355
8.5514,0.6305
8.5520,0.6305
8.5525,0.6355
8.5530,0.6305
8.5536,0.6305
8.5541,0.6355
8.5547,0.6305
8.5552,0.6406
8.5557,0.6305
8.5563,0.6305
8.5568,0.6355
8.5573,0.6355
8.5579,0.6355
8.5584,0.6305
8.5590,0.6355
8.5595,0.6305
8.5600,0.6305
8.5606,0.6406
8.5611,0.6355
8.5616,0.6305
8.5622,0.6355
8.5627,0.6305
8.5632,0.6305
8.5638,0.6305
8.5643,0.6305
8.5649,0.6355
8.5654,0.6355
8.5659,0.6355
8.5665,0.6355
8.5670,0.6305
8.5675,0.6355
8.5681,0.6305
8.5686,0.6305
8.5692,0.6355
8.5697,0.6305
8.5702,0.6305
8.5708,0.6305
8.5713,0.6355
8.5718,0.6355
8.5724,0.6305
8.5729,0.6355
8.5734,0.6305
8.5740,0.6305
8.5745,0.6355
8.5750,0.6305
8.5756,0.6355
8.5761,0.6355
8.5767,0.6305
8.5772,0.6355
8.5777,0.6305
8.5783,0.6305
8.5788,0.6305
8.5793,0.6355
8.5799,0.6305
8.5804,0.6305
8.5809,0.6305
8.5815,0.6305
8.5820,0.6355
8.5825,0.6305
8.5831,0.6305
8.5836,0.6355
8.5842,0.6355
8.5847,0.6355
8.5852,0.6305
8.5858,0.6355
8.5863,0.6305
8.5868,0.6305
8.5874,0.6355
8.5879,0.6305
8.5884,0.6355
8.5890,0.6305
8.5895,0.6305
8.5901,0.6355
8.5906,0.6355
8.5911,0.6355
8.5917,0.6355
8.5922,0.6355
8.5927,0.6305
8.5933,0.6355
8.5938,0.6355
8.5943,0.6305
8.5949,0.6355
8.5954,0.6355
8.5959,0.6305
8.5965,0.6305
8.5970,0.6305
8.5976,0.6355
8.5981,0.6305
8.5986,0.6305
8.5992,0.6305
8.5997,0.6305
8.6002,0.6355
8.6008,0.6305
8.6013,0.6305
8.6018,0.6355
8.6024,0.6355
8.6029,0.6355
8.6035,0.6355
8.6040,0.6305
8.6045,0.6355
8.6051,0.6305
8.6056,0.6355
8.6061,0.6305
8.6067,0.6355
8.6072,0.6305
8.6077,0.6355
8.6083,0.6355
8.6088,0.6305
8.6094,0.6355
8.6099,0.6355
8.6104,0.6305
8.6110,0.6355
8.6115,0.6355
8.6120,0.6355
8.6126,0.6305
8.6131,0.6355
8.6136,0.6305
8.6142,0.6305
8.6147,0.6305
8.6152,0.6305
8.6158,0.6355
8.6163,0.6355
8.6169,0.6305
8.6174,0.6305
8.6179,0.6305
8.6185,0.6305
8.6190,0.6355
8.6195,0.6355
8.6201,0.6355
8.6206,0.6355
8.6212,0.6305
8.6217,0.6355
8.6222,0.6305
8.6228,0.6305
8.6233,0.6305
8.6238,0.6355
8.6244,0.6355
8.6249,0.6355
8.6254,0.6355
8.6260,0.6305
8.6265,0.6305
8.6271,0.6305
8.6276,0.6305
8.6281,0.6355
8.6287,0.6355
8.6292,0.6355
8.6297,0.6305
8.6303,0.6305
8.6308,0.6355
8.6313,0.6305
8.6319,0.6305
8.6324,0.6355
8.6329,0.6355
8.6335,0.6305
8.6340,0.6305
8.6345,0.6355
8.6351,0.6355
8.6356,0.6305
8.6361,0.6305
8.6367,0.6305
8.6372,0.6355
8.6377,0.6305
8.6383,0.6305
8.6388,0.6355
8.6393,0.6355
8.6399,0.6355
8.6404,0.6305
8.6409,0.6355
8.6414,0.6305
8.6420,0.6305
8.6425,0.6355
8.6430,0.6355
8.6436,0.6355
8.6441,0.6305
8.6446,0.6355
8.6452,0.6355
8.6457,0.6305
8.6462,0.6355
8.6468,0.6305
8.6473,0.6355
8.6478,0.6355
8.6484,0.6305
8.6489,0.6305
8.6494,0.6305
8.6500,0.6355
8.6505,0.6355
8.6510,0.6355
8.6516,0.6305
8.6521,0.6355
8.6526,0.6355
8.6532,0.6355
8.6537,0.6305
8.6542,0.6355
8.6548,0.6355
8.6553,0.6305
8.6558,0.6305
8.6564,0.6305
8.6569,0.6355
8.6574,0.6305
8.6580,0.6355
8.6585,0.6355
8.6590,0.6355
8.6596,0.6355
8.6601,0.6305
8.6606,0.6355
8.6611,0.6305
8.6617,0.6305
8.6622,0.6355
8.6627,0.6355
8.6633,0.6305
8.6638,0.6305
8.6643,0.6305
8.6649,0.6355
8.6654,0.6355
8.6659,0.6355
8.6665,0.6305
8.6670,0.6355
8.6675,0.6305
8.6681,0.6355
8.6686,0.6305
8.6691,0.6305
8.6697,0.6355
8.6702,0.6355
8.6707,0.6355
8.6713,0.6355
8.6718,0.6305
8.6723,0.6355
8.6729,0.6305
8.6734,0.6305
8.6739,0.6305
8.6745,0.6355
8.6750,0.6305
8.6755,0.6355
8.6761,0.6355
8.6766,0.6305
8.6771,0.6305
8.6777,0.6355
8.6782,0.6305
8.6787,0.6355
8.6793,0.6305
8.6798,0.6305
8.6803,0.6355
8.6809,0.6355
8.6814,0.6355
8.6819,0.6305
8.6825,0.6305
8.6830,0.6305
8.6835,0.6305
8.6841,0.6355
8.6846,0.6305
8.6851,0.6305
8.6857,0.6355
8.6862,0.6305
8.6867,0.6305
8.6873,0.6355
8.6878,0.6305
8.6883,0.6305
8.6889,0.6305
8.6894,0.6355
8.6899,0.6355
8.6905,0.6355
8.6910,0.6305
8.6915,0.6355
8.6921,0.6355
8.6926,0.6355
8.6931,0.6305
8.6937,0.6305
8.6942,0.6355
8.6947,0.6305
8.6953,0.6305
8.6958,0.6305
8.6963,0.6305
8.6969,0.6305
8.6974,0.6305
8.6979,0.6305
8.6985,0.6305
8.6990,0.6305
8.6995,0.6355
8.7000,0.6305
8.7006,0.6305
8.7011,0.6305
8.7016,0.6305
8.7022,0.6305
8.7027,0.6355
8.7032,0.6355
8.7038,0.6305
8.7043,0.6355
8.7052,0.6305
8.7058,0.6355
8.7063,0.6305
8.7069,0.6355
8.7074,0.6305
8.7079,0.6305
8.7085,0.6305
8.7090,0.6355
8.7095,0.6355
8.7101,0.6355
8.7106,0.6355
8.7111,0.6355
8.7116,0.6305
8.7122,0.6355
8.7127,0.6305
8.7132,0.6305
8.7138,0.6355
8.7143,0.6355
8.7148,0.6305
8.7154,0.6305
8.7159,0.6305
8.7164,0.6305
8.7170,0.6355
8.7175,0.6305
8.7180,0.6355
8.7186,0.6305
8.7191,0.6355
8.7196,0.6355
8.7202,0.6305
8.7207,0.6355
8.7212,0.6355
8.7218,0.6305
8.7223,0.6355
8.7228,0.6305
8.7234,0.6305
8.7239,0.6305
8.7244,0.6355
8.7250,0.6305
8.7255,0.6305
8.7260,0.6305
8.7266,0.6355
8.7272,0.6355
8.7277,0.6305
8.7283,0.6355
8.7288,0.6355
8.7293,0.6355
8.7299,0.6355
8.7304,0.6355
8.7309,0.6305
8.7315,0.6355
8.7320,0.6355
8.7326,0.6305
8.7331,0.6305
8.7336,0.6305
8.7342,0.6355
8.7347,0.6355
8.7352,0.6406
8.7358,0.6355
8.7363,0.6355
8.7368,0.6355
8.7374,0.6305
8.7379,0.6305
8.7385,0.6255
8.7390,0.6355
8.7395,0.6355
8.7401,0.6305
8.7406,0.6305
8.7412,0.6406
8.7417,0.6355
8.7422,0.6355
8.7428,0.6355
8.7433,0.6305
8.7438,0.6355
8.7444,0.6305
8.7449,0.6355
8.7454,0.6355
8.7460,0.6305
8.7465,0.6355
8.7470,0.6305
8.7476,0.6355
8.7481,0.6355
8.7487,0.6305
8.7492,0.6305
8.7497,0.6305
8.7503,0.6355
8.7508,0.6305
8.7513,0.6355
8.7519,0.6305
8.7524,0.6305
8.7529,0.6305
8.7535,0.6355
8.7540,0.6305
8.7545,0.6355
8.7551,0.6305
8.7556,0.6305
8.7562,0.6355
8.7567,0.6305
8.7572,0.6305
8.7578,0.6355
8.7583,0.6355
8.7588,0.6305
8.7594,0.6355
8.7599,0.6355
8.7604,0.6355
8.7610,0.6305
8.7615,0.6305
8.7621,0.6305
8.7626,0.6305
8.7631,0.6355
8.7637,0.6305
8.7642,0.6355
8.7648,0.6355
8.7653,0.6305
8.7658,0.6255
8.7664,0.6355
8.7669,0.6355
8.7674,0.6355
8.7680,0.6355
8.7685,0.6355
8.7690,0.6305
8.7696,0.6355
8.7701,0.6355
8.7707,0.6355
8.7712,0.6355
8.7717,0.6355
8.7723,0.6305
8.7728,0.6355
8.7733,0.6355
8.7739,0.6305
8.7744,0.6355
8.7749,0.6305
8.7755,0.6305
8.7760,0.6355
8.7765,0.6355
8.7771,0.6355
8.7776,0.6305
8.7782,0.6305
8.7787,0.6355
8.7792,0.6355
8.7798,0.6305
8.7803,0.6305
8.7808,0.6305
8.7814,0.6355
8.7819,0.6355
8.7825,0.6355
8.7830,0.6305
8.7835,0.6355
8.7841,0.6305
8.7846,0.6305
8.7851,0.6305
8.7857,0.6305
8.7863,0.6305
8.7868,0.6355
8.7873,0.6355
8.7879,0.6355
8.7884,0.6305
8.7890,0.6355
8.7895,0.6305
8.7900,0.6355
8.7906,0.6355
8.7911,0.6305
8.7916,0.6355
8.7922,0.6355
8.7927,0.6355
8.7933,0.6355
8.7938,0.6305
8.7943,0.6355
8.7949,0.6305
8.7954,0.6305
8.7959,0.6355
8.7965,0.6355
8.7970,0.6305
8.7975,0.6305
8.7981,0.6305
8.7986,0.6355
8.7992,0.6305
8.7997,0.6355
8.8002,0.6355
8.8008,0.6355
8.8013,0.6305
8.8018,0.6305
8.8024,0.6305
8.8029,0.6355
8.8034,0.6305
8.8040,0.6355
8.8045,0.6355
8.8051,0.6305
8.8056,0.6355
8.8061,0.6355
8.8067,0.6305
8.8072,0.6355
8.8077,0.6355
8.8083,0.6355
8.8088,0.6355
8.8094,0.6305
8.8099,0.6305
8.8104,0.6305
8.8110,0.6355
8.8115,0.6305
8.8120,0.6305
8.8126,0.6305
8.8131,0.6305
8.8136,0.6355
8.8142,0.6305
8.8147,0.6305
8.8152,0.6305
8.8158,0.6305
8.8163,0.6305
8.8169,0.6305
8.8174,0.6355
8.8179,0.6305
8.8185,0.6305
8.8190,0.6305
8.8195,0.6305
8.8201,0.6355
8.8206,0.6355
8.8212,0.6305
8.8217,0.6305
8.8222,0.6305
8.8228,0.6305
8.8233,0.6355
8.8238,0.6305
8.8244,0.6355
8.8249,0.6355
8.8254,0.6355
8.8260,0.6305
8.8265,0.6305
8.8272,0.6355
8.8277,0.6305
8.8282,0.6355
8.8288,0.6305
8.8293,0.6355
8.8298,0.6305
8.8304,0.6355
8.8309,0.6355
8.8315,0.6355
8.8320,0.6355
8.8325,0.6305
8.8331,0.6355
8.8336,0.6305
8.8341,0.6355
8.8347,0.6355
8.8352,0.6305
8.8357,0.6355
8.8362,0.6305
8.8368,0.6305
8.8373,0.6305
8.8378,0.6355
8.8384,0.6305
8.8389,0.6355
8.8394,0.6305
8.8400,0.6355
8.8405,0.6355
8.8410,0.6305
8.8416,0.6305
8.8421,0.6305
8.8426,0.6355
8.8432,0.6355
8.8437,0.6305
8.8442,0.6305
8.8448,0.6305
8.8453,0.6305
8.8458,0.6355
8.8464,0.6355
8.8469,0.6305
8.8474,0.6305
8.8480,0.6355
8.8485,0.6355
8.8490,0.6355
8.8496,0.6355
8.8501,0.6355
8.8506,0.6305
8.8512,0.6305
8.8517,0.6355
8.8522,0.6355
8.8528,0.6355
8.8533,0.6355
8.8538,0.6355
8.8544,0.6305
8.8549,0.6305
8.8554,0.6305
8.8560,0.6355
8.8565,0.6305
8.8570,0.6355
8.8576,0.6355
8.8581,0.6305
8.8586,0.6305
8.8592,0.6355
8.8597,0.6305
8.8602,0.6355
8.8608,0.6305
8.8613,0.6355
8.8618,0.6355
8.8624,0.6305
8.8629,0.6305
8.8634,0.6305
8.8640,0.6305
8.8645,0.6355
8.8650,0.6305
8.8656,0.6355
8.8661,0.6305
8.8666,0.6355
8.8672,0.6355
8.8677,0.6305
8.8682,0.6355
8.8688,0.6305
8.8693,0.6355
8.8698,0.6355
8.8703,0.6305
8.8709,0.6355
8.8714,0.6305
8.8719,0.6355
8.8725,0.6355
8.8730,0.6355
8.8735,0.6355
8.8741,0.6406
8.8746,0.6355
8.8751,0.6355
8.8757,0.6305
8.8762,0.6305
8.8767,0.6355
8.8773,0.6355
8.8778,0.6305
8.8783,0.6355
8.8789,0.6305
8.8794,0.6305
8.8799,0.6305
8.8805,0.6355
8.8810,0.6305
8.8815,0.6305
8.8821,0.6305
8.8826,0.6406
8.8831,0.6305
8.8837,0.6305
8.8842,0.6355
8.8847,0.6355
8.8853,0.6305
8.8858,0.6355
8.8863,0.6355
8.8869,0.6355
8.8874,0.6305
8.8879,0.6355
8.8885,0.6355
8.8890,0.6305
8.8895,0.6355
8.8901,0.6305
8.8906,0.6355
8.8911,0.6305
8.8917,0.6355
8.8922,0.6355
8.8927,0.6355
8.8933,0.6355
8.8938,0.6355
8.8943,0.6355
8.8949,0.6305
8.8954,0.6305
8.8959,0.6305
8.8966,0.6305
8.8971,0.6305
8.8976,0.6355
8.8982,0.6355
8.8987,0.6305
8.8992,0.6355
8.8998,0.6355
8.9003,0.6305
8.9008,0.6305
8.9014,0.6305
8.9019,0.6305
8.9024,0.6305
8.9030,0.6355
8.9035,0.6355
8.9040,0.6305
8.9046,0.6305
8.9051,0.6305
8.9056,0.6305
8.9062,0.6305
8.9067,0.6305
8.9072,0.6355
8.9078,0.6355
8.9083,0.6355
8.9088,0.6305
8.9094,0.6355
8.9099,0.6305
8.9104,0.6305
8.9111,0.6355
8.9116,0.6355
8.9121,0.6355
8.9127,0.6355
8.9132,0.6355
8.9137,0.6355
8.9143,0.6355
8.9148,0.6305
8.9153,0.6305
8.9159,0.6305
8.9164,0.6355
8.9169,0.6355
8.9175,0.6255
8.9180,0.6305
8.9185,0.6255
8.9191,0.6305
8.9196,0.6255
8.9201,0.6355
8.9207,0.6305
8.9212,0.6355
8.9217,0.6305
8.9223,0.6305
8.9228,0.6305
8.9233,0.6305
8.9239,0.6305
8.9244,0.6355
8.9249,0.6305
8.9255,0.6355
8.9260,0.6305
8.9265,0.6305
8.9271,0.6305
8.9277,0.6305
8.9282,0.6305
8.9287,0.6355
8.9293,0.6305
8.9298,0.6305
8.9303,0.6305
8.9309,0.6305
8.9314,0.6305
8.9320,0.6355
8.9325,0.6305
8.9330,0.6305
8.9336,0.6305
8.9341,0.6305
8.9346,0.6355
8.9352,0.6305
8.9357,0.6305
8.9362,0.6355
8.9368,0.6355
8.9373,0.6305
8.9379,0.6305
8.9384,0.6355
8.9389,0.6305
8.9395,0.6355
8.9400,0.6305
8.9405,0.6305
8.9411,0.6355
8.9416,0.6355
8.9421,0.6355
8.9427,0.6355
8.9432,0.6355
8.9437,0.6355
8.9443,0.6305
8.9448,0.6305
8.9454,0.6305
8.9459,0.6305
8.9464,0.6355
8.9470,0.6355
8.9475,0.6355
8.9480,0.6305
8.9486,0.6355
8.9491,0.6355
8.9496,0.6305
8.9502,0.6355
8.9507,0.6305
8.9512,0.6305
8.9518,0.6305
8.9523,0.6355
8.9529,0.6305
8.9534,0.6355
8.9539,0.6305
8.9545,0.6355
8.9550,0.6305
8.9555,0.6305
8.9561,0.6355
8.9566,0.6305
8.9571,0.6305
8.9577,0.6355
8.9582,0.6305
8.9587,0.6355
8.9593,0.6305
8.9598,0.6355
8.9604,0.6355
8.9609,0.6355
8.9614,0.6305
8.9620,0.6305
8.9625,0.6305
8.9630,0.6355
8.9636,0.6355
8.9641,0.6305
8.9646,0.6355
8.9652,0.6355
8.9657,0.6305
8.9663,0.6355
8.9668,0.6305
8.9673,0.6305
8.9679,0.6305
8.9684,0.6355
8.9690,0.6305
8.9695,0.6305
8.9700,0.6305
8.9706,0.6355
8.9711,0.6305
8.9716,0.6305
8.9722,0.6355
8.9727,0.6305
8.9732,0.6355
8.9738,0.6305
8.9743,0.6305
8.9748,0.6355
8.9754,0.6355
8.9759,0.6355
8.9765,0.6355
8.9770,0.6355
8.9775,0.6305
8.9781,0.6355
8.9786,0.6305
8.9791,0.6305
8.9797,0.6305
8.9802,0.6355
8.9807,0.6355
8.9813,0.6355
8.9818,0.6305
8.9823,0.6355
8.9829,0.6355
8.9834,0.6355
8.9840,0.6355
8.9845,0.6355
8.9850,0.6305
8.9856,0.6305
8.9861,0.6255
8.9866,0.6305
8.9872,0.6305
8.9877,0.6355
8.9882,0.6305
8.9888,0.6355
8.9893,0.6305
8.9898,0.6305
8.9904,0.6305
8.9909,0.6305
8.9915,0.6355
8.9920,0.6305
8.9925,0.6305
8.9931,0.6355
8.9936,0.6355
8.9941,0.6255
8.9947,0.6355
8.9952,0.6305
8.9957,0.6355
8.9963,0.6355
8.9968,0.6305
8.9974,0.6305
8.9979,0.6305
8.9984,0.6305
8.9990,0.6305
8.9995,0.6355
9.0000,0.6355
9.0006,0.6305
9.0011,0.6355
9.0016,0.6305
9.0022,0.6355
9.0027,0.6305
9.0032,0.6355
9.0038,0.6305
9.0043,0.6355
9.0049,0.6355
9.0054,0.6305
9.0059,0.6305
9.0065,0.6355
9.0070,0.6355
9.0075,0.6355
9.0081,0.6305
9.0086,0.6355
9.0091,0.6355
9.0097,0.6355
9.0102,0.6355
9.0108,0.6355
9.0113,0.6305
9.0118,0.6305
9.0124,0.6355
9.0129,0.6355
9.0134,0.6305
9.0140,0.6305
9.0145,0.6305
9.0150,0.6355
9.0156,0.6355
9.0161,0.6355
9.0166,0.6305
9.0172,0.6355
9.0177,0.6305
9.0183,0.6355
9.0188,0.6255
9.0193,0.6305
9.0199,0.6355
9.0204,0.6355
9.0209,0.6355
9.0215,0.6355
9.0220,0.6305
9.0225,0.6355
9.0231,0.6355
9.0236,0.6305
9.0242,0.6355
9.0247,0.6305
9.0253,0.6305
9.0259,0.6355
9.0264,0.6305
9.0270,0.6355
9.0275,0.6305
9.0280,0.6305
9.0287,0.6355
9.0292,0.6355
9.0297,0.6305
9.0303,0.6355
9.0308,0.6305
9.0313,0.6355
9.0319,0.6355
9.0324,0.6355
9.0329,0.6355
9.0335,0.6355
9.0340,0.6355
9.0345,0.6305
9.0351,0.6355
9.0356,0.6355
9.0362,0.6355
9.0367,0.6355
9.0373,0.6305
9.0378,0.6305
9.0383,0.6355
9.0389,0.6305
9.0394,0.6305
9.0399,0.6305
9.0405,0.6355
9.0410,0.6305
9.0415,0.6305
9.0420,0.6305
9.0426,0.6355
9.0431,0.6355
9.0436,0.6355
9.0442,0.6305
9.0447,0.6355
9.0452,0.6355
9.0458,0.6355
9.0463,0.6355
9.0468,0.6305
9.0474,0.6305
9.0479,0.6305
9.0484,0.6305
9.0490,0.6355
9.0495,0.6355
9.0500,0.6305
9.0506,0.6305
9.0511,0.6305
9.0516,0.6305
9.0522,0.6305
9.0527,0.6305
9.0532,0.6355
9.0538,0.6355
9.0543,0.6305
9.0548,0.6355
9.0554,0.6305
9.0559,0.6305
9.0564,0.6305
9.0570,0.6255
9.0575,0.6305
9.0580,0.6305
9.0586,0.6305
9.0591,0.6355
9.0596,0.6305
9.0601,0.6305
9.0607,0.6355
9.0612,0.6406
9.0617,0.6355
9.0623,0.6355
9.0628,0.6305
9.0633,0.6355
9.0639,0.6305
9.0644,0.6305
9.0649,0.6305
9.0655,0.6355
9.0660,0.6355
9.0665,0.6305
9.0671,0.6355
9.0676,0.6305
9.0681,0.6355
9.0687,0.6355
9.0692,0.6355
9.0697,0.6305
9.0703,0.6305
9.0708,0.6355
9.0713,0.6355
9.0719,0.6355
9.0724,0.6305
9.0729,0.6355
9.0735,0.6355
9.0740,0.6305
9.0745,0.6355
9.0751,0.6406
9.0756,0.6355
9.0761,0.6305
9.0767,0.6255
9.0772,0.6355
9.0777,0.6355
9.0783,0.6355
9.0788,0.6305
9.0793,0.6305
9.0799,0.6305
9.0804,0.6305
9.0809,0.6305
9.0814,0.6305
9.0820,0.6355
9.0825,0.6305
9.0830,0.6305
9.0836,0.6305
9.0841,0.6305
9.0846,0.6305
9.0852,0.6355
9.0857,0.6305
9.0862,0.6355
9.0868,0.6305
9.0873,0.6305
9.0878,0.6305
9.0884,0.6355
9.0889,0.6355
9.0894,0.6305
9.0900,0.6355
9.0905,0.6355
9.0910,0.6305
9.0916,0.6355
9.0921,0.6355
9.0926,0.6305
9.0932,0.6355
9.0937,0.6305
9.0942,0.6305
9.0948,0.6305
9.0953,0.6305
9.0958,0.6305
9.0964,0.6305
9.0969,0.6355
9.0974,0.6355
9.0980,0.6355
9.0985,0.6305
9.0990,0.6255
9.0996,0.6355
9.1001,0.6355
9.1006,0.6355
9.1012,0.6355
9.1017,0.6355
9.1022,0.6305
9.1028,0.6355
9.1033,0.6305
9.1038,0.6355
9.1044,0.6355
9.1049,0.6305
9.1054,0.6305
9.1060,0.6305
9.1065,0.6305
9.1070,0.6355
9.1076,0.6355
9.1081,0.6305
9.1086,0.6305
9.1092,0.6305
9.1097,0.6305
9.1102,0.6305
9.1108,0.6255
9.1113,0.6305
9.1118,0.6305
9.1124,0.6355
9.1129,0.6305
9.1134,0.6355
9.1139,0.6355
9.1145,0.6305
9.1150,0.6305
9.1155,0.6355
9.1161,0.6355
9.1166,0.6355
9.1171,0.6355
9.1177,0.6305
9.1182,0.6305
9.1187,0.6355
9.1193,0.6305
9.1198,0.6305
9.1203,0.6305
9.1209,0.6355
9.1214,0.6305
9.1219,0.6355
9.1225,0.6305
9.1230,0.6305
9.1235,0.6355
9.1241,0.6355
9.1246,0.6305
9.1251,0.6355
9.1257,0.6305
9.1262,0.6305
9.1267,0.6305
9.1273,0.6305
9.1278,0.6305
9.1283,0.6305
9.1289,0.6305
9.1294,0.6305
9.1299,0.6305
9.1305,0.6305
9.1311,0.6305
9.1316,0.6305
9.1321,0.6305
9.1327,0.6305
9.1332,0.6355
9.1337,0.6355
9.1343,0.6355
9.1348,0.6355
9.1354,0.6305
9.1359,0.6305
9.1364,0.6355
9.1370,0.6305
9.1376,0.6355
9.1381,0.6355
9.1387,0.6305
9.1392,0.6305
9.1397,0.6305
9.1403,0.6355
9.1408,0.6355
9.1413,0.6305
9.1419,0.6355
9.1424,0.6355
9.1430,0.6355
9.1435,0.6305
9.1440,0.6305
9.1446,0.6305
9.1451,0.6355
9.1456,0.6355
9.1462,0.6305
9.1467,0.6305
9.1472,0.6355
9.1478,0.6355
9.1483,0.6305
9.1488,0.6355
9.1494,0.6305
9.1499,0.6355
9.1505,0.6355
9.1510,0.6355
9.1515,0.6355
9.1521,0.6305
9.1526,0.6355
9.1531,0.6355
9.1537,0.6355
9.1542,0.6355
9.1547,0.6305
9.1553,0.6355
9.1558,0.6305
9.1564,0.6305
9.1569,0.6355
9.1574,0.6355
9.1580,0.6355
9.1585,0.6355
9.1590,0.6305
9.1596,0.6355
9.1601,0.6355
9.1606,0.6305
9.1612,0.6305
9.1617,0.6305
9.1623,0.6355
9.1628,0.6305
9.1633,0.6305
9.1639,0.6305
9.1644,0.6305
9.1649,0.6355
9.1655,0.6355
9.1660,0.6305
9.1665,0.6355
9.1671,0.6355
9.1676,0.6305
9.1681,0.6305
9.1687,0.6406
9.1692,0.6305
9.1698,0.6305
9.1703,0.6305
9.1709,0.6355
9.1714,0.6355
9.1719,0.6355
9.1725,0.6255
9.1730,0.6355
9.1735,0.6355
9.1741,0.6305
9.1746,0.6406
9.1751,0.6355
9.1757,0.6355
9.1762,0.6305
9.1768,0.6305
9.1773,0.6305
9.1778,0.6355
9.1784,0.6305
9.1789,0.6305
9.1794,0.6305
9.1800,0.6305
9.1805,0.6355
9.1811,0.6305
9.1816,0.6305
9.1822,0.6355
9.1827,0.6355
9.1832,0.6305
9.1838,0.6355
9.1843,0.6305
9.1848,0.6355
9.1854,0.6355
9.1859,0.6355
9.1864,0.6305
9.1870,0.6355
9.1875,0.6355
9.1881,0.6305
9.1886,0.6355
9.1891,0.6305
9.1897,0.6355
9.1902,0.6305
9.1907,0.6355
9.1913,0.6355
9.1918,0.6355
9.1923,0.6305
9.1929,0.6305
9.1934,0.6305
9.1939,0.6305
9.1945,0.6355
9.1950,0.6355
9.1956,0.6305
9.1961,0.6355
9.1966,0.6305
9.1972,0.6355
9.1977,0.6305
9.1982,0.6355
9.1988,0.6355
9.1993,0.6355
9.1998,0.6355
9.2004,0.6305
9.2009,0.6355
9.2015,0.6305
9.2020,0.6305
9.2025,0.6305
9.2031,0.6355
9.2036,0.6305
9.2041,0.6355
9.2047,0.6305
9.2052,0.6355
9.2057,0.6355
9.2063,0.6355
9.2068,0.6355
9.2074,0.6305
9.2079,0.6355
9.2084,0.6355
9.2090,0.6305
9.2095,0.6355
9.2100,0.6355
9.2106,0.6355
9.2111,0.6355
9.2116,0.6355
9.2122,0.6305
9.2127,0.6305
9.2132,0.6355
9.2138,0.6355
9.2143,0.6305
9.2149,0.6305
9.2154,0.6305
9.2159,0.6355
9.2165,0.6355
9.2170,0.6355
9.2175,0.6305
9.2181,0.6355
9.2186,0.6305
9.2191,0.6305
9.2197,0.6305
9.2202,0.6355
9.2208,0.6355
9.2213,0.6355
9.2218,0.6355
9.2224,0.6355
9.2229,0.6355
9.2234,0.6305
9.2240,0.6305
9.2245,0.6305
9.2250,0.6355
9.2256,0.6355
9.2261,0.6355
9.2267,0.6305
9.2272,0.6305
9.2277,0.6305
9.2283,0.6355
9.2288,0.6355
9.2293,0.6305
9.2300,0.6355
9.2305,0.6305
9.2310,0.6305
9.2317,0.6305
9.2322,0.6355
9.2328,0.6355
9.2333,0.6305
9.2338,0.6305
9.2344,0.6305
9.2349,0.6355
9.2354,0.6305
9.2360,0.6305
9.2365,0.6305
9.2370,0.6305
9.2376,0.6305
9.2381,0.6355
9.2386,0.6305
9.2392,0.6355
9.2397,0.6355
9.2402,0.6305
9.2408,0.6305
9.2413,0.6305
9.2418,0.6355
9.2424,0.6355
9.2429,0.6355
9.2434,0.6305
9.2440,0.6355
9.2445,0.6305
9.2450,0.6305
9.2456,0.6355
9.2461,0.6305
9.2466,0.6355
9.2472,0.6305
9.2477,0.6305
9.2482,0.6305
9.2488,0.6355
9.2493,0.6355
9.2498,0.6305
9.2504,0.6255
9.2509,0.6355
9.2514,0.6355
9.2520,0.6406
9.2525,0.6305
9.2530,0.6355
9.2535,0.6305
9.2541,0.6305
9.2546,0.6305
9.2551,0.6305
9.2557,0.6355
9.2562,0.6355
9.2567,0.6355
9.2573,0.6305
9.2578,0.6355
9.2583,0.6355
9.2589,0.6355
9.2594,0.6355
9.2599,0.6355
9.2605,0.6355
9.2610,0.6355
9.2615,0.6305
9.2620,0.6305
9.2626,0.6355
9.2631,0.6305
9.2636,0.6355
9.2642,0.6355
9.2647,0.6355
9.2652,0.6355
9.2658,0.6355
9.2663,0.6355
9.2668,0.6355
9.2673,0.6355
9.2679,0.6305
9.2684,0.6355
9.2689,0.6305
9.2695,0.6355
9.2700,0.6305
9.2705,0.6355
9.2711,0.6305
9.2716,0.6305
9.2721,0.6355
9.2726,0.6355
9.2732,0.6305
9.2737,0.6305
9.2742,0.6305
9.2748,0.6355
9.2753,0.6305
9.2758,0.6305
9.2764,0.6305
9.2769,0.6305
9.2774,0.6355
9.2782,0.6305
9.2787,0.6305
9.2793,0.6305
9.2798,0.6355
9.2803,0.6355
9.2809,0.6305
9.2814,0.6305
9.2819,0.6355
9.2825,0.6355
9.2830,0.6305
9.2835,0.6305
9.2841,0.6355
9.2846,0.6305
9.2851,0.6305
9.2857,0.6305
9.2862,0.6355
9.2867,0.6355
9.2872,0.6305
9.2878,0.6305
9.2883,0.6305
9.2888,0.6305
9.2894,0.6355
9.2899,0.6305
9.2904,0.6305
9.2910,0.6355
9.2915,0.6355
9.2920,0.6305
9.2926,0.6305
9.2931,0.6305
9.2936,0.6305
9.2942,0.6355
9.2947,0.6355
9.2952,0.6305
9.2957,0.6305
9.2963,0.6305
9.2968,0.6406
9.2973,0.6355
9.2979,0.6355
9.2984,0.6305
9.2989,0.6305
9.2995,0.6305
9.3000,0.6305
9.3005,0.6305
9.3011,0.6355
9.3016,0.6406
9.3021,0.6305
9.3027,0.6305
9.3032,0.6355
9.3037,0.6355
9.3043,0.6255
9.3048,0.6305
9.3053,0.6305
9.3059,0.6355
9.3064,0.6305
9.3070,0.6305
9.3075,0.6355
9.3080,0.6355
9.3086,0.6305
9.3091,0.6305
9.3096,0.6355
9.3102,0.6355
9.3107,0.6355
9.3112,0.6305
9.3118,0.6305
9.3123,0.6355
9.3128,0.6305
9.3133,0.6305
9.3139,0.6355
9.3144,0.6355
9.3149,0.6305
9.3155,0.6355
9.3160,0.6305
9.3165,0.6355
9.3171,0.6355
9.3176,0.6355
9.3181,0.6355
9.3187,0.6305
9.3192,0.6305
9.3197,0.6305
9.3203,0.6305
9.3208,0.6355
9.3213,0.6305
9.3219,0.6355
9.3224,0.6305
9.3229,0.6305
9.3235,0.6305
9.3240,0.6355
9.3245,0.6305
9.3251,0.6355
9.3256,0.6355
9.3261,0.6305
9.3267,0.6305
9.3272,0.6355
9.3277,0.6355
9.3283,0.6305
9.3288,0.6305
9.3293,0.6255
9.3299,0.6355
9.3305,0.6305
9.3310,0.6305
9.3316,0.6305
9.3321,0.6355
9.3326,0.6355
9.3332,0.6305
9.3337,0.6355
9.3343,0.6305
9.3348,0.6305
9.3353,0.6355
9.3359,0.6355
9.3364,0.6305
9.3369,0.6355
9.3375,0.6355
9.3380,0.6305
9.3385,0.6355
9.3391,0.6305
9.3396,0.6355
9.3402,0.6355
9.3407,0.6305
9.3412,0.6305
9.3418,0.6305
9.3423,0.6305
9.3428,0.6355
9.3434,0.6305
9.3439,0.6355
9.3444,0.6305
9.3450,0.6355
9.3455,0.6355
9.3461,0.6305
9.3466,0.6355
9.3471,0.6355
9.3477,0.6355
9.3482,0.6305
9.3488,0.6355
9.3493,0.6305
9.3498,0.6355
9.3504,0.6305
9.3509,0.6305
9.3514,0.6305
9.3520,0.6355
9.3525,0.6305
9.3530,0.6305
9.3536,0.6305
9.3541,0.6355
9.3547,0.6305
9.3552,0.6305
9.3557,0.6305
9.3563,0.6355
9.3568,0.6355
9.3573,0.6355
9.3579,0.6355
9.3584,0.6355
9.3589,0.6355
9.3595,0.6305
9.3600,0.6305
9.3606,0.6355
9.3611,0.6305
9.3616,0.6305
9.3622,0.6305
9.3627,0.6305
9.3632,0.6355
9.3638,0.6305
9.3643,0.6305
9.3648,0.6255
9.3654,0.6355
9.3659,0.6355
9.3665,0.6355
9.3670,0.6355
9.3675,0.6305
9.3681,0.6355
9.3686,0.6305
9.3691,0.6305
9.3697,0.6255
9.3702,0.6355
9.3708,0.6355
9.3713,0.6355
9.3718,0.6305
9.3724,0.6355
9.3729,0.6355
9.3734,0.6305
9.3740,0.6305
9.3745,0.6355
9.3751,0.6355
9.3756,0.6355
9.3761,0.6305
9.3767,0.6305
9.3772,0.6355
9.3777,0.6355
9.3783,0.6305
9.3788,0.6355
9.3794,0.6305
9.3799,0.6305
9.3804,0.6305
9.3810,0.6355
9.3815,0.6355
9.3820,0.6355
9.3826,0.6305
9.3831,0.6355
9.3836,0.6355
9.3842,0.6355
9.3847,0.6305
9.3853,0.6355
9.3858,0.6355
9.3863,0.6355
9.3869,0.6355
9.3874,0.6305
9.3879,0.6255
9.3885,0.6305
9.3890,0.6355
9.3895,0.6355
9.3901,0.6305
9.3906,0.6355
9.3911,0.6305
9.3917,0.6305
9.3922,0.6305
9.3927,0.6305
9.3933,0.6355
9.3938,0.6305
9.3943,0.6305
9.3949,0.6355
9.3954,0.6355
9.3959,0.6305
9.3965,0.6305
9.3970,0.6305
9.3975,0.6305
9.3981,0.6355
9.3986,0.6355
9.3991,0.6305
9.3997,0.6305
9.4002,0.6355
9.4007,0.6305
9.4013,0.6305
9.4018,0.6355
9.4024,0.6355
9.4029,0.6305
9.4034,0.6355
9.4040,0.6355
9.4045,0.6305
9.4050,0.6305
9.4056,0.6355
9.4061,0.6305
9.4066,0.6305
9.4072,0.6305
9.4077,0.6305
9.4083,0.6305
9.4088,0.6305
9.4093,0.6305
9.4099,0.6355
9.4104,0.6355
9.4109,0.6355
9.4115,0.6355
9.4120,0.6355
9.4125,0.6355
9.4131,0.6305
9.4136,0.6355
9.4141,0.6305
9.4147,0.6355
9.4152,0.6355
9.4158,0.6305
9.4163,0.6355
9.4168,0.6355
9.4174,0.6355
9.4179,0.6305
9.4184,0.6305
9.4190,0.6355
9.4195,0.6305
9.4200,0.6355
9.4206,0.6355
9.4211,0.6305
9.4216,0.6305
9.4222,0.6355
9.4228,0.6305
9.4233,0.6355
9.4239,0.6355
9.4244,0.6355
9.4249,0.6305
9.4255,0.6305
9.4260,0.6305
9.4265,0.6305
9.4271,0.6355
9.4276,0.6305
9.4281,0.6355
9.4287,0.6355
9.4292,0.6355
9.4298,0.6355
9.4303,0.6305
9.4308,0.6355
9.4314,0.6255
9.4319,0.6355
9.4324,0.6305
9.4330,0.6355
9.4335,0.6355
9.4340,0.6355
9.4346,0.6305
9.4351,0.6305
9.4356,0.6305
9.4362,0.6305
9.4367,0.6305
9.4372,0.6355
9.4378,0.6305
9.4383,0.6305
9.4389,0.6305
9.4394,0.6305
9.4399,0.6305
9.4405,0.6355
9.4410,0.6355
9.4415,0.6355
9.4421,0.6355
9.4426,0.6305
9.4431,0.6355
9.4437,0.6355
9.4442,0.6305
9.4447,0.6305
9.4453,0.6305
9.4458,0.6305
9.4463,0.6355
9.4468,0.6355
9.4474,0.6355
9.4479,0.6355
9.4484,0.6305
9.4490,0.6305
9.4495,0.6305
9.4500,0.6355
9.4506,0.6355
9.4511,0.6305
9.4516,0.6305
9.4522,0.6355
9.4527,0.6305
9.4532,0.6305
9.4538,0.6305
9.4543,0.6355
9.4548,0.6305
9.4554,0.6355
9.4559,0.6355
9.4564,0.6305
9.4570,0.6305
9.4575,0.6355
9.4580,0.6305
9.4586,0.6305
9.4591,0.6305
9.4596,0.6355
9.4602,0.6305
9.4607,0.6355
9.4612,0.6305
9.4618,0.6305
9.4623,0.6355
9.4628,0.6305
9.4633,0.6305
9.4639,0.6305
9.4644,0.6355
9.4649,0.6355
9.4655,0.6305
9.4660,0.6355
9.4665,0.6355
9.4671,0.6355
9.4676,0.6355
9.4681,0.6305
9.4687,0.6305
9.4692,0.6355
9.4697,0.6355
9.4703,0.6305
9.4708,0.6305
9.4713,0.6355
9.4719,0.6305
9.4724,0.6355
9.4729,0.6355
9.4735,0.6355
9.4740,0.6305
9.4745,0.6305
9.4751,0.6355
9.4756,0.6355
9.4761,0.6305
9.4767,0.6355
9.4772,0.6305
9.4777,0.6355
9.4783,0.6355
9.4788,0.6355
9.4793,0.6305
9.4799,0.6355
9.4804,0.6305
9.4809,0.6305
9.4815,0.6305
9.4820,0.6305
9.4825,0.6305
9.4831,0.6305
9.4836,0.6355
9.4841,0.6355
9.4847,0.6355
9.4852,0.6355
9.4857,0.6305
9.4863,0.6305
9.4868,0.6305
9.4873,0.6305
9.4879,0.6305
9.4884,0.6305
9.4889,0.6355
9.4894,0.6305
9.4900,0.6355
9.4905,0.6305
9.4910,0.6305
9.4916,0.6355
9.4921,0.6355
9.4926,0.6305
9.4932,0.6305
9.4937,0.6355
9.4942,0.6355
9.4948,0.6305
9.4953,0.6305
9.4958,0.6355
9.4964,0.6355
9.4969,0.6305
9.4974,0.6355
9.4980,0.6255
9.4985,0.6355
9.4990,0.6305
9.4996,0.6305
9.5001,0.6305
9.5006,0.6355
9.5012,0.6355
9.5017,0.6355
9.5022,0.6406
9.5028,0.6355
9.5033,0.6355
9.5038,0.6305
9.5044,0.6355
9.5049,0.6305
9.5054,0.6355
9.5059,0.6355
9.5065,0.6355
9.5070,0.6305
9.5075,0.6305
9.5081,0.6305
9.5086,0.6305
9.5091,0.6355
9.5097,0.6355
9.5102,0.6355
9.5108,0.6305
9.5113,0.6305
9.5118,0.6355
9.5124,0.6355
9.5129,0.6305
9.5134,0.6305
9.5140,0.6305
9.5145,0.6305
9.5150,0.6305
9.5155,0.6305
9.5161,0.6355
9.5166,0.6355
9.5171,0.6355
9.5177,0.6305
9.5182,0.6305
9.5187,0.6305
9.5193,0.6305
9.5198,0.6305
9.5203,0.6355
9.5209,0.6305
9.5214,0.6355
9.5219,0.6355
9.5225,0.6355
9.5230,0.6305
9.5236,0.6406
9.5241,0.6355
9.5246,0.6355
9.5252,0.6355
9.5257,0.6305
9.5262,0.6305
9.5268,0.6355
9.5273,0.6355
9.5278,0.6355
9.5284,0.6305
9.5289,0.6305
9.5294,0.6305
9.5300,0.6305
9.5305,0.6305
9.5310,0.6305
9.5316,0.6355
9.5322,0.6305
9.5327,0.6305
9.5332,0.6305
9.5338,0.6355
9.5343,0.6305
9.5348,0.6305
9.5354,0.6305
9.5359,0.6355
9.5365,0.6355
9.5370,0.6355
9.5375,0.6355
9.5381,0.6355
9.5386,0.6355
9.5391,0.6305
9.5397,0.6305
9.5402,0.6305
9.5407,0.6305
9.5413,0.6305
9.5418,0.6355
9.5423,0.6255
9.5429,0.6305
9.5434,0.6305
9.5440,0.6355
9.5445,0.6355
9.5450,0.6305
9.5456,0.6305
9.5461,0.6355
9.5466,0.6355
9.5472,0.6355
9.5477,0.6305
9.5482,0.6305
9.5488,0.6305
9.5493,0.6305
9.5499,0.6305
9.5504,0.6305
9.5509,0.6305
9.5515,0.6305
9.5520,0.6305
9.5525,0.6355
9.5531,0.6355
9.5536,0.6305
9.5541,0.6355
9.5547,0.6305
9.5552,0.6305
9.5557,0.6355
9.5563,0.6305
9.5568,0.6355
9.5574,0.6305
9.5579,0.6305
9.5584,0.6355
9.5590,0.6305
9.5595,0.6355
9.5600,0.6355
9.5606,0.6305
9.5611,0.6305
9.5616,0.6355
9.5622,0.6305
9.5627,0.6305
9.5633,0.6355
9.5638,0.6355
9.5643,0.6305
9.5649,0.6355
9.5654,0.6305
9.5659,0.6355
9.5665,0.6305
9.5670,0.6305
9.5675,0.6305
9.5681,0.6355
9.5686,0.6355
9.5692,0.6355
9.5697,0.6305
9.5702,0.6305
9.5708,0.6305
9.5713,0.6355
9.5718,0.6355
9.5724,0.6355
9.5729,0.6355
9.5734,0.6406
9.5740,0.6355
9.5745,0.6355
9.5750,0.6355
9.5756,0.6355
9.5762,0.6305
9.5767,0.6305
9.5772,0.6355
9.5778,0.6355
9.5783,0.6406
9.5789,0.6305
9.5794,0.6355
9.5799,0.6305
9.5805,0.6305
9.5810,0.6355
9.5815,0.6305
9.5821,0.6355
9.5826,0.6355
9.5831,0.6305
9.5837,0.6305
9.5842,0.6305
9.5848,0.6355
9.5853,0.6305
9.5858,0.6305
9.5864,0.6355
9.5869,0.6355
9.5874,0.6355
9.5880,0.6255
9.5885,0.6355
9.5891,0.6355
9.5896,0.6355
9.5901,0.6305
9.5907,0.6305
9.5912,0.6305
9.5917,0.6305
9.5923,0.6355
9.5928,0.6305
9.5933,0.6355
9.5939,0.6305
9.5944,0.6305
9.5950,0.6355
9.5955,0.6355
9.5960,0.6305
9.5966,0.6355
9.5971,0.6305
9.5977,0.6305
9.5982,0.6355
9.5987,0.6305
9.5993,0.6355
9.5998,0.6355
9.6003,0.6355
9.6009,0.6305
9.6014,0.6355
9.6019,0.6355
9.6025,0.6305
9.6030,0.6305
9.6035,0.6355
9.6041,0.6305
9.6046,0.6305
9.6051,0.6305
9.6057,0.6355
9.6062,0.6305
9.6067,0.6355
9.6073,0.6305
9.6078,0.6305
9.6084,0.6355
9.6089,0.6305
9.6094,0.6305
9.6100,0.6305
9.6105,0.6305
9.6110,0.6305
9.6116,0.6355
9.6121,0.6305
9.6126,0.6305
9.6132,0.6355
9.6137,0.6355
9.6143,0.6355
9.6148,0.6305
9.6153,0.6305
9.6159,0.6305
9.6164,0.6305
9.6169,0.6305
9.6175,0.6305
9.6180,0.6355
9.6185,0.6355
9.6191,0.6305
9.6196,0.6355
9.6201,0.6305
9.6207,0.6305
9.6212,0.6355
9.6217,0.6355
9.6223,0.6355
9.6228,0.6305
9.6233,0.6305
9.6239,0.6305
9.6244,0.6305
9.6249,0.6305
9.6255,0.6305
9.6260,0.6305
9.6266,0.6305
9.6271,0.6305
9.6276,0.6305
9.6282,0.6355
9.6287,0.6305
9.6292,0.6355
9.6298,0.6355
9.6303,0.6305
9.6308,0.6305
9.6314,0.6355
9.6319,0.6305
9.6324,0.6305
9.6330,0.6305
9.6335,0.6305
9.6340,0.6305
9.6346,0.6305
9.6351,0.6305
9.6356,0.6305
9.6362,0.6355
9.6367,0.6305
9.6372,0.6355
9.6378,0.6355
9.6383,0.6305
9.6388,0.6355
9.6394,0.6355
9.6399,0.6355
9.6404,0.6355
9.6410,0.6305
9.6415,0.6406
9.6420,0.6305
9.6426,0.6355
9.6431,0.6355
9.6436,0.6305
9.6442,0.6305
9.6447,0.6305
9.6452,0.6355
9.6458,0.6355
9.6463,0.6305
9.6468,0.6355
9.6474,0.6305
9.6479,0.6305
9.6484,0.6355
9.6490,0.6305
9.6495,0.6305
9.6500,0.6355
9.6506,0.6355
9.6511,0.6355
9.6516,0.6355
9.6522,0.6305
9.6527,0.6355
9.6532,0.6355
9.6538,0.6305
9.6543,0.6355
9.6548,0.6305
9.6553,0.6305
9.6559,0.6305
9.6564,0.6305
9.6569,0.6355
9.6575,0.6305
9.6580,0.6305
9.6585,0.6355
9.6591,0.6355
9.6596,0.6305
9.6601,0.6305
9.6607,0.6305
9.6612,0.6305
9.6617,0.6305
9.6623,0.6305
9.6628,0.6305
9.6633,0.6305
9.6639,0.6305
9.6644,0.6355
9.6649,0.6305
9.6655,0.6305
9.6660,0.6305
9.6665,0.6305
9.6671,0.6355
9.6676,0.6355
9.6681,0.6355
9.6687,0.6305
9.6692,0.6305
9.6697,0.6305
9.6703,0.6305
9.6708,0.6255
9.6713,0.6305
9.6719,0.6355
9.6724,0.6305
9.6729,0.6305
9.6735,0.6355
9.6740,0.6305
9.6745,0.6355
9.6750,0.6255
9.6756,0.6355
9.6761,0.6355
9.6766,0.6355
9.6772,0.6355
9.6777,0.6355
9.6782,0.6305
9.6788,0.6305
9.6793,0.6305
9.6798,0.6305
9.6804,0.6305
9.6809,0.6355
9.6814,0.6305
9.6820,0.6255
9.6825,0.6355
9.6830,0.6355
9.6836,0.6355
9.6841,0.6305
9.6846,0.6355
9.6852,0.6305
9.6857,0.6355
9.6862,0.6305
9.6868,0.6355
9.6873,0.6355
9.6878,0.6305
9.6884,0.6355
9.6889,0.6355
9.6894,0.6355
9.6900,0.6305
9.6905,0.6305
9.6910,0.6355
9.6916,0.6305
9.6921,0.6355
9.6926,0.6305
9.6932,0.6305
9.6937,0.6305
9.6942,0.6355
9.6947,0.6305
9.6953,0.6305
9.6958,0.6355
9.6963,0.6305
9.6969,0.6355
9.6974,0.6305
9.6979,0.6355
9.6985,0.6355
9.6990,0.6305
9.6995,0.6305
9.7001,0.6305
9.7006,0.6355
9.7011,0.6305
9.7017,0.6305
9.7022,0.6355
9.7027,0.6305
9.7033,0.6355
9.7038,0.6305
9.7043,0.6355
9.7049,0.6305
9.7054,0.6355
9.7059,0.6305
9.7065,0.6305
9.7070,0.6355
9.7075,0.6305
9.7081,0.6355
9.7086,0.6355
9.7091,0.6355
9.7096,0.6305
9.7102,0.6355
9.7107,0.6305
9.7112,0.6305
9.7118,0.6305
9.7123,0.6305
9.7128,0.6355
9.7134,0.6305
9.7139,0.6305
9.7145,0.6355
9.7150,0.6305
9.7155,0.6305
9.7161,0.6305
9.7167,0.6305
9.7172,0.6305
9.7177,0.6355
9.7182,0.6355
9.7188,0.6305
9.7193,0.6305
9.7198,0.6305
9.7204,0.6355
9.7209,0.6305
9.7214,0.6255
9.7220,0.6355
9.7225,0.6305
9.7230,0.6305
9.7236,0.6355
9.7241,0.6305
9.7246,0.6355
9.7252,0.6355
9.7257,0.6305
9.7262,0.6305
9.7268,0.6305
9.7273,0.6355
9.7278,0.6305
9.7284,0.6355
9.7289,0.6305
9.7294,0.6305
9.7300,0.6305
9.7305,0.6305
9.7310,0.6355
9.7316,0.6305
9.7322,0.6305
9.7327,0.6355
9.7333,0.6355
9.7338,0.6355
9.7343,0.6305
9.7349,0.6305
9.7354,0.6305
9.7359,0.6305
9.7365,0.6305
9.7370,0.6305
9.7375,0.6305
9.7381,0.6305
9.7386,0.6305
9.7392,0.6305
9.7397,0.6305
9.7402,0.6355
9.7408,0.6305
9.7413,0.6305
9.7418,0.6305
9.7424,0.6355
9.7429,0.6355
9.7434,0.6305
9.7440,0.6355
9.7445,0.6355
9.7450,0.6355
9.7456,0.6355
9.7461,0.6355
9.7467,0.6355
9.7472,0.6305
9.7477,0.6305
9.7483,0.6355
9.7488,0.6305
9.7493,0.6305
9.7499,0.6305
9.7504,0.6305
9.7509,0.6305
9.7515,0.6355
9.7520,0.6355
9.7525,0.6305
9.7531,0.6355
9.7536,0.6355
9.7542,0.6305
9.7547,0.6305
9.7552,0.6355
9.7558,0.6355
9.7563,0.6305
9.7568,0.6305
9.7574,0.6305
9.7579,0.6355
9.7584,0.6305
9.7590,0.6355
9.7595,0.6355
9.7601,0.6305
9.7606,0.6355
9.7611,0.6305
9.7617,0.6305
9.7622,0.6355
9.7627,0.6355
9.7633,0.6305
9.7638,0.6305
9.7643,0.6305
9.7649,0.6355
9.7654,0.6355
9.7659,0.6305
9.7665,0.6305
9.7670,0.6305
9.7676,0.6355
9.7681,0.6355
9.7686,0.6305
9.7692,0.6355
9.7697,0.6355
9.7702,0.6355
9.7708,0.6355
9.7713,0.6305
9.7719,0.6355
9.7724,0.6305
9.7729,0.6355
9.7735,0.6305
9.7740,0.6305
9.7745,0.6305
9.7751,0.6305
9.7756,0.6355
9.7761,0.6305
9.7767,0.6305
9.7772,0.6305
9.7777,0.6355
9.7783,0.6305
9.7788,0.6305
9.7794,0.6355
9.7799,0.6355
9.7804,0.6305
9.7810,0.6305
9.7815,0.6305
9.7820,0.6355
9.7826,0.6305
9.7831,0.6305
9.7837,0.6305
9.7842,0.6305
9.7847,0.6305
9.7853,0.6305
9.7858,0.6355
9.7863,0.6305
9.7869,0.6355
9.7874,0.6355
9.7879,0.6355
9.7885,0.6355
9.7890,0.6305
9.7895,0.6355
9.7901,0.6305
9.7906,0.6355
9.7912,0.6355
9.7917,0.6305
9.7922,0.6355
9.7928,0.6355
9.7933,0.6305
9.7938,0.6305
9.7944,0.6305
9.7949,0.6305
9.7954,0.6355
9.7960,0.6305
9.7965,0.6305
9.7971,0.6355
9.7976,0.6355
9.7981,0.6305
9.7987,0.6355
9.7992,0.6355
9.7997,0.6305
9.8003,0.6305
9.8008,0.6305
9.8013,0.6305
9.8019,0.6305
9.8024,0.6305
9.8030,0.6355
9.8035,0.6355
9.8040,0.6305
9.8046,0.6355
9.8051,0.6355
9.8056,0.6305
9.8062,0.6305
9.8067,0.6355
9.8072,0.6305
9.8078,0.6355
9.8083,0.6305
9.8089,0.6355
9.8094,0.6355
9.8099,0.6305
9.8105,0.6305
9.8110,0.6355
9.8115,0.6355
9.8121,0.6305
9.8126,0.6355
9.8131,0.6305
9.8137,0.6305
9.8142,0.6305
9.8147,0.6305
9.8153,0.6305
9.8158,0.6355
9.8164,0.6355
9.8169,0.6305
9.8174,0.6305
9.8180,0.6305
9.8185,0.6305
9.8190,0.6406
9.8196,0.6305
9.8201,0.6355
9.8206,0.6305
9.8212,0.6305
9.8217,0.6305
9.8222,0.6305
9.8228,0.6355
9.8233,0.6305
9.8239,0.6355
9.8244,0.6305
9.8249,0.6355
9.8255,0.6305
9.8260,0.6305
9.8265,0.6305
9.8271,0.6355
9.8276,0.6305
9.8281,0.6305
9.8287,0.6305
9.8292,0.6355
9.8298,0.6305
9.8303,0.6305
9.8308,0.6305
9.8314,0.6305
9.8319,0.6305
9.8324,0.6355
9.8330,0.6355
9.8335,0.6305
9.8340,0.6355
9.8346,0.6406
9.8351,0.6355
9.8357,0.6305
9.8362,0.6305
9.8367,0.6305
9.8373,0.6305
9.8378,0.6355
9.8383,0.6305
9.8388,0.6305
9.8394,0.6305
9.8399,0.6305
9.8404,0.6305
9.8410,0.6355
9.8415,0.6305
9.8420,0.6305
9.8426,0.6305
9.8431,0.6305
9.8436,0.6305
9.8441,0.6305
9.8447,0.6305
9.8452,0.6305
9.8457,0.6305
9.8463,0.6355
9.8468,0.6305
9.8473,0.6305
9.8479,0.6305
9.8484,0.6355
9.8489,0.6305
9.8495,0.6355
9.8500,0.6305
9.8505,0.6355
9.8511,0.6305
9.8516,0.6305
9.8521,0.6305
9.8527,0.6355
9.8532,0.6355
9.8537,0.6305
9.8543,0.6305
9.8548,0.6305
9.8553,0.6355
9.8559,0.6305
9.8564,0.6305
9.8569,0.6305
9.8575,0.6355
9.8580,0.6305
9.8585,0.6255
9.8591,0.6355
9.8596,0.6305
9.8601,0.6305
9.8607,0.6305
9.8612,0.6305
9.8617,0.6305
9.8623,0.6305
9.8628,0.6305
9.8633,0.6355
9.8639,0.6355
9.8644,0.6305
9.8649,0.6305
9.8655,0.6305
9.8660,0.6305
9.8665,0.6305
9.8670,0.6305
9.8676,0.6305
9.8681,0.6305
9.8686,0.6355
9.8692,0.6305
9.8697,0.6305
9.8702,0.6305
9.8708,0.6305
9.8713,0.6355
9.8718,0.6305
9.8724,0.6355
9.8729,0.6305
9.8734,0.6355
9.8740,0.6305
9.8745,0.6355
9.8750,0.6355
9.8756,0.6355
9.8761,0.6355
9.8766,0.6305
9.8772,0.6305
9.8777,0.6305
9.8782,0.6355
9.8788,0.6355
9.8793,0.6355
9.8798,0.6355
9.8804,0.6305
9.8809,0.6305
9.8814,0.6355
9.8820,0.6305
9.8825,0.6355
9.8830,0.6305
9.8836,0.6406
9.8841,0.6355
9.8846,0.6305
9.8851,0.6355
9.8857,0.6305
9.8862,0.6305
9.8867,0.6305
9.8873,0.6305
9.8878,0.6305
9.8883,0.6305
9.8889,0.6305
9.8894,0.6406
9.8899,0.6255
9.8905,0.6305
9.8910,0.6305
9.8915,0.6305
9.8921,0.6355
9.8926,0.6355
9.8931,0.6305
9.8937,0.6305
9.8942,0.6355
9.8947,0.6305
9.8953,0.6305
9.8958,0.6305
9.8963,0.6355
9.8969,0.6305
9.8974,0.6355
9.8979,0.6305
9.8985,0.6305
9.8990,0.6305
9.8995,0.6305
9.9001,0.6305
9.9006,0.6305
9.9011,0.6355
9.9017,0.6355
9.9022,0.6305
9.9027,0.6355
9.9032,0.6305
9.9038,0.6305
9.9043,0.6305
9.9048,0.6305
9.9054,0.6355
9.9059,0.6305
9.9064,0.6305
9.9070,0.6305
9.9075,0.6305
9.9080,0.6305
9.9086,0.6305
9.9091,0.6255
9.9096,0.6305
9.9102,0.6355
9.9107,0.6355
9.9112,0.6355
9.9118,0.6355
9.9123,0.6355
9.9128,0.6355
9.9134,0.6355
9.9139,0.6305
9.9144,0.6305
9.9150,0.6305
9.9155,0.6355
9.9160,0.6305
9.9166,0.6355
9.9171,0.6355
9.9176,0.6305
9.9182,0.6305
9.9187,0.6355
9.9192,0.6355
9.9198,0.6355
9.9203,0.6305
9.9208,0.6305
9.9214,0.6406
9.9219,0.6355
9.9224,0.6355
9.9230,0.6355
9.9235,0.6305
9.9240,0.6355
9.9246,0.6355
9.9251,0.6305
9.9256,0.6305
9.9262,0.6305
9.9267,0.6355
9.9272,0.6355
9.9277,0.6355
9.9283,0.6305
9.9288,0.6355
9.9293,0.6305
9.9299,0.6355
9.9304,0.6305
9.9309,0.6305
9.9315,0.6305
9.9320,0.6305
9.9326,0.6305
9.9332,0.6305
9.9337,0.6305
9.9342,0.6305
9.9348,0.6355
9.9353,0.6355
9.9358,0.6355
9.9364,0.6305
9.9369,0.6305
9.9374,0.6305
9.9380,0.6355
9.9385,0.6305
9.9391,0.6305
9.9396,0.6305
9.9401,0.6355
9.9407,0.6305
9.9412,0.6355
9.9417,0.6355
9.9423,0.6305
9.9428,0.6305
9.9433,0.6355
9.9439,0.6305
9.9444,0.6305
9.9449,0.6355
9.9455,0.6305
9.9460,0.6305
9.9466,0.6305
9.9471,0.6355
9.9476,0.6305
9.9482,0.6305
9.9487,0.6305
9.9492,0.6305
9.9498,0.6355
9.9503,0.6355
9.9508,0.6355
9.9514,0.6305
9.9519,0.6305
9.9525,0.6305
9.9530,0.6305
9.9535,0.6355
9.9541,0.6305
9.9546,0.6305
9.9551,0.6305
9.9557,0.6305
9.9562,0.6305
9.9567,0.6305
9.9573,0.6355
9.9578,0.6305
9.9584,0.6305
9.9589,0.6355
9.9594,0.6305
9.9600,0.6305
9.9605,0.6305
9.9610,0.6305
9.9616,0.6305
9.9621,0.6355
9.9626,0.6355
9.9632,0.6305
9.9637,0.6305
9.9642,0.6305
9.9648,0.6305
9.9653,0.6305
9.9659,0.6305
9.9664,0.6355
9.9669,0.6355
9.9675,0.6305
9.9680,0.6355
9.9685,0.6305
9.9691,0.6305
9.9696,0.6305
9.9701,0.6305
9.9707,0.6305
9.9712,0.6305
9.9718,0.6305
9.9723,0.6305
9.9728,0.6305
9.9734,0.6305
9.9739,0.6305
9.9744,0.6305
9.9750,0.6305
9.9755,0.6305
9.9760,0.6305
9.9766,0.6305
9.9771,0.6355
9.9777,0.6355
9.9782,0.6355
9.9787,0.6305
9.9793,0.6355
9.9798,0.6305
9.9804,0.6305
9.9809,0.6305
9.9814,0.6355
9.9820,0.6305
9.9825,0.6305
9.9830,0.6355
9.9836,0.6305
9.9841,0.6305
9.9846,0.6355
9.9852,0.6355
9.9857,0.6305
9.9863,0.6355
9.9868,0.6355
9.9873,0.6355
9.9879,0.6305
9.9884,0.6305
9.9890,0.6355
9.9895,0.6305
9.9900,0.6355
9.9906,0.6305
9.9911,0.6305
9.9916,0.6305
9.9922,0.6305
9.9927,0.6305
9.9932,0.6305
9.9938,0.6305
9.9943,0.6305
9.9948,0.6355
9.9954,0.6355
9.9959,0.6355
9.9965,0.6305
9.9970,0.6305
9.9975,0.6355
9.9981,0.6305
9.9986,0.6305
9.9991,0.6305
9.9997,0.6305
10.0002,0.6305
10.0007,0.6305
10.0013,0.6305
10.0018,0.6355
10.0023,0.6355
10.0029,0.6305
10.0034,0.6355
10.0040,0.6355
10.0045,0.6305
10.0050,0.6355
10.0056,0.6305
10.0061,0.6305
10.0066,0.6305
10.0072,0.6305
10.0077,0.6355
10.0082,0.6305
10.0088,0.6355
10.0093,0.6355
10.0099,0.6355
10.0104,0.6355
10.0109,0.6355
10.0115,0.6305
10.0120,0.6355
10.0125,0.6305
10.0131,0.6406
10.0136,0.6355
10.0141,0.6355
10.0147,0.6305
10.0152,0.6305
10.0157,0.6355
10.0163,0.6305
10.0168,0.6355
10.0174,0.6305
10.0179,0.6305
10.0184,0.6355
10.0190,0.6355
10.0195,0.6305
10.0201,0.6305
10.0206,0.6305
10.0212,0.6305
10.0217,0.6305
10.0223,0.6305
10.0228,0.6305
10.0233,0.6305
10.0239,0.6305
10.0244,0.6305
10.0249,0.6355
10.0255,0.6305
10.0260,0.6355
10.0265,0.6355
10.0271,0.6355
10.0276,0.6355
10.0282,0.6305
10.0287,0.6305
10.0292,0.6305
10.0298,0.6305
10.0303,0.6355
10.0308,0.6305
10.0314,0.6305
10.0319,0.6305
10.0325,0.6355
10.0331,0.6355
10.0336,0.6305
10.0341,0.6355
10.0347,0.6305
10.0353,0.6305
10.0358,0.6305
10.0364,0.6305
10.0369,0.6305
10.0375,0.6305
10.0380,0.6355
10.0385,0.6305
10.0391,0.6305
10.0396,0.6305
10.0402,0.6305
10.0407,0.6305
10.0413,0.6355
10.0418,0.6305
10.0423,0.6355
10.0429,0.6355
10.0434,0.6305
10.0440,0.6355
10.0445,0.6355
10.0451,0.6305
10.0456,0.6305
10.0461,0.6305
10.0467,0.6305
10.0472,0.6305
10.0478,0.6305
10.0483,0.6355
10.0489,0.6305
10.0494,0.6305
10.0500,0.6355
10.0505,0.6355
10.0511,0.6305
10.0516,0.6305
10.0521,0.6255
10.0527,0.6355
10.0532,0.6355
10.0538,0.6355
10.0544,0.6305
10.0549,0.6305
10.0555,0.6355
10.0560,0.6355
10.0566,0.6305
10.0571,0.6305
10.0576,0.6305
10.0582,0.6305
10.0587,0.6355
10.0593,0.6305
10.0598,0.6305
10.0604,0.6355
10.0609,0.6355
10.0615,0.6355
10.0620,0.6355
10.0626,0.6305
10.0631,0.6305
10.0637,0.6305
10.0642,0.6355
10.0647,0.6355
10.0653,0.6305
10.0658,0.6305
10.0664,0.6355
10.0669,0.6355
10.0675,0.6355
10.0680,0.6255
10.0686,0.6355
10.0691,0.6355
10.0697,0.6305
10.0702,0.6305
10.0708,0.6305
10.0713,0.6305
10.0719,0.6305
10.0724,0.6355
10.0729,0.6355
10.0735,0.6355
10.0740,0.6305
10.0746,0.6305
10.0751,0.6305
10.0757,0.6305
10.0762,0.6305
10.0768,0.6355
10.0773,0.6305
10.0779,0.6305
10.0784,0.6355
10.0790,0.6305
10.0795,0.6305
10.0800,0.6355
10.0806,0.6355
10.0811,0.6305
10.0817,0.6305
10.0822,0.6355
10.0828,0.6355
10.0833,0.6406
10.0839,0.6305
10.0844,0.6355
10.0850,0.6305
10.0855,0.6355
10.0861,0.6355
10.0866,0.6355
10.0872,0.6305
10.0877,0.6305
10.0883,0.6355
10.0888,0.6305
10.0894,0.6305
10.0899,0.6305
10.0905,0.6355
10.0910,0.6255
10.0916,0.6355
10.0921,0.6305
10.0927,0.6355
10.0932,0.6355
10.0937,0.6305
10.0943,0.6305
10.0948,0.6305
10.0954,0.6305
10.0959,0.6355
10.0965,0.6305
10.0970,0.6355
10.0976,0.6305
10.0981,0.6305
10.0987,0.6355
10.0992,0.6355
10.0998,0.6305
10.1003,0.6355
10.1008,0.6305
10.1014,0.6355
10.1019,0.6305
10.1025,0.6355
10.1030,0.6305
10.1036,0.6305
10.1041,0.6305
10.1047,0.6305
10.1052,0.6305
10.1058,0.6355
10.1063,0.6355
10.1069,0.6305
10.1074,0.6355
10.1080,0.6305
10.1085,0.6355
10.1090,0.6305
10.1096,0.6355
10.1101,0.6355
10.1107,0.6305
10.1112,0.6305
10.1118,0.6355
10.1123,0.6305
10.1129,0.6355
10.1134,0.6305
10.1140,0.6305
10.1145,0.6305
10.1151,0.6355
10.1156,0.6305
10.1161,0.6305
10.1167,0.6355
10.1172,0.6305
10.1178,0.6355
10.1183,0.6355
10.1189,0.6305
10.1194,0.6305
10.1200,0.6355
10.1205,0.6305
10.1211,0.6255
10.1216,0.6305
10.1222,0.6355
10.1227,0.6406
10.1233,0.6305
10.1238,0.6305
10.1244,0.6305
10.1249,0.6305
10.1255,0.6305
10.1260,0.6305
10.1266,0.6406
10.1271,0.6355
10.1277,0.6305
10.1282,0.6305
10.1288,0.6355
10.1293,0.6305
10.1298,0.6355
10.1304,0.6305
10.1309,0.6305
10.1315,0.6355
10.1320,0.6355
10.1326,0.6355
10.1331,0.6355
10.1337,0.6355
10.1342,0.6305
10.1348,0.6355
10.1353,0.6305
10.1359,0.6305
10.1364,0.6355
10.1370,0.6355
10.1375,0.6305
10.1381,0.6355
10.1386,0.6355
10.1392,0.6305
10.1397,0.6305
10.1403,0.6255
10.1408,0.6406
10.1413,0.6355
10.1419,0.6355
10.1424,0.6305
10.1430,0.6305
10.1435,0.6305
10.1441,0.6305
10.1446,0.6305
10.1452,0.6305
10.1457,0.6355
10.1463,0.6305
10.1468,0.6305
10.1474,0.6305
10.1479,0.6255
10.1485,0.6355
10.1490,0.6305
10.1495,0.6305
10.1501,0.6305
10.1506,0.6305
10.1512,0.6305
10.1517,0.6305
10.1523,0.6305
10.1528,0.6305
10.1534,0.6355
10.1539,0.6305
10.1545,0.6305
10.1550,0.6305
10.1556,0.6305
10.1561,0.6355
10.1566,0.6305
10.1572,0.6355
10.1577,0.6305
10.1583,0.6305
10.1588,0.6305
10.1594,0.6355
10.1599,0.6305
10.1605,0.6355
10.1610,0.6355
10.1616,0.6305
10.1621,0.6406
10.1627,0.6305
10.1632,0.6305
10.1637,0.6305
10.1643,0.6355
10.1648,0.6305
10.1654,0.6355
10.1659,0.6305
10.1665,0.6305
10.1670,0.6305
10.1676,0.6355
10.1681,0.6355
10.1687,0.6305
10.1692,0.6355
10.1698,0.6305
10.1703,0.6305
10.1709,0.6355
10.1714,0.6305
10.1719,0.6305
10.1725,0.6305
10.1730,0.6305
10.1736,0.6355
10.1741,0.6305
10.1747,0.6305
10.1752,0.6305
10.1758,0.6355
10.1763,0.6355
10.1769,0.6355
10.1774,0.6355
10.1780,0.6305
10.1785,0.6355
10.1791,0.6305
10.1796,0.6305
10.1801,0.6355
10.1807,0.6355
10.1812,0.6305
10.1818,0.6305
10.1823,0.6305
10.1829,0.6305
10.1834,0.6355
10.1840,0.6305
10.1845,0.6305
10.1851,0.6305
10.1856,0.6305
10.1862,0.6305
10.1867,0.6305
10.1872,0.6305
10.1878,0.6355
10.1883,0.6305
10.1889,0.6355
10.1894,0.6355
10.1900,0.6305
10.1905,0.6305
10.1911,0.6355
10.1916,0.6305
10.1922,0.6355
10.1927,0.6305
10.1933,0.6355
10.1938,0.6305
10.1944,0.6355
10.1949,0.6305
10.1955,0.6355
10.1960,0.6355
10.1966,0.6305
10.1971,0.6305
10.1977,0.6305
10.1982,0.6355
10.1987,0.6305
10.1993,0.6305
10.1998,0.6305
10.2004,0.6305
10.2009,0.6305
10.2015,0.6355
10.2020,0.6355
10.2026,0.6305
10.2031,0.6305
10.2037,0.6355
10.2042,0.6355
10.2048,0.6305
10.2053,0.6355
10.2058,0.6255
10.2064,0.6305
10.2069,0.6305
10.2075,0.6305
10.2080,0.6305
10.2086,0.6355
10.2091,0.6305
10.2097,0.6355
10.2102,0.6355
10.2108,0.6305
10.2113,0.6355
10.2119,0.6305
10.2124,0.6305
10.2130,0.6305
10.2135,0.6355
10.2140,0.6305
10.2146,0.6305
10.2151,0.6305
10.2157,0.6305
10.2162,0.6305
10.2168,0.6355
10.2173,0.6305
10.2179,0.6305
10.2184,0.6305
10.2190,0.6355
10.2195,0.6305
10.2200,0.6305
10.2206,0.6305
10.2211,0.6355
10.2217,0.6355
10.2222,0.6355
10.2228,0.6355
10.2233,0.6305
10.2239,0.6255
10.2244,0.6355
10.2250,0.6355
10.2255,0.6355
10.2261,0.6305
10.2267,0.6305
10.2272,0.6305
10.2278,0.6305
10.2283,0.6355
10.2288,0.6305
10.2294,0.6305
10.2299,0.6305
10.2305,0.6355
10.2310,0.6355
10.2316,0.6305
10.2321,0.6305
10.2327,0.6305
10.2332,0.6355
10.2338,0.6355
10.2343,0.6355
10.2349,0.6305
10.2354,0.6355
10.2360,0.6305
10.2365,0.6305
10.2371,0.6305
10.2376,0.6355
10.2382,0.6305
10.2387,0.6355
10.2392,0.6305
10.2398,0.6355
10.2403,0.6305
10.2409,0.6305
10.2414,0.6355
10.2420,0.6355
10.2425,0.6305
10.2430,0.6355
10.2436,0.6355
10.2441,0.6355
10.2447,0.6355
10.2452,0.6305
10.2458,0.6255
10.2463,0.6355
10.2469,0.6355
10.2474,0.6305
10.2479,0.6305
10.2485,0.6355
10.2490,0.6355
10.2496,0.6305
10.2501,0.6355
10.2507,0.6305
10.2512,0.6355
10.2518,0.6305
10.2523,0.6305
10.2529,0.6355
10.2534,0.6305
10.2539,0.6355
10.2545,0.6305
10.2550,0.6305
10.2556,0.6355
10.2561,0.6355
10.2567,0.6305
10.2572,0.6255
10.2578,0.6305
10.2583,0.6355
10.2589,0.6355
10.2594,0.6305
10.2600,0.6305
10.2605,0.6355
10.2611,0.6305
10.2616,0.6355
10.2621,0.6305
10.2627,0.6305
10.2633,0.6305
10.2638,0.6305
10.2644,0.6355
10.2649,0.6255
10.2654,0.6355
10.2660,0.6355
10.2665,0.6355
10.2671,0.6355
10.2676,0.6355
10.2682,0.6305
10.2687,0.6355
10.2693,0.6305
10.2698,0.6355
10.2704,0.6305
10.2709,0.6355
10.2715,0.6305
10.2720,0.6355
10.2726,0.6305
10.2731,0.6305
10.2736,0.6355
10.2742,0.6355
10.2747,0.6305
10.2753,0.6305
10.2758,0.6305
10.2764,0.6355
10.2769,0.6305
10.2775,0.6305
10.2780,0.6355
10.2786,0.6355
10.2791,0.6305
10.2797,0.6305
10.2802,0.6305
10.2807,0.6255
10.2813,0.6305
10.2818,0.6305
10.2824,0.6305
10.2829,0.6305
10.2835,0.6355
10.2840,0.6305
10.2846,0.6355
10.2851,0.6305
10.2857,0.6305
10.2862,0.6355
10.2868,0.6355
10.2873,0.6305
10.2878,0.6355
10.2884,0.6305
10.2889,0.6305
10.2895,0.6355
10.2900,0.6305
10.2906,0.6355
10.2911,0.6355
10.2917,0.6355
10.2922,0.6355
10.2928,0.6305
10.2933,0.6305
10.2939,0.6305
10.2944,0.6305
10.2949,0.6355
10.2955,0.6355
10.2961,0.6305
10.2966,0.6355
10.2972,0.6355
10.2977,0.6305
10.2983,0.6305
10.2988,0.6305
10.2994,0.6355
10.2999,0.6305
10.3004,0.6305
10.3010,0.6305
10.3015,0.6355
10.3021,0.6355
10.3026,0.6305
10.3032,0.6355
10.3037,0.6355
10.3043,0.6305
10.3048,0.6355
10.3054,0.6305
10.3059,0.6305
10.3065,0.6305
10.3070,0.6355
10.3076,0.6355
10.3081,0.6305
10.3086,0.6305
10.3092,0.6355
10.3097,0.6305
10.3103,0.6305
10.3108,0.6355
10.3114,0.6305
10.3119,0.6355
10.3125,0.6305
10.3130,0.6305
10.3136,0.6355
10.3141,0.6305
10.3147,0.6305
10.3152,0.6355
10.3158,0.6355
10.3163,0.6355
10.3169,0.6355
10.3174,0.6305
10.3179,0.6305
10.3185,0.6305
10.3190,0.6305
10.3196,0.6305
10.3201,0.6355
10.3207,0.6305
10.3212,0.6355
10.3218,0.6305
10.3223,0.6355
10.3229,0.6305
10.3234,0.6355
10.3240,0.6305
10.3245,0.6305
10.3251,0.6305
10.3256,0.6355
10.3262,0.6355
10.3267,0.6305
10.3273,0.6305
10.3278,0.6355
10.3283,0.6305
10.3289,0.6255
10.3294,0.6355
10.3300,0.6305
10.3305,0.6355
10.3311,0.6355
10.3316,0.6305
10.3322,0.6305
10.3327,0.6305
10.3333,0.6305
10.3338,0.6305
10.3344,0.6305
10.3350,0.6305
10.3355,0.6305
10.3361,0.6305
10.3366,0.6355
10.3372,0.6305
10.3377,0.6305
10.3383,0.6305
10.3388,0.6305
10.3394,0.6305
10.3399,0.6355
10.3405,0.6305
10.3410,0.6305
10.3415,0.6305
10.3421,0.6355
10.3426,0.6355
10.3432,0.6255
10.3437,0.6355
10.3443,0.6305
10.3448,0.6355
10.3454,0.6305
10.3459,0.6355
10.3465,0.6305
10.3470,0.6355
10.3476,0.6355
10.3481,0.6305
10.3487,0.6355
10.3492,0.6305
10.3498,0.6305
10.3503,0.6305
10.3508,0.6355
10.3514,0.6305
10.3519,0.6305
10.3525,0.6305
10.3530,0.6355
10.3536,0.6305
10.3541,0.6355
10.3547,0.6305
10.3552,0.6305
10.3558,0.6355
10.3563,0.6305
10.3569,0.6305
10.3574,0.6355
10.3580,0.6305
10.3585,0.6305
10.3591,0.6305
10.3596,0.6305
10.3601,0.6355
10.3607,0.6355
10.3612,0.6305
10.3618,0.6305
10.3623,0.6355
10.3629,0.6305
10.3634,0.6355
10.3640,0.6355
10.3645,0.6355
10.3651,0.6355
10.3656,0.6305
10.3662,0.6305
10.3667,0.6355
10.3673,0.6355
10.3678,0.6255
10.3684,0.6355
10.3689,0.6305
10.3694,0.6305
10.3700,0.6355
10.3705,0.6305
10.3711,0.6305
10.3716,0.6305
10.3722,0.6355
10.3727,0.6305
10.3733,0.6355
10.3738,0.6305
10.3744,0.6355
10.3749,0.6355
10.3755,0.6355
10.3760,0.6355
10.3766,0.6305
10.3771,0.6305
10.3777,0.6355
10.3782,0.6355
10.3787,0.6305
10.3793,0.6355
10.3798,0.6355
10.3804,0.6305
10.3809,0.6355
10.3815,0.6305
10.3820,0.6355
10.3826,0.6305
10.3831,0.6305
10.3837,0.6305
10.3842,0.6355
10.3848,0.6305
10.3853,0.6305
10.3859,0.6305
10.3864,0.6305
10.3870,0.6305
10.3875,0.6305
10.3880,0.6355
10.3886,0.6355
10.3891,0.6305
10.3897,0.6305
10.3902,0.6406
10.3908,0.6305
10.3913,0.6305
10.3919,0.6305
10.3924,0.6305
10.3930,0.6355
10.3935,0.6305
10.3941,0.6305
10.3946,0.6355
10.3952,0.6355
10.3957,0.6305
10.3962,0.6305
10.3968,0.6305
10.3973,0.6305
10.3979,0.6305
10.3984,0.6305
10.3990,0.6305
10.3995,0.6305
10.4001,0.6305
10.4006,0.6305
10.4012,0.6355
10.4017,0.6305
10.4023,0.6305
10.4028,0.6305
10.4034,0.6355
10.4039,0.6305
10.4045,0.6305
10.4050,0.6255
10.4056,0.6355
10.4061,0.6305
10.4067,0.6355
10.4072,0.6355
10.4078,0.6305
10.4083,0.6355
10.4089,0.6305
10.4094,0.6355
10.4099,0.6355
10.4105,0.6305
10.4110,0.6355
10.4116,0.6355
10.4121,0.6305
10.4127,0.6305
10.4132,0.6355
10.4138,0.6305
10.4143,0.6355
10.4149,0.6305
10.4154,0.6355
10.4160,0.6305
10.4165,0.6355
10.4171,0.6355
10.4176,0.6355
10.4182,0.6355
10.4187,0.6355
10.4192,0.6355
10.4198,0.6305
10.4203,0.6355
10.4209,0.6305
10.4214,0.6305
10.4220,0.6355
10.4225,0.6305
10.4231,0.6355
10.4236,0.6355
10.4242,0.6305
10.4247,0.6355
10.4253,0.6305
10.4258,0.6355
10.4264,0.6305
10.4269,0.6355
10.4276,0.6305
10.4281,0.6406
10.4287,0.6305
10.4292,0.6305
10.4298,0.6305
10.4303,0.6355
10.4311,0.6305
10.4319,0.6305
10.4326,0.6305
10.4331,0.6355
10.4340,0.6355
10.4347,0.6406
10.4353,0.6255
10.4358,0.6305
10.4364,0.6305
10.4369,0.6305
10.4375,0.6305
10.4380,0.6305
10.4386,0.6355
10.4391,0.6305
10.4396,0.6305
10.4402,0.6305
10.4407,0.6305
10.4413,0.6305
10.4418,0.6355
10.4424,0.6305
10.4429,0.6355
10.4435,0.6355
10.4440,0.6305
10.4446,0.6305
10.4451,0.6355
10.4457,0.6305
10.4462,0.6355
10.4468,0.6355
10.4473,0.6255
10.4479,0.6305
10.4484,0.6355
10.4490,0.6305
10.4496,0.6355
10.4501,0.6305
10.4507,0.6355
10.4512,0.6355
10.4517,0.6305
10.4523,0.6355
10.4528,0.6355
10.4534,0.6305
10.4539,0.6305
10.4545,0.6355
10.4550,0.6305
10.4556,0.6305
10.4561,0.6355
10.4567,0.6305
10.4572,0.6355
10.4578,0.6355
10.4583,0.6305
10.4589,0.6305
10.4594,0.6305
10.4600,0.6305
10.4605,0.6305
10.4610,0.6355
10.4616,0.6305
10.4621,0.6355
10.4627,0.6305
10.4632,0.6305
10.4638,0.6355
10.4643,0.6305
10.4648,0.6355
10.4654,0.6355
10.4659,0.6355
10.4665,0.6305
10.4670,0.6305
10.4676,0.6355
10.4681,0.6355
10.4686,0.6305
10.4692,0.6305
10.4697,0.6305
10.4703,0.6305
10.4708,0.6355
10.4714,0.6305
10.4719,0.6355
10.4725,0.6355
10.4730,0.6305
10.4736,0.6305
10.4741,0.6355
10.4747,0.6305
10.4752,0.6355
10.4757,0.6305
10.4763,0.6305
10.4768,0.6305
10.4774,0.6355
10.4779,0.6305
10.4785,0.6305
10.4790,0.6305
10.4795,0.6305
10.4801,0.6355
10.4806,0.6305
10.4812,0.6355
10.4817,0.6355
10.4823,0.6305
10.4828,0.6305
10.4833,0.6305
10.4839,0.6355
10.4844,0.6355
10.4850,0.6305
10.4855,0.6305
10.4861,0.6305
10.4866,0.6305
10.4872,0.6305
10.4877,0.6305
10.4883,0.6305
10.4888,0.6355
10.4893,0.6355
10.4899,0.6355
10.4904,0.6305
10.4910,0.6355
10.4915,0.6355
10.4921,0.6305
10.4926,0.6305
10.4931,0.6305
10.4937,0.6305
10.4942,0.6305
10.4948,0.6305
10.4953,0.6305
10.4959,0.6355
10.4964,0.6355
10.4969,0.6355
10.4975,0.6355
10.4980,0.6355
10.4986,0.6355
10.4991,0.6305
10.4997,0.6305
10.5002,0.6355
10.5007,0.6355
10.5013,0.6305
10.5018,0.6305
10.5024,0.6305
10.5029,0.6305
10.5035,0.6305
10.5040,0.6255
10.5045,0.6355
10.5051,0.6305
10.5056,0.6355
10.5062,0.6305
10.5067,0.6355
10.5073,0.6305
10.5078,0.6305
10.5083,0.6355
10.5089,0.6355
10.5094,0.6355
10.5100,0.6305
10.5105,0.6355
10.5111,0.6305
10.5116,0.6305
10.5121,0.6255
10.5127,0.6305
10.5132,0.6305
10.5138,0.6355
10.5143,0.6355
10.5149,0.6305
10.5154,0.6355
10.5159,0.6305
10.5165,0.6305
10.5170,0.6355
10.5176,0.6355
10.5181,0.6305
10.5187,0.6355
10.5192,0.6355
10.5197,0.6305
10.5203,0.6305
10.5208,0.6305
10.5214,0.6305
10.5219,0.6355
10.5225,0.6305
10.5230,0.6305
10.5235,0.6305
10.5241,0.6305
10.5246,0.6355
10.5252,0.6305
10.5257,0.6355
10.5263,0.6305
10.5268,0.6355
10.5273,0.6355
10.5279,0.6355
10.5284,0.6305
10.5290,0.6355
10.5295,0.6305
10.5300,0.6305
10.5306,0.6355
10.5311,0.6305
10.5317,0.6305
10.5322,0.6305
10.5328,0.6305
10.5333,0.6305
10.5338,0.6355
10.5344,0.6305
10.5349,0.6355
10.5355,0.6305
10.5361,0.6305
10.5367,0.6355
10.5372,0.6305
10.5378,0.6305
10.5383,0.6355
10.5388,0.6355
10.5394,0.6355
10.5399,0.6305
10.5405,0.6305
10.5410,0.6355
10.5416,0.6355
10.5422,0.6305
10.5427,0.6305
10.5432,0.6305
10.5438,0.6305
10.5443,0.6305
10.5449,0.6305
10.5454,0.6305
10.5460,0.6355
10.5465,0.6305
10.5471,0.6355
10.5476,0.6305
10.5482,0.6355
10.5487,0.6305
10.5493,0.6355
10.5498,0.6305
10.5504,0.6305
10.5509,0.6305
10.5514,0.6305
10.5520,0.6305
10.5525,0.6355
10.5531,0.6305
10.5536,0.6305
10.5542,0.6355
10.5547,0.6355
10.5553,0.6355
10.5558,0.6305
10.5564,0.6305
10.5569,0.6355
10.5575,0.6355
10.5580,0.6305
10.5586,0.6305
10.5591,0.6305
10.5596,0.6355
10.5602,0.6305
10.5607,0.6355
10.5613,0.6305
10.5618,0.6355
10.5624,0.6305
10.5629,0.6305
10.5635,0.6355
10.5640,0.6305
10.5646,0.6355
10.5651,0.6355
10.5657,0.6305
10.5662,0.6355
10.5668,0.6355
10.5673,0.6305
10.5678,0.6305
10.5684,0.6305
10.5689,0.6305
10.5695,0.6355
10.5700,0.6355
10.5706,0.6305
10.5711,0.6305
10.5717,0.6355
10.5722,0.6355
10.5728,0.6305
10.5733,0.6355
10.5739,0.6305
10.5744,0.6355
10.5749,0.6305
10.5755,0.6305
10.5761,0.6355
10.5766,0.6355
10.5772,0.6406
10.5777,0.6305
10.5783,0.6355
10.5788,0.6255
10.5794,0.6305
10.5799,0.6305
10.5804,0.6305
10.5810,0.6355
10.5815,0.6355
10.5821,0.6255
10.5826,0.6355
10.5832,0.6355
10.5837,0.6305
10.5843,0.6305
10.5848,0.6305
10.5854,0.6305
10.5859,0.6305
10.5865,0.6355
10.5870,0.6355
10.5876,0.6305
10.5881,0.6305
10.5887,0.6355
10.5892,0.6355
10.5897,0.6305
10.5903,0.6355
10.5908,0.6355
10.5914,0.6355
10.5919,0.6355
10.5925,0.6305
10.5930,0.6305
10.5936,0.6305
10.5941,0.6305
10.5947,0.6305
10.5952,0.6305
10.5958,0.6305
10.5963,0.6355
10.5969,0.6305
10.5974,0.6355
10.5979,0.6355
10.5985,0.6305
10.5990,0.6305
10.5996,0.6305
10.6001,0.6305
10.6007,0.6355
10.6012,0.6355
10.6018,0.6355
10.6023,0.6305
10.6029,0.6355
10.6034,0.6355
10.6040,0.6305
10.6045,0.6305
10.6050,0.6305
10.6056,0.6355
10.6061,0.6355
10.6067,0.6305
10.6072,0.6355
10.6078,0.6305
10.6083,0.6305
10.6089,0.6305
10.6094,0.6305
10.6100,0.6305
10.6105,0.6305
10.6111,0.6305
10.6116,0.6355
10.6122,0.6355
10.6127,0.6355
10.6133,0.6305
10.6138,0.6305
10.6144,0.6255
10.6149,0.6305
10.6155,0.6355
10.6160,0.6355
10.6166,0.6305
10.6171,0.6355
10.6176,0.6305
10.6182,0.6305
10.6187,0.6305
10.6193,0.6305
10.6198,0.6355
10.6204,0.6305
10.6209,0.6305
10.6215,0.6355
10.6220,0.6355
10.6226,0.6305
10.6231,0.6355
10.6237,0.6305
10.6242,0.6355
10.6248,0.6305
10.6253,0.6305
10.6259,0.6305
10.6264,0.6305
10.6270,0.6355
10.6275,0.6255
10.6280,0.6355
10.6286,0.6305
10.6291,0.6305
10.6297,0.6305
10.6302,0.6305
10.6308,0.6355
10.6313,0.6305
10.6319,0.6305
10.6324,0.6355
10.6330,0.6305
10.6335,0.6355
10.6341,0.6305
10.6346,0.6355
10.6351,0.6305
10.6357,0.6355
10.6363,0.6305
10.6368,0.6305
10.6374,0.6355
10.6379,0.6305
10.6385,0.6355
10.6390,0.6305
10.6396,0.6305
10.6401,0.6355
10.6406,0.6305
10.6412,0.6355
10.6417,0.6305
10.6423,0.6305
10.6428,0.6305
10.6434,0.6355
10.6439,0.6355
10.6445,0.6305
10.6450,0.6305
10.6456,0.6355
10.6461,0.6355
10.6467,0.6305
10.6472,0.6355
10.6478,0.6305
10.6483,0.6355
10.6488,0.6305
10.6494,0.6305
10.6499,0.6355
10.6505,0.6305
10.6510,0.6305
10.6516,0.6305
10.6521,0.6305
10.6527,0.6355
10.6532,0.6355
10.6538,0.6355
10.6543,0.6305
10.6549,0.6305
10.6554,0.6305
10.6560,0.6305
10.6565,0.6305
10.6571,0.6355
10.6576,0.6305
10.6582,0.6305
10.6587,0.6305
10.6592,0.6305
10.6598,0.6355
10.6603,0.6305
10.6609,0.6355
10.6614,0.6305
10.6620,0.6355
10.6625,0.6355
10.6631,0.6355
10.6636,0.6355
10.6642,0.6355
10.6647,0.6305
10.6653,0.6355
10.6658,0.6355
10.6663,0.6305
10.6669,0.6305
10.6674,0.6355
10.6680,0.6305
10.6685,0.6305
10.6691,0.6305
10.6696,0.6305
10.6702,0.6305
10.6707,0.6355
10.6713,0.6305
10.6718,0.6305
10.6724,0.6305
10.6729,0.6305
10.6734,0.6355
10.6740,0.6305
10.6745,0.6355
10.6751,0.6305
10.6756,0.6305
10.6762,0.6355
10.6767,0.6305
10.6773,0.6305
10.6778,0.6305
10.6784,0.6355
10.6789,0.6355
10.6795,0.6355
10.6800,0.6355
10.6806,0.6305
10.6811,0.6355
10.6817,0.6305
10.6822,0.6355
10.6828,0.6355
10.6833,0.6355
10.6839,0.6355
10.6844,0.6255
10.6849,0.6406
10.6855,0.6305
10.6860,0.6355
10.6867,0.6305
10.6872,0.6305
10.6878,0.6305
10.6883,0.6305
10.6889,0.6305
10.6894,0.6305
10.6900,0.6305
10.6905,0.6305
10.6911,0.6355
10.6916,0.6305
10.6922,0.6355
10.6927,0.6355
10.6932,0.6305
10.6938,0.6305
10.6943,0.6305
10.6949,0.6355
10.6954,0.6305
10.6960,0.6305
10.6965,0.6305
10.6971,0.6305
10.6976,0.6305
10.6982,0.6305
10.6987,0.6305
10.6993,0.6355
10.6998,0.6305
10.7003,0.6305
10.7009,0.6305
10.7014,0.6305
10.7020,0.6305
10.7025,0.6305
10.7031,0.6305
10.7036,0.6355
10.7042,0.6305
10.7047,0.6355
10.7053,0.6305
10.7058,0.6305
10.7064,0.6305
10.7069,0.6355
10.7075,0.6355
10.7080,0.6305
10.7085,0.6305
10.7091,0.6305
10.7096,0.6305
10.7102,0.6355
10.7107,0.6355
10.7113,0.6305
10.7118,0.6355
10.7124,0.6305
10.7129,0.6355
10.7135,0.6305
10.7140,0.6305
10.7146,0.6305
10.7151,0.6355
10.7156,0.6355
10.7162,0.6305
10.7167,0.6305
10.7173,0.6305
10.7179,0.6305
10.7184,0.6355
10.7190,0.6355
10.7195,0.6355
10.7200,0.6355
10.7206,0.6305
10.7211,0.6305
10.7217,0.6355
10.7222,0.6355
10.7228,0.6305
10.7233,0.6305
10.7239,0.6355
10.7244,0.6355
10.7250,0.6305
10.7255,0.6355
10.7261,0.6305
10.7266,0.6355
10.7272,0.6305
10.7277,0.6355
10.7283,0.6355
10.7288,0.6305
10.7294,0.6305
10.7299,0.6355
10.7304,0.6305
10.7310,0.6355
10.7315,0.6355
10.7321,0.6355
10.7326,0.6305
10.7332,0.6305
10.7337,0.6305
10.7343,0.6305
10.7348,0.6305
10.7354,0.6355
10.7359,0.6305
10.7365,0.6355
10.7370,0.6355
10.7376,0.6305
10.7381,0.6355
10.7387,0.6305
10.7392,0.6355
10.7398,0.6305
10.7403,0.6305
10.7409,0.6305
10.7414,0.6305
10.7419,0.6305
10.7425,0.6355
10.7430,0.6255
10.7436,0.6305
10.7441,0.6355
10.7447,0.6355
10.7452,0.6305
10.7458,0.6305
10.7463,0.6355
10.7469,0.6355
10.7474,0.6305
10.7480,0.6305
10.7485,0.6355
10.7491,0.6305
10.7496,0.6355
10.7502,0.6355
10.7507,0.6305
10.7513,0.6355
10.7518,0.6305
10.7524,0.6305
10.7529,0.6355
10.7534,0.6305
10.7540,0.6355
10.7545,0.6355
10.7551,0.6305
10.7556,0.6305
10.7562,0.6355
10.7567,0.6305
10.7573,0.6355
10.7578,0.6305
10.7584,0.6305
10.7589,0.6355
10.7595,0.6305
10.7600,0.6355
10.7605,0.6305
10.7611,0.6305
10.7616,0.6305
10.7622,0.6305
10.7627,0.6305
10.7633,0.6305
10.7638,0.6305
10.7644,0.6305
10.7649,0.6305
10.7655,0.6305
10.7660,0.6305
10.7666,0.6305
10.7671,0.6355
10.7677,0.6255
10.7682,0.6305
10.7687,0.6355
10.7693,0.6355
10.7698,0.6305
10.7704,0.6305
10.7709,0.6255
10.7715,0.6305
10.7720,0.6305
10.7726,0.6305
10.7731,0.6305
10.7737,0.6305
10.7742,0.6305
10.7747,0.6355
10.7753,0.6305
10.7758,0.6305
10.7764,0.6355
10.7769,0.6305
10.7775,0.6355
10.7780,0.6355
10.7786,0.6305
10.7791,0.6305
10.7797,0.6305
10.7802,0.6355
10.7808,0.6305
10.7813,0.6305
10.7819,0.6305
10.7824,0.6355
10.7829,0.6305
10.7835,0.6305
10.7840,0.6305
10.7846,0.6305
10.7851,0.6305
10.7857,0.6305
10.7862,0.6355
10.7868,0.6305
10.7873,0.6355
10.7879,0.6305
10.7884,0.6305
10.7890,0.6305
10.7895,0.6305
10.7900,0.6305
10.7906,0.6305
10.7911,0.6355
10.7917,0.6305
10.7922,0.6355
10.7928,0.6305
10.7933,0.6305
10.7939,0.6255
10.7944,0.6355
10.7950,0.6305
10.7955,0.6305
10.7961,0.6355
10.7966,0.6355
10.7972,0.6305
10.7977,0.6355
10.7983,0.6355
10.7988,0.6305
10.7994,0.6305
10.7999,0.6305
10.8005,0.6305
10.8010,0.6305
10.8015,0.6305
10.8021,0.6305
10.8026,0.6355
10.8032,0.6305
10.8037,0.6305
10.8043,0.6305
10.8048,0.6355
10.8054,0.6355
10.8059,0.6305
10.8065,0.6305
10.8070,0.6305
10.8076,0.6355
10.8081,0.6355
10.8087,0.6355
10.8092,0.6305
10.8097,0.6305
10.8103,0.6305
10.8108,0.6355
10.8114,0.6305
10.8119,0.6355
10.8125,0.6305
10.8130,0.6305
10.8136,0.6305
10.8141,0.6355
10.8147,0.6305
10.8152,0.6305
10.8158,0.6305
10.8163,0.6305
10.8168,0.6305
10.8174,0.6305
10.8179,0.6355
10.8185,0.6355
10.8190,0.6305
10.8196,0.6305
10.8201,0.6305
10.8207,0.6305
10.8212,0.6305
10.8218,0.6355
10.8223,0.6305
10.8229,0.6305
10.8234,0.6355
10.8240,0.6355
10.8245,0.6305
10.8251,0.6305
10.8256,0.6305
10.8262,0.6305
10.8267,0.6305
10.8273,0.6305
10.8278,0.6305
10.8283,0.6305
10.8289,0.6305
10.8294,0.6305
10.8300,0.6355
10.8305,0.6305
10.8311,0.6305
10.8316,0.6305
10.8322,0.6355
10.8327,0.6305
10.8333,0.6355
10.8338,0.6305
10.8344,0.6355
10.8349,0.6305
10.8354,0.6305
10.8360,0.6305
10.8365,0.6305
10.8371,0.6305
10.8377,0.6255
10.8382,0.6305
10.8387,0.6305
10.8393,0.6305
10.8398,0.6355
10.8404,0.6305
10.8409,0.6305
10.8415,0.6355
10.8420,0.6305
10.8426,0.6355
10.8431,0.6305
10.8437,0.6305
10.8442,0.6305
10.8448,0.6355
10.8453,0.6355
10.8458,0.6305
10.8464,0.6305
10.8469,0.6305
10.8475,0.6355
10.8480,0.6355
10.8486,0.6305
10.8491,0.6305
10.8497,0.6355
10.8502,0.6305
10.8508,0.6355
10.8513,0.6305
10.8518,0.6305
10.8524,0.6305
10.8529,0.6305
10.8535,0.6305
10.8540,0.6305
10.8546,0.6355
10.8551,0.6305
10.8557,0.6355
10.8562,0.6255
10.8568,0.6305
10.8573,0.6305
10.8579,0.6305
10.8584,0.6355
10.8589,0.6305
10.8595,0.6355
10.8600,0.6305
10.8606,0.6355
10.8611,0.6305
10.8617,0.6305
10.8622,0.6355
10.8628,0.6305
10.8633,0.6305
10.8639,0.6355
10.8644,0.6305
10.8650,0.6355
10.8655,0.6305
10.8661,0.6305
10.8666,0.6305
10.8672,0.6305
10.8677,0.6305
10.8683,0.6305
10.8688,0.6305
10.8694,0.6305
10.8699,0.6355
10.8704,0.6305
10.8710,0.6305
10.8715,0.6305
10.8721,0.6305
10.8726,0.6355
10.8732,0.6305
10.8737,0.6305
10.8743,0.6355
10.8748,0.6305
10.8754,0.6355
10.8759,0.6355
10.8765,0.6355
10.8770,0.6305
10.8775,0.6355
10.8781,0.6355
10.8786,0.6355
10.8792,0.6305
10.8797,0.6305
10.8803,0.6305
10.8808,0.6305
10.8814,0.6355
10.8819,0.6305
10.8825,0.6355
10.8830,0.6305
10.8836,0.6305
10.8841,0.6355
10.8846,0.6305
10.8852,0.6305
10.8857,0.6355
10.8863,0.6305
10.8868,0.6305
10.8874,0.6305
10.8879,0.6355
10.8885,0.6355
10.8890,0.6305
10.8896,0.6355
10.8901,0.6305
10.8907,0.6305
10.8912,0.6305
10.8918,0.6355
10.8923,0.6305
10.8929,0.6305
10.8934,0.6355
10.8940,0.6305
10.8945,0.6305
10.8950,0.6305
10.8956,0.6355
10.8961,0.6305
10.8967,0.6305
10.8972,0.6355
10.8978,0.6305
10.8983,0.6355
10.8989,0.6305
10.8994,0.6355
10.9000,0.6305
10.9005,0.6305
10.9011,0.6305
10.9016,0.6305
10.9022,0.6305
10.9027,0.6355
10.9032,0.6305
10.9038,0.6355
10.9043,0.6305
10.9049,0.6305
10.9054,0.6305
10.9060,0.6305
10.9065,0.6355
10.9071,0.6305
10.9076,0.6305
10.9082,0.6355
10.9087,0.6305
10.9093,0.6305
10.9098,0.6305
10.9103,0.6355
10.9109,0.6355
10.9114,0.6305
10.9120,0.6305
10.9125,0.6355
10.9131,0.6305
10.9136,0.6305
10.9142,0.6355
10.9147,0.6305
10.9153,0.6305
10.9158,0.6355
10.9164,0.6355
10.9169,0.6305
10.9174,0.6355
10.9180,0.6305
10.9185,0.6305
10.9191,0.6355
10.9196,0.6305
10.9202,0.6355
10.9207,0.6255
10.9213,0.6355
10.9218,0.6305
10.9224,0.6305
10.9229,0.6355
10.9235,0.6305
10.9240,0.6255
10.9245,0.6305
10.9251,0.6355
10.9256,0.6355
10.9262,0.6305
10.9267,0.6305
10.9273,0.6355
10.9278,0.6305
10.9284,0.6355
10.9289,0.6305
10.9295,0.6355
10.9300,0.6355
10.9306,0.6305
10.9311,0.6305
10.9316,0.6255
10.9322,0.6355
10.9327,0.6305
10.9333,0.6305
10.9338,0.6305
10.9344,0.6305
10.9349,0.6305
10.9355,0.6305
10.9360,0.6355
10.9366,0.6305
10.9371,0.6305
10.9377,0.6305
10.9382,0.6305
10.9388,0.6305
10.9393,0.6305
10.9399,0.6305
10.9404,0.6305
10.9410,0.6305
10.9415,0.6305
10.9421,0.6305
10.9426,0.6305
10.9431,0.6305
10.9437,0.6355
10.9442,0.6305
10.9448,0.6305
10.9453,0.6305
10.9459,0.6305
10.9464,0.6305
10.9470,0.6305
10.9475,0.6305
10.9481,0.6305
10.9486,0.6355
10.9492,0.6355
10.9497,0.6305
10.9502,0.6305
10.9508,0.6355
10.9514,0.6305
10.9519,0.6305
10.9525,0.6355
10.9530,0.6305
10.9536,0.6305
10.9541,0.6305
10.9546,0.6355
10.9552,0.6305
10.9557,0.6305
10.9563,0.6355
10.9568,0.6355
10.9574,0.6305
10.9579,0.6305
10.9585,0.6305
10.9590,0.6305
10.9596,0.6355
10.9601,0.6355
10.9607,0.6355
10.9612,0.6305
10.9618,0.6355
10.9623,0.6355
10.9629,0.6305
10.9634,0.6305
10.9640,0.6305
10.9645,0.6305
10.9650,0.6305
10.9656,0.6355
10.9661,0.6305
10.9667,0.6305
10.9672,0.6355
10.9678,0.6305
10.9683,0.6305
10.9689,0.6305
10.9694,0.6305
10.9700,0.6305
10.9705,0.6355
10.9711,0.6355
10.9716,0.6305
10.9721,0.6305
10.9727,0.6355
10.9732,0.6305
10.9738,0.6305
10.9743,0.6305
10.9749,0.6355
10.9754,0.6305
10.9760,0.6355
10.9765,0.6305
10.9771,0.6355
10.9776,0.6305
10.9782,0.6305
10.9787,0.6305
10.9793,0.6355
10.9798,0.6305
10.9803,0.6355
10.9809,0.6305
10.9814,0.6355
10.9820,0.6355
10.9825,0.6305
10.9831,0.6355
10.9836,0.6355
10.9842,0.6305
10.9847,0.6305
10.9853,0.6305
10.9858,0.6305
10.9864,0.6355
10.9869,0.6305
10.9874,0.6305
10.9880,0.6305
10.9885,0.6305
10.9891,0.6305
10.9896,0.6305
10.9902,0.6305
10.9907,0.6355
10.9913,0.6305
10.9918,0.6305
10.9924,0.6355
10.9929,0.6305
10.9935,0.6305
10.9940,0.6305
10.9945,0.6355
10.9951,0.6355
10.9956,0.6305
10.9962,0.6355
10.9967,0.6305
10.9973,0.6355
10.9978,0.6305
10.9984,0.6305
10.9989,0.6305
10.9995,0.6255
11.0000,0.6305
11.0006,0.6355
11.0011,0.6305
11.0016,0.6355
11.0022,0.6305
11.0027,0.6305
11.0033,0.6305
11.0038,0.6305
11.0044,0.6355
11.0049,0.6305
11.0055,0.6305
11.0060,0.6305
11.0066,0.6355
11.0071,0.6305
11.0077,0.6305
11.0082,0.6305
11.0087,0.6355
11.0093,0.6355
11.0098,0.6305
11.0104,0.6305
11.0109,0.6355
11.0115,0.6305
11.0120,0.6305
11.0126,0.6305
11.0131,0.6305
11.0137,0.6355
11.0142,0.6305
11.0148,0.6355
11.0153,0.6305
11.0158,0.6305
11.0164,0.6305
11.0169,0.6305
11.0175,0.6305
11.0180,0.6305
11.0186,0.6305
11.0191,0.6305
11.0197,0.6305
11.0202,0.6305
11.0208,0.6355
11.0213,0.6355
11.0219,0.6305
11.0224,0.6305
11.0229,0.6305
11.0235,0.6255
11.0240,0.6305
11.0246,0.6305
11.0251,0.6355
11.0257,0.6305
11.0262,0.6355
11.0268,0.6305
11.0273,0.6355
11.0279,0.6355
11.0285,0.6305
11.0290,0.6305
11.0295,0.6355
11.0301,0.6355
11.0306,0.6355
11.0312,0.6355
11.0317,0.6305
11.0323,0.6305
11.0328,0.6355
11.0334,0.6305
11.0339,0.6355
11.0345,0.6305
11.0350,0.6355
11.0356,0.6305
11.0361,0.6355
11.0366,0.6355
11.0372,0.6305
11.0378,0.6305
11.0383,0.6305
11.0389,0.6305
11.0394,0.6305
11.0400,0.6305
11.0405,0.6355
11.0410,0.6305
11.0416,0.6305
11.0421,0.6305
11.0427,0.6305
11.0432,0.6305
11.0438,0.6355
11.0443,0.6355
11.0449,0.6255
11.0454,0.6355
11.0460,0.6305
11.0465,0.6305
11.0470,0.6305
11.0476,0.6305
11.0481,0.6305
11.0487,0.6305
11.0492,0.6305
11.0498,0.6305
11.0503,0.6305
11.0509,0.6255
11.0514,0.6305
11.0520,0.6305
11.0525,0.6305
11.0531,0.6305
11.0536,0.6355
11.0541,0.6305
11.0547,0.6305
11.0552,0.6355
11.0558,0.6355
11.0563,0.6305
11.0569,0.6305
11.0574,0.6305
11.0580,0.6305
11.0585,0.6305
11.0591,0.6305
11.0596,0.6305
11.0602,0.6305
11.0607,0.6305
11.0612,0.6305
11.0618,0.6355
11.0623,0.6305
11.0629,0.6305
11.0634,0.6355
11.0640,0.6305
11.0645,0.6355
11.0651,0.6305
11.0656,0.6355
11.0662,0.6305
11.0667,0.6355
11.0673,0.6355
11.0678,0.6355
11.0683,0.6305
11.0689,0.6305
11.0694,0.6355
11.0700,0.6305
11.0705,0.6305
11.0711,0.6355
11.0716,0.6355
11.0722,0.6355
11.0727,0.6305
11.0733,0.6355
11.0738,0.6355
11.0744,0.6305
11.0749,0.6355
11.0754,0.6305
11.0760,0.6305
11.0765,0.6305
11.0771,0.6305
11.0776,0.6305
11.0782,0.6305
11.0787,0.6355
11.0793,0.6355
11.0798,0.6355
11.0804,0.6355
11.0809,0.6305
11.0815,0.6305
11.0820,0.6305
11.0825,0.6305
11.0831,0.6355
11.0836,0.6305
11.0842,0.6305
11.0847,0.6305
11.0853,0.6355
11.0858,0.6355
11.0864,0.6355
11.0869,0.6305
11.0875,0.6305
11.0880,0.6305
11.0886,0.6305
11.0891,0.6305
11.0897,0.6355
11.0902,0.6305
11.0907,0.6355
11.0913,0.6305
11.0918,0.6305
11.0924,0.6355
11.0929,0.6305
11.0935,0.6355
11.0940,0.6305
11.0946,0.6355
11.0951,0.6305
11.0957,0.6355
11.0962,0.6305
11.0968,0.6355
11.0973,0.6355
11.0979,0.6305
11.0984,0.6355
11.0990,0.6305
11.0995,0.6305
11.1001,0.6305
11.1006,0.6305
11.1011,0.6355
11.1017,0.6305
11.1022,0.6305
11.1028,0.6305
11.1033,0.6305
11.1039,0.6355
11.1044,0.6305
11.1050,0.6355
11.1055,0.6305
11.1061,0.6305
11.1066,0.6305
11.1072,0.6305
11.1077,0.6305
11.1083,0.6305
11.1088,0.6305
11.1094,0.6305
11.1099,0.6305
11.1105,0.6305
11.1110,0.6305
11.1116,0.6305
11.1121,0.6305
11.1127,0.6305
11.1132,0.6305
11.1137,0.6305
11.1143,0.6305
11.1148,0.6305
11.1154,0.6355
11.1159,0.6355
11.1165,0.6355
11.1170,0.6305
11.1176,0.6355
11.1181,0.6305
11.1187,0.6305
11.1192,0.6355
11.1198,0.6305
11.1203,0.6305
11.1208,0.6355
11.1214,0.6355
11.1219,0.6355
11.1225,0.6305
11.1230,0.6355
11.1236,0.6305
11.1241,0.6355
11.1247,0.6355
11.1252,0.6305
11.1258,0.6305
11.1263,0.6355
11.1269,0.6355
11.1274,0.6355
11.1280,0.6305
11.1285,0.6355
11.1290,0.6305
11.1296,0.6305
11.1301,0.6355
11.1307,0.6305
11.1312,0.6355
11.1318,0.6355
11.1323,0.6305
11.1329,0.6305
11.1334,0.6355
11.1340,0.6255
11.1345,0.6305
11.1350,0.6305
11.1356,0.6305
11.1361,0.6305
11.1367,0.6305
11.1372,0.6305
11.1378,0.6305
11.1384,0.6305
11.1389,0.6305
11.1394,0.6305
11.1400,0.6355
11.1405,0.6305
11.1411,0.6305
11.1416,0.6305
11.1422,0.6305
11.1427,0.6305
11.1433,0.6305
11.1438,0.6305
11.1444,0.6305
11.1449,0.6305
11.1455,0.6355
11.1460,0.6305
11.1465,0.6305
11.1471,0.6355
11.1476,0.6305
11.1482,0.6305
11.1487,0.6355
11.1493,0.6305
11.1498,0.6355
11.1504,0.6305
11.1509,0.6355
11.1515,0.6255
11.1520,0.6305
11.1526,0.6355
11.1531,0.6305
11.1536,0.6305
11.1542,0.6305
11.1547,0.6305
11.1553,0.6305
11.1558,0.6305
11.1564,0.6305
11.1569,0.6355
11.1575,0.6355
11.1580,0.6305
11.1586,0.6355
11.1591,0.6355
11.1597,0.6305
11.1602,0.6305
11.1607,0.6305
11.1613,0.6305
11.1618,0.6305
11.1624,0.6305
11.1629,0.6305
11.1635,0.6305
11.1640,0.6355
11.1646,0.6305
11.1651,0.6305
11.1657,0.6305
11.1662,0.6305
11.1668,0.6355
11.1673,0.6305
11.1679,0.6305
11.1684,0.6305
11.1690,0.6305
11.1695,0.6305
11.1701,0.6355
11.1706,0.6305
11.1712,0.6355
11.1717,0.6305
11.1723,0.6355
11.1728,0.6355
11.1734,0.6305
11.1739,0.6305
11.1745,0.6305
11.1750,0.6355
11.1756,0.6305
11.1761,0.6305
11.1767,0.6305
11.1772,0.6355
11.1778,0.6305
11.1783,0.6305
11.1789,0.6355
11.1794,0.6305
11.1800,0.6305
11.1806,0.6355
11.1812,0.6355
11.1817,0.6305
11.1823,0.6305
11.1828,0.6305
11.1834,0.6305
11.1839,0.6305
11.1844,0.6305
11.1850,0.6305
11.1855,0.6305
11.1861,0.6305
11.1867,0.6355
11.1872,0.6355
11.1877,0.6305
11.1883,0.6305
11.1888,0.6305
11.1894,0.6355
11.1899,0.6305
11.1905,0.6355
11.1910,0.6355
11.1915,0.6355
11.1921,0.6305
11.1926,0.6305
11.1932,0.6355
11.1937,0.6305
11.1942,0.6355
11.1948,0.6355
11.1953,0.6305
11.1959,0.6255
11.1964,0.6355
11.1970,0.6305
11.1975,0.6305
11.1980,0.6305
11.1986,0.6305
11.1991,0.6305
11.1997,0.6305
11.2002,0.6305
11.2008,0.6355
11.2013,0.6355
11.2018,0.6305
11.2024,0.6305
11.2029,0.6305
11.2035,0.6305
11.2040,0.6305
11.2046,0.6305
11.2051,0.6305
11.2056,0.6355
11.2062,0.6305
11.2067,0.6355
11.2073,0.6255
11.2078,0.6355
11.2084,0.6355
11.2089,0.6305
11.2094,0.6305
11.2100,0.6305
11.2105,0.6305
11.2111,0.6305
11.2116,0.6355
11.2122,0.6305
11.2127,0.6305
11.2132,0.6305
11.2138,0.6355
11.2143,0.6305
11.2149,0.6305
11.2154,0.6305
11.2160,0.6355
11.2165,0.6305
11.2170,0.6305
11.2176,0.6305
11.2181,0.6355
11.2187,0.6305
11.2192,0.6305
11.2198,0.6305
11.2203,0.6305
11.2208,0.6355
11.2214,0.6355
11.2219,0.6355
11.2225,0.6355
11.2230,0.6305
11.2236,0.6305
11.2241,0.6305
11.2246,0.6355
11.2252,0.6305
11.2257,0.6305
11.2263,0.6305
11.2268,0.6305
11.2274,0.6305
11.2279,0.6355
11.2284,0.6305
11.2290,0.6305
11.2295,0.6355
11.2301,0.6305
11.2306,0.6305
11.2312,0.6305
11.2317,0.6305
11.2322,0.6305
11.2328,0.6305
11.2333,0.6305
11.2339,0.6305
11.2344,0.6305
11.2350,0.6305
11.2355,0.6305
11.2361,0.6305
11.2366,0.6305
11.2372,0.6305
11.2377,0.6305
11.2383,0.6305
11.2388,0.6305
11.2394,0.6355
11.2399,0.6305
11.2405,0.6305
11.2410,0.6305
11.2416,0.6355
11.2421,0.6305
11.2426,0.6305
11.2432,0.6305
11.2437,0.6305
11.2443,0.6355
11.2448,0.6305
11.2454,0.6355
11.2459,0.6305
11.2464,0.6305
11.2470,0.6305
11.2475,0.6305
11.2481,0.6305
11.2486,0.6305
11.2492,0.6355
11.2497,0.6355
11.2503,0.6355
11.2508,0.6305
11.2514,0.6305
11.2519,0.6305
11.2525,0.6305
11.2530,0.6355
11.2536,0.6305
11.2541,0.6355
11.2546,0.6305
11.2552,0.6305
11.2558,0.6255
11.2563,0.6355
11.2569,0.6305
11.2574,0.6305
11.2580,0.6305
11.2585,0.6305
11.2591,0.6305
11.2596,0.6305
11.2601,0.6305
11.2607,0.6305
11.2612,0.6305
11.2618,0.6305
11.2623,0.6355
11.2629,0.6305
11.2634,0.6355
11.2639,0.6305
11.2645,0.6305
11.2650,0.6355
11.2656,0.6355
11.2661,0.6305
11.2667,0.6305
11.2672,0.6355
11.2677,0.6355
11.2683,0.6355
11.2688,0.6305
11.2694,0.6355
11.2699,0.6305
11.2705,0.6305
11.2710,0.6305
11.2715,0.6305
11.2721,0.6305
11.2726,0.6305
11.2732,0.6305
11.2737,0.6305
11.2743,0.6305
11.2748,0.6305
11.2753,0.6305
11.2759,0.6355
11.2764,0.6305
11.2770,0.6305
11.2775,0.6355
11.2781,0.6355
11.2786,0.6305
11.2791,0.6355
11.2797,0.6305
11.2802,0.6355
11.2808,0.6305
11.2813,0.6305
11.2819,0.6305
11.2824,0.6355
11.2829,0.6305
11.2835,0.6305
11.2840,0.6255
11.2846,0.6305
11.2851,0.6305
11.2857,0.6255
11.2862,0.6305
11.2867,0.6355
11.2873,0.6355
11.2878,0.6305
11.2884,0.6305
11.2889,0.6305
11.2895,0.6355
11.2900,0.6305
11.2906,0.6305
11.2911,0.6305
11.2917,0.6305
11.2922,0.6305
11.2927,0.6305
11.2933,0.6355
11.2938,0.6355
11.2944,0.6305
11.2949,0.6305
11.2955,0.6305
11.2960,0.6355
11.2966,0.6305
11.2972,0.6305
11.2977,0.6305
11.2982,0.6305
11.2988,0.6305
11.2993,0.6305
11.2999,0.6355
11.3004,0.6355
11.3010,0.6355
11.3015,0.6305
11.3021,0.6305
11.3026,0.6355
11.3032,0.6305
11.3037,0.6355
11.3043,0.6305
11.3048,0.6305
11.3054,0.6305
11.3059,0.6305
11.3065,0.6305
11.3070,0.6305
11.3076,0.6355
11.3081,0.6355
11.3087,0.6355
11.3092,0.6355
11.3098,0.6305
11.3103,0.6305
11.3108,0.6355
11.3114,0.6305
11.3119,0.6305
11.3125,0.6355
11.3130,0.6305
11.3136,0.6305
11.3141,0.6305
11.3147,0.6355
11.3152,0.6355
11.3158,0.6255
11.3163,0.6305
11.3169,0.6355
11.3174,0.6305
11.3179,0.6305
11.3185,0.6355
11.3190,0.6355
11.3196,0.6355
11.3201,0.6305
11.3207,0.6355
11.3212,0.6305
11.3218,0.6305
11.3223,0.6305
11.3229,0.6305
11.3234,0.6355
11.3240,0.6305
11.3245,0.6355
11.3250,0.6355
11.3256,0.6305
11.3261,0.6355
11.3267,0.6305
11.3272,0.6355
11.3278,0.6305
11.3283,0.6305
11.3289,0.6355
11.3294,0.6305
11.3300,0.6305
11.3305,0.6305
11.3311,0.6355
11.3316,0.6355
11.3322,0.6305
11.3327,0.6305
11.3332,0.6305
11.3338,0.6355
11.3343,0.6355
11.3349,0.6305
11.3354,0.6305
11.3360,0.6355
11.3365,0.6355
11.3371,0.6305
11.3376,0.6305
11.3382,0.6355
11.3387,0.6305
11.3393,0.6305
11.3398,0.6305
11.3404,0.6355
11.3409,0.6305
11.3414,0.6355
11.3420,0.6305
11.3425,0.6355
11.3431,0.6305
11.3436,0.6305
11.3442,0.6355
11.3447,0.6355
11.3453,0.6305
11.3458,0.6305
11.3464,0.6305
11.3469,0.6305
11.3475,0.6305
11.3480,0.6355
11.3486,0.6305
11.3491,0.6305
11.3496,0.6305
11.3502,0.6305
11.3507,0.6305
11.3513,0.6305
11.3518,0.6355
11.3524,0.6305
11.3529,0.6305
11.3535,0.6305
11.3540,0.6305
11.3546,0.6255
11.3551,0.6305
11.3557,0.6305
11.3562,0.6305
11.3567,0.6305
11.3573,0.6355
11.3578,0.6305
11.3584,0.6305
11.3589,0.6355
11.3595,0.6305
11.3600,0.6305
11.3606,0.6305
11.3611,0.6305
11.3617,0.6355
11.3622,0.6355
11.3628,0.6305
11.3633,0.6255
11.3638,0.6305
11.3644,0.6305
11.3649,0.6355
11.3655,0.6305
11.3660,0.6305
11.3666,0.6305
11.3672,0.6305
11.3677,0.6305
11.3683,0.6355
11.3688,0.6305
11.3693,0.6305
11.3699,0.6305
11.3704,0.6305
11.3710,0.6355
11.3715,0.6355
11.3721,0.6355
11.3726,0.6305
11.3732,0.6355
11.3737,0.6305
11.3743,0.6305
11.3748,0.6305
11.3754,0.6305
11.3759,0.6305
11.3765,0.6355
11.3770,0.6305
11.3776,0.6305
11.3781,0.6305
11.3787,0.6355
11.3792,0.6305
11.3798,0.6305
11.3803,0.6355
11.3808,0.6255
11.3814,0.6355
11.3819,0.6355
11.3825,0.6305
11.3830,0.6305
11.3836,0.6305
11.3841,0.6305
11.3847,0.6305
11.3852,0.6355
11.3858,0.6305
11.3863,0.6305
11.3869,0.6305
11.3874,0.6355
11.3880,0.6305
11.3885,0.6355
11.3890,0.6305
11.3896,0.6305
11.3901,0.6355
11.3907,0.6355
11.3912,0.6305
11.3918,0.6305
11.3923,0.6355
11.3929,0.6305
11.3934,0.6355
11.3940,0.6355
11.3945,0.6305
11.3950,0.6305
11.3956,0.6305
11.3961,0.6355
11.3967,0.6305
11.3972,0.6305
11.3978,0.6305
11.3983,0.6305
11.3989,0.6305
11.3994,0.6305
11.4000,0.6305
11.4005,0.6305
11.4011,0.6305
11.4016,0.6305
11.4022,0.6305
11.4027,0.6305
11.4032,0.6355
11.4038,0.6305
11.4043,0.6355
11.4049,0.6305
11.4054,0.6305
11.4060,0.6305
11.4065,0.6355
11.4071,0.6305
11.4076,0.6305
11.4082,0.6305
11.4087,0.6305
11.4093,0.6305
11.4098,0.6305
11.4104,0.6305
11.4109,0.6305
11.4114,0.6305
11.4120,0.6355
11.4125,0.6355
11.4131,0.6305
11.4136,0.6355
11.4142,0.6255
11.4147,0.6355
11.4153,0.6305
11.4158,0.6305
11.4164,0.6305
11.4169,0.6305
11.4175,0.6305
11.4180,0.6305
11.4186,0.6355
11.4191,0.6305
11.4196,0.6305
11.4202,0.6305
11.4207,0.6305
11.4213,0.6305
11.4218,0.6355
11.4224,0.6305
11.4229,0.6305
11.4235,0.6305
11.4240,0.6305
11.4246,0.6305
11.4251,0.6305
11.4257,0.6355
11.4262,0.6305
11.4268,0.6305
11.4273,0.6255
11.4278,0.6305
11.4284,0.6355
11.4289,0.6305
11.4295,0.6305
11.4300,0.6355
11.4306,0.6305
11.4311,0.6355
11.4317,0.6305
11.4322,0.6355
11.4328,0.6355
11.4333,0.6305
11.4339,0.6355
11.4344,0.6305
11.4349,0.6355
11.4355,0.6305
11.4361,0.6305
11.4366,0.6305
11.4372,0.6305
11.4377,0.6355
11.4383,0.6305
11.4388,0.6305
11.4394,0.6305
11.4399,0.6355
11.4405,0.6305
11.4410,0.6305
11.4416,0.6305
11.4421,0.6305
11.4427,0.6355
11.4432,0.6305
11.4438,0.6305
11.4443,0.6305
11.4449,0.6305
11.4454,0.6355
11.4460,0.6305
11.4465,0.6305
11.4471,0.6305
11.4476,0.6305
11.4481,0.6305
11.4487,0.6355
11.4492,0.6305
11.4498,0.6305
11.4503,0.6355
11.4509,0.6305
11.4514,0.6305
11.4520,0.6355
11.4525,0.6305
11.4531,0.6305
11.4536,0.6305
11.4541,0.6305
11.4547,0.6305
11.4552,0.6305
11.4558,0.6305
11.4563,0.6305
11.4569,0.6355
11.4574,0.6305
11.4580,0.6305
11.4585,0.6305
11.4591,0.6355
11.4596,0.6355
11.4602,0.6305
11.4607,0.6305
11.4613,0.6355
11.4618,0.6305
11.4624,0.6305
11.4629,0.6355
11.4634,0.6355
11.4640,0.6355
11.4646,0.6305
11.4651,0.6305
11.4657,0.6255
11.4662,0.6355
11.4668,0.6305
11.4673,0.6355
11.4679,0.6305
11.4684,0.6305
11.4689,0.6355
11.4695,0.6305
11.4700,0.6305
11.4706,0.6305
11.4711,0.6305
11.4717,0.6355
11.4722,0.6305
11.4727,0.6305
11.4733,0.6305
11.4738,0.6305
11.4744,0.6355
11.4749,0.6355
11.4755,0.6355
11.4760,0.6305
11.4766,0.6305
11.4771,0.6305
11.4776,0.6305
11.4782,0.6255
11.4787,0.6305
11.4793,0.6355
11.4798,0.6305
11.4804,0.6305
11.4809,0.6305
11.4815,0.6255
11.4820,0.6305
11.4826,0.6305
11.4831,0.6305
11.4837,0.6305
11.4842,0.6355
11.4848,0.6305
11.4853,0.6305
11.4858,0.6355
11.4864,0.6355
11.4869,0.6305
11.4875,0.6355
11.4880,0.6305
11.4886,0.6355
11.4891,0.6305
11.4897,0.6305
11.4902,0.6305
11.4908,0.6305
11.4913,0.6305
11.4919,0.6355
11.4924,0.6355
11.4929,0.6305
11.4935,0.6305
11.4940,0.6355
11.4946,0.6305
11.4951,0.6305
11.4957,0.6355
11.4962,0.6305
11.4968,0.6305
11.4973,0.6355
11.4979,0.6305
11.4984,0.6305
11.4990,0.6305
11.4995,0.6305
11.5001,0.6305
11.5006,0.6305
11.5011,0.6305
11.5017,0.6305
11.5022,0.6305
11.5028,0.6355
11.5033,0.6305
11.5039,0.6305
11.5044,0.6305
11.5050,0.6355
11.5055,0.6305
11.5061,0.6305
11.5066,0.6305
11.5072,0.6305
11.5077,0.6305
11.5083,0.6255
11.5088,0.6355
11.5094,0.6355
11.5099,0.6355
11.5105,0.6305
11.5110,0.6305
11.5116,0.6305
11.5121,0.6355
11.5127,0.6305
11.5132,0.6305
11.5138,0.6305
11.5143,0.6305
11.5149,0.6305
11.5154,0.6355
11.5160,0.6355
11.5165,0.6355
11.5171,0.6305
11.5176,0.6305
11.5182,0.6305
11.5187,0.6305
11.5193,0.6305
11.5198,0.6305
11.5203,0.6305
11.5209,0.6355
11.5214,0.6305
11.5220,0.6305
11.5225,0.6305
11.5231,0.6305
11.5236,0.6355
11.5242,0.6355
11.5247,0.6355
11.5253,0.6305
11.5258,0.6305
11.5264,0.6305
11.5269,0.6305
11.5275,0.6305
11.5280,0.6355
11.5285,0.6305
11.5291,0.6355
11.5296,0.6305
11.5302,0.6305
11.5307,0.6305
11.5313,0.6355
11.5318,0.6305
11.5324,0.6355
11.5329,0.6355
11.5335,0.6355
11.5340,0.6355
11.5346,0.6355
11.5351,0.6305
11.5356,0.6305
11.5362,0.6355
11.5367,0.6305
11.5373,0.6355
11.5378,0.6305
11.5384,0.6305
11.5389,0.6305
11.5395,0.6305
11.5400,0.6305
11.5406,0.6355
11.5411,0.6355
11.5417,0.6355
11.5422,0.6305
11.5428,0.6305
11.5433,0.6355
11.5439,0.6355
11.5444,0.6305
11.5450,0.6255
11.5455,0.6305
11.5461,0.6305
11.5466,0.6355
11.5472,0.6305
11.5477,0.6305
11.5483,0.6305
11.5488,0.6305
11.5494,0.6355
11.5499,0.6305
11.5504,0.6305
11.5510,0.6305
11.5515,0.6255
11.5521,0.6305
11.5526,0.6355
11.5532,0.6255
11.5537,0.6355
11.5543,0.6305
11.5548,0.6355
11.5554,0.6355
11.5559,0.6305
11.5565,0.6305
11.5570,0.6355
11.5575,0.6305
11.5581,0.6305
11.5586,0.6305
11.5592,0.6355
11.5597,0.6355
11.5603,0.6355
11.5608,0.6305
11.5614,0.6355
11.5619,0.6305
11.5625,0.6305
11.5630,0.6355
11.5636,0.6305
11.5641,0.6305
11.5646,0.6355
11.5652,0.6305
11.5657,0.6305
11.5663,0.6255
11.5668,0.6305
11.5674,0.6355
11.5679,0.6305
11.5685,0.6305
11.5690,0.6305
11.5696,0.6305
11.5701,0.6355
11.5707,0.6305
11.5712,0.6255
11.5718,0.6305
11.5723,0.6305
11.5728,0.6305
11.5734,0.6305
11.5739,0.6355
11.5745,0.6305
11.5750,0.6305
11.5756,0.6305
11.5761,0.6305
11.5767,0.6255
11.5772,0.6305
11.5778,0.6305
11.5783,0.6355
11.5789,0.6305
11.5794,0.6355
11.5800,0.6305
11.5805,0.6305
11.5810,0.6305
11.5816,0.6255
11.5821,0.6305
11.5827,0.6305
11.5833,0.6355
11.5838,0.6305
11.5843,0.6305
11.5849,0.6305
11.5854,0.6305
11.5860,0.6305
11.5865,0.6305
11.5871,0.6305
11.5876,0.6355
11.5882,0.6305
11.5887,0.6305
11.5893,0.6355
11.5898,0.6305
11.5904,0.6305
11.5909,0.6305
11.5915,0.6355
11.5920,0.6305
11.5925,0.6355
11.5931,0.6305
11.5936,0.6355
11.5942,0.6305
11.5947,0.6355
11.5953,0.6355
11.5958,0.6355
11.5964,0.6305
11.5969,0.6355
11.5975,0.6305
11.5980,0.6355
11.5986,0.6305
11.5991,0.6305
11.5996,0.6305
11.6002,0.6305
11.6007,0.6355
11.6013,0.6305
11.6018,0.6305
11.6024,0.6305
11.6029,0.6305
11.6035,0.6305
11.6040,0.6305
11.6046,0.6305
11.6051,0.6355
11.6057,0.6305
11.6062,0.6305
11.6068,0.6355
11.6073,0.6355
11.6079,0.6355
11.6084,0.6355
11.6089,0.6305
11.6095,0.6355
11.6100,0.6305
11.6106,0.6305
11.6111,0.6305
11.6117,0.6305
11.6122,0.6305
11.6128,0.6305
11.6133,0.6355
11.6139,0.6255
11.6144,0.6355
11.6150,0.6305
11.6155,0.6305
11.6161,0.6255
11.6166,0.6305
11.6172,0.6355
11.6177,0.6305
11.6183,0.6305
11.6188,0.6305
11.6194,0.6355
11.6199,0.6305
11.6205,0.6355
11.6210,0.6355
11.6215,0.6305
11.6221,0.6355
11.6226,0.6305
11.6232,0.6305
11.6237,0.6305
11.6243,0.6305
11.6248,0.6355
11.6254,0.6305
11.6259,0.6355
11.6265,0.6355
11.6270,0.6305
11.6276,0.6355
11.6281,0.6305
11.6287,0.6305
11.6292,0.6355
11.6297,0.6305
11.6303,0.6355
11.6308,0.6305
11.6314,0.6355
11.6319,0.6305
11.6325,0.6305
11.6330,0.6355
11.6336,0.6355
11.6341,0.6305
11.6347,0.6355
11.6352,0.6305
11.6358,0.6355
11.6363,0.6305
11.6368,0.6305
11.6374,0.6305
11.6379,0.6355
11.6385,0.6355
11.6390,0.6355
11.6396,0.6355
11.6401,0.6305
11.6407,0.6255
11.6412,0.6355
11.6418,0.6305
11.6423,0.6355
11.6429,0.6355
11.6434,0.6355
11.6440,0.6305
11.6445,0.6305
11.6451,0.6305
11.6456,0.6305
11.6462,0.6255
11.6467,0.6305
11.6473,0.6305
11.6478,0.6305
11.6483,0.6305
11.6489,0.6305
11.6494,0.6305
11.6500,0.6355
11.6505,0.6305
11.6511,0.6305
11.6516,0.6305
11.6522,0.6305
11.6527,0.6305
11.6533,0.6305
11.6538,0.6355
11.6544,0.6355
11.6549,0.6305
11.6555,0.6305
11.6560,0.6355
11.6566,0.6355
11.6571,0.6305
11.6577,0.6305
11.6582,0.6305
11.6588,0.6255
11.6593,0.6305
11.6599,0.6305
11.6604,0.6355
11.6609,0.6305
11.6615,0.6355
11.6620,0.6305
11.6626,0.6305
11.6631,0.6305
11.6637,0.6355
11.6642,0.6305
11.6648,0.6305
11.6653,0.6355
11.6659,0.6305
11.6664,0.6305
11.6670,0.6305
11.6675,0.6355
11.6680,0.6355
11.6686,0.6305
11.6691,0.6355
11.6697,0.6305
11.6702,0.6305
11.6708,0.6355
11.6713,0.6305
11.6719,0.6355
11.6724,0.6305
11.6730,0.6305
11.6735,0.6305
11.6741,0.6305
11.6746,0.6305
11.6751,0.6355
11.6757,0.6305
11.6762,0.6305
11.6768,0.6305
11.6773,0.6305
11.6779,0.6305
11.6784,0.6305
11.6790,0.6305
11.6795,0.6305
11.6801,0.6305
11.6806,0.6305
11.6812,0.6305
11.6817,0.6255
11.6822,0.6355
11.6828,0.6305
11.6833,0.6355
11.6839,0.6305
11.6844,0.6305
11.6850,0.6355
11.6855,0.6355
11.6861,0.6305
11.6866,0.6305
11.6872,0.6305
11.6877,0.6305
11.6883,0.6305
11.6888,0.6355
11.6894,0.6305
11.6899,0.6355
11.6904,0.6305
11.6910,0.6305
11.6915,0.6355
11.6921,0.6305
11.6926,0.6305
11.6932,0.6305
11.6937,0.6305
11.6943,0.6355
11.6948,0.6305
11.6954,0.6305
11.6959,0.6305
11.6965,0.6305
11.6970,0.6305
11.6975,0.6355
11.6981,0.6355
11.6986,0.6305
11.6992,0.6305
11.6997,0.6305
11.7003,0.6305
11.7008,0.6305
11.7014,0.6305
11.7019,0.6355
11.7025,0.6355
11.7030,0.6355
11.7036,0.6355
11.7041,0.6305
11.7046,0.6305
11.7052,0.6305
11.7057,0.6305
11.7063,0.6355
11.7068,0.6305
11.7074,0.6305
11.7079,0.6305
11.7085,0.6305
11.7090,0.6305
11.7096,0.6305
11.7101,0.6305
11.7107,0.6305
11.7112,0.6305
11.7118,0.6305
11.7123,0.6355
11.7129,0.6305
11.7134,0.6355
11.7139,0.6305
11.7145,0.6305
11.7150,0.6305
11.7156,0.6305
11.7161,0.6305
11.7167,0.6305
11.7172,0.6305
11.7178,0.6355
11.7183,0.6305
11.7189,0.6355
11.7194,0.6355
11.7200,0.6355
11.7205,0.6305
11.7211,0.6305
11.7216,0.6305
11.7222,0.6355
11.7227,0.6305
11.7233,0.6255
11.7238,0.6305
11.7244,0.6355
11.7249,0.6355
11.7254,0.6355
11.7260,0.6305
11.7265,0.6355
11.7271,0.6355
11.7276,0.6305
11.7282,0.6406
11.7287,0.6355
11.7293,0.6305
11.7298,0.6305
11.7304,0.6305
11.7309,0.6355
11.7315,0.6305
11.7320,0.6305
11.7326,0.6255
11.7331,0.6305
11.7336,0.6355
11.7342,0.6305
11.7347,0.6355
11.7353,0.6305
11.7358,0.6305
11.7364,0.6355
11.7369,0.6305
11.7375,0.6305
11.7380,0.6355
11.7386,0.6305
11.7391,0.6305
11.7397,0.6305
11.7402,0.6355
11.7407,0.6305
11.7413,0.6305
11.7419,0.6355
11.7424,0.6305
11.7430,0.6255
11.7435,0.6305
11.7440,0.6305
11.7446,0.6305
11.7451,0.6355
11.7457,0.6355
11.7462,0.6305
11.7468,0.6305
11.7473,0.6355
11.7479,0.6355
11.7484,0.6305
11.7490,0.6355
11.7495,0.6305
11.7501,0.6305
11.7506,0.6305
11.7511,0.6355
11.7517,0.6305
11.7522,0.6305
11.7528,0.6355
11.7533,0.6305
11.7539,0.6305
11.7544,0.6255
11.7550,0.6305
11.7555,0.6305
11.7562,0.6305
11.7567,0.6305
11.7572,0.6355
11.7578,0.6305
11.7583,0.6305
11.7589,0.6355
11.7594,0.6305
11.7600,0.6305
11.7605,0.6305
11.7611,0.6305
11.7616,0.6305
11.7622,0.6305
11.7627,0.6305
11.7633,0.6305
11.7638,0.6355
11.7643,0.6305
11.7649,0.6305
11.7654,0.6305
11.7660,0.6305
11.7665,0.6355
11.7671,0.6305
11.7676,0.6355
11.7682,0.6305
11.7687,0.6305
11.7693,0.6355
11.7698,0.6355
11.7704,0.6355
11.7709,0.6305
11.7715,0.6305
11.7720,0.6305
11.7725,0.6305
11.7731,0.6355
11.7736,0.6355
11.7742,0.6355
11.7747,0.6305
11.7753,0.6305
11.7758,0.6355
11.7764,0.6305
11.7769,0.6305
11.7775,0.6305
11.7780,0.6305
11.7786,0.6305
11.7791,0.6355
11.7796,0.6355
11.7802,0.6255
11.7807,0.6305
11.7813,0.6355
11.7818,0.6305
11.7824,0.6305
11.7829,0.6305
11.7835,0.6305
11.7840,0.6305
11.7846,0.6305
11.7851,0.6305
11.7857,0.6355
11.7862,0.6305
11.7868,0.6255
11.7873,0.6305
11.7878,0.6355
11.7884,0.6305
11.7889,0.6305
11.7895,0.6305
11.7900,0.6305
11.7906,0.6305
11.7911,0.6305
11.7917,0.6305
11.7922,0.6355
11.7928,0.6305
11.7933,0.6305
11.7939,0.6355
11.7944,0.6305
11.7950,0.6305
11.7955,0.6305
11.7961,0.6355
11.7966,0.6305
11.7972,0.6305
11.7977,0.6305
11.7983,0.6305
11.7988,0.6355
11.7994,0.6305
11.7999,0.6355
11.8004,0.6305
11.8010,0.6355
11.8015,0.6305
11.8021,0.6255
11.8026,0.6305
11.8032,0.6305
11.8037,0.6355
11.8043,0.6355
11.8048,0.6305
11.8054,0.6355
11.8059,0.6305
11.8065,0.6355
11.8070,0.6355
11.8076,0.6305
11.8081,0.6305
11.8086,0.6305
11.8092,0.6305
11.8097,0.6305
11.8103,0.6305
11.8108,0.6305
11.8114,0.6355
11.8119,0.6355
11.8125,0.6305
11.8130,0.6305
11.8136,0.6305
11.8141,0.6355
11.8147,0.6305
11.8152,0.6355
11.8157,0.6355
11.8163,0.6355
11.8168,0.6305
11.8174,0.6355
11.8179,0.6355
11.8185,0.6305
11.8190,0.6305
11.8196,0.6255
11.8201,0.6305
11.8207,0.6305
11.8212,0.6305
11.8218,0.6355
11.8223,0.6355
11.8228,0.6305
11.8234,0.6305
11.8239,0.6305
11.8245,0.6305
11.8250,0.6255
11.8256,0.6305
11.8261,0.6355
11.8267,0.6355
11.8272,0.6355
11.8278,0.6305
11.8283,0.6305
11.8289,0.6305
11.8294,0.6355
11.8300,0.6305
11.8305,0.6255
11.8310,0.6305
11.8316,0.6305
11.8321,0.6305
11.8327,0.6355
11.8332,0.6305
11.8338,0.6305
11.8343,0.6355
11.8349,0.6305
11.8354,0.6305
11.8360,0.6305
11.8365,0.6355
11.8371,0.6305
11.8376,0.6305
11.8382,0.6305
11.8387,0.6305
11.8392,0.6355
11.8398,0.6305
11.8403,0.6355
11.8409,0.6355
11.8414,0.6305
11.8420,0.6305
11.8425,0.6355
11.8431,0.6305
11.8436,0.6305
11.8442,0.6305
11.8447,0.6355
11.8453,0.6355
11.8458,0.6305
11.8464,0.6305
11.8469,0.6355
11.8475,0.6305
11.8480,0.6305
11.8486,0.6305
11.8491,0.6305
11.8496,0.6305
11.8502,0.6355
11.8507,0.6305
11.8513,0.6305
11.8518,0.6305
11.8524,0.6355
11.8529,0.6355
11.8535,0.6305
11.8540,0.6305
11.8546,0.6305
11.8551,0.6305
11.8557,0.6355
11.8562,0.6305
11.8567,0.6305
11.8573,0.6305
11.8578,0.6255
11.8584,0.6355
11.8589,0.6355
11.8595,0.6305
11.8600,0.6305
11.8606,0.6305
11.8611,0.6305
11.8617,0.6305
11.8622,0.6305
11.8628,0.6355
11.8633,0.6355
11.8639,0.6305
11.8644,0.6305
11.8650,0.6355
11.8655,0.6305
11.8661,0.6305
11.8666,0.6305
11.8672,0.6355
11.8677,0.6305
11.8683,0.6305
11.8688,0.6305
11.8694,0.6355
11.8699,0.6355
11.8705,0.6305
11.8710,0.6305
11.8716,0.6305
11.8721,0.6355
11.8726,0.6305
11.8732,0.6305
11.8737,0.6355
11.8743,0.6305
11.8748,0.6355
11.8754,0.6305
11.8759,0.6305
11.8765,0.6305
11.8770,0.6355
11.8776,0.6355
11.8781,0.6255
11.8787,0.6305
11.8792,0.6305
11.8798,0.6305
11.8803,0.6355
11.8808,0.6255
11.8814,0.6305
11.8819,0.6305
11.8825,0.6355
11.8830,0.6305
11.8836,0.6305
11.8841,0.6305
11.8847,0.6355
11.8852,0.6355
11.8858,0.6355
11.8863,0.6355
11.8869,0.6355
11.8874,0.6255
11.8880,0.6305
11.8885,0.6305
11.8890,0.6305
11.8896,0.6305
11.8901,0.6355
11.8907,0.6305
11.8912,0.6355
11.8918,0.6305
11.8923,0.6305
11.8929,0.6355
11.8934,0.6355
11.8940,0.6355
11.8945,0.6305
11.8950,0.6305
11.8956,0.6305
11.8961,0.6355
11.8967,0.6355
11.8972,0.6305
11.8978,0.6305
11.8983,0.6355
11.8989,0.6305
11.8994,0.6305
11.9000,0.6255
11.9005,0.6305
11.9011,0.6355
11.9016,0.6305
11.9022,0.6355
11.9027,0.6255
11.9032,0.6305
11.9038,0.6305
11.9043,0.6355
11.9049,0.6305
11.9054,0.6305
11.9060,0.6305
11.9065,0.6355
11.9071,0.6305
11.9076,0.6305
11.9082,0.6355
11.9087,0.6355
11.9093,0.6355
11.9098,0.6305
11.9103,0.6305
11.9109,0.6305
11.9114,0.6305
11.9120,0.6305
11.9125,0.6305
11.9131,0.6305
11.9136,0.6305
11.9142,0.6305
11.9147,0.6305
11.9153,0.6355
11.9158,0.6255
11.9164,0.6305
11.9169,0.6305
11.9175,0.6305
11.9180,0.6305
11.9185,0.6305
11.9191,0.6305
11.9196,0.6305
11.9202,0.6305
11.9207,0.6305
11.9213,0.6305
11.9218,0.6355
11.9224,0.6305
11.9229,0.6305
11.9235,0.6305
11.9240,0.6305
11.9246,0.6305
11.9251,0.6305
11.9256,0.6305
11.9262,0.6305
11.9267,0.6305
11.9273,0.6305
11.9278,0.6305
11.9284,0.6355
11.9289,0.6305
11.9295,0.6355
11.9300,0.6355
11.9307,0.6355
11.9312,0.6255
11.9318,0.6355
11.9323,0.6305
11.9329,0.6305
11.9334,0.6305
11.9340,0.6355
11.9345,0.6305
11.9351,0.6305
11.9356,0.6305
11.9362,0.6305
11.9367,0.6305
11.9373,0.6305
11.9378,0.6305
11.9383,0.6305
11.9389,0.6305
11.9394,0.6355
11.9400,0.6305
11.9405,0.6305
11.9411,0.6355
11.9416,0.6355
11.9422,0.6305
11.9427,0.6305
11.9433,0.6305
11.9438,0.6355
11.9444,0.6305
11.9449,0.6305
11.9455,0.6305
11.9460,0.6355
11.9466,0.6305
11.9471,0.6305
11.9477,0.6355
11.9482,0.6305
11.9487,0.6355
11.9493,0.6355
11.9499,0.6355
11.9504,0.6305
11.9510,0.6305
11.9515,0.6355
11.9521,0.6305
11.9526,0.6305
11.9532,0.6305
11.9537,0.6355
11.9543,0.6305
11.9548,0.6355
11.9553,0.6305
11.9559,0.6305
11.9564,0.6305
11.9570,0.6355
11.9575,0.6305
11.9581,0.6305
11.9586,0.6355
11.9592,0.6305
11.9597,0.6305
11.9603,0.6305
11.9608,0.6355
11.9614,0.6305
11.9619,0.6305
11.9625,0.6305
11.9630,0.6305
11.9636,0.6355
11.9641,0.6305
11.9646,0.6305
11.9652,0.6305
11.9657,0.6305
11.9663,0.6305
11.9668,0.6305
11.9674,0.6355
11.9679,0.6355
11.9685,0.6305
11.9690,0.6305
11.9696,0.6305
11.9701,0.6305
11.9707,0.6305
11.9712,0.6305
11.9717,0.6355
11.9723,0.6305
11.9728,0.6305
11.9734,0.6305
11.9739,0.6305
11.9745,0.6305
11.9750,0.6305
11.9756,0.6355
11.9761,0.6305
11.9767,0.6305
11.9772,0.6305
11.9778,0.6305
11.9783,0.6305
11.9789,0.6355
11.9794,0.6305
11.9799,0.6355
11.9805,0.6305
11.9810,0.6355
11.9816,0.6305
11.9821,0.6305
11.9827,0.6355
11.9832,0.6305
11.9838,0.6355
11.9843,0.6355
11.9849,0.6305
11.9854,0.6305
11.9860,0.6305
11.9865,0.6355
11.9871,0.6355
11.9876,0.6305
11.9881,0.6355
11.9887,0.6305
11.9892,0.6305
11.9898,0.6305
11.9903,0.6305
11.9909,0.6305
11.9914,0.6355
11.9920,0.6305
11.9925,0.6355
11.9931,0.6355
11.9936,0.6305
11.9942,0.6305
11.9947,0.6305
11.9952,0.6355
11.9958,0.6355
11.9963,0.6305
11.9969,0.6305
11.9974,0.6355
11.9980,0.6355
11.9985,0.6355
11.9991,0.6305
11.9996,0.6305
12.0002,0.6305
