Время[c],Напряжение[В]
0.0000,1.3770
0.0006,1.3770
0.0011,1.3720
0.0016,1.3770
0.0021,1.3720
0.0026,1.3770
0.0032,1.3770
0.0037,1.3720
0.0042,1.3770
0.0047,1.3770
0.0053,1.3720
0.0058,1.3720
0.0063,1.3770
0.0068,1.3821
0.0073,1.3770
0.0079,1.3821
0.0084,1.3770
0.0089,1.3770
0.0094,1.3720
0.0099,1.3720
0.0105,1.3720
0.0110,1.3770
0.0115,1.3770
0.0120,1.3770
0.0125,1.3770
0.0131,1.3770
0.0136,1.3720
0.0141,1.3770
0.0146,1.3720
0.0151,1.3770
0.0157,1.3770
0.0162,1.3821
0.0167,1.3770
0.0172,1.3770
0.0177,1.3770
0.0183,1.3720
0.0188,1.3770
0.0193,1.3770
0.0198,1.3770
0.0203,1.3770
0.0209,1.3770
0.0214,1.3770
0.0219,1.3720
0.0224,1.3770
0.0229,1.3770
0.0235,1.3821
0.0240,1.3770
0.0245,1.3770
0.0250,1.3770
0.0256,1.3720
0.0261,1.3720
0.0266,1.3770
0.0271,1.3720
0.0276,1.3720
0.0282,1.3770
0.0287,1.3770
0.0292,1.3770
0.0297,1.3770
0.0302,1.3770
0.0308,1.3770
0.0313,1.3770
0.0318,1.3770
0.0323,1.3770
0.0328,1.3770
0.0334,1.3770
0.0339,1.3770
0.0344,1.3770
0.0349,1.3770
0.0354,1.3770
0.0360,1.3720
0.0365,1.3770
0.0370,1.3720
0.0375,1.3770
0.0380,1.3770
0.0386,1.3770
0.0391,1.3720
0.0396,1.3720
0.0401,1.3720
0.0406,1.3720
0.0412,1.3720
0.0417,1.3720
0.0422,1.3720
0.0427,1.3720
0.0432,1.3720
0.0438,1.3770
0.0443,1.3770
0.0448,1.3720
0.0453,1.3720
0.0459,1.3720
0.0464,1.3770
0.0469,1.3720
0.0474,1.3720
0.0479,1.3770
0.0485,1.3770
0.0490,1.3720
0.0495,1.3770
0.0500,1.3720
0.0505,1.3770
0.0511,1.3720
0.0516,1.3720
0.0521,1.3770
0.0526,1.3770
0.0531,1.3770
0.0537,1.3770
0.0542,1.3770
0.0547,1.3720
0.0552,1.3720
0.0557,1.3770
0.0563,1.3770
0.0568,1.3770
0.0573,1.3770
0.0578,1.3720
0.0583,1.3770
0.0589,1.3720
0.0594,1.3770
0.0599,1.3770
0.0604,1.3770
0.0609,1.3770
0.0615,1.3720
0.0620,1.3720
0.0625,1.3720
0.0630,1.3720
0.0635,1.3720
0.0641,1.3770
0.0646,1.3720
0.0651,1.3720
0.0656,1.3720
0.0661,1.3720
0.0667,1.3720
0.0672,1.3720
0.0677,1.3720
0.0682,1.3720
0.0687,1.3770
0.0693,1.3770
0.0698,1.3770
0.0703,1.3720
0.0708,1.3720
0.0714,1.3720
0.0719,1.3720
0.0724,1.3720
0.0729,1.3720
0.0734,1.3770
0.0740,1.3720
0.0745,1.3770
0.0750,1.3770
0.0755,1.3720
0.0760,1.3720
0.0766,1.3720
0.0771,1.3720
0.0776,1.3720
0.0781,1.3770
0.0787,1.3720
0.0792,1.3770
0.0797,1.3720
0.0802,1.3770
0.0807,1.3770
0.0813,1.3720
0.0818,1.3770
0.0823,1.3720
0.0828,1.3720
0.0834,1.3770
0.0839,1.3770
0.0844,1.3770
0.0849,1.3669
0.0855,1.3720
0.0860,1.3770
0.0865,1.3770
0.0871,1.3770
0.0876,1.3770
0.0881,1.3770
0.0886,1.3770
0.0892,1.3770
0.0897,1.3770
0.0902,1.3720
0.0908,1.3770
0.0913,1.3821
0.0918,1.3770
0.0924,1.3770
0.0929,1.3770
0.0934,1.3720
0.0940,1.3770
0.0945,1.3720
0.0950,1.3720
0.0956,1.3770
0.0961,1.3770
0.0966,1.3821
0.0972,1.3770
0.0977,1.3821
0.0982,1.3770
0.0988,1.3770
0.0993,1.3770
0.0998,1.3770
0.1004,1.3770
0.1010,1.3770
0.1015,1.3821
0.1020,1.3770
0.1026,1.3770
0.1031,1.3821
0.1036,1.3821
0.1042,1.3821
0.1047,1.3821
0.1052,1.3821
0.1058,1.3821
0.1063,1.3821
0.1068,1.3821
0.1074,1.3821
0.1079,1.3821
0.1084,1.3821
0.1090,1.3821
0.1095,1.3871
0.1101,1.3821
0.1106,1.3821
0.1112,1.3821
0.1117,1.3871
0.1123,1.3871
0.1129,1.3871
0.1134,1.3871
0.1140,1.3871
0.1145,1.3821
0.1150,1.3821
0.1155,1.3821
0.1160,1.3871
0.1166,1.3821
0.1171,1.3871
0.1176,1.3871
0.1181,1.3821
0.1187,1.3821
0.1192,1.3871
0.1197,1.3871
0.1202,1.3871
0.1207,1.3871
0.1213,1.3871
0.1218,1.3871
0.1223,1.3821
0.1228,1.3921
0.1234,1.3821
0.1239,1.3871
0.1244,1.3921
0.1249,1.3921
0.1255,1.3871
0.1260,1.3871
0.1265,1.3871
0.1270,1.3921
0.1275,1.3921
0.1281,1.3921
0.1286,1.3921
0.1291,1.3921
0.1296,1.3921
0.1301,1.3921
0.1307,1.3921
0.1312,1.3921
0.1317,1.3921
0.1322,1.3921
0.1328,1.3871
0.1333,1.3921
0.1338,1.3921
0.1343,1.3921
0.1348,1.3972
0.1354,1.3972
0.1359,1.3921
0.1364,1.3921
0.1369,1.3921
0.1374,1.3972
0.1380,1.3921
0.1385,1.3972
0.1390,1.3972
0.1395,1.3972
0.1401,1.3972
0.1406,1.3972
0.1411,1.3921
0.1416,1.3972
0.1421,1.3972
0.1427,1.3972
0.1432,1.3972
0.1437,1.4022
0.1442,1.4022
0.1448,1.4022
0.1453,1.3972
0.1458,1.3972
0.1463,1.3921
0.1468,1.4022
0.1474,1.3972
0.1479,1.3972
0.1484,1.4022
0.1489,1.3921
0.1494,1.4022
0.1500,1.3972
0.1505,1.4022
0.1510,1.3921
0.1515,1.4022
0.1521,1.4022
0.1526,1.4022
0.1531,1.4022
0.1536,1.4022
0.1541,1.4022
0.1547,1.4022
0.1552,1.4022
0.1557,1.4022
0.1562,1.4022
0.1568,1.4073
0.1573,1.4073
0.1578,1.3972
0.1583,1.4073
0.1588,1.4022
0.1594,1.4022
0.1599,1.4022
0.1604,1.4022
0.1609,1.3972
0.1614,1.4022
0.1620,1.4022
0.1625,1.4022
0.1630,1.4073
0.1636,1.4073
0.1641,1.4022
0.1647,1.4022
0.1652,1.4073
0.1657,1.4022
0.1662,1.4022
0.1668,1.4022
0.1673,1.4022
0.1678,1.4073
0.1683,1.4073
0.1688,1.4022
0.1694,1.4022
0.1699,1.4073
0.1704,1.4073
0.1709,1.4073
0.1714,1.4073
0.1720,1.4022
0.1725,1.4073
0.1730,1.4073
0.1735,1.4073
0.1741,1.4073
0.1746,1.4073
0.1751,1.4022
0.1756,1.3972
0.1761,1.4022
0.1767,1.4073
0.1772,1.4073
0.1777,1.4022
0.1782,1.4022
0.1788,1.4073
0.1793,1.4073
0.1798,1.4073
0.1803,1.4022
0.1808,1.4073
0.1814,1.4022
0.1819,1.4073
0.1824,1.4073
0.1829,1.4022
0.1834,1.4022
0.1840,1.4073
0.1845,1.4073
0.1850,1.4073
0.1855,1.4073
0.1861,1.4073
0.1866,1.4022
0.1871,1.4022
0.1876,1.4022
0.1881,1.4022
0.1887,1.4073
0.1892,1.4073
0.1897,1.4073
0.1902,1.4073
0.1907,1.4073
0.1913,1.4073
0.1918,1.4123
0.1923,1.4073
0.1928,1.4073
0.1934,1.4073
0.1939,1.4073
0.1944,1.4073
0.1949,1.4073
0.1954,1.4073
0.1960,1.4022
0.1965,1.4073
0.1970,1.4123
0.1975,1.4073
0.1980,1.4022
0.1986,1.4022
0.1991,1.4022
0.1996,1.4073
0.2001,1.4073
0.2007,1.4073
0.2012,1.4073
0.2017,1.4073
0.2022,1.4073
0.2027,1.4073
0.2033,1.4073
0.2038,1.4073
0.2043,1.4022
0.2048,1.4123
0.2053,1.4073
0.2059,1.4022
0.2064,1.4073
0.2069,1.4073
0.2074,1.4073
0.2080,1.4073
0.2085,1.4073
0.2090,1.4073
0.2095,1.4073
0.2100,1.4123
0.2106,1.4073
0.2111,1.4123
0.2116,1.4073
0.2121,1.4073
0.2127,1.4073
0.2132,1.4123
0.2137,1.4073
0.2142,1.4022
0.2147,1.4073
0.2153,1.4073
0.2158,1.4073
0.2163,1.4073
0.2168,1.4073
0.2173,1.4073
0.2179,1.4073
0.2184,1.4073
0.2189,1.4123
0.2194,1.4073
0.2200,1.4073
0.2205,1.4022
0.2210,1.4022
0.2215,1.4073
0.2220,1.4073
0.2226,1.4073
0.2231,1.4073
0.2236,1.4073
0.2241,1.4022
0.2247,1.4073
0.2252,1.4073
0.2257,1.4073
0.2262,1.4073
0.2267,1.4073
0.2273,1.4022
0.2278,1.4022
0.2283,1.4022
0.2288,1.4073
0.2294,1.4022
0.2299,1.4073
0.2304,1.4073
0.2310,1.4022
0.2316,1.4073
0.2321,1.4073
0.2327,1.4073
0.2333,1.4073
0.2338,1.4073
0.2343,1.4073
0.2349,1.4073
0.2354,1.4073
0.2360,1.4073
0.2365,1.4073
0.2370,1.4123
0.2376,1.4123
0.2381,1.4073
0.2386,1.4073
0.2391,1.4073
0.2397,1.4073
0.2402,1.4022
0.2408,1.4022
0.2414,1.4073
0.2420,1.4073
0.2425,1.4073
0.2431,1.4073
0.2436,1.4073
0.2442,1.4073
0.2448,1.4022
0.2453,1.4073
0.2459,1.4073
0.2465,1.4073
0.2470,1.4073
0.2475,1.4073
0.2480,1.4073
0.2486,1.4073
0.2491,1.4073
0.2496,1.4073
0.2501,1.4073
0.2507,1.4073
0.2512,1.4073
0.2517,1.4073
0.2522,1.4073
0.2528,1.4073
0.2533,1.4073
0.2538,1.4073
0.2543,1.4073
0.2548,1.4073
0.2554,1.4073
0.2559,1.4022
0.2564,1.4022
0.2569,1.4073
0.2575,1.4073
0.2580,1.4073
0.2585,1.4022
0.2591,1.4073
0.2596,1.4073
0.2601,1.4073
0.2606,1.4073
0.2612,1.4073
0.2617,1.4123
0.2622,1.4073
0.2627,1.4073
0.2633,1.4073
0.2638,1.4073
0.2643,1.4073
0.2648,1.4073
0.2653,1.4123
0.2659,1.4073
0.2664,1.4073
0.2669,1.4073
0.2674,1.4022
0.2680,1.4123
0.2685,1.4073
0.2690,1.4073
0.2695,1.4022
0.2700,1.4123
0.2706,1.4073
0.2711,1.4022
0.2716,1.4073
0.2721,1.4073
0.2726,1.4073
0.2732,1.4073
0.2737,1.4073
0.2742,1.4073
0.2747,1.4022
0.2753,1.4073
0.2758,1.4073
0.2763,1.4073
0.2768,1.4073
0.2774,1.4073
0.2779,1.4073
0.2784,1.4073
0.2789,1.4073
0.2795,1.4073
0.2800,1.4073
0.2805,1.4073
0.2810,1.4073
0.2815,1.4073
0.2821,1.4073
0.2826,1.4073
0.2831,1.4073
0.2836,1.4123
0.2842,1.4022
0.2847,1.4073
0.2852,1.4073
0.2857,1.4022
0.2862,1.4022
0.2868,1.3972
0.2873,1.4073
0.2878,1.4022
0.2883,1.3972
0.2889,1.3972
0.2894,1.4022
0.2899,1.4022
0.2904,1.4073
0.2909,1.4073
0.2915,1.4073
0.2920,1.4022
0.2925,1.4073
0.2930,1.4022
0.2936,1.4022
0.2941,1.4022
0.2946,1.4022
0.2951,1.4022
0.2957,1.3972
0.2962,1.3972
0.2967,1.4022
0.2972,1.4073
0.2977,1.4022
0.2983,1.4022
0.2988,1.4073
0.2993,1.4022
0.2998,1.4022
0.3004,1.4022
0.3009,1.4073
0.3014,1.4022
0.3019,1.4022
0.3025,1.4022
0.3030,1.4073
0.3035,1.4022
0.3040,1.4022
0.3046,1.4073
0.3051,1.4022
0.3056,1.4073
0.3061,1.4022
0.3067,1.4022
0.3072,1.4022
0.3077,1.4022
0.3082,1.4022
0.3087,1.4022
0.3093,1.4073
0.3098,1.3972
0.3103,1.3972
0.3108,1.3972
0.3113,1.4022
0.3119,1.3972
0.3124,1.4022
0.3129,1.4022
0.3134,1.4022
0.3140,1.4022
0.3145,1.4022
0.3150,1.4022
0.3155,1.4022
0.3161,1.4022
0.3166,1.4022
0.3171,1.4022
0.3176,1.4022
0.3182,1.4022
0.3187,1.4022
0.3192,1.4022
0.3197,1.4022
0.3202,1.3972
0.3208,1.4022
0.3213,1.4022
0.3218,1.4022
0.3223,1.3972
0.3229,1.4022
0.3234,1.4022
0.3239,1.4022
0.3244,1.4022
0.3250,1.4022
0.3255,1.3972
0.3260,1.3972
0.3265,1.3972
0.3271,1.4022
0.3276,1.3972
0.3281,1.4022
0.3286,1.4022
0.3291,1.4022
0.3297,1.3972
0.3302,1.3972
0.3307,1.4022
0.3312,1.4022
0.3318,1.4022
0.3323,1.4022
0.3328,1.4022
0.3333,1.3972
0.3339,1.3972
0.3344,1.3972
0.3349,1.3921
0.3354,1.3972
0.3359,1.3972
0.3365,1.3972
0.3370,1.3972
0.3375,1.3972
0.3380,1.4022
0.3386,1.3921
0.3391,1.3921
0.3396,1.3972
0.3401,1.3972
0.3407,1.3972
0.3413,1.4022
0.3418,1.4022
0.3424,1.3921
0.3430,1.3972
0.3436,1.3972
0.3442,1.3972
0.3447,1.3972
0.3453,1.3921
0.3458,1.3972
0.3464,1.3972
0.3470,1.3972
0.3476,1.3972
0.3481,1.3972
0.3487,1.3972
0.3492,1.3972
0.3497,1.3972
0.3502,1.3972
0.3508,1.3972
0.3513,1.3972
0.3518,1.3972
0.3523,1.3972
0.3528,1.4022
0.3534,1.3972
0.3539,1.3972
0.3545,1.3972
0.3550,1.3921
0.3555,1.3972
0.3560,1.4022
0.3566,1.3972
0.3571,1.3972
0.3576,1.3972
0.3581,1.4022
0.3587,1.3972
0.3592,1.3972
0.3597,1.3972
0.3603,1.3921
0.3608,1.3972
0.3613,1.3921
0.3618,1.3972
0.3624,1.3921
0.3629,1.3972
0.3634,1.3972
0.3639,1.3921
0.3644,1.3972
0.3650,1.3972
0.3655,1.3921
0.3660,1.3972
0.3665,1.3921
0.3671,1.3921
0.3676,1.3972
0.3681,1.3972
0.3686,1.3972
0.3691,1.3972
0.3697,1.3972
0.3702,1.3972
0.3707,1.3972
0.3712,1.3972
0.3717,1.3921
0.3723,1.3972
0.3728,1.3972
0.3733,1.3972
0.3738,1.3921
0.3744,1.3972
0.3749,1.3921
0.3754,1.3921
0.3759,1.3972
0.3765,1.3972
0.3770,1.3972
0.3775,1.3972
0.3780,1.3972
0.3786,1.3972
0.3791,1.3972
0.3796,1.3972
0.3801,1.3972
0.3806,1.3972
0.3812,1.3972
0.3817,1.3921
0.3822,1.3972
0.3827,1.3972
0.3833,1.3972
0.3838,1.3921
0.3843,1.3972
0.3848,1.3921
0.3853,1.3972
0.3859,1.3972
0.3864,1.3972
0.3869,1.3921
0.3874,1.3921
0.3880,1.3921
0.3885,1.3972
0.3890,1.3921
0.3895,1.3921
0.3900,1.3972
0.3906,1.3972
0.3911,1.3972
0.3916,1.3921
0.3921,1.3972
0.3926,1.3972
0.3932,1.3972
0.3937,1.3921
0.3942,1.3972
0.3947,1.3972
0.3953,1.3972
0.3958,1.3972
0.3963,1.3921
0.3968,1.3921
0.3973,1.3972
0.3979,1.3972
0.3984,1.3972
0.3989,1.3972
0.3994,1.3972
0.4000,1.3921
0.4005,1.3921
0.4010,1.3972
0.4015,1.3972
0.4020,1.3972
0.4026,1.3972
0.4031,1.3921
0.4036,1.3921
0.4041,1.3972
0.4046,1.3921
0.4052,1.3972
0.4057,1.3921
0.4062,1.3921
0.4067,1.3921
0.4073,1.3972
0.4078,1.3972
0.4083,1.3972
0.4088,1.3921
0.4094,1.3921
0.4099,1.3972
0.4104,1.3921
0.4109,1.3921
0.4114,1.3972
0.4120,1.3972
0.4125,1.3921
0.4130,1.3921
0.4136,1.3972
0.4141,1.3972
0.4146,1.3972
0.4151,1.3921
0.4156,1.3972
0.4162,1.3921
0.4167,1.3921
0.4172,1.3972
0.4177,1.3972
0.4183,1.3972
0.4188,1.3921
0.4193,1.3921
0.4198,1.3972
0.4204,1.3972
0.4209,1.3921
0.4214,1.3972
0.4219,1.3921
0.4225,1.3921
0.4230,1.3921
0.4235,1.3921
0.4240,1.3921
0.4245,1.3921
0.4251,1.3921
0.4256,1.3921
0.4261,1.3972
0.4266,1.3972
0.4272,1.3972
0.4277,1.3921
0.4282,1.3921
0.4287,1.3972
0.4293,1.3972
0.4298,1.3972
0.4303,1.3972
0.4308,1.3972
0.4313,1.3972
0.4319,1.3921
0.4324,1.3921
0.4329,1.3921
0.4334,1.3921
0.4340,1.3972
0.4345,1.3972
0.4350,1.3972
0.4355,1.3972
0.4361,1.3921
0.4366,1.3972
0.4371,1.3921
0.4376,1.3921
0.4382,1.3972
0.4387,1.3972
0.4392,1.3921
0.4397,1.3972
0.4402,1.3921
0.4408,1.3972
0.4413,1.3921
0.4418,1.3921
0.4423,1.3921
0.4429,1.3921
0.4434,1.3921
0.4439,1.3921
0.4444,1.3921
0.4450,1.3921
0.4455,1.3871
0.4460,1.3921
0.4465,1.3921
0.4470,1.3972
0.4476,1.3921
0.4481,1.3921
0.4486,1.3921
0.4491,1.3972
0.4496,1.3921
0.4502,1.3921
0.4507,1.3921
0.4512,1.3921
0.4517,1.3921
0.4523,1.3921
0.4528,1.3921
0.4533,1.3972
0.4538,1.3921
0.4543,1.3921
0.4549,1.3921
0.4554,1.3921
0.4559,1.3921
0.4564,1.3921
0.4570,1.3871
0.4575,1.3921
0.4580,1.3921
0.4585,1.3921
0.4591,1.3921
0.4596,1.3921
0.4601,1.3921
0.4606,1.3921
0.4612,1.3972
0.4617,1.3972
0.4622,1.3921
0.4627,1.3921
0.4632,1.3921
0.4638,1.3972
0.4643,1.3921
0.4648,1.3921
0.4653,1.3972
0.4659,1.3972
0.4664,1.3921
0.4669,1.3921
0.4674,1.3921
0.4680,1.3921
0.4685,1.3921
0.4690,1.3921
0.4695,1.3921
0.4700,1.3972
0.4706,1.3921
0.4711,1.3921
0.4716,1.3921
0.4721,1.3921
0.4727,1.3921
0.4732,1.3921
0.4737,1.3921
0.4742,1.3921
0.4748,1.3921
0.4753,1.3972
0.4758,1.3921
0.4763,1.3921
0.4768,1.3921
0.4774,1.3921
0.4779,1.3921
0.4784,1.3921
0.4789,1.3921
0.4795,1.3921
0.4800,1.3972
0.4805,1.3921
0.4810,1.3921
0.4816,1.3921
0.4821,1.3921
0.4826,1.3921
0.4831,1.3921
0.4836,1.3921
0.4842,1.3921
0.4847,1.3921
0.4852,1.3921
0.4857,1.3921
0.4863,1.3972
0.4868,1.3871
0.4873,1.3921
0.4878,1.3921
0.4884,1.3921
0.4889,1.3921
0.4894,1.3921
0.4899,1.3921
0.4904,1.3921
0.4910,1.3972
0.4915,1.3972
0.4920,1.3921
0.4925,1.3921
0.4931,1.3871
0.4936,1.3921
0.4941,1.3921
0.4946,1.3921
0.4952,1.3921
0.4957,1.3871
0.4962,1.3871
0.4967,1.3921
0.4972,1.3921
0.4978,1.3921
0.4983,1.3921
0.4988,1.3921
0.4993,1.3871
0.4999,1.3921
0.5004,1.3871
0.5009,1.3871
0.5014,1.3921
0.5020,1.3921
0.5025,1.3921
0.5030,1.3871
0.5035,1.3921
0.5041,1.3921
0.5046,1.3871
0.5051,1.3871
0.5056,1.3871
0.5061,1.3972
0.5067,1.3871
0.5072,1.3921
0.5077,1.3921
0.5082,1.3871
0.5088,1.3921
0.5093,1.3921
0.5098,1.3871
0.5103,1.3921
0.5109,1.3871
0.5114,1.3921
0.5119,1.3871
0.5124,1.3921
0.5129,1.3921
0.5135,1.3921
0.5140,1.3921
0.5145,1.3921
0.5150,1.3921
0.5156,1.3921
0.5161,1.3921
0.5166,1.3972
0.5171,1.3871
0.5177,1.3871
0.5182,1.3871
0.5187,1.3921
0.5192,1.3871
0.5197,1.3921
0.5203,1.3921
0.5208,1.3871
0.5213,1.3921
0.5218,1.3871
0.5224,1.3921
0.5229,1.3871
0.5234,1.3921
0.5239,1.3871
0.5245,1.3921
0.5250,1.3871
0.5255,1.3871
0.5260,1.3871
0.5266,1.3921
0.5271,1.3871
0.5276,1.3871
0.5281,1.3871
0.5286,1.3921
0.5292,1.3871
0.5297,1.3921
0.5302,1.3871
0.5307,1.3871
0.5313,1.3871
0.5318,1.3921
0.5323,1.3821
0.5328,1.3871
0.5334,1.3871
0.5339,1.3871
0.5344,1.3821
0.5349,1.3871
0.5355,1.3921
0.5360,1.3871
0.5365,1.3871
0.5370,1.3871
0.5375,1.3821
0.5381,1.3821
0.5386,1.3871
0.5391,1.3871
0.5396,1.3871
0.5402,1.3871
0.5407,1.3871
0.5412,1.3871
0.5417,1.3871
0.5423,1.3871
0.5428,1.3871
0.5433,1.3871
0.5438,1.3921
0.5443,1.3871
0.5449,1.3871
0.5454,1.3921
0.5459,1.3871
0.5464,1.3821
0.5470,1.3821
0.5475,1.3871
0.5480,1.3871
0.5485,1.3871
0.5491,1.3871
0.5496,1.3871
0.5501,1.3821
0.5506,1.3871
0.5511,1.3821
0.5517,1.3821
0.5522,1.3821
0.5527,1.3871
0.5532,1.3821
0.5538,1.3871
0.5543,1.3821
0.5549,1.3871
0.5554,1.3821
0.5559,1.3821
0.5564,1.3821
0.5570,1.3871
0.5575,1.3871
0.5580,1.3871
0.5585,1.3821
0.5590,1.3821
0.5596,1.3821
0.5601,1.3821
0.5606,1.3821
0.5611,1.3821
0.5616,1.3871
0.5622,1.3871
0.5627,1.3821
0.5632,1.3871
0.5637,1.3821
0.5643,1.3871
0.5648,1.3821
0.5653,1.3821
0.5658,1.3871
0.5663,1.3821
0.5669,1.3821
0.5674,1.3821
0.5679,1.3821
0.5684,1.3871
0.5689,1.3871
0.5695,1.3871
0.5700,1.3821
0.5705,1.3871
0.5711,1.3821
0.5716,1.3821
0.5721,1.3770
0.5726,1.3770
0.5732,1.3871
0.5737,1.3821
0.5742,1.3770
0.5747,1.3821
0.5752,1.3770
0.5758,1.3821
0.5763,1.3821
0.5768,1.3770
0.5773,1.3821
0.5778,1.3871
0.5784,1.3871
0.5789,1.3871
0.5794,1.3821
0.5799,1.3821
0.5805,1.3871
0.5810,1.3821
0.5815,1.3871
0.5820,1.3821
0.5825,1.3821
0.5831,1.3821
0.5836,1.3821
0.5841,1.3821
0.5846,1.3821
0.5851,1.3821
0.5857,1.3821
0.5862,1.3821
0.5867,1.3821
0.5872,1.3871
0.5878,1.3821
0.5883,1.3821
0.5888,1.3821
0.5893,1.3821
0.5898,1.3821
0.5904,1.3821
0.5909,1.3821
0.5914,1.3821
0.5919,1.3821
0.5925,1.3821
0.5930,1.3821
0.5935,1.3821
0.5942,1.3821
0.5947,1.3821
0.5953,1.3821
0.5958,1.3821
0.5963,1.3770
0.5968,1.3821
0.5973,1.3821
0.5979,1.3821
0.5984,1.3821
0.5989,1.3821
0.5994,1.3821
0.6000,1.3821
0.6005,1.3821
0.6010,1.3821
0.6015,1.3821
0.6020,1.3821
0.6026,1.3770
0.6031,1.3821
0.6036,1.3821
0.6041,1.3821
0.6047,1.3821
0.6052,1.3821
0.6057,1.3821
0.6062,1.3770
0.6067,1.3821
0.6073,1.3770
0.6078,1.3821
0.6083,1.3821
0.6088,1.3770
0.6094,1.3821
0.6099,1.3821
0.6104,1.3821
0.6109,1.3821
0.6115,1.3770
0.6120,1.3821
0.6125,1.3770
0.6130,1.3770
0.6135,1.3821
0.6141,1.3821
0.6146,1.3821
0.6151,1.3821
0.6156,1.3821
0.6162,1.3821
0.6167,1.3770
0.6172,1.3821
0.6177,1.3821
0.6182,1.3770
0.6188,1.3770
0.6193,1.3770
0.6198,1.3821
0.6203,1.3770
0.6208,1.3821
0.6214,1.3770
0.6219,1.3821
0.6224,1.3770
0.6229,1.3720
0.6235,1.3770
0.6240,1.3821
0.6245,1.3821
0.6250,1.3770
0.6255,1.3821
0.6261,1.3821
0.6266,1.3770
0.6271,1.3821
0.6276,1.3770
0.6281,1.3821
0.6287,1.3770
0.6292,1.3770
0.6297,1.3821
0.6302,1.3821
0.6308,1.3821
0.6313,1.3770
0.6318,1.3720
0.6323,1.3770
0.6328,1.3770
0.6334,1.3770
0.6339,1.3821
0.6344,1.3821
0.6349,1.3770
0.6355,1.3770
0.6360,1.3821
0.6365,1.3770
0.6370,1.3821
0.6375,1.3821
0.6381,1.3821
0.6386,1.3770
0.6391,1.3821
0.6396,1.3770
0.6402,1.3821
0.6407,1.3821
0.6412,1.3821
0.6417,1.3821
0.6423,1.3770
0.6428,1.3770
0.6433,1.3770
0.6438,1.3770
0.6443,1.3821
0.6449,1.3821
0.6454,1.3821
0.6459,1.3770
0.6464,1.3770
0.6470,1.3720
0.6475,1.3821
0.6480,1.3770
0.6485,1.3770
0.6491,1.3821
0.6496,1.3821
0.6501,1.3770
0.6506,1.3770
0.6511,1.3770
0.6517,1.3720
0.6522,1.3821
0.6527,1.3821
0.6532,1.3770
0.6538,1.3821
0.6543,1.3821
0.6548,1.3821
0.6553,1.3821
0.6559,1.3821
0.6564,1.3821
0.6569,1.3770
0.6574,1.3770
0.6579,1.3770
0.6585,1.3770
0.6590,1.3770
0.6595,1.3770
0.6600,1.3770
0.6606,1.3720
0.6611,1.3770
0.6616,1.3770
0.6621,1.3821
0.6627,1.3770
0.6632,1.3821
0.6637,1.3770
0.6642,1.3821
0.6647,1.3770
0.6653,1.3770
0.6658,1.3720
0.6663,1.3770
0.6668,1.3770
0.6674,1.3770
0.6679,1.3821
0.6684,1.3720
0.6689,1.3770
0.6695,1.3821
0.6700,1.3770
0.6705,1.3821
0.6710,1.3821
0.6716,1.3821
0.6721,1.3821
0.6726,1.3821
0.6731,1.3720
0.6736,1.3821
0.6742,1.3770
0.6747,1.3770
0.6752,1.3770
0.6758,1.3770
0.6763,1.3770
0.6768,1.3770
0.6773,1.3821
0.6778,1.3821
0.6784,1.3770
0.6789,1.3821
0.6794,1.3821
0.6799,1.3770
0.6805,1.3770
0.6810,1.3770
0.6815,1.3770
0.6820,1.3770
0.6826,1.3770
0.6831,1.3770
0.6836,1.3821
0.6841,1.3821
0.6846,1.3770
0.6852,1.3770
0.6857,1.3770
0.6862,1.3770
0.6867,1.3821
0.6873,1.3770
0.6878,1.3821
0.6883,1.3720
0.6888,1.3720
0.6894,1.3720
0.6899,1.3821
0.6904,1.3770
0.6909,1.3770
0.6914,1.3770
0.6920,1.3770
0.6925,1.3821
0.6930,1.3770
0.6935,1.3770
0.6941,1.3821
0.6946,1.3821
0.6951,1.3770
0.6956,1.3821
0.6962,1.3770
0.6967,1.3821
0.6972,1.3821
0.6977,1.3821
0.6982,1.3720
0.6988,1.3770
0.6993,1.3770
0.6998,1.3770
0.7003,1.3770
0.7009,1.3770
0.7014,1.3770
0.7019,1.3720
0.7024,1.3770
0.7030,1.3821
0.7035,1.3770
0.7040,1.3720
0.7045,1.3821
0.7051,1.3770
0.7056,1.3821
0.7061,1.3770
0.7066,1.3821
0.7071,1.3770
0.7077,1.3821
0.7082,1.3770
0.7087,1.3821
0.7092,1.3821
0.7098,1.3821
0.7103,1.3770
0.7108,1.3770
0.7113,1.3770
0.7119,1.3821
0.7124,1.3821
0.7129,1.3770
0.7134,1.3770
0.7140,1.3770
0.7145,1.3770
0.7150,1.3821
0.7155,1.3770
0.7160,1.3770
0.7166,1.3821
0.7171,1.3770
0.7176,1.3821
0.7181,1.3770
0.7187,1.3720
0.7192,1.3770
0.7197,1.3821
0.7202,1.3770
0.7207,1.3770
0.7213,1.3821
0.7218,1.3770
0.7223,1.3770
0.7228,1.3770
0.7234,1.3770
0.7239,1.3720
0.7244,1.3821
0.7249,1.3770
0.7255,1.3821
0.7260,1.3770
0.7265,1.3720
0.7270,1.3770
0.7276,1.3770
0.7281,1.3821
0.7286,1.3720
0.7291,1.3770
0.7296,1.3770
0.7305,1.3770
0.7311,1.3770
0.7316,1.3770
0.7322,1.3770
0.7327,1.3770
0.7333,1.3770
0.7338,1.3720
0.7344,1.3770
0.7349,1.3770
0.7355,1.3821
0.7360,1.3720
0.7365,1.3770
0.7371,1.3720
0.7376,1.3770
0.7381,1.3821
0.7386,1.3770
0.7392,1.3720
0.7397,1.3770
0.7406,1.3720
0.7412,1.3821
0.7417,1.3770
0.7423,1.3770
0.7429,1.3770
0.7434,1.3770
0.7440,1.3770
0.7445,1.3770
0.7451,1.3770
0.7456,1.3770
0.7462,1.3821
0.7467,1.3770
0.7472,1.3720
0.7478,1.3720
0.7483,1.3720
0.7488,1.3720
0.7493,1.3720
0.7499,1.3720
0.7504,1.3770
0.7509,1.3770
0.7514,1.3770
0.7519,1.3770
0.7525,1.3770
0.7530,1.3770
0.7535,1.3720
0.7541,1.3770
0.7546,1.3720
0.7551,1.3770
0.7556,1.3770
0.7562,1.3770
0.7567,1.3720
0.7572,1.3770
0.7577,1.3770
0.7583,1.3770
0.7588,1.3770
0.7593,1.3720
0.7599,1.3720
0.7604,1.3720
0.7609,1.3720
0.7614,1.3720
0.7620,1.3770
0.7625,1.3720
0.7630,1.3720
0.7635,1.3770
0.7641,1.3720
0.7646,1.3770
0.7651,1.3770
0.7656,1.3720
0.7662,1.3669
0.7667,1.3770
0.7672,1.3720
0.7677,1.3720
0.7683,1.3720
0.7688,1.3720
0.7693,1.3720
0.7698,1.3720
0.7703,1.3720
0.7709,1.3770
0.7714,1.3720
0.7719,1.3720
0.7724,1.3669
0.7730,1.3720
0.7735,1.3720
0.7740,1.3720
0.7745,1.3720
0.7751,1.3720
0.7756,1.3720
0.7761,1.3720
0.7766,1.3720
0.7772,1.3720
0.7777,1.3720
0.7782,1.3720
0.7787,1.3770
0.7793,1.3770
0.7798,1.3770
0.7803,1.3770
0.7808,1.3770
0.7814,1.3720
0.7819,1.3720
0.7824,1.3770
0.7829,1.3770
0.7834,1.3770
0.7840,1.3720
0.7845,1.3770
0.7850,1.3720
0.7855,1.3770
0.7861,1.3770
0.7866,1.3720
0.7871,1.3770
0.7876,1.3770
0.7882,1.3720
0.7887,1.3770
0.7892,1.3720
0.7897,1.3821
0.7902,1.3770
0.7908,1.3770
0.7913,1.3770
0.7918,1.3770
0.7923,1.3770
0.7929,1.3821
0.7934,1.3770
0.7939,1.3770
0.7944,1.3821
0.7950,1.3770
0.7955,1.3821
0.7960,1.3770
0.7965,1.3770
0.7971,1.3720
0.7976,1.3821
0.7981,1.3770
0.7986,1.3770
0.7991,1.3770
0.7997,1.3821
0.8002,1.3770
0.8007,1.3821
0.8012,1.3821
0.8018,1.3821
0.8023,1.3821
0.8028,1.3821
0.8033,1.3821
0.8039,1.3871
0.8044,1.3871
0.8049,1.3770
0.8054,1.3821
0.8060,1.3871
0.8065,1.3871
0.8070,1.3821
0.8075,1.3821
0.8080,1.3871
0.8086,1.3821
0.8091,1.3821
0.8096,1.3871
0.8102,1.3871
0.8107,1.3871
0.8112,1.3871
0.8117,1.3871
0.8123,1.3821
0.8128,1.3871
0.8133,1.3871
0.8138,1.3871
0.8143,1.3871
0.8149,1.3871
0.8154,1.3921
0.8159,1.3921
0.8164,1.3921
0.8170,1.3871
0.8175,1.3871
0.8180,1.3871
0.8185,1.3921
0.8191,1.3871
0.8196,1.3921
0.8201,1.3921
0.8206,1.3921
0.8211,1.3871
0.8217,1.3921
0.8222,1.3921
0.8227,1.3921
0.8232,1.3921
0.8238,1.3921
0.8243,1.3921
0.8248,1.3921
0.8253,1.3921
0.8259,1.3972
0.8264,1.3972
0.8269,1.3921
0.8274,1.3972
0.8280,1.3921
0.8285,1.3972
0.8290,1.3972
0.8295,1.3972
0.8301,1.3972
0.8306,1.3972
0.8311,1.3972
0.8316,1.3972
0.8322,1.3921
0.8327,1.3972
0.8332,1.4022
0.8337,1.3972
0.8343,1.3972
0.8348,1.3972
0.8353,1.3972
0.8358,1.3972
0.8363,1.3972
0.8369,1.4022
0.8374,1.4022
0.8379,1.3972
0.8384,1.3972
0.8390,1.4022
0.8395,1.3972
0.8400,1.3972
0.8405,1.3972
0.8411,1.4022
0.8416,1.4022
0.8421,1.3972
0.8426,1.4022
0.8431,1.4022
0.8437,1.3972
0.8442,1.4022
0.8447,1.4022
0.8452,1.4022
0.8458,1.4022
0.8463,1.3972
0.8468,1.4022
0.8473,1.3972
0.8479,1.4022
0.8484,1.3972
0.8489,1.4022
0.8494,1.4022
0.8499,1.4022
0.8505,1.4022
0.8510,1.4022
0.8515,1.4022
0.8521,1.4073
0.8526,1.3972
0.8531,1.4022
0.8536,1.4022
0.8541,1.4073
0.8547,1.4073
0.8552,1.4022
0.8557,1.4073
0.8562,1.4073
0.8568,1.4022
0.8573,1.4022
0.8578,1.4022
0.8583,1.4022
0.8589,1.4022
0.8594,1.4022
0.8599,1.4073
0.8604,1.4022
0.8609,1.4022
0.8615,1.4073
0.8620,1.4022
0.8625,1.4073
0.8630,1.4073
0.8636,1.4073
0.8641,1.4022
0.8646,1.4022
0.8651,1.4073
0.8657,1.4022
0.8662,1.4073
0.8667,1.4073
0.8672,1.4123
0.8677,1.4123
0.8683,1.4073
0.8688,1.4073
0.8693,1.4022
0.8698,1.4073
0.8704,1.4073
0.8709,1.4073
0.8714,1.4073
0.8719,1.4073
0.8725,1.4073
0.8730,1.4073
0.8735,1.4073
0.8740,1.4073
0.8745,1.4073
0.8751,1.4123
0.8756,1.4073
0.8761,1.4073
0.8767,1.4123
0.8772,1.4073
0.8777,1.4073
0.8782,1.4123
0.8788,1.4073
0.8793,1.4073
0.8798,1.4073
0.8803,1.4073
0.8808,1.4073
0.8814,1.4123
0.8819,1.4022
0.8824,1.4073
0.8829,1.4073
0.8835,1.4123
0.8840,1.4073
0.8845,1.4123
0.8850,1.4073
0.8856,1.4073
0.8861,1.4123
0.8866,1.4073
0.8871,1.4073
0.8876,1.4073
0.8882,1.4073
0.8887,1.4022
0.8892,1.4073
0.8897,1.4123
0.8903,1.4123
0.8908,1.4123
0.8913,1.4022
0.8918,1.4073
0.8924,1.4073
0.8929,1.4073
0.8934,1.4073
0.8939,1.4022
0.8944,1.4123
0.8950,1.4123
0.8955,1.4073
0.8960,1.4123
0.8965,1.4123
0.8971,1.4073
0.8976,1.4073
0.8981,1.4123
0.8986,1.4123
0.8992,1.4073
0.8997,1.4123
0.9002,1.4123
0.9007,1.4073
0.9012,1.4123
0.9018,1.4073
0.9023,1.4073
0.9028,1.4073
0.9033,1.4073
0.9039,1.4123
0.9044,1.4073
0.9049,1.4123
0.9054,1.4123
0.9060,1.4073
0.9065,1.4123
0.9070,1.4073
0.9075,1.4123
0.9081,1.4073
0.9086,1.4073
0.9091,1.4073
0.9096,1.4073
0.9101,1.4123
0.9107,1.4123
0.9112,1.4073
0.9117,1.4073
0.9122,1.4022
0.9128,1.4123
0.9133,1.4123
0.9138,1.4073
0.9143,1.4073
0.9149,1.4123
0.9154,1.4123
0.9159,1.4022
0.9164,1.4073
0.9169,1.4073
0.9175,1.4073
0.9180,1.4022
0.9185,1.4073
0.9190,1.4073
0.9196,1.4073
0.9201,1.4073
0.9206,1.4123
0.9211,1.4073
0.9217,1.4123
0.9222,1.4073
0.9227,1.4123
0.9232,1.4123
0.9237,1.4073
0.9243,1.4073
0.9248,1.4123
0.9253,1.4073
0.9258,1.4073
0.9264,1.4073
0.9269,1.4073
0.9274,1.4073
0.9279,1.4123
0.9285,1.4123
0.9290,1.4073
0.9295,1.4123
0.9300,1.4123
0.9305,1.4073
0.9311,1.4073
0.9316,1.4073
0.9321,1.4073
0.9326,1.4073
0.9332,1.4073
0.9337,1.4073
0.9342,1.4123
0.9347,1.4073
0.9353,1.4022
0.9358,1.4022
0.9363,1.4073
0.9368,1.4073
0.9374,1.4073
0.9379,1.4073
0.9384,1.4073
0.9389,1.4123
0.9394,1.4123
0.9400,1.4073
0.9406,1.4123
0.9412,1.4073
0.9418,1.4022
0.9423,1.4073
0.9429,1.4073
0.9435,1.4073
0.9440,1.4022
0.9446,1.4073
0.9451,1.4123
0.9457,1.4073
0.9464,1.4073
0.9470,1.4073
0.9475,1.4123
0.9480,1.4073
0.9486,1.4073
0.9491,1.4073
0.9496,1.4123
0.9501,1.4073
0.9506,1.4073
0.9512,1.4022
0.9517,1.4073
0.9522,1.4073
0.9527,1.4073
0.9533,1.4073
0.9538,1.4022
0.9543,1.4022
0.9548,1.4073
0.9553,1.4073
0.9560,1.4073
0.9565,1.4022
0.9570,1.4123
0.9575,1.4123
0.9581,1.4022
0.9586,1.4073
0.9591,1.4073
0.9597,1.4073
0.9604,1.4073
0.9609,1.4073
0.9614,1.4073
0.9620,1.4022
0.9625,1.4022
0.9630,1.4022
0.9636,1.4073
0.9641,1.4073
0.9646,1.4073
0.9651,1.4022
0.9657,1.4073
0.9662,1.4073
0.9667,1.4022
0.9672,1.4073
0.9677,1.4022
0.9683,1.4022
0.9688,1.4073
0.9693,1.4073
0.9698,1.4073
0.9704,1.4073
0.9709,1.4073
0.9714,1.4073
0.9719,1.4022
0.9724,1.4022
0.9730,1.4073
0.9735,1.4022
0.9740,1.4073
0.9745,1.4073
0.9750,1.4073
0.9759,1.4022
0.9765,1.4073
0.9770,1.4073
0.9775,1.4022
0.9780,1.4073
0.9785,1.4022
0.9791,1.4073
0.9796,1.4073
0.9801,1.4022
0.9806,1.4022
0.9812,1.4073
0.9817,1.4073
0.9822,1.4022
0.9827,1.4022
0.9832,1.4073
0.9838,1.4073
0.9844,1.4073
0.9849,1.4073
0.9854,1.4022
0.9860,1.4022
0.9866,1.4073
0.9871,1.4073
0.9877,1.4073
0.9882,1.4073
0.9888,1.4073
0.9893,1.4022
0.9899,1.4022
0.9904,1.4022
0.9909,1.4022
0.9915,1.4022
0.9920,1.4123
0.9926,1.4022
0.9931,1.4073
0.9937,1.4073
0.9942,1.4073
0.9948,1.4022
0.9953,1.4022
0.9959,1.4022
0.9964,1.4022
0.9970,1.4073
0.9975,1.4073
0.9980,1.4073
0.9986,1.4022
0.9991,1.4022
0.9997,1.4022
1.0002,1.4022
1.0008,1.3972
1.0013,1.4073
1.0019,1.4022
1.0024,1.4022
1.0030,1.4073
1.0036,1.3972
1.0041,1.3972
1.0047,1.4022
1.0052,1.4073
1.0058,1.4022
1.0063,1.4022
1.0069,1.4073
1.0074,1.4022
1.0080,1.4022
1.0085,1.4073
1.0091,1.3972
1.0096,1.3972
1.0102,1.4073
1.0108,1.4022
1.0113,1.4022
1.0119,1.4022
1.0124,1.4022
1.0130,1.4022
1.0135,1.4022
1.0141,1.4022
1.0146,1.4022
1.0152,1.4073
1.0157,1.4022
1.0163,1.4022
1.0168,1.4022
1.0174,1.3972
1.0179,1.4022
1.0185,1.4022
1.0190,1.4022
1.0196,1.4022
1.0201,1.4022
1.0206,1.4022
1.0212,1.4022
1.0217,1.4022
1.0223,1.4073
1.0228,1.4022
1.0234,1.4022
1.0239,1.3972
1.0245,1.4022
1.0250,1.4022
1.0256,1.3972
1.0261,1.3972
1.0267,1.4073
1.0272,1.4022
1.0278,1.4022
1.0283,1.3972
1.0289,1.4022
1.0294,1.4022
1.0300,1.3972
1.0305,1.4073
1.0311,1.4022
1.0316,1.4022
1.0322,1.3972
1.0327,1.3972
1.0333,1.3972
1.0338,1.4022
1.0344,1.4022
1.0349,1.3972
1.0355,1.4022
1.0360,1.4022
1.0366,1.4022
1.0371,1.3921
1.0377,1.4022
1.0382,1.4022
1.0388,1.3972
1.0393,1.3972
1.0398,1.4022
1.0404,1.3972
1.0409,1.3972
1.0415,1.3972
1.0420,1.3921
1.0426,1.4022
1.0431,1.3972
1.0437,1.4022
1.0442,1.3972
1.0448,1.3972
1.0453,1.3972
1.0459,1.4022
1.0464,1.3972
1.0470,1.3972
1.0475,1.3972
1.0481,1.4022
1.0486,1.4022
1.0492,1.4022
1.0497,1.3972
1.0503,1.4022
1.0508,1.3972
1.0514,1.4022
1.0519,1.4022
1.0525,1.3972
1.0530,1.3972
1.0536,1.4022
1.0541,1.3972
1.0547,1.4022
1.0552,1.3972
1.0558,1.4022
1.0563,1.3972
1.0569,1.3972
1.0574,1.3972
1.0579,1.3972
1.0585,1.3972
1.0590,1.3972
1.0596,1.3972
1.0601,1.3972
1.0607,1.3972
1.0612,1.3972
1.0618,1.3972
1.0623,1.3972
1.0629,1.4022
1.0634,1.3972
1.0640,1.3921
1.0645,1.3972
1.0651,1.3972
1.0656,1.4022
1.0662,1.3972
1.0667,1.3972
1.0673,1.3972
1.0678,1.3972
1.0684,1.3921
1.0689,1.3972
1.0695,1.3972
1.0700,1.3972
1.0706,1.3972
1.0711,1.3972
1.0717,1.4022
1.0722,1.3972
1.0728,1.4022
1.0733,1.3972
1.0739,1.3972
1.0744,1.4022
1.0750,1.3972
1.0755,1.4022
1.0761,1.3972
1.0766,1.4022
1.0772,1.3921
1.0777,1.3972
1.0783,1.3921
1.0788,1.3972
1.0794,1.3972
1.0799,1.3972
1.0805,1.3972
1.0811,1.3972
1.0816,1.3972
1.0822,1.4022
1.0827,1.3972
1.0833,1.3972
1.0838,1.3972
1.0844,1.3921
1.0849,1.3972
1.0855,1.3972
1.0860,1.4022
1.0866,1.3972
1.0871,1.4022
1.0877,1.4022
1.0882,1.3972
1.0888,1.3921
1.0894,1.3921
1.0899,1.3972
1.0905,1.4022
1.0910,1.4022
1.0916,1.3921
1.0921,1.3972
1.0926,1.3972
1.0932,1.3921
1.0938,1.3972
1.0943,1.4022
1.0949,1.3972
1.0954,1.4022
1.0960,1.3972
1.0965,1.3972
1.0971,1.3972
1.0976,1.3972
1.0982,1.3972
1.0987,1.3972
1.0993,1.4022
1.0998,1.3972
1.1003,1.3972
1.1009,1.3972
1.1014,1.4022
1.1020,1.3972
1.1025,1.4022
1.1031,1.3921
1.1036,1.3972
1.1042,1.3972
1.1048,1.3972
1.1053,1.3972
1.1059,1.3972
1.1064,1.3972
1.1069,1.3972
1.1075,1.3972
1.1080,1.4022
1.1086,1.3972
1.1091,1.3972
1.1097,1.3972
1.1102,1.3972
1.1108,1.3972
1.1113,1.3921
1.1119,1.4022
1.1124,1.3972
1.1130,1.3972
1.1135,1.3972
1.1141,1.3972
1.1146,1.4022
1.1152,1.3921
1.1157,1.3972
1.1163,1.3972
1.1168,1.3972
1.1174,1.4022
1.1179,1.3921
1.1185,1.3972
1.1190,1.3972
1.1196,1.4022
1.1201,1.3921
1.1207,1.3921
1.1212,1.3972
1.1218,1.3921
1.1223,1.3972
1.1229,1.3921
1.1234,1.3972
1.1240,1.3972
1.1245,1.3972
1.1251,1.3972
1.1256,1.3972
1.1262,1.3921
1.1267,1.4022
1.1273,1.3921
1.1278,1.3972
1.1284,1.3972
1.1289,1.3972
1.1295,1.3972
1.1300,1.3972
1.1306,1.3921
1.1311,1.3972
1.1317,1.3972
1.1322,1.3972
1.1328,1.3972
1.1333,1.3972
1.1339,1.4022
1.1344,1.3972
1.1350,1.3972
1.1355,1.3972
1.1361,1.3972
1.1366,1.3972
1.1372,1.3921
1.1377,1.3972
1.1383,1.3972
1.1388,1.3972
1.1394,1.3921
1.1399,1.3921
1.1405,1.3972
1.1410,1.3972
1.1416,1.3921
1.1421,1.3921
1.1427,1.3921
1.1432,1.3921
1.1438,1.3972
1.1443,1.3972
1.1449,1.3921
1.1454,1.3972
1.1460,1.3921
1.1465,1.3972
1.1471,1.3972
1.1476,1.3972
1.1482,1.3921
1.1487,1.3972
1.1493,1.3972
1.1498,1.3921
1.1504,1.3972
1.1509,1.3972
1.1515,1.3972
1.1520,1.3972
1.1526,1.3972
1.1531,1.3972
1.1537,1.3972
1.1543,1.3921
1.1548,1.3972
1.1553,1.3921
1.1559,1.3972
1.1568,1.3972
1.1573,1.3972
1.1579,1.3972
1.1584,1.3921
1.1590,1.3921
1.1595,1.3972
1.1601,1.3921
1.1606,1.3921
1.1612,1.3972
1.1617,1.3972
1.1622,1.3972
1.1628,1.3921
1.1633,1.3921
1.1639,1.3921
1.1644,1.3972
1.1650,1.3921
1.1655,1.3972
1.1661,1.3921
1.1666,1.3871
1.1672,1.3972
1.1677,1.3921
1.1683,1.3972
1.1688,1.3921
1.1693,1.3921
1.1699,1.3972
1.1704,1.3921
1.1710,1.3972
1.1715,1.3921
1.1721,1.3871
1.1726,1.3972
1.1732,1.3921
1.1737,1.3972
1.1743,1.3921
1.1748,1.3972
1.1754,1.3921
1.1759,1.3921
1.1764,1.3921
1.1770,1.3921
1.1775,1.3921
1.1781,1.3921
1.1786,1.3921
1.1792,1.3921
1.1797,1.3921
1.1803,1.3972
1.1808,1.3921
1.1814,1.3921
1.1819,1.3921
1.1825,1.3921
1.1830,1.3921
1.1836,1.3921
1.1842,1.3921
1.1847,1.3921
1.1852,1.3871
1.1858,1.3972
1.1864,1.3921
1.1869,1.3921
1.1875,1.3921
1.1880,1.3921
1.1886,1.3921
1.1891,1.3921
1.1897,1.3921
1.1902,1.3972
1.1907,1.3921
1.1913,1.3921
1.1918,1.3921
1.1924,1.3921
1.1929,1.3921
1.1935,1.3921
1.1940,1.3972
1.1946,1.3921
1.1951,1.3972
1.1957,1.3921
1.1962,1.3871
1.1968,1.3921
1.1973,1.3921
1.1979,1.3871
1.1984,1.3921
1.1990,1.3972
1.1995,1.3972
1.2001,1.3972
1.2006,1.3921
1.2012,1.3972
1.2017,1.3972
1.2023,1.3972
1.2028,1.3871
1.2034,1.3921
1.2039,1.3921
1.2045,1.3921
1.2050,1.3921
1.2056,1.3921
1.2061,1.3921
1.2067,1.3921
1.2072,1.3921
1.2078,1.3921
1.2083,1.3972
1.2089,1.3921
1.2094,1.3972
1.2100,1.3921
1.2105,1.3921
1.2111,1.3921
1.2116,1.3921
1.2122,1.3871
1.2127,1.3972
1.2133,1.3871
1.2138,1.3921
1.2144,1.3921
1.2149,1.3871
1.2155,1.3921
1.2160,1.3871
1.2166,1.3921
1.2171,1.3921
1.2177,1.3871
1.2182,1.3871
1.2188,1.3921
1.2193,1.3921
1.2199,1.3921
1.2204,1.3871
1.2210,1.3921
1.2215,1.3871
1.2221,1.3871
1.2226,1.3871
1.2232,1.3871
1.2237,1.3871
1.2243,1.3921
1.2248,1.3921
1.2254,1.3871
1.2259,1.3921
1.2265,1.3921
1.2270,1.3871
1.2276,1.3871
1.2281,1.3921
1.2287,1.3821
1.2292,1.3921
1.2298,1.3871
1.2306,1.3871
1.2317,1.3921
1.2323,1.3821
1.2329,1.3921
1.2334,1.3871
1.2340,1.3871
1.2346,1.3921
1.2352,1.3871
1.2358,1.3921
1.2363,1.3871
1.2369,1.3871
1.2375,1.3871
1.2380,1.3821
1.2386,1.3921
1.2392,1.3871
1.2397,1.3871
1.2403,1.3871
1.2408,1.3871
1.2414,1.3821
1.2419,1.3871
1.2429,1.3821
1.2435,1.3871
1.2440,1.3821
1.2446,1.3871
1.2452,1.3871
1.2457,1.3871
1.2463,1.3871
1.2468,1.3871
1.2474,1.3821
1.2479,1.3871
1.2485,1.3821
1.2511,1.3921
1.2517,1.3871
1.2523,1.3821
1.2529,1.3921
1.2535,1.3821
1.2541,1.3871
1.2547,1.3871
1.2553,1.3821
1.2558,1.3871
1.2564,1.3871
1.2570,1.3821
1.2575,1.3871
1.2580,1.3871
1.2586,1.3871
1.2591,1.3871
1.2597,1.3871
1.2603,1.3821
1.2608,1.3871
1.2614,1.3821
1.2619,1.3821
1.2625,1.3871
1.2630,1.3871
1.2636,1.3871
1.2641,1.3871
1.2647,1.3821
1.2652,1.3871
1.2658,1.3821
1.2664,1.3821
1.2670,1.3821
1.2676,1.3821
1.2681,1.3871
1.2687,1.3871
1.2692,1.3770
1.2698,1.3871
1.2703,1.3821
1.2708,1.3871
1.2714,1.3821
1.2719,1.3821
1.2725,1.3871
1.2730,1.3821
1.2736,1.3871
1.2741,1.3871
1.2747,1.3821
1.2752,1.3871
1.2758,1.3871
1.2763,1.3871
1.2769,1.3871
1.2774,1.3770
1.2780,1.3821
1.2785,1.3821
1.2790,1.3871
1.2796,1.3871
1.2801,1.3821
1.2807,1.3871
1.2812,1.3821
1.2818,1.3821
1.2823,1.3871
1.2828,1.3821
1.2834,1.3821
1.2839,1.3821
1.2845,1.3871
1.2850,1.3821
1.2856,1.3871
1.2862,1.3821
1.2868,1.3821
1.2873,1.3821
1.2878,1.3821
1.2884,1.3871
1.2889,1.3871
1.2895,1.3871
1.2900,1.3821
1.2905,1.3821
1.2911,1.3821
1.2916,1.3821
1.2921,1.3821
1.2927,1.3821
1.2932,1.3821
1.2938,1.3821
1.2943,1.3821
1.2949,1.3871
1.2954,1.3821
1.2959,1.3871
1.2965,1.3821
1.2970,1.3770
1.2976,1.3821
1.2981,1.3871
1.2986,1.3770
1.2992,1.3821
1.2997,1.3821
1.3002,1.3821
1.3008,1.3821
1.3013,1.3821
1.3019,1.3770
1.3024,1.3821
1.3029,1.3821
1.3035,1.3770
1.3040,1.3871
1.3045,1.3821
1.3051,1.3821
1.3056,1.3821
1.3062,1.3821
1.3067,1.3821
1.3072,1.3871
1.3078,1.3821
1.3083,1.3821
1.3089,1.3821
1.3094,1.3821
1.3099,1.3821
1.3105,1.3821
1.3110,1.3871
1.3116,1.3821
1.3121,1.3770
1.3126,1.3821
1.3132,1.3821
1.3137,1.3770
1.3143,1.3770
1.3148,1.3821
1.3154,1.3821
1.3159,1.3821
1.3164,1.3770
1.3170,1.3821
1.3175,1.3821
1.3180,1.3821
1.3186,1.3821
1.3191,1.3770
1.3197,1.3821
1.3202,1.3821
1.3207,1.3821
1.3213,1.3821
1.3218,1.3821
1.3223,1.3821
1.3229,1.3821
1.3234,1.3821
1.3240,1.3821
1.3245,1.3770
1.3250,1.3821
1.3256,1.3821
1.3261,1.3821
1.3267,1.3770
1.3272,1.3821
1.3277,1.3770
1.3283,1.3770
1.3288,1.3770
1.3294,1.3821
1.3299,1.3821
1.3304,1.3821
1.3310,1.3821
1.3315,1.3821
1.3321,1.3770
1.3326,1.3770
1.3332,1.3770
1.3337,1.3821
1.3342,1.3821
1.3348,1.3821
1.3353,1.3821
1.3359,1.3821
1.3364,1.3770
1.3369,1.3821
1.3375,1.3821
1.3380,1.3770
1.3386,1.3821
1.3391,1.3770
1.3396,1.3821
1.3402,1.3770
1.3407,1.3770
1.3413,1.3770
1.3418,1.3770
1.3423,1.3770
1.3429,1.3770
1.3434,1.3770
1.3440,1.3821
1.3445,1.3821
1.3450,1.3821
1.3456,1.3770
1.3461,1.3821
1.3467,1.3821
1.3472,1.3821
1.3477,1.3821
1.3483,1.3821
1.3488,1.3720
1.3494,1.3770
1.3499,1.3770
1.3504,1.3821
1.3510,1.3770
1.3515,1.3770
1.3521,1.3770
1.3526,1.3770
1.3531,1.3821
1.3537,1.3770
1.3542,1.3770
1.3548,1.3821
1.3553,1.3770
1.3559,1.3821
1.3564,1.3770
1.3569,1.3720
1.3575,1.3821
1.3580,1.3770
1.3586,1.3770
1.3591,1.3770
1.3596,1.3770
1.3602,1.3770
1.3607,1.3770
1.3613,1.3821
1.3618,1.3770
1.3623,1.3770
1.3629,1.3770
1.3634,1.3770
1.3640,1.3770
1.3645,1.3770
1.3651,1.3770
1.3656,1.3770
1.3662,1.3821
1.3667,1.3770
1.3672,1.3770
1.3678,1.3770
1.3683,1.3770
1.3689,1.3821
1.3694,1.3770
1.3699,1.3770
1.3705,1.3770
1.3710,1.3770
1.3716,1.3720
1.3721,1.3821
1.3726,1.3720
1.3732,1.3770
1.3737,1.3770
1.3743,1.3770
1.3748,1.3770
1.3753,1.3770
1.3759,1.3770
1.3764,1.3770
1.3770,1.3770
1.3775,1.3770
1.3780,1.3770
1.3786,1.3770
1.3791,1.3770
1.3797,1.3770
1.3802,1.3770
1.3807,1.3770
1.3813,1.3770
1.3818,1.3770
1.3824,1.3720
1.3829,1.3770
1.3834,1.3720
1.3840,1.3770
1.3845,1.3770
1.3851,1.3720
1.3856,1.3770
1.3862,1.3720
1.3868,1.3770
1.3873,1.3770
1.3879,1.3770
1.3884,1.3770
1.3890,1.3720
1.3895,1.3770
1.3901,1.3720
1.3906,1.3770
1.3911,1.3720
1.3917,1.3720
1.3922,1.3770
1.3928,1.3770
1.3933,1.3770
1.3939,1.3821
1.3944,1.3720
1.3950,1.3770
1.3955,1.3770
1.3961,1.3770
1.3966,1.3821
1.3972,1.3770
1.3977,1.3770
1.3982,1.3770
1.3988,1.3720
1.3993,1.3770
1.3999,1.3770
1.4004,1.3720
1.4010,1.3770
1.4015,1.3770
1.4023,1.3770
1.4029,1.3770
1.4034,1.3770
1.4040,1.3770
1.4045,1.3770
1.4051,1.3720
1.4056,1.3770
1.4062,1.3720
1.4067,1.3770
1.4072,1.3720
1.4078,1.3720
1.4083,1.3770
1.4089,1.3770
1.4094,1.3720
1.4100,1.3770
1.4105,1.3770
1.4111,1.3770
1.4116,1.3770
1.4122,1.3720
1.4127,1.3770
1.4133,1.3770
1.4138,1.3720
1.4143,1.3720
1.4149,1.3770
1.4154,1.3720
1.4160,1.3770
1.4165,1.3770
1.4171,1.3770
1.4176,1.3770
1.4182,1.3720
1.4187,1.3770
1.4193,1.3770
1.4198,1.3720
1.4204,1.3770
1.4209,1.3720
1.4214,1.3720
1.4220,1.3770
1.4225,1.3770
1.4231,1.3770
1.4236,1.3770
1.4242,1.3720
1.4247,1.3770
1.4253,1.3770
1.4258,1.3720
1.4264,1.3770
1.4269,1.3720
1.4275,1.3720
1.4280,1.3720
1.4286,1.3720
1.4291,1.3770
1.4297,1.3770
1.4302,1.3770
1.4308,1.3720
1.4313,1.3770
1.4319,1.3669
1.4324,1.3770
1.4330,1.3770
1.4336,1.3770
1.4341,1.3720
1.4347,1.3821
1.4352,1.3770
1.4358,1.3720
1.4363,1.3720
1.4369,1.3770
1.4374,1.3770
1.4379,1.3770
1.4385,1.3720
1.4390,1.3770
1.4396,1.3770
1.4401,1.3770
1.4407,1.3770
1.4412,1.3720
1.4418,1.3770
1.4423,1.3720
1.4429,1.3770
1.4434,1.3770
1.4440,1.3770
1.4445,1.3770
1.4450,1.3669
1.4456,1.3770
1.4461,1.3770
1.4467,1.3720
1.4472,1.3770
1.4478,1.3770
1.4483,1.3770
1.4489,1.3770
1.4494,1.3770
1.4500,1.3770
1.4505,1.3770
1.4511,1.3770
1.4516,1.3720
1.4521,1.3720
1.4527,1.3770
1.4532,1.3770
1.4538,1.3770
1.4543,1.3720
1.4549,1.3720
1.4554,1.3770
1.4560,1.3770
1.4565,1.3770
1.4571,1.3720
1.4576,1.3770
1.4582,1.3770
1.4587,1.3720
1.4592,1.3770
1.4598,1.3770
1.4603,1.3720
1.4609,1.3770
1.4614,1.3770
1.4620,1.3720
1.4625,1.3720
1.4631,1.3720
1.4636,1.3720
1.4642,1.3770
1.4647,1.3770
1.4653,1.3770
1.4658,1.3770
1.4664,1.3770
1.4669,1.3720
1.4674,1.3720
1.4680,1.3770
1.4685,1.3720
1.4691,1.3720
1.4696,1.3720
1.4702,1.3720
1.4707,1.3770
1.4713,1.3720
1.4718,1.3720
1.4724,1.3720
1.4729,1.3720
1.4735,1.3720
1.4740,1.3720
1.4746,1.3720
1.4751,1.3770
1.4756,1.3669
1.4762,1.3770
1.4767,1.3720
1.4773,1.3720
1.4778,1.3720
1.4784,1.3720
1.4789,1.3720
1.4795,1.3720
1.4800,1.3720
1.4806,1.3770
1.4811,1.3770
1.4816,1.3720
1.4822,1.3720
1.4827,1.3720
1.4833,1.3720
1.4838,1.3770
1.4844,1.3770
1.4849,1.3770
1.4855,1.3720
1.4860,1.3720
1.4866,1.3770
1.4871,1.3770
1.4877,1.3770
1.4882,1.3770
1.4888,1.3720
1.4893,1.3720
1.4899,1.3720
1.4904,1.3720
1.4910,1.3770
1.4915,1.3720
1.4921,1.3770
1.4926,1.3720
1.4931,1.3720
1.4937,1.3720
1.4942,1.3770
1.4948,1.3720
1.4953,1.3720
1.4959,1.3770
1.4964,1.3770
1.4970,1.3720
1.4975,1.3770
1.4981,1.3720
1.4986,1.3770
1.4992,1.3720
1.4997,1.3720
1.5002,1.3720
1.5008,1.3720
1.5013,1.3720
1.5019,1.3720
1.5025,1.3770
1.5030,1.3720
1.5036,1.3720
1.5041,1.3720
1.5046,1.3720
1.5052,1.3770
1.5057,1.3770
1.5063,1.3770
1.5068,1.3770
1.5074,1.3720
1.5079,1.3770
1.5085,1.3720
1.5090,1.3770
1.5096,1.3720
1.5101,1.3770
1.5107,1.3720
1.5112,1.3821
1.5117,1.3770
1.5123,1.3720
1.5128,1.3770
1.5134,1.3770
1.5139,1.3770
1.5145,1.3770
1.5150,1.3770
1.5156,1.3770
1.5161,1.3821
1.5167,1.3821
1.5172,1.3770
1.5178,1.3770
1.5183,1.3821
1.5188,1.3770
1.5194,1.3770
1.5199,1.3821
1.5205,1.3770
1.5210,1.3821
1.5216,1.3770
1.5221,1.3821
1.5227,1.3770
1.5232,1.3770
1.5238,1.3821
1.5243,1.3821
1.5249,1.3821
1.5254,1.3821
1.5260,1.3821
1.5265,1.3821
1.5270,1.3871
1.5276,1.3770
1.5281,1.3821
1.5287,1.3821
1.5292,1.3821
1.5298,1.3871
1.5303,1.3871
1.5309,1.3821
1.5314,1.3821
1.5320,1.3770
1.5325,1.3871
1.5331,1.3921
1.5336,1.3821
1.5341,1.3871
1.5347,1.3871
1.5352,1.3821
1.5358,1.3871
1.5363,1.3871
1.5369,1.3871
1.5374,1.3871
1.5380,1.3871
1.5385,1.3921
1.5391,1.3871
1.5396,1.3921
1.5403,1.3871
1.5409,1.3871
1.5433,1.3821
1.5440,1.3921
1.5446,1.3871
1.5459,1.3921
1.5465,1.3921
1.5471,1.3921
1.5477,1.3921
1.5482,1.3921
1.5488,1.3972
1.5494,1.3871
1.5500,1.3921
1.5505,1.3972
1.5511,1.3921
1.5516,1.3921
1.5523,1.3921
1.5528,1.3921
1.5534,1.3972
1.5539,1.3972
1.5545,1.3972
1.5550,1.3972
1.5556,1.3921
1.5561,1.3972
1.5567,1.3921
1.5572,1.3972
1.5578,1.3972
1.5583,1.4022
1.5589,1.3972
1.5594,1.4022
1.5600,1.3972
1.5605,1.3972
1.5611,1.4022
1.5616,1.3972
1.5622,1.4022
1.5627,1.4022
1.5633,1.4022
1.5638,1.4022
1.5644,1.3972
1.5649,1.3972
1.5655,1.4022
1.5660,1.4022
1.5665,1.4022
1.5671,1.4022
1.5676,1.3972
1.5682,1.4022
1.5687,1.4022
1.5693,1.4022
1.5698,1.3972
1.5704,1.3972
1.5709,1.3972
1.5715,1.4073
1.5720,1.4073
1.5726,1.4022
1.5731,1.3972
1.5737,1.4073
1.5742,1.3972
1.5748,1.4022
1.5753,1.3972
1.5759,1.4022
1.5764,1.4022
1.5770,1.4073
1.5775,1.4073
1.5781,1.3972
1.5786,1.4022
1.5792,1.3972
1.5797,1.4073
1.5803,1.4022
1.5808,1.4022
1.5814,1.4022
1.5819,1.4022
1.5825,1.4022
1.5830,1.4022
1.5836,1.4073
1.5841,1.3972
1.5847,1.4073
1.5852,1.4022
1.5858,1.4022
1.5863,1.4022
1.5869,1.4022
1.5874,1.4022
1.5880,1.4073
1.5885,1.4022
1.5891,1.4022
1.5896,1.4073
1.5902,1.4022
1.5907,1.4073
1.5913,1.4022
1.5918,1.4073
1.5924,1.4022
1.5929,1.4073
1.5935,1.4073
1.5940,1.4073
1.5946,1.4073
1.5951,1.4022
1.5956,1.4073
1.5962,1.4022
1.5967,1.4073
1.5973,1.4022
1.5978,1.4073
1.5984,1.4022
1.5989,1.4073
1.5995,1.4022
1.6000,1.4022
1.6006,1.4073
1.6011,1.4022
1.6017,1.4073
1.6022,1.4073
1.6027,1.4073
1.6033,1.4022
1.6038,1.4073
1.6044,1.4073
1.6049,1.4073
1.6055,1.4073
1.6060,1.4073
1.6066,1.4073
1.6071,1.4022
1.6077,1.4073
1.6082,1.4073
1.6088,1.4073
1.6093,1.4123
1.6098,1.4073
1.6104,1.4073
1.6109,1.4123
1.6115,1.4073
1.6120,1.4123
1.6126,1.4073
1.6131,1.4123
1.6137,1.4022
1.6142,1.4123
1.6148,1.4073
1.6153,1.4123
1.6159,1.4073
1.6164,1.4073
1.6169,1.4123
1.6175,1.4123
1.6180,1.4123
1.6186,1.4022
1.6191,1.4073
1.6197,1.4073
1.6202,1.4073
1.6208,1.4073
1.6213,1.4073
1.6219,1.4123
1.6224,1.4022
1.6230,1.4073
1.6235,1.4073
1.6240,1.4073
1.6246,1.4073
1.6251,1.4073
1.6257,1.4022
1.6262,1.4073
1.6268,1.4073
1.6273,1.4073
1.6279,1.4123
1.6284,1.4073
1.6290,1.4073
1.6295,1.4073
1.6301,1.4073
1.6306,1.4073
1.6311,1.4073
1.6317,1.4123
1.6322,1.4073
1.6328,1.4022
1.6333,1.4073
1.6339,1.4073
1.6344,1.4123
1.6350,1.4073
1.6355,1.4022
1.6361,1.4073
1.6366,1.4073
1.6372,1.4073
1.6377,1.4123
1.6383,1.4073
1.6388,1.4022
1.6393,1.4123
1.6399,1.4073
1.6404,1.4073
1.6410,1.4022
1.6415,1.4073
1.6421,1.4073
1.6426,1.4073
1.6432,1.4073
1.6437,1.4123
1.6443,1.4123
1.6449,1.4123
1.6454,1.4073
1.6460,1.4073
1.6465,1.4073
1.6471,1.4073
1.6476,1.4123
1.6481,1.4123
1.6487,1.4073
1.6492,1.4073
1.6498,1.4073
1.6503,1.4073
1.6509,1.4073
1.6514,1.4073
1.6520,1.4123
1.6525,1.4073
1.6531,1.4123
1.6536,1.4073
1.6542,1.4022
1.6547,1.4123
1.6553,1.4073
1.6558,1.4073
1.6564,1.4123
1.6569,1.4123
1.6575,1.4073
1.6580,1.4073
1.6586,1.4073
1.6591,1.4073
1.6597,1.4073
1.6602,1.4073
1.6608,1.4073
1.6613,1.4022
1.6619,1.4073
1.6624,1.4073
1.6630,1.4073
1.6635,1.4123
1.6641,1.4073
1.6646,1.4073
1.6652,1.4123
1.6657,1.4073
1.6663,1.4073
1.6668,1.4123
1.6674,1.4123
1.6679,1.4123
1.6685,1.4022
1.6690,1.4073
1.6696,1.4073
1.6701,1.4073
1.6707,1.4073
1.6712,1.4073
1.6718,1.4073
1.6723,1.4073
1.6729,1.4022
1.6734,1.4073
1.6740,1.4073
1.6745,1.4073
1.6751,1.4073
1.6756,1.4073
1.6762,1.4022
1.6767,1.4073
1.6773,1.4073
1.6778,1.4073
1.6784,1.4073
1.6789,1.4073
1.6795,1.4022
1.6800,1.4073
1.6806,1.4073
1.6811,1.4073
1.6817,1.4073
1.6822,1.4073
1.6828,1.4073
1.6833,1.4022
1.6839,1.4073
1.6844,1.4022
1.6850,1.4073
1.6855,1.4022
1.6861,1.4073
1.6866,1.4022
1.6872,1.4022
1.6877,1.4073
1.6883,1.4073
1.6889,1.4022
1.6894,1.4073
1.6900,1.4073
1.6905,1.4073
1.6911,1.4123
1.6916,1.4073
1.6922,1.4073
1.6927,1.4073
1.6933,1.4073
1.6938,1.4022
1.6944,1.4123
1.6949,1.4073
1.6955,1.4073
1.6960,1.4073
1.6966,1.4073
1.6971,1.4022
1.6977,1.4073
1.6982,1.4073
1.6988,1.4073
1.6993,1.4022
1.6999,1.4073
1.7004,1.4073
1.7010,1.4022
1.7015,1.4073
1.7021,1.4073
1.7026,1.4073
1.7032,1.4073
1.7037,1.4073
1.7043,1.4073
1.7048,1.4073
1.7054,1.4073
1.7059,1.4022
1.7065,1.4073
1.7070,1.4073
1.7076,1.4073
1.7081,1.4073
1.7087,1.4022
1.7092,1.4022
1.7098,1.4073
1.7103,1.4022
1.7109,1.4073
1.7114,1.4073
1.7120,1.4022
1.7125,1.4073
1.7131,1.4022
1.7136,1.4073
1.7142,1.4022
1.7147,1.4073
1.7153,1.4073
1.7158,1.4022
1.7164,1.4022
1.7169,1.4073
1.7175,1.4073
1.7181,1.4022
1.7186,1.4022
1.7192,1.3972
1.7198,1.4022
1.7203,1.4022
1.7209,1.4022
1.7214,1.4073
1.7220,1.3972
1.7225,1.4022
1.7231,1.4073
1.7236,1.4022
1.7242,1.4073
1.7247,1.4022
1.7253,1.4022
1.7258,1.4022
1.7264,1.4073
1.7269,1.4022
1.7275,1.4022
1.7280,1.4022
1.7286,1.4022
1.7291,1.3972
1.7297,1.4022
1.7303,1.3972
1.7308,1.4073
1.7314,1.4022
1.7320,1.4022
1.7326,1.4022
1.7332,1.4022
1.7338,1.4022
1.7343,1.4022
1.7349,1.4022
1.7355,1.4073
1.7361,1.4022
1.7366,1.4022
1.7372,1.3972
1.7377,1.4022
1.7383,1.3972
1.7389,1.4022
1.7395,1.4022
1.7400,1.3972
1.7406,1.4022
1.7411,1.4022
1.7417,1.3972
1.7422,1.3972
1.7428,1.4022
1.7433,1.3972
1.7439,1.4022
1.7444,1.4022
1.7450,1.3972
1.7456,1.4022
1.7461,1.3972
1.7467,1.3972
1.7472,1.3972
1.7478,1.4022
1.7484,1.3972
1.7490,1.4022
1.7495,1.4073
1.7501,1.4022
1.7507,1.4022
1.7513,1.4022
1.7519,1.3972
1.7525,1.3972
1.7531,1.4022
1.7536,1.4022
1.7545,1.4022
1.7550,1.4022
1.7556,1.4022
1.7563,1.3972
1.7569,1.3972
1.7575,1.3972
1.7580,1.3972
1.7586,1.3972
1.7591,1.4022
1.7597,1.3972
1.7602,1.4022
1.7608,1.3921
1.7614,1.4022
1.7619,1.3921
1.7625,1.4022
1.7630,1.3972
1.7636,1.3972
1.7641,1.4022
1.7647,1.4022
1.7652,1.3972
1.7658,1.4022
1.7663,1.4022
1.7668,1.4022
1.7674,1.4022
1.7679,1.4022
1.7685,1.3972
1.7690,1.3972
1.7696,1.3972
1.7701,1.3972
1.7706,1.3972
1.7712,1.4022
1.7717,1.3972
1.7723,1.3972
1.7728,1.3921
1.7734,1.3972
1.7739,1.3921
1.7744,1.3972
1.7750,1.3972
1.7755,1.3921
1.7761,1.3972
1.7766,1.3972
1.7772,1.4022
1.7777,1.3972
1.7783,1.3972
1.7788,1.3972
1.7794,1.3972
1.7799,1.4022
1.7804,1.3972
1.7810,1.4022
1.7815,1.3921
1.7821,1.3972
1.7826,1.3972
1.7832,1.3972
1.7837,1.3972
1.7842,1.3972
1.7848,1.3972
1.7854,1.3972
1.7859,1.3972
1.7864,1.3972
1.7870,1.4022
1.7875,1.3972
1.7881,1.3972
1.7886,1.3972
1.7893,1.3972
1.7898,1.3921
1.7904,1.3972
1.7909,1.3972
1.7915,1.3972
1.7920,1.3972
1.7925,1.4022
1.7931,1.4022
1.7936,1.3921
1.7941,1.3972
1.7947,1.3972
1.7952,1.3921
1.7958,1.3972
1.7963,1.3972
1.7968,1.3972
1.7974,1.3921
1.7979,1.3972
1.7985,1.3972
1.7990,1.3921
1.7995,1.3972
1.8001,1.3972
1.8006,1.3921
1.8011,1.3972
1.8017,1.3972
1.8022,1.3972
1.8028,1.3972
1.8033,1.4022
1.8038,1.3972
1.8044,1.3972
1.8049,1.3972
1.8054,1.3921
1.8060,1.3972
1.8065,1.3921
1.8071,1.3921
1.8076,1.4022
1.8081,1.3972
1.8087,1.3972
1.8092,1.3921
1.8097,1.3972
1.8103,1.3921
1.8108,1.3972
1.8114,1.3972
1.8119,1.3972
1.8124,1.3921
1.8130,1.3972
1.8135,1.3972
1.8140,1.3921
1.8146,1.3921
1.8151,1.3972
1.8157,1.3972
1.8162,1.3972
1.8167,1.3972
1.8173,1.3972
1.8178,1.3972
1.8183,1.4022
1.8189,1.3972
1.8194,1.3921
1.8199,1.3972
1.8205,1.3921
1.8210,1.3972
1.8216,1.3972
1.8221,1.3921
1.8226,1.3972
1.8232,1.3972
1.8237,1.3972
1.8243,1.3921
1.8248,1.3972
1.8253,1.3921
1.8259,1.3972
1.8264,1.3972
1.8270,1.3972
1.8275,1.3921
1.8280,1.3972
1.8286,1.3921
1.8291,1.3972
1.8297,1.3921
1.8302,1.3972
1.8307,1.3871
1.8313,1.3972
1.8318,1.3921
1.8324,1.3972
1.8329,1.3972
1.8334,1.3972
1.8340,1.4022
1.8345,1.3972
1.8351,1.3921
1.8356,1.3972
1.8361,1.3972
1.8367,1.3972
1.8372,1.3972
1.8378,1.3972
1.8383,1.4022
1.8388,1.3921
1.8394,1.3972
1.8399,1.3921
1.8405,1.3921
1.8410,1.3972
1.8415,1.3972
1.8421,1.3921
1.8426,1.3972
1.8432,1.3972
1.8437,1.3972
1.8443,1.3972
1.8448,1.3972
1.8453,1.3972
1.8459,1.3972
1.8464,1.3972
1.8470,1.4022
1.8475,1.3972
1.8480,1.3921
1.8486,1.3972
1.8491,1.3972
1.8497,1.3972
1.8502,1.3972
1.8507,1.3972
1.8513,1.3972
1.8518,1.3972
1.8524,1.3972
1.8529,1.3972
1.8534,1.3972
1.8540,1.3972
1.8545,1.3972
1.8551,1.3972
1.8556,1.3921
1.8562,1.3972
1.8567,1.3921
1.8572,1.3972
1.8578,1.3972
1.8583,1.3972
1.8589,1.3921
1.8594,1.3972
1.8600,1.3921
1.8605,1.3972
1.8610,1.3921
1.8616,1.3972
1.8621,1.3972
1.8627,1.3972
1.8632,1.3972
1.8637,1.3972
1.8643,1.3921
1.8648,1.3972
1.8654,1.3921
1.8659,1.3972
1.8664,1.3972
1.8670,1.3972
1.8675,1.3972
1.8681,1.3972
1.8686,1.3972
1.8691,1.3972
1.8697,1.3972
1.8702,1.3972
1.8708,1.3921
1.8713,1.3972
1.8718,1.3972
1.8724,1.3972
1.8729,1.3972
1.8735,1.3972
1.8740,1.3921
1.8745,1.3972
1.8751,1.3921
1.8756,1.3972
1.8762,1.3972
1.8767,1.3972
1.8772,1.3972
1.8778,1.3972
1.8783,1.3972
1.8789,1.3972
1.8794,1.3972
1.8799,1.3972
1.8805,1.3921
1.8810,1.3921
1.8816,1.3972
1.8821,1.3972
1.8826,1.3972
1.8832,1.3972
1.8837,1.3972
1.8843,1.3972
1.8848,1.3972
1.8854,1.3921
1.8859,1.3972
1.8864,1.3972
1.8870,1.3972
1.8875,1.3972
1.8881,1.3972
1.8886,1.3972
1.8891,1.3972
1.8897,1.3921
1.8902,1.3972
1.8908,1.3972
1.8913,1.3972
1.8918,1.3972
1.8924,1.3972
1.8929,1.3972
1.8935,1.3921
1.8940,1.3921
1.8946,1.3972
1.8951,1.3972
1.8957,1.3972
1.8962,1.3921
1.8968,1.3972
1.8973,1.3972
1.8979,1.3921
1.8984,1.3972
1.8989,1.3972
1.8995,1.3972
1.9000,1.3921
1.9006,1.3921
1.9011,1.3972
1.9017,1.3972
1.9022,1.3972
1.9028,1.3972
1.9033,1.3921
1.9039,1.3972
1.9044,1.3972
1.9050,1.3921
1.9055,1.3972
1.9060,1.3972
1.9066,1.3921
1.9071,1.3921
1.9077,1.3972
1.9082,1.3972
1.9088,1.3972
1.9093,1.3972
1.9099,1.3972
1.9104,1.3972
1.9110,1.3921
1.9115,1.3921
1.9121,1.3972
1.9126,1.3921
1.9131,1.3972
1.9137,1.3871
1.9142,1.3921
1.9148,1.3871
1.9153,1.3921
1.9159,1.3921
1.9164,1.3972
1.9170,1.3972
1.9175,1.3921
1.9181,1.3921
1.9186,1.3972
1.9192,1.3972
1.9197,1.3972
1.9202,1.3972
1.9208,1.3921
1.9213,1.3921
1.9219,1.3921
1.9224,1.3921
1.9230,1.3871
1.9236,1.3921
1.9241,1.3972
1.9246,1.3921
1.9252,1.3921
1.9257,1.3921
1.9263,1.3921
1.9268,1.3921
1.9274,1.3921
1.9279,1.3921
1.9285,1.3871
1.9290,1.3921
1.9296,1.3921
1.9301,1.3921
1.9306,1.3921
1.9312,1.3921
1.9317,1.3921
1.9323,1.3972
1.9328,1.3921
1.9334,1.3921
1.9339,1.3921
1.9345,1.3921
1.9350,1.3921
1.9356,1.3871
1.9361,1.3921
1.9367,1.3921
1.9372,1.3921
1.9377,1.3921
1.9383,1.3921
1.9388,1.3921
1.9394,1.3921
1.9399,1.3921
1.9405,1.3871
1.9410,1.3921
1.9416,1.3921
1.9421,1.3921
1.9427,1.3871
1.9432,1.3921
1.9438,1.3921
1.9443,1.3871
1.9448,1.3921
1.9454,1.3921
1.9459,1.3871
1.9465,1.3921
1.9470,1.3921
1.9476,1.3871
1.9481,1.3921
1.9486,1.3871
1.9492,1.3871
1.9497,1.3921
1.9503,1.3871
1.9508,1.3871
1.9513,1.3921
1.9519,1.3921
1.9524,1.3921
1.9530,1.3871
1.9535,1.3921
1.9541,1.3821
1.9546,1.3871
1.9552,1.3871
1.9557,1.3821
1.9563,1.3921
1.9568,1.3921
1.9574,1.3871
1.9579,1.3821
1.9584,1.3921
1.9590,1.3921
1.9595,1.3871
1.9601,1.3921
1.9606,1.3921
1.9612,1.3871
1.9617,1.3871
1.9622,1.3921
1.9628,1.3871
1.9633,1.3921
1.9639,1.3871
1.9644,1.3871
1.9650,1.3871
1.9655,1.3871
1.9660,1.3871
1.9666,1.3871
1.9671,1.3871
1.9677,1.3921
1.9682,1.3871
1.9688,1.3871
1.9693,1.3871
1.9698,1.3921
1.9704,1.3871
1.9709,1.3921
1.9715,1.3921
1.9720,1.3871
1.9726,1.3921
1.9731,1.3871
1.9736,1.3871
1.9742,1.3871
1.9747,1.3871
1.9753,1.3921
1.9758,1.3871
1.9764,1.3921
1.9769,1.3871
1.9775,1.3871
1.9780,1.3871
1.9786,1.3821
1.9791,1.3921
1.9797,1.3871
1.9802,1.3871
1.9807,1.3871
1.9813,1.3871
1.9818,1.3821
1.9824,1.3821
1.9829,1.3871
1.9835,1.3871
1.9840,1.3871
1.9846,1.3871
1.9851,1.3821
1.9857,1.3871
1.9862,1.3871
1.9868,1.3871
1.9873,1.3921
1.9878,1.3821
1.9884,1.3871
1.9889,1.3871
1.9895,1.3871
1.9900,1.3871
1.9906,1.3821
1.9911,1.3871
1.9917,1.3821
1.9923,1.3871
1.9928,1.3871
1.9934,1.3871
1.9939,1.3821
1.9945,1.3871
1.9950,1.3821
1.9955,1.3821
1.9961,1.3871
1.9966,1.3821
1.9972,1.3871
1.9977,1.3821
1.9983,1.3871
1.9988,1.3871
1.9994,1.3871
1.9999,1.3871
2.0005,1.3871
2.0010,1.3821
2.0015,1.3871
2.0021,1.3871
2.0026,1.3821
2.0032,1.3871
2.0037,1.3821
2.0043,1.3770
2.0048,1.3821
2.0054,1.3871
2.0059,1.3821
2.0065,1.3871
2.0070,1.3821
2.0076,1.3871
2.0081,1.3871
2.0087,1.3871
2.0092,1.3821
2.0097,1.3770
2.0103,1.3821
2.0108,1.3871
2.0114,1.3821
2.0119,1.3821
2.0125,1.3871
2.0130,1.3821
2.0136,1.3871
2.0141,1.3821
2.0147,1.3821
2.0152,1.3871
2.0158,1.3821
2.0163,1.3871
2.0169,1.3871
2.0174,1.3821
2.0179,1.3821
2.0185,1.3821
2.0190,1.3821
2.0196,1.3821
2.0201,1.3821
2.0207,1.3821
2.0212,1.3821
2.0218,1.3770
2.0223,1.3871
2.0229,1.3821
2.0234,1.3821
2.0240,1.3821
2.0245,1.3821
2.0251,1.3871
2.0256,1.3821
2.0261,1.3770
2.0267,1.3821
2.0272,1.3821
2.0278,1.3821
2.0283,1.3821
2.0289,1.3871
2.0294,1.3821
2.0300,1.3821
2.0305,1.3821
2.0311,1.3821
2.0316,1.3821
2.0322,1.3770
2.0327,1.3821
2.0332,1.3871
2.0338,1.3821
2.0343,1.3821
2.0349,1.3770
2.0354,1.3821
2.0360,1.3821
2.0365,1.3821
2.0371,1.3821
2.0376,1.3770
2.0382,1.3821
2.0387,1.3821
2.0393,1.3770
2.0398,1.3821
2.0403,1.3821
2.0409,1.3821
2.0414,1.3821
2.0420,1.3821
2.0425,1.3871
2.0431,1.3821
2.0436,1.3821
2.0442,1.3821
2.0447,1.3821
2.0453,1.3821
2.0458,1.3821
2.0464,1.3770
2.0469,1.3770
2.0474,1.3770
2.0480,1.3770
2.0485,1.3821
2.0491,1.3770
2.0496,1.3821
2.0502,1.3821
2.0507,1.3821
2.0513,1.3770
2.0518,1.3770
2.0524,1.3770
2.0529,1.3770
2.0535,1.3821
2.0540,1.3821
2.0546,1.3720
2.0551,1.3770
2.0556,1.3821
2.0562,1.3770
2.0567,1.3770
2.0573,1.3821
2.0578,1.3770
2.0584,1.3821
2.0589,1.3821
2.0595,1.3821
2.0600,1.3770
2.0606,1.3770
2.0611,1.3770
2.0617,1.3770
2.0623,1.3770
2.0628,1.3720
2.0633,1.3821
2.0639,1.3770
2.0644,1.3770
2.0650,1.3770
2.0655,1.3770
2.0663,1.3821
2.0669,1.3770
2.0675,1.3770
2.0680,1.3821
2.0685,1.3821
2.0691,1.3770
2.0696,1.3821
2.0702,1.3720
2.0707,1.3770
2.0713,1.3770
2.0718,1.3770
2.0724,1.3770
2.0729,1.3770
2.0735,1.3770
2.0740,1.3770
2.0746,1.3821
2.0751,1.3770
2.0757,1.3720
2.0762,1.3770
2.0768,1.3770
2.0773,1.3770
2.0778,1.3770
2.0784,1.3821
2.0789,1.3821
2.0795,1.3770
2.0800,1.3770
2.0806,1.3821
2.0811,1.3720
2.0817,1.3770
2.0822,1.3720
2.0828,1.3770
2.0833,1.3770
2.0839,1.3770
2.0844,1.3770
2.0849,1.3720
2.0855,1.3770
2.0860,1.3770
2.0866,1.3770
2.0871,1.3770
2.0877,1.3770
2.0882,1.3770
2.0888,1.3770
2.0893,1.3720
2.0899,1.3770
2.0904,1.3720
2.0910,1.3720
2.0915,1.3821
2.0921,1.3770
2.0926,1.3770
2.0932,1.3770
2.0937,1.3770
2.0943,1.3770
2.0948,1.3770
2.0954,1.3770
2.0959,1.3770
2.0965,1.3720
2.0970,1.3770
2.0976,1.3770
2.0981,1.3770
2.0986,1.3770
2.0992,1.3770
2.0997,1.3770
2.1003,1.3770
2.1008,1.3720
2.1014,1.3770
2.1019,1.3770
2.1025,1.3720
2.1030,1.3770
2.1036,1.3770
2.1041,1.3770
2.1047,1.3720
2.1052,1.3770
2.1057,1.3770
2.1063,1.3720
2.1069,1.3770
2.1074,1.3720
2.1080,1.3720
2.1085,1.3770
2.1091,1.3720
2.1096,1.3720
2.1102,1.3720
2.1107,1.3821
2.1112,1.3770
2.1118,1.3770
2.1123,1.3720
2.1129,1.3720
2.1134,1.3770
2.1140,1.3720
2.1145,1.3770
2.1151,1.3770
2.1156,1.3720
2.1162,1.3720
2.1167,1.3720
2.1173,1.3770
2.1178,1.3720
2.1183,1.3720
2.1189,1.3720
2.1194,1.3770
2.1200,1.3720
2.1205,1.3720
2.1211,1.3720
2.1216,1.3720
2.1222,1.3720
2.1227,1.3720
2.1233,1.3720
2.1238,1.3720
2.1244,1.3720
2.1249,1.3720
2.1255,1.3720
2.1260,1.3720
2.1265,1.3770
2.1271,1.3720
2.1276,1.3720
2.1282,1.3720
2.1287,1.3720
2.1293,1.3720
2.1298,1.3720
2.1304,1.3770
2.1309,1.3720
2.1315,1.3720
2.1320,1.3720
2.1326,1.3720
2.1331,1.3720
2.1337,1.3720
2.1342,1.3720
2.1348,1.3720
2.1353,1.3720
2.1359,1.3720
2.1364,1.3720
2.1370,1.3720
2.1375,1.3720
2.1380,1.3720
2.1386,1.3669
2.1391,1.3720
2.1397,1.3720
2.1404,1.3720
2.1410,1.3669
2.1437,1.3669
2.1443,1.3720
2.1449,1.3669
2.1455,1.3669
2.1461,1.3669
2.1467,1.3720
2.1472,1.3669
2.1478,1.3669
2.1484,1.3720
2.1490,1.3720
2.1495,1.3720
2.1501,1.3720
2.1507,1.3669
2.1512,1.3669
2.1518,1.3669
2.1523,1.3669
2.1529,1.3669
2.1534,1.3669
2.1540,1.3669
2.1545,1.3720
2.1551,1.3669
2.1556,1.3669
2.1562,1.3669
2.1568,1.3669
2.1573,1.3669
2.1579,1.3669
2.1584,1.3669
2.1590,1.3669
2.1595,1.3720
2.1601,1.3720
2.1606,1.3669
2.1612,1.3619
2.1618,1.3669
2.1623,1.3669
2.1629,1.3669
2.1634,1.3669
2.1640,1.3669
2.1646,1.3669
2.1651,1.3669
2.1657,1.3669
2.1662,1.3669
2.1667,1.3619
2.1673,1.3669
2.1678,1.3669
2.1684,1.3669
2.1689,1.3720
2.1695,1.3669
2.1700,1.3669
2.1706,1.3669
2.1711,1.3720
2.1717,1.3669
2.1722,1.3619
2.1728,1.3669
2.1733,1.3619
2.1739,1.3669
2.1744,1.3669
2.1749,1.3669
2.1755,1.3669
2.1760,1.3619
2.1766,1.3669
2.1772,1.3669
2.1777,1.3669
2.1783,1.3669
2.1788,1.3669
2.1794,1.3619
2.1799,1.3669
2.1804,1.3669
2.1810,1.3619
2.1815,1.3669
2.1821,1.3669
2.1826,1.3669
2.1832,1.3669
2.1837,1.3619
2.1843,1.3619
2.1848,1.3669
2.1854,1.3619
2.1859,1.3669
2.1865,1.3669
2.1870,1.3669
2.1876,1.3669
2.1881,1.3669
2.1887,1.3619
2.1892,1.3619
2.1897,1.3619
2.1903,1.3669
2.1908,1.3669
2.1914,1.3669
2.1919,1.3669
2.1926,1.3619
2.1932,1.3669
2.1937,1.3669
2.1942,1.3619
2.1948,1.3669
2.1953,1.3669
2.1958,1.3619
2.1964,1.3619
2.1969,1.3568
2.1974,1.3669
2.1980,1.3619
2.1985,1.3669
2.1990,1.3619
2.1996,1.3619
2.2001,1.3619
2.2006,1.3669
2.2012,1.3568
2.2017,1.3619
2.2022,1.3669
2.2028,1.3619
2.2033,1.3619
2.2039,1.3619
2.2044,1.3619
2.2049,1.3568
2.2055,1.3619
2.2060,1.3669
2.2065,1.3669
2.2071,1.3619
2.2076,1.3619
2.2081,1.3568
2.2087,1.3669
2.2092,1.3619
2.2097,1.3669
2.2103,1.3619
2.2108,1.3619
2.2113,1.3619
2.2119,1.3619
2.2124,1.3568
2.2129,1.3619
2.2135,1.3619
2.2140,1.3619
2.2146,1.3619
2.2151,1.3619
2.2157,1.3669
2.2162,1.3568
2.2167,1.3568
2.2173,1.3669
2.2178,1.3619
2.2183,1.3619
2.2189,1.3669
2.2194,1.3619
2.2199,1.3568
2.2205,1.3619
2.2210,1.3619
2.2215,1.3619
2.2221,1.3619
2.2226,1.3619
2.2231,1.3619
2.2237,1.3619
2.2242,1.3669
2.2247,1.3619
2.2253,1.3619
2.2258,1.3619
2.2263,1.3619
2.2268,1.3619
2.2274,1.3619
2.2279,1.3619
2.2284,1.3619
2.2290,1.3669
2.2295,1.3669
2.2301,1.3619
2.2306,1.3619
2.2312,1.3619
2.2317,1.3619
2.2323,1.3619
2.2329,1.3619
2.2334,1.3619
2.2340,1.3568
2.2346,1.3619
2.2351,1.3619
2.2357,1.3619
2.2362,1.3619
2.2368,1.3619
2.2373,1.3619
2.2379,1.3669
2.2384,1.3669
2.2389,1.3568
2.2395,1.3619
2.2400,1.3619
2.2405,1.3568
2.2411,1.3619
2.2416,1.3619
2.2421,1.3619
2.2427,1.3619
2.2432,1.3619
2.2438,1.3619
2.2444,1.3619
2.2449,1.3619
2.2455,1.3619
2.2460,1.3619
2.2466,1.3619
2.2472,1.3619
2.2478,1.3619
2.2485,1.3669
2.2491,1.3619
2.2496,1.3619
2.2501,1.3568
2.2507,1.3619
2.2512,1.3568
2.2518,1.3568
2.2523,1.3568
2.2528,1.3619
2.2534,1.3619
2.2539,1.3619
2.2544,1.3669
2.2550,1.3619
2.2555,1.3619
2.2560,1.3619
2.2566,1.3669
2.2571,1.3619
2.2576,1.3568
2.2582,1.3669
2.2587,1.3619
2.2592,1.3619
2.2598,1.3619
2.2603,1.3669
2.2608,1.3619
2.2614,1.3669
2.2619,1.3568
2.2625,1.3669
2.2630,1.3619
2.2636,1.3669
2.2641,1.3669
2.2646,1.3619
2.2652,1.3568
2.2657,1.3619
2.2662,1.3669
2.2667,1.3669
2.2673,1.3669
2.2678,1.3619
2.2683,1.3669
2.2689,1.3669
2.2694,1.3669
2.2699,1.3619
2.2705,1.3619
2.2710,1.3669
2.2715,1.3669
2.2721,1.3669
2.2726,1.3669
2.2732,1.3669
2.2737,1.3669
2.2742,1.3720
2.2748,1.3669
2.2753,1.3669
2.2758,1.3669
2.2764,1.3669
2.2769,1.3669
2.2775,1.3669
2.2780,1.3669
2.2785,1.3669
2.2791,1.3669
2.2796,1.3669
2.2801,1.3669
2.2807,1.3669
2.2812,1.3720
2.2817,1.3669
2.2822,1.3720
2.2828,1.3720
2.2833,1.3720
2.2839,1.3770
2.2844,1.3720
2.2849,1.3669
2.2854,1.3720
2.2860,1.3720
2.2865,1.3720
2.2870,1.3669
2.2876,1.3720
2.2881,1.3720
2.2886,1.3720
2.2892,1.3770
2.2897,1.3720
2.2902,1.3720
2.2908,1.3770
2.2913,1.3720
2.2918,1.3720
2.2924,1.3669
2.2930,1.3720
2.2936,1.3720
2.2941,1.3770
2.2946,1.3720
2.2952,1.3770
2.2957,1.3720
2.2963,1.3770
2.2968,1.3720
2.2973,1.3770
2.2979,1.3770
2.2984,1.3770
2.2990,1.3770
2.2995,1.3770
2.3000,1.3821
2.3006,1.3770
2.3011,1.3770
2.3017,1.3720
2.3022,1.3770
2.3027,1.3770
2.3033,1.3821
2.3038,1.3770
2.3044,1.3821
2.3049,1.3821
2.3055,1.3770
2.3060,1.3821
2.3065,1.3821
2.3071,1.3821
2.3076,1.3821
2.3082,1.3821
2.3087,1.3821
2.3093,1.3821
2.3098,1.3821
2.3104,1.3821
2.3109,1.3821
2.3114,1.3871
2.3120,1.3871
2.3125,1.3871
2.3131,1.3871
2.3136,1.3871
2.3142,1.3871
2.3147,1.3871
2.3153,1.3871
2.3158,1.3871
2.3163,1.3821
2.3169,1.3871
2.3174,1.3871
2.3180,1.3871
2.3185,1.3871
2.3191,1.3871
2.3196,1.3871
2.3202,1.3921
2.3207,1.3821
2.3212,1.3871
2.3218,1.3871
2.3223,1.3921
2.3229,1.3921
2.3234,1.3871
2.3240,1.3871
2.3245,1.3871
2.3251,1.3871
2.3256,1.3921
2.3261,1.3921
2.3267,1.3921
2.3272,1.3921
2.3278,1.3871
2.3283,1.3921
2.3289,1.3871
2.3294,1.3921
2.3299,1.3921
2.3305,1.3871
2.3310,1.3921
2.3316,1.3921
2.3321,1.3921
2.3327,1.3921
2.3332,1.3921
2.3338,1.3972
2.3343,1.3921
2.3348,1.3921
2.3354,1.3921
2.3359,1.3972
2.3365,1.3871
2.3370,1.3871
2.3376,1.3921
2.3381,1.3921
2.3387,1.3972
2.3392,1.3871
2.3397,1.3972
2.3403,1.3921
2.3408,1.3921
2.3414,1.3921
2.3419,1.3921
2.3425,1.3921
2.3430,1.3972
2.3436,1.3972
2.3441,1.3921
2.3447,1.3921
2.3452,1.3921
2.3457,1.3921
2.3463,1.3972
2.3468,1.3972
2.3474,1.3921
2.3479,1.3921
2.3484,1.3921
2.3490,1.3972
2.3495,1.3972
2.3501,1.3972
2.3506,1.3972
2.3511,1.3921
2.3517,1.3972
2.3522,1.3972
2.3528,1.3972
2.3533,1.3972
2.3539,1.3972
2.3544,1.3972
2.3549,1.3972
2.3555,1.3972
2.3562,1.3972
2.3568,1.3921
2.3575,1.3972
2.3580,1.3972
2.3586,1.3972
2.3591,1.3972
2.3597,1.3972
2.3602,1.3921
2.3607,1.4022
2.3613,1.3972
2.3618,1.3972
2.3624,1.3972
2.3629,1.3972
2.3634,1.3972
2.3640,1.3972
2.3645,1.3972
2.3651,1.3972
2.3656,1.3972
2.3661,1.3972
2.3667,1.3972
2.3672,1.4022
2.3678,1.3972
2.3683,1.3972
2.3688,1.3972
2.3694,1.3921
2.3699,1.4022
2.3705,1.3972
2.3710,1.3972
2.3715,1.3972
2.3721,1.3972
2.3726,1.3921
2.3732,1.3972
2.3737,1.3972
2.3743,1.3972
2.3748,1.3972
2.3753,1.3972
2.3759,1.3972
2.3764,1.4022
2.3770,1.3972
2.3775,1.3921
2.3780,1.4022
2.3786,1.4022
2.3791,1.4022
2.3797,1.3972
2.3802,1.3972
2.3807,1.3972
2.3813,1.3972
2.3818,1.4022
2.3824,1.4022
2.3829,1.4022
2.3834,1.4022
2.3840,1.4022
2.3845,1.4022
2.3851,1.4022
2.3856,1.4022
2.3861,1.3972
2.3867,1.3921
2.3872,1.4022
2.3878,1.4022
2.3883,1.3972
2.3888,1.4022
2.3894,1.3972
2.3899,1.4022
2.3905,1.3972
2.3910,1.4022
2.3915,1.4022
2.3921,1.4022
2.3926,1.3972
2.3932,1.3972
2.3937,1.4022
2.3942,1.4022
2.3948,1.4022
2.3953,1.4022
2.3959,1.3972
2.3964,1.4022
2.3970,1.3972
2.3975,1.4022
2.3981,1.3972
2.3986,1.4022
2.3991,1.4022
2.3997,1.3972
2.4002,1.4022
2.4008,1.3972
2.4013,1.4022
2.4019,1.4022
2.4024,1.4022
2.4030,1.4022
2.4035,1.3972
2.4041,1.3972
2.4046,1.3972
2.4052,1.4022
2.4057,1.3972
2.4063,1.4022
2.4068,1.4022
2.4074,1.3972
2.4079,1.4022
2.4085,1.4022
2.4090,1.4022
2.4096,1.4022
2.4101,1.3972
2.4107,1.3972
2.4113,1.3972
2.4118,1.4022
2.4124,1.4022
2.4129,1.4022
2.4135,1.4022
2.4140,1.4022
2.4146,1.3972
2.4151,1.4022
2.4157,1.4022
2.4162,1.3972
2.4168,1.3972
2.4173,1.3972
2.4179,1.4022
2.4184,1.3972
2.4190,1.4022
2.4195,1.3972
2.4201,1.4022
2.4206,1.3972
2.4212,1.3972
2.4217,1.3972
2.4223,1.4022
2.4228,1.3972
2.4234,1.3972
2.4239,1.3972
2.4245,1.3972
2.4250,1.3972
2.4256,1.3972
2.4261,1.4022
2.4267,1.4022
2.4272,1.3972
2.4278,1.3972
2.4283,1.4022
2.4289,1.3972
2.4294,1.3921
2.4300,1.3972
2.4305,1.3972
2.4311,1.3921
2.4316,1.4022
2.4322,1.3972
2.4327,1.3972
2.4333,1.3972
2.4338,1.3972
2.4344,1.3921
2.4349,1.4022
2.4355,1.3972
2.4360,1.4022
2.4366,1.3972
2.4371,1.3972
2.4377,1.3972
2.4382,1.4022
2.4388,1.3972
2.4393,1.3972
2.4399,1.4022
2.4404,1.3972
2.4410,1.4022
2.4415,1.3972
2.4421,1.4022
2.4426,1.3972
2.4432,1.4022
2.4437,1.3972
2.4443,1.3972
2.4448,1.3972
2.4454,1.3972
2.4459,1.4022
2.4465,1.3972
2.4470,1.3972
2.4475,1.4022
2.4481,1.3972
2.4486,1.3972
2.4492,1.3972
2.4497,1.3972
2.4503,1.4022
2.4508,1.3972
2.4514,1.4022
2.4519,1.4022
2.4525,1.4022
2.4530,1.3972
2.4536,1.3972
2.4541,1.3972
2.4547,1.3972
2.4552,1.3972
2.4558,1.4022
2.4563,1.3972
2.4569,1.3972
2.4574,1.4022
2.4580,1.3921
2.4585,1.3972
2.4591,1.3972
2.4596,1.3972
2.4602,1.3921
2.4607,1.3972
2.4613,1.4022
2.4618,1.3972
2.4624,1.3972
2.4629,1.3972
2.4635,1.3972
2.4640,1.3972
2.4646,1.3972
2.4651,1.3972
2.4657,1.3972
2.4662,1.3972
2.4668,1.4022
2.4673,1.3921
2.4679,1.3972
2.4684,1.3972
2.4690,1.4022
2.4695,1.3972
2.4701,1.3972
2.4706,1.3972
2.4712,1.3972
2.4717,1.3972
2.4723,1.3972
2.4728,1.3921
2.4734,1.3921
2.4739,1.3972
2.4745,1.3972
2.4750,1.4022
2.4756,1.3972
2.4761,1.3972
2.4767,1.3972
2.4772,1.3921
2.4778,1.3972
2.4783,1.3921
2.4789,1.3972
2.4794,1.3921
2.4800,1.3972
2.4805,1.3972
2.4811,1.3972
2.4816,1.3972
2.4822,1.4022
2.4827,1.3972
2.4833,1.3921
2.4838,1.3972
2.4844,1.3972
2.4849,1.3972
2.4855,1.3972
2.4860,1.3972
2.4866,1.3972
2.4871,1.3972
2.4877,1.3972
2.4882,1.3921
2.4888,1.3972
2.4893,1.3972
2.4899,1.3921
2.4904,1.3921
2.4910,1.3972
2.4915,1.3972
2.4921,1.3972
2.4926,1.3972
2.4932,1.3921
2.4937,1.3972
2.4944,1.3972
2.4949,1.3921
2.4955,1.3921
2.4960,1.3972
2.4966,1.3921
2.4971,1.3972
2.4976,1.3921
2.4982,1.4022
2.4987,1.3972
2.4992,1.3921
2.4998,1.3921
2.5003,1.3921
2.5008,1.3972
2.5014,1.3972
2.5019,1.3921
2.5024,1.3921
2.5030,1.3921
2.5035,1.3972
2.5041,1.3972
2.5046,1.3972
2.5051,1.3972
2.5057,1.3972
2.5062,1.3921
2.5067,1.3921
2.5073,1.3972
2.5078,1.3921
2.5083,1.3921
2.5089,1.3921
2.5094,1.3921
2.5099,1.3972
2.5105,1.3921
2.5110,1.3972
2.5116,1.3921
2.5121,1.3921
2.5126,1.3921
2.5132,1.3921
2.5137,1.3972
2.5142,1.3921
2.5148,1.3921
2.5153,1.3921
2.5158,1.3972
2.5164,1.3972
2.5169,1.3921
2.5174,1.3972
2.5180,1.3921
2.5185,1.3921
2.5190,1.3921
2.5196,1.3921
2.5201,1.3972
2.5206,1.3921
2.5212,1.3921
2.5217,1.3921
2.5222,1.3921
2.5228,1.3871
2.5233,1.3921
2.5238,1.3921
2.5244,1.3921
2.5249,1.3921
2.5255,1.3972
2.5260,1.3972
2.5265,1.3921
2.5271,1.3921
2.5276,1.3921
2.5281,1.3921
2.5287,1.3871
2.5292,1.3921
2.5297,1.3921
2.5303,1.3871
2.5308,1.3921
2.5313,1.3921
2.5319,1.3921
2.5324,1.3921
2.5329,1.3921
2.5335,1.3921
2.5340,1.3921
2.5345,1.3921
2.5351,1.3921
2.5356,1.3921
2.5361,1.3921
2.5367,1.3921
2.5372,1.3921
2.5378,1.3921
2.5383,1.3921
2.5388,1.3921
2.5394,1.3921
2.5399,1.3921
2.5404,1.3921
2.5410,1.3921
2.5415,1.3921
2.5420,1.3921
2.5426,1.3871
2.5431,1.3921
2.5436,1.3921
2.5442,1.3921
2.5447,1.3921
2.5452,1.3921
2.5458,1.3921
2.5463,1.3921
2.5468,1.3921
2.5474,1.3921
2.5479,1.3921
2.5484,1.3871
2.5490,1.3921
2.5495,1.3921
2.5501,1.3921
2.5506,1.3921
2.5511,1.3921
2.5517,1.3921
2.5522,1.3921
2.5527,1.3921
2.5533,1.3921
2.5538,1.3871
2.5543,1.3972
2.5549,1.3921
2.5554,1.3921
2.5559,1.3921
2.5565,1.3921
2.5570,1.3871
2.5576,1.3921
2.5581,1.3871
2.5586,1.3921
2.5592,1.3921
2.5597,1.3972
2.5602,1.3921
2.5608,1.3921
2.5613,1.3921
2.5618,1.3921
2.5624,1.3871
2.5629,1.3921
2.5634,1.3871
2.5640,1.3821
2.5645,1.3921
2.5650,1.3921
2.5655,1.3921
2.5661,1.3921
2.5666,1.3921
2.5671,1.3921
2.5677,1.3921
2.5682,1.3921
2.5687,1.3921
2.5693,1.3921
2.5698,1.3921
2.5703,1.3921
2.5709,1.3921
2.5714,1.3921
2.5719,1.3921
2.5725,1.3972
2.5730,1.3972
2.5736,1.3921
2.5741,1.3921
2.5746,1.3921
2.5751,1.3921
2.5757,1.3921
2.5762,1.3921
2.5767,1.3921
2.5773,1.3921
2.5778,1.3921
2.5783,1.3921
2.5789,1.3921
2.5794,1.3972
2.5799,1.3871
2.5805,1.3921
2.5810,1.3921
2.5815,1.3921
2.5821,1.3921
2.5826,1.3871
2.5831,1.3921
2.5837,1.3972
2.5842,1.3921
2.5847,1.3921
2.5853,1.3921
2.5858,1.3972
2.5863,1.3921
2.5869,1.3972
2.5874,1.3921
2.5879,1.3921
2.5885,1.3921
2.5890,1.3921
2.5895,1.3921
2.5901,1.3921
2.5906,1.3921
2.5911,1.3921
2.5916,1.3972
2.5922,1.3921
2.5927,1.3871
2.5932,1.3972
2.5938,1.3972
2.5943,1.3871
2.5949,1.3972
2.5955,1.3921
2.5960,1.3972
2.5965,1.3921
2.5971,1.3921
2.5976,1.3921
2.5982,1.3921
2.5987,1.3972
2.5992,1.3921
2.5998,1.3921
2.6003,1.3921
2.6009,1.3921
2.6014,1.3921
2.6019,1.3921
2.6025,1.3921
2.6030,1.3921
2.6035,1.3921
2.6041,1.3921
2.6046,1.3921
2.6052,1.3972
2.6057,1.3871
2.6062,1.3921
2.6068,1.3972
2.6073,1.3921
2.6079,1.3921
2.6084,1.3921
2.6089,1.3921
2.6095,1.3921
2.6100,1.3871
2.6105,1.3972
2.6111,1.3921
2.6116,1.3921
2.6122,1.3972
2.6127,1.3871
2.6132,1.3921
2.6138,1.3871
2.6143,1.3921
2.6149,1.3871
2.6154,1.3921
2.6159,1.3921
2.6165,1.3871
2.6170,1.3921
2.6176,1.3871
2.6181,1.3921
2.6187,1.3921
2.6192,1.3921
2.6197,1.3871
2.6203,1.3972
2.6208,1.3871
2.6213,1.3921
2.6219,1.3921
2.6224,1.3921
2.6230,1.3921
2.6235,1.3921
2.6240,1.3921
2.6246,1.3921
2.6251,1.3921
2.6257,1.3921
2.6262,1.3921
2.6267,1.3921
2.6273,1.3921
2.6278,1.3972
2.6283,1.3921
2.6289,1.3921
2.6294,1.3921
2.6300,1.3972
2.6305,1.3921
2.6310,1.3972
2.6316,1.3921
2.6321,1.3921
2.6327,1.3871
2.6332,1.3921
2.6337,1.3921
2.6343,1.3921
2.6348,1.3921
2.6353,1.3921
2.6359,1.3972
2.6364,1.3921
2.6370,1.3921
2.6375,1.3871
2.6380,1.3921
2.6386,1.3921
2.6391,1.3871
2.6397,1.3921
2.6402,1.3921
2.6407,1.3972
2.6413,1.3972
2.6418,1.3921
2.6423,1.3921
2.6429,1.3921
2.6434,1.3921
2.6440,1.3921
2.6445,1.3921
2.6450,1.3921
2.6456,1.3821
2.6461,1.3921
2.6467,1.3921
2.6472,1.3871
2.6477,1.3921
2.6483,1.3871
2.6488,1.3921
2.6493,1.3871
2.6499,1.3821
2.6504,1.3921
2.6510,1.3921
2.6515,1.3871
2.6520,1.3871
2.6526,1.3921
2.6531,1.3871
2.6537,1.3921
2.6542,1.3921
2.6547,1.3871
2.6553,1.3821
2.6558,1.3921
2.6563,1.3921
2.6569,1.3921
2.6574,1.3871
2.6580,1.3921
2.6585,1.3921
2.6590,1.3871
2.6596,1.3921
2.6601,1.3871
2.6607,1.3871
2.6612,1.3921
2.6617,1.3921
2.6623,1.3871
2.6628,1.3871
2.6633,1.3921
2.6639,1.3921
2.6644,1.3871
2.6650,1.3871
2.6655,1.3871
2.6660,1.3921
2.6666,1.3921
2.6671,1.3871
2.6677,1.3871
2.6682,1.3921
2.6687,1.3871
2.6693,1.3871
2.6698,1.3871
2.6704,1.3921
2.6709,1.3871
2.6714,1.3871
2.6720,1.3871
2.6725,1.3871
2.6730,1.3921
2.6736,1.3871
2.6741,1.3921
2.6747,1.3921
2.6752,1.3871
2.6757,1.3921
2.6763,1.3871
2.6768,1.3871
2.6774,1.3921
2.6779,1.3821
2.6784,1.3921
2.6790,1.3921
2.6795,1.3821
2.6800,1.3921
2.6806,1.3871
2.6811,1.3871
2.6817,1.3821
2.6822,1.3871
2.6827,1.3871
2.6833,1.3871
2.6838,1.3871
2.6844,1.3871
2.6849,1.3921
2.6854,1.3871
2.6860,1.3871
2.6865,1.3871
2.6871,1.3871
2.6876,1.3821
2.6881,1.3871
2.6887,1.3871
2.6892,1.3821
2.6898,1.3871
2.6903,1.3871
2.6908,1.3871
2.6914,1.3921
2.6919,1.3871
2.6924,1.3871
2.6930,1.3871
2.6935,1.3821
2.6941,1.3871
2.6946,1.3871
2.6952,1.3871
2.6958,1.3871
2.6963,1.3871
2.6969,1.3821
2.6974,1.3871
2.6979,1.3871
2.6985,1.3871
2.6990,1.3921
2.6995,1.3871
2.7001,1.3821
2.7006,1.3921
2.7011,1.3871
2.7017,1.3871
2.7022,1.3871
2.7027,1.3871
2.7033,1.3871
2.7038,1.3821
2.7043,1.3871
2.7049,1.3871
2.7054,1.3871
2.7060,1.3871
2.7065,1.3821
2.7070,1.3871
2.7076,1.3871
2.7081,1.3821
2.7086,1.3871
2.7092,1.3871
2.7097,1.3821
2.7102,1.3821
2.7108,1.3871
2.7113,1.3871
2.7118,1.3871
2.7124,1.3871
2.7129,1.3821
2.7134,1.3921
2.7140,1.3871
2.7145,1.3871
2.7150,1.3871
2.7156,1.3871
2.7161,1.3871
2.7166,1.3871
2.7172,1.3871
2.7177,1.3871
2.7182,1.3871
2.7188,1.3871
2.7193,1.3871
2.7198,1.3821
2.7204,1.3871
2.7209,1.3871
2.7214,1.3871
2.7220,1.3871
2.7225,1.3871
2.7231,1.3871
2.7236,1.3821
2.7241,1.3821
2.7247,1.3821
2.7252,1.3871
2.7257,1.3871
2.7263,1.3821
2.7268,1.3871
2.7273,1.3821
2.7279,1.3871
2.7284,1.3821
2.7289,1.3821
2.7295,1.3871
2.7300,1.3821
2.7306,1.3821
2.7312,1.3821
2.7317,1.3821
2.7323,1.3871
2.7329,1.3871
2.7334,1.3871
2.7340,1.3821
2.7346,1.3821
2.7351,1.3770
2.7356,1.3821
2.7362,1.3821
2.7368,1.3821
2.7373,1.3821
2.7379,1.3770
2.7384,1.3821
2.7389,1.3821
2.7395,1.3821
2.7400,1.3871
2.7405,1.3821
2.7411,1.3821
2.7416,1.3770
2.7421,1.3770
2.7427,1.3770
2.7432,1.3821
2.7438,1.3770
2.7444,1.3821
2.7451,1.3821
2.7457,1.3821
2.7465,1.3821
2.7471,1.3770
2.7478,1.3821
2.7483,1.3821
2.7489,1.3821
2.7494,1.3821
2.7500,1.3821
2.7506,1.3770
2.7511,1.3770
2.7516,1.3821
2.7522,1.3821
2.7527,1.3770
2.7533,1.3770
2.7538,1.3770
2.7543,1.3821
2.7549,1.3770
2.7554,1.3821
2.7560,1.3821
2.7565,1.3821
2.7570,1.3821
2.7576,1.3821
2.7581,1.3770
2.7586,1.3821
2.7592,1.3770
2.7597,1.3720
2.7602,1.3821
2.7608,1.3770
2.7614,1.3770
2.7619,1.3821
2.7625,1.3770
2.7631,1.3821
2.7637,1.3821
2.7642,1.3821
2.7648,1.3770
2.7653,1.3770
2.7659,1.3821
2.7664,1.3821
2.7670,1.3821
2.7676,1.3770
2.7682,1.3821
2.7689,1.3770
2.7695,1.3770
2.7701,1.3821
2.7707,1.3770
2.7712,1.3770
2.7718,1.3770
2.7723,1.3770
2.7728,1.3720
2.7734,1.3770
2.7739,1.3770
2.7744,1.3770
2.7750,1.3720
2.7755,1.3770
2.7761,1.3770
2.7766,1.3770
2.7771,1.3770
2.7777,1.3770
2.7783,1.3770
2.7788,1.3720
2.7794,1.3770
2.7799,1.3720
2.7805,1.3821
2.7811,1.3821
2.7816,1.3770
2.7821,1.3770
2.7827,1.3770
2.7832,1.3821
2.7837,1.3770
2.7843,1.3770
2.7848,1.3821
2.7853,1.3821
2.7859,1.3770
2.7864,1.3720
2.7870,1.3720
2.7875,1.3720
2.7880,1.3770
2.7886,1.3770
2.7891,1.3821
2.7896,1.3720
2.7902,1.3770
2.7907,1.3770
2.7912,1.3770
2.7918,1.3720
2.7923,1.3770
2.7928,1.3770
2.7934,1.3770
2.7939,1.3770
2.7945,1.3770
2.7950,1.3720
2.7956,1.3720
2.7961,1.3770
2.7967,1.3821
2.7972,1.3720
2.7977,1.3770
2.7983,1.3770
2.7988,1.3770
2.7993,1.3770
2.7999,1.3770
2.8004,1.3770
2.8009,1.3770
2.8015,1.3821
2.8020,1.3770
2.8025,1.3770
2.8031,1.3770
2.8036,1.3770
2.8041,1.3770
2.8047,1.3770
2.8052,1.3720
2.8058,1.3821
2.8063,1.3770
2.8068,1.3770
2.8074,1.3770
2.8079,1.3720
2.8084,1.3770
2.8090,1.3770
2.8095,1.3770
2.8100,1.3720
2.8106,1.3720
2.8111,1.3770
2.8116,1.3770
2.8122,1.3770
2.8127,1.3770
2.8132,1.3770
2.8138,1.3770
2.8143,1.3720
2.8149,1.3720
2.8154,1.3770
2.8159,1.3770
2.8165,1.3770
2.8170,1.3770
2.8175,1.3720
2.8181,1.3770
2.8186,1.3770
2.8191,1.3720
2.8197,1.3770
2.8202,1.3770
2.8207,1.3770
2.8213,1.3770
2.8218,1.3770
2.8223,1.3770
2.8229,1.3770
2.8234,1.3720
2.8240,1.3720
2.8245,1.3770
2.8250,1.3720
2.8256,1.3770
2.8261,1.3770
2.8266,1.3770
2.8272,1.3770
2.8277,1.3720
2.8283,1.3770
2.8288,1.3770
2.8293,1.3720
2.8299,1.3770
2.8304,1.3770
2.8309,1.3720
2.8315,1.3720
2.8320,1.3770
2.8325,1.3720
2.8331,1.3770
2.8336,1.3770
2.8342,1.3720
2.8347,1.3720
2.8352,1.3720
2.8358,1.3770
2.8363,1.3720
2.8368,1.3770
2.8374,1.3770
2.8379,1.3720
2.8384,1.3720
2.8390,1.3720
2.8395,1.3669
2.8400,1.3770
2.8406,1.3720
2.8411,1.3720
2.8416,1.3770
2.8422,1.3720
2.8427,1.3720
2.8432,1.3720
2.8438,1.3770
2.8443,1.3720
2.8448,1.3770
2.8454,1.3720
2.8459,1.3770
2.8465,1.3720
2.8470,1.3720
2.8475,1.3770
2.8481,1.3770
2.8486,1.3720
2.8491,1.3720
2.8497,1.3720
2.8502,1.3720
2.8507,1.3770
2.8513,1.3770
2.8518,1.3720
2.8523,1.3720
2.8529,1.3720
2.8534,1.3720
2.8539,1.3720
2.8545,1.3720
2.8550,1.3720
2.8556,1.3720
2.8561,1.3770
2.8566,1.3720
2.8572,1.3770
2.8577,1.3770
2.8582,1.3720
2.8588,1.3720
2.8593,1.3720
2.8598,1.3720
2.8604,1.3720
2.8609,1.3770
2.8614,1.3720
2.8620,1.3770
2.8625,1.3720
2.8630,1.3720
2.8636,1.3720
2.8641,1.3720
2.8646,1.3770
2.8652,1.3720
2.8657,1.3720
2.8662,1.3720
2.8668,1.3720
2.8673,1.3669
2.8678,1.3720
2.8684,1.3770
2.8689,1.3770
2.8695,1.3720
2.8700,1.3720
2.8705,1.3770
2.8711,1.3720
2.8716,1.3720
2.8721,1.3720
2.8727,1.3720
2.8732,1.3669
2.8737,1.3770
2.8743,1.3720
2.8748,1.3770
2.8753,1.3720
2.8759,1.3770
2.8764,1.3720
2.8769,1.3669
2.8775,1.3770
2.8780,1.3770
2.8785,1.3720
2.8791,1.3720
2.8796,1.3720
2.8802,1.3720
2.8807,1.3720
2.8812,1.3720
2.8818,1.3770
2.8823,1.3720
2.8829,1.3720
2.8834,1.3720
2.8840,1.3669
2.8845,1.3669
2.8851,1.3720
2.8856,1.3720
2.8862,1.3720
2.8867,1.3720
2.8872,1.3669
2.8878,1.3669
2.8883,1.3669
2.8888,1.3720
2.8894,1.3720
2.8899,1.3720
2.8904,1.3720
2.8910,1.3720
2.8915,1.3770
2.8921,1.3720
2.8926,1.3669
2.8931,1.3770
2.8937,1.3720
2.8942,1.3770
2.8947,1.3770
2.8953,1.3720
2.8958,1.3669
2.8963,1.3720
2.8969,1.3720
2.8974,1.3720
2.8980,1.3720
2.8985,1.3720
2.8990,1.3720
2.8996,1.3720
2.9001,1.3720
2.9006,1.3770
2.9012,1.3720
2.9017,1.3669
2.9022,1.3669
2.9028,1.3720
2.9033,1.3770
2.9039,1.3720
2.9044,1.3720
2.9050,1.3720
2.9055,1.3669
2.9060,1.3669
2.9066,1.3770
2.9071,1.3720
2.9076,1.3720
2.9082,1.3770
2.9087,1.3720
2.9092,1.3720
2.9098,1.3720
2.9103,1.3720
2.9108,1.3720
2.9114,1.3720
2.9119,1.3720
2.9124,1.3669
2.9130,1.3720
2.9135,1.3720
2.9141,1.3720
2.9146,1.3770
2.9151,1.3720
2.9157,1.3720
2.9162,1.3669
2.9168,1.3720
2.9173,1.3720
2.9178,1.3720
2.9184,1.3720
2.9189,1.3720
2.9194,1.3770
2.9200,1.3720
2.9205,1.3720
2.9210,1.3720
2.9216,1.3720
2.9221,1.3770
2.9226,1.3770
2.9232,1.3770
2.9237,1.3720
2.9242,1.3720
2.9248,1.3720
2.9253,1.3669
2.9258,1.3720
2.9264,1.3669
2.9269,1.3720
2.9274,1.3720
2.9280,1.3720
2.9285,1.3720
2.9290,1.3770
2.9296,1.3770
2.9301,1.3770
2.9307,1.3720
2.9312,1.3720
2.9317,1.3669
2.9323,1.3669
2.9328,1.3770
2.9333,1.3720
2.9339,1.3720
2.9344,1.3669
2.9349,1.3720
2.9355,1.3669
2.9360,1.3720
2.9365,1.3720
2.9371,1.3720
2.9376,1.3720
2.9381,1.3720
2.9387,1.3720
2.9392,1.3720
2.9397,1.3720
2.9403,1.3669
2.9408,1.3720
2.9414,1.3720
2.9419,1.3669
2.9424,1.3669
2.9430,1.3720
2.9435,1.3720
2.9440,1.3770
2.9446,1.3720
2.9451,1.3720
2.9456,1.3720
2.9462,1.3720
2.9467,1.3669
2.9472,1.3720
2.9478,1.3669
2.9483,1.3720
2.9488,1.3720
2.9494,1.3669
2.9499,1.3720
2.9504,1.3720
2.9510,1.3720
2.9515,1.3720
2.9521,1.3720
2.9526,1.3720
2.9531,1.3669
2.9537,1.3669
2.9542,1.3720
2.9547,1.3669
2.9553,1.3720
2.9558,1.3720
2.9563,1.3720
2.9569,1.3669
2.9574,1.3720
2.9579,1.3720
2.9585,1.3669
2.9590,1.3720
2.9595,1.3720
2.9601,1.3669
2.9606,1.3720
2.9612,1.3669
2.9617,1.3669
2.9622,1.3720
2.9628,1.3770
2.9633,1.3720
2.9638,1.3720
2.9644,1.3669
2.9649,1.3720
2.9654,1.3619
2.9660,1.3720
2.9665,1.3669
2.9671,1.3720
2.9676,1.3720
2.9681,1.3720
2.9687,1.3669
2.9692,1.3669
2.9697,1.3720
2.9703,1.3720
2.9708,1.3720
2.9713,1.3720
2.9719,1.3720
2.9724,1.3669
2.9729,1.3669
2.9735,1.3669
2.9740,1.3720
2.9746,1.3669
2.9751,1.3669
2.9756,1.3720
2.9762,1.3720
2.9767,1.3669
2.9772,1.3720
2.9778,1.3720
2.9783,1.3720
2.9788,1.3720
2.9794,1.3720
2.9799,1.3619
2.9804,1.3669
2.9810,1.3720
2.9815,1.3720
2.9820,1.3669
2.9826,1.3720
2.9831,1.3669
2.9837,1.3720
2.9842,1.3720
2.9855,1.3619
2.9860,1.3669
2.9866,1.3669
2.9871,1.3720
2.9876,1.3669
2.9882,1.3669
2.9887,1.3669
2.9892,1.3619
2.9898,1.3720
2.9903,1.3720
2.9910,1.3720
2.9916,1.3669
2.9921,1.3669
2.9926,1.3720
2.9932,1.3669
2.9937,1.3770
2.9943,1.3669
2.9948,1.3720
2.9953,1.3720
2.9959,1.3720
2.9964,1.3720
2.9969,1.3720
2.9975,1.3720
2.9981,1.3720
2.9987,1.3720
2.9993,1.3669
2.9999,1.3720
3.0004,1.3720
3.0009,1.3669
3.0015,1.3669
3.0020,1.3669
3.0026,1.3720
3.0031,1.3720
3.0036,1.3669
3.0042,1.3720
3.0047,1.3669
3.0052,1.3669
3.0058,1.3720
3.0063,1.3720
3.0069,1.3669
3.0074,1.3619
3.0079,1.3720
3.0085,1.3720
3.0090,1.3669
3.0096,1.3669
3.0101,1.3720
3.0106,1.3619
3.0112,1.3720
3.0117,1.3720
3.0123,1.3720
3.0128,1.3720
3.0133,1.3669
3.0139,1.3720
3.0144,1.3669
3.0150,1.3720
3.0155,1.3720
3.0161,1.3669
3.0166,1.3619
3.0171,1.3720
3.0177,1.3669
3.0182,1.3720
3.0188,1.3720
3.0193,1.3720
3.0198,1.3720
3.0204,1.3720
3.0209,1.3720
3.0215,1.3720
3.0220,1.3669
3.0225,1.3669
3.0231,1.3720
3.0236,1.3720
3.0242,1.3720
3.0247,1.3669
3.0252,1.3720
3.0258,1.3669
3.0263,1.3720
3.0269,1.3669
3.0274,1.3669
3.0279,1.3669
3.0285,1.3720
3.0290,1.3669
3.0297,1.3720
3.0302,1.3720
3.0307,1.3720
3.0313,1.3720
3.0318,1.3669
3.0324,1.3770
3.0329,1.3669
3.0334,1.3720
3.0340,1.3720
3.0345,1.3720
3.0351,1.3720
3.0356,1.3669
3.0361,1.3669
3.0367,1.3669
3.0372,1.3720
3.0377,1.3720
3.0383,1.3720
3.0388,1.3720
3.0394,1.3669
3.0399,1.3669
3.0404,1.3669
3.0410,1.3619
3.0415,1.3720
3.0421,1.3720
3.0426,1.3720
3.0431,1.3669
3.0437,1.3720
3.0442,1.3720
3.0447,1.3669
3.0453,1.3669
3.0458,1.3669
3.0464,1.3720
3.0469,1.3720
3.0474,1.3720
3.0480,1.3720
3.0485,1.3720
3.0491,1.3720
3.0496,1.3619
3.0501,1.3720
3.0507,1.3669
3.0512,1.3669
3.0517,1.3720
3.0523,1.3669
3.0528,1.3720
3.0534,1.3669
3.0539,1.3669
3.0544,1.3669
3.0550,1.3720
3.0555,1.3669
3.0561,1.3720
3.0566,1.3720
3.0571,1.3720
3.0577,1.3720
3.0582,1.3669
3.0587,1.3720
3.0593,1.3720
3.0598,1.3720
3.0604,1.3720
3.0609,1.3720
3.0614,1.3720
3.0620,1.3720
3.0625,1.3720
3.0631,1.3720
3.0636,1.3720
3.0641,1.3770
3.0647,1.3720
3.0652,1.3770
3.0658,1.3720
3.0663,1.3720
3.0668,1.3720
3.0674,1.3720
3.0679,1.3720
3.0684,1.3770
3.0690,1.3770
3.0695,1.3770
3.0701,1.3770
3.0706,1.3770
3.0711,1.3770
3.0717,1.3770
3.0722,1.3770
3.0728,1.3720
3.0733,1.3720
3.0738,1.3770
3.0744,1.3770
3.0749,1.3770
3.0754,1.3770
3.0760,1.3770
3.0765,1.3770
3.0771,1.3770
3.0776,1.3770
3.0781,1.3770
3.0787,1.3770
3.0792,1.3720
3.0798,1.3770
3.0803,1.3720
3.0808,1.3770
3.0814,1.3720
3.0819,1.3770
3.0824,1.3821
3.0830,1.3770
3.0836,1.3821
3.0841,1.3770
3.0846,1.3821
3.0852,1.3720
3.0857,1.3770
3.0862,1.3821
3.0868,1.3770
3.0873,1.3871
3.0879,1.3821
3.0884,1.3770
3.0889,1.3770
3.0895,1.3821
3.0900,1.3871
3.0906,1.3871
3.0911,1.3871
3.0916,1.3821
3.0922,1.3821
3.0927,1.3871
3.0932,1.3871
3.0938,1.3871
3.0943,1.3871
3.0949,1.3821
3.0954,1.3871
3.0959,1.3821
3.0965,1.3871
3.0970,1.3821
3.0976,1.3821
3.0981,1.3821
3.0988,1.3871
3.0993,1.3871
3.0998,1.3871
3.1004,1.3871
3.1009,1.3871
3.1014,1.3821
3.1020,1.3871
3.1025,1.3871
3.1031,1.3871
3.1036,1.3921
3.1041,1.3921
3.1047,1.3921
3.1052,1.3871
3.1057,1.3921
3.1063,1.3921
3.1068,1.3921
3.1073,1.3921
3.1079,1.3921
3.1084,1.3871
3.1089,1.3921
3.1095,1.3921
3.1100,1.3972
3.1105,1.3871
3.1111,1.3972
3.1116,1.3972
3.1121,1.3921
3.1127,1.3921
3.1132,1.3921
3.1137,1.3921
3.1143,1.3921
3.1148,1.3921
3.1154,1.3972
3.1159,1.3921
3.1164,1.3972
3.1170,1.4022
3.1175,1.3972
3.1180,1.4022
3.1186,1.4022
3.1191,1.3972
3.1196,1.3921
3.1202,1.3972
3.1207,1.4022
3.1212,1.4022
3.1218,1.3972
3.1223,1.3972
3.1228,1.3972
3.1234,1.3972
3.1239,1.3972
3.1245,1.3972
3.1250,1.4022
3.1255,1.3972
3.1261,1.3972
3.1266,1.4022
3.1271,1.3972
3.1277,1.4022
3.1282,1.3921
3.1287,1.4022
3.1293,1.4022
3.1298,1.4022
3.1303,1.3972
3.1309,1.3921
3.1314,1.4022
3.1319,1.4022
3.1325,1.4022
3.1330,1.3972
3.1336,1.3972
3.1341,1.4022
3.1347,1.4022
3.1352,1.3972
3.1358,1.4022
3.1363,1.3972
3.1368,1.4022
3.1374,1.4022
3.1379,1.4022
3.1384,1.4022
3.1390,1.3921
3.1395,1.4022
3.1400,1.3972
3.1405,1.3972
3.1411,1.3972
3.1416,1.4022
3.1421,1.4022
3.1427,1.4022
3.1432,1.4073
3.1437,1.4022
3.1443,1.4022
3.1448,1.4022
3.1453,1.3972
3.1459,1.3972
3.1464,1.4022
3.1469,1.4073
3.1475,1.4022
3.1480,1.4022
3.1485,1.4022
3.1491,1.4022
3.1496,1.4073
3.1501,1.4073
3.1506,1.4073
3.1512,1.4022
3.1517,1.4022
3.1522,1.4073
3.1528,1.4022
3.1533,1.4022
3.1538,1.4022
3.1544,1.3972
3.1549,1.4022
3.1554,1.4073
3.1560,1.4022
3.1565,1.4073
3.1570,1.4022
3.1576,1.4022
3.1581,1.4073
3.1586,1.4073
3.1592,1.4022
3.1597,1.4073
3.1602,1.4073
3.1608,1.4022
3.1613,1.4022
3.1618,1.4022
3.1624,1.4022
3.1629,1.4022
3.1634,1.4022
3.1640,1.4073
3.1645,1.4123
3.1650,1.4073
3.1656,1.4022
3.1661,1.4073
3.1666,1.4073
3.1672,1.4073
3.1677,1.4123
3.1682,1.4123
3.1688,1.4073
3.1693,1.4073
3.1698,1.4073
3.1704,1.4073
3.1709,1.4073
3.1714,1.4073
3.1720,1.4073
3.1725,1.4073
3.1730,1.4073
3.1736,1.4073
3.1741,1.4073
3.1746,1.4073
3.1752,1.4073
3.1757,1.4073
3.1762,1.4073
3.1767,1.4022
3.1773,1.4022
3.1778,1.4073
3.1783,1.4073
3.1789,1.4073
3.1794,1.4022
3.1799,1.4022
3.1805,1.4123
3.1810,1.4022
3.1815,1.4022
3.1821,1.4123
3.1826,1.4073
3.1831,1.4073
3.1836,1.4123
3.1842,1.4073
3.1847,1.4073
3.1852,1.4073
3.1858,1.4073
3.1863,1.4123
3.1868,1.4022
3.1874,1.4073
3.1879,1.4022
3.1884,1.4073
3.1890,1.4073
3.1895,1.4073
3.1900,1.4073
3.1906,1.4073
3.1911,1.4123
3.1916,1.4123
3.1922,1.4073
3.1927,1.4073
3.1932,1.4022
3.1938,1.4073
3.1943,1.4073
3.1948,1.4123
3.1954,1.4073
3.1959,1.4073
3.1964,1.4073
3.1969,1.4073
3.1975,1.4073
3.1980,1.4073
3.1985,1.4073
3.1991,1.4073
3.1996,1.4022
3.2001,1.4073
3.2007,1.4073
3.2012,1.4022
3.2018,1.4073
3.2023,1.4073
3.2028,1.4073
3.2034,1.4073
3.2039,1.4022
3.2044,1.4073
3.2050,1.4073
3.2055,1.4073
3.2060,1.4073
3.2066,1.4073
3.2071,1.4073
3.2076,1.4073
3.2082,1.4073
3.2087,1.4073
3.2093,1.4073
3.2098,1.4123
3.2103,1.4073
3.2109,1.4022
3.2114,1.4073
3.2119,1.4022
3.2125,1.4022
3.2130,1.4073
3.2135,1.4022
3.2141,1.4073
3.2146,1.4073
3.2151,1.4073
3.2157,1.4073
3.2162,1.4073
3.2168,1.4022
3.2173,1.4073
3.2178,1.4073
3.2184,1.4073
3.2189,1.4073
3.2194,1.4073
3.2200,1.4073
3.2205,1.4073
3.2210,1.4073
3.2216,1.4073
3.2221,1.4073
3.2226,1.4073
3.2232,1.4073
3.2237,1.4022
3.2243,1.4073
3.2248,1.4123
3.2253,1.4073
3.2259,1.4073
3.2264,1.4073
3.2269,1.4073
3.2275,1.4073
3.2280,1.4073
3.2285,1.4073
3.2291,1.4073
3.2296,1.4073
3.2304,1.4022
3.2337,1.4073
3.2343,1.4022
3.2348,1.4073
3.2354,1.4073
3.2359,1.4022
3.2365,1.4073
3.2371,1.4022
3.2376,1.4073
3.2382,1.4073
3.2387,1.4022
3.2393,1.4073
3.2398,1.4073
3.2403,1.4073
3.2409,1.4073
3.2414,1.4123
3.2420,1.4022
3.2425,1.4022
3.2431,1.4073
3.2436,1.4073
3.2442,1.4073
3.2447,1.4022
3.2453,1.4022
3.2459,1.4022
3.2464,1.4123
3.2470,1.4073
3.2476,1.4073
3.2482,1.4073
3.2487,1.4022
3.2493,1.4022
3.2499,1.4073
3.2508,1.4022
3.2514,1.4073
3.2519,1.4022
3.2524,1.4073
3.2530,1.4022
3.2536,1.4073
3.2544,1.4073
3.2550,1.4073
3.2555,1.4022
3.2561,1.4022
3.2566,1.4022
3.2572,1.4022
3.2577,1.4073
3.2582,1.4073
3.2588,1.4022
3.2593,1.4073
3.2598,1.4022
3.2604,1.4022
3.2612,1.4073
3.2617,1.4022
3.2623,1.4073
3.2628,1.4073
3.2634,1.4073
3.2639,1.3972
3.2644,1.4073
3.2650,1.4022
3.2655,1.4022
3.2661,1.4073
3.2666,1.4073
3.2671,1.4073
3.2677,1.4022
3.2682,1.3972
3.2688,1.4022
3.2693,1.4073
3.2698,1.4073
3.2704,1.4022
3.2709,1.4073
3.2714,1.4073
3.2720,1.4022
3.2725,1.4022
3.2731,1.4022
3.2736,1.4022
3.2741,1.4022
3.2747,1.4022
3.2752,1.4073
3.2758,1.4022
3.2763,1.4073
3.2769,1.4022
3.2774,1.4022
3.2780,1.4022
3.2785,1.4073
3.2790,1.4073
3.2796,1.4022
3.2801,1.4022
3.2807,1.4022
3.2812,1.4022
3.2817,1.4022
3.2823,1.3972
3.2828,1.4022
3.2834,1.4073
3.2839,1.4022
3.2844,1.4022
3.2850,1.3972
3.2855,1.4073
3.2860,1.4022
3.2866,1.4022
3.2871,1.4022
3.2877,1.4022
3.2882,1.4022
3.2887,1.4073
3.2893,1.4022
3.2898,1.4022
3.2904,1.3972
3.2909,1.4022
3.2914,1.3972
3.2920,1.4022
3.2925,1.4022
3.2930,1.4022
3.2936,1.4022
3.2941,1.4022
3.2947,1.3972
3.2952,1.4073
3.2958,1.4022
3.2963,1.3921
3.2968,1.4022
3.2974,1.4022
3.2979,1.4022
3.2985,1.3972
3.2990,1.3972
3.2995,1.4022
3.3002,1.4022
3.3007,1.3972
3.3013,1.4022
3.3018,1.4022
3.3023,1.3972
3.3029,1.4022
3.3034,1.4022
3.3039,1.4022
3.3045,1.3972
3.3050,1.3972
3.3056,1.3972
3.3061,1.4022
3.3066,1.3972
3.3072,1.4022
3.3077,1.4022
3.3083,1.3921
3.3088,1.3972
3.3093,1.3972
3.3099,1.4022
3.3104,1.3972
3.3109,1.4022
3.3115,1.3921
3.3120,1.3972
3.3125,1.4022
3.3131,1.4022
3.3136,1.3972
3.3141,1.3972
3.3147,1.4022
3.3152,1.3972
3.3157,1.3972
3.3163,1.3921
3.3168,1.4022
3.3173,1.4022
3.3179,1.3972
3.3184,1.3972
3.3189,1.3921
3.3195,1.4022
3.3200,1.4022
3.3206,1.3972
3.3211,1.3972
3.3216,1.3921
3.3222,1.3972
3.3227,1.4022
3.3232,1.4022
3.3238,1.3972
3.3243,1.3972
3.3248,1.3972
3.3254,1.4022
3.3259,1.3921
3.3264,1.3972
3.3270,1.3972
3.3275,1.3972
3.3280,1.3972
3.3286,1.3972
3.3291,1.3972
3.3296,1.3972
3.3302,1.3972
3.3307,1.3972
3.3312,1.3972
3.3318,1.4022
3.3323,1.4022
3.3328,1.3972
3.3334,1.3972
3.3339,1.3972
3.3345,1.4022
3.3350,1.4022
3.3355,1.3972
3.3361,1.4022
3.3366,1.3972
3.3371,1.3921
3.3377,1.3972
3.3382,1.4022
3.3387,1.3972
3.3393,1.3972
3.3398,1.3921
3.3403,1.4022
3.3409,1.3921
3.3415,1.4022
3.3421,1.3921
3.3426,1.3921
3.3432,1.3921
3.3438,1.4022
3.3443,1.3921
3.3449,1.3921
3.3455,1.3921
3.3460,1.3921
3.3467,1.3972
3.3473,1.3921
3.3481,1.3921
3.3487,1.3972
3.3492,1.3972
3.3497,1.3972
3.3503,1.3972
3.3508,1.3921
3.3513,1.3972
3.3519,1.3972
3.3524,1.4022
3.3529,1.3972
3.3535,1.3972
3.3540,1.3972
3.3545,1.3921
3.3551,1.3921
3.3556,1.3972
3.3561,1.3972
3.3566,1.3972
3.3572,1.3921
3.3577,1.3972
3.3582,1.3972
3.3588,1.3972
3.3593,1.3972
3.3598,1.3921
3.3604,1.3921
3.3609,1.3972
3.3614,1.3972
3.3620,1.3972
3.3625,1.3972
3.3631,1.3972
3.3636,1.3972
3.3641,1.3921
3.3647,1.3972
3.3652,1.3972
3.3657,1.3972
3.3663,1.3972
3.3668,1.3972
3.3673,1.3972
3.3678,1.3921
3.3684,1.3972
3.3689,1.3972
3.3694,1.3972
3.3700,1.3972
3.3705,1.3921
3.3710,1.3972
3.3716,1.3972
3.3721,1.3972
3.3726,1.3972
3.3731,1.3972
3.3737,1.3972
3.3742,1.3871
3.3747,1.3972
3.3753,1.3921
3.3758,1.3972
3.3764,1.3921
3.3769,1.3972
3.3774,1.3921
3.3780,1.3972
3.3786,1.3972
3.3791,1.3921
3.3796,1.3921
3.3801,1.3972
3.3807,1.3972
3.3812,1.3972
3.3817,1.3921
3.3823,1.3972
3.3828,1.3972
3.3833,1.3972
3.3839,1.3921
3.3844,1.3972
3.3849,1.3921
3.3855,1.3972
3.3860,1.3972
3.3865,1.3972
3.3870,1.3972
3.3876,1.3972
3.3881,1.3921
3.3886,1.3921
3.3892,1.3921
3.3897,1.3972
3.3902,1.3972
3.3908,1.3972
3.3913,1.3972
3.3918,1.3972
3.3923,1.3921
3.3929,1.3972
3.3934,1.3972
3.3939,1.3972
3.3945,1.3921
3.3950,1.3972
3.3955,1.3972
3.3961,1.3972
3.3966,1.4022
3.3971,1.3972
3.3976,1.3972
3.3982,1.3972
3.3987,1.4022
3.3992,1.3972
3.3998,1.3972
3.4003,1.4022
3.4009,1.3972
3.4015,1.3921
3.4020,1.3972
3.4025,1.3921
3.4031,1.3972
3.4036,1.3921
3.4041,1.3972
3.4047,1.3972
3.4052,1.3921
3.4057,1.3972
3.4063,1.3972
3.4068,1.3921
3.4073,1.3972
3.4079,1.3972
3.4084,1.3921
3.4089,1.3921
3.4095,1.3972
3.4100,1.3972
3.4105,1.3972
3.4111,1.3921
3.4116,1.3972
3.4121,1.3921
3.4127,1.3972
3.4132,1.3972
3.4137,1.3972
3.4143,1.3972
3.4148,1.3921
3.4153,1.3972
3.4159,1.3972
3.4164,1.3972
3.4169,1.3921
3.4175,1.3972
3.4180,1.3921
3.4185,1.3972
3.4191,1.3972
3.4196,1.3972
3.4201,1.3921
3.4207,1.3972
3.4212,1.3921
3.4217,1.3972
3.4223,1.3921
3.4228,1.3921
3.4233,1.3972
3.4239,1.3972
3.4244,1.3921
3.4249,1.3871
3.4255,1.3972
3.4260,1.3972
3.4265,1.3921
3.4271,1.3972
3.4276,1.3972
3.4281,1.3972
3.4287,1.3972
3.4292,1.3972
3.4297,1.3972
3.4303,1.3972
3.4308,1.3972
3.4314,1.3921
3.4319,1.3921
3.4324,1.3871
3.4329,1.3921
3.4335,1.3921
3.4340,1.3972
3.4346,1.3972
3.4351,1.3921
3.4356,1.3972
3.4362,1.3921
3.4367,1.3921
3.4372,1.3921
3.4378,1.3921
3.4383,1.3921
3.4389,1.3972
3.4394,1.3871
3.4399,1.3972
3.4405,1.3921
3.4410,1.3921
3.4415,1.3921
3.4421,1.3921
3.4426,1.3921
3.4431,1.3921
3.4437,1.3921
3.4442,1.3921
3.4448,1.3921
3.4453,1.3972
3.4458,1.3972
3.4464,1.3972
3.4469,1.3972
3.4474,1.3972
3.4480,1.3972
3.4485,1.3921
3.4490,1.3921
3.4496,1.3921
3.4501,1.3972
3.4506,1.3972
3.4512,1.3921
3.4517,1.3921
3.4522,1.3871
3.4528,1.3921
3.4533,1.3972
3.4539,1.3972
3.4544,1.3972
3.4549,1.3972
3.4555,1.3871
3.4560,1.3921
3.4565,1.3972
3.4571,1.3972
3.4576,1.3921
3.4581,1.3921
3.4587,1.3972
3.4592,1.3972
3.4597,1.3921
3.4603,1.3921
3.4608,1.3921
3.4614,1.3921
3.4619,1.3921
3.4624,1.3921
3.4630,1.3871
3.4635,1.3921
3.4640,1.3972
3.4646,1.3921
3.4651,1.3921
3.4656,1.3921
3.4662,1.3921
3.4667,1.3871
3.4673,1.3871
3.4678,1.3921
3.4683,1.3921
3.4689,1.3921
3.4694,1.3921
3.4699,1.3921
3.4705,1.3871
3.4710,1.3921
3.4715,1.3921
3.4721,1.3921
3.4726,1.3871
3.4731,1.3921
3.4737,1.3921
3.4742,1.3921
3.4747,1.3921
3.4753,1.3972
3.4758,1.3921
3.4764,1.3921
3.4769,1.3921
3.4774,1.3921
3.4780,1.3921
3.4785,1.3921
3.4790,1.3921
3.4796,1.3871
3.4802,1.3921
3.4808,1.3921
3.4813,1.3921
3.4819,1.3921
3.4824,1.3921
3.4829,1.3921
3.4835,1.3921
3.4840,1.3921
3.4845,1.3921
3.4851,1.3921
3.4856,1.3921
3.4861,1.3921
3.4867,1.3921
3.4872,1.3821
3.4877,1.3871
3.4883,1.3921
3.4888,1.3871
3.4893,1.3871
3.4899,1.3921
3.4904,1.3921
3.4909,1.3921
3.4915,1.3871
3.4920,1.3921
3.4925,1.3921
3.4931,1.3921
3.4936,1.3921
3.4941,1.3921
3.4947,1.3921
3.4952,1.3921
3.4958,1.3871
3.4965,1.3921
3.4971,1.3921
3.4976,1.3871
3.4982,1.3871
3.4987,1.3871
3.4992,1.3921
3.4998,1.3871
3.5003,1.3871
3.5009,1.3871
3.5014,1.3871
3.5019,1.3871
3.5025,1.3921
3.5030,1.3921
3.5035,1.3871
3.5041,1.3821
3.5046,1.3921
3.5051,1.3871
3.5057,1.3871
3.5062,1.3871
3.5067,1.3871
3.5073,1.3871
3.5078,1.3871
3.5083,1.3871
3.5089,1.3921
3.5094,1.3921
3.5099,1.3921
3.5105,1.3871
3.5110,1.3871
3.5115,1.3871
3.5121,1.3871
3.5126,1.3871
3.5132,1.3871
3.5137,1.3871
3.5142,1.3921
3.5148,1.3871
3.5153,1.3871
3.5159,1.3871
3.5164,1.3871
3.5169,1.3871
3.5175,1.3871
3.5180,1.3821
3.5185,1.3871
3.5191,1.3871
3.5196,1.3871
3.5201,1.3871
3.5207,1.3821
3.5212,1.3871
3.5218,1.3871
3.5223,1.3821
3.5228,1.3871
3.5234,1.3871
3.5239,1.3821
3.5244,1.3871
3.5250,1.3871
3.5255,1.3871
3.5260,1.3871
3.5266,1.3921
3.5271,1.3871
3.5276,1.3821
3.5282,1.3871
3.5287,1.3871
3.5292,1.3871
3.5298,1.3871
3.5303,1.3871
3.5308,1.3871
3.5314,1.3871
3.5319,1.3821
3.5324,1.3821
3.5330,1.3871
3.5335,1.3871
3.5341,1.3871
3.5346,1.3871
3.5351,1.3871
3.5357,1.3871
3.5362,1.3871
3.5368,1.3871
3.5373,1.3871
3.5378,1.3871
3.5384,1.3821
3.5389,1.3871
3.5394,1.3921
3.5400,1.3871
3.5405,1.3871
3.5410,1.3871
3.5416,1.3871
3.5421,1.3821
3.5427,1.3871
3.5432,1.3871
3.5437,1.3871
3.5443,1.3871
3.5448,1.3871
3.5453,1.3871
3.5459,1.3871
3.5464,1.3821
3.5469,1.3821
3.5475,1.3871
3.5480,1.3871
3.5486,1.3821
3.5491,1.3821
3.5496,1.3821
3.5502,1.3821
3.5507,1.3871
3.5512,1.3821
3.5518,1.3770
3.5523,1.3821
3.5528,1.3821
3.5534,1.3821
3.5539,1.3821
3.5544,1.3871
3.5550,1.3871
3.5555,1.3871
3.5561,1.3821
3.5566,1.3821
3.5571,1.3871
3.5577,1.3770
3.5582,1.3770
3.5587,1.3871
3.5593,1.3821
3.5598,1.3871
3.5603,1.3821
3.5609,1.3871
3.5614,1.3821
3.5620,1.3770
3.5625,1.3871
3.5630,1.3821
3.5636,1.3821
3.5641,1.3770
3.5647,1.3821
3.5652,1.3821
3.5657,1.3821
3.5663,1.3871
3.5668,1.3871
3.5674,1.3821
3.5679,1.3821
3.5684,1.3821
3.5690,1.3871
3.5695,1.3821
3.5700,1.3821
3.5706,1.3871
3.5711,1.3871
3.5716,1.3871
3.5722,1.3821
3.5727,1.3770
3.5733,1.3821
3.5738,1.3871
3.5743,1.3821
3.5749,1.3821
3.5754,1.3821
3.5759,1.3821
3.5765,1.3821
3.5770,1.3821
3.5775,1.3821
3.5781,1.3821
3.5786,1.3821
3.5791,1.3821
3.5797,1.3770
3.5802,1.3821
3.5808,1.3821
3.5813,1.3770
3.5818,1.3821
3.5824,1.3821
3.5829,1.3821
3.5834,1.3770
3.5840,1.3821
3.5845,1.3821
3.5850,1.3821
3.5856,1.3821
3.5861,1.3821
3.5866,1.3821
3.5872,1.3821
3.5877,1.3821
3.5883,1.3770
3.5888,1.3871
3.5893,1.3821
3.5899,1.3821
3.5904,1.3770
3.5909,1.3770
3.5915,1.3770
3.5920,1.3770
3.5925,1.3821
3.5931,1.3821
3.5936,1.3821
3.5942,1.3821
3.5947,1.3821
3.5952,1.3770
3.5958,1.3821
3.5963,1.3770
3.5968,1.3770
3.5974,1.3821
3.5979,1.3720
3.5984,1.3821
3.5990,1.3720
3.5995,1.3821
3.6000,1.3770
3.6006,1.3821
3.6011,1.3770
3.6017,1.3821
3.6022,1.3821
3.6028,1.3720
3.6033,1.3821
3.6038,1.3821
3.6044,1.3871
3.6049,1.3821
3.6054,1.3821
3.6060,1.3821
3.6065,1.3770
3.6070,1.3821
3.6076,1.3821
3.6081,1.3821
3.6086,1.3770
3.6092,1.3821
3.6097,1.3770
3.6103,1.3821
3.6108,1.3821
3.6113,1.3821
3.6119,1.3821
3.6124,1.3770
3.6129,1.3770
3.6135,1.3770
3.6140,1.3821
3.6145,1.3770
3.6151,1.3770
3.6156,1.3821
3.6162,1.3720
3.6167,1.3770
3.6172,1.3770
3.6178,1.3770
3.6183,1.3821
3.6188,1.3770
3.6194,1.3770
3.6199,1.3770
3.6204,1.3720
3.6210,1.3821
3.6215,1.3821
3.6221,1.3770
3.6226,1.3821
3.6234,1.3770
3.6240,1.3720
3.6245,1.3821
3.6252,1.3821
3.6257,1.3770
3.6263,1.3770
3.6268,1.3770
3.6273,1.3770
3.6279,1.3720
3.6284,1.3770
3.6289,1.3821
3.6295,1.3770
3.6300,1.3770
3.6306,1.3770
3.6311,1.3821
3.6316,1.3821
3.6322,1.3821
3.6327,1.3821
3.6332,1.3770
3.6338,1.3770
3.6343,1.3821
3.6348,1.3770
3.6354,1.3770
3.6359,1.3770
3.6364,1.3770
3.6370,1.3770
3.6375,1.3770
3.6380,1.3770
3.6386,1.3770
3.6391,1.3720
3.6396,1.3770
3.6402,1.3770
3.6407,1.3770
3.6412,1.3770
3.6418,1.3770
3.6423,1.3770
3.6436,1.3720
3.6442,1.3770
3.6447,1.3770
3.6453,1.3770
3.6458,1.3720
3.6464,1.3770
3.6469,1.3770
3.6475,1.3720
3.6480,1.3770
3.6485,1.3720
3.6491,1.3770
3.6496,1.3720
3.6502,1.3770
3.6507,1.3821
3.6513,1.3770
3.6518,1.3770
3.6523,1.3770
3.6529,1.3770
3.6534,1.3720
3.6540,1.3720
3.6545,1.3770
3.6550,1.3770
3.6556,1.3821
3.6561,1.3770
3.6566,1.3770
3.6572,1.3770
3.6577,1.3770
3.6582,1.3720
3.6588,1.3770
3.6593,1.3821
3.6598,1.3770
3.6604,1.3821
3.6609,1.3770
3.6615,1.3770
3.6620,1.3770
3.6625,1.3720
3.6631,1.3770
3.6636,1.3770
3.6641,1.3770
3.6647,1.3770
3.6652,1.3720
3.6657,1.3720
3.6663,1.3720
3.6668,1.3770
3.6674,1.3720
3.6679,1.3821
3.6684,1.3770
3.6690,1.3770
3.6695,1.3770
3.6700,1.3720
3.6706,1.3720
3.6711,1.3770
3.6716,1.3770
3.6722,1.3770
3.6727,1.3770
3.6732,1.3770
3.6738,1.3770
3.6743,1.3720
3.6749,1.3821
3.6754,1.3770
3.6759,1.3770
3.6765,1.3770
3.6770,1.3770
3.6775,1.3720
3.6781,1.3720
3.6786,1.3770
3.6791,1.3720
3.6797,1.3770
3.6802,1.3770
3.6808,1.3770
3.6813,1.3770
3.6818,1.3770
3.6824,1.3770
3.6829,1.3770
3.6834,1.3770
3.6840,1.3770
3.6845,1.3770
3.6850,1.3770
3.6856,1.3720
3.6861,1.3770
3.6867,1.3770
3.6872,1.3770
3.6878,1.3720
3.6883,1.3720
3.6888,1.3770
3.6894,1.3720
3.6899,1.3770
3.6904,1.3720
3.6910,1.3720
3.6915,1.3770
3.6921,1.3770
3.6926,1.3770
3.6931,1.3720
3.6937,1.3720
3.6942,1.3720
3.6948,1.3720
3.6953,1.3770
3.6958,1.3720
3.6964,1.3720
3.6969,1.3770
3.6975,1.3770
3.6980,1.3720
3.6985,1.3770
3.6991,1.3770
3.6996,1.3770
3.7002,1.3720
3.7007,1.3770
3.7013,1.3770
3.7019,1.3720
3.7024,1.3770
3.7030,1.3770
3.7035,1.3720
3.7040,1.3720
3.7046,1.3770
3.7051,1.3720
3.7056,1.3770
3.7062,1.3720
3.7067,1.3770
3.7073,1.3770
3.7078,1.3720
3.7083,1.3720
3.7089,1.3720
3.7094,1.3720
3.7099,1.3770
3.7105,1.3720
3.7110,1.3770
3.7115,1.3720
3.7121,1.3770
3.7126,1.3770
3.7131,1.3770
3.7137,1.3720
3.7142,1.3720
3.7147,1.3770
3.7153,1.3770
3.7158,1.3770
3.7163,1.3770
3.7169,1.3770
3.7174,1.3770
3.7180,1.3720
3.7185,1.3720
3.7190,1.3770
3.7195,1.3770
3.7201,1.3770
3.7206,1.3770
3.7211,1.3770
3.7217,1.3720
3.7222,1.3770
3.7227,1.3720
3.7233,1.3770
3.7238,1.3720
3.7243,1.3770
3.7249,1.3770
3.7254,1.3770
3.7260,1.3770
3.7265,1.3770
3.7270,1.3770
3.7276,1.3720
3.7281,1.3720
3.7286,1.3770
3.7292,1.3770
3.7297,1.3770
3.7303,1.3720
3.7309,1.3720
3.7315,1.3720
3.7320,1.3770
3.7326,1.3669
3.7332,1.3770
3.7338,1.3770
3.7344,1.3770
3.7349,1.3720
3.7355,1.3821
3.7360,1.3720
3.7366,1.3770
3.7372,1.3770
3.7377,1.3770
3.7383,1.3770
3.7388,1.3770
3.7394,1.3770
3.7399,1.3770
3.7404,1.3770
3.7410,1.3720
3.7415,1.3770
3.7420,1.3770
3.7426,1.3770
3.7431,1.3720
3.7437,1.3770
3.7442,1.3770
3.7448,1.3720
3.7454,1.3770
3.7460,1.3770
3.7466,1.3770
3.7471,1.3770
3.7477,1.3720
3.7484,1.3720
3.7489,1.3770
3.7495,1.3720
3.7500,1.3770
3.7508,1.3720
3.7514,1.3720
3.7519,1.3770
3.7525,1.3720
3.7530,1.3770
3.7536,1.3770
3.7541,1.3720
3.7547,1.3720
3.7552,1.3720
3.7558,1.3770
3.7563,1.3720
3.7569,1.3720
3.7574,1.3770
3.7583,1.3770
3.7588,1.3770
3.7594,1.3720
3.7599,1.3720
3.7604,1.3770
3.7610,1.3770
3.7615,1.3770
3.7621,1.3770
3.7626,1.3770
3.7632,1.3770
3.7637,1.3720
3.7643,1.3720
3.7649,1.3720
3.7654,1.3770
3.7659,1.3770
3.7665,1.3770
3.7670,1.3720
3.7675,1.3770
3.7681,1.3770
3.7686,1.3720
3.7691,1.3770
3.7697,1.3720
3.7702,1.3770
3.7737,1.3720
3.7743,1.3770
3.7748,1.3720
3.7753,1.3770
3.7759,1.3720
3.7764,1.3720
3.7769,1.3720
3.7775,1.3720
3.7799,1.3720
3.7805,1.3720
3.7810,1.3720
3.7816,1.3720
3.7821,1.3770
3.7827,1.3720
3.7832,1.3770
3.7837,1.3720
3.7843,1.3770
3.7848,1.3770
3.7854,1.3770
3.7859,1.3720
3.7865,1.3770
3.7870,1.3720
3.7875,1.3720
3.7881,1.3720
3.7896,1.3720
3.7902,1.3669
3.7907,1.3720
3.7913,1.3770
3.7919,1.3720
3.7924,1.3770
3.7930,1.3720
3.7936,1.3720
3.7942,1.3720
3.7948,1.3720
3.7953,1.3669
3.7959,1.3720
3.7964,1.3720
3.7970,1.3720
3.7976,1.3720
3.7981,1.3770
3.7986,1.3720
3.7992,1.3720
3.7997,1.3770
3.8003,1.3669
3.8008,1.3770
3.8014,1.3770
3.8019,1.3720
3.8025,1.3770
3.8031,1.3720
3.8036,1.3669
3.8042,1.3720
3.8048,1.3720
3.8054,1.3720
3.8059,1.3720
3.8065,1.3720
3.8070,1.3669
3.8075,1.3770
3.8081,1.3720
3.8086,1.3720
3.8091,1.3770
3.8097,1.3770
3.8102,1.3720
3.8107,1.3770
3.8113,1.3720
3.8123,1.3770
3.8129,1.3720
3.8134,1.3720
3.8139,1.3770
3.8145,1.3669
3.8151,1.3720
3.8156,1.3720
3.8162,1.3770
3.8167,1.3770
3.8173,1.3720
3.8178,1.3720
3.8183,1.3720
3.8189,1.3720
3.8194,1.3770
3.8199,1.3770
3.8205,1.3770
3.8210,1.3770
3.8216,1.3770
3.8221,1.3720
3.8226,1.3720
3.8232,1.3720
3.8237,1.3770
3.8242,1.3770
3.8248,1.3720
3.8253,1.3720
3.8258,1.3669
3.8264,1.3720
3.8269,1.3770
3.8274,1.3720
3.8280,1.3770
3.8285,1.3770
3.8290,1.3720
3.8295,1.3770
3.8301,1.3770
3.8306,1.3720
3.8311,1.3770
3.8317,1.3720
3.8322,1.3720
3.8327,1.3720
3.8333,1.3720
3.8338,1.3720
3.8343,1.3720
3.8349,1.3720
3.8354,1.3720
3.8359,1.3770
3.8365,1.3720
3.8370,1.3720
3.8375,1.3720
3.8380,1.3770
3.8386,1.3770
3.8391,1.3770
3.8396,1.3770
3.8402,1.3720
3.8407,1.3720
3.8412,1.3720
3.8418,1.3720
3.8423,1.3720
3.8428,1.3669
3.8434,1.3669
3.8439,1.3720
3.8444,1.3770
3.8450,1.3770
3.8455,1.3770
3.8460,1.3770
3.8466,1.3720
3.8471,1.3720
3.8476,1.3720
3.8482,1.3669
3.8487,1.3720
3.8492,1.3720
3.8498,1.3669
3.8503,1.3770
3.8508,1.3720
3.8514,1.3770
3.8519,1.3720
3.8524,1.3720
3.8530,1.3720
3.8535,1.3720
3.8540,1.3720
3.8546,1.3720
3.8551,1.3720
3.8556,1.3770
3.8562,1.3720
3.8567,1.3720
3.8572,1.3720
3.8577,1.3770
3.8583,1.3720
3.8588,1.3720
3.8594,1.3770
3.8599,1.3720
3.8604,1.3720
3.8610,1.3720
3.8615,1.3720
3.8621,1.3720
3.8626,1.3720
3.8631,1.3720
3.8637,1.3720
3.8642,1.3720
3.8647,1.3720
3.8653,1.3720
3.8658,1.3720
3.8663,1.3770
3.8669,1.3720
3.8674,1.3770
3.8679,1.3720
3.8685,1.3770
3.8690,1.3720
3.8695,1.3720
3.8701,1.3770
3.8706,1.3770
3.8711,1.3720
3.8717,1.3720
3.8722,1.3720
3.8728,1.3770
3.8733,1.3770
3.8739,1.3770
3.8744,1.3770
3.8749,1.3720
3.8754,1.3770
3.8760,1.3720
3.8765,1.3770
3.8770,1.3720
3.8776,1.3770
3.8781,1.3720
3.8789,1.3770
3.8794,1.3720
3.8799,1.3770
3.8805,1.3720
3.8810,1.3770
3.8816,1.3720
3.8821,1.3770
3.8827,1.3720
3.8832,1.3770
3.8838,1.3770
3.8843,1.3770
3.8849,1.3720
3.8854,1.3770
3.8859,1.3770
3.8865,1.3770
3.8870,1.3770
3.8875,1.3720
3.8881,1.3821
3.8886,1.3770
3.8892,1.3770
3.8897,1.3821
3.8902,1.3720
3.8908,1.3770
3.8913,1.3821
3.8918,1.3821
3.8924,1.3770
3.8929,1.3770
3.8935,1.3770
3.8940,1.3821
3.8945,1.3770
3.8951,1.3821
3.8956,1.3821
3.8961,1.3821
3.8967,1.3770
3.8972,1.3821
3.8978,1.3821
3.8983,1.3821
3.8988,1.3821
3.8994,1.3821
3.8999,1.3770
3.9005,1.3821
3.9010,1.3871
3.9015,1.3821
3.9022,1.3821
3.9027,1.3821
3.9033,1.3821
3.9038,1.3821
3.9043,1.3821
3.9049,1.3821
3.9054,1.3770
3.9059,1.3871
3.9065,1.3821
3.9070,1.3871
3.9076,1.3871
3.9081,1.3871
3.9086,1.3871
3.9091,1.3871
3.9097,1.3871
3.9102,1.3871
3.9107,1.3821
3.9112,1.3871
3.9118,1.3871
3.9123,1.3921
3.9128,1.3921
3.9134,1.3871
3.9139,1.3871
3.9144,1.3921
3.9149,1.3921
3.9154,1.3921
3.9160,1.3871
3.9165,1.3871
3.9170,1.3871
3.9175,1.3871
3.9180,1.3871
3.9186,1.3921
3.9191,1.3871
3.9196,1.3871
3.9201,1.3921
3.9206,1.3921
3.9212,1.3921
3.9217,1.3921
3.9222,1.3871
3.9227,1.3921
3.9232,1.3921
3.9238,1.3921
3.9243,1.3921
3.9248,1.3921
3.9253,1.3921
3.9258,1.3972
3.9264,1.3921
3.9269,1.3972
3.9274,1.3972
3.9279,1.3972
3.9284,1.3921
3.9290,1.3972
3.9295,1.3972
3.9300,1.3921
3.9305,1.3921
3.9311,1.3972
3.9316,1.3972
3.9321,1.3921
3.9326,1.3972
3.9332,1.3921
3.9337,1.3921
3.9342,1.3972
3.9347,1.3972
3.9352,1.3972
3.9358,1.3972
3.9363,1.3921
3.9368,1.4022
3.9373,1.3972
3.9378,1.3972
3.9384,1.3972
3.9389,1.4022
3.9394,1.3972
3.9399,1.3972
3.9405,1.3972
3.9410,1.3972
3.9416,1.3972
3.9421,1.3972
3.9427,1.3972
3.9432,1.3921
3.9438,1.4022
3.9444,1.3972
3.9449,1.4022
3.9455,1.4022
3.9461,1.4022
3.9466,1.4022
3.9471,1.3972
3.9477,1.4022
3.9482,1.3972
3.9488,1.4022
3.9493,1.4022
3.9498,1.3972
3.9503,1.3921
3.9508,1.3972
3.9514,1.4022
3.9519,1.4022
3.9524,1.4022
3.9529,1.4022
3.9534,1.4022
3.9540,1.4022
3.9545,1.4022
3.9550,1.3972
3.9555,1.4022
3.9560,1.4022
3.9566,1.3972
3.9571,1.4073
3.9576,1.4022
3.9581,1.4073
3.9586,1.3972
3.9592,1.4022
3.9597,1.4022
3.9602,1.4022
3.9607,1.3972
3.9613,1.4073
3.9618,1.4073
3.9624,1.4073
3.9629,1.4073
3.9634,1.3972
3.9639,1.4073
3.9644,1.4022
3.9650,1.4073
3.9655,1.4022
3.9660,1.4073
3.9665,1.4022
3.9670,1.4073
3.9676,1.4073
3.9681,1.4073
3.9686,1.3972
3.9691,1.4022
3.9696,1.4073
3.9702,1.4073
3.9707,1.4073
3.9712,1.4022
3.9717,1.4073
3.9722,1.4022
3.9728,1.4073
3.9733,1.4073
3.9739,1.4022
3.9744,1.4073
3.9750,1.4073
3.9755,1.4073
3.9761,1.4073
3.9766,1.4073
3.9771,1.4073
3.9777,1.4022
3.9782,1.4022
3.9787,1.4022
3.9792,1.4073
3.9797,1.4073
3.9803,1.4022
3.9808,1.4073
3.9813,1.4073
3.9818,1.4073
3.9823,1.4022
3.9829,1.4073
3.9834,1.4073
3.9839,1.4073
3.9844,1.4073
3.9849,1.4073
3.9855,1.4073
3.9860,1.4073
3.9865,1.4073
3.9870,1.4073
3.9875,1.4073
3.9881,1.4073
3.9886,1.4073
3.9891,1.4073
3.9896,1.4073
3.9901,1.4022
3.9907,1.4073
3.9912,1.4073
3.9917,1.4073
3.9922,1.4073
3.9927,1.4073
3.9933,1.4073
3.9938,1.4123
3.9943,1.4073
3.9948,1.4123
3.9953,1.4073
3.9959,1.4073
3.9964,1.4073
3.9969,1.4073
3.9974,1.4073
3.9980,1.4022
3.9985,1.4073
3.9990,1.4073
3.9995,1.4073
4.0000,1.4123
4.0006,1.4123
4.0011,1.4022
4.0016,1.4022
4.0021,1.4073
4.0027,1.4073
4.0032,1.4123
4.0037,1.4022
4.0042,1.4073
4.0047,1.4073
4.0053,1.4123
4.0058,1.4073
4.0063,1.4073
4.0068,1.4073
4.0073,1.4123
4.0079,1.4073
4.0084,1.4073
4.0089,1.4073
4.0094,1.4073
4.0099,1.4123
4.0105,1.4073
4.0110,1.4073
4.0115,1.4073
4.0120,1.4123
4.0125,1.4073
4.0131,1.4073
4.0136,1.4073
4.0141,1.4073
4.0146,1.4022
4.0151,1.4073
4.0157,1.4073
4.0162,1.4073
4.0167,1.4073
4.0172,1.4123
4.0177,1.4073
4.0183,1.4073
4.0188,1.4073
4.0193,1.4073
4.0198,1.4073
4.0203,1.4073
4.0209,1.4073
4.0214,1.4022
4.0219,1.4123
4.0224,1.4123
4.0229,1.4073
4.0235,1.4022
4.0240,1.4022
4.0245,1.4022
4.0250,1.4073
4.0255,1.4123
4.0261,1.4073
4.0266,1.4073
4.0271,1.4073
4.0276,1.4022
4.0281,1.4022
4.0287,1.4073
4.0292,1.4123
4.0297,1.4073
4.0302,1.4073
4.0308,1.4022
4.0313,1.4022
4.0318,1.4073
4.0323,1.4073
4.0328,1.4073
4.0334,1.4073
4.0339,1.4073
4.0344,1.4073
4.0349,1.4073
4.0354,1.4073
4.0360,1.4073
4.0365,1.4073
4.0370,1.4123
4.0375,1.4022
4.0381,1.4123
4.0386,1.4022
4.0391,1.4022
4.0396,1.4022
4.0401,1.4073
4.0407,1.4022
4.0412,1.4022
4.0417,1.4073
4.0422,1.4022
4.0428,1.4022
4.0433,1.4022
4.0438,1.4073
4.0443,1.4073
4.0448,1.4073
4.0454,1.4073
4.0459,1.4073
4.0464,1.4022
4.0469,1.4022
4.0474,1.4073
4.0480,1.4123
4.0485,1.4022
4.0490,1.4073
4.0495,1.4073
4.0501,1.4073
4.0506,1.4073
4.0511,1.4073
4.0516,1.4073
4.0521,1.4073
4.0527,1.4022
4.0532,1.4073
4.0537,1.4073
4.0542,1.4073
4.0547,1.4022
4.0553,1.4073
4.0558,1.4073
4.0563,1.4022
4.0568,1.4073
4.0574,1.4073
4.0579,1.4073
4.0584,1.4073
4.0589,1.4073
4.0594,1.4022
4.0600,1.4022
4.0605,1.4073
4.0610,1.4073
4.0615,1.4073
4.0621,1.4022
4.0626,1.4073
4.0631,1.4073
4.0636,1.3972
4.0642,1.4073
4.0647,1.4022
4.0652,1.4022
4.0657,1.4022
4.0662,1.4073
4.0668,1.4073
4.0673,1.4022
4.0678,1.4073
4.0683,1.4073
4.0689,1.4022
4.0694,1.4022
4.0699,1.4073
4.0704,1.4073
4.0709,1.4073
4.0715,1.4022
4.0720,1.4022
4.0725,1.4073
4.0730,1.4073
4.0736,1.4022
4.0741,1.3972
4.0746,1.4022
4.0751,1.4022
4.0756,1.4022
4.0762,1.4073
4.0767,1.4022
4.0772,1.4022
4.0777,1.4022
4.0782,1.3972
4.0788,1.4022
4.0794,1.4022
4.0800,1.3972
4.0806,1.4073
4.0811,1.4022
4.0816,1.4022
4.0821,1.3972
4.0827,1.4022
4.0832,1.4073
4.0837,1.4073
4.0842,1.4022
4.0847,1.4022
4.0853,1.4073
4.0858,1.4073
4.0863,1.4022
4.0868,1.4022
4.0873,1.4073
4.0879,1.3972
4.0884,1.4022
4.0889,1.4022
4.0894,1.4022
4.0900,1.4022
4.0905,1.4022
4.0910,1.4022
4.0915,1.4022
4.0920,1.4022
4.0926,1.3972
4.0931,1.4022
4.0936,1.4022
4.0941,1.4022
4.0947,1.4022
4.0952,1.4022
4.0957,1.4022
4.0962,1.3972
4.0967,1.3972
4.0973,1.4022
4.0978,1.4022
4.0983,1.4073
4.0988,1.4022
4.0994,1.4022
4.0999,1.3921
4.1004,1.3972
4.1009,1.4022
4.1014,1.4022
4.1020,1.4022
4.1025,1.4022
4.1030,1.3972
4.1035,1.3972
4.1040,1.4022
4.1046,1.3972
4.1051,1.4022
4.1056,1.3972
4.1061,1.4022
4.1066,1.3972
4.1072,1.3972
4.1077,1.3972
4.1082,1.3972
4.1087,1.4022
4.1093,1.3972
4.1098,1.3972
4.1103,1.4022
4.1108,1.3972
4.1113,1.3972
4.1119,1.3972
4.1124,1.3972
4.1129,1.3972
4.1134,1.3972
4.1139,1.3972
4.1145,1.3972
4.1150,1.3972
4.1155,1.3972
4.1160,1.3972
4.1165,1.3972
4.1171,1.4022
4.1176,1.3972
4.1181,1.3921
4.1186,1.3972
4.1192,1.3972
4.1197,1.3972
4.1202,1.3972
4.1207,1.3972
4.1212,1.3972
4.1218,1.3972
4.1223,1.3972
4.1228,1.3972
4.1233,1.3972
4.1238,1.3921
4.1244,1.3921
4.1249,1.3921
4.1254,1.3972
4.1259,1.3972
4.1265,1.3921
4.1270,1.3921
4.1275,1.3972
4.1280,1.3921
4.1285,1.3921
4.1291,1.3972
4.1296,1.3972
4.1301,1.3972
4.1306,1.3972
4.1312,1.3972
4.1317,1.3972
4.1322,1.3921
4.1327,1.3972
4.1333,1.3972
4.1338,1.3921
4.1343,1.3972
4.1348,1.3972
4.1353,1.3972
4.1359,1.3921
4.1364,1.3921
4.1369,1.3972
4.1374,1.3921
4.1379,1.3871
4.1385,1.3972
4.1390,1.3972
4.1395,1.3972
4.1400,1.3921
4.1406,1.3921
4.1411,1.3921
4.1416,1.3921
4.1421,1.3921
4.1426,1.3921
4.1432,1.3972
4.1437,1.3921
4.1442,1.3921
4.1447,1.3921
4.1452,1.3972
4.1458,1.3921
4.1463,1.3921
4.1468,1.3921
4.1473,1.3972
4.1478,1.3972
4.1484,1.3972
4.1489,1.3921
4.1494,1.3921
4.1499,1.3972
4.1505,1.3921
4.1510,1.3871
4.1515,1.3871
4.1520,1.3921
4.1525,1.3921
4.1531,1.3921
4.1536,1.3921
4.1541,1.3921
4.1546,1.3921
4.1552,1.3921
4.1557,1.3921
4.1562,1.3921
4.1567,1.3921
4.1572,1.3921
4.1578,1.3921
4.1583,1.3972
4.1588,1.3921
4.1593,1.3871
4.1599,1.3921
4.1604,1.3921
4.1609,1.3921
4.1614,1.3921
4.1619,1.3921
4.1625,1.3972
4.1630,1.3921
4.1635,1.3972
4.1640,1.3921
4.1645,1.3921
4.1651,1.3972
4.1656,1.3921
4.1661,1.3921
4.1666,1.3921
4.1672,1.3921
4.1677,1.3921
4.1682,1.3921
4.1687,1.3921
4.1692,1.3921
4.1698,1.3921
4.1703,1.3921
4.1708,1.3921
4.1713,1.3972
4.1718,1.3921
4.1724,1.3921
4.1729,1.3921
4.1734,1.3921
4.1739,1.3871
4.1745,1.3921
4.1750,1.3921
4.1755,1.3972
4.1760,1.3871
4.1765,1.3921
4.1771,1.3921
4.1776,1.3921
4.1781,1.3871
4.1786,1.3921
4.1792,1.3921
4.1797,1.3972
4.1802,1.3921
4.1807,1.3921
4.1812,1.3921
4.1818,1.3972
4.1823,1.3871
4.1828,1.3972
4.1833,1.3921
4.1838,1.3921
4.1844,1.3871
4.1849,1.3871
4.1854,1.3871
4.1863,1.3921
4.1868,1.3921
4.1873,1.3921
4.1878,1.3871
4.1884,1.3871
4.1889,1.3921
4.1894,1.3871
4.1899,1.3871
4.1904,1.3972
4.1910,1.3921
4.1915,1.3871
4.1920,1.3921
4.1925,1.3871
4.1930,1.3871
4.1936,1.3972
4.1941,1.3972
4.1946,1.3921
4.1951,1.3871
4.1956,1.3871
4.1962,1.3921
4.1967,1.3921
4.1972,1.3921
4.1977,1.3921
4.1983,1.3921
4.1988,1.3921
4.1993,1.3921
4.1998,1.3871
4.2003,1.3921
4.2009,1.3921
4.2015,1.3871
4.2020,1.3871
4.2025,1.3972
4.2030,1.3921
4.2036,1.3921
4.2041,1.3921
4.2046,1.3921
4.2051,1.3921
4.2057,1.3921
4.2062,1.3921
4.2067,1.3972
4.2072,1.3871
4.2077,1.3871
4.2083,1.3921
4.2088,1.3821
4.2094,1.3871
4.2099,1.3972
4.2104,1.3921
4.2109,1.3921
4.2115,1.3921
4.2120,1.3921
4.2125,1.3921
4.2131,1.3921
4.2136,1.3921
4.2141,1.3921
4.2146,1.3871
4.2152,1.3921
4.2157,1.3921
4.2162,1.3871
4.2167,1.3921
4.2173,1.3921
4.2178,1.3921
4.2183,1.3871
4.2188,1.3921
4.2193,1.3921
4.2199,1.3921
4.2204,1.3921
4.2209,1.3921
4.2214,1.3921
4.2219,1.3871
4.2225,1.3871
4.2230,1.3871
4.2235,1.3921
4.2240,1.3921
4.2246,1.3921
4.2251,1.3921
4.2256,1.3921
4.2261,1.3921
4.2266,1.3921
4.2272,1.3871
4.2277,1.3871
4.2282,1.3871
4.2287,1.3871
4.2293,1.3921
4.2298,1.3921
4.2303,1.3871
4.2309,1.3921
4.2315,1.3871
4.2320,1.3871
4.2326,1.3921
4.2331,1.3871
4.2337,1.3921
4.2342,1.3921
4.2348,1.3921
4.2353,1.3921
4.2358,1.3821
4.2364,1.3921
4.2369,1.3921
4.2374,1.3871
4.2379,1.3921
4.2385,1.3921
4.2390,1.3871
4.2395,1.3921
4.2406,1.3871
4.2412,1.3871
4.2418,1.3921
4.2423,1.3921
4.2429,1.3921
4.2435,1.3921
4.2440,1.3921
4.2445,1.3921
4.2451,1.3921
4.2457,1.3871
4.2463,1.3821
4.2468,1.3871
4.2473,1.3871
4.2478,1.3921
4.2484,1.3871
4.2489,1.3871
4.2494,1.3921
4.2499,1.3921
4.2505,1.3921
4.2510,1.3921
4.2515,1.3871
4.2520,1.3871
4.2525,1.3921
4.2531,1.3921
4.2536,1.3921
4.2541,1.3871
4.2546,1.3871
4.2552,1.3871
4.2557,1.3821
4.2562,1.3921
4.2567,1.3871
4.2572,1.3871
4.2578,1.3921
4.2583,1.3871
4.2588,1.3921
4.2593,1.3871
4.2598,1.3921
4.2604,1.3871
4.2609,1.3871
4.2614,1.3871
4.2620,1.3921
4.2625,1.3871
4.2630,1.3921
4.2635,1.3921
4.2641,1.3921
4.2646,1.3871
4.2651,1.3871
4.2657,1.3921
4.2662,1.3921
4.2667,1.3921
4.2672,1.3871
4.2677,1.3821
4.2683,1.3871
4.2688,1.3871
4.2693,1.3972
4.2698,1.3871
4.2703,1.3871
4.2709,1.3871
4.2714,1.3871
4.2719,1.3871
4.2724,1.3871
4.2730,1.3871
4.2735,1.3871
4.2740,1.3871
4.2745,1.3871
4.2750,1.3871
4.2756,1.3821
4.2761,1.3921
4.2766,1.3871
4.2771,1.3871
4.2777,1.3921
4.2782,1.3921
4.2787,1.3871
4.2792,1.3921
4.2797,1.3871
4.2803,1.3821
4.2808,1.3871
4.2813,1.3871
4.2818,1.3821
4.2824,1.3921
4.2829,1.3871
4.2834,1.3871
4.2839,1.3921
4.2844,1.3871
4.2850,1.3871
4.2855,1.3871
4.2860,1.3821
4.2865,1.3871
4.2871,1.3871
4.2876,1.3921
4.2881,1.3921
4.2886,1.3871
4.2892,1.3871
4.2897,1.3871
4.2902,1.3821
4.2907,1.3821
4.2913,1.3871
4.2918,1.3821
4.2923,1.3871
4.2928,1.3871
4.2934,1.3821
4.2939,1.3871
4.2944,1.3871
4.2949,1.3871
4.2954,1.3871
4.2960,1.3871
4.2965,1.3871
4.2970,1.3821
4.2975,1.3821
4.2981,1.3921
4.2986,1.3871
4.2991,1.3871
4.2996,1.3821
4.3002,1.3871
4.3007,1.3871
4.3012,1.3871
4.3017,1.3871
4.3023,1.3821
4.3028,1.3871
4.3033,1.3871
4.3038,1.3821
4.3043,1.3871
4.3049,1.3821
4.3054,1.3871
4.3059,1.3821
4.3064,1.3821
4.3070,1.3871
4.3075,1.3871
4.3080,1.3871
4.3085,1.3821
4.3090,1.3871
4.3096,1.3871
4.3101,1.3871
4.3106,1.3821
4.3111,1.3821
4.3117,1.3821
4.3122,1.3871
4.3127,1.3871
4.3132,1.3871
4.3137,1.3821
4.3143,1.3821
4.3148,1.3871
4.3153,1.3821
4.3158,1.3871
4.3164,1.3821
4.3169,1.3821
4.3174,1.3871
4.3179,1.3871
4.3185,1.3871
4.3190,1.3871
4.3195,1.3821
4.3200,1.3821
4.3205,1.3871
4.3211,1.3871
4.3216,1.3821
4.3221,1.3770
4.3226,1.3821
4.3232,1.3871
4.3237,1.3871
4.3242,1.3821
4.3247,1.3871
4.3253,1.3821
4.3258,1.3871
4.3263,1.3821
4.3268,1.3770
4.3274,1.3871
4.3279,1.3821
4.3284,1.3821
4.3289,1.3821
4.3295,1.3821
4.3300,1.3821
4.3305,1.3821
4.3310,1.3871
4.3316,1.3871
4.3321,1.3871
4.3326,1.3821
4.3331,1.3821
4.3337,1.3821
4.3342,1.3821
4.3347,1.3821
4.3352,1.3821
4.3357,1.3821
4.3363,1.3821
4.3368,1.3821
4.3373,1.3821
4.3378,1.3821
4.3384,1.3821
4.3389,1.3821
4.3394,1.3821
4.3400,1.3821
4.3405,1.3821
4.3410,1.3821
4.3416,1.3821
4.3422,1.3821
4.3427,1.3821
4.3432,1.3821
4.3437,1.3821
4.3443,1.3821
4.3448,1.3821
4.3453,1.3770
4.3459,1.3821
4.3465,1.3821
4.3470,1.3821
4.3476,1.3821
4.3481,1.3770
4.3486,1.3821
4.3492,1.3821
4.3497,1.3821
4.3502,1.3821
4.3507,1.3821
4.3512,1.3770
4.3518,1.3770
4.3523,1.3821
4.3528,1.3821
4.3533,1.3821
4.3539,1.3821
4.3544,1.3821
4.3549,1.3821
4.3554,1.3821
4.3560,1.3821
4.3565,1.3821
4.3570,1.3821
4.3575,1.3821
4.3580,1.3821
4.3586,1.3821
4.3591,1.3821
4.3596,1.3770
4.3602,1.3821
4.3607,1.3821
4.3612,1.3821
4.3617,1.3821
4.3622,1.3821
4.3628,1.3821
4.3633,1.3770
4.3638,1.3770
4.3643,1.3821
4.3648,1.3770
4.3654,1.3770
4.3659,1.3821
4.3664,1.3770
4.3669,1.3770
4.3675,1.3770
4.3680,1.3770
4.3685,1.3821
4.3690,1.3821
4.3696,1.3821
4.3701,1.3821
4.3706,1.3821
4.3712,1.3770
4.3717,1.3770
4.3722,1.3770
4.3727,1.3770
4.3733,1.3720
4.3738,1.3720
4.3743,1.3770
4.3748,1.3821
4.3754,1.3821
4.3759,1.3821
4.3764,1.3770
4.3769,1.3720
4.3775,1.3720
4.3780,1.3770
4.3785,1.3770
4.3790,1.3770
4.3795,1.3770
4.3801,1.3720
4.3806,1.3770
4.3811,1.3770
4.3816,1.3770
4.3821,1.3821
4.3827,1.3770
4.3832,1.3770
4.3837,1.3821
4.3842,1.3770
4.3848,1.3821
4.3853,1.3770
4.3858,1.3770
4.3863,1.3770
4.3868,1.3770
4.3874,1.3770
4.3879,1.3720
4.3884,1.3720
4.3889,1.3770
4.3894,1.3770
4.3900,1.3770
4.3905,1.3770
4.3910,1.3720
4.3915,1.3770
4.3921,1.3770
4.3926,1.3720
4.3931,1.3770
4.3936,1.3770
4.3941,1.3821
4.3947,1.3770
4.3952,1.3770
4.3957,1.3770
4.3962,1.3821
4.3967,1.3720
4.3973,1.3770
4.3978,1.3770
4.3983,1.3770
4.3989,1.3770
4.3994,1.3770
4.3999,1.3821
4.4004,1.3821
4.4009,1.3770
4.4015,1.3720
4.4020,1.3770
4.4025,1.3770
4.4030,1.3720
4.4036,1.3770
4.4041,1.3770
4.4046,1.3770
4.4051,1.3770
4.4056,1.3770
4.4062,1.3770
4.4067,1.3770
4.4072,1.3720
4.4077,1.3770
4.4082,1.3770
4.4088,1.3770
4.4093,1.3720
4.4098,1.3770
4.4103,1.3770
4.4109,1.3821
4.4114,1.3770
4.4119,1.3720
4.4124,1.3720
4.4129,1.3770
4.4135,1.3770
4.4140,1.3770
4.4145,1.3720
4.4150,1.3720
4.4155,1.3770
4.4161,1.3720
4.4166,1.3720
4.4171,1.3720
4.4176,1.3770
4.4182,1.3720
4.4187,1.3770
4.4192,1.3770
4.4197,1.3720
4.4202,1.3770
4.4208,1.3720
4.4213,1.3720
4.4218,1.3770
4.4223,1.3770
4.4229,1.3821
4.4234,1.3770
4.4239,1.3720
4.4244,1.3720
4.4249,1.3770
4.4255,1.3770
4.4260,1.3720
4.4265,1.3720
4.4270,1.3720
4.4275,1.3720
4.4281,1.3720
4.4286,1.3770
4.4291,1.3770
4.4296,1.3720
4.4302,1.3720
4.4307,1.3720
4.4312,1.3770
4.4317,1.3770
4.4322,1.3720
4.4328,1.3770
4.4333,1.3770
4.4338,1.3669
4.4343,1.3720
4.4349,1.3720
4.4354,1.3720
4.4359,1.3770
4.4364,1.3770
4.4369,1.3770
4.4375,1.3720
4.4380,1.3720
4.4385,1.3770
4.4390,1.3770
4.4396,1.3720
4.4401,1.3720
4.4406,1.3770
4.4411,1.3720
4.4417,1.3720
4.4423,1.3669
4.4428,1.3720
4.4433,1.3770
4.4439,1.3720
4.4444,1.3770
4.4449,1.3770
4.4454,1.3770
4.4460,1.3821
4.4465,1.3720
4.4470,1.3720
4.4475,1.3720
4.4480,1.3720
4.4486,1.3770
4.4491,1.3770
4.4496,1.3770
4.4501,1.3720
4.4507,1.3720
4.4512,1.3720
4.4517,1.3720
4.4522,1.3720
4.4527,1.3770
4.4533,1.3720
4.4538,1.3720
4.4543,1.3720
4.4548,1.3720
4.4553,1.3669
4.4559,1.3720
4.4564,1.3770
4.4569,1.3720
4.4574,1.3770
4.4580,1.3720
4.4585,1.3720
4.4590,1.3770
4.4595,1.3720
4.4600,1.3770
4.4606,1.3720
4.4611,1.3770
4.4616,1.3770
4.4621,1.3720
4.4626,1.3770
4.4632,1.3770
4.4637,1.3720
4.4642,1.3770
4.4648,1.3770
4.4653,1.3720
4.4658,1.3720
4.4663,1.3720
4.4668,1.3720
4.4674,1.3770
4.4679,1.3770
4.4684,1.3720
4.4689,1.3720
4.4694,1.3770
4.4700,1.3770
4.4705,1.3720
4.4710,1.3770
4.4715,1.3770
4.4721,1.3770
4.4726,1.3669
4.4731,1.3720
4.4736,1.3720
4.4741,1.3770
4.4747,1.3770
4.4752,1.3770
4.4757,1.3720
4.4762,1.3720
4.4768,1.3720
4.4773,1.3720
4.4778,1.3770
4.4783,1.3770
4.4789,1.3720
4.4794,1.3770
4.4799,1.3669
4.4804,1.3720
4.4809,1.3720
4.4815,1.3770
4.4820,1.3770
4.4825,1.3770
4.4830,1.3720
4.4836,1.3770
4.4841,1.3720
4.4846,1.3770
4.4851,1.3720
4.4857,1.3770
4.4862,1.3770
4.4867,1.3720
4.4872,1.3770
4.4877,1.3821
4.4883,1.3770
4.4888,1.3720
4.4893,1.3720
4.4898,1.3720
4.4904,1.3720
4.4909,1.3720
4.4915,1.3669
4.4920,1.3720
4.4925,1.3720
4.4931,1.3720
4.4936,1.3770
4.4941,1.3770
4.4946,1.3720
4.4952,1.3720
4.4957,1.3770
4.4962,1.3720
4.4967,1.3770
4.4973,1.3720
4.4978,1.3770
4.4983,1.3770
4.4988,1.3770
4.4994,1.3720
4.4999,1.3770
4.5005,1.3770
4.5010,1.3770
4.5016,1.3770
4.5021,1.3720
4.5027,1.3770
4.5032,1.3770
4.5037,1.3720
4.5043,1.3770
4.5048,1.3770
4.5054,1.3720
4.5059,1.3720
4.5064,1.3770
4.5070,1.3720
4.5075,1.3720
4.5080,1.3770
4.5086,1.3720
4.5091,1.3720
4.5096,1.3770
4.5101,1.3770
4.5107,1.3770
4.5112,1.3720
4.5117,1.3770
4.5122,1.3720
4.5127,1.3770
4.5133,1.3770
4.5138,1.3720
4.5143,1.3770
4.5148,1.3770
4.5154,1.3720
4.5159,1.3770
4.5164,1.3770
4.5169,1.3720
4.5174,1.3770
4.5180,1.3720
4.5185,1.3770
4.5190,1.3720
4.5195,1.3770
4.5201,1.3720
4.5206,1.3720
4.5211,1.3720
4.5216,1.3720
4.5221,1.3720
4.5227,1.3720
4.5232,1.3720
4.5237,1.3770
4.5242,1.3720
4.5247,1.3720
4.5253,1.3720
4.5258,1.3770
4.5263,1.3770
4.5268,1.3770
4.5274,1.3720
4.5279,1.3720
4.5284,1.3720
4.5289,1.3720
4.5294,1.3720
4.5300,1.3770
4.5305,1.3770
4.5310,1.3720
4.5315,1.3720
4.5321,1.3720
4.5326,1.3720
4.5331,1.3770
4.5336,1.3770
4.5342,1.3770
4.5347,1.3669
4.5352,1.3720
4.5357,1.3720
4.5362,1.3720
4.5368,1.3720
4.5373,1.3720
4.5378,1.3720
4.5383,1.3720
4.5389,1.3720
4.5394,1.3720
4.5399,1.3669
4.5404,1.3720
4.5410,1.3770
4.5415,1.3770
4.5421,1.3770
4.5427,1.3720
4.5432,1.3770
4.5438,1.3720
4.5443,1.3720
4.5448,1.3770
4.5454,1.3770
4.5460,1.3720
4.5465,1.3720
4.5471,1.3720
4.5477,1.3770
4.5482,1.3720
4.5487,1.3720
4.5492,1.3669
4.5497,1.3720
4.5503,1.3720
4.5508,1.3720
4.5513,1.3720
4.5518,1.3720
4.5524,1.3720
4.5529,1.3770
4.5534,1.3770
4.5539,1.3720
4.5544,1.3720
4.5550,1.3770
4.5555,1.3720
4.5560,1.3720
4.5565,1.3720
4.5571,1.3720
4.5576,1.3770
4.5581,1.3720
4.5586,1.3720
4.5591,1.3720
4.5597,1.3770
4.5602,1.3770
4.5607,1.3720
4.5612,1.3720
4.5618,1.3669
4.5623,1.3720
4.5629,1.3770
4.5634,1.3720
4.5639,1.3720
4.5644,1.3720
4.5650,1.3720
4.5655,1.3720
4.5660,1.3720
4.5665,1.3770
4.5670,1.3720
4.5676,1.3770
4.5681,1.3720
4.5686,1.3720
4.5691,1.3720
4.5697,1.3720
4.5702,1.3720
4.5707,1.3720
4.5712,1.3720
4.5717,1.3720
4.5723,1.3770
4.5728,1.3720
4.5733,1.3720
4.5738,1.3770
4.5743,1.3770
4.5749,1.3720
4.5754,1.3770
4.5759,1.3720
4.5764,1.3720
4.5770,1.3720
4.5775,1.3720
4.5780,1.3720
4.5785,1.3720
4.5790,1.3720
4.5796,1.3720
4.5801,1.3720
4.5806,1.3720
4.5811,1.3720
4.5816,1.3720
4.5822,1.3720
4.5827,1.3720
4.5832,1.3720
4.5837,1.3720
4.5843,1.3720
4.5848,1.3770
4.5853,1.3720
4.5858,1.3720
4.5863,1.3770
4.5869,1.3720
4.5874,1.3720
4.5879,1.3720
4.5884,1.3669
4.5889,1.3770
4.5895,1.3720
4.5900,1.3720
4.5905,1.3720
4.5910,1.3720
4.5916,1.3720
4.5921,1.3720
4.5926,1.3770
4.5931,1.3669
4.5936,1.3770
4.5942,1.3720
4.5947,1.3770
4.5952,1.3770
4.5957,1.3720
4.5963,1.3720
4.5968,1.3720
4.5973,1.3720
4.5978,1.3720
4.5984,1.3720
4.5989,1.3720
4.5994,1.3720
4.5999,1.3720
4.6004,1.3720
4.6010,1.3720
4.6015,1.3720
4.6020,1.3720
4.6025,1.3720
4.6031,1.3720
4.6036,1.3720
4.6041,1.3720
4.6046,1.3770
4.6052,1.3720
4.6057,1.3669
4.6062,1.3720
4.6067,1.3720
4.6073,1.3720
4.6078,1.3720
4.6084,1.3669
4.6089,1.3770
4.6094,1.3720
4.6099,1.3669
4.6105,1.3720
4.6110,1.3770
4.6116,1.3770
4.6121,1.3720
4.6126,1.3720
4.6132,1.3770
4.6137,1.3770
4.6142,1.3720
4.6148,1.3720
4.6153,1.3720
4.6158,1.3720
4.6164,1.3720
4.6169,1.3720
4.6174,1.3720
4.6180,1.3720
4.6185,1.3720
4.6190,1.3669
4.6196,1.3770
4.6201,1.3669
4.6206,1.3720
4.6211,1.3770
4.6217,1.3720
4.6222,1.3720
4.6227,1.3720
4.6233,1.3720
4.6238,1.3720
4.6243,1.3720
4.6249,1.3669
4.6254,1.3720
4.6260,1.3770
4.6265,1.3720
4.6270,1.3770
4.6276,1.3720
4.6281,1.3720
4.6286,1.3720
4.6292,1.3720
4.6297,1.3720
4.6302,1.3720
4.6308,1.3720
4.6313,1.3720
4.6318,1.3770
4.6324,1.3720
4.6329,1.3720
4.6334,1.3720
4.6340,1.3720
4.6345,1.3720
4.6351,1.3669
4.6356,1.3720
4.6361,1.3720
4.6367,1.3720
4.6372,1.3720
4.6377,1.3669
4.6383,1.3720
4.6388,1.3720
4.6393,1.3720
4.6399,1.3720
4.6404,1.3669
4.6409,1.3720
4.6415,1.3720
4.6420,1.3720
4.6425,1.3669
4.6431,1.3720
4.6436,1.3720
4.6442,1.3720
4.6447,1.3720
4.6452,1.3720
4.6457,1.3720
4.6463,1.3770
4.6468,1.3720
4.6473,1.3720
4.6479,1.3720
4.6484,1.3720
4.6489,1.3720
4.6495,1.3669
4.6500,1.3720
4.6505,1.3669
4.6511,1.3669
4.6516,1.3720
4.6521,1.3669
4.6527,1.3720
4.6532,1.3720
4.6537,1.3720
4.6543,1.3669
4.6548,1.3720
4.6553,1.3669
4.6559,1.3720
4.6564,1.3720
4.6570,1.3720
4.6575,1.3669
4.6580,1.3669
4.6586,1.3770
4.6591,1.3720
4.6597,1.3770
4.6602,1.3720
4.6607,1.3669
4.6613,1.3720
4.6618,1.3720
4.6623,1.3720
4.6629,1.3720
4.6634,1.3770
4.6639,1.3720
4.6645,1.3720
4.6650,1.3770
4.6656,1.3720
4.6661,1.3720
4.6666,1.3720
4.6672,1.3770
4.6677,1.3720
4.6682,1.3770
4.6688,1.3770
4.6693,1.3770
4.6699,1.3720
4.6704,1.3720
4.6709,1.3669
4.6715,1.3720
4.6720,1.3720
4.6725,1.3720
4.6731,1.3720
4.6736,1.3720
4.6741,1.3720
4.6747,1.3770
4.6752,1.3720
4.6757,1.3770
4.6763,1.3770
4.6768,1.3770
4.6773,1.3720
4.6779,1.3720
4.6784,1.3770
4.6790,1.3770
4.6795,1.3720
4.6800,1.3770
4.6806,1.3770
4.6812,1.3770
4.6817,1.3770
4.6822,1.3720
4.6828,1.3770
4.6833,1.3770
4.6838,1.3821
4.6844,1.3770
4.6849,1.3770
4.6854,1.3770
4.6860,1.3770
4.6865,1.3821
4.6871,1.3720
4.6876,1.3770
4.6881,1.3821
4.6887,1.3770
4.6892,1.3821
4.6897,1.3821
4.6903,1.3821
4.6908,1.3821
4.6913,1.3821
4.6919,1.3821
4.6924,1.3821
4.6929,1.3821
4.6935,1.3821
4.6940,1.3821
4.6945,1.3821
4.6951,1.3821
4.6956,1.3821
4.6961,1.3821
4.6967,1.3821
4.6972,1.3770
4.6977,1.3821
4.6983,1.3871
4.6988,1.3821
4.6993,1.3871
4.6999,1.3821
4.7004,1.3871
4.7009,1.3821
4.7015,1.3821
4.7020,1.3770
4.7025,1.3871
4.7031,1.3821
4.7036,1.3871
4.7041,1.3871
4.7047,1.3871
4.7052,1.3871
4.7057,1.3871
4.7063,1.3921
4.7068,1.3821
4.7073,1.3871
4.7080,1.3821
4.7085,1.3871
4.7090,1.3871
4.7096,1.3871
4.7101,1.3871
4.7107,1.3871
4.7112,1.3821
4.7117,1.3921
4.7123,1.3871
4.7128,1.3921
4.7134,1.3921
4.7139,1.3921
4.7144,1.3921
4.7150,1.3871
4.7155,1.3921
4.7161,1.3921
4.7166,1.3921
4.7171,1.3871
4.7177,1.3921
4.7182,1.3871
4.7187,1.3921
4.7193,1.3972
4.7198,1.3871
4.7204,1.3921
4.7209,1.3921
4.7214,1.3921
4.7220,1.3871
4.7225,1.3921
4.7231,1.3921
4.7236,1.3972
4.7241,1.3921
4.7247,1.3921
4.7252,1.3972
4.7258,1.3921
4.7263,1.3921
4.7268,1.3921
4.7274,1.3921
4.7279,1.3972
4.7284,1.3972
4.7290,1.3972
4.7295,1.4022
4.7301,1.3921
4.7306,1.4022
4.7312,1.3921
4.7318,1.3972
4.7324,1.3972
4.7329,1.3921
4.7335,1.3972
4.7341,1.3921
4.7347,1.3972
4.7353,1.3972
4.7358,1.3972
4.7364,1.4022
4.7369,1.4022
4.7375,1.3972
4.7380,1.3972
4.7386,1.3972
4.7391,1.3972
4.7396,1.4022
4.7402,1.4022
4.7407,1.3921
4.7413,1.4022
4.7418,1.3972
4.7423,1.3921
4.7429,1.4022
4.7434,1.4022
4.7440,1.4022
4.7445,1.3972
4.7451,1.4022
4.7458,1.3972
4.7464,1.4022
4.7470,1.4022
4.7478,1.4022
4.7483,1.3972
4.7489,1.4022
4.7495,1.4022
4.7501,1.4022
4.7506,1.3972
4.7515,1.4022
4.7521,1.4022
4.7527,1.4022
4.7532,1.4022
4.7537,1.3972
4.7543,1.4022
4.7548,1.4022
4.7553,1.4022
4.7559,1.4022
4.7564,1.3972
4.7569,1.4022
4.7575,1.4022
4.7580,1.4022
4.7585,1.3972
4.7591,1.3972
4.7596,1.4022
4.7601,1.3972
4.7607,1.4022
4.7612,1.4022
4.7618,1.4022
4.7623,1.4022
4.7629,1.4022
4.7634,1.4073
4.7640,1.4022
4.7645,1.4022
4.7651,1.4022
4.7656,1.4022
4.7661,1.4022
4.7667,1.4022
4.7672,1.3972
4.7677,1.4022
4.7683,1.4073
4.7688,1.4022
4.7693,1.4022
4.7699,1.4022
4.7704,1.4022
4.7709,1.3972
4.7715,1.4022
4.7720,1.4022
4.7725,1.4022
4.7731,1.4073
4.7736,1.4022
4.7741,1.4022
4.7747,1.4022
4.7752,1.4022
4.7757,1.4022
4.7763,1.4022
4.7768,1.4022
4.7773,1.4022
4.7779,1.4022
4.7784,1.4073
4.7789,1.4073
4.7795,1.4022
4.7800,1.4022
4.7806,1.4073
4.7811,1.4022
4.7816,1.4022
4.7822,1.4022
4.7827,1.4022
4.7832,1.4073
4.7838,1.4073
4.7843,1.4022
4.7848,1.4073
4.7854,1.4022
4.7859,1.4022
4.7864,1.4022
4.7870,1.4073
4.7875,1.4022
4.7880,1.4022
4.7886,1.4073
4.7891,1.4073
4.7896,1.4073
4.7902,1.4073
4.7907,1.4022
4.7912,1.4073
4.7918,1.4073
4.7923,1.4073
4.7928,1.4073
4.7934,1.4022
4.7939,1.4073
4.7944,1.4073
4.7950,1.4022
4.7955,1.4022
4.7960,1.4073
4.7966,1.4022
4.7971,1.3972
4.7977,1.4022
4.7982,1.4073
4.7987,1.4123
4.7993,1.4073
4.7998,1.4073
4.8003,1.4022
4.8009,1.4073
4.8014,1.4073
4.8019,1.4022
4.8025,1.4022
4.8030,1.4022
4.8036,1.3972
4.8041,1.4022
4.8047,1.4073
4.8052,1.4022
4.8057,1.4022
4.8063,1.4073
4.8068,1.4073
4.8073,1.4073
4.8079,1.4073
4.8085,1.4022
4.8090,1.4073
4.8096,1.4073
4.8101,1.4073
4.8106,1.4073
4.8111,1.4073
4.8117,1.4073
4.8122,1.4073
4.8127,1.4073
4.8132,1.4022
4.8137,1.4073
4.8143,1.4022
4.8148,1.4022
4.8153,1.3972
4.8158,1.4022
4.8163,1.4022
4.8169,1.4022
4.8174,1.4022
4.8179,1.4022
4.8184,1.4022
4.8189,1.4073
4.8195,1.4073
4.8200,1.4073
4.8205,1.4073
4.8210,1.4022
4.8215,1.4022
4.8221,1.4022
4.8226,1.4022
4.8231,1.4073
4.8236,1.4022
4.8241,1.4022
4.8247,1.4073
4.8252,1.4022
4.8257,1.4073
4.8262,1.4022
4.8267,1.4022
4.8273,1.4022
4.8278,1.4022
4.8283,1.4022
4.8288,1.4022
4.8293,1.4022
4.8299,1.4073
4.8304,1.4073
4.8309,1.4022
4.8314,1.4022
4.8319,1.4022
4.8325,1.4022
4.8330,1.4073
4.8335,1.4022
4.8340,1.4022
4.8345,1.4022
4.8351,1.4022
4.8356,1.3972
4.8361,1.4022
4.8366,1.3972
4.8371,1.4073
4.8377,1.3972
4.8382,1.4022
4.8387,1.4022
4.8392,1.4022
4.8397,1.4022
4.8403,1.4022
4.8408,1.4022
4.8413,1.3972
4.8418,1.4022
4.8423,1.4022
4.8429,1.4022
4.8434,1.3972
4.8439,1.4022
4.8444,1.4073
4.8449,1.4022
4.8455,1.3972
4.8460,1.4022
4.8465,1.3972
4.8470,1.4022
4.8475,1.4022
4.8481,1.4022
4.8486,1.4022
4.8491,1.4022
4.8496,1.4022
4.8501,1.3972
4.8507,1.4022
4.8512,1.4022
4.8517,1.4022
4.8522,1.4022
4.8527,1.4073
4.8533,1.4022
4.8538,1.4022
4.8543,1.4073
4.8548,1.4022
4.8554,1.3972
4.8559,1.4022
4.8564,1.4022
4.8569,1.4022
4.8574,1.3972
4.8580,1.4022
4.8585,1.3972
4.8590,1.4022
4.8595,1.3972
4.8600,1.4022
4.8606,1.4022
4.8611,1.3972
4.8616,1.4022
4.8621,1.4022
4.8627,1.4022
4.8632,1.3972
4.8637,1.3972
4.8642,1.4022
4.8647,1.4022
4.8653,1.4022
4.8658,1.4022
4.8663,1.3972
4.8668,1.4022
4.8674,1.4022
4.8679,1.3972
4.8684,1.3972
4.8689,1.3972
4.8694,1.3972
4.8700,1.3921
4.8705,1.4022
4.8710,1.3972
4.8715,1.3921
4.8721,1.3972
4.8726,1.4022
4.8731,1.3972
4.8736,1.3972
4.8741,1.3972
4.8747,1.3972
4.8752,1.3972
4.8757,1.4022
4.8762,1.4022
4.8768,1.3972
4.8773,1.3972
4.8778,1.3972
4.8783,1.3972
4.8788,1.3972
4.8794,1.4022
4.8799,1.4022
4.8804,1.4022
4.8809,1.4022
4.8814,1.4022
4.8820,1.3972
4.8825,1.3972
4.8830,1.3972
4.8835,1.3921
4.8841,1.3972
4.8846,1.3972
4.8851,1.4022
4.8856,1.3972
4.8861,1.3972
4.8867,1.3972
4.8872,1.3921
4.8877,1.3921
4.8882,1.3972
4.8888,1.3921
4.8893,1.3921
4.8898,1.3972
4.8903,1.3972
4.8908,1.3972
4.8914,1.3972
4.8919,1.3972
4.8924,1.3921
4.8929,1.3921
4.8934,1.3921
4.8940,1.3972
4.8945,1.3921
4.8950,1.3972
4.8955,1.3921
4.8961,1.3921
4.8966,1.3972
4.8971,1.3921
4.8976,1.3921
4.8981,1.3972
4.8987,1.3921
4.8992,1.3972
4.8997,1.3921
4.9002,1.3921
4.9007,1.3972
4.9013,1.3972
4.9018,1.3972
4.9023,1.3921
4.9028,1.3972
4.9034,1.3921
4.9039,1.3871
4.9044,1.3871
4.9049,1.3921
4.9054,1.3921
4.9060,1.3921
4.9065,1.3972
4.9070,1.3972
4.9075,1.3921
4.9080,1.3921
4.9086,1.3921
4.9091,1.3921
4.9096,1.3972
4.9101,1.3921
4.9107,1.3972
4.9112,1.3921
4.9117,1.3921
4.9122,1.3871
4.9127,1.3921
4.9133,1.3921
4.9138,1.3921
4.9143,1.3871
4.9148,1.3871
4.9154,1.3921
4.9159,1.3921
4.9164,1.3921
4.9170,1.3871
4.9175,1.3921
4.9180,1.3921
4.9186,1.3921
4.9191,1.3921
4.9196,1.3871
4.9201,1.3921
4.9216,1.3921
4.9221,1.3871
4.9227,1.3871
4.9232,1.3871
4.9237,1.3821
4.9243,1.3871
4.9248,1.3871
4.9254,1.3921
4.9259,1.3921
4.9264,1.3821
4.9278,1.3921
4.9284,1.3871
4.9289,1.3871
4.9295,1.3821
4.9300,1.3821
4.9305,1.3871
4.9310,1.3921
4.9316,1.3921
4.9321,1.3871
4.9326,1.3821
4.9332,1.3921
4.9337,1.3871
4.9342,1.3921
4.9348,1.3871
4.9353,1.3871
4.9358,1.3871
4.9364,1.3921
4.9369,1.3871
4.9374,1.3871
4.9379,1.3821
4.9385,1.3921
4.9390,1.3871
4.9396,1.3871
4.9401,1.3921
4.9406,1.3871
4.9411,1.3871
4.9417,1.3921
4.9422,1.3921
4.9427,1.3871
4.9432,1.3921
4.9437,1.3871
4.9443,1.3871
4.9448,1.3871
4.9453,1.3921
4.9458,1.3871
4.9464,1.3921
4.9469,1.3921
4.9474,1.3871
4.9479,1.3921
4.9484,1.3921
4.9490,1.3871
4.9495,1.3871
4.9500,1.3871
4.9505,1.3871
4.9510,1.3871
4.9516,1.3871
4.9521,1.3921
4.9526,1.3871
4.9531,1.3871
4.9537,1.3871
4.9542,1.3871
4.9547,1.3871
4.9552,1.3821
4.9557,1.3871
4.9563,1.3821
4.9568,1.3871
4.9573,1.3871
4.9578,1.3921
4.9583,1.3871
4.9589,1.3871
4.9594,1.3821
4.9599,1.3921
4.9604,1.3871
4.9609,1.3871
4.9615,1.3871
4.9620,1.3921
4.9625,1.3871
4.9630,1.3871
4.9635,1.3871
4.9641,1.3871
4.9646,1.3871
4.9651,1.3821
4.9656,1.3871
4.9661,1.3871
4.9667,1.3921
4.9672,1.3871
4.9677,1.3921
4.9682,1.3871
4.9687,1.3871
4.9693,1.3921
4.9698,1.3921
4.9703,1.3921
4.9708,1.3871
4.9713,1.3871
4.9719,1.3921
4.9724,1.3871
4.9729,1.3871
4.9734,1.3921
4.9739,1.3871
4.9745,1.3921
4.9750,1.3921
4.9755,1.3871
4.9760,1.3871
4.9765,1.3871
4.9771,1.3871
4.9776,1.3871
4.9781,1.3871
4.9786,1.3871
4.9791,1.3921
4.9797,1.3871
4.9802,1.3871
4.9807,1.3871
4.9812,1.3871
4.9817,1.3871
4.9823,1.3921
4.9828,1.3871
4.9833,1.3921
4.9838,1.3871
4.9844,1.3871
4.9849,1.3871
4.9854,1.3871
4.9859,1.3871
4.9864,1.3921
4.9870,1.3921
4.9875,1.3871
4.9880,1.3871
4.9885,1.3871
4.9890,1.3871
4.9896,1.3921
4.9901,1.3921
4.9906,1.3871
4.9911,1.3871
4.9916,1.3871
4.9922,1.3871
4.9927,1.3871
4.9932,1.3821
4.9937,1.3871
4.9942,1.3921
4.9948,1.3821
4.9953,1.3871
4.9958,1.3871
4.9963,1.3921
4.9968,1.3821
4.9974,1.3871
4.9979,1.3871
4.9984,1.3871
4.9989,1.3921
4.9994,1.3871
5.0000,1.3871
5.0005,1.3871
5.0010,1.3871
5.0015,1.3871
5.0020,1.3871
5.0026,1.3871
5.0031,1.3871
5.0036,1.3871
5.0041,1.3871
5.0046,1.3921
5.0052,1.3871
5.0057,1.3871
5.0062,1.3871
5.0067,1.3821
5.0073,1.3871
5.0078,1.3871
5.0083,1.3871
5.0088,1.3871
5.0093,1.3871
5.0099,1.3871
5.0104,1.3921
5.0109,1.3871
5.0114,1.3871
5.0119,1.3871
5.0125,1.3871
5.0130,1.3871
5.0135,1.3871
5.0140,1.3871
5.0145,1.3871
5.0151,1.3871
5.0156,1.3871
5.0161,1.3871
5.0166,1.3871
5.0171,1.3871
5.0177,1.3871
5.0182,1.3871
5.0187,1.3921
5.0192,1.3921
5.0197,1.3871
5.0203,1.3921
5.0208,1.3821
5.0213,1.3871
5.0218,1.3871
5.0223,1.3871
5.0229,1.3871
5.0234,1.3871
5.0239,1.3871
5.0244,1.3871
5.0249,1.3871
5.0255,1.3821
5.0260,1.3921
5.0265,1.3871
5.0270,1.3821
5.0275,1.3871
5.0281,1.3871
5.0286,1.3871
5.0291,1.3871
5.0296,1.3821
5.0301,1.3871
5.0307,1.3821
5.0312,1.3871
5.0317,1.3871
5.0322,1.3871
5.0327,1.3871
5.0333,1.3871
5.0338,1.3871
5.0343,1.3871
5.0348,1.3871
5.0354,1.3921
5.0359,1.3871
5.0364,1.3871
5.0369,1.3871
5.0374,1.3871
5.0380,1.3821
5.0385,1.3871
5.0390,1.3871
5.0395,1.3871
5.0400,1.3871
5.0406,1.3871
5.0411,1.3871
5.0416,1.3821
5.0421,1.3871
5.0427,1.3821
5.0432,1.3871
5.0437,1.3821
5.0442,1.3821
5.0447,1.3821
5.0453,1.3821
5.0458,1.3821
5.0463,1.3871
5.0468,1.3821
5.0473,1.3821
5.0479,1.3821
5.0484,1.3871
5.0489,1.3871
5.0494,1.3871
5.0500,1.3871
5.0505,1.3821
5.0510,1.3871
5.0515,1.3821
5.0520,1.3871
5.0526,1.3871
5.0531,1.3871
5.0536,1.3821
5.0541,1.3871
5.0547,1.3871
5.0552,1.3871
5.0557,1.3821
5.0562,1.3821
5.0567,1.3821
5.0573,1.3871
5.0578,1.3871
5.0583,1.3871
5.0588,1.3871
5.0593,1.3871
5.0599,1.3821
5.0604,1.3821
5.0609,1.3821
5.0614,1.3871
5.0620,1.3871
5.0625,1.3871
5.0630,1.3871
5.0635,1.3871
5.0641,1.3821
5.0646,1.3871
5.0651,1.3821
5.0656,1.3871
5.0661,1.3821
5.0667,1.3871
5.0672,1.3921
5.0677,1.3871
5.0682,1.3821
5.0688,1.3821
5.0693,1.3871
5.0698,1.3821
5.0703,1.3821
5.0708,1.3871
5.0714,1.3871
5.0719,1.3871
5.0724,1.3871
5.0729,1.3871
5.0735,1.3871
5.0740,1.3871
5.0745,1.3871
5.0750,1.3821
5.0756,1.3871
5.0761,1.3871
5.0766,1.3821
5.0771,1.3821
5.0776,1.3871
5.0782,1.3821
5.0787,1.3770
5.0792,1.3821
5.0797,1.3821
5.0802,1.3821
5.0808,1.3821
5.0813,1.3821
5.0818,1.3821
5.0823,1.3770
5.0829,1.3821
5.0834,1.3821
5.0839,1.3821
5.0844,1.3821
5.0849,1.3821
5.0855,1.3821
5.0860,1.3821
5.0865,1.3821
5.0870,1.3821
5.0876,1.3871
5.0881,1.3821
5.0886,1.3821
5.0891,1.3821
5.0896,1.3821
5.0902,1.3821
5.0907,1.3821
5.0912,1.3871
5.0917,1.3821
5.0922,1.3821
5.0928,1.3720
5.0933,1.3821
5.0938,1.3821
5.0943,1.3821
5.0949,1.3821
5.0954,1.3821
5.0959,1.3770
5.0964,1.3821
5.0969,1.3871
5.0975,1.3821
5.0980,1.3821
5.0985,1.3821
5.0990,1.3821
5.0995,1.3821
5.1001,1.3821
5.1006,1.3821
5.1011,1.3871
5.1016,1.3821
5.1022,1.3770
5.1027,1.3821
5.1032,1.3821
5.1037,1.3871
5.1042,1.3821
5.1048,1.3770
5.1053,1.3770
5.1058,1.3770
5.1063,1.3821
5.1068,1.3821
5.1074,1.3821
5.1079,1.3871
5.1084,1.3821
5.1089,1.3821
5.1095,1.3770
5.1100,1.3821
5.1105,1.3770
5.1110,1.3770
5.1116,1.3821
5.1121,1.3770
5.1126,1.3821
5.1131,1.3770
5.1137,1.3821
5.1142,1.3821
5.1147,1.3770
5.1152,1.3720
5.1157,1.3821
5.1163,1.3821
5.1168,1.3770
5.1173,1.3770
5.1178,1.3770
5.1184,1.3770
5.1189,1.3770
5.1194,1.3770
5.1199,1.3821
5.1204,1.3770
5.1210,1.3770
5.1215,1.3770
5.1220,1.3770
5.1225,1.3720
5.1231,1.3770
5.1236,1.3720
5.1241,1.3770
5.1246,1.3770
5.1251,1.3821
5.1257,1.3821
5.1262,1.3770
5.1267,1.3770
5.1272,1.3770
5.1277,1.3770
5.1283,1.3770
5.1288,1.3821
5.1293,1.3821
5.1298,1.3770
5.1304,1.3821
5.1309,1.3770
5.1314,1.3821
5.1319,1.3770
5.1324,1.3770
5.1330,1.3770
5.1335,1.3770
5.1340,1.3821
5.1345,1.3770
5.1351,1.3770
5.1356,1.3770
5.1361,1.3770
5.1366,1.3720
5.1371,1.3720
5.1377,1.3770
5.1382,1.3821
5.1387,1.3770
5.1392,1.3770
5.1398,1.3821
5.1404,1.3821
5.1409,1.3720
5.1415,1.3821
5.1421,1.3821
5.1427,1.3821
5.1432,1.3770
5.1438,1.3821
5.1444,1.3770
5.1449,1.3770
5.1455,1.3770
5.1461,1.3770
5.1467,1.3770
5.1473,1.3770
5.1478,1.3770
5.1484,1.3770
5.1489,1.3770
5.1494,1.3770
5.1500,1.3821
5.1505,1.3770
5.1510,1.3720
5.1515,1.3770
5.1521,1.3720
5.1526,1.3720
5.1531,1.3770
5.1536,1.3720
5.1541,1.3720
5.1547,1.3720
5.1552,1.3720
5.1557,1.3770
5.1562,1.3720
5.1568,1.3770
5.1573,1.3770
5.1578,1.3720
5.1583,1.3720
5.1588,1.3720
5.1594,1.3720
5.1599,1.3770
5.1604,1.3770
5.1609,1.3770
5.1615,1.3770
5.1620,1.3770
5.1625,1.3821
5.1631,1.3720
5.1636,1.3770
5.1642,1.3770
5.1647,1.3770
5.1652,1.3770
5.1657,1.3720
5.1662,1.3770
5.1668,1.3720
5.1673,1.3720
5.1678,1.3770
5.1683,1.3770
5.1688,1.3770
5.1694,1.3770
5.1699,1.3720
5.1704,1.3720
5.1709,1.3770
5.1715,1.3770
5.1720,1.3770
5.1725,1.3720
5.1730,1.3720
5.1736,1.3720
5.1741,1.3720
5.1746,1.3770
5.1751,1.3770
5.1756,1.3770
5.1762,1.3770
5.1767,1.3720
5.1772,1.3720
5.1777,1.3770
5.1783,1.3770
5.1788,1.3770
5.1793,1.3720
5.1798,1.3770
5.1803,1.3770
5.1809,1.3770
5.1814,1.3720
5.1819,1.3770
5.1824,1.3770
5.1830,1.3720
5.1835,1.3720
5.1840,1.3720
5.1845,1.3770
5.1850,1.3770
5.1856,1.3770
5.1861,1.3720
5.1866,1.3770
5.1871,1.3720
5.1876,1.3770
5.1882,1.3720
5.1887,1.3720
5.1892,1.3720
5.1897,1.3720
5.1903,1.3770
5.1908,1.3770
5.1913,1.3720
5.1918,1.3720
5.1923,1.3720
5.1929,1.3720
5.1934,1.3770
5.1939,1.3720
5.1944,1.3720
5.1950,1.3720
5.1955,1.3720
5.1960,1.3720
5.1965,1.3720
5.1970,1.3720
5.1976,1.3770
5.1981,1.3770
5.1986,1.3770
5.1991,1.3770
5.1996,1.3720
5.2002,1.3720
5.2007,1.3770
5.2012,1.3720
5.2017,1.3720
5.2023,1.3770
5.2028,1.3770
5.2033,1.3770
5.2038,1.3770
5.2043,1.3770
5.2049,1.3770
5.2054,1.3720
5.2059,1.3770
5.2064,1.3770
5.2070,1.3720
5.2075,1.3720
5.2080,1.3720
5.2085,1.3720
5.2091,1.3669
5.2096,1.3720
5.2101,1.3720
5.2106,1.3720
5.2111,1.3770
5.2117,1.3770
5.2122,1.3669
5.2127,1.3770
5.2132,1.3720
5.2138,1.3770
5.2143,1.3720
5.2148,1.3720
5.2153,1.3720
5.2158,1.3770
5.2164,1.3720
5.2169,1.3720
5.2174,1.3720
5.2179,1.3720
5.2185,1.3720
5.2190,1.3720
5.2195,1.3720
5.2200,1.3720
5.2206,1.3720
5.2211,1.3770
5.2216,1.3720
5.2221,1.3720
5.2226,1.3770
5.2232,1.3720
5.2237,1.3720
5.2242,1.3720
5.2247,1.3770
5.2253,1.3669
5.2258,1.3720
5.2263,1.3720
5.2268,1.3720
5.2274,1.3720
5.2279,1.3720
5.2284,1.3669
5.2289,1.3720
5.2294,1.3720
5.2300,1.3720
5.2305,1.3720
5.2311,1.3720
5.2317,1.3720
5.2322,1.3720
5.2328,1.3720
5.2334,1.3770
5.2339,1.3770
5.2345,1.3720
5.2351,1.3720
5.2356,1.3720
5.2362,1.3720
5.2367,1.3770
5.2373,1.3720
5.2378,1.3720
5.2383,1.3720
5.2388,1.3720
5.2394,1.3770
5.2399,1.3720
5.2404,1.3720
5.2410,1.3720
5.2415,1.3720
5.2421,1.3720
5.2426,1.3669
5.2432,1.3720
5.2438,1.3720
5.2443,1.3720
5.2449,1.3720
5.2455,1.3720
5.2461,1.3720
5.2466,1.3669
5.2472,1.3770
5.2478,1.3720
5.2483,1.3669
5.2488,1.3720
5.2493,1.3720
5.2499,1.3720
5.2504,1.3720
5.2509,1.3720
5.2514,1.3720
5.2519,1.3720
5.2525,1.3720
5.2530,1.3720
5.2535,1.3720
5.2541,1.3669
5.2546,1.3720
5.2551,1.3720
5.2556,1.3720
5.2561,1.3669
5.2567,1.3720
5.2572,1.3720
5.2577,1.3720
5.2582,1.3720
5.2588,1.3770
5.2593,1.3720
5.2598,1.3720
5.2603,1.3720
5.2608,1.3669
5.2614,1.3669
5.2619,1.3720
5.2624,1.3720
5.2630,1.3720
5.2635,1.3720
5.2640,1.3770
5.2645,1.3720
5.2651,1.3720
5.2656,1.3720
5.2661,1.3720
5.2666,1.3720
5.2671,1.3720
5.2677,1.3720
5.2682,1.3720
5.2687,1.3669
5.2692,1.3669
5.2697,1.3669
5.2703,1.3720
5.2708,1.3669
5.2713,1.3720
5.2718,1.3720
5.2724,1.3720
5.2729,1.3720
5.2734,1.3720
5.2739,1.3669
5.2745,1.3720
5.2750,1.3720
5.2755,1.3720
5.2760,1.3720
5.2766,1.3720
5.2771,1.3669
5.2776,1.3720
5.2781,1.3720
5.2786,1.3720
5.2792,1.3669
5.2797,1.3720
5.2802,1.3669
5.2807,1.3720
5.2812,1.3720
5.2818,1.3720
5.2823,1.3720
5.2828,1.3720
5.2833,1.3720
5.2839,1.3669
5.2844,1.3720
5.2849,1.3770
5.2854,1.3770
5.2860,1.3720
5.2865,1.3720
5.2870,1.3720
5.2875,1.3720
5.2880,1.3669
5.2886,1.3669
5.2891,1.3669
5.2896,1.3720
5.2901,1.3720
5.2907,1.3720
5.2912,1.3720
5.2917,1.3770
5.2922,1.3720
5.2928,1.3669
5.2933,1.3669
5.2938,1.3669
5.2943,1.3720
5.2949,1.3720
5.2954,1.3720
5.2959,1.3720
5.2964,1.3669
5.2969,1.3720
5.2975,1.3720
5.2980,1.3669
5.2985,1.3720
5.2990,1.3720
5.2996,1.3720
5.3001,1.3720
5.3006,1.3669
5.3011,1.3669
5.3017,1.3720
5.3022,1.3720
5.3027,1.3720
5.3032,1.3720
5.3038,1.3720
5.3043,1.3720
5.3048,1.3669
5.3053,1.3720
5.3058,1.3720
5.3064,1.3720
5.3069,1.3720
5.3074,1.3669
5.3079,1.3669
5.3084,1.3720
5.3090,1.3720
5.3095,1.3720
5.3100,1.3720
5.3105,1.3720
5.3111,1.3669
5.3116,1.3720
5.3121,1.3669
5.3126,1.3619
5.3131,1.3669
5.3137,1.3669
5.3142,1.3720
5.3147,1.3669
5.3152,1.3669
5.3158,1.3669
5.3163,1.3720
5.3168,1.3720
5.3173,1.3669
5.3179,1.3669
5.3184,1.3669
5.3189,1.3669
5.3194,1.3720
5.3200,1.3669
5.3205,1.3720
5.3210,1.3720
5.3215,1.3720
5.3220,1.3720
5.3226,1.3669
5.3231,1.3720
5.3236,1.3720
5.3241,1.3720
5.3247,1.3669
5.3252,1.3720
5.3257,1.3720
5.3262,1.3720
5.3268,1.3720
5.3273,1.3720
5.3278,1.3619
5.3283,1.3720
5.3289,1.3720
5.3294,1.3720
5.3299,1.3669
5.3304,1.3720
5.3309,1.3720
5.3315,1.3720
5.3320,1.3669
5.3325,1.3669
5.3330,1.3669
5.3336,1.3720
5.3341,1.3619
5.3346,1.3720
5.3351,1.3720
5.3357,1.3669
5.3362,1.3669
5.3367,1.3720
5.3372,1.3770
5.3378,1.3669
5.3383,1.3720
5.3388,1.3720
5.3393,1.3669
5.3399,1.3669
5.3404,1.3669
5.3409,1.3669
5.3414,1.3669
5.3420,1.3669
5.3425,1.3669
5.3430,1.3720
5.3435,1.3720
5.3441,1.3720
5.3446,1.3720
5.3451,1.3669
5.3456,1.3720
5.3461,1.3669
5.3467,1.3720
5.3472,1.3619
5.3477,1.3669
5.3482,1.3669
5.3487,1.3720
5.3493,1.3720
5.3498,1.3669
5.3503,1.3720
5.3508,1.3619
5.3514,1.3619
5.3519,1.3669
5.3524,1.3669
5.3529,1.3720
5.3534,1.3669
5.3540,1.3669
5.3545,1.3720
5.3550,1.3720
5.3556,1.3720
5.3561,1.3720
5.3566,1.3720
5.3571,1.3720
5.3577,1.3669
5.3582,1.3720
5.3587,1.3669
5.3592,1.3669
5.3598,1.3720
5.3603,1.3669
5.3608,1.3669
5.3613,1.3669
5.3619,1.3720
5.3624,1.3720
5.3629,1.3669
5.3634,1.3669
5.3639,1.3720
5.3645,1.3669
5.3650,1.3720
5.3655,1.3720
5.3660,1.3720
5.3666,1.3720
5.3671,1.3720
5.3676,1.3720
5.3681,1.3720
5.3686,1.3669
5.3692,1.3669
5.3697,1.3720
5.3702,1.3669
5.3707,1.3669
5.3712,1.3669
5.3718,1.3669
5.3723,1.3669
5.3728,1.3720
5.3733,1.3669
5.3739,1.3669
5.3744,1.3720
5.3749,1.3669
5.3754,1.3720
5.3759,1.3720
5.3765,1.3669
5.3770,1.3720
5.3775,1.3619
5.3780,1.3720
5.3786,1.3669
5.3791,1.3720
5.3796,1.3669
5.3801,1.3669
5.3806,1.3669
5.3812,1.3669
5.3817,1.3619
5.3822,1.3669
5.3827,1.3720
5.3832,1.3720
5.3838,1.3720
5.3843,1.3720
5.3848,1.3720
5.3853,1.3669
5.3859,1.3669
5.3864,1.3669
5.3869,1.3720
5.3874,1.3669
5.3879,1.3619
5.3885,1.3669
5.3890,1.3619
5.3895,1.3669
5.3900,1.3720
5.3905,1.3669
5.3911,1.3720
5.3916,1.3720
5.3921,1.3669
5.3926,1.3669
5.3932,1.3669
5.3937,1.3720
5.3942,1.3720
5.3947,1.3669
5.3952,1.3720
5.3958,1.3669
5.3963,1.3669
5.3968,1.3720
5.3973,1.3720
5.3979,1.3669
5.3984,1.3669
5.3989,1.3619
5.3994,1.3669
5.4000,1.3669
5.4005,1.3720
5.4010,1.3720
5.4015,1.3669
5.4020,1.3720
5.4026,1.3720
5.4031,1.3669
5.4036,1.3669
5.4041,1.3619
5.4047,1.3720
5.4052,1.3720
5.4057,1.3669
5.4063,1.3669
5.4068,1.3669
5.4073,1.3669
5.4078,1.3720
5.4083,1.3720
5.4089,1.3669
5.4094,1.3669
5.4099,1.3669
5.4104,1.3669
5.4110,1.3669
5.4115,1.3720
5.4120,1.3669
5.4125,1.3669
5.4131,1.3669
5.4136,1.3669
5.4141,1.3720
5.4146,1.3669
5.4152,1.3669
5.4157,1.3720
5.4162,1.3720
5.4167,1.3669
5.4173,1.3669
5.4178,1.3669
5.4183,1.3669
5.4189,1.3720
5.4194,1.3720
5.4200,1.3720
5.4205,1.3669
5.4210,1.3720
5.4215,1.3720
5.4221,1.3720
5.4226,1.3720
5.4232,1.3770
5.4237,1.3720
5.4242,1.3669
5.4247,1.3720
5.4252,1.3619
5.4258,1.3669
5.4263,1.3669
5.4268,1.3669
5.4273,1.3720
5.4278,1.3770
5.4284,1.3720
5.4289,1.3720
5.4294,1.3720
5.4299,1.3720
5.4304,1.3669
5.4311,1.3720
5.4316,1.3669
5.4322,1.3720
5.4327,1.3720
5.4332,1.3720
5.4337,1.3720
5.4343,1.3720
5.4348,1.3669
5.4353,1.3720
5.4358,1.3720
5.4363,1.3720
5.4369,1.3720
5.4374,1.3720
5.4379,1.3770
5.4384,1.3720
5.4389,1.3770
5.4395,1.3770
5.4400,1.3770
5.4405,1.3720
5.4410,1.3770
5.4415,1.3770
5.4421,1.3720
5.4426,1.3720
5.4431,1.3770
5.4436,1.3720
5.4441,1.3770
5.4447,1.3770
5.4452,1.3770
5.4457,1.3821
5.4462,1.3821
5.4467,1.3871
5.4473,1.3770
5.4478,1.3720
5.4483,1.3720
5.4488,1.3821
5.4493,1.3720
5.4499,1.3770
5.4504,1.3821
5.4509,1.3821
5.4514,1.3770
5.4519,1.3821
5.4525,1.3770
5.4530,1.3821
5.4535,1.3821
5.4540,1.3871
5.4545,1.3821
5.4551,1.3821
5.4556,1.3770
5.4561,1.3871
5.4566,1.3821
5.4571,1.3770
5.4577,1.3821
5.4582,1.3821
5.4587,1.3821
5.4592,1.3871
5.4597,1.3871
5.4603,1.3821
5.4608,1.3821
5.4613,1.3821
5.4618,1.3871
5.4623,1.3821
5.4629,1.3871
5.4634,1.3821
5.4639,1.3871
5.4644,1.3871
5.4649,1.3871
5.4655,1.3871
5.4660,1.3821
5.4665,1.3821
5.4670,1.3821
5.4675,1.3871
5.4681,1.3821
5.4686,1.3821
5.4691,1.3871
5.4696,1.3821
5.4701,1.3821
5.4707,1.3921
5.4712,1.3821
5.4717,1.3871
5.4722,1.3921
5.4728,1.3921
5.4733,1.3921
5.4738,1.3871
5.4743,1.3871
5.4748,1.3921
5.4754,1.3921
5.4759,1.3871
5.4764,1.3871
5.4769,1.3921
5.4774,1.3871
5.4780,1.3921
5.4785,1.3921
5.4790,1.3921
5.4795,1.3921
5.4800,1.3921
5.4806,1.3972
5.4811,1.3921
5.4816,1.3972
5.4821,1.3921
5.4826,1.3972
5.4832,1.3972
5.4837,1.3921
5.4842,1.3921
5.4847,1.3921
5.4852,1.3921
5.4858,1.3972
5.4863,1.3972
5.4868,1.3972
5.4873,1.3972
5.4878,1.3972
5.4884,1.3921
5.4889,1.3921
5.4894,1.3921
5.4899,1.3921
5.4904,1.3972
5.4910,1.3921
5.4915,1.3921
5.4920,1.3972
5.4925,1.3972
5.4930,1.3921
5.4936,1.3921
5.4941,1.3921
5.4946,1.3972
5.4951,1.3972
5.4957,1.3921
5.4962,1.3972
5.4967,1.4022
5.4972,1.3972
5.4977,1.3972
5.4983,1.4022
5.4988,1.3972
5.4993,1.3972
5.4998,1.3972
5.5004,1.3972
5.5009,1.3972
5.5014,1.3972
5.5019,1.3972
5.5024,1.3972
5.5030,1.3972
5.5035,1.3972
5.5040,1.4022
5.5045,1.3972
5.5050,1.3972
5.5056,1.4022
5.5061,1.4022
5.5066,1.3972
5.5071,1.4022
5.5077,1.4022
5.5082,1.4022
5.5087,1.3972
5.5092,1.3972
5.5097,1.3972
5.5103,1.4022
5.5108,1.4022
5.5113,1.3972
5.5118,1.3972
5.5123,1.4022
5.5129,1.3972
5.5134,1.3972
5.5140,1.4022
5.5145,1.4022
5.5150,1.3972
5.5156,1.3972
5.5162,1.4022
5.5167,1.3972
5.5173,1.4022
5.5178,1.3972
5.5184,1.4022
5.5189,1.3972
5.5194,1.4022
5.5200,1.3972
5.5205,1.4022
5.5211,1.4022
5.5216,1.4022
5.5222,1.3972
5.5227,1.4022
5.5233,1.4022
5.5238,1.4022
5.5244,1.4022
5.5249,1.4022
5.5255,1.4022
5.5260,1.3972
5.5265,1.3972
5.5271,1.3972
5.5276,1.4022
5.5282,1.4022
5.5287,1.4022
5.5293,1.4022
5.5298,1.4022
5.5304,1.4022
5.5309,1.4022
5.5315,1.4022
5.5320,1.4022
5.5326,1.4022
5.5331,1.3972
5.5336,1.3972
5.5342,1.4022
5.5347,1.4022
5.5353,1.4022
5.5358,1.4022
5.5364,1.4022
5.5369,1.4073
5.5375,1.4022
5.5380,1.3972
5.5386,1.4022
5.5391,1.4022
5.5397,1.4022
5.5402,1.4022
5.5408,1.4022
5.5413,1.4022
5.5419,1.4022
5.5424,1.4022
5.5430,1.4022
5.5435,1.4022
5.5441,1.4073
5.5446,1.4073
5.5452,1.4022
5.5457,1.4022
5.5463,1.4073
5.5468,1.4022
5.5474,1.4022
5.5479,1.3921
5.5485,1.4022
5.5490,1.4073
5.5496,1.3972
5.5501,1.4022
5.5506,1.4022
5.5512,1.4022
5.5517,1.4022
5.5523,1.4022
5.5528,1.4022
5.5534,1.4022
5.5539,1.4022
5.5545,1.4073
5.5550,1.3972
5.5556,1.4073
5.5561,1.4022
5.5567,1.4022
5.5572,1.4073
5.5578,1.4022
5.5583,1.4073
5.5588,1.4073
5.5594,1.4073
5.5599,1.4022
5.5605,1.4073
5.5610,1.3972
5.5616,1.4022
5.5621,1.4022
5.5627,1.4073
5.5632,1.4073
5.5638,1.4073
5.5643,1.4073
5.5649,1.3972
5.5654,1.4022
5.5659,1.4022
5.5665,1.4022
5.5670,1.4073
5.5676,1.4022
5.5681,1.4073
5.5687,1.4022
5.5692,1.4073
5.5698,1.4073
5.5703,1.4022
5.5709,1.4022
5.5714,1.4073
5.5720,1.3972
5.5725,1.4073
5.5730,1.3972
5.5736,1.4022
5.5741,1.4022
5.5747,1.4073
5.5752,1.4022
5.5758,1.4022
5.5763,1.4022
5.5769,1.4073
5.5774,1.4022
5.5780,1.4022
5.5785,1.4022
5.5791,1.4022
5.5796,1.4022
5.5802,1.4022
5.5807,1.4022
5.5812,1.4022
5.5818,1.4022
5.5823,1.4073
5.5829,1.4022
5.5834,1.4022
5.5840,1.4022
5.5845,1.4022
5.5851,1.4022
5.5856,1.4073
5.5862,1.4022
5.5867,1.4022
5.5873,1.4022
5.5878,1.4022
5.5884,1.4073
5.5889,1.4022
5.5894,1.4073
5.5900,1.3972
5.5905,1.4073
5.5911,1.4022
5.5916,1.4022
5.5922,1.4073
5.5927,1.3972
5.5933,1.4022
5.5938,1.4073
5.5944,1.4022
5.5949,1.4022
5.5954,1.4073
5.5960,1.4022
5.5965,1.4022
5.5971,1.4022
5.5976,1.3921
5.5982,1.4022
5.5987,1.4022
5.5993,1.4022
5.5998,1.4022
5.6004,1.3972
5.6009,1.4022
5.6015,1.4022
5.6020,1.4022
5.6025,1.4022
5.6031,1.4022
5.6036,1.4073
5.6042,1.4022
5.6047,1.4022
5.6053,1.4022
5.6058,1.4022
5.6064,1.4073
5.6069,1.4022
5.6075,1.4022
5.6080,1.4022
5.6086,1.4022
5.6091,1.4022
5.6097,1.4022
5.6102,1.4022
5.6108,1.3972
5.6113,1.4022
5.6119,1.3972
5.6124,1.4022
5.6130,1.3972
5.6135,1.4022
5.6140,1.4022
5.6146,1.4022
5.6152,1.4022
5.6157,1.3921
5.6163,1.3972
5.6168,1.3972
5.6174,1.3972
5.6179,1.3972
5.6185,1.3972
5.6190,1.4022
5.6195,1.4022
5.6201,1.3972
5.6206,1.4022
5.6212,1.3972
5.6217,1.3972
5.6223,1.4022
5.6228,1.3972
5.6234,1.4022
5.6239,1.4022
5.6245,1.3972
5.6250,1.3972
5.6256,1.4022
5.6261,1.3972
5.6266,1.3972
5.6272,1.4022
5.6277,1.3972
5.6283,1.4022
5.6288,1.4022
5.6294,1.4022
5.6299,1.3972
5.6305,1.3972
5.6310,1.4022
5.6316,1.4022
5.6321,1.3972
5.6327,1.3972
5.6332,1.3972
5.6337,1.4022
5.6343,1.3972
5.6348,1.3972
5.6354,1.3972
5.6359,1.3921
5.6365,1.3972
5.6370,1.3972
5.6376,1.4022
5.6381,1.3972
5.6387,1.3972
5.6392,1.3972
5.6398,1.3972
5.6403,1.3972
5.6409,1.3972
5.6414,1.3972
5.6419,1.3972
5.6425,1.3972
5.6430,1.3972
5.6436,1.3972
5.6441,1.3972
5.6447,1.3972
5.6452,1.4022
5.6458,1.3972
5.6463,1.3972
5.6469,1.3972
5.6474,1.3921
5.6480,1.4022
5.6485,1.3921
5.6490,1.3972
5.6496,1.3972
5.6501,1.3972
5.6507,1.4022
5.6512,1.3972
5.6518,1.3921
5.6523,1.3972
5.6529,1.3972
5.6534,1.3921
5.6540,1.3972
5.6545,1.3972
5.6551,1.3921
5.6556,1.3972
5.6561,1.3972
5.6567,1.3972
5.6572,1.3972
5.6578,1.3921
5.6583,1.3972
5.6589,1.3921
5.6594,1.3921
5.6600,1.3921
5.6605,1.3972
5.6611,1.3972
5.6616,1.3972
5.6622,1.3921
5.6627,1.3921
5.6632,1.3921
5.6638,1.3921
5.6643,1.3871
5.6649,1.3972
5.6654,1.3972
5.6660,1.3921
5.6665,1.3921
5.6671,1.3921
5.6676,1.3921
5.6682,1.3921
5.6687,1.3921
5.6693,1.3921
5.6698,1.3921
5.6704,1.3921
5.6709,1.3972
5.6714,1.3972
5.6720,1.3921
5.6725,1.3921
5.6731,1.3921
5.6736,1.3921
5.6742,1.3921
5.6747,1.3871
5.6753,1.3921
5.6758,1.3921
5.6764,1.3921
5.6769,1.3921
5.6775,1.3921
5.6780,1.3921
5.6786,1.3921
5.6791,1.3921
5.6797,1.3921
5.6802,1.3921
5.6808,1.3871
5.6813,1.3921
5.6819,1.3921
5.6824,1.3921
5.6829,1.3921
5.6835,1.3921
5.6840,1.3921
5.6846,1.3871
5.6851,1.3921
5.6857,1.3921
5.6862,1.3921
5.6868,1.3871
5.6873,1.3921
5.6879,1.3921
5.6884,1.3871
5.6890,1.3871
5.6895,1.3921
5.6900,1.3921
5.6906,1.3921
5.6911,1.3921
5.6917,1.3871
5.6922,1.3921
5.6928,1.3871
5.6933,1.3921
5.6939,1.3921
5.6944,1.3921
5.6950,1.3921
5.6955,1.3871
5.6961,1.3871
5.6966,1.3871
5.6971,1.3871
5.6977,1.3871
5.6982,1.3871
5.6988,1.3921
5.6993,1.3921
5.6999,1.3921
5.7004,1.3921
5.7010,1.3871
5.7015,1.3871
5.7021,1.3921
5.7026,1.3821
5.7032,1.3871
5.7037,1.3921
5.7043,1.3821
5.7048,1.3871
5.7053,1.3871
5.7059,1.3921
5.7064,1.3871
5.7070,1.3821
5.7075,1.3871
5.7081,1.3821
5.7086,1.3871
5.7092,1.3871
5.7097,1.3871
5.7103,1.3921
5.7108,1.3921
5.7113,1.3921
5.7119,1.3871
5.7125,1.3921
5.7130,1.3871
5.7136,1.3871
5.7141,1.3921
5.7147,1.3821
5.7152,1.3921
5.7158,1.3871
5.7163,1.3821
5.7169,1.3871
5.7174,1.3921
5.7180,1.3871
5.7185,1.3921
5.7191,1.3871
5.7196,1.3821
5.7201,1.3871
5.7207,1.3821
5.7212,1.3871
5.7218,1.3821
5.7223,1.3871
5.7229,1.3871
5.7234,1.3871
5.7240,1.3871
5.7245,1.3871
5.7251,1.3871
5.7256,1.3871
5.7262,1.3871
5.7267,1.3921
5.7272,1.3871
5.7278,1.3871
5.7283,1.3821
5.7289,1.3871
5.7294,1.3871
5.7301,1.3921
5.7307,1.3871
5.7337,1.3871
5.7343,1.3821
5.7349,1.3921
5.7355,1.3871
5.7360,1.3821
5.7366,1.3871
5.7372,1.3871
5.7378,1.3821
5.7383,1.3821
5.7389,1.3871
5.7395,1.3871
5.7400,1.3871
5.7406,1.3871
5.7411,1.3921
5.7417,1.3871
5.7422,1.3871
5.7428,1.3821
5.7433,1.3921
5.7439,1.3871
5.7444,1.3871
5.7450,1.3871
5.7456,1.3871
5.7465,1.3871
5.7471,1.3871
5.7477,1.3871
5.7483,1.3871
5.7488,1.3821
5.7494,1.3871
5.7501,1.3871
5.7507,1.3871
5.7514,1.3871
5.7521,1.3821
5.7527,1.3871
5.7533,1.3821
5.7540,1.3821
5.7546,1.3871
5.7552,1.3921
5.7558,1.3821
5.7564,1.3821
5.7570,1.3871
5.7575,1.3871
5.7581,1.3871
5.7587,1.3871
5.7593,1.3871
5.7599,1.3871
5.7604,1.3821
5.7610,1.3821
5.7616,1.3921
5.7621,1.3871
5.7627,1.3871
5.7632,1.3871
5.7638,1.3871
5.7644,1.3871
5.7650,1.3871
5.7655,1.3871
5.7661,1.3871
5.7667,1.3871
5.7672,1.3871
5.7678,1.3871
5.7684,1.3871
5.7690,1.3871
5.7696,1.3871
5.7701,1.3871
5.7707,1.3871
5.7712,1.3821
5.7718,1.3871
5.7723,1.3871
5.7729,1.3871
5.7734,1.3921
5.7740,1.3871
5.7745,1.3921
5.7751,1.3871
5.7756,1.3871
5.7762,1.3871
5.7767,1.3821
5.7773,1.3871
5.7778,1.3871
5.7784,1.3871
5.7789,1.3821
5.7794,1.3821
5.7800,1.3921
5.7806,1.3871
5.7811,1.3871
5.7817,1.3871
5.7823,1.3871
5.7828,1.3871
5.7834,1.3871
5.7839,1.3871
5.7845,1.3871
5.7850,1.3871
5.7855,1.3871
5.7861,1.3871
5.7866,1.3770
5.7872,1.3871
5.7877,1.3871
5.7883,1.3921
5.7888,1.3871
5.7894,1.3871
5.7899,1.3871
5.7905,1.3871
5.7910,1.3871
5.7916,1.3871
5.7921,1.3871
5.7926,1.3871
5.7932,1.3871
5.7937,1.3871
5.7943,1.3871
5.7948,1.3871
5.7954,1.3821
5.7959,1.3871
5.7965,1.3871
5.7971,1.3871
5.7976,1.3871
5.7982,1.3871
5.7987,1.3871
5.7993,1.3871
5.7998,1.3871
5.8004,1.3821
5.8009,1.3871
5.8015,1.3871
5.8020,1.3871
5.8025,1.3871
5.8031,1.3871
5.8036,1.3821
5.8042,1.3770
5.8047,1.3821
5.8053,1.3871
5.8058,1.3871
5.8064,1.3821
5.8069,1.3871
5.8075,1.3871
5.8080,1.3821
5.8086,1.3871
5.8091,1.3871
5.8096,1.3871
5.8102,1.3871
5.8107,1.3821
5.8113,1.3821
5.8118,1.3821
5.8124,1.3821
5.8129,1.3871
5.8135,1.3871
5.8140,1.3821
5.8146,1.3871
5.8151,1.3871
5.8157,1.3871
5.8163,1.3871
5.8169,1.3871
5.8174,1.3871
5.8180,1.3871
5.8185,1.3821
5.8191,1.3821
5.8196,1.3770
5.8202,1.3821
5.8207,1.3871
5.8212,1.3821
5.8218,1.3821
5.8223,1.3871
5.8229,1.3871
5.8234,1.3821
5.8240,1.3871
5.8245,1.3821
5.8250,1.3821
5.8256,1.3871
5.8261,1.3871
5.8267,1.3821
5.8272,1.3871
5.8278,1.3871
5.8283,1.3821
5.8288,1.3821
5.8294,1.3821
5.8299,1.3871
5.8305,1.3871
5.8310,1.3821
5.8315,1.3871
5.8321,1.3871
5.8326,1.3770
5.8332,1.3871
5.8337,1.3821
5.8343,1.3821
5.8348,1.3821
5.8353,1.3821
5.8359,1.3821
5.8364,1.3720
5.8370,1.3821
5.8375,1.3770
5.8381,1.3821
5.8386,1.3821
5.8392,1.3821
5.8397,1.3821
5.8402,1.3871
5.8408,1.3821
5.8413,1.3871
5.8419,1.3871
5.8424,1.3871
5.8430,1.3871
5.8435,1.3871
5.8441,1.3821
5.8446,1.3821
5.8452,1.3871
5.8457,1.3871
5.8462,1.3821
5.8468,1.3871
5.8473,1.3770
5.8479,1.3821
5.8484,1.3821
5.8490,1.3821
5.8495,1.3821
5.8501,1.3821
5.8506,1.3821
5.8511,1.3821
5.8517,1.3821
5.8522,1.3821
5.8528,1.3821
5.8533,1.3821
5.8539,1.3871
5.8544,1.3770
5.8550,1.3821
5.8555,1.3821
5.8560,1.3821
5.8566,1.3821
5.8571,1.3821
5.8577,1.3821
5.8582,1.3821
5.8588,1.3770
5.8593,1.3821
5.8599,1.3821
5.8604,1.3821
5.8609,1.3821
5.8615,1.3871
5.8620,1.3821
5.8626,1.3871
5.8631,1.3770
5.8637,1.3821
5.8642,1.3821
5.8648,1.3821
5.8653,1.3821
5.8658,1.3770
5.8664,1.3821
5.8669,1.3770
5.8675,1.3821
5.8680,1.3821
5.8685,1.3770
5.8691,1.3821
5.8696,1.3821
5.8702,1.3770
5.8707,1.3821
5.8712,1.3821
5.8718,1.3821
5.8723,1.3821
5.8729,1.3821
5.8734,1.3770
5.8739,1.3821
5.8745,1.3821
5.8751,1.3821
5.8756,1.3770
5.8762,1.3821
5.8767,1.3770
5.8773,1.3770
5.8778,1.3770
5.8784,1.3821
5.8789,1.3821
5.8794,1.3770
5.8800,1.3821
5.8805,1.3821
5.8811,1.3821
5.8816,1.3770
5.8822,1.3770
5.8827,1.3821
5.8832,1.3770
5.8838,1.3720
5.8843,1.3770
5.8849,1.3821
5.8854,1.3770
5.8860,1.3770
5.8865,1.3821
5.8871,1.3770
5.8876,1.3770
5.8881,1.3821
5.8887,1.3821
5.8892,1.3821
5.8898,1.3770
5.8903,1.3720
5.8909,1.3770
5.8914,1.3821
5.8920,1.3720
5.8925,1.3770
5.8931,1.3821
5.8936,1.3770
5.8942,1.3770
5.8947,1.3770
5.8952,1.3770
5.8958,1.3770
5.8964,1.3770
5.8969,1.3821
5.8974,1.3770
5.8980,1.3821
5.8985,1.3770
5.8991,1.3770
5.8996,1.3821
5.9002,1.3821
5.9007,1.3720
5.9012,1.3821
5.9018,1.3770
5.9023,1.3770
5.9029,1.3770
5.9034,1.3770
5.9040,1.3821
5.9045,1.3770
5.9051,1.3770
5.9056,1.3770
5.9061,1.3770
5.9067,1.3770
5.9072,1.3770
5.9078,1.3770
5.9083,1.3770
5.9089,1.3770
5.9094,1.3770
5.9099,1.3770
5.9105,1.3720
5.9110,1.3821
5.9116,1.3770
5.9121,1.3821
5.9127,1.3770
5.9132,1.3770
5.9138,1.3770
5.9143,1.3770
5.9148,1.3770
5.9154,1.3770
5.9159,1.3720
5.9165,1.3770
5.9171,1.3770
5.9176,1.3770
5.9182,1.3770
5.9187,1.3720
5.9193,1.3770
5.9199,1.3821
5.9204,1.3770
5.9210,1.3770
5.9215,1.3770
5.9221,1.3720
5.9226,1.3770
5.9231,1.3720
5.9237,1.3720
5.9243,1.3770
5.9248,1.3770
5.9254,1.3770
5.9259,1.3770
5.9265,1.3770
5.9270,1.3770
5.9275,1.3720
5.9281,1.3720
5.9286,1.3720
5.9292,1.3770
5.9297,1.3770
5.9303,1.3720
5.9308,1.3770
5.9314,1.3720
5.9319,1.3720
5.9325,1.3770
5.9330,1.3770
5.9336,1.3770
5.9342,1.3720
5.9347,1.3770
5.9353,1.3720
5.9358,1.3770
5.9364,1.3770
5.9369,1.3770
5.9375,1.3720
5.9380,1.3770
5.9385,1.3770
5.9391,1.3770
5.9396,1.3770
5.9402,1.3720
5.9407,1.3720
5.9413,1.3770
5.9418,1.3770
5.9424,1.3720
5.9429,1.3770
5.9435,1.3720
5.9440,1.3720
5.9446,1.3720
5.9451,1.3770
5.9457,1.3720
5.9462,1.3770
5.9468,1.3770
5.9473,1.3770
5.9479,1.3720
5.9484,1.3770
5.9490,1.3720
5.9495,1.3720
5.9501,1.3770
5.9506,1.3770
5.9512,1.3720
5.9517,1.3720
5.9523,1.3770
5.9528,1.3720
5.9534,1.3720
5.9539,1.3720
5.9545,1.3720
5.9550,1.3720
5.9556,1.3720
5.9561,1.3720
5.9567,1.3770
5.9572,1.3720
5.9578,1.3669
5.9583,1.3720
5.9589,1.3770
5.9594,1.3720
5.9604,1.3770
5.9609,1.3720
5.9615,1.3720
5.9620,1.3669
5.9626,1.3720
5.9632,1.3720
5.9637,1.3770
5.9643,1.3770
5.9648,1.3720
5.9654,1.3720
5.9659,1.3720
5.9665,1.3720
5.9670,1.3720
5.9676,1.3720
5.9681,1.3669
5.9687,1.3720
5.9692,1.3720
5.9698,1.3720
5.9703,1.3720
5.9709,1.3770
5.9714,1.3720
5.9719,1.3720
5.9725,1.3669
5.9730,1.3770
5.9736,1.3720
5.9741,1.3720
5.9747,1.3720
5.9752,1.3720
5.9758,1.3720
5.9764,1.3669
5.9769,1.3720
5.9775,1.3720
5.9780,1.3720
5.9786,1.3720
5.9791,1.3720
5.9797,1.3669
5.9802,1.3720
5.9808,1.3720
5.9813,1.3669
5.9819,1.3669
5.9824,1.3720
5.9829,1.3720
5.9835,1.3770
5.9840,1.3720
5.9846,1.3720
5.9851,1.3720
5.9857,1.3720
5.9862,1.3720
5.9868,1.3720
5.9873,1.3720
5.9879,1.3720
5.9884,1.3720
5.9889,1.3720
5.9895,1.3720
5.9900,1.3720
5.9906,1.3720
5.9911,1.3720
5.9917,1.3720
5.9922,1.3720
5.9928,1.3720
5.9933,1.3770
5.9939,1.3720
5.9944,1.3720
5.9950,1.3720
5.9955,1.3720
5.9961,1.3720
5.9966,1.3720
5.9972,1.3720
5.9977,1.3720
5.9983,1.3720
5.9988,1.3669
5.9994,1.3720
5.9999,1.3669
6.0005,1.3770
6.0010,1.3720
6.0016,1.3669
6.0021,1.3619
6.0027,1.3669
6.0032,1.3720
6.0038,1.3720
6.0043,1.3669
6.0049,1.3720
6.0054,1.3720
6.0060,1.3720
6.0065,1.3720
6.0071,1.3669
6.0076,1.3720
6.0082,1.3669
6.0087,1.3720
6.0093,1.3720
6.0098,1.3720
6.0104,1.3720
6.0109,1.3669
6.0115,1.3720
6.0120,1.3720
6.0126,1.3720
6.0131,1.3720
6.0137,1.3720
6.0142,1.3619
6.0148,1.3720
6.0153,1.3720
6.0159,1.3720
6.0164,1.3720
6.0170,1.3669
6.0175,1.3720
6.0181,1.3669
6.0186,1.3720
6.0192,1.3720
6.0197,1.3720
6.0203,1.3669
6.0208,1.3720
6.0214,1.3720
6.0219,1.3669
6.0225,1.3720
6.0230,1.3720
6.0236,1.3720
6.0241,1.3720
6.0247,1.3720
6.0252,1.3720
6.0258,1.3720
6.0263,1.3720
6.0269,1.3669
6.0274,1.3720
6.0280,1.3720
6.0285,1.3720
6.0291,1.3720
6.0296,1.3720
6.0302,1.3669
6.0307,1.3720
6.0313,1.3720
6.0319,1.3720
6.0324,1.3669
6.0330,1.3720
6.0335,1.3720
6.0341,1.3720
6.0346,1.3720
6.0352,1.3669
6.0358,1.3720
6.0363,1.3669
6.0369,1.3720
6.0374,1.3720
6.0380,1.3720
6.0385,1.3720
6.0391,1.3720
6.0396,1.3720
6.0402,1.3720
6.0407,1.3669
6.0413,1.3720
6.0418,1.3669
6.0424,1.3720
6.0429,1.3720
6.0435,1.3720
6.0440,1.3720
6.0446,1.3720
6.0451,1.3720
6.0457,1.3720
6.0462,1.3720
6.0468,1.3720
6.0473,1.3669
6.0479,1.3720
6.0484,1.3669
6.0490,1.3720
6.0495,1.3720
6.0501,1.3669
6.0506,1.3669
6.0512,1.3669
6.0517,1.3669
6.0523,1.3720
6.0528,1.3720
6.0533,1.3720
6.0539,1.3720
6.0545,1.3720
6.0550,1.3720
6.0556,1.3669
6.0561,1.3720
6.0567,1.3720
6.0572,1.3669
6.0578,1.3720
6.0583,1.3720
6.0588,1.3669
6.0594,1.3669
6.0599,1.3669
6.0605,1.3669
6.0610,1.3720
6.0616,1.3720
6.0621,1.3669
6.0627,1.3720
6.0632,1.3669
6.0638,1.3720
6.0643,1.3720
6.0649,1.3669
6.0654,1.3720
6.0660,1.3720
6.0665,1.3669
6.0671,1.3669
6.0676,1.3669
6.0682,1.3669
6.0687,1.3720
6.0693,1.3720
6.0698,1.3720
6.0704,1.3669
6.0709,1.3669
6.0715,1.3720
6.0720,1.3770
6.0726,1.3720
6.0731,1.3669
6.0737,1.3669
6.0742,1.3669
6.0748,1.3720
6.0753,1.3669
6.0759,1.3669
6.0764,1.3669
6.0770,1.3720
6.0775,1.3720
6.0781,1.3669
6.0786,1.3720
6.0792,1.3669
6.0797,1.3669
6.0803,1.3669
6.0808,1.3669
6.0814,1.3669
6.0819,1.3669
6.0825,1.3619
6.0830,1.3669
6.0836,1.3720
6.0841,1.3720
6.0847,1.3669
6.0852,1.3720
6.0858,1.3669
6.0863,1.3669
6.0869,1.3720
6.0874,1.3619
6.0880,1.3669
6.0885,1.3720
6.0891,1.3720
6.0896,1.3669
6.0902,1.3669
6.0907,1.3669
6.0913,1.3720
6.0918,1.3669
6.0924,1.3619
6.0929,1.3669
6.0935,1.3669
6.0940,1.3669
6.0946,1.3720
6.0951,1.3669
6.0957,1.3720
6.0962,1.3619
6.0968,1.3720
6.0973,1.3720
6.0979,1.3669
6.0984,1.3669
6.0990,1.3720
6.0995,1.3669
6.1001,1.3669
6.1006,1.3669
6.1012,1.3720
6.1018,1.3669
6.1023,1.3669
6.1029,1.3669
6.1034,1.3669
6.1040,1.3669
6.1045,1.3720
6.1051,1.3720
6.1056,1.3669
6.1062,1.3669
6.1067,1.3669
6.1073,1.3720
6.1078,1.3669
6.1083,1.3720
6.1089,1.3720
6.1094,1.3669
6.1100,1.3669
6.1105,1.3720
6.1111,1.3669
6.1116,1.3669
6.1122,1.3669
6.1127,1.3669
6.1133,1.3669
6.1139,1.3669
6.1144,1.3619
6.1150,1.3669
6.1155,1.3669
6.1161,1.3720
6.1166,1.3669
6.1171,1.3720
6.1177,1.3669
6.1183,1.3720
6.1188,1.3720
6.1194,1.3669
6.1199,1.3720
6.1205,1.3720
6.1210,1.3669
6.1216,1.3669
6.1221,1.3669
6.1227,1.3669
6.1232,1.3720
6.1238,1.3720
6.1243,1.3669
6.1249,1.3669
6.1254,1.3669
6.1260,1.3669
6.1265,1.3669
6.1271,1.3669
6.1276,1.3619
6.1282,1.3720
6.1287,1.3669
6.1293,1.3619
6.1298,1.3669
6.1304,1.3669
6.1309,1.3720
6.1315,1.3669
6.1320,1.3669
6.1326,1.3669
6.1331,1.3669
6.1337,1.3720
6.1342,1.3720
6.1348,1.3669
6.1353,1.3669
6.1359,1.3720
6.1364,1.3669
6.1370,1.3669
6.1375,1.3720
6.1381,1.3720
6.1386,1.3619
6.1392,1.3619
6.1397,1.3669
6.1403,1.3720
6.1408,1.3669
6.1414,1.3720
6.1419,1.3720
6.1425,1.3669
6.1430,1.3669
6.1436,1.3669
6.1441,1.3669
6.1447,1.3669
6.1452,1.3669
6.1458,1.3669
6.1463,1.3720
6.1469,1.3669
6.1474,1.3669
6.1480,1.3669
6.1485,1.3720
6.1491,1.3669
6.1496,1.3669
6.1502,1.3720
6.1507,1.3669
6.1513,1.3669
6.1518,1.3720
6.1524,1.3720
6.1529,1.3720
6.1535,1.3669
6.1540,1.3669
6.1546,1.3669
6.1551,1.3720
6.1557,1.3669
6.1562,1.3669
6.1568,1.3669
6.1573,1.3669
6.1579,1.3720
6.1584,1.3720
6.1590,1.3720
6.1595,1.3669
6.1601,1.3669
6.1607,1.3720
6.1612,1.3669
6.1618,1.3720
6.1624,1.3720
6.1630,1.3669
6.1636,1.3720
6.1642,1.3720
6.1647,1.3669
6.1652,1.3669
6.1658,1.3720
6.1663,1.3669
6.1669,1.3669
6.1674,1.3669
6.1680,1.3720
6.1685,1.3720
6.1691,1.3619
6.1696,1.3720
6.1702,1.3669
6.1707,1.3720
6.1713,1.3720
6.1718,1.3720
6.1724,1.3669
6.1729,1.3619
6.1735,1.3720
6.1740,1.3720
6.1746,1.3720
6.1751,1.3720
6.1757,1.3720
6.1762,1.3669
6.1768,1.3720
6.1773,1.3720
6.1778,1.3720
6.1784,1.3720
6.1789,1.3720
6.1795,1.3720
6.1800,1.3720
6.1806,1.3669
6.1811,1.3720
6.1817,1.3720
6.1822,1.3770
6.1828,1.3720
6.1833,1.3720
6.1839,1.3720
6.1844,1.3720
6.1849,1.3720
6.1855,1.3770
6.1860,1.3720
6.1866,1.3770
6.1871,1.3720
6.1877,1.3770
6.1882,1.3770
6.1888,1.3770
6.1893,1.3770
6.1899,1.3720
6.1904,1.3720
6.1909,1.3770
6.1915,1.3770
6.1920,1.3770
6.1926,1.3821
6.1931,1.3770
6.1937,1.3720
6.1942,1.3770
6.1948,1.3770
6.1953,1.3770
6.1959,1.3770
6.1964,1.3720
6.1970,1.3770
6.1975,1.3770
6.1981,1.3821
6.1986,1.3720
6.1992,1.3770
6.1997,1.3770
6.2003,1.3821
6.2008,1.3770
6.2014,1.3821
6.2019,1.3770
6.2025,1.3770
6.2030,1.3821
6.2036,1.3821
6.2041,1.3821
6.2047,1.3821
6.2052,1.3821
6.2058,1.3770
6.2063,1.3821
6.2069,1.3871
6.2074,1.3821
6.2080,1.3821
6.2085,1.3821
6.2091,1.3871
6.2096,1.3871
6.2102,1.3821
6.2107,1.3821
6.2113,1.3871
6.2118,1.3871
6.2124,1.3821
6.2129,1.3871
6.2135,1.3871
6.2140,1.3871
6.2146,1.3871
6.2151,1.3871
6.2157,1.3821
6.2162,1.3871
6.2168,1.3871
6.2173,1.3871
6.2179,1.3921
6.2184,1.3921
6.2190,1.3871
6.2196,1.3921
6.2201,1.3921
6.2207,1.3921
6.2212,1.3921
6.2218,1.3821
6.2223,1.3871
6.2229,1.3921
6.2234,1.3871
6.2240,1.3871
6.2245,1.3921
6.2251,1.3921
6.2256,1.3921
6.2262,1.3921
6.2267,1.3871
6.2273,1.3921
6.2278,1.3972
6.2284,1.3921
6.2289,1.3921
6.2295,1.3921
6.2300,1.3921
6.2306,1.3921
6.2311,1.3871
6.2317,1.3921
6.2323,1.3972
6.2329,1.3972
6.2335,1.3972
6.2341,1.3921
6.2347,1.3921
6.2353,1.3921
6.2358,1.3921
6.2364,1.3921
6.2370,1.3921
6.2375,1.3972
6.2381,1.3921
6.2386,1.3972
6.2392,1.3921
6.2398,1.3972
6.2403,1.3921
6.2409,1.3972
6.2415,1.3921
6.2420,1.3921
6.2426,1.3972
6.2431,1.3972
6.2437,1.3972
6.2442,1.3972
6.2448,1.3972
6.2453,1.3921
6.2459,1.3972
6.2464,1.3921
6.2470,1.3921
6.2476,1.3972
6.2482,1.3972
6.2488,1.3921
6.2504,1.3972
6.2518,1.3972
6.2524,1.3972
6.2530,1.3972
6.2536,1.3972
6.2542,1.3972
6.2547,1.3972
6.2554,1.3972
6.2559,1.3921
6.2565,1.3972
6.2574,1.3972
6.2580,1.3972
6.2585,1.4022
6.2591,1.3972
6.2596,1.3972
6.2602,1.3972
6.2607,1.4022
6.2613,1.4022
6.2618,1.3972
6.2624,1.3972
6.2629,1.3921
6.2635,1.3921
6.2641,1.3972
6.2646,1.4022
6.2652,1.4022
6.2658,1.4022
6.2663,1.4022
6.2669,1.4022
6.2674,1.4022
6.2680,1.3972
6.2685,1.3972
6.2691,1.3972
6.2696,1.4022
6.2702,1.4022
6.2707,1.4022
6.2713,1.3972
6.2718,1.4022
6.2724,1.3972
6.2729,1.3921
6.2735,1.3972
6.2740,1.3972
6.2746,1.3972
6.2751,1.4022
6.2757,1.3972
6.2762,1.3972
6.2768,1.3972
6.2773,1.3972
6.2779,1.3972
6.2784,1.3972
6.2790,1.4022
6.2795,1.3921
6.2801,1.3972
6.2806,1.4022
6.2812,1.4022
6.2817,1.4022
6.2823,1.4022
6.2828,1.4022
6.2834,1.3972
6.2839,1.3972
6.2845,1.4022
6.2850,1.4022
6.2856,1.3972
6.2861,1.3972
6.2867,1.3972
6.2872,1.4022
6.2878,1.4022
6.2883,1.3972
6.2889,1.4022
6.2894,1.4022
6.2900,1.3972
6.2905,1.4022
6.2911,1.4022
6.2916,1.4022
6.2922,1.4022
6.2927,1.4022
6.2933,1.3972
6.2938,1.4022
6.2944,1.3972
6.2949,1.4022
6.2955,1.4022
6.2960,1.4022
6.2966,1.3972
6.2971,1.4022
6.2977,1.4022
6.2982,1.4022
6.2988,1.4022
6.2993,1.4022
6.2999,1.4022
6.3004,1.3972
6.3010,1.4022
6.3015,1.4022
6.3021,1.4022
6.3026,1.3972
6.3032,1.4022
6.3037,1.3972
6.3043,1.4022
6.3048,1.4073
6.3054,1.4022
6.3059,1.4022
6.3065,1.3972
6.3070,1.4022
6.3076,1.4022
6.3081,1.4022
6.3087,1.3972
6.3093,1.4022
6.3098,1.4022
6.3104,1.4022
6.3109,1.3972
6.3115,1.4022
6.3120,1.4022
6.3126,1.4022
6.3131,1.4073
6.3137,1.3972
6.3142,1.4022
6.3148,1.4022
6.3154,1.4073
6.3159,1.3972
6.3165,1.4022
6.3170,1.4073
6.3176,1.4022
6.3181,1.4022
6.3187,1.3972
6.3193,1.4022
6.3199,1.4022
6.3204,1.3972
6.3210,1.3972
6.3215,1.3972
6.3221,1.4022
6.3226,1.4022
6.3232,1.4022
6.3237,1.3972
6.3243,1.4022
6.3248,1.4022
6.3253,1.4022
6.3259,1.3972
6.3264,1.4022
6.3270,1.3972
6.3275,1.4022
6.3281,1.4022
6.3286,1.4022
6.3291,1.4022
6.3297,1.4022
6.3302,1.4022
6.3308,1.3972
6.3313,1.3972
6.3319,1.4022
6.3324,1.3972
6.3329,1.4022
6.3335,1.4022
6.3340,1.4022
6.3346,1.4022
6.3351,1.4022
6.3357,1.4022
6.3362,1.4022
6.3368,1.3972
6.3373,1.4022
6.3378,1.4022
6.3384,1.4022
6.3389,1.4022
6.3395,1.4022
6.3400,1.4073
6.3406,1.4022
6.3411,1.4022
6.3417,1.4022
6.3423,1.4022
6.3429,1.3972
6.3434,1.4022
6.3440,1.4073
6.3446,1.4022
6.3452,1.4022
6.3458,1.4022
6.3463,1.4022
6.3469,1.4022
6.3474,1.3972
6.3480,1.3921
6.3485,1.4022
6.3491,1.4022
6.3497,1.4022
6.3504,1.4022
6.3510,1.4022
6.3516,1.4022
6.3523,1.3972
6.3529,1.3972
6.3534,1.4022
6.3540,1.3972
6.3545,1.3921
6.3551,1.4022
6.3556,1.4022
6.3561,1.3972
6.3567,1.4022
6.3572,1.3972
6.3578,1.4022
6.3583,1.3972
6.3588,1.4022
6.3594,1.4022
6.3599,1.4022
6.3604,1.3972
6.3610,1.3972
6.3615,1.3972
6.3621,1.4022
6.3626,1.4022
6.3631,1.3972
6.3637,1.4022
6.3643,1.3972
6.3648,1.3972
6.3654,1.3972
6.3659,1.3972
6.3665,1.3972
6.3670,1.3972
6.3675,1.3921
6.3681,1.4022
6.3686,1.3972
6.3692,1.4022
6.3697,1.4022
6.3702,1.3972
6.3708,1.3972
6.3713,1.3972
6.3718,1.3972
6.3724,1.3921
6.3729,1.3972
6.3735,1.3972
6.3740,1.3972
6.3745,1.4022
6.3751,1.3972
6.3756,1.3972
6.3761,1.3921
6.3767,1.3921
6.3772,1.3972
6.3778,1.3972
6.3783,1.3972
6.3788,1.3972
6.3794,1.3972
6.3799,1.3972
6.3805,1.3921
6.3810,1.3972
6.3815,1.3921
6.3821,1.3972
6.3826,1.3972
6.3831,1.3921
6.3837,1.3972
6.3843,1.3972
6.3848,1.3972
6.3853,1.3972
6.3859,1.3972
6.3864,1.3921
6.3869,1.3972
6.3875,1.3921
6.3880,1.3972
6.3886,1.3972
6.3891,1.3972
6.3896,1.3921
6.3902,1.3921
6.3907,1.3921
6.3912,1.3871
6.3918,1.3972
6.3923,1.3972
6.3929,1.3972
6.3934,1.3921
6.3939,1.3972
6.3945,1.3921
6.3950,1.3871
6.3955,1.3871
6.3961,1.3972
6.3966,1.3972
6.3972,1.3921
6.3977,1.3972
6.3982,1.3972
6.3988,1.3921
6.3993,1.3972
6.3998,1.3921
6.4004,1.3921
6.4009,1.3972
6.4015,1.3921
6.4020,1.3921
6.4025,1.3871
6.4031,1.3921
6.4036,1.3871
6.4041,1.3972
6.4047,1.3921
6.4052,1.3921
6.4058,1.3972
6.4063,1.3921
6.4068,1.3921
6.4074,1.3972
6.4079,1.3921
6.4084,1.3921
6.4090,1.3871
6.4095,1.3921
6.4101,1.3921
6.4106,1.3921
6.4111,1.3921
6.4117,1.3921
6.4122,1.3921
6.4127,1.3821
6.4133,1.3921
6.4138,1.3871
6.4144,1.3921
6.4149,1.3871
6.4154,1.3921
6.4160,1.3921
6.4165,1.3871
6.4170,1.3871
6.4176,1.3921
6.4181,1.3871
6.4187,1.3821
6.4192,1.3921
6.4198,1.3921
6.4204,1.3921
6.4209,1.3871
6.4215,1.3921
6.4220,1.3921
6.4226,1.3921
6.4231,1.3921
6.4236,1.3921
6.4242,1.3921
6.4247,1.3821
6.4253,1.3871
6.4258,1.3921
6.4264,1.3921
6.4269,1.3921
6.4275,1.3871
6.4280,1.3921
6.4286,1.3871
6.4291,1.3871
6.4297,1.3871
6.4302,1.3921
6.4308,1.3921
6.4313,1.3871
6.4318,1.3921
6.4324,1.3871
6.4329,1.3871
6.4335,1.3871
6.4340,1.3871
6.4346,1.3921
6.4351,1.3871
6.4357,1.3871
6.4362,1.3871
6.4367,1.3821
6.4373,1.3821
6.4378,1.3921
6.4384,1.3871
6.4389,1.3921
6.4395,1.3871
6.4400,1.3871
6.4405,1.3871
6.4411,1.3871
6.4416,1.3871
6.4422,1.3871
6.4427,1.3821
6.4433,1.3921
6.4438,1.3871
6.4444,1.3871
6.4449,1.3921
6.4454,1.3821
6.4460,1.3871
6.4465,1.3871
6.4471,1.3871
6.4476,1.3871
6.4482,1.3871
6.4487,1.3871
6.4493,1.3921
6.4498,1.3871
6.4504,1.3871
6.4509,1.3871
6.4515,1.3821
6.4520,1.3821
6.4526,1.3921
6.4531,1.3871
6.4537,1.3871
6.4542,1.3871
6.4548,1.3871
6.4553,1.3871
6.4559,1.3871
6.4564,1.3921
6.4570,1.3821
6.4575,1.3871
6.4580,1.3871
6.4586,1.3871
6.4591,1.3871
6.4597,1.3871
6.4602,1.3871
6.4608,1.3871
6.4613,1.3871
6.4619,1.3821
6.4624,1.3871
6.4630,1.3871
6.4635,1.3871
6.4641,1.3821
6.4649,1.3871
6.4654,1.3821
6.4660,1.3821
6.4665,1.3821
6.4671,1.3871
6.4676,1.3821
6.4681,1.3871
6.4687,1.3871
6.4692,1.3821
6.4698,1.3821
6.4703,1.3871
6.4709,1.3821
6.4714,1.3821
6.4720,1.3770
6.4725,1.3871
6.4731,1.3821
6.4736,1.3821
6.4742,1.3821
6.4747,1.3871
6.4752,1.3871
6.4758,1.3821
6.4763,1.3871
6.4769,1.3871
6.4774,1.3821
6.4780,1.3871
6.4785,1.3871
6.4791,1.3871
6.4796,1.3821
6.4802,1.3821
6.4807,1.3821
6.4813,1.3871
6.4818,1.3821
6.4823,1.3871
6.4829,1.3821
6.4834,1.3821
6.4840,1.3871
6.4845,1.3871
6.4851,1.3821
6.4856,1.3871
6.4862,1.3821
6.4867,1.3871
6.4873,1.3770
6.4878,1.3871
6.4884,1.3821
6.4889,1.3871
6.4894,1.3871
6.4900,1.3871
6.4905,1.3871
6.4911,1.3871
6.4916,1.3871
6.4922,1.3871
6.4927,1.3821
6.4933,1.3821
6.4938,1.3821
6.4944,1.3821
6.4949,1.3871
6.4955,1.3871
6.4960,1.3871
6.4966,1.3871
6.4971,1.3871
6.4976,1.3821
6.4982,1.3871
6.4987,1.3871
6.4993,1.3770
6.4998,1.3871
6.5004,1.3871
6.5009,1.3821
6.5015,1.3821
6.5020,1.3821
6.5026,1.3871
6.5031,1.3871
6.5037,1.3871
6.5042,1.3871
6.5047,1.3821
6.5053,1.3821
6.5059,1.3821
6.5064,1.3871
6.5069,1.3871
6.5075,1.3871
6.5080,1.3871
6.5086,1.3821
6.5091,1.3871
6.5097,1.3871
6.5102,1.3821
6.5108,1.3871
6.5113,1.3871
6.5119,1.3871
6.5124,1.3821
6.5129,1.3871
6.5135,1.3821
6.5140,1.3871
6.5146,1.3821
6.5151,1.3871
6.5157,1.3821
6.5162,1.3821
6.5168,1.3871
6.5173,1.3871
6.5179,1.3821
6.5184,1.3871
6.5190,1.3821
6.5195,1.3871
6.5200,1.3770
6.5206,1.3871
6.5212,1.3871
6.5217,1.3871
6.5223,1.3871
6.5228,1.3821
6.5234,1.3821
6.5239,1.3871
6.5245,1.3921
6.5250,1.3871
6.5256,1.3871
6.5261,1.3871
6.5267,1.3871
6.5272,1.3770
6.5278,1.3821
6.5283,1.3821
6.5288,1.3821
6.5294,1.3871
6.5299,1.3821
6.5305,1.3821
6.5310,1.3871
6.5316,1.3821
6.5321,1.3821
6.5327,1.3871
6.5332,1.3821
6.5338,1.3821
6.5343,1.3871
6.5349,1.3821
6.5354,1.3871
6.5360,1.3821
6.5365,1.3821
6.5370,1.3821
6.5376,1.3821
6.5381,1.3871
6.5387,1.3821
6.5392,1.3821
6.5398,1.3871
6.5403,1.3821
6.5409,1.3871
6.5414,1.3821
6.5420,1.3821
6.5425,1.3821
6.5431,1.3821
6.5436,1.3821
6.5441,1.3821
6.5447,1.3871
6.5452,1.3821
6.5458,1.3871
6.5463,1.3821
6.5469,1.3821
6.5474,1.3821
6.5480,1.3871
6.5485,1.3770
6.5491,1.3821
6.5496,1.3871
6.5501,1.3821
6.5507,1.3821
6.5512,1.3821
6.5518,1.3871
6.5537,1.3770
6.5543,1.3821
6.5548,1.3821
6.5554,1.3821
6.5560,1.3871
6.5566,1.3871
6.5572,1.3821
6.5578,1.3770
6.5583,1.3821
6.5589,1.3821
6.5594,1.3871
6.5600,1.3770
6.5605,1.3770
6.5611,1.3821
6.5616,1.3821
6.5622,1.3770
6.5627,1.3821
6.5633,1.3871
6.5638,1.3821
6.5644,1.3821
6.5649,1.3821
6.5655,1.3821
6.5660,1.3871
6.5666,1.3821
6.5671,1.3821
6.5677,1.3821
6.5682,1.3821
6.5688,1.3821
6.5693,1.3821
6.5699,1.3871
6.5704,1.3821
6.5710,1.3821
6.5715,1.3821
6.5721,1.3821
6.5726,1.3821
6.5732,1.3821
6.5737,1.3770
6.5743,1.3821
6.5748,1.3821
6.5754,1.3821
6.5759,1.3821
6.5765,1.3871
6.5770,1.3821
6.5776,1.3770
6.5781,1.3770
6.5787,1.3821
6.5792,1.3821
6.5798,1.3821
6.5803,1.3871
6.5809,1.3770
6.5814,1.3871
6.5820,1.3821
6.5825,1.3821
6.5831,1.3821
6.5836,1.3821
6.5842,1.3770
6.5847,1.3821
6.5853,1.3770
6.5858,1.3770
6.5864,1.3821
6.5869,1.3821
6.5875,1.3821
6.5880,1.3821
6.5886,1.3871
6.5891,1.3821
6.5897,1.3821
6.5902,1.3770
6.5907,1.3871
6.5913,1.3871
6.5918,1.3821
6.5924,1.3821
6.5929,1.3821
6.5935,1.3821
6.5941,1.3821
6.5946,1.3821
6.5952,1.3871
6.5957,1.3821
6.5962,1.3821
6.5968,1.3770
6.5973,1.3821
6.5979,1.3821
6.5984,1.3821
6.5990,1.3770
6.5995,1.3821
6.6001,1.3770
6.6006,1.3770
6.6012,1.3821
6.6017,1.3821
6.6022,1.3821
6.6028,1.3821
6.6033,1.3770
6.6039,1.3821
6.6044,1.3770
6.6050,1.3821
6.6055,1.3821
6.6061,1.3821
6.6066,1.3821
6.6072,1.3821
6.6077,1.3770
6.6083,1.3770
6.6088,1.3770
6.6093,1.3821
6.6099,1.3821
6.6104,1.3770
6.6110,1.3821
6.6115,1.3821
6.6121,1.3821
6.6126,1.3770
6.6132,1.3770
6.6137,1.3770
6.6143,1.3821
6.6148,1.3770
6.6154,1.3821
6.6159,1.3770
6.6164,1.3821
6.6170,1.3821
6.6175,1.3770
6.6181,1.3770
6.6186,1.3770
6.6192,1.3770
6.6197,1.3770
6.6203,1.3770
6.6208,1.3770
6.6214,1.3770
6.6219,1.3770
6.6225,1.3770
6.6230,1.3821
6.6236,1.3821
6.6242,1.3770
6.6247,1.3770
6.6253,1.3821
6.6258,1.3821
6.6264,1.3720
6.6269,1.3720
6.6275,1.3770
6.6280,1.3720
6.6286,1.3821
6.6291,1.3770
6.6297,1.3770
6.6302,1.3770
6.6308,1.3770
6.6313,1.3770
6.6319,1.3770
6.6324,1.3821
6.6330,1.3770
6.6335,1.3821
6.6341,1.3770
6.6346,1.3770
6.6352,1.3720
6.6357,1.3770
6.6363,1.3821
6.6368,1.3770
6.6374,1.3770
6.6379,1.3770
6.6385,1.3821
6.6390,1.3770
6.6396,1.3770
6.6401,1.3770
6.6407,1.3720
6.6412,1.3770
6.6418,1.3770
6.6423,1.3770
6.6429,1.3770
6.6434,1.3770
6.6440,1.3720
6.6445,1.3770
6.6451,1.3821
6.6456,1.3770
6.6462,1.3770
6.6468,1.3720
6.6473,1.3770
6.6479,1.3770
6.6484,1.3821
6.6490,1.3720
6.6495,1.3720
6.6501,1.3770
6.6506,1.3720
6.6512,1.3770
6.6517,1.3770
6.6523,1.3770
6.6528,1.3720
6.6534,1.3770
6.6539,1.3770
6.6545,1.3770
6.6550,1.3770
6.6556,1.3770
6.6561,1.3770
6.6567,1.3770
6.6572,1.3770
6.6578,1.3770
6.6583,1.3770
6.6589,1.3770
6.6594,1.3770
6.6600,1.3720
6.6605,1.3770
6.6611,1.3770
6.6616,1.3770
6.6622,1.3770
6.6627,1.3720
6.6633,1.3720
6.6639,1.3770
6.6644,1.3821
6.6650,1.3720
6.6655,1.3720
6.6661,1.3720
6.6666,1.3770
6.6672,1.3720
6.6677,1.3720
6.6683,1.3770
6.6688,1.3770
6.6694,1.3770
6.6699,1.3770
6.6705,1.3770
6.6710,1.3720
6.6716,1.3720
6.6721,1.3770
6.6727,1.3770
6.6732,1.3770
6.6738,1.3720
6.6743,1.3770
6.6749,1.3770
6.6754,1.3770
6.6760,1.3770
6.6765,1.3720
6.6771,1.3770
6.6776,1.3720
6.6782,1.3770
6.6787,1.3720
6.6793,1.3720
6.6798,1.3770
6.6804,1.3720
6.6809,1.3720
6.6815,1.3720
6.6820,1.3770
6.6826,1.3770
6.6831,1.3720
6.6837,1.3770
6.6842,1.3720
6.6848,1.3720
6.6853,1.3720
6.6859,1.3720
6.6864,1.3770
6.6870,1.3720
6.6875,1.3720
6.6881,1.3720
6.6886,1.3770
6.6892,1.3720
6.6897,1.3720
6.6903,1.3770
6.6908,1.3720
6.6914,1.3720
6.6919,1.3770
6.6925,1.3720
6.6930,1.3770
6.6936,1.3720
6.6941,1.3720
6.6947,1.3720
6.6952,1.3720
6.6958,1.3669
6.6963,1.3720
6.6969,1.3770
6.6974,1.3720
6.6980,1.3720
6.6985,1.3770
6.6991,1.3669
6.6996,1.3720
6.7002,1.3720
6.7007,1.3720
6.7013,1.3720
6.7018,1.3720
6.7024,1.3720
6.7029,1.3720
6.7035,1.3720
6.7041,1.3720
6.7046,1.3770
6.7052,1.3720
6.7057,1.3720
6.7063,1.3770
6.7068,1.3720
6.7074,1.3720
6.7079,1.3720
6.7085,1.3720
6.7090,1.3669
6.7096,1.3669
6.7101,1.3669
6.7107,1.3720
6.7112,1.3770
6.7118,1.3720
6.7123,1.3720
6.7129,1.3669
6.7134,1.3720
6.7140,1.3720
6.7145,1.3770
6.7151,1.3720
6.7156,1.3720
6.7162,1.3770
6.7167,1.3720
6.7173,1.3720
6.7178,1.3720
6.7184,1.3720
6.7189,1.3720
6.7195,1.3720
6.7200,1.3669
6.7206,1.3720
6.7211,1.3720
6.7217,1.3669
6.7222,1.3720
6.7228,1.3720
6.7233,1.3669
6.7239,1.3720
6.7244,1.3720
6.7250,1.3669
6.7255,1.3720
6.7261,1.3720
6.7266,1.3720
6.7272,1.3720
6.7277,1.3720
6.7283,1.3720
6.7288,1.3720
6.7294,1.3720
6.7299,1.3669
6.7305,1.3720
6.7311,1.3720
6.7317,1.3720
6.7323,1.3669
6.7329,1.3669
6.7335,1.3720
6.7341,1.3669
6.7347,1.3669
6.7353,1.3720
6.7358,1.3669
6.7364,1.3720
6.7369,1.3720
6.7375,1.3669
6.7381,1.3720
6.7386,1.3720
6.7392,1.3669
6.7398,1.3720
6.7403,1.3720
6.7409,1.3720
6.7414,1.3720
6.7420,1.3669
6.7425,1.3720
6.7431,1.3669
6.7436,1.3720
6.7442,1.3669
6.7447,1.3720
6.7453,1.3720
6.7458,1.3720
6.7464,1.3720
6.7470,1.3720
6.7475,1.3720
6.7481,1.3720
6.7487,1.3720
6.7492,1.3669
6.7498,1.3669
6.7504,1.3669
6.7510,1.3720
6.7515,1.3669
6.7521,1.3720
6.7526,1.3669
6.7532,1.3669
6.7538,1.3669
6.7544,1.3669
6.7550,1.3720
6.7555,1.3669
6.7561,1.3669
6.7567,1.3720
6.7572,1.3720
6.7578,1.3669
6.7583,1.3720
6.7589,1.3770
6.7594,1.3720
6.7600,1.3669
6.7605,1.3720
6.7611,1.3669
6.7616,1.3669
6.7622,1.3720
6.7628,1.3720
6.7633,1.3720
6.7639,1.3720
6.7644,1.3720
6.7650,1.3720
6.7656,1.3720
6.7661,1.3720
6.7667,1.3770
6.7672,1.3720
6.7678,1.3720
6.7683,1.3720
6.7689,1.3669
6.7694,1.3720
6.7700,1.3669
6.7705,1.3720
6.7711,1.3720
6.7716,1.3669
6.7722,1.3720
6.7727,1.3669
6.7733,1.3720
6.7738,1.3720
6.7744,1.3720
6.7749,1.3720
6.7755,1.3720
6.7760,1.3669
6.7766,1.3720
6.7771,1.3669
6.7777,1.3669
6.7782,1.3720
6.7788,1.3669
6.7793,1.3720
6.7799,1.3720
6.7804,1.3720
6.7810,1.3669
6.7815,1.3720
6.7821,1.3720
6.7826,1.3720
6.7832,1.3720
6.7838,1.3669
6.7843,1.3720
6.7849,1.3720
6.7854,1.3669
6.7860,1.3720
6.7865,1.3669
6.7871,1.3669
6.7876,1.3669
6.7882,1.3669
6.7887,1.3669
6.7893,1.3720
6.7898,1.3720
6.7904,1.3720
6.7909,1.3669
6.7915,1.3669
6.7920,1.3619
6.7926,1.3669
6.7931,1.3720
6.7937,1.3720
6.7942,1.3720
6.7948,1.3669
6.7953,1.3720
6.7959,1.3669
6.7964,1.3720
6.7970,1.3720
6.7975,1.3669
6.7981,1.3669
6.7986,1.3720
6.7992,1.3720
6.7997,1.3669
6.8003,1.3720
6.8008,1.3720
6.8014,1.3720
6.8019,1.3669
6.8025,1.3720
6.8030,1.3720
6.8036,1.3669
6.8042,1.3720
6.8048,1.3720
6.8053,1.3669
6.8059,1.3669
6.8064,1.3720
6.8070,1.3669
6.8075,1.3720
6.8081,1.3669
6.8086,1.3720
6.8092,1.3669
6.8097,1.3720
6.8103,1.3669
6.8108,1.3669
6.8114,1.3720
6.8119,1.3669
6.8125,1.3720
6.8130,1.3720
6.8136,1.3669
6.8141,1.3720
6.8147,1.3720
6.8152,1.3669
6.8158,1.3669
6.8163,1.3669
6.8169,1.3720
6.8174,1.3669
6.8180,1.3669
6.8185,1.3720
6.8191,1.3669
6.8196,1.3669
6.8202,1.3720
6.8207,1.3669
6.8213,1.3669
6.8218,1.3669
6.8224,1.3720
6.8231,1.3669
6.8236,1.3720
6.8242,1.3669
6.8247,1.3720
6.8253,1.3720
6.8258,1.3669
6.8264,1.3720
6.8269,1.3669
6.8275,1.3669
6.8280,1.3669
6.8285,1.3669
6.8291,1.3669
6.8296,1.3669
6.8302,1.3720
6.8307,1.3669
6.8313,1.3720
6.8318,1.3720
6.8324,1.3720
6.8329,1.3669
6.8334,1.3669
6.8340,1.3669
6.8345,1.3669
6.8351,1.3669
6.8356,1.3669
6.8361,1.3619
6.8367,1.3669
6.8372,1.3669
6.8378,1.3669
6.8383,1.3669
6.8388,1.3669
6.8394,1.3669
6.8399,1.3720
6.8405,1.3720
6.8410,1.3669
6.8416,1.3669
6.8421,1.3669
6.8426,1.3669
6.8432,1.3720
6.8437,1.3720
6.8443,1.3669
6.8448,1.3669
6.8454,1.3669
6.8459,1.3669
6.8464,1.3669
6.8470,1.3669
6.8475,1.3669
6.8481,1.3720
6.8486,1.3669
6.8492,1.3669
6.8497,1.3720
6.8502,1.3669
6.8508,1.3720
6.8513,1.3669
6.8519,1.3669
6.8524,1.3669
6.8530,1.3720
6.8535,1.3669
6.8541,1.3669
6.8546,1.3619
6.8552,1.3669
6.8557,1.3669
6.8563,1.3669
6.8568,1.3669
6.8573,1.3619
6.8579,1.3669
6.8584,1.3619
6.8590,1.3669
6.8595,1.3619
6.8601,1.3720
6.8606,1.3669
6.8611,1.3720
6.8617,1.3720
6.8622,1.3669
6.8628,1.3720
6.8633,1.3669
6.8639,1.3669
6.8644,1.3720
6.8650,1.3669
6.8655,1.3669
6.8660,1.3669
6.8666,1.3669
6.8671,1.3669
6.8677,1.3720
6.8682,1.3619
6.8688,1.3669
6.8693,1.3669
6.8698,1.3669
6.8704,1.3669
6.8709,1.3669
6.8715,1.3669
6.8720,1.3720
6.8726,1.3720
6.8731,1.3619
6.8737,1.3669
6.8742,1.3669
6.8748,1.3720
6.8753,1.3669
6.8759,1.3720
6.8764,1.3669
6.8769,1.3720
6.8775,1.3669
6.8780,1.3720
6.8786,1.3669
6.8791,1.3669
6.8797,1.3720
6.8802,1.3669
6.8808,1.3669
6.8813,1.3669
6.8818,1.3669
6.8824,1.3669
6.8829,1.3669
6.8835,1.3669
6.8840,1.3619
6.8846,1.3669
6.8851,1.3720
6.8857,1.3669
6.8862,1.3669
6.8868,1.3669
6.8873,1.3669
6.8878,1.3669
6.8884,1.3669
6.8889,1.3669
6.8895,1.3669
6.8900,1.3669
6.8906,1.3669
6.8911,1.3669
6.8916,1.3720
6.8922,1.3669
6.8927,1.3669
6.8933,1.3669
6.8938,1.3720
6.8944,1.3720
6.8949,1.3669
6.8955,1.3669
6.8960,1.3770
6.8965,1.3720
6.8971,1.3720
6.8976,1.3669
6.8982,1.3720
6.8987,1.3669
6.8993,1.3669
6.8998,1.3720
6.9004,1.3720
6.9009,1.3720
6.9014,1.3720
6.9020,1.3669
6.9025,1.3669
6.9031,1.3669
6.9036,1.3720
6.9042,1.3720
6.9047,1.3720
6.9053,1.3720
6.9058,1.3720
6.9063,1.3669
6.9069,1.3720
6.9074,1.3720
6.9080,1.3720
6.9085,1.3720
6.9091,1.3720
6.9096,1.3720
6.9101,1.3770
6.9107,1.3720
6.9112,1.3720
6.9118,1.3720
6.9123,1.3720
6.9129,1.3770
6.9134,1.3720
6.9140,1.3720
6.9145,1.3720
6.9150,1.3770
6.9156,1.3720
6.9161,1.3720
6.9167,1.3770
6.9172,1.3770
6.9178,1.3770
6.9183,1.3770
6.9189,1.3770
6.9194,1.3770
6.9199,1.3770
6.9205,1.3770
6.9210,1.3770
6.9216,1.3770
6.9221,1.3821
6.9227,1.3770
6.9233,1.3720
6.9239,1.3770
6.9244,1.3720
6.9250,1.3770
6.9255,1.3770
6.9261,1.3821
6.9266,1.3770
6.9272,1.3720
6.9277,1.3770
6.9283,1.3821
6.9288,1.3770
6.9294,1.3770
6.9299,1.3821
6.9305,1.3770
6.9310,1.3770
6.9316,1.3770
6.9321,1.3821
6.9327,1.3770
6.9332,1.3821
6.9338,1.3821
6.9344,1.3821
6.9349,1.3821
6.9355,1.3821
6.9361,1.3871
6.9367,1.3821
6.9372,1.3821
6.9378,1.3871
6.9383,1.3871
6.9389,1.3821
6.9394,1.3821
6.9400,1.3821
6.9405,1.3821
6.9412,1.3871
6.9418,1.3871
6.9424,1.3871
6.9430,1.3871
6.9436,1.3871
6.9443,1.3871
6.9448,1.3871
6.9454,1.3871
6.9460,1.3871
6.9466,1.3871
6.9478,1.3871
6.9484,1.3921
6.9490,1.3871
6.9496,1.3871
6.9502,1.3821
6.9508,1.3871
6.9514,1.3871
6.9520,1.3921
6.9526,1.3921
6.9531,1.3921
6.9537,1.3871
6.9543,1.3921
6.9549,1.3871
6.9554,1.3921
6.9560,1.3871
6.9565,1.3921
6.9571,1.3972
6.9576,1.3871
6.9582,1.3972
6.9587,1.3921
6.9593,1.3921
6.9598,1.3871
6.9604,1.3921
6.9609,1.3921
6.9615,1.3921
6.9620,1.3921
6.9626,1.3972
6.9631,1.3921
6.9637,1.3921
6.9643,1.3921
6.9650,1.3921
6.9655,1.3921
6.9661,1.3921
6.9666,1.3921
6.9672,1.3921
6.9677,1.3972
6.9683,1.3921
6.9688,1.3921
6.9693,1.3972
6.9699,1.3972
6.9704,1.3972
6.9710,1.3921
6.9715,1.3921
6.9721,1.3921
6.9726,1.3921
6.9731,1.3972
6.9737,1.3972
6.9742,1.3972
6.9748,1.3972
6.9753,1.3972
6.9759,1.3921
6.9764,1.3921
6.9769,1.3972
6.9775,1.3972
6.9780,1.3972
6.9786,1.3972
6.9791,1.3972
6.9797,1.3972
6.9802,1.3972
6.9807,1.3921
6.9813,1.3972
6.9818,1.4022
6.9824,1.3921
6.9829,1.3921
6.9835,1.3921
6.9840,1.3972
6.9845,1.3972
6.9851,1.3972
6.9856,1.3921
6.9862,1.3972
6.9867,1.3921
6.9873,1.3972
6.9878,1.3972
6.9883,1.3921
6.9889,1.3972
6.9894,1.3972
6.9900,1.3972
6.9905,1.3921
6.9911,1.3921
6.9916,1.3921
6.9921,1.3972
6.9927,1.3921
6.9932,1.3972
6.9938,1.3972
6.9943,1.3921
6.9949,1.4022
6.9954,1.3972
6.9960,1.3972
6.9965,1.4022
6.9970,1.4022
6.9976,1.3972
6.9981,1.3972
6.9987,1.3972
6.9992,1.3972
6.9998,1.3972
7.0003,1.4022
7.0008,1.3921
7.0014,1.3972
7.0019,1.3921
7.0025,1.4022
7.0030,1.3972
7.0036,1.3972
7.0041,1.3972
7.0047,1.3972
7.0052,1.3972
7.0057,1.3972
7.0063,1.3972
7.0068,1.3972
7.0074,1.4022
7.0079,1.3972
7.0085,1.3972
7.0090,1.3972
7.0095,1.3972
7.0101,1.4022
7.0106,1.4022
7.0112,1.3972
7.0117,1.4022
7.0123,1.4022
7.0128,1.3972
7.0133,1.3972
7.0139,1.3972
7.0144,1.3972
7.0150,1.3921
7.0156,1.3972
7.0161,1.3972
7.0166,1.4022
7.0172,1.4022
7.0177,1.3972
7.0183,1.4022
7.0188,1.3972
7.0194,1.3972
7.0199,1.3972
7.0204,1.4022
7.0210,1.4022
7.0215,1.4022
7.0221,1.4022
7.0226,1.3972
7.0232,1.3972
7.0237,1.4022
7.0243,1.3972
7.0248,1.3921
7.0254,1.4022
7.0259,1.4022
7.0264,1.3972
7.0270,1.4022
7.0275,1.3972
7.0280,1.4022
7.0286,1.4022
7.0291,1.3972
7.0297,1.4022
7.0302,1.4022
7.0307,1.3972
7.0313,1.4022
7.0318,1.4022
7.0323,1.3972
7.0329,1.3972
7.0334,1.4022
7.0340,1.3972
7.0345,1.4022
7.0350,1.3972
7.0356,1.3972
7.0361,1.4022
7.0367,1.4022
7.0372,1.4022
7.0377,1.4022
7.0383,1.3972
7.0388,1.4022
7.0394,1.3972
7.0399,1.4022
7.0404,1.4022
7.0410,1.3921
7.0415,1.3972
7.0421,1.4022
7.0426,1.3972
7.0432,1.3972
7.0437,1.3972
7.0442,1.3972
7.0448,1.4022
7.0453,1.4022
7.0459,1.4022
7.0464,1.4073
7.0469,1.3972
7.0475,1.4022
7.0480,1.4022
7.0486,1.4022
7.0491,1.4022
7.0496,1.4022
7.0502,1.4022
7.0507,1.4022
7.0513,1.4022
7.0518,1.4022
7.0523,1.4022
7.0529,1.3972
7.0534,1.4022
7.0540,1.3921
7.0545,1.3972
7.0550,1.3972
7.0556,1.3972
7.0561,1.3972
7.0567,1.3972
7.0572,1.3972
7.0577,1.3972
7.0583,1.3972
7.0588,1.4022
7.0594,1.3972
7.0599,1.3972
7.0605,1.3921
7.0610,1.4022
7.0615,1.3972
7.0621,1.4022
7.0626,1.3972
7.0632,1.3972
7.0637,1.3972
7.0642,1.3972
7.0648,1.3972
7.0653,1.3972
7.0659,1.3972
7.0664,1.4022
7.0669,1.3972
7.0675,1.4022
7.0680,1.4022
7.0686,1.3972
7.0691,1.3972
7.0696,1.4022
7.0702,1.4022
7.0707,1.3972
7.0713,1.3972
7.0718,1.3972
7.0723,1.3972
7.0729,1.3972
7.0734,1.3972
7.0740,1.3972
7.0745,1.3972
7.0750,1.3972
7.0756,1.3972
7.0761,1.4022
7.0767,1.4022
7.0772,1.3972
7.0777,1.3972
7.0783,1.4022
7.0788,1.3972
7.0794,1.3972
7.0799,1.3972
7.0804,1.3972
7.0810,1.3972
7.0815,1.3972
7.0821,1.3972
7.0826,1.4022
7.0831,1.3972
7.0837,1.3972
7.0843,1.4022
7.0848,1.3972
7.0853,1.3921
7.0859,1.4022
7.0864,1.3972
7.0870,1.3972
7.0875,1.4022
7.0880,1.3972
7.0886,1.3972
7.0891,1.3972
7.0897,1.3921
7.0902,1.3972
7.0907,1.3972
7.0913,1.4022
7.0918,1.3972
7.0924,1.3972
7.0929,1.3921
7.0935,1.3972
7.0940,1.3972
7.0946,1.3972
7.0951,1.3921
7.0957,1.3972
7.0962,1.3921
7.0967,1.3921
7.0973,1.3972
7.0978,1.3921
7.0984,1.3972
7.0989,1.3972
7.0994,1.3972
7.1000,1.3972
7.1005,1.3921
7.1011,1.3972
7.1016,1.3921
7.1021,1.3921
7.1027,1.3921
7.1032,1.3972
7.1038,1.3921
7.1043,1.3972
7.1049,1.3921
7.1054,1.3921
7.1059,1.3921
7.1065,1.3921
7.1070,1.3972
7.1076,1.3972
7.1081,1.3871
7.1086,1.3972
7.1092,1.3972
7.1097,1.3921
7.1102,1.3921
7.1108,1.3921
7.1113,1.3972
7.1119,1.3921
7.1124,1.3921
7.1130,1.3921
7.1135,1.3921
7.1140,1.3972
7.1146,1.3921
7.1151,1.3921
7.1157,1.3972
7.1162,1.3921
7.1167,1.3921
7.1173,1.3921
7.1178,1.3921
7.1184,1.3921
7.1189,1.3871
7.1194,1.3921
7.1200,1.3921
7.1205,1.3921
7.1211,1.3871
7.1216,1.3921
7.1221,1.3921
7.1227,1.3871
7.1232,1.3921
7.1238,1.3921
7.1244,1.3972
7.1250,1.3921
7.1255,1.3921
7.1260,1.3921
7.1266,1.3921
7.1271,1.3921
7.1277,1.3921
7.1282,1.3871
7.1288,1.3921
7.1293,1.3921
7.1299,1.3921
7.1304,1.3921
7.1310,1.3871
7.1315,1.3921
7.1321,1.3921
7.1326,1.3921
7.1332,1.3871
7.1337,1.3921
7.1342,1.3871
7.1348,1.3821
7.1353,1.3921
7.1359,1.3871
7.1364,1.3871
7.1370,1.3921
7.1375,1.3871
7.1381,1.3871
7.1386,1.3921
7.1392,1.3871
7.1397,1.3871
7.1403,1.3921
7.1408,1.3871
7.1413,1.3871
7.1419,1.3871
7.1424,1.3871
7.1430,1.3921
7.1436,1.3871
7.1441,1.3871
7.1447,1.3871
7.1452,1.3921
7.1457,1.3821
7.1463,1.3871
7.1468,1.3921
7.1474,1.3821
7.1479,1.3871
7.1485,1.3921
7.1490,1.3871
7.1496,1.3871
7.1501,1.3871
7.1507,1.3871
7.1512,1.3871
7.1518,1.3871
7.1523,1.3871
7.1529,1.3871
7.1534,1.3871
7.1540,1.3871
7.1545,1.3871
7.1551,1.3821
7.1556,1.3871
7.1562,1.3821
7.1567,1.3821
7.1572,1.3871
7.1578,1.3821
7.1583,1.3821
7.1589,1.3871
7.1594,1.3821
7.1600,1.3871
7.1605,1.3821
7.1611,1.3871
7.1616,1.3821
7.1622,1.3921
7.1627,1.3871
7.1633,1.3821
7.1638,1.3871
7.1644,1.3871
7.1649,1.3871
7.1654,1.3871
7.1660,1.3871
7.1665,1.3871
7.1671,1.3921
7.1676,1.3821
7.1682,1.3871
7.1687,1.3871
7.1693,1.3821
7.1698,1.3871
7.1704,1.3871
7.1709,1.3871
7.1715,1.3871
7.1720,1.3871
7.1725,1.3871
7.1731,1.3871
7.1736,1.3871
7.1742,1.3871
7.1747,1.3871
7.1753,1.3821
7.1758,1.3871
7.1764,1.3821
7.1769,1.3821
7.1775,1.3821
7.1780,1.3871
7.1786,1.3871
7.1791,1.3821
7.1796,1.3871
7.1802,1.3871
7.1807,1.3871
7.1813,1.3821
7.1818,1.3871
7.1824,1.3871
7.1829,1.3821
7.1835,1.3821
7.1840,1.3821
7.1846,1.3871
7.1851,1.3871
7.1857,1.3821
7.1862,1.3821
7.1867,1.3821
7.1873,1.3871
7.1878,1.3871
7.1884,1.3871
7.1889,1.3821
7.1895,1.3821
7.1900,1.3871
7.1906,1.3871
7.1911,1.3871
7.1917,1.3871
7.1922,1.3871
7.1928,1.3871
7.1933,1.3821
7.1938,1.3871
7.1944,1.3871
7.1949,1.3821
7.1955,1.3871
7.1960,1.3871
7.1966,1.3871
7.1971,1.3821
7.1977,1.3821
7.1982,1.3871
7.1988,1.3821
7.1993,1.3871
7.1998,1.3821
7.2004,1.3821
7.2009,1.3821
7.2015,1.3871
7.2020,1.3821
7.2026,1.3871
7.2031,1.3871
7.2037,1.3871
7.2042,1.3871
7.2048,1.3821
7.2053,1.3821
7.2059,1.3871
7.2064,1.3821
7.2070,1.3871
7.2075,1.3821
7.2080,1.3871
7.2086,1.3871
7.2091,1.3821
7.2097,1.3871
7.2102,1.3871
7.2108,1.3871
7.2113,1.3871
7.2119,1.3871
7.2124,1.3871
7.2130,1.3871
7.2135,1.3871
7.2141,1.3871
7.2146,1.3871
7.2152,1.3871
7.2157,1.3821
7.2163,1.3821
7.2168,1.3871
7.2174,1.3871
7.2179,1.3821
7.2185,1.3871
7.2190,1.3871
7.2196,1.3871
7.2201,1.3871
7.2207,1.3821
7.2212,1.3871
7.2217,1.3770
7.2223,1.3871
7.2229,1.3821
7.2234,1.3871
7.2240,1.3871
7.2245,1.3770
7.2251,1.3821
7.2256,1.3871
7.2262,1.3821
7.2267,1.3821
7.2273,1.3871
7.2278,1.3821
7.2284,1.3821
7.2289,1.3821
7.2294,1.3821
7.2303,1.3871
7.2309,1.3821
7.2337,1.3821
7.2343,1.3871
7.2349,1.3871
7.2355,1.3871
7.2361,1.3871
7.2366,1.3871
7.2372,1.3821
7.2377,1.3871
7.2383,1.3821
7.2389,1.3871
7.2395,1.3871
7.2400,1.3821
7.2406,1.3871
7.2411,1.3821
7.2417,1.3871
7.2422,1.3871
7.2428,1.3871
7.2433,1.3871
7.2439,1.3871
7.2444,1.3871
7.2450,1.3871
7.2456,1.3871
7.2461,1.3821
7.2467,1.3821
7.2472,1.3821
7.2478,1.3871
7.2484,1.3871
7.2490,1.3821
7.2495,1.3871
7.2501,1.3871
7.2507,1.3871
7.2512,1.3871
7.2518,1.3871
7.2524,1.3821
7.2529,1.3821
7.2536,1.3821
7.2542,1.3821
7.2548,1.3871
7.2554,1.3921
7.2559,1.3871
7.2565,1.3821
7.2570,1.3821
7.2576,1.3871
7.2581,1.3770
7.2587,1.3871
7.2592,1.3871
7.2598,1.3821
7.2604,1.3821
7.2609,1.3821
7.2615,1.3821
7.2620,1.3821
7.2626,1.3871
7.2631,1.3821
7.2637,1.3821
7.2642,1.3871
7.2648,1.3871
7.2653,1.3821
7.2659,1.3821
7.2664,1.3821
7.2670,1.3821
7.2675,1.3770
7.2681,1.3871
7.2686,1.3871
7.2692,1.3821
7.2697,1.3871
7.2702,1.3821
7.2708,1.3821
7.2713,1.3821
7.2719,1.3821
7.2724,1.3821
7.2730,1.3871
7.2736,1.3821
7.2741,1.3821
7.2747,1.3871
7.2752,1.3821
7.2757,1.3871
7.2763,1.3871
7.2768,1.3871
7.2774,1.3821
7.2779,1.3871
7.2785,1.3821
7.2790,1.3821
7.2796,1.3821
7.2801,1.3871
7.2807,1.3770
7.2812,1.3821
7.2818,1.3821
7.2823,1.3821
7.2829,1.3821
7.2834,1.3871
7.2839,1.3821
7.2845,1.3821
7.2850,1.3821
7.2856,1.3871
7.2861,1.3821
7.2867,1.3821
7.2872,1.3821
7.2878,1.3821
7.2883,1.3821
7.2889,1.3821
7.2894,1.3871
7.2900,1.3821
7.2905,1.3821
7.2910,1.3871
7.2916,1.3871
7.2921,1.3821
7.2927,1.3821
7.2932,1.3871
7.2938,1.3871
7.2943,1.3821
7.2949,1.3821
7.2955,1.3821
7.2960,1.3821
7.2966,1.3821
7.2971,1.3821
7.2977,1.3821
7.2982,1.3821
7.2988,1.3821
7.2993,1.3821
7.2999,1.3821
7.3004,1.3871
7.3010,1.3871
7.3015,1.3821
7.3021,1.3871
7.3026,1.3871
7.3032,1.3821
7.3037,1.3821
7.3043,1.3821
7.3048,1.3821
7.3054,1.3821
7.3059,1.3821
7.3065,1.3821
7.3070,1.3821
7.3076,1.3821
7.3081,1.3821
7.3087,1.3821
7.3092,1.3821
7.3098,1.3770
7.3103,1.3821
7.3109,1.3821
7.3114,1.3770
7.3120,1.3821
7.3125,1.3871
7.3131,1.3821
7.3136,1.3821
7.3142,1.3821
7.3147,1.3770
7.3153,1.3871
7.3158,1.3871
7.3164,1.3770
7.3169,1.3871
7.3175,1.3821
7.3180,1.3821
7.3186,1.3821
7.3191,1.3821
7.3197,1.3821
7.3202,1.3821
7.3207,1.3821
7.3213,1.3821
7.3218,1.3821
7.3224,1.3821
7.3229,1.3871
7.3235,1.3821
7.3240,1.3821
7.3246,1.3770
7.3253,1.3821
7.3258,1.3770
7.3264,1.3821
7.3269,1.3821
7.3274,1.3821
7.3280,1.3821
7.3285,1.3770
7.3291,1.3821
7.3296,1.3871
7.3302,1.3770
7.3307,1.3770
7.3313,1.3821
7.3318,1.3770
7.3323,1.3770
7.3329,1.3770
7.3334,1.3821
7.3340,1.3770
7.3345,1.3821
7.3351,1.3821
7.3356,1.3770
7.3361,1.3770
7.3367,1.3770
7.3372,1.3770
7.3378,1.3821
7.3383,1.3821
7.3389,1.3770
7.3394,1.3821
7.3399,1.3770
7.3405,1.3821
7.3410,1.3770
7.3416,1.3770
7.3421,1.3770
7.3427,1.3770
7.3432,1.3770
7.3438,1.3720
7.3443,1.3821
7.3448,1.3770
7.3454,1.3821
7.3459,1.3770
7.3465,1.3770
7.3470,1.3770
7.3476,1.3770
7.3481,1.3770
7.3486,1.3821
7.3492,1.3821
7.3497,1.3770
7.3503,1.3770
7.3508,1.3770
7.3514,1.3770
7.3519,1.3821
7.3525,1.3770
7.3530,1.3821
7.3535,1.3770
7.3541,1.3821
7.3546,1.3770
7.3552,1.3720
7.3557,1.3770
7.3562,1.3720
7.3568,1.3770
7.3573,1.3821
7.3579,1.3770
7.3584,1.3770
7.3589,1.3770
7.3595,1.3770
7.3600,1.3770
7.3606,1.3821
7.3611,1.3770
7.3617,1.3770
7.3622,1.3720
7.3628,1.3821
7.3633,1.3770
7.3638,1.3770
7.3644,1.3770
7.3650,1.3770
7.3655,1.3770
7.3660,1.3770
7.3666,1.3720
7.3671,1.3770
7.3677,1.3821
7.3682,1.3770
7.3687,1.3770
7.3693,1.3720
7.3698,1.3770
7.3704,1.3770
7.3709,1.3770
7.3714,1.3770
7.3720,1.3720
7.3725,1.3770
7.3731,1.3770
7.3736,1.3770
7.3741,1.3770
7.3747,1.3770
7.3752,1.3770
7.3758,1.3720
7.3763,1.3770
7.3768,1.3720
7.3774,1.3770
7.3779,1.3720
7.3785,1.3770
7.3790,1.3720
7.3795,1.3770
7.3801,1.3770
7.3806,1.3720
7.3812,1.3770
7.3817,1.3770
7.3822,1.3770
7.3828,1.3770
7.3833,1.3770
7.3839,1.3720
7.3844,1.3770
7.3849,1.3720
7.3855,1.3720
7.3860,1.3770
7.3866,1.3770
7.3871,1.3720
7.3876,1.3770
7.3882,1.3770
7.3887,1.3720
7.3893,1.3770
7.3898,1.3770
7.3903,1.3770
7.3909,1.3770
7.3914,1.3720
7.3920,1.3720
7.3925,1.3770
7.3930,1.3720
7.3936,1.3770
7.3941,1.3770
7.3947,1.3720
7.3952,1.3720
7.3958,1.3720
7.3963,1.3720
7.3969,1.3720
7.3974,1.3770
7.3979,1.3770
7.3985,1.3720
7.3990,1.3770
7.3996,1.3720
7.4001,1.3770
7.4007,1.3720
7.4012,1.3720
7.4017,1.3770
7.4023,1.3770
7.4028,1.3720
7.4034,1.3720
7.4039,1.3720
7.4045,1.3720
7.4050,1.3720
7.4056,1.3720
7.4061,1.3770
7.4066,1.3720
7.4072,1.3770
7.4077,1.3720
7.4083,1.3720
7.4088,1.3669
7.4094,1.3720
7.4099,1.3770
7.4104,1.3720
7.4110,1.3720
7.4115,1.3770
7.4121,1.3720
7.4126,1.3770
7.4132,1.3770
7.4137,1.3770
7.4142,1.3720
7.4148,1.3720
7.4153,1.3720
7.4159,1.3720
7.4164,1.3770
7.4170,1.3720
7.4175,1.3720
7.4181,1.3770
7.4186,1.3720
7.4191,1.3720
7.4197,1.3770
7.4202,1.3720
7.4208,1.3720
7.4213,1.3720
7.4219,1.3720
7.4224,1.3770
7.4229,1.3770
7.4235,1.3720
7.4240,1.3669
7.4246,1.3720
7.4251,1.3720
7.4258,1.3720
7.4263,1.3720
7.4269,1.3770
7.4274,1.3720
7.4280,1.3720
7.4285,1.3720
7.4291,1.3720
7.4296,1.3720
7.4302,1.3720
7.4307,1.3720
7.4313,1.3720
7.4318,1.3720
7.4324,1.3720
7.4329,1.3720
7.4335,1.3669
7.4341,1.3720
7.4347,1.3720
7.4353,1.3720
7.4358,1.3720
7.4364,1.3720
7.4369,1.3720
7.4375,1.3720
7.4380,1.3720
7.4386,1.3770
7.4391,1.3770
7.4397,1.3720
7.4402,1.3770
7.4408,1.3720
7.4413,1.3770
7.4419,1.3720
7.4424,1.3720
7.4430,1.3720
7.4435,1.3720
7.4441,1.3720
7.4446,1.3720
7.4452,1.3720
7.4457,1.3720
7.4463,1.3720
7.4468,1.3720
7.4474,1.3720
7.4479,1.3720
7.4485,1.3770
7.4490,1.3669
7.4496,1.3720
7.4501,1.3669
7.4506,1.3720
7.4512,1.3720
7.4517,1.3720
7.4523,1.3720
7.4528,1.3720
7.4534,1.3720
7.4539,1.3720
7.4545,1.3720
7.4550,1.3720
7.4556,1.3720
7.4561,1.3619
7.4567,1.3720
7.4572,1.3770
7.4578,1.3720
7.4583,1.3669
7.4589,1.3720
7.4594,1.3720
7.4600,1.3669
7.4605,1.3669
7.4611,1.3669
7.4616,1.3720
7.4622,1.3669
7.4627,1.3669
7.4633,1.3720
7.4638,1.3669
7.4644,1.3720
7.4649,1.3669
7.4655,1.3720
7.4660,1.3669
7.4666,1.3720
7.4671,1.3669
7.4677,1.3720
7.4682,1.3669
7.4688,1.3720
7.4693,1.3720
7.4699,1.3669
7.4704,1.3720
7.4710,1.3720
7.4715,1.3669
7.4721,1.3720
7.4726,1.3720
7.4732,1.3720
7.4737,1.3720
7.4743,1.3720
7.4748,1.3669
7.4754,1.3720
7.4759,1.3720
7.4765,1.3720
7.4770,1.3720
7.4776,1.3669
7.4781,1.3669
7.4787,1.3669
7.4792,1.3619
7.4798,1.3720
7.4803,1.3669
7.4809,1.3720
7.4814,1.3720
7.4820,1.3669
7.4825,1.3720
7.4831,1.3669
7.4836,1.3669
7.4842,1.3720
7.4847,1.3669
7.4853,1.3720
7.4858,1.3720
7.4864,1.3720
7.4869,1.3720
7.4875,1.3720
7.4880,1.3720
7.4886,1.3720
7.4891,1.3669
7.4897,1.3720
7.4902,1.3720
7.4908,1.3669
7.4913,1.3669
7.4919,1.3720
7.4924,1.3669
7.4930,1.3720
7.4935,1.3669
7.4941,1.3720
7.4947,1.3720
7.4952,1.3669
7.4958,1.3669
7.4963,1.3720
7.4969,1.3720
7.4974,1.3720
7.4980,1.3720
7.4985,1.3669
7.4991,1.3720
7.4996,1.3669
7.5002,1.3720
7.5007,1.3720
7.5013,1.3720
7.5018,1.3720
7.5024,1.3669
7.5029,1.3669
7.5035,1.3669
7.5041,1.3720
7.5046,1.3720
7.5052,1.3720
7.5057,1.3669
7.5063,1.3720
7.5068,1.3669
7.5073,1.3720
7.5079,1.3720
7.5084,1.3720
7.5090,1.3669
7.5096,1.3669
7.5101,1.3669
7.5107,1.3619
7.5112,1.3669
7.5118,1.3669
7.5123,1.3669
7.5128,1.3669
7.5134,1.3720
7.5139,1.3669
7.5145,1.3669
7.5150,1.3720
7.5156,1.3720
7.5161,1.3720
7.5167,1.3720
7.5172,1.3669
7.5178,1.3720
7.5183,1.3720
7.5189,1.3669
7.5194,1.3720
7.5200,1.3669
7.5205,1.3720
7.5211,1.3669
7.5216,1.3720
7.5222,1.3669
7.5227,1.3720
7.5233,1.3669
7.5238,1.3720
7.5244,1.3669
7.5249,1.3669
7.5255,1.3669
7.5260,1.3669
7.5266,1.3669
7.5272,1.3669
7.5277,1.3669
7.5283,1.3669
7.5288,1.3669
7.5294,1.3669
7.5299,1.3720
7.5305,1.3619
7.5310,1.3720
7.5316,1.3720
7.5321,1.3720
7.5327,1.3720
7.5332,1.3669
7.5338,1.3720
7.5343,1.3720
7.5349,1.3720
7.5354,1.3720
7.5360,1.3669
7.5365,1.3669
7.5371,1.3619
7.5376,1.3669
7.5382,1.3669
7.5387,1.3669
7.5393,1.3720
7.5399,1.3669
7.5405,1.3720
7.5411,1.3720
7.5417,1.3669
7.5423,1.3720
7.5429,1.3669
7.5437,1.3669
7.5443,1.3770
7.5448,1.3669
7.5455,1.3720
7.5460,1.3720
7.5466,1.3720
7.5472,1.3720
7.5478,1.3619
7.5483,1.3720
7.5489,1.3720
7.5495,1.3669
7.5511,1.3619
7.5517,1.3669
7.5524,1.3669
7.5530,1.3720
7.5537,1.3720
7.5543,1.3669
7.5549,1.3669
7.5555,1.3619
7.5560,1.3720
7.5566,1.3669
7.5572,1.3669
7.5577,1.3720
7.5583,1.3669
7.5588,1.3669
7.5594,1.3720
7.5599,1.3669
7.5605,1.3669
7.5610,1.3669
7.5616,1.3669
7.5622,1.3720
7.5627,1.3720
7.5633,1.3669
7.5639,1.3720
7.5644,1.3720
7.5650,1.3669
7.5656,1.3720
7.5662,1.3669
7.5676,1.3720
7.5682,1.3720
7.5687,1.3669
7.5693,1.3619
7.5699,1.3669
7.5704,1.3669
7.5710,1.3720
7.5716,1.3720
7.5722,1.3720
7.5727,1.3720
7.5733,1.3669
7.5738,1.3720
7.5744,1.3669
7.5749,1.3720
7.5755,1.3669
7.5761,1.3720
7.5766,1.3720
7.5772,1.3720
7.5778,1.3669
7.5783,1.3669
7.5789,1.3720
7.5795,1.3720
7.5800,1.3669
7.5806,1.3720
7.5812,1.3669
7.5817,1.3669
7.5823,1.3669
7.5828,1.3669
7.5834,1.3720
7.5840,1.3720
7.5845,1.3720
7.5851,1.3669
7.5857,1.3720
7.5862,1.3720
7.5868,1.3720
7.5873,1.3720
7.5879,1.3720
7.5885,1.3720
7.5890,1.3720
7.5896,1.3720
7.5901,1.3720
7.5907,1.3720
7.5912,1.3720
7.5918,1.3720
7.5923,1.3720
7.5929,1.3720
7.5935,1.3669
7.5940,1.3770
7.5946,1.3720
7.5951,1.3770
7.5957,1.3720
7.5963,1.3720
7.5968,1.3720
7.5974,1.3720
7.5979,1.3770
7.5985,1.3770
7.5990,1.3720
7.5996,1.3770
7.6001,1.3770
7.6007,1.3770
7.6013,1.3720
7.6018,1.3770
7.6024,1.3770
7.6029,1.3720
7.6035,1.3821
7.6040,1.3720
7.6046,1.3770
7.6051,1.3770
7.6057,1.3770
7.6062,1.3770
7.6068,1.3770
7.6074,1.3821
7.6079,1.3770
7.6085,1.3821
7.6090,1.3770
7.6096,1.3821
7.6101,1.3821
7.6107,1.3770
7.6112,1.3770
7.6118,1.3821
7.6123,1.3770
7.6129,1.3821
7.6134,1.3821
7.6140,1.3821
7.6145,1.3821
7.6151,1.3821
7.6156,1.3821
7.6162,1.3821
7.6167,1.3821
7.6172,1.3871
7.6178,1.3871
7.6183,1.3821
7.6189,1.3871
7.6194,1.3821
7.6200,1.3871
7.6205,1.3821
7.6211,1.3871
7.6216,1.3821
7.6222,1.3871
7.6227,1.3871
7.6232,1.3871
7.6238,1.3871
7.6243,1.3871
7.6249,1.3871
7.6254,1.3871
7.6260,1.3871
7.6265,1.3871
7.6272,1.3871
7.6278,1.3871
7.6283,1.3871
7.6288,1.3871
7.6294,1.3871
7.6299,1.3871
7.6304,1.3921
7.6310,1.3921
7.6315,1.3871
7.6321,1.3921
7.6326,1.3921
7.6331,1.3871
7.6337,1.3871
7.6342,1.3871
7.6347,1.3871
7.6353,1.3921
7.6358,1.3921
7.6363,1.3921
7.6369,1.3921
7.6374,1.3972
7.6379,1.3921
7.6385,1.3972
7.6390,1.3921
7.6396,1.3921
7.6401,1.3921
7.6406,1.3871
7.6412,1.3921
7.6417,1.3921
7.6422,1.3921
7.6428,1.3972
7.6433,1.3972
7.6438,1.3972
7.6444,1.3972
7.6449,1.3921
7.6455,1.3921
7.6460,1.3921
7.6465,1.3972
7.6471,1.3921
7.6476,1.3921
7.6482,1.3972
7.6487,1.3921
7.6492,1.3972
7.6498,1.3972
7.6503,1.3972
7.6508,1.3921
7.6514,1.3972
7.6519,1.3972
7.6525,1.3972
7.6530,1.3972
7.6535,1.3972
7.6541,1.3972
7.6546,1.3921
7.6552,1.3972
7.6557,1.3972
7.6562,1.4022
7.6568,1.3972
7.6573,1.3972
7.6578,1.3972
7.6584,1.3972
7.6589,1.3972
7.6594,1.3972
7.6600,1.3972
7.6605,1.3972
7.6611,1.3972
7.6616,1.3972
7.6621,1.3972
7.6627,1.3972
7.6632,1.3972
7.6637,1.3972
7.6643,1.3972
7.6648,1.4022
7.6653,1.3972
7.6659,1.4022
7.6664,1.3972
7.6669,1.3972
7.6675,1.3972
7.6680,1.3972
7.6686,1.3972
7.6691,1.4022
7.6696,1.4022
7.6702,1.3972
7.6707,1.3972
7.6712,1.3972
7.6718,1.4022
7.6723,1.4022
7.6728,1.3972
7.6734,1.4022
7.6739,1.3972
7.6745,1.4022
7.6750,1.4022
7.6755,1.3972
7.6761,1.3972
7.6766,1.4022
7.6771,1.4022
7.6777,1.4073
7.6782,1.4022
7.6787,1.3972
7.6793,1.4073
7.6798,1.4022
7.6803,1.3972
7.6809,1.4073
7.6814,1.4022
7.6820,1.3972
7.6825,1.4022
7.6830,1.3972
7.6836,1.4022
7.6841,1.4022
7.6846,1.3972
7.6852,1.4022
7.6857,1.4022
7.6863,1.3972
7.6868,1.4022
7.6873,1.4022
7.6879,1.4022
7.6884,1.4022
7.6890,1.4022
7.6895,1.4022
7.6900,1.4022
7.6906,1.4022
7.6911,1.4022
7.6916,1.4022
7.6922,1.4022
7.6927,1.3972
7.6933,1.4022
7.6938,1.4022
7.6943,1.4022
7.6949,1.4022
7.6954,1.4022
7.6960,1.4022
7.6965,1.4073
7.6970,1.4022
7.6976,1.4022
7.6981,1.4022
7.6987,1.4022
7.6992,1.4022
7.6997,1.4022
7.7003,1.4022
7.7008,1.4073
7.7013,1.4022
7.7019,1.3972
7.7024,1.4073
7.7030,1.4073
7.7035,1.4022
7.7040,1.3972
7.7046,1.4022
7.7051,1.4022
7.7057,1.4022
7.7062,1.4073
7.7067,1.4073
7.7073,1.4022
7.7078,1.4022
7.7083,1.4022
7.7089,1.4022
7.7094,1.4022
7.7100,1.4022
7.7105,1.4022
7.7110,1.4073
7.7116,1.4022
7.7121,1.4022
7.7127,1.4022
7.7132,1.4022
7.7137,1.4073
7.7143,1.4022
7.7148,1.4022
7.7153,1.4073
7.7159,1.4073
7.7164,1.4073
7.7170,1.4073
7.7175,1.4022
7.7181,1.4022
7.7186,1.4022
7.7191,1.3972
7.7197,1.4073
7.7202,1.4022
7.7208,1.4022
7.7213,1.4022
7.7218,1.4073
7.7224,1.4073
7.7229,1.4073
7.7234,1.4022
7.7240,1.3972
7.7245,1.4073
7.7251,1.4022
7.7256,1.4022
7.7261,1.4022
7.7267,1.4022
7.7272,1.4022
7.7278,1.4022
7.7284,1.4022
7.7289,1.4073
7.7295,1.4022
7.7300,1.4022
7.7309,1.4022
7.7315,1.4022
7.7321,1.3972
7.7327,1.4073
7.7333,1.4073
7.7339,1.4022
7.7345,1.4073
7.7351,1.3972
7.7357,1.4073
7.7363,1.4073
7.7368,1.4022
7.7374,1.4022
7.7380,1.4022
7.7386,1.4022
7.7391,1.4022
7.7397,1.3972
7.7403,1.4022
7.7408,1.4022
7.7414,1.4022
7.7419,1.4073
7.7425,1.4022
7.7430,1.4073
7.7436,1.4073
7.7441,1.4022
7.7447,1.4073
7.7452,1.4073
7.7458,1.4022
7.7464,1.4022
7.7469,1.4022
7.7475,1.4022
7.7481,1.4022
7.7486,1.4022
7.7492,1.4022
7.7498,1.4073
7.7503,1.4022
7.7509,1.4022
7.7515,1.4022
7.7521,1.4022
7.7526,1.4022
7.7532,1.4022
7.7538,1.3972
7.7544,1.4073
7.7549,1.4022
7.7555,1.4022
7.7561,1.4022
7.7566,1.4022
7.7572,1.4022
7.7578,1.4022
7.7583,1.4022
7.7589,1.4022
7.7594,1.4022
7.7599,1.4073
7.7605,1.3972
7.7610,1.4022
7.7616,1.4022
7.7621,1.4022
7.7627,1.4073
7.7632,1.4022
7.7638,1.4022
7.7643,1.4073
7.7649,1.4022
7.7654,1.3972
7.7660,1.4022
7.7666,1.4022
7.7671,1.4022
7.7677,1.4022
7.7682,1.4022
7.7688,1.4022
7.7693,1.4073
7.7699,1.3972
7.7704,1.4022
7.7710,1.4022
7.7715,1.3972
7.7721,1.4022
7.7726,1.3972
7.7732,1.4022
7.7737,1.4022
7.7743,1.4022
7.7748,1.3972
7.7754,1.3972
7.7759,1.4022
7.7765,1.3972
7.7770,1.4022
7.7776,1.3972
7.7781,1.4022
7.7787,1.4022
7.7792,1.3972
7.7798,1.4022
7.7803,1.4022
7.7809,1.4022
7.7814,1.3972
7.7820,1.4022
7.7826,1.4022
7.7831,1.3972
7.7837,1.3972
7.7842,1.4073
7.7848,1.3972
7.7853,1.4022
7.7859,1.3972
7.7864,1.3972
7.7870,1.4022
7.7876,1.3972
7.7881,1.4022
7.7887,1.4022
7.7892,1.4022
7.7898,1.3972
7.7903,1.4022
7.7909,1.3972
7.7914,1.3972
7.7920,1.4022
7.7925,1.3972
7.7931,1.3972
7.7936,1.3972
7.7942,1.3972
7.7947,1.4022
7.7953,1.3972
7.7958,1.3972
7.7964,1.3972
7.7969,1.4022
7.7975,1.3921
7.7980,1.3972
7.7985,1.3972
7.7991,1.3972
7.7996,1.3972
7.8002,1.3972
7.8007,1.3972
7.8013,1.3972
7.8018,1.3972
7.8024,1.3972
7.8029,1.3972
7.8035,1.3972
7.8040,1.4022
7.8046,1.3972
7.8051,1.3972
7.8057,1.3972
7.8062,1.3972
7.8068,1.3972
7.8073,1.3972
7.8079,1.3972
7.8084,1.3972
7.8090,1.3972
7.8095,1.3972
7.8101,1.3972
7.8106,1.3972
7.8112,1.3972
7.8117,1.3972
7.8123,1.3972
7.8128,1.3972
7.8134,1.3972
7.8139,1.3972
7.8145,1.3972
7.8150,1.3972
7.8156,1.3921
7.8161,1.3972
7.8167,1.3972
7.8172,1.3921
7.8178,1.3972
7.8183,1.4022
7.8189,1.3972
7.8194,1.3972
7.8200,1.3921
7.8205,1.3972
7.8211,1.3921
7.8216,1.4022
7.8222,1.3921
7.8227,1.3972
7.8233,1.3972
7.8238,1.3921
7.8244,1.3972
7.8249,1.3972
7.8255,1.3921
7.8260,1.3972
7.8266,1.3972
7.8271,1.3972
7.8277,1.3921
7.8284,1.3921
7.8289,1.3972
7.8295,1.3972
7.8300,1.3972
7.8306,1.3921
7.8311,1.3871
7.8317,1.3972
7.8322,1.3921
7.8327,1.3921
7.8333,1.3972
7.8338,1.3921
7.8344,1.3972
7.8349,1.3972
7.8355,1.3921
7.8360,1.3972
7.8366,1.3972
7.8371,1.3921
7.8376,1.3921
7.8382,1.3921
7.8387,1.3921
7.8393,1.3972
7.8398,1.3921
7.8404,1.3972
7.8409,1.3921
7.8415,1.3972
7.8420,1.3871
7.8425,1.3972
7.8431,1.3921
7.8436,1.3921
7.8442,1.3871
7.8447,1.3921
7.8453,1.3921
7.8458,1.3921
7.8464,1.3921
7.8469,1.3921
7.8474,1.3921
7.8480,1.3972
7.8485,1.3921
7.8491,1.3972
7.8496,1.3921
7.8502,1.3921
7.8507,1.3921
7.8512,1.3921
7.8518,1.3921
7.8523,1.3871
7.8529,1.3921
7.8534,1.3921
7.8540,1.3871
7.8545,1.3871
7.8551,1.3871
7.8556,1.3921
7.8562,1.3871
7.8567,1.3871
7.8573,1.3921
7.8578,1.3921
7.8584,1.3921
7.8589,1.3921
7.8594,1.3921
7.8600,1.3921
7.8605,1.3871
7.8611,1.3921
7.8616,1.3871
7.8622,1.3921
7.8627,1.3871
7.8633,1.3921
7.8638,1.3921
7.8643,1.3921
7.8649,1.3921
7.8654,1.3921
7.8660,1.3921
7.8665,1.3871
7.8671,1.3921
7.8676,1.3921
7.8682,1.3921
7.8687,1.3921
7.8692,1.3921
7.8698,1.3821
7.8703,1.3921
7.8709,1.3871
7.8714,1.3921
7.8720,1.3871
7.8725,1.3871
7.8730,1.3871
7.8736,1.3921
7.8741,1.3871
7.8747,1.3921
7.8752,1.3921
7.8758,1.3871
7.8763,1.3921
7.8768,1.3921
7.8774,1.3921
7.8779,1.3921
7.8785,1.3921
7.8790,1.3871
7.8795,1.3921
7.8801,1.3871
7.8806,1.3921
7.8812,1.3921
7.8817,1.3921
7.8822,1.3921
7.8828,1.3871
7.8833,1.3871
7.8839,1.3921
7.8844,1.3871
7.8850,1.3921
7.8855,1.3871
7.8860,1.3921
7.8866,1.3871
7.8871,1.3871
7.8877,1.3921
7.8882,1.3871
7.8888,1.3871
7.8893,1.3921
7.8899,1.3871
7.8904,1.3871
7.8909,1.3871
7.8915,1.3871
7.8920,1.3921
7.8926,1.3921
7.8931,1.3871
7.8937,1.3921
7.8942,1.3871
7.8948,1.3871
7.8953,1.3921
7.8958,1.3821
7.8964,1.3921
7.8969,1.3921
7.8975,1.3871
7.8980,1.3871
7.8986,1.3871
7.8991,1.3921
7.8996,1.3871
7.9002,1.3921
7.9007,1.3871
7.9013,1.3871
7.9018,1.3871
7.9024,1.3921
7.9029,1.3921
7.9035,1.3921
7.9040,1.3871
7.9045,1.3921
7.9051,1.3921
7.9056,1.3821
7.9062,1.3921
7.9067,1.3871
7.9073,1.3921
7.9078,1.3871
7.9084,1.3871
7.9089,1.3871
7.9094,1.3921
7.9100,1.3921
7.9105,1.3921
7.9111,1.3871
7.9116,1.3921
7.9122,1.3871
7.9127,1.3871
7.9132,1.3871
7.9138,1.3921
7.9143,1.3921
7.9149,1.3921
7.9154,1.3921
7.9160,1.3921
7.9165,1.3871
7.9171,1.3921
7.9176,1.3871
7.9182,1.3921
7.9187,1.3921
7.9192,1.3871
7.9198,1.3921
7.9203,1.3871
7.9209,1.3871
7.9214,1.3921
7.9220,1.3871
7.9225,1.3921
7.9230,1.3871
7.9236,1.3871
7.9241,1.3921
7.9247,1.3921
7.9252,1.3921
7.9258,1.3871
7.9263,1.3921
7.9269,1.3871
7.9274,1.3871
7.9280,1.3921
7.9285,1.3871
7.9291,1.3871
7.9297,1.3921
7.9302,1.3921
7.9308,1.3921
7.9313,1.3921
7.9319,1.3871
7.9324,1.3871
7.9330,1.3921
7.9335,1.3921
7.9341,1.3921
7.9346,1.3871
7.9352,1.3921
7.9358,1.3871
7.9363,1.3921
7.9369,1.3871
7.9374,1.3871
7.9380,1.3921
7.9385,1.3921
7.9391,1.3921
7.9396,1.3821
7.9402,1.3871
7.9407,1.3921
7.9413,1.3921
7.9418,1.3972
7.9424,1.3871
7.9429,1.3921
7.9435,1.3871
7.9440,1.3871
7.9446,1.3871
7.9451,1.3921
7.9457,1.3871
7.9462,1.3921
7.9468,1.3871
7.9473,1.3871
7.9479,1.3871
7.9484,1.3871
7.9490,1.3871
7.9495,1.3871
7.9501,1.3871
7.9506,1.3871
7.9512,1.3871
7.9517,1.3871
7.9523,1.3871
7.9528,1.3921
7.9534,1.3871
7.9539,1.3921
7.9545,1.3871
7.9550,1.3921
7.9556,1.3871
7.9561,1.3921
7.9567,1.3921
7.9572,1.3921
7.9578,1.3871
7.9583,1.3871
7.9589,1.3921
7.9594,1.3821
7.9600,1.3871
7.9605,1.3871
7.9611,1.3921
7.9616,1.3921
7.9622,1.3871
7.9627,1.3921
7.9633,1.3871
7.9638,1.3871
7.9644,1.3921
7.9649,1.3921
7.9655,1.3921
7.9660,1.3871
7.9666,1.3871
7.9671,1.3871
7.9677,1.3871
7.9682,1.3871
7.9688,1.3871
7.9693,1.3921
7.9699,1.3921
7.9704,1.3821
7.9710,1.3871
7.9715,1.3871
7.9721,1.3871
7.9726,1.3871
7.9732,1.3871
7.9738,1.3871
7.9743,1.3921
7.9749,1.3871
7.9754,1.3871
7.9760,1.3871
7.9765,1.3871
7.9771,1.3871
7.9776,1.3921
7.9782,1.3871
7.9787,1.3871
7.9793,1.3871
7.9798,1.3871
7.9804,1.3871
7.9809,1.3871
7.9815,1.3871
7.9820,1.3871
7.9826,1.3821
7.9831,1.3871
7.9837,1.3921
7.9842,1.3871
7.9848,1.3871
7.9853,1.3871
7.9859,1.3871
7.9864,1.3871
7.9870,1.3871
7.9875,1.3871
7.9881,1.3821
7.9886,1.3871
7.9892,1.3921
7.9897,1.3871
7.9903,1.3871
7.9908,1.3871
7.9914,1.3871
7.9919,1.3871
7.9925,1.3821
7.9930,1.3871
7.9936,1.3871
7.9941,1.3871
7.9947,1.3821
7.9952,1.3871
7.9958,1.3871
7.9964,1.3871
7.9969,1.3821
7.9975,1.3871
7.9980,1.3871
7.9986,1.3871
7.9991,1.3871
7.9997,1.3871
8.0002,1.3821
8.0008,1.3871
8.0013,1.3871
8.0019,1.3821
8.0024,1.3821
8.0030,1.3871
8.0035,1.3871
8.0041,1.3821
8.0046,1.3821
8.0052,1.3871
8.0057,1.3821
8.0063,1.3871
8.0069,1.3871
8.0074,1.3871
8.0080,1.3871
8.0085,1.3871
8.0091,1.3921
8.0096,1.3871
8.0102,1.3821
8.0107,1.3871
8.0113,1.3871
8.0118,1.3821
8.0124,1.3871
8.0129,1.3821
8.0135,1.3821
8.0140,1.3871
8.0146,1.3821
8.0151,1.3871
8.0157,1.3871
8.0162,1.3871
8.0168,1.3871
8.0173,1.3821
8.0179,1.3821
8.0184,1.3871
8.0190,1.3871
8.0195,1.3821
8.0201,1.3821
8.0206,1.3871
8.0212,1.3821
8.0217,1.3871
8.0223,1.3821
8.0228,1.3871
8.0234,1.3821
8.0239,1.3821
8.0245,1.3871
8.0250,1.3871
8.0256,1.3821
8.0261,1.3821
8.0267,1.3871
8.0272,1.3821
8.0278,1.3821
8.0283,1.3821
8.0289,1.3821
8.0294,1.3821
8.0300,1.3821
8.0305,1.3821
8.0311,1.3821
8.0316,1.3871
8.0322,1.3871
8.0327,1.3821
8.0333,1.3770
8.0338,1.3821
8.0344,1.3821
8.0350,1.3821
8.0355,1.3871
8.0361,1.3821
8.0366,1.3821
8.0372,1.3821
8.0377,1.3821
8.0383,1.3821
8.0388,1.3770
8.0394,1.3821
8.0399,1.3821
8.0405,1.3821
8.0410,1.3821
8.0416,1.3821
8.0421,1.3821
8.0427,1.3821
8.0432,1.3871
8.0438,1.3821
8.0443,1.3871
8.0449,1.3770
8.0454,1.3821
8.0460,1.3821
8.0465,1.3821
8.0471,1.3821
8.0476,1.3770
8.0482,1.3821
8.0487,1.3821
8.0493,1.3770
8.0498,1.3770
8.0504,1.3821
8.0509,1.3821
8.0515,1.3821
8.0520,1.3821
8.0526,1.3770
8.0531,1.3770
8.0537,1.3821
8.0542,1.3821
8.0548,1.3770
8.0553,1.3821
8.0559,1.3821
8.0564,1.3821
8.0570,1.3821
8.0575,1.3770
8.0581,1.3821
8.0586,1.3871
8.0592,1.3770
8.0597,1.3821
8.0603,1.3821
8.0608,1.3770
8.0614,1.3821
8.0619,1.3821
8.0625,1.3821
8.0630,1.3821
8.0636,1.3821
8.0641,1.3821
8.0647,1.3821
8.0652,1.3821
8.0658,1.3821
8.0664,1.3770
8.0669,1.3770
8.0675,1.3770
8.0680,1.3821
8.0686,1.3821
8.0691,1.3770
8.0697,1.3821
8.0702,1.3770
8.0708,1.3720
8.0714,1.3720
8.0719,1.3821
8.0725,1.3821
8.0730,1.3770
8.0736,1.3821
8.0741,1.3821
8.0747,1.3770
8.0752,1.3770
8.0758,1.3770
8.0763,1.3821
8.0769,1.3821
8.0774,1.3770
8.0780,1.3770
8.0785,1.3821
8.0791,1.3821
8.0796,1.3770
8.0802,1.3770
8.0807,1.3770
8.0813,1.3821
8.0818,1.3770
8.0824,1.3770
8.0829,1.3770
8.0835,1.3821
8.0840,1.3821
8.0846,1.3770
8.0851,1.3770
8.0857,1.3821
8.0862,1.3770
8.0868,1.3770
8.0873,1.3770
8.0879,1.3821
8.0884,1.3770
8.0890,1.3720
8.0895,1.3770
8.0901,1.3821
8.0906,1.3770
8.0912,1.3770
8.0917,1.3770
8.0923,1.3770
8.0928,1.3770
8.0934,1.3770
8.0939,1.3821
8.0945,1.3720
8.0950,1.3770
8.0956,1.3770
8.0961,1.3821
8.0967,1.3770
8.0972,1.3770
8.0978,1.3821
8.0983,1.3821
8.0989,1.3770
8.0994,1.3821
8.1000,1.3770
8.1005,1.3821
8.1011,1.3770
8.1016,1.3770
8.1022,1.3821
8.1027,1.3720
8.1033,1.3770
8.1038,1.3720
8.1044,1.3770
8.1049,1.3770
8.1055,1.3770
8.1060,1.3821
8.1066,1.3821
8.1071,1.3770
8.1077,1.3770
8.1082,1.3770
8.1088,1.3770
8.1093,1.3770
8.1099,1.3821
8.1104,1.3770
8.1110,1.3770
8.1115,1.3770
8.1121,1.3770
8.1126,1.3770
8.1132,1.3770
8.1137,1.3720
8.1143,1.3770
8.1149,1.3770
8.1154,1.3770
8.1160,1.3720
8.1165,1.3770
8.1171,1.3770
8.1176,1.3720
8.1182,1.3770
8.1187,1.3770
8.1193,1.3770
8.1198,1.3770
8.1204,1.3821
8.1209,1.3770
8.1215,1.3770
8.1220,1.3770
8.1226,1.3770
8.1231,1.3770
8.1237,1.3770
8.1242,1.3770
8.1248,1.3770
8.1253,1.3720
8.1259,1.3720
8.1264,1.3770
8.1270,1.3770
8.1275,1.3720
8.1281,1.3770
8.1286,1.3770
8.1292,1.3770
8.1297,1.3770
8.1303,1.3720
8.1308,1.3720
8.1314,1.3720
8.1319,1.3720
8.1325,1.3770
8.1330,1.3770
8.1336,1.3770
8.1341,1.3770
8.1347,1.3720
8.1352,1.3770
8.1358,1.3770
8.1364,1.3821
8.1369,1.3720
8.1375,1.3720
8.1380,1.3720
8.1386,1.3770
8.1391,1.3770
8.1397,1.3770
8.1402,1.3770
8.1408,1.3720
8.1414,1.3720
8.1420,1.3720
8.1425,1.3720
8.1431,1.3720
8.1437,1.3720
8.1443,1.3770
8.1449,1.3720
8.1455,1.3720
8.1461,1.3770
8.1466,1.3770
8.1472,1.3720
8.1477,1.3770
8.1483,1.3720
8.1494,1.3720
8.1500,1.3720
8.1506,1.3770
8.1512,1.3720
8.1517,1.3720
8.1523,1.3770
8.1529,1.3720
8.1534,1.3720
8.1540,1.3770
8.1545,1.3720
8.1551,1.3720
8.1556,1.3669
8.1562,1.3720
8.1567,1.3720
8.1573,1.3720
8.1578,1.3770
8.1584,1.3720
8.1589,1.3720
8.1595,1.3720
8.1600,1.3720
8.1606,1.3720
8.1611,1.3720
8.1617,1.3720
8.1622,1.3720
8.1628,1.3770
8.1633,1.3720
8.1639,1.3720
8.1644,1.3770
8.1650,1.3720
8.1656,1.3770
8.1661,1.3770
8.1667,1.3720
8.1672,1.3770
8.1678,1.3720
8.1683,1.3720
8.1689,1.3720
8.1694,1.3770
8.1700,1.3770
8.1705,1.3669
8.1711,1.3720
8.1716,1.3720
8.1722,1.3720
8.1727,1.3720
8.1733,1.3720
8.1738,1.3720
8.1744,1.3720
8.1749,1.3720
8.1755,1.3720
8.1760,1.3720
8.1766,1.3720
8.1771,1.3720
8.1777,1.3770
8.1782,1.3669
8.1788,1.3770
8.1793,1.3720
8.1799,1.3770
8.1804,1.3720
8.1810,1.3720
8.1815,1.3720
8.1821,1.3770
8.1826,1.3720
8.1832,1.3770
8.1837,1.3669
8.1843,1.3720
8.1848,1.3720
8.1854,1.3720
8.1859,1.3720
8.1865,1.3720
8.1870,1.3720
8.1876,1.3720
8.1881,1.3720
8.1887,1.3720
8.1892,1.3770
8.1898,1.3770
8.1903,1.3720
8.1909,1.3720
8.1914,1.3720
8.1920,1.3720
8.1925,1.3720
8.1931,1.3720
8.1936,1.3669
8.1942,1.3720
8.1947,1.3770
8.1953,1.3720
8.1958,1.3770
8.1964,1.3720
8.1969,1.3720
8.1975,1.3720
8.1980,1.3770
8.1986,1.3720
8.1991,1.3720
8.1997,1.3669
8.2002,1.3770
8.2008,1.3720
8.2013,1.3720
8.2019,1.3720
8.2024,1.3720
8.2030,1.3720
8.2036,1.3669
8.2041,1.3720
8.2047,1.3720
8.2052,1.3720
8.2058,1.3720
8.2063,1.3720
8.2069,1.3720
8.2075,1.3720
8.2080,1.3720
8.2086,1.3720
8.2091,1.3720
8.2097,1.3720
8.2102,1.3720
8.2108,1.3720
8.2113,1.3720
8.2119,1.3720
8.2124,1.3770
8.2130,1.3720
8.2135,1.3669
8.2141,1.3720
8.2146,1.3770
8.2152,1.3669
8.2157,1.3720
8.2163,1.3720
8.2168,1.3720
8.2174,1.3720
8.2179,1.3720
8.2185,1.3720
8.2190,1.3720
8.2196,1.3720
8.2201,1.3720
8.2207,1.3669
8.2212,1.3720
8.2218,1.3720
8.2223,1.3720
8.2229,1.3720
8.2234,1.3720
8.2240,1.3770
8.2245,1.3720
8.2251,1.3669
8.2256,1.3720
8.2262,1.3770
8.2267,1.3720
8.2273,1.3720
8.2278,1.3720
8.2284,1.3720
8.2289,1.3669
8.2295,1.3720
8.2300,1.3720
8.2306,1.3720
8.2312,1.3770
8.2318,1.3720
8.2324,1.3720
8.2329,1.3770
8.2336,1.3720
8.2342,1.3669
8.2348,1.3669
8.2353,1.3720
8.2359,1.3720
8.2365,1.3720
8.2370,1.3669
8.2376,1.3669
8.2381,1.3720
8.2387,1.3720
8.2393,1.3669
8.2399,1.3720
8.2404,1.3669
8.2410,1.3720
8.2415,1.3720
8.2421,1.3669
8.2426,1.3770
8.2432,1.3720
8.2437,1.3720
8.2443,1.3669
8.2448,1.3720
8.2454,1.3720
8.2459,1.3720
8.2465,1.3770
8.2470,1.3669
8.2476,1.3720
8.2482,1.3770
8.2488,1.3720
8.2493,1.3720
8.2499,1.3720
8.2505,1.3720
8.2511,1.3720
8.2516,1.3720
8.2522,1.3720
8.2527,1.3720
8.2533,1.3720
8.2539,1.3720
8.2545,1.3720
8.2551,1.3720
8.2556,1.3720
8.2562,1.3720
8.2567,1.3720
8.2573,1.3720
8.2578,1.3720
8.2584,1.3720
8.2589,1.3720
8.2595,1.3720
8.2600,1.3770
8.2606,1.3720
8.2611,1.3669
8.2617,1.3720
8.2622,1.3669
8.2628,1.3669
8.2633,1.3720
8.2639,1.3720
8.2644,1.3669
8.2650,1.3720
8.2655,1.3720
8.2661,1.3720
8.2667,1.3669
8.2672,1.3720
8.2678,1.3720
8.2683,1.3669
8.2689,1.3720
8.2694,1.3720
8.2700,1.3720
8.2705,1.3720
8.2711,1.3720
8.2716,1.3720
8.2722,1.3720
8.2727,1.3720
8.2733,1.3720
8.2738,1.3720
8.2744,1.3720
8.2749,1.3720
8.2755,1.3720
8.2760,1.3669
8.2766,1.3720
8.2771,1.3770
8.2777,1.3720
8.2782,1.3720
8.2788,1.3720
8.2793,1.3720
8.2799,1.3720
8.2804,1.3770
8.2810,1.3770
8.2815,1.3770
8.2821,1.3720
8.2827,1.3720
8.2832,1.3770
8.2838,1.3720
8.2843,1.3770
8.2849,1.3720
8.2854,1.3770
8.2860,1.3770
8.2865,1.3770
8.2871,1.3720
8.2876,1.3770
8.2882,1.3770
8.2887,1.3770
8.2893,1.3720
8.2898,1.3720
8.2903,1.3770
8.2909,1.3720
8.2915,1.3770
8.2920,1.3770
8.2926,1.3720
8.2931,1.3770
8.2936,1.3770
8.2942,1.3720
8.2947,1.3821
8.2953,1.3770
8.2958,1.3770
8.2964,1.3770
8.2969,1.3770
8.2975,1.3770
8.2980,1.3821
8.2986,1.3770
8.2991,1.3821
8.2997,1.3821
8.3002,1.3821
8.3008,1.3770
8.3013,1.3770
8.3019,1.3821
8.3024,1.3821
8.3030,1.3821
8.3035,1.3821
8.3041,1.3821
8.3046,1.3821
8.3052,1.3821
8.3057,1.3821
8.3063,1.3871
8.3068,1.3821
8.3074,1.3871
8.3079,1.3871
8.3085,1.3871
8.3090,1.3871
8.3096,1.3871
8.3101,1.3871
8.3107,1.3871
8.3112,1.3871
8.3118,1.3871
8.3123,1.3821
8.3129,1.3821
8.3134,1.3871
8.3140,1.3821
8.3145,1.3871
8.3151,1.3921
8.3156,1.3821
8.3162,1.3871
8.3167,1.3921
8.3173,1.3871
8.3178,1.3921
8.3184,1.3921
8.3189,1.3921
8.3195,1.3921
8.3200,1.3921
8.3206,1.3871
8.3211,1.3921
8.3217,1.3871
8.3222,1.3871
8.3228,1.3921
8.3233,1.3871
8.3239,1.3921
8.3244,1.3921
8.3250,1.3921
8.3255,1.3972
8.3261,1.3921
8.3266,1.3871
8.3272,1.3921
8.3277,1.3972
8.3283,1.3921
8.3288,1.3972
8.3294,1.3921
8.3299,1.3921
8.3305,1.3972
8.3312,1.3972
8.3317,1.3921
8.3323,1.3972
8.3328,1.3972
8.3334,1.3972
8.3339,1.4022
8.3345,1.3972
8.3350,1.3972
8.3356,1.3972
8.3361,1.3871
8.3366,1.3972
8.3372,1.3972
8.3377,1.3972
8.3383,1.3921
8.3388,1.3972
8.3394,1.3972
8.3399,1.3972
8.3405,1.3972
8.3410,1.4022
8.3415,1.3972
8.3421,1.3972
8.3426,1.3972
8.3432,1.4022
8.3437,1.3972
8.3443,1.3972
8.3448,1.3972
8.3453,1.3972
8.3459,1.4022
8.3464,1.3972
8.3470,1.3921
8.3475,1.3921
8.3481,1.3972
8.3486,1.4022
8.3492,1.4022
8.3497,1.4022
8.3503,1.4073
8.3508,1.3972
8.3514,1.4022
8.3519,1.4022
8.3524,1.4022
8.3530,1.3972
8.3536,1.4073
8.3541,1.4022
8.3546,1.4022
8.3552,1.4022
8.3557,1.3972
8.3563,1.4022
8.3568,1.4022
8.3574,1.4022
8.3579,1.4022
8.3584,1.4022
8.3590,1.3972
8.3595,1.4022
8.3601,1.4022
8.3606,1.4022
8.3612,1.4073
8.3617,1.3972
8.3622,1.3972
8.3628,1.4073
8.3633,1.4022
8.3639,1.4022
8.3644,1.4022
8.3650,1.4022
8.3655,1.4022
8.3661,1.4022
8.3666,1.4022
8.3671,1.4022
8.3677,1.4022
8.3682,1.4073
8.3688,1.4073
8.3693,1.4022
8.3699,1.4022
8.3704,1.4022
8.3710,1.4022
8.3715,1.4022
8.3720,1.4073
8.3726,1.4022
8.3731,1.4073
8.3737,1.4073
8.3742,1.4073
8.3748,1.4123
8.3753,1.4022
8.3759,1.4022
8.3764,1.4022
8.3769,1.4022
8.3775,1.4073
8.3780,1.4022
8.3786,1.4022
8.3791,1.4073
8.3797,1.4073
8.3802,1.4022
8.3807,1.4022
8.3813,1.4073
8.3818,1.4073
8.3824,1.4022
8.3829,1.4073
8.3835,1.4022
8.3840,1.4022
8.3846,1.4073
8.3851,1.4073
8.3856,1.4022
8.3862,1.4073
8.3867,1.4022
8.3873,1.4073
8.3878,1.4073
8.3884,1.4073
8.3889,1.4073
8.3894,1.4073
8.3900,1.4073
8.3905,1.4073
8.3911,1.4123
8.3916,1.4073
8.3922,1.4123
8.3927,1.4073
8.3932,1.4022
8.3938,1.4073
8.3943,1.4073
8.3949,1.4073
8.3954,1.4073
8.3960,1.4073
8.3965,1.4073
8.3971,1.4073
8.3976,1.4073
8.3981,1.4073
8.3987,1.4073
8.3992,1.4073
8.3998,1.4073
8.4003,1.4022
8.4009,1.4073
8.4014,1.4073
8.4019,1.4073
8.4025,1.4073
8.4030,1.4073
8.4036,1.4073
8.4041,1.4073
8.4047,1.4073
8.4052,1.4073
8.4058,1.4073
8.4063,1.4073
8.4068,1.4073
8.4074,1.4022
8.4079,1.4073
8.4085,1.4022
8.4090,1.4123
8.4096,1.4022
8.4101,1.4022
8.4106,1.4073
8.4112,1.4123
8.4117,1.4073
8.4123,1.4123
8.4128,1.4073
8.4134,1.4073
8.4139,1.4073
8.4145,1.4073
8.4150,1.4123
8.4155,1.4073
8.4161,1.4073
8.4167,1.4073
8.4172,1.4022
8.4177,1.4022
8.4183,1.4073
8.4188,1.4073
8.4194,1.4073
8.4199,1.4073
8.4205,1.4073
8.4210,1.4073
8.4215,1.4073
8.4221,1.4073
8.4226,1.4073
8.4232,1.4073
8.4237,1.4073
8.4243,1.4073
8.4248,1.4073
8.4254,1.4073
8.4259,1.4073
8.4264,1.4073
8.4270,1.4073
8.4275,1.4123
8.4281,1.4073
8.4286,1.4073
8.4292,1.4073
8.4297,1.4073
8.4303,1.4073
8.4308,1.4073
8.4315,1.4073
8.4320,1.4073
8.4325,1.4073
8.4331,1.4073
8.4337,1.4022
8.4342,1.4022
8.4348,1.4073
8.4353,1.4073
8.4359,1.4073
8.4364,1.4022
8.4370,1.4073
8.4375,1.4073
8.4381,1.4022
8.4386,1.4073
8.4392,1.4073
8.4397,1.4073
8.4403,1.4022
8.4408,1.4123
8.4414,1.4073
8.4419,1.4073
8.4425,1.4073
8.4430,1.4073
8.4436,1.4073
8.4441,1.4073
8.4447,1.4073
8.4452,1.3972
8.4458,1.4073
8.4463,1.4073
8.4469,1.4022
8.4474,1.4073
8.4480,1.4073
8.4485,1.4073
8.4491,1.4022
8.4496,1.4073
8.4502,1.4022
8.4507,1.4073
8.4513,1.4073
8.4518,1.4022
8.4524,1.4073
8.4529,1.4073
8.4535,1.4073
8.4540,1.4073
8.4546,1.4022
8.4551,1.4022
8.4557,1.4073
8.4562,1.4073
8.4568,1.4022
8.4573,1.4073
8.4579,1.4073
8.4584,1.4022
8.4590,1.4022
8.4595,1.4073
8.4601,1.4022
8.4606,1.4073
8.4612,1.4073
8.4617,1.4022
8.4623,1.4073
8.4628,1.4022
8.4634,1.4073
8.4639,1.4022
8.4645,1.4022
8.4650,1.4022
8.4656,1.4022
8.4661,1.4073
8.4667,1.4073
8.4672,1.4073
8.4678,1.4073
8.4683,1.4073
8.4689,1.4073
8.4694,1.4022
8.4700,1.4073
8.4705,1.4073
8.4718,1.4022
8.4723,1.4073
8.4729,1.4022
8.4734,1.4073
8.4740,1.4073
8.4745,1.3972
8.4751,1.4073
8.4756,1.4022
8.4762,1.4022
8.4767,1.4022
8.4773,1.4073
8.4778,1.3972
8.4784,1.4073
8.4789,1.3972
8.4795,1.4022
8.4800,1.4073
8.4806,1.4022
8.4811,1.4073
8.4817,1.3972
8.4822,1.4022
8.4828,1.4022
8.4833,1.4022
8.4839,1.4022
8.4844,1.4073
8.4850,1.4073
8.4855,1.4073
8.4861,1.4022
8.4867,1.4022
8.4872,1.4022
8.4878,1.4073
8.4883,1.4022
8.4889,1.4022
8.4894,1.4073
8.4900,1.4022
8.4905,1.4022
8.4911,1.3972
8.4916,1.4022
8.4922,1.4073
8.4927,1.4022
8.4933,1.4022
8.4938,1.4022
8.4944,1.4022
8.4949,1.4022
8.4955,1.3972
8.4960,1.4022
8.4966,1.4022
8.4971,1.4022
8.4977,1.4022
8.4982,1.4022
8.4988,1.3972
8.4993,1.4022
8.4999,1.4022
8.5004,1.3972
8.5010,1.4022
8.5015,1.4022
8.5021,1.3972
8.5026,1.4022
8.5032,1.3972
8.5037,1.4022
8.5043,1.4022
8.5048,1.4022
8.5054,1.3972
8.5059,1.4022
8.5065,1.4022
8.5070,1.4022
8.5076,1.4022
8.5082,1.4022
8.5088,1.3972
8.5093,1.3972
8.5099,1.3972
8.5104,1.3972
8.5110,1.4022
8.5115,1.3972
8.5121,1.3972
8.5126,1.4022
8.5132,1.3921
8.5137,1.3972
8.5143,1.3972
8.5149,1.3972
8.5154,1.3972
8.5160,1.3972
8.5165,1.3972
8.5171,1.4022
8.5176,1.3972
8.5182,1.3972
8.5187,1.3972
8.5192,1.3972
8.5198,1.3972
8.5203,1.4022
8.5209,1.3972
8.5214,1.4022
8.5220,1.3972
8.5226,1.4022
8.5231,1.4022
8.5237,1.3972
8.5242,1.3972
8.5248,1.3921
8.5253,1.3972
8.5259,1.3921
8.5264,1.3972
8.5270,1.3972
8.5275,1.3972
8.5281,1.3921
8.5286,1.3972
8.5292,1.4022
8.5297,1.3972
8.5303,1.3972
8.5308,1.4022
8.5314,1.3972
8.5319,1.3972
8.5325,1.3972
8.5330,1.3972
8.5336,1.3972
8.5341,1.3921
8.5347,1.3972
8.5352,1.3972
8.5358,1.3972
8.5363,1.3972
8.5369,1.3972
8.5374,1.3921
8.5380,1.3972
8.5385,1.3921
8.5391,1.3972
8.5397,1.3972
8.5403,1.3972
8.5408,1.3921
8.5414,1.3972
8.5419,1.3972
8.5425,1.3972
8.5430,1.3972
8.5436,1.3972
8.5441,1.3972
8.5447,1.3972
8.5452,1.3972
8.5458,1.3972
8.5463,1.3972
8.5469,1.3972
8.5474,1.3921
8.5480,1.3921
8.5485,1.3921
8.5491,1.3972
8.5496,1.3921
8.5502,1.3972
8.5507,1.3972
8.5513,1.3921
8.5518,1.3972
8.5524,1.3871
8.5529,1.3972
8.5535,1.3972
8.5540,1.3972
8.5546,1.3972
8.5551,1.3871
8.5557,1.3972
8.5562,1.3972
8.5568,1.3972
8.5573,1.3871
8.5579,1.3972
8.5584,1.3972
8.5590,1.3972
8.5595,1.3921
8.5601,1.3921
8.5606,1.3972
8.5612,1.3921
8.5617,1.3972
8.5623,1.3921
8.5628,1.3921
8.5634,1.3921
8.5639,1.3921
8.5645,1.3921
8.5650,1.3972
8.5656,1.3972
8.5661,1.3921
8.5667,1.3921
8.5672,1.3921
8.5678,1.3921
8.5683,1.3921
8.5689,1.3972
8.5694,1.3921
8.5700,1.3921
8.5705,1.3972
8.5711,1.3972
8.5716,1.3921
8.5722,1.3921
8.5727,1.3921
8.5733,1.3921
8.5738,1.3921
8.5744,1.3921
8.5749,1.3921
8.5755,1.3921
8.5760,1.3972
8.5766,1.3972
8.5771,1.3921
8.5777,1.3921
8.5782,1.3921
8.5788,1.3921
8.5793,1.3921
8.5799,1.3871
8.5804,1.3921
8.5810,1.3921
8.5815,1.3921
8.5821,1.3972
8.5826,1.3921
8.5832,1.3972
8.5837,1.3921
8.5843,1.3921
8.5848,1.3972
8.5854,1.3921
8.5859,1.3972
8.5865,1.3921
8.5870,1.3972
8.5876,1.3921
8.5881,1.3921
8.5887,1.3921
8.5892,1.3972
8.5898,1.3972
8.5903,1.3921
8.5909,1.3921
8.5914,1.3921
8.5921,1.3972
8.5927,1.3972
8.5932,1.3921
8.5938,1.3921
8.5943,1.3921
8.5949,1.3921
8.5954,1.3972
8.5960,1.3921
8.5965,1.3972
8.5971,1.3921
8.5976,1.3972
8.5982,1.3921
8.5987,1.3972
8.5993,1.3871
8.5998,1.3921
8.6004,1.3871
8.6009,1.3921
8.6015,1.3921
8.6020,1.3921
8.6026,1.3921
8.6031,1.3921
8.6037,1.3972
8.6042,1.3871
8.6048,1.3972
8.6053,1.3921
8.6059,1.3972
8.6064,1.3972
8.6070,1.3921
8.6075,1.3921
8.6081,1.3871
8.6086,1.3972
8.6092,1.3921
8.6097,1.3921
8.6103,1.3972
8.6108,1.3921
8.6114,1.3921
8.6119,1.3972
8.6124,1.3972
8.6130,1.3871
8.6136,1.3921
8.6141,1.3921
8.6147,1.3921
8.6152,1.3972
8.6158,1.3871
8.6163,1.3921
8.6169,1.3921
8.6174,1.3972
8.6179,1.3871
8.6185,1.3921
8.6190,1.3921
8.6196,1.3921
8.6201,1.3972
8.6207,1.3921
8.6212,1.3921
8.6218,1.3921
8.6223,1.3921
8.6229,1.3871
8.6234,1.3921
8.6240,1.3972
8.6245,1.3871
8.6250,1.3921
8.6256,1.3921
8.6261,1.3921
8.6267,1.3921
8.6273,1.3921
8.6278,1.3871
8.6284,1.3921
8.6289,1.3921
8.6295,1.3972
8.6300,1.3921
8.6305,1.3871
8.6311,1.3921
8.6317,1.3921
8.6322,1.3921
8.6328,1.3921
8.6333,1.3921
8.6339,1.3921
8.6344,1.3921
8.6350,1.3921
8.6355,1.3972
8.6360,1.3921
8.6366,1.3871
8.6371,1.3921
8.6377,1.3921
8.6382,1.3921
8.6388,1.3921
8.6393,1.3921
8.6399,1.3921
8.6404,1.3871
8.6410,1.3871
8.6415,1.3972
8.6421,1.3921
8.6426,1.3972
8.6432,1.3871
8.6437,1.3921
8.6443,1.3921
8.6448,1.3871
8.6454,1.3921
8.6459,1.3871
8.6465,1.3921
8.6470,1.3871
8.6476,1.3921
8.6481,1.3871
8.6487,1.3921
8.6492,1.3972
8.6498,1.3921
8.6503,1.3972
8.6509,1.3871
8.6514,1.3921
8.6520,1.3921
8.6525,1.3972
8.6531,1.3921
8.6536,1.3921
8.6542,1.3871
8.6547,1.3921
8.6553,1.3972
8.6558,1.3921
8.6564,1.3921
8.6569,1.3921
8.6575,1.3921
8.6580,1.3921
8.6586,1.3921
8.6591,1.3921
8.6597,1.3921
8.6602,1.3871
8.6608,1.3921
8.6613,1.3821
8.6619,1.3921
8.6624,1.3871
8.6630,1.3871
8.6635,1.3921
8.6641,1.3871
8.6646,1.3921
8.6652,1.3921
8.6657,1.3871
8.6663,1.3921
8.6668,1.3821
8.6674,1.3921
8.6679,1.3921
8.6685,1.3921
8.6690,1.3871
8.6696,1.3921
8.6701,1.3921
8.6707,1.3871
8.6712,1.3921
8.6718,1.3871
8.6723,1.3921
8.6729,1.3871
8.6734,1.3871
8.6740,1.3921
8.6745,1.3921
8.6751,1.3921
8.6756,1.3921
8.6762,1.3871
8.6767,1.3921
8.6773,1.3871
8.6778,1.3921
8.6784,1.3871
8.6789,1.3921
8.6795,1.3921
8.6800,1.3921
8.6806,1.3871
8.6811,1.3871
8.6817,1.3871
8.6822,1.3871
8.6828,1.3921
8.6833,1.3921
8.6839,1.3921
8.6845,1.3921
8.6850,1.3921
8.6856,1.3871
8.6861,1.3871
8.6867,1.3921
8.6872,1.3821
8.6878,1.3921
8.6883,1.3972
8.6888,1.3871
8.6894,1.3921
8.6899,1.3871
8.6905,1.3821
8.6910,1.3871
8.6916,1.3921
8.6921,1.3921
8.6927,1.3921
8.6932,1.3871
8.6938,1.3871
8.6944,1.3921
8.6949,1.3921
8.6955,1.3871
8.6960,1.3871
8.6966,1.3871
8.6971,1.3871
8.6977,1.3921
8.6982,1.3871
8.6988,1.3871
8.6993,1.3921
8.6999,1.3871
8.7004,1.3871
8.7010,1.3821
8.7015,1.3871
8.7021,1.3871
8.7026,1.3921
8.7032,1.3871
8.7037,1.3871
8.7043,1.3871
8.7048,1.3871
8.7054,1.3871
8.7059,1.3821
8.7065,1.3821
8.7070,1.3871
8.7076,1.3871
8.7081,1.3871
8.7087,1.3871
8.7092,1.3871
8.7098,1.3871
8.7103,1.3871
8.7109,1.3871
8.7114,1.3821
8.7120,1.3871
8.7125,1.3871
8.7131,1.3921
8.7136,1.3871
8.7142,1.3871
8.7147,1.3871
8.7153,1.3871
8.7158,1.3871
8.7164,1.3921
8.7169,1.3871
8.7175,1.3871
8.7180,1.3871
8.7186,1.3871
8.7191,1.3821
8.7197,1.3921
8.7202,1.3871
8.7208,1.3821
8.7213,1.3871
8.7219,1.3871
8.7224,1.3871
8.7230,1.3921
8.7235,1.3821
8.7241,1.3871
8.7246,1.3821
8.7252,1.3871
8.7257,1.3871
8.7263,1.3821
8.7269,1.3821
8.7274,1.3871
8.7280,1.3871
8.7285,1.3871
8.7291,1.3871
8.7296,1.3821
8.7303,1.3871
8.7309,1.3871
8.7314,1.3821
8.7320,1.3821
8.7326,1.3871
8.7332,1.3770
8.7338,1.3871
8.7344,1.3821
8.7350,1.3871
8.7356,1.3821
8.7363,1.3821
8.7369,1.3821
8.7374,1.3871
8.7380,1.3871
8.7386,1.3821
8.7391,1.3871
8.7397,1.3871
8.7403,1.3871
8.7408,1.3821
8.7414,1.3821
8.7420,1.3871
8.7425,1.3871
8.7431,1.3821
8.7436,1.3821
8.7442,1.3871
8.7447,1.3821
8.7453,1.3821
8.7458,1.3821
8.7464,1.3871
8.7469,1.3821
8.7475,1.3821
8.7480,1.3821
8.7486,1.3821
8.7492,1.3821
8.7498,1.3821
8.7503,1.3770
8.7509,1.3821
8.7515,1.3871
8.7520,1.3821
8.7526,1.3821
8.7532,1.3871
8.7538,1.3821
8.7544,1.3871
8.7550,1.3821
8.7556,1.3821
8.7562,1.3871
8.7568,1.3821
8.7574,1.3821
8.7579,1.3871
8.7586,1.3821
8.7591,1.3821
8.7597,1.3770
8.7607,1.3821
8.7613,1.3821
8.7619,1.3770
8.7624,1.3871
8.7630,1.3770
8.7637,1.3821
8.7642,1.3821
8.7648,1.3871
8.7654,1.3821
8.7660,1.3821
8.7666,1.3770
8.7672,1.3770
8.7677,1.3821
8.7683,1.3821
8.7689,1.3821
8.7695,1.3770
8.7701,1.3821
8.7707,1.3821
8.7712,1.3821
8.7718,1.3770
8.7723,1.3821
8.7729,1.3821
8.7736,1.3770
8.7742,1.3821
8.7748,1.3821
8.7754,1.3821
8.7760,1.3821
8.7766,1.3821
8.7771,1.3770
8.7777,1.3821
8.7782,1.3821
8.7788,1.3770
8.7793,1.3770
8.7799,1.3821
8.7804,1.3770
8.7810,1.3821
8.7815,1.3821
8.7821,1.3770
8.7827,1.3821
8.7832,1.3770
8.7838,1.3821
8.7843,1.3770
8.7849,1.3821
8.7854,1.3770
8.7860,1.3821
8.7865,1.3821
8.7871,1.3821
8.7876,1.3770
8.7882,1.3770
8.7887,1.3821
8.7893,1.3770
8.7898,1.3821
8.7904,1.3770
8.7909,1.3821
8.7915,1.3770
8.7920,1.3770
8.7926,1.3821
8.7931,1.3770
8.7937,1.3821
8.7942,1.3821
8.7948,1.3821
8.7953,1.3821
8.7959,1.3720
8.7964,1.3821
8.7970,1.3770
8.7975,1.3720
8.7981,1.3821
8.7986,1.3821
8.7992,1.3821
8.7998,1.3821
8.8004,1.3770
8.8009,1.3770
8.8015,1.3720
8.8020,1.3770
8.8026,1.3821
8.8031,1.3821
8.8037,1.3720
8.8043,1.3770
8.8048,1.3770
8.8054,1.3770
8.8059,1.3821
8.8065,1.3821
8.8070,1.3770
8.8076,1.3770
8.8081,1.3821
8.8087,1.3821
8.8092,1.3770
8.8098,1.3821
8.8103,1.3770
8.8109,1.3770
8.8114,1.3770
8.8120,1.3770
8.8125,1.3770
8.8131,1.3821
8.8136,1.3770
8.8142,1.3720
8.8147,1.3821
8.8153,1.3770
8.8158,1.3770
8.8164,1.3770
8.8169,1.3821
8.8175,1.3770
8.8180,1.3770
8.8186,1.3770
8.8191,1.3720
8.8197,1.3770
8.8202,1.3770
8.8208,1.3770
8.8213,1.3821
8.8219,1.3821
8.8224,1.3821
8.8230,1.3720
8.8235,1.3720
8.8241,1.3770
8.8246,1.3770
8.8252,1.3821
8.8257,1.3821
8.8263,1.3720
8.8268,1.3770
8.8274,1.3770
8.8279,1.3770
8.8285,1.3720
8.8290,1.3770
8.8296,1.3720
8.8301,1.3720
8.8307,1.3770
8.8312,1.3770
8.8318,1.3770
8.8324,1.3770
8.8329,1.3720
8.8335,1.3770
8.8340,1.3770
8.8345,1.3770
8.8351,1.3770
8.8356,1.3720
8.8362,1.3770
8.8367,1.3770
8.8372,1.3770
8.8378,1.3821
8.8383,1.3770
8.8389,1.3770
8.8394,1.3770
8.8400,1.3720
8.8405,1.3770
8.8410,1.3770
8.8416,1.3720
8.8421,1.3720
8.8427,1.3770
8.8432,1.3770
8.8437,1.3770
8.8443,1.3821
8.8448,1.3720
8.8454,1.3720
8.8459,1.3770
8.8464,1.3770
8.8470,1.3720
8.8475,1.3720
8.8481,1.3770
8.8486,1.3770
8.8491,1.3770
8.8497,1.3770
8.8502,1.3770
8.8508,1.3770
8.8513,1.3720
8.8518,1.3720
8.8524,1.3720
8.8529,1.3720
8.8535,1.3770
8.8540,1.3770
8.8545,1.3770
8.8551,1.3720
8.8556,1.3770
8.8561,1.3720
8.8567,1.3770
8.8572,1.3770
8.8578,1.3720
8.8583,1.3770
8.8588,1.3770
8.8594,1.3770
8.8599,1.3720
8.8605,1.3770
8.8610,1.3720
8.8615,1.3770
8.8621,1.3770
8.8626,1.3770
8.8632,1.3720
8.8637,1.3770
8.8642,1.3720
8.8648,1.3720
8.8653,1.3770
8.8659,1.3720
8.8664,1.3720
8.8669,1.3720
8.8675,1.3770
8.8680,1.3770
8.8686,1.3720
8.8691,1.3770
8.8696,1.3770
8.8702,1.3770
8.8707,1.3770
8.8712,1.3720
8.8718,1.3720
8.8723,1.3720
8.8729,1.3770
8.8734,1.3720
8.8739,1.3770
8.8745,1.3770
8.8750,1.3770
8.8756,1.3770
8.8761,1.3720
8.8766,1.3720
8.8772,1.3720
8.8777,1.3720
8.8783,1.3770
8.8788,1.3720
8.8793,1.3770
8.8799,1.3770
8.8804,1.3720
8.8810,1.3770
8.8815,1.3770
8.8820,1.3720
8.8826,1.3720
8.8831,1.3770
8.8837,1.3770
8.8842,1.3720
8.8847,1.3720
8.8853,1.3720
8.8858,1.3720
8.8863,1.3720
8.8869,1.3770
8.8874,1.3770
8.8880,1.3770
8.8885,1.3720
8.8890,1.3720
8.8896,1.3720
8.8901,1.3720
8.8907,1.3720
8.8912,1.3770
8.8917,1.3720
8.8923,1.3770
8.8928,1.3770
8.8934,1.3770
8.8939,1.3770
8.8944,1.3720
8.8950,1.3770
8.8955,1.3770
8.8961,1.3720
8.8966,1.3720
8.8971,1.3770
8.8977,1.3669
8.8982,1.3770
8.8987,1.3770
8.8993,1.3720
8.8998,1.3770
8.9004,1.3720
8.9009,1.3720
8.9014,1.3720
8.9020,1.3770
8.9025,1.3720
8.9031,1.3720
8.9036,1.3720
8.9041,1.3770
8.9047,1.3720
8.9052,1.3770
8.9058,1.3720
8.9063,1.3720
8.9068,1.3720
8.9074,1.3720
8.9079,1.3720
8.9085,1.3720
8.9090,1.3720
8.9096,1.3720
8.9101,1.3770
8.9106,1.3720
8.9112,1.3720
8.9117,1.3720
8.9122,1.3720
8.9128,1.3669
8.9133,1.3770
8.9139,1.3720
8.9144,1.3770
8.9149,1.3720
8.9155,1.3669
8.9160,1.3770
8.9166,1.3770
8.9171,1.3720
8.9176,1.3770
8.9182,1.3770
8.9187,1.3720
8.9192,1.3720
8.9198,1.3720
8.9203,1.3770
8.9208,1.3770
8.9214,1.3720
8.9219,1.3720
8.9224,1.3720
8.9230,1.3720
8.9236,1.3720
8.9242,1.3720
8.9247,1.3720
8.9253,1.3720
8.9258,1.3770
8.9263,1.3669
8.9269,1.3720
8.9274,1.3720
8.9280,1.3720
8.9285,1.3720
8.9290,1.3720
8.9296,1.3720
8.9301,1.3720
8.9307,1.3770
8.9312,1.3720
8.9317,1.3720
8.9324,1.3669
8.9329,1.3720
8.9334,1.3720
8.9340,1.3720
8.9345,1.3720
8.9351,1.3720
8.9356,1.3720
8.9362,1.3720
8.9367,1.3720
8.9373,1.3720
8.9381,1.3720
8.9387,1.3720
8.9392,1.3720
8.9398,1.3720
8.9403,1.3720
8.9409,1.3720
8.9414,1.3720
8.9420,1.3720
8.9425,1.3720
8.9430,1.3770
8.9436,1.3720
8.9442,1.3720
8.9447,1.3720
8.9452,1.3669
8.9458,1.3720
8.9463,1.3720
8.9469,1.3720
8.9474,1.3720
8.9480,1.3770
8.9485,1.3720
8.9491,1.3770
8.9496,1.3720
8.9502,1.3770
8.9507,1.3669
8.9513,1.3720
8.9518,1.3669
8.9523,1.3720
8.9529,1.3720
8.9534,1.3669
8.9540,1.3720
8.9545,1.3720
8.9551,1.3720
8.9556,1.3720
8.9562,1.3720
8.9567,1.3720
8.9573,1.3720
8.9578,1.3720
8.9584,1.3669
8.9589,1.3669
8.9595,1.3720
8.9600,1.3720
8.9605,1.3720
8.9611,1.3720
8.9616,1.3720
8.9622,1.3669
8.9627,1.3720
8.9633,1.3720
8.9638,1.3770
8.9644,1.3720
8.9649,1.3720
8.9655,1.3720
8.9661,1.3770
8.9666,1.3669
8.9672,1.3770
8.9677,1.3720
8.9682,1.3720
8.9688,1.3720
8.9693,1.3720
8.9699,1.3770
8.9704,1.3720
8.9710,1.3770
8.9715,1.3720
8.9721,1.3720
8.9726,1.3770
8.9732,1.3770
8.9737,1.3720
8.9743,1.3720
8.9748,1.3770
8.9753,1.3770
8.9759,1.3720
8.9764,1.3770
8.9770,1.3720
8.9775,1.3770
8.9781,1.3770
8.9787,1.3770
8.9792,1.3770
8.9797,1.3720
8.9803,1.3720
8.9809,1.3770
8.9814,1.3770
8.9819,1.3720
8.9825,1.3770
8.9830,1.3770
8.9836,1.3720
8.9841,1.3770
8.9847,1.3770
8.9852,1.3720
8.9858,1.3770
8.9863,1.3770
8.9869,1.3770
8.9874,1.3770
8.9880,1.3821
8.9885,1.3770
8.9891,1.3770
8.9896,1.3770
8.9901,1.3770
8.9907,1.3770
8.9912,1.3821
8.9918,1.3770
8.9923,1.3871
8.9929,1.3770
8.9934,1.3821
8.9940,1.3770
8.9945,1.3821
8.9951,1.3821
8.9956,1.3770
8.9962,1.3770
8.9967,1.3821
8.9972,1.3871
8.9978,1.3821
8.9983,1.3770
8.9989,1.3821
8.9994,1.3770
9.0000,1.3770
9.0005,1.3770
9.0011,1.3821
9.0016,1.3821
9.0022,1.3821
9.0027,1.3871
9.0033,1.3821
9.0038,1.3871
9.0043,1.3871
9.0049,1.3821
9.0054,1.3821
9.0060,1.3821
9.0065,1.3821
9.0071,1.3821
9.0076,1.3821
9.0082,1.3821
9.0087,1.3871
9.0093,1.3871
9.0098,1.3871
9.0103,1.3821
9.0109,1.3871
9.0114,1.3921
9.0120,1.3871
9.0125,1.3871
9.0131,1.3921
9.0136,1.3871
9.0142,1.3821
9.0147,1.3871
9.0153,1.3921
9.0158,1.3871
9.0164,1.3921
9.0169,1.3871
9.0175,1.3921
9.0180,1.3921
9.0186,1.3871
9.0191,1.3921
9.0197,1.3921
9.0202,1.3921
9.0208,1.3921
9.0213,1.3921
9.0219,1.3972
9.0224,1.3871
9.0230,1.3972
9.0235,1.3972
9.0241,1.3972
9.0246,1.3972
9.0252,1.3972
9.0257,1.3921
9.0263,1.3972
9.0268,1.3921
9.0274,1.3972
9.0279,1.3972
9.0285,1.3921
9.0290,1.3921
9.0296,1.3972
9.0301,1.3921
9.0307,1.3972
9.0312,1.3972
9.0318,1.3921
9.0324,1.3972
9.0329,1.3921
9.0335,1.3972
9.0340,1.3972
9.0346,1.3972
9.0351,1.3972
9.0357,1.3972
9.0362,1.4022
9.0368,1.3972
9.0373,1.3972
9.0379,1.4022
9.0384,1.3921
9.0390,1.3972
9.0395,1.3972
9.0401,1.3972
9.0406,1.4022
9.0412,1.4022
9.0417,1.4022
9.0423,1.4022
9.0428,1.4022
9.0434,1.3972
9.0439,1.4022
9.0445,1.4022
9.0450,1.3972
9.0456,1.4022
9.0461,1.4022
9.0467,1.3972
9.0472,1.4022
9.0478,1.4022
9.0483,1.4022
9.0489,1.4022
9.0494,1.4022
9.0500,1.4022
9.0505,1.4022
9.0511,1.4022
9.0516,1.4022
9.0522,1.3972
9.0528,1.3972
9.0533,1.4022
9.0539,1.3972
9.0544,1.4022
9.0550,1.4022
9.0555,1.3972
9.0561,1.4022
9.0566,1.4022
9.0572,1.3972
9.0577,1.4022
9.0583,1.4022
9.0588,1.4022
9.0594,1.4022
9.0599,1.4073
9.0605,1.4022
9.0610,1.4022
9.0616,1.4022
9.0621,1.4073
9.0627,1.4022
9.0632,1.4022
9.0638,1.4022
9.0643,1.4022
9.0649,1.4022
9.0654,1.4022
9.0660,1.4022
9.0665,1.4022
9.0671,1.4073
9.0676,1.4022
9.0682,1.4073
9.0687,1.4073
9.0693,1.4073
9.0698,1.4022
9.0704,1.4022
9.0709,1.4022
9.0715,1.4073
9.0720,1.4022
9.0726,1.4022
9.0731,1.4022
9.0737,1.4022
9.0742,1.4022
9.0748,1.4022
9.0753,1.4022
9.0759,1.4073
9.0764,1.4073
9.0770,1.4022
9.0775,1.4022
9.0781,1.4073
9.0786,1.4073
9.0792,1.4022
9.0797,1.4073
9.0803,1.4022
9.0808,1.4022
9.0814,1.4022
9.0819,1.4073
9.0825,1.4073
9.0830,1.4022
9.0836,1.4022
9.0841,1.4073
9.0847,1.4022
9.0852,1.4073
9.0858,1.4073
9.0863,1.4073
9.0869,1.4073
9.0874,1.4073
9.0880,1.4073
9.0885,1.4022
9.0891,1.4073
9.0896,1.4073
9.0902,1.4073
9.0907,1.4073
9.0913,1.4073
9.0918,1.4073
9.0924,1.4022
9.0929,1.4073
9.0935,1.4123
9.0940,1.4073
9.0946,1.4073
9.0951,1.4073
9.0957,1.4073
9.0962,1.4073
9.0968,1.4073
9.0973,1.4073
9.0979,1.4073
9.0984,1.4073
9.0990,1.4022
9.0995,1.4073
9.1001,1.4073
9.1006,1.4073
9.1012,1.4073
9.1017,1.4073
9.1023,1.4073
9.1028,1.4022
9.1034,1.4073
9.1039,1.4073
9.1045,1.4073
9.1050,1.4073
9.1056,1.4073
9.1061,1.4073
9.1067,1.4073
9.1072,1.4022
9.1078,1.4073
9.1083,1.4073
9.1089,1.4123
9.1094,1.4073
9.1100,1.4022
9.1105,1.4073
9.1111,1.4073
9.1116,1.4073
9.1122,1.4073
9.1127,1.4123
9.1133,1.4073
9.1138,1.4073
9.1144,1.4073
9.1149,1.4073
9.1155,1.4073
9.1160,1.4123
9.1166,1.4073
9.1171,1.4073
9.1177,1.4022
9.1182,1.4073
9.1188,1.4073
9.1193,1.4073
9.1199,1.4073
9.1204,1.4073
9.1210,1.4073
9.1215,1.4073
9.1221,1.4022
9.1226,1.4073
9.1232,1.4073
9.1237,1.4073
9.1243,1.4073
9.1248,1.4022
9.1254,1.4073
9.1259,1.4073
9.1265,1.4022
9.1270,1.4073
9.1276,1.4073
9.1281,1.4073
9.1287,1.4073
9.1292,1.4073
9.1298,1.4022
9.1303,1.4073
9.1309,1.4073
9.1314,1.4073
9.1320,1.4022
9.1325,1.4073
9.1331,1.4073
9.1337,1.4073
9.1342,1.4073
9.1348,1.4073
9.1353,1.4073
9.1359,1.4073
9.1364,1.4022
9.1370,1.4022
9.1375,1.4073
9.1381,1.4073
9.1386,1.4073
9.1392,1.4073
9.1397,1.4123
9.1403,1.4123
9.1408,1.4022
9.1414,1.4073
9.1419,1.4073
9.1425,1.4022
9.1430,1.4073
9.1436,1.4073
9.1441,1.4073
9.1447,1.4073
9.1452,1.4073
9.1458,1.4073
9.1463,1.4022
9.1469,1.4073
9.1474,1.4022
9.1480,1.4073
9.1485,1.4073
9.1491,1.4073
9.1496,1.4073
9.1502,1.4073
9.1507,1.4073
9.1513,1.4022
9.1518,1.4123
9.1524,1.4022
9.1529,1.4022
9.1535,1.4022
9.1540,1.4073
9.1546,1.4073
9.1551,1.4022
9.1557,1.4073
9.1562,1.4073
9.1568,1.4073
9.1573,1.4022
9.1579,1.4073
9.1584,1.4073
9.1590,1.4022
9.1595,1.4073
9.1601,1.4022
9.1606,1.4073
9.1612,1.4022
9.1617,1.4073
9.1623,1.3972
9.1628,1.4073
9.1634,1.4022
9.1642,1.4073
9.1648,1.4073
9.1655,1.4073
9.1661,1.4022
9.1666,1.4022
9.1671,1.4073
9.1677,1.4022
9.1682,1.4073
9.1688,1.4073
9.1693,1.4022
9.1699,1.4022
9.1704,1.4022
9.1710,1.4073
9.1715,1.4022
9.1721,1.4073
9.1726,1.4022
9.1731,1.4022
9.1737,1.4022
9.1742,1.4022
9.1748,1.4073
9.1753,1.4022
9.1759,1.4022
9.1764,1.4022
9.1770,1.4022
9.1775,1.4022
9.1781,1.3972
9.1786,1.4073
9.1792,1.4022
9.1797,1.4022
9.1802,1.4022
9.1808,1.3972
9.1813,1.4073
9.1819,1.4022
9.1824,1.4073
9.1830,1.3972
9.1836,1.4022
9.1841,1.4022
9.1846,1.4022
9.1852,1.4022
9.1857,1.4022
9.1863,1.4022
9.1868,1.3972
9.1874,1.4022
9.1880,1.4022
9.1885,1.4022
9.1891,1.4022
9.1896,1.4022
9.1901,1.4022
9.1907,1.4022
9.1912,1.4022
9.1918,1.4022
9.1923,1.4022
9.1929,1.4022
9.1934,1.3972
9.1940,1.4022
9.1945,1.4022
9.1951,1.4022
9.1956,1.4022
9.1962,1.4073
9.1967,1.3972
9.1972,1.4022
9.1978,1.4022
9.1983,1.4022
9.1989,1.4022
9.1994,1.4022
9.2000,1.4073
9.2005,1.3972
9.2011,1.4022
9.2016,1.3972
9.2022,1.4022
9.2027,1.4022
9.2033,1.4022
9.2038,1.4022
9.2044,1.3972
9.2049,1.3972
9.2055,1.4022
9.2060,1.4022
9.2066,1.4022
9.2071,1.4022
9.2077,1.4022
9.2082,1.4022
9.2088,1.4073
9.2093,1.3972
9.2099,1.4022
9.2104,1.4022
9.2110,1.4073
9.2115,1.4022
9.2121,1.4022
9.2126,1.3972
9.2132,1.3972
9.2137,1.4022
9.2143,1.3972
9.2148,1.3972
9.2154,1.3972
9.2159,1.3921
9.2165,1.4022
9.2170,1.4022
9.2176,1.3972
9.2181,1.4022
9.2187,1.3972
9.2192,1.3972
9.2198,1.3972
9.2203,1.3972
9.2209,1.4022
9.2214,1.3972
9.2220,1.4022
9.2225,1.3972
9.2231,1.3972
9.2236,1.3972
9.2242,1.3972
9.2247,1.3921
9.2253,1.3972
9.2258,1.3972
9.2264,1.3972
9.2269,1.4022
9.2275,1.3972
9.2280,1.4022
9.2286,1.3972
9.2291,1.3972
9.2297,1.3972
9.2302,1.3972
9.2308,1.3972
9.2313,1.3972
9.2319,1.4022
9.2325,1.4022
9.2331,1.3921
9.2337,1.3972
9.2343,1.3921
9.2349,1.4022
9.2355,1.3972
9.2361,1.3921
9.2366,1.3972
9.2372,1.3921
9.2377,1.3921
9.2383,1.3972
9.2389,1.4022
9.2394,1.3972
9.2400,1.3972
9.2406,1.3972
9.2411,1.4022
9.2417,1.4022
9.2422,1.3921
9.2428,1.3972
9.2433,1.3972
9.2439,1.3921
9.2444,1.4022
9.2450,1.3972
9.2455,1.3921
9.2461,1.3921
9.2466,1.4022
9.2472,1.3972
9.2477,1.3972
9.2483,1.3972
9.2489,1.3972
9.2494,1.3972
9.2500,1.3972
9.2506,1.3921
9.2512,1.3972
9.2518,1.4022
9.2524,1.3972
9.2529,1.3921
9.2535,1.3972
9.2541,1.3972
9.2546,1.3921
9.2552,1.3921
9.2558,1.3921
9.2563,1.3972
9.2569,1.3972
9.2574,1.3972
9.2580,1.3972
9.2586,1.4022
9.2592,1.3972
9.2597,1.3921
9.2603,1.3921
9.2608,1.3972
9.2614,1.3972
9.2619,1.3972
9.2625,1.3972
9.2630,1.3921
9.2636,1.3972
9.2641,1.3972
9.2647,1.3972
9.2652,1.3972
9.2658,1.3921
9.2663,1.3921
9.2669,1.3972
9.2674,1.3972
9.2680,1.3972
9.2685,1.3972
9.2691,1.3921
9.2696,1.3972
9.2702,1.3972
9.2707,1.3972
9.2713,1.3921
9.2718,1.3921
9.2723,1.3972
9.2729,1.3921
9.2734,1.3972
9.2740,1.3921
9.2745,1.3972
9.2751,1.3972
9.2756,1.3921
9.2762,1.3972
9.2767,1.3972
9.2773,1.3972
9.2778,1.3871
9.2784,1.3921
9.2789,1.3972
9.2795,1.3972
9.2800,1.3972
9.2805,1.3972
9.2811,1.3972
9.2816,1.3921
9.2822,1.3972
9.2827,1.3921
9.2833,1.4022
9.2839,1.3921
9.2844,1.3972
9.2849,1.3972
9.2870,1.3972
9.2875,1.3921
9.2881,1.3972
9.2886,1.3972
9.2892,1.3972
9.2897,1.3921
9.2903,1.3921
9.2908,1.3972
9.2914,1.3921
9.2919,1.3972
9.2925,1.3972
9.2930,1.3972
9.2936,1.3972
9.2942,1.3972
9.2947,1.3921
9.2952,1.3972
9.2958,1.3972
9.2963,1.3921
9.2969,1.3921
9.2974,1.3972
9.2980,1.3921
9.2985,1.3921
9.2991,1.3972
9.2996,1.3921
9.3002,1.3972
9.3007,1.3921
9.3013,1.3921
9.3018,1.3972
9.3023,1.3921
9.3029,1.3972
9.3034,1.3921
9.3040,1.3921
9.3045,1.3972
9.3051,1.3921
9.3056,1.3921
9.3062,1.3972
9.3067,1.3972
9.3073,1.3972
9.3078,1.3921
9.3084,1.3972
9.3089,1.3921
9.3094,1.3972
9.3100,1.3972
9.3105,1.3972
9.3111,1.3921
9.3116,1.3921
9.3122,1.3921
9.3127,1.3972
9.3133,1.3972
9.3138,1.3972
9.3144,1.3972
9.3149,1.3972
9.3155,1.3921
9.3160,1.3972
9.3166,1.3972
9.3171,1.3972
9.3177,1.3972
9.3182,1.3972
9.3187,1.3972
9.3193,1.3921
9.3198,1.3972
9.3204,1.3921
9.3209,1.3972
9.3215,1.3972
9.3220,1.3921
9.3226,1.3972
9.3231,1.3972
9.3237,1.3921
9.3242,1.3972
9.3248,1.3972
9.3253,1.3972
9.3259,1.3972
9.3264,1.3972
9.3270,1.3972
9.3275,1.3921
9.3281,1.3972
9.3286,1.3921
9.3292,1.3972
9.3298,1.3972
9.3303,1.3972
9.3309,1.3921
9.3314,1.3972
9.3320,1.3972
9.3325,1.3972
9.3331,1.3972
9.3336,1.3921
9.3343,1.3972
9.3348,1.3972
9.3354,1.3972
9.3359,1.3921
9.3365,1.3972
9.3370,1.3972
9.3376,1.3972
9.3381,1.3972
9.3387,1.3972
9.3392,1.3972
9.3398,1.3972
9.3403,1.3972
9.3409,1.3972
9.3414,1.3972
9.3420,1.3972
9.3426,1.3921
9.3432,1.3921
9.3438,1.3972
9.3443,1.3921
9.3449,1.3921
9.3455,1.3972
9.3460,1.3972
9.3466,1.3972
9.3471,1.3972
9.3477,1.3972
9.3482,1.3921
9.3488,1.3921
9.3494,1.3921
9.3500,1.3921
9.3506,1.3972
9.3511,1.3921
9.3517,1.3972
9.3522,1.3972
9.3528,1.3972
9.3533,1.3921
9.3539,1.3972
9.3544,1.3972
9.3549,1.3972
9.3555,1.3972
9.3560,1.3921
9.3566,1.3972
9.3571,1.3972
9.3576,1.3921
9.3582,1.3972
9.3587,1.3921
9.3593,1.3972
9.3598,1.3921
9.3603,1.3972
9.3609,1.3921
9.3614,1.4022
9.3620,1.3921
9.3625,1.3921
9.3630,1.3921
9.3636,1.3972
9.3641,1.3972
9.3651,1.3921
9.3657,1.3921
9.3662,1.3921
9.3668,1.3871
9.3674,1.3921
9.3679,1.3921
9.3684,1.3972
9.3690,1.3972
9.3695,1.3972
9.3701,1.3921
9.3706,1.3921
9.3711,1.3921
9.3717,1.3921
9.3722,1.3972
9.3728,1.3921
9.3733,1.3972
9.3738,1.3871
9.3744,1.3921
9.3749,1.3921
9.3755,1.3972
9.3760,1.3921
9.3765,1.3921
9.3771,1.3921
9.3776,1.3921
9.3782,1.3921
9.3787,1.3921
9.3793,1.3921
9.3798,1.3921
9.3803,1.3921
9.3809,1.3972
9.3814,1.3871
9.3819,1.3972
9.3825,1.3921
9.3830,1.3921
9.3836,1.3921
9.3841,1.3921
9.3847,1.3921
9.3852,1.3871
9.3858,1.3972
9.3863,1.3972
9.3869,1.3921
9.3874,1.3921
9.3879,1.3921
9.3885,1.3972
9.3890,1.3921
9.3896,1.3921
9.3901,1.3921
9.3906,1.3871
9.3912,1.3921
9.3917,1.3921
9.3923,1.3871
9.3928,1.3921
9.3933,1.3871
9.3939,1.3921
9.3944,1.3871
9.3950,1.3972
9.3955,1.3921
9.3960,1.3921
9.3966,1.3921
9.3971,1.3921
9.3977,1.3921
9.3982,1.3921
9.3987,1.3871
9.3993,1.3921
9.3998,1.3921
9.4004,1.3871
9.4009,1.3921
9.4015,1.3921
9.4020,1.3921
9.4025,1.3921
9.4031,1.3871
9.4036,1.3972
9.4042,1.3871
9.4047,1.3921
9.4052,1.3871
9.4058,1.3871
9.4063,1.3921
9.4069,1.3921
9.4074,1.3972
9.4079,1.3871
9.4085,1.3921
9.4090,1.3871
9.4096,1.3921
9.4101,1.3871
9.4107,1.3921
9.4112,1.3871
9.4117,1.3921
9.4123,1.3921
9.4128,1.3921
9.4134,1.3871
9.4139,1.3921
9.4144,1.3921
9.4150,1.3871
9.4155,1.3871
9.4161,1.3871
9.4166,1.3972
9.4172,1.3921
9.4177,1.3871
9.4183,1.3921
9.4188,1.3871
9.4193,1.3921
9.4199,1.3921
9.4204,1.3821
9.4210,1.3921
9.4215,1.3871
9.4221,1.3972
9.4226,1.3871
9.4231,1.3871
9.4237,1.3871
9.4242,1.3921
9.4248,1.3871
9.4253,1.3921
9.4259,1.3921
9.4264,1.3921
9.4270,1.3871
9.4275,1.3921
9.4280,1.3871
9.4286,1.3871
9.4291,1.3921
9.4297,1.3921
9.4302,1.3871
9.4308,1.3921
9.4313,1.3871
9.4319,1.3871
9.4324,1.3871
9.4329,1.3921
9.4335,1.3921
9.4340,1.3921
9.4346,1.3871
9.4353,1.3821
9.4358,1.3871
9.4363,1.3921
9.4369,1.3871
9.4374,1.3871
9.4380,1.3921
9.4385,1.3871
9.4391,1.3921
9.4397,1.3871
9.4402,1.3871
9.4408,1.3871
9.4413,1.3921
9.4419,1.3871
9.4424,1.3871
9.4430,1.3821
9.4435,1.3871
9.4441,1.3921
9.4446,1.3871
9.4452,1.3821
9.4457,1.3871
9.4463,1.3871
9.4468,1.3871
9.4474,1.3921
9.4479,1.3821
9.4485,1.3871
9.4490,1.3871
9.4495,1.3871
9.4501,1.3871
9.4506,1.3871
9.4512,1.3871
9.4517,1.3871
9.4523,1.3871
9.4528,1.3871
9.4534,1.3871
9.4539,1.3871
9.4545,1.3770
9.4551,1.3821
9.4556,1.3821
9.4562,1.3871
9.4567,1.3871
9.4573,1.3871
9.4578,1.3871
9.4584,1.3871
9.4589,1.3871
9.4595,1.3871
9.4600,1.3871
9.4606,1.3821
9.4611,1.3871
9.4617,1.3821
9.4622,1.3871
9.4628,1.3871
9.4633,1.3821
9.4639,1.3871
9.4644,1.3821
9.4650,1.3871
9.4655,1.3821
9.4661,1.3871
9.4666,1.3871
9.4672,1.3871
9.4677,1.3821
9.4683,1.3871
9.4688,1.3871
9.4694,1.3871
9.4699,1.3871
9.4705,1.3821
9.4710,1.3821
9.4716,1.3821
9.4721,1.3871
9.4727,1.3821
9.4732,1.3871
9.4738,1.3821
9.4743,1.3871
9.4749,1.3871
9.4755,1.3821
9.4760,1.3821
9.4766,1.3821
9.4771,1.3821
9.4777,1.3821
9.4782,1.3770
9.4788,1.3871
9.4793,1.3871
9.4798,1.3821
9.4804,1.3821
9.4809,1.3821
9.4815,1.3871
9.4820,1.3871
9.4826,1.3770
9.4831,1.3821
9.4837,1.3821
9.4843,1.3871
9.4848,1.3821
9.4854,1.3821
9.4859,1.3821
9.4865,1.3821
9.4870,1.3821
9.4876,1.3821
9.4881,1.3821
9.4887,1.3821
9.4892,1.3821
9.4897,1.3821
9.4903,1.3821
9.4908,1.3871
9.4914,1.3871
9.4919,1.3821
9.4925,1.3821
9.4930,1.3821
9.4936,1.3821
9.4941,1.3821
9.4947,1.3821
9.4952,1.3821
9.4958,1.3821
9.4963,1.3821
9.4969,1.3871
9.4974,1.3821
9.4980,1.3821
9.4985,1.3821
9.4991,1.3871
9.4996,1.3821
9.5002,1.3821
9.5007,1.3871
9.5013,1.3821
9.5018,1.3821
9.5024,1.3821
9.5029,1.3821
9.5035,1.3770
9.5041,1.3821
9.5046,1.3871
9.5052,1.3821
9.5057,1.3770
9.5063,1.3770
9.5068,1.3821
9.5074,1.3821
9.5079,1.3770
9.5085,1.3871
9.5090,1.3821
9.5096,1.3821
9.5101,1.3821
9.5107,1.3770
9.5112,1.3770
9.5118,1.3821
9.5123,1.3720
9.5129,1.3821
9.5134,1.3770
9.5140,1.3821
9.5145,1.3770
9.5151,1.3821
9.5156,1.3770
9.5162,1.3821
9.5167,1.3770
9.5173,1.3821
9.5178,1.3770
9.5184,1.3821
9.5189,1.3770
9.5195,1.3821
9.5200,1.3821
9.5206,1.3871
9.5211,1.3770
9.5217,1.3770
9.5222,1.3821
9.5228,1.3821
9.5233,1.3770
9.5239,1.3821
9.5244,1.3770
9.5250,1.3770
9.5255,1.3821
9.5261,1.3770
9.5266,1.3821
9.5272,1.3770
9.5277,1.3720
9.5283,1.3770
9.5288,1.3821
9.5294,1.3821
9.5299,1.3821
9.5305,1.3821
9.5310,1.3770
9.5316,1.3770
9.5321,1.3821
9.5327,1.3821
9.5332,1.3821
9.5338,1.3770
9.5343,1.3770
9.5349,1.3821
9.5355,1.3821
9.5360,1.3770
9.5366,1.3770
9.5371,1.3770
9.5377,1.3770
9.5382,1.3770
9.5388,1.3770
9.5393,1.3770
9.5399,1.3770
9.5404,1.3770
9.5410,1.3821
9.5415,1.3770
9.5421,1.3770
9.5426,1.3720
9.5432,1.3770
9.5437,1.3770
9.5443,1.3821
9.5448,1.3770
9.5454,1.3821
9.5459,1.3770
9.5465,1.3770
9.5470,1.3821
9.5476,1.3720
9.5481,1.3770
9.5487,1.3770
9.5492,1.3821
9.5498,1.3770
9.5503,1.3821
9.5509,1.3770
9.5514,1.3770
9.5520,1.3821
9.5525,1.3770
9.5532,1.3770
9.5537,1.3821
9.5543,1.3770
9.5548,1.3770
9.5554,1.3720
9.5559,1.3770
9.5565,1.3770
9.5570,1.3770
9.5576,1.3770
9.5581,1.3821
9.5587,1.3821
9.5592,1.3770
9.5598,1.3770
9.5603,1.3770
9.5609,1.3770
9.5614,1.3770
9.5620,1.3821
9.5625,1.3770
9.5631,1.3770
9.5636,1.3770
9.5642,1.3770
9.5647,1.3770
9.5653,1.3770
9.5658,1.3720
9.5664,1.3770
9.5669,1.3821
9.5675,1.3770
9.5680,1.3770
9.5686,1.3720
9.5691,1.3770
9.5697,1.3770
9.5702,1.3770
9.5708,1.3770
9.5713,1.3821
9.5718,1.3821
9.5724,1.3770
9.5729,1.3770
9.5735,1.3770
9.5740,1.3770
9.5746,1.3770
9.5751,1.3770
9.5757,1.3770
9.5762,1.3770
9.5768,1.3720
9.5773,1.3770
9.5779,1.3770
9.5784,1.3770
9.5789,1.3770
9.5795,1.3770
9.5800,1.3821
9.5806,1.3770
9.5812,1.3770
9.5817,1.3770
9.5822,1.3770
9.5828,1.3720
9.5833,1.3720
9.5839,1.3770
9.5844,1.3770
9.5850,1.3770
9.5855,1.3770
9.5861,1.3821
9.5866,1.3770
9.5872,1.3770
9.5877,1.3770
9.5883,1.3770
9.5888,1.3720
9.5894,1.3821
9.5899,1.3720
9.5904,1.3770
9.5910,1.3770
9.5915,1.3770
9.5921,1.3770
9.5926,1.3770
9.5932,1.3770
9.5937,1.3770
9.5943,1.3720
9.5948,1.3770
9.5954,1.3770
9.5959,1.3770
9.5965,1.3720
9.5970,1.3770
9.5976,1.3770
9.5981,1.3770
9.5987,1.3720
9.5992,1.3720
9.5997,1.3720
9.6003,1.3770
9.6008,1.3770
9.6014,1.3770
9.6019,1.3770
9.6025,1.3720
9.6030,1.3770
9.6036,1.3770
9.6041,1.3770
9.6047,1.3770
9.6052,1.3770
9.6058,1.3720
9.6063,1.3770
9.6069,1.3720
9.6074,1.3770
9.6080,1.3770
9.6085,1.3720
9.6091,1.3720
9.6097,1.3720
9.6102,1.3720
9.6108,1.3770
9.6113,1.3770
9.6119,1.3770
9.6124,1.3770
9.6130,1.3770
9.6135,1.3770
9.6141,1.3720
9.6146,1.3770
9.6152,1.3720
9.6157,1.3770
9.6163,1.3720
9.6168,1.3770
9.6174,1.3770
9.6179,1.3770
9.6185,1.3720
9.6190,1.3770
9.6196,1.3720
9.6201,1.3720
9.6207,1.3720
9.6212,1.3720
9.6218,1.3669
9.6223,1.3720
9.6229,1.3770
9.6234,1.3720
9.6240,1.3770
9.6245,1.3770
9.6251,1.3720
9.6256,1.3770
9.6262,1.3669
9.6267,1.3770
9.6273,1.3821
9.6278,1.3669
9.6284,1.3770
9.6289,1.3770
9.6295,1.3720
9.6300,1.3770
9.6306,1.3720
9.6311,1.3770
9.6317,1.3720
9.6322,1.3770
9.6328,1.3770
9.6333,1.3770
9.6339,1.3720
9.6344,1.3770
9.6350,1.3770
9.6355,1.3720
9.6361,1.3770
9.6367,1.3770
9.6372,1.3770
9.6378,1.3770
9.6383,1.3770
9.6389,1.3770
9.6394,1.3821
9.6400,1.3770
9.6405,1.3720
9.6411,1.3770
9.6416,1.3770
9.6422,1.3770
9.6427,1.3770
9.6433,1.3720
9.6438,1.3720
9.6444,1.3720
9.6449,1.3720
9.6455,1.3770
9.6460,1.3770
9.6466,1.3770
9.6471,1.3720
9.6477,1.3720
9.6482,1.3720
9.6488,1.3720
9.6493,1.3770
9.6499,1.3720
9.6504,1.3770
9.6510,1.3770
9.6515,1.3720
9.6521,1.3770
9.6526,1.3770
9.6532,1.3770
9.6537,1.3669
9.6543,1.3770
9.6548,1.3720
9.6554,1.3669
9.6559,1.3770
9.6565,1.3720
9.6570,1.3720
9.6576,1.3770
9.6581,1.3720
9.6587,1.3770
9.6592,1.3720
9.6598,1.3720
9.6603,1.3720
9.6609,1.3770
9.6614,1.3770
9.6620,1.3720
9.6625,1.3770
9.6631,1.3770
9.6636,1.3720
9.6642,1.3770
9.6647,1.3720
9.6653,1.3770
9.6658,1.3720
9.6664,1.3770
9.6669,1.3770
9.6675,1.3770
9.6680,1.3770
9.6686,1.3720
9.6691,1.3770
9.6697,1.3770
9.6702,1.3821
9.6708,1.3770
9.6713,1.3770
9.6719,1.3770
9.6724,1.3770
9.6730,1.3720
9.6735,1.3770
9.6741,1.3720
9.6746,1.3770
9.6752,1.3720
9.6757,1.3821
9.6763,1.3770
9.6768,1.3770
9.6774,1.3821
9.6779,1.3821
9.6785,1.3770
9.6791,1.3770
9.6796,1.3821
9.6802,1.3770
9.6807,1.3770
9.6813,1.3821
9.6818,1.3821
9.6824,1.3821
9.6829,1.3770
9.6835,1.3821
9.6840,1.3770
9.6846,1.3821
9.6851,1.3821
9.6857,1.3770
9.6862,1.3821
9.6868,1.3770
9.6873,1.3770
9.6879,1.3770
9.6884,1.3821
9.6890,1.3821
9.6895,1.3821
9.6901,1.3770
9.6906,1.3821
9.6912,1.3821
9.6917,1.3821
9.6923,1.3821
9.6928,1.3770
9.6934,1.3821
9.6939,1.3821
9.6945,1.3871
9.6950,1.3871
9.6956,1.3821
9.6961,1.3871
9.6967,1.3770
9.6972,1.3871
9.6978,1.3821
9.6983,1.3821
9.6989,1.3770
9.6994,1.3871
9.7000,1.3871
9.7005,1.3821
9.7011,1.3821
9.7016,1.3871
9.7022,1.3871
9.7027,1.3821
9.7033,1.3871
9.7038,1.3821
9.7044,1.3871
9.7049,1.3871
9.7055,1.3871
9.7060,1.3871
9.7066,1.3871
9.7071,1.3871
9.7077,1.3871
9.7082,1.3921
9.7088,1.3871
9.7093,1.3871
9.7099,1.3921
9.7104,1.3921
9.7110,1.3921
9.7115,1.3921
9.7120,1.3921
9.7126,1.3871
9.7131,1.3921
9.7137,1.3921
9.7143,1.3972
9.7148,1.3921
9.7154,1.3921
9.7159,1.3972
9.7165,1.3972
9.7170,1.3921
9.7176,1.3921
9.7181,1.3921
9.7186,1.3972
9.7192,1.3921
9.7197,1.3921
9.7203,1.3972
9.7208,1.3972
9.7214,1.4022
9.7219,1.3972
9.7225,1.3972
9.7230,1.3921
9.7236,1.3921
9.7242,1.3972
9.7247,1.3921
9.7253,1.4022
9.7258,1.3972
9.7263,1.3972
9.7269,1.4022
9.7274,1.4022
9.7280,1.3972
9.7285,1.3972
9.7291,1.3921
9.7296,1.3972
9.7302,1.4022
9.7308,1.3972
9.7314,1.4022
9.7320,1.4022
9.7329,1.3972
9.7335,1.4022
9.7342,1.4022
9.7348,1.3972
9.7353,1.4022
9.7359,1.3972
9.7365,1.4022
9.7371,1.3972
9.7376,1.3972
9.7382,1.3972
9.7388,1.4022
9.7394,1.4022
9.7400,1.4022
9.7405,1.4022
9.7411,1.4073
9.7416,1.3972
9.7422,1.4073
9.7427,1.4073
9.7433,1.3972
9.7438,1.4022
9.7444,1.3921
9.7449,1.4022
9.7455,1.4073
9.7460,1.4022
9.7466,1.4022
9.7471,1.4022
9.7477,1.4022
9.7483,1.4022
9.7488,1.4022
9.7494,1.3972
9.7500,1.4073
9.7506,1.3972
9.7512,1.4022
9.7518,1.4073
9.7523,1.4073
9.7529,1.4022
9.7536,1.4022
9.7542,1.4073
9.7548,1.4022
9.7553,1.4022
9.7559,1.4073
9.7564,1.4073
9.7570,1.4073
9.7576,1.4073
9.7582,1.3972
9.7587,1.4073
9.7593,1.4073
9.7598,1.4073
9.7604,1.4022
9.7609,1.4073
9.7614,1.4073
9.7620,1.4073
9.7625,1.4073
9.7631,1.4073
9.7636,1.4022
9.7642,1.4073
9.7647,1.4123
9.7654,1.4022
9.7659,1.4073
9.7668,1.4073
9.7674,1.4073
9.7679,1.4073
9.7685,1.4073
9.7690,1.4073
9.7696,1.4123
9.7701,1.4073
9.7707,1.4073
9.7713,1.4022
9.7718,1.4073
9.7724,1.4123
9.7729,1.4073
9.7735,1.4073
9.7740,1.4123
9.7746,1.4073
9.7751,1.4073
9.7757,1.4073
9.7762,1.4073
9.7768,1.4073
9.7773,1.4073
9.7779,1.4073
9.7784,1.4073
9.7790,1.4123
9.7795,1.4123
9.7801,1.4022
9.7806,1.4123
9.7812,1.4073
9.7817,1.4123
9.7823,1.4123
9.7828,1.4123
9.7834,1.4073
9.7840,1.4123
9.7845,1.4123
9.7851,1.4123
9.7856,1.4174
9.7862,1.4073
9.7867,1.4073
9.7873,1.4073
9.7878,1.4123
9.7884,1.4123
9.7889,1.4123
9.7895,1.4123
9.7900,1.4073
9.7906,1.4123
9.7911,1.4123
9.7917,1.4073
9.7922,1.4123
9.7928,1.4123
9.7933,1.4123
9.7939,1.4073
9.7944,1.4073
9.7950,1.4123
9.7955,1.4123
9.7961,1.4123
9.7966,1.4123
9.7972,1.4123
9.7977,1.4073
9.7982,1.4073
9.7988,1.4123
9.7993,1.4073
9.7999,1.4123
9.8004,1.4073
9.8010,1.4123
9.8015,1.4123
9.8021,1.4022
9.8026,1.4123
9.8032,1.4073
9.8037,1.4073
9.8043,1.4073
9.8048,1.4123
9.8054,1.4123
9.8059,1.4073
9.8065,1.4073
9.8070,1.4022
9.8076,1.4123
9.8081,1.4123
9.8087,1.4022
9.8092,1.4073
9.8098,1.4123
9.8103,1.4123
9.8109,1.4123
9.8114,1.4073
9.8120,1.4123
9.8125,1.4073
9.8131,1.4022
9.8136,1.4123
9.8142,1.4073
9.8147,1.4073
9.8153,1.4123
9.8158,1.4073
9.8164,1.4123
9.8169,1.4073
9.8175,1.4123
9.8180,1.4123
9.8186,1.4123
9.8191,1.4123
9.8197,1.4123
9.8202,1.4123
9.8208,1.4073
9.8213,1.4123
9.8219,1.4123
9.8224,1.4123
9.8230,1.4123
9.8235,1.4073
9.8241,1.4123
9.8246,1.4123
9.8252,1.4123
9.8257,1.4123
9.8263,1.4073
9.8268,1.4123
9.8274,1.4022
9.8279,1.4123
9.8285,1.4123
9.8290,1.4073
9.8296,1.4073
9.8301,1.4123
9.8307,1.4073
9.8312,1.4123
9.8318,1.4123
9.8323,1.4123
9.8329,1.4073
9.8334,1.4123
9.8340,1.4022
9.8345,1.4174
9.8351,1.4123
9.8356,1.4123
9.8362,1.4123
9.8367,1.4123
9.8373,1.4123
9.8379,1.4073
9.8384,1.4123
9.8390,1.4073
9.8395,1.4073
9.8401,1.4073
9.8406,1.4123
9.8412,1.4073
9.8417,1.4073
9.8423,1.4073
9.8428,1.4073
9.8434,1.4123
9.8439,1.4123
9.8445,1.4073
9.8450,1.4123
9.8456,1.4022
9.8461,1.4123
9.8467,1.4073
9.8472,1.4073
9.8478,1.4123
9.8483,1.4073
9.8489,1.4123
9.8494,1.4073
9.8500,1.4073
9.8505,1.4174
9.8511,1.4123
9.8516,1.4073
9.8522,1.4073
9.8527,1.4073
9.8533,1.4073
9.8538,1.4073
9.8544,1.4174
9.8549,1.4123
9.8555,1.4073
9.8560,1.4123
9.8566,1.4123
9.8571,1.4073
9.8577,1.4073
9.8582,1.4073
9.8588,1.4123
9.8593,1.4073
9.8599,1.4073
9.8604,1.4073
9.8610,1.4073
9.8615,1.4123
9.8621,1.4123
9.8626,1.4123
9.8632,1.4123
9.8637,1.4073
9.8643,1.4073
9.8648,1.4174
9.8654,1.4123
9.8659,1.4073
9.8665,1.4123
9.8670,1.4123
9.8676,1.4073
9.8681,1.4022
9.8687,1.4073
9.8692,1.4123
9.8698,1.4073
9.8703,1.4123
9.8709,1.4022
9.8714,1.4073
9.8720,1.4022
9.8725,1.4073
9.8731,1.4073
9.8736,1.4073
9.8742,1.4123
9.8747,1.4073
9.8753,1.4073
9.8758,1.4073
9.8764,1.4073
9.8769,1.4073
9.8775,1.4073
9.8780,1.4073
9.8786,1.4073
9.8791,1.4073
9.8797,1.4073
9.8802,1.4073
9.8808,1.4073
9.8813,1.4073
9.8819,1.4073
9.8824,1.4073
9.8830,1.4073
9.8836,1.4073
9.8841,1.4073
9.8847,1.4073
9.8852,1.4073
9.8858,1.4073
9.8863,1.4073
9.8869,1.4073
9.8874,1.4123
9.8880,1.4073
9.8885,1.4073
9.8891,1.4073
9.8896,1.4073
9.8902,1.4022
9.8907,1.4022
9.8913,1.4022
9.8918,1.4022
9.8924,1.4073
9.8929,1.4073
9.8935,1.4022
9.8940,1.4073
9.8946,1.4073
9.8951,1.4022
9.8957,1.4073
9.8962,1.4022
9.8968,1.4022
9.8973,1.4073
9.8979,1.4022
9.8984,1.4022
9.8990,1.4123
9.8995,1.4022
9.9001,1.4073
9.9006,1.4022
9.9012,1.4022
9.9017,1.4022
9.9023,1.4073
9.9028,1.4022
9.9034,1.4022
9.9039,1.4022
9.9045,1.4073
9.9051,1.4022
9.9056,1.4073
9.9062,1.4022
9.9067,1.4073
9.9073,1.4022
9.9078,1.4073
9.9084,1.4073
9.9089,1.4073
9.9095,1.4022
9.9100,1.4073
9.9106,1.4022
9.9111,1.4073
9.9117,1.4022
9.9122,1.4022
9.9128,1.4022
9.9133,1.4073
9.9139,1.4073
9.9144,1.4073
9.9150,1.3972
9.9155,1.4073
9.9161,1.4022
9.9166,1.4073
9.9172,1.4022
9.9177,1.4073
9.9183,1.4073
9.9188,1.4022
9.9194,1.4022
9.9199,1.4022
9.9205,1.4022
9.9210,1.4073
9.9216,1.3972
9.9221,1.4022
9.9227,1.4022
9.9232,1.4022
9.9238,1.4073
9.9243,1.4022
9.9249,1.4073
9.9254,1.4022
9.9260,1.4022
9.9265,1.4022
9.9271,1.4022
9.9276,1.3972
9.9282,1.3972
9.9287,1.4022
9.9293,1.4073
9.9298,1.4022
9.9304,1.4073
9.9309,1.4022
9.9315,1.4022
9.9320,1.4022
9.9326,1.4022
9.9331,1.3972
9.9337,1.4022
9.9342,1.4022
9.9348,1.4022
9.9353,1.4022
9.9359,1.4022
9.9364,1.4022
9.9370,1.4022
9.9375,1.4022
9.9381,1.3972
9.9387,1.3972
9.9392,1.3972
9.9398,1.4022
9.9403,1.4073
9.9409,1.4022
9.9414,1.4022
9.9420,1.4022
9.9426,1.4022
9.9432,1.4022
9.9438,1.4022
9.9444,1.4022
9.9450,1.3972
9.9456,1.4022
9.9462,1.4022
9.9467,1.3921
9.9473,1.4022
9.9479,1.4022
9.9485,1.4022
9.9491,1.3972
9.9496,1.3972
9.9502,1.4022
9.9508,1.4022
9.9514,1.3972
9.9519,1.3972
9.9525,1.4022
9.9530,1.3972
9.9536,1.3921
9.9542,1.4073
9.9547,1.3972
9.9553,1.4022
9.9558,1.4022
9.9564,1.4022
9.9569,1.4073
9.9575,1.4022
9.9580,1.4022
9.9586,1.3972
9.9591,1.4022
9.9597,1.4022
9.9602,1.3972
9.9608,1.4022
9.9613,1.3972
9.9619,1.4022
9.9624,1.3972
9.9630,1.4022
9.9637,1.3972
9.9642,1.4022
9.9648,1.3972
9.9653,1.3972
9.9659,1.3921
9.9664,1.4022
9.9670,1.4022
9.9676,1.4022
9.9681,1.3972
9.9687,1.4022
9.9692,1.3972
9.9698,1.3972
9.9703,1.3972
9.9709,1.4022
9.9714,1.4022
9.9720,1.4022
9.9725,1.4022
9.9731,1.3972
9.9736,1.4022
9.9742,1.4022
9.9747,1.4022
9.9753,1.3972
9.9758,1.3972
9.9764,1.4022
9.9769,1.4022
9.9775,1.4022
9.9780,1.4022
9.9786,1.4022
9.9791,1.4022
9.9797,1.3972
9.9802,1.3972
9.9808,1.4022
9.9813,1.4022
9.9819,1.3972
9.9824,1.4022
9.9830,1.4022
9.9836,1.4022
9.9841,1.3972
9.9847,1.3972
9.9852,1.4022
9.9858,1.3921
9.9863,1.4022
9.9869,1.3972
9.9874,1.3921
9.9880,1.3972
9.9885,1.4022
9.9891,1.4022
9.9896,1.4022
9.9902,1.4022
9.9907,1.4022
9.9913,1.4022
9.9918,1.3921
9.9924,1.3972
9.9929,1.3972
9.9935,1.4022
9.9940,1.3972
9.9946,1.4022
9.9951,1.4022
9.9957,1.4022
9.9962,1.4022
9.9968,1.4022
9.9973,1.3972
9.9979,1.4073
9.9984,1.3972
9.9990,1.3921
9.9995,1.4022
10.0001,1.3972
10.0006,1.4022
10.0012,1.3972
10.0017,1.4022
10.0023,1.4022
10.0028,1.4073
10.0034,1.3972
10.0039,1.4022
10.0045,1.4022
10.0050,1.3972
10.0056,1.3972
10.0061,1.3972
10.0067,1.4022
10.0072,1.3972
10.0078,1.3921
10.0083,1.3972
10.0089,1.4022
10.0094,1.3972
10.0100,1.4022
10.0105,1.3972
10.0111,1.4022
10.0116,1.3972
10.0122,1.3972
10.0127,1.3972
10.0133,1.3972
10.0138,1.4022
10.0144,1.4022
10.0149,1.3972
10.0155,1.4022
10.0160,1.3972
10.0166,1.4022
10.0171,1.3972
10.0177,1.3972
10.0182,1.3972
10.0188,1.3972
10.0193,1.4022
10.0199,1.4022
10.0204,1.3972
10.0210,1.3972
10.0215,1.3972
10.0221,1.4022
10.0226,1.4022
10.0232,1.3972
10.0237,1.3972
10.0243,1.3972
10.0248,1.3921
10.0254,1.3972
10.0259,1.3972
10.0265,1.4022
10.0270,1.4022
10.0276,1.3972
10.0281,1.4022
10.0287,1.4022
10.0292,1.4022
10.0298,1.4022
10.0303,1.3972
10.0309,1.4022
10.0315,1.3972
10.0320,1.3972
10.0326,1.3972
10.0331,1.4022
10.0337,1.3921
10.0342,1.4022
10.0348,1.3972
10.0353,1.4022
10.0359,1.3972
10.0364,1.4022
10.0370,1.3972
10.0375,1.4022
10.0381,1.3921
10.0387,1.3921
10.0392,1.4022
10.0398,1.3972
10.0403,1.3972
10.0409,1.3972
10.0414,1.3972
10.0420,1.3972
10.0425,1.3972
10.0431,1.3972
10.0436,1.3972
10.0442,1.3972
10.0447,1.4022
10.0453,1.3972
10.0458,1.3972
10.0464,1.4022
10.0469,1.3972
10.0475,1.3972
10.0480,1.3972
10.0486,1.3972
10.0491,1.3921
10.0497,1.3972
10.0502,1.3972
10.0508,1.3921
10.0513,1.3972
10.0519,1.3972
10.0524,1.3972
10.0530,1.4022
10.0536,1.3972
10.0541,1.3972
10.0547,1.3972
10.0552,1.3972
10.0558,1.3972
10.0563,1.3972
10.0569,1.3972
10.0574,1.3972
10.0580,1.4022
10.0585,1.3972
10.0591,1.3972
10.0596,1.3972
10.0602,1.4022
10.0607,1.3972
10.0613,1.3972
10.0618,1.3972
10.0624,1.3972
10.0629,1.3972
10.0635,1.3972
10.0640,1.3972
10.0646,1.3972
10.0651,1.3921
10.0657,1.3972
10.0662,1.3972
10.0668,1.3972
10.0673,1.3921
10.0679,1.3921
10.0684,1.3972
10.0690,1.3972
10.0695,1.3921
10.0701,1.3972
10.0706,1.3972
10.0712,1.3972
10.0717,1.4022
10.0723,1.3972
10.0728,1.3972
10.0734,1.3972
10.0739,1.4022
10.0745,1.3921
10.0750,1.3972
10.0756,1.3972
10.0761,1.3972
10.0767,1.3972
10.0772,1.4022
10.0778,1.3972
10.0783,1.3972
10.0789,1.3972
10.0794,1.3972
10.0800,1.3972
10.0805,1.3972
10.0811,1.3972
10.0816,1.3921
10.0822,1.3972
10.0827,1.3921
10.0833,1.3921
10.0838,1.3972
10.0844,1.3972
10.0849,1.3972
10.0855,1.3972
10.0860,1.3921
10.0866,1.3921
10.0871,1.3972
10.0877,1.3972
10.0882,1.3921
10.0888,1.3972
10.0893,1.3972
10.0899,1.3972
10.0904,1.3972
10.0910,1.3921
10.0915,1.3972
10.0921,1.3921
10.0926,1.3921
10.0932,1.3921
10.0937,1.3972
10.0943,1.3921
10.0948,1.3972
10.0954,1.3921
10.0959,1.3921
10.0965,1.3972
10.0970,1.3921
10.0976,1.3972
10.0981,1.3921
10.0987,1.3921
10.0992,1.3972
10.0998,1.3972
10.1003,1.3972
10.1009,1.3972
10.1015,1.3972
10.1020,1.3972
10.1026,1.3921
10.1031,1.3921
10.1037,1.3921
10.1042,1.3921
10.1048,1.3921
10.1053,1.3921
10.1059,1.3921
10.1064,1.3972
10.1070,1.3972
10.1075,1.3921
10.1081,1.3921
10.1086,1.3921
10.1092,1.3921
10.1097,1.3921
10.1103,1.3921
10.1108,1.3972
10.1114,1.3871
10.1119,1.3921
10.1125,1.3921
10.1130,1.3972
10.1136,1.3921
10.1142,1.3972
10.1147,1.3921
10.1153,1.3972
10.1158,1.3972
10.1164,1.3921
10.1169,1.3921
10.1175,1.3921
10.1180,1.3921
10.1186,1.3921
10.1191,1.3972
10.1197,1.3921
10.1202,1.3921
10.1208,1.3871
10.1213,1.3921
10.1219,1.3921
10.1224,1.3921
10.1230,1.3921
10.1235,1.3972
10.1241,1.3921
10.1246,1.3921
10.1252,1.3921
10.1257,1.3871
10.1263,1.3921
10.1268,1.3921
10.1274,1.3821
10.1279,1.3921
10.1285,1.3871
10.1290,1.3871
10.1296,1.3921
10.1301,1.3871
10.1307,1.3921
10.1312,1.3871
10.1318,1.3921
10.1323,1.3871
10.1329,1.3921
10.1334,1.3921
10.1340,1.3921
10.1345,1.3921
10.1351,1.3921
10.1356,1.3921
10.1362,1.3921
10.1367,1.3921
10.1373,1.3921
10.1378,1.3871
10.1384,1.3921
10.1389,1.3921
10.1395,1.3921
10.1401,1.3871
10.1406,1.3921
10.1412,1.3921
10.1417,1.3921
10.1423,1.3871
10.1428,1.3921
10.1434,1.3921
10.1439,1.3921
10.1445,1.3921
10.1450,1.3921
10.1456,1.3921
10.1461,1.3921
10.1467,1.3921
10.1472,1.3871
10.1478,1.3921
10.1483,1.3921
10.1489,1.3871
10.1494,1.3972
10.1500,1.3921
10.1505,1.3921
10.1511,1.3871
10.1516,1.3921
10.1522,1.3871
10.1527,1.3921
10.1533,1.3921
10.1538,1.3871
10.1544,1.3921
10.1549,1.3871
10.1555,1.3921
10.1560,1.3871
10.1566,1.3871
10.1571,1.3871
10.1577,1.3921
10.1582,1.3921
10.1588,1.3921
10.1593,1.3821
10.1599,1.3921
10.1604,1.3871
10.1610,1.3871
10.1615,1.3871
10.1621,1.3871
10.1626,1.3921
10.1632,1.3871
10.1637,1.3921
10.1643,1.3871
10.1648,1.3871
10.1654,1.3871
10.1659,1.3871
10.1665,1.3821
10.1670,1.3871
10.1676,1.3871
10.1681,1.3821
10.1687,1.3921
10.1692,1.3821
10.1698,1.3871
10.1703,1.3821
10.1709,1.3871
10.1715,1.3921
10.1720,1.3871
10.1726,1.3921
10.1731,1.3871
10.1737,1.3871
10.1742,1.3871
10.1748,1.3821
10.1753,1.3871
10.1759,1.3871
10.1764,1.3871
10.1770,1.3871
10.1775,1.3871
10.1781,1.3821
10.1786,1.3821
10.1792,1.3871
10.1797,1.3871
10.1803,1.3871
10.1808,1.3871
10.1814,1.3871
10.1819,1.3871
10.1825,1.3871
10.1830,1.3871
10.1836,1.3871
10.1841,1.3921
10.1847,1.3871
10.1852,1.3821
10.1858,1.3871
10.1863,1.3871
10.1869,1.3871
10.1874,1.3871
10.1880,1.3871
10.1885,1.3821
10.1891,1.3821
10.1896,1.3871
10.1902,1.3871
10.1907,1.3871
10.1913,1.3871
10.1918,1.3871
10.1924,1.3821
10.1929,1.3871
10.1935,1.3871
10.1940,1.3871
10.1946,1.3871
10.1951,1.3871
10.1957,1.3821
10.1962,1.3871
10.1968,1.3871
10.1973,1.3871
10.1979,1.3821
10.1984,1.3871
10.1990,1.3871
10.1995,1.3821
10.2001,1.3770
10.2006,1.3821
10.2012,1.3871
10.2017,1.3821
10.2023,1.3821
10.2028,1.3821
10.2034,1.3871
10.2039,1.3871
10.2045,1.3821
10.2050,1.3871
10.2056,1.3821
10.2061,1.3871
10.2067,1.3871
10.2072,1.3871
10.2078,1.3871
10.2083,1.3821
10.2089,1.3821
10.2094,1.3821
10.2100,1.3871
10.2105,1.3821
10.2111,1.3821
10.2116,1.3871
10.2122,1.3871
10.2127,1.3821
10.2133,1.3871
10.2138,1.3821
10.2144,1.3871
10.2149,1.3821
10.2155,1.3871
10.2160,1.3821
10.2166,1.3821
10.2171,1.3821
10.2177,1.3821
10.2182,1.3871
10.2188,1.3871
10.2193,1.3821
10.2199,1.3821
10.2204,1.3821
10.2210,1.3821
10.2215,1.3821
10.2221,1.3871
10.2226,1.3871
10.2232,1.3871
10.2237,1.3821
10.2243,1.3821
10.2248,1.3821
10.2254,1.3871
10.2259,1.3821
10.2265,1.3821
10.2270,1.3821
10.2276,1.3871
10.2281,1.3821
10.2287,1.3770
10.2292,1.3821
10.2298,1.3770
10.2303,1.3821
10.2309,1.3770
10.2315,1.3821
10.2321,1.3821
10.2326,1.3821
10.2332,1.3871
10.2338,1.3770
10.2344,1.3821
10.2350,1.3821
10.2356,1.3821
10.2362,1.3770
10.2367,1.3821
10.2373,1.3770
10.2378,1.3821
10.2384,1.3770
10.2390,1.3770
10.2396,1.3821
10.2402,1.3821
10.2407,1.3770
10.2413,1.3821
10.2419,1.3770
10.2424,1.3821
10.2430,1.3821
10.2436,1.3871
10.2441,1.3821
10.2447,1.3821
10.2452,1.3821
10.2458,1.3821
10.2463,1.3821
10.2469,1.3770
10.2474,1.3821
10.2480,1.3770
10.2486,1.3770
10.2491,1.3821
10.2497,1.3821
10.2504,1.3821
10.2509,1.3770
10.2515,1.3821
10.2521,1.3770
10.2526,1.3821
10.2532,1.3821
10.2538,1.3821
10.2544,1.3770
10.2550,1.3821
10.2555,1.3821
10.2561,1.3821
10.2566,1.3821
10.2572,1.3770
10.2578,1.3821
10.2583,1.3770
10.2589,1.3770
10.2594,1.3770
10.2600,1.3821
10.2605,1.3770
10.2611,1.3770
10.2616,1.3821
10.2622,1.3821
10.2627,1.3821
10.2633,1.3821
10.2638,1.3821
10.2644,1.3821
10.2649,1.3770
10.2655,1.3770
10.2660,1.3821
10.2666,1.3821
10.2671,1.3770
10.2677,1.3770
10.2683,1.3821
10.2688,1.3821
10.2694,1.3821
10.2699,1.3821
10.2705,1.3821
10.2710,1.3821
10.2716,1.3770
10.2721,1.3770
10.2727,1.3821
10.2732,1.3821
10.2738,1.3770
10.2743,1.3770
10.2749,1.3770
10.2754,1.3821
10.2760,1.3770
10.2765,1.3770
10.2771,1.3821
10.2776,1.3821
10.2782,1.3821
10.2787,1.3720
10.2793,1.3821
10.2798,1.3821
10.2804,1.3821
10.2809,1.3821
10.2815,1.3821
10.2821,1.3770
10.2826,1.3770
10.2832,1.3770
10.2837,1.3720
10.2843,1.3770
10.2848,1.3770
10.2854,1.3770
10.2859,1.3821
10.2865,1.3770
10.2870,1.3821
10.2876,1.3770
10.2881,1.3770
10.2887,1.3770
10.2892,1.3770
10.2898,1.3821
10.2903,1.3770
10.2909,1.3821
10.2914,1.3770
10.2920,1.3770
10.2925,1.3821
10.2931,1.3770
10.2936,1.3821
10.2942,1.3720
10.2947,1.3720
10.2953,1.3770
10.2958,1.3720
10.2964,1.3821
10.2969,1.3770
10.2975,1.3770
10.2980,1.3720
10.2986,1.3770
10.2991,1.3770
10.2997,1.3770
10.3002,1.3821
10.3008,1.3821
10.3013,1.3770
10.3019,1.3770
10.3024,1.3770
10.3030,1.3770
10.3036,1.3770
10.3041,1.3770
10.3046,1.3770
10.3052,1.3770
10.3057,1.3770
10.3063,1.3821
10.3068,1.3770
10.3074,1.3821
10.3079,1.3770
10.3085,1.3770
10.3090,1.3821
10.3096,1.3720
10.3101,1.3821
10.3107,1.3770
10.3112,1.3770
10.3117,1.3821
10.3123,1.3770
10.3129,1.3720
10.3134,1.3821
10.3140,1.3821
10.3145,1.3770
10.3151,1.3770
10.3156,1.3770
10.3162,1.3770
10.3167,1.3770
10.3173,1.3720
10.3178,1.3770
10.3184,1.3770
10.3189,1.3770
10.3195,1.3770
10.3200,1.3770
10.3206,1.3720
10.3211,1.3821
10.3217,1.3821
10.3222,1.3770
10.3228,1.3770
10.3233,1.3720
10.3239,1.3821
10.3244,1.3770
10.3250,1.3770
10.3255,1.3770
10.3261,1.3770
10.3266,1.3770
10.3272,1.3770
10.3277,1.3770
10.3283,1.3821
10.3288,1.3770
10.3294,1.3821
10.3299,1.3770
10.3305,1.3770
10.3310,1.3770
10.3316,1.3821
10.3321,1.3821
10.3327,1.3720
10.3332,1.3720
10.3338,1.3770
10.3343,1.3770
10.3349,1.3821
10.3354,1.3770
10.3360,1.3821
10.3365,1.3821
10.3371,1.3770
10.3376,1.3770
10.3382,1.3770
10.3387,1.3770
10.3393,1.3770
10.3398,1.3720
10.3404,1.3770
10.3409,1.3770
10.3415,1.3770
10.3420,1.3770
10.3426,1.3770
10.3431,1.3770
10.3437,1.3720
10.3442,1.3720
10.3448,1.3770
10.3453,1.3770
10.3459,1.3770
10.3464,1.3821
10.3470,1.3770
10.3475,1.3770
10.3481,1.3821
10.3486,1.3770
10.3492,1.3821
10.3497,1.3770
10.3503,1.3770
10.3508,1.3770
10.3514,1.3821
10.3519,1.3770
10.3525,1.3770
10.3530,1.3770
10.3536,1.3770
10.3541,1.3770
10.3547,1.3720
10.3552,1.3720
10.3558,1.3770
10.3563,1.3770
10.3569,1.3770
10.3574,1.3770
10.3580,1.3770
10.3585,1.3770
10.3591,1.3770
10.3596,1.3770
10.3602,1.3770
10.3607,1.3770
10.3613,1.3770
10.3618,1.3720
10.3624,1.3770
10.3629,1.3720
10.3635,1.3770
10.3640,1.3821
10.3646,1.3770
10.3651,1.3770
10.3657,1.3770
10.3662,1.3770
10.3668,1.3770
10.3673,1.3770
10.3679,1.3770
10.3684,1.3770
10.3690,1.3770
10.3695,1.3720
10.3701,1.3770
10.3706,1.3720
10.3712,1.3720
10.3717,1.3770
10.3723,1.3720
10.3728,1.3770
10.3734,1.3770
10.3739,1.3770
10.3745,1.3770
10.3750,1.3770
10.3756,1.3770
10.3761,1.3770
10.3767,1.3720
10.3772,1.3720
10.3778,1.3720
10.3783,1.3770
10.3789,1.3720
10.3794,1.3720
10.3800,1.3770
10.3805,1.3770
10.3811,1.3770
10.3816,1.3770
10.3822,1.3770
10.3828,1.3770
10.3833,1.3770
10.3839,1.3770
10.3844,1.3720
10.3850,1.3821
10.3855,1.3770
10.3861,1.3770
10.3866,1.3720
10.3872,1.3770
10.3877,1.3770
10.3883,1.3770
10.3888,1.3770
10.3894,1.3770
10.3899,1.3770
10.3905,1.3770
10.3910,1.3770
10.3916,1.3770
10.3921,1.3821
10.3927,1.3770
10.3932,1.3770
10.3938,1.3770
10.3943,1.3720
10.3949,1.3770
10.3954,1.3770
10.3960,1.3770
10.3965,1.3770
10.3971,1.3770
10.3976,1.3770
10.3982,1.3770
10.3987,1.3720
10.3993,1.3770
10.3998,1.3720
10.4004,1.3770
10.4009,1.3720
10.4015,1.3720
10.4020,1.3770
10.4026,1.3770
10.4031,1.3770
10.4037,1.3770
10.4042,1.3770
10.4048,1.3770
10.4053,1.3770
10.4059,1.3821
10.4064,1.3821
10.4070,1.3821
10.4075,1.3770
10.4081,1.3821
10.4086,1.3770
10.4092,1.3821
10.4097,1.3770
10.4103,1.3770
10.4108,1.3821
10.4114,1.3770
10.4119,1.3821
10.4125,1.3821
10.4130,1.3770
10.4136,1.3871
10.4141,1.3770
10.4147,1.3821
10.4152,1.3821
10.4158,1.3821
10.4163,1.3821
10.4169,1.3821
10.4174,1.3821
10.4180,1.3821
10.4185,1.3821
10.4191,1.3871
10.4196,1.3821
10.4202,1.3871
10.4207,1.3821
10.4213,1.3821
10.4218,1.3871
10.4224,1.3871
10.4229,1.3871
10.4235,1.3871
10.4240,1.3821
10.4246,1.3821
10.4251,1.3821
10.4257,1.3871
10.4262,1.3871
10.4268,1.3871
10.4273,1.3921
10.4279,1.3871
10.4284,1.3921
10.4290,1.3871
10.4295,1.3871
10.4301,1.3821
10.4306,1.3871
10.4312,1.3821
10.4317,1.3921
10.4323,1.3921
10.4328,1.3871
10.4334,1.3871
10.4339,1.3871
10.4345,1.3821
10.4350,1.3871
10.4356,1.3821
10.4361,1.3921
10.4367,1.3921
10.4372,1.3871
10.4378,1.3921
10.4383,1.3921
10.4389,1.3921
10.4394,1.3921
10.4400,1.3921
10.4405,1.3972
10.4411,1.3921
10.4417,1.3921
10.4422,1.3972
10.4428,1.3921
10.4433,1.3921
10.4439,1.3972
10.4444,1.3972
10.4450,1.3921
10.4455,1.3972
10.4461,1.3972
10.4466,1.3921
10.4472,1.3921
10.4477,1.4022
10.4483,1.3972
10.4488,1.3972
10.4494,1.3972
10.4499,1.3972
10.4505,1.3972
10.4510,1.3972
10.4516,1.3921
10.4521,1.3972
10.4527,1.4022
10.4532,1.3972
10.4538,1.4022
10.4543,1.3972
10.4549,1.3972
10.4554,1.4022
10.4560,1.3972
10.4565,1.4022
10.4571,1.4022
10.4576,1.4022
10.4582,1.4022
10.4587,1.4022
10.4593,1.3972
10.4598,1.3972
10.4604,1.4022
10.4609,1.4022
10.4615,1.3972
10.4620,1.4022
10.4626,1.4073
10.4631,1.4022
10.4637,1.4022
10.4642,1.4022
10.4648,1.4022
10.4653,1.4022
10.4659,1.4022
10.4665,1.4022
10.4670,1.4022
10.4676,1.4073
10.4681,1.4073
10.4687,1.4073
10.4692,1.4022
10.4698,1.4073
10.4703,1.4022
10.4709,1.4022
10.4714,1.4073
10.4720,1.4073
10.4725,1.4073
10.4731,1.4073
10.4736,1.4022
10.4742,1.4022
10.4747,1.4073
10.4753,1.4073
10.4758,1.4073
10.4764,1.4073
10.4769,1.4073
10.4775,1.4073
10.4780,1.4073
10.4786,1.4073
10.4791,1.4022
10.4797,1.4073
10.4802,1.4073
10.4808,1.3972
10.4813,1.4123
10.4819,1.4073
10.4824,1.4073
10.4830,1.4022
10.4835,1.4073
10.4841,1.4073
10.4846,1.4073
10.4852,1.4073
10.4857,1.4022
10.4863,1.4022
10.4868,1.4073
10.4874,1.4073
10.4879,1.4073
10.4885,1.4073
10.4890,1.4073
10.4896,1.4073
10.4901,1.4073
10.4907,1.4123
10.4912,1.4073
10.4918,1.4073
10.4923,1.4123
10.4929,1.4073
10.4934,1.4123
10.4940,1.4123
10.4946,1.4123
10.4951,1.4123
10.4957,1.4123
10.4962,1.4073
10.4968,1.4073
10.4973,1.4123
10.4979,1.4123
10.4984,1.4123
10.4990,1.4073
10.4995,1.4123
10.5001,1.4073
10.5006,1.4123
10.5012,1.4123
10.5017,1.4123
10.5023,1.4073
10.5028,1.4073
10.5034,1.4174
10.5039,1.4073
10.5045,1.4123
10.5050,1.4123
10.5056,1.4073
10.5061,1.4123
10.5067,1.4123
10.5072,1.4123
10.5078,1.4073
10.5083,1.4123
10.5089,1.4073
10.5094,1.4123
10.5100,1.4123
10.5105,1.4123
10.5111,1.4123
10.5116,1.4174
10.5122,1.4123
10.5127,1.4174
10.5133,1.4073
10.5138,1.4123
10.5144,1.4123
10.5149,1.4123
10.5155,1.4123
10.5160,1.4123
10.5166,1.4174
10.5171,1.4174
10.5177,1.4073
10.5182,1.4123
10.5188,1.4073
10.5193,1.4073
10.5199,1.4174
10.5204,1.4123
10.5210,1.4123
10.5215,1.4123
10.5221,1.4073
10.5226,1.4123
10.5232,1.4123
10.5237,1.4123
10.5243,1.4073
10.5248,1.4123
10.5254,1.4123
10.5259,1.4123
10.5265,1.4123
10.5270,1.4123
10.5276,1.4123
10.5281,1.4123
10.5287,1.4123
10.5292,1.4123
10.5298,1.4123
10.5303,1.4123
10.5309,1.4123
10.5314,1.4123
10.5320,1.4174
10.5325,1.4123
10.5331,1.4123
10.5336,1.4123
10.5342,1.4123
10.5348,1.4123
10.5353,1.4174
10.5359,1.4123
10.5364,1.4123
10.5370,1.4174
10.5375,1.4123
10.5381,1.4123
10.5386,1.4123
10.5392,1.4123
10.5397,1.4123
10.5403,1.4123
10.5408,1.4123
10.5414,1.4123
10.5420,1.4123
10.5426,1.4123
10.5432,1.4073
10.5438,1.4174
10.5444,1.4123
10.5450,1.4123
10.5455,1.4174
10.5461,1.4174
10.5467,1.4123
10.5472,1.4174
10.5478,1.4123
10.5484,1.4123
10.5489,1.4174
10.5495,1.4123
10.5501,1.4123
10.5507,1.4073
10.5512,1.4123
10.5518,1.4123
10.5524,1.4123
10.5529,1.4123
10.5535,1.4174
10.5540,1.4123
10.5546,1.4123
10.5552,1.4123
10.5557,1.4123
10.5563,1.4123
10.5568,1.4123
10.5574,1.4123
10.5579,1.4123
10.5585,1.4123
10.5590,1.4174
10.5596,1.4174
10.5601,1.4123
10.5607,1.4174
10.5612,1.4123
10.5618,1.4123
10.5623,1.4022
10.5629,1.4123
10.5634,1.4123
10.5640,1.4123
10.5645,1.4123
10.5651,1.4123
10.5656,1.4123
10.5662,1.4123
10.5667,1.4123
10.5673,1.4123
10.5679,1.4174
10.5684,1.4123
10.5690,1.4123
10.5695,1.4123
10.5701,1.4123
10.5706,1.4123
10.5712,1.4123
10.5717,1.4123
10.5723,1.4174
10.5728,1.4123
10.5734,1.4123
10.5739,1.4123
10.5745,1.4174
10.5750,1.4123
10.5756,1.4123
10.5761,1.4123
10.5767,1.4073
10.5772,1.4123
10.5778,1.4073
10.5783,1.4123
10.5789,1.4073
10.5794,1.4123
10.5800,1.4123
10.5806,1.4123
10.5811,1.4123
10.5817,1.4123
10.5822,1.4123
10.5828,1.4123
10.5833,1.4073
10.5839,1.4123
10.5844,1.4123
10.5850,1.4123
10.5855,1.4073
10.5861,1.4123
10.5866,1.4174
10.5872,1.4073
10.5877,1.4123
10.5883,1.4123
10.5888,1.4073
10.5894,1.4123
10.5899,1.4073
10.5905,1.4123
10.5910,1.4073
10.5916,1.4123
10.5921,1.4123
10.5927,1.4073
10.5932,1.4073
10.5938,1.4174
10.5943,1.4073
10.5949,1.4123
10.5954,1.4123
10.5960,1.4123
10.5965,1.4123
10.5971,1.4123
10.5976,1.4123
10.5982,1.4073
10.5987,1.4123
10.5993,1.4123
10.5998,1.4123
10.6004,1.4073
10.6009,1.4073
10.6015,1.4073
10.6020,1.4174
10.6026,1.4123
10.6031,1.4123
10.6037,1.4174
10.6043,1.4073
10.6048,1.4123
10.6054,1.4123
10.6059,1.4123
10.6065,1.4073
10.6070,1.4123
10.6076,1.4073
10.6081,1.4073
10.6087,1.4073
10.6092,1.4123
10.6098,1.4123
10.6103,1.4073
10.6109,1.4123
10.6114,1.4073
10.6120,1.4123
10.6125,1.4073
10.6131,1.4123
10.6136,1.4073
10.6142,1.4073
10.6147,1.4123
10.6153,1.4022
10.6158,1.4123
10.6164,1.4022
10.6169,1.4073
10.6175,1.4022
10.6180,1.4123
10.6186,1.4123
10.6191,1.4022
10.6197,1.4073
10.6202,1.4073
10.6208,1.4123
10.6213,1.4073
10.6219,1.4123
10.6224,1.4073
10.6230,1.4123
10.6235,1.4073
10.6241,1.4022
10.6246,1.4123
10.6252,1.4073
10.6257,1.4123
10.6263,1.4123
10.6268,1.4123
10.6274,1.4123
10.6279,1.4073
10.6285,1.4073
10.6290,1.4073
10.6296,1.4073
10.6301,1.4073
10.6307,1.4123
10.6312,1.4022
10.6318,1.4073
10.6323,1.4022
10.6329,1.4073
10.6334,1.4073
10.6340,1.4073
10.6345,1.4022
10.6351,1.4073
10.6356,1.4073
10.6362,1.4073
10.6367,1.4073
10.6373,1.4022
10.6378,1.4123
10.6384,1.4022
10.6389,1.4073
10.6395,1.4022
10.6400,1.4073
10.6406,1.4073
10.6411,1.4022
10.6417,1.4073
10.6423,1.4073
10.6428,1.4022
10.6434,1.4073
10.6439,1.4073
10.6445,1.4073
10.6450,1.4073
10.6456,1.4073
10.6461,1.4022
10.6467,1.4073
10.6472,1.4022
10.6478,1.4073
10.6483,1.4073
10.6489,1.4073
10.6494,1.4073
10.6500,1.4022
10.6505,1.4073
10.6511,1.4073
10.6516,1.4073
10.6522,1.4022
10.6527,1.4073
10.6533,1.4022
10.6538,1.4022
10.6544,1.4073
10.6549,1.4022
10.6555,1.4073
10.6560,1.4022
10.6566,1.4073
10.6571,1.4022
10.6577,1.4022
10.6582,1.4073
10.6588,1.4022
10.6593,1.4073
10.6599,1.4022
10.6604,1.4073
10.6610,1.4022
10.6615,1.4073
10.6621,1.4073
10.6627,1.4073
10.6632,1.4022
10.6638,1.4022
10.6643,1.4022
10.6649,1.4073
10.6654,1.4022
10.6660,1.4073
10.6665,1.3972
10.6671,1.4022
10.6676,1.4022
10.6682,1.4073
10.6687,1.4073
10.6693,1.4022
10.6698,1.4073
10.6704,1.4073
10.6709,1.4073
10.6715,1.4073
10.6720,1.4022
10.6726,1.4073
10.6731,1.4022
10.6737,1.4022
10.6742,1.4022
10.6748,1.4073
10.6753,1.4073
10.6759,1.3972
10.6764,1.4022
10.6770,1.4022
10.6775,1.4022
10.6781,1.4022
10.6786,1.4073
10.6792,1.3972
10.6797,1.4073
10.6803,1.4022
10.6808,1.4022
10.6814,1.4073
10.6819,1.4022
10.6825,1.4022
10.6830,1.4073
10.6836,1.3972
10.6841,1.4073
10.6847,1.3972
10.6852,1.4022
10.6858,1.4022
10.6863,1.4022
10.6869,1.4073
10.6874,1.4022
10.6880,1.4022
10.6885,1.3972
10.6891,1.4022
10.6896,1.4022
10.6902,1.3972
10.6907,1.4022
10.6913,1.4022
10.6918,1.4022
10.6924,1.4022
10.6929,1.4022
10.6935,1.4022
10.6940,1.4022
10.6946,1.4022
10.6951,1.3972
10.6957,1.4022
10.6962,1.4022
10.6968,1.4073
10.6973,1.4022
10.6979,1.4073
10.6984,1.4022
10.6990,1.4022
10.6995,1.4022
10.7001,1.4022
10.7006,1.4022
10.7012,1.4022
10.7017,1.4022
10.7023,1.4022
10.7028,1.4022
10.7034,1.4022
10.7039,1.3972
10.7045,1.4073
10.7051,1.4022
10.7056,1.4022
10.7062,1.3972
10.7067,1.4073
10.7073,1.4022
10.7078,1.4073
10.7084,1.4022
10.7089,1.4022
10.7095,1.4022
10.7100,1.4073
10.7106,1.4022
10.7111,1.4022
10.7117,1.4022
10.7122,1.4022
10.7128,1.4022
10.7133,1.4022
10.7139,1.4022
10.7144,1.4022
10.7150,1.4022
10.7155,1.4022
10.7161,1.4022
10.7166,1.4022
10.7172,1.4022
10.7177,1.4073
10.7183,1.4022
10.7188,1.4073
10.7194,1.4022
10.7199,1.4022
10.7205,1.4022
10.7210,1.4022
10.7216,1.4073
10.7221,1.4022
10.7227,1.4022
10.7232,1.4022
10.7238,1.4022
10.7243,1.3972
10.7249,1.3972
10.7254,1.4022
10.7260,1.4022
10.7265,1.3972
10.7271,1.4073
10.7276,1.4022
10.7282,1.4022
10.7287,1.3972
10.7293,1.4022
10.7298,1.4022
10.7304,1.4022
10.7310,1.4022
10.7315,1.4022
10.7321,1.4022
10.7328,1.4022
10.7334,1.4022
10.7341,1.3972
10.7347,1.4022
10.7353,1.4022
10.7358,1.4022
10.7364,1.3972
10.7370,1.4022
10.7375,1.4073
10.7381,1.4022
10.7386,1.4022
10.7392,1.4022
10.7398,1.3972
10.7404,1.4022
10.7409,1.3972
10.7415,1.4022
10.7420,1.4022
10.7426,1.4022
10.7432,1.4022
10.7437,1.3972
10.7443,1.4022
10.7448,1.4022
10.7454,1.4073
10.7459,1.3972
10.7465,1.4022
10.7470,1.4073
10.7476,1.3972
10.7481,1.4022
10.7487,1.4022
10.7493,1.4022
10.7498,1.4022
10.7504,1.4073
10.7510,1.4073
10.7518,1.3972
10.7524,1.3972
10.7530,1.4022
10.7537,1.4073
10.7543,1.3972
10.7549,1.4022
10.7555,1.4073
10.7561,1.3972
10.7566,1.4022
10.7572,1.4022
10.7578,1.3972
10.7583,1.4022
10.7589,1.4022
10.7594,1.4022
10.7600,1.3972
10.7605,1.4022
10.7611,1.4022
10.7616,1.3972
10.7622,1.4022
10.7627,1.3972
10.7633,1.4022
10.7638,1.3972
10.7644,1.3972
10.7649,1.3972
10.7655,1.4022
10.7660,1.4022
10.7666,1.4022
10.7671,1.4022
10.7677,1.4022
10.7683,1.4022
10.7689,1.3972
10.7694,1.4022
10.7699,1.4022
10.7705,1.3972
10.7710,1.4022
10.7716,1.3972
10.7722,1.4022
10.7727,1.4022
10.7733,1.3972
10.7738,1.3972
10.7744,1.4022
10.7749,1.4022
10.7754,1.3921
10.7760,1.4022
10.7765,1.4022
10.7771,1.3972
10.7776,1.3972
10.7782,1.4022
10.7787,1.4022
10.7793,1.4022
10.7798,1.3972
10.7804,1.4022
10.7809,1.4022
10.7815,1.4022
10.7820,1.4022
10.7826,1.3921
10.7831,1.4022
10.7837,1.3972
10.7842,1.4022
10.7848,1.4022
10.7853,1.4022
10.7858,1.3921
10.7864,1.4022
10.7869,1.4022
10.7875,1.4022
10.7880,1.4022
10.7886,1.3972
10.7891,1.4022
10.7897,1.3921
10.7902,1.4022
10.7908,1.3972
10.7913,1.4022
10.7919,1.4022
10.7924,1.3972
10.7929,1.4022
10.7935,1.4022
10.7940,1.4022
10.7946,1.4022
10.7951,1.3972
10.7957,1.3972
10.7962,1.4022
10.7968,1.4022
10.7973,1.3921
10.7979,1.4022
10.7984,1.3972
10.7990,1.4022
10.7995,1.3972
10.8000,1.4022
10.8006,1.4022
10.8011,1.4022
10.8017,1.3972
10.8022,1.3972
10.8028,1.3972
10.8033,1.4022
10.8039,1.3972
10.8044,1.3921
10.8050,1.4022
10.8055,1.3972
10.8061,1.3972
10.8066,1.3972
10.8072,1.3972
10.8077,1.3972
10.8083,1.3972
10.8088,1.4022
10.8094,1.3972
10.8099,1.3972
10.8105,1.3972
10.8110,1.3972
10.8115,1.3972
10.8121,1.3972
10.8126,1.4022
10.8132,1.4022
10.8137,1.3972
10.8143,1.3972
10.8148,1.3972
10.8154,1.3972
10.8159,1.3972
10.8165,1.4022
10.8170,1.3921
10.8176,1.4022
10.8181,1.3972
10.8186,1.3972
10.8192,1.3972
10.8197,1.3921
10.8203,1.3972
10.8208,1.3972
10.8214,1.4022
10.8219,1.3972
10.8225,1.3921
10.8230,1.4022
10.8236,1.3972
10.8241,1.3972
10.8247,1.3972
10.8252,1.3921
10.8258,1.3972
10.8263,1.3972
10.8269,1.3972
10.8274,1.3972
10.8279,1.3972
10.8285,1.3972
10.8290,1.3972
10.8296,1.3972
10.8301,1.3972
10.8307,1.3972
10.8312,1.3972
10.8318,1.3972
10.8323,1.4022
10.8329,1.3921
10.8334,1.3972
10.8339,1.3972
10.8345,1.3972
10.8350,1.3972
10.8356,1.3972
10.8361,1.3921
10.8367,1.3972
10.8372,1.3972
10.8378,1.3972
10.8383,1.3972
10.8389,1.3972
10.8394,1.3972
10.8400,1.3972
10.8405,1.3921
10.8411,1.3972
10.8416,1.3921
10.8421,1.3921
10.8427,1.3921
10.8433,1.3972
10.8438,1.3972
10.8444,1.3921
10.8449,1.3972
10.8457,1.3972
10.8462,1.3972
10.8468,1.3972
10.8473,1.3921
10.8479,1.3921
10.8484,1.3921
10.8490,1.3972
10.8495,1.3972
10.8500,1.3921
10.8506,1.3972
10.8511,1.3972
10.8517,1.3972
10.8522,1.3921
10.8528,1.3972
10.8533,1.3921
10.8539,1.3972
10.8544,1.3921
10.8550,1.3921
10.8555,1.3972
10.8561,1.3921
10.8566,1.3871
10.8571,1.3921
10.8577,1.3972
10.8582,1.3921
10.8588,1.3921
10.8593,1.3921
10.8599,1.3972
10.8604,1.3871
10.8610,1.3972
10.8615,1.3921
10.8621,1.3972
10.8626,1.3871
10.8632,1.3972
10.8637,1.3921
10.8642,1.3921
10.8648,1.3921
10.8653,1.3921
10.8659,1.3972
10.8664,1.3921
10.8670,1.3921
10.8675,1.3921
10.8681,1.3921
10.8686,1.3921
10.8692,1.3921
10.8697,1.3972
10.8703,1.3871
10.8708,1.3871
10.8713,1.3871
10.8719,1.3871
10.8724,1.3921
10.8730,1.3921
10.8736,1.3871
10.8741,1.3921
10.8747,1.3921
10.8752,1.3921
10.8758,1.3921
10.8763,1.3871
10.8769,1.3871
10.8774,1.3921
10.8780,1.3871
10.8785,1.3921
10.8790,1.3921
10.8796,1.3921
10.8801,1.3921
10.8807,1.3921
10.8812,1.3921
10.8818,1.3921
10.8823,1.3921
10.8829,1.3871
10.8834,1.3921
10.8840,1.3821
10.8845,1.3921
10.8851,1.3921
10.8856,1.3921
10.8862,1.3921
10.8867,1.3921
10.8873,1.3921
10.8878,1.3921
10.8883,1.3921
10.8889,1.3871
10.8894,1.3921
10.8900,1.3871
10.8905,1.3921
10.8911,1.3871
10.8916,1.3921
10.8922,1.3821
10.8927,1.3921
10.8933,1.3921
10.8938,1.3921
10.8944,1.3821
10.8949,1.3921
10.8955,1.3871
10.8960,1.3871
10.8966,1.3921
10.8971,1.3821
10.8977,1.3921
10.8982,1.3871
10.8988,1.3871
10.8993,1.3871
10.8999,1.3871
10.9004,1.3921
10.9010,1.3871
10.9015,1.3871
10.9021,1.3871
10.9026,1.3921
10.9031,1.3871
10.9037,1.3921
10.9043,1.3821
10.9048,1.3871
10.9054,1.3871
10.9059,1.3921
10.9065,1.3921
10.9070,1.3921
10.9076,1.3921
10.9081,1.3821
10.9087,1.3871
10.9092,1.3821
10.9098,1.3921
10.9103,1.3871
10.9109,1.3871
10.9114,1.3921
10.9120,1.3871
10.9125,1.3921
10.9131,1.3821
10.9136,1.3871
10.9142,1.3921
10.9147,1.3821
10.9153,1.3871
10.9158,1.3871
10.9164,1.3871
10.9169,1.3871
10.9175,1.3871
10.9180,1.3821
10.9186,1.3871
10.9191,1.3871
10.9197,1.3871
10.9202,1.3871
10.9208,1.3871
10.9213,1.3921
10.9219,1.3871
10.9224,1.3871
10.9230,1.3871
10.9235,1.3871
10.9241,1.3871
10.9246,1.3821
10.9252,1.3871
10.9257,1.3821
10.9263,1.3921
10.9268,1.3821
10.9274,1.3871
10.9279,1.3871
10.9285,1.3821
10.9290,1.3871
10.9296,1.3821
10.9301,1.3871
10.9307,1.3821
10.9312,1.3871
10.9318,1.3871
10.9323,1.3871
10.9329,1.3821
10.9334,1.3871
10.9340,1.3871
10.9345,1.3871
10.9351,1.3871
10.9356,1.3871
10.9362,1.3871
10.9367,1.3871
10.9373,1.3821
10.9378,1.3871
10.9384,1.3821
10.9389,1.3871
10.9395,1.3871
10.9400,1.3871
10.9406,1.3821
10.9411,1.3821
10.9417,1.3871
10.9422,1.3821
10.9428,1.3871
10.9434,1.3871
10.9439,1.3871
10.9445,1.3770
10.9450,1.3871
10.9456,1.3871
10.9461,1.3871
10.9467,1.3821
10.9472,1.3871
10.9478,1.3770
10.9483,1.3821
10.9489,1.3821
10.9494,1.3871
10.9500,1.3871
10.9505,1.3821
10.9511,1.3821
10.9516,1.3821
10.9522,1.3871
10.9527,1.3821
10.9533,1.3821
10.9538,1.3821
10.9544,1.3871
10.9549,1.3871
10.9555,1.3871
10.9560,1.3821
10.9566,1.3821
10.9571,1.3821
10.9577,1.3871
10.9582,1.3821
10.9588,1.3871
10.9593,1.3821
10.9599,1.3871
10.9604,1.3821
10.9610,1.3821
10.9615,1.3871
10.9621,1.3871
10.9626,1.3821
10.9632,1.3821
10.9637,1.3821
10.9643,1.3871
10.9648,1.3821
10.9654,1.3770
10.9659,1.3871
10.9665,1.3821
10.9670,1.3770
10.9676,1.3770
10.9682,1.3821
10.9687,1.3821
10.9693,1.3821
10.9698,1.3770
10.9704,1.3871
10.9709,1.3821
10.9715,1.3821
10.9720,1.3821
10.9726,1.3821
10.9731,1.3821
10.9737,1.3821
10.9742,1.3821
10.9748,1.3821
10.9753,1.3821
10.9758,1.3821
10.9764,1.3821
10.9769,1.3770
10.9775,1.3821
10.9780,1.3871
10.9786,1.3821
10.9791,1.3821
10.9797,1.3821
10.9802,1.3770
10.9808,1.3821
10.9813,1.3871
10.9818,1.3871
10.9824,1.3821
10.9829,1.3770
10.9835,1.3821
10.9840,1.3770
10.9846,1.3821
10.9851,1.3821
10.9857,1.3821
10.9862,1.3821
10.9868,1.3770
10.9873,1.3821
10.9879,1.3821
10.9884,1.3821
10.9889,1.3821
10.9895,1.3821
10.9900,1.3821
10.9906,1.3770
10.9911,1.3821
10.9917,1.3821
10.9922,1.3871
10.9928,1.3821
10.9933,1.3821
10.9939,1.3821
10.9944,1.3821
10.9949,1.3770
10.9955,1.3821
10.9960,1.3821
10.9966,1.3871
10.9971,1.3770
10.9977,1.3871
10.9982,1.3770
10.9988,1.3770
10.9993,1.3821
10.9999,1.3821
11.0004,1.3821
11.0009,1.3770
11.0015,1.3821
11.0020,1.3821
11.0026,1.3821
11.0031,1.3821
11.0037,1.3821
11.0042,1.3821
11.0048,1.3821
11.0053,1.3821
11.0059,1.3821
11.0064,1.3871
11.0070,1.3770
11.0075,1.3871
11.0081,1.3770
11.0086,1.3821
11.0092,1.3821
11.0097,1.3821
11.0103,1.3770
11.0108,1.3821
11.0114,1.3821
11.0119,1.3821
11.0125,1.3821
11.0131,1.3821
11.0136,1.3821
11.0142,1.3821
11.0147,1.3821
11.0153,1.3770
11.0158,1.3821
11.0164,1.3821
11.0169,1.3770
11.0175,1.3770
11.0180,1.3821
11.0186,1.3770
11.0191,1.3821
11.0197,1.3821
11.0202,1.3821
11.0208,1.3770
11.0213,1.3821
11.0219,1.3821
11.0224,1.3821
11.0230,1.3821
11.0235,1.3821
11.0241,1.3821
11.0246,1.3821
11.0252,1.3821
11.0257,1.3770
11.0263,1.3770
11.0268,1.3821
11.0274,1.3770
11.0279,1.3821
11.0285,1.3770
11.0290,1.3821
11.0296,1.3821
11.0301,1.3821
11.0307,1.3821
11.0312,1.3821
11.0318,1.3821
11.0323,1.3821
11.0329,1.3770
11.0334,1.3821
11.0340,1.3770
11.0345,1.3821
11.0351,1.3821
11.0356,1.3821
11.0362,1.3821
11.0367,1.3821
11.0373,1.3770
11.0378,1.3821
11.0384,1.3770
11.0389,1.3821
11.0395,1.3821
11.0400,1.3821
11.0406,1.3821
11.0411,1.3821
11.0417,1.3770
11.0422,1.3821
11.0428,1.3821
11.0433,1.3770
11.0439,1.3821
11.0444,1.3720
11.0450,1.3720
11.0455,1.3770
11.0461,1.3821
11.0466,1.3821
11.0472,1.3770
11.0477,1.3770
11.0483,1.3821
11.0488,1.3821
11.0494,1.3821
11.0499,1.3821
11.0505,1.3770
11.0510,1.3821
11.0516,1.3720
11.0521,1.3770
11.0527,1.3770
11.0532,1.3770
11.0538,1.3821
11.0543,1.3770
11.0549,1.3770
11.0554,1.3770
11.0560,1.3770
11.0565,1.3821
11.0571,1.3821
11.0576,1.3821
11.0582,1.3770
11.0587,1.3770
11.0593,1.3821
11.0598,1.3821
11.0604,1.3770
11.0609,1.3770
11.0615,1.3821
11.0620,1.3770
11.0626,1.3821
11.0631,1.3770
11.0637,1.3821
11.0642,1.3770
11.0648,1.3821
11.0653,1.3821
11.0659,1.3770
11.0664,1.3770
11.0670,1.3821
11.0675,1.3770
11.0681,1.3821
11.0686,1.3770
11.0692,1.3770
11.0697,1.3821
11.0703,1.3770
11.0708,1.3821
11.0714,1.3821
11.0719,1.3720
11.0725,1.3770
11.0730,1.3770
11.0736,1.3770
11.0741,1.3821
11.0747,1.3821
11.0752,1.3770
11.0758,1.3770
11.0763,1.3770
11.0769,1.3821
11.0774,1.3770
11.0780,1.3770
11.0785,1.3770
11.0791,1.3821
11.0796,1.3770
11.0802,1.3821
11.0807,1.3770
11.0813,1.3770
11.0818,1.3821
11.0824,1.3770
11.0829,1.3770
11.0835,1.3821
11.0840,1.3770
11.0846,1.3770
11.0851,1.3770
11.0857,1.3770
11.0862,1.3821
11.0868,1.3720
11.0873,1.3821
11.0879,1.3770
11.0884,1.3770
11.0890,1.3770
11.0895,1.3770
11.0901,1.3770
11.0906,1.3821
11.0912,1.3770
11.0917,1.3770
11.0923,1.3821
11.0928,1.3770
11.0934,1.3770
11.0939,1.3720
11.0945,1.3720
11.0950,1.3770
11.0956,1.3770
11.0961,1.3770
11.0967,1.3821
11.0972,1.3821
11.0978,1.3770
11.0983,1.3770
11.0989,1.3770
11.0994,1.3821
11.1000,1.3821
11.1005,1.3770
11.1011,1.3821
11.1016,1.3821
11.1022,1.3770
11.1027,1.3720
11.1033,1.3770
11.1038,1.3770
11.1044,1.3821
11.1049,1.3770
11.1055,1.3770
11.1060,1.3770
11.1066,1.3770
11.1071,1.3821
11.1077,1.3821
11.1082,1.3770
11.1088,1.3821
11.1093,1.3770
11.1099,1.3770
11.1104,1.3770
11.1110,1.3770
11.1115,1.3770
11.1121,1.3770
11.1126,1.3770
11.1132,1.3770
11.1137,1.3770
11.1143,1.3770
11.1148,1.3770
11.1154,1.3720
11.1159,1.3770
11.1165,1.3821
11.1170,1.3770
11.1176,1.3770
11.1181,1.3821
11.1187,1.3770
11.1192,1.3770
11.1198,1.3770
11.1203,1.3770
11.1209,1.3770
11.1214,1.3720
11.1220,1.3770
11.1225,1.3770
11.1231,1.3770
11.1236,1.3770
11.1242,1.3770
11.1247,1.3821
11.1253,1.3770
11.1258,1.3770
11.1264,1.3770
11.1269,1.3770
11.1275,1.3720
11.1280,1.3770
11.1286,1.3821
11.1291,1.3770
11.1297,1.3821
11.1302,1.3821
11.1308,1.3821
11.1313,1.3770
11.1319,1.3821
11.1324,1.3770
11.1330,1.3770
11.1335,1.3770
11.1341,1.3770
11.1346,1.3770
11.1352,1.3720
11.1357,1.3770
11.1363,1.3720
11.1368,1.3770
11.1374,1.3770
11.1379,1.3770
11.1385,1.3770
11.1390,1.3720
11.1396,1.3770
11.1401,1.3720
11.1407,1.3720
11.1413,1.3770
11.1419,1.3770
11.1425,1.3770
11.1430,1.3770
11.1436,1.3770
11.1442,1.3770
11.1449,1.3770
11.1455,1.3770
11.1461,1.3770
11.1467,1.3770
11.1473,1.3770
11.1478,1.3720
11.1484,1.3720
11.1490,1.3821
11.1496,1.3770
11.1501,1.3720
11.1507,1.3770
11.1513,1.3770
11.1518,1.3770
11.1524,1.3821
11.1530,1.3770
11.1538,1.3720
11.1544,1.3720
11.1550,1.3821
11.1556,1.3770
11.1561,1.3770
11.1567,1.3821
11.1572,1.3770
11.1578,1.3770
11.1584,1.3720
11.1590,1.3770
11.1595,1.3770
11.1601,1.3720
11.1606,1.3770
11.1612,1.3821
11.1617,1.3821
11.1623,1.3821
11.1629,1.3821
11.1634,1.3821
11.1640,1.3821
11.1645,1.3770
11.1651,1.3821
11.1657,1.3821
11.1662,1.3821
11.1668,1.3821
11.1675,1.3821
11.1681,1.3821
11.1689,1.3821
11.1695,1.3821
11.1700,1.3821
11.1706,1.3821
11.1712,1.3821
11.1717,1.3821
11.1723,1.3821
11.1728,1.3871
11.1734,1.3821
11.1739,1.3821
11.1745,1.3871
11.1751,1.3871
11.1756,1.3821
11.1762,1.3871
11.1767,1.3871
11.1773,1.3871
11.1779,1.3871
11.1784,1.3871
11.1790,1.3821
11.1795,1.3821
11.1801,1.3871
11.1806,1.3821
11.1812,1.3871
11.1817,1.3871
11.1823,1.3921
11.1828,1.3921
11.1834,1.3821
11.1839,1.3871
11.1845,1.3821
11.1850,1.3871
11.1856,1.3871
11.1861,1.3921
11.1867,1.3921
11.1872,1.3871
11.1877,1.3871
11.1883,1.3921
11.1888,1.3921
11.1894,1.3921
11.1899,1.3921
11.1905,1.3921
11.1910,1.3871
11.1916,1.3921
11.1921,1.3921
11.1927,1.3921
11.1932,1.3921
11.1938,1.3921
11.1943,1.3921
11.1949,1.3921
11.1954,1.3921
11.1960,1.3921
11.1965,1.3921
11.1971,1.3972
11.1976,1.3921
11.1982,1.3921
11.1987,1.3972
11.1993,1.3921
11.1998,1.3921
11.2004,1.3972
11.2009,1.3921
11.2015,1.3921
11.2020,1.3972
11.2026,1.3921
11.2031,1.3972
11.2037,1.3972
11.2042,1.3972
11.2048,1.3972
11.2053,1.3921
11.2059,1.3972
11.2064,1.3972
11.2070,1.3972
11.2075,1.3972
11.2081,1.3972
11.2086,1.4022
11.2092,1.3972
11.2097,1.4022
11.2102,1.4022
11.2108,1.4022
11.2113,1.3972
11.2119,1.4022
11.2124,1.4022
11.2130,1.4022
11.2136,1.4022
11.2141,1.4022
11.2147,1.4022
11.2152,1.4022
11.2157,1.4073
11.2163,1.4022
11.2168,1.4022
11.2174,1.4022
11.2179,1.4022
11.2185,1.4022
11.2190,1.4022
11.2196,1.3972
11.2201,1.4073
11.2207,1.4022
11.2212,1.4022
11.2218,1.4022
11.2223,1.4073
11.2229,1.4123
11.2234,1.4073
11.2240,1.4073
11.2246,1.4022
11.2251,1.4073
11.2257,1.4022
11.2262,1.3972
11.2268,1.4022
11.2273,1.4022
11.2279,1.4022
11.2284,1.4022
11.2290,1.4073
11.2295,1.4022
11.2304,1.4022
11.2310,1.4022
11.2337,1.4073
11.2343,1.4073
11.2349,1.4073
11.2354,1.4073
11.2360,1.4073
11.2366,1.4073
11.2371,1.4022
11.2377,1.4073
11.2382,1.4073
11.2388,1.4073
11.2394,1.4073
11.2399,1.4073
11.2404,1.4073
11.2410,1.4073
11.2415,1.4073
11.2421,1.4123
11.2426,1.4073
11.2432,1.4073
11.2437,1.4073
11.2443,1.4073
11.2450,1.4073
11.2455,1.4073
11.2461,1.4123
11.2466,1.4073
11.2472,1.4073
11.2477,1.4022
11.2482,1.4073
11.2488,1.4123
11.2493,1.4123
11.2499,1.4073
11.2505,1.4073
11.2510,1.4073
11.2516,1.4123
11.2521,1.4123
11.2527,1.4073
11.2532,1.4073
11.2538,1.4123
11.2544,1.4123
11.2550,1.4073
11.2555,1.4123
11.2561,1.4073
11.2566,1.4123
11.2571,1.4123
11.2577,1.4123
11.2582,1.4073
11.2587,1.4123
11.2593,1.4073
11.2598,1.4123
11.2604,1.4123
11.2609,1.4123
11.2614,1.4073
11.2620,1.4123
11.2625,1.4123
11.2630,1.4073
11.2636,1.4073
11.2641,1.4123
11.2646,1.4073
11.2652,1.4073
11.2657,1.4174
11.2663,1.4073
11.2668,1.4073
11.2673,1.4123
11.2679,1.4123
11.2684,1.4073
11.2690,1.4123
11.2695,1.4123
11.2700,1.4073
11.2706,1.4073
11.2711,1.4123
11.2717,1.4174
11.2722,1.4123
11.2727,1.4174
11.2733,1.4123
11.2738,1.4073
11.2743,1.4123
11.2749,1.4123
11.2754,1.4174
11.2759,1.4123
11.2765,1.4123
11.2770,1.4123
11.2776,1.4073
11.2781,1.4123
11.2786,1.4123
11.2792,1.4123
11.2797,1.4123
11.2802,1.4123
11.2808,1.4123
11.2813,1.4123
11.2818,1.4073
11.2824,1.4174
11.2829,1.4123
11.2834,1.4123
11.2840,1.4174
11.2845,1.4123
11.2851,1.4123
11.2856,1.4123
11.2861,1.4123
11.2867,1.4123
11.2872,1.4073
11.2877,1.4123
11.2883,1.4123
11.2888,1.4123
11.2893,1.4073
11.2899,1.4123
11.2904,1.4123
11.2909,1.4123
11.2915,1.4123
11.2920,1.4123
11.2926,1.4073
11.2931,1.4123
11.2936,1.4123
11.2942,1.4123
11.2947,1.4123
11.2952,1.4073
11.2958,1.4123
11.2963,1.4073
11.2969,1.4123
11.2974,1.4073
11.2979,1.4123
11.2985,1.4073
11.2990,1.4123
11.2995,1.4123
11.3001,1.4123
11.3006,1.4123
11.3012,1.4123
11.3017,1.4123
11.3022,1.4123
11.3028,1.4123
11.3033,1.4123
11.3038,1.4174
11.3044,1.4123
11.3049,1.4123
11.3055,1.4073
11.3060,1.4123
11.3065,1.4073
11.3071,1.4073
11.3076,1.4073
11.3093,1.4123
11.3099,1.4073
11.3104,1.4123
11.3110,1.4123
11.3115,1.4123
11.3121,1.4123
11.3126,1.4123
11.3131,1.4073
11.3137,1.4174
11.3142,1.4123
11.3148,1.4073
11.3153,1.4123
11.3158,1.4073
11.3164,1.4123
11.3169,1.4123
11.3175,1.4123
11.3180,1.4123
11.3185,1.4123
11.3191,1.4123
11.3196,1.4123
11.3202,1.4123
11.3207,1.4123
11.3212,1.4022
11.3218,1.4123
11.3223,1.4123
11.3229,1.4073
11.3234,1.4174
11.3239,1.4123
11.3245,1.4123
11.3250,1.4174
11.3255,1.4123
11.3261,1.4123
11.3266,1.4123
11.3272,1.4073
11.3277,1.4123
11.3282,1.4073
11.3288,1.4123
11.3293,1.4123
11.3299,1.4123
11.3304,1.4123
11.3309,1.4123
11.3315,1.4123
11.3320,1.4123
11.3326,1.4073
11.3331,1.4073
11.3336,1.4123
11.3342,1.4073
11.3347,1.4123
11.3353,1.4123
11.3358,1.4123
11.3363,1.4073
11.3369,1.4123
11.3374,1.4123
11.3379,1.4073
11.3385,1.4123
11.3390,1.4123
11.3396,1.4123
11.3401,1.4123
11.3406,1.4123
11.3412,1.4123
11.3417,1.4073
11.3423,1.4123
11.3428,1.4123
11.3433,1.4073
11.3439,1.4123
11.3444,1.4123
11.3450,1.4123
11.3456,1.4073
11.3462,1.4073
11.3467,1.4123
11.3473,1.4123
11.3478,1.4123
11.3484,1.4073
11.3489,1.4123
11.3495,1.4123
11.3500,1.4123
11.3506,1.4022
11.3511,1.4123
11.3517,1.4073
11.3522,1.4123
11.3528,1.4123
11.3533,1.4073
11.3539,1.4123
11.3544,1.4123
11.3550,1.4073
11.3555,1.4123
11.3561,1.4123
11.3566,1.4123
11.3571,1.4073
11.3577,1.4123
11.3582,1.4123
11.3588,1.4073
11.3593,1.4123
11.3599,1.4073
11.3604,1.4123
11.3610,1.4073
11.3615,1.4123
11.3621,1.4073
11.3626,1.4073
11.3632,1.4073
11.3637,1.4073
11.3643,1.4123
11.3648,1.4073
11.3654,1.4123
11.3659,1.4073
11.3665,1.4073
11.3670,1.4123
11.3678,1.4022
11.3684,1.4123
11.3691,1.4073
11.3697,1.4073
11.3702,1.4073
11.3708,1.4073
11.3713,1.4073
11.3718,1.4073
11.3724,1.4073
11.3729,1.4073
11.3735,1.4073
11.3740,1.4073
11.3746,1.4073
11.3751,1.4073
11.3757,1.4073
11.3762,1.4022
11.3768,1.4073
11.3773,1.4022
11.3779,1.4073
11.3784,1.4073
11.3789,1.4073
11.3795,1.4073
11.3800,1.4073
11.3806,1.4073
11.3811,1.4073
11.3817,1.4022
11.3822,1.4073
11.3828,1.4073
11.3833,1.4073
11.3839,1.4123
11.3844,1.4073
11.3850,1.4022
11.3855,1.4073
11.3860,1.4073
11.3866,1.4022
11.3871,1.4022
11.3877,1.4073
11.3882,1.4022
11.3888,1.4073
11.3893,1.4022
11.3899,1.4123
11.3904,1.4022
11.3910,1.4022
11.3915,1.4022
11.3920,1.4022
11.3926,1.4022
11.3931,1.4022
11.3937,1.4022
11.3942,1.4073
11.3948,1.4022
11.3953,1.4073
11.3959,1.4022
11.3964,1.4022
11.3970,1.4022
11.3975,1.3972
11.3981,1.4022
11.3986,1.4022
11.3991,1.3972
11.3997,1.4022
11.4002,1.4022
11.4008,1.4022
11.4013,1.4022
11.4019,1.4022
11.4024,1.4022
11.4030,1.3972
11.4035,1.4073
11.4041,1.4073
11.4046,1.4022
11.4052,1.4073
11.4057,1.3921
11.4063,1.4073
11.4068,1.4073
11.4074,1.3972
11.4079,1.4022
11.4085,1.4073
11.4090,1.4022
11.4096,1.4022
11.4101,1.4073
11.4107,1.4022
11.4112,1.4073
11.4118,1.3972
11.4123,1.3972
11.4129,1.4022
11.4134,1.4022
11.4140,1.4073
11.4145,1.3972
11.4151,1.4022
11.4156,1.4073
11.4162,1.4022
11.4167,1.4073
11.4173,1.4022
11.4178,1.4022
11.4184,1.4022
11.4189,1.4022
11.4195,1.4073
11.4200,1.4073
11.4206,1.4022
11.4211,1.4073
11.4217,1.4022
11.4222,1.3972
11.4228,1.3972
11.4233,1.4022
11.4239,1.4022
11.4244,1.4022
11.4250,1.3972
11.4255,1.4022
11.4261,1.4022
11.4266,1.4022
11.4272,1.4022
11.4277,1.4022
11.4283,1.4022
11.4288,1.4073
11.4294,1.4022
11.4299,1.4022
11.4305,1.4073
11.4310,1.4022
11.4316,1.4022
11.4321,1.3972
11.4327,1.4022
11.4332,1.4022
11.4338,1.3972
11.4343,1.4022
11.4349,1.4073
11.4354,1.4073
11.4360,1.4022
11.4366,1.4022
11.4371,1.4022
11.4377,1.4022
11.4382,1.4073
11.4388,1.4022
11.4393,1.4022
11.4399,1.3972
11.4404,1.4022
11.4410,1.4022
11.4415,1.4022
11.4421,1.4022
11.4426,1.3972
11.4432,1.4022
11.4437,1.4022
11.4443,1.3972
11.4448,1.4022
11.4454,1.4022
11.4459,1.4022
11.4465,1.4022
11.4470,1.3972
11.4476,1.4022
11.4481,1.4022
11.4487,1.4022
11.4492,1.3972
11.4498,1.3972
11.4503,1.4022
11.4509,1.4022
11.4514,1.4022
11.4520,1.3972
11.4525,1.4022
11.4531,1.3972
11.4536,1.3972
11.4542,1.4022
11.4547,1.4022
11.4553,1.4022
11.4558,1.3972
11.4564,1.3972
11.4569,1.4022
11.4575,1.4073
11.4580,1.4022
11.4586,1.4022
11.4591,1.3972
11.4597,1.4022
11.4602,1.4022
11.4608,1.4022
11.4613,1.4022
11.4619,1.4022
11.4624,1.4022
11.4630,1.4022
11.4636,1.4022
11.4641,1.4073
11.4647,1.4022
11.4652,1.4022
11.4658,1.4022
11.4663,1.4022
11.4669,1.4022
11.4674,1.3972
11.4680,1.4022
11.4685,1.3972
11.4691,1.4022
11.4696,1.4022
11.4702,1.3972
11.4707,1.4022
11.4713,1.4022
11.4718,1.4022
11.4724,1.3972
11.4729,1.4022
11.4735,1.4022
11.4740,1.4022
11.4746,1.4022
11.4751,1.3972
11.4757,1.4022
11.4762,1.3972
11.4768,1.3972
11.4773,1.3921
11.4779,1.4022
11.4784,1.3972
11.4790,1.4022
11.4795,1.4022
11.4801,1.4022
11.4806,1.4022
11.4812,1.4022
11.4817,1.3972
11.4823,1.4022
11.4828,1.4022
11.4834,1.3972
11.4839,1.3972
11.4845,1.4022
11.4850,1.4022
11.4856,1.3972
11.4861,1.4022
11.4867,1.4022
11.4872,1.4022
11.4878,1.3972
11.4883,1.4022
11.4889,1.4022
11.4894,1.4022
11.4900,1.4022
11.4905,1.4022
11.4911,1.4022
11.4916,1.4022
11.4922,1.3921
11.4927,1.3972
11.4933,1.4022
11.4938,1.4022
11.4944,1.4022
11.4949,1.4022
11.4955,1.4022
11.4960,1.4022
11.4966,1.4022
11.4971,1.3972
11.4977,1.4022
11.4982,1.4022
11.4988,1.4022
11.4993,1.3972
11.4999,1.4022
11.5004,1.4022
11.5010,1.4022
11.5015,1.4022
11.5021,1.4022
11.5026,1.3972
11.5032,1.4022
11.5037,1.3972
11.5043,1.4022
11.5048,1.4022
11.5054,1.4022
11.5059,1.4073
11.5065,1.4022
11.5071,1.4022
11.5076,1.3972
11.5082,1.3972
11.5087,1.4073
11.5092,1.3921
11.5098,1.3972
11.5103,1.3972
11.5109,1.4022
11.5114,1.3972
11.5120,1.4022
11.5125,1.3972
11.5131,1.4022
11.5136,1.4022
11.5142,1.4022
11.5148,1.4022
11.5153,1.3972
11.5159,1.4022
11.5164,1.4022
11.5169,1.4022
11.5175,1.3972
11.5180,1.4022
11.5186,1.3972
11.5191,1.3972
11.5197,1.4022
11.5202,1.4022
11.5208,1.4022
11.5213,1.3972
11.5219,1.3921
11.5224,1.4022
11.5230,1.4022
11.5236,1.3972
11.5241,1.3972
11.5247,1.4022
11.5252,1.4022
11.5258,1.4022
11.5263,1.3972
11.5268,1.4022
11.5274,1.3972
11.5279,1.3972
11.5285,1.4022
11.5290,1.3972
11.5296,1.3972
11.5301,1.4022
11.5307,1.3972
11.5312,1.4022
11.5318,1.3972
11.5323,1.3972
11.5329,1.3972
11.5334,1.3972
11.5340,1.3972
11.5345,1.4022
11.5351,1.4022
11.5356,1.3972
11.5362,1.3972
11.5367,1.4022
11.5373,1.3972
11.5378,1.3972
11.5384,1.3972
11.5389,1.4022
11.5395,1.3972
11.5400,1.4022
11.5406,1.3972
11.5411,1.3972
11.5417,1.3972
11.5422,1.3972
11.5428,1.3972
11.5433,1.4022
11.5439,1.3972
11.5444,1.3972
11.5450,1.4022
11.5455,1.4022
11.5461,1.3972
11.5467,1.3972
11.5472,1.3972
11.5478,1.4022
11.5483,1.4022
11.5489,1.4022
11.5494,1.3972
11.5500,1.3972
11.5505,1.3921
11.5511,1.4022
11.5516,1.3972
11.5522,1.3972
11.5527,1.3972
11.5533,1.3972
11.5538,1.4022
11.5544,1.3972
11.5549,1.3972
11.5555,1.4022
11.5560,1.4022
11.5565,1.3972
11.5571,1.4022
11.5576,1.3921
11.5582,1.3972
11.5602,1.3972
11.5608,1.3921
11.5614,1.3972
11.5619,1.3972
11.5625,1.3972
11.5631,1.3972
11.5636,1.3921
11.5642,1.3972
11.5648,1.3972
11.5653,1.3972
11.5659,1.3972
11.5665,1.3972
11.5670,1.3972
11.5676,1.4022
11.5681,1.3972
11.5688,1.3972
11.5694,1.3972
11.5699,1.4022
11.5705,1.3972
11.5710,1.3972
11.5716,1.3972
11.5721,1.3972
11.5727,1.3972
11.5732,1.3972
11.5738,1.3972
11.5743,1.3921
11.5749,1.3972
11.5754,1.3972
11.5759,1.3921
11.5765,1.3972
11.5770,1.3972
11.5776,1.3972
11.5782,1.3972
11.5787,1.3972
11.5793,1.3972
11.5798,1.3972
11.5803,1.3972
11.5809,1.3972
11.5814,1.3972
11.5820,1.4022
11.5825,1.3921
11.5831,1.3921
11.5836,1.3921
11.5842,1.4022
11.5847,1.3972
11.5853,1.3972
11.5858,1.3972
11.5864,1.3972
11.5869,1.3921
11.5874,1.3972
11.5880,1.3972
11.5885,1.3972
11.5891,1.3972
11.5896,1.3972
11.5902,1.3972
11.5907,1.3921
11.5913,1.3972
11.5918,1.3921
11.5924,1.3921
11.5929,1.3972
11.5935,1.3972
11.5940,1.3921
11.5945,1.3972
11.5951,1.4022
11.5956,1.3972
11.5962,1.3972
11.5967,1.3921
11.5973,1.3921
11.5978,1.3972
11.5984,1.3921
11.5989,1.3921
11.5995,1.3921
11.6000,1.3921
11.6005,1.3972
11.6011,1.3921
11.6016,1.3921
11.6022,1.3921
11.6027,1.3921
11.6033,1.3972
11.6038,1.3972
11.6044,1.3921
11.6049,1.3921
11.6055,1.3921
11.6060,1.3921
11.6066,1.3921
11.6071,1.3921
11.6076,1.3921
11.6082,1.3921
11.6087,1.3921
11.6093,1.3972
11.6098,1.3921
11.6104,1.3921
11.6109,1.3921
11.6115,1.3921
11.6120,1.3921
11.6126,1.3921
11.6131,1.3972
11.6137,1.3921
11.6142,1.3921
11.6148,1.3921
11.6153,1.3921
11.6159,1.3921
11.6164,1.3921
11.6170,1.3921
11.6175,1.3921
11.6180,1.3921
11.6186,1.3921
11.6191,1.3921
11.6197,1.3921
11.6202,1.3921
11.6208,1.3921
11.6213,1.3921
11.6219,1.3921
11.6224,1.3921
11.6230,1.3921
11.6235,1.3921
11.6241,1.3871
11.6246,1.3921
11.6252,1.3871
11.6257,1.3921
11.6263,1.3921
11.6268,1.3972
11.6274,1.3972
11.6279,1.3921
11.6285,1.3921
11.6290,1.3921
11.6296,1.3921
11.6301,1.3921
11.6307,1.3871
11.6312,1.3921
11.6318,1.3921
11.6323,1.3921
11.6329,1.3921
11.6334,1.3871
11.6340,1.3921
11.6345,1.3921
11.6351,1.3921
11.6356,1.3921
11.6362,1.3921
11.6367,1.3921
11.6373,1.3921
11.6378,1.3871
11.6384,1.3921
11.6389,1.3921
11.6395,1.3921
11.6400,1.3871
11.6406,1.3921
11.6411,1.3871
11.6417,1.3871
11.6422,1.3921
11.6428,1.3921
11.6433,1.3921
11.6439,1.3871
11.6444,1.3871
11.6450,1.3921
11.6455,1.3871
11.6461,1.3921
11.6466,1.3871
11.6472,1.3921
11.6478,1.3871
11.6483,1.3921
11.6489,1.3871
11.6494,1.3871
11.6500,1.3871
11.6505,1.3921
11.6511,1.3871
11.6516,1.3871
11.6522,1.3921
11.6527,1.3921
11.6533,1.3871
11.6538,1.3921
11.6544,1.3871
11.6549,1.3921
11.6555,1.3921
11.6560,1.3871
11.6566,1.3871
11.6571,1.3871
11.6577,1.3871
11.6582,1.3871
11.6588,1.3871
11.6593,1.3871
11.6599,1.3871
11.6604,1.3871
11.6610,1.3871
11.6615,1.3921
11.6621,1.3871
11.6626,1.3921
11.6632,1.3821
11.6637,1.3871
11.6643,1.3871
11.6648,1.3871
11.6654,1.3821
11.6659,1.3921
11.6665,1.3821
11.6670,1.3871
11.6676,1.3871
11.6681,1.3871
11.6687,1.3871
11.6692,1.3871
11.6698,1.3871
11.6703,1.3871
11.6709,1.3871
11.6714,1.3871
11.6720,1.3871
11.6725,1.3871
11.6731,1.3871
11.6736,1.3871
11.6742,1.3821
11.6747,1.3871
11.6753,1.3921
11.6758,1.3871
11.6764,1.3871
11.6769,1.3871
11.6775,1.3871
11.6780,1.3871
11.6786,1.3821
11.6791,1.3871
11.6797,1.3871
11.6802,1.3871
11.6808,1.3871
11.6813,1.3871
11.6819,1.3871
11.6824,1.3821
11.6830,1.3871
11.6835,1.3871
11.6841,1.3821
11.6846,1.3871
11.6852,1.3871
11.6857,1.3821
11.6863,1.3821
11.6868,1.3871
11.6874,1.3871
11.6879,1.3871
11.6885,1.3871
11.6890,1.3821
11.6896,1.3821
11.6901,1.3821
11.6907,1.3871
11.6912,1.3871
11.6918,1.3871
11.6923,1.3821
11.6929,1.3871
11.6934,1.3821
11.6940,1.3871
11.6945,1.3871
11.6951,1.3821
11.6956,1.3871
11.6962,1.3821
11.6968,1.3871
11.6973,1.3871
11.6979,1.3821
11.6984,1.3871
11.6990,1.3821
11.6995,1.3821
11.7001,1.3871
11.7006,1.3871
11.7012,1.3871
11.7017,1.3871
11.7023,1.3871
11.7028,1.3871
11.7034,1.3871
11.7039,1.3821
11.7045,1.3871
11.7050,1.3821
11.7056,1.3871
11.7061,1.3871
11.7067,1.3821
11.7072,1.3871
11.7078,1.3770
11.7083,1.3821
11.7089,1.3871
11.7094,1.3871
11.7100,1.3821
11.7105,1.3770
11.7111,1.3871
11.7116,1.3871
11.7122,1.3821
11.7127,1.3921
11.7133,1.3821
11.7138,1.3821
11.7144,1.3871
11.7149,1.3871
11.7155,1.3821
11.7160,1.3871
11.7166,1.3821
11.7171,1.3770
11.7177,1.3871
11.7183,1.3871
11.7188,1.3821
11.7194,1.3821
11.7199,1.3871
11.7205,1.3770
11.7210,1.3821
11.7216,1.3871
11.7221,1.3770
11.7227,1.3821
11.7232,1.3770
11.7238,1.3821
11.7243,1.3821
11.7249,1.3821
11.7254,1.3871
11.7260,1.3871
11.7265,1.3821
11.7271,1.3871
11.7276,1.3821
11.7282,1.3821
11.7287,1.3871
11.7293,1.3821
11.7298,1.3871
11.7304,1.3821
11.7310,1.3821
11.7316,1.3821
11.7321,1.3821
11.7327,1.3821
11.7333,1.3821
11.7339,1.3821
11.7345,1.3821
11.7351,1.3821
11.7357,1.3821
11.7362,1.3871
11.7368,1.3821
11.7373,1.3821
11.7379,1.3821
11.7385,1.3821
11.7390,1.3821
11.7396,1.3821
11.7402,1.3821
11.7408,1.3821
11.7413,1.3770
11.7419,1.3821
11.7424,1.3821
11.7430,1.3821
11.7435,1.3821
11.7441,1.3770
11.7447,1.3871
11.7452,1.3770
11.7458,1.3821
11.7463,1.3770
11.7469,1.3821
11.7474,1.3821
11.7481,1.3821
11.7487,1.3770
11.7493,1.3770
11.7498,1.3871
11.7504,1.3821
11.7510,1.3821
11.7516,1.3770
11.7522,1.3821
11.7528,1.3821
11.7534,1.3821
11.7540,1.3871
11.7545,1.3821
11.7551,1.3821
11.7556,1.3821
11.7562,1.3821
11.7568,1.3770
11.7574,1.3770
11.7579,1.3821
11.7586,1.3821
11.7592,1.3821
11.7597,1.3871
11.7603,1.3821
11.7609,1.3770
11.7615,1.3821
11.7620,1.3821
11.7626,1.3821
11.7631,1.3821
11.7637,1.3770
11.7642,1.3871
11.7648,1.3821
11.7653,1.3770
11.7658,1.3821
11.7664,1.3821
11.7669,1.3821
11.7675,1.3821
11.7684,1.3770
11.7689,1.3770
11.7702,1.3720
11.7708,1.3720
11.7714,1.3770
11.7719,1.3821
11.7725,1.3770
11.7730,1.3871
11.7736,1.3770
11.7741,1.3821
11.7747,1.3821
11.7752,1.3770
11.7757,1.3821
11.7763,1.3821
11.7768,1.3770
11.7774,1.3770
11.7779,1.3821
11.7784,1.3770
11.7790,1.3821
11.7795,1.3821
11.7801,1.3770
11.7806,1.3821
11.7811,1.3821
11.7817,1.3821
11.7822,1.3770
11.7828,1.3770
11.7833,1.3821
11.7838,1.3821
11.7844,1.3821
11.7849,1.3770
11.7855,1.3821
11.7860,1.3720
11.7866,1.3821
11.7871,1.3770
11.7877,1.3871
11.7882,1.3770
11.7887,1.3770
11.7893,1.3770
11.7899,1.3821
11.7904,1.3770
11.7909,1.3821
11.7915,1.3770
11.7920,1.3821
11.7926,1.3821
11.7931,1.3770
11.7936,1.3871
11.7942,1.3821
11.7947,1.3770
11.7953,1.3770
11.7958,1.3770
11.7963,1.3770
11.7969,1.3770
11.7974,1.3821
11.7980,1.3770
11.7985,1.3821
11.7990,1.3770
11.7996,1.3770
11.8001,1.3770
11.8007,1.3821
11.8012,1.3821
11.8017,1.3770
11.8023,1.3821
11.8028,1.3821
11.8034,1.3821
11.8039,1.3821
11.8044,1.3821
11.8050,1.3770
11.8055,1.3821
11.8061,1.3821
11.8066,1.3821
11.8071,1.3821
11.8077,1.3770
11.8082,1.3821
11.8088,1.3720
11.8093,1.3770
11.8098,1.3770
11.8104,1.3770
11.8109,1.3821
11.8115,1.3770
11.8120,1.3821
11.8125,1.3770
11.8131,1.3821
11.8136,1.3770
11.8142,1.3770
11.8147,1.3821
11.8153,1.3770
11.8158,1.3821
11.8163,1.3770
11.8169,1.3821
11.8174,1.3821
11.8180,1.3770
11.8185,1.3821
11.8190,1.3770
11.8196,1.3770
11.8201,1.3720
11.8207,1.3821
11.8212,1.3821
11.8217,1.3770
11.8223,1.3770
11.8228,1.3821
11.8234,1.3821
11.8239,1.3821
11.8244,1.3770
11.8250,1.3770
11.8255,1.3821
11.8261,1.3770
11.8266,1.3821
11.8271,1.3821
11.8277,1.3770
11.8282,1.3770
11.8288,1.3821
11.8293,1.3720
11.8298,1.3821
11.8304,1.3821
11.8309,1.3770
11.8315,1.3821
11.8320,1.3770
11.8325,1.3770
11.8331,1.3821
11.8336,1.3770
11.8342,1.3770
11.8347,1.3770
11.8353,1.3770
11.8358,1.3720
11.8364,1.3770
11.8369,1.3821
11.8374,1.3821
11.8380,1.3770
11.8385,1.3821
11.8391,1.3770
11.8396,1.3770
11.8402,1.3821
11.8407,1.3770
11.8413,1.3770
11.8418,1.3821
11.8423,1.3770
11.8429,1.3821
11.8434,1.3770
11.8440,1.3720
11.8445,1.3821
11.8451,1.3770
11.8456,1.3821
11.8462,1.3720
11.8467,1.3821
11.8472,1.3770
11.8478,1.3770
11.8483,1.3770
11.8489,1.3770
11.8494,1.3770
11.8500,1.3821
11.8505,1.3821
11.8511,1.3821
11.8516,1.3770
11.8522,1.3821
11.8527,1.3770
11.8533,1.3720
11.8538,1.3770
11.8543,1.3770
11.8549,1.3770
11.8554,1.3770
11.8560,1.3770
11.8565,1.3770
11.8571,1.3770
11.8576,1.3770
11.8582,1.3770
11.8587,1.3770
11.8593,1.3770
11.8598,1.3821
11.8604,1.3770
11.8609,1.3821
11.8615,1.3821
11.8620,1.3821
11.8625,1.3821
11.8631,1.3770
11.8636,1.3770
11.8642,1.3821
11.8647,1.3770
11.8653,1.3770
11.8658,1.3770
11.8663,1.3720
11.8669,1.3770
11.8674,1.3720
11.8680,1.3770
11.8685,1.3720
11.8690,1.3770
11.8696,1.3770
11.8701,1.3770
11.8707,1.3821
11.8712,1.3720
11.8717,1.3770
11.8723,1.3770
11.8728,1.3770
11.8734,1.3770
11.8739,1.3821
11.8745,1.3770
11.8750,1.3821
11.8756,1.3770
11.8761,1.3770
11.8767,1.3770
11.8772,1.3770
11.8778,1.3720
11.8783,1.3770
11.8788,1.3720
11.8794,1.3770
11.8799,1.3770
11.8805,1.3821
11.8810,1.3770
11.8815,1.3821
11.8821,1.3770
11.8826,1.3770
11.8832,1.3770
11.8837,1.3770
11.8843,1.3770
11.8848,1.3821
11.8853,1.3821
11.8859,1.3720
11.8864,1.3821
11.8870,1.3770
11.8875,1.3770
11.8881,1.3770
11.8886,1.3821
11.8891,1.3720
11.8897,1.3821
11.8902,1.3821
11.8908,1.3821
11.8913,1.3821
11.8919,1.3821
11.8924,1.3821
11.8930,1.3770
11.8935,1.3821
11.8940,1.3821
11.8946,1.3770
11.8951,1.3770
11.8957,1.3821
11.8962,1.3821
11.8968,1.3821
11.8973,1.3821
11.8978,1.3821
11.8984,1.3821
11.8989,1.3821
11.8995,1.3821
11.9000,1.3821
11.9006,1.3871
11.9011,1.3821
11.9016,1.3871
11.9022,1.3821
11.9027,1.3821
11.9033,1.3871
11.9038,1.3821
11.9044,1.3821
11.9049,1.3871
11.9055,1.3821
11.9060,1.3871
11.9065,1.3770
11.9071,1.3871
11.9076,1.3770
11.9082,1.3871
11.9087,1.3871
11.9093,1.3871
11.9098,1.3821
11.9103,1.3821
11.9109,1.3871
11.9114,1.3871
11.9120,1.3821
11.9125,1.3921
11.9131,1.3871
11.9136,1.3871
11.9142,1.3871
11.9147,1.3871
11.9152,1.3871
11.9158,1.3871
11.9163,1.3821
11.9169,1.3871
11.9174,1.3921
11.9180,1.3871
11.9185,1.3921
11.9190,1.3871
11.9196,1.3972
11.9201,1.3921
11.9207,1.3921
11.9212,1.3871
11.9218,1.3871
11.9223,1.3921
11.9228,1.3921
11.9234,1.3921
11.9239,1.3921
11.9245,1.3921
11.9250,1.3972
11.9256,1.3921
11.9261,1.3921
11.9267,1.3972
11.9272,1.3921
11.9279,1.3972
11.9284,1.3972
11.9289,1.3972
11.9295,1.3972
11.9300,1.3972
11.9306,1.3921
11.9311,1.4022
11.9317,1.3921
11.9322,1.3921
11.9327,1.3972
11.9333,1.3972
11.9338,1.3972
11.9344,1.3972
11.9349,1.3972
11.9355,1.3972
11.9360,1.3972
11.9366,1.3972
11.9371,1.3921
11.9376,1.3972
11.9382,1.3972
11.9387,1.3972
11.9393,1.4073
11.9398,1.4022
11.9404,1.4073
11.9409,1.4022
11.9414,1.4022
11.9420,1.4022
11.9425,1.4022
11.9431,1.4022
11.9436,1.4022
11.9442,1.3972
11.9447,1.4022
11.9453,1.4022
11.9458,1.4022
11.9463,1.4022
11.9469,1.4022
11.9474,1.3972
11.9480,1.4022
11.9485,1.4022
11.9491,1.4073
11.9497,1.4073
11.9503,1.4073
11.9508,1.4022
11.9514,1.4022
11.9519,1.4073
11.9525,1.4073
11.9530,1.4073
11.9536,1.4073
11.9541,1.4073
11.9547,1.4073
11.9552,1.4073
11.9558,1.4073
11.9563,1.4022
11.9569,1.4073
11.9574,1.4073
11.9580,1.4073
11.9585,1.4073
11.9591,1.4073
11.9596,1.4073
11.9602,1.4073
11.9607,1.4073
11.9613,1.4073
11.9618,1.4073
11.9624,1.4073
11.9629,1.4073
11.9635,1.4022
11.9640,1.4073
11.9646,1.4073
11.9651,1.4073
11.9657,1.4123
11.9662,1.4073
11.9668,1.4123
11.9673,1.4073
11.9679,1.4073
11.9685,1.4073
11.9691,1.4123
11.9698,1.4073
11.9704,1.4123
11.9709,1.4073
11.9715,1.4073
11.9720,1.4123
11.9726,1.4022
11.9731,1.4073
11.9736,1.4073
11.9742,1.4123
11.9747,1.4073
11.9753,1.4073
11.9758,1.4073
11.9764,1.4073
11.9769,1.4073
11.9775,1.4123
11.9780,1.4123
11.9786,1.4073
11.9791,1.4123
11.9797,1.4073
11.9802,1.4123
11.9808,1.4123
11.9813,1.4123
11.9819,1.4073
11.9824,1.4073
11.9829,1.4073
11.9835,1.4073
11.9840,1.4123
11.9846,1.4123
11.9851,1.4073
11.9857,1.4073
11.9862,1.4123
11.9868,1.4123
11.9873,1.4123
11.9879,1.4123
11.9884,1.4123
11.9890,1.4123
11.9895,1.4073
11.9900,1.4073
11.9906,1.4123
11.9911,1.4123
11.9917,1.4123
11.9922,1.4073
11.9928,1.4073
11.9933,1.4123
11.9939,1.4073
11.9944,1.4123
11.9950,1.4123
11.9955,1.4123
11.9961,1.4123
11.9966,1.4073
11.9972,1.4123
11.9978,1.4174
11.9983,1.4073
11.9989,1.4123
11.9994,1.4123
12.0000,1.4123
12.0005,1.4123
