Время[c],Напряжение[В]
0.0000,1.3367
0.0006,1.3316
0.0011,1.3316
0.0016,1.3367
0.0021,1.3367
0.0027,1.3367
0.0032,1.3367
0.0037,1.3367
0.0042,1.3367
0.0047,1.3367
0.0053,1.3367
0.0058,1.3367
0.0063,1.3367
0.0068,1.3316
0.0074,1.3367
0.0079,1.3367
0.0084,1.3316
0.0089,1.3316
0.0094,1.3367
0.0100,1.3367
0.0105,1.3316
0.0110,1.3367
0.0115,1.3367
0.0121,1.3367
0.0126,1.3367
0.0132,1.3367
0.0137,1.3367
0.0142,1.3367
0.0147,1.3316
0.0152,1.3316
0.0158,1.3367
0.0163,1.3316
0.0168,1.3316
0.0173,1.3367
0.0179,1.3316
0.0184,1.3316
0.0189,1.3316
0.0194,1.3316
0.0199,1.3367
0.0205,1.3367
0.0210,1.3316
0.0215,1.3367
0.0220,1.3316
0.0225,1.3316
0.0231,1.3316
0.0236,1.3367
0.0241,1.3367
0.0246,1.3316
0.0252,1.3367
0.0257,1.3367
0.0262,1.3367
0.0268,1.3316
0.0273,1.3367
0.0279,1.3266
0.0284,1.3367
0.0290,1.3367
0.0295,1.3367
0.0301,1.3316
0.0306,1.3367
0.0312,1.3367
0.0317,1.3316
0.0323,1.3316
0.0328,1.3316
0.0334,1.3316
0.0339,1.3316
0.0344,1.3316
0.0350,1.3316
0.0355,1.3367
0.0361,1.3367
0.0366,1.3316
0.0371,1.3367
0.0376,1.3316
0.0382,1.3367
0.0387,1.3367
0.0392,1.3316
0.0397,1.3367
0.0403,1.3316
0.0408,1.3266
0.0414,1.3316
0.0420,1.3316
0.0426,1.3266
0.0432,1.3316
0.0438,1.3316
0.0443,1.3316
0.0450,1.3367
0.0456,1.3316
0.0461,1.3316
0.0467,1.3266
0.0473,1.3316
0.0478,1.3215
0.0484,1.3316
0.0489,1.3316
0.0495,1.3367
0.0500,1.3367
0.0505,1.3316
0.0510,1.3266
0.0516,1.3316
0.0521,1.3316
0.0526,1.3316
0.0531,1.3316
0.0537,1.3367
0.0542,1.3316
0.0548,1.3316
0.0553,1.3367
0.0558,1.3367
0.0564,1.3266
0.0569,1.3367
0.0575,1.3316
0.0581,1.3316
0.0586,1.3316
0.0591,1.3316
0.0596,1.3316
0.0602,1.3367
0.0607,1.3367
0.0612,1.3316
0.0618,1.3367
0.0623,1.3316
0.0628,1.3316
0.0633,1.3316
0.0639,1.3367
0.0644,1.3367
0.0649,1.3316
0.0654,1.3316
0.0659,1.3316
0.0665,1.3367
0.0670,1.3316
0.0675,1.3266
0.0680,1.3316
0.0686,1.3367
0.0691,1.3316
0.0696,1.3316
0.0701,1.3316
0.0707,1.3266
0.0712,1.3266
0.0717,1.3316
0.0723,1.3316
0.0728,1.3316
0.0733,1.3266
0.0738,1.3316
0.0744,1.3316
0.0749,1.3316
0.0755,1.3367
0.0760,1.3367
0.0765,1.3316
0.0770,1.3316
0.0776,1.3316
0.0781,1.3316
0.0786,1.3316
0.0791,1.3316
0.0797,1.3316
0.0802,1.3316
0.0807,1.3316
0.0812,1.3316
0.0818,1.3316
0.0823,1.3266
0.0828,1.3316
0.0833,1.3316
0.0838,1.3266
0.0844,1.3266
0.0849,1.3266
0.0854,1.3266
0.0859,1.3316
0.0865,1.3316
0.0870,1.3316
0.0875,1.3316
0.0880,1.3316
0.0885,1.3316
0.0891,1.3316
0.0896,1.3266
0.0901,1.3266
0.0906,1.3316
0.0911,1.3316
0.0917,1.3266
0.0922,1.3316
0.0927,1.3266
0.0932,1.3316
0.0938,1.3316
0.0943,1.3316
0.0948,1.3316
0.0953,1.3316
0.0959,1.3266
0.0964,1.3316
0.0969,1.3316
0.0974,1.3266
0.0980,1.3266
0.0985,1.3316
0.0990,1.3316
0.0996,1.3266
0.1001,1.3266
0.1006,1.3266
0.1012,1.3266
0.1017,1.3316
0.1022,1.3266
0.1031,1.3266
0.1036,1.3316
0.1042,1.3266
0.1047,1.3266
0.1052,1.3316
0.1058,1.3316
0.1063,1.3266
0.1069,1.3266
0.1074,1.3367
0.1079,1.3316
0.1085,1.3316
0.1090,1.3316
0.1096,1.3266
0.1101,1.3316
0.1106,1.3316
0.1112,1.3316
0.1117,1.3316
0.1123,1.3316
0.1128,1.3316
0.1134,1.3266
0.1139,1.3266
0.1144,1.3266
0.1150,1.3266
0.1155,1.3316
0.1160,1.3215
0.1166,1.3316
0.1171,1.3215
0.1176,1.3266
0.1182,1.3316
0.1187,1.3266
0.1192,1.3316
0.1198,1.3316
0.1203,1.3266
0.1208,1.3266
0.1214,1.3266
0.1219,1.3266
0.1224,1.3266
0.1230,1.3266
0.1236,1.3266
0.1241,1.3316
0.1247,1.3266
0.1253,1.3266
0.1258,1.3266
0.1264,1.3266
0.1269,1.3266
0.1274,1.3266
0.1279,1.3215
0.1284,1.3215
0.1290,1.3266
0.1295,1.3266
0.1300,1.3266
0.1305,1.3316
0.1311,1.3266
0.1316,1.3266
0.1321,1.3266
0.1326,1.3266
0.1331,1.3266
0.1337,1.3215
0.1342,1.3266
0.1347,1.3215
0.1352,1.3316
0.1357,1.3266
0.1363,1.3316
0.1368,1.3215
0.1373,1.3266
0.1378,1.3316
0.1384,1.3266
0.1389,1.3215
0.1394,1.3266
0.1399,1.3266
0.1404,1.3266
0.1410,1.3266
0.1415,1.3316
0.1420,1.3266
0.1425,1.3266
0.1431,1.3215
0.1436,1.3316
0.1441,1.3266
0.1446,1.3266
0.1451,1.3215
0.1457,1.3266
0.1462,1.3266
0.1467,1.3316
0.1472,1.3266
0.1477,1.3215
0.1483,1.3215
0.1488,1.3266
0.1493,1.3266
0.1498,1.3266
0.1504,1.3215
0.1509,1.3215
0.1514,1.3215
0.1519,1.3215
0.1524,1.3266
0.1530,1.3316
0.1535,1.3266
0.1540,1.3266
0.1545,1.3266
0.1551,1.3316
0.1556,1.3266
0.1561,1.3266
0.1566,1.3266
0.1571,1.3266
0.1577,1.3266
0.1582,1.3266
0.1587,1.3215
0.1592,1.3266
0.1597,1.3215
0.1603,1.3266
0.1608,1.3316
0.1613,1.3266
0.1619,1.3316
0.1624,1.3266
0.1629,1.3266
0.1634,1.3266
0.1639,1.3215
0.1645,1.3266
0.1650,1.3266
0.1655,1.3266
0.1661,1.3266
0.1666,1.3266
0.1671,1.3266
0.1676,1.3266
0.1681,1.3266
0.1687,1.3266
0.1692,1.3266
0.1697,1.3316
0.1702,1.3316
0.1708,1.3266
0.1713,1.3266
0.1718,1.3266
0.1723,1.3215
0.1728,1.3215
0.1734,1.3215
0.1739,1.3266
0.1744,1.3266
0.1749,1.3266
0.1754,1.3266
0.1760,1.3215
0.1765,1.3266
0.1770,1.3266
0.1775,1.3215
0.1781,1.3215
0.1786,1.3215
0.1791,1.3215
0.1796,1.3266
0.1801,1.3266
0.1807,1.3266
0.1812,1.3215
0.1817,1.3215
0.1822,1.3215
0.1827,1.3215
0.1833,1.3215
0.1838,1.3215
0.1843,1.3215
0.1848,1.3266
0.1854,1.3266
0.1859,1.3266
0.1864,1.3266
0.1869,1.3266
0.1874,1.3215
0.1880,1.3215
0.1885,1.3215
0.1890,1.3215
0.1895,1.3215
0.1901,1.3215
0.1906,1.3266
0.1911,1.3215
0.1916,1.3266
0.1921,1.3266
0.1927,1.3266
0.1932,1.3266
0.1937,1.3215
0.1942,1.3266
0.1947,1.3266
0.1953,1.3215
0.1958,1.3215
0.1963,1.3266
0.1968,1.3266
0.1974,1.3266
0.1979,1.3215
0.1984,1.3266
0.1989,1.3266
0.1994,1.3266
0.2000,1.3215
0.2005,1.3215
0.2010,1.3215
0.2015,1.3266
0.2020,1.3266
0.2026,1.3215
0.2031,1.3215
0.2036,1.3266
0.2041,1.3266
0.2047,1.3266
0.2052,1.3215
0.2057,1.3165
0.2062,1.3215
0.2067,1.3215
0.2073,1.3266
0.2078,1.3266
0.2083,1.3215
0.2088,1.3266
0.2093,1.3215
0.2099,1.3266
0.2104,1.3266
0.2109,1.3215
0.2114,1.3215
0.2120,1.3266
0.2125,1.3215
0.2130,1.3266
0.2135,1.3215
0.2141,1.3215
0.2146,1.3266
0.2151,1.3316
0.2156,1.3266
0.2161,1.3215
0.2167,1.3266
0.2172,1.3266
0.2177,1.3266
0.2182,1.3266
0.2188,1.3215
0.2193,1.3215
0.2198,1.3266
0.2203,1.3266
0.2208,1.3215
0.2214,1.3266
0.2219,1.3215
0.2225,1.3165
0.2230,1.3215
0.2235,1.3215
0.2240,1.3215
0.2245,1.3266
0.2251,1.3215
0.2256,1.3266
0.2261,1.3266
0.2266,1.3215
0.2272,1.3266
0.2277,1.3316
0.2282,1.3215
0.2287,1.3266
0.2292,1.3215
0.2298,1.3215
0.2303,1.3266
0.2308,1.3215
0.2313,1.3266
0.2318,1.3215
0.2324,1.3266
0.2329,1.3215
0.2334,1.3215
0.2339,1.3215
0.2345,1.3266
0.2350,1.3266
0.2355,1.3215
0.2360,1.3215
0.2365,1.3215
0.2371,1.3266
0.2376,1.3266
0.2381,1.3215
0.2386,1.3266
0.2391,1.3215
0.2397,1.3266
0.2402,1.3266
0.2407,1.3215
0.2412,1.3266
0.2418,1.3215
0.2423,1.3266
0.2428,1.3266
0.2433,1.3266
0.2438,1.3215
0.2444,1.3266
0.2449,1.3215
0.2454,1.3215
0.2459,1.3215
0.2465,1.3266
0.2470,1.3215
0.2475,1.3266
0.2480,1.3266
0.2486,1.3266
0.2491,1.3165
0.2496,1.3266
0.2501,1.3215
0.2507,1.3215
0.2512,1.3266
0.2517,1.3266
0.2522,1.3266
0.2527,1.3266
0.2533,1.3215
0.2538,1.3316
0.2543,1.3266
0.2548,1.3215
0.2554,1.3215
0.2559,1.3215
0.2564,1.3215
0.2569,1.3266
0.2574,1.3266
0.2580,1.3266
0.2585,1.3215
0.2590,1.3266
0.2595,1.3266
0.2601,1.3316
0.2606,1.3266
0.2611,1.3215
0.2616,1.3266
0.2621,1.3266
0.2627,1.3316
0.2632,1.3266
0.2637,1.3266
0.2642,1.3316
0.2648,1.3316
0.2653,1.3316
0.2658,1.3316
0.2663,1.3266
0.2668,1.3316
0.2674,1.3266
0.2679,1.3266
0.2684,1.3316
0.2689,1.3215
0.2695,1.3266
0.2700,1.3316
0.2705,1.3316
0.2710,1.3316
0.2716,1.3316
0.2721,1.3316
0.2726,1.3316
0.2731,1.3316
0.2736,1.3367
0.2742,1.3367
0.2747,1.3316
0.2752,1.3316
0.2757,1.3316
0.2763,1.3367
0.2768,1.3367
0.2773,1.3367
0.2778,1.3417
0.2784,1.3367
0.2789,1.3316
0.2794,1.3367
0.2799,1.3367
0.2804,1.3367
0.2810,1.3367
0.2815,1.3367
0.2820,1.3367
0.2825,1.3367
0.2831,1.3417
0.2836,1.3367
0.2841,1.3367
0.2846,1.3367
0.2852,1.3417
0.2857,1.3367
0.2862,1.3367
0.2867,1.3367
0.2872,1.3417
0.2878,1.3417
0.2883,1.3417
0.2888,1.3417
0.2893,1.3417
0.2899,1.3417
0.2904,1.3367
0.2909,1.3367
0.2914,1.3417
0.2920,1.3417
0.2925,1.3417
0.2930,1.3417
0.2935,1.3417
0.2941,1.3367
0.2946,1.3367
0.2951,1.3467
0.2956,1.3467
0.2962,1.3467
0.2967,1.3467
0.2972,1.3467
0.2977,1.3467
0.2982,1.3467
0.2988,1.3467
0.2993,1.3467
0.2998,1.3467
0.3003,1.3467
0.3009,1.3467
0.3014,1.3467
0.3019,1.3417
0.3024,1.3467
0.3030,1.3467
0.3035,1.3417
0.3040,1.3417
0.3045,1.3467
0.3050,1.3467
0.3056,1.3518
0.3061,1.3467
0.3066,1.3518
0.3071,1.3518
0.3077,1.3467
0.3082,1.3518
0.3087,1.3518
0.3092,1.3518
0.3098,1.3518
0.3103,1.3518
0.3108,1.3518
0.3113,1.3518
0.3118,1.3467
0.3124,1.3467
0.3129,1.3518
0.3134,1.3518
0.3139,1.3518
0.3145,1.3467
0.3150,1.3467
0.3155,1.3518
0.3160,1.3518
0.3166,1.3467
0.3171,1.3518
0.3176,1.3518
0.3181,1.3518
0.3186,1.3467
0.3192,1.3518
0.3197,1.3518
0.3202,1.3518
0.3207,1.3568
0.3213,1.3568
0.3218,1.3518
0.3223,1.3518
0.3228,1.3518
0.3234,1.3467
0.3239,1.3518
0.3244,1.3518
0.3249,1.3568
0.3255,1.3518
0.3260,1.3518
0.3265,1.3518
0.3270,1.3518
0.3275,1.3518
0.3281,1.3518
0.3286,1.3568
0.3291,1.3518
0.3296,1.3568
0.3302,1.3518
0.3307,1.3568
0.3312,1.3568
0.3317,1.3568
0.3323,1.3568
0.3328,1.3518
0.3333,1.3568
0.3338,1.3568
0.3343,1.3568
0.3349,1.3568
0.3354,1.3568
0.3359,1.3568
0.3364,1.3568
0.3370,1.3518
0.3375,1.3518
0.3380,1.3568
0.3385,1.3568
0.3391,1.3568
0.3396,1.3568
0.3401,1.3568
0.3406,1.3619
0.3411,1.3568
0.3417,1.3518
0.3422,1.3568
0.3427,1.3568
0.3432,1.3518
0.3438,1.3568
0.3443,1.3568
0.3448,1.3518
0.3453,1.3568
0.3459,1.3568
0.3464,1.3568
0.3469,1.3619
0.3474,1.3619
0.3479,1.3619
0.3485,1.3568
0.3490,1.3568
0.3495,1.3568
0.3500,1.3568
0.3506,1.3568
0.3511,1.3619
0.3516,1.3568
0.3521,1.3568
0.3527,1.3568
0.3532,1.3619
0.3537,1.3619
0.3542,1.3518
0.3547,1.3568
0.3553,1.3568
0.3558,1.3568
0.3563,1.3619
0.3568,1.3619
0.3574,1.3568
0.3579,1.3518
0.3584,1.3619
0.3589,1.3619
0.3595,1.3619
0.3600,1.3568
0.3605,1.3518
0.3610,1.3518
0.3615,1.3568
0.3621,1.3568
0.3626,1.3619
0.3631,1.3619
0.3636,1.3619
0.3642,1.3619
0.3647,1.3568
0.3652,1.3619
0.3657,1.3619
0.3663,1.3619
0.3668,1.3568
0.3673,1.3568
0.3678,1.3619
0.3683,1.3619
0.3689,1.3568
0.3694,1.3619
0.3699,1.3568
0.3704,1.3619
0.3709,1.3568
0.3715,1.3568
0.3720,1.3568
0.3725,1.3619
0.3730,1.3568
0.3736,1.3619
0.3741,1.3568
0.3746,1.3518
0.3751,1.3568
0.3756,1.3568
0.3762,1.3568
0.3767,1.3619
0.3772,1.3619
0.3777,1.3619
0.3783,1.3619
0.3788,1.3619
0.3793,1.3568
0.3798,1.3619
0.3803,1.3568
0.3809,1.3568
0.3814,1.3619
0.3819,1.3619
0.3824,1.3619
0.3829,1.3619
0.3835,1.3568
0.3841,1.3619
0.3846,1.3568
0.3851,1.3619
0.3856,1.3619
0.3862,1.3568
0.3867,1.3568
0.3872,1.3619
0.3877,1.3568
0.3882,1.3568
0.3888,1.3568
0.3893,1.3619
0.3898,1.3619
0.3903,1.3568
0.3908,1.3619
0.3914,1.3568
0.3919,1.3568
0.3924,1.3518
0.3929,1.3619
0.3935,1.3568
0.3940,1.3568
0.3945,1.3619
0.3950,1.3568
0.3956,1.3619
0.3961,1.3568
0.3966,1.3619
0.3971,1.3568
0.3976,1.3619
0.3982,1.3619
0.3987,1.3568
0.3992,1.3518
0.3997,1.3568
0.4003,1.3568
0.4008,1.3568
0.4013,1.3619
0.4018,1.3568
0.4023,1.3568
0.4029,1.3568
0.4034,1.3568
0.4039,1.3518
0.4044,1.3568
0.4050,1.3568
0.4055,1.3568
0.4060,1.3619
0.4065,1.3619
0.4071,1.3568
0.4076,1.3568
0.4081,1.3568
0.4086,1.3568
0.4092,1.3568
0.4097,1.3619
0.4102,1.3568
0.4107,1.3619
0.4112,1.3518
0.4118,1.3568
0.4123,1.3568
0.4128,1.3568
0.4133,1.3568
0.4139,1.3568
0.4144,1.3568
0.4149,1.3568
0.4154,1.3568
0.4160,1.3568
0.4165,1.3568
0.4170,1.3568
0.4175,1.3518
0.4181,1.3568
0.4186,1.3568
0.4191,1.3568
0.4196,1.3518
0.4201,1.3518
0.4207,1.3568
0.4212,1.3568
0.4217,1.3568
0.4222,1.3568
0.4228,1.3619
0.4233,1.3568
0.4238,1.3568
0.4243,1.3568
0.4248,1.3467
0.4254,1.3518
0.4259,1.3518
0.4264,1.3568
0.4269,1.3568
0.4275,1.3568
0.4280,1.3568
0.4285,1.3568
0.4290,1.3467
0.4295,1.3568
0.4301,1.3568
0.4306,1.3518
0.4311,1.3518
0.4316,1.3568
0.4322,1.3568
0.4327,1.3568
0.4332,1.3568
0.4337,1.3518
0.4342,1.3568
0.4348,1.3568
0.4353,1.3568
0.4358,1.3568
0.4363,1.3518
0.4369,1.3518
0.4374,1.3518
0.4379,1.3568
0.4384,1.3568
0.4389,1.3568
0.4395,1.3568
0.4400,1.3568
0.4405,1.3568
0.4410,1.3518
0.4416,1.3518
0.4421,1.3467
0.4426,1.3518
0.4431,1.3518
0.4437,1.3518
0.4442,1.3518
0.4447,1.3518
0.4452,1.3518
0.4457,1.3518
0.4463,1.3568
0.4468,1.3568
0.4473,1.3518
0.4478,1.3518
0.4483,1.3467
0.4489,1.3467
0.4494,1.3467
0.4499,1.3467
0.4504,1.3518
0.4510,1.3518
0.4515,1.3518
0.4520,1.3467
0.4525,1.3467
0.4530,1.3518
0.4536,1.3518
0.4541,1.3467
0.4546,1.3467
0.4551,1.3467
0.4557,1.3467
0.4562,1.3518
0.4567,1.3518
0.4572,1.3518
0.4578,1.3518
0.4583,1.3518
0.4588,1.3467
0.4593,1.3467
0.4598,1.3467
0.4604,1.3467
0.4609,1.3467
0.4614,1.3518
0.4619,1.3518
0.4625,1.3467
0.4630,1.3518
0.4635,1.3518
0.4640,1.3467
0.4646,1.3467
0.4651,1.3518
0.4656,1.3467
0.4661,1.3467
0.4667,1.3467
0.4672,1.3467
0.4677,1.3467
0.4682,1.3518
0.4687,1.3467
0.4693,1.3467
0.4698,1.3467
0.4703,1.3467
0.4708,1.3467
0.4714,1.3467
0.4719,1.3417
0.4724,1.3467
0.4729,1.3467
0.4734,1.3467
0.4740,1.3417
0.4745,1.3467
0.4750,1.3467
0.4755,1.3467
0.4761,1.3467
0.4766,1.3467
0.4771,1.3467
0.4776,1.3467
0.4781,1.3417
0.4787,1.3518
0.4792,1.3467
0.4797,1.3467
0.4802,1.3467
0.4808,1.3467
0.4813,1.3467
0.4818,1.3467
0.4823,1.3467
0.4829,1.3417
0.4834,1.3467
0.4839,1.3417
0.4844,1.3417
0.4850,1.3467
0.4855,1.3417
0.4860,1.3467
0.4865,1.3417
0.4870,1.3417
0.4876,1.3467
0.4881,1.3367
0.4886,1.3417
0.4891,1.3367
0.4897,1.3417
0.4902,1.3417
0.4907,1.3417
0.4912,1.3417
0.4917,1.3417
0.4923,1.3417
0.4928,1.3417
0.4933,1.3467
0.4938,1.3417
0.4944,1.3467
0.4949,1.3467
0.4954,1.3417
0.4959,1.3417
0.4965,1.3417
0.4970,1.3417
0.4975,1.3367
0.4980,1.3417
0.4985,1.3417
0.4991,1.3417
0.4996,1.3417
0.5001,1.3367
0.5006,1.3367
0.5012,1.3417
0.5017,1.3417
0.5022,1.3417
0.5027,1.3417
0.5033,1.3367
0.5038,1.3417
0.5043,1.3467
0.5048,1.3417
0.5053,1.3467
0.5059,1.3417
0.5064,1.3367
0.5069,1.3417
0.5074,1.3417
0.5080,1.3417
0.5086,1.3467
0.5091,1.3367
0.5096,1.3367
0.5102,1.3417
0.5107,1.3417
0.5112,1.3417
0.5117,1.3417
0.5122,1.3367
0.5128,1.3417
0.5133,1.3367
0.5138,1.3367
0.5143,1.3367
0.5149,1.3417
0.5154,1.3417
0.5159,1.3367
0.5164,1.3417
0.5170,1.3417
0.5175,1.3417
0.5180,1.3367
0.5185,1.3367
0.5190,1.3417
0.5196,1.3417
0.5201,1.3367
0.5206,1.3367
0.5211,1.3367
0.5217,1.3417
0.5222,1.3417
0.5227,1.3367
0.5232,1.3417
0.5238,1.3367
0.5243,1.3417
0.5248,1.3417
0.5253,1.3417
0.5258,1.3367
0.5264,1.3367
0.5269,1.3417
0.5274,1.3367
0.5279,1.3367
0.5285,1.3367
0.5290,1.3367
0.5295,1.3417
0.5300,1.3417
0.5306,1.3417
0.5311,1.3417
0.5316,1.3417
0.5321,1.3316
0.5326,1.3417
0.5332,1.3417
0.5337,1.3367
0.5342,1.3417
0.5348,1.3367
0.5363,1.3367
0.5370,1.3417
0.5375,1.3367
0.5381,1.3417
0.5386,1.3367
0.5392,1.3367
0.5397,1.3367
0.5403,1.3367
0.5408,1.3417
0.5414,1.3367
0.5419,1.3367
0.5424,1.3367
0.5429,1.3367
0.5435,1.3316
0.5440,1.3367
0.5445,1.3367
0.5451,1.3367
0.5457,1.3417
0.5463,1.3417
0.5468,1.3367
0.5474,1.3417
0.5481,1.3367
0.5487,1.3367
0.5493,1.3316
0.5499,1.3367
0.5504,1.3316
0.5510,1.3367
0.5517,1.3367
0.5523,1.3316
0.5528,1.3316
0.5534,1.3316
0.5539,1.3266
0.5544,1.3367
0.5549,1.3367
0.5555,1.3367
0.5560,1.3316
0.5565,1.3367
0.5570,1.3417
0.5575,1.3367
0.5581,1.3367
0.5586,1.3367
0.5591,1.3367
0.5596,1.3367
0.5601,1.3367
0.5607,1.3367
0.5612,1.3367
0.5617,1.3367
0.5623,1.3367
0.5628,1.3367
0.5634,1.3417
0.5640,1.3316
0.5647,1.3367
0.5653,1.3367
0.5658,1.3367
0.5663,1.3367
0.5668,1.3316
0.5674,1.3367
0.5679,1.3417
0.5684,1.3367
0.5689,1.3367
0.5694,1.3367
0.5700,1.3367
0.5705,1.3367
0.5710,1.3367
0.5715,1.3367
0.5720,1.3367
0.5726,1.3367
0.5731,1.3367
0.5736,1.3367
0.5741,1.3367
0.5747,1.3417
0.5752,1.3367
0.5757,1.3316
0.5762,1.3367
0.5767,1.3367
0.5773,1.3367
0.5778,1.3316
0.5783,1.3316
0.5789,1.3367
0.5794,1.3316
0.5799,1.3367
0.5804,1.3367
0.5809,1.3367
0.5815,1.3367
0.5820,1.3316
0.5825,1.3316
0.5831,1.3367
0.5836,1.3367
0.5841,1.3367
0.5846,1.3316
0.5852,1.3367
0.5857,1.3367
0.5862,1.3417
0.5867,1.3367
0.5873,1.3367
0.5878,1.3316
0.5884,1.3367
0.5889,1.3367
0.5894,1.3367
0.5900,1.3367
0.5905,1.3316
0.5911,1.3367
0.5916,1.3367
0.5922,1.3367
0.5927,1.3367
0.5933,1.3367
0.5938,1.3367
0.5944,1.3316
0.5949,1.3367
0.5955,1.3367
0.5961,1.3367
0.5966,1.3367
0.5972,1.3367
0.5977,1.3316
0.5982,1.3316
0.5988,1.3266
0.5993,1.3367
0.5999,1.3316
0.6004,1.3316
0.6010,1.3316
0.6015,1.3367
0.6021,1.3367
0.6026,1.3316
0.6032,1.3367
0.6037,1.3316
0.6042,1.3367
0.6048,1.3316
0.6053,1.3367
0.6059,1.3316
0.6064,1.3316
0.6070,1.3316
0.6075,1.3316
0.6081,1.3316
0.6086,1.3367
0.6092,1.3367
0.6097,1.3367
0.6103,1.3367
0.6108,1.3316
0.6113,1.3316
0.6119,1.3367
0.6124,1.3316
0.6130,1.3316
0.6136,1.3367
0.6142,1.3367
0.6147,1.3367
0.6153,1.3367
0.6158,1.3367
0.6163,1.3367
0.6169,1.3316
0.6174,1.3367
0.6180,1.3367
0.6185,1.3367
0.6191,1.3367
0.6196,1.3367
0.6202,1.3316
0.6207,1.3316
0.6213,1.3367
0.6218,1.3316
0.6224,1.3367
0.6229,1.3367
0.6234,1.3316
0.6240,1.3316
0.6245,1.3316
0.6251,1.3367
0.6256,1.3367
0.6262,1.3316
0.6267,1.3316
0.6273,1.3316
0.6278,1.3316
0.6284,1.3316
0.6289,1.3367
0.6295,1.3316
0.6300,1.3316
0.6305,1.3367
0.6311,1.3316
0.6316,1.3316
0.6322,1.3316
0.6327,1.3316
0.6333,1.3316
0.6338,1.3316
0.6344,1.3266
0.6349,1.3266
0.6355,1.3316
0.6360,1.3367
0.6366,1.3316
0.6371,1.3316
0.6376,1.3316
0.6382,1.3316
0.6387,1.3367
0.6393,1.3316
0.6398,1.3316
0.6404,1.3316
0.6409,1.3316
0.6415,1.3367
0.6420,1.3316
0.6426,1.3316
0.6431,1.3316
0.6437,1.3316
0.6442,1.3316
0.6448,1.3316
0.6453,1.3367
0.6459,1.3316
0.6464,1.3367
0.6470,1.3316
0.6475,1.3316
0.6481,1.3266
0.6486,1.3316
0.6492,1.3266
0.6497,1.3316
0.6503,1.3266
0.6508,1.3316
0.6514,1.3367
0.6519,1.3266
0.6525,1.3316
0.6530,1.3316
0.6536,1.3316
0.6541,1.3266
0.6547,1.3316
0.6552,1.3316
0.6558,1.3316
0.6563,1.3367
0.6569,1.3316
0.6574,1.3316
0.6580,1.3367
0.6585,1.3266
0.6591,1.3316
0.6596,1.3266
0.6602,1.3316
0.6607,1.3316
0.6613,1.3316
0.6618,1.3316
0.6624,1.3316
0.6629,1.3316
0.6635,1.3316
0.6640,1.3266
0.6646,1.3316
0.6651,1.3316
0.6657,1.3316
0.6662,1.3316
0.6668,1.3316
0.6673,1.3316
0.6679,1.3316
0.6684,1.3316
0.6690,1.3266
0.6695,1.3266
0.6700,1.3316
0.6706,1.3316
0.6711,1.3266
0.6717,1.3266
0.6722,1.3316
0.6728,1.3316
0.6733,1.3316
0.6739,1.3316
0.6744,1.3266
0.6750,1.3316
0.6755,1.3316
0.6761,1.3316
0.6766,1.3266
0.6772,1.3316
0.6777,1.3316
0.6783,1.3316
0.6788,1.3316
0.6794,1.3316
0.6799,1.3316
0.6805,1.3266
0.6810,1.3316
0.6816,1.3266
0.6822,1.3316
0.6827,1.3266
0.6833,1.3316
0.6838,1.3266
0.6844,1.3316
0.6849,1.3316
0.6855,1.3316
0.6860,1.3316
0.6866,1.3266
0.6871,1.3316
0.6877,1.3266
0.6882,1.3266
0.6888,1.3316
0.6893,1.3266
0.6899,1.3316
0.6904,1.3266
0.6910,1.3266
0.6915,1.3316
0.6921,1.3316
0.6926,1.3266
0.6932,1.3316
0.6937,1.3215
0.6943,1.3266
0.6948,1.3266
0.6954,1.3266
0.6959,1.3316
0.6965,1.3316
0.6970,1.3316
0.6976,1.3266
0.6981,1.3266
0.6987,1.3266
0.6992,1.3316
0.6998,1.3215
0.7003,1.3266
0.7009,1.3215
0.7014,1.3266
0.7020,1.3316
0.7025,1.3266
0.7031,1.3266
0.7036,1.3316
0.7042,1.3316
0.7047,1.3215
0.7053,1.3316
0.7058,1.3266
0.7064,1.3266
0.7069,1.3266
0.7075,1.3215
0.7080,1.3316
0.7086,1.3215
0.7091,1.3266
0.7097,1.3266
0.7102,1.3316
0.7108,1.3316
0.7113,1.3266
0.7119,1.3266
0.7124,1.3316
0.7130,1.3266
0.7135,1.3266
0.7141,1.3266
0.7146,1.3266
0.7152,1.3266
0.7157,1.3266
0.7163,1.3266
0.7168,1.3266
0.7174,1.3266
0.7179,1.3266
0.7185,1.3266
0.7190,1.3266
0.7196,1.3266
0.7201,1.3316
0.7207,1.3266
0.7212,1.3215
0.7218,1.3266
0.7223,1.3266
0.7229,1.3266
0.7234,1.3316
0.7240,1.3215
0.7245,1.3316
0.7250,1.3215
0.7256,1.3266
0.7261,1.3266
0.7267,1.3266
0.7272,1.3266
0.7278,1.3266
0.7283,1.3266
0.7289,1.3266
0.7294,1.3266
0.7300,1.3266
0.7305,1.3266
0.7311,1.3266
0.7316,1.3215
0.7327,1.3266
0.7332,1.3266
0.7338,1.3215
0.7344,1.3215
0.7349,1.3266
0.7355,1.3266
0.7360,1.3266
0.7366,1.3215
0.7371,1.3215
0.7377,1.3316
0.7382,1.3266
0.7388,1.3266
0.7393,1.3266
0.7399,1.3266
0.7404,1.3266
0.7409,1.3215
0.7415,1.3266
0.7420,1.3215
0.7426,1.3266
0.7431,1.3215
0.7437,1.3266
0.7443,1.3266
0.7448,1.3266
0.7453,1.3266
0.7459,1.3266
0.7464,1.3316
0.7470,1.3266
0.7475,1.3266
0.7481,1.3266
0.7486,1.3266
0.7492,1.3266
0.7497,1.3266
0.7503,1.3266
0.7508,1.3266
0.7514,1.3215
0.7519,1.3266
0.7525,1.3266
0.7531,1.3266
0.7536,1.3215
0.7542,1.3266
0.7547,1.3266
0.7553,1.3165
0.7558,1.3266
0.7564,1.3266
0.7569,1.3266
0.7575,1.3266
0.7580,1.3266
0.7586,1.3215
0.7591,1.3266
0.7597,1.3266
0.7602,1.3266
0.7608,1.3266
0.7613,1.3266
0.7619,1.3266
0.7624,1.3215
0.7630,1.3215
0.7635,1.3215
0.7641,1.3266
0.7646,1.3266
0.7652,1.3266
0.7657,1.3266
0.7663,1.3266
0.7668,1.3215
0.7674,1.3266
0.7679,1.3215
0.7685,1.3266
0.7690,1.3215
0.7696,1.3266
0.7701,1.3266
0.7707,1.3266
0.7712,1.3215
0.7718,1.3266
0.7723,1.3215
0.7729,1.3266
0.7734,1.3215
0.7740,1.3266
0.7745,1.3266
0.7751,1.3266
0.7756,1.3215
0.7762,1.3215
0.7767,1.3266
0.7773,1.3266
0.7778,1.3266
0.7784,1.3266
0.7789,1.3266
0.7795,1.3215
0.7800,1.3215
0.7806,1.3266
0.7811,1.3215
0.7817,1.3266
0.7822,1.3266
0.7828,1.3215
0.7833,1.3266
0.7839,1.3266
0.7844,1.3316
0.7850,1.3266
0.7855,1.3266
0.7861,1.3266
0.7866,1.3266
0.7872,1.3215
0.7877,1.3266
0.7883,1.3266
0.7888,1.3266
0.7894,1.3316
0.7899,1.3266
0.7905,1.3266
0.7910,1.3266
0.7916,1.3316
0.7921,1.3316
0.7927,1.3316
0.7932,1.3266
0.7938,1.3367
0.7943,1.3266
0.7949,1.3316
0.7954,1.3316
0.7960,1.3316
0.7965,1.3316
0.7971,1.3316
0.7976,1.3266
0.7982,1.3367
0.7987,1.3316
0.7993,1.3316
0.7998,1.3367
0.8004,1.3367
0.8009,1.3367
0.8015,1.3316
0.8020,1.3316
0.8026,1.3266
0.8031,1.3417
0.8037,1.3316
0.8042,1.3367
0.8048,1.3316
0.8053,1.3417
0.8059,1.3367
0.8064,1.3417
0.8070,1.3367
0.8075,1.3367
0.8081,1.3367
0.8086,1.3417
0.8092,1.3367
0.8097,1.3417
0.8103,1.3417
0.8108,1.3367
0.8114,1.3367
0.8119,1.3417
0.8125,1.3417
0.8130,1.3417
0.8136,1.3367
0.8141,1.3417
0.8147,1.3417
0.8152,1.3417
0.8158,1.3467
0.8163,1.3417
0.8169,1.3417
0.8174,1.3417
0.8180,1.3467
0.8185,1.3417
0.8191,1.3467
0.8196,1.3367
0.8202,1.3467
0.8207,1.3467
0.8213,1.3467
0.8218,1.3467
0.8224,1.3417
0.8229,1.3467
0.8235,1.3467
0.8240,1.3467
0.8246,1.3467
0.8251,1.3467
0.8257,1.3467
0.8262,1.3467
0.8268,1.3518
0.8273,1.3467
0.8279,1.3417
0.8284,1.3518
0.8290,1.3467
0.8295,1.3467
0.8301,1.3518
0.8306,1.3518
0.8312,1.3518
0.8317,1.3467
0.8323,1.3518
0.8328,1.3518
0.8334,1.3467
0.8339,1.3518
0.8345,1.3518
0.8350,1.3518
0.8356,1.3518
0.8361,1.3518
0.8367,1.3518
0.8372,1.3518
0.8378,1.3518
0.8383,1.3518
0.8389,1.3518
0.8394,1.3518
0.8400,1.3518
0.8405,1.3568
0.8411,1.3568
0.8416,1.3518
0.8422,1.3568
0.8427,1.3568
0.8433,1.3568
0.8438,1.3518
0.8444,1.3568
0.8449,1.3568
0.8455,1.3619
0.8460,1.3568
0.8466,1.3568
0.8471,1.3568
0.8477,1.3568
0.8482,1.3568
0.8488,1.3568
0.8493,1.3568
0.8499,1.3619
0.8504,1.3568
0.8510,1.3518
0.8515,1.3568
0.8521,1.3518
0.8526,1.3568
0.8532,1.3568
0.8537,1.3568
0.8543,1.3568
0.8549,1.3568
0.8554,1.3619
0.8560,1.3568
0.8565,1.3568
0.8571,1.3619
0.8576,1.3619
0.8582,1.3568
0.8587,1.3619
0.8593,1.3518
0.8598,1.3619
0.8604,1.3568
0.8609,1.3518
0.8615,1.3568
0.8620,1.3619
0.8626,1.3619
0.8631,1.3619
0.8637,1.3568
0.8642,1.3568
0.8648,1.3619
0.8653,1.3619
0.8659,1.3568
0.8664,1.3568
0.8670,1.3619
0.8675,1.3619
0.8681,1.3568
0.8686,1.3619
0.8692,1.3619
0.8697,1.3619
0.8703,1.3568
0.8708,1.3619
0.8714,1.3619
0.8719,1.3619
0.8725,1.3619
0.8730,1.3669
0.8736,1.3619
0.8741,1.3619
0.8747,1.3568
0.8752,1.3619
0.8758,1.3619
0.8763,1.3619
0.8769,1.3619
0.8774,1.3568
0.8780,1.3619
0.8785,1.3568
0.8791,1.3619
0.8796,1.3619
0.8802,1.3619
0.8807,1.3619
0.8813,1.3619
0.8818,1.3568
0.8824,1.3619
0.8829,1.3619
0.8835,1.3619
0.8840,1.3568
0.8846,1.3669
0.8851,1.3619
0.8857,1.3619
0.8862,1.3619
0.8868,1.3619
0.8873,1.3568
0.8879,1.3669
0.8884,1.3619
0.8890,1.3619
0.8895,1.3669
0.8901,1.3619
0.8906,1.3619
0.8912,1.3669
0.8917,1.3568
0.8923,1.3619
0.8929,1.3619
0.8934,1.3619
0.8940,1.3619
0.8945,1.3619
0.8951,1.3619
0.8956,1.3619
0.8962,1.3619
0.8967,1.3619
0.8973,1.3669
0.8978,1.3619
0.8984,1.3619
0.8989,1.3619
0.8995,1.3669
0.9000,1.3619
0.9006,1.3619
0.9011,1.3669
0.9017,1.3619
0.9022,1.3619
0.9028,1.3619
0.9033,1.3619
0.9039,1.3619
0.9044,1.3669
0.9050,1.3669
0.9055,1.3669
0.9061,1.3619
0.9066,1.3669
0.9072,1.3619
0.9077,1.3619
0.9083,1.3619
0.9088,1.3669
0.9094,1.3619
0.9099,1.3619
0.9105,1.3619
0.9110,1.3619
0.9116,1.3619
0.9121,1.3619
0.9127,1.3619
0.9132,1.3619
0.9138,1.3669
0.9143,1.3669
0.9149,1.3619
0.9154,1.3619
0.9160,1.3619
0.9165,1.3619
0.9171,1.3619
0.9176,1.3619
0.9182,1.3619
0.9187,1.3669
0.9193,1.3619
0.9198,1.3619
0.9204,1.3619
0.9209,1.3568
0.9215,1.3568
0.9220,1.3619
0.9226,1.3669
0.9231,1.3619
0.9237,1.3619
0.9242,1.3619
0.9248,1.3619
0.9253,1.3619
0.9259,1.3619
0.9264,1.3619
0.9270,1.3619
0.9275,1.3619
0.9281,1.3669
0.9286,1.3619
0.9292,1.3619
0.9297,1.3568
0.9303,1.3619
0.9308,1.3619
0.9314,1.3619
0.9319,1.3619
0.9325,1.3619
0.9330,1.3669
0.9336,1.3619
0.9341,1.3619
0.9347,1.3619
0.9352,1.3619
0.9358,1.3619
0.9363,1.3619
0.9369,1.3619
0.9374,1.3619
0.9380,1.3619
0.9385,1.3619
0.9391,1.3568
0.9396,1.3619
0.9402,1.3568
0.9407,1.3568
0.9413,1.3568
0.9418,1.3619
0.9424,1.3568
0.9429,1.3619
0.9435,1.3619
0.9440,1.3568
0.9446,1.3619
0.9451,1.3619
0.9457,1.3619
0.9462,1.3619
0.9468,1.3619
0.9473,1.3619
0.9479,1.3619
0.9484,1.3568
0.9490,1.3568
0.9495,1.3568
0.9501,1.3619
0.9506,1.3518
0.9512,1.3568
0.9517,1.3619
0.9523,1.3619
0.9528,1.3568
0.9534,1.3619
0.9539,1.3518
0.9545,1.3568
0.9550,1.3619
0.9556,1.3619
0.9561,1.3568
0.9567,1.3568
0.9572,1.3619
0.9578,1.3619
0.9583,1.3518
0.9589,1.3619
0.9594,1.3568
0.9600,1.3619
0.9605,1.3619
0.9611,1.3619
0.9616,1.3568
0.9622,1.3619
0.9627,1.3568
0.9633,1.3568
0.9638,1.3568
0.9644,1.3619
0.9649,1.3568
0.9655,1.3518
0.9660,1.3568
0.9666,1.3568
0.9671,1.3568
0.9677,1.3568
0.9682,1.3568
0.9688,1.3568
0.9693,1.3518
0.9699,1.3568
0.9704,1.3568
0.9710,1.3568
0.9715,1.3568
0.9721,1.3518
0.9726,1.3568
0.9732,1.3619
0.9737,1.3518
0.9743,1.3619
0.9748,1.3568
0.9754,1.3568
0.9759,1.3568
0.9765,1.3568
0.9770,1.3568
0.9776,1.3518
0.9781,1.3568
0.9787,1.3568
0.9792,1.3568
0.9798,1.3518
0.9803,1.3518
0.9809,1.3518
0.9815,1.3568
0.9820,1.3568
0.9825,1.3568
0.9831,1.3518
0.9836,1.3518
0.9842,1.3518
0.9847,1.3568
0.9853,1.3518
0.9858,1.3568
0.9864,1.3518
0.9869,1.3568
0.9875,1.3568
0.9880,1.3518
0.9886,1.3518
0.9891,1.3518
0.9897,1.3518
0.9902,1.3518
0.9908,1.3568
0.9914,1.3518
0.9919,1.3568
0.9925,1.3568
0.9930,1.3518
0.9936,1.3568
0.9941,1.3518
0.9947,1.3518
0.9952,1.3518
0.9958,1.3518
0.9963,1.3518
0.9969,1.3518
0.9974,1.3467
0.9980,1.3518
0.9985,1.3518
0.9991,1.3518
0.9996,1.3518
1.0002,1.3518
1.0007,1.3467
1.0013,1.3518
1.0018,1.3467
1.0024,1.3568
1.0029,1.3518
1.0035,1.3518
1.0040,1.3568
1.0046,1.3518
1.0051,1.3518
1.0057,1.3467
1.0062,1.3467
1.0068,1.3518
1.0073,1.3518
1.0079,1.3518
1.0084,1.3518
1.0090,1.3518
1.0095,1.3518
1.0101,1.3518
1.0106,1.3518
1.0112,1.3518
1.0117,1.3518
1.0123,1.3417
1.0128,1.3518
1.0134,1.3467
1.0139,1.3518
1.0145,1.3467
1.0150,1.3518
1.0156,1.3518
1.0161,1.3518
1.0167,1.3467
1.0172,1.3518
1.0178,1.3467
1.0183,1.3467
1.0189,1.3467
1.0194,1.3417
1.0199,1.3467
1.0205,1.3467
1.0210,1.3467
1.0216,1.3467
1.0221,1.3467
1.0227,1.3518
1.0232,1.3467
1.0238,1.3417
1.0244,1.3518
1.0249,1.3467
1.0254,1.3467
1.0260,1.3467
1.0265,1.3467
1.0271,1.3467
1.0276,1.3467
1.0282,1.3467
1.0287,1.3467
1.0293,1.3467
1.0298,1.3417
1.0304,1.3467
1.0310,1.3467
1.0315,1.3417
1.0321,1.3467
1.0326,1.3467
1.0332,1.3467
1.0337,1.3467
1.0343,1.3467
1.0349,1.3417
1.0354,1.3467
1.0360,1.3467
1.0366,1.3467
1.0372,1.3467
1.0377,1.3467
1.0383,1.3417
1.0389,1.3518
1.0395,1.3467
1.0401,1.3417
1.0406,1.3467
1.0412,1.3417
1.0417,1.3518
1.0423,1.3467
1.0429,1.3417
1.0434,1.3367
1.0440,1.3467
1.0445,1.3417
1.0451,1.3417
1.0457,1.3467
1.0462,1.3417
1.0468,1.3467
1.0473,1.3467
1.0479,1.3467
1.0484,1.3417
1.0490,1.3417
1.0495,1.3367
1.0501,1.3417
1.0506,1.3467
1.0512,1.3417
1.0517,1.3417
1.0523,1.3417
1.0529,1.3417
1.0534,1.3417
1.0540,1.3467
1.0546,1.3467
1.0551,1.3467
1.0557,1.3367
1.0562,1.3417
1.0568,1.3467
1.0574,1.3417
1.0579,1.3467
1.0585,1.3367
1.0590,1.3417
1.0596,1.3417
1.0602,1.3467
1.0608,1.3467
1.0613,1.3417
1.0619,1.3417
1.0624,1.3417
1.0631,1.3417
1.0637,1.3417
1.0643,1.3417
1.0648,1.3417
1.0654,1.3367
1.0659,1.3417
1.0665,1.3417
1.0670,1.3367
1.0675,1.3417
1.0681,1.3467
1.0686,1.3417
1.0692,1.3417
1.0697,1.3467
1.0703,1.3467
1.0708,1.3367
1.0714,1.3417
1.0719,1.3417
1.0725,1.3467
1.0731,1.3417
1.0736,1.3417
1.0741,1.3417
1.0747,1.3467
1.0752,1.3417
1.0758,1.3417
1.0763,1.3367
1.0769,1.3417
1.0774,1.3417
1.0780,1.3367
1.0785,1.3417
1.0791,1.3417
1.0796,1.3417
1.0802,1.3417
1.0807,1.3417
1.0813,1.3367
1.0818,1.3417
1.0824,1.3417
1.0829,1.3417
1.0835,1.3417
1.0840,1.3417
1.0846,1.3367
1.0852,1.3417
1.0858,1.3417
1.0864,1.3467
1.0869,1.3417
1.0875,1.3367
1.0880,1.3417
1.0885,1.3417
1.0891,1.3417
1.0896,1.3417
1.0902,1.3467
1.0907,1.3417
1.0913,1.3367
1.0919,1.3417
1.0925,1.3417
1.0931,1.3417
1.0936,1.3367
1.0941,1.3417
1.0947,1.3417
1.0952,1.3417
1.0958,1.3417
1.0963,1.3417
1.0968,1.3417
1.0974,1.3417
1.0979,1.3417
1.0985,1.3417
1.0990,1.3417
1.0995,1.3417
1.1001,1.3367
1.1006,1.3417
1.1012,1.3417
1.1017,1.3417
1.1022,1.3417
1.1028,1.3417
1.1034,1.3417
1.1039,1.3367
1.1044,1.3417
1.1050,1.3417
1.1055,1.3367
1.1061,1.3367
1.1066,1.3467
1.1071,1.3417
1.1077,1.3417
1.1082,1.3417
1.1088,1.3417
1.1093,1.3417
1.1098,1.3417
1.1104,1.3417
1.1109,1.3417
1.1115,1.3417
1.1120,1.3417
1.1126,1.3417
1.1131,1.3417
1.1136,1.3417
1.1142,1.3417
1.1147,1.3417
1.1153,1.3367
1.1158,1.3417
1.1163,1.3417
1.1169,1.3367
1.1174,1.3417
1.1180,1.3417
1.1185,1.3417
1.1190,1.3417
1.1196,1.3417
1.1201,1.3367
1.1207,1.3417
1.1212,1.3417
1.1217,1.3367
1.1223,1.3417
1.1228,1.3367
1.1234,1.3417
1.1239,1.3367
1.1244,1.3417
1.1250,1.3367
1.1255,1.3367
1.1261,1.3367
1.1266,1.3367
1.1271,1.3367
1.1277,1.3367
1.1282,1.3367
1.1288,1.3367
1.1293,1.3417
1.1298,1.3367
1.1304,1.3367
1.1309,1.3417
1.1315,1.3417
1.1320,1.3417
1.1326,1.3417
1.1331,1.3417
1.1336,1.3367
1.1342,1.3417
1.1347,1.3417
1.1353,1.3417
1.1358,1.3417
1.1363,1.3417
1.1369,1.3316
1.1374,1.3367
1.1380,1.3367
1.1385,1.3316
1.1390,1.3367
1.1396,1.3417
1.1401,1.3367
1.1407,1.3367
1.1412,1.3367
1.1417,1.3417
1.1423,1.3367
1.1428,1.3417
1.1434,1.3367
1.1439,1.3417
1.1444,1.3417
1.1450,1.3417
1.1455,1.3417
1.1461,1.3417
1.1466,1.3417
1.1472,1.3417
1.1478,1.3367
1.1483,1.3367
1.1489,1.3367
1.1495,1.3417
1.1500,1.3367
1.1506,1.3367
1.1512,1.3417
1.1517,1.3367
1.1523,1.3367
1.1528,1.3367
1.1534,1.3367
1.1540,1.3367
1.1545,1.3367
1.1551,1.3367
1.1556,1.3417
1.1562,1.3367
1.1567,1.3367
1.1573,1.3417
1.1578,1.3367
1.1583,1.3367
1.1589,1.3367
1.1594,1.3417
1.1600,1.3367
1.1605,1.3367
1.1610,1.3367
1.1616,1.3367
1.1621,1.3367
1.1627,1.3367
1.1632,1.3367
1.1638,1.3417
1.1643,1.3367
1.1649,1.3367
1.1654,1.3417
1.1659,1.3367
1.1665,1.3367
1.1670,1.3367
1.1676,1.3367
1.1681,1.3367
1.1686,1.3367
1.1692,1.3367
1.1697,1.3367
1.1703,1.3316
1.1708,1.3367
1.1713,1.3367
1.1719,1.3367
1.1724,1.3367
1.1730,1.3367
1.1736,1.3367
1.1741,1.3367
1.1746,1.3367
1.1752,1.3367
1.1757,1.3316
1.1763,1.3367
1.1768,1.3367
1.1773,1.3316
1.1779,1.3367
1.1784,1.3367
1.1790,1.3316
1.1795,1.3367
1.1801,1.3367
1.1806,1.3367
1.1812,1.3367
1.1817,1.3367
1.1822,1.3367
1.1828,1.3367
1.1833,1.3367
1.1839,1.3367
1.1844,1.3316
1.1849,1.3316
1.1855,1.3316
1.1860,1.3367
1.1866,1.3367
1.1871,1.3417
1.1876,1.3367
1.1882,1.3266
1.1887,1.3367
1.1893,1.3367
1.1898,1.3367
1.1903,1.3367
1.1909,1.3367
1.1914,1.3367
1.1920,1.3367
1.1927,1.3367
1.1932,1.3367
1.1937,1.3316
1.1943,1.3367
1.1948,1.3316
1.1954,1.3367
1.1959,1.3367
1.1965,1.3316
1.1970,1.3367
1.1976,1.3367
1.1981,1.3316
1.1987,1.3367
1.1992,1.3316
1.1998,1.3367
1.2003,1.3316
1.2008,1.3316
1.2014,1.3367
1.2019,1.3367
1.2025,1.3316
1.2031,1.3367
1.2036,1.3367
1.2042,1.3316
1.2047,1.3316
1.2053,1.3367
1.2058,1.3316
1.2064,1.3367
1.2069,1.3367
1.2075,1.3316
1.2080,1.3367
1.2086,1.3316
1.2091,1.3367
1.2097,1.3316
1.2102,1.3316
1.2108,1.3316
1.2113,1.3367
1.2119,1.3367
1.2124,1.3367
1.2130,1.3367
1.2135,1.3316
1.2141,1.3316
1.2146,1.3316
1.2152,1.3367
1.2157,1.3316
1.2163,1.3316
1.2168,1.3316
1.2174,1.3367
1.2179,1.3316
1.2185,1.3316
1.2190,1.3316
1.2196,1.3316
1.2201,1.3316
1.2207,1.3367
1.2212,1.3367
1.2218,1.3367
1.2223,1.3316
1.2229,1.3367
1.2234,1.3316
1.2240,1.3266
1.2245,1.3316
1.2251,1.3316
1.2256,1.3316
1.2262,1.3316
1.2267,1.3367
1.2273,1.3316
1.2278,1.3316
1.2284,1.3367
1.2289,1.3316
1.2295,1.3316
1.2300,1.3316
1.2306,1.3316
1.2311,1.3316
1.2317,1.3316
1.2322,1.3266
1.2328,1.3316
1.2333,1.3367
1.2339,1.3316
1.2344,1.3316
1.2350,1.3367
1.2355,1.3316
1.2361,1.3316
1.2366,1.3316
1.2372,1.3316
1.2377,1.3367
1.2383,1.3316
1.2388,1.3316
1.2394,1.3316
1.2399,1.3367
1.2405,1.3266
1.2410,1.3367
1.2416,1.3316
1.2422,1.3367
1.2427,1.3316
1.2433,1.3316
1.2438,1.3367
1.2444,1.3367
1.2449,1.3316
1.2455,1.3316
1.2460,1.3367
1.2466,1.3316
1.2471,1.3316
1.2477,1.3316
1.2482,1.3316
1.2488,1.3316
1.2493,1.3367
1.2499,1.3316
1.2504,1.3316
1.2510,1.3316
1.2515,1.3266
1.2521,1.3316
1.2526,1.3316
1.2532,1.3316
1.2537,1.3266
1.2543,1.3316
1.2548,1.3316
1.2554,1.3266
1.2559,1.3316
1.2565,1.3367
1.2570,1.3316
1.2576,1.3316
1.2581,1.3316
1.2586,1.3316
1.2592,1.3316
1.2597,1.3266
1.2603,1.3316
1.2608,1.3316
1.2614,1.3316
1.2619,1.3266
1.2625,1.3316
1.2631,1.3316
1.2637,1.3316
1.2642,1.3367
1.2648,1.3316
1.2653,1.3316
1.2659,1.3266
1.2664,1.3316
1.2669,1.3316
1.2675,1.3316
1.2680,1.3316
1.2686,1.3266
1.2691,1.3266
1.2697,1.3316
1.2702,1.3316
1.2708,1.3316
1.2713,1.3316
1.2719,1.3367
1.2724,1.3266
1.2730,1.3316
1.2736,1.3266
1.2741,1.3316
1.2747,1.3316
1.2752,1.3367
1.2758,1.3266
1.2763,1.3266
1.2769,1.3316
1.2774,1.3266
1.2780,1.3316
1.2785,1.3266
1.2791,1.3316
1.2796,1.3266
1.2802,1.3266
1.2807,1.3316
1.2813,1.3266
1.2818,1.3316
1.2824,1.3316
1.2829,1.3266
1.2835,1.3266
1.2840,1.3316
1.2846,1.3316
1.2851,1.3316
1.2857,1.3266
1.2862,1.3316
1.2868,1.3316
1.2873,1.3316
1.2879,1.3266
1.2884,1.3266
1.2890,1.3316
1.2895,1.3316
1.2901,1.3316
1.2906,1.3316
1.2912,1.3316
1.2917,1.3316
1.2923,1.3266
1.2928,1.3316
1.2934,1.3316
1.2939,1.3316
1.2945,1.3266
1.2950,1.3316
1.2956,1.3266
1.2961,1.3215
1.2967,1.3266
1.2972,1.3266
1.2978,1.3316
1.2983,1.3266
1.2989,1.3316
1.2994,1.3266
1.3000,1.3266
1.3005,1.3215
1.3011,1.3316
1.3016,1.3316
1.3022,1.3266
1.3027,1.3266
1.3033,1.3266
1.3038,1.3316
1.3044,1.3266
1.3049,1.3266
1.3055,1.3316
1.3060,1.3266
1.3066,1.3316
1.3071,1.3266
1.3077,1.3266
1.3082,1.3316
1.3088,1.3266
1.3093,1.3266
1.3099,1.3266
1.3104,1.3316
1.3110,1.3266
1.3116,1.3266
1.3121,1.3266
1.3127,1.3266
1.3132,1.3316
1.3138,1.3316
1.3143,1.3316
1.3149,1.3316
1.3154,1.3316
1.3160,1.3316
1.3165,1.3316
1.3171,1.3316
1.3176,1.3316
1.3182,1.3367
1.3187,1.3316
1.3193,1.3316
1.3198,1.3367
1.3204,1.3367
1.3209,1.3367
1.3214,1.3266
1.3220,1.3316
1.3225,1.3367
1.3231,1.3316
1.3237,1.3367
1.3242,1.3316
1.3248,1.3367
1.3253,1.3316
1.3259,1.3316
1.3264,1.3367
1.3269,1.3316
1.3275,1.3367
1.3280,1.3367
1.3286,1.3367
1.3291,1.3367
1.3297,1.3367
1.3302,1.3367
1.3308,1.3417
1.3313,1.3367
1.3319,1.3367
1.3324,1.3367
1.3330,1.3367
1.3336,1.3367
1.3341,1.3367
1.3347,1.3367
1.3352,1.3467
1.3358,1.3417
1.3363,1.3417
1.3369,1.3467
1.3374,1.3417
1.3380,1.3417
1.3385,1.3467
1.3391,1.3417
1.3396,1.3467
1.3402,1.3417
1.3407,1.3467
1.3413,1.3467
1.3418,1.3417
1.3424,1.3467
1.3429,1.3467
1.3435,1.3467
1.3440,1.3467
1.3446,1.3467
1.3451,1.3467
1.3457,1.3467
1.3462,1.3467
1.3468,1.3467
1.3473,1.3467
1.3479,1.3518
1.3484,1.3518
1.3490,1.3518
1.3495,1.3467
1.3501,1.3518
1.3506,1.3467
1.3512,1.3568
1.3517,1.3568
1.3523,1.3467
1.3528,1.3518
1.3534,1.3518
1.3539,1.3467
1.3545,1.3518
1.3550,1.3518
1.3556,1.3518
1.3561,1.3518
1.3567,1.3568
1.3572,1.3518
1.3578,1.3568
1.3583,1.3518
1.3589,1.3568
1.3594,1.3518
1.3600,1.3518
1.3605,1.3518
1.3611,1.3518
1.3616,1.3518
1.3622,1.3518
1.3627,1.3568
1.3633,1.3568
1.3638,1.3518
1.3644,1.3568
1.3649,1.3518
1.3655,1.3568
1.3660,1.3518
1.3666,1.3568
1.3671,1.3518
1.3677,1.3568
1.3682,1.3568
1.3688,1.3518
1.3693,1.3568
1.3699,1.3518
1.3704,1.3568
1.3710,1.3619
1.3715,1.3568
1.3721,1.3518
1.3726,1.3568
1.3732,1.3619
1.3737,1.3568
1.3743,1.3568
1.3748,1.3619
1.3754,1.3619
1.3759,1.3568
1.3765,1.3619
1.3770,1.3619
1.3776,1.3568
1.3781,1.3619
1.3787,1.3619
1.3792,1.3619
1.3798,1.3619
1.3803,1.3619
1.3809,1.3619
1.3814,1.3619
1.3820,1.3619
1.3825,1.3619
1.3831,1.3619
1.3836,1.3619
1.3842,1.3619
1.3847,1.3568
1.3853,1.3568
1.3858,1.3619
1.3864,1.3568
1.3869,1.3619
1.3875,1.3669
1.3880,1.3619
1.3886,1.3619
1.3891,1.3619
1.3897,1.3619
1.3902,1.3619
1.3908,1.3619
1.3913,1.3669
1.3919,1.3669
1.3924,1.3619
1.3931,1.3619
1.3937,1.3669
1.3942,1.3619
1.3948,1.3619
1.3953,1.3568
1.3959,1.3669
1.3964,1.3619
1.3970,1.3619
1.3975,1.3619
1.3981,1.3619
1.3986,1.3669
1.3992,1.3619
1.3997,1.3669
1.4003,1.3619
1.4008,1.3619
1.4014,1.3669
1.4019,1.3619
1.4025,1.3669
1.4031,1.3619
1.4036,1.3619
1.4042,1.3669
1.4047,1.3619
1.4053,1.3669
1.4058,1.3669
1.4064,1.3619
1.4069,1.3619
1.4074,1.3568
1.4080,1.3669
1.4085,1.3619
1.4091,1.3669
1.4096,1.3669
1.4102,1.3669
1.4107,1.3619
1.4113,1.3669
1.4118,1.3619
1.4124,1.3568
1.4129,1.3619
1.4135,1.3669
1.4140,1.3619
1.4146,1.3669
1.4151,1.3669
1.4157,1.3669
1.4162,1.3619
1.4168,1.3669
1.4173,1.3669
1.4179,1.3619
1.4184,1.3669
1.4190,1.3669
1.4195,1.3669
1.4201,1.3669
1.4206,1.3568
1.4212,1.3669
1.4217,1.3669
1.4223,1.3669
1.4228,1.3669
1.4234,1.3669
1.4239,1.3669
1.4245,1.3669
1.4250,1.3669
1.4256,1.3669
1.4261,1.3619
1.4267,1.3669
1.4272,1.3619
1.4278,1.3669
1.4283,1.3669
1.4289,1.3619
1.4294,1.3669
1.4300,1.3669
1.4305,1.3669
1.4311,1.3669
1.4316,1.3669
1.4322,1.3669
1.4327,1.3669
1.4333,1.3669
1.4339,1.3669
1.4344,1.3619
1.4350,1.3619
1.4355,1.3669
1.4361,1.3669
1.4366,1.3669
1.4373,1.3619
1.4379,1.3669
1.4385,1.3669
1.4390,1.3669
1.4396,1.3568
1.4401,1.3619
1.4407,1.3669
1.4412,1.3619
1.4418,1.3619
1.4423,1.3669
1.4429,1.3619
1.4434,1.3619
1.4440,1.3619
1.4445,1.3669
1.4451,1.3669
1.4456,1.3669
1.4462,1.3669
1.4467,1.3669
1.4473,1.3619
1.4478,1.3669
1.4484,1.3619
1.4489,1.3669
1.4495,1.3669
1.4500,1.3669
1.4506,1.3669
1.4511,1.3669
1.4517,1.3669
1.4523,1.3619
1.4528,1.3669
1.4534,1.3619
1.4540,1.3669
1.4545,1.3568
1.4551,1.3619
1.4556,1.3619
1.4562,1.3669
1.4568,1.3669
1.4573,1.3669
1.4579,1.3619
1.4584,1.3669
1.4590,1.3619
1.4595,1.3669
1.4601,1.3619
1.4607,1.3669
1.4612,1.3619
1.4618,1.3619
1.4624,1.3619
1.4629,1.3619
1.4635,1.3619
1.4640,1.3568
1.4646,1.3619
1.4652,1.3669
1.4657,1.3669
1.4663,1.3669
1.4668,1.3669
1.4674,1.3619
1.4680,1.3669
1.4686,1.3619
1.4691,1.3619
1.4697,1.3669
1.4702,1.3669
1.4708,1.3669
1.4713,1.3669
1.4718,1.3619
1.4724,1.3669
1.4729,1.3619
1.4735,1.3669
1.4740,1.3619
1.4746,1.3619
1.4751,1.3619
1.4757,1.3619
1.4762,1.3619
1.4768,1.3619
1.4773,1.3669
1.4779,1.3619
1.4784,1.3669
1.4789,1.3669
1.4795,1.3619
1.4800,1.3669
1.4806,1.3669
1.4811,1.3619
1.4817,1.3669
1.4822,1.3619
1.4828,1.3669
1.4833,1.3669
1.4839,1.3619
1.4844,1.3669
1.4850,1.3568
1.4855,1.3669
1.4860,1.3619
1.4866,1.3619
1.4871,1.3619
1.4877,1.3619
1.4882,1.3619
1.4888,1.3568
1.4893,1.3619
1.4899,1.3619
1.4904,1.3669
1.4910,1.3619
1.4915,1.3669
1.4920,1.3619
1.4926,1.3619
1.4931,1.3619
1.4937,1.3619
1.4943,1.3619
1.4949,1.3619
1.4954,1.3619
1.4960,1.3619
1.4965,1.3669
1.4971,1.3619
1.4976,1.3619
1.4981,1.3619
1.4987,1.3619
1.4992,1.3619
1.4998,1.3568
1.5003,1.3619
1.5008,1.3568
1.5014,1.3619
1.5019,1.3619
1.5025,1.3568
1.5030,1.3568
1.5036,1.3619
1.5041,1.3619
1.5047,1.3568
1.5052,1.3619
1.5057,1.3619
1.5063,1.3619
1.5068,1.3619
1.5074,1.3568
1.5079,1.3619
1.5084,1.3619
1.5090,1.3619
1.5095,1.3619
1.5101,1.3568
1.5106,1.3619
1.5111,1.3568
1.5117,1.3619
1.5122,1.3568
1.5128,1.3568
1.5133,1.3568
1.5138,1.3619
1.5144,1.3568
1.5149,1.3619
1.5155,1.3568
1.5160,1.3619
1.5165,1.3568
1.5171,1.3568
1.5176,1.3568
1.5182,1.3619
1.5187,1.3619
1.5192,1.3619
1.5198,1.3568
1.5203,1.3568
1.5209,1.3568
1.5214,1.3568
1.5220,1.3568
1.5225,1.3568
1.5231,1.3568
1.5236,1.3568
1.5241,1.3568
1.5247,1.3518
1.5252,1.3568
1.5258,1.3568
1.5263,1.3568
1.5269,1.3619
1.5274,1.3619
1.5280,1.3619
1.5285,1.3619
1.5290,1.3619
1.5296,1.3518
1.5301,1.3568
1.5307,1.3568
1.5312,1.3568
1.5318,1.3568
1.5323,1.3518
1.5328,1.3518
1.5334,1.3568
1.5339,1.3518
1.5345,1.3568
1.5351,1.3568
1.5356,1.3619
1.5362,1.3568
1.5368,1.3568
1.5374,1.3518
1.5379,1.3568
1.5385,1.3568
1.5391,1.3568
1.5396,1.3518
1.5402,1.3518
1.5407,1.3568
1.5413,1.3568
1.5419,1.3568
1.5424,1.3518
1.5430,1.3568
1.5435,1.3568
1.5441,1.3518
1.5446,1.3568
1.5452,1.3518
1.5457,1.3518
1.5463,1.3568
1.5468,1.3568
1.5474,1.3518
1.5479,1.3568
1.5484,1.3518
1.5490,1.3518
1.5495,1.3518
1.5501,1.3518
1.5506,1.3568
1.5512,1.3568
1.5518,1.3518
1.5524,1.3518
1.5530,1.3518
1.5535,1.3518
1.5541,1.3518
1.5547,1.3568
1.5552,1.3518
1.5559,1.3518
1.5565,1.3518
1.5570,1.3518
1.5576,1.3518
1.5581,1.3467
1.5586,1.3568
1.5592,1.3568
1.5598,1.3568
1.5603,1.3467
1.5608,1.3518
1.5614,1.3518
1.5619,1.3518
1.5625,1.3467
1.5631,1.3518
1.5636,1.3518
1.5641,1.3467
1.5647,1.3467
1.5652,1.3518
1.5658,1.3518
1.5663,1.3518
1.5669,1.3518
1.5674,1.3467
1.5679,1.3518
1.5685,1.3518
1.5690,1.3518
1.5696,1.3467
1.5701,1.3518
1.5706,1.3518
1.5712,1.3467
1.5717,1.3518
1.5723,1.3467
1.5728,1.3518
1.5733,1.3518
1.5739,1.3518
1.5744,1.3467
1.5750,1.3467
1.5755,1.3467
1.5760,1.3467
1.5766,1.3518
1.5771,1.3467
1.5777,1.3518
1.5782,1.3467
1.5787,1.3467
1.5793,1.3467
1.5798,1.3518
1.5804,1.3467
1.5809,1.3467
1.5815,1.3417
1.5820,1.3518
1.5825,1.3467
1.5831,1.3467
1.5836,1.3518
1.5842,1.3467
1.5847,1.3518
1.5852,1.3467
1.5858,1.3467
1.5863,1.3467
1.5869,1.3518
1.5874,1.3417
1.5879,1.3467
1.5885,1.3518
1.5890,1.3467
1.5896,1.3467
1.5901,1.3518
1.5906,1.3518
1.5912,1.3467
1.5917,1.3518
1.5923,1.3467
1.5928,1.3518
1.5934,1.3467
1.5939,1.3467
1.5945,1.3417
1.5950,1.3417
1.5956,1.3467
1.5961,1.3467
1.5967,1.3518
1.5972,1.3417
1.5978,1.3467
1.5983,1.3467
1.5988,1.3467
1.5994,1.3467
1.5999,1.3467
1.6005,1.3467
1.6010,1.3467
1.6016,1.3467
1.6021,1.3467
1.6027,1.3467
1.6032,1.3467
1.6037,1.3518
1.6043,1.3467
1.6048,1.3417
1.6054,1.3467
1.6059,1.3467
1.6065,1.3467
1.6070,1.3467
1.6076,1.3467
1.6081,1.3467
1.6086,1.3467
1.6092,1.3467
1.6097,1.3467
1.6103,1.3467
1.6108,1.3467
1.6114,1.3467
1.6119,1.3467
1.6124,1.3417
1.6130,1.3467
1.6136,1.3467
1.6141,1.3467
1.6147,1.3467
1.6152,1.3417
1.6157,1.3518
1.6163,1.3467
1.6168,1.3417
1.6174,1.3467
1.6179,1.3417
1.6185,1.3467
1.6190,1.3417
1.6195,1.3417
1.6201,1.3467
1.6206,1.3467
1.6212,1.3467
1.6217,1.3417
1.6223,1.3417
1.6228,1.3467
1.6234,1.3467
1.6239,1.3417
1.6244,1.3467
1.6250,1.3417
1.6255,1.3467
1.6261,1.3417
1.6266,1.3417
1.6272,1.3417
1.6277,1.3467
1.6282,1.3467
1.6288,1.3417
1.6293,1.3467
1.6299,1.3417
1.6304,1.3467
1.6310,1.3467
1.6315,1.3417
1.6321,1.3467
1.6326,1.3467
1.6331,1.3467
1.6337,1.3467
1.6342,1.3417
1.6348,1.3467
1.6353,1.3467
1.6359,1.3467
1.6364,1.3417
1.6370,1.3467
1.6375,1.3467
1.6380,1.3467
1.6386,1.3467
1.6391,1.3467
1.6397,1.3467
1.6402,1.3467
1.6408,1.3467
1.6413,1.3467
1.6419,1.3467
1.6424,1.3467
1.6429,1.3467
1.6435,1.3417
1.6440,1.3467
1.6446,1.3467
1.6451,1.3467
1.6457,1.3467
1.6462,1.3417
1.6468,1.3467
1.6473,1.3417
1.6478,1.3467
1.6484,1.3467
1.6489,1.3417
1.6495,1.3467
1.6500,1.3417
1.6506,1.3467
1.6511,1.3467
1.6517,1.3417
1.6522,1.3417
1.6527,1.3467
1.6533,1.3417
1.6538,1.3467
1.6544,1.3467
1.6549,1.3417
1.6555,1.3467
1.6560,1.3417
1.6565,1.3467
1.6571,1.3467
1.6576,1.3417
1.6582,1.3417
1.6587,1.3417
1.6592,1.3417
1.6598,1.3467
1.6603,1.3417
1.6609,1.3417
1.6614,1.3467
1.6620,1.3417
1.6625,1.3417
1.6631,1.3467
1.6637,1.3417
1.6642,1.3417
1.6647,1.3467
1.6653,1.3417
1.6658,1.3417
1.6664,1.3417
1.6669,1.3417
1.6675,1.3417
1.6680,1.3417
1.6686,1.3417
1.6691,1.3467
1.6696,1.3467
1.6702,1.3417
1.6707,1.3417
1.6713,1.3367
1.6718,1.3467
1.6724,1.3467
1.6729,1.3417
1.6734,1.3467
1.6740,1.3417
1.6745,1.3417
1.6751,1.3417
1.6756,1.3417
1.6762,1.3417
1.6767,1.3467
1.6773,1.3417
1.6778,1.3417
1.6783,1.3417
1.6789,1.3417
1.6794,1.3467
1.6800,1.3467
1.6805,1.3467
1.6811,1.3417
1.6816,1.3417
1.6822,1.3467
1.6827,1.3417
1.6832,1.3417
1.6838,1.3367
1.6843,1.3417
1.6849,1.3367
1.6854,1.3467
1.6860,1.3367
1.6865,1.3417
1.6871,1.3417
1.6876,1.3417
1.6881,1.3417
1.6887,1.3467
1.6892,1.3417
1.6898,1.3467
1.6903,1.3417
1.6909,1.3417
1.6914,1.3417
1.6919,1.3417
1.6925,1.3417
1.6930,1.3417
1.6936,1.3417
1.6941,1.3467
1.6947,1.3417
1.6952,1.3417
1.6959,1.3417
1.6964,1.3467
1.6969,1.3417
1.6975,1.3367
1.6981,1.3467
1.6986,1.3467
1.6992,1.3467
1.6997,1.3417
1.7003,1.3417
1.7008,1.3417
1.7014,1.3467
1.7019,1.3417
1.7025,1.3417
1.7030,1.3417
1.7036,1.3417
1.7041,1.3417
1.7047,1.3467
1.7052,1.3417
1.7058,1.3417
1.7063,1.3367
1.7069,1.3417
1.7074,1.3417
1.7080,1.3417
1.7085,1.3417
1.7091,1.3367
1.7096,1.3467
1.7102,1.3417
1.7107,1.3417
1.7113,1.3417
1.7118,1.3417
1.7124,1.3417
1.7129,1.3467
1.7135,1.3417
1.7140,1.3417
1.7146,1.3417
1.7151,1.3367
1.7157,1.3417
1.7162,1.3417
1.7168,1.3417
1.7173,1.3417
1.7179,1.3367
1.7184,1.3417
1.7190,1.3417
1.7195,1.3417
1.7201,1.3367
1.7206,1.3417
1.7212,1.3417
1.7217,1.3417
1.7223,1.3417
1.7228,1.3417
1.7234,1.3417
1.7239,1.3417
1.7245,1.3417
1.7250,1.3417
1.7256,1.3417
1.7261,1.3417
1.7267,1.3367
1.7272,1.3367
1.7278,1.3417
1.7283,1.3417
1.7289,1.3367
1.7294,1.3417
1.7300,1.3367
1.7306,1.3417
1.7311,1.3417
1.7317,1.3417
1.7322,1.3417
1.7328,1.3417
1.7333,1.3417
1.7339,1.3367
1.7344,1.3467
1.7350,1.3467
1.7355,1.3417
1.7361,1.3316
1.7366,1.3417
1.7372,1.3417
1.7377,1.3417
1.7383,1.3367
1.7388,1.3367
1.7394,1.3367
1.7399,1.3417
1.7405,1.3417
1.7410,1.3367
1.7416,1.3417
1.7421,1.3367
1.7427,1.3367
1.7432,1.3417
1.7438,1.3417
1.7443,1.3367
1.7449,1.3417
1.7454,1.3417
1.7460,1.3417
1.7465,1.3367
1.7471,1.3417
1.7477,1.3417
1.7483,1.3417
1.7489,1.3367
1.7494,1.3417
1.7500,1.3417
1.7506,1.3417
1.7511,1.3417
1.7517,1.3367
1.7523,1.3367
1.7528,1.3367
1.7534,1.3417
1.7540,1.3417
1.7545,1.3417
1.7551,1.3367
1.7557,1.3367
1.7562,1.3367
1.7568,1.3367
1.7574,1.3367
1.7579,1.3417
1.7585,1.3417
1.7590,1.3417
1.7596,1.3316
1.7601,1.3417
1.7606,1.3367
1.7612,1.3417
1.7617,1.3367
1.7623,1.3417
1.7629,1.3417
1.7634,1.3367
1.7640,1.3417
1.7645,1.3367
1.7651,1.3367
1.7656,1.3367
1.7662,1.3367
1.7667,1.3367
1.7672,1.3417
1.7678,1.3417
1.7683,1.3367
1.7689,1.3417
1.7694,1.3316
1.7700,1.3367
1.7705,1.3367
1.7711,1.3367
1.7716,1.3417
1.7722,1.3417
1.7727,1.3417
1.7733,1.3417
1.7738,1.3367
1.7743,1.3367
1.7749,1.3367
1.7754,1.3417
1.7760,1.3367
1.7765,1.3417
1.7771,1.3367
1.7776,1.3367
1.7782,1.3316
1.7787,1.3367
1.7793,1.3367
1.7798,1.3316
1.7804,1.3367
1.7809,1.3316
1.7815,1.3417
1.7820,1.3316
1.7826,1.3367
1.7831,1.3367
1.7837,1.3367
1.7842,1.3316
1.7848,1.3367
1.7853,1.3367
1.7859,1.3367
1.7864,1.3367
1.7870,1.3316
1.7875,1.3367
1.7880,1.3316
1.7886,1.3367
1.7891,1.3367
1.7897,1.3367
1.7902,1.3367
1.7908,1.3417
1.7913,1.3367
1.7919,1.3367
1.7924,1.3316
1.7930,1.3367
1.7935,1.3316
1.7940,1.3367
1.7946,1.3316
1.7951,1.3367
1.7957,1.3367
1.7963,1.3367
1.7968,1.3367
1.7973,1.3367
1.7979,1.3367
1.7984,1.3367
1.7990,1.3417
1.7995,1.3367
1.8001,1.3367
1.8007,1.3316
1.8012,1.3367
1.8017,1.3367
1.8023,1.3367
1.8028,1.3316
1.8034,1.3367
1.8039,1.3367
1.8045,1.3316
1.8050,1.3367
1.8056,1.3367
1.8061,1.3316
1.8067,1.3316
1.8072,1.3316
1.8078,1.3367
1.8083,1.3367
1.8089,1.3417
1.8094,1.3417
1.8100,1.3367
1.8105,1.3367
1.8111,1.3316
1.8116,1.3367
1.8122,1.3316
1.8127,1.3367
1.8133,1.3367
1.8138,1.3367
1.8144,1.3316
1.8149,1.3367
1.8155,1.3316
1.8160,1.3367
1.8166,1.3316
1.8171,1.3316
1.8177,1.3316
1.8182,1.3316
1.8188,1.3367
1.8193,1.3316
1.8199,1.3367
1.8204,1.3316
1.8210,1.3316
1.8215,1.3367
1.8221,1.3316
1.8226,1.3367
1.8232,1.3367
1.8237,1.3367
1.8243,1.3367
1.8248,1.3316
1.8254,1.3316
1.8259,1.3367
1.8265,1.3316
1.8270,1.3367
1.8276,1.3367
1.8281,1.3316
1.8287,1.3367
1.8292,1.3367
1.8298,1.3316
1.8303,1.3367
1.8309,1.3316
1.8314,1.3367
1.8320,1.3316
1.8325,1.3316
1.8331,1.3316
1.8336,1.3316
1.8342,1.3316
1.8347,1.3316
1.8353,1.3367
1.8358,1.3316
1.8364,1.3316
1.8369,1.3367
1.8375,1.3316
1.8380,1.3316
1.8386,1.3367
1.8391,1.3316
1.8397,1.3316
1.8402,1.3367
1.8408,1.3316
1.8413,1.3367
1.8419,1.3316
1.8424,1.3367
1.8430,1.3316
1.8436,1.3266
1.8441,1.3316
1.8447,1.3316
1.8452,1.3316
1.8458,1.3316
1.8463,1.3316
1.8469,1.3316
1.8474,1.3316
1.8480,1.3367
1.8485,1.3367
1.8491,1.3316
1.8496,1.3367
1.8502,1.3316
1.8507,1.3367
1.8513,1.3316
1.8518,1.3316
1.8524,1.3316
1.8529,1.3316
1.8535,1.3367
1.8540,1.3367
1.8546,1.3316
1.8551,1.3316
1.8557,1.3316
1.8562,1.3367
1.8568,1.3316
1.8573,1.3367
1.8579,1.3316
1.8584,1.3367
1.8589,1.3367
1.8595,1.3316
1.8600,1.3316
1.8606,1.3367
1.8611,1.3367
1.8617,1.3417
1.8622,1.3367
1.8628,1.3417
1.8633,1.3316
1.8639,1.3367
1.8644,1.3367
1.8650,1.3367
1.8655,1.3367
1.8661,1.3367
1.8666,1.3367
1.8672,1.3367
1.8677,1.3367
1.8683,1.3367
1.8688,1.3417
1.8694,1.3417
1.8699,1.3417
1.8705,1.3367
1.8710,1.3467
1.8716,1.3417
1.8721,1.3417
1.8727,1.3367
1.8732,1.3417
1.8738,1.3417
1.8743,1.3417
1.8749,1.3417
1.8754,1.3417
1.8760,1.3417
1.8765,1.3417
1.8771,1.3417
1.8776,1.3417
1.8782,1.3417
1.8787,1.3467
1.8793,1.3417
1.8798,1.3467
1.8804,1.3467
1.8809,1.3467
1.8815,1.3467
1.8820,1.3467
1.8826,1.3518
1.8831,1.3518
1.8837,1.3417
1.8842,1.3467
1.8848,1.3467
1.8853,1.3518
1.8859,1.3518
1.8864,1.3467
1.8870,1.3518
1.8875,1.3518
1.8881,1.3518
1.8886,1.3518
1.8892,1.3518
1.8897,1.3568
1.8903,1.3467
1.8908,1.3518
1.8914,1.3568
1.8919,1.3568
1.8925,1.3568
1.8930,1.3518
1.8936,1.3518
1.8941,1.3518
1.8947,1.3568
1.8952,1.3518
1.8958,1.3518
1.8963,1.3518
1.8969,1.3568
1.8974,1.3518
1.8980,1.3568
1.8985,1.3568
1.8991,1.3518
1.8996,1.3568
1.9002,1.3568
1.9007,1.3619
1.9013,1.3568
1.9018,1.3619
1.9024,1.3619
1.9029,1.3518
1.9035,1.3568
1.9040,1.3568
1.9046,1.3568
1.9051,1.3568
1.9057,1.3619
1.9062,1.3619
1.9068,1.3518
1.9073,1.3619
1.9079,1.3619
1.9084,1.3619
1.9090,1.3619
1.9095,1.3669
1.9101,1.3619
1.9106,1.3619
1.9112,1.3619
1.9117,1.3568
1.9123,1.3619
1.9128,1.3619
1.9134,1.3619
1.9139,1.3619
1.9145,1.3568
1.9150,1.3619
1.9156,1.3619
1.9161,1.3568
1.9167,1.3619
1.9172,1.3669
1.9178,1.3619
1.9183,1.3568
1.9189,1.3669
1.9194,1.3619
1.9200,1.3669
1.9205,1.3619
1.9211,1.3619
1.9216,1.3619
1.9222,1.3619
1.9227,1.3669
1.9233,1.3619
1.9238,1.3568
1.9244,1.3619
1.9249,1.3669
1.9255,1.3619
1.9260,1.3669
1.9266,1.3669
1.9271,1.3619
1.9277,1.3619
1.9282,1.3669
1.9288,1.3619
1.9293,1.3619
1.9299,1.3669
1.9304,1.3619
1.9309,1.3669
1.9315,1.3669
1.9320,1.3619
1.9326,1.3669
1.9331,1.3619
1.9337,1.3619
1.9342,1.3669
1.9348,1.3619
1.9353,1.3619
1.9359,1.3669
1.9364,1.3619
1.9370,1.3669
1.9375,1.3669
1.9381,1.3669
1.9386,1.3619
1.9392,1.3669
1.9398,1.3669
1.9403,1.3720
1.9409,1.3669
1.9414,1.3669
1.9420,1.3669
1.9425,1.3669
1.9431,1.3669
1.9436,1.3619
1.9442,1.3669
1.9447,1.3669
1.9453,1.3619
1.9458,1.3669
1.9464,1.3669
1.9469,1.3669
1.9475,1.3669
1.9480,1.3669
1.9486,1.3669
1.9491,1.3669
1.9497,1.3669
1.9502,1.3669
1.9508,1.3669
1.9513,1.3619
1.9519,1.3669
1.9524,1.3619
1.9530,1.3669
1.9535,1.3669
1.9541,1.3669
1.9546,1.3669
1.9552,1.3669
1.9557,1.3720
1.9562,1.3669
1.9568,1.3669
1.9573,1.3619
1.9579,1.3669
1.9584,1.3720
1.9590,1.3669
1.9595,1.3669
1.9601,1.3669
1.9606,1.3669
1.9612,1.3619
1.9617,1.3669
1.9623,1.3669
1.9628,1.3669
1.9634,1.3669
1.9639,1.3669
1.9645,1.3669
1.9650,1.3669
1.9656,1.3720
1.9661,1.3619
1.9667,1.3669
1.9672,1.3669
1.9678,1.3669
1.9683,1.3619
1.9689,1.3669
1.9694,1.3669
1.9700,1.3669
1.9705,1.3669
1.9711,1.3720
1.9716,1.3669
1.9722,1.3720
1.9727,1.3619
1.9733,1.3720
1.9738,1.3669
1.9744,1.3720
1.9749,1.3669
1.9755,1.3619
1.9760,1.3669
1.9766,1.3669
1.9771,1.3720
1.9777,1.3669
1.9782,1.3669
1.9788,1.3669
1.9793,1.3669
1.9799,1.3669
1.9804,1.3619
1.9810,1.3720
1.9815,1.3669
1.9821,1.3669
1.9826,1.3619
1.9832,1.3669
1.9837,1.3669
1.9843,1.3669
1.9848,1.3669
1.9854,1.3669
1.9859,1.3720
1.9865,1.3619
1.9870,1.3619
1.9876,1.3669
1.9881,1.3720
1.9887,1.3669
1.9892,1.3669
1.9898,1.3720
1.9903,1.3669
1.9909,1.3720
1.9914,1.3669
1.9920,1.3669
1.9925,1.3669
1.9931,1.3669
1.9936,1.3669
1.9942,1.3669
1.9948,1.3669
1.9953,1.3669
1.9959,1.3720
1.9964,1.3669
1.9970,1.3669
1.9975,1.3669
1.9981,1.3669
1.9986,1.3669
1.9992,1.3669
1.9997,1.3669
2.0003,1.3669
2.0008,1.3669
2.0014,1.3619
2.0019,1.3669
2.0025,1.3619
2.0030,1.3669
2.0036,1.3669
2.0041,1.3669
2.0047,1.3619
2.0052,1.3720
2.0058,1.3669
2.0063,1.3669
2.0069,1.3669
2.0074,1.3669
2.0080,1.3669
2.0085,1.3669
2.0091,1.3720
2.0097,1.3619
2.0102,1.3669
2.0108,1.3669
2.0113,1.3619
2.0119,1.3669
2.0124,1.3669
2.0130,1.3619
2.0135,1.3669
2.0141,1.3619
2.0146,1.3619
2.0152,1.3619
2.0157,1.3669
2.0163,1.3669
2.0168,1.3619
2.0174,1.3619
2.0179,1.3619
2.0185,1.3669
2.0190,1.3669
2.0196,1.3669
2.0201,1.3669
2.0207,1.3669
2.0212,1.3619
2.0217,1.3669
2.0223,1.3619
2.0228,1.3669
2.0234,1.3619
2.0239,1.3669
2.0245,1.3669
2.0250,1.3669
2.0256,1.3619
2.0261,1.3619
2.0267,1.3669
2.0272,1.3619
2.0278,1.3669
2.0283,1.3669
2.0289,1.3619
2.0294,1.3619
2.0300,1.3619
2.0305,1.3619
2.0311,1.3669
2.0316,1.3619
2.0322,1.3568
2.0327,1.3619
2.0333,1.3619
2.0338,1.3619
2.0344,1.3619
2.0350,1.3669
2.0355,1.3669
2.0361,1.3669
2.0367,1.3619
2.0373,1.3619
2.0379,1.3619
2.0384,1.3669
2.0390,1.3619
2.0396,1.3669
2.0401,1.3568
2.0407,1.3669
2.0413,1.3619
2.0418,1.3669
2.0424,1.3619
2.0430,1.3619
2.0435,1.3619
2.0441,1.3619
2.0447,1.3619
2.0452,1.3619
2.0458,1.3619
2.0463,1.3619
2.0469,1.3619
2.0474,1.3619
2.0480,1.3669
2.0485,1.3568
2.0491,1.3619
2.0496,1.3568
2.0502,1.3619
2.0507,1.3619
2.0513,1.3619
2.0518,1.3619
2.0524,1.3619
2.0530,1.3619
2.0536,1.3568
2.0541,1.3619
2.0547,1.3619
2.0552,1.3619
2.0558,1.3619
2.0564,1.3619
2.0570,1.3568
2.0575,1.3619
2.0581,1.3568
2.0587,1.3568
2.0592,1.3619
2.0598,1.3619
2.0603,1.3619
2.0609,1.3619
2.0614,1.3619
2.0620,1.3568
2.0625,1.3619
2.0631,1.3619
2.0637,1.3619
2.0642,1.3619
2.0648,1.3619
2.0653,1.3568
2.0659,1.3568
2.0664,1.3619
2.0670,1.3568
2.0675,1.3619
2.0681,1.3568
2.0686,1.3518
2.0692,1.3568
2.0697,1.3568
2.0702,1.3619
2.0708,1.3568
2.0713,1.3568
2.0719,1.3518
2.0724,1.3568
2.0730,1.3568
2.0735,1.3619
2.0741,1.3568
2.0746,1.3568
2.0752,1.3568
2.0757,1.3568
2.0763,1.3568
2.0768,1.3518
2.0774,1.3568
2.0779,1.3518
2.0784,1.3568
2.0790,1.3518
2.0796,1.3568
2.0802,1.3568
2.0807,1.3568
2.0813,1.3568
2.0819,1.3619
2.0824,1.3518
2.0830,1.3568
2.0835,1.3518
2.0840,1.3568
2.0846,1.3518
2.0851,1.3518
2.0857,1.3518
2.0862,1.3568
2.0868,1.3568
2.0873,1.3568
2.0879,1.3568
2.0884,1.3467
2.0890,1.3568
2.0895,1.3568
2.0901,1.3518
2.0906,1.3518
2.0911,1.3518
2.0917,1.3568
2.0922,1.3568
2.0928,1.3568
2.0933,1.3568
2.0939,1.3568
2.0944,1.3518
2.0950,1.3467
2.0955,1.3518
2.0961,1.3568
2.0966,1.3568
2.0973,1.3568
2.0978,1.3518
2.0984,1.3518
2.0989,1.3518
2.0994,1.3518
2.1000,1.3518
2.1005,1.3518
2.1010,1.3518
2.1015,1.3568
2.1021,1.3518
2.1026,1.3568
2.1031,1.3518
2.1036,1.3518
2.1041,1.3518
2.1047,1.3518
2.1052,1.3467
2.1057,1.3568
2.1062,1.3568
2.1068,1.3518
2.1073,1.3467
2.1078,1.3467
2.1083,1.3467
2.1088,1.3467
2.1094,1.3518
2.1099,1.3518
2.1104,1.3518
2.1109,1.3518
2.1115,1.3518
2.1120,1.3518
2.1125,1.3518
2.1131,1.3518
2.1136,1.3518
2.1141,1.3518
2.1146,1.3518
2.1152,1.3518
2.1157,1.3518
2.1162,1.3518
2.1167,1.3568
2.1172,1.3518
2.1178,1.3518
2.1183,1.3518
2.1188,1.3518
2.1193,1.3518
2.1198,1.3518
2.1204,1.3467
2.1209,1.3417
2.1215,1.3467
2.1220,1.3467
2.1226,1.3518
2.1231,1.3518
2.1237,1.3518
2.1242,1.3518
2.1247,1.3518
2.1252,1.3518
2.1258,1.3518
2.1263,1.3518
2.1268,1.3518
2.1273,1.3518
2.1278,1.3518
2.1284,1.3518
2.1289,1.3467
2.1294,1.3467
2.1299,1.3467
2.1305,1.3467
2.1310,1.3518
2.1315,1.3467
2.1320,1.3467
2.1325,1.3518
2.1331,1.3467
2.1336,1.3518
2.1341,1.3518
2.1346,1.3467
2.1351,1.3467
2.1357,1.3518
2.1362,1.3518
2.1367,1.3518
2.1372,1.3518
2.1378,1.3518
2.1383,1.3467
2.1388,1.3467
2.1393,1.3467
2.1398,1.3417
2.1404,1.3467
2.1409,1.3518
2.1414,1.3467
2.1419,1.3467
2.1424,1.3467
2.1430,1.3467
2.1435,1.3467
2.1440,1.3467
2.1445,1.3518
2.1450,1.3518
2.1456,1.3518
2.1461,1.3467
2.1466,1.3467
2.1471,1.3467
2.1477,1.3467
2.1482,1.3518
2.1487,1.3467
2.1492,1.3467
2.1498,1.3417
2.1503,1.3467
2.1508,1.3467
2.1513,1.3467
2.1518,1.3467
2.1524,1.3518
2.1529,1.3467
2.1534,1.3467
2.1539,1.3467
2.1545,1.3467
2.1550,1.3417
2.1555,1.3417
2.1560,1.3518
2.1565,1.3467
2.1571,1.3467
2.1576,1.3518
2.1581,1.3467
2.1586,1.3518
2.1591,1.3467
2.1597,1.3467
2.1602,1.3467
2.1607,1.3467
2.1612,1.3467
2.1618,1.3417
2.1623,1.3467
2.1628,1.3467
2.1633,1.3417
2.1638,1.3467
2.1644,1.3467
2.1649,1.3467
2.1654,1.3467
2.1659,1.3417
2.1665,1.3467
2.1670,1.3467
2.1675,1.3467
2.1680,1.3467
2.1686,1.3467
2.1691,1.3467
2.1696,1.3467
2.1701,1.3467
2.1707,1.3467
2.1712,1.3467
2.1717,1.3467
2.1722,1.3467
2.1727,1.3518
2.1733,1.3467
2.1738,1.3467
2.1743,1.3467
2.1748,1.3417
2.1754,1.3467
2.1759,1.3467
2.1764,1.3467
2.1769,1.3518
2.1775,1.3467
2.1780,1.3467
2.1785,1.3467
2.1790,1.3467
2.1795,1.3467
2.1801,1.3467
2.1806,1.3467
2.1811,1.3467
2.1816,1.3467
2.1822,1.3467
2.1827,1.3467
2.1832,1.3467
2.1837,1.3467
2.1843,1.3467
2.1848,1.3467
2.1853,1.3467
2.1858,1.3467
2.1864,1.3518
2.1869,1.3467
2.1874,1.3467
2.1879,1.3417
2.1885,1.3467
2.1890,1.3417
2.1895,1.3417
2.1900,1.3467
2.1905,1.3467
2.1911,1.3467
2.1916,1.3467
2.1921,1.3467
2.1926,1.3467
2.1932,1.3467
2.1937,1.3467
2.1942,1.3467
2.1947,1.3417
2.1953,1.3467
2.1958,1.3467
2.1963,1.3417
2.1968,1.3417
2.1973,1.3467
2.1979,1.3518
2.1984,1.3467
2.1989,1.3417
2.1995,1.3467
2.2000,1.3467
2.2005,1.3417
2.2010,1.3467
2.2016,1.3467
2.2021,1.3467
2.2026,1.3417
2.2031,1.3467
2.2036,1.3467
2.2042,1.3417
2.2047,1.3467
2.2052,1.3467
2.2057,1.3417
2.2063,1.3467
2.2068,1.3467
2.2073,1.3417
2.2078,1.3417
2.2083,1.3467
2.2089,1.3467
2.2094,1.3417
2.2099,1.3417
2.2104,1.3417
2.2109,1.3467
2.2115,1.3467
2.2120,1.3417
2.2125,1.3417
2.2131,1.3467
2.2136,1.3417
2.2141,1.3467
2.2147,1.3467
2.2152,1.3417
2.2157,1.3417
2.2162,1.3417
2.2168,1.3417
2.2173,1.3367
2.2178,1.3467
2.2183,1.3467
2.2188,1.3467
2.2194,1.3467
2.2199,1.3467
2.2204,1.3417
2.2209,1.3417
2.2215,1.3467
2.2220,1.3417
2.2225,1.3467
2.2230,1.3417
2.2235,1.3417
2.2241,1.3467
2.2246,1.3417
2.2251,1.3417
2.2256,1.3417
2.2262,1.3417
2.2267,1.3467
2.2272,1.3417
2.2277,1.3417
2.2283,1.3417
2.2288,1.3467
2.2293,1.3467
2.2298,1.3417
2.2303,1.3467
2.2309,1.3467
2.2314,1.3467
2.2319,1.3417
2.2324,1.3467
2.2330,1.3417
2.2335,1.3417
2.2340,1.3467
2.2345,1.3417
2.2351,1.3417
2.2356,1.3417
2.2361,1.3467
2.2366,1.3417
2.2372,1.3467
2.2377,1.3417
2.2382,1.3417
2.2387,1.3467
2.2392,1.3417
2.2398,1.3417
2.2403,1.3417
2.2408,1.3467
2.2413,1.3417
2.2419,1.3367
2.2424,1.3417
2.2429,1.3417
2.2434,1.3417
2.2440,1.3417
2.2445,1.3417
2.2450,1.3367
2.2455,1.3417
2.2460,1.3417
2.2466,1.3417
2.2471,1.3417
2.2476,1.3417
2.2481,1.3467
2.2487,1.3417
2.2492,1.3467
2.2497,1.3467
2.2502,1.3417
2.2508,1.3467
2.2513,1.3417
2.2518,1.3417
2.2523,1.3467
2.2528,1.3417
2.2534,1.3417
2.2539,1.3417
2.2544,1.3417
2.2549,1.3417
2.2555,1.3467
2.2560,1.3467
2.2565,1.3316
2.2570,1.3417
2.2576,1.3417
2.2581,1.3367
2.2586,1.3367
2.2591,1.3417
2.2596,1.3417
2.2602,1.3417
2.2607,1.3417
2.2612,1.3417
2.2617,1.3417
2.2623,1.3417
2.2628,1.3367
2.2633,1.3417
2.2638,1.3417
2.2644,1.3417
2.2649,1.3417
2.2654,1.3417
2.2659,1.3417
2.2664,1.3417
2.2670,1.3417
2.2675,1.3367
2.2680,1.3417
2.2685,1.3417
2.2691,1.3417
2.2696,1.3367
2.2701,1.3367
2.2706,1.3417
2.2711,1.3417
2.2717,1.3417
2.2722,1.3367
2.2727,1.3467
2.2732,1.3417
2.2738,1.3367
2.2743,1.3367
2.2748,1.3417
2.2753,1.3417
2.2759,1.3367
2.2764,1.3367
2.2769,1.3417
2.2774,1.3367
2.2779,1.3367
2.2785,1.3417
2.2790,1.3417
2.2795,1.3417
2.2800,1.3417
2.2806,1.3367
2.2811,1.3417
2.2816,1.3417
2.2821,1.3417
2.2827,1.3417
2.2832,1.3367
2.2837,1.3367
2.2842,1.3417
2.2848,1.3417
2.2853,1.3417
2.2858,1.3367
2.2863,1.3417
2.2868,1.3417
2.2874,1.3417
2.2879,1.3367
2.2884,1.3417
2.2889,1.3367
2.2895,1.3467
2.2900,1.3316
2.2905,1.3467
2.2910,1.3367
2.2916,1.3417
2.2921,1.3417
2.2926,1.3367
2.2931,1.3367
2.2936,1.3367
2.2942,1.3417
2.2947,1.3417
2.2952,1.3367
2.2957,1.3417
2.2963,1.3417
2.2968,1.3417
2.2973,1.3417
2.2978,1.3417
2.2984,1.3417
2.2989,1.3367
2.2994,1.3367
2.2999,1.3367
2.3005,1.3367
2.3010,1.3417
2.3015,1.3316
2.3020,1.3367
2.3025,1.3417
2.3031,1.3367
2.3036,1.3367
2.3041,1.3367
2.3046,1.3367
2.3052,1.3467
2.3057,1.3417
2.3062,1.3417
2.3067,1.3367
2.3073,1.3417
2.3078,1.3367
2.3083,1.3367
2.3088,1.3367
2.3093,1.3316
2.3099,1.3417
2.3104,1.3367
2.3109,1.3417
2.3114,1.3417
2.3120,1.3367
2.3125,1.3367
2.3130,1.3316
2.3135,1.3367
2.3141,1.3417
2.3146,1.3367
2.3151,1.3367
2.3156,1.3367
2.3161,1.3316
2.3167,1.3367
2.3172,1.3367
2.3177,1.3367
2.3182,1.3367
2.3188,1.3367
2.3193,1.3417
2.3198,1.3367
2.3203,1.3367
2.3208,1.3367
2.3214,1.3417
2.3219,1.3417
2.3224,1.3367
2.3229,1.3367
2.3235,1.3367
2.3240,1.3367
2.3245,1.3367
2.3250,1.3417
2.3256,1.3417
2.3261,1.3417
2.3266,1.3367
2.3271,1.3316
2.3276,1.3367
2.3282,1.3367
2.3287,1.3367
2.3292,1.3367
2.3297,1.3367
2.3303,1.3367
2.3308,1.3367
2.3313,1.3417
2.3318,1.3367
2.3324,1.3367
2.3329,1.3367
2.3334,1.3316
2.3339,1.3367
2.3344,1.3316
2.3350,1.3367
2.3355,1.3316
2.3360,1.3367
2.3365,1.3367
2.3371,1.3367
2.3376,1.3417
2.3381,1.3367
2.3386,1.3367
2.3392,1.3316
2.3397,1.3367
2.3402,1.3316
2.3407,1.3316
2.3412,1.3316
2.3418,1.3367
2.3423,1.3367
2.3428,1.3367
2.3433,1.3367
2.3439,1.3367
2.3444,1.3367
2.3449,1.3316
2.3454,1.3316
2.3460,1.3367
2.3465,1.3316
2.3471,1.3316
2.3477,1.3367
2.3482,1.3316
2.3488,1.3367
2.3493,1.3316
2.3499,1.3367
2.3504,1.3316
2.3510,1.3367
2.3516,1.3367
2.3522,1.3367
2.3527,1.3316
2.3532,1.3316
2.3537,1.3367
2.3543,1.3367
2.3548,1.3316
2.3554,1.3367
2.3559,1.3367
2.3564,1.3367
2.3570,1.3316
2.3575,1.3316
2.3580,1.3316
2.3586,1.3367
2.3591,1.3367
2.3596,1.3316
2.3601,1.3316
2.3607,1.3316
2.3612,1.3367
2.3617,1.3367
2.3622,1.3316
2.3628,1.3367
2.3633,1.3316
2.3638,1.3316
2.3644,1.3316
2.3649,1.3316
2.3654,1.3316
2.3659,1.3316
2.3664,1.3316
2.3670,1.3367
2.3675,1.3367
2.3680,1.3316
2.3685,1.3367
2.3690,1.3316
2.3696,1.3316
2.3701,1.3266
2.3706,1.3367
2.3711,1.3316
2.3717,1.3367
2.3722,1.3367
2.3727,1.3316
2.3732,1.3367
2.3737,1.3367
2.3743,1.3316
2.3748,1.3316
2.3753,1.3316
2.3758,1.3316
2.3763,1.3266
2.3769,1.3266
2.3774,1.3316
2.3779,1.3316
2.3784,1.3316
2.3790,1.3316
2.3795,1.3316
2.3800,1.3316
2.3805,1.3316
2.3811,1.3316
2.3816,1.3367
2.3821,1.3316
2.3826,1.3266
2.3831,1.3316
2.3837,1.3316
2.3842,1.3316
2.3847,1.3316
2.3852,1.3266
2.3858,1.3316
2.3863,1.3316
2.3868,1.3316
2.3873,1.3316
2.3879,1.3316
2.3884,1.3316
2.3889,1.3316
2.3894,1.3316
2.3899,1.3316
2.3905,1.3316
2.3910,1.3367
2.3915,1.3367
2.3920,1.3316
2.3925,1.3266
2.3931,1.3367
2.3936,1.3367
2.3941,1.3367
2.3946,1.3316
2.3952,1.3316
2.3957,1.3367
2.3962,1.3316
2.3967,1.3367
2.3972,1.3266
2.3978,1.3316
2.3983,1.3316
2.3988,1.3316
2.3993,1.3316
2.3998,1.3316
2.4004,1.3316
2.4009,1.3316
2.4014,1.3316
2.4019,1.3266
2.4025,1.3316
2.4030,1.3316
2.4035,1.3316
2.4040,1.3316
2.4046,1.3266
2.4051,1.3316
2.4056,1.3367
2.4061,1.3316
2.4066,1.3316
2.4072,1.3316
2.4077,1.3316
2.4082,1.3316
2.4087,1.3316
2.4093,1.3266
2.4098,1.3316
2.4103,1.3316
2.4108,1.3316
2.4113,1.3266
2.4119,1.3316
2.4124,1.3266
2.4129,1.3266
2.4134,1.3316
2.4140,1.3266
2.4145,1.3316
2.4150,1.3367
2.4155,1.3316
2.4161,1.3266
2.4166,1.3316
2.4171,1.3266
2.4176,1.3266
2.4182,1.3316
2.4187,1.3266
2.4192,1.3316
2.4197,1.3316
2.4208,1.3316
2.4213,1.3266
2.4218,1.3367
2.4224,1.3316
2.4229,1.3316
2.4234,1.3316
2.4240,1.3316
2.4245,1.3316
2.4251,1.3316
2.4256,1.3316
2.4262,1.3316
2.4267,1.3266
2.4272,1.3316
2.4277,1.3316
2.4283,1.3316
2.4288,1.3367
2.4293,1.3316
2.4298,1.3316
2.4303,1.3367
2.4309,1.3316
2.4314,1.3316
2.4319,1.3316
2.4324,1.3316
2.4329,1.3367
2.4335,1.3316
2.4340,1.3316
2.4345,1.3266
2.4350,1.3316
2.4355,1.3316
2.4361,1.3367
2.4366,1.3316
2.4371,1.3316
2.4376,1.3316
2.4381,1.3316
2.4387,1.3367
2.4392,1.3316
2.4397,1.3367
2.4402,1.3367
2.4408,1.3367
2.4413,1.3367
2.4418,1.3367
2.4423,1.3367
2.4428,1.3367
2.4434,1.3367
2.4439,1.3367
2.4444,1.3367
2.4449,1.3417
2.4454,1.3316
2.4460,1.3367
2.4465,1.3367
2.4470,1.3367
2.4475,1.3417
2.4480,1.3367
2.4486,1.3367
2.4491,1.3417
2.4496,1.3367
2.4501,1.3417
2.4506,1.3367
2.4512,1.3417
2.4517,1.3417
2.4522,1.3417
2.4527,1.3417
2.4532,1.3367
2.4538,1.3417
2.4543,1.3417
2.4548,1.3467
2.4553,1.3417
2.4558,1.3467
2.4564,1.3417
2.4569,1.3417
2.4574,1.3467
2.4579,1.3467
2.4584,1.3417
2.4590,1.3417
2.4595,1.3467
2.4600,1.3467
2.4605,1.3467
2.4611,1.3518
2.4616,1.3417
2.4621,1.3467
2.4626,1.3417
2.4632,1.3467
2.4637,1.3417
2.4642,1.3518
2.4647,1.3518
2.4652,1.3518
2.4658,1.3518
2.4663,1.3518
2.4668,1.3518
2.4673,1.3518
2.4678,1.3568
2.4684,1.3518
2.4689,1.3467
2.4694,1.3518
2.4699,1.3568
2.4705,1.3568
2.4710,1.3518
2.4715,1.3467
2.4720,1.3518
2.4725,1.3518
2.4731,1.3518
2.4736,1.3518
2.4741,1.3568
2.4746,1.3568
2.4751,1.3518
2.4757,1.3568
2.4762,1.3568
2.4767,1.3568
2.4772,1.3568
2.4777,1.3568
2.4783,1.3568
2.4788,1.3568
2.4793,1.3568
2.4798,1.3568
2.4804,1.3518
2.4809,1.3518
2.4815,1.3568
2.4821,1.3568
2.4826,1.3619
2.4832,1.3568
2.4837,1.3568
2.4842,1.3619
2.4847,1.3619
2.4852,1.3619
2.4858,1.3568
2.4863,1.3619
2.4868,1.3619
2.4873,1.3619
2.4878,1.3568
2.4884,1.3619
2.4889,1.3619
2.4894,1.3568
2.4899,1.3619
2.4904,1.3619
2.4910,1.3619
2.4915,1.3568
2.4920,1.3568
2.4925,1.3568
2.4930,1.3568
2.4936,1.3568
2.4941,1.3568
2.4946,1.3669
2.4951,1.3619
2.4957,1.3619
2.4962,1.3619
2.4967,1.3568
2.4972,1.3619
2.4977,1.3619
2.4983,1.3568
2.4988,1.3568
2.4993,1.3619
2.4998,1.3568
2.5004,1.3619
2.5009,1.3619
2.5014,1.3669
2.5019,1.3568
2.5024,1.3619
2.5030,1.3669
2.5035,1.3619
2.5040,1.3619
2.5045,1.3669
2.5051,1.3619
2.5056,1.3619
2.5061,1.3619
2.5066,1.3619
2.5071,1.3669
2.5077,1.3619
2.5082,1.3619
2.5087,1.3619
2.5092,1.3669
2.5097,1.3619
2.5103,1.3619
2.5108,1.3669
2.5113,1.3669
2.5118,1.3669
2.5124,1.3619
2.5129,1.3619
2.5134,1.3619
2.5139,1.3669
2.5144,1.3619
2.5150,1.3669
2.5155,1.3669
2.5160,1.3669
2.5165,1.3619
2.5171,1.3669
2.5176,1.3669
2.5181,1.3669
2.5186,1.3669
2.5191,1.3669
2.5197,1.3669
2.5202,1.3619
2.5207,1.3669
2.5212,1.3619
2.5217,1.3669
2.5223,1.3669
2.5228,1.3669
2.5233,1.3619
2.5238,1.3669
2.5244,1.3669
2.5249,1.3669
2.5254,1.3669
2.5259,1.3619
2.5264,1.3669
2.5270,1.3669
2.5275,1.3619
2.5280,1.3669
2.5285,1.3669
2.5290,1.3619
2.5296,1.3669
2.5301,1.3669
2.5306,1.3669
2.5311,1.3669
2.5317,1.3669
2.5322,1.3619
2.5327,1.3669
2.5332,1.3669
2.5337,1.3619
2.5343,1.3619
2.5348,1.3669
2.5354,1.3619
2.5359,1.3619
2.5365,1.3669
2.5371,1.3669
2.5376,1.3669
2.5382,1.3669
2.5387,1.3669
2.5392,1.3669
2.5398,1.3619
2.5403,1.3619
2.5409,1.3669
2.5414,1.3619
2.5419,1.3669
2.5424,1.3669
2.5430,1.3669
2.5435,1.3669
2.5440,1.3669
2.5446,1.3619
2.5451,1.3669
2.5457,1.3619
2.5462,1.3568
2.5468,1.3669
2.5474,1.3669
2.5479,1.3669
2.5485,1.3669
2.5490,1.3669
2.5496,1.3669
2.5505,1.3619
2.5510,1.3669
2.5516,1.3619
2.5521,1.3619
2.5526,1.3619
2.5531,1.3669
2.5537,1.3669
2.5542,1.3619
2.5547,1.3669
2.5552,1.3669
2.5557,1.3669
2.5563,1.3669
2.5568,1.3669
2.5573,1.3669
2.5578,1.3619
2.5583,1.3619
2.5589,1.3669
2.5594,1.3669
2.5599,1.3669
2.5604,1.3669
2.5609,1.3619
2.5614,1.3619
2.5620,1.3669
2.5625,1.3619
2.5631,1.3669
2.5636,1.3669
2.5641,1.3619
2.5646,1.3669
2.5652,1.3669
2.5657,1.3669
2.5662,1.3669
2.5667,1.3619
2.5673,1.3669
2.5678,1.3669
2.5683,1.3669
2.5688,1.3669
2.5693,1.3568
2.5699,1.3669
2.5704,1.3669
2.5709,1.3669
2.5714,1.3619
2.5719,1.3619
2.5724,1.3619
2.5730,1.3669
2.5735,1.3619
2.5740,1.3619
2.5745,1.3619
2.5751,1.3669
2.5756,1.3619
2.5761,1.3669
2.5766,1.3619
2.5771,1.3669
2.5777,1.3619
2.5782,1.3568
2.5787,1.3669
2.5792,1.3619
2.5797,1.3619
2.5803,1.3669
2.5808,1.3619
2.5813,1.3619
2.5818,1.3619
2.5823,1.3669
2.5829,1.3619
2.5834,1.3669
2.5839,1.3619
2.5844,1.3619
2.5849,1.3619
2.5855,1.3619
2.5860,1.3619
2.5865,1.3619
2.5870,1.3619
2.5875,1.3669
2.5881,1.3669
2.5886,1.3568
2.5891,1.3669
2.5896,1.3619
2.5901,1.3619
2.5907,1.3619
2.5912,1.3619
2.5917,1.3619
2.5922,1.3669
2.5927,1.3619
2.5933,1.3669
2.5938,1.3619
2.5943,1.3619
2.5948,1.3669
2.5953,1.3568
2.5959,1.3619
2.5964,1.3568
2.5969,1.3669
2.5974,1.3619
2.5979,1.3619
2.5985,1.3619
2.5990,1.3619
2.5995,1.3619
2.6000,1.3619
2.6005,1.3619
2.6011,1.3568
2.6016,1.3669
2.6021,1.3568
2.6026,1.3619
2.6031,1.3619
2.6037,1.3568
2.6042,1.3619
2.6047,1.3619
2.6052,1.3619
2.6057,1.3619
2.6063,1.3568
2.6068,1.3568
2.6073,1.3619
2.6078,1.3619
2.6083,1.3568
2.6089,1.3568
2.6094,1.3568
2.6099,1.3619
2.6104,1.3619
2.6109,1.3669
2.6115,1.3619
2.6120,1.3568
2.6125,1.3619
2.6130,1.3568
2.6135,1.3619
2.6141,1.3619
2.6146,1.3619
2.6151,1.3619
2.6157,1.3568
2.6162,1.3568
2.6167,1.3619
2.6173,1.3619
2.6178,1.3619
2.6183,1.3619
2.6188,1.3619
2.6193,1.3619
2.6199,1.3619
2.6204,1.3518
2.6209,1.3568
2.6214,1.3619
2.6219,1.3568
2.6225,1.3568
2.6230,1.3568
2.6235,1.3619
2.6240,1.3518
2.6245,1.3568
2.6251,1.3568
2.6256,1.3619
2.6261,1.3619
2.6266,1.3619
2.6271,1.3568
2.6277,1.3568
2.6282,1.3568
2.6287,1.3568
2.6292,1.3568
2.6297,1.3568
2.6303,1.3619
2.6308,1.3568
2.6313,1.3619
2.6318,1.3568
2.6323,1.3568
2.6329,1.3568
2.6334,1.3568
2.6339,1.3568
2.6344,1.3568
2.6349,1.3568
2.6355,1.3568
2.6360,1.3568
2.6365,1.3568
2.6370,1.3568
2.6376,1.3568
2.6381,1.3568
2.6386,1.3568
2.6391,1.3568
2.6396,1.3518
2.6402,1.3518
2.6407,1.3518
2.6412,1.3568
2.6417,1.3518
2.6422,1.3518
2.6428,1.3518
2.6433,1.3568
2.6438,1.3467
2.6443,1.3568
2.6449,1.3518
2.6454,1.3568
2.6459,1.3518
2.6464,1.3568
2.6469,1.3568
2.6475,1.3568
2.6480,1.3568
2.6485,1.3518
2.6490,1.3467
2.6496,1.3568
2.6501,1.3568
2.6506,1.3568
2.6511,1.3518
2.6516,1.3467
2.6522,1.3518
2.6527,1.3568
2.6532,1.3467
2.6537,1.3518
2.6542,1.3568
2.6548,1.3518
2.6553,1.3518
2.6558,1.3518
2.6563,1.3518
2.6569,1.3518
2.6574,1.3518
2.6579,1.3518
2.6584,1.3518
2.6589,1.3518
2.6595,1.3467
2.6600,1.3518
2.6605,1.3518
2.6610,1.3518
2.6615,1.3467
2.6621,1.3518
2.6626,1.3518
2.6631,1.3518
2.6636,1.3518
2.6642,1.3518
2.6647,1.3518
2.6652,1.3518
2.6657,1.3568
2.6662,1.3518
2.6668,1.3518
2.6673,1.3518
2.6678,1.3467
2.6683,1.3518
2.6688,1.3518
2.6694,1.3518
2.6699,1.3518
2.6704,1.3518
2.6709,1.3518
2.6715,1.3518
2.6720,1.3467
2.6725,1.3467
2.6730,1.3467
2.6735,1.3467
2.6741,1.3467
2.6746,1.3467
2.6751,1.3518
2.6756,1.3518
2.6761,1.3518
2.6767,1.3518
2.6772,1.3467
2.6777,1.3467
2.6782,1.3518
2.6788,1.3467
2.6793,1.3518
2.6798,1.3467
2.6803,1.3518
2.6809,1.3518
2.6814,1.3518
2.6819,1.3467
2.6824,1.3518
2.6829,1.3467
2.6835,1.3467
2.6840,1.3467
2.6845,1.3467
2.6850,1.3417
2.6856,1.3417
2.6861,1.3467
2.6866,1.3467
2.6871,1.3518
2.6876,1.3467
2.6882,1.3417
2.6887,1.3467
2.6892,1.3518
2.6897,1.3467
2.6902,1.3467
2.6908,1.3467
2.6913,1.3467
2.6918,1.3518
2.6923,1.3467
2.6929,1.3467
2.6934,1.3467
2.6939,1.3467
2.6944,1.3417
2.6949,1.3467
2.6955,1.3467
2.6960,1.3417
2.6965,1.3417
2.6970,1.3518
2.6975,1.3467
2.6981,1.3417
2.6986,1.3467
2.6991,1.3417
2.6996,1.3467
2.7002,1.3467
2.7007,1.3518
2.7012,1.3467
2.7017,1.3467
2.7022,1.3417
2.7028,1.3417
2.7033,1.3467
2.7038,1.3467
2.7043,1.3467
2.7048,1.3467
2.7054,1.3467
2.7059,1.3467
2.7064,1.3467
2.7069,1.3467
2.7075,1.3467
2.7080,1.3467
2.7085,1.3467
2.7090,1.3467
2.7095,1.3467
2.7101,1.3467
2.7106,1.3467
2.7111,1.3417
2.7116,1.3417
2.7122,1.3417
2.7127,1.3417
2.7132,1.3467
2.7137,1.3467
2.7142,1.3417
2.7148,1.3467
2.7153,1.3467
2.7158,1.3467
2.7163,1.3467
2.7168,1.3467
2.7174,1.3467
2.7179,1.3467
2.7184,1.3467
2.7189,1.3467
2.7195,1.3467
2.7200,1.3417
2.7205,1.3417
2.7210,1.3467
2.7215,1.3417
2.7221,1.3417
2.7226,1.3467
2.7231,1.3467
2.7236,1.3467
2.7241,1.3417
2.7247,1.3417
2.7252,1.3467
2.7257,1.3417
2.7262,1.3467
2.7268,1.3467
2.7273,1.3467
2.7278,1.3417
2.7283,1.3417
2.7288,1.3467
2.7294,1.3417
2.7299,1.3417
2.7305,1.3417
2.7310,1.3417
2.7315,1.3417
2.7320,1.3467
2.7325,1.3467
2.7331,1.3467
2.7336,1.3467
2.7341,1.3467
2.7346,1.3467
2.7352,1.3417
2.7357,1.3467
2.7362,1.3367
2.7367,1.3367
2.7372,1.3467
2.7378,1.3467
2.7383,1.3417
2.7388,1.3417
2.7393,1.3417
2.7398,1.3467
2.7404,1.3417
2.7409,1.3467
2.7414,1.3467
2.7419,1.3467
2.7425,1.3417
2.7430,1.3417
2.7435,1.3417
2.7440,1.3417
2.7445,1.3467
2.7451,1.3467
2.7456,1.3467
2.7461,1.3467
2.7466,1.3417
2.7472,1.3417
2.7477,1.3417
2.7482,1.3417
2.7487,1.3467
2.7493,1.3417
2.7499,1.3367
2.7504,1.3417
2.7509,1.3367
2.7514,1.3417
2.7519,1.3417
2.7525,1.3417
2.7530,1.3467
2.7535,1.3467
2.7541,1.3417
2.7546,1.3417
2.7551,1.3417
2.7556,1.3467
2.7561,1.3417
2.7567,1.3417
2.7572,1.3417
2.7577,1.3467
2.7582,1.3417
2.7587,1.3417
2.7593,1.3417
2.7598,1.3467
2.7603,1.3417
2.7608,1.3367
2.7614,1.3417
2.7619,1.3417
2.7624,1.3417
2.7629,1.3367
2.7634,1.3417
2.7640,1.3417
2.7645,1.3367
2.7650,1.3417
2.7655,1.3417
2.7661,1.3367
2.7666,1.3417
2.7671,1.3417
2.7676,1.3417
2.7681,1.3367
2.7687,1.3367
2.7692,1.3417
2.7697,1.3417
2.7702,1.3367
2.7707,1.3417
2.7713,1.3417
2.7718,1.3417
2.7723,1.3417
2.7728,1.3417
2.7734,1.3417
2.7739,1.3467
2.7744,1.3467
2.7749,1.3367
2.7754,1.3417
2.7760,1.3417
2.7765,1.3467
2.7770,1.3417
2.7775,1.3417
2.7781,1.3467
2.7786,1.3417
2.7791,1.3367
2.7796,1.3417
2.7802,1.3417
2.7807,1.3467
2.7812,1.3417
2.7817,1.3417
2.7822,1.3417
2.7828,1.3417
2.7833,1.3417
2.7838,1.3417
2.7843,1.3417
2.7849,1.3417
2.7854,1.3417
2.7859,1.3417
2.7864,1.3417
2.7869,1.3417
2.7875,1.3417
2.7880,1.3417
2.7885,1.3467
2.7890,1.3417
2.7896,1.3367
2.7901,1.3417
2.7906,1.3417
2.7911,1.3367
2.7916,1.3417
2.7922,1.3467
2.7927,1.3467
2.7932,1.3417
2.7937,1.3417
2.7943,1.3367
2.7948,1.3367
2.7953,1.3417
2.7958,1.3367
2.7963,1.3417
2.7969,1.3417
2.7974,1.3467
2.7979,1.3467
2.7984,1.3467
2.7989,1.3417
2.7995,1.3417
2.8000,1.3417
2.8005,1.3467
2.8010,1.3367
2.8015,1.3417
2.8021,1.3417
2.8027,1.3417
2.8032,1.3417
2.8037,1.3367
2.8043,1.3417
2.8049,1.3417
2.8054,1.3417
2.8060,1.3417
2.8065,1.3417
2.8070,1.3467
2.8076,1.3367
2.8081,1.3417
2.8087,1.3467
2.8092,1.3367
2.8098,1.3417
2.8103,1.3367
2.8109,1.3417
2.8114,1.3417
2.8120,1.3367
2.8125,1.3417
2.8131,1.3367
2.8136,1.3417
2.8142,1.3367
2.8147,1.3417
2.8153,1.3367
2.8158,1.3367
2.8164,1.3417
2.8169,1.3417
2.8175,1.3417
2.8180,1.3417
2.8186,1.3417
2.8191,1.3417
2.8196,1.3417
2.8202,1.3417
2.8207,1.3417
2.8213,1.3417
2.8218,1.3417
2.8224,1.3417
2.8229,1.3417
2.8235,1.3367
2.8240,1.3367
2.8246,1.3316
2.8251,1.3367
2.8256,1.3417
2.8262,1.3367
2.8267,1.3417
2.8273,1.3367
2.8278,1.3367
2.8284,1.3367
2.8289,1.3367
2.8295,1.3367
2.8300,1.3367
2.8306,1.3367
2.8311,1.3417
2.8317,1.3367
2.8322,1.3417
2.8327,1.3417
2.8333,1.3367
2.8338,1.3367
2.8344,1.3417
2.8349,1.3417
2.8355,1.3367
2.8360,1.3367
2.8366,1.3367
2.8371,1.3367
2.8377,1.3417
2.8382,1.3367
2.8388,1.3367
2.8393,1.3367
2.8398,1.3367
2.8404,1.3417
2.8409,1.3367
2.8415,1.3367
2.8420,1.3367
2.8426,1.3367
2.8431,1.3417
2.8437,1.3367
2.8442,1.3367
2.8448,1.3417
2.8453,1.3367
2.8459,1.3417
2.8464,1.3367
2.8470,1.3316
2.8475,1.3417
2.8480,1.3316
2.8486,1.3367
2.8491,1.3367
2.8497,1.3367
2.8502,1.3367
2.8508,1.3417
2.8513,1.3367
2.8519,1.3417
2.8524,1.3417
2.8530,1.3316
2.8535,1.3367
2.8541,1.3367
2.8546,1.3367
2.8551,1.3367
2.8557,1.3367
2.8562,1.3417
2.8568,1.3367
2.8573,1.3367
2.8579,1.3417
2.8584,1.3367
2.8590,1.3367
2.8595,1.3367
2.8601,1.3367
2.8606,1.3417
2.8611,1.3316
2.8617,1.3367
2.8622,1.3367
2.8628,1.3367
2.8633,1.3367
2.8639,1.3417
2.8644,1.3367
2.8650,1.3417
2.8655,1.3316
2.8661,1.3367
2.8666,1.3316
2.8672,1.3367
2.8677,1.3367
2.8682,1.3367
2.8688,1.3367
2.8693,1.3367
2.8699,1.3367
2.8704,1.3367
2.8710,1.3367
2.8715,1.3367
2.8721,1.3367
2.8726,1.3367
2.8732,1.3367
2.8737,1.3367
2.8742,1.3367
2.8748,1.3367
2.8753,1.3367
2.8759,1.3316
2.8764,1.3367
2.8770,1.3367
2.8775,1.3367
2.8781,1.3367
2.8786,1.3367
2.8792,1.3367
2.8797,1.3367
2.8803,1.3316
2.8808,1.3367
2.8813,1.3367
2.8819,1.3367
2.8824,1.3367
2.8830,1.3367
2.8836,1.3367
2.8841,1.3316
2.8847,1.3316
2.8852,1.3367
2.8858,1.3367
2.8863,1.3316
2.8869,1.3367
2.8874,1.3316
2.8880,1.3417
2.8885,1.3367
2.8891,1.3367
2.8896,1.3367
2.8901,1.3316
2.8907,1.3417
2.8912,1.3367
2.8918,1.3367
2.8923,1.3367
2.8929,1.3316
2.8934,1.3367
2.8940,1.3367
2.8945,1.3367
2.8951,1.3367
2.8956,1.3367
2.8962,1.3367
2.8967,1.3367
2.8973,1.3367
2.8978,1.3316
2.8984,1.3367
2.8989,1.3266
2.8995,1.3316
2.9000,1.3367
2.9006,1.3367
2.9011,1.3367
2.9017,1.3316
2.9022,1.3367
2.9028,1.3367
2.9033,1.3367
2.9039,1.3316
2.9044,1.3316
2.9050,1.3316
2.9055,1.3316
2.9061,1.3316
2.9066,1.3316
2.9072,1.3316
2.9077,1.3367
2.9082,1.3316
2.9088,1.3367
2.9093,1.3316
2.9099,1.3367
2.9104,1.3316
2.9110,1.3316
2.9115,1.3316
2.9121,1.3316
2.9126,1.3367
2.9132,1.3367
2.9137,1.3316
2.9142,1.3316
2.9148,1.3316
2.9153,1.3316
2.9159,1.3316
2.9164,1.3367
2.9170,1.3316
2.9175,1.3316
2.9181,1.3367
2.9186,1.3316
2.9192,1.3266
2.9197,1.3316
2.9203,1.3316
2.9208,1.3316
2.9213,1.3316
2.9219,1.3316
2.9224,1.3316
2.9230,1.3316
2.9235,1.3316
2.9241,1.3266
2.9246,1.3367
2.9251,1.3316
2.9257,1.3316
2.9262,1.3316
2.9268,1.3316
2.9273,1.3367
2.9279,1.3367
2.9284,1.3316
2.9289,1.3316
2.9295,1.3316
2.9300,1.3367
2.9306,1.3367
2.9311,1.3316
2.9317,1.3316
2.9322,1.3316
2.9327,1.3316
2.9333,1.3316
2.9338,1.3316
2.9344,1.3316
2.9349,1.3316
2.9355,1.3316
2.9360,1.3316
2.9365,1.3316
2.9371,1.3316
2.9376,1.3266
2.9382,1.3316
2.9387,1.3367
2.9393,1.3316
2.9398,1.3316
2.9403,1.3266
2.9409,1.3316
2.9414,1.3316
2.9420,1.3266
2.9425,1.3316
2.9431,1.3266
2.9436,1.3316
2.9441,1.3316
2.9447,1.3266
2.9452,1.3266
2.9458,1.3316
2.9465,1.3316
2.9471,1.3367
2.9477,1.3316
2.9482,1.3316
2.9492,1.3266
2.9497,1.3266
2.9503,1.3266
2.9508,1.3316
2.9514,1.3316
2.9519,1.3316
2.9525,1.3316
2.9531,1.3266
2.9537,1.3316
2.9543,1.3367
2.9549,1.3266
2.9555,1.3266
2.9560,1.3316
2.9566,1.3316
2.9572,1.3266
2.9578,1.3316
2.9583,1.3266
2.9589,1.3266
2.9595,1.3266
2.9601,1.3316
2.9606,1.3266
2.9612,1.3266
2.9618,1.3316
2.9623,1.3316
2.9629,1.3367
2.9634,1.3316
2.9641,1.3316
2.9647,1.3316
2.9653,1.3266
2.9658,1.3316
2.9664,1.3266
2.9669,1.3266
2.9674,1.3316
2.9680,1.3316
2.9685,1.3266
2.9691,1.3266
2.9697,1.3316
2.9703,1.3316
2.9708,1.3316
2.9714,1.3316
2.9720,1.3316
2.9725,1.3316
2.9731,1.3316
2.9736,1.3316
2.9742,1.3266
2.9747,1.3266
2.9753,1.3266
2.9758,1.3266
2.9763,1.3316
2.9769,1.3316
2.9774,1.3316
2.9780,1.3266
2.9785,1.3266
2.9791,1.3316
2.9796,1.3316
2.9803,1.3266
2.9809,1.3316
2.9814,1.3316
2.9819,1.3266
2.9825,1.3266
2.9831,1.3266
2.9836,1.3266
2.9842,1.3316
2.9847,1.3266
2.9852,1.3266
2.9858,1.3266
2.9863,1.3266
2.9869,1.3266
2.9874,1.3266
2.9879,1.3266
2.9885,1.3266
2.9890,1.3316
2.9896,1.3266
2.9901,1.3266
2.9907,1.3266
2.9912,1.3266
2.9917,1.3266
2.9923,1.3266
2.9928,1.3215
2.9934,1.3266
2.9939,1.3215
2.9945,1.3266
2.9950,1.3316
2.9955,1.3215
2.9961,1.3266
2.9966,1.3215
2.9972,1.3316
2.9977,1.3266
2.9983,1.3266
2.9988,1.3266
2.9993,1.3215
2.9999,1.3266
3.0004,1.3316
3.0010,1.3266
3.0015,1.3316
3.0021,1.3266
3.0026,1.3266
3.0031,1.3215
3.0038,1.3266
3.0043,1.3266
3.0049,1.3316
3.0054,1.3266
3.0060,1.3316
3.0065,1.3266
3.0070,1.3316
3.0076,1.3266
3.0081,1.3316
3.0087,1.3266
3.0092,1.3266
3.0097,1.3266
3.0103,1.3266
3.0108,1.3266
3.0113,1.3266
3.0119,1.3266
3.0124,1.3266
3.0129,1.3215
3.0135,1.3316
3.0140,1.3316
3.0146,1.3266
3.0151,1.3316
3.0156,1.3316
3.0162,1.3266
3.0167,1.3316
3.0172,1.3316
3.0178,1.3316
3.0183,1.3316
3.0189,1.3316
3.0194,1.3316
3.0199,1.3316
3.0205,1.3367
3.0210,1.3367
3.0215,1.3367
3.0221,1.3316
3.0226,1.3316
3.0232,1.3316
3.0237,1.3316
3.0243,1.3316
3.0248,1.3367
3.0253,1.3316
3.0259,1.3316
3.0264,1.3316
3.0270,1.3367
3.0275,1.3316
3.0280,1.3367
3.0286,1.3367
3.0291,1.3367
3.0296,1.3367
3.0302,1.3367
3.0307,1.3367
3.0313,1.3417
3.0318,1.3417
3.0323,1.3367
3.0329,1.3417
3.0334,1.3417
3.0340,1.3417
3.0345,1.3367
3.0352,1.3417
3.0358,1.3367
3.0364,1.3417
3.0369,1.3417
3.0375,1.3367
3.0381,1.3417
3.0386,1.3417
3.0392,1.3417
3.0397,1.3467
3.0403,1.3417
3.0408,1.3467
3.0414,1.3467
3.0419,1.3467
3.0425,1.3417
3.0431,1.3417
3.0436,1.3467
3.0442,1.3417
3.0447,1.3467
3.0453,1.3467
3.0458,1.3467
3.0463,1.3467
3.0470,1.3518
3.0475,1.3467
3.0481,1.3467
3.0486,1.3467
3.0492,1.3467
3.0497,1.3518
3.0503,1.3518
3.0508,1.3518
3.0514,1.3518
3.0519,1.3467
3.0525,1.3518
3.0531,1.3467
3.0537,1.3518
3.0542,1.3518
3.0549,1.3518
3.0555,1.3518
3.0561,1.3518
3.0566,1.3518
3.0572,1.3518
3.0577,1.3518
3.0583,1.3568
3.0588,1.3518
3.0593,1.3518
3.0599,1.3518
3.0604,1.3518
3.0609,1.3518
3.0615,1.3518
3.0620,1.3568
3.0626,1.3467
3.0631,1.3518
3.0636,1.3518
3.0643,1.3518
3.0648,1.3568
3.0654,1.3568
3.0659,1.3568
3.0665,1.3568
3.0670,1.3518
3.0676,1.3568
3.0681,1.3518
3.0687,1.3619
3.0692,1.3518
3.0698,1.3619
3.0703,1.3568
3.0708,1.3568
3.0714,1.3518
3.0719,1.3568
3.0725,1.3518
3.0730,1.3568
3.0736,1.3568
3.0741,1.3568
3.0746,1.3568
3.0752,1.3568
3.0757,1.3619
3.0763,1.3568
3.0768,1.3518
3.0774,1.3619
3.0779,1.3568
3.0784,1.3619
3.0790,1.3568
3.0795,1.3518
3.0801,1.3568
3.0807,1.3568
3.0812,1.3518
3.0818,1.3568
3.0823,1.3619
3.0828,1.3568
3.0834,1.3568
3.0839,1.3619
3.0845,1.3619
3.0850,1.3619
3.0856,1.3619
3.0861,1.3568
3.0866,1.3568
3.0872,1.3619
3.0877,1.3619
3.0883,1.3669
3.0888,1.3619
3.0894,1.3619
3.0899,1.3619
3.0905,1.3619
3.0910,1.3619
3.0915,1.3619
3.0921,1.3568
3.0926,1.3619
3.0932,1.3619
3.0938,1.3568
3.0944,1.3619
3.0949,1.3568
3.0955,1.3619
3.0960,1.3619
3.0966,1.3619
3.0971,1.3619
3.0977,1.3568
3.0982,1.3619
3.0987,1.3619
3.0993,1.3619
3.0998,1.3619
3.1004,1.3568
3.1009,1.3619
3.1015,1.3619
3.1020,1.3619
3.1025,1.3619
3.1031,1.3619
3.1036,1.3619
3.1042,1.3619
3.1048,1.3568
3.1053,1.3669
3.1059,1.3619
3.1065,1.3568
3.1071,1.3619
3.1076,1.3619
3.1082,1.3619
3.1087,1.3619
3.1093,1.3669
3.1098,1.3568
3.1104,1.3619
3.1109,1.3568
3.1115,1.3669
3.1120,1.3619
3.1126,1.3669
3.1131,1.3669
3.1137,1.3568
3.1142,1.3669
3.1148,1.3619
3.1153,1.3619
3.1159,1.3619
3.1164,1.3619
3.1170,1.3568
3.1175,1.3669
3.1181,1.3619
3.1186,1.3619
3.1192,1.3619
3.1197,1.3619
3.1203,1.3669
3.1208,1.3619
3.1214,1.3669
3.1219,1.3619
3.1225,1.3669
3.1230,1.3669
3.1236,1.3568
3.1241,1.3669
3.1247,1.3669
3.1252,1.3619
3.1258,1.3669
3.1263,1.3669
3.1269,1.3669
3.1274,1.3619
3.1280,1.3669
3.1285,1.3619
3.1291,1.3669
3.1296,1.3669
3.1302,1.3619
3.1307,1.3619
3.1313,1.3669
3.1318,1.3669
3.1324,1.3619
3.1329,1.3619
3.1335,1.3669
3.1340,1.3669
3.1346,1.3619
3.1351,1.3669
3.1357,1.3669
3.1362,1.3619
3.1368,1.3669
3.1373,1.3619
3.1379,1.3619
3.1384,1.3568
3.1390,1.3619
3.1395,1.3669
3.1401,1.3669
3.1406,1.3669
3.1412,1.3619
3.1417,1.3669
3.1423,1.3669
3.1428,1.3619
3.1434,1.3619
3.1439,1.3669
3.1445,1.3669
3.1450,1.3619
3.1456,1.3669
3.1461,1.3568
3.1467,1.3619
3.1472,1.3619
3.1478,1.3619
3.1483,1.3619
3.1489,1.3669
3.1494,1.3619
3.1500,1.3619
3.1505,1.3619
3.1511,1.3619
3.1516,1.3669
3.1522,1.3568
3.1527,1.3619
3.1533,1.3619
3.1538,1.3669
3.1544,1.3619
3.1549,1.3619
3.1555,1.3619
3.1560,1.3619
3.1566,1.3619
3.1571,1.3619
3.1577,1.3669
3.1582,1.3619
3.1588,1.3669
3.1593,1.3619
3.1599,1.3568
3.1604,1.3619
3.1610,1.3619
3.1615,1.3619
3.1621,1.3619
3.1626,1.3619
3.1632,1.3619
3.1637,1.3619
3.1643,1.3619
3.1648,1.3568
3.1654,1.3619
3.1662,1.3619
3.1667,1.3619
3.1673,1.3619
3.1678,1.3669
3.1684,1.3568
3.1689,1.3619
3.1695,1.3619
3.1700,1.3619
3.1706,1.3619
3.1711,1.3619
3.1716,1.3669
3.1722,1.3619
3.1727,1.3619
3.1733,1.3619
3.1738,1.3619
3.1744,1.3619
3.1749,1.3619
3.1755,1.3568
3.1760,1.3619
3.1766,1.3619
3.1771,1.3619
3.1776,1.3619
3.1782,1.3619
3.1787,1.3619
3.1793,1.3619
3.1798,1.3568
3.1804,1.3619
3.1809,1.3568
3.1815,1.3568
3.1820,1.3619
3.1826,1.3619
3.1831,1.3619
3.1837,1.3568
3.1842,1.3568
3.1847,1.3619
3.1853,1.3619
3.1858,1.3619
3.1864,1.3568
3.1869,1.3619
3.1875,1.3619
3.1880,1.3619
3.1886,1.3568
3.1891,1.3669
3.1897,1.3568
3.1902,1.3619
3.1907,1.3568
3.1913,1.3568
3.1918,1.3619
3.1924,1.3568
3.1929,1.3619
3.1935,1.3568
3.1940,1.3619
3.1946,1.3568
3.1951,1.3619
3.1957,1.3568
3.1962,1.3568
3.1968,1.3619
3.1973,1.3568
3.1978,1.3568
3.1984,1.3518
3.1989,1.3568
3.1995,1.3568
3.2000,1.3568
3.2006,1.3568
3.2011,1.3568
3.2017,1.3568
3.2022,1.3568
3.2028,1.3568
3.2033,1.3568
3.2039,1.3568
3.2044,1.3619
3.2050,1.3568
3.2055,1.3568
3.2061,1.3568
3.2066,1.3568
3.2072,1.3518
3.2077,1.3518
3.2083,1.3568
3.2088,1.3568
3.2094,1.3568
3.2099,1.3568
3.2105,1.3568
3.2110,1.3568
3.2116,1.3518
3.2121,1.3518
3.2127,1.3568
3.2132,1.3568
3.2138,1.3568
3.2143,1.3568
3.2149,1.3568
3.2154,1.3568
3.2160,1.3467
3.2165,1.3568
3.2171,1.3568
3.2176,1.3518
3.2182,1.3568
3.2187,1.3518
3.2193,1.3518
3.2198,1.3518
3.2204,1.3568
3.2209,1.3568
3.2215,1.3568
3.2220,1.3518
3.2226,1.3518
3.2231,1.3518
3.2237,1.3568
3.2242,1.3518
3.2248,1.3518
3.2253,1.3518
3.2259,1.3518
3.2264,1.3467
3.2270,1.3518
3.2275,1.3518
3.2281,1.3518
3.2286,1.3518
3.2292,1.3518
3.2297,1.3467
3.2303,1.3518
3.2308,1.3518
3.2314,1.3568
3.2319,1.3518
3.2325,1.3568
3.2330,1.3518
3.2336,1.3518
3.2342,1.3518
3.2347,1.3568
3.2353,1.3518
3.2358,1.3518
3.2364,1.3518
3.2369,1.3518
3.2375,1.3467
3.2380,1.3518
3.2386,1.3518
3.2391,1.3467
3.2397,1.3518
3.2402,1.3518
3.2408,1.3467
3.2413,1.3518
3.2419,1.3518
3.2424,1.3518
3.2430,1.3518
3.2435,1.3467
3.2441,1.3518
3.2446,1.3518
3.2452,1.3467
3.2457,1.3518
3.2463,1.3467
3.2468,1.3518
3.2474,1.3467
3.2479,1.3467
3.2485,1.3518
3.2490,1.3518
3.2496,1.3518
3.2501,1.3467
3.2506,1.3467
3.2512,1.3518
3.2517,1.3518
3.2523,1.3518
3.2528,1.3518
3.2534,1.3467
3.2540,1.3467
3.2545,1.3467
3.2551,1.3467
3.2556,1.3518
3.2562,1.3518
3.2567,1.3518
3.2573,1.3467
3.2578,1.3518
3.2583,1.3467
3.2589,1.3467
3.2594,1.3467
3.2600,1.3417
3.2605,1.3518
3.2611,1.3467
3.2616,1.3467
3.2622,1.3467
3.2627,1.3467
3.2633,1.3467
3.2639,1.3518
3.2644,1.3467
3.2649,1.3467
3.2655,1.3417
3.2660,1.3467
3.2666,1.3467
3.2671,1.3467
3.2677,1.3467
3.2682,1.3518
3.2688,1.3467
3.2693,1.3467
3.2699,1.3467
3.2705,1.3467
3.2710,1.3467
3.2716,1.3467
3.2721,1.3467
3.2727,1.3417
3.2732,1.3417
3.2738,1.3417
3.2743,1.3467
3.2749,1.3417
3.2754,1.3467
3.2760,1.3467
3.2765,1.3467
3.2771,1.3467
3.2776,1.3467
3.2782,1.3467
3.2787,1.3417
3.2793,1.3467
3.2798,1.3467
3.2804,1.3467
3.2809,1.3518
3.2815,1.3467
3.2820,1.3467
3.2826,1.3467
3.2831,1.3467
3.2837,1.3467
3.2842,1.3417
3.2848,1.3467
3.2853,1.3417
3.2859,1.3467
3.2864,1.3417
3.2870,1.3467
3.2875,1.3467
3.2881,1.3467
3.2886,1.3467
3.2892,1.3467
3.2897,1.3417
3.2903,1.3467
3.2908,1.3467
3.2914,1.3467
3.2919,1.3467
3.2925,1.3467
3.2930,1.3417
3.2936,1.3417
3.2941,1.3417
3.2947,1.3467
3.2952,1.3467
3.2958,1.3467
3.2963,1.3417
3.2969,1.3467
3.2974,1.3417
3.2980,1.3417
3.2985,1.3467
3.2991,1.3467
3.2996,1.3467
3.3002,1.3417
3.3007,1.3417
3.3013,1.3467
3.3018,1.3467
3.3024,1.3417
3.3029,1.3417
3.3035,1.3417
3.3041,1.3467
3.3046,1.3417
3.3052,1.3467
3.3057,1.3417
3.3063,1.3467
3.3068,1.3467
3.3074,1.3417
3.3079,1.3467
3.3085,1.3417
3.3090,1.3467
3.3095,1.3467
3.3101,1.3467
3.3106,1.3467
3.3112,1.3417
3.3117,1.3417
3.3123,1.3467
3.3128,1.3417
3.3134,1.3467
3.3139,1.3467
3.3145,1.3417
3.3150,1.3417
3.3156,1.3467
3.3161,1.3417
3.3167,1.3467
3.3172,1.3467
3.3178,1.3417
3.3183,1.3417
3.3189,1.3417
3.3194,1.3417
3.3200,1.3467
3.3205,1.3467
3.3211,1.3467
3.3216,1.3467
3.3222,1.3417
3.3227,1.3417
3.3233,1.3467
3.3238,1.3417
3.3244,1.3417
3.3249,1.3417
3.3255,1.3467
3.3260,1.3467
3.3266,1.3467
3.3271,1.3417
3.3277,1.3417
3.3282,1.3417
3.3288,1.3467
3.3293,1.3417
3.3299,1.3417
3.3304,1.3467
3.3310,1.3467
3.3315,1.3417
3.3321,1.3467
3.3326,1.3417
3.3332,1.3417
3.3337,1.3467
3.3343,1.3417
3.3348,1.3467
3.3354,1.3417
3.3359,1.3467
3.3365,1.3417
3.3370,1.3417
3.3376,1.3417
3.3381,1.3467
3.3387,1.3417
3.3392,1.3417
3.3398,1.3417
3.3403,1.3467
3.3409,1.3467
3.3414,1.3417
3.3420,1.3417
3.3425,1.3467
3.3431,1.3417
3.3436,1.3467
3.3442,1.3417
3.3447,1.3467
3.3453,1.3417
3.3458,1.3467
3.3463,1.3417
3.3469,1.3417
3.3474,1.3467
3.3480,1.3417
3.3485,1.3467
3.3491,1.3417
3.3496,1.3417
3.3502,1.3467
3.3507,1.3467
3.3513,1.3417
3.3518,1.3467
3.3524,1.3417
3.3529,1.3367
3.3535,1.3417
3.3540,1.3467
3.3546,1.3417
3.3551,1.3417
3.3557,1.3417
3.3562,1.3417
3.3568,1.3417
3.3573,1.3417
3.3579,1.3467
3.3584,1.3417
3.3590,1.3417
3.3595,1.3417
3.3601,1.3417
3.3606,1.3417
3.3612,1.3417
3.3617,1.3417
3.3623,1.3367
3.3628,1.3417
3.3634,1.3417
3.3639,1.3417
3.3645,1.3467
3.3650,1.3367
3.3658,1.3417
3.3663,1.3417
3.3669,1.3417
3.3674,1.3367
3.3680,1.3417
3.3685,1.3417
3.3691,1.3417
3.3696,1.3417
3.3701,1.3417
3.3707,1.3417
3.3712,1.3417
3.3718,1.3417
3.3723,1.3417
3.3729,1.3417
3.3734,1.3417
3.3740,1.3417
3.3745,1.3367
3.3751,1.3467
3.3756,1.3417
3.3762,1.3417
3.3767,1.3417
3.3773,1.3417
3.3778,1.3467
3.3784,1.3417
3.3789,1.3417
3.3795,1.3467
3.3800,1.3367
3.3805,1.3417
3.3811,1.3367
3.3816,1.3417
3.3822,1.3367
3.3828,1.3417
3.3834,1.3417
3.3839,1.3417
3.3845,1.3367
3.3850,1.3467
3.3855,1.3417
3.3861,1.3417
3.3866,1.3417
3.3872,1.3367
3.3877,1.3417
3.3883,1.3417
3.3888,1.3417
3.3894,1.3417
3.3899,1.3367
3.3905,1.3467
3.3910,1.3367
3.3915,1.3417
3.3921,1.3367
3.3926,1.3417
3.3932,1.3367
3.3937,1.3417
3.3943,1.3417
3.3948,1.3417
3.3954,1.3367
3.3959,1.3367
3.3965,1.3417
3.3970,1.3417
3.3976,1.3417
3.3981,1.3367
3.3987,1.3417
3.3992,1.3367
3.3998,1.3417
3.4004,1.3367
3.4009,1.3417
3.4015,1.3417
3.4020,1.3417
3.4026,1.3417
3.4031,1.3367
3.4037,1.3367
3.4043,1.3367
3.4048,1.3417
3.4054,1.3417
3.4059,1.3417
3.4065,1.3417
3.4070,1.3417
3.4076,1.3367
3.4082,1.3367
3.4087,1.3367
3.4093,1.3417
3.4099,1.3367
3.4105,1.3417
3.4110,1.3367
3.4116,1.3417
3.4121,1.3367
3.4127,1.3417
3.4132,1.3367
3.4138,1.3417
3.4143,1.3417
3.4149,1.3367
3.4154,1.3417
3.4160,1.3417
3.4165,1.3417
3.4171,1.3417
3.4176,1.3367
3.4182,1.3367
3.4187,1.3367
3.4193,1.3367
3.4198,1.3417
3.4204,1.3417
3.4209,1.3367
3.4215,1.3367
3.4220,1.3367
3.4226,1.3367
3.4231,1.3367
3.4237,1.3417
3.4242,1.3367
3.4248,1.3417
3.4253,1.3417
3.4259,1.3417
3.4264,1.3367
3.4270,1.3417
3.4275,1.3367
3.4281,1.3367
3.4286,1.3417
3.4292,1.3367
3.4297,1.3367
3.4303,1.3316
3.4308,1.3417
3.4314,1.3367
3.4319,1.3367
3.4325,1.3367
3.4331,1.3417
3.4336,1.3367
3.4342,1.3367
3.4347,1.3367
3.4353,1.3367
3.4358,1.3417
3.4364,1.3367
3.4369,1.3367
3.4375,1.3417
3.4380,1.3417
3.4386,1.3367
3.4391,1.3367
3.4397,1.3367
3.4402,1.3367
3.4408,1.3367
3.4413,1.3367
3.4419,1.3367
3.4424,1.3367
3.4430,1.3417
3.4436,1.3417
3.4442,1.3367
3.4447,1.3367
3.4453,1.3367
3.4458,1.3367
3.4464,1.3367
3.4469,1.3367
3.4475,1.3367
3.4481,1.3367
3.4486,1.3367
3.4492,1.3417
3.4497,1.3367
3.4503,1.3367
3.4508,1.3316
3.4514,1.3367
3.4519,1.3316
3.4525,1.3367
3.4530,1.3367
3.4536,1.3316
3.4541,1.3367
3.4547,1.3316
3.4552,1.3417
3.4558,1.3367
3.4563,1.3367
3.4569,1.3367
3.4574,1.3367
3.4580,1.3367
3.4586,1.3367
3.4591,1.3367
3.4597,1.3367
3.4602,1.3367
3.4608,1.3316
3.4613,1.3367
3.4619,1.3367
3.4624,1.3367
3.4630,1.3367
3.4636,1.3367
3.4642,1.3367
3.4647,1.3367
3.4653,1.3367
3.4659,1.3316
3.4664,1.3316
3.4670,1.3367
3.4675,1.3367
3.4681,1.3316
3.4686,1.3367
3.4692,1.3316
3.4697,1.3367
3.4703,1.3367
3.4708,1.3316
3.4714,1.3316
3.4719,1.3367
3.4725,1.3316
3.4730,1.3367
3.4736,1.3316
3.4741,1.3367
3.4747,1.3367
3.4752,1.3367
3.4758,1.3367
3.4763,1.3367
3.4769,1.3417
3.4774,1.3367
3.4780,1.3367
3.4785,1.3316
3.4791,1.3367
3.4796,1.3367
3.4802,1.3316
3.4807,1.3367
3.4813,1.3316
3.4818,1.3316
3.4824,1.3367
3.4829,1.3367
3.4835,1.3367
3.4840,1.3367
3.4846,1.3316
3.4851,1.3316
3.4857,1.3367
3.4862,1.3367
3.4868,1.3367
3.4873,1.3367
3.4879,1.3367
3.4884,1.3367
3.4890,1.3316
3.4895,1.3316
3.4901,1.3316
3.4906,1.3367
3.4912,1.3316
3.4917,1.3316
3.4923,1.3316
3.4928,1.3316
3.4934,1.3316
3.4939,1.3367
3.4945,1.3316
3.4950,1.3316
3.4956,1.3316
3.4961,1.3367
3.4967,1.3367
3.4972,1.3367
3.4978,1.3316
3.4983,1.3367
3.4989,1.3316
3.4994,1.3316
3.5000,1.3316
3.5005,1.3367
3.5010,1.3316
3.5016,1.3316
3.5021,1.3316
3.5027,1.3316
3.5032,1.3316
3.5038,1.3316
3.5043,1.3316
3.5049,1.3316
3.5054,1.3367
3.5060,1.3367
3.5067,1.3266
3.5072,1.3367
3.5078,1.3316
3.5083,1.3316
3.5088,1.3316
3.5094,1.3316
3.5099,1.3367
3.5104,1.3367
3.5109,1.3367
3.5115,1.3367
3.5120,1.3316
3.5125,1.3316
3.5130,1.3316
3.5136,1.3316
3.5141,1.3316
3.5146,1.3316
3.5151,1.3316
3.5157,1.3316
3.5162,1.3316
3.5167,1.3316
3.5172,1.3316
3.5178,1.3316
3.5183,1.3316
3.5188,1.3316
3.5193,1.3316
3.5198,1.3266
3.5204,1.3316
3.5209,1.3367
3.5214,1.3316
3.5219,1.3266
3.5225,1.3266
3.5230,1.3316
3.5235,1.3266
3.5240,1.3316
3.5246,1.3367
3.5251,1.3316
3.5256,1.3316
3.5261,1.3316
3.5266,1.3316
3.5272,1.3266
3.5277,1.3316
3.5282,1.3266
3.5287,1.3367
3.5293,1.3316
3.5298,1.3316
3.5303,1.3266
3.5308,1.3316
3.5314,1.3316
3.5319,1.3316
3.5324,1.3367
3.5329,1.3316
3.5334,1.3316
3.5340,1.3316
3.5345,1.3316
3.5352,1.3316
3.5358,1.3316
3.5364,1.3266
3.5369,1.3316
3.5375,1.3266
3.5380,1.3266
3.5386,1.3266
3.5391,1.3316
3.5397,1.3316
3.5402,1.3316
3.5407,1.3316
3.5413,1.3316
3.5418,1.3316
3.5423,1.3266
3.5428,1.3316
3.5434,1.3316
3.5439,1.3266
3.5450,1.3316
3.5456,1.3316
3.5462,1.3266
3.5468,1.3316
3.5473,1.3367
3.5479,1.3316
3.5485,1.3316
3.5491,1.3316
3.5497,1.3316
3.5505,1.3266
3.5512,1.3266
3.5518,1.3266
3.5524,1.3316
3.5530,1.3266
3.5535,1.3316
3.5541,1.3266
3.5546,1.3316
3.5552,1.3316
3.5557,1.3316
3.5562,1.3316
3.5568,1.3316
3.5573,1.3316
3.5578,1.3316
3.5583,1.3316
3.5588,1.3316
3.5594,1.3316
3.5599,1.3316
3.5604,1.3316
3.5609,1.3266
3.5614,1.3266
3.5620,1.3266
3.5625,1.3316
3.5630,1.3316
3.5635,1.3316
3.5641,1.3266
3.5646,1.3316
3.5653,1.3266
3.5658,1.3316
3.5664,1.3316
3.5669,1.3266
3.5674,1.3266
3.5679,1.3316
3.5684,1.3316
3.5690,1.3266
3.5695,1.3316
3.5700,1.3266
3.5705,1.3266
3.5710,1.3316
3.5716,1.3266
3.5721,1.3316
3.5726,1.3266
3.5731,1.3316
3.5736,1.3316
3.5742,1.3266
3.5747,1.3316
3.5752,1.3316
3.5757,1.3316
3.5762,1.3316
3.5768,1.3316
3.5773,1.3316
3.5778,1.3316
3.5783,1.3266
3.5788,1.3316
3.5794,1.3266
3.5799,1.3215
3.5804,1.3316
3.5810,1.3316
3.5815,1.3316
3.5820,1.3316
3.5826,1.3316
3.5831,1.3316
3.5836,1.3367
3.5841,1.3316
3.5847,1.3316
3.5852,1.3316
3.5857,1.3367
3.5862,1.3367
3.5867,1.3316
3.5873,1.3367
3.5878,1.3316
3.5883,1.3316
3.5888,1.3316
3.5893,1.3367
3.5899,1.3316
3.5904,1.3367
3.5909,1.3367
3.5914,1.3367
3.5919,1.3367
3.5925,1.3367
3.5930,1.3367
3.5935,1.3417
3.5940,1.3367
3.5945,1.3367
3.5951,1.3417
3.5956,1.3417
3.5961,1.3417
3.5966,1.3417
3.5971,1.3467
3.5977,1.3367
3.5982,1.3417
3.5987,1.3417
3.5992,1.3417
3.5997,1.3367
3.6003,1.3467
3.6008,1.3417
3.6013,1.3467
3.6018,1.3467
3.6023,1.3417
3.6029,1.3417
3.6034,1.3467
3.6039,1.3467
3.6044,1.3467
3.6049,1.3467
3.6055,1.3467
3.6060,1.3417
3.6065,1.3467
3.6070,1.3467
3.6075,1.3467
3.6081,1.3467
3.6086,1.3417
3.6091,1.3518
3.6096,1.3467
3.6101,1.3467
3.6107,1.3467
3.6112,1.3518
3.6117,1.3467
3.6122,1.3518
3.6127,1.3518
3.6133,1.3518
3.6138,1.3467
3.6143,1.3518
3.6148,1.3518
3.6153,1.3518
3.6159,1.3568
3.6164,1.3518
3.6170,1.3518
3.6175,1.3518
3.6180,1.3518
3.6185,1.3518
3.6191,1.3568
3.6196,1.3568
3.6201,1.3568
3.6206,1.3518
3.6211,1.3568
3.6217,1.3568
3.6222,1.3568
3.6227,1.3518
3.6232,1.3467
3.6237,1.3568
3.6243,1.3518
3.6248,1.3518
3.6253,1.3568
3.6258,1.3568
3.6263,1.3568
3.6269,1.3619
3.6274,1.3568
3.6279,1.3518
3.6284,1.3568
3.6289,1.3619
3.6295,1.3568
3.6300,1.3568
3.6305,1.3619
3.6310,1.3568
3.6315,1.3568
3.6321,1.3518
3.6326,1.3568
3.6331,1.3568
3.6336,1.3568
3.6342,1.3568
3.6347,1.3619
3.6352,1.3568
3.6357,1.3619
3.6362,1.3568
3.6367,1.3619
3.6373,1.3619
3.6378,1.3619
3.6383,1.3619
3.6388,1.3619
3.6393,1.3568
3.6399,1.3568
3.6404,1.3619
3.6409,1.3619
3.6414,1.3619
3.6419,1.3619
3.6425,1.3619
3.6430,1.3619
3.6435,1.3619
3.6441,1.3568
3.6446,1.3568
3.6451,1.3669
3.6456,1.3619
3.6461,1.3619
3.6467,1.3619
3.6472,1.3619
3.6477,1.3669
3.6482,1.3619
3.6488,1.3568
3.6493,1.3619
3.6498,1.3619
3.6503,1.3619
3.6509,1.3619
3.6514,1.3669
3.6519,1.3619
3.6524,1.3669
3.6529,1.3669
3.6535,1.3619
3.6540,1.3619
3.6545,1.3669
3.6550,1.3619
3.6556,1.3669
3.6561,1.3619
3.6566,1.3669
3.6571,1.3619
3.6576,1.3619
3.6582,1.3669
3.6587,1.3619
3.6592,1.3619
3.6597,1.3619
3.6602,1.3568
3.6608,1.3619
3.6613,1.3619
3.6618,1.3619
3.6623,1.3669
3.6629,1.3619
3.6634,1.3669
3.6639,1.3669
3.6644,1.3669
3.6649,1.3619
3.6655,1.3568
3.6660,1.3619
3.6665,1.3619
3.6670,1.3669
3.6675,1.3619
3.6681,1.3669
3.6686,1.3619
3.6691,1.3669
3.6696,1.3619
3.6701,1.3669
3.6707,1.3619
3.6712,1.3669
3.6717,1.3669
3.6722,1.3619
3.6727,1.3568
3.6733,1.3669
3.6738,1.3619
3.6743,1.3669
3.6748,1.3669
3.6753,1.3619
3.6759,1.3619
3.6764,1.3619
3.6769,1.3669
3.6774,1.3669
3.6780,1.3669
3.6785,1.3669
3.6790,1.3669
3.6795,1.3619
3.6800,1.3669
3.6806,1.3619
3.6811,1.3669
3.6816,1.3669
3.6821,1.3669
3.6826,1.3619
3.6832,1.3669
3.6837,1.3669
3.6842,1.3669
3.6847,1.3669
3.6853,1.3619
3.6858,1.3619
3.6863,1.3669
3.6868,1.3669
3.6873,1.3619
3.6879,1.3669
3.6884,1.3669
3.6889,1.3669
3.6894,1.3669
3.6900,1.3669
3.6905,1.3669
3.6910,1.3619
3.6915,1.3619
3.6920,1.3669
3.6926,1.3669
3.6931,1.3619
3.6936,1.3619
3.6941,1.3669
3.6946,1.3669
3.6952,1.3669
3.6957,1.3669
3.6962,1.3669
3.6967,1.3619
3.6973,1.3669
3.6978,1.3619
3.6983,1.3619
3.6988,1.3619
3.6993,1.3669
3.6999,1.3619
3.7004,1.3619
3.7009,1.3669
3.7014,1.3669
3.7019,1.3619
3.7025,1.3619
3.7030,1.3669
3.7035,1.3619
3.7040,1.3669
3.7046,1.3619
3.7051,1.3669
3.7056,1.3619
3.7061,1.3669
3.7067,1.3669
3.7072,1.3619
3.7077,1.3619
3.7082,1.3568
3.7087,1.3619
3.7093,1.3619
3.7098,1.3619
3.7103,1.3669
3.7108,1.3669
3.7113,1.3619
3.7119,1.3619
3.7124,1.3669
3.7129,1.3568
3.7134,1.3568
3.7140,1.3669
3.7145,1.3619
3.7150,1.3669
3.7155,1.3669
3.7161,1.3669
3.7166,1.3568
3.7171,1.3669
3.7176,1.3619
3.7181,1.3669
3.7187,1.3619
3.7192,1.3669
3.7197,1.3619
3.7202,1.3669
3.7207,1.3619
3.7213,1.3619
3.7218,1.3669
3.7223,1.3619
3.7228,1.3619
3.7234,1.3568
3.7239,1.3669
3.7244,1.3669
3.7249,1.3669
3.7254,1.3619
3.7260,1.3669
3.7265,1.3669
3.7270,1.3568
3.7275,1.3669
3.7280,1.3669
3.7286,1.3619
3.7291,1.3619
3.7296,1.3568
3.7301,1.3619
3.7307,1.3619
3.7312,1.3568
3.7317,1.3568
3.7322,1.3669
3.7328,1.3619
3.7333,1.3619
3.7338,1.3669
3.7343,1.3669
3.7348,1.3619
3.7354,1.3619
3.7359,1.3669
3.7364,1.3619
3.7369,1.3669
3.7374,1.3669
3.7380,1.3669
3.7385,1.3619
3.7390,1.3619
3.7395,1.3619
3.7401,1.3669
3.7406,1.3669
3.7411,1.3669
3.7416,1.3619
3.7421,1.3619
3.7427,1.3669
3.7432,1.3619
3.7437,1.3669
3.7442,1.3619
3.7448,1.3619
3.7453,1.3568
3.7458,1.3619
3.7463,1.3619
3.7468,1.3619
3.7474,1.3619
3.7479,1.3669
3.7484,1.3619
3.7489,1.3619
3.7494,1.3619
3.7500,1.3619
3.7505,1.3619
3.7510,1.3568
3.7515,1.3669
3.7521,1.3669
3.7526,1.3619
3.7531,1.3619
3.7536,1.3619
3.7541,1.3568
3.7547,1.3619
3.7552,1.3619
3.7557,1.3619
3.7562,1.3619
3.7567,1.3619
3.7573,1.3619
3.7578,1.3619
3.7583,1.3619
3.7588,1.3619
3.7594,1.3619
3.7599,1.3619
3.7604,1.3568
3.7609,1.3619
3.7614,1.3568
3.7620,1.3619
3.7625,1.3568
3.7630,1.3619
3.7635,1.3669
3.7640,1.3619
3.7646,1.3568
3.7651,1.3568
3.7656,1.3568
3.7661,1.3619
3.7667,1.3619
3.7672,1.3568
3.7677,1.3619
3.7682,1.3619
3.7687,1.3619
3.7693,1.3619
3.7698,1.3568
3.7703,1.3619
3.7708,1.3619
3.7713,1.3619
3.7719,1.3619
3.7724,1.3568
3.7729,1.3568
3.7770,1.3518
3.7776,1.3619
3.7781,1.3619
3.7786,1.3568
3.7792,1.3619
3.7797,1.3568
3.7802,1.3568
3.7807,1.3568
3.7813,1.3619
3.7818,1.3619
3.7823,1.3518
3.7828,1.3518
3.7834,1.3568
3.7840,1.3568
3.7845,1.3568
3.7851,1.3568
3.7857,1.3619
3.7862,1.3518
3.7868,1.3568
3.7873,1.3518
3.7879,1.3568
3.7884,1.3518
3.7890,1.3619
3.7895,1.3568
3.7901,1.3568
3.7906,1.3568
3.7912,1.3568
3.7917,1.3518
3.7922,1.3518
3.7927,1.3518
3.7933,1.3568
3.7938,1.3518
3.7943,1.3518
3.7949,1.3518
3.7954,1.3619
3.7959,1.3518
3.7965,1.3518
3.7970,1.3568
3.7975,1.3568
3.7980,1.3568
3.7986,1.3518
3.7991,1.3467
3.7996,1.3467
3.8001,1.3518
3.8007,1.3518
3.8012,1.3518
3.8018,1.3518
3.8023,1.3518
3.8029,1.3518
3.8034,1.3518
3.8040,1.3518
3.8045,1.3518
3.8050,1.3518
3.8056,1.3568
3.8061,1.3518
3.8066,1.3568
3.8071,1.3568
3.8077,1.3518
3.8082,1.3518
3.8087,1.3467
3.8092,1.3518
3.8098,1.3518
3.8103,1.3518
3.8108,1.3518
3.8113,1.3518
3.8119,1.3568
3.8124,1.3518
3.8129,1.3568
3.8134,1.3467
3.8139,1.3518
3.8145,1.3518
3.8150,1.3467
3.8155,1.3518
3.8160,1.3518
3.8166,1.3518
3.8171,1.3467
3.8176,1.3467
3.8181,1.3518
3.8187,1.3467
3.8192,1.3518
3.8197,1.3518
3.8203,1.3568
3.8208,1.3518
3.8213,1.3518
3.8218,1.3518
3.8224,1.3518
3.8229,1.3518
3.8234,1.3417
3.8240,1.3518
3.8245,1.3518
3.8250,1.3518
3.8255,1.3518
3.8261,1.3518
3.8266,1.3518
3.8272,1.3568
3.8277,1.3518
3.8282,1.3467
3.8287,1.3467
3.8293,1.3518
3.8298,1.3467
3.8303,1.3467
3.8308,1.3467
3.8314,1.3518
3.8319,1.3518
3.8325,1.3518
3.8330,1.3518
3.8336,1.3518
3.8341,1.3417
3.8347,1.3467
3.8352,1.3518
3.8358,1.3518
3.8363,1.3467
3.8368,1.3467
3.8373,1.3467
3.8379,1.3417
3.8384,1.3467
3.8389,1.3518
3.8394,1.3467
3.8400,1.3518
3.8405,1.3518
3.8410,1.3467
3.8416,1.3518
3.8421,1.3467
3.8426,1.3467
3.8431,1.3417
3.8437,1.3467
3.8442,1.3467
3.8447,1.3417
3.8453,1.3518
3.8458,1.3518
3.8463,1.3518
3.8469,1.3518
3.8475,1.3467
3.8480,1.3467
3.8486,1.3467
3.8491,1.3417
3.8497,1.3467
3.8502,1.3467
3.8507,1.3417
3.8512,1.3467
3.8518,1.3467
3.8523,1.3467
3.8529,1.3467
3.8534,1.3467
3.8539,1.3467
3.8544,1.3467
3.8550,1.3467
3.8555,1.3467
3.8560,1.3417
3.8566,1.3467
3.8571,1.3467
3.8576,1.3467
3.8582,1.3417
3.8587,1.3417
3.8592,1.3518
3.8597,1.3467
3.8603,1.3467
3.8608,1.3467
3.8613,1.3467
3.8619,1.3467
3.8624,1.3467
3.8630,1.3518
3.8635,1.3417
3.8641,1.3467
3.8646,1.3467
3.8651,1.3467
3.8656,1.3417
3.8662,1.3518
3.8667,1.3518
3.8672,1.3467
3.8678,1.3467
3.8683,1.3467
3.8688,1.3467
3.8694,1.3467
3.8699,1.3467
3.8704,1.3467
3.8710,1.3467
3.8715,1.3417
3.8720,1.3467
3.8726,1.3467
3.8731,1.3417
3.8736,1.3417
3.8742,1.3467
3.8748,1.3417
3.8753,1.3467
3.8758,1.3417
3.8763,1.3417
3.8769,1.3467
3.8774,1.3467
3.8779,1.3467
3.8784,1.3467
3.8789,1.3467
3.8795,1.3467
3.8800,1.3417
3.8805,1.3467
3.8810,1.3467
3.8816,1.3467
3.8821,1.3467
3.8826,1.3467
3.8831,1.3467
3.8836,1.3417
3.8842,1.3518
3.8847,1.3467
3.8852,1.3417
3.8857,1.3467
3.8863,1.3467
3.8868,1.3467
3.8873,1.3467
3.8878,1.3467
3.8883,1.3467
3.8889,1.3467
3.8895,1.3417
3.8900,1.3467
3.8905,1.3467
3.8911,1.3467
3.8916,1.3467
3.8921,1.3417
3.8927,1.3467
3.8932,1.3417
3.8937,1.3467
3.8943,1.3467
3.8948,1.3467
3.8953,1.3467
3.8958,1.3467
3.8963,1.3467
3.8969,1.3467
3.8974,1.3467
3.8979,1.3467
3.8984,1.3417
3.8990,1.3467
3.8995,1.3467
3.9000,1.3467
3.9005,1.3417
3.9010,1.3417
3.9016,1.3417
3.9021,1.3467
3.9026,1.3467
3.9031,1.3417
3.9036,1.3467
3.9042,1.3417
3.9047,1.3467
3.9052,1.3467
3.9057,1.3367
3.9063,1.3467
3.9068,1.3417
3.9073,1.3417
3.9078,1.3417
3.9083,1.3467
3.9089,1.3467
3.9094,1.3467
3.9099,1.3417
3.9104,1.3417
3.9109,1.3417
3.9115,1.3417
3.9120,1.3467
3.9125,1.3467
3.9131,1.3467
3.9137,1.3467
3.9142,1.3467
3.9147,1.3417
3.9152,1.3417
3.9157,1.3467
3.9163,1.3467
3.9168,1.3467
3.9173,1.3467
3.9178,1.3467
3.9183,1.3417
3.9189,1.3467
3.9194,1.3467
3.9199,1.3417
3.9204,1.3417
3.9210,1.3467
3.9215,1.3467
3.9220,1.3467
3.9225,1.3467
3.9231,1.3467
3.9236,1.3417
3.9241,1.3417
3.9246,1.3467
3.9251,1.3467
3.9257,1.3417
3.9262,1.3417
3.9267,1.3417
3.9272,1.3417
3.9277,1.3467
3.9283,1.3417
3.9288,1.3417
3.9293,1.3467
3.9298,1.3467
3.9304,1.3467
3.9309,1.3417
3.9314,1.3417
3.9319,1.3467
3.9324,1.3467
3.9330,1.3467
3.9335,1.3417
3.9340,1.3417
3.9345,1.3467
3.9351,1.3417
3.9356,1.3367
3.9361,1.3467
3.9366,1.3417
3.9371,1.3417
3.9377,1.3417
3.9382,1.3417
3.9387,1.3417
3.9392,1.3417
3.9397,1.3417
3.9403,1.3417
3.9408,1.3417
3.9413,1.3467
3.9418,1.3467
3.9424,1.3467
3.9429,1.3417
3.9434,1.3417
3.9439,1.3417
3.9444,1.3467
3.9450,1.3417
3.9455,1.3467
3.9460,1.3417
3.9465,1.3367
3.9470,1.3417
3.9476,1.3417
3.9481,1.3417
3.9486,1.3367
3.9491,1.3417
3.9497,1.3467
3.9502,1.3367
3.9507,1.3417
3.9512,1.3417
3.9517,1.3417
3.9523,1.3467
3.9528,1.3417
3.9533,1.3417
3.9538,1.3417
3.9543,1.3417
3.9549,1.3417
3.9554,1.3417
3.9559,1.3467
3.9564,1.3467
3.9570,1.3467
3.9575,1.3417
3.9580,1.3367
3.9585,1.3417
3.9590,1.3467
3.9596,1.3417
3.9601,1.3467
3.9606,1.3467
3.9611,1.3467
3.9616,1.3417
3.9622,1.3417
3.9627,1.3417
3.9632,1.3417
3.9637,1.3417
3.9643,1.3417
3.9648,1.3417
3.9653,1.3417
3.9658,1.3417
3.9664,1.3417
3.9669,1.3417
3.9674,1.3417
3.9680,1.3417
3.9685,1.3417
3.9690,1.3417
3.9696,1.3467
3.9701,1.3417
3.9706,1.3367
3.9711,1.3417
3.9716,1.3417
3.9722,1.3417
3.9727,1.3467
3.9732,1.3417
3.9737,1.3417
3.9743,1.3467
3.9748,1.3417
3.9753,1.3417
3.9758,1.3367
3.9763,1.3417
3.9769,1.3417
3.9774,1.3367
3.9779,1.3367
3.9784,1.3417
3.9789,1.3367
3.9795,1.3417
3.9800,1.3417
3.9805,1.3417
3.9810,1.3417
3.9816,1.3417
3.9821,1.3417
3.9826,1.3417
3.9831,1.3417
3.9836,1.3417
3.9842,1.3467
3.9847,1.3367
3.9852,1.3417
3.9857,1.3417
3.9863,1.3417
3.9868,1.3417
3.9873,1.3417
3.9878,1.3417
3.9884,1.3367
3.9889,1.3367
3.9894,1.3367
3.9899,1.3367
3.9904,1.3417
3.9910,1.3417
3.9915,1.3417
3.9920,1.3417
3.9925,1.3417
3.9931,1.3417
3.9936,1.3417
3.9941,1.3417
3.9946,1.3417
3.9952,1.3367
3.9957,1.3417
3.9962,1.3367
3.9967,1.3367
3.9973,1.3316
3.9978,1.3417
3.9983,1.3417
3.9988,1.3367
3.9993,1.3417
3.9999,1.3417
4.0004,1.3417
4.0009,1.3417
4.0014,1.3367
4.0019,1.3417
4.0025,1.3417
4.0030,1.3367
4.0035,1.3417
4.0040,1.3417
4.0046,1.3417
4.0051,1.3367
4.0056,1.3367
4.0061,1.3367
4.0067,1.3367
4.0072,1.3367
4.0077,1.3367
4.0082,1.3417
4.0087,1.3367
4.0093,1.3367
4.0098,1.3417
4.0103,1.3367
4.0108,1.3367
4.0113,1.3367
4.0119,1.3367
4.0124,1.3367
4.0129,1.3367
4.0134,1.3417
4.0140,1.3417
4.0145,1.3367
4.0150,1.3417
4.0155,1.3367
4.0160,1.3417
4.0166,1.3417
4.0171,1.3417
4.0176,1.3367
4.0181,1.3417
4.0187,1.3417
4.0192,1.3417
4.0197,1.3316
4.0202,1.3417
4.0208,1.3367
4.0213,1.3367
4.0218,1.3417
4.0223,1.3417
4.0228,1.3367
4.0234,1.3367
4.0239,1.3367
4.0244,1.3367
4.0249,1.3417
4.0255,1.3367
4.0260,1.3367
4.0265,1.3367
4.0270,1.3367
4.0276,1.3367
4.0281,1.3367
4.0286,1.3367
4.0291,1.3367
4.0296,1.3367
4.0302,1.3316
4.0307,1.3417
4.0312,1.3367
4.0317,1.3367
4.0323,1.3367
4.0328,1.3367
4.0333,1.3367
4.0338,1.3367
4.0344,1.3367
4.0349,1.3367
4.0355,1.3316
4.0360,1.3367
4.0366,1.3367
4.0372,1.3367
4.0377,1.3316
4.0383,1.3367
4.0388,1.3367
4.0393,1.3367
4.0399,1.3367
4.0404,1.3367
4.0409,1.3367
4.0415,1.3367
4.0420,1.3316
4.0425,1.3316
4.0430,1.3316
4.0436,1.3316
4.0441,1.3316
4.0446,1.3417
4.0452,1.3367
4.0457,1.3367
4.0463,1.3367
4.0469,1.3316
4.0474,1.3417
4.0480,1.3367
4.0486,1.3316
4.0491,1.3316
4.0497,1.3316
4.0502,1.3367
4.0507,1.3316
4.0513,1.3367
4.0518,1.3367
4.0523,1.3367
4.0529,1.3316
4.0534,1.3367
4.0540,1.3316
4.0545,1.3367
4.0550,1.3367
4.0555,1.3367
4.0560,1.3367
4.0566,1.3316
4.0571,1.3367
4.0576,1.3367
4.0581,1.3367
4.0587,1.3367
4.0592,1.3367
4.0597,1.3367
4.0602,1.3367
4.0608,1.3367
4.0613,1.3367
4.0618,1.3367
4.0623,1.3367
4.0628,1.3367
4.0634,1.3367
4.0639,1.3316
4.0645,1.3367
4.0651,1.3417
4.0656,1.3367
4.0661,1.3367
4.0667,1.3367
4.0672,1.3417
4.0677,1.3316
4.0682,1.3316
4.0687,1.3367
4.0693,1.3367
4.0698,1.3367
4.0703,1.3367
4.0708,1.3367
4.0714,1.3316
4.0719,1.3367
4.0724,1.3367
4.0729,1.3316
4.0735,1.3316
4.0740,1.3367
4.0745,1.3367
4.0750,1.3316
4.0755,1.3316
4.0761,1.3367
4.0766,1.3266
4.0771,1.3367
4.0776,1.3367
4.0782,1.3316
4.0787,1.3316
4.0792,1.3367
4.0797,1.3316
4.0803,1.3316
4.0808,1.3316
4.0813,1.3367
4.0818,1.3367
4.0824,1.3367
4.0829,1.3367
4.0834,1.3367
4.0839,1.3316
4.0844,1.3316
4.0850,1.3316
4.0855,1.3316
4.0860,1.3316
4.0865,1.3316
4.0871,1.3316
4.0876,1.3316
4.0881,1.3316
4.0886,1.3316
4.0892,1.3316
4.0897,1.3316
4.0902,1.3316
4.0907,1.3316
4.0912,1.3316
4.0918,1.3316
4.0923,1.3316
4.0928,1.3316
4.0933,1.3266
4.0939,1.3316
4.0944,1.3316
4.0949,1.3316
4.0954,1.3316
4.0960,1.3316
4.0965,1.3316
4.0970,1.3316
4.0975,1.3316
4.0981,1.3266
4.0986,1.3316
4.0991,1.3316
4.0996,1.3266
4.1001,1.3316
4.1007,1.3316
4.1012,1.3316
4.1017,1.3316
4.1022,1.3316
4.1028,1.3316
4.1033,1.3367
4.1038,1.3316
4.1043,1.3266
4.1049,1.3367
4.1054,1.3316
4.1059,1.3367
4.1064,1.3316
4.1069,1.3367
4.1075,1.3266
4.1080,1.3266
4.1085,1.3316
4.1090,1.3266
4.1096,1.3316
4.1101,1.3316
4.1106,1.3266
4.1111,1.3316
4.1117,1.3266
4.1122,1.3316
4.1127,1.3316
4.1132,1.3266
4.1137,1.3266
4.1143,1.3316
4.1148,1.3316
4.1153,1.3316
4.1158,1.3316
4.1164,1.3316
4.1169,1.3316
4.1174,1.3316
4.1179,1.3266
4.1185,1.3316
4.1190,1.3266
4.1195,1.3367
4.1200,1.3316
4.1206,1.3316
4.1211,1.3316
4.1216,1.3266
4.1221,1.3316
4.1227,1.3316
4.1232,1.3266
4.1237,1.3316
4.1242,1.3316
4.1248,1.3316
4.1253,1.3266
4.1258,1.3316
4.1263,1.3266
4.1269,1.3316
4.1274,1.3316
4.1279,1.3316
4.1284,1.3316
4.1290,1.3316
4.1295,1.3316
4.1300,1.3266
4.1305,1.3316
4.1310,1.3266
4.1316,1.3316
4.1321,1.3316
4.1326,1.3316
4.1331,1.3316
4.1337,1.3316
4.1342,1.3316
4.1347,1.3316
4.1352,1.3316
4.1358,1.3316
4.1363,1.3266
4.1368,1.3316
4.1373,1.3316
4.1378,1.3316
4.1384,1.3316
4.1389,1.3316
4.1394,1.3316
4.1399,1.3316
4.1405,1.3316
4.1410,1.3266
4.1415,1.3266
4.1420,1.3215
4.1426,1.3266
4.1431,1.3266
4.1436,1.3316
4.1441,1.3266
4.1447,1.3266
4.1452,1.3316
4.1457,1.3316
4.1463,1.3266
4.1468,1.3266
4.1476,1.3316
4.1482,1.3316
4.1488,1.3316
4.1494,1.3266
4.1499,1.3316
4.1505,1.3266
4.1510,1.3266
4.1516,1.3266
4.1522,1.3266
4.1527,1.3266
4.1533,1.3316
4.1538,1.3316
4.1543,1.3316
4.1548,1.3316
4.1554,1.3266
4.1559,1.3266
4.1564,1.3316
4.1569,1.3266
4.1574,1.3266
4.1580,1.3266
4.1585,1.3215
4.1590,1.3266
4.1595,1.3266
4.1600,1.3215
4.1606,1.3266
4.1611,1.3266
4.1616,1.3266
4.1621,1.3316
4.1626,1.3266
4.1632,1.3215
4.1637,1.3316
4.1642,1.3266
4.1647,1.3316
4.1653,1.3266
4.1658,1.3266
4.1663,1.3316
4.1668,1.3316
4.1674,1.3266
4.1679,1.3316
4.1684,1.3266
4.1689,1.3266
4.1694,1.3215
4.1700,1.3266
4.1705,1.3266
4.1710,1.3266
4.1715,1.3266
4.1720,1.3266
4.1726,1.3316
4.1731,1.3266
4.1736,1.3266
4.1741,1.3266
4.1747,1.3266
4.1752,1.3266
4.1757,1.3316
4.1762,1.3316
4.1767,1.3316
4.1773,1.3316
4.1778,1.3266
4.1783,1.3316
4.1788,1.3266
4.1793,1.3316
4.1798,1.3266
4.1804,1.3316
4.1809,1.3266
4.1814,1.3316
4.1820,1.3316
4.1825,1.3316
4.1830,1.3266
4.1836,1.3266
4.1841,1.3316
4.1846,1.3316
4.1851,1.3316
4.1856,1.3316
4.1862,1.3316
4.1867,1.3316
4.1872,1.3316
4.1877,1.3316
4.1883,1.3316
4.1888,1.3316
4.1893,1.3316
4.1898,1.3316
4.1903,1.3316
4.1909,1.3316
4.1914,1.3316
4.1919,1.3316
4.1924,1.3367
4.1929,1.3367
4.1935,1.3316
4.1940,1.3367
4.1945,1.3316
4.1950,1.3367
4.1955,1.3367
4.1961,1.3367
4.1966,1.3367
4.1971,1.3316
4.1976,1.3316
4.1981,1.3367
4.1987,1.3367
4.1992,1.3367
4.1997,1.3367
4.2002,1.3367
4.2007,1.3367
4.2013,1.3367
4.2018,1.3316
4.2023,1.3417
4.2028,1.3367
4.2033,1.3367
4.2039,1.3417
4.2044,1.3467
4.2049,1.3417
4.2054,1.3417
4.2059,1.3417
4.2065,1.3367
4.2070,1.3467
4.2075,1.3417
4.2080,1.3417
4.2085,1.3417
4.2091,1.3467
4.2096,1.3467
4.2101,1.3467
4.2106,1.3467
4.2111,1.3467
4.2118,1.3467
4.2123,1.3467
4.2128,1.3417
4.2134,1.3467
4.2139,1.3417
4.2145,1.3467
4.2150,1.3518
4.2155,1.3467
4.2161,1.3518
4.2166,1.3467
4.2172,1.3518
4.2177,1.3467
4.2183,1.3467
4.2188,1.3568
4.2193,1.3518
4.2199,1.3518
4.2204,1.3518
4.2210,1.3518
4.2215,1.3518
4.2221,1.3518
4.2226,1.3518
4.2231,1.3568
4.2237,1.3467
4.2242,1.3518
4.2248,1.3467
4.2253,1.3568
4.2259,1.3467
4.2264,1.3568
4.2269,1.3518
4.2275,1.3568
4.2280,1.3568
4.2286,1.3518
4.2291,1.3619
4.2297,1.3568
4.2302,1.3568
4.2307,1.3568
4.2313,1.3568
4.2318,1.3518
4.2324,1.3568
4.2329,1.3518
4.2335,1.3568
4.2340,1.3518
4.2346,1.3568
4.2351,1.3568
4.2357,1.3619
4.2363,1.3568
4.2369,1.3518
4.2375,1.3568
4.2381,1.3568
4.2386,1.3568
4.2392,1.3568
4.2398,1.3619
4.2404,1.3619
4.2410,1.3619
4.2415,1.3619
4.2421,1.3619
4.2427,1.3568
4.2432,1.3568
4.2438,1.3619
4.2443,1.3619
4.2449,1.3568
4.2454,1.3568
4.2460,1.3619
4.2465,1.3619
4.2470,1.3619
4.2476,1.3619
4.2481,1.3619
4.2487,1.3619
4.2492,1.3619
4.2498,1.3619
4.2503,1.3568
4.2508,1.3619
4.2514,1.3669
4.2519,1.3619
4.2525,1.3619
4.2531,1.3619
4.2536,1.3619
4.2542,1.3568
4.2547,1.3669
4.2553,1.3619
4.2558,1.3619
4.2564,1.3619
4.2569,1.3619
4.2575,1.3568
4.2580,1.3619
4.2586,1.3669
4.2591,1.3619
4.2597,1.3669
4.2602,1.3669
4.2608,1.3669
4.2613,1.3669
4.2619,1.3619
4.2624,1.3568
4.2630,1.3619
4.2635,1.3619
4.2641,1.3669
4.2646,1.3669
4.2652,1.3619
4.2657,1.3669
4.2662,1.3619
4.2668,1.3619
4.2673,1.3619
4.2679,1.3619
4.2684,1.3619
4.2690,1.3619
4.2695,1.3619
4.2701,1.3669
4.2706,1.3669
4.2712,1.3669
4.2717,1.3669
4.2723,1.3669
4.2728,1.3669
4.2733,1.3619
4.2739,1.3669
4.2744,1.3669
4.2750,1.3619
4.2755,1.3619
4.2761,1.3669
4.2766,1.3619
4.2771,1.3619
4.2777,1.3669
4.2782,1.3669
4.2788,1.3619
4.2793,1.3669
4.2799,1.3619
4.2804,1.3619
4.2809,1.3619
4.2815,1.3619
4.2820,1.3669
4.2826,1.3619
4.2831,1.3619
4.2837,1.3619
4.2842,1.3669
4.2848,1.3619
4.2853,1.3669
4.2858,1.3669
4.2864,1.3619
4.2869,1.3669
4.2875,1.3669
4.2880,1.3669
4.2886,1.3619
4.2891,1.3669
4.2897,1.3669
4.2902,1.3669
4.2908,1.3619
4.2913,1.3669
4.2919,1.3669
4.2924,1.3669
4.2929,1.3669
4.2935,1.3669
4.2940,1.3669
4.2946,1.3669
4.2951,1.3619
4.2957,1.3669
4.2962,1.3669
4.2968,1.3669
4.2973,1.3669
4.2979,1.3619
4.2984,1.3669
4.2990,1.3669
4.2995,1.3669
4.3001,1.3669
4.3006,1.3669
4.3011,1.3669
4.3017,1.3669
4.3022,1.3619
4.3028,1.3669
4.3033,1.3669
4.3039,1.3669
4.3044,1.3619
4.3050,1.3669
4.3055,1.3669
4.3061,1.3669
4.3066,1.3669
4.3072,1.3669
4.3077,1.3669
4.3082,1.3669
4.3088,1.3619
4.3093,1.3669
4.3099,1.3669
4.3104,1.3669
4.3110,1.3669
4.3115,1.3669
4.3121,1.3669
4.3127,1.3619
4.3133,1.3669
4.3138,1.3669
4.3144,1.3669
4.3149,1.3619
4.3155,1.3669
4.3160,1.3669
4.3165,1.3619
4.3171,1.3669
4.3176,1.3669
4.3182,1.3619
4.3187,1.3669
4.3192,1.3669
4.3198,1.3619
4.3203,1.3619
4.3209,1.3669
4.3214,1.3619
4.3219,1.3669
4.3225,1.3669
4.3230,1.3669
4.3236,1.3619
4.3241,1.3669
4.3246,1.3619
4.3252,1.3619
4.3257,1.3669
4.3263,1.3669
4.3268,1.3669
4.3274,1.3619
4.3279,1.3669
4.3284,1.3619
4.3290,1.3669
4.3295,1.3669
4.3301,1.3669
4.3306,1.3619
4.3311,1.3669
4.3317,1.3669
4.3322,1.3669
4.3328,1.3619
4.3333,1.3669
4.3339,1.3669
4.3344,1.3669
4.3349,1.3669
4.3355,1.3669
4.3360,1.3669
4.3366,1.3669
4.3371,1.3669
4.3376,1.3669
4.3382,1.3669
4.3387,1.3619
4.3393,1.3669
4.3398,1.3619
4.3403,1.3669
4.3409,1.3619
4.3414,1.3619
4.3420,1.3669
4.3425,1.3669
4.3430,1.3669
4.3436,1.3669
4.3441,1.3669
4.3447,1.3619
4.3452,1.3619
4.3457,1.3619
4.3463,1.3669
4.3468,1.3619
4.3474,1.3669
4.3479,1.3669
4.3484,1.3619
4.3490,1.3669
4.3495,1.3619
4.3501,1.3669
4.3506,1.3619
4.3511,1.3669
4.3517,1.3669
4.3522,1.3619
4.3528,1.3619
4.3533,1.3669
4.3539,1.3568
4.3544,1.3619
4.3549,1.3669
4.3555,1.3619
4.3560,1.3619
4.3566,1.3619
4.3571,1.3669
4.3576,1.3619
4.3582,1.3619
4.3587,1.3619
4.3593,1.3619
4.3598,1.3669
4.3603,1.3669
4.3609,1.3619
4.3614,1.3619
4.3620,1.3619
4.3625,1.3619
4.3630,1.3669
4.3636,1.3568
4.3641,1.3669
4.3647,1.3619
4.3652,1.3619
4.3657,1.3669
4.3663,1.3669
4.3668,1.3619
4.3674,1.3669
4.3679,1.3568
4.3685,1.3669
4.3690,1.3619
4.3695,1.3619
4.3701,1.3619
4.3706,1.3568
4.3712,1.3669
4.3717,1.3619
4.3722,1.3619
4.3728,1.3568
4.3733,1.3568
4.3739,1.3619
4.3744,1.3669
4.3749,1.3619
4.3755,1.3568
4.3760,1.3619
4.3766,1.3619
4.3771,1.3568
4.3776,1.3619
4.3782,1.3568
4.3787,1.3669
4.3793,1.3619
4.3798,1.3619
4.3803,1.3619
4.3809,1.3669
4.3814,1.3619
4.3820,1.3568
4.3825,1.3568
4.3830,1.3619
4.3836,1.3568
4.3841,1.3619
4.3847,1.3568
4.3852,1.3568
4.3858,1.3568
4.3863,1.3568
4.3868,1.3568
4.3874,1.3568
4.3879,1.3568
4.3885,1.3619
4.3890,1.3568
4.3896,1.3568
4.3901,1.3568
4.3906,1.3568
4.3912,1.3568
4.3917,1.3568
4.3923,1.3568
4.3928,1.3568
4.3933,1.3568
4.3939,1.3619
4.3944,1.3568
4.3950,1.3568
4.3955,1.3619
4.3961,1.3568
4.3966,1.3619
4.3971,1.3568
4.3977,1.3619
4.3982,1.3518
4.3988,1.3568
4.3993,1.3568
4.3998,1.3568
4.4004,1.3568
4.4009,1.3568
4.4015,1.3568
4.4020,1.3568
4.4025,1.3619
4.4031,1.3568
4.4036,1.3568
4.4042,1.3568
4.4047,1.3568
4.4052,1.3568
4.4058,1.3568
4.4063,1.3518
4.4069,1.3568
4.4074,1.3568
4.4079,1.3518
4.4085,1.3518
4.4090,1.3568
4.4096,1.3518
4.4101,1.3568
4.4106,1.3518
4.4112,1.3568
4.4117,1.3518
4.4123,1.3568
4.4128,1.3568
4.4135,1.3568
4.4140,1.3568
4.4146,1.3568
4.4151,1.3518
4.4156,1.3518
4.4162,1.3568
4.4167,1.3568
4.4173,1.3568
4.4178,1.3518
4.4184,1.3518
4.4189,1.3568
4.4195,1.3518
4.4200,1.3518
4.4206,1.3518
4.4211,1.3568
4.4217,1.3568
4.4222,1.3568
4.4227,1.3518
4.4233,1.3518
4.4238,1.3568
4.4244,1.3568
4.4249,1.3568
4.4255,1.3518
4.4260,1.3518
4.4266,1.3518
4.4271,1.3518
4.4277,1.3518
4.4282,1.3568
4.4288,1.3568
4.4293,1.3518
4.4298,1.3518
4.4304,1.3518
4.4309,1.3518
4.4315,1.3568
4.4320,1.3568
4.4326,1.3518
4.4331,1.3518
4.4337,1.3568
4.4342,1.3568
4.4348,1.3518
4.4353,1.3518
4.4359,1.3518
4.4364,1.3467
4.4370,1.3518
4.4375,1.3568
4.4380,1.3467
4.4386,1.3518
4.4391,1.3518
4.4397,1.3518
4.4402,1.3518
4.4408,1.3518
4.4413,1.3568
4.4419,1.3518
4.4424,1.3518
4.4430,1.3518
4.4435,1.3518
4.4440,1.3518
4.4446,1.3518
4.4451,1.3467
4.4457,1.3568
4.4462,1.3518
4.4468,1.3518
4.4473,1.3518
4.4479,1.3568
4.4484,1.3518
4.4490,1.3518
4.4495,1.3467
4.4501,1.3518
4.4506,1.3467
4.4511,1.3518
4.4517,1.3467
4.4522,1.3518
4.4528,1.3518
4.4533,1.3467
4.4539,1.3518
4.4544,1.3467
4.4550,1.3518
4.4555,1.3518
4.4561,1.3518
4.4566,1.3518
4.4571,1.3518
4.4577,1.3518
4.4582,1.3518
4.4588,1.3467
4.4593,1.3467
4.4599,1.3518
4.4604,1.3518
4.4610,1.3518
4.4615,1.3518
4.4621,1.3518
4.4626,1.3518
4.4632,1.3518
4.4637,1.3518
4.4643,1.3518
4.4648,1.3518
4.4654,1.3467
4.4659,1.3467
4.4665,1.3518
4.4670,1.3518
4.4675,1.3467
4.4681,1.3518
4.4686,1.3518
4.4692,1.3518
4.4697,1.3518
4.4703,1.3518
4.4708,1.3518
4.4714,1.3467
4.4719,1.3467
4.4725,1.3467
4.4731,1.3518
4.4736,1.3467
4.4742,1.3467
4.4747,1.3467
4.4752,1.3518
4.4758,1.3518
4.4763,1.3518
4.4769,1.3467
4.4774,1.3417
4.4780,1.3518
4.4785,1.3467
4.4791,1.3467
4.4796,1.3467
4.4802,1.3518
4.4807,1.3518
4.4812,1.3467
4.4818,1.3467
4.4823,1.3467
4.4829,1.3467
4.4834,1.3518
4.4840,1.3467
4.4845,1.3467
4.4853,1.3518
4.4859,1.3518
4.4865,1.3518
4.4870,1.3518
4.4876,1.3518
4.4882,1.3518
4.4887,1.3467
4.4893,1.3417
4.4898,1.3417
4.4904,1.3467
4.4909,1.3518
4.4915,1.3467
4.4920,1.3467
4.4926,1.3467
4.4931,1.3467
4.4937,1.3467
4.4942,1.3467
4.4948,1.3518
4.4953,1.3518
4.4959,1.3467
4.4964,1.3518
4.4969,1.3467
4.4975,1.3417
4.4981,1.3467
4.4986,1.3467
4.4991,1.3518
4.4997,1.3467
4.5002,1.3467
4.5008,1.3467
4.5013,1.3467
4.5019,1.3518
4.5024,1.3518
4.5030,1.3467
4.5036,1.3518
4.5041,1.3467
4.5047,1.3467
4.5052,1.3518
4.5058,1.3467
4.5063,1.3518
4.5069,1.3518
4.5074,1.3467
4.5080,1.3417
4.5085,1.3467
4.5091,1.3467
4.5096,1.3467
4.5102,1.3467
4.5107,1.3467
4.5113,1.3467
4.5118,1.3417
4.5124,1.3467
4.5129,1.3467
4.5135,1.3467
4.5141,1.3467
4.5146,1.3467
4.5152,1.3467
4.5157,1.3467
4.5163,1.3467
4.5168,1.3518
4.5174,1.3467
4.5179,1.3518
4.5185,1.3467
4.5190,1.3467
4.5196,1.3518
4.5201,1.3518
4.5207,1.3417
4.5212,1.3467
4.5218,1.3518
4.5223,1.3467
4.5229,1.3467
4.5234,1.3467
4.5240,1.3467
4.5245,1.3467
4.5250,1.3467
4.5256,1.3518
4.5261,1.3467
4.5267,1.3467
4.5272,1.3467
4.5278,1.3467
4.5283,1.3467
4.5289,1.3467
4.5294,1.3467
4.5300,1.3467
4.5305,1.3467
4.5311,1.3467
4.5316,1.3518
4.5322,1.3467
4.5327,1.3518
4.5333,1.3467
4.5339,1.3467
4.5344,1.3467
4.5350,1.3518
4.5356,1.3417
4.5362,1.3467
4.5368,1.3417
4.5374,1.3467
4.5379,1.3467
4.5385,1.3467
4.5391,1.3467
4.5397,1.3467
4.5403,1.3467
4.5408,1.3518
4.5414,1.3518
4.5420,1.3467
4.5425,1.3467
4.5431,1.3467
4.5437,1.3467
4.5442,1.3417
4.5448,1.3467
4.5453,1.3467
4.5459,1.3467
4.5464,1.3467
4.5470,1.3467
4.5475,1.3467
4.5481,1.3467
4.5487,1.3467
4.5493,1.3467
4.5498,1.3467
4.5504,1.3467
4.5509,1.3467
4.5515,1.3417
4.5520,1.3467
4.5526,1.3467
4.5532,1.3467
4.5537,1.3467
4.5543,1.3467
4.5549,1.3467
4.5554,1.3467
4.5560,1.3467
4.5566,1.3467
4.5572,1.3467
4.5578,1.3467
4.5584,1.3417
4.5590,1.3467
4.5595,1.3467
4.5601,1.3417
4.5606,1.3467
4.5612,1.3467
4.5618,1.3417
4.5623,1.3417
4.5629,1.3467
4.5634,1.3417
4.5640,1.3467
4.5645,1.3467
4.5651,1.3467
4.5657,1.3467
4.5663,1.3417
4.5668,1.3417
4.5674,1.3417
4.5679,1.3467
4.5685,1.3467
4.5690,1.3467
4.5696,1.3467
4.5701,1.3417
4.5707,1.3467
4.5712,1.3467
4.5718,1.3467
4.5723,1.3417
4.5729,1.3467
4.5734,1.3467
4.5740,1.3467
4.5745,1.3467
4.5751,1.3467
4.5756,1.3417
4.5761,1.3467
4.5767,1.3417
4.5772,1.3417
4.5778,1.3467
4.5783,1.3417
4.5789,1.3467
4.5794,1.3467
4.5800,1.3467
4.5805,1.3467
4.5811,1.3467
4.5816,1.3467
4.5822,1.3467
4.5828,1.3417
4.5833,1.3467
4.5839,1.3417
4.5844,1.3417
4.5850,1.3417
4.5855,1.3417
4.5861,1.3467
4.5866,1.3417
4.5871,1.3417
4.5877,1.3467
4.5882,1.3417
4.5888,1.3417
4.5893,1.3417
4.5899,1.3467
4.5904,1.3417
4.5910,1.3467
4.5915,1.3417
4.5921,1.3417
4.5926,1.3417
4.5931,1.3417
4.5937,1.3467
4.5942,1.3467
4.5948,1.3367
4.5953,1.3417
4.5959,1.3467
4.5964,1.3467
4.5970,1.3467
4.5975,1.3417
4.5981,1.3417
4.5986,1.3467
4.5992,1.3417
4.5997,1.3417
4.6003,1.3417
4.6008,1.3467
4.6014,1.3417
4.6019,1.3467
4.6025,1.3467
4.6030,1.3417
4.6036,1.3467
4.6042,1.3417
4.6047,1.3417
4.6052,1.3417
4.6058,1.3417
4.6063,1.3467
4.6069,1.3417
4.6074,1.3417
4.6080,1.3417
4.6085,1.3417
4.6091,1.3417
4.6096,1.3467
4.6102,1.3417
4.6107,1.3417
4.6113,1.3417
4.6118,1.3467
4.6124,1.3467
4.6129,1.3417
4.6134,1.3417
4.6140,1.3417
4.6147,1.3467
4.6152,1.3417
4.6158,1.3417
4.6163,1.3417
4.6168,1.3417
4.6174,1.3367
4.6179,1.3417
4.6185,1.3417
4.6190,1.3417
4.6195,1.3417
4.6201,1.3367
4.6206,1.3417
4.6212,1.3417
4.6217,1.3417
4.6222,1.3467
4.6228,1.3417
4.6233,1.3417
4.6239,1.3367
4.6244,1.3467
4.6250,1.3417
4.6255,1.3417
4.6261,1.3417
4.6266,1.3417
4.6271,1.3417
4.6277,1.3417
4.6282,1.3417
4.6288,1.3417
4.6293,1.3417
4.6299,1.3417
4.6304,1.3417
4.6309,1.3417
4.6315,1.3367
4.6320,1.3417
4.6326,1.3417
4.6331,1.3417
4.6337,1.3367
4.6342,1.3417
4.6347,1.3367
4.6353,1.3417
4.6358,1.3417
4.6364,1.3417
4.6369,1.3417
4.6375,1.3417
4.6380,1.3367
4.6413,1.3367
4.6418,1.3417
4.6424,1.3417
4.6429,1.3367
4.6435,1.3367
4.6440,1.3367
4.6445,1.3417
4.6451,1.3417
4.6456,1.3367
4.6462,1.3417
4.6467,1.3367
4.6472,1.3417
4.6478,1.3367
4.6483,1.3367
4.6488,1.3417
4.6494,1.3417
4.6499,1.3417
4.6504,1.3417
4.6510,1.3367
4.6515,1.3417
4.6521,1.3417
4.6526,1.3417
4.6531,1.3417
4.6537,1.3367
4.6542,1.3367
4.6548,1.3367
4.6553,1.3417
4.6558,1.3367
4.6564,1.3417
4.6569,1.3367
4.6574,1.3367
4.6580,1.3367
4.6585,1.3367
4.6591,1.3367
4.6596,1.3367
4.6601,1.3367
4.6607,1.3417
4.6612,1.3417
4.6617,1.3417
4.6623,1.3316
4.6628,1.3367
4.6634,1.3367
4.6639,1.3417
4.6644,1.3367
4.6650,1.3367
4.6655,1.3417
4.6660,1.3316
4.6666,1.3367
4.6671,1.3316
4.6676,1.3417
4.6682,1.3367
4.6687,1.3417
4.6693,1.3367
4.6698,1.3367
4.6703,1.3367
4.6709,1.3367
4.6714,1.3367
4.6720,1.3367
4.6725,1.3417
4.6731,1.3367
4.6737,1.3367
4.6742,1.3417
4.6747,1.3367
4.6753,1.3367
4.6758,1.3417
4.6764,1.3367
4.6769,1.3417
4.6775,1.3367
4.6780,1.3367
4.6786,1.3367
4.6791,1.3367
4.6796,1.3367
4.6802,1.3316
4.6807,1.3367
4.6813,1.3367
4.6818,1.3417
4.6823,1.3367
4.6829,1.3367
4.6834,1.3316
4.6840,1.3367
4.6845,1.3367
4.6850,1.3367
4.6856,1.3367
4.6861,1.3367
4.6867,1.3367
4.6872,1.3367
4.6878,1.3367
4.6883,1.3367
4.6888,1.3367
4.6894,1.3367
4.6899,1.3367
4.6905,1.3316
4.6910,1.3316
4.6915,1.3316
4.6921,1.3367
4.6926,1.3367
4.6932,1.3367
4.6937,1.3316
4.6942,1.3367
4.6948,1.3316
4.6953,1.3367
4.6959,1.3367
4.6964,1.3316
4.6970,1.3316
4.6975,1.3367
4.6980,1.3367
4.6986,1.3417
4.6991,1.3316
4.6997,1.3316
4.7002,1.3316
4.7007,1.3367
4.7013,1.3316
4.7018,1.3367
4.7024,1.3367
4.7029,1.3316
4.7034,1.3367
4.7040,1.3316
4.7045,1.3367
4.7051,1.3316
4.7056,1.3367
4.7061,1.3367
4.7067,1.3367
4.7072,1.3367
4.7077,1.3316
4.7083,1.3367
4.7088,1.3316
4.7094,1.3367
4.7099,1.3316
4.7104,1.3367
4.7110,1.3367
4.7115,1.3316
4.7120,1.3367
4.7126,1.3316
4.7132,1.3316
4.7137,1.3367
4.7142,1.3316
4.7148,1.3316
4.7154,1.3367
4.7162,1.3316
4.7168,1.3316
4.7173,1.3417
4.7179,1.3316
4.7184,1.3316
4.7189,1.3316
4.7195,1.3367
4.7200,1.3316
4.7206,1.3316
4.7211,1.3367
4.7217,1.3316
4.7222,1.3316
4.7227,1.3316
4.7233,1.3316
4.7238,1.3316
4.7244,1.3316
4.7249,1.3316
4.7255,1.3316
4.7260,1.3316
4.7265,1.3367
4.7271,1.3316
4.7276,1.3266
4.7282,1.3316
4.7287,1.3316
4.7293,1.3316
4.7298,1.3316
4.7303,1.3316
4.7309,1.3316
4.7314,1.3316
4.7320,1.3316
4.7325,1.3367
4.7331,1.3367
4.7336,1.3266
4.7341,1.3316
4.7347,1.3316
4.7352,1.3316
4.7358,1.3316
4.7363,1.3316
4.7369,1.3367
4.7374,1.3316
4.7379,1.3367
4.7385,1.3316
4.7390,1.3316
4.7396,1.3316
4.7401,1.3316
4.7407,1.3266
4.7412,1.3316
4.7417,1.3316
4.7423,1.3316
4.7428,1.3316
4.7434,1.3266
4.7439,1.3266
4.7445,1.3316
4.7450,1.3215
4.7456,1.3316
4.7462,1.3316
4.7469,1.3266
4.7475,1.3316
4.7481,1.3316
4.7488,1.3316
4.7494,1.3367
4.7500,1.3316
4.7506,1.3266
4.7512,1.3316
4.7517,1.3367
4.7523,1.3266
4.7528,1.3266
4.7534,1.3316
4.7540,1.3266
4.7545,1.3316
4.7551,1.3316
4.7557,1.3316
4.7562,1.3316
4.7568,1.3316
4.7574,1.3266
4.7580,1.3316
4.7586,1.3316
4.7591,1.3316
4.7597,1.3316
4.7602,1.3266
4.7608,1.3316
4.7614,1.3316
4.7620,1.3316
4.7625,1.3316
4.7631,1.3316
4.7636,1.3316
4.7642,1.3316
4.7647,1.3316
4.7653,1.3316
4.7659,1.3316
4.7664,1.3266
4.7670,1.3266
4.7675,1.3266
4.7681,1.3316
4.7687,1.3316
4.7692,1.3266
4.7698,1.3266
4.7703,1.3367
4.7708,1.3266
4.7714,1.3266
4.7719,1.3316
4.7725,1.3316
4.7731,1.3266
4.7736,1.3266
4.7742,1.3316
4.7747,1.3316
4.7752,1.3316
4.7758,1.3367
4.7763,1.3215
4.7769,1.3316
4.7774,1.3266
4.7780,1.3316
4.7785,1.3316
4.7791,1.3266
4.7796,1.3266
4.7802,1.3316
4.7807,1.3266
4.7812,1.3316
4.7818,1.3316
4.7824,1.3316
4.7829,1.3266
4.7835,1.3316
4.7840,1.3316
4.7846,1.3266
4.7851,1.3266
4.7857,1.3316
4.7862,1.3316
4.7868,1.3316
4.7873,1.3266
4.7878,1.3266
4.7884,1.3266
4.7889,1.3266
4.7895,1.3316
4.7900,1.3266
4.7906,1.3266
4.7911,1.3266
4.7917,1.3266
4.7922,1.3316
4.7928,1.3266
4.7933,1.3316
4.7939,1.3316
4.7944,1.3316
4.7949,1.3266
4.7955,1.3266
4.7960,1.3215
4.7966,1.3266
4.7971,1.3266
4.7977,1.3316
4.7982,1.3266
4.7988,1.3266
4.7993,1.3266
4.7999,1.3266
4.8004,1.3316
4.8010,1.3266
4.8015,1.3266
4.8021,1.3266
4.8026,1.3266
4.8032,1.3266
4.8037,1.3215
4.8042,1.3266
4.8048,1.3266
4.8053,1.3266
4.8059,1.3266
4.8064,1.3266
4.8070,1.3266
4.8075,1.3266
4.8081,1.3266
4.8086,1.3266
4.8092,1.3266
4.8097,1.3266
4.8102,1.3266
4.8108,1.3266
4.8114,1.3266
4.8120,1.3215
4.8125,1.3266
4.8131,1.3266
4.8136,1.3266
4.8142,1.3266
4.8148,1.3266
4.8153,1.3215
4.8159,1.3266
4.8164,1.3165
4.8170,1.3316
4.8175,1.3266
4.8181,1.3266
4.8186,1.3266
4.8191,1.3266
4.8197,1.3266
4.8202,1.3266
4.8208,1.3215
4.8213,1.3266
4.8218,1.3266
4.8224,1.3266
4.8229,1.3266
4.8235,1.3266
4.8240,1.3266
4.8246,1.3266
4.8251,1.3266
4.8256,1.3215
4.8262,1.3266
4.8267,1.3266
4.8273,1.3266
4.8278,1.3266
4.8283,1.3215
4.8289,1.3266
4.8294,1.3266
4.8300,1.3215
4.8305,1.3266
4.8310,1.3266
4.8316,1.3266
4.8321,1.3266
4.8327,1.3215
4.8332,1.3316
4.8338,1.3215
4.8343,1.3215
4.8348,1.3165
4.8354,1.3266
4.8359,1.3266
4.8364,1.3215
4.8370,1.3266
4.8375,1.3266
4.8381,1.3215
4.8386,1.3266
4.8391,1.3266
4.8397,1.3266
4.8402,1.3215
4.8408,1.3215
4.8413,1.3266
4.8418,1.3215
4.8424,1.3266
4.8429,1.3266
4.8435,1.3316
4.8440,1.3266
4.8445,1.3215
4.8451,1.3266
4.8456,1.3215
4.8462,1.3215
4.8467,1.3215
4.8472,1.3266
4.8478,1.3215
4.8483,1.3266
4.8489,1.3215
4.8494,1.3266
4.8499,1.3215
4.8505,1.3215
4.8510,1.3266
4.8516,1.3266
4.8521,1.3266
4.8526,1.3215
4.8532,1.3266
4.8537,1.3215
4.8543,1.3266
4.8548,1.3266
4.8554,1.3266
4.8559,1.3266
4.8565,1.3215
4.8570,1.3165
4.8575,1.3215
4.8581,1.3266
4.8586,1.3215
4.8592,1.3266
4.8597,1.3266
4.8603,1.3266
4.8608,1.3266
4.8614,1.3266
4.8619,1.3266
4.8624,1.3266
4.8630,1.3215
4.8635,1.3266
4.8641,1.3215
4.8646,1.3266
4.8651,1.3266
4.8657,1.3266
4.8662,1.3266
4.8668,1.3215
4.8673,1.3266
4.8678,1.3215
4.8684,1.3215
4.8689,1.3266
4.8695,1.3215
4.8700,1.3215
4.8705,1.3266
4.8711,1.3215
4.8716,1.3165
4.8722,1.3266
4.8727,1.3266
4.8733,1.3215
4.8738,1.3215
4.8743,1.3266
4.8749,1.3215
4.8761,1.3266
4.8766,1.3215
4.8772,1.3266
4.8777,1.3266
4.8783,1.3266
4.8788,1.3215
4.8794,1.3266
4.8799,1.3266
4.8805,1.3215
4.8810,1.3266
4.8816,1.3266
4.8821,1.3266
4.8827,1.3266
4.8832,1.3266
4.8838,1.3215
4.8843,1.3266
4.8849,1.3266
4.8854,1.3266
4.8860,1.3215
4.8865,1.3215
4.8871,1.3266
4.8876,1.3266
4.8882,1.3215
4.8887,1.3215
4.8893,1.3266
4.8898,1.3215
4.8904,1.3266
4.8909,1.3215
4.8915,1.3316
4.8920,1.3266
4.8926,1.3215
4.8932,1.3266
4.8937,1.3215
4.8942,1.3266
4.8948,1.3266
4.8953,1.3266
4.8959,1.3266
4.8964,1.3215
4.8970,1.3266
4.8975,1.3266
4.8985,1.3266
4.8990,1.3266
4.8996,1.3266
4.9001,1.3215
4.9007,1.3266
4.9012,1.3316
4.9018,1.3316
4.9023,1.3316
4.9029,1.3316
4.9035,1.3215
4.9040,1.3316
4.9045,1.3215
4.9051,1.3316
4.9056,1.3266
4.9062,1.3316
4.9067,1.3367
4.9073,1.3316
4.9078,1.3316
4.9084,1.3316
4.9090,1.3316
4.9095,1.3316
4.9101,1.3367
4.9106,1.3367
4.9112,1.3367
4.9117,1.3367
4.9123,1.3367
4.9128,1.3316
4.9134,1.3316
4.9139,1.3316
4.9145,1.3367
4.9150,1.3367
4.9156,1.3367
4.9161,1.3367
4.9167,1.3367
4.9172,1.3417
4.9178,1.3367
4.9183,1.3417
4.9189,1.3367
4.9195,1.3367
4.9200,1.3417
4.9207,1.3417
4.9212,1.3417
4.9218,1.3417
4.9223,1.3417
4.9229,1.3417
4.9234,1.3467
4.9239,1.3417
4.9245,1.3417
4.9250,1.3417
4.9256,1.3417
4.9261,1.3467
4.9266,1.3417
4.9272,1.3417
4.9277,1.3467
4.9283,1.3467
4.9288,1.3417
4.9294,1.3467
4.9299,1.3467
4.9304,1.3467
4.9310,1.3417
4.9315,1.3467
4.9321,1.3467
4.9326,1.3467
4.9331,1.3467
4.9337,1.3467
4.9342,1.3518
4.9348,1.3518
4.9353,1.3467
4.9358,1.3467
4.9364,1.3518
4.9369,1.3467
4.9375,1.3518
4.9380,1.3518
4.9385,1.3518
4.9391,1.3568
4.9396,1.3518
4.9402,1.3518
4.9407,1.3568
4.9412,1.3518
4.9418,1.3568
4.9423,1.3518
4.9429,1.3467
4.9434,1.3568
4.9439,1.3518
4.9445,1.3568
4.9450,1.3518
4.9456,1.3518
4.9461,1.3568
4.9466,1.3518
4.9472,1.3518
4.9477,1.3518
4.9483,1.3568
4.9488,1.3518
4.9493,1.3619
4.9499,1.3568
4.9504,1.3568
4.9510,1.3518
4.9515,1.3568
4.9520,1.3518
4.9526,1.3619
4.9531,1.3518
4.9537,1.3568
4.9542,1.3568
4.9547,1.3568
4.9553,1.3568
4.9559,1.3568
4.9564,1.3619
4.9569,1.3568
4.9575,1.3619
4.9580,1.3568
4.9586,1.3619
4.9591,1.3568
4.9596,1.3568
4.9602,1.3568
4.9607,1.3568
4.9613,1.3518
4.9618,1.3568
4.9623,1.3619
4.9629,1.3619
4.9634,1.3619
4.9640,1.3568
4.9645,1.3568
4.9650,1.3619
4.9656,1.3568
4.9661,1.3568
4.9667,1.3619
4.9672,1.3619
4.9677,1.3619
4.9683,1.3619
4.9688,1.3619
4.9694,1.3619
4.9699,1.3568
4.9705,1.3619
4.9710,1.3619
4.9716,1.3619
4.9721,1.3619
4.9726,1.3568
4.9732,1.3619
4.9737,1.3619
4.9743,1.3619
4.9748,1.3619
4.9753,1.3669
4.9759,1.3619
4.9764,1.3619
4.9770,1.3619
4.9775,1.3619
4.9780,1.3619
4.9786,1.3568
4.9791,1.3619
4.9797,1.3568
4.9802,1.3669
4.9807,1.3568
4.9813,1.3619
4.9818,1.3619
4.9824,1.3568
4.9829,1.3568
4.9834,1.3619
4.9840,1.3669
4.9845,1.3568
4.9851,1.3669
4.9856,1.3669
4.9861,1.3669
4.9867,1.3619
4.9872,1.3568
4.9878,1.3619
4.9883,1.3669
4.9888,1.3568
4.9894,1.3619
4.9899,1.3669
4.9905,1.3619
4.9910,1.3619
4.9915,1.3619
4.9921,1.3619
4.9926,1.3619
4.9932,1.3619
4.9937,1.3619
4.9942,1.3619
4.9948,1.3568
4.9953,1.3619
4.9959,1.3619
4.9964,1.3619
4.9969,1.3619
4.9975,1.3669
4.9980,1.3619
4.9986,1.3619
4.9991,1.3619
4.9996,1.3619
5.0002,1.3619
5.0007,1.3568
5.0013,1.3669
5.0018,1.3619
5.0023,1.3669
5.0029,1.3619
5.0034,1.3619
5.0040,1.3619
5.0045,1.3619
5.0050,1.3619
5.0056,1.3619
5.0061,1.3619
5.0067,1.3619
5.0072,1.3619
5.0077,1.3669
5.0083,1.3619
5.0088,1.3619
5.0094,1.3619
5.0099,1.3669
5.0104,1.3619
5.0110,1.3619
5.0115,1.3568
5.0121,1.3619
5.0126,1.3619
5.0131,1.3568
5.0137,1.3619
5.0142,1.3619
5.0148,1.3669
5.0153,1.3669
5.0158,1.3619
5.0165,1.3619
5.0170,1.3619
5.0176,1.3619
5.0181,1.3669
5.0187,1.3619
5.0192,1.3619
5.0198,1.3619
5.0203,1.3619
5.0209,1.3619
5.0214,1.3669
5.0220,1.3619
5.0225,1.3568
5.0231,1.3619
5.0236,1.3619
5.0242,1.3619
5.0248,1.3619
5.0253,1.3669
5.0259,1.3619
5.0264,1.3669
5.0270,1.3619
5.0275,1.3568
5.0281,1.3619
5.0286,1.3669
5.0291,1.3619
5.0297,1.3669
5.0302,1.3568
5.0308,1.3619
5.0313,1.3619
5.0319,1.3619
5.0324,1.3619
5.0330,1.3619
5.0336,1.3669
5.0341,1.3619
5.0349,1.3619
5.0355,1.3568
5.0432,1.3619
5.0438,1.3568
5.0443,1.3568
5.0449,1.3619
5.0454,1.3619
5.0460,1.3568
5.0465,1.3619
5.0471,1.3619
5.0476,1.3619
5.0482,1.3669
5.0488,1.3619
5.0494,1.3619
5.0500,1.3568
5.0505,1.3568
5.0511,1.3619
5.0516,1.3568
5.0522,1.3568
5.0528,1.3568
5.0533,1.3619
5.0539,1.3619
5.0545,1.3568
5.0551,1.3619
5.0557,1.3568
5.0562,1.3619
5.0568,1.3568
5.0574,1.3568
5.0582,1.3619
5.0587,1.3619
5.0593,1.3568
5.0599,1.3619
5.0605,1.3619
5.0610,1.3619
5.0616,1.3568
5.0621,1.3619
5.0627,1.3568
5.0632,1.3619
5.0638,1.3568
5.0643,1.3619
5.0649,1.3568
5.0654,1.3568
5.0660,1.3619
5.0666,1.3619
5.0671,1.3619
5.0677,1.3568
5.0683,1.3619
5.0688,1.3619
5.0693,1.3568
5.0699,1.3619
5.0704,1.3568
5.0710,1.3568
5.0715,1.3568
5.0721,1.3619
5.0726,1.3518
5.0732,1.3568
5.0737,1.3619
5.0743,1.3619
5.0748,1.3568
5.0754,1.3568
5.0759,1.3568
5.0765,1.3568
5.0770,1.3568
5.0776,1.3568
5.0781,1.3619
5.0787,1.3568
5.0792,1.3568
5.0798,1.3568
5.0803,1.3568
5.0809,1.3568
5.0815,1.3568
5.0820,1.3568
5.0826,1.3619
5.0832,1.3518
5.0837,1.3568
5.0843,1.3568
5.0848,1.3568
5.0854,1.3568
5.0859,1.3568
5.0865,1.3518
5.0870,1.3619
5.0876,1.3568
5.0881,1.3568
5.0887,1.3518
5.0892,1.3568
5.0898,1.3568
5.0903,1.3518
5.0909,1.3518
5.0914,1.3568
5.0920,1.3518
5.0925,1.3518
5.0931,1.3518
5.0936,1.3518
5.0942,1.3568
5.0947,1.3568
5.0953,1.3518
5.0958,1.3518
5.0964,1.3568
5.0969,1.3568
5.0975,1.3518
5.0980,1.3518
5.0986,1.3568
5.0991,1.3518
5.0997,1.3518
5.1002,1.3518
5.1008,1.3518
5.1013,1.3568
5.1019,1.3518
5.1025,1.3467
5.1030,1.3518
5.1036,1.3518
5.1041,1.3518
5.1047,1.3518
5.1052,1.3518
5.1058,1.3467
5.1063,1.3518
5.1069,1.3518
5.1074,1.3518
5.1080,1.3568
5.1085,1.3467
5.1091,1.3568
5.1096,1.3518
5.1102,1.3518
5.1107,1.3518
5.1113,1.3568
5.1118,1.3518
5.1124,1.3518
5.1129,1.3518
5.1135,1.3568
5.1140,1.3467
5.1146,1.3518
5.1151,1.3518
5.1157,1.3518
5.1162,1.3518
5.1169,1.3467
5.1175,1.3467
5.1180,1.3467
5.1186,1.3467
5.1191,1.3518
5.1196,1.3467
5.1202,1.3518
5.1207,1.3518
5.1213,1.3467
5.1218,1.3518
5.1224,1.3518
5.1229,1.3518
5.1234,1.3518
5.1240,1.3467
5.1245,1.3467
5.1251,1.3518
5.1256,1.3467
5.1262,1.3467
5.1267,1.3518
5.1272,1.3518
5.1278,1.3467
5.1283,1.3518
5.1289,1.3518
5.1294,1.3518
5.1300,1.3467
5.1305,1.3467
5.1311,1.3518
5.1316,1.3467
5.1321,1.3518
5.1327,1.3467
5.1332,1.3467
5.1338,1.3518
5.1343,1.3467
5.1349,1.3467
5.1354,1.3467
5.1359,1.3518
5.1365,1.3467
5.1370,1.3467
5.1376,1.3467
5.1381,1.3467
5.1387,1.3417
5.1392,1.3467
5.1397,1.3467
5.1403,1.3467
5.1408,1.3467
5.1414,1.3467
5.1419,1.3467
5.1425,1.3518
5.1430,1.3417
5.1436,1.3467
5.1441,1.3518
5.1447,1.3417
5.1452,1.3467
5.1458,1.3467
5.1463,1.3417
5.1468,1.3467
5.1474,1.3467
5.1479,1.3467
5.1485,1.3467
5.1490,1.3467
5.1496,1.3467
5.1501,1.3467
5.1507,1.3417
5.1512,1.3417
5.1517,1.3417
5.1523,1.3417
5.1528,1.3467
5.1534,1.3467
5.1539,1.3417
5.1545,1.3417
5.1550,1.3417
5.1555,1.3467
5.1561,1.3467
5.1566,1.3467
5.1572,1.3417
5.1577,1.3467
5.1583,1.3467
5.1588,1.3467
5.1594,1.3417
5.1599,1.3467
5.1604,1.3417
5.1610,1.3417
5.1615,1.3417
5.1621,1.3417
5.1626,1.3467
5.1632,1.3417
5.1637,1.3417
5.1642,1.3417
5.1648,1.3417
5.1653,1.3417
5.1659,1.3467
5.1664,1.3467
5.1670,1.3367
5.1675,1.3467
5.1680,1.3417
5.1686,1.3417
5.1691,1.3467
5.1700,1.3467
5.1706,1.3467
5.1711,1.3417
5.1717,1.3417
5.1722,1.3467
5.1728,1.3417
5.1733,1.3417
5.1738,1.3367
5.1744,1.3417
5.1749,1.3417
5.1755,1.3417
5.1760,1.3417
5.1765,1.3417
5.1771,1.3417
5.1776,1.3367
5.1782,1.3417
5.1787,1.3417
5.1792,1.3417
5.1798,1.3417
5.1803,1.3417
5.1809,1.3467
5.1814,1.3417
5.1819,1.3417
5.1825,1.3417
5.1830,1.3417
5.1836,1.3417
5.1841,1.3417
5.1847,1.3367
5.1852,1.3417
5.1857,1.3417
5.1863,1.3417
5.1868,1.3367
5.1874,1.3417
5.1879,1.3417
5.1884,1.3367
5.1890,1.3417
5.1895,1.3417
5.1901,1.3417
5.1906,1.3417
5.1911,1.3417
5.1917,1.3417
5.1922,1.3417
5.1928,1.3417
5.1933,1.3417
5.1939,1.3467
5.1944,1.3417
5.1949,1.3417
5.1955,1.3417
5.1960,1.3417
5.1966,1.3417
5.1971,1.3367
5.1976,1.3417
5.1982,1.3467
5.1987,1.3367
5.1993,1.3367
5.1998,1.3367
5.2003,1.3367
5.2009,1.3417
5.2014,1.3367
5.2020,1.3417
5.2025,1.3417
5.2031,1.3367
5.2036,1.3417
5.2041,1.3367
5.2047,1.3417
5.2052,1.3417
5.2058,1.3417
5.2063,1.3367
5.2069,1.3367
5.2074,1.3417
5.2079,1.3367
5.2085,1.3417
5.2090,1.3417
5.2096,1.3417
5.2101,1.3367
5.2107,1.3417
5.2112,1.3417
5.2117,1.3367
5.2123,1.3367
5.2128,1.3467
5.2134,1.3417
5.2139,1.3367
5.2145,1.3467
5.2150,1.3417
5.2156,1.3417
5.2161,1.3367
5.2166,1.3367
5.2172,1.3417
5.2178,1.3367
5.2184,1.3467
5.2189,1.3367
5.2195,1.3367
5.2200,1.3417
5.2206,1.3417
5.2211,1.3367
5.2217,1.3417
5.2222,1.3417
5.2228,1.3417
5.2233,1.3417
5.2239,1.3367
5.2244,1.3367
5.2250,1.3417
5.2255,1.3367
5.2261,1.3417
5.2266,1.3367
5.2272,1.3417
5.2277,1.3316
5.2283,1.3417
5.2288,1.3367
5.2294,1.3367
5.2299,1.3467
5.2305,1.3417
5.2310,1.3417
5.2316,1.3367
5.2321,1.3417
5.2327,1.3367
5.2332,1.3417
5.2338,1.3417
5.2343,1.3367
5.2349,1.3367
5.2354,1.3417
5.2360,1.3367
5.2365,1.3417
5.2371,1.3367
5.2376,1.3367
5.2382,1.3417
5.2387,1.3316
5.2393,1.3417
5.2398,1.3367
5.2404,1.3367
5.2409,1.3417
5.2415,1.3417
5.2420,1.3367
5.2426,1.3367
5.2431,1.3367
5.2437,1.3367
5.2442,1.3417
5.2448,1.3417
5.2453,1.3417
5.2459,1.3367
5.2464,1.3417
5.2470,1.3367
5.2475,1.3316
5.2481,1.3417
5.2486,1.3367
5.2492,1.3417
5.2497,1.3367
5.2503,1.3367
5.2508,1.3367
5.2514,1.3367
5.2519,1.3367
5.2525,1.3417
5.2530,1.3367
5.2536,1.3417
5.2541,1.3417
5.2547,1.3367
5.2552,1.3417
5.2558,1.3417
5.2563,1.3367
5.2569,1.3367
5.2574,1.3367
5.2580,1.3367
5.2585,1.3417
5.2591,1.3367
5.2596,1.3417
5.2602,1.3316
5.2607,1.3367
5.2613,1.3367
5.2618,1.3367
5.2624,1.3367
5.2629,1.3316
5.2635,1.3316
5.2640,1.3367
5.2646,1.3316
5.2651,1.3367
5.2657,1.3367
5.2662,1.3367
5.2668,1.3367
5.2673,1.3367
5.2679,1.3417
5.2684,1.3367
5.2690,1.3367
5.2695,1.3367
5.2701,1.3417
5.2706,1.3367
5.2712,1.3367
5.2717,1.3367
5.2723,1.3367
5.2728,1.3316
5.2734,1.3367
5.2740,1.3417
5.2745,1.3367
5.2751,1.3367
5.2756,1.3417
5.2762,1.3417
5.2767,1.3316
5.2773,1.3367
5.2778,1.3367
5.2784,1.3417
5.2789,1.3316
5.2795,1.3316
5.2800,1.3367
5.2805,1.3367
5.2811,1.3316
5.2817,1.3417
5.2822,1.3367
5.2828,1.3367
5.2833,1.3367
5.2839,1.3367
5.2844,1.3367
5.2850,1.3367
5.2855,1.3316
5.2861,1.3367
5.2866,1.3367
5.2872,1.3367
5.2877,1.3367
5.2883,1.3367
5.2888,1.3367
5.2894,1.3316
5.2899,1.3367
5.2905,1.3367
5.2910,1.3367
5.2916,1.3367
5.2921,1.3367
5.2927,1.3367
5.2932,1.3367
5.2938,1.3367
5.2943,1.3367
5.2949,1.3417
5.2954,1.3316
5.2960,1.3316
5.2965,1.3367
5.2971,1.3367
5.2976,1.3316
5.2982,1.3367
5.2987,1.3417
5.2993,1.3316
5.2998,1.3367
5.3004,1.3367
5.3009,1.3367
5.3015,1.3367
5.3020,1.3316
5.3026,1.3367
5.3031,1.3316
5.3037,1.3316
5.3042,1.3316
5.3048,1.3367
5.3053,1.3316
5.3059,1.3367
5.3064,1.3316
5.3070,1.3316
5.3075,1.3367
5.3081,1.3367
5.3086,1.3367
5.3092,1.3367
5.3097,1.3367
5.3103,1.3367
5.3108,1.3367
5.3114,1.3367
5.3119,1.3367
5.3125,1.3367
5.3130,1.3316
5.3136,1.3316
5.3141,1.3367
5.3147,1.3266
5.3152,1.3367
5.3158,1.3367
5.3163,1.3316
5.3169,1.3367
5.3174,1.3316
5.3180,1.3367
5.3186,1.3367
5.3191,1.3367
5.3197,1.3367
5.3202,1.3367
5.3208,1.3316
5.3213,1.3367
5.3219,1.3367
5.3224,1.3316
5.3230,1.3316
5.3235,1.3367
5.3241,1.3367
5.3246,1.3367
5.3252,1.3316
5.3257,1.3367
5.3263,1.3316
5.3268,1.3367
5.3274,1.3266
5.3279,1.3367
5.3285,1.3367
5.3290,1.3316
5.3296,1.3316
5.3301,1.3367
5.3307,1.3316
5.3312,1.3367
5.3317,1.3316
5.3323,1.3316
5.3328,1.3316
5.3334,1.3316
5.3340,1.3316
5.3345,1.3316
5.3350,1.3367
5.3356,1.3316
5.3361,1.3367
5.3367,1.3316
5.3372,1.3316
5.3378,1.3266
5.3383,1.3266
5.3389,1.3367
5.3394,1.3367
5.3400,1.3266
5.3405,1.3316
5.3411,1.3367
5.3416,1.3316
5.3422,1.3266
5.3427,1.3367
5.3433,1.3316
5.3438,1.3316
5.3444,1.3316
5.3449,1.3316
5.3455,1.3316
5.3461,1.3316
5.3467,1.3316
5.3473,1.3316
5.3479,1.3367
5.3486,1.3266
5.3493,1.3316
5.3499,1.3316
5.3505,1.3316
5.3511,1.3316
5.3517,1.3316
5.3523,1.3316
5.3528,1.3266
5.3534,1.3266
5.3540,1.3316
5.3546,1.3316
5.3552,1.3316
5.3557,1.3316
5.3563,1.3316
5.3568,1.3316
5.3574,1.3316
5.3579,1.3316
5.3585,1.3316
5.3591,1.3266
5.3596,1.3316
5.3602,1.3316
5.3608,1.3266
5.3613,1.3316
5.3619,1.3316
5.3624,1.3316
5.3630,1.3266
5.3635,1.3316
5.3641,1.3316
5.3646,1.3316
5.3652,1.3316
5.3658,1.3316
5.3663,1.3316
5.3669,1.3266
5.3674,1.3316
5.3680,1.3316
5.3685,1.3316
5.3691,1.3316
5.3696,1.3316
5.3702,1.3316
5.3707,1.3316
5.3713,1.3316
5.3718,1.3316
5.3724,1.3316
5.3729,1.3316
5.3735,1.3367
5.3740,1.3266
5.3746,1.3316
5.3751,1.3316
5.3757,1.3266
5.3762,1.3316
5.3768,1.3316
5.3773,1.3316
5.3779,1.3266
5.3784,1.3316
5.3790,1.3316
5.3795,1.3316
5.3801,1.3316
5.3806,1.3266
5.3812,1.3316
5.3817,1.3316
5.3823,1.3316
5.3829,1.3316
5.3834,1.3316
5.3840,1.3266
5.3846,1.3266
5.3851,1.3266
5.3857,1.3266
5.3862,1.3316
5.3868,1.3266
5.3873,1.3266
5.3879,1.3316
5.3884,1.3316
5.3890,1.3266
5.3895,1.3266
5.3901,1.3316
5.3906,1.3266
5.3912,1.3316
5.3917,1.3266
5.3923,1.3316
5.3928,1.3266
5.3934,1.3316
5.3939,1.3266
5.3945,1.3316
5.3950,1.3266
5.3956,1.3316
5.3961,1.3266
5.3967,1.3316
5.3972,1.3266
5.3978,1.3266
5.3983,1.3266
5.3989,1.3266
5.3994,1.3266
5.4000,1.3266
5.4005,1.3266
5.4011,1.3316
5.4016,1.3266
5.4022,1.3266
5.4027,1.3266
5.4033,1.3266
5.4038,1.3215
5.4044,1.3266
5.4049,1.3266
5.4055,1.3316
5.4060,1.3266
5.4066,1.3266
5.4071,1.3266
5.4077,1.3266
5.4082,1.3266
5.4088,1.3266
5.4093,1.3266
5.4099,1.3316
5.4104,1.3215
5.4110,1.3215
5.4115,1.3266
5.4121,1.3266
5.4126,1.3266
5.4132,1.3266
5.4137,1.3266
5.4143,1.3266
5.4148,1.3266
5.4154,1.3215
5.4159,1.3266
5.4165,1.3266
5.4170,1.3266
5.4175,1.3266
5.4181,1.3266
5.4186,1.3266
5.4192,1.3266
5.4198,1.3266
5.4203,1.3266
5.4209,1.3266
5.4214,1.3266
5.4220,1.3266
5.4225,1.3215
5.4231,1.3266
5.4236,1.3266
5.4242,1.3266
5.4247,1.3266
5.4253,1.3215
5.4258,1.3266
5.4264,1.3266
5.4269,1.3215
5.4275,1.3266
5.4280,1.3215
5.4286,1.3316
5.4291,1.3215
5.4297,1.3266
5.4302,1.3215
5.4308,1.3266
5.4313,1.3215
5.4319,1.3215
5.4324,1.3266
5.4330,1.3266
5.4335,1.3266
5.4341,1.3266
5.4346,1.3266
5.4352,1.3266
5.4357,1.3215
5.4363,1.3266
5.4368,1.3215
5.4374,1.3215
5.4379,1.3266
5.4385,1.3215
5.4390,1.3266
5.4396,1.3266
5.4401,1.3215
5.4407,1.3266
5.4412,1.3266
5.4418,1.3266
5.4423,1.3266
5.4429,1.3266
5.4434,1.3215
5.4440,1.3266
5.4445,1.3215
5.4451,1.3165
5.4456,1.3266
5.4462,1.3215
5.4467,1.3215
5.4473,1.3266
5.4478,1.3266
5.4484,1.3266
5.4489,1.3266
5.4495,1.3215
5.4500,1.3215
5.4506,1.3266
5.4511,1.3266
5.4517,1.3266
5.4522,1.3215
5.4528,1.3266
5.4533,1.3266
5.4539,1.3266
5.4544,1.3266
5.4550,1.3266
5.4555,1.3266
5.4561,1.3266
5.4566,1.3266
5.4572,1.3266
5.4577,1.3215
5.4583,1.3215
5.4588,1.3215
5.4594,1.3215
5.4599,1.3215
5.4605,1.3266
5.4610,1.3215
5.4616,1.3215
5.4621,1.3266
5.4627,1.3215
5.4632,1.3215
5.4638,1.3215
5.4643,1.3215
5.4649,1.3215
5.4654,1.3215
5.4660,1.3266
5.4665,1.3215
5.4671,1.3215
5.4676,1.3165
5.4682,1.3266
5.4687,1.3266
5.4693,1.3215
5.4698,1.3266
5.4704,1.3165
5.4709,1.3165
5.4715,1.3215
5.4720,1.3215
5.4726,1.3215
5.4731,1.3215
5.4737,1.3215
5.4742,1.3266
5.4748,1.3266
5.4753,1.3165
5.4759,1.3215
5.4764,1.3215
5.4770,1.3215
5.4775,1.3215
5.4781,1.3215
5.4786,1.3215
5.4792,1.3266
5.4797,1.3215
5.4803,1.3215
5.4808,1.3215
5.4814,1.3266
5.4819,1.3215
5.4825,1.3165
5.4830,1.3215
5.4836,1.3266
5.4841,1.3215
5.4847,1.3266
5.4852,1.3215
5.4858,1.3266
5.4863,1.3215
5.4869,1.3215
5.4874,1.3215
5.4880,1.3215
5.4885,1.3215
5.4891,1.3266
5.4896,1.3215
5.4902,1.3215
5.4907,1.3165
5.4913,1.3215
5.4918,1.3215
5.4924,1.3215
5.4929,1.3215
5.4935,1.3215
5.4940,1.3266
5.4946,1.3215
5.4951,1.3215
5.4957,1.3215
5.4962,1.3215
5.4968,1.3165
5.4973,1.3215
5.4979,1.3215
5.4984,1.3165
5.4990,1.3215
5.4995,1.3215
5.5001,1.3215
5.5006,1.3165
5.5012,1.3215
5.5017,1.3215
5.5023,1.3215
5.5028,1.3266
5.5034,1.3215
5.5039,1.3215
5.5045,1.3215
5.5050,1.3215
5.5056,1.3215
5.5061,1.3215
5.5067,1.3215
5.5072,1.3215
5.5078,1.3215
5.5083,1.3215
5.5089,1.3215
5.5094,1.3215
5.5100,1.3215
5.5105,1.3215
5.5110,1.3266
5.5116,1.3215
5.5121,1.3266
5.5127,1.3215
5.5132,1.3165
5.5138,1.3215
5.5144,1.3215
5.5149,1.3215
5.5154,1.3215
5.5160,1.3215
5.5165,1.3215
5.5171,1.3165
5.5176,1.3215
5.5182,1.3165
5.5187,1.3215
5.5193,1.3215
5.5199,1.3215
5.5204,1.3215
5.5210,1.3215
5.5215,1.3165
5.5221,1.3215
5.5226,1.3165
5.5232,1.3165
5.5237,1.3165
5.5243,1.3215
5.5248,1.3215
5.5254,1.3215
5.5259,1.3215
5.5265,1.3215
5.5270,1.3215
5.5276,1.3165
5.5281,1.3165
5.5287,1.3266
5.5292,1.3215
5.5298,1.3165
5.5303,1.3215
5.5309,1.3215
5.5314,1.3215
5.5320,1.3215
5.5325,1.3215
5.5331,1.3215
5.5336,1.3215
5.5342,1.3165
5.5348,1.3165
5.5354,1.3215
5.5432,1.3165
5.5438,1.3215
5.5443,1.3165
5.5449,1.3165
5.5454,1.3165
5.5459,1.3215
5.5465,1.3215
5.5470,1.3215
5.5476,1.3215
5.5481,1.3165
5.5487,1.3215
5.5493,1.3215
5.5498,1.3215
5.5504,1.3165
5.5509,1.3215
5.5515,1.3215
5.5520,1.3165
5.5526,1.3165
5.5532,1.3215
5.5538,1.3215
5.5544,1.3165
5.5549,1.3266
5.5555,1.3215
5.5561,1.3165
5.5567,1.3215
5.5573,1.3165
5.5579,1.3215
5.5584,1.3215
5.5590,1.3215
5.5596,1.3215
5.5601,1.3215
5.5607,1.3165
5.5612,1.3165
5.5618,1.3215
5.5623,1.3215
5.5629,1.3215
5.5634,1.3215
5.5639,1.3266
5.5645,1.3165
5.5650,1.3215
5.5656,1.3215
5.5661,1.3215
5.5667,1.3215
5.5673,1.3165
5.5679,1.3215
5.5684,1.3215
5.5689,1.3165
5.5695,1.3215
5.5700,1.3215
5.5706,1.3215
5.5711,1.3215
5.5717,1.3215
5.5722,1.3215
5.5728,1.3215
5.5733,1.3215
5.5738,1.3215
5.5744,1.3215
5.5749,1.3215
5.5755,1.3215
5.5760,1.3165
5.5766,1.3215
5.5771,1.3165
5.5776,1.3165
5.5782,1.3215
5.5787,1.3165
5.5793,1.3165
5.5798,1.3215
5.5804,1.3215
5.5809,1.3165
5.5814,1.3215
5.5820,1.3165
5.5826,1.3266
5.5832,1.3215
5.5837,1.3165
5.5843,1.3165
5.5848,1.3215
5.5854,1.3165
5.5859,1.3165
5.5864,1.3215
5.5870,1.3165
5.5875,1.3215
5.5881,1.3215
5.5886,1.3215
5.5892,1.3215
5.5897,1.3165
5.5902,1.3266
5.5908,1.3215
5.5913,1.3215
5.5919,1.3215
5.5924,1.3215
5.5929,1.3165
5.5935,1.3165
5.5940,1.3215
5.5946,1.3165
5.5951,1.3215
5.5957,1.3215
5.5962,1.3165
5.5967,1.3165
5.5973,1.3215
5.5978,1.3215
5.5984,1.3215
5.5989,1.3215
5.5995,1.3215
5.6001,1.3215
5.6006,1.3266
5.6011,1.3215
5.6017,1.3215
5.6022,1.3165
5.6028,1.3215
5.6033,1.3266
5.6039,1.3215
5.6044,1.3266
5.6049,1.3266
5.6055,1.3266
5.6060,1.3215
5.6066,1.3215
5.6071,1.3215
5.6077,1.3266
5.6082,1.3266
5.6087,1.3266
5.6093,1.3215
5.6098,1.3215
5.6104,1.3266
5.6109,1.3266
5.6115,1.3215
5.6120,1.3266
5.6125,1.3266
5.6131,1.3266
5.6136,1.3266
5.6142,1.3215
5.6147,1.3215
5.6153,1.3266
5.6158,1.3266
5.6163,1.3316
5.6169,1.3266
5.6174,1.3266
5.6180,1.3316
5.6185,1.3266
5.6191,1.3316
5.6196,1.3316
5.6203,1.3316
5.6208,1.3266
5.6214,1.3316
5.6219,1.3316
5.6224,1.3266
5.6230,1.3316
5.6235,1.3266
5.6241,1.3316
5.6246,1.3367
5.6251,1.3266
5.6257,1.3316
5.6262,1.3367
5.6267,1.3367
5.6273,1.3367
5.6278,1.3316
5.6284,1.3367
5.6289,1.3316
5.6294,1.3367
5.6300,1.3316
5.6305,1.3367
5.6310,1.3367
5.6316,1.3367
5.6321,1.3367
5.6326,1.3367
5.6332,1.3417
5.6337,1.3367
5.6343,1.3316
5.6348,1.3367
5.6353,1.3367
5.6359,1.3367
5.6364,1.3367
5.6370,1.3367
5.6375,1.3367
5.6380,1.3367
5.6386,1.3367
5.6391,1.3417
5.6396,1.3417
5.6402,1.3417
5.6407,1.3417
5.6412,1.3417
5.6418,1.3417
5.6423,1.3417
5.6429,1.3417
5.6434,1.3417
5.6439,1.3417
5.6445,1.3417
5.6450,1.3417
5.6455,1.3467
5.6461,1.3417
5.6466,1.3467
5.6472,1.3417
5.6477,1.3467
5.6482,1.3467
5.6488,1.3467
5.6493,1.3417
5.6523,1.3417
5.6529,1.3467
5.6535,1.3518
5.6541,1.3467
5.6547,1.3467
5.6553,1.3518
5.6558,1.3467
5.6563,1.3467
5.6569,1.3467
5.6574,1.3518
5.6580,1.3467
5.6585,1.3467
5.6590,1.3467
5.6596,1.3467
5.6601,1.3518
5.6606,1.3518
5.6612,1.3467
5.6617,1.3518
5.6623,1.3467
5.6628,1.3518
5.6633,1.3467
5.6639,1.3518
5.6644,1.3518
5.6650,1.3518
5.6655,1.3467
5.6660,1.3518
5.6666,1.3467
5.6671,1.3518
5.6676,1.3518
5.6682,1.3568
5.6687,1.3518
5.6693,1.3518
5.6698,1.3518
5.6703,1.3518
5.6709,1.3518
5.6714,1.3518
5.6720,1.3518
5.6725,1.3518
5.6731,1.3518
5.6736,1.3568
5.6741,1.3518
5.6747,1.3518
5.6752,1.3518
5.6757,1.3568
5.6763,1.3568
5.6768,1.3568
5.6774,1.3568
5.6779,1.3568
5.6784,1.3568
5.6790,1.3568
5.6795,1.3467
5.6800,1.3568
5.6806,1.3518
5.6811,1.3568
5.6816,1.3568
5.6822,1.3518
5.6827,1.3568
5.6833,1.3518
5.6838,1.3518
5.6843,1.3518
5.6849,1.3568
5.6854,1.3568
5.6859,1.3568
5.6865,1.3568
5.6870,1.3568
5.6876,1.3568
5.6881,1.3568
5.6886,1.3568
5.6892,1.3518
5.6897,1.3518
5.6902,1.3619
5.6908,1.3568
5.6913,1.3568
5.6919,1.3568
5.6924,1.3568
5.6929,1.3518
5.6935,1.3568
5.6940,1.3568
5.6945,1.3518
5.6951,1.3568
5.6956,1.3619
5.6962,1.3568
5.6967,1.3568
5.6972,1.3619
5.6978,1.3568
5.6983,1.3568
5.6988,1.3568
5.6994,1.3568
5.6999,1.3518
5.7004,1.3568
5.7010,1.3568
5.7015,1.3568
5.7021,1.3568
5.7026,1.3568
5.7031,1.3518
5.7037,1.3568
5.7042,1.3568
5.7048,1.3619
5.7053,1.3568
5.7058,1.3518
5.7064,1.3568
5.7069,1.3568
5.7075,1.3568
5.7080,1.3619
5.7085,1.3619
5.7091,1.3568
5.7096,1.3619
5.7102,1.3568
5.7107,1.3568
5.7112,1.3619
5.7118,1.3619
5.7123,1.3568
5.7129,1.3568
5.7134,1.3568
5.7139,1.3568
5.7145,1.3568
5.7150,1.3568
5.7156,1.3518
5.7161,1.3568
5.7166,1.3568
5.7172,1.3568
5.7177,1.3568
5.7183,1.3568
5.7188,1.3568
5.7193,1.3568
5.7199,1.3518
5.7204,1.3568
5.7211,1.3619
5.7216,1.3619
5.7222,1.3568
5.7227,1.3568
5.7233,1.3568
5.7238,1.3568
5.7244,1.3568
5.7249,1.3568
5.7254,1.3568
5.7260,1.3568
5.7265,1.3518
5.7271,1.3619
5.7276,1.3568
5.7282,1.3568
5.7287,1.3568
5.7293,1.3619
5.7298,1.3568
5.7304,1.3619
5.7309,1.3568
5.7314,1.3568
5.7320,1.3568
5.7325,1.3568
5.7331,1.3568
5.7336,1.3568
5.7342,1.3568
5.7347,1.3568
5.7353,1.3619
5.7358,1.3568
5.7364,1.3568
5.7369,1.3518
5.7375,1.3619
5.7380,1.3568
5.7385,1.3619
5.7391,1.3568
5.7397,1.3568
5.7402,1.3619
5.7408,1.3568
5.7413,1.3619
5.7418,1.3568
5.7424,1.3568
5.7429,1.3619
5.7435,1.3568
5.7440,1.3518
5.7446,1.3518
5.7451,1.3568
5.7457,1.3568
5.7462,1.3568
5.7467,1.3568
5.7473,1.3568
5.7478,1.3568
5.7484,1.3568
5.7489,1.3568
5.7495,1.3619
5.7500,1.3568
5.7505,1.3568
5.7511,1.3619
5.7516,1.3518
5.7522,1.3518
5.7527,1.3518
5.7533,1.3568
5.7538,1.3568
5.7544,1.3568
5.7549,1.3619
5.7555,1.3568
5.7560,1.3568
5.7566,1.3568
5.7571,1.3518
5.7576,1.3568
5.7582,1.3568
5.7587,1.3568
5.7593,1.3568
5.7598,1.3518
5.7604,1.3568
5.7609,1.3518
5.7615,1.3518
5.7620,1.3619
5.7626,1.3518
5.7631,1.3518
5.7637,1.3568
5.7642,1.3568
5.7648,1.3568
5.7653,1.3568
5.7658,1.3568
5.7664,1.3568
5.7669,1.3518
5.7675,1.3568
5.7680,1.3518
5.7686,1.3568
5.7691,1.3518
5.7697,1.3518
5.7702,1.3518
5.7708,1.3518
5.7713,1.3568
5.7719,1.3568
5.7724,1.3518
5.7729,1.3568
5.7735,1.3518
5.7740,1.3518
5.7746,1.3518
5.7751,1.3518
5.7757,1.3518
5.7762,1.3518
5.7768,1.3518
5.7773,1.3518
5.7779,1.3518
5.7784,1.3467
5.7790,1.3518
5.7795,1.3518
5.7801,1.3518
5.7806,1.3518
5.7811,1.3518
5.7817,1.3568
5.7822,1.3518
5.7828,1.3518
5.7833,1.3518
5.7839,1.3518
5.7844,1.3518
5.7850,1.3467
5.7855,1.3518
5.7861,1.3518
5.7866,1.3518
5.7871,1.3518
5.7877,1.3518
5.7882,1.3467
5.7888,1.3518
5.7893,1.3518
5.7899,1.3518
5.7904,1.3518
5.7910,1.3518
5.7915,1.3467
5.7921,1.3417
5.7926,1.3467
5.7932,1.3518
5.7937,1.3467
5.7943,1.3518
5.7948,1.3467
5.7953,1.3467
5.7959,1.3518
5.7964,1.3467
5.7970,1.3518
5.7975,1.3467
5.7981,1.3467
5.7986,1.3467
5.7992,1.3518
5.7997,1.3467
5.8003,1.3417
5.8008,1.3467
5.8013,1.3518
5.8019,1.3417
5.8024,1.3467
5.8030,1.3467
5.8036,1.3467
5.8041,1.3467
5.8047,1.3467
5.8052,1.3417
5.8057,1.3467
5.8063,1.3518
5.8068,1.3417
5.8074,1.3467
5.8079,1.3467
5.8085,1.3467
5.8091,1.3467
5.8096,1.3417
5.8102,1.3467
5.8107,1.3417
5.8112,1.3467
5.8118,1.3417
5.8123,1.3417
5.8129,1.3467
5.8134,1.3467
5.8140,1.3417
5.8145,1.3467
5.8151,1.3467
5.8156,1.3467
5.8162,1.3417
5.8167,1.3467
5.8173,1.3417
5.8178,1.3417
5.8184,1.3467
5.8189,1.3467
5.8194,1.3467
5.8200,1.3417
5.8205,1.3417
5.8211,1.3467
5.8217,1.3467
5.8222,1.3417
5.8228,1.3417
5.8233,1.3417
5.8239,1.3417
5.8244,1.3467
5.8249,1.3417
5.8255,1.3467
5.8260,1.3417
5.8266,1.3417
5.8271,1.3417
5.8277,1.3417
5.8282,1.3417
5.8288,1.3417
5.8293,1.3417
5.8299,1.3467
5.8304,1.3417
5.8310,1.3467
5.8315,1.3417
5.8320,1.3417
5.8326,1.3417
5.8331,1.3417
5.8337,1.3417
5.8342,1.3417
5.8348,1.3417
5.8353,1.3417
5.8359,1.3417
5.8364,1.3367
5.8370,1.3417
5.8375,1.3367
5.8381,1.3417
5.8386,1.3417
5.8391,1.3417
5.8397,1.3367
5.8402,1.3417
5.8408,1.3417
5.8413,1.3417
5.8419,1.3417
5.8424,1.3367
5.8430,1.3367
5.8435,1.3417
5.8441,1.3316
5.8446,1.3367
5.8452,1.3367
5.8457,1.3417
5.8462,1.3417
5.8468,1.3367
5.8473,1.3417
5.8479,1.3316
5.8484,1.3417
5.8490,1.3367
5.8495,1.3367
5.8501,1.3367
5.8506,1.3417
5.8512,1.3417
5.8517,1.3367
5.8523,1.3367
5.8528,1.3367
5.8533,1.3367
5.8539,1.3367
5.8544,1.3367
5.8550,1.3367
5.8555,1.3367
5.8561,1.3417
5.8566,1.3367
5.8572,1.3367
5.8577,1.3367
5.8583,1.3316
5.8588,1.3417
5.8594,1.3316
5.8599,1.3417
5.8604,1.3367
5.8610,1.3367
5.8615,1.3367
5.8621,1.3367
5.8626,1.3367
5.8632,1.3367
5.8637,1.3417
5.8643,1.3367
5.8648,1.3316
5.8654,1.3367
5.8659,1.3367
5.8665,1.3367
5.8670,1.3367
5.8676,1.3367
5.8681,1.3367
5.8686,1.3316
5.8692,1.3367
5.8697,1.3367
5.8703,1.3367
5.8708,1.3367
5.8714,1.3367
5.8719,1.3367
5.8725,1.3367
5.8730,1.3367
5.8736,1.3367
5.8741,1.3367
5.8747,1.3316
5.8752,1.3367
5.8758,1.3316
5.8763,1.3367
5.8769,1.3316
5.8774,1.3367
5.8779,1.3367
5.8785,1.3367
5.8791,1.3316
5.8796,1.3367
5.8801,1.3316
5.8807,1.3367
5.8812,1.3367
5.8818,1.3367
5.8823,1.3367
5.8829,1.3367
5.8834,1.3316
5.8840,1.3367
5.8845,1.3417
5.8851,1.3367
5.8856,1.3316
5.8862,1.3367
5.8867,1.3367
5.8873,1.3367
5.8878,1.3367
5.8883,1.3367
5.8889,1.3316
5.8894,1.3367
5.8900,1.3367
5.8905,1.3316
5.8911,1.3367
5.8916,1.3367
5.8922,1.3367
5.8927,1.3367
5.8933,1.3367
5.8938,1.3367
5.8944,1.3316
5.8949,1.3316
5.8954,1.3316
5.8960,1.3367
5.8965,1.3316
5.8971,1.3367
5.8976,1.3367
5.8982,1.3367
5.8987,1.3367
5.8993,1.3266
5.8998,1.3367
5.9004,1.3367
5.9009,1.3367
5.9015,1.3367
5.9020,1.3367
5.9025,1.3367
5.9031,1.3367
5.9037,1.3316
5.9042,1.3316
5.9048,1.3316
5.9053,1.3367
5.9059,1.3316
5.9064,1.3367
5.9070,1.3316
5.9075,1.3367
5.9080,1.3316
5.9086,1.3367
5.9091,1.3367
5.9097,1.3316
5.9102,1.3367
5.9108,1.3316
5.9113,1.3316
5.9119,1.3417
5.9124,1.3367
5.9130,1.3316
5.9135,1.3316
5.9141,1.3367
5.9146,1.3367
5.9152,1.3316
5.9157,1.3367
5.9162,1.3316
5.9168,1.3367
5.9173,1.3367
5.9179,1.3316
5.9184,1.3367
5.9190,1.3316
5.9195,1.3316
5.9201,1.3367
5.9206,1.3367
5.9212,1.3367
5.9217,1.3316
5.9223,1.3316
5.9228,1.3316
5.9234,1.3367
5.9239,1.3367
5.9245,1.3316
5.9250,1.3367
5.9256,1.3316
5.9261,1.3367
5.9267,1.3316
5.9272,1.3316
5.9277,1.3316
5.9283,1.3367
5.9288,1.3316
5.9294,1.3367
5.9299,1.3316
5.9305,1.3316
5.9310,1.3316
5.9316,1.3316
5.9321,1.3316
5.9327,1.3316
5.9332,1.3316
5.9338,1.3316
5.9343,1.3316
5.9348,1.3316
5.9354,1.3367
5.9359,1.3316
5.9365,1.3367
5.9370,1.3316
5.9376,1.3367
5.9381,1.3316
5.9387,1.3367
5.9392,1.3316
5.9398,1.3316
5.9403,1.3316
5.9409,1.3367
5.9414,1.3316
5.9419,1.3316
5.9425,1.3316
5.9430,1.3316
5.9436,1.3367
5.9441,1.3316
5.9447,1.3367
5.9452,1.3316
5.9458,1.3367
5.9465,1.3316
5.9471,1.3316
5.9477,1.3266
5.9483,1.3367
5.9489,1.3367
5.9495,1.3316
5.9501,1.3316
5.9507,1.3316
5.9514,1.3367
5.9520,1.3316
5.9525,1.3316
5.9531,1.3316
5.9537,1.3367
5.9543,1.3316
5.9549,1.3316
5.9555,1.3316
5.9561,1.3316
5.9567,1.3316
5.9572,1.3316
5.9578,1.3316
5.9584,1.3316
5.9589,1.3316
5.9595,1.3266
5.9600,1.3367
5.9606,1.3316
5.9611,1.3316
5.9617,1.3316
5.9622,1.3316
5.9628,1.3367
5.9633,1.3316
5.9639,1.3316
5.9644,1.3266
5.9650,1.3316
5.9655,1.3316
5.9661,1.3367
5.9667,1.3316
5.9673,1.3266
5.9678,1.3266
5.9684,1.3316
5.9689,1.3316
5.9695,1.3316
5.9700,1.3316
5.9706,1.3316
5.9711,1.3367
5.9717,1.3316
5.9723,1.3316
5.9728,1.3316
5.9734,1.3316
5.9739,1.3316
5.9744,1.3316
5.9750,1.3316
5.9755,1.3316
5.9761,1.3316
5.9766,1.3316
5.9772,1.3316
5.9777,1.3316
5.9783,1.3316
5.9788,1.3316
5.9794,1.3316
5.9799,1.3316
5.9805,1.3367
5.9810,1.3316
5.9815,1.3367
5.9821,1.3316
5.9827,1.3316
5.9833,1.3316
5.9838,1.3316
5.9844,1.3316
5.9849,1.3316
5.9855,1.3316
5.9860,1.3316
5.9866,1.3266
5.9871,1.3316
5.9876,1.3316
5.9882,1.3316
5.9887,1.3266
5.9893,1.3316
5.9898,1.3266
5.9904,1.3266
5.9909,1.3266
5.9915,1.3316
5.9920,1.3316
5.9926,1.3316
5.9931,1.3266
5.9937,1.3316
5.9942,1.3266
5.9947,1.3316
5.9953,1.3316
5.9958,1.3266
5.9964,1.3316
5.9969,1.3266
5.9975,1.3316
5.9980,1.3316
5.9986,1.3316
5.9991,1.3316
5.9997,1.3316
6.0002,1.3316
6.0007,1.3316
6.0013,1.3316
6.0018,1.3316
6.0024,1.3266
6.0029,1.3316
6.0035,1.3316
6.0040,1.3266
6.0046,1.3316
6.0051,1.3266
6.0057,1.3266
6.0062,1.3316
6.0068,1.3316
6.0073,1.3266
6.0078,1.3316
6.0084,1.3316
6.0089,1.3316
6.0095,1.3266
6.0100,1.3316
6.0106,1.3266
6.0111,1.3266
6.0117,1.3266
6.0122,1.3266
6.0127,1.3266
6.0133,1.3266
6.0138,1.3266
6.0144,1.3316
6.0149,1.3316
6.0155,1.3266
6.0160,1.3266
6.0166,1.3316
6.0171,1.3316
6.0177,1.3316
6.0182,1.3316
6.0188,1.3316
6.0193,1.3316
6.0199,1.3316
6.0204,1.3266
6.0210,1.3316
6.0215,1.3316
6.0221,1.3316
6.0226,1.3266
6.0232,1.3266
6.0237,1.3316
6.0242,1.3266
6.0248,1.3316
6.0253,1.3266
6.0259,1.3266
6.0264,1.3316
6.0270,1.3266
6.0275,1.3266
6.0281,1.3266
6.0286,1.3316
6.0292,1.3266
6.0297,1.3266
6.0303,1.3266
6.0308,1.3316
6.0313,1.3316
6.0319,1.3316
6.0324,1.3266
6.0330,1.3316
6.0336,1.3266
6.0341,1.3266
6.0347,1.3215
6.0353,1.3316
6.0359,1.3266
6.0365,1.3215
6.0371,1.3266
6.0377,1.3316
6.0383,1.3266
6.0389,1.3266
6.0394,1.3266
6.0400,1.3266
6.0406,1.3266
6.0411,1.3316
6.0417,1.3266
6.0422,1.3266
6.0428,1.3266
6.0434,1.3215
6.0439,1.3266
6.0445,1.3266
6.0450,1.3266
6.0456,1.3316
6.0461,1.3266
6.0467,1.3266
6.0472,1.3215
6.0478,1.3266
6.0483,1.3215
6.0489,1.3215
6.0495,1.3266
6.0501,1.3266
6.0506,1.3266
6.0512,1.3266
6.0517,1.3266
6.0523,1.3316
6.0529,1.3266
6.0534,1.3316
6.0540,1.3316
6.0546,1.3266
6.0552,1.3316
6.0557,1.3266
6.0563,1.3266
6.0569,1.3266
6.0575,1.3215
6.0580,1.3266
6.0586,1.3266
6.0592,1.3266
6.0598,1.3266
6.0603,1.3316
6.0609,1.3266
6.0614,1.3215
6.0620,1.3215
6.0625,1.3266
6.0631,1.3266
6.0636,1.3266
6.0642,1.3266
6.0647,1.3266
6.0653,1.3266
6.0658,1.3266
6.0665,1.3266
6.0670,1.3266
6.0676,1.3215
6.0681,1.3266
6.0687,1.3215
6.0692,1.3266
6.0698,1.3215
6.0703,1.3266
6.0709,1.3266
6.0714,1.3316
6.0719,1.3266
6.0725,1.3316
6.0732,1.3266
6.0737,1.3266
6.0743,1.3266
6.0748,1.3215
6.0753,1.3266
6.0759,1.3215
6.0764,1.3316
6.0770,1.3215
6.0775,1.3266
6.0781,1.3266
6.0786,1.3215
6.0791,1.3215
6.0797,1.3215
6.0802,1.3266
6.0808,1.3266
6.0813,1.3266
6.0819,1.3266
6.0825,1.3266
6.0831,1.3215
6.0837,1.3215
6.0842,1.3266
6.0848,1.3215
6.0853,1.3266
6.0859,1.3266
6.0864,1.3266
6.0869,1.3266
6.0875,1.3266
6.0880,1.3266
6.0886,1.3215
6.0891,1.3266
6.0897,1.3215
6.0902,1.3266
6.0908,1.3215
6.0913,1.3215
6.0919,1.3215
6.0924,1.3215
6.0930,1.3266
6.0935,1.3215
6.0940,1.3266
6.0946,1.3215
6.0951,1.3266
6.0957,1.3266
6.0962,1.3215
6.0968,1.3215
6.0973,1.3215
6.0978,1.3215
6.0984,1.3215
6.0989,1.3266
6.0995,1.3266
6.1000,1.3266
6.1006,1.3266
6.1011,1.3215
6.1016,1.3215
6.1022,1.3266
6.1027,1.3266
6.1033,1.3215
6.1038,1.3266
6.1044,1.3215
6.1049,1.3215
6.1054,1.3266
6.1060,1.3215
6.1065,1.3266
6.1071,1.3215
6.1076,1.3165
6.1081,1.3215
6.1087,1.3215
6.1092,1.3215
6.1098,1.3165
6.1103,1.3266
6.1109,1.3215
6.1114,1.3215
6.1119,1.3215
6.1125,1.3215
6.1130,1.3215
6.1136,1.3215
6.1141,1.3266
6.1147,1.3215
6.1152,1.3215
6.1158,1.3215
6.1163,1.3266
6.1168,1.3266
6.1174,1.3215
6.1179,1.3266
6.1185,1.3266
6.1190,1.3266
6.1196,1.3215
6.1201,1.3215
6.1206,1.3215
6.1212,1.3266
6.1219,1.3266
6.1224,1.3215
6.1230,1.3215
6.1235,1.3266
6.1241,1.3215
6.1246,1.3266
6.1251,1.3266
6.1257,1.3215
6.1262,1.3165
6.1268,1.3215
6.1273,1.3165
6.1278,1.3215
6.1284,1.3215
6.1289,1.3215
6.1294,1.3215
6.1300,1.3215
6.1305,1.3215
6.1310,1.3215
6.1316,1.3215
6.1321,1.3215
6.1327,1.3165
6.1332,1.3215
6.1337,1.3215
6.1343,1.3215
6.1348,1.3165
6.1353,1.3215
6.1359,1.3215
6.1364,1.3266
6.1370,1.3215
6.1375,1.3215
6.1380,1.3215
6.1386,1.3215
6.1391,1.3165
6.1396,1.3215
6.1402,1.3215
6.1407,1.3215
6.1413,1.3215
6.1418,1.3215
6.1423,1.3165
6.1429,1.3215
6.1434,1.3215
6.1439,1.3165
6.1445,1.3215
6.1450,1.3165
6.1456,1.3215
6.1461,1.3215
6.1466,1.3215
6.1472,1.3215
6.1477,1.3215
6.1482,1.3165
6.1488,1.3266
6.1493,1.3215
6.1498,1.3215
6.1504,1.3215
6.1509,1.3165
6.1515,1.3165
6.1520,1.3266
6.1525,1.3165
6.1531,1.3165
6.1536,1.3215
6.1542,1.3165
6.1547,1.3215
6.1552,1.3165
6.1558,1.3215
6.1563,1.3215
6.1569,1.3165
6.1574,1.3215
6.1579,1.3165
6.1585,1.3215
6.1591,1.3215
6.1596,1.3215
6.1601,1.3215
6.1607,1.3215
6.1612,1.3215
6.1618,1.3165
6.1623,1.3215
6.1628,1.3215
6.1634,1.3165
6.1639,1.3215
6.1645,1.3165
6.1650,1.3114
6.1655,1.3215
6.1661,1.3215
6.1666,1.3215
6.1672,1.3215
6.1677,1.3215
6.1682,1.3215
6.1688,1.3215
6.1693,1.3215
6.1699,1.3165
6.1704,1.3215
6.1709,1.3215
6.1715,1.3165
6.1720,1.3215
6.1726,1.3215
6.1731,1.3215
6.1736,1.3165
6.1742,1.3215
6.1747,1.3215
6.1753,1.3215
6.1758,1.3215
6.1763,1.3165
6.1769,1.3165
6.1774,1.3215
6.1780,1.3165
6.1785,1.3165
6.1790,1.3215
6.1796,1.3215
6.1801,1.3165
6.1807,1.3114
6.1812,1.3215
6.1817,1.3165
6.1823,1.3165
6.1828,1.3165
6.1834,1.3165
6.1839,1.3215
6.1844,1.3215
6.1850,1.3215
6.1855,1.3215
6.1861,1.3215
6.1866,1.3215
6.1871,1.3215
6.1877,1.3165
6.1882,1.3215
6.1888,1.3215
6.1893,1.3215
6.1898,1.3165
6.1904,1.3165
6.1909,1.3165
6.1915,1.3215
6.1920,1.3215
6.1925,1.3215
6.1931,1.3165
6.1936,1.3215
6.1942,1.3165
6.1947,1.3215
6.1952,1.3215
6.1958,1.3215
6.1963,1.3165
6.1969,1.3165
6.1974,1.3215
6.1979,1.3215
6.1985,1.3165
6.1990,1.3215
6.1996,1.3165
6.2001,1.3215
6.2006,1.3165
6.2012,1.3165
6.2017,1.3165
6.2023,1.3215
6.2028,1.3165
6.2034,1.3215
6.2039,1.3165
6.2044,1.3215
6.2050,1.3114
6.2055,1.3165
6.2061,1.3165
6.2066,1.3165
6.2071,1.3215
6.2077,1.3215
6.2082,1.3165
6.2088,1.3114
6.2093,1.3215
6.2098,1.3215
6.2104,1.3165
6.2109,1.3215
6.2115,1.3215
6.2120,1.3165
6.2125,1.3215
6.2131,1.3165
6.2136,1.3215
6.2142,1.3215
6.2147,1.3215
6.2152,1.3165
6.2158,1.3165
6.2163,1.3165
6.2169,1.3165
6.2174,1.3215
6.2179,1.3165
6.2185,1.3215
6.2190,1.3165
6.2196,1.3165
6.2201,1.3215
6.2207,1.3215
6.2212,1.3215
6.2217,1.3215
6.2223,1.3165
6.2228,1.3165
6.2234,1.3165
6.2240,1.3215
6.2246,1.3215
6.2251,1.3215
6.2256,1.3215
6.2262,1.3215
6.2267,1.3165
6.2273,1.3215
6.2279,1.3114
6.2284,1.3215
6.2289,1.3266
6.2295,1.3266
6.2300,1.3215
6.2306,1.3215
6.2311,1.3215
6.2317,1.3266
6.2322,1.3215
6.2328,1.3215
6.2333,1.3215
6.2339,1.3215
6.2344,1.3266
6.2350,1.3215
6.2355,1.3266
6.2360,1.3215
6.2366,1.3266
6.2371,1.3266
6.2377,1.3266
6.2382,1.3266
6.2388,1.3266
6.2393,1.3266
6.2399,1.3215
6.2404,1.3215
6.2410,1.3316
6.2415,1.3266
6.2421,1.3266
6.2426,1.3316
6.2431,1.3266
6.2437,1.3266
6.2442,1.3316
6.2448,1.3316
6.2453,1.3266
6.2459,1.3266
6.2464,1.3316
6.2470,1.3316
6.2475,1.3316
6.2481,1.3266
6.2486,1.3316
6.2492,1.3266
6.2497,1.3316
6.2502,1.3316
6.2508,1.3367
6.2513,1.3316
6.2519,1.3316
6.2524,1.3316
6.2530,1.3266
6.2535,1.3367
6.2541,1.3316
6.2546,1.3316
6.2552,1.3316
6.2557,1.3367
6.2563,1.3316
6.2568,1.3316
6.2573,1.3367
6.2579,1.3316
6.2584,1.3316
6.2590,1.3367
6.2595,1.3367
6.2601,1.3367
6.2606,1.3417
6.2612,1.3367
6.2617,1.3417
6.2623,1.3417
6.2628,1.3417
6.2633,1.3367
6.2639,1.3417
6.2644,1.3417
6.2650,1.3417
6.2655,1.3367
6.2661,1.3367
6.2666,1.3417
6.2672,1.3417
6.2677,1.3417
6.2683,1.3417
6.2688,1.3417
6.2694,1.3417
6.2699,1.3417
6.2704,1.3417
6.2710,1.3467
6.2715,1.3467
6.2721,1.3417
6.2726,1.3467
6.2732,1.3417
6.2737,1.3467
6.2743,1.3467
6.2748,1.3417
6.2754,1.3467
6.2759,1.3417
6.2765,1.3467
6.2770,1.3467
6.2775,1.3467
6.2781,1.3417
6.2786,1.3467
6.2792,1.3467
6.2797,1.3467
6.2803,1.3467
6.2808,1.3467
6.2814,1.3467
6.2819,1.3467
6.2825,1.3467
6.2830,1.3518
6.2836,1.3467
6.2841,1.3467
6.2847,1.3518
6.2852,1.3467
6.2858,1.3467
6.2863,1.3467
6.2869,1.3518
6.2874,1.3518
6.2879,1.3518
6.2885,1.3518
6.2890,1.3518
6.2896,1.3518
6.2901,1.3518
6.2907,1.3518
6.2912,1.3467
6.2918,1.3568
6.2923,1.3518
6.2929,1.3518
6.2934,1.3518
6.2940,1.3467
6.2945,1.3568
6.2950,1.3518
6.2956,1.3518
6.2961,1.3518
6.2967,1.3518
6.2973,1.3518
6.2978,1.3467
6.2983,1.3518
6.2989,1.3518
6.2994,1.3518
6.3000,1.3467
6.3005,1.3518
6.3011,1.3568
6.3016,1.3518
6.3022,1.3518
6.3027,1.3568
6.3033,1.3518
6.3038,1.3568
6.3044,1.3568
6.3049,1.3568
6.3055,1.3568
6.3060,1.3568
6.3065,1.3568
6.3071,1.3568
6.3076,1.3518
6.3082,1.3568
6.3087,1.3518
6.3093,1.3568
6.3098,1.3518
6.3104,1.3518
6.3109,1.3568
6.3115,1.3568
6.3120,1.3568
6.3125,1.3518
6.3131,1.3568
6.3136,1.3568
6.3142,1.3568
6.3147,1.3568
6.3153,1.3568
6.3158,1.3518
6.3164,1.3568
6.3169,1.3568
6.3175,1.3568
6.3180,1.3568
6.3186,1.3568
6.3191,1.3568
6.3196,1.3568
6.3202,1.3619
6.3207,1.3518
6.3213,1.3619
6.3218,1.3518
6.3224,1.3568
6.3229,1.3568
6.3235,1.3619
6.3240,1.3619
6.3246,1.3568
6.3251,1.3568
6.3257,1.3518
6.3262,1.3619
6.3268,1.3568
6.3273,1.3619
6.3279,1.3568
6.3284,1.3568
6.3290,1.3568
6.3295,1.3568
6.3300,1.3568
6.3306,1.3568
6.3311,1.3568
6.3317,1.3619
6.3322,1.3568
6.3328,1.3568
6.3333,1.3619
6.3339,1.3568
6.3344,1.3568
6.3350,1.3568
6.3355,1.3568
6.3361,1.3568
6.3366,1.3568
6.3371,1.3568
6.3377,1.3568
6.3382,1.3568
6.3388,1.3568
6.3393,1.3568
6.3399,1.3568
6.3404,1.3568
6.3410,1.3568
6.3415,1.3619
6.3421,1.3568
6.3426,1.3568
6.3432,1.3518
6.3437,1.3568
6.3443,1.3518
6.3448,1.3568
6.3453,1.3518
6.3459,1.3568
6.3464,1.3568
6.3470,1.3619
6.3475,1.3619
6.3481,1.3568
6.3486,1.3568
6.3492,1.3568
6.3497,1.3568
6.3503,1.3568
6.3508,1.3518
6.3513,1.3568
6.3519,1.3568
6.3524,1.3619
6.3530,1.3568
6.3536,1.3619
6.3541,1.3619
6.3546,1.3568
6.3552,1.3568
6.3557,1.3568
6.3563,1.3619
6.3568,1.3568
6.3574,1.3518
6.3579,1.3619
6.3585,1.3568
6.3590,1.3518
6.3596,1.3619
6.3601,1.3568
6.3607,1.3619
6.3612,1.3568
6.3617,1.3568
6.3623,1.3568
6.3628,1.3568
6.3634,1.3568
6.3639,1.3619
6.3645,1.3568
6.3650,1.3518
6.3656,1.3619
6.3661,1.3568
6.3667,1.3568
6.3672,1.3568
6.3678,1.3568
6.3683,1.3619
6.3689,1.3568
6.3694,1.3619
6.3700,1.3568
6.3705,1.3568
6.3711,1.3619
6.3716,1.3568
6.3721,1.3568
6.3727,1.3568
6.3732,1.3518
6.3738,1.3568
6.3743,1.3568
6.3749,1.3568
6.3754,1.3568
6.3760,1.3568
6.3765,1.3568
6.3771,1.3568
6.3776,1.3568
6.3782,1.3518
6.3787,1.3568
6.3792,1.3568
6.3798,1.3568
6.3803,1.3568
6.3809,1.3568
6.3814,1.3568
6.3820,1.3568
6.3825,1.3518
6.3831,1.3568
6.3836,1.3568
6.3842,1.3518
6.3847,1.3568
6.3853,1.3568
6.3858,1.3518
6.3864,1.3518
6.3869,1.3568
6.3875,1.3518
6.3880,1.3568
6.3886,1.3568
6.3891,1.3568
6.3897,1.3518
6.3902,1.3568
6.3908,1.3518
6.3913,1.3568
6.3918,1.3518
6.3924,1.3518
6.3929,1.3518
6.3935,1.3467
6.3940,1.3568
6.3946,1.3518
6.3951,1.3518
6.3957,1.3568
6.3962,1.3568
6.3968,1.3518
6.3973,1.3518
6.3979,1.3568
6.3984,1.3518
6.3989,1.3568
6.3995,1.3518
6.4000,1.3518
6.4006,1.3568
6.4011,1.3518
6.4017,1.3568
6.4022,1.3518
6.4028,1.3518
6.4033,1.3518
6.4039,1.3518
6.4044,1.3518
6.4049,1.3518
6.4055,1.3518
6.4060,1.3568
6.4066,1.3518
6.4071,1.3518
6.4077,1.3518
6.4082,1.3467
6.4088,1.3518
6.4093,1.3518
6.4099,1.3518
6.4104,1.3518
6.4110,1.3568
6.4115,1.3518
6.4120,1.3518
6.4126,1.3467
6.4131,1.3518
6.4137,1.3568
6.4142,1.3467
6.4148,1.3518
6.4153,1.3417
6.4159,1.3518
6.4164,1.3518
6.4170,1.3518
6.4175,1.3518
6.4181,1.3518
6.4186,1.3518
6.4191,1.3518
6.4197,1.3518
6.4202,1.3518
6.4208,1.3467
6.4213,1.3518
6.4219,1.3518
6.4224,1.3467
6.4230,1.3467
6.4235,1.3467
6.4241,1.3467
6.4246,1.3467
6.4252,1.3518
6.4257,1.3467
6.4263,1.3467
6.4268,1.3568
6.4274,1.3467
6.4279,1.3467
6.4285,1.3467
6.4290,1.3518
6.4295,1.3467
6.4301,1.3467
6.4306,1.3467
6.4312,1.3467
6.4317,1.3467
6.4323,1.3518
6.4328,1.3518
6.4334,1.3467
6.4339,1.3417
6.4345,1.3467
6.4350,1.3518
6.4356,1.3467
6.4361,1.3417
6.4367,1.3467
6.4372,1.3417
6.4378,1.3467
6.4383,1.3467
6.4389,1.3417
6.4394,1.3467
6.4400,1.3467
6.4405,1.3417
6.4410,1.3467
6.4416,1.3467
6.4421,1.3467
6.4427,1.3467
6.4432,1.3467
6.4438,1.3467
6.4443,1.3518
6.4449,1.3417
6.4454,1.3467
6.4460,1.3417
6.4465,1.3467
6.4472,1.3367
6.4478,1.3467
6.4483,1.3467
6.4489,1.3417
6.4495,1.3417
6.4500,1.3417
6.4506,1.3417
6.4511,1.3467
6.4517,1.3417
6.4522,1.3417
6.4528,1.3467
6.4533,1.3467
6.4539,1.3467
6.4544,1.3467
6.4550,1.3417
6.4555,1.3417
6.4561,1.3467
6.4566,1.3417
6.4572,1.3467
6.4577,1.3417
6.4582,1.3417
6.4588,1.3417
6.4593,1.3417
6.4599,1.3367
6.4604,1.3417
6.4610,1.3417
6.4615,1.3367
6.4621,1.3467
6.4626,1.3417
6.4632,1.3417
6.4637,1.3417
6.4643,1.3417
6.4648,1.3417
6.4654,1.3417
6.4659,1.3367
6.4665,1.3417
6.4670,1.3467
6.4676,1.3417
6.4681,1.3417
6.4687,1.3417
6.4692,1.3367
6.4698,1.3417
6.4703,1.3417
6.4709,1.3417
6.4714,1.3367
6.4720,1.3417
6.4725,1.3417
6.4731,1.3367
6.4736,1.3417
6.4742,1.3417
6.4747,1.3367
6.4753,1.3417
6.4758,1.3417
6.4764,1.3367
6.4769,1.3367
6.4775,1.3417
6.4780,1.3367
6.4786,1.3417
6.4791,1.3417
6.4797,1.3417
6.4802,1.3367
6.4807,1.3316
6.4813,1.3367
6.4818,1.3417
6.4824,1.3417
6.4829,1.3367
6.4835,1.3417
6.4840,1.3367
6.4846,1.3367
6.4851,1.3417
6.4857,1.3367
6.4862,1.3367
6.4868,1.3367
6.4873,1.3367
6.4879,1.3316
6.4884,1.3367
6.4890,1.3367
6.4895,1.3367
6.4901,1.3417
6.4906,1.3367
6.4912,1.3367
6.4917,1.3367
6.4923,1.3367
6.4928,1.3367
6.4934,1.3367
6.4939,1.3367
6.4945,1.3367
6.4950,1.3367
6.4956,1.3316
6.4961,1.3367
6.4967,1.3367
6.4972,1.3316
6.4978,1.3367
6.4983,1.3367
6.4988,1.3367
6.4994,1.3417
6.4999,1.3367
6.5005,1.3367
6.5010,1.3367
6.5016,1.3367
6.5021,1.3367
6.5027,1.3367
6.5032,1.3367
6.5038,1.3316
6.5043,1.3316
6.5049,1.3316
6.5055,1.3316
6.5060,1.3316
6.5066,1.3367
6.5071,1.3367
6.5077,1.3316
6.5082,1.3367
6.5088,1.3316
6.5093,1.3316
6.5098,1.3367
6.5104,1.3316
6.5109,1.3367
6.5115,1.3316
6.5120,1.3316
6.5126,1.3316
6.5131,1.3367
6.5137,1.3367
6.5142,1.3367
6.5148,1.3367
6.5153,1.3367
6.5159,1.3417
6.5164,1.3316
6.5170,1.3316
6.5175,1.3316
6.5181,1.3367
6.5186,1.3316
6.5192,1.3367
6.5197,1.3316
6.5203,1.3367
6.5208,1.3316
6.5214,1.3367
6.5219,1.3367
6.5225,1.3367
6.5230,1.3367
6.5236,1.3316
6.5241,1.3367
6.5247,1.3316
6.5252,1.3367
6.5258,1.3367
6.5263,1.3316
6.5269,1.3316
6.5274,1.3316
6.5280,1.3316
6.5285,1.3367
6.5291,1.3367
6.5296,1.3367
6.5302,1.3367
6.5307,1.3316
6.5313,1.3316
6.5318,1.3316
6.5324,1.3316
6.5329,1.3316
6.5335,1.3316
6.5340,1.3316
6.5346,1.3316
6.5352,1.3316
6.5358,1.3367
6.5363,1.3316
6.5369,1.3367
6.5375,1.3316
6.5381,1.3316
6.5387,1.3316
6.5393,1.3367
6.5399,1.3316
6.5405,1.3367
6.5412,1.3316
6.5417,1.3316
6.5423,1.3367
6.5429,1.3367
6.5434,1.3367
6.5440,1.3367
6.5445,1.3367
6.5451,1.3367
6.5457,1.3367
6.5463,1.3316
6.5468,1.3266
6.5474,1.3367
6.5479,1.3367
6.5485,1.3367
6.5490,1.3316
6.5496,1.3367
6.5502,1.3367
6.5507,1.3316
6.5513,1.3367
6.5518,1.3316
6.5524,1.3367
6.5529,1.3367
6.5535,1.3316
6.5541,1.3316
6.5546,1.3316
6.5552,1.3316
6.5558,1.3316
6.5563,1.3316
6.5569,1.3316
6.5575,1.3316
6.5581,1.3367
6.5587,1.3316
6.5593,1.3266
6.5599,1.3316
6.5606,1.3316
6.5612,1.3367
6.5618,1.3266
6.5624,1.3316
6.5630,1.3316
6.5637,1.3367
6.5643,1.3316
6.5649,1.3316
6.5656,1.3316
6.5661,1.3316
6.5667,1.3316
6.5674,1.3316
6.5680,1.3367
6.5686,1.3316
6.5692,1.3316
6.5697,1.3367
6.5703,1.3367
6.5709,1.3367
6.5714,1.3316
6.5720,1.3316
6.5726,1.3316
6.5732,1.3316
6.5738,1.3316
6.5745,1.3316
6.5750,1.3367
6.5756,1.3367
6.5761,1.3316
6.5767,1.3316
6.5772,1.3367
6.5778,1.3316
6.5783,1.3316
6.5789,1.3316
6.5794,1.3316
6.5800,1.3316
6.5805,1.3316
6.5811,1.3266
6.5816,1.3316
6.5822,1.3266
6.5827,1.3266
6.5833,1.3316
6.5839,1.3316
6.5844,1.3316
6.5850,1.3316
6.5855,1.3316
6.5861,1.3316
6.5866,1.3316
6.5872,1.3316
6.5877,1.3266
6.5883,1.3266
6.5888,1.3316
6.5894,1.3316
6.5899,1.3316
6.5905,1.3316
6.5910,1.3316
6.5916,1.3316
6.5921,1.3266
6.5927,1.3266
6.5932,1.3316
6.5938,1.3316
6.5943,1.3316
6.5949,1.3316
6.5954,1.3367
6.5960,1.3316
6.5965,1.3316
6.5971,1.3316
6.5976,1.3316
6.5982,1.3316
6.5987,1.3316
6.5993,1.3266
6.5999,1.3266
6.6004,1.3316
6.6010,1.3316
6.6015,1.3316
6.6021,1.3316
6.6026,1.3316
6.6032,1.3316
6.6037,1.3316
6.6043,1.3316
6.6048,1.3316
6.6054,1.3266
6.6059,1.3316
6.6065,1.3266
6.6070,1.3316
6.6076,1.3316
6.6081,1.3316
6.6087,1.3316
6.6092,1.3316
6.6098,1.3367
6.6103,1.3266
6.6109,1.3266
6.6114,1.3215
6.6120,1.3316
6.6125,1.3266
6.6131,1.3316
6.6136,1.3316
6.6142,1.3316
6.6147,1.3316
6.6153,1.3266
6.6158,1.3215
6.6164,1.3316
6.6170,1.3316
6.6175,1.3266
6.6181,1.3266
6.6186,1.3266
6.6192,1.3266
6.6197,1.3316
6.6203,1.3316
6.6208,1.3266
6.6214,1.3316
6.6219,1.3316
6.6225,1.3316
6.6230,1.3316
6.6236,1.3316
6.6241,1.3316
6.6247,1.3266
6.6252,1.3316
6.6258,1.3266
6.6265,1.3316
6.6270,1.3266
6.6276,1.3316
6.6281,1.3266
6.6286,1.3266
6.6292,1.3266
6.6297,1.3316
6.6302,1.3215
6.6308,1.3266
6.6313,1.3316
6.6318,1.3266
6.6324,1.3316
6.6329,1.3316
6.6335,1.3266
6.6340,1.3316
6.6345,1.3266
6.6351,1.3215
6.6356,1.3266
6.6361,1.3316
6.6367,1.3266
6.6372,1.3266
6.6377,1.3266
6.6383,1.3266
6.6388,1.3266
6.6393,1.3316
6.6399,1.3266
6.6404,1.3266
6.6410,1.3215
6.6415,1.3316
6.6420,1.3266
6.6426,1.3266
6.6431,1.3266
6.6436,1.3266
6.6442,1.3316
6.6447,1.3215
6.6452,1.3266
6.6458,1.3266
6.6463,1.3266
6.6468,1.3266
6.6474,1.3266
6.6479,1.3316
6.6484,1.3215
6.6490,1.3266
6.6495,1.3266
6.6500,1.3266
6.6506,1.3316
6.6511,1.3266
6.6516,1.3316
6.6522,1.3266
6.6527,1.3266
6.6532,1.3215
6.6538,1.3266
6.6543,1.3266
6.6548,1.3266
6.6554,1.3316
6.6559,1.3316
6.6564,1.3266
6.6570,1.3266
6.6575,1.3266
6.6581,1.3215
6.6586,1.3266
6.6591,1.3266
6.6597,1.3316
6.6602,1.3266
6.6607,1.3266
6.6613,1.3215
6.6618,1.3266
6.6623,1.3266
6.6629,1.3266
6.6634,1.3266
6.6640,1.3266
6.6645,1.3266
6.6650,1.3266
6.6655,1.3266
6.6661,1.3266
6.6666,1.3266
6.6671,1.3266
6.6677,1.3266
6.6682,1.3316
6.6687,1.3266
6.6693,1.3266
6.6698,1.3266
6.6703,1.3266
6.6709,1.3215
6.6714,1.3266
6.6719,1.3266
6.6725,1.3266
6.6730,1.3215
6.6736,1.3215
6.6741,1.3266
6.6746,1.3316
6.6752,1.3266
6.6757,1.3266
6.6762,1.3215
6.6768,1.3266
6.6773,1.3215
6.6778,1.3215
6.6784,1.3215
6.6789,1.3316
6.6794,1.3266
6.6800,1.3266
6.6805,1.3266
6.6811,1.3266
6.6816,1.3266
6.6821,1.3215
6.6827,1.3215
6.6832,1.3266
6.6837,1.3266
6.6843,1.3266
6.6848,1.3215
6.6853,1.3215
6.6859,1.3266
6.6864,1.3266
6.6869,1.3266
6.6875,1.3266
6.6880,1.3215
6.6885,1.3266
6.6891,1.3266
6.6896,1.3266
6.6901,1.3215
6.6907,1.3215
6.6912,1.3215
6.6917,1.3266
6.6923,1.3215
6.6928,1.3266
6.6934,1.3266
6.6939,1.3165
6.6944,1.3266
6.6950,1.3266
6.6955,1.3215
6.6960,1.3266
6.6966,1.3266
6.6971,1.3215
6.6976,1.3266
6.6982,1.3215
6.6987,1.3266
6.6992,1.3215
6.6998,1.3215
6.7003,1.3215
6.7008,1.3215
6.7014,1.3266
6.7019,1.3266
6.7024,1.3266
6.7030,1.3266
6.7035,1.3266
6.7040,1.3215
6.7046,1.3215
6.7051,1.3215
6.7056,1.3266
6.7062,1.3266
6.7067,1.3266
6.7072,1.3215
6.7078,1.3266
6.7083,1.3266
6.7089,1.3215
6.7094,1.3215
6.7099,1.3215
6.7105,1.3215
6.7110,1.3266
6.7116,1.3215
6.7121,1.3215
6.7126,1.3215
6.7132,1.3215
6.7137,1.3215
6.7142,1.3266
6.7148,1.3215
6.7153,1.3215
6.7159,1.3266
6.7164,1.3266
6.7169,1.3215
6.7175,1.3215
6.7180,1.3215
6.7185,1.3215
6.7191,1.3266
6.7196,1.3215
6.7201,1.3215
6.7207,1.3266
6.7212,1.3215
6.7217,1.3215
6.7223,1.3215
6.7228,1.3215
6.7233,1.3165
6.7239,1.3215
6.7245,1.3165
6.7250,1.3215
6.7255,1.3215
6.7261,1.3215
6.7267,1.3266
6.7272,1.3215
6.7278,1.3215
6.7283,1.3215
6.7289,1.3215
6.7294,1.3215
6.7300,1.3215
6.7305,1.3215
6.7311,1.3215
6.7316,1.3165
6.7321,1.3215
6.7327,1.3266
6.7333,1.3165
6.7338,1.3266
6.7343,1.3215
6.7349,1.3215
6.7354,1.3215
6.7360,1.3215
6.7365,1.3215
6.7371,1.3215
6.7376,1.3215
6.7382,1.3215
6.7387,1.3215
6.7393,1.3215
6.7398,1.3266
6.7404,1.3215
6.7409,1.3215
6.7414,1.3114
6.7420,1.3215
6.7425,1.3215
6.7431,1.3215
6.7436,1.3165
6.7442,1.3215
6.7447,1.3165
6.7453,1.3215
6.7458,1.3215
6.7464,1.3165
6.7469,1.3165
6.7475,1.3215
6.7480,1.3165
6.7486,1.3215
6.7491,1.3215
6.7497,1.3215
6.7502,1.3266
6.7508,1.3215
6.7513,1.3165
6.7519,1.3215
6.7524,1.3215
6.7530,1.3165
6.7536,1.3165
6.7541,1.3165
6.7547,1.3215
6.7552,1.3165
6.7557,1.3215
6.7563,1.3165
6.7568,1.3215
6.7574,1.3215
6.7579,1.3215
6.7585,1.3215
6.7590,1.3215
6.7596,1.3114
6.7601,1.3215
6.7607,1.3165
6.7612,1.3165
6.7618,1.3215
6.7623,1.3165
6.7628,1.3215
6.7634,1.3215
6.7639,1.3215
6.7645,1.3165
6.7650,1.3215
6.7656,1.3215
6.7661,1.3215
6.7667,1.3215
6.7672,1.3215
6.7678,1.3215
6.7683,1.3165
6.7689,1.3215
6.7694,1.3215
6.7700,1.3165
6.7705,1.3215
6.7711,1.3215
6.7716,1.3165
6.7722,1.3215
6.7727,1.3266
6.7733,1.3165
6.7738,1.3165
6.7744,1.3215
6.7749,1.3215
6.7755,1.3165
6.7760,1.3215
6.7766,1.3215
6.7771,1.3165
6.7777,1.3165
6.7782,1.3215
6.7788,1.3215
6.7795,1.3215
6.7800,1.3165
6.7806,1.3215
6.7811,1.3215
6.7817,1.3215
6.7822,1.3165
6.7828,1.3215
6.7833,1.3165
6.7839,1.3165
6.7844,1.3215
6.7850,1.3215
6.7855,1.3114
6.7861,1.3215
6.7866,1.3215
6.7872,1.3215
6.7877,1.3165
6.7883,1.3165
6.7888,1.3215
6.7894,1.3215
6.7899,1.3114
6.7904,1.3215
6.7910,1.3215
6.7915,1.3165
6.7921,1.3215
6.7926,1.3165
6.7932,1.3215
6.7937,1.3215
6.7943,1.3165
6.7948,1.3215
6.7954,1.3215
6.7959,1.3165
6.7965,1.3165
6.7970,1.3215
6.7976,1.3165
6.7981,1.3165
6.7987,1.3165
6.7992,1.3215
6.7998,1.3165
6.8003,1.3215
6.8009,1.3114
6.8014,1.3215
6.8020,1.3215
6.8025,1.3215
6.8031,1.3165
6.8036,1.3215
6.8042,1.3165
6.8047,1.3215
6.8053,1.3215
6.8058,1.3165
6.8064,1.3215
6.8069,1.3165
6.8074,1.3165
6.8080,1.3165
6.8085,1.3165
6.8091,1.3215
6.8096,1.3165
6.8102,1.3215
6.8107,1.3165
6.8113,1.3114
6.8118,1.3215
6.8124,1.3165
6.8129,1.3165
6.8135,1.3165
6.8140,1.3165
6.8146,1.3215
6.8151,1.3215
6.8157,1.3165
6.8162,1.3215
6.8168,1.3165
6.8173,1.3215
6.8179,1.3215
6.8184,1.3165
6.8190,1.3215
6.8195,1.3215
6.8201,1.3165
6.8206,1.3215
6.8212,1.3165
6.8217,1.3114
6.8222,1.3165
6.8228,1.3165
6.8233,1.3215
6.8239,1.3215
6.8244,1.3215
6.8250,1.3165
6.8256,1.3215
6.8262,1.3215
6.8268,1.3266
6.8274,1.3266
6.8279,1.3215
6.8285,1.3165
6.8290,1.3215
6.8296,1.3215
6.8301,1.3215
6.8307,1.3165
6.8312,1.3266
6.8318,1.3215
6.8323,1.3215
6.8329,1.3266
6.8334,1.3215
6.8340,1.3266
6.8345,1.3266
6.8351,1.3215
6.8356,1.3266
6.8361,1.3215
6.8367,1.3266
6.8372,1.3266
6.8378,1.3266
6.8383,1.3266
6.8389,1.3266
6.8394,1.3266
6.8400,1.3266
6.8405,1.3316
6.8411,1.3215
6.8416,1.3266
6.8422,1.3266
6.8427,1.3316
6.8432,1.3266
6.8438,1.3316
6.8444,1.3316
6.8449,1.3316
6.8455,1.3266
6.8460,1.3316
6.8466,1.3316
6.8471,1.3316
6.8476,1.3367
6.8482,1.3316
6.8487,1.3316
6.8493,1.3316
6.8498,1.3316
6.8504,1.3367
6.8509,1.3316
6.8515,1.3367
6.8520,1.3316
6.8526,1.3316
6.8532,1.3367
6.8537,1.3367
6.8542,1.3367
6.8548,1.3417
6.8554,1.3316
6.8559,1.3316
6.8565,1.3367
6.8570,1.3367
6.8575,1.3367
6.8581,1.3367
6.8586,1.3367
6.8592,1.3367
6.8597,1.3417
6.8603,1.3367
6.8608,1.3367
6.8614,1.3367
6.8619,1.3367
6.8625,1.3417
6.8630,1.3417
6.8636,1.3417
6.8641,1.3417
6.8647,1.3417
6.8652,1.3417
6.8658,1.3367
6.8663,1.3417
6.8669,1.3467
6.8674,1.3417
6.8680,1.3417
6.8685,1.3467
6.8691,1.3467
6.8696,1.3417
6.8702,1.3417
6.8707,1.3467
6.8713,1.3417
6.8718,1.3467
6.8724,1.3467
6.8729,1.3467
6.8735,1.3467
6.8740,1.3467
6.8746,1.3467
6.8751,1.3467
6.8757,1.3467
6.8762,1.3467
6.8768,1.3467
6.8773,1.3467
6.8779,1.3467
6.8784,1.3467
6.8790,1.3467
6.8795,1.3518
6.8801,1.3467
6.8806,1.3467
6.8812,1.3467
6.8818,1.3518
6.8824,1.3417
6.8830,1.3467
6.8835,1.3467
6.8841,1.3518
6.8846,1.3518
6.8852,1.3467
6.8857,1.3518
6.8862,1.3518
6.8868,1.3518
6.8873,1.3467
6.8879,1.3518
6.8884,1.3518
6.8890,1.3518
6.8895,1.3518
6.8901,1.3518
6.8907,1.3518
6.8912,1.3518
6.8918,1.3518
6.8923,1.3518
6.8929,1.3518
6.8934,1.3518
6.8940,1.3467
6.8945,1.3518
6.8951,1.3518
6.8956,1.3518
6.8962,1.3518
6.8967,1.3518
6.8973,1.3568
6.8978,1.3467
6.8983,1.3518
6.8989,1.3518
6.8994,1.3467
6.9000,1.3518
6.9005,1.3467
6.9011,1.3568
6.9016,1.3568
6.9022,1.3568
6.9027,1.3518
6.9033,1.3518
6.9038,1.3518
6.9044,1.3518
6.9049,1.3568
6.9055,1.3518
6.9060,1.3568
6.9066,1.3568
6.9071,1.3568
6.9077,1.3568
6.9082,1.3568
6.9088,1.3518
6.9093,1.3568
6.9099,1.3518
6.9104,1.3568
6.9110,1.3568
6.9115,1.3518
6.9121,1.3568
6.9126,1.3568
6.9132,1.3568
6.9137,1.3568
6.9143,1.3568
6.9148,1.3568
6.9154,1.3518
6.9159,1.3619
6.9164,1.3568
6.9170,1.3568
6.9175,1.3568
6.9181,1.3568
6.9186,1.3568
6.9192,1.3568
6.9197,1.3568
6.9203,1.3568
6.9208,1.3568
6.9214,1.3568
6.9219,1.3568
6.9225,1.3568
6.9230,1.3568
6.9236,1.3568
6.9241,1.3568
6.9247,1.3568
6.9253,1.3619
6.9258,1.3568
6.9264,1.3568
6.9269,1.3568
6.9275,1.3568
6.9280,1.3568
6.9286,1.3518
6.9291,1.3568
6.9297,1.3568
6.9302,1.3568
6.9308,1.3568
6.9313,1.3568
6.9319,1.3568
6.9324,1.3518
6.9330,1.3568
6.9335,1.3568
6.9341,1.3518
6.9346,1.3568
6.9352,1.3619
6.9357,1.3619
6.9363,1.3568
6.9368,1.3518
6.9374,1.3568
6.9379,1.3619
6.9385,1.3518
6.9390,1.3518
6.9396,1.3568
6.9401,1.3568
6.9407,1.3518
6.9412,1.3518
6.9418,1.3568
6.9423,1.3568
6.9429,1.3568
6.9434,1.3518
6.9440,1.3568
6.9445,1.3568
6.9451,1.3568
6.9456,1.3568
6.9462,1.3568
6.9467,1.3518
6.9473,1.3568
6.9478,1.3518
6.9484,1.3568
6.9489,1.3518
6.9495,1.3568
6.9500,1.3568
6.9506,1.3518
6.9511,1.3568
6.9517,1.3568
6.9522,1.3568
6.9528,1.3568
6.9533,1.3518
6.9539,1.3568
6.9544,1.3568
6.9550,1.3619
6.9555,1.3568
6.9561,1.3568
6.9566,1.3568
6.9572,1.3568
6.9577,1.3568
6.9583,1.3568
6.9588,1.3568
6.9594,1.3568
6.9599,1.3568
6.9605,1.3568
6.9610,1.3568
6.9616,1.3568
6.9621,1.3568
6.9627,1.3568
6.9632,1.3568
6.9638,1.3568
6.9643,1.3568
6.9649,1.3619
6.9654,1.3568
6.9659,1.3568
6.9665,1.3568
6.9670,1.3568
6.9676,1.3568
6.9681,1.3568
6.9687,1.3619
6.9692,1.3619
6.9698,1.3568
6.9703,1.3568
6.9709,1.3568
6.9714,1.3568
6.9720,1.3568
6.9726,1.3568
6.9731,1.3568
6.9737,1.3518
6.9742,1.3568
6.9748,1.3518
6.9753,1.3619
6.9759,1.3568
6.9764,1.3568
6.9770,1.3568
6.9775,1.3568
6.9781,1.3568
6.9786,1.3568
6.9792,1.3518
6.9797,1.3568
6.9803,1.3568
6.9808,1.3568
6.9814,1.3568
6.9819,1.3518
6.9825,1.3568
6.9830,1.3568
6.9836,1.3518
6.9841,1.3568
6.9847,1.3568
6.9852,1.3568
6.9858,1.3568
6.9863,1.3568
6.9869,1.3568
6.9874,1.3518
6.9880,1.3568
6.9885,1.3568
6.9891,1.3518
6.9896,1.3568
6.9902,1.3518
6.9907,1.3568
6.9913,1.3518
6.9918,1.3518
6.9924,1.3568
6.9929,1.3518
6.9935,1.3518
6.9940,1.3518
6.9946,1.3568
6.9952,1.3568
6.9957,1.3568
6.9963,1.3568
6.9968,1.3568
6.9974,1.3568
6.9979,1.3518
6.9985,1.3568
6.9990,1.3518
6.9996,1.3568
7.0001,1.3568
7.0007,1.3568
7.0012,1.3568
7.0018,1.3568
7.0023,1.3518
7.0029,1.3568
7.0034,1.3518
7.0040,1.3518
7.0045,1.3518
7.0050,1.3568
7.0056,1.3518
7.0061,1.3568
7.0067,1.3518
7.0072,1.3518
7.0078,1.3568
7.0083,1.3518
7.0089,1.3467
7.0094,1.3568
7.0100,1.3518
7.0105,1.3568
7.0111,1.3518
7.0116,1.3518
7.0121,1.3467
7.0127,1.3568
7.0132,1.3518
7.0138,1.3518
7.0143,1.3518
7.0149,1.3518
7.0154,1.3467
7.0160,1.3467
7.0165,1.3518
7.0171,1.3518
7.0176,1.3518
7.0182,1.3518
7.0187,1.3518
7.0193,1.3518
7.0198,1.3518
7.0204,1.3518
7.0209,1.3518
7.0215,1.3467
7.0220,1.3568
7.0226,1.3518
7.0231,1.3467
7.0237,1.3518
7.0242,1.3518
7.0248,1.3518
7.0253,1.3467
7.0259,1.3518
7.0264,1.3518
7.0270,1.3518
7.0275,1.3518
7.0281,1.3518
7.0286,1.3518
7.0292,1.3568
7.0297,1.3518
7.0303,1.3518
7.0308,1.3467
7.0314,1.3467
7.0319,1.3518
7.0325,1.3518
7.0330,1.3518
7.0336,1.3467
7.0341,1.3518
7.0347,1.3518
7.0355,1.3518
7.0361,1.3518
7.0367,1.3518
7.0373,1.3467
7.0379,1.3467
7.0385,1.3518
7.0391,1.3518
7.0397,1.3467
7.0403,1.3518
7.0408,1.3518
7.0414,1.3467
7.0419,1.3467
7.0425,1.3467
7.0431,1.3467
7.0437,1.3467
7.0442,1.3467
7.0448,1.3417
7.0453,1.3417
7.0459,1.3467
7.0464,1.3467
7.0470,1.3467
7.0475,1.3467
7.0481,1.3467
7.0486,1.3467
7.0492,1.3467
7.0498,1.3467
7.0504,1.3467
7.0510,1.3467
7.0515,1.3518
7.0521,1.3467
7.0526,1.3518
7.0532,1.3417
7.0537,1.3417
7.0543,1.3467
7.0549,1.3417
7.0555,1.3467
7.0561,1.3417
7.0567,1.3417
7.0573,1.3417
7.0578,1.3417
7.0584,1.3467
7.0590,1.3467
7.0596,1.3467
7.0601,1.3467
7.0607,1.3417
7.0613,1.3417
7.0618,1.3467
7.0624,1.3417
7.0629,1.3367
7.0635,1.3467
7.0640,1.3417
7.0646,1.3417
7.0651,1.3417
7.0657,1.3417
7.0663,1.3417
7.0669,1.3417
7.0675,1.3417
7.0680,1.3467
7.0686,1.3417
7.0691,1.3467
7.0697,1.3417
7.0702,1.3417
7.0708,1.3417
7.0713,1.3417
7.0719,1.3417
7.0724,1.3417
7.0730,1.3367
7.0735,1.3417
7.0741,1.3417
7.0746,1.3417
7.0752,1.3417
7.0757,1.3467
7.0763,1.3417
7.0768,1.3467
7.0773,1.3417
7.0779,1.3417
7.0784,1.3417
7.0790,1.3417
7.0795,1.3417
7.0801,1.3367
7.0806,1.3417
7.0812,1.3417
7.0817,1.3417
7.0823,1.3417
7.0828,1.3367
7.0834,1.3417
7.0839,1.3417
7.0845,1.3417
7.0850,1.3417
7.0856,1.3417
7.0861,1.3417
7.0867,1.3367
7.0872,1.3417
7.0878,1.3417
7.0883,1.3367
7.0889,1.3417
7.0894,1.3367
7.0900,1.3417
7.0905,1.3367
7.0911,1.3417
7.0916,1.3367
7.0922,1.3417
7.0927,1.3417
7.0933,1.3367
7.0938,1.3367
7.0944,1.3417
7.0949,1.3367
7.0955,1.3367
7.0960,1.3417
7.0966,1.3367
7.0971,1.3417
7.0977,1.3367
7.0982,1.3367
7.0987,1.3367
7.0993,1.3367
7.0998,1.3367
7.1004,1.3367
7.1009,1.3417
7.1015,1.3367
7.1020,1.3367
7.1026,1.3417
7.1031,1.3316
7.1037,1.3367
7.1042,1.3367
7.1048,1.3367
7.1053,1.3417
7.1058,1.3417
7.1064,1.3417
7.1069,1.3367
7.1075,1.3316
7.1080,1.3367
7.1086,1.3367
7.1091,1.3367
7.1097,1.3417
7.1102,1.3417
7.1108,1.3367
7.1113,1.3367
7.1118,1.3367
7.1124,1.3367
7.1129,1.3367
7.1135,1.3417
7.1140,1.3367
7.1146,1.3367
7.1151,1.3316
7.1157,1.3316
7.1162,1.3367
7.1168,1.3367
7.1173,1.3367
7.1179,1.3367
7.1184,1.3367
7.1189,1.3316
7.1195,1.3367
7.1200,1.3367
7.1206,1.3367
7.1211,1.3367
7.1217,1.3367
7.1222,1.3367
7.1228,1.3367
7.1233,1.3316
7.1239,1.3316
7.1244,1.3316
7.1250,1.3367
7.1255,1.3316
7.1261,1.3367
7.1266,1.3367
7.1272,1.3367
7.1277,1.3367
7.1283,1.3367
7.1288,1.3367
7.1295,1.3367
7.1300,1.3367
7.1306,1.3417
7.1311,1.3316
7.1317,1.3367
7.1322,1.3367
7.1328,1.3367
7.1333,1.3316
7.1339,1.3367
7.1344,1.3367
7.1349,1.3367
7.1355,1.3367
7.1360,1.3367
7.1366,1.3316
7.1371,1.3316
7.1377,1.3367
7.1382,1.3367
7.1387,1.3316
7.1393,1.3316
7.1398,1.3367
7.1404,1.3316
7.1409,1.3316
7.1414,1.3367
7.1420,1.3367
7.1425,1.3316
7.1431,1.3367
7.1436,1.3316
7.1442,1.3316
7.1447,1.3316
7.1453,1.3367
7.1458,1.3316
7.1464,1.3316
7.1470,1.3316
7.1475,1.3316
7.1481,1.3367
7.1487,1.3316
7.1493,1.3316
7.1499,1.3367
7.1504,1.3367
7.1510,1.3316
7.1516,1.3367
7.1521,1.3316
7.1527,1.3316
7.1532,1.3367
7.1538,1.3367
7.1544,1.3367
7.1550,1.3316
7.1555,1.3367
7.1561,1.3316
7.1566,1.3367
7.1572,1.3367
7.1577,1.3367
7.1583,1.3316
7.1588,1.3367
7.1594,1.3316
7.1599,1.3367
7.1605,1.3316
7.1610,1.3316
7.1615,1.3316
7.1621,1.3367
7.1626,1.3367
7.1632,1.3316
7.1637,1.3316
7.1643,1.3316
7.1648,1.3316
7.1653,1.3367
7.1659,1.3316
7.1664,1.3316
7.1670,1.3316
7.1676,1.3316
7.1681,1.3316
7.1687,1.3367
7.1693,1.3316
7.1698,1.3316
7.1704,1.3316
7.1709,1.3367
7.1714,1.3266
7.1720,1.3367
7.1725,1.3367
7.1731,1.3367
7.1736,1.3367
7.1742,1.3316
7.1747,1.3367
7.1752,1.3316
7.1758,1.3316
7.1763,1.3316
7.1769,1.3367
7.1774,1.3316
7.1780,1.3316
7.1785,1.3316
7.1790,1.3367
7.1796,1.3367
7.1801,1.3316
7.1807,1.3316
7.1812,1.3316
7.1818,1.3316
7.1823,1.3367
7.1828,1.3316
7.1834,1.3316
7.1840,1.3316
7.1845,1.3316
7.1851,1.3367
7.1856,1.3316
7.1862,1.3316
7.1867,1.3316
7.1873,1.3316
7.1878,1.3367
7.1883,1.3316
7.1889,1.3316
7.1894,1.3367
7.1900,1.3266
7.1905,1.3367
7.1911,1.3367
7.1916,1.3367
7.1921,1.3316
7.1927,1.3367
7.1932,1.3316
7.1938,1.3316
7.1943,1.3316
7.1949,1.3316
7.1954,1.3316
7.1959,1.3316
7.1965,1.3266
7.1970,1.3367
7.1976,1.3367
7.1981,1.3316
7.1987,1.3316
7.1992,1.3316
7.1997,1.3316
7.2003,1.3367
7.2008,1.3266
7.2014,1.3316
7.2019,1.3316
7.2025,1.3316
7.2030,1.3316
7.2036,1.3367
7.2041,1.3316
7.2047,1.3316
7.2052,1.3316
7.2058,1.3316
7.2063,1.3316
7.2069,1.3316
7.2074,1.3316
7.2080,1.3316
7.2085,1.3316
7.2090,1.3266
7.2096,1.3266
7.2101,1.3316
7.2107,1.3266
7.2112,1.3316
7.2118,1.3367
7.2123,1.3316
7.2128,1.3316
7.2134,1.3266
7.2139,1.3316
7.2145,1.3316
7.2150,1.3316
7.2156,1.3316
7.2161,1.3316
7.2166,1.3316
7.2172,1.3266
7.2177,1.3316
7.2183,1.3316
7.2188,1.3266
7.2194,1.3316
7.2199,1.3316
7.2204,1.3316
7.2211,1.3316
7.2217,1.3316
7.2222,1.3316
7.2228,1.3316
7.2234,1.3316
7.2239,1.3316
7.2245,1.3266
7.2250,1.3316
7.2255,1.3316
7.2261,1.3316
7.2266,1.3316
7.2272,1.3316
7.2277,1.3266
7.2283,1.3316
7.2288,1.3266
7.2293,1.3316
7.2299,1.3316
7.2304,1.3266
7.2310,1.3266
7.2315,1.3266
7.2321,1.3266
7.2326,1.3316
7.2332,1.3316
7.2337,1.3316
7.2343,1.3316
7.2348,1.3316
7.2354,1.3316
7.2359,1.3316
7.2365,1.3367
7.2370,1.3316
7.2375,1.3316
7.2381,1.3266
7.2386,1.3316
7.2392,1.3316
7.2397,1.3266
7.2403,1.3316
7.2408,1.3316
7.2414,1.3316
7.2419,1.3266
7.2425,1.3316
7.2430,1.3266
7.2436,1.3266
7.2441,1.3316
7.2447,1.3316
7.2452,1.3316
7.2458,1.3215
7.2463,1.3266
7.2469,1.3316
7.2474,1.3316
7.2480,1.3266
7.2485,1.3316
7.2491,1.3266
7.2496,1.3316
7.2501,1.3266
7.2507,1.3266
7.2512,1.3266
7.2518,1.3266
7.2523,1.3316
7.2529,1.3266
7.2534,1.3316
7.2540,1.3266
7.2545,1.3266
7.2551,1.3316
7.2556,1.3316
7.2562,1.3266
7.2567,1.3316
7.2573,1.3215
7.2578,1.3266
7.2584,1.3266
7.2589,1.3266
7.2595,1.3266
7.2600,1.3266
7.2606,1.3215
7.2611,1.3316
7.2617,1.3266
7.2622,1.3316
7.2628,1.3266
7.2633,1.3266
7.2639,1.3266
7.2644,1.3266
7.2650,1.3316
7.2655,1.3266
7.2661,1.3316
7.2666,1.3266
7.2672,1.3266
7.2677,1.3266
7.2683,1.3266
7.2688,1.3266
7.2694,1.3215
7.2699,1.3266
7.2705,1.3266
7.2710,1.3266
7.2716,1.3266
7.2721,1.3266
7.2727,1.3266
7.2732,1.3266
7.2738,1.3266
7.2743,1.3316
7.2749,1.3266
7.2754,1.3266
7.2760,1.3266
7.2765,1.3266
7.2771,1.3266
7.2776,1.3266
7.2782,1.3215
7.2787,1.3316
7.2793,1.3266
7.2798,1.3266
7.2804,1.3266
7.2809,1.3266
7.2815,1.3266
7.2820,1.3266
7.2826,1.3266
7.2831,1.3266
7.2837,1.3266
7.2842,1.3266
7.2848,1.3266
7.2853,1.3266
7.2859,1.3215
7.2864,1.3215
7.2870,1.3266
7.2875,1.3266
7.2881,1.3266
7.2886,1.3266
7.2892,1.3266
7.2897,1.3266
7.2903,1.3266
7.2908,1.3266
7.2914,1.3266
7.2919,1.3266
7.2925,1.3266
7.2930,1.3215
7.2936,1.3266
7.2941,1.3266
7.2947,1.3266
7.2952,1.3215
7.2958,1.3266
7.2963,1.3215
7.2969,1.3266
7.2974,1.3266
7.2980,1.3215
7.2985,1.3266
7.2991,1.3215
7.2996,1.3266
7.3002,1.3266
7.3007,1.3215
7.3013,1.3215
7.3018,1.3266
7.3024,1.3215
7.3029,1.3266
7.3035,1.3266
7.3040,1.3266
7.3046,1.3215
7.3051,1.3266
7.3057,1.3215
7.3062,1.3266
7.3068,1.3215
7.3073,1.3266
7.3079,1.3215
7.3084,1.3266
7.3090,1.3266
7.3095,1.3266
7.3101,1.3266
7.3106,1.3266
7.3112,1.3266
7.3117,1.3266
7.3123,1.3215
7.3128,1.3266
7.3134,1.3215
7.3139,1.3266
7.3145,1.3266
7.3150,1.3215
7.3156,1.3266
7.3161,1.3215
7.3167,1.3266
7.3172,1.3266
7.3177,1.3266
7.3183,1.3215
7.3188,1.3266
7.3194,1.3266
7.3199,1.3266
7.3205,1.3266
7.3210,1.3165
7.3216,1.3215
7.3221,1.3266
7.3227,1.3215
7.3232,1.3266
7.3238,1.3215
7.3243,1.3215
7.3249,1.3215
7.3254,1.3215
7.3260,1.3266
7.3265,1.3215
7.3271,1.3215
7.3276,1.3215
7.3282,1.3215
7.3287,1.3215
7.3293,1.3266
7.3298,1.3215
7.3304,1.3266
7.3310,1.3215
7.3315,1.3215
7.3321,1.3215
7.3326,1.3215
7.3332,1.3215
7.3337,1.3215
7.3343,1.3266
7.3348,1.3215
7.3354,1.3266
7.3359,1.3266
7.3365,1.3215
7.3370,1.3215
7.3376,1.3165
7.3381,1.3215
7.3387,1.3215
7.3392,1.3266
7.3398,1.3215
7.3403,1.3215
7.3409,1.3215
7.3414,1.3215
7.3420,1.3266
7.3425,1.3215
7.3431,1.3266
7.3436,1.3215
7.3442,1.3165
7.3447,1.3215
7.3453,1.3215
7.3458,1.3165
7.3464,1.3215
7.3469,1.3215
7.3475,1.3215
7.3480,1.3215
7.3486,1.3266
7.3491,1.3215
7.3497,1.3266
7.3502,1.3215
7.3508,1.3266
7.3513,1.3266
7.3519,1.3165
7.3524,1.3215
7.3530,1.3266
7.3535,1.3215
7.3541,1.3165
7.3546,1.3266
7.3552,1.3215
7.3557,1.3215
7.3563,1.3215
7.3568,1.3215
7.3574,1.3215
7.3579,1.3215
7.3585,1.3266
7.3590,1.3165
7.3596,1.3215
7.3601,1.3165
7.3607,1.3215
7.3612,1.3215
7.3618,1.3215
7.3623,1.3215
7.3629,1.3215
7.3634,1.3165
7.3640,1.3165
7.3645,1.3215
7.3651,1.3266
7.3656,1.3165
7.3662,1.3215
7.3667,1.3215
7.3673,1.3215
7.3678,1.3165
7.3684,1.3215
7.3689,1.3215
7.3695,1.3165
7.3700,1.3215
7.3706,1.3215
7.3711,1.3215
7.3717,1.3215
7.3722,1.3215
7.3728,1.3215
7.3733,1.3165
7.3739,1.3215
7.3744,1.3215
7.3750,1.3215
7.3755,1.3215
7.3761,1.3165
7.3766,1.3215
7.3772,1.3215
7.3777,1.3215
7.3783,1.3215
7.3788,1.3215
7.3794,1.3165
7.3799,1.3215
7.3805,1.3215
7.3810,1.3215
7.3816,1.3215
7.3821,1.3215
7.3827,1.3215
7.3832,1.3215
7.3838,1.3165
7.3843,1.3215
7.3849,1.3215
7.3854,1.3165
7.3860,1.3215
7.3865,1.3114
7.3871,1.3165
7.3876,1.3165
7.3882,1.3165
7.3887,1.3215
7.3893,1.3215
7.3898,1.3165
7.3904,1.3215
7.3909,1.3215
7.3915,1.3165
7.3920,1.3215
7.3926,1.3215
7.3931,1.3165
7.3937,1.3215
7.3942,1.3266
7.3947,1.3266
7.3953,1.3165
7.3958,1.3266
7.3964,1.3215
7.3969,1.3215
7.3975,1.3215
7.3980,1.3215
7.3986,1.3215
7.3991,1.3215
7.3997,1.3165
7.4002,1.3165
7.4008,1.3215
7.4013,1.3165
7.4019,1.3215
7.4024,1.3215
7.4030,1.3165
7.4036,1.3215
7.4041,1.3114
7.4047,1.3215
7.4052,1.3215
7.4058,1.3165
7.4063,1.3165
7.4069,1.3215
7.4074,1.3165
7.4080,1.3215
7.4085,1.3215
7.4091,1.3215
7.4096,1.3215
7.4102,1.3215
7.4107,1.3165
7.4113,1.3215
7.4118,1.3215
7.4124,1.3165
7.4129,1.3215
7.4135,1.3215
7.4140,1.3215
7.4146,1.3215
7.4151,1.3215
7.4157,1.3215
7.4162,1.3215
7.4168,1.3215
7.4173,1.3215
7.4179,1.3215
7.4184,1.3215
7.4190,1.3215
7.4195,1.3266
7.4201,1.3165
7.4206,1.3215
7.4212,1.3215
7.4217,1.3215
7.4223,1.3165
7.4228,1.3266
7.4234,1.3215
7.4239,1.3266
7.4245,1.3266
7.4250,1.3266
7.4256,1.3215
7.4261,1.3266
7.4267,1.3215
7.4272,1.3266
7.4278,1.3266
7.4283,1.3266
7.4289,1.3266
7.4294,1.3266
7.4300,1.3266
7.4305,1.3215
7.4311,1.3266
7.4317,1.3266
7.4322,1.3266
7.4328,1.3266
7.4333,1.3316
7.4339,1.3316
7.4344,1.3316
7.4350,1.3215
7.4355,1.3266
7.4361,1.3266
7.4366,1.3316
7.4372,1.3316
7.4377,1.3316
7.4383,1.3316
7.4388,1.3316
7.4394,1.3316
7.4399,1.3367
7.4405,1.3316
7.4410,1.3316
7.4416,1.3316
7.4421,1.3367
7.4427,1.3316
7.4432,1.3367
7.4438,1.3266
7.4443,1.3367
7.4449,1.3367
7.4454,1.3316
7.4460,1.3417
7.4465,1.3417
7.4471,1.3367
7.4476,1.3367
7.4482,1.3417
7.4487,1.3367
7.4493,1.3417
7.4498,1.3367
7.4504,1.3367
7.4509,1.3367
7.4515,1.3367
7.4520,1.3367
7.4526,1.3367
7.4531,1.3417
7.4537,1.3417
7.4542,1.3417
7.4548,1.3417
7.4553,1.3417
7.4559,1.3417
7.4564,1.3367
7.4570,1.3367
7.4575,1.3467
7.4581,1.3417
7.4586,1.3417
7.4592,1.3417
7.4597,1.3467
7.4603,1.3467
7.4608,1.3467
7.4614,1.3467
7.4619,1.3467
7.4625,1.3467
7.4630,1.3417
7.4636,1.3467
7.4641,1.3467
7.4647,1.3417
7.4652,1.3467
7.4658,1.3467
7.4663,1.3467
7.4669,1.3417
7.4674,1.3467
7.4680,1.3467
7.4685,1.3467
7.4691,1.3467
7.4696,1.3518
7.4702,1.3467
7.4707,1.3518
7.4713,1.3467
7.4718,1.3518
7.4724,1.3467
7.4729,1.3467
7.4735,1.3467
7.4740,1.3518
7.4746,1.3467
7.4751,1.3518
7.4757,1.3518
7.4762,1.3518
7.4768,1.3467
7.4773,1.3518
7.4779,1.3518
7.4784,1.3568
7.4790,1.3518
7.4795,1.3518
7.4801,1.3568
7.4806,1.3518
7.4812,1.3467
7.4817,1.3518
7.4823,1.3518
7.4828,1.3518
7.4834,1.3518
7.4839,1.3518
7.4845,1.3518
7.4851,1.3518
7.4856,1.3518
7.4862,1.3518
7.4867,1.3518
7.4873,1.3518
7.4878,1.3518
7.4884,1.3568
7.4889,1.3518
7.4895,1.3518
7.4900,1.3518
7.4906,1.3518
7.4911,1.3518
7.4917,1.3568
7.4922,1.3518
7.4928,1.3568
7.4933,1.3568
7.4939,1.3568
7.4944,1.3518
7.4950,1.3568
7.4955,1.3568
7.4961,1.3518
7.4966,1.3568
7.4972,1.3568
7.4977,1.3568
7.4983,1.3568
7.4988,1.3518
7.4994,1.3568
7.4999,1.3568
7.5005,1.3568
7.5010,1.3568
7.5016,1.3568
7.5021,1.3568
7.5027,1.3568
7.5032,1.3568
7.5038,1.3568
7.5043,1.3518
7.5049,1.3568
7.5054,1.3568
7.5060,1.3518
7.5065,1.3568
7.5071,1.3619
7.5076,1.3568
7.5082,1.3518
7.5087,1.3568
7.5093,1.3568
7.5098,1.3568
7.5104,1.3568
7.5109,1.3568
7.5115,1.3568
7.5120,1.3568
7.5126,1.3518
7.5131,1.3568
7.5137,1.3619
7.5142,1.3568
7.5148,1.3568
7.5153,1.3518
7.5159,1.3568
7.5164,1.3619
7.5170,1.3518
7.5175,1.3518
7.5181,1.3518
7.5186,1.3568
7.5191,1.3568
7.5197,1.3568
7.5202,1.3518
7.5208,1.3568
7.5213,1.3568
7.5219,1.3619
7.5224,1.3568
7.5230,1.3568
7.5235,1.3619
7.5241,1.3568
7.5246,1.3568
7.5252,1.3568
7.5257,1.3568
7.5263,1.3568
7.5268,1.3619
7.5274,1.3568
7.5279,1.3568
7.5285,1.3568
7.5290,1.3568
7.5296,1.3568
7.5301,1.3619
7.5307,1.3568
7.5312,1.3568
7.5318,1.3568
7.5323,1.3568
7.5329,1.3619
7.5334,1.3568
7.5340,1.3619
7.5345,1.3619
7.5354,1.3568
7.5360,1.3568
7.5366,1.3568
7.5372,1.3518
7.5378,1.3518
7.5384,1.3568
7.5390,1.3568
7.5396,1.3568
7.5401,1.3568
7.5407,1.3568
7.5413,1.3619
7.5418,1.3568
7.5424,1.3568
7.5430,1.3568
7.5436,1.3619
7.5442,1.3568
7.5447,1.3568
7.5453,1.3568
7.5458,1.3568
7.5464,1.3568
7.5469,1.3568
7.5475,1.3568
7.5480,1.3568
7.5486,1.3619
7.5492,1.3568
7.5497,1.3568
7.5503,1.3568
7.5509,1.3568
7.5514,1.3518
7.5520,1.3568
7.5526,1.3568
7.5531,1.3568
7.5537,1.3568
7.5543,1.3568
7.5548,1.3568
7.5556,1.3568
7.5562,1.3518
7.5567,1.3568
7.5573,1.3568
7.5579,1.3568
7.5585,1.3568
7.5590,1.3568
7.5596,1.3568
7.5601,1.3568
7.5607,1.3619
7.5613,1.3568
7.5619,1.3619
7.5624,1.3619
7.5629,1.3568
7.5635,1.3518
7.5640,1.3568
7.5646,1.3568
7.5651,1.3518
7.5657,1.3518
7.5662,1.3568
7.5668,1.3518
7.5673,1.3518
7.5679,1.3568
7.5684,1.3568
7.5690,1.3518
7.5695,1.3568
7.5701,1.3568
7.5706,1.3568
7.5712,1.3518
7.5717,1.3518
7.5723,1.3568
7.5728,1.3568
7.5734,1.3568
7.5739,1.3518
7.5745,1.3568
7.5750,1.3568
7.5756,1.3568
7.5761,1.3518
7.5767,1.3518
7.5772,1.3568
7.5778,1.3518
7.5783,1.3568
7.5789,1.3568
7.5794,1.3568
7.5800,1.3518
7.5805,1.3568
7.5811,1.3518
7.5816,1.3568
7.5821,1.3568
7.5827,1.3568
7.5832,1.3568
7.5838,1.3518
7.5844,1.3518
7.5850,1.3568
7.5855,1.3518
7.5861,1.3568
7.5866,1.3518
7.5871,1.3518
7.5877,1.3518
7.5882,1.3518
7.5888,1.3568
7.5893,1.3568
7.5899,1.3518
7.5904,1.3568
7.5910,1.3518
7.5915,1.3568
7.5921,1.3568
7.5926,1.3518
7.5932,1.3568
7.5937,1.3518
7.5943,1.3518
7.5948,1.3568
7.5954,1.3518
7.5959,1.3568
7.5964,1.3568
7.5970,1.3518
7.5975,1.3518
7.5981,1.3518
7.5986,1.3518
7.5992,1.3518
7.5997,1.3518
7.6003,1.3518
7.6008,1.3568
7.6014,1.3518
7.6019,1.3518
7.6024,1.3467
7.6030,1.3467
7.6036,1.3518
7.6041,1.3518
7.6047,1.3518
7.6052,1.3518
7.6058,1.3467
7.6063,1.3518
7.6068,1.3518
7.6074,1.3467
7.6079,1.3518
7.6085,1.3518
7.6090,1.3568
7.6096,1.3518
7.6101,1.3518
7.6107,1.3518
7.6112,1.3467
7.6118,1.3467
7.6123,1.3467
7.6128,1.3467
7.6134,1.3467
7.6139,1.3518
7.6145,1.3518
7.6150,1.3467
7.6156,1.3467
7.6161,1.3518
7.6167,1.3467
7.6172,1.3518
7.6178,1.3568
7.6183,1.3518
7.6189,1.3518
7.6194,1.3467
7.6200,1.3467
7.6205,1.3518
7.6211,1.3467
7.6216,1.3518
7.6222,1.3518
7.6227,1.3467
7.6233,1.3518
7.6238,1.3518
7.6244,1.3467
7.6249,1.3467
7.6255,1.3417
7.6261,1.3467
7.6266,1.3417
7.6272,1.3467
7.6277,1.3467
7.6283,1.3467
7.6288,1.3518
7.6294,1.3417
7.6299,1.3467
7.6305,1.3467
7.6310,1.3467
7.6316,1.3467
7.6321,1.3467
7.6328,1.3467
7.6333,1.3467
7.6339,1.3467
7.6344,1.3467
7.6350,1.3467
7.6355,1.3467
7.6361,1.3417
7.6366,1.3467
7.6371,1.3467
7.6377,1.3417
7.6382,1.3467
7.6388,1.3467
7.6393,1.3467
7.6399,1.3467
7.6404,1.3417
7.6409,1.3417
7.6415,1.3417
7.6420,1.3467
7.6426,1.3417
7.6431,1.3467
7.6437,1.3467
7.6442,1.3417
7.6447,1.3417
7.6453,1.3417
7.6458,1.3467
7.6464,1.3417
7.6469,1.3467
7.6475,1.3467
7.6480,1.3467
7.6486,1.3417
7.6491,1.3467
7.6496,1.3417
7.6502,1.3367
7.6507,1.3417
7.6513,1.3417
7.6518,1.3417
7.6524,1.3417
7.6529,1.3417
7.6534,1.3417
7.6540,1.3417
7.6545,1.3467
7.6551,1.3417
7.6556,1.3367
7.6562,1.3417
7.6567,1.3417
7.6572,1.3367
7.6578,1.3417
7.6583,1.3417
7.6589,1.3417
7.6594,1.3417
7.6600,1.3467
7.6605,1.3417
7.6610,1.3417
7.6616,1.3417
7.6621,1.3417
7.6627,1.3417
7.6632,1.3367
7.6638,1.3417
7.6643,1.3367
7.6648,1.3417
7.6654,1.3467
7.6659,1.3417
7.6665,1.3417
7.6670,1.3417
7.6676,1.3367
7.6681,1.3367
7.6686,1.3417
7.6692,1.3417
7.6697,1.3367
7.6703,1.3367
7.6708,1.3417
7.6714,1.3417
7.6719,1.3417
7.6724,1.3417
7.6730,1.3367
7.6736,1.3367
7.6741,1.3367
7.6746,1.3367
7.6752,1.3417
7.6757,1.3417
7.6763,1.3316
7.6768,1.3417
7.6774,1.3367
7.6779,1.3367
7.6784,1.3367
7.6790,1.3417
7.6795,1.3367
7.6801,1.3367
7.6806,1.3367
7.6812,1.3367
7.6817,1.3367
7.6822,1.3417
7.6828,1.3417
7.6833,1.3316
7.6839,1.3367
7.6844,1.3367
7.6850,1.3417
7.6855,1.3367
7.6861,1.3417
7.6866,1.3367
7.6871,1.3367
7.6877,1.3417
7.6882,1.3367
7.6888,1.3316
7.6893,1.3316
7.6899,1.3367
7.6904,1.3367
7.6909,1.3367
7.6915,1.3417
7.6920,1.3417
7.6926,1.3367
7.6931,1.3316
7.6937,1.3367
7.6942,1.3367
7.6948,1.3417
7.6953,1.3316
7.6959,1.3367
7.6964,1.3417
7.6969,1.3367
7.6975,1.3367
7.6980,1.3316
7.6986,1.3367
7.6991,1.3367
7.6997,1.3367
7.7002,1.3316
7.7007,1.3367
7.7013,1.3367
7.7018,1.3367
7.7024,1.3316
7.7029,1.3367
7.7035,1.3367
7.7040,1.3367
7.7045,1.3367
7.7051,1.3367
7.7056,1.3316
7.7062,1.3417
7.7067,1.3367
7.7073,1.3367
7.7078,1.3316
7.7083,1.3367
7.7089,1.3367
7.7094,1.3367
7.7100,1.3417
7.7105,1.3367
7.7111,1.3367
7.7116,1.3367
7.7121,1.3367
7.7127,1.3316
7.7132,1.3316
7.7138,1.3367
7.7143,1.3316
7.7149,1.3367
7.7154,1.3316
7.7159,1.3367
7.7165,1.3316
7.7170,1.3316
7.7176,1.3367
7.7181,1.3367
7.7187,1.3367
7.7192,1.3367
7.7197,1.3367
7.7203,1.3316
7.7208,1.3316
7.7214,1.3367
7.7219,1.3367
7.7225,1.3316
7.7230,1.3316
7.7236,1.3316
7.7241,1.3316
7.7247,1.3367
7.7252,1.3316
7.7257,1.3367
7.7263,1.3316
7.7268,1.3367
7.7274,1.3367
7.7279,1.3367
7.7285,1.3367
7.7290,1.3316
7.7295,1.3316
7.7301,1.3367
7.7306,1.3316
7.7312,1.3367
7.7317,1.3367
7.7323,1.3316
7.7328,1.3367
7.7334,1.3316
7.7340,1.3316
7.7345,1.3367
7.7351,1.3367
7.7356,1.3367
7.7362,1.3316
7.7367,1.3316
7.7373,1.3316
7.7378,1.3316
7.7384,1.3316
7.7389,1.3367
7.7395,1.3367
7.7400,1.3316
7.7406,1.3316
7.7411,1.3266
7.7417,1.3316
7.7422,1.3266
7.7428,1.3316
7.7433,1.3316
7.7439,1.3266
7.7444,1.3266
7.7450,1.3316
7.7455,1.3316
7.7461,1.3316
7.7467,1.3316
7.7473,1.3367
7.7479,1.3266
7.7484,1.3316
7.7490,1.3316
7.7496,1.3316
7.7502,1.3316
7.7508,1.3266
7.7514,1.3316
7.7520,1.3367
7.7525,1.3316
7.7531,1.3316
7.7536,1.3316
7.7542,1.3266
7.7548,1.3367
7.7554,1.3266
7.7559,1.3316
7.7565,1.3316
7.7570,1.3266
7.7576,1.3316
7.7582,1.3316
7.7588,1.3316
7.7593,1.3367
7.7599,1.3316
7.7604,1.3316
7.7609,1.3316
7.7615,1.3367
7.7620,1.3316
7.7626,1.3316
7.7631,1.3266
7.7637,1.3316
7.7642,1.3316
7.7648,1.3367
7.7654,1.3316
7.7659,1.3316
7.7665,1.3316
7.7671,1.3367
7.7677,1.3316
7.7683,1.3367
7.7688,1.3266
7.7694,1.3316
7.7699,1.3316
7.7705,1.3316
7.7710,1.3316
7.7716,1.3316
7.7721,1.3367
7.7726,1.3316
7.7732,1.3316
7.7737,1.3266
7.7743,1.3316
7.7748,1.3266
7.7754,1.3367
7.7759,1.3316
7.7765,1.3316
7.7770,1.3316
7.7775,1.3316
7.7781,1.3266
7.7786,1.3316
7.7792,1.3316
7.7797,1.3316
7.7803,1.3316
7.7808,1.3316
7.7813,1.3316
7.7819,1.3316
7.7824,1.3367
7.7830,1.3266
7.7835,1.3266
7.7841,1.3316
7.7847,1.3266
7.7852,1.3316
7.7858,1.3266
7.7863,1.3316
7.7868,1.3316
7.7874,1.3316
7.7879,1.3316
7.7885,1.3316
7.7890,1.3316
7.7896,1.3316
7.7901,1.3316
7.7906,1.3316
7.7912,1.3316
7.7917,1.3266
7.7923,1.3316
7.7928,1.3316
7.7934,1.3316
7.7939,1.3316
7.7945,1.3266
7.7950,1.3316
7.7955,1.3266
7.7961,1.3316
7.7966,1.3266
7.7972,1.3266
7.7977,1.3316
7.7982,1.3316
7.7988,1.3266
7.7993,1.3266
7.7999,1.3316
7.8004,1.3266
7.8010,1.3316
7.8015,1.3316
7.8021,1.3316
7.8026,1.3316
7.8032,1.3266
7.8037,1.3316
7.8043,1.3316
7.8048,1.3316
7.8053,1.3266
7.8059,1.3316
7.8064,1.3316
7.8070,1.3266
7.8075,1.3316
7.8081,1.3316
7.8086,1.3266
7.8091,1.3266
7.8097,1.3316
7.8102,1.3266
7.8108,1.3316
7.8113,1.3266
7.8119,1.3266
7.8124,1.3266
7.8129,1.3266
7.8135,1.3266
7.8140,1.3266
7.8146,1.3266
7.8151,1.3266
7.8157,1.3316
7.8162,1.3266
7.8167,1.3215
7.8173,1.3316
7.8178,1.3266
7.8184,1.3266
7.8189,1.3316
7.8195,1.3266
7.8200,1.3266
7.8205,1.3316
7.8211,1.3266
7.8216,1.3215
7.8222,1.3266
7.8227,1.3266
7.8233,1.3316
7.8238,1.3266
7.8243,1.3266
7.8249,1.3266
7.8254,1.3266
7.8260,1.3266
7.8265,1.3316
7.8270,1.3266
7.8276,1.3316
7.8281,1.3266
7.8287,1.3266
7.8292,1.3266
7.8298,1.3266
7.8303,1.3266
7.8308,1.3266
7.8314,1.3266
7.8319,1.3215
7.8325,1.3266
7.8331,1.3266
7.8337,1.3266
7.8343,1.3266
7.8349,1.3316
7.8354,1.3316
7.8360,1.3316
7.8365,1.3316
7.8371,1.3266
7.8376,1.3266
7.8382,1.3266
7.8387,1.3215
7.8393,1.3316
7.8398,1.3266
7.8404,1.3266
7.8409,1.3316
7.8415,1.3266
7.8420,1.3266
7.8426,1.3266
7.8431,1.3266
7.8437,1.3266
7.8442,1.3266
7.8448,1.3266
7.8453,1.3316
7.8459,1.3266
7.8464,1.3266
7.8470,1.3266
7.8475,1.3266
7.8481,1.3266
7.8486,1.3266
7.8492,1.3266
7.8497,1.3316
7.8503,1.3266
7.8508,1.3266
7.8514,1.3215
7.8519,1.3266
7.8525,1.3266
7.8530,1.3266
7.8536,1.3266
7.8541,1.3266
7.8547,1.3266
7.8552,1.3316
7.8558,1.3266
7.8563,1.3215
7.8568,1.3266
7.8574,1.3266
7.8579,1.3266
7.8585,1.3266
7.8590,1.3215
7.8596,1.3266
7.8601,1.3266
7.8607,1.3266
7.8612,1.3266
7.8618,1.3266
7.8623,1.3215
7.8629,1.3266
7.8634,1.3266
7.8640,1.3266
7.8646,1.3266
7.8651,1.3266
7.8657,1.3316
7.8662,1.3266
7.8668,1.3215
7.8673,1.3266
7.8679,1.3316
7.8684,1.3266
7.8690,1.3215
7.8695,1.3266
7.8701,1.3266
7.8706,1.3215
7.8712,1.3215
7.8717,1.3215
7.8723,1.3266
7.8728,1.3266
7.8734,1.3215
7.8739,1.3266
7.8745,1.3266
7.8750,1.3266
7.8756,1.3266
7.8761,1.3266
7.8767,1.3215
7.8772,1.3215
7.8778,1.3266
7.8783,1.3266
7.8789,1.3215
7.8794,1.3266
7.8800,1.3215
7.8805,1.3266
7.8811,1.3215
7.8816,1.3215
7.8822,1.3266
7.8827,1.3215
7.8833,1.3266
7.8838,1.3266
7.8844,1.3215
7.8849,1.3215
7.8855,1.3215
7.8860,1.3266
7.8866,1.3215
7.8871,1.3266
7.8877,1.3266
7.8882,1.3215
7.8888,1.3266
7.8893,1.3215
7.8899,1.3266
7.8904,1.3266
7.8910,1.3215
7.8915,1.3215
7.8921,1.3266
7.8926,1.3215
7.8932,1.3215
7.8937,1.3266
7.8943,1.3266
7.8948,1.3215
7.8954,1.3266
7.8959,1.3215
7.8965,1.3266
7.8970,1.3215
7.8976,1.3266
7.8981,1.3215
7.8987,1.3266
7.8992,1.3215
7.8998,1.3266
7.9003,1.3215
7.9009,1.3266
7.9014,1.3215
7.9020,1.3215
7.9025,1.3215
7.9031,1.3266
7.9036,1.3215
7.9042,1.3215
7.9048,1.3165
7.9053,1.3215
7.9059,1.3266
7.9064,1.3215
7.9070,1.3215
7.9075,1.3215
7.9081,1.3215
7.9086,1.3215
7.9092,1.3215
7.9097,1.3215
7.9103,1.3266
7.9108,1.3215
7.9114,1.3165
7.9119,1.3215
7.9125,1.3266
7.9130,1.3215
7.9136,1.3215
7.9141,1.3215
7.9147,1.3215
7.9152,1.3266
7.9158,1.3215
7.9163,1.3215
7.9169,1.3215
7.9174,1.3215
7.9180,1.3215
7.9185,1.3215
7.9191,1.3215
7.9196,1.3215
7.9202,1.3215
7.9207,1.3165
7.9213,1.3165
7.9218,1.3215
7.9224,1.3215
7.9229,1.3215
7.9235,1.3215
7.9240,1.3215
7.9246,1.3215
7.9251,1.3165
7.9257,1.3215
7.9262,1.3215
7.9268,1.3165
7.9273,1.3215
7.9279,1.3266
7.9284,1.3215
7.9290,1.3215
7.9295,1.3165
7.9301,1.3215
7.9306,1.3165
7.9312,1.3215
7.9317,1.3215
7.9323,1.3165
7.9328,1.3215
7.9334,1.3215
7.9339,1.3165
7.9345,1.3215
7.9351,1.3215
7.9356,1.3165
7.9362,1.3215
7.9367,1.3215
7.9373,1.3215
7.9378,1.3215
7.9384,1.3215
7.9389,1.3215
7.9395,1.3266
7.9400,1.3215
7.9406,1.3215
7.9411,1.3165
7.9417,1.3215
7.9422,1.3165
7.9428,1.3215
7.9433,1.3266
7.9439,1.3165
7.9444,1.3215
7.9450,1.3165
7.9455,1.3215
7.9461,1.3215
7.9466,1.3215
7.9472,1.3215
7.9477,1.3215
7.9483,1.3165
7.9488,1.3165
7.9494,1.3165
7.9499,1.3215
7.9505,1.3215
7.9510,1.3215
7.9516,1.3165
7.9521,1.3215
7.9527,1.3165
7.9532,1.3215
7.9538,1.3165
7.9543,1.3165
7.9549,1.3215
7.9554,1.3215
7.9560,1.3215
7.9565,1.3215
7.9571,1.3165
7.9576,1.3215
7.9582,1.3215
7.9587,1.3215
7.9593,1.3215
7.9598,1.3215
7.9604,1.3215
7.9609,1.3114
7.9615,1.3215
7.9620,1.3165
7.9626,1.3215
7.9631,1.3215
7.9637,1.3215
7.9642,1.3165
7.9648,1.3165
7.9653,1.3215
7.9659,1.3215
7.9664,1.3165
7.9670,1.3215
7.9675,1.3165
7.9681,1.3215
7.9686,1.3165
7.9692,1.3215
7.9697,1.3215
7.9703,1.3215
7.9708,1.3266
7.9714,1.3215
7.9719,1.3215
7.9725,1.3165
7.9730,1.3215
7.9736,1.3215
7.9742,1.3215
7.9747,1.3114
7.9753,1.3215
7.9758,1.3215
7.9764,1.3215
7.9769,1.3215
7.9775,1.3165
7.9780,1.3215
7.9786,1.3266
7.9791,1.3215
7.9797,1.3165
7.9802,1.3165
7.9808,1.3165
7.9813,1.3215
7.9819,1.3215
7.9824,1.3215
7.9830,1.3215
7.9835,1.3215
7.9841,1.3215
7.9846,1.3215
7.9852,1.3215
7.9857,1.3165
7.9863,1.3215
7.9868,1.3215
7.9873,1.3165
7.9879,1.3215
7.9884,1.3215
7.9890,1.3215
7.9895,1.3165
7.9901,1.3165
7.9906,1.3215
7.9912,1.3165
7.9917,1.3165
7.9923,1.3165
7.9928,1.3215
7.9934,1.3165
7.9939,1.3165
7.9945,1.3165
7.9950,1.3215
7.9956,1.3165
7.9961,1.3165
7.9966,1.3165
7.9972,1.3165
7.9977,1.3165
7.9983,1.3215
7.9988,1.3215
7.9994,1.3215
7.9999,1.3165
8.0005,1.3165
8.0010,1.3114
8.0016,1.3215
8.0021,1.3215
8.0027,1.3165
8.0032,1.3215
8.0038,1.3215
8.0043,1.3114
8.0049,1.3165
8.0054,1.3165
8.0060,1.3165
8.0065,1.3165
8.0071,1.3215
8.0076,1.3215
8.0082,1.3215
8.0087,1.3165
8.0093,1.3215
8.0098,1.3165
8.0104,1.3165
8.0109,1.3215
8.0115,1.3266
8.0120,1.3215
8.0126,1.3215
8.0131,1.3215
8.0137,1.3215
8.0142,1.3215
8.0148,1.3215
8.0153,1.3215
8.0159,1.3165
8.0164,1.3266
8.0170,1.3215
8.0175,1.3215
8.0181,1.3165
8.0186,1.3215
8.0192,1.3215
8.0197,1.3165
8.0203,1.3165
8.0208,1.3266
8.0214,1.3266
8.0219,1.3215
8.0225,1.3215
8.0230,1.3215
8.0236,1.3215
8.0241,1.3215
8.0247,1.3266
8.0252,1.3266
8.0258,1.3266
8.0263,1.3266
8.0269,1.3266
8.0274,1.3266
8.0280,1.3215
8.0285,1.3266
8.0291,1.3215
8.0296,1.3266
8.0302,1.3215
8.0307,1.3215
8.0313,1.3266
8.0318,1.3316
8.0324,1.3266
8.0329,1.3215
8.0335,1.3316
8.0340,1.3316
8.0346,1.3266
8.0352,1.3266
8.0357,1.3266
8.0363,1.3316
8.0369,1.3316
8.0375,1.3316
8.0381,1.3316
8.0387,1.3316
8.0392,1.3316
8.0398,1.3316
8.0404,1.3316
8.0409,1.3367
8.0415,1.3316
8.0421,1.3367
8.0426,1.3316
8.0432,1.3367
8.0438,1.3316
8.0444,1.3367
8.0449,1.3316
8.0455,1.3367
8.0460,1.3316
8.0466,1.3316
8.0471,1.3367
8.0477,1.3367
8.0482,1.3417
8.0488,1.3417
8.0494,1.3367
8.0499,1.3316
8.0506,1.3367
8.0512,1.3417
8.0518,1.3417
8.0523,1.3367
8.0529,1.3417
8.0535,1.3417
8.0540,1.3367
8.0546,1.3417
8.0552,1.3417
8.0558,1.3417
8.0564,1.3467
8.0569,1.3367
8.0575,1.3467
8.0581,1.3417
8.0587,1.3417
8.0593,1.3417
8.0599,1.3467
8.0604,1.3467
8.0610,1.3417
8.0615,1.3417
8.0622,1.3467
8.0627,1.3467
8.0633,1.3417
8.0638,1.3417
8.0644,1.3467
8.0649,1.3467
8.0655,1.3467
8.0660,1.3467
8.0666,1.3467
8.0671,1.3467
8.0676,1.3467
8.0682,1.3417
8.0688,1.3518
8.0693,1.3518
8.0699,1.3417
8.0704,1.3467
8.0710,1.3467
8.0715,1.3467
8.0721,1.3467
8.0726,1.3467
8.0732,1.3518
8.0737,1.3467
8.0742,1.3467
8.0748,1.3518
8.0753,1.3467
8.0759,1.3467
8.0764,1.3467
8.0770,1.3467
8.0775,1.3467
8.0780,1.3467
8.0786,1.3518
8.0791,1.3467
8.0797,1.3467
8.0802,1.3518
8.0808,1.3467
8.0813,1.3518
8.0818,1.3467
8.0824,1.3518
8.0829,1.3518
8.0835,1.3518
8.0840,1.3518
8.0846,1.3518
8.0852,1.3518
8.0857,1.3518
8.0863,1.3467
8.0868,1.3467
8.0873,1.3518
8.0879,1.3467
8.0884,1.3568
8.0890,1.3518
8.0895,1.3568
8.0901,1.3568
8.0906,1.3518
8.0911,1.3518
8.0917,1.3467
8.0922,1.3518
8.0928,1.3518
8.0933,1.3467
8.0939,1.3568
8.0944,1.3568
8.0949,1.3568
8.0955,1.3568
8.0960,1.3518
8.0966,1.3518
8.0971,1.3518
8.0977,1.3518
8.0982,1.3518
8.0987,1.3518
8.0993,1.3568
8.0998,1.3518
8.1004,1.3518
8.1009,1.3518
8.1015,1.3518
8.1020,1.3568
8.1026,1.3518
8.1031,1.3518
8.1036,1.3518
8.1042,1.3568
8.1047,1.3518
8.1053,1.3568
8.1058,1.3568
8.1064,1.3518
8.1069,1.3568
8.1074,1.3568
8.1080,1.3568
8.1085,1.3568
8.1091,1.3568
8.1096,1.3568
8.1102,1.3568
8.1107,1.3518
8.1112,1.3568
8.1118,1.3568
8.1123,1.3568
8.1129,1.3568
8.1134,1.3568
8.1140,1.3568
8.1145,1.3568
8.1151,1.3518
8.1156,1.3518
8.1162,1.3568
8.1168,1.3568
8.1173,1.3568
8.1179,1.3518
8.1184,1.3568
8.1192,1.3568
8.1199,1.3518
8.1206,1.3518
8.1211,1.3518
8.1217,1.3568
8.1222,1.3568
8.1228,1.3568
8.1233,1.3568
8.1239,1.3518
8.1254,1.3568
8.1259,1.3568
8.1265,1.3568
8.1271,1.3568
8.1276,1.3518
8.1282,1.3568
8.1287,1.3568
8.1293,1.3568
8.1298,1.3518
8.1304,1.3568
8.1309,1.3568
8.1315,1.3568
8.1320,1.3568
8.1326,1.3568
8.1331,1.3568
8.1337,1.3568
8.1343,1.3518
8.1348,1.3568
8.1354,1.3518
8.1361,1.3518
8.1366,1.3568
8.1372,1.3518
8.1377,1.3568
8.1383,1.3518
8.1388,1.3619
8.1394,1.3518
8.1399,1.3568
8.1405,1.3518
8.1411,1.3518
8.1416,1.3518
8.1421,1.3518
8.1427,1.3568
8.1432,1.3518
8.1438,1.3568
8.1443,1.3518
8.1449,1.3568
8.1454,1.3568
8.1460,1.3568
8.1465,1.3568
8.1470,1.3568
8.1476,1.3518
8.1481,1.3568
8.1487,1.3518
8.1492,1.3518
8.1497,1.3518
8.1503,1.3518
8.1508,1.3518
8.1513,1.3568
8.1519,1.3568
8.1524,1.3518
8.1529,1.3568
8.1534,1.3518
8.1540,1.3518
8.1545,1.3568
8.1550,1.3518
8.1556,1.3518
8.1561,1.3518
8.1566,1.3518
8.1572,1.3568
8.1577,1.3518
8.1582,1.3568
8.1588,1.3568
8.1593,1.3568
8.1598,1.3568
8.1604,1.3467
8.1609,1.3518
8.1614,1.3518
8.1620,1.3518
8.1625,1.3467
8.1630,1.3568
8.1636,1.3568
8.1641,1.3518
8.1646,1.3518
8.1652,1.3518
8.1657,1.3568
8.1662,1.3568
8.1668,1.3568
8.1673,1.3518
8.1678,1.3518
8.1684,1.3518
8.1689,1.3568
8.1694,1.3518
8.1700,1.3568
8.1705,1.3568
8.1710,1.3518
8.1715,1.3518
8.1721,1.3568
8.1726,1.3518
8.1731,1.3568
8.1737,1.3518
8.1742,1.3518
8.1747,1.3518
8.1753,1.3568
8.1758,1.3518
8.1763,1.3518
8.1769,1.3518
8.1774,1.3518
8.1779,1.3518
8.1785,1.3518
8.1790,1.3568
8.1795,1.3518
8.1801,1.3518
8.1806,1.3518
8.1811,1.3518
8.1817,1.3518
8.1822,1.3518
8.1827,1.3518
8.1833,1.3467
8.1838,1.3568
8.1843,1.3518
8.1849,1.3467
8.1854,1.3518
8.1859,1.3467
8.1865,1.3518
8.1870,1.3518
8.1875,1.3568
8.1881,1.3518
8.1886,1.3518
8.1891,1.3518
8.1897,1.3467
8.1902,1.3467
8.1907,1.3518
8.1913,1.3518
8.1918,1.3518
8.1923,1.3568
8.1929,1.3568
8.1934,1.3467
8.1939,1.3518
8.1945,1.3518
8.1950,1.3417
8.1955,1.3518
8.1961,1.3467
8.1966,1.3467
8.1971,1.3467
8.1977,1.3467
8.1982,1.3518
8.1987,1.3467
8.1992,1.3568
8.1998,1.3518
8.2003,1.3467
8.2008,1.3467
8.2014,1.3518
8.2019,1.3467
8.2024,1.3518
8.2030,1.3417
8.2035,1.3467
8.2040,1.3518
8.2046,1.3467
8.2051,1.3518
8.2056,1.3467
8.2062,1.3467
8.2067,1.3467
8.2072,1.3467
8.2078,1.3467
8.2083,1.3467
8.2088,1.3518
8.2094,1.3518
8.2099,1.3467
8.2104,1.3518
8.2110,1.3467
8.2115,1.3417
8.2120,1.3467
8.2125,1.3467
8.2131,1.3467
8.2136,1.3467
8.2141,1.3417
8.2147,1.3518
8.2152,1.3467
8.2157,1.3467
8.2163,1.3467
8.2168,1.3467
8.2173,1.3467
8.2179,1.3467
8.2184,1.3467
8.2189,1.3467
8.2195,1.3417
8.2200,1.3417
8.2205,1.3467
8.2211,1.3417
8.2216,1.3417
8.2221,1.3467
8.2227,1.3467
8.2232,1.3467
8.2237,1.3467
8.2243,1.3467
8.2248,1.3467
8.2253,1.3367
8.2258,1.3417
8.2264,1.3417
8.2269,1.3417
8.2274,1.3417
8.2280,1.3417
8.2285,1.3467
8.2290,1.3467
8.2296,1.3467
8.2301,1.3417
8.2306,1.3417
8.2312,1.3417
8.2317,1.3467
8.2322,1.3467
8.2328,1.3417
8.2333,1.3417
8.2338,1.3417
8.2344,1.3417
8.2349,1.3417
8.2354,1.3417
8.2361,1.3367
8.2366,1.3367
8.2371,1.3417
8.2377,1.3417
8.2382,1.3417
8.2388,1.3367
8.2393,1.3417
8.2399,1.3417
8.2404,1.3417
8.2410,1.3367
8.2415,1.3417
8.2421,1.3367
8.2426,1.3367
8.2432,1.3367
8.2437,1.3367
8.2443,1.3417
8.2448,1.3417
8.2454,1.3417
8.2459,1.3367
8.2465,1.3367
8.2470,1.3417
8.2476,1.3367
8.2481,1.3417
8.2487,1.3417
8.2492,1.3367
8.2498,1.3417
8.2503,1.3367
8.2509,1.3367
8.2514,1.3417
8.2520,1.3417
8.2525,1.3367
8.2531,1.3417
8.2537,1.3367
8.2542,1.3417
8.2548,1.3417
8.2553,1.3367
8.2559,1.3417
8.2564,1.3367
8.2570,1.3316
8.2575,1.3367
8.2580,1.3367
8.2586,1.3367
8.2591,1.3417
8.2597,1.3367
8.2602,1.3367
8.2608,1.3417
8.2613,1.3367
8.2619,1.3367
8.2624,1.3367
8.2630,1.3316
8.2636,1.3367
8.2641,1.3367
8.2647,1.3367
8.2652,1.3367
8.2658,1.3417
8.2663,1.3367
8.2669,1.3367
8.2674,1.3367
8.2680,1.3367
8.2685,1.3367
8.2691,1.3417
8.2696,1.3316
8.2702,1.3367
8.2707,1.3367
8.2713,1.3367
8.2718,1.3367
8.2724,1.3367
8.2729,1.3367
8.2735,1.3367
8.2740,1.3367
8.2746,1.3367
8.2751,1.3316
8.2757,1.3367
8.2762,1.3367
8.2768,1.3367
8.2773,1.3367
8.2779,1.3316
8.2784,1.3316
8.2790,1.3367
8.2795,1.3367
8.2801,1.3367
8.2806,1.3316
8.2812,1.3316
8.2817,1.3367
8.2823,1.3316
8.2828,1.3316
8.2834,1.3367
8.2839,1.3367
8.2845,1.3316
8.2850,1.3316
8.2856,1.3367
8.2861,1.3316
8.2867,1.3316
8.2872,1.3316
8.2878,1.3266
8.2883,1.3367
8.2889,1.3316
8.2894,1.3316
8.2899,1.3316
8.2905,1.3316
8.2910,1.3316
8.2916,1.3316
8.2921,1.3367
8.2927,1.3316
8.2932,1.3316
8.2938,1.3367
8.2943,1.3316
8.2949,1.3367
8.2954,1.3316
8.2960,1.3367
8.2965,1.3316
8.2971,1.3316
8.2976,1.3316
8.2982,1.3316
8.2987,1.3367
8.2993,1.3367
8.2998,1.3316
8.3004,1.3316
8.3009,1.3316
8.3015,1.3316
8.3020,1.3316
8.3026,1.3316
8.3031,1.3367
8.3037,1.3316
8.3042,1.3367
8.3048,1.3316
8.3053,1.3367
8.3059,1.3367
8.3064,1.3316
8.3070,1.3316
8.3075,1.3367
8.3081,1.3316
8.3086,1.3367
8.3092,1.3316
8.3097,1.3367
8.3103,1.3367
8.3108,1.3367
8.3114,1.3367
8.3119,1.3316
8.3125,1.3367
8.3130,1.3316
8.3136,1.3316
8.3141,1.3367
8.3147,1.3316
8.3152,1.3367
8.3158,1.3367
8.3163,1.3316
8.3169,1.3367
8.3174,1.3316
8.3180,1.3316
8.3185,1.3316
8.3191,1.3367
8.3196,1.3266
8.3202,1.3316
8.3207,1.3316
8.3213,1.3316
8.3218,1.3316
8.3224,1.3316
8.3229,1.3367
8.3235,1.3367
8.3240,1.3316
8.3246,1.3316
8.3251,1.3316
8.3257,1.3367
8.3262,1.3316
8.3268,1.3316
8.3273,1.3367
8.3279,1.3316
8.3284,1.3316
8.3290,1.3316
8.3295,1.3367
8.3301,1.3316
8.3306,1.3367
8.3312,1.3367
8.3317,1.3316
8.3323,1.3316
8.3328,1.3266
8.3334,1.3316
8.3339,1.3266
8.3345,1.3316
8.3350,1.3316
8.3356,1.3316
8.3361,1.3316
8.3367,1.3316
8.3372,1.3316
8.3378,1.3316
8.3383,1.3316
8.3389,1.3316
8.3394,1.3316
8.3400,1.3367
8.3405,1.3266
8.3411,1.3316
8.3416,1.3266
8.3422,1.3316
8.3427,1.3266
8.3433,1.3266
8.3438,1.3316
8.3444,1.3316
8.3449,1.3367
8.3455,1.3316
8.3461,1.3316
8.3468,1.3316
8.3474,1.3266
8.3480,1.3316
8.3486,1.3316
8.3492,1.3316
8.3497,1.3367
8.3503,1.3316
8.3510,1.3316
8.3517,1.3316
8.3523,1.3266
8.3529,1.3316
8.3534,1.3316
8.3540,1.3316
8.3546,1.3316
8.3554,1.3316
8.3559,1.3316
8.3565,1.3316
8.3571,1.3367
8.3576,1.3266
8.3582,1.3316
8.3588,1.3316
8.3594,1.3367
8.3599,1.3266
8.3605,1.3266
8.3610,1.3316
8.3616,1.3266
8.3621,1.3266
8.3627,1.3316
8.3632,1.3316
8.3638,1.3316
8.3643,1.3367
8.3648,1.3316
8.3654,1.3266
8.3659,1.3316
8.3665,1.3316
8.3670,1.3316
8.3676,1.3316
8.3685,1.3367
8.3692,1.3316
8.3697,1.3316
8.3703,1.3266
8.3708,1.3316
8.3714,1.3316
8.3719,1.3316
8.3725,1.3266
8.3730,1.3316
8.3736,1.3316
8.3741,1.3266
8.3747,1.3316
8.3752,1.3316
8.3763,1.3316
8.3769,1.3316
8.3774,1.3316
8.3780,1.3266
8.3785,1.3266
8.3791,1.3316
8.3796,1.3316
8.3802,1.3316
8.3807,1.3316
8.3812,1.3316
8.3819,1.3215
8.3825,1.3316
8.3831,1.3316
8.3836,1.3316
8.3842,1.3316
8.3848,1.3316
8.3853,1.3266
8.3859,1.3316
8.3864,1.3266
8.3870,1.3316
8.3875,1.3316
8.3881,1.3316
8.3886,1.3316
8.3892,1.3266
8.3897,1.3266
8.3903,1.3266
8.3908,1.3316
8.3914,1.3316
8.3919,1.3316
8.3924,1.3266
8.3930,1.3266
8.3936,1.3266
8.3941,1.3266
8.3947,1.3266
8.3952,1.3316
8.3958,1.3316
8.3963,1.3316
8.3969,1.3316
8.3974,1.3316
8.3980,1.3266
8.3985,1.3316
8.3991,1.3316
8.3996,1.3316
8.4002,1.3266
8.4007,1.3266
8.4013,1.3266
8.4018,1.3316
8.4023,1.3266
8.4029,1.3367
8.4034,1.3215
8.4040,1.3316
8.4045,1.3266
8.4051,1.3316
8.4056,1.3266
8.4062,1.3316
8.4067,1.3266
8.4073,1.3266
8.4078,1.3215
8.4084,1.3266
8.4089,1.3266
8.4095,1.3266
8.4100,1.3266
8.4106,1.3316
8.4111,1.3266
8.4117,1.3316
8.4122,1.3215
8.4128,1.3266
8.4133,1.3266
8.4139,1.3266
8.4144,1.3316
8.4150,1.3266
8.4155,1.3266
8.4161,1.3266
8.4166,1.3266
8.4172,1.3316
8.4177,1.3316
8.4183,1.3266
8.4188,1.3316
8.4194,1.3266
8.4199,1.3266
8.4205,1.3316
8.4210,1.3266
8.4216,1.3316
8.4221,1.3316
8.4227,1.3266
8.4232,1.3266
8.4238,1.3316
8.4243,1.3266
8.4249,1.3266
8.4254,1.3266
8.4260,1.3266
8.4265,1.3316
8.4271,1.3266
8.4276,1.3266
8.4282,1.3316
8.4287,1.3316
8.4293,1.3266
8.4298,1.3266
8.4304,1.3266
8.4309,1.3266
8.4315,1.3266
8.4320,1.3266
8.4326,1.3215
8.4331,1.3266
8.4337,1.3266
8.4342,1.3266
8.4348,1.3316
8.4353,1.3266
8.4359,1.3316
8.4364,1.3316
8.4370,1.3316
8.4376,1.3266
8.4381,1.3266
8.4387,1.3266
8.4392,1.3266
8.4398,1.3266
8.4403,1.3266
8.4409,1.3266
8.4414,1.3316
8.4420,1.3266
8.4425,1.3266
8.4431,1.3266
8.4436,1.3316
8.4442,1.3266
8.4447,1.3215
8.4453,1.3266
8.4458,1.3316
8.4464,1.3215
8.4469,1.3266
8.4475,1.3266
8.4480,1.3316
8.4486,1.3266
8.4491,1.3266
8.4497,1.3266
8.4502,1.3266
8.4508,1.3266
8.4513,1.3266
8.4519,1.3266
8.4524,1.3266
8.4530,1.3266
8.4535,1.3215
8.4541,1.3266
8.4546,1.3266
8.4551,1.3266
8.4557,1.3266
8.4562,1.3266
8.4568,1.3215
8.4573,1.3266
8.4579,1.3215
8.4584,1.3266
8.4590,1.3266
8.4595,1.3215
8.4601,1.3266
8.4606,1.3266
8.4612,1.3266
8.4617,1.3266
8.4622,1.3266
8.4628,1.3215
8.4633,1.3266
8.4639,1.3215
8.4644,1.3266
8.4650,1.3266
8.4656,1.3266
8.4661,1.3266
8.4667,1.3266
8.4672,1.3266
8.4678,1.3215
8.4683,1.3215
8.4689,1.3266
8.4694,1.3266
8.4700,1.3266
8.4705,1.3266
8.4711,1.3215
8.4716,1.3266
8.4722,1.3215
8.4727,1.3215
8.4733,1.3215
8.4738,1.3266
8.4744,1.3215
8.4749,1.3266
8.4755,1.3215
8.4760,1.3215
8.4766,1.3215
8.4771,1.3266
8.4776,1.3266
8.4782,1.3266
8.4787,1.3215
8.4793,1.3215
8.4798,1.3215
8.4804,1.3266
8.4809,1.3266
8.4815,1.3215
8.4820,1.3266
8.4826,1.3266
8.4831,1.3165
8.4837,1.3266
8.4842,1.3266
8.4848,1.3266
8.4853,1.3266
8.4859,1.3215
8.4864,1.3266
8.4870,1.3266
8.4875,1.3266
8.4881,1.3215
8.4886,1.3266
8.4892,1.3215
8.4897,1.3215
8.4903,1.3215
8.4908,1.3266
8.4914,1.3165
8.4919,1.3215
8.4925,1.3215
8.4930,1.3266
8.4936,1.3215
8.4941,1.3215
8.4947,1.3266
8.4952,1.3266
8.4958,1.3215
8.4963,1.3215
8.4969,1.3215
8.4974,1.3215
8.4980,1.3215
8.4985,1.3215
8.4991,1.3215
8.4996,1.3215
8.5002,1.3215
8.5007,1.3215
8.5013,1.3215
8.5018,1.3215
8.5024,1.3215
8.5029,1.3266
8.5035,1.3266
8.5040,1.3165
8.5046,1.3266
8.5051,1.3165
8.5057,1.3215
8.5062,1.3266
8.5068,1.3215
8.5073,1.3215
8.5079,1.3266
8.5084,1.3215
8.5090,1.3215
8.5095,1.3215
8.5101,1.3165
8.5106,1.3215
8.5112,1.3215
8.5117,1.3215
8.5123,1.3266
8.5128,1.3215
8.5134,1.3215
8.5139,1.3165
8.5145,1.3266
8.5150,1.3215
8.5156,1.3165
8.5161,1.3215
8.5167,1.3215
8.5172,1.3266
8.5178,1.3215
8.5183,1.3215
8.5189,1.3215
8.5202,1.3215
8.5207,1.3215
8.5213,1.3215
8.5218,1.3215
8.5224,1.3215
8.5229,1.3215
8.5235,1.3215
8.5240,1.3215
8.5246,1.3215
8.5251,1.3266
8.5257,1.3215
8.5262,1.3215
8.5268,1.3266
8.5273,1.3165
8.5279,1.3215
8.5284,1.3215
8.5289,1.3266
8.5295,1.3266
8.5300,1.3215
8.5306,1.3215
8.5311,1.3215
8.5317,1.3215
8.5322,1.3215
8.5328,1.3215
8.5333,1.3215
8.5339,1.3215
8.5344,1.3266
8.5352,1.3165
8.5358,1.3165
8.5363,1.3215
8.5369,1.3215
8.5376,1.3215
8.5382,1.3215
8.5388,1.3215
8.5394,1.3165
8.5400,1.3165
8.5405,1.3215
8.5411,1.3215
8.5416,1.3215
8.5422,1.3215
8.5428,1.3165
8.5433,1.3215
8.5439,1.3215
8.5445,1.3165
8.5450,1.3215
8.5456,1.3165
8.5461,1.3215
8.5467,1.3165
8.5472,1.3215
8.5478,1.3215
8.5483,1.3165
8.5489,1.3215
8.5494,1.3215
8.5500,1.3215
8.5505,1.3165
8.5511,1.3215
8.5517,1.3215
8.5523,1.3215
8.5529,1.3215
8.5534,1.3215
8.5540,1.3165
8.5546,1.3215
8.5551,1.3215
8.5557,1.3165
8.5562,1.3215
8.5569,1.3215
8.5575,1.3215
8.5581,1.3215
8.5587,1.3215
8.5593,1.3215
8.5598,1.3215
8.5604,1.3215
8.5610,1.3165
8.5616,1.3215
8.5621,1.3215
8.5627,1.3165
8.5632,1.3215
8.5638,1.3165
8.5644,1.3215
8.5649,1.3215
8.5655,1.3215
8.5660,1.3215
8.5665,1.3215
8.5671,1.3266
8.5676,1.3165
8.5682,1.3215
8.5688,1.3215
8.5693,1.3165
8.5699,1.3215
8.5704,1.3165
8.5710,1.3215
8.5715,1.3215
8.5721,1.3165
8.5726,1.3215
8.5731,1.3165
8.5737,1.3215
8.5742,1.3165
8.5748,1.3165
8.5753,1.3165
8.5759,1.3165
8.5764,1.3165
8.5770,1.3215
8.5775,1.3165
8.5781,1.3215
8.5786,1.3114
8.5792,1.3165
8.5797,1.3165
8.5802,1.3215
8.5808,1.3215
8.5813,1.3215
8.5819,1.3215
8.5824,1.3215
8.5830,1.3215
8.5835,1.3165
8.5841,1.3215
8.5846,1.3215
8.5852,1.3215
8.5857,1.3215
8.5863,1.3215
8.5868,1.3215
8.5874,1.3165
8.5879,1.3215
8.5885,1.3266
8.5890,1.3266
8.5896,1.3266
8.5901,1.3266
8.5906,1.3266
8.5912,1.3215
8.5917,1.3266
8.5923,1.3266
8.5928,1.3215
8.5934,1.3266
8.5939,1.3215
8.5945,1.3215
8.5950,1.3266
8.5956,1.3266
8.5961,1.3266
8.5967,1.3266
8.5972,1.3266
8.5977,1.3215
8.5983,1.3266
8.5988,1.3266
8.5994,1.3266
8.5999,1.3266
8.6005,1.3266
8.6010,1.3316
8.6016,1.3266
8.6021,1.3266
8.6027,1.3316
8.6032,1.3266
8.6037,1.3316
8.6043,1.3316
8.6048,1.3316
8.6054,1.3316
8.6059,1.3266
8.6065,1.3316
8.6071,1.3316
8.6076,1.3316
8.6081,1.3367
8.6087,1.3316
8.6092,1.3367
8.6098,1.3316
8.6103,1.3367
8.6109,1.3316
8.6114,1.3367
8.6120,1.3367
8.6125,1.3367
8.6131,1.3367
8.6136,1.3367
8.6142,1.3367
8.6147,1.3367
8.6153,1.3367
8.6158,1.3367
8.6164,1.3367
8.6169,1.3316
8.6175,1.3417
8.6180,1.3417
8.6186,1.3367
8.6191,1.3417
8.6197,1.3467
8.6202,1.3417
8.6207,1.3417
8.6213,1.3367
8.6218,1.3467
8.6224,1.3417
8.6229,1.3417
8.6235,1.3467
8.6240,1.3467
8.6246,1.3367
8.6251,1.3467
8.6257,1.3417
8.6262,1.3417
8.6268,1.3467
8.6273,1.3417
8.6279,1.3467
8.6284,1.3467
8.6290,1.3417
8.6295,1.3417
8.6301,1.3467
8.6306,1.3417
8.6312,1.3467
8.6317,1.3467
8.6323,1.3467
8.6328,1.3518
8.6334,1.3417
8.6339,1.3467
8.6345,1.3467
8.6350,1.3518
8.6356,1.3417
8.6361,1.3467
8.6367,1.3467
8.6372,1.3467
8.6378,1.3467
8.6385,1.3467
8.6390,1.3467
8.6396,1.3417
8.6401,1.3467
8.6406,1.3467
8.6412,1.3518
8.6417,1.3518
8.6423,1.3518
8.6428,1.3467
8.6434,1.3518
8.6439,1.3518
8.6445,1.3518
8.6450,1.3467
8.6455,1.3417
8.6461,1.3467
8.6466,1.3467
8.6472,1.3518
8.6477,1.3518
8.6483,1.3518
8.6488,1.3518
8.6493,1.3467
8.6499,1.3518
8.6504,1.3518
8.6510,1.3518
8.6515,1.3518
8.6521,1.3467
8.6526,1.3518
8.6531,1.3518
8.6537,1.3518
8.6542,1.3518
8.6548,1.3467
8.6553,1.3518
8.6559,1.3518
8.6564,1.3518
8.6570,1.3518
8.6575,1.3467
8.6580,1.3568
8.6586,1.3518
8.6591,1.3518
8.6597,1.3568
8.6602,1.3518
8.6608,1.3518
8.6613,1.3568
8.6618,1.3568
8.6624,1.3568
8.6629,1.3518
8.6635,1.3568
8.6640,1.3568
8.6646,1.3568
8.6651,1.3568
8.6656,1.3518
8.6662,1.3568
8.6667,1.3518
8.6673,1.3568
8.6678,1.3568
8.6683,1.3568
8.6689,1.3518
8.6694,1.3518
8.6700,1.3568
8.6705,1.3518
8.6710,1.3518
8.6716,1.3518
8.6721,1.3518
8.6727,1.3568
8.6732,1.3568
8.6738,1.3518
8.6743,1.3568
8.6748,1.3518
8.6754,1.3518
8.6760,1.3568
8.6765,1.3568
8.6770,1.3568
8.6776,1.3568
8.6781,1.3518
8.6787,1.3568
8.6792,1.3518
8.6798,1.3568
8.6803,1.3518
8.6808,1.3568
8.6814,1.3568
8.6819,1.3568
8.6825,1.3518
8.6830,1.3568
8.6836,1.3518
8.6841,1.3568
8.6846,1.3568
8.6852,1.3568
8.6857,1.3568
8.6863,1.3518
8.6868,1.3518
8.6874,1.3568
8.6879,1.3568
8.6884,1.3568
8.6890,1.3568
8.6895,1.3568
8.6901,1.3568
8.6906,1.3568
8.6912,1.3568
8.6917,1.3568
8.6922,1.3568
8.6928,1.3518
8.6933,1.3568
8.6939,1.3568
8.6944,1.3568
8.6950,1.3568
8.6955,1.3568
8.6961,1.3568
8.6966,1.3518
8.6971,1.3568
8.6977,1.3518
8.6982,1.3568
8.6988,1.3568
8.6993,1.3518
8.6999,1.3568
8.7004,1.3568
8.7009,1.3518
8.7015,1.3568
8.7020,1.3619
8.7026,1.3568
8.7031,1.3568
8.7037,1.3568
8.7042,1.3568
8.7047,1.3568
8.7053,1.3568
8.7058,1.3568
8.7064,1.3518
8.7069,1.3568
8.7075,1.3568
8.7080,1.3568
8.7085,1.3568
8.7091,1.3568
8.7096,1.3518
8.7102,1.3568
8.7107,1.3518
8.7113,1.3568
8.7118,1.3568
8.7123,1.3568
8.7129,1.3619
8.7134,1.3568
8.7140,1.3568
8.7145,1.3518
8.7151,1.3619
8.7156,1.3568
8.7162,1.3568
8.7167,1.3518
8.7172,1.3518
8.7178,1.3518
8.7183,1.3568
8.7189,1.3518
8.7194,1.3568
8.7200,1.3518
8.7205,1.3568
8.7210,1.3518
8.7216,1.3568
8.7221,1.3568
8.7227,1.3518
8.7232,1.3568
8.7238,1.3518
8.7243,1.3568
8.7248,1.3568
8.7254,1.3568
8.7259,1.3568
8.7265,1.3568
8.7270,1.3518
8.7276,1.3568
8.7281,1.3568
8.7287,1.3568
8.7292,1.3518
8.7297,1.3568
8.7303,1.3568
8.7308,1.3568
8.7314,1.3568
8.7319,1.3568
8.7325,1.3518
8.7330,1.3518
8.7336,1.3568
8.7341,1.3568
8.7346,1.3568
8.7352,1.3518
8.7357,1.3518
8.7363,1.3518
8.7368,1.3518
8.7374,1.3518
8.7379,1.3518
8.7384,1.3568
8.7391,1.3518
8.7396,1.3518
8.7402,1.3518
8.7407,1.3518
8.7413,1.3518
8.7418,1.3518
8.7424,1.3467
8.7429,1.3518
8.7435,1.3467
8.7440,1.3518
8.7446,1.3518
8.7452,1.3568
8.7457,1.3568
8.7463,1.3518
8.7468,1.3568
8.7474,1.3518
8.7479,1.3518
8.7485,1.3467
8.7490,1.3518
8.7496,1.3518
8.7501,1.3518
8.7507,1.3568
8.7512,1.3518
8.7518,1.3467
8.7523,1.3518
8.7529,1.3518
8.7534,1.3518
8.7540,1.3518
8.7545,1.3467
8.7551,1.3467
8.7556,1.3518
8.7562,1.3518
8.7567,1.3467
8.7573,1.3518
8.7578,1.3568
8.7584,1.3518
8.7589,1.3518
8.7594,1.3518
8.7600,1.3518
8.7605,1.3568
8.7611,1.3518
8.7616,1.3467
8.7622,1.3518
8.7627,1.3518
8.7633,1.3518
8.7638,1.3568
8.7644,1.3518
8.7649,1.3518
8.7655,1.3467
8.7660,1.3467
8.7666,1.3467
8.7671,1.3518
8.7677,1.3518
8.7682,1.3518
8.7688,1.3518
8.7693,1.3467
8.7699,1.3518
8.7704,1.3467
8.7710,1.3518
8.7715,1.3518
8.7721,1.3518
8.7726,1.3518
8.7732,1.3467
8.7737,1.3467
8.7743,1.3518
8.7748,1.3467
8.7754,1.3467
8.7759,1.3518
8.7765,1.3467
8.7770,1.3467
8.7776,1.3518
8.7781,1.3417
8.7787,1.3467
8.7792,1.3467
8.7798,1.3467
8.7803,1.3467
8.7809,1.3467
8.7814,1.3518
8.7820,1.3467
8.7825,1.3467
8.7831,1.3467
8.7836,1.3467
8.7842,1.3518
8.7847,1.3467
8.7853,1.3518
8.7858,1.3467
8.7864,1.3467
8.7869,1.3518
8.7875,1.3467
8.7880,1.3417
8.7886,1.3467
8.7891,1.3467
8.7897,1.3518
8.7902,1.3417
8.7908,1.3467
8.7913,1.3467
8.7919,1.3467
8.7924,1.3417
8.7930,1.3417
8.7935,1.3467
8.7941,1.3467
8.7946,1.3467
8.7952,1.3467
8.7957,1.3467
8.7963,1.3467
8.7968,1.3417
8.7974,1.3467
8.7979,1.3417
8.7985,1.3467
8.7990,1.3417
8.7996,1.3467
8.8001,1.3467
8.8007,1.3417
8.8012,1.3467
8.8018,1.3467
8.8023,1.3467
8.8029,1.3417
8.8034,1.3417
8.8040,1.3417
8.8045,1.3467
8.8051,1.3367
8.8056,1.3417
8.8062,1.3417
8.8067,1.3417
8.8073,1.3467
8.8078,1.3467
8.8084,1.3367
8.8089,1.3417
8.8095,1.3417
8.8100,1.3417
8.8106,1.3417
8.8111,1.3417
8.8117,1.3417
8.8122,1.3417
8.8127,1.3417
8.8133,1.3417
8.8138,1.3417
8.8144,1.3417
8.8150,1.3417
8.8155,1.3467
8.8161,1.3417
8.8166,1.3417
8.8172,1.3417
8.8177,1.3467
8.8183,1.3467
8.8188,1.3467
8.8194,1.3417
8.8199,1.3467
8.8205,1.3417
8.8210,1.3417
8.8216,1.3417
8.8221,1.3417
8.8227,1.3417
8.8232,1.3367
8.8238,1.3417
8.8243,1.3367
8.8249,1.3367
8.8254,1.3417
8.8260,1.3367
8.8265,1.3417
8.8271,1.3417
8.8276,1.3417
8.8282,1.3367
8.8287,1.3367
8.8293,1.3367
8.8298,1.3417
8.8304,1.3367
8.8309,1.3417
8.8315,1.3417
8.8320,1.3367
8.8326,1.3367
8.8331,1.3367
8.8337,1.3417
8.8342,1.3417
8.8348,1.3367
8.8353,1.3417
8.8359,1.3417
8.8364,1.3417
8.8370,1.3367
8.8375,1.3417
8.8381,1.3417
8.8386,1.3417
8.8392,1.3367
8.8397,1.3367
8.8403,1.3417
8.8408,1.3367
8.8414,1.3367
8.8419,1.3367
8.8425,1.3367
8.8430,1.3367
8.8436,1.3417
8.8441,1.3367
8.8447,1.3367
8.8452,1.3367
8.8458,1.3417
8.8463,1.3417
8.8469,1.3367
8.8474,1.3367
8.8480,1.3316
8.8485,1.3367
8.8491,1.3417
8.8496,1.3367
8.8502,1.3367
8.8507,1.3367
8.8513,1.3367
8.8518,1.3367
8.8524,1.3367
8.8529,1.3417
8.8535,1.3417
8.8540,1.3417
8.8546,1.3367
8.8551,1.3417
8.8557,1.3367
8.8562,1.3367
8.8568,1.3367
8.8573,1.3417
8.8579,1.3417
8.8584,1.3316
8.8590,1.3316
8.8595,1.3417
8.8601,1.3417
8.8606,1.3367
8.8612,1.3417
8.8617,1.3316
8.8623,1.3367
8.8628,1.3316
8.8634,1.3367
8.8639,1.3417
8.8645,1.3367
8.8650,1.3316
8.8656,1.3367
8.8661,1.3367
8.8667,1.3367
8.8672,1.3367
8.8678,1.3316
8.8683,1.3367
8.8689,1.3316
8.8694,1.3367
8.8700,1.3367
8.8705,1.3417
8.8711,1.3367
8.8716,1.3367
8.8722,1.3367
8.8727,1.3316
8.8733,1.3367
8.8738,1.3367
8.8744,1.3367
8.8749,1.3316
8.8755,1.3367
8.8760,1.3367
8.8766,1.3417
8.8771,1.3367
8.8777,1.3367
8.8782,1.3417
8.8788,1.3367
8.8793,1.3367
8.8799,1.3316
8.8804,1.3367
8.8809,1.3367
8.8815,1.3367
8.8820,1.3316
8.8826,1.3367
8.8831,1.3367
8.8837,1.3367
8.8842,1.3367
8.8848,1.3367
8.8854,1.3367
8.8859,1.3367
8.8865,1.3367
8.8870,1.3316
8.8876,1.3367
8.8881,1.3367
8.8887,1.3367
8.8892,1.3367
8.8898,1.3316
8.8903,1.3367
8.8909,1.3367
8.8914,1.3367
8.8920,1.3367
8.8925,1.3417
8.8931,1.3367
8.8936,1.3316
8.8942,1.3367
8.8947,1.3367
8.8953,1.3367
8.8958,1.3367
8.8964,1.3367
8.8969,1.3367
8.8975,1.3367
8.8980,1.3316
8.8986,1.3316
8.8991,1.3367
8.8997,1.3367
8.9002,1.3367
8.9007,1.3316
8.9013,1.3367
8.9018,1.3367
8.9024,1.3367
8.9029,1.3367
8.9035,1.3367
8.9040,1.3316
8.9046,1.3316
8.9051,1.3316
8.9057,1.3316
8.9062,1.3367
8.9068,1.3316
8.9073,1.3367
8.9079,1.3367
8.9084,1.3316
8.9090,1.3316
8.9095,1.3316
8.9101,1.3316
8.9106,1.3316
8.9112,1.3367
8.9117,1.3316
8.9123,1.3316
8.9128,1.3367
8.9134,1.3316
8.9139,1.3316
8.9145,1.3367
8.9150,1.3316
8.9156,1.3316
8.9161,1.3367
8.9167,1.3367
8.9172,1.3316
8.9178,1.3367
8.9183,1.3367
8.9189,1.3316
8.9194,1.3367
8.9200,1.3316
8.9205,1.3316
8.9211,1.3316
8.9216,1.3367
8.9222,1.3367
8.9227,1.3316
8.9233,1.3367
8.9238,1.3316
8.9244,1.3367
8.9249,1.3316
8.9255,1.3316
8.9260,1.3367
8.9266,1.3367
8.9271,1.3316
8.9277,1.3367
8.9282,1.3367
8.9288,1.3316
8.9293,1.3316
8.9299,1.3367
8.9304,1.3316
8.9310,1.3316
8.9315,1.3367
8.9321,1.3316
8.9326,1.3367
8.9332,1.3367
8.9337,1.3367
8.9343,1.3367
8.9348,1.3367
8.9354,1.3367
8.9359,1.3316
8.9365,1.3367
8.9370,1.3316
8.9376,1.3316
8.9381,1.3367
8.9387,1.3316
8.9392,1.3316
8.9398,1.3316
8.9403,1.3316
8.9409,1.3316
8.9414,1.3316
8.9420,1.3316
8.9425,1.3316
8.9431,1.3316
8.9436,1.3316
8.9442,1.3367
8.9447,1.3316
8.9453,1.3316
8.9458,1.3316
8.9464,1.3367
8.9470,1.3367
8.9476,1.3316
8.9482,1.3367
8.9488,1.3367
8.9494,1.3367
8.9499,1.3316
8.9505,1.3316
8.9511,1.3316
8.9517,1.3316
8.9523,1.3316
8.9528,1.3316
8.9534,1.3316
8.9543,1.3367
8.9548,1.3367
8.9554,1.3316
8.9560,1.3316
8.9565,1.3316
8.9573,1.3316
8.9579,1.3316
8.9584,1.3266
8.9591,1.3367
8.9597,1.3266
8.9602,1.3316
8.9608,1.3316
8.9613,1.3316
8.9619,1.3367
8.9624,1.3367
8.9630,1.3316
8.9635,1.3367
8.9641,1.3316
8.9646,1.3316
8.9651,1.3316
8.9657,1.3316
8.9662,1.3316
8.9668,1.3316
8.9673,1.3266
8.9679,1.3266
8.9684,1.3316
8.9690,1.3266
8.9696,1.3316
8.9701,1.3316
8.9707,1.3316
8.9712,1.3316
8.9717,1.3316
8.9723,1.3316
8.9728,1.3316
8.9734,1.3316
8.9739,1.3266
8.9745,1.3316
8.9750,1.3316
8.9756,1.3316
8.9761,1.3266
8.9767,1.3316
8.9772,1.3316
8.9778,1.3316
8.9783,1.3316
8.9789,1.3316
8.9794,1.3316
8.9799,1.3266
8.9805,1.3266
8.9810,1.3316
8.9816,1.3316
8.9821,1.3316
8.9827,1.3316
8.9832,1.3316
8.9838,1.3316
8.9843,1.3316
8.9850,1.3266
8.9856,1.3316
8.9861,1.3316
8.9867,1.3316
8.9872,1.3316
8.9878,1.3316
8.9883,1.3316
8.9889,1.3316
8.9894,1.3316
8.9900,1.3316
8.9905,1.3316
8.9911,1.3316
8.9916,1.3316
8.9922,1.3316
8.9927,1.3316
8.9933,1.3266
8.9938,1.3316
8.9944,1.3266
8.9949,1.3316
8.9955,1.3316
8.9960,1.3266
8.9966,1.3266
8.9971,1.3266
8.9977,1.3316
8.9982,1.3316
8.9988,1.3316
8.9993,1.3316
8.9999,1.3266
9.0004,1.3316
9.0010,1.3266
9.0015,1.3316
9.0021,1.3266
9.0026,1.3266
9.0032,1.3316
9.0037,1.3266
9.0043,1.3316
9.0048,1.3266
9.0054,1.3316
9.0059,1.3266
9.0065,1.3266
9.0070,1.3215
9.0076,1.3266
9.0081,1.3316
9.0087,1.3316
9.0092,1.3266
9.0098,1.3266
9.0103,1.3266
9.0109,1.3266
9.0114,1.3266
9.0120,1.3266
9.0126,1.3266
9.0131,1.3316
9.0137,1.3215
9.0142,1.3316
9.0148,1.3266
9.0153,1.3316
9.0159,1.3215
9.0164,1.3266
9.0170,1.3266
9.0175,1.3266
9.0181,1.3266
9.0186,1.3266
9.0192,1.3316
9.0197,1.3266
9.0203,1.3266
9.0208,1.3266
9.0214,1.3215
9.0219,1.3266
9.0225,1.3266
9.0230,1.3266
9.0236,1.3316
9.0241,1.3266
9.0247,1.3266
9.0252,1.3316
9.0258,1.3266
9.0264,1.3316
9.0269,1.3266
9.0275,1.3215
9.0280,1.3266
9.0286,1.3266
9.0291,1.3266
9.0297,1.3316
9.0302,1.3266
9.0308,1.3316
9.0313,1.3316
9.0319,1.3266
9.0324,1.3316
9.0330,1.3266
9.0335,1.3266
9.0341,1.3266
9.0346,1.3316
9.0352,1.3215
9.0358,1.3266
9.0364,1.3316
9.0370,1.3266
9.0376,1.3266
9.0381,1.3316
9.0387,1.3266
9.0393,1.3215
9.0399,1.3316
9.0405,1.3266
9.0411,1.3266
9.0416,1.3266
9.0422,1.3266
9.0428,1.3266
9.0433,1.3266
9.0439,1.3266
9.0445,1.3266
9.0450,1.3266
9.0456,1.3266
9.0461,1.3266
9.0466,1.3266
9.0472,1.3266
9.0477,1.3266
9.0483,1.3266
9.0488,1.3266
9.0494,1.3266
9.0499,1.3266
9.0505,1.3266
9.0510,1.3266
9.0516,1.3215
9.0522,1.3266
9.0527,1.3215
9.0533,1.3215
9.0539,1.3266
9.0546,1.3266
9.0551,1.3266
9.0557,1.3215
9.0563,1.3215
9.0569,1.3266
9.0575,1.3215
9.0581,1.3266
9.0586,1.3266
9.0592,1.3266
9.0598,1.3266
9.0605,1.3266
9.0611,1.3215
9.0616,1.3266
9.0622,1.3266
9.0627,1.3266
9.0731,1.3266
9.0737,1.3215
9.0743,1.3215
9.0748,1.3316
9.0754,1.3165
9.0759,1.3266
9.0765,1.3215
9.0770,1.3266
9.0776,1.3266
9.0781,1.3215
9.0787,1.3266
9.0792,1.3266
9.0798,1.3215
9.0803,1.3215
9.0809,1.3266
9.0814,1.3266
9.0820,1.3215
9.0825,1.3266
9.0831,1.3266
9.0838,1.3266
9.0846,1.3215
9.0852,1.3215
9.0858,1.3266
9.0864,1.3215
9.0870,1.3266
9.0876,1.3215
9.0882,1.3215
9.0888,1.3266
9.0894,1.3266
9.0900,1.3215
9.0905,1.3215
9.0911,1.3215
9.0916,1.3266
9.0922,1.3165
9.0927,1.3266
9.0933,1.3215
9.0938,1.3266
9.0943,1.3215
9.0949,1.3266
9.0954,1.3215
9.0960,1.3215
9.0965,1.3266
9.0971,1.3215
9.0976,1.3215
9.0982,1.3215
9.0987,1.3215
9.0993,1.3215
9.0998,1.3215
9.1003,1.3266
9.1009,1.3215
9.1014,1.3215
9.1020,1.3215
9.1025,1.3215
9.1031,1.3215
9.1037,1.3165
9.1042,1.3266
9.1048,1.3215
9.1053,1.3266
9.1059,1.3215
9.1064,1.3215
9.1070,1.3266
9.1075,1.3215
9.1081,1.3215
9.1086,1.3165
9.1092,1.3215
9.1097,1.3266
9.1103,1.3215
9.1108,1.3215
9.1114,1.3215
9.1119,1.3215
9.1124,1.3215
9.1130,1.3215
9.1136,1.3215
9.1142,1.3165
9.1147,1.3266
9.1153,1.3215
9.1158,1.3215
9.1164,1.3215
9.1169,1.3165
9.1174,1.3215
9.1180,1.3165
9.1185,1.3215
9.1191,1.3215
9.1196,1.3215
9.1202,1.3165
9.1207,1.3215
9.1213,1.3215
9.1218,1.3266
9.1224,1.3165
9.1229,1.3215
9.1235,1.3215
9.1240,1.3215
9.1246,1.3215
9.1251,1.3215
9.1257,1.3215
9.1262,1.3215
9.1268,1.3165
9.1273,1.3266
9.1278,1.3165
9.1284,1.3215
9.1289,1.3215
9.1295,1.3165
9.1300,1.3215
9.1306,1.3215
9.1311,1.3215
9.1317,1.3215
9.1322,1.3215
9.1328,1.3215
9.1333,1.3266
9.1338,1.3266
9.1344,1.3165
9.1349,1.3215
9.1355,1.3165
9.1360,1.3215
9.1366,1.3165
9.1371,1.3215
9.1377,1.3215
9.1382,1.3215
9.1388,1.3165
9.1393,1.3215
9.1398,1.3215
9.1404,1.3165
9.1409,1.3165
9.1416,1.3215
9.1422,1.3165
9.1427,1.3165
9.1432,1.3215
9.1438,1.3165
9.1443,1.3215
9.1448,1.3165
9.1454,1.3165
9.1459,1.3215
9.1464,1.3215
9.1470,1.3165
9.1475,1.3215
9.1480,1.3215
9.1486,1.3215
9.1491,1.3215
9.1496,1.3215
9.1502,1.3215
9.1507,1.3266
9.1512,1.3215
9.1518,1.3215
9.1523,1.3215
9.1528,1.3215
9.1534,1.3215
9.1539,1.3215
9.1544,1.3165
9.1549,1.3266
9.1555,1.3215
9.1560,1.3165
9.1565,1.3165
9.1571,1.3215
9.1576,1.3215
9.1581,1.3266
9.1587,1.3215
9.1592,1.3215
9.1597,1.3266
9.1603,1.3266
9.1608,1.3215
9.1613,1.3266
9.1619,1.3266
9.1624,1.3266
9.1629,1.3215
9.1635,1.3266
9.1640,1.3316
9.1646,1.3266
9.1651,1.3215
9.1656,1.3266
9.1662,1.3266
9.1667,1.3266
9.1672,1.3266
9.1678,1.3316
9.1683,1.3266
9.1688,1.3266
9.1694,1.3316
9.1699,1.3266
9.1704,1.3316
9.1710,1.3266
9.1715,1.3266
9.1720,1.3316
9.1726,1.3266
9.1731,1.3316
9.1736,1.3316
9.1742,1.3266
9.1747,1.3316
9.1752,1.3367
9.1758,1.3316
9.1763,1.3367
9.1769,1.3316
9.1774,1.3367
9.1779,1.3316
9.1785,1.3316
9.1790,1.3316
9.1795,1.3316
9.1801,1.3316
9.1806,1.3367
9.1811,1.3316
9.1817,1.3316
9.1822,1.3367
9.1828,1.3316
9.1833,1.3367
9.1838,1.3316
9.1844,1.3367
9.1849,1.3367
9.1854,1.3367
9.1860,1.3367
9.1865,1.3417
9.1870,1.3367
9.1876,1.3367
9.1881,1.3316
9.1886,1.3367
9.1892,1.3367
9.1897,1.3367
9.1902,1.3367
9.1908,1.3367
9.1913,1.3367
9.1918,1.3417
9.1924,1.3467
9.1929,1.3417
9.1934,1.3417
9.1940,1.3417
9.1945,1.3417
9.1950,1.3417
9.1956,1.3417
9.1961,1.3467
9.1966,1.3467
9.1972,1.3467
9.1977,1.3467
9.1982,1.3367
9.1988,1.3467
9.1993,1.3417
9.1998,1.3467
9.2004,1.3518
9.2009,1.3417
9.2014,1.3467
9.2020,1.3467
9.2025,1.3467
9.2031,1.3467
9.2036,1.3467
9.2041,1.3467
9.2047,1.3467
9.2052,1.3467
9.2057,1.3467
9.2063,1.3467
9.2068,1.3467
9.2073,1.3467
9.2079,1.3467
9.2084,1.3518
9.2090,1.3417
9.2095,1.3467
9.2100,1.3467
9.2106,1.3467
9.2111,1.3467
9.2116,1.3518
9.2122,1.3518
9.2127,1.3467
9.2132,1.3467
9.2138,1.3518
9.2143,1.3518
9.2148,1.3518
9.2154,1.3518
9.2159,1.3518
9.2164,1.3518
9.2170,1.3467
9.2175,1.3518
9.2180,1.3518
9.2186,1.3518
9.2191,1.3518
9.2196,1.3568
9.2202,1.3518
9.2207,1.3518
9.2212,1.3568
9.2218,1.3518
9.2223,1.3518
9.2228,1.3518
9.2234,1.3518
9.2239,1.3518
9.2244,1.3518
9.2250,1.3518
9.2255,1.3518
9.2260,1.3568
9.2266,1.3568
9.2271,1.3568
9.2277,1.3518
9.2282,1.3518
9.2287,1.3568
9.2293,1.3518
9.2298,1.3518
9.2303,1.3568
9.2309,1.3568
9.2314,1.3518
9.2319,1.3568
9.2325,1.3518
9.2330,1.3568
9.2336,1.3568
9.2341,1.3568
9.2346,1.3568
9.2352,1.3568
9.2357,1.3568
9.2362,1.3619
9.2368,1.3568
9.2373,1.3518
9.2378,1.3568
9.2384,1.3568
9.2389,1.3568
9.2394,1.3518
9.2400,1.3568
9.2405,1.3568
9.2410,1.3568
9.2416,1.3518
9.2421,1.3568
9.2427,1.3568
9.2432,1.3518
9.2437,1.3568
9.2443,1.3568
9.2448,1.3568
9.2454,1.3568
9.2459,1.3568
9.2464,1.3518
9.2470,1.3568
9.2475,1.3568
9.2480,1.3568
9.2486,1.3568
9.2491,1.3619
9.2496,1.3619
9.2502,1.3568
9.2507,1.3518
9.2512,1.3568
9.2518,1.3568
9.2523,1.3568
9.2528,1.3568
9.2534,1.3568
9.2539,1.3568
9.2544,1.3518
9.2550,1.3568
9.2555,1.3568
9.2560,1.3568
9.2566,1.3568
9.2571,1.3568
9.2576,1.3568
9.2582,1.3568
9.2587,1.3518
9.2592,1.3568
9.2598,1.3518
9.2603,1.3568
9.2608,1.3619
9.2614,1.3619
9.2619,1.3518
9.2625,1.3568
9.2630,1.3568
9.2635,1.3518
9.2641,1.3568
9.2646,1.3619
9.2651,1.3518
9.2657,1.3619
9.2662,1.3619
9.2667,1.3568
9.2673,1.3568
9.2678,1.3619
9.2683,1.3619
9.2689,1.3568
9.2694,1.3619
9.2699,1.3568
9.2705,1.3568
9.2710,1.3568
9.2716,1.3568
9.2721,1.3568
9.2726,1.3568
9.2732,1.3568
9.2737,1.3619
9.2742,1.3619
9.2748,1.3619
9.2753,1.3619
9.2758,1.3619
9.2764,1.3568
9.2769,1.3568
9.2774,1.3518
9.2780,1.3619
9.2785,1.3568
9.2790,1.3619
9.2796,1.3619
9.2801,1.3568
9.2806,1.3568
9.2812,1.3568
9.2817,1.3568
9.2822,1.3568
9.2828,1.3568
9.2833,1.3619
9.2838,1.3568
9.2844,1.3568
9.2849,1.3568
9.2854,1.3518
9.2860,1.3568
9.2865,1.3619
9.2870,1.3568
9.2876,1.3568
9.2881,1.3518
9.2886,1.3619
9.2892,1.3619
9.2897,1.3518
9.2903,1.3568
9.2908,1.3619
9.2913,1.3619
9.2919,1.3568
9.2924,1.3619
9.2929,1.3568
9.2935,1.3619
9.2940,1.3568
9.2945,1.3568
9.2951,1.3518
9.2956,1.3518
9.2961,1.3568
9.2967,1.3568
9.2972,1.3518
9.2977,1.3619
9.2983,1.3518
9.2988,1.3619
9.2993,1.3568
9.2999,1.3568
9.3004,1.3568
9.3009,1.3568
9.3015,1.3568
9.3020,1.3568
9.3025,1.3568
9.3031,1.3568
9.3036,1.3568
9.3041,1.3619
9.3047,1.3568
9.3052,1.3568
9.3057,1.3568
9.3063,1.3568
9.3068,1.3568
9.3074,1.3619
9.3079,1.3568
9.3084,1.3568
9.3090,1.3568
9.3095,1.3518
9.3100,1.3518
9.3106,1.3568
9.3111,1.3518
9.3116,1.3568
9.3122,1.3568
9.3127,1.3568
9.3132,1.3518
9.3138,1.3619
9.3143,1.3568
9.3148,1.3619
9.3154,1.3568
9.3159,1.3568
9.3165,1.3619
9.3170,1.3518
9.3175,1.3518
9.3181,1.3518
9.3186,1.3518
9.3191,1.3518
9.3197,1.3568
9.3202,1.3568
9.3207,1.3568
9.3213,1.3568
9.3218,1.3568
9.3223,1.3518
9.3229,1.3518
9.3234,1.3568
9.3239,1.3568
9.3245,1.3518
9.3250,1.3568
9.3255,1.3518
9.3261,1.3568
9.3266,1.3568
9.3271,1.3568
9.3277,1.3518
9.3282,1.3568
9.3287,1.3568
9.3293,1.3568
9.3298,1.3568
9.3303,1.3518
9.3309,1.3568
9.3314,1.3467
9.3319,1.3568
9.3325,1.3568
9.3330,1.3568
9.3336,1.3568
9.3341,1.3568
9.3346,1.3568
9.3352,1.3568
9.3357,1.3518
9.3362,1.3568
9.3368,1.3518
9.3373,1.3568
9.3378,1.3568
9.3384,1.3518
9.3389,1.3568
9.3394,1.3568
9.3400,1.3568
9.3405,1.3568
9.3410,1.3568
9.3416,1.3568
9.3422,1.3518
9.3428,1.3518
9.3433,1.3568
9.3438,1.3568
9.3444,1.3568
9.3449,1.3568
9.3454,1.3568
9.3460,1.3518
9.3465,1.3568
9.3471,1.3518
9.3476,1.3568
9.3481,1.3568
9.3487,1.3568
9.3492,1.3518
9.3498,1.3568
9.3503,1.3518
9.3508,1.3568
9.3514,1.3518
9.3519,1.3568
9.3524,1.3518
9.3530,1.3518
9.3535,1.3568
9.3541,1.3568
9.3546,1.3568
9.3552,1.3568
9.3557,1.3467
9.3563,1.3518
9.3568,1.3518
9.3573,1.3518
9.3579,1.3518
9.3584,1.3518
9.3590,1.3518
9.3595,1.3518
9.3600,1.3568
9.3606,1.3518
9.3611,1.3518
9.3617,1.3518
9.3622,1.3518
9.3627,1.3518
9.3633,1.3518
9.3638,1.3518
9.3643,1.3518
9.3649,1.3467
9.3654,1.3518
9.3660,1.3518
9.3665,1.3467
9.3670,1.3518
9.3676,1.3518
9.3681,1.3518
9.3686,1.3467
9.3692,1.3518
9.3697,1.3518
9.3703,1.3518
9.3708,1.3518
9.3713,1.3518
9.3719,1.3518
9.3724,1.3467
9.3730,1.3467
9.3735,1.3518
9.3740,1.3467
9.3746,1.3518
9.3751,1.3518
9.3756,1.3467
9.3762,1.3518
9.3767,1.3467
9.3773,1.3518
9.3778,1.3518
9.3783,1.3518
9.3789,1.3518
9.3794,1.3467
9.3800,1.3467
9.3805,1.3467
9.3811,1.3518
9.3816,1.3518
9.3821,1.3518
9.3827,1.3467
9.3832,1.3518
9.3838,1.3467
9.3843,1.3467
9.3848,1.3417
9.3854,1.3518
9.3859,1.3518
9.3864,1.3467
9.3870,1.3467
9.3875,1.3518
9.3881,1.3467
9.3886,1.3467
9.3891,1.3417
9.3897,1.3467
9.3902,1.3467
9.3908,1.3467
9.3913,1.3417
9.3918,1.3467
9.3924,1.3417
9.3929,1.3467
9.3934,1.3467
9.3940,1.3467
9.3945,1.3467
9.3951,1.3467
9.3956,1.3467
9.3961,1.3467
9.3967,1.3467
9.3972,1.3467
9.3977,1.3467
9.3983,1.3467
9.3988,1.3367
9.3994,1.3417
9.3999,1.3467
9.4004,1.3518
9.4010,1.3467
9.4015,1.3417
9.4020,1.3467
9.4026,1.3467
9.4031,1.3417
9.4037,1.3417
9.4042,1.3467
9.4047,1.3467
9.4053,1.3467
9.4058,1.3417
9.4064,1.3467
9.4069,1.3417
9.4074,1.3467
9.4080,1.3467
9.4085,1.3417
9.4090,1.3417
9.4096,1.3467
9.4101,1.3417
9.4107,1.3417
9.4112,1.3417
9.4117,1.3467
9.4123,1.3417
9.4128,1.3467
9.4133,1.3467
9.4139,1.3417
9.4144,1.3417
9.4150,1.3467
9.4155,1.3417
9.4160,1.3467
9.4166,1.3417
9.4171,1.3467
9.4177,1.3417
9.4182,1.3417
9.4187,1.3417
9.4193,1.3417
9.4198,1.3467
9.4203,1.3417
9.4209,1.3417
9.4214,1.3417
9.4220,1.3417
9.4225,1.3417
9.4230,1.3467
9.4236,1.3417
9.4241,1.3417
9.4247,1.3367
9.4252,1.3417
9.4257,1.3367
9.4263,1.3467
9.4268,1.3467
9.4273,1.3417
9.4279,1.3467
9.4284,1.3417
9.4290,1.3367
9.4295,1.3417
9.4300,1.3417
9.4306,1.3417
9.4311,1.3417
9.4316,1.3417
9.4322,1.3417
9.4327,1.3417
9.4333,1.3417
9.4338,1.3467
9.4343,1.3467
9.4349,1.3367
9.4354,1.3417
9.4360,1.3417
9.4365,1.3417
9.4370,1.3417
9.4376,1.3367
9.4381,1.3367
9.4386,1.3417
9.4392,1.3417
9.4397,1.3417
9.4403,1.3367
9.4408,1.3417
9.4413,1.3417
9.4419,1.3417
9.4425,1.3367
9.4430,1.3417
9.4436,1.3417
9.4441,1.3417
9.4447,1.3367
9.4452,1.3417
9.4457,1.3417
9.4463,1.3417
9.4468,1.3367
9.4473,1.3367
9.4479,1.3417
9.4484,1.3417
9.4490,1.3417
9.4495,1.3417
9.4500,1.3367
9.4506,1.3417
9.4511,1.3417
9.4516,1.3367
9.4522,1.3417
9.4527,1.3417
9.4532,1.3417
9.4538,1.3417
9.4543,1.3367
9.4548,1.3417
9.4554,1.3417
9.4559,1.3417
9.4564,1.3417
9.4570,1.3367
9.4575,1.3367
9.4580,1.3417
9.4586,1.3367
9.4591,1.3367
9.4596,1.3367
9.4602,1.3417
9.4607,1.3417
9.4612,1.3367
9.4618,1.3417
9.4623,1.3467
9.4628,1.3417
9.4634,1.3417
9.4639,1.3367
9.4644,1.3417
9.4650,1.3417
9.4655,1.3417
9.4661,1.3367
9.4666,1.3417
9.4671,1.3417
9.4677,1.3417
9.4682,1.3367
9.4687,1.3367
9.4693,1.3417
9.4698,1.3417
9.4703,1.3367
9.4709,1.3417
9.4714,1.3417
9.4719,1.3417
9.4725,1.3367
9.4730,1.3367
9.4736,1.3367
9.4741,1.3417
9.4746,1.3467
9.4752,1.3367
9.4757,1.3417
9.4762,1.3367
9.4768,1.3367
9.4773,1.3367
9.4778,1.3367
9.4784,1.3367
9.4789,1.3417
9.4794,1.3417
9.4800,1.3417
9.4805,1.3417
9.4810,1.3417
9.4816,1.3417
9.4821,1.3316
9.4826,1.3417
9.4832,1.3417
9.4837,1.3367
9.4843,1.3417
9.4848,1.3417
9.4853,1.3417
9.4859,1.3367
9.4864,1.3367
9.4869,1.3417
9.4875,1.3417
9.4880,1.3316
9.4886,1.3417
9.4891,1.3417
9.4897,1.3417
9.4903,1.3367
9.4908,1.3417
9.4913,1.3417
9.4919,1.3417
9.4924,1.3367
9.4929,1.3417
9.4935,1.3367
9.4940,1.3367
9.4945,1.3417
9.4951,1.3417
9.4956,1.3367
9.4961,1.3367
9.4967,1.3367
9.4972,1.3417
9.4977,1.3367
9.4983,1.3367
9.4988,1.3367
9.4993,1.3367
9.4999,1.3417
9.5004,1.3367
9.5009,1.3417
9.5015,1.3417
9.5020,1.3417
9.5026,1.3417
9.5031,1.3417
9.5036,1.3367
9.5042,1.3367
9.5047,1.3417
9.5052,1.3417
9.5058,1.3417
9.5063,1.3417
9.5068,1.3367
9.5074,1.3316
9.5079,1.3367
9.5084,1.3417
9.5090,1.3367
9.5095,1.3367
9.5100,1.3367
9.5106,1.3417
9.5111,1.3367
9.5116,1.3367
9.5122,1.3367
9.5127,1.3367
9.5132,1.3417
9.5138,1.3417
9.5143,1.3367
9.5148,1.3417
9.5154,1.3417
9.5159,1.3417
9.5164,1.3367
9.5170,1.3417
9.5175,1.3367
9.5181,1.3417
9.5186,1.3417
9.5191,1.3367
9.5197,1.3367
9.5202,1.3367
9.5207,1.3367
9.5213,1.3367
9.5218,1.3367
9.5223,1.3367
9.5229,1.3316
9.5234,1.3367
9.5239,1.3367
9.5245,1.3367
9.5250,1.3316
9.5255,1.3367
9.5261,1.3417
9.5266,1.3367
9.5272,1.3367
9.5277,1.3417
9.5282,1.3367
9.5288,1.3367
9.5293,1.3367
9.5298,1.3316
9.5304,1.3367
9.5309,1.3367
9.5314,1.3367
9.5320,1.3367
9.5325,1.3367
9.5330,1.3316
9.5336,1.3367
9.5341,1.3367
9.5346,1.3367
9.5352,1.3367
9.5358,1.3367
9.5364,1.3417
9.5370,1.3367
9.5375,1.3417
9.5381,1.3316
9.5387,1.3367
9.5392,1.3316
9.5398,1.3367
9.5403,1.3316
9.5409,1.3367
9.5415,1.3316
9.5420,1.3367
9.5426,1.3367
9.5431,1.3417
9.5436,1.3367
9.5442,1.3417
9.5447,1.3367
9.5453,1.3367
9.5458,1.3367
9.5463,1.3367
9.5469,1.3367
9.5474,1.3316
9.5480,1.3367
9.5485,1.3417
9.5491,1.3316
9.5496,1.3367
9.5501,1.3367
9.5507,1.3367
9.5513,1.3367
9.5518,1.3367
9.5525,1.3316
9.5539,1.3367
9.5546,1.3367
9.5552,1.3367
9.5558,1.3367
9.5565,1.3367
9.5573,1.3367
9.5580,1.3367
9.5586,1.3367
9.5592,1.3417
9.5598,1.3316
9.5610,1.3367
9.5615,1.3367
9.5621,1.3417
9.5627,1.3367
9.5632,1.3367
9.5638,1.3367
9.5643,1.3316
9.5649,1.3367
9.5655,1.3367
9.5660,1.3367
9.5666,1.3316
9.5672,1.3367
9.5677,1.3367
9.5683,1.3367
9.5689,1.3316
9.5695,1.3367
9.5701,1.3316
9.5707,1.3367
9.5713,1.3367
9.5718,1.3367
9.5723,1.3316
9.5729,1.3367
9.5734,1.3367
9.5740,1.3316
9.5745,1.3316
9.5750,1.3367
9.5756,1.3367
9.5761,1.3316
9.5767,1.3316
9.5772,1.3367
9.5777,1.3367
9.5783,1.3316
9.5788,1.3367
9.5794,1.3367
9.5799,1.3367
9.5805,1.3316
9.5810,1.3316
9.5815,1.3367
9.5821,1.3316
9.5826,1.3367
9.5831,1.3316
9.5837,1.3316
9.5842,1.3367
9.5848,1.3316
9.5853,1.3367
9.5859,1.3316
9.5864,1.3367
9.5870,1.3367
9.5875,1.3367
9.5881,1.3367
9.5886,1.3367
9.5892,1.3367
9.5897,1.3316
9.5902,1.3367
9.5908,1.3367
9.5913,1.3367
9.5918,1.3316
9.5924,1.3316
9.5929,1.3316
9.5934,1.3316
9.5940,1.3367
9.5945,1.3316
9.5951,1.3367
9.5956,1.3316
9.5961,1.3316
9.5967,1.3367
9.5972,1.3316
9.5977,1.3316
9.5983,1.3316
9.5988,1.3266
9.5993,1.3367
9.5999,1.3367
9.6004,1.3316
9.6009,1.3367
9.6015,1.3367
9.6020,1.3316
9.6026,1.3367
9.6032,1.3316
9.6037,1.3316
9.6043,1.3316
9.6048,1.3316
9.6053,1.3316
9.6059,1.3316
9.6064,1.3316
9.6069,1.3367
9.6075,1.3316
9.6080,1.3316
9.6085,1.3316
9.6091,1.3367
9.6096,1.3316
9.6101,1.3316
9.6107,1.3367
9.6112,1.3316
9.6118,1.3316
9.6123,1.3367
9.6128,1.3367
9.6134,1.3316
9.6139,1.3316
9.6144,1.3316
9.6150,1.3316
9.6155,1.3316
9.6161,1.3316
9.6166,1.3367
9.6171,1.3266
9.6177,1.3316
9.6182,1.3316
9.6188,1.3367
9.6193,1.3316
9.6198,1.3266
9.6204,1.3316
9.6209,1.3367
9.6215,1.3316
9.6220,1.3316
9.6225,1.3316
9.6231,1.3266
9.6236,1.3316
9.6241,1.3316
9.6247,1.3316
9.6252,1.3316
9.6258,1.3266
9.6263,1.3316
9.6268,1.3266
9.6274,1.3316
9.6279,1.3316
9.6285,1.3316
9.6290,1.3316
9.6295,1.3316
9.6301,1.3316
9.6306,1.3316
9.6311,1.3316
9.6317,1.3266
9.6322,1.3316
9.6328,1.3367
9.6333,1.3316
9.6338,1.3367
9.6344,1.3316
9.6349,1.3316
9.6355,1.3316
9.6360,1.3316
9.6365,1.3316
9.6371,1.3316
9.6376,1.3316
9.6381,1.3316
9.6387,1.3266
9.6392,1.3316
9.6398,1.3316
9.6403,1.3266
9.6408,1.3266
9.6414,1.3316
9.6419,1.3316
9.6424,1.3316
9.6430,1.3266
9.6435,1.3316
9.6441,1.3316
9.6446,1.3316
9.6452,1.3266
9.6457,1.3266
9.6462,1.3316
9.6468,1.3316
9.6473,1.3266
9.6478,1.3266
9.6484,1.3316
9.6489,1.3316
9.6494,1.3316
9.6500,1.3316
9.6505,1.3316
9.6510,1.3316
9.6516,1.3316
9.6521,1.3316
9.6526,1.3215
9.6532,1.3316
9.6537,1.3316
9.6542,1.3266
9.6548,1.3266
9.6553,1.3266
9.6559,1.3316
9.6564,1.3266
9.6569,1.3266
9.6575,1.3266
9.6580,1.3266
9.6585,1.3266
9.6591,1.3266
9.6596,1.3266
9.6601,1.3215
9.6607,1.3266
9.6612,1.3316
9.6618,1.3266
9.6623,1.3266
9.6628,1.3316
9.6634,1.3316
9.6639,1.3316
9.6644,1.3316
9.6650,1.3266
9.6655,1.3215
9.6660,1.3266
9.6666,1.3215
9.6671,1.3266
9.6676,1.3215
9.6682,1.3316
9.6687,1.3266
9.6692,1.3266
9.6698,1.3266
9.6703,1.3266
9.6708,1.3266
9.6714,1.3266
9.6719,1.3266
9.6724,1.3266
9.6730,1.3266
9.6735,1.3266
9.6740,1.3266
9.6746,1.3266
9.6751,1.3316
9.6757,1.3266
9.6762,1.3266
9.6767,1.3266
9.6773,1.3316
9.6778,1.3266
9.6783,1.3266
9.6789,1.3215
9.6794,1.3266
9.6799,1.3266
9.6805,1.3266
9.6810,1.3266
9.6815,1.3266
9.6821,1.3266
9.6826,1.3266
9.6831,1.3266
9.6837,1.3266
9.6842,1.3266
9.6847,1.3266
9.6853,1.3266
9.6858,1.3215
9.6863,1.3316
9.6869,1.3266
9.6874,1.3266
9.6879,1.3266
9.6885,1.3266
9.6890,1.3266
9.6895,1.3266
9.6901,1.3266
9.6906,1.3215
9.6912,1.3266
9.6917,1.3215
9.6922,1.3266
9.6928,1.3266
9.6933,1.3266
9.6938,1.3215
9.6944,1.3266
9.6949,1.3266
9.6954,1.3266
9.6960,1.3266
9.6965,1.3215
9.6970,1.3266
9.6976,1.3266
9.6981,1.3266
9.6986,1.3266
9.6992,1.3266
9.6997,1.3215
9.7002,1.3266
9.7008,1.3266
9.7013,1.3266
9.7018,1.3266
9.7024,1.3266
9.7029,1.3215
9.7034,1.3316
9.7040,1.3266
9.7045,1.3215
9.7050,1.3266
9.7056,1.3266
9.7061,1.3266
9.7066,1.3215
9.7072,1.3266
9.7077,1.3266
9.7083,1.3215
9.7088,1.3215
9.7093,1.3266
9.7099,1.3215
9.7104,1.3266
9.7109,1.3266
9.7115,1.3215
9.7120,1.3266
9.7125,1.3266
9.7131,1.3215
9.7136,1.3215
9.7141,1.3266
9.7147,1.3215
9.7152,1.3266
9.7157,1.3266
9.7163,1.3266
9.7168,1.3266
9.7173,1.3266
9.7179,1.3215
9.7184,1.3215
9.7189,1.3215
9.7195,1.3215
9.7200,1.3215
9.7205,1.3266
9.7211,1.3215
9.7216,1.3215
9.7221,1.3165
9.7227,1.3266
9.7232,1.3266
9.7238,1.3266
9.7243,1.3266
9.7248,1.3215
9.7254,1.3266
9.7259,1.3215
9.7264,1.3215
9.7270,1.3266
9.7275,1.3266
9.7280,1.3215
9.7286,1.3215
9.7291,1.3266
9.7297,1.3266
9.7302,1.3215
9.7307,1.3215
9.7313,1.3215
9.7318,1.3266
9.7323,1.3215
9.7329,1.3266
9.7334,1.3215
9.7339,1.3266
9.7345,1.3266
9.7350,1.3266
9.7355,1.3266
9.7361,1.3215
9.7366,1.3165
9.7371,1.3266
9.7377,1.3266
9.7382,1.3215
9.7387,1.3215
9.7393,1.3266
9.7398,1.3266
9.7403,1.3266
9.7409,1.3266
9.7414,1.3215
9.7419,1.3215
9.7425,1.3215
9.7430,1.3266
9.7436,1.3266
9.7442,1.3266
9.7447,1.3266
9.7452,1.3266
9.7458,1.3266
9.7463,1.3266
9.7469,1.3266
9.7474,1.3266
9.7479,1.3266
9.7485,1.3266
9.7490,1.3266
9.7496,1.3316
9.7501,1.3266
9.7506,1.3266
9.7512,1.3266
9.7517,1.3266
9.7522,1.3316
9.7528,1.3316
9.7533,1.3316
9.7539,1.3266
9.7544,1.3266
9.7549,1.3266
9.7555,1.3316
9.7560,1.3316
9.7566,1.3316
9.7571,1.3367
9.7576,1.3316
9.7582,1.3316
9.7587,1.3316
9.7592,1.3316
9.7598,1.3316
9.7603,1.3316
9.7609,1.3316
9.7614,1.3316
9.7619,1.3367
9.7625,1.3367
9.7630,1.3367
9.7636,1.3367
9.7641,1.3316
9.7646,1.3367
9.7652,1.3316
9.7657,1.3367
9.7662,1.3367
9.7668,1.3316
9.7673,1.3367
9.7679,1.3417
9.7684,1.3417
9.7689,1.3417
9.7695,1.3417
9.7700,1.3367
9.7705,1.3367
9.7711,1.3367
9.7716,1.3417
9.7722,1.3417
9.7727,1.3417
9.7732,1.3417
9.7738,1.3417
9.7743,1.3417
9.7749,1.3417
9.7754,1.3367
9.7759,1.3467
9.7767,1.3467
9.7772,1.3417
9.7779,1.3367
9.7784,1.3417
9.7790,1.3417
9.7795,1.3417
9.7800,1.3467
9.7806,1.3467
9.7811,1.3417
9.7816,1.3467
9.7822,1.3467
9.7827,1.3417
9.7832,1.3518
9.7838,1.3467
9.7843,1.3417
9.7848,1.3467
9.7854,1.3467
9.7859,1.3518
9.7865,1.3467
9.7870,1.3467
9.7875,1.3518
9.7881,1.3467
9.7886,1.3467
9.7891,1.3467
9.7897,1.3467
9.7902,1.3467
9.7907,1.3518
9.7913,1.3417
9.7918,1.3518
9.7923,1.3518
9.7929,1.3518
9.7934,1.3467
9.7940,1.3568
9.7945,1.3518
9.7950,1.3467
9.7956,1.3518
9.7961,1.3568
9.7967,1.3518
9.7972,1.3518
9.7977,1.3568
9.7983,1.3568
9.7988,1.3467
9.7993,1.3467
9.7999,1.3518
9.8004,1.3518
9.8009,1.3518
9.8015,1.3518
9.8020,1.3518
9.8025,1.3518
9.8031,1.3518
9.8037,1.3568
9.8042,1.3518
9.8047,1.3467
9.8053,1.3568
9.8058,1.3518
9.8064,1.3568
9.8069,1.3518
9.8074,1.3518
9.8080,1.3518
9.8085,1.3568
9.8090,1.3568
9.8096,1.3518
9.8101,1.3518
9.8106,1.3568
9.8112,1.3568
9.8117,1.3568
9.8123,1.3568
9.8128,1.3568
9.8133,1.3568
9.8139,1.3568
9.8144,1.3568
9.8149,1.3568
9.8155,1.3568
9.8160,1.3518
9.8165,1.3568
9.8171,1.3518
9.8176,1.3619
9.8181,1.3518
9.8187,1.3568
9.8192,1.3568
9.8198,1.3568
9.8203,1.3568
9.8208,1.3568
9.8214,1.3568
9.8219,1.3568
9.8224,1.3568
9.8230,1.3518
9.8235,1.3568
9.8240,1.3568
9.8246,1.3568
9.8251,1.3568
9.8256,1.3568
9.8262,1.3568
9.8267,1.3568
9.8273,1.3568
9.8278,1.3518
9.8283,1.3568
9.8289,1.3568
9.8294,1.3518
9.8299,1.3568
9.8305,1.3568
9.8310,1.3568
9.8315,1.3619
9.8321,1.3568
9.8326,1.3568
9.8331,1.3568
9.8337,1.3568
9.8342,1.3568
9.8348,1.3518
9.8353,1.3619
9.8358,1.3568
9.8364,1.3518
9.8369,1.3568
9.8374,1.3619
9.8380,1.3568
9.8385,1.3619
9.8390,1.3568
9.8396,1.3568
9.8401,1.3568
9.8406,1.3619
9.8412,1.3619
9.8417,1.3568
9.8423,1.3518
9.8428,1.3568
9.8433,1.3568
9.8439,1.3568
9.8444,1.3619
9.8450,1.3619
9.8456,1.3568
9.8461,1.3619
9.8466,1.3568
9.8472,1.3568
9.8477,1.3568
9.8482,1.3568
9.8488,1.3568
9.8493,1.3568
9.8498,1.3568
9.8504,1.3619
9.8509,1.3568
9.8514,1.3568
9.8520,1.3568
9.8525,1.3568
9.8530,1.3568
9.8536,1.3568
9.8541,1.3568
9.8546,1.3568
9.8552,1.3568
9.8557,1.3568
9.8562,1.3518
9.8568,1.3619
9.8573,1.3568
9.8578,1.3568
9.8584,1.3568
9.8589,1.3619
9.8594,1.3568
9.8599,1.3568
9.8605,1.3568
9.8610,1.3568
9.8615,1.3568
9.8621,1.3568
9.8626,1.3619
9.8632,1.3568
9.8637,1.3568
9.8642,1.3568
9.8648,1.3568
9.8653,1.3568
9.8658,1.3619
9.8664,1.3568
9.8669,1.3568
9.8674,1.3619
9.8680,1.3568
9.8685,1.3568
9.8690,1.3568
9.8695,1.3518
9.8701,1.3619
9.8706,1.3568
9.8711,1.3568
9.8717,1.3568
9.8722,1.3619
9.8727,1.3619
9.8733,1.3568
9.8738,1.3619
9.8743,1.3619
9.8749,1.3619
9.8754,1.3568
9.8759,1.3518
9.8765,1.3568
9.8770,1.3619
9.8775,1.3619
9.8781,1.3619
9.8786,1.3619
9.8791,1.3619
9.8797,1.3619
9.8802,1.3568
9.8807,1.3568
9.8813,1.3568
9.8818,1.3619
9.8823,1.3619
9.8829,1.3568
9.8834,1.3568
9.8839,1.3619
9.8845,1.3518
9.8850,1.3568
9.8855,1.3619
9.8861,1.3518
9.8866,1.3518
9.8871,1.3568
9.8877,1.3568
9.8882,1.3568
9.8887,1.3619
9.8893,1.3568
9.8898,1.3568
9.8903,1.3619
9.8909,1.3568
9.8914,1.3568
9.8919,1.3568
9.8924,1.3568
9.8930,1.3568
9.8935,1.3568
9.8940,1.3568
9.8946,1.3568
9.8951,1.3568
9.8956,1.3518
9.8962,1.3619
9.8967,1.3568
9.8972,1.3568
9.8978,1.3619
9.8983,1.3619
9.8988,1.3518
9.8994,1.3568
9.8999,1.3619
9.9004,1.3568
9.9010,1.3619
9.9015,1.3568
9.9020,1.3568
9.9026,1.3568
9.9031,1.3568
9.9036,1.3568
9.9042,1.3568
9.9047,1.3619
9.9052,1.3568
9.9058,1.3568
9.9063,1.3568
9.9068,1.3518
9.9074,1.3619
9.9079,1.3518
9.9084,1.3568
9.9089,1.3568
9.9095,1.3568
9.9100,1.3568
9.9105,1.3568
9.9111,1.3568
9.9116,1.3619
9.9121,1.3568
9.9126,1.3568
9.9132,1.3568
9.9137,1.3568
9.9142,1.3568
9.9148,1.3518
9.9153,1.3568
9.9158,1.3619
9.9164,1.3568
9.9169,1.3568
9.9174,1.3467
9.9180,1.3568
9.9185,1.3518
9.9190,1.3568
9.9196,1.3568
9.9201,1.3568
9.9206,1.3568
9.9212,1.3568
9.9217,1.3568
9.9222,1.3518
9.9228,1.3518
9.9233,1.3568
9.9238,1.3568
9.9244,1.3568
9.9249,1.3568
9.9254,1.3518
9.9260,1.3568
9.9265,1.3568
9.9270,1.3568
9.9276,1.3568
9.9281,1.3568
9.9286,1.3568
9.9292,1.3568
9.9297,1.3518
9.9302,1.3568
9.9308,1.3568
9.9313,1.3518
9.9318,1.3518
9.9324,1.3518
9.9329,1.3568
9.9334,1.3568
9.9340,1.3518
9.9345,1.3568
9.9350,1.3518
9.9356,1.3518
9.9361,1.3518
9.9366,1.3518
9.9372,1.3518
9.9377,1.3518
9.9382,1.3568
9.9388,1.3518
9.9393,1.3518
9.9398,1.3467
9.9404,1.3518
9.9409,1.3568
9.9414,1.3568
9.9420,1.3518
9.9425,1.3467
9.9430,1.3518
9.9436,1.3518
9.9441,1.3518
9.9446,1.3518
9.9453,1.3518
9.9458,1.3518
9.9463,1.3518
9.9469,1.3518
9.9474,1.3518
9.9479,1.3518
9.9485,1.3467
9.9490,1.3518
9.9495,1.3518
9.9501,1.3518
9.9506,1.3518
9.9512,1.3518
9.9517,1.3467
9.9522,1.3518
9.9528,1.3467
9.9533,1.3518
9.9538,1.3518
9.9544,1.3518
9.9549,1.3518
9.9554,1.3518
9.9560,1.3467
9.9565,1.3467
9.9571,1.3518
9.9576,1.3518
9.9581,1.3518
9.9587,1.3467
9.9592,1.3518
9.9597,1.3467
9.9603,1.3467
9.9608,1.3518
9.9613,1.3467
9.9619,1.3518
9.9624,1.3467
9.9629,1.3467
9.9635,1.3467
9.9640,1.3518
9.9646,1.3518
9.9651,1.3568
9.9656,1.3518
9.9662,1.3467
9.9667,1.3467
9.9672,1.3417
9.9678,1.3518
9.9683,1.3467
9.9688,1.3417
9.9694,1.3467
9.9699,1.3467
9.9705,1.3467
9.9710,1.3467
9.9715,1.3467
9.9721,1.3467
9.9726,1.3467
9.9731,1.3467
9.9737,1.3417
9.9742,1.3467
9.9748,1.3467
9.9753,1.3467
9.9758,1.3467
9.9764,1.3417
9.9769,1.3467
9.9774,1.3467
9.9780,1.3467
9.9785,1.3467
9.9790,1.3467
9.9796,1.3417
9.9801,1.3467
9.9807,1.3467
9.9812,1.3518
9.9817,1.3467
9.9823,1.3467
9.9828,1.3467
9.9833,1.3467
9.9839,1.3417
9.9844,1.3467
9.9849,1.3417
9.9855,1.3467
9.9860,1.3467
9.9866,1.3417
9.9871,1.3417
9.9876,1.3467
9.9882,1.3518
9.9887,1.3417
9.9892,1.3417
9.9898,1.3467
9.9903,1.3467
9.9908,1.3417
9.9914,1.3417
9.9919,1.3417
9.9925,1.3417
9.9931,1.3367
9.9936,1.3367
9.9941,1.3417
9.9947,1.3467
9.9952,1.3417
9.9957,1.3467
9.9963,1.3417
9.9968,1.3467
9.9973,1.3417
9.9979,1.3417
9.9984,1.3467
9.9990,1.3467
9.9995,1.3417
10.0000,1.3417
10.0005,1.3417
10.0011,1.3467
10.0016,1.3417
10.0021,1.3417
10.0027,1.3417
10.0032,1.3417
10.0038,1.3417
10.0043,1.3417
10.0048,1.3467
10.0054,1.3417
10.0059,1.3417
10.0064,1.3417
10.0070,1.3417
10.0075,1.3467
10.0080,1.3417
10.0086,1.3367
10.0091,1.3417
10.0097,1.3467
10.0102,1.3417
10.0107,1.3417
10.0113,1.3367
10.0118,1.3467
10.0123,1.3417
10.0129,1.3367
10.0134,1.3417
10.0139,1.3417
10.0145,1.3367
10.0150,1.3467
10.0156,1.3417
10.0161,1.3417
10.0166,1.3417
10.0172,1.3367
10.0177,1.3417
10.0182,1.3367
10.0188,1.3367
10.0193,1.3417
10.0198,1.3417
10.0204,1.3417
10.0209,1.3417
10.0215,1.3367
10.0220,1.3367
10.0225,1.3367
10.0231,1.3417
10.0236,1.3417
10.0241,1.3367
10.0247,1.3417
10.0252,1.3417
10.0257,1.3367
10.0263,1.3367
10.0268,1.3417
10.0274,1.3417
10.0279,1.3367
10.0284,1.3316
10.0290,1.3417
10.0295,1.3367
10.0300,1.3367
10.0306,1.3417
10.0311,1.3417
10.0316,1.3367
10.0322,1.3367
10.0327,1.3367
10.0333,1.3367
10.0338,1.3417
10.0343,1.3316
10.0350,1.3417
10.0356,1.3367
10.0362,1.3417
10.0367,1.3417
10.0373,1.3417
10.0379,1.3367
10.0384,1.3417
10.0390,1.3417
10.0395,1.3367
10.0401,1.3367
10.0406,1.3417
10.0412,1.3367
10.0418,1.3417
10.0423,1.3367
10.0428,1.3367
10.0434,1.3367
10.0439,1.3367
10.0444,1.3367
10.0450,1.3367
10.0455,1.3417
10.0462,1.3417
10.0467,1.3367
10.0473,1.3316
10.0478,1.3367
10.0484,1.3367
10.0489,1.3417
10.0494,1.3367
10.0500,1.3417
10.0505,1.3417
10.0511,1.3367
10.0516,1.3367
10.0522,1.3417
10.0528,1.3367
10.0538,1.3367
10.0543,1.3367
10.0548,1.3316
10.0555,1.3417
10.0561,1.3417
10.0567,1.3367
10.0572,1.3367
10.0577,1.3417
10.0582,1.3367
10.0588,1.3367
10.0593,1.3367
10.0598,1.3417
10.0604,1.3316
10.0609,1.3367
10.0614,1.3367
10.0620,1.3367
10.0625,1.3417
10.0631,1.3367
10.0636,1.3316
10.0641,1.3367
10.0647,1.3367
10.0652,1.3367
10.0657,1.3367
10.0662,1.3367
10.0668,1.3417
10.0673,1.3367
10.0679,1.3367
10.0684,1.3417
10.0690,1.3367
10.0695,1.3367
10.0701,1.3367
10.0706,1.3367
10.0711,1.3367
10.0716,1.3417
10.0722,1.3367
10.0727,1.3417
10.0732,1.3367
10.0738,1.3417
10.0743,1.3367
10.0748,1.3367
10.0754,1.3367
10.0759,1.3367
10.0764,1.3316
10.0769,1.3417
10.0775,1.3367
10.0780,1.3316
10.0785,1.3367
10.0791,1.3367
10.0796,1.3367
10.0801,1.3316
10.0807,1.3367
10.0812,1.3367
10.0817,1.3316
10.0822,1.3367
10.0828,1.3367
10.0833,1.3367
10.0838,1.3367
10.0844,1.3367
10.0849,1.3367
10.0854,1.3316
10.0860,1.3316
10.0865,1.3316
10.0870,1.3316
10.0875,1.3367
10.0881,1.3367
10.0886,1.3367
10.0891,1.3316
10.0897,1.3367
10.0902,1.3367
10.0907,1.3367
10.0913,1.3367
10.0918,1.3367
10.0923,1.3417
10.0928,1.3417
10.0934,1.3367
10.0939,1.3417
10.0944,1.3367
10.0950,1.3316
10.0955,1.3417
10.0960,1.3367
10.0966,1.3367
10.0971,1.3367
10.0976,1.3367
10.0981,1.3367
10.0987,1.3367
10.0992,1.3316
10.0997,1.3367
10.1003,1.3367
10.1008,1.3367
10.1013,1.3367
10.1018,1.3367
10.1024,1.3417
10.1029,1.3367
10.1034,1.3367
10.1040,1.3367
10.1045,1.3367
10.1050,1.3367
10.1056,1.3367
10.1061,1.3367
10.1066,1.3367
10.1072,1.3367
10.1077,1.3367
10.1082,1.3367
10.1087,1.3367
10.1093,1.3367
10.1098,1.3367
10.1103,1.3367
10.1109,1.3316
10.1114,1.3367
10.1119,1.3367
10.1124,1.3367
10.1130,1.3367
10.1135,1.3367
10.1140,1.3367
10.1146,1.3367
10.1151,1.3367
10.1156,1.3316
10.1162,1.3316
10.1167,1.3367
10.1172,1.3367
10.1177,1.3367
10.1183,1.3367
10.1188,1.3367
10.1193,1.3367
10.1199,1.3367
10.1204,1.3316
10.1209,1.3367
10.1214,1.3367
10.1220,1.3367
10.1225,1.3316
10.1231,1.3367
10.1236,1.3367
10.1241,1.3316
10.1247,1.3316
10.1252,1.3367
10.1257,1.3367
10.1262,1.3367
10.1268,1.3316
10.1273,1.3316
10.1278,1.3316
10.1284,1.3316
10.1289,1.3417
10.1294,1.3316
10.1299,1.3367
10.1305,1.3316
10.1310,1.3316
10.1316,1.3316
10.1321,1.3367
10.1326,1.3316
10.1332,1.3367
10.1337,1.3367
10.1342,1.3316
10.1348,1.3316
10.1353,1.3367
10.1358,1.3367
10.1364,1.3316
10.1369,1.3316
10.1374,1.3367
10.1380,1.3316
10.1385,1.3367
10.1390,1.3367
10.1396,1.3367
10.1401,1.3367
10.1406,1.3367
10.1411,1.3316
10.1417,1.3316
10.1422,1.3367
10.1427,1.3367
10.1433,1.3316
10.1438,1.3367
10.1443,1.3316
10.1449,1.3316
10.1454,1.3316
10.1460,1.3367
10.1465,1.3367
10.1471,1.3367
10.1477,1.3316
10.1482,1.3367
10.1488,1.3316
10.1494,1.3367
10.1499,1.3367
10.1505,1.3316
10.1510,1.3316
10.1518,1.3316
10.1524,1.3316
10.1530,1.3316
10.1536,1.3316
10.1542,1.3316
10.1547,1.3316
10.1553,1.3316
10.1558,1.3367
10.1564,1.3367
10.1569,1.3367
10.1575,1.3367
10.1580,1.3316
10.1586,1.3316
10.1591,1.3367
10.1597,1.3316
10.1602,1.3316
10.1608,1.3316
10.1613,1.3316
10.1618,1.3316
10.1624,1.3316
10.1629,1.3316
10.1635,1.3316
10.1640,1.3316
10.1646,1.3316
10.1651,1.3316
10.1657,1.3367
10.1662,1.3316
10.1668,1.3266
10.1673,1.3367
10.1679,1.3316
10.1684,1.3367
10.1691,1.3316
10.1697,1.3316
10.1702,1.3316
10.1708,1.3266
10.1713,1.3316
10.1718,1.3316
10.1724,1.3316
10.1729,1.3266
10.1734,1.3316
10.1740,1.3316
10.1745,1.3316
10.1751,1.3266
10.1756,1.3316
10.1761,1.3316
10.1767,1.3316
10.1772,1.3316
10.1777,1.3266
10.1783,1.3316
10.1788,1.3316
10.1793,1.3316
10.1799,1.3316
10.1804,1.3316
10.1809,1.3316
10.1815,1.3316
10.1820,1.3316
10.1825,1.3266
10.1831,1.3266
10.1836,1.3316
10.1842,1.3316
10.1847,1.3316
10.1852,1.3316
10.1858,1.3316
10.1863,1.3266
10.1868,1.3316
10.1874,1.3367
10.1879,1.3316
10.1884,1.3316
10.1890,1.3266
10.1895,1.3316
10.1900,1.3266
10.1906,1.3266
10.1911,1.3316
10.1916,1.3316
10.1922,1.3316
10.1927,1.3316
10.1932,1.3266
10.1938,1.3266
10.1943,1.3316
10.1948,1.3367
10.1954,1.3316
10.1959,1.3266
10.1964,1.3316
10.1970,1.3266
10.1975,1.3266
10.1980,1.3316
10.1986,1.3316
10.1991,1.3266
10.1996,1.3215
10.2002,1.3367
10.2007,1.3316
10.2012,1.3266
10.2018,1.3316
10.2023,1.3316
10.2028,1.3316
10.2034,1.3316
10.2039,1.3316
10.2045,1.3266
10.2050,1.3266
10.2055,1.3215
10.2061,1.3316
10.2066,1.3316
10.2071,1.3266
10.2077,1.3266
10.2082,1.3266
10.2087,1.3266
10.2093,1.3316
10.2098,1.3266
10.2103,1.3266
10.2109,1.3316
10.2114,1.3266
10.2119,1.3266
10.2125,1.3266
10.2130,1.3266
10.2136,1.3316
10.2141,1.3316
10.2146,1.3316
10.2151,1.3266
10.2157,1.3316
10.2162,1.3316
10.2167,1.3266
10.2173,1.3316
10.2178,1.3266
10.2183,1.3266
10.2189,1.3215
10.2194,1.3316
10.2199,1.3316
10.2205,1.3266
10.2210,1.3316
10.2215,1.3266
10.2221,1.3215
10.2226,1.3266
10.2231,1.3266
10.2237,1.3266
10.2242,1.3266
10.2247,1.3316
10.2253,1.3266
10.2258,1.3266
10.2263,1.3266
10.2269,1.3266
10.2274,1.3266
10.2279,1.3266
10.2285,1.3266
10.2290,1.3316
10.2295,1.3316
10.2301,1.3316
10.2306,1.3266
10.2311,1.3266
10.2317,1.3266
10.2322,1.3266
10.2327,1.3266
10.2333,1.3266
10.2338,1.3266
10.2343,1.3266
10.2349,1.3266
10.2354,1.3215
10.2360,1.3266
10.2365,1.3215
10.2370,1.3266
10.2376,1.3266
10.2381,1.3266
10.2386,1.3215
10.2392,1.3266
10.2397,1.3266
10.2402,1.3266
10.2408,1.3266
10.2413,1.3266
10.2418,1.3316
10.2424,1.3215
10.2429,1.3266
10.2435,1.3316
10.2440,1.3266
10.2445,1.3266
10.2451,1.3215
10.2456,1.3266
10.2462,1.3215
10.2468,1.3215
10.2473,1.3266
10.2479,1.3215
10.2484,1.3266
10.2489,1.3266
10.2495,1.3266
10.2500,1.3215
10.2505,1.3266
10.2511,1.3266
10.2516,1.3215
10.2521,1.3215
10.2526,1.3266
10.2532,1.3215
10.2537,1.3266
10.2543,1.3266
10.2548,1.3266
10.2553,1.3215
10.2559,1.3266
10.2564,1.3266
10.2569,1.3266
10.2574,1.3215
10.2580,1.3266
10.2585,1.3215
10.2590,1.3266
10.2596,1.3266
10.2601,1.3215
10.2606,1.3266
10.2612,1.3266
10.2617,1.3215
10.2622,1.3266
10.2628,1.3215
10.2633,1.3266
10.2638,1.3215
10.2644,1.3215
10.2649,1.3266
10.2654,1.3266
10.2660,1.3266
10.2665,1.3266
10.2670,1.3266
10.2676,1.3215
10.2681,1.3266
10.2686,1.3266
10.2692,1.3215
10.2697,1.3266
10.2702,1.3215
10.2708,1.3215
10.2713,1.3266
10.2718,1.3215
10.2724,1.3215
10.2729,1.3215
10.2734,1.3215
10.2740,1.3215
10.2745,1.3215
10.2750,1.3165
10.2756,1.3266
10.2761,1.3266
10.2766,1.3215
10.2772,1.3215
10.2777,1.3215
10.2782,1.3215
10.2788,1.3215
10.2793,1.3266
10.2798,1.3215
10.2804,1.3215
10.2809,1.3215
10.2814,1.3215
10.2819,1.3266
10.2825,1.3215
10.2830,1.3165
10.2835,1.3215
10.2841,1.3215
10.2846,1.3215
10.2851,1.3215
10.2857,1.3215
10.2862,1.3215
10.2867,1.3266
10.2873,1.3266
10.2878,1.3266
10.2883,1.3215
10.2889,1.3215
10.2894,1.3215
10.2899,1.3215
10.2905,1.3215
10.2910,1.3215
10.2915,1.3215
10.2921,1.3215
10.2926,1.3215
10.2931,1.3266
10.2937,1.3215
10.2942,1.3215
10.2947,1.3165
10.2953,1.3215
10.2958,1.3266
10.2963,1.3215
10.2969,1.3215
10.2974,1.3215
10.2979,1.3215
10.2984,1.3215
10.2990,1.3215
10.2995,1.3165
10.3000,1.3165
10.3006,1.3215
10.3011,1.3215
10.3016,1.3215
10.3022,1.3215
10.3027,1.3215
10.3032,1.3215
10.3038,1.3215
10.3043,1.3215
10.3048,1.3266
10.3054,1.3215
10.3059,1.3215
10.3064,1.3215
10.3070,1.3266
10.3075,1.3215
10.3080,1.3215
10.3086,1.3215
10.3091,1.3215
10.3096,1.3215
10.3102,1.3266
10.3107,1.3266
10.3112,1.3215
10.3118,1.3266
10.3123,1.3266
10.3128,1.3215
10.3134,1.3215
10.3139,1.3215
10.3144,1.3215
10.3150,1.3215
10.3155,1.3215
10.3160,1.3215
10.3165,1.3215
10.3171,1.3215
10.3176,1.3215
10.3181,1.3215
10.3187,1.3215
10.3192,1.3215
10.3197,1.3215
10.3203,1.3215
10.3208,1.3215
10.3213,1.3215
10.3219,1.3215
10.3224,1.3165
10.3229,1.3165
10.3235,1.3165
10.3240,1.3215
10.3245,1.3165
10.3251,1.3215
10.3256,1.3215
10.3261,1.3215
10.3267,1.3215
10.3272,1.3165
10.3277,1.3165
10.3283,1.3165
10.3288,1.3215
10.3293,1.3215
10.3299,1.3165
10.3304,1.3215
10.3309,1.3215
10.3314,1.3215
10.3320,1.3165
10.3325,1.3215
10.3330,1.3215
10.3336,1.3215
10.3341,1.3215
10.3346,1.3215
10.3352,1.3215
10.3357,1.3266
10.3362,1.3215
10.3368,1.3215
10.3373,1.3165
10.3378,1.3215
10.3384,1.3215
10.3389,1.3215
10.3395,1.3215
10.3400,1.3215
10.3405,1.3266
10.3410,1.3215
10.3416,1.3165
10.3421,1.3215
10.3426,1.3165
10.3432,1.3215
10.3437,1.3215
10.3442,1.3215
10.3448,1.3266
10.3453,1.3215
10.3458,1.3215
10.3464,1.3266
10.3470,1.3215
10.3475,1.3266
10.3481,1.3215
10.3486,1.3215
10.3491,1.3266
10.3497,1.3266
10.3502,1.3215
10.3507,1.3266
10.3513,1.3266
10.3518,1.3266
10.3524,1.3215
10.3529,1.3266
10.3534,1.3165
10.3540,1.3266
10.3545,1.3266
10.3550,1.3266
10.3556,1.3266
10.3561,1.3266
10.3566,1.3316
10.3572,1.3266
10.3577,1.3266
10.3583,1.3316
10.3588,1.3266
10.3593,1.3266
10.3599,1.3266
10.3604,1.3266
10.3609,1.3316
10.3615,1.3316
10.3620,1.3266
10.3625,1.3316
10.3631,1.3316
10.3636,1.3316
10.3641,1.3266
10.3647,1.3266
10.3652,1.3316
10.3658,1.3316
10.3663,1.3316
10.3668,1.3266
10.3674,1.3316
10.3679,1.3316
10.3684,1.3316
10.3690,1.3316
10.3695,1.3316
10.3700,1.3316
10.3706,1.3367
10.3711,1.3316
10.3716,1.3367
10.3722,1.3316
10.3727,1.3367
10.3733,1.3367
10.3738,1.3367
10.3743,1.3367
10.3749,1.3316
10.3754,1.3367
10.3759,1.3367
10.3765,1.3367
10.3770,1.3417
10.3775,1.3367
10.3781,1.3417
10.3786,1.3417
10.3792,1.3417
10.3797,1.3367
10.3802,1.3417
10.3808,1.3417
10.3813,1.3316
10.3818,1.3417
10.3824,1.3417
10.3829,1.3417
10.3834,1.3417
10.3840,1.3467
10.3845,1.3417
10.3851,1.3417
10.3856,1.3467
10.3861,1.3417
10.3867,1.3417
10.3872,1.3417
10.3877,1.3467
10.3883,1.3417
10.3888,1.3467
10.3893,1.3467
10.3899,1.3417
10.3904,1.3467
10.3910,1.3467
10.3915,1.3417
10.3920,1.3467
10.3926,1.3417
10.3931,1.3417
10.3936,1.3467
10.3942,1.3518
10.3947,1.3467
10.3952,1.3467
10.3958,1.3417
10.3963,1.3518
10.3968,1.3467
10.3974,1.3417
10.3979,1.3467
10.3984,1.3467
10.3990,1.3467
10.3995,1.3518
10.4000,1.3467
10.4006,1.3467
10.4011,1.3518
10.4016,1.3467
10.4022,1.3518
10.4027,1.3467
10.4032,1.3467
10.4038,1.3467
10.4043,1.3467
10.4048,1.3518
10.4054,1.3467
10.4059,1.3518
10.4064,1.3518
10.4070,1.3518
10.4075,1.3467
10.4081,1.3518
10.4086,1.3518
10.4092,1.3518
10.4097,1.3518
10.4102,1.3518
10.4108,1.3518
10.4113,1.3467
10.4118,1.3568
10.4124,1.3417
10.4129,1.3568
10.4134,1.3518
10.4140,1.3518
10.4145,1.3518
10.4150,1.3518
10.4156,1.3518
10.4161,1.3518
10.4167,1.3518
10.4172,1.3518
10.4177,1.3518
10.4183,1.3518
10.4188,1.3568
10.4193,1.3518
10.4199,1.3568
10.4204,1.3518
10.4209,1.3518
10.4215,1.3467
10.4220,1.3568
10.4225,1.3518
10.4231,1.3568
10.4236,1.3518
10.4242,1.3518
10.4247,1.3518
10.4252,1.3518
10.4258,1.3568
10.4263,1.3568
10.4268,1.3518
10.4274,1.3518
10.4279,1.3568
10.4284,1.3518
10.4290,1.3518
10.4295,1.3568
10.4301,1.3518
10.4306,1.3518
10.4311,1.3568
10.4317,1.3518
10.4322,1.3568
10.4327,1.3568
10.4333,1.3568
10.4338,1.3568
10.4343,1.3568
10.4349,1.3568
10.4354,1.3568
10.4359,1.3568
10.4365,1.3568
10.4370,1.3568
10.4376,1.3568
10.4381,1.3518
10.4386,1.3518
10.4392,1.3568
10.4397,1.3619
10.4402,1.3568
10.4408,1.3568
10.4413,1.3518
10.4418,1.3568
10.4424,1.3568
10.4429,1.3568
10.4434,1.3568
10.4440,1.3518
10.4445,1.3568
10.4451,1.3568
10.4456,1.3568
10.4461,1.3568
10.4467,1.3568
10.4472,1.3568
10.4477,1.3568
10.4483,1.3568
10.4488,1.3518
10.4493,1.3518
10.4499,1.3568
10.4504,1.3568
10.4509,1.3568
10.4515,1.3568
10.4520,1.3568
10.4525,1.3518
10.4531,1.3568
10.4536,1.3518
10.4541,1.3568
10.4547,1.3568
10.4552,1.3619
10.4557,1.3568
10.4563,1.3568
10.4568,1.3619
10.4573,1.3568
10.4579,1.3568
10.4584,1.3568
10.4589,1.3568
10.4595,1.3568
10.4600,1.3518
10.4605,1.3518
10.4611,1.3518
10.4616,1.3568
10.4621,1.3568
10.4627,1.3518
10.4632,1.3568
10.4637,1.3568
10.4643,1.3619
10.4648,1.3568
10.4653,1.3619
10.4658,1.3518
10.4664,1.3568
10.4669,1.3568
10.4674,1.3568
10.4680,1.3568
10.4685,1.3568
10.4690,1.3518
10.4696,1.3518
10.4701,1.3518
10.4706,1.3568
10.4712,1.3568
10.4717,1.3568
10.4722,1.3568
10.4728,1.3518
10.4733,1.3518
10.4738,1.3568
10.4744,1.3568
10.4749,1.3568
10.4754,1.3518
10.4760,1.3568
10.4765,1.3568
10.4770,1.3619
10.4776,1.3568
10.4781,1.3518
10.4786,1.3568
10.4792,1.3568
10.4797,1.3619
10.4802,1.3568
10.4808,1.3568
10.4813,1.3568
10.4818,1.3568
10.4824,1.3568
10.4829,1.3518
10.4834,1.3568
10.4840,1.3568
10.4845,1.3568
10.4850,1.3568
10.4856,1.3568
10.4861,1.3518
10.4866,1.3518
10.4872,1.3518
10.4877,1.3568
10.4882,1.3568
10.4888,1.3518
10.4893,1.3568
10.4898,1.3568
10.4903,1.3568
10.4909,1.3568
10.4914,1.3568
10.4919,1.3568
10.4925,1.3568
10.4930,1.3568
10.4935,1.3568
10.4941,1.3518
10.4946,1.3518
10.4951,1.3568
10.4957,1.3568
10.4962,1.3568
10.4967,1.3568
10.4973,1.3518
10.4978,1.3568
10.4983,1.3518
10.4989,1.3518
10.4994,1.3568
10.4999,1.3568
10.5005,1.3568
10.5010,1.3568
10.5015,1.3568
10.5021,1.3568
10.5026,1.3518
10.5031,1.3518
10.5037,1.3518
10.5042,1.3518
10.5047,1.3568
10.5053,1.3518
10.5058,1.3568
10.5063,1.3568
10.5069,1.3568
10.5074,1.3568
10.5079,1.3568
10.5084,1.3518
10.5090,1.3568
10.5095,1.3518
10.5100,1.3568
10.5106,1.3518
10.5111,1.3568
10.5116,1.3518
10.5122,1.3619
10.5127,1.3568
10.5132,1.3568
10.5138,1.3467
10.5143,1.3568
10.5148,1.3568
10.5154,1.3518
10.5159,1.3518
10.5164,1.3518
10.5170,1.3518
10.5175,1.3518
10.5180,1.3518
10.5186,1.3518
10.5191,1.3518
10.5196,1.3518
10.5202,1.3467
10.5207,1.3467
10.5212,1.3518
10.5218,1.3568
10.5223,1.3518
10.5228,1.3518
10.5234,1.3518
10.5239,1.3518
10.5244,1.3518
10.5249,1.3518
10.5255,1.3467
10.5260,1.3518
10.5265,1.3467
10.5271,1.3467
10.5276,1.3467
10.5281,1.3518
10.5287,1.3518
10.5292,1.3518
10.5297,1.3518
10.5303,1.3467
10.5308,1.3518
10.5313,1.3518
10.5319,1.3518
10.5324,1.3518
10.5329,1.3518
10.5335,1.3467
10.5340,1.3467
10.5345,1.3467
10.5351,1.3518
10.5357,1.3518
10.5363,1.3518
10.5369,1.3518
10.5374,1.3518
10.5380,1.3518
10.5386,1.3518
10.5391,1.3518
10.5397,1.3518
10.5402,1.3518
10.5408,1.3467
10.5413,1.3518
10.5419,1.3467
10.5424,1.3467
10.5429,1.3467
10.5435,1.3467
10.5440,1.3467
10.5446,1.3518
10.5451,1.3518
10.5456,1.3518
10.5462,1.3518
10.5467,1.3518
10.5472,1.3467
10.5478,1.3467
10.5483,1.3467
10.5489,1.3518
10.5494,1.3467
10.5500,1.3467
10.5505,1.3467
10.5512,1.3417
10.5518,1.3518
10.5524,1.3417
10.5530,1.3417
10.5535,1.3518
10.5541,1.3467
10.5547,1.3518
10.5552,1.3467
10.5558,1.3467
10.5563,1.3467
10.5568,1.3467
10.5574,1.3467
10.5579,1.3467
10.5585,1.3467
10.5590,1.3467
10.5595,1.3417
10.5601,1.3467
10.5606,1.3417
10.5611,1.3417
10.5617,1.3467
10.5622,1.3467
10.5627,1.3467
10.5633,1.3467
10.5638,1.3417
10.5644,1.3417
10.5649,1.3467
10.5654,1.3467
10.5660,1.3467
10.5665,1.3417
10.5670,1.3417
10.5676,1.3467
10.5681,1.3467
10.5686,1.3417
10.5692,1.3467
10.5697,1.3467
10.5703,1.3417
10.5709,1.3467
10.5714,1.3417
10.5719,1.3467
10.5725,1.3467
10.5730,1.3417
10.5736,1.3417
10.5741,1.3467
10.5746,1.3417
10.5752,1.3417
10.5757,1.3467
10.5763,1.3417
10.5768,1.3467
10.5773,1.3467
10.5779,1.3417
10.5784,1.3467
10.5789,1.3417
10.5795,1.3417
10.5800,1.3417
10.5805,1.3417
10.5811,1.3467
10.5816,1.3417
10.5822,1.3467
10.5827,1.3417
10.5832,1.3467
10.5838,1.3367
10.5843,1.3417
10.5848,1.3417
10.5854,1.3367
10.5859,1.3467
10.5864,1.3417
10.5870,1.3417
10.5875,1.3417
10.5880,1.3367
10.5886,1.3367
10.5891,1.3417
10.5897,1.3417
10.5902,1.3467
10.5907,1.3417
10.5913,1.3367
10.5918,1.3417
10.5923,1.3467
10.5929,1.3417
10.5934,1.3417
10.5939,1.3417
10.5945,1.3417
10.5950,1.3367
10.5956,1.3417
10.5961,1.3417
10.5966,1.3367
10.5972,1.3417
10.5977,1.3367
10.5982,1.3417
10.5988,1.3417
10.5993,1.3417
10.5998,1.3417
10.6004,1.3417
10.6009,1.3417
10.6014,1.3467
10.6020,1.3417
10.6025,1.3417
10.6031,1.3417
10.6036,1.3417
10.6041,1.3367
10.6047,1.3417
10.6052,1.3417
10.6057,1.3417
10.6063,1.3367
10.6068,1.3417
10.6073,1.3417
10.6079,1.3367
10.6084,1.3417
10.6089,1.3417
10.6095,1.3417
10.6100,1.3417
10.6105,1.3417
10.6111,1.3417
10.6116,1.3417
10.6122,1.3417
10.6127,1.3417
10.6133,1.3417
10.6138,1.3417
10.6143,1.3367
10.6149,1.3367
10.6154,1.3367
10.6160,1.3417
10.6165,1.3417
10.6170,1.3367
10.6176,1.3417
10.6181,1.3417
10.6187,1.3367
10.6192,1.3316
10.6197,1.3417
10.6203,1.3417
10.6208,1.3316
10.6213,1.3417
10.6219,1.3367
10.6224,1.3417
10.6230,1.3367
10.6235,1.3367
10.6240,1.3367
10.6246,1.3417
10.6251,1.3367
10.6257,1.3417
10.6262,1.3367
10.6267,1.3367
10.6273,1.3367
10.6278,1.3367
10.6284,1.3417
10.6289,1.3367
10.6294,1.3417
10.6300,1.3367
10.6305,1.3316
10.6311,1.3367
10.6316,1.3417
10.6321,1.3367
10.6327,1.3367
10.6332,1.3367
10.6337,1.3367
10.6343,1.3367
10.6348,1.3367
10.6354,1.3367
10.6359,1.3417
10.6364,1.3316
10.6370,1.3367
10.6375,1.3367
10.6381,1.3417
10.6386,1.3367
10.6391,1.3367
10.6397,1.3367
10.6402,1.3417
10.6408,1.3367
10.6413,1.3367
10.6418,1.3367
10.6424,1.3316
10.6429,1.3367
10.6434,1.3367
10.6440,1.3367
10.6445,1.3367
10.6451,1.3417
10.6456,1.3367
10.6461,1.3417
10.6467,1.3367
10.6472,1.3367
10.6478,1.3417
10.6484,1.3367
10.6490,1.3367
10.6495,1.3417
10.6500,1.3316
10.6506,1.3367
10.6511,1.3367
10.6516,1.3367
10.6522,1.3367
10.6527,1.3367
10.6533,1.3367
10.6538,1.3367
10.6543,1.3367
10.6549,1.3367
10.6554,1.3417
10.6559,1.3417
10.6564,1.3316
10.6570,1.3417
10.6575,1.3367
10.6580,1.3367
10.6586,1.3367
10.6591,1.3417
10.6596,1.3367
10.6602,1.3367
10.6607,1.3316
10.6612,1.3367
10.6618,1.3367
10.6623,1.3367
10.6628,1.3417
10.6634,1.3367
10.6639,1.3367
10.6644,1.3367
10.6650,1.3367
10.6656,1.3367
10.6661,1.3316
10.6666,1.3367
10.6672,1.3367
10.6677,1.3367
10.6682,1.3367
10.6688,1.3316
10.6693,1.3367
10.6698,1.3417
10.6704,1.3367
10.6709,1.3367
10.6714,1.3367
10.6720,1.3367
10.6725,1.3367
10.6731,1.3367
10.6736,1.3367
10.6741,1.3367
10.6747,1.3316
10.6752,1.3367
10.6757,1.3417
10.6763,1.3367
10.6768,1.3367
10.6773,1.3417
10.6779,1.3367
10.6784,1.3367
10.6789,1.3367
10.6795,1.3367
10.6800,1.3367
10.6806,1.3367
10.6811,1.3367
10.6816,1.3367
10.6822,1.3316
10.6827,1.3417
10.6832,1.3417
10.6838,1.3417
10.6843,1.3367
10.6848,1.3367
10.6854,1.3367
10.6859,1.3367
10.6864,1.3367
10.6870,1.3367
10.6875,1.3367
10.6880,1.3367
10.6886,1.3316
10.6891,1.3367
10.6896,1.3417
10.6902,1.3367
10.6907,1.3367
10.6913,1.3367
10.6918,1.3367
10.6923,1.3367
10.6929,1.3367
10.6934,1.3367
10.6939,1.3316
10.6945,1.3367
10.6950,1.3367
10.6955,1.3316
10.6961,1.3367
10.6966,1.3316
10.6971,1.3367
10.6977,1.3367
10.6982,1.3367
10.6987,1.3367
10.6993,1.3367
10.6998,1.3367
10.7003,1.3367
10.7009,1.3367
10.7014,1.3367
10.7019,1.3316
10.7025,1.3367
10.7030,1.3316
10.7035,1.3367
10.7041,1.3316
10.7046,1.3367
10.7052,1.3367
10.7057,1.3367
10.7062,1.3367
10.7068,1.3316
10.7073,1.3367
10.7078,1.3367
10.7084,1.3367
10.7089,1.3316
10.7094,1.3367
10.7100,1.3367
10.7105,1.3367
10.7110,1.3367
10.7116,1.3367
10.7121,1.3316
10.7126,1.3367
10.7132,1.3367
10.7137,1.3367
10.7142,1.3367
10.7148,1.3367
10.7153,1.3316
10.7158,1.3367
10.7164,1.3417
10.7169,1.3367
10.7174,1.3367
10.7180,1.3417
10.7185,1.3316
10.7190,1.3367
10.7196,1.3367
10.7201,1.3367
10.7206,1.3367
10.7212,1.3316
10.7217,1.3367
10.7223,1.3367
10.7228,1.3367
10.7233,1.3367
10.7239,1.3316
10.7244,1.3367
10.7249,1.3316
10.7255,1.3367
10.7260,1.3367
10.7265,1.3367
10.7271,1.3316
10.7276,1.3316
10.7281,1.3316
10.7287,1.3367
10.7292,1.3367
10.7297,1.3316
10.7303,1.3367
10.7308,1.3316
10.7313,1.3316
10.7319,1.3367
10.7324,1.3367
10.7329,1.3316
10.7335,1.3367
10.7340,1.3367
10.7345,1.3367
10.7351,1.3367
10.7356,1.3316
10.7361,1.3367
10.7367,1.3367
10.7372,1.3316
10.7378,1.3367
10.7383,1.3367
10.7388,1.3316
10.7394,1.3367
10.7399,1.3316
10.7404,1.3316
10.7410,1.3367
10.7415,1.3316
10.7420,1.3266
10.7426,1.3367
10.7431,1.3316
10.7436,1.3316
10.7442,1.3316
10.7447,1.3367
10.7452,1.3316
10.7460,1.3316
10.7465,1.3316
10.7494,1.3316
10.7501,1.3316
10.7507,1.3316
10.7513,1.3417
10.7518,1.3316
10.7524,1.3316
10.7530,1.3367
10.7536,1.3367
10.7542,1.3316
10.7547,1.3316
10.7553,1.3367
10.7559,1.3316
10.7565,1.3316
10.7570,1.3316
10.7575,1.3316
10.7581,1.3367
10.7586,1.3367
10.7592,1.3316
10.7597,1.3316
10.7602,1.3316
10.7608,1.3316
10.7613,1.3316
10.7618,1.3316
10.7624,1.3316
10.7629,1.3316
10.7635,1.3316
10.7640,1.3316
10.7645,1.3367
10.7651,1.3316
10.7656,1.3316
10.7662,1.3367
10.7667,1.3316
10.7672,1.3367
10.7678,1.3316
10.7683,1.3316
10.7688,1.3266
10.7694,1.3316
10.7700,1.3316
10.7705,1.3316
10.7711,1.3316
10.7716,1.3316
10.7721,1.3367
10.7727,1.3367
10.7732,1.3316
10.7738,1.3367
10.7743,1.3316
10.7748,1.3367
10.7754,1.3367
10.7759,1.3316
10.7765,1.3266
10.7770,1.3367
10.7775,1.3316
10.7781,1.3266
10.7786,1.3316
10.7792,1.3266
10.7797,1.3266
10.7802,1.3316
10.7808,1.3316
10.7813,1.3316
10.7818,1.3367
10.7824,1.3316
10.7829,1.3316
10.7835,1.3316
10.7840,1.3367
10.7845,1.3367
10.7851,1.3316
10.7856,1.3367
10.7861,1.3316
10.7867,1.3316
10.7872,1.3316
10.7877,1.3266
10.7883,1.3316
10.7888,1.3266
10.7894,1.3266
10.7899,1.3316
10.7905,1.3316
10.7910,1.3266
10.7915,1.3266
10.7921,1.3316
10.7926,1.3316
10.7931,1.3266
10.7937,1.3316
10.7942,1.3316
10.7947,1.3316
10.7953,1.3316
10.7958,1.3316
10.7963,1.3316
10.7969,1.3316
10.7974,1.3316
10.7980,1.3316
10.7985,1.3266
10.7990,1.3316
10.7996,1.3316
10.8001,1.3316
10.8006,1.3266
10.8012,1.3316
10.8017,1.3316
10.8022,1.3316
10.8028,1.3316
10.8033,1.3316
10.8038,1.3316
10.8044,1.3316
10.8049,1.3266
10.8055,1.3316
10.8060,1.3316
10.8065,1.3266
10.8071,1.3316
10.8076,1.3266
10.8081,1.3266
10.8087,1.3266
10.8092,1.3316
10.8097,1.3215
10.8103,1.3266
10.8108,1.3266
10.8113,1.3316
10.8119,1.3316
10.8124,1.3266
10.8130,1.3266
10.8135,1.3316
10.8140,1.3266
10.8146,1.3266
10.8151,1.3266
10.8156,1.3316
10.8162,1.3316
10.8167,1.3316
10.8172,1.3266
10.8178,1.3316
10.8183,1.3316
10.8188,1.3266
10.8194,1.3316
10.8199,1.3215
10.8205,1.3316
10.8210,1.3266
10.8215,1.3266
10.8221,1.3266
10.8226,1.3316
10.8231,1.3266
10.8237,1.3266
10.8242,1.3215
10.8248,1.3316
10.8253,1.3316
10.8258,1.3266
10.8264,1.3266
10.8269,1.3266
10.8274,1.3266
10.8280,1.3316
10.8285,1.3266
10.8290,1.3215
10.8296,1.3316
10.8301,1.3316
10.8306,1.3266
10.8312,1.3316
10.8317,1.3266
10.8323,1.3266
10.8328,1.3266
10.8333,1.3215
10.8339,1.3266
10.8344,1.3266
10.8349,1.3266
10.8355,1.3266
10.8360,1.3266
10.8366,1.3266
10.8371,1.3266
10.8376,1.3215
10.8382,1.3266
10.8387,1.3266
10.8393,1.3316
10.8398,1.3266
10.8403,1.3266
10.8409,1.3215
10.8414,1.3266
10.8420,1.3266
10.8425,1.3266
10.8430,1.3266
10.8436,1.3266
10.8441,1.3266
10.8446,1.3266
10.8452,1.3266
10.8457,1.3316
10.8463,1.3266
10.8468,1.3266
10.8473,1.3266
10.8479,1.3266
10.8484,1.3215
10.8490,1.3266
10.8496,1.3266
10.8502,1.3215
10.8507,1.3266
10.8512,1.3266
10.8518,1.3266
10.8523,1.3266
10.8528,1.3215
10.8534,1.3266
10.8539,1.3266
10.8544,1.3215
10.8550,1.3266
10.8555,1.3266
10.8561,1.3215
10.8566,1.3266
10.8571,1.3215
10.8577,1.3266
10.8582,1.3215
10.8587,1.3266
10.8593,1.3266
10.8598,1.3215
10.8603,1.3266
10.8609,1.3215
10.8614,1.3266
10.8619,1.3215
10.8625,1.3266
10.8630,1.3266
10.8635,1.3215
10.8641,1.3266
10.8646,1.3266
10.8651,1.3215
10.8657,1.3266
10.8662,1.3266
10.8667,1.3165
10.8673,1.3266
10.8678,1.3215
10.8683,1.3266
10.8689,1.3266
10.8694,1.3215
10.8699,1.3266
10.8705,1.3266
10.8710,1.3266
10.8715,1.3266
10.8721,1.3215
10.8726,1.3266
10.8731,1.3215
10.8737,1.3215
10.8742,1.3266
10.8747,1.3266
10.8753,1.3215
10.8758,1.3215
10.8763,1.3266
10.8769,1.3215
10.8774,1.3266
10.8779,1.3266
10.8785,1.3215
10.8790,1.3215
10.8795,1.3266
10.8801,1.3266
10.8806,1.3215
10.8811,1.3215
10.8817,1.3266
10.8822,1.3266
10.8828,1.3215
10.8833,1.3215
10.8838,1.3215
10.8844,1.3266
10.8849,1.3266
10.8854,1.3215
10.8860,1.3266
10.8865,1.3165
10.8870,1.3215
10.8876,1.3215
10.8881,1.3215
10.8887,1.3266
10.8892,1.3266
10.8897,1.3266
10.8903,1.3266
10.8908,1.3215
10.8913,1.3215
10.8919,1.3266
10.8924,1.3266
10.8929,1.3215
10.8935,1.3266
10.8940,1.3215
10.8945,1.3215
10.8951,1.3266
10.8956,1.3266
10.8961,1.3215
10.8967,1.3215
10.8972,1.3215
10.8977,1.3215
10.8983,1.3215
10.8988,1.3266
10.8993,1.3266
10.8999,1.3266
10.9004,1.3266
10.9009,1.3215
10.9015,1.3215
10.9020,1.3215
10.9025,1.3165
10.9031,1.3215
10.9036,1.3215
10.9042,1.3215
10.9047,1.3215
10.9052,1.3266
10.9058,1.3215
10.9063,1.3266
10.9068,1.3215
10.9074,1.3215
10.9079,1.3266
10.9084,1.3215
10.9090,1.3215
10.9095,1.3215
10.9100,1.3215
10.9106,1.3266
10.9111,1.3165
10.9116,1.3215
10.9122,1.3215
10.9127,1.3266
10.9132,1.3266
10.9138,1.3266
10.9143,1.3215
10.9148,1.3215
10.9154,1.3215
10.9159,1.3215
10.9164,1.3215
10.9170,1.3165
10.9175,1.3215
10.9181,1.3266
10.9186,1.3215
10.9191,1.3165
10.9197,1.3215
10.9202,1.3215
10.9207,1.3215
10.9213,1.3215
10.9218,1.3215
10.9223,1.3215
10.9229,1.3266
10.9234,1.3266
10.9239,1.3266
10.9245,1.3215
10.9250,1.3215
10.9255,1.3165
10.9261,1.3266
10.9266,1.3215
10.9271,1.3215
10.9277,1.3215
10.9282,1.3266
10.9287,1.3266
10.9293,1.3266
10.9298,1.3266
10.9303,1.3266
10.9309,1.3266
10.9314,1.3266
10.9319,1.3266
10.9325,1.3266
10.9330,1.3266
10.9336,1.3266
10.9341,1.3316
10.9346,1.3316
10.9352,1.3266
10.9357,1.3266
10.9362,1.3316
10.9368,1.3266
10.9373,1.3316
10.9378,1.3266
10.9384,1.3316
10.9389,1.3316
10.9394,1.3316
10.9400,1.3316
10.9405,1.3316
10.9410,1.3316
10.9416,1.3316
10.9421,1.3316
10.9426,1.3316
10.9432,1.3316
10.9437,1.3316
10.9442,1.3367
10.9448,1.3367
10.9453,1.3316
10.9458,1.3367
10.9464,1.3316
10.9469,1.3316
10.9475,1.3316
10.9480,1.3367
10.9485,1.3367
10.9491,1.3316
10.9496,1.3417
10.9502,1.3367
10.9507,1.3367
10.9513,1.3417
10.9518,1.3367
10.9524,1.3367
10.9529,1.3417
10.9534,1.3367
10.9540,1.3367
10.9545,1.3367
10.9550,1.3417
10.9556,1.3417
10.9561,1.3417
10.9567,1.3467
10.9572,1.3417
10.9578,1.3367
10.9583,1.3367
10.9588,1.3467
10.9594,1.3417
10.9599,1.3417
10.9605,1.3467
10.9610,1.3417
10.9615,1.3467
10.9621,1.3417
10.9626,1.3417
10.9631,1.3467
10.9637,1.3467
10.9642,1.3467
10.9648,1.3417
10.9653,1.3417
10.9658,1.3467
10.9664,1.3467
10.9669,1.3467
10.9674,1.3467
10.9680,1.3467
10.9685,1.3467
10.9691,1.3467
10.9696,1.3467
10.9701,1.3467
10.9707,1.3467
10.9712,1.3467
10.9718,1.3467
10.9723,1.3518
10.9728,1.3467
10.9734,1.3518
10.9739,1.3467
10.9745,1.3518
10.9750,1.3467
10.9755,1.3518
10.9761,1.3518
10.9766,1.3518
10.9771,1.3467
10.9777,1.3518
10.9782,1.3518
10.9788,1.3518
10.9793,1.3518
10.9799,1.3518
10.9804,1.3518
10.9809,1.3518
10.9815,1.3518
10.9820,1.3518
10.9825,1.3518
10.9831,1.3467
10.9836,1.3518
10.9841,1.3518
10.9847,1.3518
10.9852,1.3518
10.9857,1.3518
10.9863,1.3467
10.9868,1.3518
10.9874,1.3518
10.9879,1.3518
10.9884,1.3518
10.9890,1.3518
10.9895,1.3518
10.9900,1.3518
10.9906,1.3568
10.9911,1.3568
10.9916,1.3568
10.9922,1.3518
10.9927,1.3518
10.9932,1.3518
10.9938,1.3568
10.9943,1.3518
10.9949,1.3568
10.9954,1.3518
10.9959,1.3518
10.9965,1.3568
10.9970,1.3568
10.9975,1.3568
10.9981,1.3568
10.9986,1.3568
10.9991,1.3518
10.9997,1.3619
11.0002,1.3568
11.0007,1.3568
11.0013,1.3568
11.0018,1.3568
11.0024,1.3568
11.0029,1.3568
11.0034,1.3568
11.0040,1.3568
11.0045,1.3568
11.0050,1.3568
11.0056,1.3568
11.0061,1.3619
11.0066,1.3568
11.0072,1.3518
11.0077,1.3518
11.0082,1.3619
11.0088,1.3568
11.0093,1.3568
11.0099,1.3619
11.0104,1.3568
11.0109,1.3518
11.0115,1.3568
11.0120,1.3568
11.0125,1.3568
11.0131,1.3619
11.0136,1.3568
11.0141,1.3619
11.0147,1.3619
11.0152,1.3568
11.0158,1.3619
11.0163,1.3568
11.0168,1.3619
11.0174,1.3619
11.0179,1.3619
11.0184,1.3619
11.0190,1.3619
11.0195,1.3568
11.0201,1.3619
11.0206,1.3619
11.0211,1.3619
11.0217,1.3568
11.0222,1.3568
11.0228,1.3619
11.0233,1.3568
11.0238,1.3568
11.0244,1.3568
11.0249,1.3619
11.0255,1.3619
11.0260,1.3619
11.0265,1.3568
11.0271,1.3619
11.0276,1.3568
11.0282,1.3568
11.0287,1.3619
11.0292,1.3619
11.0298,1.3568
11.0303,1.3568
11.0309,1.3568
11.0314,1.3568
11.0319,1.3619
11.0325,1.3568
11.0330,1.3619
11.0336,1.3568
11.0341,1.3619
11.0346,1.3619
11.0352,1.3568
11.0358,1.3619
11.0364,1.3568
11.0370,1.3568
11.0376,1.3619
11.0381,1.3568
11.0387,1.3619
11.0393,1.3568
11.0398,1.3568
11.0404,1.3619
11.0409,1.3619
11.0415,1.3619
11.0420,1.3619
11.0426,1.3619
11.0431,1.3619
11.0437,1.3568
11.0442,1.3619
11.0448,1.3619
11.0453,1.3568
11.0458,1.3619
11.0464,1.3568
11.0469,1.3619
11.0475,1.3568
11.0480,1.3568
11.0485,1.3619
11.0491,1.3568
11.0496,1.3619
11.0502,1.3619
11.0508,1.3568
11.0513,1.3518
11.0519,1.3619
11.0526,1.3619
11.0531,1.3619
11.0537,1.3568
11.0542,1.3568
11.0548,1.3619
11.0554,1.3568
11.0559,1.3518
11.0564,1.3619
11.0570,1.3619
11.0575,1.3518
11.0581,1.3619
11.0587,1.3619
11.0592,1.3619
11.0597,1.3518
11.0603,1.3568
11.0608,1.3619
11.0614,1.3619
11.0619,1.3619
11.0624,1.3619
11.0630,1.3568
11.0635,1.3568
11.0640,1.3619
11.0646,1.3568
11.0651,1.3568
11.0656,1.3568
11.0662,1.3568
11.0667,1.3619
11.0672,1.3619
11.0678,1.3619
11.0683,1.3619
11.0688,1.3518
11.0694,1.3568
11.0701,1.3568
11.0706,1.3619
11.0712,1.3619
11.0717,1.3568
11.0722,1.3568
11.0728,1.3568
11.0733,1.3568
11.0739,1.3619
11.0744,1.3568
11.0750,1.3568
11.0755,1.3568
11.0761,1.3568
11.0766,1.3568
11.0771,1.3568
11.0777,1.3568
11.0782,1.3568
11.0787,1.3568
11.0793,1.3568
11.0798,1.3568
11.0804,1.3619
11.0809,1.3568
11.0815,1.3568
11.0820,1.3568
11.0825,1.3619
11.0831,1.3568
11.0836,1.3619
11.0842,1.3518
11.0847,1.3619
11.0852,1.3518
11.0858,1.3568
11.0863,1.3568
11.0868,1.3619
11.0874,1.3568
11.0879,1.3568
11.0884,1.3619
11.0889,1.3568
11.0895,1.3619
11.0900,1.3619
11.0905,1.3568
11.0911,1.3568
11.0916,1.3568
11.0921,1.3568
11.0927,1.3568
11.0932,1.3568
11.0937,1.3568
11.0943,1.3568
11.0948,1.3568
11.0953,1.3619
11.0959,1.3568
11.0964,1.3518
11.0969,1.3568
11.0975,1.3568
11.0980,1.3619
11.0985,1.3568
11.0990,1.3568
11.0996,1.3568
11.1001,1.3568
11.1006,1.3568
11.1012,1.3619
11.1017,1.3568
11.1022,1.3568
11.1028,1.3568
11.1033,1.3518
11.1038,1.3518
11.1043,1.3568
11.1049,1.3619
11.1054,1.3568
11.1059,1.3568
11.1065,1.3518
11.1070,1.3518
11.1075,1.3568
11.1081,1.3568
11.1086,1.3518
11.1091,1.3619
11.1096,1.3518
11.1102,1.3568
11.1107,1.3568
11.1112,1.3467
11.1118,1.3568
11.1123,1.3568
11.1128,1.3568
11.1134,1.3568
11.1139,1.3568
11.1144,1.3518
11.1149,1.3518
11.1155,1.3518
11.1160,1.3568
11.1165,1.3568
11.1171,1.3568
11.1176,1.3568
11.1181,1.3568
11.1186,1.3568
11.1192,1.3568
11.1197,1.3568
11.1202,1.3518
11.1208,1.3518
11.1213,1.3518
11.1218,1.3568
11.1224,1.3568
11.1229,1.3568
11.1234,1.3518
11.1240,1.3518
11.1245,1.3518
11.1250,1.3518
11.1255,1.3518
11.1261,1.3518
11.1266,1.3518
11.1271,1.3518
11.1277,1.3568
11.1282,1.3518
11.1287,1.3568
11.1293,1.3518
11.1298,1.3518
11.1303,1.3467
11.1309,1.3518
11.1314,1.3467
11.1319,1.3568
11.1325,1.3518
11.1330,1.3518
11.1336,1.3568
11.1341,1.3467
11.1346,1.3518
11.1351,1.3518
11.1357,1.3518
11.1362,1.3518
11.1367,1.3518
11.1373,1.3467
11.1378,1.3518
11.1383,1.3518
11.1389,1.3467
11.1394,1.3467
11.1399,1.3518
11.1405,1.3518
11.1410,1.3518
11.1415,1.3518
11.1421,1.3467
11.1426,1.3518
11.1431,1.3518
11.1437,1.3467
11.1442,1.3467
11.1447,1.3518
11.1453,1.3518
11.1458,1.3467
11.1463,1.3417
11.1469,1.3518
11.1474,1.3467
11.1479,1.3518
11.1485,1.3467
11.1490,1.3518
11.1495,1.3417
11.1500,1.3467
11.1506,1.3518
11.1512,1.3518
11.1517,1.3518
11.1523,1.3518
11.1528,1.3467
11.1534,1.3518
11.1539,1.3467
11.1544,1.3467
11.1550,1.3467
11.1555,1.3417
11.1560,1.3467
11.1566,1.3467
11.1571,1.3467
11.1576,1.3417
11.1582,1.3467
11.1587,1.3467
11.1592,1.3467
11.1598,1.3467
11.1603,1.3518
11.1609,1.3467
11.1614,1.3417
11.1619,1.3467
11.1625,1.3467
11.1630,1.3467
11.1636,1.3467
11.1641,1.3518
11.1646,1.3467
11.1652,1.3417
11.1657,1.3467
11.1662,1.3467
11.1668,1.3467
11.1673,1.3467
11.1678,1.3467
11.1684,1.3417
11.1689,1.3467
11.1694,1.3467
11.1700,1.3467
11.1705,1.3467
11.1710,1.3417
11.1716,1.3518
11.1721,1.3467
11.1727,1.3417
11.1732,1.3417
11.1737,1.3417
11.1743,1.3467
11.1748,1.3467
11.1753,1.3467
11.1759,1.3467
11.1764,1.3467
11.1769,1.3467
11.1775,1.3467
11.1780,1.3467
11.1786,1.3467
11.1791,1.3417
11.1796,1.3467
11.1802,1.3417
11.1807,1.3467
11.1812,1.3417
11.1818,1.3467
11.1823,1.3467
11.1828,1.3417
11.1834,1.3417
11.1839,1.3467
11.1845,1.3467
11.1850,1.3467
11.1855,1.3417
11.1861,1.3467
11.1866,1.3367
11.1871,1.3467
11.1877,1.3417
11.1882,1.3467
11.1887,1.3467
11.1893,1.3417
11.1898,1.3417
11.1904,1.3467
11.1909,1.3417
11.1914,1.3417
11.1920,1.3417
11.1925,1.3467
11.1930,1.3417
11.1936,1.3367
11.1941,1.3417
11.1946,1.3367
11.1952,1.3417
11.1957,1.3417
11.1962,1.3417
11.1968,1.3417
11.1973,1.3417
11.1978,1.3417
11.1984,1.3467
11.1989,1.3417
11.1994,1.3367
11.2000,1.3417
11.2005,1.3417
11.2010,1.3367
11.2016,1.3417
11.2021,1.3417
11.2026,1.3467
11.2032,1.3417
11.2037,1.3417
11.2042,1.3467
11.2048,1.3467
11.2053,1.3417
11.2059,1.3467
11.2064,1.3417
11.2069,1.3417
11.2075,1.3417
11.2080,1.3417
11.2085,1.3467
11.2091,1.3417
11.2096,1.3467
11.2101,1.3417
11.2107,1.3417
11.2112,1.3467
11.2117,1.3417
11.2123,1.3417
11.2128,1.3417
11.2134,1.3367
11.2139,1.3417
11.2144,1.3417
11.2150,1.3417
11.2155,1.3417
11.2160,1.3417
11.2166,1.3417
11.2171,1.3417
11.2176,1.3417
11.2182,1.3417
11.2187,1.3417
11.2192,1.3367
11.2198,1.3467
11.2203,1.3367
11.2208,1.3367
11.2214,1.3417
11.2219,1.3417
11.2225,1.3417
11.2230,1.3417
11.2235,1.3417
11.2241,1.3367
11.2246,1.3417
11.2252,1.3417
11.2257,1.3417
11.2262,1.3417
11.2268,1.3417
11.2273,1.3367
11.2278,1.3417
11.2284,1.3367
11.2289,1.3417
11.2295,1.3417
11.2300,1.3417
11.2305,1.3417
11.2311,1.3367
11.2316,1.3417
11.2321,1.3417
11.2327,1.3417
11.2332,1.3367
11.2338,1.3417
11.2343,1.3367
11.2349,1.3417
11.2354,1.3417
11.2359,1.3417
11.2365,1.3417
11.2370,1.3417
11.2376,1.3417
11.2381,1.3417
11.2386,1.3417
11.2392,1.3417
11.2397,1.3417
11.2402,1.3367
11.2408,1.3417
11.2413,1.3367
11.2418,1.3367
11.2424,1.3417
11.2429,1.3417
11.2435,1.3417
11.2440,1.3367
11.2445,1.3417
11.2451,1.3367
11.2456,1.3367
11.2461,1.3417
11.2467,1.3417
11.2472,1.3417
11.2477,1.3367
11.2483,1.3417
11.2488,1.3417
11.2494,1.3367
11.2499,1.3417
11.2504,1.3417
11.2510,1.3417
11.2515,1.3417
11.2521,1.3417
11.2527,1.3417
11.2532,1.3367
11.2538,1.3417
11.2543,1.3417
11.2548,1.3417
11.2554,1.3367
11.2559,1.3367
11.2564,1.3367
11.2569,1.3417
11.2575,1.3417
11.2580,1.3417
11.2585,1.3417
11.2591,1.3417
11.2596,1.3417
11.2601,1.3417
11.2607,1.3417
11.2612,1.3417
11.2617,1.3367
11.2623,1.3417
11.2628,1.3417
11.2633,1.3417
11.2639,1.3417
11.2644,1.3417
11.2649,1.3417
11.2655,1.3417
11.2660,1.3417
11.2665,1.3417
11.2671,1.3367
11.2676,1.3367
11.2681,1.3417
11.2687,1.3367
11.2692,1.3367
11.2697,1.3417
11.2703,1.3417
11.2708,1.3367
11.2713,1.3367
11.2719,1.3316
11.2724,1.3417
11.2729,1.3367
11.2735,1.3417
11.2740,1.3367
11.2745,1.3367
11.2751,1.3417
11.2756,1.3367
11.2761,1.3367
11.2767,1.3316
11.2772,1.3367
11.2777,1.3367
11.2783,1.3417
11.2788,1.3417
11.2793,1.3367
11.2799,1.3316
11.2804,1.3367
11.2809,1.3467
11.2814,1.3417
11.2820,1.3367
11.2825,1.3417
11.2830,1.3417
11.2836,1.3367
11.2841,1.3367
11.2846,1.3417
11.2852,1.3417
11.2857,1.3367
11.2862,1.3417
11.2868,1.3316
11.2873,1.3367
11.2878,1.3316
11.2884,1.3367
11.2889,1.3367
11.2894,1.3367
11.2900,1.3417
11.2905,1.3417
11.2910,1.3417
11.2916,1.3367
11.2921,1.3367
11.2926,1.3417
11.2932,1.3367
11.2937,1.3316
11.2942,1.3367
11.2948,1.3367
11.2953,1.3367
11.2958,1.3417
11.2964,1.3367
11.2969,1.3367
11.2974,1.3367
11.2980,1.3367
11.2985,1.3417
11.2990,1.3367
11.2996,1.3367
11.3001,1.3417
11.3006,1.3316
11.3012,1.3417
11.3017,1.3367
11.3022,1.3367
11.3028,1.3367
11.3033,1.3367
11.3038,1.3367
11.3044,1.3417
11.3049,1.3316
11.3054,1.3367
11.3060,1.3316
11.3065,1.3417
11.3070,1.3367
11.3076,1.3367
11.3081,1.3367
11.3086,1.3367
11.3092,1.3316
11.3097,1.3367
11.3102,1.3417
11.3108,1.3367
11.3113,1.3367
11.3118,1.3417
11.3124,1.3316
11.3129,1.3367
11.3134,1.3367
11.3140,1.3367
11.3145,1.3367
11.3150,1.3367
11.3156,1.3367
11.3161,1.3367
11.3166,1.3367
11.3172,1.3367
11.3177,1.3417
11.3182,1.3367
11.3188,1.3367
11.3193,1.3316
11.3198,1.3367
11.3203,1.3316
11.3209,1.3367
11.3214,1.3417
11.3219,1.3367
11.3225,1.3417
11.3230,1.3316
11.3235,1.3316
11.3241,1.3367
11.3246,1.3417
11.3251,1.3367
11.3257,1.3367
11.3262,1.3367
11.3267,1.3367
11.3273,1.3367
11.3278,1.3367
11.3283,1.3367
11.3289,1.3316
11.3294,1.3367
11.3299,1.3367
11.3305,1.3367
11.3310,1.3367
11.3315,1.3367
11.3321,1.3367
11.3326,1.3367
11.3331,1.3316
11.3337,1.3367
11.3342,1.3316
11.3347,1.3316
11.3353,1.3417
11.3358,1.3367
11.3363,1.3316
11.3369,1.3316
11.3374,1.3367
11.3379,1.3417
11.3385,1.3316
11.3390,1.3316
11.3395,1.3316
11.3401,1.3316
11.3406,1.3316
11.3411,1.3367
11.3417,1.3367
11.3422,1.3316
11.3427,1.3367
11.3433,1.3316
11.3438,1.3367
11.3443,1.3367
11.3448,1.3316
11.3454,1.3316
11.3459,1.3316
11.3465,1.3367
11.3470,1.3367
11.3476,1.3367
11.3482,1.3367
11.3487,1.3367
11.3493,1.3367
11.3498,1.3367
11.3504,1.3367
11.3509,1.3367
11.3515,1.3316
11.3520,1.3367
11.3527,1.3316
11.3533,1.3367
11.3538,1.3367
11.3544,1.3367
11.3550,1.3316
11.3555,1.3316
11.3560,1.3316
11.3566,1.3316
11.3572,1.3367
11.3577,1.3316
11.3582,1.3367
11.3588,1.3367
11.3593,1.3316
11.3598,1.3316
11.3604,1.3367
11.3609,1.3316
11.3615,1.3367
11.3620,1.3367
11.3625,1.3316
11.3631,1.3316
11.3636,1.3316
11.3641,1.3316
11.3647,1.3316
11.3652,1.3316
11.3658,1.3316
11.3663,1.3367
11.3669,1.3266
11.3674,1.3367
11.3679,1.3367
11.3685,1.3316
11.3690,1.3316
11.3695,1.3316
11.3701,1.3316
11.3707,1.3367
11.3712,1.3367
11.3718,1.3316
11.3723,1.3316
11.3728,1.3316
11.3734,1.3316
11.3739,1.3367
11.3744,1.3316
11.3750,1.3367
11.3755,1.3316
11.3760,1.3316
11.3766,1.3316
11.3771,1.3316
11.3777,1.3316
11.3782,1.3367
11.3787,1.3316
11.3793,1.3266
11.3798,1.3316
11.3803,1.3316
11.3809,1.3316
11.3814,1.3367
11.3819,1.3316
11.3825,1.3367
11.3830,1.3316
11.3836,1.3316
11.3841,1.3367
11.3846,1.3316
11.3852,1.3316
11.3857,1.3316
11.3863,1.3367
11.3868,1.3316
11.3873,1.3316
11.3879,1.3316
11.3884,1.3266
11.3889,1.3316
11.3895,1.3316
11.3900,1.3316
11.3905,1.3367
11.3911,1.3316
11.3916,1.3316
11.3921,1.3266
11.3927,1.3316
11.3932,1.3316
11.3938,1.3367
11.3943,1.3266
11.3948,1.3266
11.3954,1.3316
11.3959,1.3316
11.3964,1.3316
11.3970,1.3316
11.3975,1.3367
11.3981,1.3316
11.3986,1.3316
11.3991,1.3367
11.3997,1.3266
11.4002,1.3316
11.4008,1.3266
11.4013,1.3316
11.4018,1.3316
11.4024,1.3316
11.4029,1.3316
11.4034,1.3316
11.4040,1.3316
11.4045,1.3316
11.4051,1.3316
11.4056,1.3316
11.4061,1.3367
11.4067,1.3266
11.4072,1.3266
11.4078,1.3316
11.4083,1.3316
11.4088,1.3266
11.4094,1.3316
11.4099,1.3316
11.4104,1.3316
11.4110,1.3266
11.4115,1.3266
11.4121,1.3316
11.4126,1.3266
11.4131,1.3316
11.4137,1.3316
11.4142,1.3266
11.4147,1.3316
11.4153,1.3266
11.4158,1.3316
11.4164,1.3316
11.4169,1.3316
11.4174,1.3316
11.4180,1.3266
11.4185,1.3266
11.4191,1.3316
11.4196,1.3316
11.4201,1.3316
11.4207,1.3316
11.4212,1.3316
11.4217,1.3266
11.4223,1.3266
11.4228,1.3266
11.4234,1.3266
11.4239,1.3266
11.4244,1.3316
11.4250,1.3266
11.4255,1.3266
11.4260,1.3316
11.4266,1.3316
11.4271,1.3266
11.4277,1.3316
11.4282,1.3316
11.4287,1.3266
11.4293,1.3367
11.4298,1.3316
11.4303,1.3266
11.4309,1.3215
11.4314,1.3316
11.4320,1.3266
11.4325,1.3266
11.4330,1.3266
11.4336,1.3266
11.4341,1.3266
11.4347,1.3266
11.4352,1.3316
11.4358,1.3316
11.4363,1.3316
11.4369,1.3316
11.4374,1.3316
11.4379,1.3266
11.4385,1.3316
11.4390,1.3266
11.4396,1.3266
11.4401,1.3266
11.4406,1.3266
11.4412,1.3266
11.4417,1.3266
11.4423,1.3316
11.4428,1.3266
11.4433,1.3215
11.4439,1.3266
11.4444,1.3316
11.4450,1.3266
11.4455,1.3266
11.4460,1.3215
11.4466,1.3266
11.4471,1.3266
11.4477,1.3215
11.4482,1.3266
11.4487,1.3266
11.4493,1.3266
11.4498,1.3266
11.4503,1.3266
11.4509,1.3316
11.4514,1.3266
11.4520,1.3266
11.4525,1.3215
11.4531,1.3266
11.4536,1.3266
11.4541,1.3266
11.4547,1.3266
11.4552,1.3316
11.4558,1.3266
11.4563,1.3215
11.4568,1.3266
11.4574,1.3266
11.4579,1.3215
11.4584,1.3266
11.4590,1.3266
11.4595,1.3266
11.4600,1.3266
11.4606,1.3316
11.4611,1.3266
11.4616,1.3266
11.4622,1.3266
11.4627,1.3266
11.4633,1.3215
11.4638,1.3215
11.4643,1.3215
11.4649,1.3215
11.4654,1.3215
11.4660,1.3266
11.4665,1.3266
11.4670,1.3266
11.4676,1.3215
11.4681,1.3215
11.4686,1.3266
11.4692,1.3266
11.4697,1.3266
11.4703,1.3266
11.4708,1.3215
11.4713,1.3266
11.4719,1.3266
11.4724,1.3266
11.4730,1.3266
11.4735,1.3215
11.4740,1.3266
11.4746,1.3266
11.4751,1.3266
11.4757,1.3215
11.4762,1.3266
11.4767,1.3215
11.4773,1.3266
11.4778,1.3215
11.4784,1.3215
11.4789,1.3266
11.4794,1.3266
11.4800,1.3215
11.4805,1.3215
11.4811,1.3266
11.4816,1.3266
11.4821,1.3266
11.4827,1.3215
11.4832,1.3266
11.4838,1.3266
11.4843,1.3316
11.4848,1.3266
11.4854,1.3266
11.4859,1.3215
11.4865,1.3266
11.4870,1.3215
11.4875,1.3266
11.4881,1.3215
11.4886,1.3266
11.4892,1.3215
11.4897,1.3215
11.4902,1.3266
11.4908,1.3266
11.4913,1.3215
11.4919,1.3215
11.4924,1.3215
11.4934,1.3266
11.4939,1.3215
11.4945,1.3215
11.4950,1.3266
11.4955,1.3266
11.4961,1.3215
11.4966,1.3266
11.4971,1.3165
11.4977,1.3266
11.4982,1.3215
11.4987,1.3165
11.4993,1.3266
11.4998,1.3215
11.5004,1.3215
11.5009,1.3215
11.5014,1.3215
11.5020,1.3215
11.5025,1.3215
11.5031,1.3215
11.5036,1.3215
11.5041,1.3266
11.5047,1.3266
11.5052,1.3266
11.5058,1.3215
11.5063,1.3215
11.5068,1.3215
11.5074,1.3215
11.5079,1.3215
11.5084,1.3215
11.5090,1.3215
11.5095,1.3266
11.5100,1.3266
11.5106,1.3266
11.5111,1.3215
11.5116,1.3266
11.5122,1.3215
11.5127,1.3215
11.5133,1.3266
11.5138,1.3215
11.5143,1.3165
11.5149,1.3215
11.5154,1.3215
11.5159,1.3266
11.5165,1.3266
11.5170,1.3215
11.5176,1.3165
11.5181,1.3215
11.5186,1.3266
11.5192,1.3215
11.5197,1.3215
11.5202,1.3215
11.5208,1.3215
11.5213,1.3215
11.5218,1.3266
11.5224,1.3215
11.5229,1.3215
11.5235,1.3215
11.5240,1.3215
11.5245,1.3266
11.5251,1.3165
11.5256,1.3215
11.5262,1.3266
11.5267,1.3266
11.5272,1.3215
11.5278,1.3266
11.5283,1.3266
11.5288,1.3266
11.5294,1.3215
11.5299,1.3266
11.5305,1.3215
11.5310,1.3215
11.5315,1.3215
11.5321,1.3215
11.5326,1.3266
11.5332,1.3266
11.5337,1.3266
11.5342,1.3266
11.5348,1.3215
11.5355,1.3266
11.5361,1.3266
11.5367,1.3266
11.5375,1.3316
11.5381,1.3266
11.5387,1.3266
11.5392,1.3266
11.5398,1.3215
11.5403,1.3266
11.5409,1.3266
11.5414,1.3316
11.5420,1.3266
11.5425,1.3266
11.5431,1.3316
11.5436,1.3316
11.5442,1.3266
11.5447,1.3316
11.5452,1.3266
11.5458,1.3316
11.5463,1.3316
11.5469,1.3316
11.5474,1.3316
11.5479,1.3266
11.5485,1.3316
11.5490,1.3316
11.5505,1.3367
11.5524,1.3316
11.5530,1.3367
11.5536,1.3367
11.5542,1.3367
11.5548,1.3367
11.5553,1.3367
11.5559,1.3367
11.5565,1.3367
11.5570,1.3367
11.5575,1.3367
11.5581,1.3316
11.5586,1.3367
11.5591,1.3367
11.5597,1.3316
11.5602,1.3367
11.5608,1.3417
11.5613,1.3367
11.5618,1.3367
11.5624,1.3367
11.5629,1.3417
11.5634,1.3417
11.5640,1.3367
11.5645,1.3417
11.5650,1.3367
11.5656,1.3367
11.5661,1.3417
11.5666,1.3417
11.5672,1.3417
11.5677,1.3367
11.5683,1.3417
11.5688,1.3467
11.5693,1.3467
11.5700,1.3467
11.5706,1.3417
11.5712,1.3467
11.5717,1.3467
11.5722,1.3467
11.5728,1.3467
11.5733,1.3417
11.5738,1.3518
11.5744,1.3467
11.5749,1.3467
11.5755,1.3467
11.5760,1.3467
11.5766,1.3518
11.5771,1.3467
11.5776,1.3467
11.5782,1.3467
11.5787,1.3467
11.5792,1.3518
11.5798,1.3467
11.5803,1.3467
11.5808,1.3518
11.5814,1.3467
11.5819,1.3467
11.5824,1.3518
11.5830,1.3518
11.5835,1.3467
11.5841,1.3518
11.5846,1.3518
11.5851,1.3518
11.5857,1.3518
11.5862,1.3518
11.5867,1.3518
11.5873,1.3568
11.5878,1.3518
11.5883,1.3568
11.5889,1.3518
11.5894,1.3518
11.5900,1.3518
11.5905,1.3518
11.5910,1.3568
11.5916,1.3568
11.5921,1.3518
11.5926,1.3518
11.5932,1.3518
11.5937,1.3518
11.5942,1.3568
11.5948,1.3568
11.5953,1.3518
11.5959,1.3518
11.5964,1.3518
11.5969,1.3518
11.5975,1.3568
11.5980,1.3568
11.5986,1.3568
11.5991,1.3568
11.5996,1.3518
11.6002,1.3518
11.6007,1.3568
11.6013,1.3568
11.6018,1.3568
11.6023,1.3568
11.6029,1.3568
11.6034,1.3568
11.6040,1.3568
11.6045,1.3518
11.6050,1.3568
11.6056,1.3568
11.6061,1.3568
11.6066,1.3568
11.6072,1.3568
11.6077,1.3568
11.6083,1.3568
11.6088,1.3619
11.6093,1.3518
11.6099,1.3568
11.6104,1.3619
11.6110,1.3518
11.6115,1.3568
11.6120,1.3568
11.6126,1.3619
11.6131,1.3568
11.6137,1.3568
11.6142,1.3619
11.6147,1.3568
11.6153,1.3619
11.6158,1.3568
11.6163,1.3619
11.6169,1.3568
11.6174,1.3568
11.6180,1.3518
11.6185,1.3619
11.6190,1.3619
11.6196,1.3568
11.6201,1.3568
11.6207,1.3518
11.6212,1.3568
11.6217,1.3619
11.6223,1.3568
11.6228,1.3619
11.6234,1.3619
11.6239,1.3518
11.6244,1.3568
11.6250,1.3619
11.6255,1.3568
11.6261,1.3568
11.6266,1.3619
11.6271,1.3619
11.6277,1.3619
11.6282,1.3619
11.6287,1.3568
11.6293,1.3568
11.6298,1.3518
11.6304,1.3619
11.6309,1.3568
11.6314,1.3619
11.6320,1.3568
11.6325,1.3619
11.6331,1.3619
11.6336,1.3568
11.6341,1.3619
11.6347,1.3568
11.6352,1.3619
11.6358,1.3619
11.6363,1.3568
11.6368,1.3619
11.6374,1.3568
11.6379,1.3619
11.6384,1.3619
11.6390,1.3568
11.6395,1.3568
11.6401,1.3518
11.6406,1.3568
11.6411,1.3619
11.6417,1.3619
11.6422,1.3619
11.6428,1.3619
11.6433,1.3619
11.6439,1.3619
11.6444,1.3568
11.6449,1.3619
11.6455,1.3619
11.6460,1.3619
11.6466,1.3619
11.6471,1.3619
11.6476,1.3568
11.6482,1.3619
11.6487,1.3619
11.6493,1.3619
11.6498,1.3619
11.6503,1.3619
11.6509,1.3568
11.6514,1.3568
11.6520,1.3619
11.6525,1.3619
11.6531,1.3568
11.6536,1.3669
11.6541,1.3619
11.6547,1.3568
11.6552,1.3619
11.6557,1.3619
11.6563,1.3669
11.6568,1.3619
11.6573,1.3619
11.6579,1.3568
11.6584,1.3568
11.6590,1.3619
11.6595,1.3619
11.6600,1.3619
11.6606,1.3568
11.6611,1.3619
11.6616,1.3568
11.6622,1.3619
11.6627,1.3619
11.6633,1.3568
11.6638,1.3619
11.6643,1.3518
11.6649,1.3568
11.6654,1.3619
11.6659,1.3619
11.6665,1.3619
11.6670,1.3619
11.6676,1.3568
11.6681,1.3619
11.6686,1.3619
11.6692,1.3619
11.6697,1.3568
11.6703,1.3619
11.6708,1.3568
11.6713,1.3619
11.6719,1.3619
11.6724,1.3619
11.6729,1.3568
11.6735,1.3568
11.6740,1.3619
11.6746,1.3568
11.6751,1.3619
11.6757,1.3619
11.6762,1.3619
11.6767,1.3619
11.6773,1.3619
11.6778,1.3568
11.6783,1.3619
11.6789,1.3568
11.6794,1.3619
11.6800,1.3568
11.6805,1.3568
11.6810,1.3619
11.6816,1.3568
11.6821,1.3619
11.6827,1.3568
11.6832,1.3619
11.6837,1.3619
11.6843,1.3619
11.6848,1.3619
11.6854,1.3619
11.6859,1.3568
11.6864,1.3568
11.6870,1.3568
11.6875,1.3619
11.6880,1.3619
11.6886,1.3568
11.6891,1.3619
11.6897,1.3568
11.6902,1.3568
11.6907,1.3619
11.6913,1.3619
11.6918,1.3568
11.6924,1.3568
11.6929,1.3619
11.6934,1.3568
11.6940,1.3568
11.6945,1.3568
11.6950,1.3568
11.6956,1.3568
11.6961,1.3619
11.6967,1.3568
11.6972,1.3619
11.6977,1.3619
11.6983,1.3568
11.6988,1.3619
11.6993,1.3568
11.6999,1.3619
11.7004,1.3619
11.7010,1.3619
11.7015,1.3619
11.7020,1.3568
11.7026,1.3568
11.7031,1.3619
11.7037,1.3568
11.7042,1.3619
11.7047,1.3568
11.7053,1.3619
11.7058,1.3619
11.7063,1.3568
11.7069,1.3619
11.7074,1.3568
11.7080,1.3568
11.7085,1.3619
11.7090,1.3568
11.7096,1.3568
11.7101,1.3619
11.7107,1.3568
11.7112,1.3619
11.7118,1.3568
11.7123,1.3568
11.7128,1.3568
11.7134,1.3568
11.7139,1.3568
11.7144,1.3568
11.7150,1.3568
11.7155,1.3568
11.7161,1.3568
11.7166,1.3568
11.7171,1.3518
11.7177,1.3568
11.7182,1.3518
11.7188,1.3518
11.7193,1.3568
11.7198,1.3568
11.7204,1.3518
11.7209,1.3619
11.7214,1.3619
11.7220,1.3518
11.7225,1.3568
11.7231,1.3518
11.7236,1.3568
11.7241,1.3568
11.7247,1.3568
11.7252,1.3568
11.7258,1.3568
11.7263,1.3568
11.7268,1.3518
11.7274,1.3568
11.7279,1.3568
11.7284,1.3518
11.7290,1.3568
11.7295,1.3518
11.7301,1.3568
11.7306,1.3518
11.7311,1.3568
11.7317,1.3518
11.7322,1.3518
11.7328,1.3518
11.7333,1.3568
11.7338,1.3568
11.7344,1.3568
11.7349,1.3568
11.7354,1.3568
11.7360,1.3568
11.7365,1.3568
11.7371,1.3568
11.7376,1.3518
11.7381,1.3568
11.7387,1.3568
11.7392,1.3568
11.7397,1.3568
11.7403,1.3568
11.7408,1.3568
11.7414,1.3518
11.7419,1.3568
11.7424,1.3568
11.7430,1.3518
11.7435,1.3568
11.7441,1.3568
11.7446,1.3568
11.7451,1.3518
11.7457,1.3568
11.7462,1.3568
11.7467,1.3518
11.7473,1.3568
11.7478,1.3518
11.7484,1.3568
11.7489,1.3568
11.7494,1.3518
11.7500,1.3568
11.7505,1.3568
11.7511,1.3518
11.7516,1.3568
11.7521,1.3568
11.7527,1.3568
11.7532,1.3568
11.7539,1.3518
11.7544,1.3518
11.7549,1.3518
11.7555,1.3518
11.7560,1.3518
11.7566,1.3518
11.7571,1.3518
11.7577,1.3568
11.7582,1.3518
11.7588,1.3518
11.7593,1.3518
11.7599,1.3568
11.7604,1.3467
11.7610,1.3568
11.7615,1.3568
11.7621,1.3518
11.7626,1.3518
11.7632,1.3518
11.7637,1.3417
11.7643,1.3568
11.7648,1.3467
11.7654,1.3518
11.7659,1.3518
11.7665,1.3518
11.7670,1.3518
11.7676,1.3518
11.7681,1.3518
11.7687,1.3518
11.7692,1.3518
11.7698,1.3467
11.7703,1.3518
11.7709,1.3467
11.7714,1.3518
11.7720,1.3467
11.7725,1.3518
11.7731,1.3467
11.7736,1.3518
11.7742,1.3518
11.7747,1.3467
11.7753,1.3518
11.7758,1.3467
11.7764,1.3518
11.7769,1.3518
11.7775,1.3518
11.7780,1.3467
11.7786,1.3518
11.7791,1.3467
11.7797,1.3467
11.7802,1.3518
11.7808,1.3467
11.7814,1.3467
11.7819,1.3518
11.7825,1.3467
11.7830,1.3467
11.7836,1.3467
11.7841,1.3518
11.7847,1.3417
11.7852,1.3467
11.7858,1.3518
11.7863,1.3467
11.7869,1.3518
11.7874,1.3417
11.7880,1.3467
11.7885,1.3467
11.7891,1.3467
11.7896,1.3518
11.7902,1.3467
11.7907,1.3467
11.7913,1.3518
11.7918,1.3467
11.7924,1.3518
11.7929,1.3518
11.7935,1.3467
11.7940,1.3467
11.7946,1.3417
11.7951,1.3467
11.7957,1.3467
11.7962,1.3417
11.7968,1.3467
11.7973,1.3467
11.7979,1.3467
11.7984,1.3467
11.7990,1.3467
11.7995,1.3467
11.8001,1.3467
11.8006,1.3367
11.8012,1.3467
11.8017,1.3467
11.8023,1.3417
11.8028,1.3467
11.8034,1.3467
11.8039,1.3467
11.8045,1.3467
11.8050,1.3467
11.8056,1.3417
11.8061,1.3417
11.8067,1.3518
11.8072,1.3417
11.8078,1.3467
11.8083,1.3467
11.8089,1.3467
11.8094,1.3467
11.8100,1.3467
11.8105,1.3467
11.8111,1.3467
11.8116,1.3417
11.8122,1.3467
11.8127,1.3467
11.8133,1.3467
11.8138,1.3417
11.8144,1.3467
11.8149,1.3467
11.8155,1.3467
11.8160,1.3467
11.8166,1.3467
11.8171,1.3417
11.8177,1.3467
11.8182,1.3417
11.8188,1.3417
11.8193,1.3417
11.8199,1.3467
11.8204,1.3467
11.8210,1.3467
11.8215,1.3417
11.8220,1.3417
11.8226,1.3417
11.8232,1.3467
11.8237,1.3417
11.8243,1.3467
11.8248,1.3467
11.8254,1.3467
11.8259,1.3417
11.8264,1.3467
11.8270,1.3417
11.8275,1.3467
11.8281,1.3417
11.8286,1.3417
11.8292,1.3467
11.8297,1.3467
11.8303,1.3467
11.8308,1.3467
11.8314,1.3467
11.8319,1.3417
11.8325,1.3467
11.8330,1.3467
11.8336,1.3467
11.8341,1.3467
11.8347,1.3367
11.8352,1.3467
11.8358,1.3467
11.8363,1.3467
11.8369,1.3417
11.8374,1.3417
11.8380,1.3417
11.8385,1.3467
11.8391,1.3417
11.8396,1.3417
11.8402,1.3417
11.8407,1.3417
11.8413,1.3417
11.8418,1.3417
11.8424,1.3467
11.8429,1.3417
11.8435,1.3417
11.8440,1.3467
11.8446,1.3417
11.8451,1.3467
11.8457,1.3417
11.8462,1.3417
11.8468,1.3417
11.8473,1.3417
11.8479,1.3417
11.8484,1.3467
11.8490,1.3417
11.8495,1.3417
11.8501,1.3417
11.8506,1.3367
11.8512,1.3467
11.8517,1.3417
11.8523,1.3417
11.8528,1.3467
11.8534,1.3417
11.8539,1.3417
11.8545,1.3417
11.8551,1.3467
11.8556,1.3467
11.8562,1.3417
11.8567,1.3417
11.8573,1.3467
11.8578,1.3417
11.8584,1.3417
11.8589,1.3367
11.8595,1.3417
11.8600,1.3417
11.8606,1.3467
11.8611,1.3467
11.8617,1.3417
11.8622,1.3467
11.8628,1.3417
11.8633,1.3467
11.8639,1.3417
11.8644,1.3467
11.8650,1.3467
11.8655,1.3417
11.8661,1.3417
11.8666,1.3417
11.8672,1.3367
11.8677,1.3467
11.8683,1.3417
11.8688,1.3417
11.8694,1.3417
11.8699,1.3417
11.8705,1.3367
11.8710,1.3467
11.8715,1.3417
11.8721,1.3417
11.8726,1.3467
11.8732,1.3467
11.8738,1.3467
11.8743,1.3467
11.8748,1.3417
11.8754,1.3467
11.8759,1.3417
11.8765,1.3417
11.8770,1.3417
11.8776,1.3417
11.8781,1.3417
11.8787,1.3467
11.8792,1.3417
11.8798,1.3417
11.8803,1.3417
11.8809,1.3467
11.8814,1.3417
11.8820,1.3417
11.8825,1.3417
11.8831,1.3467
11.8836,1.3367
11.8842,1.3467
11.8847,1.3467
11.8853,1.3417
11.8858,1.3417
11.8864,1.3367
11.8869,1.3367
11.8875,1.3367
11.8880,1.3467
11.8886,1.3417
11.8891,1.3417
11.8897,1.3417
11.8902,1.3417
11.8908,1.3417
11.8913,1.3417
11.8919,1.3467
11.8924,1.3417
11.8930,1.3417
11.8935,1.3417
11.8941,1.3417
11.8946,1.3417
11.8952,1.3467
11.8957,1.3417
11.8963,1.3417
11.8968,1.3417
11.8974,1.3417
11.8979,1.3417
11.8985,1.3417
11.8990,1.3367
11.8996,1.3367
11.9001,1.3417
11.9007,1.3367
11.9012,1.3467
11.9018,1.3367
11.9023,1.3417
11.9029,1.3417
11.9034,1.3417
11.9040,1.3417
11.9045,1.3417
11.9051,1.3467
11.9056,1.3417
11.9062,1.3417
11.9067,1.3417
11.9073,1.3417
11.9078,1.3417
11.9083,1.3417
11.9089,1.3417
11.9094,1.3417
11.9100,1.3467
11.9105,1.3467
11.9111,1.3417
11.9116,1.3417
11.9122,1.3417
11.9127,1.3467
11.9133,1.3417
11.9138,1.3417
11.9144,1.3417
11.9149,1.3417
11.9155,1.3417
11.9160,1.3417
11.9166,1.3417
11.9171,1.3417
11.9177,1.3417
11.9182,1.3417
11.9188,1.3367
11.9193,1.3417
11.9199,1.3417
11.9205,1.3417
11.9210,1.3417
11.9216,1.3417
11.9221,1.3417
11.9226,1.3417
11.9232,1.3417
11.9238,1.3417
11.9243,1.3417
11.9249,1.3417
11.9254,1.3367
11.9259,1.3367
11.9265,1.3367
11.9270,1.3417
11.9276,1.3367
11.9281,1.3417
11.9287,1.3417
11.9292,1.3417
11.9298,1.3367
11.9303,1.3367
11.9309,1.3367
11.9314,1.3367
11.9320,1.3367
11.9325,1.3367
11.9331,1.3367
11.9336,1.3367
11.9342,1.3367
11.9347,1.3417
11.9353,1.3367
11.9358,1.3417
11.9364,1.3417
11.9369,1.3417
11.9375,1.3417
11.9380,1.3417
11.9386,1.3367
11.9391,1.3367
11.9397,1.3417
11.9402,1.3417
11.9408,1.3417
11.9413,1.3417
11.9419,1.3367
11.9424,1.3367
11.9430,1.3417
11.9435,1.3417
11.9441,1.3417
11.9446,1.3367
11.9452,1.3367
11.9457,1.3467
11.9467,1.3367
11.9473,1.3417
11.9479,1.3417
11.9485,1.3417
11.9491,1.3417
11.9496,1.3417
11.9523,1.3367
11.9528,1.3417
11.9534,1.3367
11.9540,1.3367
11.9546,1.3417
11.9552,1.3417
11.9558,1.3367
11.9563,1.3367
11.9569,1.3367
11.9575,1.3417
11.9581,1.3417
11.9586,1.3316
11.9591,1.3417
11.9597,1.3316
11.9602,1.3417
11.9608,1.3417
11.9613,1.3316
11.9619,1.3417
11.9624,1.3417
11.9630,1.3367
11.9636,1.3367
11.9641,1.3367
11.9647,1.3367
11.9652,1.3367
11.9658,1.3367
11.9663,1.3367
11.9669,1.3367
11.9674,1.3367
11.9680,1.3367
11.9685,1.3316
11.9691,1.3367
11.9696,1.3367
11.9702,1.3367
11.9708,1.3367
11.9714,1.3367
11.9719,1.3367
11.9725,1.3367
11.9730,1.3316
11.9736,1.3367
11.9741,1.3367
11.9747,1.3316
11.9752,1.3367
11.9758,1.3417
11.9763,1.3316
11.9769,1.3417
11.9774,1.3367
11.9780,1.3367
11.9785,1.3417
11.9791,1.3367
11.9796,1.3367
11.9802,1.3367
11.9807,1.3316
11.9813,1.3367
11.9818,1.3316
11.9824,1.3316
11.9829,1.3367
11.9835,1.3367
11.9840,1.3417
11.9846,1.3367
11.9851,1.3367
11.9857,1.3367
11.9862,1.3367
11.9868,1.3367
11.9873,1.3367
11.9879,1.3367
11.9884,1.3316
11.9890,1.3367
11.9895,1.3367
11.9901,1.3367
11.9906,1.3367
11.9912,1.3367
11.9917,1.3316
11.9923,1.3367
11.9928,1.3316
11.9935,1.3367
11.9941,1.3367
11.9946,1.3316
11.9952,1.3367
11.9957,1.3367
11.9963,1.3417
11.9968,1.3367
11.9974,1.3367
11.9979,1.3367
11.9985,1.3367
11.9990,1.3367
11.9996,1.3316
12.0001,1.3316
