Время[c],Напряжение[В]
0.0000,0.2177
0.0006,0.2127
0.0011,0.2177
0.0016,0.2127
0.0021,0.2177
0.0027,0.2127
0.0032,0.2177
0.0037,0.2177
0.0042,0.2177
0.0047,0.2127
0.0053,0.2177
0.0058,0.2177
0.0063,0.2177
0.0068,0.2127
0.0074,0.2177
0.0079,0.2177
0.0084,0.2177
0.0089,0.2177
0.0094,0.2127
0.0100,0.2177
0.0105,0.2228
0.0110,0.2177
0.0115,0.2177
0.0121,0.2127
0.0126,0.2177
0.0131,0.2127
0.0136,0.2127
0.0141,0.2177
0.0147,0.2228
0.0152,0.2177
0.0157,0.2127
0.0162,0.2177
0.0167,0.2177
0.0173,0.2177
0.0178,0.2177
0.0183,0.2177
0.0188,0.2177
0.0194,0.2177
0.0199,0.2177
0.0204,0.2177
0.0209,0.2177
0.0214,0.2177
0.0220,0.2127
0.0225,0.2177
0.0230,0.2177
0.0235,0.2127
0.0240,0.2177
0.0246,0.2127
0.0251,0.2177
0.0256,0.2228
0.0261,0.2228
0.0267,0.2127
0.0272,0.2127
0.0277,0.2177
0.0282,0.2127
0.0287,0.2127
0.0293,0.2177
0.0298,0.2228
0.0303,0.2177
0.0308,0.2177
0.0314,0.2127
0.0319,0.2177
0.0324,0.2228
0.0329,0.2177
0.0334,0.2127
0.0340,0.2177
0.0345,0.2127
0.0350,0.2177
0.0355,0.2127
0.0360,0.2177
0.0366,0.2177
0.0371,0.2177
0.0376,0.2127
0.0381,0.2177
0.0387,0.2177
0.0392,0.2127
0.0397,0.2177
0.0402,0.2177
0.0407,0.2177
0.0413,0.2177
0.0418,0.2177
0.0425,0.2177
0.0430,0.2177
0.0436,0.2228
0.0441,0.2177
0.0446,0.2177
0.0451,0.2127
0.0457,0.2177
0.0462,0.2127
0.0467,0.2127
0.0472,0.2177
0.0478,0.2177
0.0483,0.2177
0.0488,0.2177
0.0493,0.2177
0.0498,0.2228
0.0504,0.2177
0.0509,0.2228
0.0514,0.2177
0.0519,0.2177
0.0525,0.2177
0.0530,0.2177
0.0535,0.2228
0.0540,0.2177
0.0546,0.2127
0.0551,0.2177
0.0556,0.2177
0.0561,0.2177
0.0567,0.2177
0.0572,0.2177
0.0577,0.2177
0.0582,0.2177
0.0588,0.2177
0.0593,0.2177
0.0598,0.2177
0.0603,0.2228
0.0608,0.2127
0.0614,0.2177
0.0619,0.2177
0.0624,0.2127
0.0629,0.2127
0.0635,0.2177
0.0640,0.2127
0.0645,0.2177
0.0650,0.2228
0.0656,0.2177
0.0661,0.2177
0.0666,0.2127
0.0671,0.2228
0.0677,0.2177
0.0682,0.2127
0.0687,0.2127
0.0692,0.2127
0.0698,0.2177
0.0703,0.2177
0.0708,0.2177
0.0713,0.2127
0.0718,0.2177
0.0724,0.2177
0.0729,0.2177
0.0734,0.2127
0.0739,0.2177
0.0745,0.2127
0.0750,0.2177
0.0755,0.2127
0.0761,0.2177
0.0766,0.2177
0.0771,0.2177
0.0777,0.2228
0.0782,0.2177
0.0787,0.2177
0.0793,0.2177
0.0798,0.2177
0.0804,0.2177
0.0809,0.2177
0.0814,0.2177
0.0823,0.2177
0.0829,0.2228
0.0834,0.2177
0.0839,0.2228
0.0845,0.2177
0.0850,0.2127
0.0855,0.2177
0.0861,0.2177
0.0866,0.2177
0.0871,0.2177
0.0877,0.2177
0.0882,0.2177
0.0888,0.2177
0.0893,0.2177
0.0899,0.2177
0.0904,0.2127
0.0909,0.2177
0.0915,0.2177
0.0920,0.2177
0.0925,0.2127
0.0931,0.2177
0.0936,0.2177
0.0941,0.2127
0.0947,0.2177
0.0952,0.2177
0.0958,0.2127
0.0963,0.2177
0.0968,0.2177
0.0973,0.2127
0.0979,0.2177
0.0984,0.2177
0.0990,0.2177
0.0995,0.2127
0.1000,0.2127
0.1006,0.2177
0.1011,0.2177
0.1016,0.2177
0.1022,0.2127
0.1027,0.2177
0.1033,0.2177
0.1038,0.2127
0.1044,0.2177
0.1050,0.2228
0.1055,0.2177
0.1061,0.2177
0.1066,0.2127
0.1072,0.2127
0.1077,0.2228
0.1082,0.2177
0.1087,0.2177
0.1092,0.2177
0.1098,0.2228
0.1103,0.2127
0.1108,0.2177
0.1113,0.2177
0.1119,0.2127
0.1124,0.2177
0.1129,0.2127
0.1134,0.2177
0.1139,0.2177
0.1145,0.2177
0.1150,0.2177
0.1155,0.2177
0.1160,0.2127
0.1165,0.2228
0.1171,0.2127
0.1176,0.2177
0.1181,0.2127
0.1187,0.2177
0.1193,0.2177
0.1199,0.2177
0.1204,0.2177
0.1210,0.2177
0.1215,0.2127
0.1221,0.2177
0.1226,0.2177
0.1232,0.2127
0.1237,0.2127
0.1243,0.2177
0.1248,0.2177
0.1253,0.2177
0.1259,0.2177
0.1264,0.2127
0.1269,0.2177
0.1275,0.2127
0.1280,0.2177
0.1286,0.2177
0.1291,0.2177
0.1297,0.2127
0.1303,0.2177
0.1308,0.2177
0.1313,0.2127
0.1319,0.2177
0.1324,0.2177
0.1330,0.2177
0.1335,0.2177
0.1341,0.2177
0.1346,0.2177
0.1351,0.2127
0.1357,0.2228
0.1362,0.2177
0.1367,0.2177
0.1372,0.2127
0.1378,0.2177
0.1383,0.2177
0.1388,0.2177
0.1393,0.2228
0.1398,0.2177
0.1404,0.2177
0.1409,0.2177
0.1414,0.2177
0.1419,0.2177
0.1424,0.2127
0.1430,0.2127
0.1435,0.2127
0.1440,0.2177
0.1446,0.2177
0.1451,0.2127
0.1456,0.2127
0.1461,0.2177
0.1467,0.2127
0.1472,0.2177
0.1477,0.2177
0.1482,0.2177
0.1488,0.2127
0.1493,0.2177
0.1498,0.2177
0.1503,0.2177
0.1508,0.2177
0.1514,0.2177
0.1519,0.2177
0.1524,0.2177
0.1529,0.2177
0.1535,0.2177
0.1540,0.2177
0.1545,0.2177
0.1550,0.2177
0.1556,0.2177
0.1561,0.2177
0.1566,0.2177
0.1571,0.2228
0.1577,0.2177
0.1582,0.2177
0.1587,0.2177
0.1592,0.2177
0.1597,0.2177
0.1603,0.2177
0.1608,0.2177
0.1613,0.2177
0.1618,0.2177
0.1624,0.2127
0.1629,0.2177
0.1634,0.2127
0.1639,0.2177
0.1645,0.2127
0.1650,0.2177
0.1655,0.2177
0.1660,0.2127
0.1666,0.2177
0.1671,0.2177
0.1676,0.2177
0.1681,0.2228
0.1686,0.2127
0.1692,0.2177
0.1697,0.2177
0.1702,0.2228
0.1707,0.2177
0.1712,0.2177
0.1718,0.2177
0.1723,0.2177
0.1729,0.2127
0.1734,0.2177
0.1739,0.2177
0.1744,0.2177
0.1749,0.2177
0.1755,0.2177
0.1760,0.2177
0.1765,0.2177
0.1770,0.2177
0.1775,0.2177
0.1781,0.2177
0.1786,0.2228
0.1791,0.2177
0.1796,0.2177
0.1802,0.2177
0.1807,0.2177
0.1812,0.2177
0.1817,0.2177
0.1822,0.2177
0.1828,0.2177
0.1833,0.2177
0.1838,0.2127
0.1843,0.2177
0.1848,0.2127
0.1854,0.2177
0.1859,0.2177
0.1864,0.2127
0.1869,0.2177
0.1875,0.2177
0.1880,0.2177
0.1885,0.2228
0.1890,0.2177
0.1895,0.2177
0.1901,0.2177
0.1906,0.2177
0.1911,0.2177
0.1916,0.2177
0.1922,0.2127
0.1927,0.2177
0.1932,0.2177
0.1937,0.2127
0.1942,0.2127
0.1948,0.2127
0.1953,0.2127
0.1958,0.2177
0.1963,0.2177
0.1968,0.2177
0.1974,0.2177
0.1979,0.2127
0.1984,0.2177
0.1989,0.2177
0.1995,0.2177
0.2000,0.2177
0.2005,0.2177
0.2010,0.2177
0.2015,0.2177
0.2021,0.2177
0.2026,0.2177
0.2031,0.2177
0.2037,0.2177
0.2042,0.2177
0.2048,0.2177
0.2054,0.2177
0.2059,0.2177
0.2065,0.2177
0.2071,0.2228
0.2076,0.2177
0.2081,0.2177
0.2087,0.2177
0.2093,0.2228
0.2098,0.2177
0.2103,0.2228
0.2108,0.2177
0.2114,0.2177
0.2120,0.2127
0.2125,0.2177
0.2130,0.2177
0.2135,0.2177
0.2141,0.2127
0.2146,0.2177
0.2151,0.2177
0.2156,0.2127
0.2161,0.2177
0.2167,0.2177
0.2172,0.2127
0.2177,0.2177
0.2182,0.2177
0.2188,0.2177
0.2193,0.2177
0.2198,0.2177
0.2203,0.2127
0.2208,0.2177
0.2214,0.2127
0.2219,0.2127
0.2224,0.2177
0.2229,0.2228
0.2234,0.2228
0.2240,0.2228
0.2245,0.2177
0.2250,0.2228
0.2255,0.2177
0.2261,0.2228
0.2266,0.2177
0.2271,0.2177
0.2276,0.2177
0.2281,0.2228
0.2287,0.2177
0.2292,0.2127
0.2297,0.2228
0.2302,0.2127
0.2308,0.2228
0.2313,0.2228
0.2318,0.2228
0.2323,0.2177
0.2329,0.2177
0.2334,0.2127
0.2339,0.2177
0.2344,0.2177
0.2349,0.2177
0.2355,0.2127
0.2360,0.2177
0.2365,0.2177
0.2370,0.2177
0.2375,0.2177
0.2381,0.2228
0.2386,0.2177
0.2391,0.2127
0.2396,0.2177
0.2402,0.2177
0.2407,0.2177
0.2412,0.2127
0.2417,0.2127
0.2422,0.2228
0.2428,0.2177
0.2433,0.2177
0.2438,0.2177
0.2443,0.2228
0.2449,0.2177
0.2454,0.2228
0.2459,0.2127
0.2464,0.2177
0.2470,0.2127
0.2475,0.2177
0.2480,0.2177
0.2485,0.2177
0.2490,0.2177
0.2496,0.2127
0.2501,0.2228
0.2506,0.2177
0.2511,0.2228
0.2517,0.2177
0.2522,0.2177
0.2527,0.2177
0.2532,0.2177
0.2538,0.2177
0.2543,0.2177
0.2548,0.2127
0.2553,0.2177
0.2558,0.2127
0.2564,0.2177
0.2569,0.2127
0.2574,0.2177
0.2579,0.2177
0.2585,0.2177
0.2590,0.2177
0.2595,0.2177
0.2600,0.2177
0.2606,0.2127
0.2611,0.2177
0.2616,0.2177
0.2621,0.2177
0.2626,0.2228
0.2632,0.2177
0.2637,0.2177
0.2642,0.2177
0.2647,0.2127
0.2653,0.2177
0.2658,0.2177
0.2663,0.2177
0.2668,0.2228
0.2674,0.2177
0.2679,0.2177
0.2684,0.2177
0.2689,0.2177
0.2694,0.2177
0.2700,0.2177
0.2705,0.2177
0.2710,0.2177
0.2715,0.2177
0.2721,0.2177
0.2726,0.2127
0.2731,0.2177
0.2736,0.2177
0.2742,0.2177
0.2747,0.2177
0.2752,0.2177
0.2757,0.2177
0.2762,0.2177
0.2768,0.2177
0.2773,0.2177
0.2778,0.2177
0.2783,0.2177
0.2789,0.2127
0.2794,0.2177
0.2799,0.2127
0.2804,0.2228
0.2810,0.2177
0.2815,0.2177
0.2820,0.2177
0.2825,0.2177
0.2830,0.2177
0.2836,0.2177
0.2841,0.2177
0.2846,0.2127
0.2851,0.2177
0.2857,0.2177
0.2862,0.2177
0.2867,0.2177
0.2873,0.2177
0.2878,0.2127
0.2883,0.2177
0.2888,0.2177
0.2893,0.2177
0.2899,0.2177
0.2904,0.2177
0.2909,0.2177
0.2914,0.2177
0.2920,0.2127
0.2925,0.2177
0.2930,0.2177
0.2935,0.2177
0.2941,0.2177
0.2946,0.2177
0.2951,0.2177
0.2956,0.2177
0.2961,0.2177
0.2967,0.2177
0.2972,0.2228
0.2977,0.2177
0.2982,0.2127
0.2988,0.2177
0.2993,0.2177
0.2998,0.2177
0.3003,0.2177
0.3008,0.2177
0.3014,0.2177
0.3019,0.2177
0.3024,0.2177
0.3029,0.2177
0.3035,0.2177
0.3040,0.2177
0.3045,0.2177
0.3050,0.2177
0.3056,0.2177
0.3061,0.2177
0.3066,0.2127
0.3071,0.2228
0.3076,0.2177
0.3082,0.2177
0.3087,0.2177
0.3092,0.2177
0.3097,0.2177
0.3103,0.2177
0.3108,0.2127
0.3113,0.2177
0.3118,0.2228
0.3124,0.2177
0.3129,0.2177
0.3134,0.2177
0.3139,0.2127
0.3144,0.2177
0.3150,0.2177
0.3155,0.2228
0.3160,0.2177
0.3165,0.2177
0.3171,0.2177
0.3176,0.2177
0.3181,0.2177
0.3186,0.2177
0.3192,0.2177
0.3197,0.2177
0.3202,0.2177
0.3207,0.2177
0.3213,0.2228
0.3218,0.2177
0.3223,0.2177
0.3228,0.2177
0.3233,0.2177
0.3239,0.2127
0.3244,0.2177
0.3249,0.2177
0.3254,0.2228
0.3260,0.2177
0.3265,0.2177
0.3270,0.2177
0.3275,0.2177
0.3281,0.2228
0.3286,0.2177
0.3291,0.2177
0.3296,0.2177
0.3301,0.2177
0.3307,0.2177
0.3312,0.2228
0.3317,0.2177
0.3322,0.2177
0.3328,0.2177
0.3333,0.2127
0.3338,0.2177
0.3343,0.2177
0.3349,0.2177
0.3354,0.2177
0.3359,0.2177
0.3364,0.2127
0.3369,0.2127
0.3375,0.2177
0.3380,0.2228
0.3385,0.2177
0.3390,0.2228
0.3396,0.2177
0.3401,0.2177
0.3406,0.2177
0.3411,0.2177
0.3417,0.2177
0.3422,0.2177
0.3428,0.2177
0.3433,0.2177
0.3439,0.2177
0.3444,0.2177
0.3449,0.2127
0.3454,0.2177
0.3460,0.2177
0.3465,0.2177
0.3470,0.2177
0.3475,0.2228
0.3480,0.2177
0.3486,0.2228
0.3491,0.2177
0.3496,0.2127
0.3501,0.2177
0.3507,0.2177
0.3512,0.2127
0.3517,0.2177
0.3522,0.2177
0.3528,0.2177
0.3533,0.2177
0.3538,0.2177
0.3543,0.2177
0.3549,0.2228
0.3554,0.2177
0.3559,0.2228
0.3564,0.2177
0.3570,0.2177
0.3575,0.2228
0.3580,0.2177
0.3585,0.2177
0.3591,0.2228
0.3596,0.2177
0.3601,0.2177
0.3606,0.2177
0.3611,0.2177
0.3617,0.2228
0.3622,0.2177
0.3627,0.2177
0.3632,0.2177
0.3637,0.2177
0.3643,0.2177
0.3648,0.2177
0.3653,0.2177
0.3658,0.2127
0.3664,0.2177
0.3669,0.2177
0.3674,0.2177
0.3679,0.2177
0.3684,0.2127
0.3690,0.2177
0.3695,0.2228
0.3700,0.2177
0.3705,0.2177
0.3710,0.2127
0.3716,0.2177
0.3721,0.2177
0.3726,0.2177
0.3731,0.2177
0.3737,0.2177
0.3742,0.2177
0.3747,0.2177
0.3752,0.2127
0.3757,0.2177
0.3763,0.2177
0.3768,0.2177
0.3773,0.2177
0.3778,0.2177
0.3784,0.2177
0.3789,0.2177
0.3794,0.2177
0.3799,0.2177
0.3804,0.2177
0.3810,0.2127
0.3815,0.2127
0.3820,0.2177
0.3825,0.2177
0.3830,0.2177
0.3836,0.2177
0.3841,0.2177
0.3846,0.2177
0.3851,0.2177
0.3857,0.2177
0.3862,0.2177
0.3867,0.2177
0.3872,0.2177
0.3877,0.2127
0.3883,0.2177
0.3888,0.2177
0.3893,0.2177
0.3899,0.2177
0.3904,0.2177
0.3909,0.2177
0.3914,0.2177
0.3920,0.2177
0.3925,0.2177
0.3930,0.2177
0.3935,0.2228
0.3940,0.2228
0.3946,0.2228
0.3951,0.2228
0.3956,0.2177
0.3961,0.2177
0.3967,0.2177
0.3972,0.2177
0.3977,0.2177
0.3982,0.2177
0.3988,0.2177
0.3993,0.2177
0.3998,0.2177
0.4003,0.2177
0.4009,0.2177
0.4014,0.2177
0.4019,0.2127
0.4024,0.2177
0.4029,0.2127
0.4035,0.2177
0.4040,0.2177
0.4045,0.2177
0.4050,0.2177
0.4056,0.2177
0.4061,0.2177
0.4066,0.2177
0.4071,0.2177
0.4077,0.2177
0.4082,0.2228
0.4087,0.2177
0.4092,0.2177
0.4098,0.2177
0.4103,0.2177
0.4108,0.2177
0.4113,0.2177
0.4119,0.2177
0.4124,0.2177
0.4129,0.2177
0.4134,0.2177
0.4140,0.2228
0.4145,0.2177
0.4150,0.2177
0.4155,0.2127
0.4160,0.2177
0.4166,0.2177
0.4171,0.2228
0.4176,0.2177
0.4181,0.2177
0.4187,0.2177
0.4192,0.2127
0.4197,0.2177
0.4202,0.2177
0.4208,0.2177
0.4213,0.2177
0.4218,0.2177
0.4223,0.2177
0.4229,0.2177
0.4234,0.2177
0.4239,0.2177
0.4244,0.2228
0.4249,0.2177
0.4255,0.2177
0.4260,0.2228
0.4265,0.2228
0.4270,0.2177
0.4276,0.2177
0.4281,0.2177
0.4286,0.2177
0.4291,0.2177
0.4297,0.2177
0.4302,0.2177
0.4307,0.2177
0.4312,0.2127
0.4318,0.2177
0.4323,0.2177
0.4328,0.2177
0.4333,0.2228
0.4338,0.2177
0.4344,0.2177
0.4349,0.2177
0.4354,0.2177
0.4359,0.2228
0.4365,0.2127
0.4370,0.2177
0.4375,0.2177
0.4380,0.2177
0.4386,0.2177
0.4391,0.2127
0.4396,0.2177
0.4401,0.2177
0.4406,0.2177
0.4412,0.2177
0.4417,0.2228
0.4422,0.2177
0.4427,0.2177
0.4433,0.2177
0.4438,0.2177
0.4443,0.2177
0.4448,0.2177
0.4454,0.2177
0.4459,0.2177
0.4464,0.2177
0.4469,0.2177
0.4475,0.2177
0.4480,0.2177
0.4485,0.2177
0.4490,0.2177
0.4495,0.2177
0.4501,0.2177
0.4506,0.2177
0.4511,0.2177
0.4516,0.2177
0.4522,0.2177
0.4527,0.2177
0.4532,0.2177
0.4537,0.2127
0.4543,0.2177
0.4548,0.2177
0.4553,0.2177
0.4558,0.2127
0.4564,0.2177
0.4569,0.2177
0.4574,0.2177
0.4579,0.2177
0.4584,0.2228
0.4590,0.2177
0.4595,0.2177
0.4600,0.2177
0.4605,0.2177
0.4611,0.2177
0.4616,0.2177
0.4621,0.2177
0.4626,0.2177
0.4632,0.2228
0.4637,0.2177
0.4642,0.2177
0.4647,0.2177
0.4653,0.2228
0.4658,0.2177
0.4663,0.2177
0.4668,0.2127
0.4673,0.2228
0.4679,0.2177
0.4684,0.2177
0.4689,0.2228
0.4694,0.2177
0.4700,0.2177
0.4705,0.2228
0.4710,0.2228
0.4715,0.2177
0.4721,0.2228
0.4726,0.2177
0.4731,0.2177
0.4736,0.2177
0.4741,0.2228
0.4747,0.2177
0.4752,0.2177
0.4757,0.2177
0.4762,0.2177
0.4768,0.2177
0.4773,0.2177
0.4778,0.2177
0.4783,0.2177
0.4789,0.2177
0.4794,0.2177
0.4799,0.2177
0.4804,0.2177
0.4810,0.2177
0.4815,0.2177
0.4820,0.2177
0.4825,0.2177
0.4830,0.2177
0.4836,0.2177
0.4841,0.2177
0.4846,0.2177
0.4851,0.2177
0.4857,0.2177
0.4862,0.2177
0.4867,0.2177
0.4872,0.2177
0.4878,0.2177
0.4883,0.2177
0.4888,0.2177
0.4893,0.2177
0.4899,0.2228
0.4904,0.2177
0.4909,0.2177
0.4914,0.2228
0.4919,0.2177
0.4925,0.2177
0.4930,0.2177
0.4935,0.2177
0.4940,0.2177
0.4946,0.2177
0.4951,0.2177
0.4956,0.2177
0.4961,0.2177
0.4967,0.2177
0.4972,0.2177
0.4977,0.2177
0.4982,0.2177
0.4987,0.2228
0.4993,0.2228
0.4998,0.2177
0.5003,0.2177
0.5008,0.2177
0.5014,0.2177
0.5019,0.2177
0.5024,0.2177
0.5029,0.2177
0.5035,0.2177
0.5040,0.2127
0.5045,0.2177
0.5050,0.2177
0.5056,0.2177
0.5061,0.2177
0.5066,0.2177
0.5071,0.2177
0.5076,0.2177
0.5082,0.2177
0.5087,0.2177
0.5092,0.2127
0.5097,0.2177
0.5103,0.2228
0.5108,0.2228
0.5113,0.2177
0.5118,0.2177
0.5124,0.2228
0.5129,0.2177
0.5134,0.2177
0.5139,0.2177
0.5144,0.2228
0.5150,0.2228
0.5155,0.2177
0.5160,0.2177
0.5165,0.2228
0.5171,0.2228
0.5176,0.2177
0.5181,0.2177
0.5186,0.2127
0.5192,0.2177
0.5197,0.2127
0.5202,0.2127
0.5207,0.2177
0.5213,0.2177
0.5218,0.2177
0.5223,0.2228
0.5228,0.2177
0.5233,0.2127
0.5239,0.2177
0.5244,0.2177
0.5249,0.2177
0.5254,0.2177
0.5260,0.2228
0.5265,0.2127
0.5270,0.2177
0.5275,0.2177
0.5281,0.2127
0.5286,0.2177
0.5291,0.2228
0.5296,0.2177
0.5302,0.2177
0.5307,0.2177
0.5312,0.2177
0.5317,0.2177
0.5322,0.2177
0.5328,0.2127
0.5333,0.2127
0.5338,0.2177
0.5344,0.2177
0.5349,0.2177
0.5354,0.2177
0.5359,0.2177
0.5364,0.2177
0.5370,0.2177
0.5375,0.2177
0.5380,0.2177
0.5385,0.2177
0.5391,0.2228
0.5396,0.2177
0.5401,0.2127
0.5406,0.2177
0.5412,0.2228
0.5417,0.2177
0.5422,0.2177
0.5427,0.2177
0.5433,0.2177
0.5438,0.2228
0.5443,0.2177
0.5448,0.2177
0.5453,0.2177
0.5459,0.2177
0.5464,0.2228
0.5469,0.2177
0.5474,0.2177
0.5479,0.2177
0.5485,0.2127
0.5490,0.2177
0.5495,0.2177
0.5500,0.2228
0.5506,0.2177
0.5511,0.2177
0.5516,0.2177
0.5521,0.2177
0.5526,0.2177
0.5532,0.2177
0.5537,0.2177
0.5542,0.2177
0.5547,0.2177
0.5553,0.2228
0.5558,0.2177
0.5563,0.2177
0.5568,0.2228
0.5574,0.2177
0.5579,0.2228
0.5584,0.2228
0.5589,0.2228
0.5594,0.2228
0.5600,0.2228
0.5605,0.2228
0.5610,0.2127
0.5615,0.2177
0.5621,0.2177
0.5626,0.2177
0.5631,0.2127
0.5636,0.2228
0.5641,0.2177
0.5647,0.2228
0.5652,0.2177
0.5657,0.2177
0.5662,0.2177
0.5667,0.2177
0.5673,0.2228
0.5678,0.2228
0.5683,0.2177
0.5688,0.2228
0.5694,0.2177
0.5699,0.2177
0.5704,0.2177
0.5709,0.2228
0.5714,0.2177
0.5720,0.2177
0.5725,0.2228
0.5730,0.2177
0.5735,0.2279
0.5740,0.2177
0.5746,0.2228
0.5751,0.2228
0.5756,0.2177
0.5761,0.2228
0.5767,0.2228
0.5772,0.2177
0.5777,0.2177
0.5782,0.2177
0.5787,0.2127
0.5793,0.2177
0.5798,0.2177
0.5803,0.2177
0.5808,0.2177
0.5813,0.2177
0.5819,0.2228
0.5824,0.2228
0.5829,0.2177
0.5834,0.2228
0.5840,0.2177
0.5845,0.2177
0.5850,0.2127
0.5855,0.2177
0.5860,0.2228
0.5866,0.2228
0.5871,0.2228
0.5876,0.2177
0.5881,0.2177
0.5886,0.2177
0.5892,0.2177
0.5897,0.2228
0.5902,0.2177
0.5907,0.2177
0.5913,0.2177
0.5918,0.2177
0.5923,0.2177
0.5928,0.2177
0.5933,0.2177
0.5939,0.2177
0.5944,0.2177
0.5949,0.2177
0.5954,0.2177
0.5960,0.2177
0.5965,0.2177
0.5970,0.2177
0.5975,0.2228
0.5981,0.2177
0.5986,0.2177
0.5991,0.2177
0.5996,0.2177
0.6001,0.2228
0.6007,0.2177
0.6012,0.2177
0.6017,0.2177
0.6022,0.2127
0.6028,0.2177
0.6033,0.2177
0.6038,0.2127
0.6043,0.2228
0.6049,0.2228
0.6054,0.2127
0.6059,0.2177
0.6064,0.2228
0.6069,0.2177
0.6075,0.2177
0.6080,0.2228
0.6086,0.2177
0.6091,0.2177
0.6096,0.2177
0.6101,0.2177
0.6106,0.2177
0.6112,0.2177
0.6117,0.2177
0.6122,0.2127
0.6127,0.2177
0.6133,0.2177
0.6138,0.2177
0.6143,0.2177
0.6148,0.2177
0.6154,0.2177
0.6159,0.2177
0.6164,0.2228
0.6169,0.2177
0.6174,0.2177
0.6182,0.2177
0.6224,0.2177
0.6230,0.2228
0.6235,0.2177
0.6240,0.2177
0.6245,0.2177
0.6251,0.2177
0.6256,0.2177
0.6261,0.2177
0.6267,0.2228
0.6279,0.2177
0.6285,0.2228
0.6291,0.2177
0.6296,0.2177
0.6302,0.2177
0.6307,0.2177
0.6313,0.2177
0.6321,0.2177
0.6327,0.2177
0.6332,0.2177
0.6342,0.2177
0.6347,0.2177
0.6353,0.2228
0.6358,0.2177
0.6363,0.2177
0.6368,0.2177
0.6373,0.2177
0.6379,0.2177
0.6384,0.2177
0.6389,0.2228
0.6394,0.2177
0.6400,0.2228
0.6405,0.2177
0.6410,0.2177
0.6415,0.2177
0.6420,0.2177
0.6426,0.2177
0.6431,0.2177
0.6436,0.2177
0.6441,0.2228
0.6447,0.2177
0.6452,0.2177
0.6457,0.2177
0.6462,0.2228
0.6468,0.2228
0.6473,0.2228
0.6478,0.2228
0.6483,0.2228
0.6488,0.2177
0.6494,0.2228
0.6499,0.2177
0.6504,0.2177
0.6509,0.2228
0.6514,0.2177
0.6520,0.2228
0.6525,0.2177
0.6530,0.2177
0.6535,0.2177
0.6541,0.2177
0.6546,0.2177
0.6551,0.2177
0.6556,0.2177
0.6561,0.2177
0.6567,0.2177
0.6572,0.2228
0.6577,0.2228
0.6582,0.2177
0.6587,0.2127
0.6593,0.2177
0.6598,0.2177
0.6603,0.2228
0.6608,0.2177
0.6613,0.2177
0.6619,0.2177
0.6624,0.2177
0.6629,0.2177
0.6634,0.2177
0.6640,0.2177
0.6645,0.2228
0.6650,0.2177
0.6655,0.2228
0.6660,0.2177
0.6666,0.2177
0.6671,0.2177
0.6676,0.2228
0.6681,0.2177
0.6686,0.2228
0.6692,0.2177
0.6697,0.2177
0.6702,0.2177
0.6707,0.2177
0.6712,0.2177
0.6718,0.2228
0.6723,0.2177
0.6728,0.2177
0.6733,0.2177
0.6738,0.2228
0.6744,0.2177
0.6749,0.2127
0.6754,0.2177
0.6759,0.2177
0.6764,0.2177
0.6770,0.2177
0.6775,0.2177
0.6780,0.2177
0.6785,0.2228
0.6791,0.2228
0.6796,0.2228
0.6801,0.2177
0.6807,0.2177
0.6812,0.2228
0.6817,0.2177
0.6822,0.2177
0.6827,0.2177
0.6833,0.2177
0.6838,0.2228
0.6843,0.2177
0.6848,0.2228
0.6853,0.2228
0.6859,0.2177
0.6864,0.2228
0.6869,0.2177
0.6874,0.2177
0.6879,0.2177
0.6885,0.2177
0.6890,0.2177
0.6895,0.2177
0.6900,0.2177
0.6905,0.2177
0.6911,0.2177
0.6916,0.2177
0.6921,0.2228
0.6926,0.2228
0.6931,0.2177
0.6937,0.2177
0.6942,0.2228
0.6947,0.2228
0.6952,0.2228
0.6957,0.2228
0.6963,0.2228
0.6968,0.2177
0.6973,0.2177
0.6978,0.2177
0.6983,0.2177
0.6989,0.2177
0.6994,0.2177
0.6999,0.2177
0.7004,0.2177
0.7009,0.2177
0.7015,0.2228
0.7020,0.2228
0.7025,0.2228
0.7030,0.2177
0.7035,0.2228
0.7041,0.2177
0.7046,0.2177
0.7051,0.2127
0.7056,0.2228
0.7061,0.2228
0.7067,0.2228
0.7072,0.2177
0.7077,0.2177
0.7082,0.2228
0.7087,0.2177
0.7093,0.2228
0.7098,0.2228
0.7103,0.2228
0.7108,0.2228
0.7113,0.2177
0.7119,0.2177
0.7124,0.2177
0.7129,0.2228
0.7134,0.2228
0.7139,0.2177
0.7145,0.2228
0.7150,0.2177
0.7155,0.2177
0.7160,0.2177
0.7166,0.2177
0.7171,0.2177
0.7176,0.2177
0.7181,0.2228
0.7186,0.2177
0.7192,0.2177
0.7197,0.2177
0.7202,0.2177
0.7207,0.2177
0.7213,0.2177
0.7218,0.2177
0.7223,0.2177
0.7228,0.2177
0.7233,0.2177
0.7239,0.2177
0.7244,0.2177
0.7249,0.2228
0.7254,0.2228
0.7259,0.2228
0.7265,0.2228
0.7270,0.2177
0.7275,0.2177
0.7280,0.2177
0.7286,0.2177
0.7291,0.2177
0.7296,0.2177
0.7301,0.2177
0.7306,0.2228
0.7312,0.2177
0.7317,0.2177
0.7322,0.2177
0.7327,0.2177
0.7333,0.2177
0.7338,0.2177
0.7343,0.2177
0.7348,0.2177
0.7353,0.2177
0.7359,0.2228
0.7364,0.2177
0.7369,0.2177
0.7374,0.2228
0.7380,0.2177
0.7385,0.2228
0.7390,0.2228
0.7395,0.2228
0.7400,0.2177
0.7406,0.2177
0.7411,0.2177
0.7416,0.2177
0.7421,0.2177
0.7427,0.2228
0.7432,0.2177
0.7437,0.2228
0.7442,0.2177
0.7447,0.2177
0.7453,0.2177
0.7458,0.2228
0.7463,0.2177
0.7468,0.2177
0.7474,0.2177
0.7479,0.2177
0.7484,0.2177
0.7489,0.2177
0.7495,0.2228
0.7500,0.2177
0.7505,0.2177
0.7510,0.2177
0.7515,0.2228
0.7521,0.2228
0.7526,0.2177
0.7531,0.2177
0.7536,0.2177
0.7541,0.2228
0.7547,0.2177
0.7552,0.2177
0.7557,0.2177
0.7562,0.2228
0.7568,0.2177
0.7573,0.2177
0.7578,0.2177
0.7583,0.2177
0.7589,0.2177
0.7594,0.2177
0.7599,0.2177
0.7604,0.2177
0.7609,0.2228
0.7615,0.2177
0.7620,0.2177
0.7625,0.2228
0.7630,0.2177
0.7636,0.2228
0.7641,0.2177
0.7646,0.2228
0.7651,0.2177
0.7656,0.2228
0.7662,0.2228
0.7667,0.2228
0.7672,0.2177
0.7677,0.2177
0.7682,0.2177
0.7688,0.2177
0.7693,0.2177
0.7698,0.2177
0.7703,0.2177
0.7709,0.2228
0.7714,0.2228
0.7719,0.2228
0.7724,0.2228
0.7729,0.2228
0.7735,0.2279
0.7740,0.2177
0.7745,0.2228
0.7750,0.2177
0.7756,0.2177
0.7761,0.2177
0.7766,0.2228
0.7771,0.2177
0.7776,0.2228
0.7782,0.2228
0.7787,0.2177
0.7792,0.2177
0.7797,0.2177
0.7802,0.2228
0.7808,0.2177
0.7813,0.2177
0.7818,0.2228
0.7823,0.2228
0.7829,0.2177
0.7834,0.2177
0.7839,0.2177
0.7844,0.2177
0.7849,0.2228
0.7855,0.2228
0.7860,0.2177
0.7865,0.2177
0.7870,0.2177
0.7875,0.2177
0.7881,0.2228
0.7886,0.2177
0.7891,0.2177
0.7896,0.2177
0.7901,0.2228
0.7907,0.2228
0.7912,0.2177
0.7917,0.2177
0.7922,0.2177
0.7927,0.2177
0.7933,0.2177
0.7938,0.2177
0.7943,0.2228
0.7948,0.2177
0.7953,0.2127
0.7959,0.2228
0.7964,0.2177
0.7969,0.2228
0.7974,0.2228
0.7980,0.2177
0.7985,0.2228
0.7990,0.2228
0.7995,0.2177
0.8000,0.2228
0.8006,0.2228
0.8011,0.2177
0.8016,0.2177
0.8021,0.2177
0.8027,0.2177
0.8032,0.2127
0.8038,0.2177
0.8043,0.2177
0.8049,0.2177
0.8054,0.2228
0.8060,0.2177
0.8065,0.2228
0.8071,0.2177
0.8084,0.2177
0.8090,0.2228
0.8095,0.2228
0.8100,0.2177
0.8105,0.2228
0.8111,0.2228
0.8117,0.2177
0.8123,0.2177
0.8128,0.2279
0.8134,0.2177
0.8139,0.2177
0.8144,0.2177
0.8150,0.2177
0.8155,0.2177
0.8160,0.2177
0.8165,0.2177
0.8171,0.2228
0.8176,0.2177
0.8181,0.2228
0.8186,0.2177
0.8191,0.2177
0.8197,0.2177
0.8202,0.2177
0.8207,0.2177
0.8212,0.2177
0.8218,0.2177
0.8223,0.2177
0.8228,0.2177
0.8233,0.2177
0.8239,0.2177
0.8244,0.2177
0.8249,0.2228
0.8254,0.2177
0.8259,0.2228
0.8265,0.2177
0.8270,0.2177
0.8275,0.2228
0.8281,0.2177
0.8286,0.2228
0.8291,0.2177
0.8296,0.2177
0.8302,0.2177
0.8307,0.2177
0.8312,0.2228
0.8317,0.2228
0.8323,0.2177
0.8328,0.2177
0.8333,0.2177
0.8338,0.2177
0.8344,0.2228
0.8349,0.2177
0.8354,0.2177
0.8359,0.2177
0.8365,0.2177
0.8370,0.2177
0.8375,0.2177
0.8380,0.2228
0.8386,0.2228
0.8391,0.2177
0.8396,0.2177
0.8401,0.2177
0.8406,0.2177
0.8412,0.2177
0.8417,0.2177
0.8422,0.2228
0.8427,0.2177
0.8433,0.2177
0.8438,0.2177
0.8443,0.2177
0.8448,0.2177
0.8454,0.2177
0.8459,0.2177
0.8464,0.2177
0.8469,0.2127
0.8475,0.2177
0.8480,0.2177
0.8485,0.2177
0.8490,0.2177
0.8495,0.2177
0.8501,0.2177
0.8506,0.2177
0.8511,0.2177
0.8516,0.2177
0.8522,0.2228
0.8527,0.2228
0.8532,0.2177
0.8537,0.2177
0.8543,0.2228
0.8548,0.2177
0.8553,0.2228
0.8558,0.2177
0.8564,0.2228
0.8569,0.2177
0.8574,0.2228
0.8579,0.2177
0.8585,0.2177
0.8590,0.2177
0.8595,0.2177
0.8600,0.2177
0.8606,0.2177
0.8611,0.2177
0.8616,0.2177
0.8621,0.2177
0.8627,0.2228
0.8632,0.2177
0.8637,0.2177
0.8642,0.2177
0.8647,0.2177
0.8653,0.2177
0.8658,0.2177
0.8663,0.2177
0.8668,0.2177
0.8674,0.2177
0.8679,0.2228
0.8684,0.2228
0.8689,0.2228
0.8695,0.2228
0.8700,0.2228
0.8705,0.2228
0.8710,0.2177
0.8716,0.2177
0.8721,0.2177
0.8726,0.2177
0.8731,0.2228
0.8736,0.2177
0.8742,0.2177
0.8747,0.2177
0.8752,0.2177
0.8757,0.2177
0.8763,0.2177
0.8768,0.2177
0.8773,0.2177
0.8778,0.2177
0.8784,0.2177
0.8789,0.2177
0.8794,0.2177
0.8799,0.2177
0.8805,0.2177
0.8810,0.2228
0.8815,0.2228
0.8820,0.2228
0.8826,0.2177
0.8831,0.2228
0.8836,0.2228
0.8841,0.2177
0.8847,0.2177
0.8852,0.2228
0.8857,0.2177
0.8862,0.2177
0.8868,0.2127
0.8873,0.2228
0.8878,0.2177
0.8883,0.2177
0.8888,0.2177
0.8894,0.2127
0.8899,0.2228
0.8904,0.2177
0.8909,0.2177
0.8915,0.2177
0.8920,0.2228
0.8925,0.2228
0.8930,0.2177
0.8936,0.2228
0.8941,0.2177
0.8946,0.2177
0.8951,0.2228
0.8957,0.2177
0.8962,0.2177
0.8967,0.2177
0.8972,0.2177
0.8977,0.2177
0.8983,0.2177
0.8988,0.2177
0.8993,0.2228
0.8998,0.2228
0.9004,0.2177
0.9009,0.2177
0.9014,0.2228
0.9019,0.2228
0.9025,0.2177
0.9030,0.2228
0.9035,0.2177
0.9040,0.2177
0.9046,0.2228
0.9051,0.2228
0.9056,0.2228
0.9061,0.2177
0.9066,0.2177
0.9072,0.2177
0.9077,0.2177
0.9082,0.2177
0.9087,0.2177
0.9093,0.2127
0.9098,0.2177
0.9103,0.2177
0.9108,0.2177
0.9114,0.2177
0.9119,0.2228
0.9124,0.2228
0.9129,0.2228
0.9135,0.2228
0.9140,0.2177
0.9145,0.2177
0.9150,0.2228
0.9155,0.2228
0.9161,0.2177
0.9166,0.2228
0.9171,0.2177
0.9176,0.2127
0.9182,0.2177
0.9187,0.2177
0.9192,0.2177
0.9197,0.2177
0.9203,0.2177
0.9208,0.2177
0.9213,0.2228
0.9218,0.2177
0.9224,0.2177
0.9229,0.2228
0.9234,0.2228
0.9239,0.2177
0.9244,0.2177
0.9250,0.2127
0.9255,0.2177
0.9260,0.2177
0.9265,0.2177
0.9271,0.2177
0.9276,0.2177
0.9281,0.2228
0.9286,0.2177
0.9292,0.2177
0.9297,0.2177
0.9302,0.2177
0.9307,0.2177
0.9313,0.2228
0.9318,0.2177
0.9323,0.2228
0.9328,0.2177
0.9333,0.2228
0.9339,0.2228
0.9344,0.2177
0.9349,0.2228
0.9354,0.2177
0.9360,0.2177
0.9365,0.2228
0.9370,0.2177
0.9375,0.2228
0.9381,0.2228
0.9386,0.2177
0.9391,0.2177
0.9396,0.2228
0.9402,0.2228
0.9407,0.2177
0.9412,0.2177
0.9417,0.2177
0.9422,0.2177
0.9428,0.2177
0.9433,0.2177
0.9438,0.2177
0.9444,0.2177
0.9449,0.2177
0.9454,0.2228
0.9459,0.2177
0.9465,0.2177
0.9470,0.2228
0.9475,0.2279
0.9480,0.2228
0.9486,0.2228
0.9491,0.2177
0.9496,0.2228
0.9501,0.2177
0.9507,0.2177
0.9512,0.2177
0.9517,0.2177
0.9522,0.2177
0.9527,0.2228
0.9533,0.2177
0.9538,0.2177
0.9543,0.2177
0.9548,0.2177
0.9554,0.2228
0.9559,0.2228
0.9564,0.2177
0.9569,0.2228
0.9575,0.2228
0.9580,0.2177
0.9585,0.2228
0.9590,0.2228
0.9596,0.2228
0.9601,0.2177
0.9606,0.2177
0.9611,0.2177
0.9616,0.2177
0.9622,0.2177
0.9627,0.2177
0.9632,0.2228
0.9637,0.2228
0.9643,0.2177
0.9648,0.2228
0.9653,0.2177
0.9658,0.2228
0.9664,0.2177
0.9669,0.2177
0.9674,0.2177
0.9679,0.2177
0.9685,0.2228
0.9690,0.2177
0.9695,0.2177
0.9700,0.2177
0.9706,0.2177
0.9711,0.2177
0.9716,0.2228
0.9721,0.2228
0.9727,0.2177
0.9732,0.2177
0.9737,0.2228
0.9742,0.2177
0.9747,0.2228
0.9753,0.2228
0.9758,0.2228
0.9763,0.2228
0.9768,0.2177
0.9774,0.2177
0.9779,0.2177
0.9784,0.2177
0.9789,0.2228
0.9794,0.2279
0.9800,0.2228
0.9805,0.2177
0.9810,0.2177
0.9815,0.2177
0.9820,0.2177
0.9826,0.2177
0.9831,0.2228
0.9836,0.2228
0.9841,0.2228
0.9847,0.2228
0.9852,0.2228
0.9857,0.2177
0.9862,0.2228
0.9868,0.2228
0.9873,0.2177
0.9878,0.2177
0.9883,0.2177
0.9888,0.2127
0.9894,0.2177
0.9899,0.2177
0.9904,0.2177
0.9909,0.2177
0.9915,0.2177
0.9921,0.2177
0.9926,0.2228
0.9931,0.2228
0.9937,0.2177
0.9943,0.2228
0.9948,0.2177
0.9954,0.2177
0.9959,0.2177
0.9965,0.2177
0.9971,0.2228
0.9976,0.2228
0.9982,0.2177
0.9987,0.2228
0.9993,0.2177
0.9999,0.2228
1.0004,0.2228
1.0010,0.2177
1.0015,0.2177
1.0021,0.2177
1.0026,0.2177
1.0032,0.2228
1.0038,0.2177
1.0043,0.2177
1.0049,0.2228
1.0054,0.2177
1.0060,0.2228
1.0066,0.2177
1.0071,0.2177
1.0077,0.2228
1.0082,0.2228
1.0088,0.2228
1.0094,0.2177
1.0099,0.2228
1.0105,0.2228
1.0110,0.2177
1.0116,0.2177
1.0122,0.2228
1.0127,0.2228
1.0133,0.2228
1.0138,0.2177
1.0144,0.2228
1.0150,0.2177
1.0155,0.2177
1.0161,0.2177
1.0167,0.2228
1.0172,0.2228
1.0178,0.2177
1.0183,0.2228
1.0189,0.2228
1.0195,0.2177
1.0200,0.2228
1.0206,0.2228
1.0211,0.2177
1.0217,0.2177
1.0222,0.2177
1.0228,0.2177
1.0234,0.2228
1.0240,0.2177
1.0245,0.2228
1.0251,0.2228
1.0256,0.2177
1.0262,0.2228
1.0268,0.2228
1.0273,0.2177
1.0279,0.2279
1.0284,0.2177
1.0290,0.2177
1.0296,0.2177
1.0301,0.2177
1.0307,0.2228
1.0312,0.2228
1.0318,0.2228
1.0324,0.2177
1.0329,0.2228
1.0335,0.2177
1.0340,0.2177
1.0346,0.2177
1.0351,0.2177
1.0357,0.2177
1.0363,0.2177
1.0368,0.2177
1.0374,0.2228
1.0379,0.2177
1.0385,0.2228
1.0391,0.2177
1.0396,0.2228
1.0402,0.2177
1.0407,0.2177
1.0413,0.2228
1.0419,0.2177
1.0424,0.2177
1.0430,0.2177
1.0435,0.2177
1.0441,0.2228
1.0447,0.2177
1.0452,0.2177
1.0458,0.2228
1.0463,0.2177
1.0469,0.2177
1.0474,0.2177
1.0480,0.2177
1.0486,0.2177
1.0491,0.2177
1.0497,0.2177
1.0502,0.2228
1.0508,0.2177
1.0514,0.2177
1.0519,0.2177
1.0525,0.2228
1.0530,0.2177
1.0536,0.2228
1.0542,0.2228
1.0547,0.2177
1.0553,0.2177
1.0558,0.2228
1.0564,0.2228
1.0570,0.2177
1.0575,0.2177
1.0581,0.2177
1.0586,0.2177
1.0592,0.2228
1.0597,0.2228
1.0603,0.2228
1.0609,0.2228
1.0614,0.2177
1.0620,0.2228
1.0625,0.2177
1.0631,0.2177
1.0637,0.2177
1.0642,0.2228
1.0648,0.2177
1.0653,0.2177
1.0659,0.2177
1.0665,0.2177
1.0670,0.2177
1.0676,0.2177
1.0681,0.2228
1.0687,0.2177
1.0692,0.2228
1.0698,0.2177
1.0704,0.2228
1.0709,0.2228
1.0715,0.2228
1.0720,0.2228
1.0726,0.2177
1.0732,0.2177
1.0737,0.2177
1.0743,0.2228
1.0748,0.2177
1.0754,0.2177
1.0760,0.2177
1.0765,0.2228
1.0771,0.2177
1.0776,0.2177
1.0782,0.2228
1.0788,0.2177
1.0793,0.2177
1.0799,0.2177
1.0804,0.2228
1.0810,0.2177
1.0815,0.2177
1.0821,0.2177
1.0827,0.2177
1.0832,0.2177
1.0838,0.2177
1.0843,0.2228
1.0849,0.2177
1.0855,0.2177
1.0860,0.2177
1.0866,0.2177
1.0872,0.2177
1.0877,0.2177
1.0883,0.2177
1.0888,0.2228
1.0894,0.2228
1.0900,0.2228
1.0905,0.2177
1.0911,0.2177
1.0916,0.2177
1.0924,0.2228
1.0929,0.2177
1.0935,0.2177
1.0940,0.2177
1.0946,0.2177
1.0952,0.2177
1.0957,0.2177
1.0963,0.2177
1.0968,0.2177
1.0974,0.2228
1.0979,0.2177
1.0985,0.2177
1.0990,0.2228
1.0996,0.2177
1.1001,0.2177
1.1007,0.2228
1.1012,0.2177
1.1018,0.2177
1.1023,0.2177
1.1029,0.2228
1.1034,0.2177
1.1040,0.2177
1.1045,0.2228
1.1051,0.2228
1.1056,0.2228
1.1062,0.2228
1.1067,0.2228
1.1073,0.2177
1.1078,0.2177
1.1084,0.2177
1.1089,0.2177
1.1095,0.2228
1.1100,0.2177
1.1106,0.2228
1.1111,0.2177
1.1117,0.2177
1.1122,0.2228
1.1128,0.2228
1.1133,0.2177
1.1139,0.2177
1.1144,0.2228
1.1150,0.2177
1.1155,0.2177
1.1161,0.2228
1.1166,0.2228
1.1172,0.2228
1.1177,0.2177
1.1183,0.2228
1.1189,0.2177
1.1195,0.2228
1.1200,0.2228
1.1206,0.2177
1.1212,0.2228
1.1218,0.2228
1.1224,0.2177
1.1230,0.2177
1.1235,0.2228
1.1241,0.2177
1.1246,0.2228
1.1252,0.2177
1.1258,0.2177
1.1264,0.2177
1.1269,0.2177
1.1275,0.2228
1.1280,0.2228
1.1286,0.2228
1.1292,0.2228
1.1297,0.2177
1.1303,0.2177
1.1308,0.2177
1.1314,0.2127
1.1319,0.2177
1.1325,0.2177
1.1330,0.2228
1.1336,0.2177
1.1341,0.2177
1.1347,0.2177
1.1353,0.2228
1.1358,0.2228
1.1364,0.2228
1.1370,0.2177
1.1376,0.2228
1.1382,0.2177
1.1388,0.2177
1.1393,0.2228
1.1399,0.2228
1.1405,0.2228
1.1410,0.2177
1.1416,0.2228
1.1422,0.2228
1.1427,0.2228
1.1433,0.2177
1.1438,0.2279
1.1444,0.2177
1.1449,0.2177
1.1455,0.2228
1.1460,0.2177
1.1466,0.2228
1.1471,0.2228
1.1477,0.2228
1.1482,0.2177
1.1488,0.2177
1.1493,0.2177
1.1499,0.2177
1.1504,0.2177
1.1510,0.2228
1.1515,0.2177
1.1521,0.2228
1.1526,0.2228
1.1532,0.2177
1.1537,0.2177
1.1543,0.2177
1.1548,0.2228
1.1554,0.2177
1.1559,0.2228
1.1565,0.2177
1.1570,0.2228
1.1576,0.2177
1.1581,0.2177
1.1587,0.2177
1.1592,0.2177
1.1598,0.2177
1.1603,0.2228
1.1609,0.2177
1.1614,0.2228
1.1620,0.2177
1.1626,0.2228
1.1631,0.2177
1.1637,0.2228
1.1642,0.2228
1.1648,0.2228
1.1653,0.2177
1.1658,0.2177
1.1664,0.2177
1.1669,0.2177
1.1675,0.2228
1.1680,0.2228
1.1686,0.2177
1.1691,0.2228
1.1697,0.2177
1.1702,0.2228
1.1708,0.2177
1.1713,0.2228
1.1719,0.2228
1.1725,0.2228
1.1730,0.2177
1.1736,0.2228
1.1741,0.2177
1.1747,0.2228
1.1752,0.2177
1.1758,0.2177
1.1763,0.2177
1.1769,0.2228
1.1774,0.2177
1.1780,0.2177
1.1785,0.2228
1.1790,0.2177
1.1796,0.2228
1.1801,0.2228
1.1807,0.2228
1.1812,0.2177
1.1818,0.2177
1.1823,0.2228
1.1829,0.2177
1.1834,0.2228
1.1840,0.2228
1.1845,0.2228
1.1851,0.2228
1.1856,0.2228
1.1861,0.2177
1.1867,0.2228
1.1872,0.2228
1.1878,0.2177
1.1883,0.2228
1.1889,0.2177
1.1894,0.2177
1.1900,0.2177
1.1905,0.2228
1.1911,0.2177
1.1916,0.2177
1.1922,0.2228
1.1927,0.2228
1.1932,0.2177
1.1938,0.2177
1.1943,0.2177
1.1949,0.2177
1.1954,0.2177
1.1959,0.2228
1.1965,0.2177
1.1970,0.2177
1.1975,0.2177
1.1981,0.2177
1.1986,0.2279
1.1992,0.2228
1.1997,0.2177
1.2002,0.2228
1.2008,0.2177
1.2013,0.2228
1.2018,0.2177
1.2024,0.2228
1.2029,0.2177
1.2034,0.2228
1.2040,0.2177
1.2045,0.2177
1.2051,0.2177
1.2056,0.2177
1.2061,0.2228
1.2067,0.2228
1.2072,0.2177
1.2078,0.2228
1.2083,0.2228
1.2088,0.2177
1.2094,0.2228
1.2099,0.2228
1.2105,0.2228
1.2110,0.2228
1.2115,0.2228
1.2121,0.2228
1.2126,0.2177
1.2132,0.2177
1.2137,0.2177
1.2142,0.2228
1.2148,0.2177
1.2153,0.2177
1.2158,0.2177
1.2164,0.2279
1.2169,0.2228
1.2174,0.2228
1.2180,0.2177
1.2185,0.2228
1.2190,0.2228
1.2196,0.2228
1.2201,0.2228
1.2207,0.2177
1.2212,0.2228
1.2217,0.2177
1.2223,0.2177
1.2229,0.2177
1.2234,0.2177
1.2239,0.2177
1.2245,0.2177
1.2250,0.2177
1.2256,0.2177
1.2261,0.2228
1.2267,0.2228
1.2272,0.2177
1.2277,0.2177
1.2283,0.2177
1.2288,0.2177
1.2294,0.2228
1.2299,0.2177
1.2304,0.2228
1.2310,0.2177
1.2315,0.2228
1.2321,0.2177
1.2326,0.2228
1.2331,0.2177
1.2337,0.2177
1.2342,0.2228
1.2347,0.2228
1.2353,0.2228
1.2358,0.2177
1.2364,0.2177
1.2369,0.2228
1.2374,0.2228
1.2380,0.2177
1.2385,0.2228
1.2391,0.2228
1.2396,0.2228
1.2401,0.2228
1.2407,0.2228
1.2412,0.2228
1.2418,0.2279
1.2423,0.2127
1.2428,0.2228
1.2434,0.2228
1.2439,0.2177
1.2445,0.2177
1.2450,0.2177
1.2455,0.2177
1.2461,0.2228
1.2466,0.2228
1.2472,0.2228
1.2477,0.2228
1.2482,0.2177
1.2488,0.2177
1.2493,0.2177
1.2499,0.2177
1.2504,0.2228
1.2509,0.2228
1.2515,0.2177
1.2520,0.2177
1.2526,0.2228
1.2531,0.2177
1.2536,0.2177
1.2542,0.2177
1.2547,0.2228
1.2552,0.2177
1.2558,0.2177
1.2563,0.2228
1.2569,0.2177
1.2574,0.2279
1.2579,0.2177
1.2585,0.2228
1.2590,0.2177
1.2596,0.2228
1.2601,0.2177
1.2606,0.2228
1.2612,0.2228
1.2617,0.2228
1.2623,0.2228
1.2628,0.2177
1.2633,0.2177
1.2639,0.2228
1.2644,0.2177
1.2650,0.2177
1.2655,0.2177
1.2660,0.2177
1.2666,0.2177
1.2671,0.2177
1.2676,0.2228
1.2682,0.2228
1.2687,0.2228
1.2692,0.2228
1.2698,0.2228
1.2703,0.2228
1.2708,0.2228
1.2714,0.2177
1.2719,0.2228
1.2725,0.2228
1.2730,0.2177
1.2735,0.2177
1.2741,0.2177
1.2746,0.2228
1.2752,0.2228
1.2757,0.2228
1.2762,0.2228
1.2768,0.2177
1.2773,0.2228
1.2778,0.2177
1.2784,0.2177
1.2790,0.2228
1.2795,0.2177
1.2801,0.2127
1.2806,0.2177
1.2811,0.2228
1.2817,0.2228
1.2822,0.2228
1.2828,0.2177
1.2833,0.2228
1.2838,0.2228
1.2844,0.2228
1.2849,0.2177
1.2854,0.2228
1.2860,0.2228
1.2865,0.2177
1.2871,0.2228
1.2876,0.2228
1.2882,0.2177
1.2887,0.2228
1.2892,0.2177
1.2898,0.2177
1.2903,0.2177
1.2908,0.2177
1.2914,0.2177
1.2919,0.2228
1.2925,0.2177
1.2932,0.2177
1.2937,0.2228
1.2942,0.2177
1.2948,0.2228
1.2954,0.2177
1.2959,0.2177
1.2965,0.2228
1.2970,0.2177
1.2975,0.2228
1.2981,0.2177
1.2986,0.2228
1.2992,0.2177
1.2997,0.2228
1.3003,0.2177
1.3008,0.2228
1.3014,0.2228
1.3019,0.2177
1.3025,0.2228
1.3030,0.2177
1.3036,0.2228
1.3041,0.2177
1.3047,0.2228
1.3052,0.2177
1.3058,0.2228
1.3063,0.2228
1.3069,0.2228
1.3074,0.2228
1.3080,0.2228
1.3085,0.2177
1.3091,0.2228
1.3096,0.2177
1.3102,0.2228
1.3107,0.2177
1.3113,0.2228
1.3118,0.2228
1.3124,0.2228
1.3129,0.2177
1.3135,0.2177
1.3140,0.2228
1.3146,0.2228
1.3151,0.2177
1.3157,0.2228
1.3162,0.2228
1.3168,0.2228
1.3173,0.2228
1.3179,0.2228
1.3184,0.2177
1.3190,0.2228
1.3195,0.2177
1.3201,0.2177
1.3206,0.2177
1.3212,0.2228
1.3217,0.2228
1.3223,0.2177
1.3228,0.2177
1.3234,0.2228
1.3239,0.2228
1.3245,0.2177
1.3250,0.2177
1.3256,0.2228
1.3261,0.2177
1.3267,0.2177
1.3272,0.2177
1.3278,0.2228
1.3283,0.2177
1.3289,0.2279
1.3294,0.2228
1.3300,0.2228
1.3305,0.2177
1.3311,0.2177
1.3316,0.2228
1.3322,0.2228
1.3327,0.2177
1.3333,0.2228
1.3338,0.2177
1.3344,0.2177
1.3349,0.2177
1.3355,0.2279
1.3360,0.2228
1.3366,0.2228
1.3371,0.2177
1.3377,0.2228
1.3382,0.2228
1.3388,0.2228
1.3393,0.2228
1.3399,0.2228
1.3404,0.2177
1.3410,0.2177
1.3415,0.2228
1.3421,0.2177
1.3426,0.2228
1.3432,0.2228
1.3437,0.2177
1.3443,0.2228
1.3448,0.2177
1.3454,0.2228
1.3459,0.2177
1.3465,0.2228
1.3470,0.2228
1.3476,0.2228
1.3481,0.2177
1.3487,0.2228
1.3492,0.2228
1.3498,0.2177
1.3503,0.2228
1.3509,0.2177
1.3514,0.2228
1.3520,0.2228
1.3525,0.2228
1.3531,0.2228
1.3536,0.2177
1.3542,0.2177
1.3547,0.2228
1.3553,0.2228
1.3558,0.2177
1.3564,0.2228
1.3569,0.2228
1.3575,0.2177
1.3580,0.2228
1.3586,0.2177
1.3591,0.2177
1.3597,0.2228
1.3602,0.2228
1.3608,0.2228
1.3613,0.2228
1.3619,0.2228
1.3624,0.2177
1.3630,0.2279
1.3635,0.2228
1.3641,0.2228
1.3646,0.2177
1.3652,0.2228
1.3657,0.2127
1.3663,0.2177
1.3668,0.2228
1.3674,0.2177
1.3679,0.2228
1.3685,0.2177
1.3690,0.2177
1.3696,0.2177
1.3701,0.2177
1.3707,0.2177
1.3712,0.2228
1.3718,0.2177
1.3723,0.2177
1.3729,0.2177
1.3734,0.2177
1.3740,0.2228
1.3745,0.2177
1.3751,0.2177
1.3756,0.2177
1.3762,0.2177
1.3767,0.2177
1.3773,0.2228
1.3778,0.2177
1.3784,0.2228
1.3789,0.2228
1.3794,0.2228
1.3800,0.2177
1.3805,0.2177
1.3811,0.2177
1.3816,0.2177
1.3822,0.2228
1.3827,0.2228
1.3833,0.2177
1.3838,0.2228
1.3844,0.2279
1.3849,0.2228
1.3855,0.2228
1.3860,0.2177
1.3866,0.2177
1.3871,0.2177
1.3877,0.2228
1.3882,0.2228
1.3888,0.2228
1.3893,0.2228
1.3899,0.2177
1.3904,0.2228
1.3910,0.2228
1.3915,0.2228
1.3921,0.2228
1.3926,0.2177
1.3932,0.2177
1.3937,0.2177
1.3943,0.2177
1.3948,0.2177
1.3954,0.2177
1.3959,0.2228
1.3965,0.2228
1.3970,0.2228
1.3976,0.2228
1.3981,0.2228
1.3987,0.2228
1.3992,0.2177
1.3998,0.2177
1.4003,0.2177
1.4009,0.2228
1.4014,0.2228
1.4020,0.2177
1.4025,0.2177
1.4031,0.2177
1.4036,0.2228
1.4042,0.2177
1.4048,0.2177
1.4054,0.2177
1.4060,0.2228
1.4065,0.2228
1.4071,0.2228
1.4077,0.2177
1.4082,0.2228
1.4088,0.2279
1.4094,0.2228
1.4099,0.2228
1.4105,0.2177
1.4111,0.2177
1.4119,0.2228
1.4125,0.2177
1.4131,0.2228
1.4137,0.2177
1.4142,0.2177
1.4148,0.2228
1.4154,0.2177
1.4160,0.2177
1.4165,0.2177
1.4171,0.2228
1.4176,0.2177
1.4182,0.2228
1.4187,0.2228
1.4193,0.2177
1.4198,0.2228
1.4203,0.2177
1.4209,0.2228
1.4214,0.2177
1.4220,0.2228
1.4225,0.2177
1.4231,0.2228
1.4236,0.2228
1.4242,0.2228
1.4247,0.2177
1.4253,0.2228
1.4258,0.2177
1.4264,0.2228
1.4269,0.2279
1.4274,0.2228
1.4287,0.2228
1.4292,0.2228
1.4298,0.2177
1.4303,0.2228
1.4309,0.2228
1.4314,0.2279
1.4320,0.2228
1.4325,0.2177
1.4331,0.2228
1.4336,0.2279
1.4342,0.2228
1.4347,0.2228
1.4353,0.2279
1.4358,0.2228
1.4364,0.2228
1.4369,0.2279
1.4375,0.2228
1.4380,0.2228
1.4386,0.2279
1.4391,0.2279
1.4397,0.2279
1.4402,0.2279
1.4407,0.2329
1.4413,0.2279
1.4418,0.2279
1.4424,0.2279
1.4429,0.2279
1.4435,0.2329
1.4440,0.2279
1.4446,0.2279
1.4451,0.2329
1.4457,0.2228
1.4462,0.2329
1.4468,0.2279
1.4473,0.2329
1.4478,0.2329
1.4484,0.2279
1.4489,0.2279
1.4495,0.2279
1.4500,0.2329
1.4506,0.2329
1.4511,0.2279
1.4517,0.2329
1.4522,0.2329
1.4528,0.2380
1.4533,0.2329
1.4539,0.2329
1.4544,0.2329
1.4550,0.2380
1.4555,0.2380
1.4561,0.2329
1.4566,0.2329
1.4572,0.2380
1.4577,0.2329
1.4583,0.2329
1.4588,0.2329
1.4594,0.2380
1.4599,0.2329
1.4605,0.2380
1.4610,0.2430
1.4616,0.2380
1.4621,0.2380
1.4627,0.2380
1.4632,0.2329
1.4638,0.2380
1.4643,0.2430
1.4649,0.2380
1.4654,0.2430
1.4659,0.2430
1.4665,0.2430
1.4670,0.2481
1.4676,0.2430
1.4681,0.2430
1.4687,0.2430
1.4692,0.2430
1.4698,0.2430
1.4703,0.2430
1.4709,0.2481
1.4714,0.2481
1.4720,0.2430
1.4725,0.2430
1.4731,0.2481
1.4736,0.2481
1.4742,0.2430
1.4747,0.2481
1.4753,0.2481
1.4758,0.2481
1.4764,0.2481
1.4769,0.2481
1.4775,0.2481
1.4780,0.2532
1.4786,0.2532
1.4791,0.2532
1.4797,0.2481
1.4802,0.2532
1.4808,0.2532
1.4813,0.2532
1.4819,0.2532
1.4824,0.2532
1.4830,0.2582
1.4835,0.2532
1.4841,0.2532
1.4846,0.2582
1.4852,0.2532
1.4857,0.2582
1.4863,0.2532
1.4868,0.2582
1.4874,0.2532
1.4879,0.2582
1.4885,0.2582
1.4890,0.2582
1.4896,0.2582
1.4901,0.2633
1.4907,0.2582
1.4912,0.2684
1.4918,0.2582
1.4923,0.2582
1.4929,0.2684
1.4934,0.2684
1.4940,0.2684
1.4945,0.2633
1.4951,0.2633
1.4956,0.2734
1.4962,0.2684
1.4967,0.2684
1.4973,0.2633
1.4978,0.2684
1.4984,0.2734
1.4989,0.2734
1.4995,0.2684
1.5000,0.2734
1.5006,0.2734
1.5012,0.2684
1.5017,0.2734
1.5023,0.2734
1.5028,0.2734
1.5034,0.2734
1.5039,0.2785
1.5045,0.2734
1.5050,0.2734
1.5056,0.2785
1.5062,0.2836
1.5067,0.2785
1.5073,0.2785
1.5078,0.2785
1.5084,0.2785
1.5089,0.2785
1.5095,0.2836
1.5100,0.2836
1.5106,0.2836
1.5111,0.2836
1.5117,0.2886
1.5122,0.2785
1.5128,0.2836
1.5133,0.2886
1.5139,0.2886
1.5144,0.2836
1.5150,0.2886
1.5155,0.2886
1.5160,0.2886
1.5166,0.2886
1.5171,0.2886
1.5177,0.2937
1.5182,0.2886
1.5188,0.2937
1.5193,0.2937
1.5199,0.2937
1.5204,0.2937
1.5210,0.2937
1.5215,0.2937
1.5221,0.2987
1.5226,0.2937
1.5232,0.2987
1.5237,0.2987
1.5243,0.2937
1.5248,0.2987
1.5254,0.2987
1.5259,0.2987
1.5265,0.3038
1.5270,0.3038
1.5276,0.3038
1.5281,0.3038
1.5287,0.3038
1.5292,0.3038
1.5298,0.3089
1.5303,0.3038
1.5309,0.3038
1.5314,0.3038
1.5320,0.3089
1.5325,0.3139
1.5331,0.3089
1.5336,0.3089
1.5342,0.3139
1.5347,0.3139
1.5353,0.3139
1.5358,0.3139
1.5364,0.3139
1.5369,0.3139
1.5375,0.3139
1.5380,0.3139
1.5386,0.3190
1.5391,0.3190
1.5397,0.3190
1.5402,0.3241
1.5408,0.3190
1.5413,0.3241
1.5419,0.3241
1.5424,0.3241
1.5430,0.3190
1.5435,0.3241
1.5441,0.3241
1.5446,0.3241
1.5452,0.3291
1.5457,0.3241
1.5463,0.3291
1.5468,0.3291
1.5474,0.3291
1.5479,0.3291
1.5485,0.3342
1.5490,0.3291
1.5496,0.3342
1.5501,0.3342
1.5507,0.3342
1.5512,0.3393
1.5518,0.3342
1.5523,0.3393
1.5529,0.3342
1.5534,0.3393
1.5540,0.3393
1.5545,0.3393
1.5551,0.3393
1.5556,0.3443
1.5562,0.3443
1.5567,0.3443
1.5573,0.3494
1.5579,0.3494
1.5584,0.3494
1.5590,0.3494
1.5595,0.3494
1.5601,0.3544
1.5606,0.3494
1.5612,0.3494
1.5617,0.3544
1.5623,0.3595
1.5629,0.3595
1.5634,0.3595
1.5640,0.3595
1.5645,0.3595
1.5651,0.3595
1.5656,0.3646
1.5662,0.3646
1.5667,0.3646
1.5673,0.3696
1.5678,0.3646
1.5684,0.3646
1.5689,0.3696
1.5695,0.3696
1.5700,0.3696
1.5706,0.3696
1.5711,0.3696
1.5717,0.3747
1.5722,0.3747
1.5728,0.3747
1.5733,0.3747
1.5739,0.3798
1.5744,0.3798
1.5750,0.3747
1.5755,0.3798
1.5761,0.3798
1.5766,0.3798
1.5772,0.3798
1.5777,0.3798
1.5783,0.3848
1.5788,0.3848
1.5794,0.3848
1.5799,0.3848
1.5804,0.3899
1.5810,0.3899
1.5815,0.3899
1.5821,0.3950
1.5826,0.3899
1.5832,0.3950
1.5837,0.3950
1.5843,0.4000
1.5848,0.3950
1.5854,0.4000
1.5859,0.3950
1.5865,0.4000
1.5870,0.4000
1.5876,0.4000
1.5881,0.4051
1.5887,0.4051
1.5892,0.4000
1.5898,0.4051
1.5903,0.4051
1.5909,0.4101
1.5914,0.4101
1.5920,0.4101
1.5925,0.4152
1.5931,0.4152
1.5936,0.4152
1.5942,0.4203
1.5948,0.4203
1.5953,0.4203
1.5959,0.4152
1.5964,0.4203
1.5970,0.4203
1.5975,0.4253
1.5981,0.4203
1.5986,0.4253
1.5992,0.4253
1.5997,0.4304
1.6003,0.4304
1.6008,0.4304
1.6014,0.4304
1.6019,0.4355
1.6025,0.4355
1.6030,0.4355
1.6036,0.4405
1.6041,0.4405
1.6047,0.4355
1.6052,0.4405
1.6058,0.4405
1.6063,0.4405
1.6069,0.4405
1.6074,0.4405
1.6079,0.4456
1.6085,0.4405
1.6090,0.4456
1.6096,0.4507
1.6101,0.4456
1.6107,0.4507
1.6112,0.4557
1.6118,0.4557
1.6123,0.4557
1.6129,0.4557
1.6134,0.4557
1.6140,0.4557
1.6145,0.4608
1.6151,0.4608
1.6156,0.4608
1.6162,0.4658
1.6167,0.4608
1.6173,0.4658
1.6178,0.4658
1.6184,0.4658
1.6192,0.4709
1.6198,0.4709
1.6204,0.4709
1.6210,0.4709
1.6216,0.4709
1.6221,0.4760
1.6227,0.4760
1.6233,0.4760
1.6238,0.4760
1.6244,0.4810
1.6249,0.4861
1.6255,0.4810
1.6261,0.4861
1.6266,0.4810
1.6272,0.4861
1.6277,0.4861
1.6283,0.4861
1.6289,0.4912
1.6295,0.4912
1.6300,0.4912
1.6306,0.4962
1.6311,0.4962
1.6317,0.4962
1.6322,0.5013
1.6328,0.5013
1.6333,0.5013
1.6339,0.5013
1.6345,0.5013
1.6350,0.5064
1.6356,0.5064
1.6362,0.5114
1.6368,0.5064
1.6374,0.5114
1.6379,0.5114
1.6385,0.5114
1.6391,0.5165
1.6397,0.5165
1.6403,0.5114
1.6409,0.5165
1.6414,0.5165
1.6420,0.5215
1.6426,0.5215
1.6431,0.5215
1.6437,0.5215
1.6442,0.5266
1.6448,0.5266
1.6454,0.5266
1.6460,0.5266
1.6466,0.5317
1.6471,0.5317
1.6477,0.5367
1.6482,0.5367
1.6488,0.5317
1.6493,0.5367
1.6499,0.5418
1.6504,0.5367
1.6510,0.5418
1.6515,0.5418
1.6521,0.5469
1.6526,0.5469
1.6532,0.5469
1.6537,0.5469
1.6543,0.5469
1.6548,0.5519
1.6554,0.5519
1.6559,0.5469
1.6565,0.5519
1.6570,0.5519
1.6576,0.5570
1.6581,0.5519
1.6587,0.5570
1.6592,0.5621
1.6598,0.5570
1.6603,0.5621
1.6609,0.5621
1.6614,0.5621
1.6620,0.5671
1.6626,0.5671
1.6631,0.5722
1.6637,0.5722
1.6642,0.5671
1.6648,0.5772
1.6653,0.5722
1.6659,0.5772
1.6664,0.5722
1.6670,0.5772
1.6675,0.5772
1.6681,0.5823
1.6686,0.5823
1.6692,0.5823
1.6697,0.5874
1.6703,0.5823
1.6708,0.5874
1.6714,0.5924
1.6719,0.5874
1.6725,0.5924
1.6730,0.5924
1.6736,0.5975
1.6741,0.5874
1.6747,0.5924
1.6752,0.5924
1.6758,0.5975
1.6763,0.5975
1.6769,0.5975
1.6774,0.6026
1.6780,0.5975
1.6785,0.6026
1.6791,0.6026
1.6796,0.6026
1.6802,0.6076
1.6807,0.6026
1.6813,0.6076
1.6818,0.6127
1.6824,0.6076
1.6829,0.6127
1.6835,0.6127
1.6840,0.6127
1.6846,0.6127
1.6851,0.6127
1.6857,0.6178
1.6862,0.6178
1.6868,0.6178
1.6873,0.6228
1.6879,0.6228
1.6884,0.6228
1.6890,0.6279
1.6895,0.6279
1.6901,0.6329
1.6906,0.6228
1.6912,0.6279
1.6917,0.6279
1.6923,0.6279
1.6929,0.6279
1.6934,0.6329
1.6940,0.6329
1.6945,0.6329
1.6952,0.6329
1.6957,0.6329
1.6963,0.6380
1.6968,0.6329
1.6974,0.6329
1.6979,0.6380
1.6985,0.6329
1.6990,0.6380
1.6996,0.6431
1.7001,0.6431
1.7006,0.6431
1.7012,0.6431
1.7017,0.6431
1.7023,0.6431
1.7028,0.6431
1.7034,0.6481
1.7039,0.6481
1.7045,0.6481
1.7050,0.6481
1.7056,0.6481
1.7061,0.6481
1.7066,0.6583
1.7072,0.6481
1.7077,0.6532
1.7083,0.6532
1.7088,0.6532
1.7094,0.6583
1.7099,0.6583
1.7105,0.6583
1.7110,0.6583
1.7115,0.6583
1.7121,0.6583
1.7126,0.6532
1.7132,0.6583
1.7137,0.6583
1.7143,0.6532
1.7148,0.6583
1.7153,0.6583
1.7159,0.6583
1.7165,0.6583
1.7170,0.6633
1.7176,0.6583
1.7181,0.6633
1.7186,0.6633
1.7192,0.6633
1.7197,0.6633
1.7203,0.6583
1.7208,0.6633
1.7214,0.6633
1.7219,0.6633
1.7224,0.6583
1.7230,0.6633
1.7235,0.6633
1.7241,0.6633
1.7246,0.6633
1.7252,0.6633
1.7257,0.6633
1.7263,0.6633
1.7268,0.6684
1.7273,0.6633
1.7279,0.6684
1.7284,0.6633
1.7290,0.6633
1.7295,0.6583
1.7301,0.6684
1.7306,0.6633
1.7311,0.6633
1.7317,0.6633
1.7322,0.6684
1.7328,0.6633
1.7333,0.6633
1.7339,0.6633
1.7344,0.6583
1.7350,0.6583
1.7355,0.6583
1.7360,0.6633
1.7366,0.6583
1.7371,0.6633
1.7377,0.6633
1.7382,0.6633
1.7388,0.6633
1.7393,0.6583
1.7399,0.6633
1.7404,0.6583
1.7409,0.6583
1.7415,0.6583
1.7420,0.6583
1.7426,0.6583
1.7431,0.6583
1.7437,0.6583
1.7442,0.6583
1.7448,0.6532
1.7453,0.6583
1.7458,0.6532
1.7464,0.6532
1.7469,0.6583
1.7475,0.6583
1.7480,0.6532
1.7486,0.6532
1.7491,0.6583
1.7496,0.6583
1.7502,0.6532
1.7507,0.6532
1.7513,0.6532
1.7518,0.6532
1.7524,0.6532
1.7529,0.6481
1.7535,0.6532
1.7540,0.6481
1.7545,0.6481
1.7551,0.6532
1.7556,0.6532
1.7562,0.6481
1.7567,0.6532
1.7573,0.6481
1.7578,0.6532
1.7584,0.6431
1.7589,0.6532
1.7594,0.6481
1.7600,0.6481
1.7605,0.6481
1.7611,0.6481
1.7616,0.6431
1.7622,0.6431
1.7627,0.6481
1.7633,0.6431
1.7638,0.6481
1.7643,0.6481
1.7649,0.6431
1.7654,0.6431
1.7660,0.6431
1.7665,0.6431
1.7671,0.6481
1.7676,0.6431
1.7682,0.6431
1.7687,0.6380
1.7692,0.6431
1.7698,0.6431
1.7703,0.6431
1.7709,0.6481
1.7714,0.6431
1.7720,0.6431
1.7725,0.6431
1.7731,0.6431
1.7736,0.6431
1.7741,0.6431
1.7747,0.6431
1.7752,0.6380
1.7758,0.6431
1.7763,0.6431
1.7769,0.6431
1.7774,0.6380
1.7780,0.6380
1.7785,0.6431
1.7790,0.6380
1.7796,0.6380
1.7801,0.6431
1.7807,0.6380
1.7812,0.6380
1.7818,0.6380
1.7823,0.6380
1.7829,0.6380
1.7834,0.6431
1.7839,0.6431
1.7845,0.6380
1.7850,0.6380
1.7856,0.6380
1.7861,0.6380
1.7867,0.6329
1.7872,0.6380
1.7878,0.6380
1.7883,0.6380
1.7889,0.6380
1.7894,0.6380
1.7899,0.6380
1.7905,0.6329
1.7910,0.6380
1.7916,0.6380
1.7921,0.6380
1.7927,0.6329
1.7932,0.6329
1.7938,0.6380
1.7943,0.6380
1.7948,0.6329
1.7954,0.6380
1.7960,0.6380
1.7966,0.6329
1.7971,0.6329
1.7977,0.6329
1.7982,0.6380
1.7988,0.6329
1.7993,0.6380
1.7999,0.6329
1.8004,0.6329
1.8010,0.6380
1.8015,0.6329
1.8021,0.6329
1.8026,0.6329
1.8032,0.6329
1.8037,0.6329
1.8043,0.6329
1.8048,0.6329
1.8054,0.6329
1.8059,0.6329
1.8065,0.6329
1.8070,0.6329
1.8076,0.6329
1.8082,0.6329
1.8087,0.6329
1.8093,0.6279
1.8098,0.6329
1.8104,0.6329
1.8109,0.6329
1.8115,0.6329
1.8120,0.6329
1.8126,0.6279
1.8131,0.6279
1.8137,0.6329
1.8142,0.6279
1.8148,0.6329
1.8153,0.6279
1.8159,0.6329
1.8164,0.6279
1.8170,0.6329
1.8175,0.6279
1.8181,0.6279
1.8186,0.6279
1.8192,0.6329
1.8197,0.6329
1.8203,0.6279
1.8208,0.6329
1.8214,0.6279
1.8219,0.6329
1.8225,0.6279
1.8230,0.6279
1.8236,0.6279
1.8241,0.6279
1.8247,0.6279
1.8252,0.6279
1.8258,0.6279
1.8263,0.6279
1.8269,0.6279
1.8274,0.6279
1.8280,0.6279
1.8285,0.6279
1.8291,0.6329
1.8296,0.6279
1.8302,0.6279
1.8307,0.6279
1.8313,0.6279
1.8318,0.6228
1.8324,0.6279
1.8330,0.6329
1.8335,0.6279
1.8341,0.6279
1.8346,0.6228
1.8352,0.6228
1.8357,0.6228
1.8363,0.6228
1.8368,0.6279
1.8374,0.6279
1.8379,0.6228
1.8385,0.6228
1.8390,0.6228
1.8396,0.6279
1.8401,0.6228
1.8407,0.6228
1.8412,0.6279
1.8418,0.6279
1.8423,0.6228
1.8429,0.6279
1.8434,0.6279
1.8440,0.6279
1.8445,0.6228
1.8451,0.6279
1.8456,0.6178
1.8462,0.6279
1.8467,0.6279
1.8473,0.6228
1.8478,0.6228
1.8484,0.6228
1.8489,0.6228
1.8495,0.6279
1.8500,0.6228
1.8506,0.6228
1.8511,0.6279
1.8517,0.6228
1.8522,0.6228
1.8528,0.6279
1.8533,0.6279
1.8539,0.6228
1.8544,0.6178
1.8550,0.6279
1.8556,0.6228
1.8561,0.6228
1.8567,0.6228
1.8572,0.6228
1.8578,0.6279
1.8583,0.6228
1.8589,0.6228
1.8594,0.6228
1.8600,0.6228
1.8605,0.6228
1.8611,0.6228
1.8616,0.6178
1.8622,0.6178
1.8627,0.6228
1.8633,0.6228
1.8638,0.6228
1.8644,0.6228
1.8649,0.6178
1.8655,0.6178
1.8660,0.6228
1.8666,0.6228
1.8671,0.6228
1.8677,0.6178
1.8682,0.6228
1.8688,0.6178
1.8693,0.6228
1.8699,0.6178
1.8704,0.6228
1.8710,0.6228
1.8715,0.6178
1.8721,0.6178
1.8726,0.6178
1.8732,0.6178
1.8737,0.6228
1.8743,0.6178
1.8748,0.6178
1.8754,0.6178
1.8759,0.6178
1.8765,0.6178
1.8770,0.6178
1.8776,0.6178
1.8781,0.6178
1.8787,0.6228
1.8792,0.6178
1.8798,0.6178
1.8803,0.6178
1.8809,0.6178
1.8814,0.6178
1.8820,0.6178
1.8825,0.6178
1.8831,0.6178
1.8836,0.6178
1.8842,0.6178
1.8847,0.6178
1.8853,0.6178
1.8858,0.6178
1.8864,0.6178
1.8869,0.6178
1.8875,0.6178
1.8880,0.6178
1.8886,0.6178
1.8891,0.6127
1.8897,0.6178
1.8902,0.6178
1.8908,0.6178
1.8913,0.6178
1.8919,0.6127
1.8924,0.6178
1.8930,0.6127
1.8936,0.6127
1.8941,0.6178
1.8947,0.6228
1.8952,0.6178
1.8958,0.6178
1.8964,0.6178
1.8969,0.6178
1.8975,0.6178
1.8980,0.6178
1.8986,0.6178
1.8991,0.6228
1.8997,0.6178
1.9002,0.6178
1.9008,0.6178
1.9013,0.6178
1.9019,0.6178
1.9024,0.6178
1.9030,0.6178
1.9035,0.6178
1.9041,0.6178
1.9046,0.6178
1.9052,0.6178
1.9057,0.6178
1.9063,0.6127
1.9068,0.6127
1.9074,0.6127
1.9079,0.6178
1.9085,0.6178
1.9090,0.6127
1.9096,0.6178
1.9101,0.6178
1.9107,0.6178
1.9112,0.6127
1.9118,0.6178
1.9123,0.6178
1.9129,0.6178
1.9134,0.6127
1.9140,0.6178
1.9145,0.6178
1.9151,0.6127
1.9156,0.6127
1.9162,0.6178
1.9167,0.6127
1.9173,0.6178
1.9178,0.6127
1.9184,0.6127
1.9189,0.6127
1.9195,0.6127
1.9200,0.6127
1.9206,0.6127
1.9211,0.6127
1.9217,0.6127
1.9222,0.6178
1.9228,0.6178
1.9233,0.6127
1.9239,0.6228
1.9244,0.6127
1.9250,0.6178
1.9256,0.6127
1.9261,0.6127
1.9267,0.6127
1.9272,0.6127
1.9278,0.6127
1.9283,0.6127
1.9289,0.6076
1.9294,0.6076
1.9300,0.6178
1.9305,0.6127
1.9311,0.6127
1.9316,0.6127
1.9322,0.6127
1.9327,0.6127
1.9333,0.6127
1.9338,0.6127
1.9344,0.6127
1.9349,0.6076
1.9355,0.6127
1.9360,0.6127
1.9366,0.6127
1.9371,0.6127
1.9377,0.6127
1.9382,0.6127
1.9388,0.6127
1.9393,0.6127
1.9399,0.6127
1.9404,0.6127
1.9410,0.6127
1.9415,0.6127
1.9421,0.6178
1.9426,0.6127
1.9432,0.6127
1.9437,0.6178
1.9443,0.6127
1.9448,0.6076
1.9454,0.6076
1.9459,0.6127
1.9465,0.6127
1.9470,0.6127
1.9476,0.6127
1.9481,0.6127
1.9487,0.6127
1.9492,0.6127
1.9498,0.6127
1.9503,0.6127
1.9509,0.6076
1.9514,0.6127
1.9520,0.6127
1.9525,0.6127
1.9531,0.6127
1.9536,0.6127
1.9542,0.6127
1.9547,0.6076
1.9553,0.6127
1.9558,0.6127
1.9564,0.6127
1.9569,0.6127
1.9575,0.6127
1.9581,0.6127
1.9586,0.6127
1.9592,0.6127
1.9597,0.6076
1.9603,0.6127
1.9608,0.6127
1.9614,0.6127
1.9619,0.6127
1.9625,0.6127
1.9630,0.6076
1.9636,0.6127
1.9641,0.6076
1.9647,0.6127
1.9652,0.6127
1.9658,0.6076
1.9663,0.6127
1.9669,0.6127
1.9674,0.6127
1.9680,0.6127
1.9685,0.6127
1.9691,0.6127
1.9696,0.6127
1.9702,0.6076
1.9707,0.6076
1.9713,0.6127
1.9718,0.6076
1.9724,0.6076
1.9729,0.6076
1.9735,0.6076
1.9740,0.6127
1.9746,0.6076
1.9751,0.6127
1.9757,0.6076
1.9762,0.6127
1.9768,0.6076
1.9773,0.6127
1.9779,0.6076
1.9784,0.6076
1.9790,0.6127
1.9795,0.6127
1.9801,0.6076
1.9806,0.6076
1.9812,0.6127
1.9817,0.6076
1.9823,0.6076
1.9828,0.6076
1.9834,0.6127
1.9839,0.6127
1.9845,0.6127
1.9850,0.6076
1.9856,0.6076
1.9861,0.6076
1.9867,0.6076
1.9872,0.6127
1.9878,0.6076
1.9883,0.6076
1.9889,0.6076
1.9894,0.6076
1.9900,0.6127
1.9905,0.6076
1.9911,0.6026
1.9916,0.6127
1.9922,0.6076
1.9927,0.6076
1.9933,0.6076
1.9938,0.6076
1.9944,0.6076
1.9949,0.6076
1.9955,0.6076
1.9960,0.6076
1.9966,0.6026
1.9972,0.6076
1.9977,0.6076
1.9983,0.6127
1.9988,0.6076
1.9994,0.6076
1.9999,0.6076
2.0004,0.6127
2.0010,0.6076
2.0015,0.6127
2.0021,0.6127
2.0026,0.6127
2.0032,0.6076
2.0040,0.6076
2.0045,0.6127
2.0051,0.6076
2.0057,0.6127
2.0063,0.6076
2.0069,0.6127
2.0074,0.6127
2.0080,0.6127
2.0086,0.6076
2.0091,0.6076
2.0097,0.6178
2.0104,0.6127
2.0109,0.6178
2.0116,0.6228
2.0122,0.6178
2.0127,0.6178
2.0133,0.6127
2.0138,0.6228
2.0144,0.6228
2.0149,0.6178
2.0155,0.6279
2.0161,0.6228
2.0166,0.6279
2.0172,0.6228
2.0177,0.6228
2.0183,0.6228
2.0188,0.6329
2.0194,0.6279
2.0199,0.6279
2.0205,0.6279
2.0210,0.6329
2.0216,0.6329
2.0221,0.6380
2.0227,0.6329
2.0232,0.6329
2.0238,0.6329
2.0243,0.6329
2.0249,0.6431
2.0254,0.6329
2.0260,0.6431
2.0265,0.6380
2.0271,0.6431
2.0276,0.6431
2.0282,0.6431
2.0290,0.6481
2.0296,0.6431
2.0302,0.6481
2.0307,0.6481
2.0313,0.6481
2.0318,0.6532
2.0324,0.6532
2.0329,0.6583
2.0335,0.6532
2.0340,0.6583
2.0346,0.6583
2.0351,0.6583
2.0357,0.6583
2.0362,0.6633
2.0368,0.6633
2.0373,0.6633
2.0379,0.6633
2.0384,0.6633
2.0390,0.6684
2.0395,0.6633
2.0401,0.6684
2.0406,0.6684
2.0412,0.6735
2.0417,0.6735
2.0423,0.6735
2.0428,0.6785
2.0434,0.6785
2.0439,0.6785
2.0445,0.6785
2.0451,0.6836
2.0456,0.6836
2.0462,0.6836
2.0467,0.6836
2.0473,0.6836
2.0478,0.6886
2.0484,0.6836
2.0489,0.6886
2.0495,0.6937
2.0500,0.6937
2.0506,0.6937
2.0511,0.6937
2.0517,0.6937
2.0522,0.6988
2.0528,0.7038
2.0534,0.6988
2.0542,0.6988
2.0550,0.6988
2.0555,0.7038
2.0561,0.7038
2.0566,0.7038
2.0572,0.7089
2.0577,0.7140
2.0583,0.7140
2.0588,0.7140
2.0594,0.7140
2.0599,0.7140
2.0605,0.7190
2.0610,0.7190
2.0616,0.7190
2.0621,0.7241
2.0627,0.7241
2.0632,0.7241
2.0638,0.7291
2.0643,0.7291
2.0649,0.7241
2.0654,0.7342
2.0660,0.7291
2.0665,0.7342
2.0671,0.7342
2.0677,0.7393
2.0682,0.7342
2.0688,0.7393
2.0693,0.7393
2.0699,0.7443
2.0704,0.7443
2.0710,0.7443
2.0715,0.7443
2.0721,0.7494
2.0726,0.7494
2.0731,0.7545
2.0737,0.7494
2.0742,0.7545
2.0748,0.7545
2.0753,0.7595
2.0759,0.7595
2.0764,0.7595
2.0770,0.7697
2.0775,0.7646
2.0781,0.7646
2.0786,0.7697
2.0792,0.7697
2.0797,0.7697
2.0803,0.7747
2.0808,0.7697
2.0814,0.7747
2.0819,0.7798
2.0825,0.7798
2.0830,0.7848
2.0836,0.7798
2.0841,0.7848
2.0847,0.7848
2.0852,0.7899
2.0858,0.7848
2.0863,0.7899
2.0869,0.7950
2.0874,0.7899
2.0880,0.7950
2.0885,0.8000
2.0891,0.8000
2.0896,0.8000
2.0902,0.8051
2.0907,0.8102
2.0913,0.8051
2.0918,0.8102
2.0924,0.8102
2.0929,0.8203
2.0935,0.8102
2.0940,0.8102
2.0946,0.8152
2.0951,0.8203
2.0957,0.8203
2.0962,0.8203
2.0968,0.8254
2.0973,0.8254
2.0980,0.8254
2.0986,0.8254
2.0991,0.8304
2.0997,0.8355
2.1002,0.8355
2.1007,0.8355
2.1013,0.8405
2.1018,0.8355
2.1023,0.8456
2.1029,0.8456
2.1034,0.8456
2.1039,0.8456
2.1045,0.8507
2.1050,0.8507
2.1055,0.8557
2.1061,0.8557
2.1066,0.8507
2.1071,0.8608
2.1077,0.8608
2.1082,0.8659
2.1087,0.8608
2.1093,0.8659
2.1098,0.8659
2.1104,0.8709
2.1109,0.8709
2.1114,0.8709
2.1120,0.8709
2.1125,0.8760
2.1130,0.8760
2.1136,0.8811
2.1141,0.8811
2.1146,0.8861
2.1152,0.8861
2.1157,0.8861
2.1162,0.8861
2.1168,0.8962
2.1173,0.8912
2.1178,0.8962
2.1186,0.8962
2.1191,0.9013
2.1197,0.9064
2.1203,0.9064
2.1208,0.9064
2.1214,0.9064
2.1219,0.9064
2.1225,0.9064
2.1230,0.9114
2.1236,0.9114
2.1241,0.9114
2.1247,0.9165
2.1252,0.9165
2.1257,0.9165
2.1263,0.9216
2.1268,0.9266
2.1273,0.9266
2.1279,0.9317
2.1284,0.9317
2.1290,0.9317
2.1296,0.9317
2.1301,0.9368
2.1307,0.9368
2.1312,0.9418
2.1318,0.9418
2.1323,0.9418
2.1329,0.9418
2.1335,0.9469
2.1340,0.9469
2.1346,0.9519
2.1352,0.9570
2.1358,0.9570
2.1364,0.9570
2.1369,0.9621
2.1375,0.9621
2.1380,0.9621
2.1385,0.9621
2.1391,0.9671
2.1396,0.9671
2.1401,0.9722
2.1407,0.9773
2.1412,0.9773
2.1417,0.9773
2.1423,0.9773
2.1429,0.9773
2.1434,0.9823
2.1439,0.9823
2.1445,0.9874
2.1450,0.9925
2.1455,0.9925
2.1461,0.9874
2.1466,0.9925
2.1471,0.9975
2.1477,0.9975
2.1482,1.0026
2.1487,1.0026
2.1493,1.0026
2.1498,1.0076
2.1503,1.0026
2.1508,1.0127
2.1514,1.0127
2.1519,1.0076
2.1524,1.0178
2.1530,1.0178
2.1535,1.0127
2.1540,1.0178
2.1546,1.0178
2.1551,1.0228
2.1556,1.0228
2.1562,1.0279
2.1567,1.0279
2.1572,1.0330
2.1577,1.0330
2.1583,1.0330
2.1588,1.0330
2.1593,1.0380
2.1599,1.0380
2.1604,1.0431
2.1609,1.0431
2.1615,1.0431
2.1620,1.0482
2.1625,1.0482
2.1631,1.0532
2.1636,1.0532
2.1641,1.0583
2.1647,1.0583
2.1652,1.0633
2.1657,1.0633
2.1662,1.0633
2.1668,1.0633
2.1673,1.0633
2.1678,1.0633
2.1684,1.0633
2.1689,1.0735
2.1694,1.0735
2.1700,1.0785
2.1705,1.0735
2.1710,1.0836
2.1715,1.0785
2.1721,1.0836
2.1726,1.0836
2.1731,1.0836
2.1737,1.0836
2.1742,1.0937
2.1747,1.0887
2.1753,1.0937
2.1758,1.0937
2.1763,1.0988
2.1768,1.0988
2.1774,1.0988
2.1779,1.1039
2.1784,1.1039
2.1790,1.1039
2.1795,1.1039
2.1800,1.1089
2.1806,1.1140
2.1811,1.1089
2.1816,1.1190
2.1821,1.1190
2.1827,1.1190
2.1832,1.1241
2.1837,1.1190
2.1843,1.1241
2.1848,1.1241
2.1853,1.1241
2.1859,1.1342
2.1864,1.1292
2.1869,1.1342
2.1874,1.1393
2.1880,1.1393
2.1885,1.1444
2.1890,1.1444
2.1896,1.1393
2.1901,1.1444
2.1906,1.1494
2.1912,1.1494
2.1917,1.1494
2.1922,1.1494
2.1928,1.1545
2.1933,1.1545
2.1938,1.1545
2.1943,1.1545
2.1949,1.1596
2.1954,1.1646
2.1959,1.1646
2.1965,1.1646
2.1970,1.1697
2.1975,1.1646
2.1980,1.1697
2.1987,1.1697
2.1992,1.1747
2.1997,1.1747
2.2003,1.1798
2.2008,1.1798
2.2014,1.1849
2.2019,1.1798
2.2025,1.1849
2.2030,1.1899
2.2035,1.1849
2.2041,1.1899
2.2047,1.1950
2.2052,1.1950
2.2058,1.2001
2.2063,1.1950
2.2069,1.2001
2.2074,1.2001
2.2079,1.2051
2.2085,1.2051
2.2090,1.2051
2.2096,1.2102
2.2101,1.2051
2.2107,1.2102
2.2112,1.2203
2.2117,1.2152
2.2123,1.2203
2.2129,1.2203
2.2134,1.2254
2.2139,1.2203
2.2145,1.2254
2.2150,1.2304
2.2156,1.2304
2.2161,1.2304
2.2167,1.2304
2.2172,1.2355
2.2178,1.2355
2.2183,1.2406
2.2189,1.2355
2.2194,1.2406
2.2199,1.2456
2.2205,1.2507
2.2210,1.2507
2.2216,1.2507
2.2221,1.2558
2.2227,1.2507
2.2232,1.2558
2.2237,1.2608
2.2243,1.2558
2.2248,1.2608
2.2254,1.2608
2.2259,1.2659
2.2265,1.2659
2.2270,1.2659
2.2275,1.2659
2.2281,1.2709
2.2286,1.2709
2.2292,1.2760
2.2297,1.2760
2.2303,1.2760
2.2308,1.2811
2.2313,1.2811
2.2319,1.2811
2.2324,1.2861
2.2330,1.2811
2.2335,1.2861
2.2341,1.2861
2.2346,1.2912
2.2351,1.2963
2.2357,1.2963
2.2362,1.2963
2.2368,1.2963
2.2373,1.2963
2.2379,1.3064
2.2384,1.3013
2.2389,1.3064
2.2395,1.3064
2.2400,1.3064
2.2406,1.3115
2.2411,1.3064
2.2417,1.3115
2.2422,1.3165
2.2427,1.3115
2.2433,1.3165
2.2438,1.3165
2.2444,1.3216
2.2449,1.3266
2.2455,1.3216
2.2460,1.3216
2.2466,1.3266
2.2471,1.3266
2.2476,1.3317
2.2482,1.3317
2.2487,1.3317
2.2493,1.3368
2.2498,1.3368
2.2503,1.3368
2.2509,1.3368
2.2514,1.3368
2.2520,1.3418
2.2525,1.3418
2.2531,1.3418
2.2536,1.3418
2.2542,1.3469
2.2547,1.3418
2.2553,1.3469
2.2558,1.3469
2.2563,1.3520
2.2569,1.3469
2.2574,1.3570
2.2580,1.3570
2.2585,1.3570
2.2591,1.3570
2.2596,1.3570
2.2602,1.3520
2.2607,1.3672
2.2613,1.3621
2.2618,1.3621
2.2624,1.3672
2.2629,1.3621
2.2635,1.3672
2.2640,1.3672
2.2645,1.3722
2.2651,1.3672
2.2656,1.3722
2.2662,1.3773
2.2667,1.3773
2.2673,1.3773
2.2678,1.3773
2.2684,1.3773
2.2689,1.3823
2.2695,1.3823
2.2700,1.3823
2.2706,1.3823
2.2711,1.3874
2.2717,1.3874
2.2722,1.3874
2.2727,1.3823
2.2733,1.3925
2.2739,1.3874
2.2744,1.3925
2.2750,1.3925
2.2755,1.3874
2.2761,1.3925
2.2766,1.3925
2.2771,1.3925
2.2777,1.3975
2.2782,1.3975
2.2788,1.4026
2.2794,1.3975
2.2800,1.3975
2.2805,1.4026
2.2810,1.4026
2.2816,1.3975
2.2821,1.4026
2.2827,1.4026
2.2832,1.4026
2.2838,1.4077
2.2843,1.4077
2.2849,1.4077
2.2854,1.4077
2.2860,1.4077
2.2865,1.4077
2.2871,1.4077
2.2876,1.4077
2.2881,1.4127
2.2887,1.4077
2.2892,1.4127
2.2898,1.4077
2.2903,1.4127
2.2909,1.4127
2.2914,1.4127
2.2920,1.4178
2.2925,1.4178
2.2931,1.4178
2.2936,1.4178
2.2942,1.4178
2.2947,1.4127
2.2953,1.4178
2.2958,1.4178
2.2963,1.4178
2.2969,1.4178
2.2974,1.4178
2.2980,1.4178
2.2985,1.4178
2.2991,1.4178
2.2996,1.4178
2.3002,1.4127
2.3007,1.4178
2.3013,1.4229
2.3018,1.4127
2.3024,1.4178
2.3029,1.4178
2.3035,1.4178
2.3040,1.4178
2.3045,1.4127
2.3051,1.4178
2.3056,1.4178
2.3062,1.4229
2.3067,1.4178
2.3073,1.4178
2.3078,1.4178
2.3084,1.4229
2.3089,1.4229
2.3095,1.4178
2.3100,1.4178
2.3105,1.4178
2.3111,1.4178
2.3116,1.4178
2.3122,1.4178
2.3127,1.4127
2.3133,1.4178
2.3138,1.4178
2.3144,1.4178
2.3149,1.4178
2.3155,1.4127
2.3160,1.4178
2.3166,1.4127
2.3171,1.4127
2.3176,1.4127
2.3182,1.4127
2.3187,1.4127
2.3193,1.4127
2.3198,1.4127
2.3204,1.4077
2.3209,1.4127
2.3215,1.4127
2.3220,1.4127
2.3226,1.4026
2.3231,1.4077
2.3237,1.4077
2.3242,1.4077
2.3248,1.4077
2.3253,1.4077
2.3258,1.4077
2.3264,1.4026
2.3269,1.4026
2.3275,1.4077
2.3280,1.3975
2.3286,1.3975
2.3291,1.4026
2.3297,1.3975
2.3302,1.4026
2.3308,1.4026
2.3313,1.4026
2.3318,1.4026
2.3324,1.4026
2.3329,1.3975
2.3335,1.4026
2.3340,1.4026
2.3346,1.4026
2.3351,1.3975
2.3357,1.3975
2.3362,1.3975
2.3368,1.3975
2.3373,1.3975
2.3379,1.3925
2.3384,1.3925
2.3389,1.3975
2.3395,1.3975
2.3400,1.3975
2.3406,1.3925
2.3411,1.3925
2.3417,1.3925
2.3422,1.3925
2.3428,1.3925
2.3433,1.3874
2.3439,1.3925
2.3444,1.3925
2.3450,1.3925
2.3455,1.3925
2.3461,1.3925
2.3466,1.3874
2.3472,1.3874
2.3477,1.3925
2.3483,1.3925
2.3488,1.3925
2.3494,1.3925
2.3499,1.3925
2.3504,1.3874
2.3510,1.3874
2.3515,1.3874
2.3521,1.3925
2.3526,1.3925
2.3532,1.3874
2.3537,1.3874
2.3543,1.3874
2.3548,1.3874
2.3554,1.3874
2.3559,1.3874
2.3565,1.3874
2.3570,1.3874
2.3575,1.3874
2.3581,1.3773
2.3586,1.3874
2.3592,1.3874
2.3597,1.3823
2.3603,1.3874
2.3608,1.3874
2.3614,1.3874
2.3619,1.3874
2.3625,1.3874
2.3630,1.3823
2.3636,1.3823
2.3641,1.3823
2.3647,1.3823
2.3652,1.3823
2.3657,1.3823
2.3663,1.3823
2.3668,1.3773
2.3674,1.3823
2.3679,1.3823
2.3685,1.3823
2.3690,1.3823
2.3696,1.3823
2.3701,1.3823
2.3707,1.3773
2.3712,1.3823
2.3718,1.3773
2.3723,1.3823
2.3728,1.3773
2.3734,1.3773
2.3739,1.3823
2.3745,1.3773
2.3750,1.3773
2.3756,1.3773
2.3761,1.3773
2.3766,1.3773
2.3772,1.3722
2.3777,1.3722
2.3783,1.3722
2.3788,1.3773
2.3794,1.3773
2.3799,1.3722
2.3804,1.3773
2.3810,1.3773
2.3815,1.3773
2.3821,1.3722
2.3826,1.3773
2.3832,1.3773
2.3837,1.3722
2.3843,1.3773
2.3848,1.3722
2.3854,1.3773
2.3859,1.3773
2.3864,1.3672
2.3870,1.3722
2.3875,1.3722
2.3881,1.3722
2.3886,1.3722
2.3892,1.3722
2.3897,1.3722
2.3903,1.3722
2.3908,1.3722
2.3914,1.3722
2.3919,1.3722
2.3925,1.3722
2.3930,1.3722
2.3936,1.3722
2.3941,1.3722
2.3946,1.3722
2.3952,1.3722
2.3957,1.3722
2.3963,1.3672
2.3968,1.3722
2.3974,1.3722
2.3979,1.3722
2.3985,1.3722
2.3990,1.3672
2.3996,1.3722
2.4001,1.3672
2.4007,1.3672
2.4012,1.3722
2.4018,1.3672
2.4023,1.3672
2.4029,1.3672
2.4034,1.3621
2.4040,1.3672
2.4045,1.3672
2.4051,1.3672
2.4056,1.3722
2.4062,1.3672
2.4067,1.3672
2.4072,1.3722
2.4078,1.3621
2.4083,1.3672
2.4089,1.3621
2.4094,1.3672
2.4100,1.3621
2.4105,1.3621
2.4111,1.3672
2.4116,1.3722
2.4122,1.3621
2.4127,1.3621
2.4133,1.3672
2.4138,1.3621
2.4144,1.3672
2.4149,1.3672
2.4155,1.3672
2.4160,1.3672
2.4166,1.3621
2.4171,1.3621
2.4176,1.3621
2.4182,1.3621
2.4187,1.3621
2.4193,1.3621
2.4198,1.3672
2.4204,1.3672
2.4209,1.3621
2.4215,1.3621
2.4220,1.3621
2.4226,1.3672
2.4231,1.3621
2.4237,1.3672
2.4242,1.3570
2.4247,1.3621
2.4253,1.3570
2.4258,1.3621
2.4264,1.3570
2.4269,1.3621
2.4275,1.3621
2.4280,1.3621
2.4286,1.3570
2.4291,1.3621
2.4297,1.3621
2.4302,1.3621
2.4308,1.3621
2.4313,1.3570
2.4318,1.3621
2.4324,1.3621
2.4329,1.3621
2.4335,1.3570
2.4340,1.3621
2.4346,1.3570
2.4351,1.3621
2.4357,1.3621
2.4362,1.3621
2.4368,1.3621
2.4373,1.3570
2.4379,1.3570
2.4384,1.3621
2.4390,1.3570
2.4395,1.3621
2.4400,1.3621
2.4406,1.3570
2.4411,1.3621
2.4417,1.3621
2.4422,1.3570
2.4428,1.3570
2.4433,1.3570
2.4439,1.3570
2.4444,1.3570
2.4450,1.3520
2.4455,1.3570
2.4461,1.3570
2.4466,1.3570
2.4471,1.3520
2.4477,1.3570
2.4482,1.3570
2.4488,1.3570
2.4493,1.3570
2.4499,1.3520
2.4504,1.3570
2.4510,1.3520
2.4515,1.3570
2.4521,1.3570
2.4526,1.3520
2.4532,1.3570
2.4537,1.3570
2.4543,1.3520
2.4548,1.3520
2.4553,1.3570
2.4559,1.3520
2.4564,1.3520
2.4570,1.3570
2.4575,1.3520
2.4581,1.3570
2.4586,1.3570
2.4592,1.3570
2.4597,1.3520
2.4603,1.3520
2.4608,1.3520
2.4613,1.3520
2.4619,1.3520
2.4624,1.3520
2.4630,1.3570
2.4635,1.3570
2.4641,1.3520
2.4646,1.3469
2.4652,1.3520
2.4657,1.3520
2.4663,1.3570
2.4668,1.3520
2.4674,1.3520
2.4679,1.3520
2.4685,1.3520
2.4690,1.3469
2.4695,1.3520
2.4701,1.3520
2.4706,1.3520
2.4712,1.3520
2.4717,1.3520
2.4723,1.3520
2.4728,1.3520
2.4734,1.3520
2.4739,1.3520
2.4745,1.3520
2.4750,1.3520
2.4756,1.3469
2.4761,1.3469
2.4766,1.3469
2.4772,1.3520
2.4777,1.3520
2.4783,1.3469
2.4788,1.3520
2.4794,1.3418
2.4799,1.3520
2.4805,1.3520
2.4810,1.3469
2.4816,1.3520
2.4822,1.3469
2.4827,1.3520
2.4833,1.3469
2.4838,1.3469
2.4844,1.3469
2.4849,1.3469
2.4855,1.3520
2.4860,1.3469
2.4865,1.3469
2.4871,1.3469
2.4876,1.3520
2.4882,1.3469
2.4887,1.3469
2.4893,1.3520
2.4898,1.3418
2.4904,1.3469
2.4909,1.3469
2.4915,1.3469
2.4920,1.3469
2.4926,1.3469
2.4931,1.3469
2.4936,1.3469
2.4942,1.3520
2.4947,1.3469
2.4953,1.3469
2.4958,1.3469
2.4964,1.3520
2.4969,1.3520
2.4975,1.3520
2.4980,1.3469
2.4986,1.3418
2.4991,1.3469
2.4997,1.3469
2.5002,1.3469
2.5008,1.3469
2.5013,1.3469
2.5019,1.3418
2.5024,1.3469
2.5030,1.3469
2.5035,1.3418
2.5041,1.3469
2.5046,1.3469
2.5051,1.3418
2.5057,1.3469
2.5062,1.3469
2.5068,1.3469
2.5073,1.3520
2.5079,1.3418
2.5084,1.3469
2.5090,1.3469
2.5095,1.3418
2.5101,1.3469
2.5106,1.3418
2.5111,1.3469
2.5117,1.3469
2.5122,1.3418
2.5128,1.3469
2.5133,1.3469
2.5139,1.3418
2.5144,1.3469
2.5150,1.3368
2.5155,1.3418
2.5161,1.3418
2.5166,1.3469
2.5171,1.3469
2.5177,1.3418
2.5182,1.3469
2.5188,1.3418
2.5193,1.3418
2.5199,1.3418
2.5204,1.3368
2.5210,1.3418
2.5215,1.3418
2.5221,1.3418
2.5226,1.3418
2.5232,1.3368
2.5237,1.3368
2.5242,1.3418
2.5248,1.3469
2.5253,1.3418
2.5259,1.3418
2.5264,1.3418
2.5270,1.3418
2.5275,1.3418
2.5281,1.3418
2.5286,1.3418
2.5292,1.3418
2.5297,1.3368
2.5303,1.3368
2.5308,1.3418
2.5313,1.3368
2.5319,1.3418
2.5324,1.3418
2.5330,1.3368
2.5335,1.3418
2.5341,1.3418
2.5346,1.3418
2.5352,1.3418
2.5357,1.3418
2.5365,1.3368
2.5370,1.3418
2.5376,1.3469
2.5381,1.3418
2.5387,1.3368
2.5392,1.3418
2.5398,1.3368
2.5403,1.3418
2.5408,1.3368
2.5414,1.3418
2.5419,1.3469
2.5425,1.3418
2.5430,1.3368
2.5436,1.3418
2.5441,1.3368
2.5447,1.3418
2.5452,1.3368
2.5458,1.3368
2.5463,1.3368
2.5469,1.3368
2.5474,1.3418
2.5479,1.3418
2.5485,1.3368
2.5490,1.3418
2.5496,1.3418
2.5501,1.3418
2.5507,1.3317
2.5512,1.3368
2.5518,1.3368
2.5523,1.3368
2.5529,1.3368
2.5534,1.3368
2.5540,1.3418
2.5545,1.3368
2.5551,1.3368
2.5556,1.3368
2.5562,1.3368
2.5567,1.3418
2.5573,1.3317
2.5578,1.3368
2.5584,1.3368
2.5589,1.3317
2.5594,1.3368
2.5600,1.3368
2.5605,1.3368
2.5611,1.3368
2.5616,1.3368
2.5622,1.3418
2.5627,1.3317
2.5633,1.3368
2.5638,1.3368
2.5644,1.3418
2.5649,1.3368
2.5655,1.3317
2.5660,1.3368
2.5665,1.3368
2.5671,1.3368
2.5676,1.3368
2.5682,1.3317
2.5687,1.3368
2.5693,1.3317
2.5698,1.3317
2.5704,1.3368
2.5709,1.3317
2.5715,1.3368
2.5720,1.3368
2.5726,1.3368
2.5731,1.3317
2.5736,1.3368
2.5742,1.3368
2.5747,1.3368
2.5753,1.3368
2.5758,1.3368
2.5764,1.3368
2.5769,1.3368
2.5774,1.3368
2.5780,1.3317
2.5785,1.3317
2.5791,1.3317
2.5796,1.3317
2.5802,1.3368
2.5807,1.3368
2.5812,1.3368
2.5818,1.3317
2.5824,1.3368
2.5829,1.3368
2.5835,1.3418
2.5840,1.3368
2.5845,1.3317
2.5851,1.3317
2.5856,1.3317
2.5862,1.3368
2.5867,1.3317
2.5873,1.3418
2.5878,1.3368
2.5884,1.3418
2.5889,1.3368
2.5895,1.3418
2.5900,1.3368
2.5905,1.3368
2.5911,1.3418
2.5916,1.3418
2.5922,1.3368
2.5927,1.3418
2.5933,1.3469
2.5938,1.3469
2.5944,1.3520
2.5949,1.3469
2.5955,1.3520
2.5960,1.3520
2.5965,1.3469
2.5971,1.3520
2.5976,1.3469
2.5982,1.3520
2.5987,1.3520
2.5993,1.3570
2.5998,1.3469
2.6004,1.3570
2.6009,1.3570
2.6015,1.3570
2.6020,1.3570
2.6026,1.3570
2.6031,1.3621
2.6037,1.3621
2.6043,1.3621
2.6048,1.3621
2.6054,1.3621
2.6060,1.3672
2.6066,1.3621
2.6072,1.3672
2.6077,1.3672
2.6083,1.3722
2.6089,1.3722
2.6094,1.3722
2.6100,1.3722
2.6106,1.3722
2.6111,1.3773
2.6117,1.3773
2.6123,1.3773
2.6129,1.3823
2.6134,1.3823
2.6144,1.3874
2.6150,1.3874
2.6156,1.3823
2.6161,1.3874
2.6167,1.3874
2.6172,1.3925
2.6178,1.3925
2.6184,1.3975
2.6189,1.4026
2.6195,1.3925
2.6201,1.3975
2.6207,1.4026
2.6212,1.3975
2.6218,1.4026
2.6224,1.4077
2.6230,1.4026
2.6235,1.4026
2.6241,1.4077
2.6247,1.4127
2.6253,1.4127
2.6258,1.4127
2.6264,1.4178
2.6269,1.4178
2.6275,1.4178
2.6280,1.4229
2.6286,1.4279
2.6291,1.4229
2.6299,1.4229
2.6305,1.4229
2.6310,1.4279
2.6316,1.4279
2.6321,1.4330
2.6327,1.4330
2.6332,1.4330
2.6338,1.4380
2.6343,1.4380
2.6349,1.4431
2.6355,1.4431
2.6360,1.4431
2.6366,1.4431
2.6372,1.4380
2.6390,1.4532
2.6397,1.4532
2.6403,1.4583
2.6409,1.4583
2.6414,1.4583
2.6420,1.4634
2.6425,1.4634
2.6431,1.4634
2.6436,1.4634
2.6442,1.4634
2.6447,1.4684
2.6453,1.4684
2.6458,1.4735
2.6464,1.4735
2.6469,1.4735
2.6475,1.4735
2.6480,1.4786
2.6486,1.4836
2.6491,1.4836
2.6497,1.4836
2.6502,1.4887
2.6508,1.4887
2.6513,1.4887
2.6519,1.4937
2.6524,1.4937
2.6530,1.4988
2.6535,1.4988
2.6541,1.4988
2.6546,1.4988
2.6551,1.4988
2.6557,1.5039
2.6562,1.4988
2.6568,1.5089
2.6573,1.5089
2.6579,1.5089
2.6584,1.5140
2.6590,1.5140
2.6595,1.5140
2.6601,1.5191
2.6606,1.5191
2.6611,1.5241
2.6617,1.5241
2.6623,1.5191
2.6629,1.5241
2.6634,1.5343
2.6640,1.5292
2.6645,1.5393
2.6651,1.5292
2.6656,1.5343
2.6662,1.5343
2.6667,1.5444
2.6673,1.5393
2.6678,1.5393
2.6684,1.5444
2.6689,1.5393
2.6694,1.5494
2.6700,1.5545
2.6705,1.5545
2.6711,1.5545
2.6716,1.5545
2.6722,1.5596
2.6727,1.5596
2.6733,1.5596
2.6738,1.5646
2.6744,1.5646
2.6749,1.5646
2.6755,1.5646
2.6760,1.5697
2.6765,1.5748
2.6771,1.5748
2.6776,1.5748
2.6782,1.5798
2.6787,1.5798
2.6793,1.5798
2.6798,1.5849
2.6804,1.5849
2.6809,1.5798
2.6815,1.5900
2.6820,1.5849
2.6825,1.5900
2.6831,1.5900
2.6836,1.5900
2.6842,1.5950
2.6847,1.5950
2.6853,1.6001
2.6858,1.6051
2.6864,1.6001
2.6869,1.6051
2.6875,1.6051
2.6880,1.6102
2.6885,1.6153
2.6891,1.6102
2.6896,1.6153
2.6902,1.6153
2.6907,1.6153
2.6913,1.6203
2.6918,1.6203
2.6924,1.6203
2.6929,1.6254
2.6935,1.6254
2.6940,1.6305
2.6946,1.6254
2.6951,1.6355
2.6957,1.6305
2.6962,1.6355
2.6968,1.6355
2.6973,1.6406
2.6979,1.6355
2.6984,1.6406
2.6989,1.6457
2.6995,1.6457
2.7000,1.6507
2.7006,1.6406
2.7013,1.6558
2.7018,1.6507
2.7024,1.6558
2.7029,1.6507
2.7035,1.6558
2.7040,1.6659
2.7046,1.6558
2.7051,1.6659
2.7056,1.6710
2.7062,1.6659
2.7067,1.6710
2.7073,1.6710
2.7078,1.6710
2.7083,1.6760
2.7089,1.6760
2.7094,1.6760
2.7100,1.6811
2.7105,1.6811
2.7110,1.6811
2.7116,1.6862
2.7121,1.6862
2.7127,1.6912
2.7132,1.6912
2.7138,1.6912
2.7143,1.6912
2.7148,1.6963
2.7154,1.6963
2.7159,1.7013
2.7165,1.7013
2.7170,1.7013
2.7176,1.7064
2.7181,1.7064
2.7186,1.7064
2.7192,1.7064
2.7197,1.7165
2.7203,1.7165
2.7208,1.7115
2.7214,1.7216
2.7219,1.7165
2.7225,1.7216
2.7230,1.7267
2.7235,1.7216
2.7241,1.7267
2.7246,1.7317
2.7252,1.7317
2.7257,1.7317
2.7263,1.7317
2.7268,1.7368
2.7274,1.7368
2.7279,1.7419
2.7284,1.7368
2.7290,1.7419
2.7295,1.7419
2.7301,1.7419
2.7306,1.7469
2.7312,1.7419
2.7317,1.7469
2.7323,1.7469
2.7328,1.7469
2.7334,1.7570
2.7339,1.7570
2.7345,1.7621
2.7350,1.7621
2.7355,1.7672
2.7361,1.7672
2.7366,1.7621
2.7372,1.7722
2.7377,1.7722
2.7383,1.7722
2.7388,1.7773
2.7393,1.7722
2.7399,1.7773
2.7404,1.7824
2.7410,1.7824
2.7415,1.7824
2.7421,1.7874
2.7426,1.7824
2.7432,1.7874
2.7437,1.7824
2.7442,1.7925
2.7448,1.7976
2.7453,1.7976
2.7459,1.7976
2.7464,1.7925
2.7469,1.8077
2.7475,1.8026
2.7480,1.8077
2.7486,1.8077
2.7491,1.8026
2.7496,1.8127
2.7502,1.8127
2.7507,1.8127
2.7513,1.8127
2.7518,1.8077
2.7523,1.8178
2.7529,1.8178
2.7534,1.8229
2.7540,1.8229
2.7545,1.8279
2.7551,1.8279
2.7556,1.8229
2.7562,1.8279
2.7567,1.8279
2.7572,1.8330
2.7578,1.8330
2.7583,1.8381
2.7589,1.8381
2.7594,1.8330
2.7600,1.8431
2.7605,1.8431
2.7611,1.8431
2.7616,1.8482
2.7621,1.8482
2.7627,1.8482
2.7632,1.8482
2.7638,1.8533
2.7643,1.8533
2.7649,1.8533
2.7654,1.8583
2.7660,1.8634
2.7665,1.8634
2.7671,1.8634
2.7676,1.8684
2.7681,1.8634
2.7687,1.8735
2.7692,1.8684
2.7698,1.8786
2.7703,1.8786
2.7709,1.8786
2.7714,1.8786
2.7719,1.8786
2.7725,1.8836
2.7730,1.8786
2.7736,1.8836
2.7741,1.8887
2.7747,1.8887
2.7752,1.8836
2.7758,1.8988
2.7763,1.8938
2.7768,1.8938
2.7774,1.8988
2.7779,1.8988
2.7785,1.8988
2.7790,1.9039
2.7796,1.9090
2.7801,1.9090
2.7806,1.9090
2.7812,1.9140
2.7817,1.9039
2.7823,1.9140
2.7828,1.9140
2.7834,1.9140
2.7839,1.9191
2.7845,1.9191
2.7850,1.9191
2.7855,1.9191
2.7861,1.9292
2.7866,1.9241
2.7872,1.9292
2.7877,1.9292
2.7883,1.9343
2.7888,1.9343
2.7893,1.9292
2.7899,1.9343
2.7904,1.9343
2.7910,1.9343
2.7915,1.9393
2.7921,1.9393
2.7926,1.9444
2.7932,1.9444
2.7937,1.9495
2.7942,1.9495
2.7948,1.9545
2.7953,1.9545
2.7959,1.9596
2.7964,1.9545
2.7970,1.9596
2.7975,1.9596
2.7980,1.9596
2.7986,1.9647
2.7991,1.9647
2.7997,1.9596
2.8002,1.9647
2.8008,1.9647
2.8013,1.9697
2.8019,1.9748
2.8025,1.9748
2.8030,1.9748
2.8036,1.9697
2.8041,1.9748
2.8047,1.9798
2.8052,1.9798
2.8058,1.9798
2.8063,1.9849
2.8069,1.9849
2.8074,1.9849
2.8080,1.9849
2.8085,1.9849
2.8091,1.9950
2.8096,1.9900
2.8102,1.9950
2.8107,2.0001
2.8113,2.0001
2.8118,2.0001
2.8124,2.0001
2.8130,1.9950
2.8135,2.0052
2.8141,1.9950
2.8146,2.0001
2.8152,2.0052
2.8157,2.0102
2.8163,2.0153
2.8168,2.0102
2.8173,2.0102
2.8179,2.0153
2.8184,2.0102
2.8190,2.0153
2.8195,2.0153
2.8201,2.0153
2.8206,2.0204
2.8212,2.0254
2.8217,2.0204
2.8223,2.0254
2.8228,2.0204
2.8234,2.0254
2.8239,2.0305
2.8245,2.0254
2.8250,2.0355
2.8256,2.0355
2.8261,2.0305
2.8267,2.0305
2.8272,2.0355
2.8278,2.0355
2.8283,2.0355
2.8289,2.0406
2.8294,2.0406
2.8300,2.0406
2.8305,2.0457
2.8311,2.0457
2.8316,2.0507
2.8322,2.0457
2.8328,2.0507
2.8333,2.0507
2.8339,2.0457
2.8344,2.0457
2.8350,2.0558
2.8355,2.0507
2.8361,2.0558
2.8366,2.0558
2.8372,2.0558
2.8377,2.0558
2.8383,2.0609
2.8388,2.0609
2.8394,2.0558
2.8399,2.0558
2.8405,2.0558
2.8410,2.0609
2.8416,2.0609
2.8421,2.0609
2.8427,2.0609
2.8432,2.0659
2.8438,2.0609
2.8443,2.0659
2.8449,2.0710
2.8454,2.0710
2.8460,2.0761
2.8465,2.0609
2.8471,2.0710
2.8476,2.0710
2.8482,2.0710
2.8487,2.0710
2.8493,2.0761
2.8498,2.0710
2.8504,2.0710
2.8509,2.0761
2.8515,2.0710
2.8520,2.0761
2.8526,2.0761
2.8531,2.0761
2.8537,2.0811
2.8542,2.0761
2.8548,2.0811
2.8553,2.0710
2.8559,2.0761
2.8564,2.0811
2.8570,2.0811
2.8575,2.0811
2.8581,2.0761
2.8586,2.0761
2.8592,2.0811
2.8597,2.0811
2.8603,2.0811
2.8608,2.0862
2.8614,2.0811
2.8619,2.0811
2.8625,2.0761
2.8630,2.0811
2.8636,2.0811
2.8641,2.0811
2.8647,2.0811
2.8652,2.0862
2.8658,2.0811
2.8663,2.0811
2.8669,2.0862
2.8674,2.0811
2.8680,2.0811
2.8685,2.0811
2.8691,2.0811
2.8696,2.0811
2.8702,2.0811
2.8707,2.0811
2.8713,2.0811
2.8718,2.0862
2.8724,2.0811
2.8729,2.0811
2.8735,2.0811
2.8740,2.0811
2.8746,2.0761
2.8751,2.0811
2.8757,2.0761
2.8762,2.0761
2.8768,2.0811
2.8773,2.0761
2.8779,2.0710
2.8784,2.0761
2.8790,2.0710
2.8795,2.0761
2.8801,2.0710
2.8806,2.0710
2.8811,2.0659
2.8817,2.0761
2.8823,2.0710
2.8829,2.0710
2.8834,2.0710
2.8840,2.0659
2.8845,2.0710
2.8851,2.0710
2.8856,2.0710
2.8862,2.0659
2.8867,2.0710
2.8873,2.0659
2.8878,2.0558
2.8884,2.0659
2.8889,2.0659
2.8895,2.0609
2.8900,2.0659
2.8906,2.0558
2.8911,2.0609
2.8917,2.0609
2.8922,2.0659
2.8928,2.0659
2.8934,2.0659
2.8939,2.0659
2.8945,2.0609
2.8950,2.0659
2.8956,2.0659
2.8961,2.0609
2.8967,2.0609
2.8972,2.0609
2.8978,2.0609
2.8983,2.0659
2.8989,2.0609
2.8994,2.0609
2.9000,2.0558
2.9005,2.0609
2.9011,2.0609
2.9016,2.0558
2.9022,2.0507
2.9027,2.0609
2.9033,2.0609
2.9038,2.0609
2.9044,2.0558
2.9049,2.0507
2.9055,2.0558
2.9060,2.0507
2.9066,2.0558
2.9071,2.0558
2.9077,2.0558
2.9082,2.0507
2.9088,2.0558
2.9093,2.0507
2.9099,2.0507
2.9104,2.0609
2.9110,2.0507
2.9115,2.0558
2.9121,2.0507
2.9126,2.0507
2.9132,2.0507
2.9137,2.0558
2.9143,2.0507
2.9148,2.0507
2.9154,2.0507
2.9159,2.0457
2.9165,2.0507
2.9171,2.0507
2.9176,2.0507
2.9182,2.0507
2.9187,2.0558
2.9193,2.0507
2.9198,2.0507
2.9204,2.0457
2.9209,2.0507
2.9215,2.0457
2.9220,2.0507
2.9226,2.0507
2.9231,2.0457
2.9237,2.0507
2.9242,2.0457
2.9248,2.0507
2.9253,2.0406
2.9259,2.0457
2.9264,2.0457
2.9270,2.0406
2.9275,2.0457
2.9281,2.0406
2.9286,2.0457
2.9292,2.0457
2.9297,2.0406
2.9303,2.0406
2.9308,2.0406
2.9314,2.0457
2.9319,2.0457
2.9325,2.0406
2.9330,2.0457
2.9336,2.0457
2.9341,2.0457
2.9347,2.0406
2.9352,2.0457
2.9358,2.0406
2.9363,2.0457
2.9369,2.0406
2.9374,2.0406
2.9380,2.0355
2.9385,2.0406
2.9391,2.0406
2.9396,2.0457
2.9402,2.0457
2.9407,2.0406
2.9413,2.0355
2.9418,2.0406
2.9424,2.0457
2.9429,2.0355
2.9435,2.0406
2.9440,2.0355
2.9446,2.0406
2.9451,2.0457
2.9457,2.0406
2.9462,2.0406
2.9468,2.0355
2.9473,2.0406
2.9479,2.0406
2.9484,2.0406
2.9490,2.0406
2.9495,2.0406
2.9501,2.0406
2.9506,2.0355
2.9512,2.0406
2.9517,2.0406
2.9523,2.0355
2.9528,2.0355
2.9534,2.0406
2.9539,2.0355
2.9545,2.0355
2.9550,2.0355
2.9556,2.0355
2.9561,2.0355
2.9567,2.0355
2.9572,2.0406
2.9578,2.0406
2.9583,2.0406
2.9589,2.0355
2.9594,2.0406
2.9600,2.0305
2.9605,2.0355
2.9611,2.0355
2.9616,2.0305
2.9622,2.0355
2.9627,2.0355
2.9633,2.0355
2.9638,2.0355
2.9644,2.0355
2.9649,2.0355
2.9655,2.0355
2.9660,2.0355
2.9666,2.0254
2.9671,2.0305
2.9677,2.0305
2.9682,2.0254
2.9688,2.0305
2.9693,2.0305
2.9699,2.0305
2.9704,2.0305
2.9710,2.0305
2.9715,2.0254
2.9721,2.0305
2.9727,2.0305
2.9732,2.0355
2.9738,2.0305
2.9743,2.0305
2.9749,2.0305
2.9754,2.0305
2.9760,2.0254
2.9765,2.0305
2.9771,2.0254
2.9776,2.0305
2.9782,2.0254
2.9787,2.0254
2.9793,2.0254
2.9798,2.0305
2.9804,2.0305
2.9809,2.0254
2.9815,2.0305
2.9820,2.0204
2.9826,2.0254
2.9831,2.0305
2.9837,2.0254
2.9842,2.0254
2.9848,2.0254
2.9853,2.0305
2.9859,2.0254
2.9864,2.0305
2.9870,2.0254
2.9875,2.0254
2.9881,2.0305
2.9886,2.0204
2.9892,2.0254
2.9897,2.0305
2.9903,2.0254
2.9908,2.0204
2.9914,2.0305
2.9919,2.0254
2.9925,2.0204
2.9930,2.0254
2.9935,2.0254
2.9941,2.0254
2.9946,2.0254
2.9952,2.0254
2.9957,2.0204
2.9963,2.0305
2.9968,2.0204
2.9974,2.0305
2.9979,2.0254
2.9985,2.0153
2.9990,2.0254
2.9996,2.0204
3.0001,2.0254
3.0007,2.0153
3.0012,2.0254
3.0018,2.0254
3.0023,2.0204
3.0029,2.0254
3.0035,2.0153
3.0040,2.0254
3.0046,2.0204
3.0051,2.0204
3.0057,2.0204
3.0062,2.0204
3.0068,2.0204
3.0073,2.0204
3.0079,2.0204
3.0084,2.0204
3.0090,2.0204
3.0095,2.0204
3.0101,2.0204
3.0106,2.0204
3.0112,2.0204
3.0117,2.0204
3.0123,2.0204
3.0128,2.0204
3.0134,2.0204
3.0139,2.0204
3.0145,2.0204
3.0150,2.0153
3.0156,2.0153
3.0161,2.0153
3.0167,2.0204
3.0172,2.0204
3.0178,2.0204
3.0183,2.0153
3.0189,2.0153
3.0194,2.0204
3.0200,2.0204
3.0205,2.0204
3.0211,2.0204
3.0216,2.0204
3.0222,2.0153
3.0227,2.0204
3.0233,2.0204
3.0238,2.0153
3.0244,2.0204
3.0249,2.0204
3.0255,2.0204
3.0260,2.0153
3.0266,2.0204
3.0271,2.0153
3.0277,2.0153
3.0282,2.0204
3.0288,2.0153
3.0293,2.0204
3.0299,2.0204
3.0304,2.0153
3.0310,2.0153
3.0315,2.0153
3.0321,2.0153
3.0326,2.0204
3.0332,2.0153
3.0337,2.0153
3.0343,2.0153
3.0348,2.0102
3.0354,2.0204
3.0359,2.0153
3.0365,2.0153
3.0370,2.0153
3.0376,2.0153
3.0381,2.0153
3.0387,2.0153
3.0392,2.0153
3.0398,2.0102
3.0403,2.0153
3.0409,2.0153
3.0414,2.0052
3.0420,2.0153
3.0427,2.0102
3.0433,2.0153
3.0438,2.0153
3.0444,2.0153
3.0449,2.0153
3.0455,2.0153
3.0460,2.0102
3.0466,2.0102
3.0471,2.0102
3.0477,2.0102
3.0482,2.0102
3.0488,2.0102
3.0493,2.0153
3.0499,2.0153
3.0504,2.0153
3.0510,2.0102
3.0515,2.0052
3.0521,2.0153
3.0526,2.0102
3.0532,2.0102
3.0537,2.0102
3.0543,2.0052
3.0548,2.0102
3.0554,2.0102
3.0559,2.0153
3.0565,2.0102
3.0570,2.0052
3.0576,2.0102
3.0581,2.0102
3.0587,2.0153
3.0592,2.0102
3.0598,2.0102
3.0603,2.0102
3.0609,2.0102
3.0614,2.0102
3.0620,2.0102
3.0625,2.0052
3.0631,2.0102
3.0636,2.0102
3.0642,2.0153
3.0647,2.0102
3.0653,2.0102
3.0658,2.0102
3.0664,2.0102
3.0669,2.0102
3.0675,2.0102
3.0680,2.0052
3.0686,2.0052
3.0691,2.0102
3.0697,2.0102
3.0702,2.0102
3.0708,2.0102
3.0713,2.0102
3.0719,2.0102
3.0724,2.0102
3.0730,2.0052
3.0735,2.0001
3.0741,2.0102
3.0746,2.0102
3.0752,2.0052
3.0757,2.0102
3.0763,2.0102
3.0768,2.0052
3.0774,2.0102
3.0779,2.0102
3.0785,2.0052
3.0790,2.0102
3.0796,2.0102
3.0801,2.0052
3.0807,2.0052
3.0812,2.0102
3.0818,2.0052
3.0823,2.0102
3.0829,2.0052
3.0834,2.0102
3.0840,2.0052
3.0845,2.0102
3.0851,2.0102
3.0856,2.0001
3.0862,2.0052
3.0867,2.0102
3.0873,2.0052
3.0878,2.0052
3.0884,2.0102
3.0889,2.0052
3.0895,2.0052
3.0900,2.0052
3.0906,2.0052
3.0911,2.0052
3.0917,2.0102
3.0922,2.0001
3.0928,2.0052
3.0933,2.0001
3.0939,2.0102
3.0944,2.0001
3.0950,2.0052
3.0955,2.0001
3.0961,2.0052
3.0966,2.0052
3.0972,2.0001
3.0977,2.0052
3.0983,2.0001
3.0988,1.9950
3.0994,2.0001
3.0999,2.0052
3.1005,2.0001
3.1010,2.0052
3.1016,2.0052
3.1021,2.0001
3.1027,2.0052
3.1032,2.0052
3.1038,2.0052
3.1044,2.0001
3.1049,2.0052
3.1054,2.0001
3.1060,2.0001
3.1065,2.0001
3.1071,2.0001
3.1076,2.0052
3.1082,2.0052
3.1087,2.0001
3.1093,2.0001
3.1098,1.9950
3.1104,2.0052
3.1109,2.0052
3.1115,2.0001
3.1120,2.0052
3.1126,1.9950
3.1132,2.0052
3.1137,2.0001
3.1143,2.0001
3.1148,2.0052
3.1154,2.0001
3.1159,2.0001
3.1165,1.9950
3.1170,2.0001
3.1176,2.0001
3.1181,2.0052
3.1187,1.9950
3.1193,2.0001
3.1199,2.0001
3.1205,2.0001
3.1211,2.0001
3.1216,2.0001
3.1222,1.9950
3.1228,2.0001
3.1233,2.0052
3.1239,2.0052
3.1244,2.0001
3.1250,2.0052
3.1256,2.0001
3.1261,2.0001
3.1267,1.9950
3.1272,2.0001
3.1278,2.0001
3.1283,2.0001
3.1289,2.0052
3.1294,2.0052
3.1300,2.0001
3.1306,2.0001
3.1311,2.0001
3.1317,2.0001
3.1322,2.0001
3.1328,2.0001
3.1334,2.0001
3.1339,2.0001
3.1345,2.0001
3.1374,1.9950
3.1380,1.9950
3.1386,2.0001
3.1392,2.0001
3.1397,2.0001
3.1403,2.0001
3.1409,1.9900
3.1414,2.0001
3.1420,2.0001
3.1425,2.0001
3.1431,2.0001
3.1436,1.9950
3.1442,2.0001
3.1447,1.9950
3.1453,2.0001
3.1459,2.0001
3.1464,2.0001
3.1470,2.0001
3.1475,1.9950
3.1481,2.0001
3.1486,1.9950
3.1492,1.9950
3.1497,2.0001
3.1503,1.9950
3.1508,2.0001
3.1514,2.0001
3.1519,2.0001
3.1525,2.0001
3.1530,2.0001
3.1536,1.9950
3.1541,1.9950
3.1547,1.9950
3.1552,1.9950
3.1558,2.0001
3.1563,2.0001
3.1569,2.0001
3.1575,2.0001
3.1580,1.9900
3.1586,2.0001
3.1591,2.0001
3.1597,1.9950
3.1603,1.9900
3.1608,1.9950
3.1614,1.9950
3.1619,1.9950
3.1625,1.9950
3.1630,1.9900
3.1636,2.0001
3.1641,1.9950
3.1647,1.9950
3.1652,1.9950
3.1658,2.0001
3.1663,1.9950
3.1669,1.9950
3.1674,1.9950
3.1680,2.0001
3.1686,1.9900
3.1691,1.9950
3.1696,1.9950
3.1702,1.9950
3.1707,2.0001
3.1713,1.9900
3.1718,2.0001
3.1724,1.9950
3.1729,1.9950
3.1735,1.9900
3.1740,1.9950
3.1746,1.9950
3.1751,1.9950
3.1757,1.9950
3.1762,1.9900
3.1768,1.9900
3.1773,1.9950
3.1778,1.9900
3.1784,1.9950
3.1789,1.9950
3.1795,1.9950
3.1800,1.9950
3.1806,1.9950
3.1811,1.9950
3.1817,1.9900
3.1822,1.9900
3.1828,1.9950
3.1833,1.9900
3.1839,1.9950
3.1844,1.9950
3.1849,1.9900
3.1855,1.9900
3.1861,1.9900
3.1866,1.9900
3.1872,1.9950
3.1877,1.9849
3.1883,1.9950
3.1888,1.9900
3.1894,1.9950
3.1899,1.9849
3.1904,1.9900
3.1910,1.9900
3.1915,1.9950
3.1921,1.9950
3.1926,1.9900
3.1932,1.9900
3.1937,1.9900
3.1943,1.9900
3.1948,1.9950
3.1954,1.9950
3.1959,1.9950
3.1964,1.9849
3.1970,1.9900
3.1975,1.9900
3.1981,1.9950
3.1986,1.9950
3.1992,1.9900
3.1997,1.9900
3.2003,1.9950
3.2008,1.9900
3.2014,1.9950
3.2019,1.9950
3.2025,1.9900
3.2030,1.9900
3.2035,1.9950
3.2041,1.9900
3.2047,1.9950
3.2053,1.9950
3.2058,1.9950
3.2064,1.9950
3.2070,1.9950
3.2076,1.9900
3.2081,1.9950
3.2087,1.9900
3.2092,1.9950
3.2098,1.9950
3.2104,1.9900
3.2109,1.9950
3.2115,1.9950
3.2121,1.9950
3.2127,1.9900
3.2132,1.9950
3.2138,1.9950
3.2143,1.9950
3.2149,2.0001
3.2154,2.0001
3.2160,2.0001
3.2165,2.0001
3.2170,2.0001
3.2176,2.0001
3.2181,2.0001
3.2187,1.9950
3.2192,2.0052
3.2198,2.0052
3.2203,2.0001
3.2208,2.0001
3.2214,2.0001
3.2219,2.0001
3.2225,2.0052
3.2230,2.0052
3.2236,2.0052
3.2241,2.0102
3.2246,2.0102
3.2252,2.0102
3.2257,2.0102
3.2263,2.0102
3.2268,2.0102
3.2274,2.0102
3.2279,2.0102
3.2284,2.0102
3.2290,2.0102
3.2295,2.0153
3.2301,2.0102
3.2306,2.0102
3.2312,2.0153
3.2317,2.0102
3.2323,2.0153
3.2328,2.0102
3.2334,2.0204
3.2339,2.0204
3.2344,2.0153
3.2350,2.0204
3.2355,2.0204
3.2361,2.0254
3.2366,2.0204
3.2371,2.0254
3.2377,2.0305
3.2382,2.0254
3.2388,2.0254
3.2393,2.0204
3.2399,2.0305
3.2404,2.0254
3.2409,2.0305
3.2415,2.0254
3.2420,2.0355
3.2426,2.0305
3.2431,2.0254
3.2436,2.0305
3.2442,2.0305
3.2447,2.0355
3.2453,2.0305
3.2458,2.0406
3.2464,2.0406
3.2469,2.0406
3.2475,2.0406
3.2480,2.0406
3.2485,2.0457
3.2491,2.0457
3.2496,2.0457
3.2502,2.0355
3.2507,2.0457
3.2513,2.0457
3.2518,2.0457
3.2523,2.0507
3.2529,2.0558
3.2534,2.0507
3.2540,2.0558
3.2545,2.0507
3.2551,2.0558
3.2556,2.0507
3.2562,2.0507
3.2567,2.0609
3.2572,2.0609
3.2578,2.0609
3.2583,2.0507
3.2589,2.0659
3.2594,2.0609
3.2599,2.0659
3.2605,2.0609
3.2610,2.0659
3.2616,2.0659
3.2621,2.0710
3.2627,2.0710
3.2632,2.0710
3.2637,2.0710
3.2643,2.0659
3.2648,2.0761
3.2654,2.0710
3.2659,2.0761
3.2665,2.0811
3.2670,2.0811
3.2675,2.0811
3.2681,2.0811
3.2686,2.0761
3.2692,2.0811
3.2697,2.0862
3.2703,2.0811
3.2708,2.0912
3.2714,2.0912
3.2719,2.0862
3.2724,2.0912
3.2730,2.0912
3.2735,2.0912
3.2741,2.0963
3.2746,2.0963
3.2752,2.0963
3.2757,2.0963
3.2762,2.0963
3.2768,2.1014
3.2773,2.1014
3.2779,2.1014
3.2784,2.1064
3.2790,2.1014
3.2795,2.1064
3.2801,2.1064
3.2806,2.1064
3.2811,2.1064
3.2817,2.1115
3.2822,2.1115
3.2828,2.1064
3.2833,2.1166
3.2839,2.1166
3.2844,2.1115
3.2850,2.1166
3.2855,2.1216
3.2860,2.1216
3.2866,2.1267
3.2871,2.1267
3.2877,2.1216
3.2882,2.1267
3.2888,2.1317
3.2893,2.1317
3.2898,2.1317
3.2904,2.1267
3.2909,2.1267
3.2915,2.1368
3.2920,2.1368
3.2926,2.1419
3.2931,2.1368
3.2937,2.1419
3.2942,2.1419
3.2948,2.1419
3.2953,2.1419
3.2959,2.1419
3.2964,2.1368
3.2969,2.1469
3.2975,2.1469
3.2980,2.1469
3.2986,2.1520
3.2991,2.1520
3.2997,2.1520
3.3002,2.1520
3.3007,2.1520
3.3013,2.1571
3.3018,2.1571
3.3024,2.1520
3.3029,2.1621
3.3035,2.1621
3.3042,2.1571
3.3047,2.1621
3.3052,2.1621
3.3058,2.1672
3.3063,2.1672
3.3069,2.1723
3.3074,2.1723
3.3080,2.1723
3.3085,2.1723
3.3091,2.1723
3.3096,2.1773
3.3102,2.1723
3.3107,2.1824
3.3113,2.1824
3.3118,2.1824
3.3124,2.1874
3.3129,2.1824
3.3135,2.1874
3.3140,2.1874
3.3146,2.1874
3.3151,2.1925
3.3157,2.1925
3.3162,2.1976
3.3168,2.1874
3.3173,2.1976
3.3179,2.2026
3.3184,2.2026
3.3190,2.1976
3.3195,2.2077
3.3201,2.2026
3.3206,2.2026
3.3212,2.2077
3.3217,2.2026
3.3223,2.2128
3.3228,2.2077
3.3234,2.2077
3.3239,2.2128
3.3245,2.2128
3.3251,2.2128
3.3256,2.2178
3.3262,2.2077
3.3267,2.2178
3.3273,2.2178
3.3278,2.2178
3.3284,2.2280
3.3289,2.2280
3.3295,2.2229
3.3300,2.2280
3.3306,2.2280
3.3311,2.2330
3.3317,2.2330
3.3322,2.2330
3.3328,2.2381
3.3333,2.2381
3.3339,2.2330
3.3344,2.2330
3.3350,2.2431
3.3355,2.2431
3.3361,2.2381
3.3366,2.2482
3.3372,2.2533
3.3377,2.2482
3.3383,2.2482
3.3388,2.2482
3.3394,2.2533
3.3399,2.2533
3.3405,2.2583
3.3410,2.2583
3.3416,2.2634
3.3421,2.2583
3.3427,2.2583
3.3432,2.2634
3.3438,2.2583
3.3443,2.2685
3.3449,2.2634
3.3454,2.2634
3.3460,2.2685
3.3465,2.2735
3.3471,2.2685
3.3476,2.2735
3.3482,2.2786
3.3487,2.2786
3.3493,2.2786
3.3498,2.2786
3.3504,2.2837
3.3509,2.2837
3.3515,2.2837
3.3520,2.2837
3.3526,2.2887
3.3531,2.2938
3.3537,2.2837
3.3542,2.2938
3.3548,2.2887
3.3553,2.2988
3.3559,2.2988
3.3564,2.2988
3.3570,2.2938
3.3575,2.3090
3.3581,2.2988
3.3586,2.3090
3.3592,2.3039
3.3598,2.3090
3.3605,2.3090
3.3611,2.3090
3.3616,2.3090
3.3621,2.3090
3.3627,2.3191
3.3632,2.3140
3.3638,2.3242
3.3643,2.3242
3.3649,2.3191
3.3654,2.3242
3.3660,2.3292
3.3665,2.3292
3.3671,2.3292
3.3676,2.3242
3.3682,2.3343
3.3687,2.3394
3.3692,2.3343
3.3698,2.3444
3.3703,2.3394
3.3709,2.3444
3.3714,2.3444
3.3720,2.3444
3.3725,2.3444
3.3731,2.3495
3.3736,2.3444
3.3742,2.3545
3.3747,2.3545
3.3753,2.3495
3.3758,2.3647
3.3763,2.3495
3.3769,2.3596
3.3774,2.3647
3.3780,2.3647
3.3785,2.3596
3.3791,2.3596
3.3796,2.3697
3.3802,2.3697
3.3807,2.3748
3.3813,2.3697
3.3818,2.3748
3.3823,2.3697
3.3829,2.3748
3.3834,2.3748
3.3840,2.3799
3.3845,2.3849
3.3851,2.3849
3.3856,2.3849
3.3862,2.3849
3.3867,2.3849
3.3873,2.3900
3.3878,2.3951
3.3884,2.3951
3.3889,2.3951
3.3894,2.4001
3.3900,2.4001
3.3906,2.4001
3.3911,2.3951
3.3917,2.4052
3.3922,2.4052
3.3928,2.4052
3.3933,2.4102
3.3939,2.4102
3.3944,2.4153
3.3950,2.4102
3.3955,2.4102
3.3961,2.4153
3.3966,2.4153
3.3972,2.4102
3.3977,2.4254
3.3983,2.4204
3.3988,2.4204
3.3994,2.4254
3.3999,2.4254
3.4005,2.4204
3.4010,2.4305
3.4016,2.4305
3.4021,2.4356
3.4027,2.4406
3.4032,2.4356
3.4038,2.4356
3.4044,2.4356
3.4049,2.4457
3.4055,2.4457
3.4060,2.4457
3.4066,2.4406
3.4071,2.4508
3.4077,2.4508
3.4082,2.4558
3.4088,2.4457
3.4093,2.4558
3.4099,2.4558
3.4104,2.4609
3.4110,2.4659
3.4115,2.4609
3.4121,2.4659
3.4126,2.4659
3.4132,2.4710
3.4137,2.4659
3.4143,2.4710
3.4148,2.4659
3.4154,2.4761
3.4159,2.4710
3.4165,2.4761
3.4170,2.4710
3.4175,2.4811
3.4181,2.4811
3.4186,2.4862
3.4192,2.4811
3.4197,2.4811
3.4203,2.4862
3.4208,2.4862
3.4214,2.4913
3.4219,2.4963
3.4225,2.4963
3.4230,2.4963
3.4236,2.5014
3.4241,2.5065
3.4247,2.5014
3.4252,2.5014
3.4258,2.5065
3.4263,2.4963
3.4269,2.5065
3.4274,2.5115
3.4280,2.5115
3.4285,2.5115
3.4291,2.5115
3.4296,2.5115
3.4302,2.5166
3.4307,2.5216
3.4313,2.5115
3.4318,2.5267
3.4324,2.5216
3.4329,2.5267
3.4335,2.5216
3.4340,2.5267
3.4346,2.5267
3.4351,2.5318
3.4357,2.5368
3.4362,2.5267
3.4368,2.5368
3.4373,2.5419
3.4379,2.5368
3.4384,2.5368
3.4390,2.5368
3.4395,2.5419
3.4401,2.5419
3.4406,2.5470
3.4412,2.5470
3.4417,2.5470
3.4423,2.5520
3.4428,2.5571
3.4434,2.5520
3.4439,2.5571
3.4445,2.5571
3.4450,2.5571
3.4456,2.5571
3.4461,2.5622
3.4467,2.5571
3.4472,2.5672
3.4478,2.5571
3.4483,2.5723
3.4489,2.5723
3.4494,2.5672
3.4500,2.5723
3.4505,2.5723
3.4511,2.5723
3.4516,2.5723
3.4522,2.5773
3.4527,2.5723
3.4533,2.5773
3.4538,2.5773
3.4544,2.5875
3.4549,2.5824
3.4555,2.5875
3.4560,2.5875
3.4566,2.5824
3.4571,2.5875
3.4577,2.5925
3.4582,2.5925
3.4588,2.5925
3.4593,2.5925
3.4599,2.5976
3.4604,2.5976
3.4610,2.5976
3.4615,2.6027
3.4621,2.6077
3.4626,2.6027
3.4632,2.6027
3.4637,2.6128
3.4643,2.6077
3.4648,2.6128
3.4654,2.6128
3.4659,2.6128
3.4665,2.6128
3.4670,2.6128
3.4676,2.6178
3.4681,2.6229
3.4687,2.6229
3.4692,2.6178
3.4698,2.6229
3.4703,2.6229
3.4709,2.6280
3.4714,2.6229
3.4720,2.6280
3.4725,2.6229
3.4731,2.6280
3.4736,2.6330
3.4742,2.6330
3.4747,2.6229
3.4753,2.6381
3.4758,2.6381
3.4764,2.6381
3.4769,2.6432
3.4775,2.6432
3.4780,2.6330
3.4786,2.6482
3.4791,2.6482
3.4797,2.6482
3.4802,2.6432
3.4808,2.6482
3.4813,2.6533
3.4819,2.6584
3.4824,2.6533
3.4830,2.6584
3.4835,2.6533
3.4841,2.6584
3.4846,2.6584
3.4852,2.6482
3.4857,2.6634
3.4863,2.6634
3.4868,2.6634
3.4874,2.6685
3.4879,2.6634
3.4885,2.6634
3.4890,2.6685
3.4896,2.6685
3.4901,2.6685
3.4907,2.6735
3.4912,2.6685
3.4918,2.6735
3.4924,2.6786
3.4929,2.6735
3.4935,2.6786
3.4940,2.6786
3.4946,2.6786
3.4951,2.6786
3.4957,2.6837
3.4963,2.6735
3.4968,2.6837
3.4974,2.6837
3.4979,2.6837
3.4985,2.6887
3.4990,2.6887
3.4996,2.6887
3.5001,2.6887
3.5007,2.6887
3.5012,2.6837
3.5018,2.6887
3.5023,2.6887
3.5029,2.6989
3.5034,2.6887
3.5039,2.6938
3.5045,2.6989
3.5051,2.6938
3.5056,2.6989
3.5062,2.6989
3.5067,2.7039
3.5073,2.6938
3.5078,2.7039
3.5083,2.7039
3.5089,2.7090
3.5094,2.7039
3.5100,2.7039
3.5105,2.7090
3.5111,2.7039
3.5116,2.7090
3.5122,2.7090
3.5127,2.7141
3.5133,2.7141
3.5138,2.7090
3.5144,2.7141
3.5149,2.7191
3.5155,2.7141
3.5160,2.7039
3.5166,2.7191
3.5171,2.7090
3.5177,2.7090
3.5182,2.7191
3.5188,2.7090
3.5193,2.7191
3.5199,2.7141
3.5204,2.7191
3.5210,2.7141
3.5215,2.7191
3.5221,2.7242
3.5226,2.7191
3.5232,2.7191
3.5237,2.7141
3.5243,2.7242
3.5248,2.7191
3.5254,2.7242
3.5259,2.7292
3.5264,2.7242
3.5270,2.7191
3.5275,2.7242
3.5281,2.7292
3.5286,2.7292
3.5292,2.7242
3.5297,2.7242
3.5303,2.7191
3.5308,2.7242
3.5314,2.7292
3.5319,2.7292
3.5325,2.7242
3.5330,2.7292
3.5336,2.7242
3.5341,2.7292
3.5347,2.7292
3.5352,2.7242
3.5358,2.7292
3.5363,2.7292
3.5369,2.7292
3.5374,2.7242
3.5380,2.7343
3.5385,2.7191
3.5391,2.7292
3.5396,2.7292
3.5402,2.7242
3.5407,2.7292
3.5413,2.7242
3.5418,2.7242
3.5424,2.7242
3.5429,2.7292
3.5435,2.7191
3.5440,2.7292
3.5446,2.7191
3.5451,2.7242
3.5457,2.7242
3.5462,2.7242
3.5468,2.7292
3.5473,2.7292
3.5479,2.7242
3.5484,2.7242
3.5490,2.7242
3.5495,2.7191
3.5501,2.7242
3.5506,2.7242
3.5512,2.7191
3.5517,2.7242
3.5523,2.7242
3.5528,2.7242
3.5534,2.7242
3.5539,2.7191
3.5545,2.7242
3.5550,2.7191
3.5556,2.7191
3.5561,2.7141
3.5567,2.7191
3.5572,2.7191
3.5578,2.7141
3.5583,2.7191
3.5591,2.7191
3.5596,2.7141
3.5602,2.7141
3.5607,2.7141
3.5614,2.7191
3.5619,2.7191
3.5625,2.7141
3.5630,2.7191
3.5636,2.7141
3.5641,2.7141
3.5646,2.7090
3.5652,2.7141
3.5657,2.7141
3.5663,2.7090
3.5668,2.7090
3.5674,2.7141
3.5679,2.7090
3.5685,2.7141
3.5690,2.7090
3.5696,2.7141
3.5701,2.7141
3.5707,2.7141
3.5712,2.7090
3.5717,2.7090
3.5723,2.7141
3.5729,2.7090
3.5734,2.7039
3.5740,2.7090
3.5745,2.6989
3.5750,2.6989
3.5756,2.7039
3.5761,2.7090
3.5767,2.7039
3.5772,2.7090
3.5778,2.7039
3.5783,2.7090
3.5789,2.6989
3.5794,2.7090
3.5800,2.7039
3.5805,2.7090
3.5810,2.7090
3.5816,2.7039
3.5821,2.7090
3.5827,2.7039
3.5832,2.7039
3.5838,2.7090
3.5843,2.7039
3.5849,2.7039
3.5854,2.7039
3.5860,2.7039
3.5865,2.7039
3.5871,2.6938
3.5876,2.6989
3.5881,2.7039
3.5887,2.7039
3.5892,2.7039
3.5898,2.7039
3.5903,2.7039
3.5909,2.6938
3.5914,2.6989
3.5920,2.6989
3.5925,2.6989
3.5931,2.6938
3.5936,2.7039
3.5942,2.6989
3.5947,2.6989
3.5953,2.6989
3.5958,2.6887
3.5964,2.6989
3.5969,2.6989
3.5975,2.6989
3.5980,2.6938
3.5986,2.6989
3.5991,2.6989
3.5997,2.6938
3.6002,2.6989
3.6008,2.6938
3.6013,2.6989
3.6019,2.6938
3.6024,2.6887
3.6030,2.6938
3.6035,2.6938
3.6041,2.6989
3.6046,2.6989
3.6052,2.6887
3.6058,2.6938
3.6063,2.6938
3.6069,2.6938
3.6074,2.6887
3.6080,2.6938
3.6085,2.6887
3.6091,2.6938
3.6096,2.6938
3.6102,2.6989
3.6107,2.6938
3.6113,2.6887
3.6118,2.6938
3.6124,2.6938
3.6129,2.6837
3.6135,2.6887
3.6140,2.6938
3.6146,2.6938
3.6151,2.6938
3.6157,2.6938
3.6162,2.6938
3.6168,2.6938
3.6173,2.6938
3.6179,2.6938
3.6184,2.6938
3.6190,2.6887
3.6196,2.6887
3.6201,2.6887
3.6207,2.6887
3.6213,2.6887
3.6219,2.6938
3.6224,2.6887
3.6230,2.6887
3.6235,2.6887
3.6241,2.6887
3.6247,2.6938
3.6252,2.6887
3.6258,2.6887
3.6263,2.6887
3.6269,2.6887
3.6274,2.6837
3.6280,2.6887
3.6286,2.6887
3.6291,2.6887
3.6297,2.6887
3.6302,2.6837
3.6308,2.6938
3.6313,2.6887
3.6319,2.6887
3.6324,2.6837
3.6330,2.6887
3.6335,2.6837
3.6341,2.6887
3.6346,2.6786
3.6352,2.6837
3.6358,2.6837
3.6365,2.6837
3.6371,2.6887
3.6376,2.6887
3.6382,2.6887
3.6388,2.6887
3.6394,2.6887
3.6400,2.6837
3.6406,2.6735
3.6412,2.6837
3.6418,2.6786
3.6424,2.6837
3.6430,2.6837
3.6435,2.6887
3.6441,2.6887
3.6447,2.6735
3.6452,2.6837
3.6458,2.6837
3.6464,2.6837
3.6469,2.6837
3.6475,2.6786
3.6481,2.6735
3.6487,2.6837
3.6492,2.6837
3.6498,2.6786
3.6503,2.6837
3.6509,2.6837
3.6514,2.6735
3.6520,2.6735
3.6525,2.6735
3.6531,2.6786
3.6536,2.6786
3.6542,2.6786
3.6547,2.6786
3.6553,2.6786
3.6558,2.6837
3.6564,2.6837
3.6569,2.6735
3.6575,2.6735
3.6580,2.6735
3.6586,2.6786
3.6591,2.6837
3.6597,2.6735
3.6602,2.6786
3.6608,2.6786
3.6613,2.6735
3.6619,2.6786
3.6624,2.6786
3.6630,2.6735
3.6636,2.6735
3.6641,2.6786
3.6647,2.6786
3.6652,2.6735
3.6658,2.6786
3.6663,2.6735
3.6669,2.6786
3.6674,2.6735
3.6680,2.6786
3.6685,2.6786
3.6691,2.6786
3.6696,2.6735
3.6702,2.6735
3.6707,2.6786
3.6713,2.6786
3.6718,2.6735
3.6724,2.6786
3.6729,2.6786
3.6735,2.6786
3.6740,2.6786
3.6746,2.6786
3.6752,2.6786
3.6757,2.6786
3.6763,2.6735
3.6768,2.6786
3.6774,2.6735
3.6779,2.6685
3.6785,2.6735
3.6790,2.6735
3.6796,2.6735
3.6801,2.6735
3.6807,2.6735
3.6812,2.6735
3.6818,2.6735
3.6823,2.6634
3.6829,2.6735
3.6834,2.6685
3.6840,2.6735
3.6845,2.6735
3.6851,2.6634
3.6856,2.6685
3.6862,2.6735
3.6867,2.6735
3.6873,2.6685
3.6878,2.6735
3.6884,2.6685
3.6889,2.6634
3.6895,2.6735
3.6900,2.6735
3.6906,2.6735
3.6911,2.6735
3.6917,2.6735
3.6922,2.6685
3.6928,2.6634
3.6933,2.6685
3.6939,2.6685
3.6944,2.6735
3.6950,2.6634
3.6955,2.6634
3.6961,2.6634
3.6966,2.6735
3.6972,2.6685
3.6977,2.6735
3.6983,2.6685
3.6988,2.6634
3.6994,2.6685
3.6999,2.6685
3.7005,2.6735
3.7010,2.6685
3.7016,2.6685
3.7021,2.6735
3.7027,2.6685
3.7032,2.6685
3.7038,2.6685
3.7043,2.6685
3.7049,2.6685
3.7054,2.6634
3.7060,2.6685
3.7065,2.6735
3.7071,2.6634
3.7077,2.6685
3.7082,2.6735
3.7088,2.6685
3.7093,2.6685
3.7099,2.6685
3.7104,2.6735
3.7109,2.6685
3.7115,2.6584
3.7120,2.6634
3.7126,2.6685
3.7131,2.6685
3.7137,2.6685
3.7142,2.6584
3.7148,2.6685
3.7153,2.6584
3.7158,2.6685
3.7164,2.6634
3.7169,2.6634
3.7175,2.6634
3.7180,2.6685
3.7186,2.6685
3.7191,2.6685
3.7196,2.6634
3.7202,2.6685
3.7207,2.6584
3.7213,2.6634
3.7218,2.6634
3.7224,2.6634
3.7229,2.6584
3.7234,2.6685
3.7240,2.6685
3.7245,2.6634
3.7251,2.6584
3.7256,2.6634
3.7262,2.6634
3.7267,2.6685
3.7272,2.6634
3.7278,2.6634
3.7283,2.6584
3.7289,2.6634
3.7294,2.6634
3.7300,2.6685
3.7305,2.6685
3.7310,2.6584
3.7316,2.6634
3.7321,2.6584
3.7327,2.6634
3.7332,2.6634
3.7338,2.6634
3.7343,2.6685
3.7348,2.6584
3.7354,2.6634
3.7359,2.6584
3.7365,2.6634
3.7370,2.6584
3.7376,2.6634
3.7381,2.6584
3.7387,2.6584
3.7392,2.6584
3.7397,2.6634
3.7403,2.6634
3.7408,2.6634
3.7414,2.6634
3.7419,2.6533
3.7425,2.6634
3.7430,2.6634
3.7435,2.6584
3.7441,2.6584
3.7447,2.6584
3.7452,2.6634
3.7458,2.6634
3.7463,2.6533
3.7468,2.6634
3.7474,2.6634
3.7479,2.6584
3.7485,2.6634
3.7490,2.6584
3.7496,2.6533
3.7501,2.6634
3.7507,2.6634
3.7512,2.6584
3.7517,2.6634
3.7523,2.6584
3.7528,2.6533
3.7534,2.6584
3.7539,2.6634
3.7545,2.6584
3.7550,2.6584
3.7555,2.6533
3.7561,2.6634
3.7566,2.6584
3.7572,2.6533
3.7577,2.6634
3.7583,2.6634
3.7588,2.6584
3.7594,2.6533
3.7599,2.6634
3.7604,2.6584
3.7610,2.6584
3.7615,2.6584
3.7621,2.6584
3.7626,2.6584
3.7632,2.6584
3.7637,2.6634
3.7642,2.6584
3.7648,2.6584
3.7653,2.6584
3.7659,2.6584
3.7664,2.6634
3.7670,2.6584
3.7675,2.6533
3.7680,2.6584
3.7686,2.6533
3.7691,2.6584
3.7697,2.6533
3.7702,2.6584
3.7708,2.6584
3.7713,2.6482
3.7719,2.6584
3.7724,2.6584
3.7729,2.6634
3.7735,2.6584
3.7740,2.6584
3.7746,2.6533
3.7751,2.6584
3.7757,2.6584
3.7762,2.6584
3.7767,2.6584
3.7773,2.6584
3.7778,2.6482
3.7784,2.6584
3.7789,2.6533
3.7795,2.6533
3.7800,2.6584
3.7805,2.6533
3.7811,2.6584
3.7816,2.6533
3.7822,2.6482
3.7827,2.6584
3.7833,2.6533
3.7838,2.6584
3.7844,2.6533
3.7849,2.6533
3.7855,2.6584
3.7860,2.6584
3.7866,2.6584
3.7871,2.6533
3.7876,2.6482
3.7882,2.6584
3.7887,2.6584
3.7893,2.6432
3.7898,2.6533
3.7904,2.6533
3.7909,2.6533
3.7915,2.6584
3.7920,2.6432
3.7926,2.6584
3.7931,2.6584
3.7937,2.6533
3.7942,2.6432
3.7948,2.6584
3.7953,2.6482
3.7959,2.6584
3.7964,2.6482
3.7969,2.6584
3.7975,2.6533
3.7980,2.6533
3.7986,2.6533
3.7991,2.6533
3.7997,2.6533
3.8003,2.6584
3.8008,2.6584
3.8014,2.6584
3.8020,2.6533
3.8025,2.6533
3.8031,2.6533
3.8041,2.6482
3.8047,2.6533
3.8053,2.6432
3.8058,2.6482
3.8064,2.6432
3.8071,2.6482
3.8077,2.6482
3.8083,2.6482
3.8089,2.6584
3.8095,2.6533
3.8101,2.6533
3.8108,2.6533
3.8114,2.6432
3.8120,2.6533
3.8126,2.6432
3.8132,2.6533
3.8138,2.6432
3.8146,2.6432
3.8153,2.6533
3.8160,2.6533
3.8166,2.6533
3.8172,2.6482
3.8179,2.6533
3.8185,2.6533
3.8191,2.6482
3.8196,2.6432
3.8202,2.6482
3.8208,2.6533
3.8213,2.6482
3.8219,2.6482
3.8225,2.6482
3.8230,2.6533
3.8236,2.6533
3.8242,2.6482
3.8247,2.6533
3.8253,2.6482
3.8259,2.6533
3.8264,2.6533
3.8270,2.6482
3.8275,2.6432
3.8281,2.6533
3.8286,2.6482
3.8292,2.6482
3.8298,2.6533
3.8303,2.6482
3.8309,2.6381
3.8315,2.6482
3.8321,2.6533
3.8327,2.6432
3.8332,2.6533
3.8338,2.6482
3.8343,2.6533
3.8349,2.6533
3.8354,2.6432
3.8360,2.6533
3.8365,2.6482
3.8371,2.6432
3.8376,2.6482
3.8382,2.6432
3.8387,2.6432
3.8393,2.6482
3.8398,2.6482
3.8404,2.6482
3.8409,2.6432
3.8415,2.6432
3.8421,2.6482
3.8427,2.6482
3.8433,2.6533
3.8439,2.6482
3.8445,2.6432
3.8450,2.6432
3.8456,2.6432
3.8462,2.6482
3.8468,2.6381
3.8474,2.6482
3.8480,2.6482
3.8485,2.6482
3.8491,2.6482
3.8497,2.6482
3.8502,2.6482
3.8508,2.6482
3.8513,2.6482
3.8519,2.6482
3.8525,2.6482
3.8531,2.6482
3.8537,2.6482
3.8542,2.6432
3.8548,2.6482
3.8554,2.6432
3.8559,2.6482
3.8565,2.6482
3.8571,2.6432
3.8576,2.6381
3.8582,2.6482
3.8587,2.6381
3.8593,2.6533
3.8598,2.6482
3.8604,2.6482
3.8610,2.6432
3.8615,2.6482
3.8621,2.6381
3.8627,2.6432
3.8632,2.6482
3.8638,2.6381
3.8643,2.6482
3.8649,2.6381
3.8655,2.6432
3.8660,2.6432
3.8666,2.6381
3.8671,2.6482
3.8677,2.6381
3.8682,2.6432
3.8688,2.6432
3.8693,2.6381
3.8699,2.6482
3.8705,2.6432
3.8710,2.6381
3.8716,2.6432
3.8721,2.6381
3.8727,2.6381
3.8733,2.6432
3.8738,2.6482
3.8744,2.6330
3.8749,2.6482
3.8755,2.6432
3.8761,2.6482
3.8766,2.6381
3.8772,2.6432
3.8777,2.6381
3.8783,2.6482
3.8789,2.6330
3.8795,2.6482
3.8800,2.6482
3.8806,2.6482
3.8812,2.6381
3.8818,2.6330
3.8824,2.6482
3.8830,2.6432
3.8835,2.6381
3.8841,2.6482
3.8846,2.6482
3.8852,2.6482
3.8857,2.6381
3.8863,2.6432
3.8868,2.6381
3.8874,2.6432
3.8880,2.6381
3.8885,2.6381
3.8891,2.6330
3.8896,2.6432
3.8902,2.6432
3.8908,2.6482
3.8913,2.6381
3.8919,2.6482
3.8924,2.6432
3.8930,2.6432
3.8935,2.6381
3.8941,2.6482
3.8947,2.6432
3.8952,2.6381
3.8958,2.6482
3.8964,2.6381
3.8969,2.6432
3.8975,2.6381
3.8980,2.6482
3.8986,2.6432
3.8991,2.6432
3.8997,2.6432
3.9003,2.6432
3.9008,2.6432
3.9014,2.6432
3.9020,2.6432
3.9025,2.6432
3.9031,2.6381
3.9037,2.6381
3.9042,2.6330
3.9048,2.6432
3.9053,2.6432
3.9059,2.6482
3.9064,2.6381
3.9070,2.6432
3.9075,2.6381
3.9081,2.6432
3.9086,2.6432
3.9091,2.6432
3.9097,2.6330
3.9102,2.6432
3.9108,2.6381
3.9113,2.6432
3.9118,2.6432
3.9124,2.6381
3.9129,2.6432
3.9134,2.6381
3.9139,2.6432
3.9145,2.6432
3.9150,2.6432
3.9155,2.6432
3.9160,2.6432
3.9166,2.6482
3.9171,2.6432
3.9176,2.6432
3.9181,2.6381
3.9187,2.6432
3.9192,2.6432
3.9197,2.6432
3.9203,2.6330
3.9208,2.6381
3.9213,2.6381
3.9219,2.6381
3.9232,2.6330
3.9237,2.6381
3.9243,2.6381
3.9248,2.6381
3.9254,2.6330
3.9259,2.6381
3.9265,2.6330
3.9270,2.6432
3.9275,2.6330
3.9281,2.6381
3.9286,2.6432
3.9291,2.6432
3.9297,2.6381
3.9302,2.6432
3.9307,2.6432
3.9313,2.6432
3.9318,2.6330
3.9323,2.6381
3.9329,2.6330
3.9334,2.6432
3.9339,2.6381
3.9345,2.6432
3.9350,2.6432
3.9355,2.6381
3.9361,2.6381
3.9366,2.6381
3.9371,2.6381
3.9376,2.6432
3.9382,2.6330
3.9387,2.6432
3.9392,2.6432
3.9398,2.6381
3.9403,2.6381
3.9408,2.6381
3.9414,2.6381
3.9419,2.6381
3.9424,2.6381
3.9430,2.6432
3.9435,2.6381
3.9440,2.6381
3.9446,2.6432
3.9451,2.6381
3.9456,2.6381
3.9462,2.6381
3.9467,2.6381
3.9472,2.6432
3.9478,2.6280
3.9483,2.6381
3.9488,2.6330
3.9494,2.6381
3.9499,2.6381
3.9504,2.6432
3.9509,2.6381
3.9515,2.6330
3.9520,2.6381
3.9525,2.6432
3.9530,2.6381
3.9535,2.6330
3.9541,2.6330
3.9546,2.6381
3.9551,2.6381
3.9556,2.6381
3.9561,2.6432
3.9567,2.6330
3.9572,2.6330
3.9577,2.6381
3.9582,2.6330
3.9588,2.6381
3.9593,2.6381
3.9598,2.6381
3.9603,2.6330
3.9609,2.6280
3.9614,2.6381
3.9619,2.6330
3.9624,2.6330
3.9629,2.6330
3.9635,2.6330
3.9640,2.6381
3.9645,2.6381
3.9650,2.6381
3.9656,2.6381
3.9661,2.6381
3.9666,2.6330
3.9671,2.6330
3.9676,2.6330
3.9682,2.6330
3.9687,2.6381
3.9692,2.6381
3.9697,2.6330
3.9702,2.6432
3.9708,2.6381
3.9713,2.6330
3.9718,2.6330
3.9723,2.6330
3.9729,2.6330
3.9734,2.6330
3.9739,2.6280
3.9744,2.6330
3.9749,2.6330
3.9755,2.6381
3.9760,2.6330
3.9765,2.6330
3.9770,2.6381
3.9775,2.6381
3.9781,2.6381
3.9786,2.6381
3.9791,2.6381
3.9796,2.6280
3.9802,2.6330
3.9807,2.6330
3.9812,2.6330
3.9817,2.6330
3.9822,2.6381
3.9828,2.6381
3.9833,2.6330
3.9838,2.6330
3.9843,2.6381
3.9848,2.6381
3.9854,2.6381
3.9859,2.6330
3.9864,2.6330
3.9869,2.6330
3.9875,2.6381
3.9880,2.6381
3.9885,2.6330
3.9890,2.6330
3.9895,2.6330
3.9901,2.6330
3.9906,2.6330
3.9911,2.6381
3.9916,2.6381
3.9921,2.6381
3.9927,2.6381
3.9932,2.6330
3.9937,2.6280
3.9942,2.6381
3.9948,2.6330
3.9953,2.6280
3.9958,2.6229
3.9963,2.6229
3.9968,2.6330
3.9974,2.6381
3.9979,2.6381
3.9984,2.6330
3.9989,2.6381
3.9994,2.6381
4.0000,2.6330
4.0005,2.6330
4.0010,2.6381
4.0015,2.6330
4.0020,2.6381
4.0026,2.6381
4.0031,2.6381
4.0036,2.6330
4.0042,2.6280
4.0047,2.6330
4.0052,2.6330
4.0057,2.6330
4.0062,2.6381
4.0068,2.6330
4.0073,2.6280
4.0078,2.6280
4.0083,2.6330
4.0089,2.6280
4.0094,2.6381
4.0099,2.6381
4.0104,2.6381
4.0109,2.6330
4.0115,2.6330
4.0120,2.6330
4.0125,2.6330
4.0130,2.6330
4.0136,2.6381
4.0141,2.6381
4.0146,2.6330
4.0151,2.6280
4.0156,2.6280
4.0162,2.6330
4.0167,2.6381
4.0172,2.6229
4.0177,2.6330
4.0183,2.6381
4.0188,2.6381
4.0193,2.6330
4.0198,2.6381
4.0203,2.6330
4.0209,2.6330
4.0214,2.6381
4.0219,2.6330
4.0224,2.6432
4.0229,2.6381
4.0235,2.6381
4.0240,2.6381
4.0245,2.6381
4.0250,2.6330
4.0256,2.6381
4.0261,2.6381
4.0266,2.6381
4.0271,2.6381
4.0277,2.6381
4.0282,2.6381
4.0287,2.6381
4.0292,2.6381
4.0297,2.6381
4.0303,2.6381
4.0308,2.6381
4.0313,2.6381
4.0318,2.6381
4.0323,2.6432
4.0329,2.6381
4.0334,2.6381
4.0339,2.6381
4.0344,2.6381
4.0350,2.6381
4.0355,2.6381
4.0360,2.6432
4.0365,2.6381
4.0370,2.6330
4.0376,2.6330
4.0381,2.6432
4.0386,2.6432
4.0391,2.6330
4.0396,2.6432
4.0402,2.6432
4.0407,2.6381
4.0412,2.6381
4.0417,2.6381
4.0423,2.6381
4.0428,2.6482
4.0433,2.6330
4.0438,2.6381
4.0443,2.6432
4.0449,2.6381
4.0454,2.6381
4.0459,2.6432
4.0464,2.6432
4.0470,2.6482
4.0475,2.6381
4.0480,2.6432
4.0485,2.6432
4.0490,2.6381
4.0496,2.6432
4.0501,2.6381
4.0506,2.6482
4.0511,2.6482
4.0517,2.6482
4.0522,2.6432
4.0527,2.6432
4.0532,2.6381
4.0537,2.6482
4.0543,2.6432
4.0548,2.6482
4.0553,2.6482
4.0558,2.6482
4.0564,2.6432
4.0569,2.6432
4.0574,2.6482
4.0579,2.6432
4.0585,2.6482
4.0590,2.6482
4.0595,2.6533
4.0600,2.6482
4.0605,2.6482
4.0611,2.6533
4.0616,2.6482
4.0621,2.6482
4.0626,2.6482
4.0632,2.6482
4.0637,2.6533
4.0642,2.6432
4.0647,2.6533
4.0653,2.6432
4.0658,2.6533
4.0663,2.6533
4.0668,2.6482
4.0673,2.6533
4.0679,2.6533
4.0684,2.6482
4.0689,2.6482
4.0694,2.6533
4.0700,2.6584
4.0705,2.6584
4.0710,2.6533
4.0715,2.6584
4.0721,2.6584
4.0726,2.6533
4.0731,2.6584
4.0736,2.6584
4.0742,2.6584
4.0747,2.6482
4.0752,2.6584
4.0757,2.6584
4.0762,2.6584
4.0768,2.6584
4.0773,2.6584
4.0778,2.6584
4.0783,2.6584
4.0789,2.6584
4.0794,2.6584
4.0799,2.6634
4.0804,2.6584
4.0810,2.6533
4.0815,2.6584
4.0820,2.6634
4.0825,2.6634
4.0830,2.6634
4.0836,2.6634
4.0841,2.6634
4.0846,2.6634
4.0851,2.6634
4.0857,2.6634
4.0862,2.6584
4.0867,2.6584
4.0872,2.6634
4.0878,2.6634
4.0883,2.6685
4.0888,2.6584
4.0893,2.6634
4.0899,2.6685
4.0904,2.6685
4.0909,2.6685
4.0914,2.6685
4.0919,2.6685
4.0925,2.6634
4.0930,2.6735
4.0935,2.6685
4.0940,2.6685
4.0946,2.6634
4.0951,2.6634
4.0956,2.6735
4.0961,2.6735
4.0967,2.6735
4.0972,2.6735
4.0977,2.6735
4.0982,2.6786
4.0987,2.6786
4.0993,2.6786
4.0998,2.6735
4.1003,2.6786
4.1008,2.6786
4.1014,2.6786
4.1019,2.6786
4.1024,2.6786
4.1029,2.6786
4.1035,2.6786
4.1040,2.6786
4.1045,2.6786
4.1050,2.6786
4.1055,2.6786
4.1061,2.6786
4.1066,2.6837
4.1071,2.6837
4.1076,2.6837
4.1082,2.6887
4.1087,2.6837
4.1092,2.6837
4.1097,2.6837
4.1103,2.6887
4.1108,2.6837
4.1113,2.6837
4.1118,2.6837
4.1124,2.6887
4.1129,2.6837
4.1134,2.6938
4.1139,2.6887
4.1144,2.6938
4.1150,2.6938
4.1155,2.6837
4.1160,2.6837
4.1165,2.6887
4.1171,2.6938
4.1176,2.6938
4.1183,2.6938
4.1224,2.7039
4.1230,2.7039
4.1235,2.7039
4.1240,2.6989
4.1246,2.6989
4.1251,2.7039
4.1256,2.7039
4.1261,2.7039
4.1267,2.6989
4.1272,2.7039
4.1278,2.7090
4.1283,2.7090
4.1289,2.7039
4.1294,2.7090
4.1300,2.6989
4.1305,2.7090
4.1311,2.7141
4.1316,2.7039
4.1321,2.7141
4.1327,2.7141
4.1333,2.7141
4.1338,2.7141
4.1344,2.7191
4.1350,2.7191
4.1355,2.7141
4.1360,2.7090
4.1366,2.7141
4.1371,2.7090
4.1377,2.7141
4.1382,2.7141
4.1387,2.7191
4.1392,2.7242
4.1397,2.7242
4.1403,2.7242
4.1408,2.7242
4.1413,2.7242
4.1418,2.7242
4.1424,2.7242
4.1429,2.7292
4.1434,2.7292
4.1439,2.7292
4.1445,2.7292
4.1450,2.7292
4.1455,2.7292
4.1460,2.7343
4.1465,2.7242
4.1471,2.7343
4.1476,2.7242
4.1482,2.7292
4.1487,2.7343
4.1492,2.7394
4.1497,2.7394
4.1503,2.7394
4.1508,2.7343
4.1513,2.7394
4.1518,2.7394
4.1524,2.7343
4.1529,2.7343
4.1534,2.7394
4.1539,2.7444
4.1545,2.7394
4.1550,2.7343
4.1555,2.7394
4.1560,2.7444
4.1566,2.7495
4.1571,2.7495
4.1576,2.7495
4.1581,2.7495
4.1586,2.7495
4.1592,2.7495
4.1597,2.7546
4.1602,2.7495
4.1608,2.7546
4.1613,2.7546
4.1618,2.7546
4.1623,2.7546
4.1629,2.7546
4.1634,2.7596
4.1639,2.7596
4.1644,2.7596
4.1650,2.7596
4.1655,2.7596
4.1660,2.7647
4.1665,2.7647
4.1671,2.7596
4.1676,2.7596
4.1681,2.7698
4.1686,2.7647
4.1692,2.7698
4.1697,2.7647
4.1702,2.7698
4.1707,2.7698
4.1712,2.7748
4.1718,2.7698
4.1723,2.7698
4.1728,2.7647
4.1733,2.7748
4.1739,2.7748
4.1744,2.7748
4.1749,2.7748
4.1754,2.7799
4.1760,2.7748
4.1765,2.7799
4.1770,2.7799
4.1775,2.7799
4.1781,2.7799
4.1786,2.7849
4.1791,2.7799
4.1796,2.7799
4.1801,2.7748
4.1807,2.7799
4.1812,2.7799
4.1817,2.7799
4.1823,2.7900
4.1828,2.7900
4.1833,2.7900
4.1838,2.7849
4.1844,2.7900
4.1849,2.7900
4.1854,2.7849
4.1859,2.7951
4.1865,2.7849
4.1870,2.7951
4.1875,2.8001
4.1880,2.7900
4.1886,2.7951
4.1891,2.8052
4.1896,2.7951
4.1901,2.8052
4.1906,2.8052
4.1912,2.8052
4.1917,2.7951
4.1922,2.8001
4.1927,2.8001
4.1933,2.8001
4.1938,2.7951
4.1943,2.8052
4.1948,2.8103
4.1954,2.8153
4.1959,2.8153
4.1964,2.8103
4.1969,2.8153
4.1975,2.8204
4.1980,2.8153
4.1985,2.8204
4.1990,2.8153
4.1995,2.8204
4.2001,2.8204
4.2006,2.8255
4.2011,2.8204
4.2016,2.8153
4.2022,2.8153
4.2027,2.8255
4.2032,2.8305
4.2037,2.8305
4.2043,2.8255
4.2048,2.8255
4.2053,2.8305
4.2058,2.8305
4.2064,2.8356
4.2069,2.8305
4.2074,2.8356
4.2079,2.8356
4.2084,2.8356
4.2090,2.8406
4.2095,2.8406
4.2100,2.8406
4.2105,2.8406
4.2111,2.8457
4.2116,2.8457
4.2121,2.8406
4.2126,2.8457
4.2132,2.8457
4.2137,2.8406
4.2142,2.8406
4.2147,2.8406
4.2153,2.8558
4.2158,2.8457
4.2163,2.8558
4.2168,2.8558
4.2174,2.8558
4.2179,2.8558
4.2184,2.8558
4.2189,2.8558
4.2194,2.8558
4.2200,2.8660
4.2205,2.8609
4.2210,2.8609
4.2215,2.8609
4.2221,2.8660
4.2226,2.8558
4.2231,2.8660
4.2236,2.8660
4.2242,2.8710
4.2247,2.8660
4.2252,2.8609
4.2257,2.8710
4.2263,2.8660
4.2268,2.8660
4.2273,2.8710
4.2278,2.8761
4.2284,2.8761
4.2289,2.8710
4.2294,2.8761
4.2299,2.8761
4.2305,2.8812
4.2310,2.8812
4.2315,2.8812
4.2320,2.8812
4.2325,2.8862
4.2331,2.8761
4.2336,2.8913
4.2341,2.8913
4.2346,2.8812
4.2352,2.8913
4.2357,2.8963
4.2362,2.8862
4.2367,2.8862
4.2373,2.8913
4.2378,2.8862
4.2383,2.8963
4.2388,2.8963
4.2394,2.8963
4.2399,2.8963
4.2404,2.9014
4.2409,2.8963
4.2415,2.9014
4.2420,2.9065
4.2425,2.9065
4.2430,2.9065
4.2436,2.9065
4.2441,2.9115
4.2446,2.9115
4.2451,2.9115
4.2456,2.9115
4.2462,2.9115
4.2467,2.9115
4.2472,2.9115
4.2477,2.9166
4.2483,2.9166
4.2488,2.9217
4.2493,2.9166
4.2498,2.9217
4.2504,2.9166
4.2509,2.9166
4.2515,2.9166
4.2520,2.9267
4.2525,2.9166
4.2531,2.9166
4.2536,2.9166
4.2541,2.9267
4.2546,2.9318
4.2552,2.9318
4.2557,2.9267
4.2562,2.9318
4.2567,2.9318
4.2573,2.9318
4.2578,2.9267
4.2583,2.9318
4.2588,2.9318
4.2593,2.9369
4.2599,2.9318
4.2604,2.9419
4.2609,2.9369
4.2614,2.9470
4.2619,2.9520
4.2625,2.9470
4.2630,2.9470
4.2635,2.9470
4.2640,2.9520
4.2646,2.9520
4.2651,2.9520
4.2656,2.9520
4.2661,2.9520
4.2666,2.9520
4.2672,2.9520
4.2677,2.9571
4.2682,2.9520
4.2687,2.9571
4.2693,2.9470
4.2698,2.9622
4.2703,2.9622
4.2708,2.9622
4.2713,2.9622
4.2719,2.9571
4.2724,2.9571
4.2729,2.9622
4.2734,2.9622
4.2739,2.9571
4.2745,2.9723
4.2750,2.9672
4.2755,2.9622
4.2760,2.9622
4.2766,2.9723
4.2771,2.9774
4.2776,2.9723
4.2781,2.9774
4.2786,2.9774
4.2792,2.9774
4.2797,2.9824
4.2802,2.9824
4.2807,2.9824
4.2812,2.9824
4.2818,2.9824
4.2823,2.9875
4.2828,2.9824
4.2834,2.9774
4.2839,2.9824
4.2844,2.9875
4.2849,2.9875
4.2854,2.9824
4.2860,2.9824
4.2865,2.9824
4.2870,2.9875
4.2875,2.9976
4.2880,2.9976
4.2886,2.9926
4.2891,2.9976
4.2896,2.9976
4.2901,2.9976
4.2907,3.0027
4.2912,3.0027
4.2917,3.0027
4.2922,2.9976
4.2927,2.9976
4.2933,3.0027
4.2938,3.0077
4.2943,3.0077
4.2948,3.0077
4.2954,3.0077
4.2959,3.0128
4.2964,3.0128
4.2969,3.0128
4.2975,3.0128
4.2980,3.0027
4.2985,3.0179
4.2990,3.0179
4.2995,3.0179
4.3001,3.0179
4.3006,3.0179
4.3011,3.0179
4.3016,3.0179
4.3021,3.0229
4.3027,3.0128
4.3032,3.0128
4.3037,3.0179
4.3043,3.0229
4.3048,3.0280
4.3053,3.0280
4.3058,3.0229
4.3064,3.0331
4.3069,3.0331
4.3074,3.0229
4.3079,3.0331
4.3085,3.0331
4.3090,3.0331
4.3095,3.0280
4.3100,3.0331
4.3106,3.0381
4.3111,3.0381
4.3116,3.0381
4.3121,3.0381
4.3127,3.0432
4.3132,3.0381
4.3137,3.0381
4.3142,3.0432
4.3148,3.0432
4.3153,3.0483
4.3158,3.0381
4.3163,3.0432
4.3168,3.0432
4.3174,3.0432
4.3179,3.0483
4.3184,3.0483
4.3189,3.0483
4.3195,3.0533
4.3200,3.0483
4.3205,3.0432
4.3210,3.0533
4.3216,3.0533
4.3221,3.0533
4.3226,3.0533
4.3231,3.0533
4.3237,3.0584
4.3242,3.0584
4.3247,3.0584
4.3252,3.0533
4.3257,3.0584
4.3263,3.0584
4.3268,3.0685
4.3273,3.0634
4.3278,3.0634
4.3284,3.0685
4.3289,3.0685
4.3294,3.0685
4.3299,3.0685
4.3305,3.0736
4.3310,3.0685
4.3315,3.0685
4.3320,3.0736
4.3326,3.0634
4.3331,3.0736
4.3336,3.0786
4.3341,3.0736
4.3346,3.0786
4.3352,3.0786
4.3357,3.0786
4.3362,3.0786
4.3367,3.0837
4.3373,3.0837
4.3378,3.0786
4.3383,3.0736
4.3388,3.0786
4.3394,3.0786
4.3399,3.0837
4.3404,3.0837
4.3409,3.0837
4.3415,3.0786
4.3420,3.0786
4.3425,3.0837
4.3430,3.0837
4.3436,3.0938
4.3441,3.0888
4.3446,3.0938
4.3451,3.0888
4.3456,3.0888
4.3462,3.0888
4.3467,3.0837
4.3472,3.0888
4.3477,3.1039
4.3483,3.0938
4.3488,3.1039
4.3493,3.1039
4.3498,3.1039
4.3504,3.1039
4.3509,3.1039
4.3514,3.1039
4.3519,3.1090
4.3525,3.1090
4.3530,3.1090
4.3535,3.1090
4.3540,3.1141
4.3545,3.1039
4.3551,3.1039
4.3556,3.1039
4.3561,3.1090
4.3566,3.1141
4.3572,3.1141
4.3577,3.1141
4.3582,3.1141
4.3587,3.1090
4.3593,3.1141
4.3598,3.1242
4.3603,3.1141
4.3608,3.1191
4.3614,3.1242
4.3619,3.1242
4.3624,3.1293
4.3629,3.1191
4.3635,3.1242
4.3640,3.1242
4.3645,3.1191
4.3650,3.1293
4.3656,3.1293
4.3661,3.1293
4.3666,3.1343
4.3671,3.1343
4.3677,3.1242
4.3682,3.1343
4.3687,3.1242
4.3692,3.1343
4.3698,3.1394
4.3703,3.1394
4.3708,3.1343
4.3713,3.1394
4.3718,3.1394
4.3724,3.1394
4.3729,3.1343
4.3734,3.1343
4.3739,3.1445
4.3745,3.1445
4.3750,3.1495
4.3755,3.1495
4.3760,3.1495
4.3766,3.1495
4.3771,3.1495
4.3776,3.1495
4.3781,3.1495
4.3787,3.1546
4.3792,3.1495
4.3797,3.1495
4.3802,3.1495
4.3807,3.1596
4.3813,3.1495
4.3818,3.1596
4.3823,3.1596
4.3828,3.1596
4.3834,3.1596
4.3839,3.1596
4.3844,3.1596
4.3849,3.1647
4.3855,3.1647
4.3860,3.1647
4.3865,3.1698
4.3870,3.1596
4.3876,3.1596
4.3881,3.1647
4.3886,3.1596
4.3891,3.1647
4.3896,3.1647
4.3902,3.1647
4.3907,3.1647
4.3912,3.1698
4.3917,3.1748
4.3923,3.1698
4.3928,3.1748
4.3933,3.1799
4.3938,3.1799
4.3944,3.1799
4.3949,3.1850
4.3954,3.1799
4.3959,3.1698
4.3965,3.1748
4.3970,3.1850
4.3975,3.1900
4.3980,3.1799
4.3985,3.1748
4.3991,3.1850
4.3996,3.1850
4.4001,3.1799
4.4006,3.1850
4.4012,3.1900
4.4017,3.1900
4.4022,3.1951
4.4027,3.1951
4.4033,3.2002
4.4038,3.1951
4.4044,3.1951
4.4049,3.2002
4.4055,3.1951
4.4060,3.2052
4.4065,3.2002
4.4079,3.2002
4.4085,3.2052
4.4090,3.2052
4.4095,3.2002
4.4101,3.1951
4.4106,3.2103
4.4112,3.2052
4.4117,3.2103
4.4122,3.2103
4.4127,3.2103
4.4133,3.2153
4.4138,3.2103
4.4143,3.2153
4.4149,3.2103
4.4154,3.2153
4.4159,3.2153
4.4164,3.2153
4.4170,3.2153
4.4175,3.2153
4.4180,3.2204
4.4185,3.2204
4.4191,3.2204
4.4196,3.2255
4.4201,3.2204
4.4206,3.2103
4.4211,3.2103
4.4217,3.2153
4.4222,3.2204
4.4227,3.2153
4.4232,3.2255
4.4238,3.2255
4.4243,3.2255
4.4248,3.2305
4.4253,3.2204
4.4259,3.2305
4.4264,3.2356
4.4269,3.2356
4.4274,3.2305
4.4280,3.2305
4.4285,3.2305
4.4290,3.2305
4.4295,3.2305
4.4301,3.2407
4.4306,3.2356
4.4311,3.2457
4.4317,3.2457
4.4322,3.2457
4.4327,3.2407
4.4332,3.2407
4.4337,3.2407
4.4343,3.2457
4.4348,3.2407
4.4353,3.2407
4.4358,3.2508
4.4364,3.2508
4.4369,3.2559
4.4374,3.2508
4.4379,3.2559
4.4385,3.2559
4.4390,3.2559
4.4395,3.2559
4.4400,3.2559
4.4406,3.2609
4.4411,3.2559
4.4416,3.2559
4.4421,3.2457
4.4427,3.2609
4.4432,3.2609
4.4437,3.2609
4.4442,3.2660
4.4447,3.2660
4.4453,3.2660
4.4458,3.2660
4.4463,3.2660
4.4468,3.2710
4.4474,3.2609
4.4479,3.2761
4.4484,3.2710
4.4489,3.2710
4.4495,3.2710
4.4500,3.2761
4.4505,3.2710
4.4510,3.2761
4.4516,3.2812
4.4521,3.2710
4.4526,3.2761
4.4531,3.2812
4.4536,3.2761
4.4542,3.2761
4.4547,3.2710
4.4552,3.2710
4.4557,3.2761
4.4563,3.2812
4.4568,3.2862
4.4573,3.2913
4.4578,3.2862
4.4584,3.2812
4.4589,3.2913
4.4594,3.2913
4.4599,3.2913
4.4605,3.2913
4.4610,3.2964
4.4615,3.2913
4.4620,3.2964
4.4626,3.2964
4.4631,3.2862
4.4636,3.3014
4.4641,3.2913
4.4646,3.2964
4.4652,3.2913
4.4657,3.2913
4.4662,3.3014
4.4667,3.3014
4.4673,3.3014
4.4678,3.2964
4.4683,3.3065
4.4688,3.2964
4.4694,3.3065
4.4699,3.3065
4.4704,3.3065
4.4709,3.3116
4.4715,3.3116
4.4720,3.3116
4.4725,3.3116
4.4730,3.3166
4.4736,3.3166
4.4741,3.3116
4.4746,3.3166
4.4751,3.3166
4.4756,3.3166
4.4762,3.3217
4.4767,3.3116
4.4772,3.3166
4.4777,3.3267
4.4783,3.3166
4.4788,3.3166
4.4793,3.3267
4.4798,3.3217
4.4804,3.3267
4.4809,3.3267
4.4814,3.3318
4.4819,3.3318
4.4824,3.3369
4.4830,3.3318
4.4835,3.3318
4.4840,3.3369
4.4845,3.3369
4.4851,3.3318
4.4856,3.3369
4.4861,3.3419
4.4866,3.3318
4.4872,3.3419
4.4877,3.3419
4.4882,3.3267
4.4887,3.3419
4.4893,3.3419
4.4898,3.3470
4.4903,3.3470
4.4908,3.3470
4.4913,3.3369
4.4919,3.3470
4.4924,3.3419
4.4929,3.3470
4.4934,3.3470
4.4940,3.3521
4.4945,3.3571
4.4950,3.3571
4.4956,3.3571
4.4961,3.3521
4.4966,3.3622
4.4971,3.3571
4.4976,3.3521
4.4982,3.3622
4.4987,3.3622
4.4992,3.3521
4.4997,3.3622
4.5003,3.3622
4.5008,3.3571
4.5013,3.3673
4.5018,3.3622
4.5024,3.3673
4.5029,3.3723
4.5034,3.3723
4.5039,3.3723
4.5045,3.3774
4.5050,3.3774
4.5055,3.3774
4.5060,3.3774
4.5065,3.3774
4.5071,3.3774
4.5076,3.3774
4.5081,3.3723
4.5086,3.3774
4.5092,3.3774
4.5097,3.3824
4.5102,3.3824
4.5107,3.3824
4.5113,3.3824
4.5118,3.3824
4.5123,3.3875
4.5128,3.3824
4.5133,3.3926
4.5139,3.3926
4.5144,3.3875
4.5149,3.3926
4.5154,3.3976
4.5160,3.3976
4.5165,3.3875
4.5170,3.3875
4.5175,3.3976
4.5181,3.3926
4.5186,3.4027
4.5191,3.4027
4.5196,3.4027
4.5202,3.4027
4.5207,3.4078
4.5212,3.4078
4.5217,3.4078
4.5223,3.4128
4.5228,3.4078
4.5233,3.4078
4.5238,3.4078
4.5244,3.4078
4.5249,3.4179
4.5254,3.4128
4.5259,3.4179
4.5265,3.4179
4.5270,3.4128
4.5275,3.4179
4.5280,3.4179
4.5285,3.4179
4.5291,3.4179
4.5296,3.4078
4.5301,3.4230
4.5306,3.4230
4.5312,3.4280
4.5317,3.4280
4.5322,3.4280
4.5327,3.4280
4.5333,3.4280
4.5338,3.4280
4.5343,3.4230
4.5348,3.4280
4.5354,3.4331
4.5359,3.4230
4.5364,3.4381
4.5369,3.4381
4.5374,3.4230
4.5380,3.4230
4.5385,3.4331
4.5390,3.4280
4.5395,3.4432
4.5401,3.4381
4.5406,3.4432
4.5411,3.4432
4.5416,3.4432
4.5422,3.4432
4.5427,3.4432
4.5432,3.4483
4.5437,3.4483
4.5443,3.4483
4.5448,3.4483
4.5453,3.4483
4.5459,3.4432
4.5464,3.4533
4.5469,3.4533
4.5474,3.4483
4.5480,3.4533
4.5485,3.4533
4.5490,3.4584
4.5495,3.4533
4.5501,3.4584
4.5506,3.4483
4.5511,3.4635
4.5516,3.4635
4.5522,3.4533
4.5527,3.4584
4.5532,3.4533
4.5537,3.4584
4.5543,3.4584
4.5548,3.4635
4.5553,3.4635
4.5558,3.4736
4.5563,3.4685
4.5569,3.4635
4.5574,3.4635
4.5579,3.4685
4.5584,3.4685
4.5590,3.4736
4.5595,3.4635
4.5600,3.4685
4.5605,3.4685
4.5611,3.4787
4.5616,3.4685
4.5621,3.4837
4.5626,3.4787
4.5632,3.4736
4.5637,3.4736
4.5642,3.4787
4.5647,3.4787
4.5653,3.4787
4.5658,3.4736
4.5663,3.4736
4.5668,3.4837
4.5674,3.4837
4.5679,3.4888
4.5684,3.4938
4.5689,3.4938
4.5694,3.4888
4.5700,3.4837
4.5705,3.4989
4.5710,3.4837
4.5715,3.4938
4.5721,3.4837
4.5726,3.4989
4.5731,3.4989
4.5736,3.4989
4.5742,3.4837
4.5747,3.4989
4.5752,3.4888
4.5757,3.4938
4.5762,3.4989
4.5768,3.4938
4.5773,3.4938
4.5778,3.5040
4.5783,3.5040
4.5789,3.5040
4.5794,3.5090
4.5799,3.5090
4.5804,3.5090
4.5810,3.5090
4.5815,3.5141
4.5820,3.5141
4.5825,3.5141
4.5830,3.5192
4.5836,3.5141
4.5841,3.5192
4.5846,3.5192
4.5851,3.5090
4.5857,3.5192
4.5862,3.5141
4.5867,3.5192
4.5872,3.5242
4.5878,3.5192
4.5883,3.5192
4.5888,3.5141
4.5893,3.5293
4.5899,3.5242
4.5904,3.5242
4.5909,3.5242
4.5915,3.5242
4.5920,3.5141
4.5925,3.5242
4.5930,3.5242
4.5936,3.5242
4.5941,3.5394
4.5946,3.5343
4.5952,3.5394
4.5957,3.5343
4.5962,3.5293
4.5967,3.5394
4.5973,3.5394
4.5978,3.5293
4.5983,3.5343
4.5988,3.5293
4.5993,3.5343
4.5999,3.5445
4.6004,3.5445
4.6009,3.5445
4.6014,3.5495
4.6020,3.5394
4.6025,3.5546
4.6030,3.5495
4.6035,3.5495
4.6041,3.5495
4.6046,3.5546
4.6051,3.5495
4.6056,3.5445
4.6062,3.5546
4.6067,3.5546
4.6072,3.5597
4.6077,3.5597
4.6082,3.5546
4.6088,3.5647
4.6093,3.5546
4.6098,3.5597
4.6103,3.5647
4.6109,3.5647
4.6114,3.5647
4.6119,3.5495
4.6124,3.5597
4.6130,3.5647
4.6135,3.5647
4.6140,3.5647
4.6146,3.5698
4.6151,3.5698
4.6157,3.5749
4.6162,3.5698
4.6168,3.5698
4.6173,3.5749
4.6183,3.5698
4.6189,3.5799
4.6197,3.5749
4.6203,3.5799
4.6209,3.5749
4.6214,3.5749
4.6220,3.5850
4.6226,3.5799
4.6232,3.5850
4.6237,3.5850
4.6243,3.5850
4.6248,3.5850
4.6254,3.5799
4.6259,3.5900
4.6265,3.5900
4.6271,3.5850
4.6276,3.5900
4.6282,3.5900
4.6287,3.5900
4.6293,3.5900
4.6298,3.5900
4.6304,3.5900
4.6310,3.5850
4.6315,3.5951
4.6321,3.5850
4.6327,3.5951
4.6332,3.5900
4.6338,3.5951
4.6343,3.5900
4.6349,3.6002
4.6354,3.5850
4.6360,3.6002
4.6366,3.6002
4.6372,3.6002
4.6377,3.6052
4.6383,3.6002
4.6389,3.6052
4.6394,3.6052
4.6400,3.5951
4.6406,3.6103
4.6411,3.6052
4.6417,3.6103
4.6424,3.6052
4.6429,3.6103
4.6435,3.6103
4.6441,3.6103
4.6447,3.6103
4.6453,3.6002
4.6458,3.6204
4.6464,3.6103
4.6470,3.6103
4.6476,3.6052
4.6482,3.6103
4.6488,3.6154
4.6494,3.6154
4.6499,3.6154
4.6505,3.6154
4.6510,3.6103
4.6516,3.6204
4.6521,3.6154
4.6527,3.6103
4.6532,3.6204
4.6538,3.6154
4.6543,3.6204
4.6549,3.6154
4.6554,3.6154
4.6560,3.6255
4.6565,3.6255
4.6571,3.6204
4.6576,3.6154
4.6582,3.6255
4.6587,3.6255
4.6593,3.6255
4.6598,3.6306
4.6604,3.6306
4.6609,3.6255
4.6615,3.6255
4.6620,3.6306
4.6626,3.6154
4.6631,3.6306
4.6637,3.6306
4.6643,3.6255
4.6648,3.6306
4.6654,3.6255
4.6659,3.6306
4.6665,3.6306
4.6670,3.6306
4.6676,3.6255
4.6681,3.6306
4.6687,3.6255
4.6692,3.6255
4.6698,3.6356
4.6703,3.6255
4.6709,3.6306
4.6714,3.6204
4.6720,3.6204
4.6725,3.6255
4.6731,3.6306
4.6736,3.6356
4.6742,3.6356
4.6747,3.6356
4.6753,3.6255
4.6758,3.6356
4.6764,3.6306
4.6769,3.6407
4.6775,3.6356
4.6780,3.6356
4.6786,3.6255
4.6791,3.6407
4.6797,3.6204
4.6802,3.6407
4.6808,3.6407
4.6813,3.6356
4.6819,3.6306
4.6824,3.6407
4.6830,3.6407
4.6836,3.6407
4.6841,3.6306
4.6847,3.6407
4.6852,3.6356
4.6858,3.6255
4.6863,3.6407
4.6869,3.6356
4.6874,3.6407
4.6880,3.6407
4.6885,3.6407
4.6891,3.6356
4.6896,3.6356
4.6902,3.6407
4.6908,3.6356
4.6913,3.6407
4.6919,3.6306
4.6925,3.6306
4.6930,3.6407
4.6936,3.6356
4.6942,3.6356
4.6947,3.6407
4.6953,3.6407
4.6958,3.6356
4.6964,3.6407
4.6969,3.6255
4.6974,3.6356
4.6980,3.6356
4.6985,3.6356
4.6991,3.6407
4.6996,3.6356
4.7002,3.6407
4.7007,3.6407
4.7013,3.6407
4.7018,3.6356
4.7024,3.6356
4.7029,3.6407
4.7035,3.6255
4.7040,3.6306
4.7046,3.6356
4.7051,3.6407
4.7057,3.6255
4.7062,3.6407
4.7068,3.6306
4.7073,3.6356
4.7079,3.6255
4.7084,3.6356
4.7090,3.6356
4.7095,3.6204
4.7100,3.6356
4.7106,3.6356
4.7111,3.6306
4.7117,3.6356
4.7122,3.6204
4.7128,3.6306
4.7133,3.6306
4.7139,3.6356
4.7144,3.6306
4.7150,3.6306
4.7155,3.6306
4.7160,3.6306
4.7166,3.6306
4.7171,3.6306
4.7177,3.6306
4.7182,3.6306
4.7187,3.6306
4.7193,3.6306
4.7198,3.6255
4.7204,3.6204
4.7209,3.6154
4.7214,3.6306
4.7220,3.6306
4.7225,3.6204
4.7231,3.6306
4.7236,3.6255
4.7241,3.6255
4.7247,3.6306
4.7252,3.6255
4.7258,3.6154
4.7263,3.6103
4.7268,3.6255
4.7274,3.6306
4.7279,3.6103
4.7285,3.6154
4.7290,3.6255
4.7295,3.6255
4.7301,3.6255
4.7306,3.6204
4.7312,3.6154
4.7317,3.6154
4.7322,3.6204
4.7328,3.6103
4.7333,3.6255
4.7339,3.6204
4.7344,3.6255
4.7350,3.6255
4.7355,3.6204
4.7360,3.6204
4.7366,3.6103
4.7371,3.6204
4.7377,3.6204
4.7382,3.6255
4.7387,3.6103
4.7393,3.6204
4.7398,3.6154
4.7404,3.6204
4.7409,3.6204
4.7414,3.6204
4.7420,3.6052
4.7425,3.6204
4.7431,3.6255
4.7436,3.6204
4.7441,3.6154
4.7447,3.6204
4.7452,3.6204
4.7458,3.6052
4.7463,3.6204
4.7468,3.6204
4.7474,3.6204
4.7479,3.6103
4.7485,3.6154
4.7490,3.6154
4.7495,3.6154
4.7501,3.6204
4.7506,3.6204
4.7512,3.6204
4.7517,3.6204
4.7522,3.6103
4.7529,3.6154
4.7534,3.6204
4.7540,3.6103
4.7545,3.6154
4.7550,3.6204
4.7556,3.6154
4.7561,3.6052
4.7567,3.6154
4.7572,3.6052
4.7578,3.6103
4.7583,3.6154
4.7588,3.6052
4.7594,3.6154
4.7599,3.6052
4.7605,3.6154
4.7610,3.6204
4.7616,3.6154
4.7621,3.6002
4.7627,3.6154
4.7632,3.6154
4.7637,3.6103
4.7643,3.6103
4.7648,3.6154
4.7654,3.6154
4.7659,3.6052
4.7665,3.6103
4.7670,3.6002
4.7675,3.6154
4.7681,3.6103
4.7686,3.6103
4.7692,3.6103
4.7697,3.6154
4.7703,3.6052
4.7708,3.6103
4.7714,3.6103
4.7719,3.6103
4.7725,3.6154
4.7730,3.6052
4.7735,3.6103
4.7741,3.5951
4.7746,3.6052
4.7752,3.6154
4.7757,3.6103
4.7763,3.6052
4.7768,3.6002
4.7773,3.6154
4.7779,3.6103
4.7784,3.6103
4.7790,3.6002
4.7795,3.6103
4.7801,3.6103
4.7806,3.6052
4.7811,3.6052
4.7817,3.6002
4.7822,3.6103
4.7828,3.6103
4.7833,3.6103
4.7839,3.6052
4.7844,3.6052
4.7849,3.6103
4.7855,3.6103
4.7860,3.5951
4.7866,3.6052
4.7871,3.6103
4.7877,3.6103
4.7882,3.6002
4.7887,3.6052
4.7893,3.6002
4.7898,3.6103
4.7904,3.5951
4.7909,3.6052
4.7915,3.6103
4.7920,3.5951
4.7926,3.6052
4.7931,3.6052
4.7936,3.5951
4.7942,3.6052
4.7947,3.5951
4.7953,3.6103
4.7958,3.6052
4.7964,3.5951
4.7969,3.6052
4.7974,3.6052
4.7980,3.6052
4.7985,3.6052
4.7991,3.6052
4.7996,3.6052
4.8002,3.6002
4.8007,3.6052
4.8012,3.6002
4.8018,3.6052
4.8023,3.6052
4.8029,3.5951
4.8034,3.6002
4.8040,3.5951
4.8045,3.6052
4.8050,3.6002
4.8056,3.6052
4.8061,3.5900
4.8067,3.6002
4.8072,3.6002
4.8078,3.6002
4.8083,3.6052
4.8088,3.6002
4.8094,3.6002
4.8099,3.6002
4.8105,3.6052
4.8110,3.5900
4.8116,3.6002
4.8121,3.5951
4.8126,3.6002
4.8132,3.6002
4.8137,3.5900
4.8143,3.5951
4.8148,3.6002
4.8154,3.5951
4.8159,3.6002
4.8165,3.5900
4.8170,3.6002
4.8176,3.6002
4.8183,3.6002
4.8189,3.6002
4.8194,3.5850
4.8200,3.6002
4.8205,3.5900
4.8211,3.5850
4.8217,3.5900
4.8224,3.6002
4.8229,3.6002
4.8235,3.5850
4.8240,3.6002
4.8246,3.5951
4.8251,3.5900
4.8257,3.5850
4.8262,3.5900
4.8268,3.6002
4.8273,3.5850
4.8278,3.6002
4.8284,3.5951
4.8289,3.5850
4.8295,3.5951
4.8300,3.5951
4.8306,3.5850
4.8311,3.5951
4.8317,3.5951
4.8322,3.6002
4.8328,3.5951
4.8333,3.5951
4.8339,3.5900
4.8344,3.6002
4.8350,3.5850
4.8355,3.6002
4.8360,3.6002
4.8366,3.5951
4.8371,3.5850
4.8377,3.6002
4.8382,3.5850
4.8388,3.5900
4.8394,3.5951
4.8399,3.5951
4.8404,3.5951
4.8410,3.5900
4.8415,3.6002
4.8421,3.5900
4.8426,3.5850
4.8432,3.6002
4.8437,3.5850
4.8443,3.5951
4.8448,3.5951
4.8454,3.5951
4.8459,3.5799
4.8465,3.5951
4.8470,3.5951
4.8476,3.5951
4.8481,3.5951
4.8486,3.5850
4.8492,3.6002
4.8497,3.5850
4.8503,3.5951
4.8508,3.5850
4.8514,3.5951
4.8519,3.5951
4.8525,3.5799
4.8530,3.5900
4.8536,3.5951
4.8541,3.5850
4.8547,3.5900
4.8552,3.5850
4.8557,3.5951
4.8563,3.5900
4.8568,3.5951
4.8574,3.5799
4.8579,3.5900
4.8585,3.5951
4.8590,3.5900
4.8596,3.5900
4.8601,3.5850
4.8607,3.5951
4.8612,3.5850
4.8617,3.5951
4.8623,3.5850
4.8629,3.5951
4.8634,3.5900
4.8640,3.5951
4.8645,3.5951
4.8651,3.5900
4.8656,3.5900
4.8662,3.5900
4.8667,3.5850
4.8673,3.5900
4.8678,3.5900
4.8684,3.5900
4.8689,3.5850
4.8695,3.5900
4.8700,3.5900
4.8706,3.5951
4.8711,3.5850
4.8717,3.5900
4.8722,3.5850
4.8728,3.5900
4.8733,3.5749
4.8738,3.5900
4.8744,3.5900
4.8749,3.5799
4.8755,3.5850
4.8760,3.5850
4.8766,3.5749
4.8771,3.5900
4.8776,3.5900
4.8782,3.5900
4.8787,3.5900
4.8793,3.5900
4.8798,3.5799
4.8804,3.5900
4.8809,3.5799
4.8814,3.5900
4.8821,3.5900
4.8826,3.5900
4.8832,3.5799
4.8837,3.5900
4.8842,3.5900
4.8848,3.5749
4.8853,3.5900
4.8859,3.5900
4.8864,3.5900
4.8870,3.5850
4.8875,3.5900
4.8880,3.5900
4.8886,3.5900
4.8891,3.5900
4.8897,3.5850
4.8902,3.5799
4.8908,3.5900
4.8913,3.5850
4.8918,3.5799
4.8924,3.5749
4.8929,3.5900
4.8935,3.5749
4.8940,3.5850
4.8946,3.5900
4.8951,3.5900
4.8957,3.5749
4.8962,3.5900
4.8968,3.5900
4.8973,3.5850
4.8979,3.5850
4.8984,3.5749
4.8990,3.5850
4.8995,3.5749
4.9000,3.5850
4.9006,3.5749
4.9011,3.5850
4.9017,3.5850
4.9022,3.5850
4.9028,3.5850
4.9033,3.5850
4.9039,3.5749
4.9044,3.5850
4.9049,3.5900
4.9055,3.5799
4.9060,3.5850
4.9066,3.5850
4.9071,3.5749
4.9077,3.5799
4.9082,3.5850
4.9088,3.5799
4.9093,3.5749
4.9099,3.5850
4.9104,3.5698
4.9109,3.5850
4.9115,3.5799
4.9120,3.5749
4.9126,3.5799
4.9131,3.5850
4.9137,3.5850
4.9142,3.5850
4.9148,3.5850
4.9153,3.5850
4.9159,3.5850
4.9164,3.5799
4.9170,3.5799
4.9175,3.5850
4.9180,3.5749
4.9186,3.5799
4.9191,3.5799
4.9197,3.5698
4.9202,3.5799
4.9208,3.5749
4.9213,3.5850
4.9219,3.5799
4.9224,3.5850
4.9230,3.5749
4.9235,3.5799
4.9241,3.5799
4.9246,3.5850
4.9251,3.5799
4.9257,3.5799
4.9262,3.5850
4.9268,3.5799
4.9273,3.5749
4.9279,3.5799
4.9284,3.5799
4.9290,3.5799
4.9295,3.5799
4.9301,3.5799
4.9306,3.5698
4.9312,3.5850
4.9317,3.5749
4.9323,3.5799
4.9328,3.5850
4.9334,3.5749
4.9339,3.5799
4.9345,3.5698
4.9350,3.5799
4.9356,3.5698
4.9361,3.5647
4.9366,3.5799
4.9372,3.5647
4.9377,3.5749
4.9383,3.5799
4.9388,3.5749
4.9394,3.5799
4.9399,3.5799
4.9405,3.5647
4.9410,3.5749
4.9416,3.5799
4.9421,3.5799
4.9427,3.5749
4.9432,3.5799
4.9438,3.5647
4.9443,3.5799
4.9448,3.5749
4.9454,3.5799
4.9459,3.5799
4.9465,3.5799
4.9470,3.5698
4.9476,3.5799
4.9481,3.5799
4.9487,3.5799
4.9492,3.5749
4.9498,3.5698
4.9506,3.5698
4.9512,3.5799
4.9517,3.5799
4.9524,3.5799
4.9530,3.5749
4.9535,3.5749
4.9541,3.5749
4.9547,3.5749
4.9552,3.5647
4.9558,3.5799
4.9563,3.5698
4.9569,3.5749
4.9574,3.5799
4.9580,3.5647
4.9586,3.5749
4.9591,3.5647
4.9597,3.5799
4.9602,3.5799
4.9608,3.5698
4.9614,3.5749
4.9619,3.5698
4.9625,3.5749
4.9630,3.5799
4.9636,3.5749
4.9642,3.5799
4.9647,3.5698
4.9653,3.5749
4.9659,3.5698
4.9664,3.5799
4.9670,3.5799
4.9675,3.5749
4.9681,3.5749
4.9686,3.5799
4.9692,3.5749
4.9697,3.5749
4.9703,3.5749
4.9708,3.5749
4.9714,3.5647
4.9720,3.5799
4.9725,3.5749
4.9731,3.5749
4.9737,3.5647
4.9742,3.5749
4.9748,3.5647
4.9753,3.5799
4.9759,3.5749
4.9765,3.5749
4.9771,3.5749
4.9777,3.5698
4.9782,3.5749
4.9788,3.5698
4.9794,3.5749
4.9799,3.5749
4.9805,3.5647
4.9810,3.5698
4.9816,3.5749
4.9821,3.5749
4.9827,3.5749
4.9833,3.5647
4.9838,3.5799
4.9844,3.5749
4.9850,3.5698
4.9855,3.5647
4.9861,3.5698
4.9867,3.5647
4.9872,3.5749
4.9878,3.5647
4.9883,3.5799
4.9889,3.5749
4.9895,3.5749
4.9900,3.5647
4.9906,3.5749
4.9912,3.5698
4.9917,3.5749
4.9923,3.5749
4.9929,3.5749
4.9935,3.5647
4.9940,3.5749
4.9946,3.5698
4.9951,3.5647
4.9957,3.5749
4.9963,3.5647
4.9968,3.5749
4.9974,3.5799
4.9980,3.5698
4.9985,3.5647
4.9991,3.5698
4.9996,3.5749
5.0002,3.5749
