Время[c],Напряжение[В]
0.0000,1.0592
0.0006,1.0643
0.0011,1.0643
0.0017,1.0643
0.0022,1.0643
0.0027,1.0643
0.0033,1.0643
0.0038,1.0643
0.0043,1.0643
0.0049,1.0693
0.0054,1.0693
0.0059,1.0693
0.0064,1.0693
0.0069,1.0693
0.0075,1.0693
0.0080,1.0693
0.0085,1.0643
0.0090,1.0643
0.0096,1.0693
0.0101,1.0643
0.0106,1.0643
0.0111,1.0643
0.0117,1.0643
0.0122,1.0693
0.0127,1.0744
0.0132,1.0693
0.0138,1.0643
0.0143,1.0693
0.0148,1.0643
0.0153,1.0643
0.0159,1.0744
0.0164,1.0693
0.0169,1.0643
0.0174,1.0693
0.0180,1.0693
0.0185,1.0693
0.0190,1.0643
0.0195,1.0744
0.0200,1.0643
0.0206,1.0693
0.0211,1.0693
0.0216,1.0693
0.0221,1.0693
0.0227,1.0693
0.0232,1.0693
0.0237,1.0744
0.0243,1.0693
0.0248,1.0693
0.0254,1.0693
0.0269,1.0693
0.0276,1.0693
0.0281,1.0693
0.0287,1.0643
0.0292,1.0643
0.0298,1.0643
0.0304,1.0693
0.0310,1.0643
0.0316,1.0744
0.0322,1.0693
0.0328,1.0693
0.0334,1.0744
0.0339,1.0693
0.0345,1.0693
0.0350,1.0693
0.0356,1.0693
0.0361,1.0693
0.0367,1.0693
0.0372,1.0693
0.0377,1.0693
0.0382,1.0643
0.0388,1.0693
0.0393,1.0693
0.0398,1.0693
0.0403,1.0693
0.0409,1.0693
0.0414,1.0744
0.0419,1.0693
0.0424,1.0693
0.0429,1.0693
0.0435,1.0693
0.0440,1.0693
0.0446,1.0693
0.0451,1.0693
0.0457,1.0693
0.0463,1.0693
0.0468,1.0693
0.0474,1.0744
0.0479,1.0693
0.0485,1.0643
0.0491,1.0693
0.0496,1.0693
0.0502,1.0693
0.0507,1.0693
0.0512,1.0693
0.0517,1.0693
0.0523,1.0693
0.0528,1.0643
0.0533,1.0693
0.0538,1.0693
0.0544,1.0693
0.0549,1.0693
0.0554,1.0643
0.0559,1.0693
0.0564,1.0693
0.0570,1.0693
0.0575,1.0643
0.0580,1.0693
0.0585,1.0693
0.0591,1.0693
0.0596,1.0643
0.0601,1.0693
0.0607,1.0693
0.0612,1.0744
0.0617,1.0693
0.0622,1.0693
0.0628,1.0693
0.0633,1.0693
0.0638,1.0693
0.0643,1.0693
0.0649,1.0693
0.0654,1.0693
0.0659,1.0693
0.0664,1.0693
0.0670,1.0693
0.0675,1.0693
0.0680,1.0693
0.0685,1.0693
0.0691,1.0693
0.0696,1.0693
0.0701,1.0693
0.0706,1.0693
0.0712,1.0693
0.0717,1.0693
0.0722,1.0643
0.0727,1.0744
0.0732,1.0693
0.0738,1.0643
0.0743,1.0693
0.0748,1.0744
0.0753,1.0693
0.0759,1.0693
0.0764,1.0744
0.0769,1.0693
0.0774,1.0693
0.0780,1.0693
0.0785,1.0693
0.0790,1.0693
0.0795,1.0693
0.0801,1.0693
0.0806,1.0693
0.0811,1.0693
0.0816,1.0693
0.0822,1.0693
0.0827,1.0693
0.0832,1.0693
0.0837,1.0643
0.0843,1.0744
0.0848,1.0693
0.0853,1.0693
0.0859,1.0693
0.0865,1.0693
0.0870,1.0693
0.0876,1.0693
0.0882,1.0693
0.0887,1.0693
0.0893,1.0693
0.0899,1.0693
0.0904,1.0693
0.0910,1.0693
0.0915,1.0693
0.0921,1.0693
0.0926,1.0643
0.0932,1.0693
0.0938,1.0693
0.0944,1.0693
0.0949,1.0693
0.0955,1.0693
0.0960,1.0693
0.0965,1.0643
0.0970,1.0693
0.0976,1.0693
0.0981,1.0643
0.0986,1.0643
0.0991,1.0693
0.0997,1.0693
0.1002,1.0693
0.1008,1.0693
0.1014,1.0693
0.1020,1.0643
0.1025,1.0693
0.1030,1.0693
0.1036,1.0693
0.1042,1.0693
0.1048,1.0643
0.1053,1.0744
0.1058,1.0744
0.1064,1.0643
0.1069,1.0643
0.1074,1.0643
0.1079,1.0643
0.1085,1.0693
0.1090,1.0693
0.1095,1.0643
0.1101,1.0693
0.1107,1.0693
0.1112,1.0693
0.1118,1.0643
0.1123,1.0693
0.1129,1.0693
0.1134,1.0643
0.1139,1.0643
0.1145,1.0643
0.1151,1.0643
0.1156,1.0693
0.1161,1.0643
0.1166,1.0693
0.1172,1.0643
0.1177,1.0693
0.1182,1.0643
0.1188,1.0643
0.1193,1.0693
0.1198,1.0693
0.1204,1.0693
0.1209,1.0693
0.1214,1.0693
0.1220,1.0693
0.1225,1.0693
0.1231,1.0693
0.1236,1.0693
0.1243,1.0693
0.1249,1.0693
0.1254,1.0693
0.1259,1.0693
0.1264,1.0693
0.1270,1.0693
0.1276,1.0643
0.1281,1.0643
0.1287,1.0693
0.1292,1.0643
0.1297,1.0643
0.1302,1.0693
0.1307,1.0693
0.1313,1.0693
0.1318,1.0643
0.1323,1.0643
0.1328,1.0693
0.1334,1.0693
0.1339,1.0693
0.1344,1.0693
0.1349,1.0693
0.1355,1.0693
0.1360,1.0643
0.1365,1.0693
0.1370,1.0643
0.1375,1.0643
0.1381,1.0643
0.1386,1.0643
0.1391,1.0643
0.1396,1.0693
0.1402,1.0643
0.1407,1.0643
0.1412,1.0643
0.1417,1.0643
0.1423,1.0643
0.1428,1.0693
0.1433,1.0643
0.1439,1.0643
0.1444,1.0643
0.1449,1.0643
0.1454,1.0693
0.1460,1.0643
0.1465,1.0643
0.1470,1.0643
0.1475,1.0592
0.1480,1.0643
0.1486,1.0592
0.1491,1.0643
0.1496,1.0643
0.1501,1.0693
0.1507,1.0643
0.1512,1.0643
0.1517,1.0643
0.1522,1.0592
0.1528,1.0592
0.1533,1.0592
0.1538,1.0643
0.1543,1.0643
0.1548,1.0643
0.1554,1.0643
0.1559,1.0643
0.1564,1.0643
0.1569,1.0643
0.1575,1.0592
0.1580,1.0643
0.1585,1.0643
0.1591,1.0643
0.1596,1.0643
0.1602,1.0693
0.1607,1.0592
0.1613,1.0643
0.1618,1.0643
0.1624,1.0592
0.1629,1.0643
0.1634,1.0643
0.1640,1.0643
0.1645,1.0643
0.1650,1.0643
0.1655,1.0592
0.1661,1.0643
0.1666,1.0693
0.1671,1.0643
0.1676,1.0592
0.1682,1.0592
0.1687,1.0643
0.1692,1.0643
0.1697,1.0643
0.1703,1.0643
0.1708,1.0693
0.1713,1.0643
0.1718,1.0643
0.1723,1.0592
0.1729,1.0643
0.1734,1.0643
0.1739,1.0643
0.1744,1.0592
0.1750,1.0643
0.1755,1.0592
0.1760,1.0592
0.1765,1.0643
0.1771,1.0643
0.1776,1.0643
0.1781,1.0643
0.1786,1.0643
0.1791,1.0643
0.1797,1.0592
0.1802,1.0643
0.1807,1.0592
0.1812,1.0592
0.1818,1.0643
0.1823,1.0592
0.1828,1.0592
0.1833,1.0542
0.1838,1.0592
0.1844,1.0643
0.1849,1.0643
0.1854,1.0592
0.1859,1.0592
0.1865,1.0592
0.1870,1.0592
0.1875,1.0643
0.1880,1.0643
0.1886,1.0592
0.1891,1.0542
0.1896,1.0592
0.1901,1.0643
0.1906,1.0592
0.1912,1.0542
0.1917,1.0592
0.1922,1.0643
0.1927,1.0592
0.1933,1.0592
0.1938,1.0592
0.1943,1.0643
0.1948,1.0592
0.1954,1.0592
0.1959,1.0592
0.1964,1.0592
0.1969,1.0643
0.1974,1.0592
0.1980,1.0592
0.1985,1.0592
0.1990,1.0592
0.1995,1.0592
0.2001,1.0592
0.2006,1.0592
0.2011,1.0592
0.2016,1.0592
0.2022,1.0592
0.2027,1.0592
0.2032,1.0542
0.2037,1.0592
0.2042,1.0542
0.2048,1.0592
0.2053,1.0592
0.2058,1.0592
0.2063,1.0592
0.2069,1.0592
0.2074,1.0643
0.2079,1.0592
0.2084,1.0592
0.2090,1.0592
0.2095,1.0592
0.2100,1.0592
0.2105,1.0592
0.2110,1.0592
0.2116,1.0643
0.2121,1.0592
0.2126,1.0592
0.2131,1.0592
0.2137,1.0643
0.2142,1.0592
0.2147,1.0592
0.2152,1.0592
0.2158,1.0592
0.2163,1.0592
0.2168,1.0592
0.2173,1.0592
0.2178,1.0491
0.2184,1.0592
0.2189,1.0542
0.2194,1.0592
0.2199,1.0592
0.2205,1.0542
0.2210,1.0592
0.2215,1.0592
0.2220,1.0592
0.2226,1.0592
0.2231,1.0592
0.2236,1.0592
0.2241,1.0592
0.2247,1.0592
0.2252,1.0542
0.2257,1.0592
0.2262,1.0592
0.2268,1.0592
0.2273,1.0592
0.2278,1.0592
0.2283,1.0542
0.2288,1.0542
0.2294,1.0542
0.2299,1.0592
0.2304,1.0592
0.2309,1.0592
0.2315,1.0592
0.2320,1.0592
0.2325,1.0592
0.2330,1.0592
0.2336,1.0542
0.2341,1.0592
0.2346,1.0542
0.2351,1.0542
0.2356,1.0542
0.2362,1.0592
0.2367,1.0542
0.2372,1.0643
0.2377,1.0592
0.2383,1.0592
0.2388,1.0592
0.2393,1.0592
0.2398,1.0542
0.2404,1.0592
0.2409,1.0592
0.2414,1.0592
0.2419,1.0542
0.2424,1.0592
0.2430,1.0542
0.2435,1.0592
0.2440,1.0592
0.2445,1.0592
0.2451,1.0592
0.2456,1.0592
0.2461,1.0592
0.2466,1.0592
0.2472,1.0592
0.2477,1.0592
0.2482,1.0542
0.2487,1.0542
0.2493,1.0542
0.2498,1.0592
0.2503,1.0592
0.2508,1.0592
0.2513,1.0542
0.2519,1.0542
0.2524,1.0542
0.2529,1.0592
0.2534,1.0592
0.2540,1.0542
0.2545,1.0592
0.2550,1.0542
0.2555,1.0643
0.2561,1.0592
0.2566,1.0542
0.2571,1.0542
0.2576,1.0542
0.2581,1.0592
0.2587,1.0542
0.2592,1.0592
0.2597,1.0592
0.2602,1.0592
0.2608,1.0592
0.2613,1.0592
0.2618,1.0592
0.2623,1.0542
0.2628,1.0592
0.2634,1.0542
0.2639,1.0542
0.2644,1.0592
0.2649,1.0542
0.2655,1.0592
0.2660,1.0542
0.2665,1.0542
0.2670,1.0592
0.2676,1.0592
0.2681,1.0592
0.2686,1.0592
0.2691,1.0542
0.2696,1.0592
0.2702,1.0592
0.2707,1.0592
0.2712,1.0592
0.2717,1.0592
0.2723,1.0542
0.2728,1.0592
0.2733,1.0592
0.2738,1.0592
0.2744,1.0592
0.2749,1.0592
0.2754,1.0542
0.2759,1.0542
0.2764,1.0542
0.2770,1.0542
0.2775,1.0592
0.2780,1.0592
0.2785,1.0542
0.2791,1.0592
0.2796,1.0542
0.2801,1.0592
0.2806,1.0592
0.2812,1.0542
0.2817,1.0542
0.2822,1.0542
0.2827,1.0542
0.2832,1.0542
0.2838,1.0542
0.2843,1.0542
0.2848,1.0542
0.2853,1.0592
0.2859,1.0592
0.2864,1.0542
0.2869,1.0491
0.2874,1.0542
0.2880,1.0542
0.2885,1.0542
0.2890,1.0542
0.2895,1.0592
0.2900,1.0592
0.2906,1.0542
0.2911,1.0592
0.2916,1.0491
0.2921,1.0542
0.2927,1.0592
0.2932,1.0542
0.2937,1.0592
0.2942,1.0491
0.2948,1.0542
0.2953,1.0542
0.2958,1.0542
0.2963,1.0542
0.2968,1.0542
0.2974,1.0542
0.2979,1.0592
0.2984,1.0542
0.2989,1.0592
0.2995,1.0592
0.3000,1.0592
0.3005,1.0542
0.3010,1.0542
0.3016,1.0542
0.3021,1.0592
0.3026,1.0542
0.3031,1.0542
0.3036,1.0542
0.3042,1.0542
0.3047,1.0592
0.3054,1.0542
0.3059,1.0542
0.3064,1.0592
0.3069,1.0592
0.3075,1.0592
0.3080,1.0542
0.3085,1.0592
0.3090,1.0542
0.3095,1.0542
0.3101,1.0542
0.3106,1.0592
0.3111,1.0491
0.3116,1.0592
0.3121,1.0542
0.3127,1.0542
0.3132,1.0592
0.3137,1.0542
0.3142,1.0542
0.3148,1.0542
0.3153,1.0542
0.3158,1.0592
0.3163,1.0542
0.3168,1.0542
0.3174,1.0592
0.3179,1.0542
0.3184,1.0592
0.3189,1.0542
0.3195,1.0542
0.3200,1.0542
0.3205,1.0542
0.3210,1.0542
0.3215,1.0592
0.3221,1.0542
0.3226,1.0542
0.3231,1.0542
0.3236,1.0542
0.3241,1.0542
0.3247,1.0542
0.3252,1.0542
0.3257,1.0592
0.3262,1.0542
0.3268,1.0542
0.3273,1.0542
0.3278,1.0592
0.3283,1.0542
0.3288,1.0542
0.3294,1.0542
0.3299,1.0542
0.3304,1.0542
0.3309,1.0491
0.3314,1.0542
0.3320,1.0542
0.3325,1.0542
0.3330,1.0542
0.3335,1.0542
0.3341,1.0592
0.3346,1.0542
0.3351,1.0542
0.3356,1.0592
0.3361,1.0592
0.3367,1.0592
0.3372,1.0592
0.3377,1.0592
0.3382,1.0592
0.3387,1.0542
0.3393,1.0491
0.3398,1.0491
0.3403,1.0542
0.3408,1.0542
0.3414,1.0542
0.3419,1.0542
0.3424,1.0491
0.3429,1.0592
0.3434,1.0542
0.3440,1.0592
0.3445,1.0542
0.3450,1.0491
0.3455,1.0592
0.3461,1.0542
0.3466,1.0592
0.3471,1.0542
0.3476,1.0592
0.3481,1.0542
0.3487,1.0643
0.3492,1.0542
0.3497,1.0491
0.3502,1.0542
0.3507,1.0491
0.3513,1.0542
0.3518,1.0491
0.3523,1.0542
0.3528,1.0542
0.3534,1.0491
0.3539,1.0491
0.3544,1.0542
0.3549,1.0592
0.3554,1.0491
0.3560,1.0491
0.3565,1.0542
0.3570,1.0542
0.3575,1.0542
0.3580,1.0592
0.3586,1.0542
0.3591,1.0542
0.3596,1.0592
0.3601,1.0592
0.3607,1.0542
0.3612,1.0542
0.3617,1.0592
0.3622,1.0491
0.3627,1.0542
0.3633,1.0542
0.3638,1.0542
0.3643,1.0592
0.3648,1.0542
0.3654,1.0542
0.3659,1.0542
0.3664,1.0592
0.3669,1.0592
0.3674,1.0542
0.3680,1.0592
0.3685,1.0542
0.3690,1.0542
0.3695,1.0542
0.3701,1.0542
0.3706,1.0542
0.3711,1.0542
0.3716,1.0542
0.3721,1.0542
0.3727,1.0542
0.3732,1.0542
0.3737,1.0542
0.3742,1.0491
0.3748,1.0491
0.3753,1.0542
0.3758,1.0542
0.3763,1.0542
0.3769,1.0542
0.3774,1.0542
0.3779,1.0542
0.3784,1.0542
0.3789,1.0542
0.3795,1.0542
0.3800,1.0542
0.3805,1.0592
0.3810,1.0542
0.3816,1.0542
0.3821,1.0542
0.3826,1.0592
0.3831,1.0592
0.3837,1.0542
0.3842,1.0542
0.3847,1.0542
0.3852,1.0542
0.3857,1.0542
0.3863,1.0542
0.3868,1.0542
0.3873,1.0542
0.3878,1.0491
0.3884,1.0491
0.3889,1.0592
0.3894,1.0542
0.3899,1.0542
0.3905,1.0491
0.3910,1.0542
0.3915,1.0491
0.3920,1.0542
0.3925,1.0542
0.3931,1.0542
0.3936,1.0491
0.3941,1.0491
0.3946,1.0491
0.3952,1.0542
0.3957,1.0491
0.3962,1.0542
0.3971,1.0542
0.3977,1.0542
0.3982,1.0542
0.3987,1.0542
0.3993,1.0542
0.3998,1.0542
0.4003,1.0542
0.4008,1.0542
0.4014,1.0491
0.4019,1.0491
0.4024,1.0542
0.4030,1.0491
0.4035,1.0491
0.4040,1.0491
0.4046,1.0542
0.4051,1.0491
0.4056,1.0542
0.4062,1.0542
0.4067,1.0491
0.4072,1.0491
0.4077,1.0542
0.4083,1.0542
0.4088,1.0542
0.4093,1.0491
0.4099,1.0542
0.4104,1.0542
0.4113,1.0542
0.4118,1.0441
0.4123,1.0542
0.4129,1.0491
0.4134,1.0542
0.4139,1.0491
0.4144,1.0542
0.4149,1.0491
0.4155,1.0542
0.4160,1.0542
0.4165,1.0542
0.4170,1.0491
0.4176,1.0491
0.4181,1.0491
0.4186,1.0491
0.4191,1.0491
0.4196,1.0542
0.4202,1.0542
0.4207,1.0491
0.4212,1.0441
0.4217,1.0491
0.4222,1.0542
0.4228,1.0491
0.4233,1.0542
0.4238,1.0491
0.4243,1.0491
0.4249,1.0542
0.4254,1.0542
0.4259,1.0491
0.4264,1.0542
0.4269,1.0491
0.4275,1.0491
0.4280,1.0441
0.4285,1.0542
0.4290,1.0491
0.4295,1.0491
0.4301,1.0491
0.4306,1.0491
0.4311,1.0491
0.4316,1.0441
0.4321,1.0491
0.4327,1.0491
0.4332,1.0491
0.4337,1.0491
0.4342,1.0491
0.4348,1.0491
0.4353,1.0491
0.4358,1.0491
0.4363,1.0491
0.4368,1.0491
0.4374,1.0491
0.4379,1.0491
0.4384,1.0491
0.4389,1.0491
0.4394,1.0491
0.4400,1.0491
0.4405,1.0441
0.4410,1.0491
0.4415,1.0491
0.4421,1.0441
0.4426,1.0441
0.4431,1.0491
0.4436,1.0491
0.4441,1.0441
0.4447,1.0491
0.4452,1.0491
0.4457,1.0491
0.4462,1.0491
0.4467,1.0491
0.4473,1.0592
0.4478,1.0491
0.4483,1.0491
0.4488,1.0542
0.4494,1.0491
0.4499,1.0491
0.4504,1.0441
0.4509,1.0491
0.4514,1.0441
0.4520,1.0441
0.4525,1.0491
0.4530,1.0491
0.4535,1.0491
0.4540,1.0441
0.4546,1.0491
0.4551,1.0491
0.4556,1.0441
0.4561,1.0491
0.4567,1.0542
0.4572,1.0491
0.4577,1.0491
0.4582,1.0491
0.4587,1.0441
0.4593,1.0491
0.4598,1.0491
0.4603,1.0491
0.4608,1.0491
0.4613,1.0441
0.4619,1.0491
0.4624,1.0491
0.4629,1.0491
0.4634,1.0491
0.4640,1.0441
0.4645,1.0491
0.4650,1.0441
0.4655,1.0491
0.4661,1.0491
0.4666,1.0441
0.4671,1.0441
0.4676,1.0491
0.4681,1.0441
0.4687,1.0491
0.4692,1.0441
0.4697,1.0441
0.4702,1.0441
0.4707,1.0491
0.4713,1.0491
0.4718,1.0441
0.4723,1.0491
0.4728,1.0491
0.4733,1.0491
0.4739,1.0491
0.4744,1.0441
0.4749,1.0441
0.4754,1.0491
0.4760,1.0441
0.4765,1.0441
0.4770,1.0491
0.4775,1.0491
0.4780,1.0441
0.4786,1.0441
0.4791,1.0491
0.4796,1.0441
0.4801,1.0441
0.4806,1.0441
0.4812,1.0441
0.4817,1.0491
0.4822,1.0441
0.4827,1.0441
0.4833,1.0441
0.4838,1.0441
0.4843,1.0491
0.4848,1.0491
0.4853,1.0441
0.4859,1.0441
0.4864,1.0441
0.4869,1.0491
0.4874,1.0491
0.4879,1.0491
0.4885,1.0441
0.4890,1.0491
0.4895,1.0441
0.4900,1.0441
0.4906,1.0441
0.4911,1.0391
0.4916,1.0491
0.4921,1.0441
0.4926,1.0491
0.4932,1.0441
0.4937,1.0441
0.4942,1.0391
0.4947,1.0441
0.4953,1.0441
0.4958,1.0441
0.4963,1.0441
0.4968,1.0441
0.4973,1.0441
0.4979,1.0491
0.4984,1.0441
0.4989,1.0441
0.4994,1.0441
0.5000,1.0441
0.5005,1.0441
0.5010,1.0441
0.5015,1.0441
0.5020,1.0441
0.5026,1.0491
0.5031,1.0441
0.5036,1.0491
0.5041,1.0441
0.5047,1.0441
0.5052,1.0391
0.5057,1.0441
0.5062,1.0441
0.5068,1.0441
0.5073,1.0441
0.5078,1.0391
0.5083,1.0391
0.5088,1.0441
0.5094,1.0441
0.5099,1.0441
0.5104,1.0441
0.5109,1.0441
0.5115,1.0441
0.5120,1.0441
0.5125,1.0441
0.5130,1.0391
0.5136,1.0441
0.5141,1.0441
0.5146,1.0441
0.5151,1.0441
0.5156,1.0391
0.5162,1.0441
0.5167,1.0441
0.5172,1.0391
0.5177,1.0391
0.5183,1.0441
0.5188,1.0441
0.5193,1.0391
0.5198,1.0441
0.5204,1.0441
0.5209,1.0441
0.5214,1.0441
0.5219,1.0391
0.5224,1.0391
0.5230,1.0441
0.5235,1.0441
0.5240,1.0441
0.5245,1.0391
0.5251,1.0441
0.5256,1.0391
0.5261,1.0441
0.5266,1.0441
0.5272,1.0441
0.5277,1.0441
0.5282,1.0441
0.5287,1.0391
0.5292,1.0441
0.5298,1.0391
0.5303,1.0391
0.5308,1.0441
0.5313,1.0391
0.5319,1.0441
0.5324,1.0441
0.5329,1.0441
0.5334,1.0391
0.5340,1.0391
0.5345,1.0391
0.5350,1.0441
0.5355,1.0441
0.5360,1.0441
0.5366,1.0391
0.5371,1.0441
0.5376,1.0391
0.5381,1.0441
0.5387,1.0441
0.5392,1.0441
0.5397,1.0391
0.5402,1.0441
0.5408,1.0391
0.5413,1.0441
0.5418,1.0441
0.5423,1.0391
0.5428,1.0391
0.5434,1.0391
0.5439,1.0441
0.5444,1.0441
0.5449,1.0441
0.5455,1.0441
0.5460,1.0441
0.5465,1.0391
0.5470,1.0391
0.5475,1.0391
0.5481,1.0441
0.5486,1.0441
0.5491,1.0391
0.5496,1.0391
0.5501,1.0391
0.5507,1.0441
0.5512,1.0391
0.5517,1.0391
0.5522,1.0391
0.5527,1.0441
0.5533,1.0441
0.5538,1.0391
0.5543,1.0340
0.5548,1.0391
0.5554,1.0391
0.5559,1.0391
0.5564,1.0441
0.5569,1.0391
0.5574,1.0391
0.5580,1.0391
0.5585,1.0391
0.5590,1.0391
0.5595,1.0391
0.5601,1.0441
0.5606,1.0391
0.5611,1.0391
0.5616,1.0391
0.5621,1.0391
0.5627,1.0391
0.5632,1.0391
0.5637,1.0391
0.5642,1.0441
0.5647,1.0340
0.5653,1.0340
0.5658,1.0391
0.5663,1.0391
0.5668,1.0391
0.5674,1.0391
0.5679,1.0391
0.5684,1.0391
0.5689,1.0391
0.5694,1.0391
0.5700,1.0340
0.5705,1.0391
0.5710,1.0340
0.5715,1.0391
0.5720,1.0340
0.5726,1.0391
0.5731,1.0391
0.5736,1.0391
0.5741,1.0391
0.5747,1.0391
0.5752,1.0391
0.5757,1.0340
0.5762,1.0340
0.5767,1.0391
0.5773,1.0391
0.5778,1.0340
0.5783,1.0391
0.5788,1.0391
0.5794,1.0391
0.5799,1.0391
0.5804,1.0391
0.5809,1.0391
0.5815,1.0340
0.5820,1.0340
0.5825,1.0391
0.5830,1.0340
0.5835,1.0340
0.5841,1.0391
0.5846,1.0340
0.5851,1.0391
0.5857,1.0391
0.5862,1.0391
0.5867,1.0340
0.5872,1.0340
0.5877,1.0340
0.5883,1.0391
0.5888,1.0391
0.5893,1.0391
0.5898,1.0391
0.5904,1.0391
0.5909,1.0391
0.5914,1.0340
0.5919,1.0391
0.5925,1.0340
0.5930,1.0391
0.5935,1.0340
0.5940,1.0391
0.5945,1.0391
0.5951,1.0340
0.5956,1.0391
0.5961,1.0340
0.5966,1.0391
0.5972,1.0340
0.5977,1.0340
0.5982,1.0340
0.5987,1.0340
0.5993,1.0391
0.5998,1.0441
0.6003,1.0340
0.6008,1.0391
0.6013,1.0391
0.6019,1.0391
0.6024,1.0340
0.6029,1.0340
0.6034,1.0340
0.6040,1.0340
0.6045,1.0391
0.6050,1.0340
0.6055,1.0391
0.6061,1.0391
0.6066,1.0391
0.6071,1.0340
0.6076,1.0340
0.6081,1.0340
0.6087,1.0391
0.6092,1.0340
0.6097,1.0340
0.6104,1.0340
0.6110,1.0340
0.6116,1.0391
0.6121,1.0340
0.6127,1.0340
0.6133,1.0290
0.6138,1.0290
0.6143,1.0340
0.6149,1.0340
0.6154,1.0340
0.6159,1.0340
0.6165,1.0290
0.6170,1.0340
0.6175,1.0340
0.6180,1.0340
0.6186,1.0391
0.6191,1.0340
0.6196,1.0290
0.6202,1.0340
0.6207,1.0340
0.6213,1.0290
0.6219,1.0340
0.6224,1.0391
0.6230,1.0340
0.6236,1.0340
0.6241,1.0340
0.6247,1.0340
0.6252,1.0340
0.6257,1.0340
0.6262,1.0340
0.6268,1.0290
0.6273,1.0391
0.6279,1.0340
0.6286,1.0340
0.6292,1.0340
0.6297,1.0340
0.6303,1.0391
0.6308,1.0340
0.6314,1.0340
0.6319,1.0340
0.6325,1.0340
0.6331,1.0340
0.6337,1.0340
0.6342,1.0340
0.6348,1.0391
0.6353,1.0340
0.6359,1.0340
0.6364,1.0340
0.6369,1.0391
0.6374,1.0340
0.6379,1.0340
0.6385,1.0340
0.6390,1.0391
0.6395,1.0340
0.6400,1.0340
0.6405,1.0391
0.6411,1.0391
0.6416,1.0391
0.6421,1.0340
0.6426,1.0340
0.6431,1.0340
0.6437,1.0340
0.6442,1.0391
0.6448,1.0340
0.6453,1.0340
0.6458,1.0391
0.6463,1.0391
0.6468,1.0340
0.6474,1.0391
0.6479,1.0391
0.6484,1.0340
0.6489,1.0391
0.6494,1.0391
0.6500,1.0391
0.6505,1.0391
0.6510,1.0391
0.6515,1.0391
0.6520,1.0441
0.6526,1.0391
0.6531,1.0391
0.6536,1.0340
0.6541,1.0391
0.6546,1.0391
0.6552,1.0391
0.6557,1.0391
0.6562,1.0391
0.6567,1.0391
0.6572,1.0441
0.6578,1.0441
0.6583,1.0391
0.6588,1.0441
0.6593,1.0391
0.6598,1.0441
0.6604,1.0391
0.6609,1.0391
0.6614,1.0441
0.6619,1.0441
0.6625,1.0441
0.6630,1.0441
0.6635,1.0441
0.6640,1.0441
0.6646,1.0441
0.6651,1.0441
0.6656,1.0441
0.6661,1.0491
0.6666,1.0441
0.6672,1.0441
0.6677,1.0441
0.6682,1.0441
0.6687,1.0491
0.6692,1.0441
0.6698,1.0491
0.6703,1.0441
0.6708,1.0441
0.6713,1.0491
0.6718,1.0491
0.6724,1.0441
0.6729,1.0441
0.6734,1.0491
0.6739,1.0491
0.6744,1.0491
0.6750,1.0491
0.6755,1.0491
0.6760,1.0491
0.6765,1.0491
0.6770,1.0491
0.6776,1.0491
0.6781,1.0491
0.6786,1.0491
0.6791,1.0491
0.6797,1.0542
0.6802,1.0542
0.6807,1.0491
0.6812,1.0542
0.6817,1.0542
0.6823,1.0542
0.6828,1.0491
0.6833,1.0542
0.6838,1.0542
0.6843,1.0542
0.6849,1.0542
0.6854,1.0542
0.6859,1.0542
0.6864,1.0592
0.6869,1.0542
0.6875,1.0542
0.6880,1.0542
0.6885,1.0542
0.6890,1.0592
0.6895,1.0592
0.6901,1.0592
0.6906,1.0542
0.6911,1.0592
0.6916,1.0592
0.6921,1.0592
0.6927,1.0542
0.6932,1.0542
0.6937,1.0592
0.6942,1.0592
0.6947,1.0592
0.6953,1.0592
0.6958,1.0592
0.6963,1.0592
0.6968,1.0592
0.6973,1.0592
0.6979,1.0592
0.6984,1.0592
0.6989,1.0592
0.6994,1.0592
0.6999,1.0592
0.7005,1.0643
0.7010,1.0592
0.7015,1.0592
0.7020,1.0643
0.7025,1.0643
0.7031,1.0643
0.7036,1.0592
0.7041,1.0592
0.7046,1.0643
0.7051,1.0592
0.7057,1.0592
0.7062,1.0592
0.7067,1.0643
0.7072,1.0643
0.7077,1.0693
0.7083,1.0643
0.7088,1.0592
0.7093,1.0643
0.7098,1.0592
0.7103,1.0592
0.7109,1.0643
0.7114,1.0592
0.7119,1.0592
0.7124,1.0643
0.7129,1.0643
0.7135,1.0693
0.7140,1.0643
0.7145,1.0693
0.7150,1.0643
0.7155,1.0643
0.7161,1.0643
0.7166,1.0643
0.7171,1.0643
0.7176,1.0592
0.7181,1.0643
0.7187,1.0643
0.7192,1.0643
0.7197,1.0643
0.7202,1.0693
0.7207,1.0643
0.7213,1.0643
0.7218,1.0643
0.7223,1.0643
0.7228,1.0592
0.7233,1.0643
0.7239,1.0643
0.7244,1.0643
0.7249,1.0693
0.7254,1.0643
0.7260,1.0643
0.7265,1.0693
0.7270,1.0643
0.7275,1.0643
0.7280,1.0693
0.7286,1.0643
0.7291,1.0693
0.7296,1.0693
0.7301,1.0643
0.7307,1.0693
0.7312,1.0693
0.7317,1.0643
0.7322,1.0643
0.7327,1.0693
0.7333,1.0693
0.7338,1.0693
0.7343,1.0693
0.7348,1.0643
0.7353,1.0693
0.7359,1.0643
0.7364,1.0643
0.7369,1.0693
0.7374,1.0643
0.7380,1.0693
0.7385,1.0643
0.7390,1.0693
0.7395,1.0693
0.7400,1.0643
0.7406,1.0643
0.7411,1.0693
0.7416,1.0744
0.7421,1.0693
0.7427,1.0693
0.7432,1.0643
0.7437,1.0693
0.7442,1.0643
0.7447,1.0643
0.7453,1.0693
0.7458,1.0693
0.7463,1.0693
0.7468,1.0693
0.7474,1.0643
0.7479,1.0643
0.7484,1.0693
0.7489,1.0744
0.7495,1.0693
0.7500,1.0643
0.7505,1.0643
0.7510,1.0693
0.7515,1.0693
0.7521,1.0693
0.7526,1.0693
0.7531,1.0693
0.7536,1.0643
0.7542,1.0643
0.7547,1.0592
0.7552,1.0693
0.7557,1.0693
0.7562,1.0643
0.7568,1.0693
0.7573,1.0693
0.7578,1.0693
0.7583,1.0693
0.7589,1.0693
0.7594,1.0693
0.7599,1.0693
0.7604,1.0693
0.7609,1.0693
0.7615,1.0744
0.7620,1.0693
0.7625,1.0643
0.7630,1.0693
0.7635,1.0693
0.7641,1.0643
0.7646,1.0643
0.7651,1.0693
0.7657,1.0693
0.7662,1.0693
0.7667,1.0693
0.7672,1.0693
0.7677,1.0643
0.7683,1.0693
0.7688,1.0643
0.7693,1.0693
0.7698,1.0693
0.7704,1.0693
0.7709,1.0693
0.7714,1.0693
0.7719,1.0643
0.7724,1.0744
0.7730,1.0744
0.7735,1.0744
0.7740,1.0693
0.7745,1.0693
0.7750,1.0643
0.7756,1.0693
0.7761,1.0693
0.7766,1.0693
0.7771,1.0693
0.7777,1.0693
0.7782,1.0693
0.7787,1.0693
0.7792,1.0693
0.7797,1.0693
0.7803,1.0693
0.7808,1.0693
0.7813,1.0693
0.7818,1.0693
0.7824,1.0693
0.7829,1.0643
0.7834,1.0693
0.7839,1.0643
0.7844,1.0693
0.7850,1.0693
0.7855,1.0693
0.7860,1.0744
0.7865,1.0693
0.7870,1.0643
0.7876,1.0693
0.7881,1.0693
0.7886,1.0693
0.7891,1.0693
0.7896,1.0744
0.7902,1.0643
0.7907,1.0643
0.7912,1.0693
0.7917,1.0643
0.7922,1.0693
0.7928,1.0693
0.7933,1.0693
0.7938,1.0643
0.7943,1.0643
0.7949,1.0693
0.7954,1.0643
0.7960,1.0693
0.7965,1.0693
0.7971,1.0744
0.7976,1.0643
0.7982,1.0693
0.7987,1.0693
0.7993,1.0693
0.7998,1.0643
0.8004,1.0643
0.8009,1.0693
0.8015,1.0693
0.8020,1.0693
0.8026,1.0693
0.8031,1.0693
0.8036,1.0693
0.8042,1.0643
0.8047,1.0693
0.8053,1.0643
0.8058,1.0744
0.8064,1.0643
0.8069,1.0693
0.8075,1.0643
0.8080,1.0643
0.8086,1.0693
0.8091,1.0693
0.8097,1.0693
0.8102,1.0693
0.8107,1.0693
0.8113,1.0693
0.8118,1.0643
0.8124,1.0693
0.8130,1.0643
0.8135,1.0693
0.8140,1.0693
0.8146,1.0693
0.8151,1.0693
0.8157,1.0643
0.8162,1.0643
0.8168,1.0643
0.8173,1.0693
0.8179,1.0693
0.8184,1.0693
0.8190,1.0643
0.8195,1.0693
0.8200,1.0693
0.8206,1.0693
0.8211,1.0693
0.8217,1.0643
0.8222,1.0693
0.8228,1.0643
0.8233,1.0693
0.8239,1.0643
0.8244,1.0643
0.8250,1.0643
0.8255,1.0693
0.8261,1.0643
0.8266,1.0693
0.8271,1.0643
0.8277,1.0643
0.8282,1.0693
0.8288,1.0643
0.8293,1.0693
0.8299,1.0693
0.8304,1.0592
0.8310,1.0693
0.8315,1.0693
0.8321,1.0693
0.8326,1.0693
0.8332,1.0643
0.8337,1.0693
0.8342,1.0693
0.8348,1.0693
0.8353,1.0693
0.8359,1.0693
0.8364,1.0643
0.8370,1.0643
0.8375,1.0643
0.8381,1.0643
0.8386,1.0643
0.8392,1.0643
0.8397,1.0693
0.8403,1.0643
0.8408,1.0643
0.8413,1.0643
0.8419,1.0643
0.8424,1.0643
0.8430,1.0643
0.8435,1.0643
0.8441,1.0643
0.8446,1.0643
0.8452,1.0693
0.8457,1.0693
0.8463,1.0643
0.8468,1.0693
0.8474,1.0693
0.8479,1.0693
0.8485,1.0693
0.8490,1.0693
0.8496,1.0643
0.8501,1.0643
0.8507,1.0693
0.8512,1.0643
0.8517,1.0643
0.8523,1.0643
0.8528,1.0693
0.8534,1.0643
0.8539,1.0643
0.8545,1.0693
0.8550,1.0643
0.8556,1.0693
0.8561,1.0643
0.8567,1.0693
0.8572,1.0643
0.8578,1.0643
0.8583,1.0643
0.8589,1.0643
0.8594,1.0643
0.8600,1.0643
0.8605,1.0643
0.8610,1.0643
0.8616,1.0643
0.8621,1.0643
0.8627,1.0643
0.8632,1.0693
0.8638,1.0643
0.8643,1.0643
0.8649,1.0643
0.8654,1.0592
0.8660,1.0643
0.8665,1.0643
0.8671,1.0643
0.8676,1.0693
0.8681,1.0643
0.8687,1.0643
0.8692,1.0643
0.8698,1.0643
0.8703,1.0643
0.8709,1.0643
0.8714,1.0643
0.8720,1.0693
0.8725,1.0592
0.8731,1.0643
0.8736,1.0693
0.8742,1.0643
0.8747,1.0643
0.8752,1.0592
0.8758,1.0643
0.8763,1.0643
0.8769,1.0643
0.8774,1.0643
0.8780,1.0643
0.8785,1.0592
0.8791,1.0643
0.8796,1.0643
0.8802,1.0643
0.8807,1.0643
0.8812,1.0592
0.8818,1.0592
0.8824,1.0592
0.8829,1.0643
0.8835,1.0643
0.8840,1.0643
0.8845,1.0592
0.8851,1.0643
0.8856,1.0592
0.8862,1.0592
0.8867,1.0643
0.8873,1.0643
0.8878,1.0592
0.8884,1.0592
0.8889,1.0643
0.8895,1.0643
0.8900,1.0643
0.8905,1.0592
0.8911,1.0592
0.8916,1.0643
0.8922,1.0643
0.8927,1.0643
0.8933,1.0592
0.8938,1.0592
0.8944,1.0592
0.8949,1.0592
0.8955,1.0592
0.8960,1.0643
0.8966,1.0592
0.8971,1.0643
0.8977,1.0592
0.8982,1.0643
0.8988,1.0643
0.8993,1.0643
0.8999,1.0592
0.9004,1.0592
0.9010,1.0643
0.9015,1.0592
0.9020,1.0592
0.9026,1.0592
0.9031,1.0592
0.9037,1.0592
0.9042,1.0643
0.9048,1.0643
0.9053,1.0592
0.9059,1.0592
0.9064,1.0592
0.9070,1.0643
0.9075,1.0643
0.9081,1.0592
0.9086,1.0643
0.9092,1.0592
0.9097,1.0643
0.9102,1.0592
0.9108,1.0592
0.9113,1.0592
0.9119,1.0592
0.9124,1.0643
0.9130,1.0542
0.9135,1.0643
0.9141,1.0592
0.9146,1.0592
0.9152,1.0592
0.9157,1.0643
0.9163,1.0592
0.9168,1.0643
0.9174,1.0643
0.9179,1.0592
0.9185,1.0643
0.9190,1.0592
0.9196,1.0592
0.9201,1.0542
0.9207,1.0643
0.9212,1.0643
0.9217,1.0542
0.9223,1.0592
0.9228,1.0592
0.9234,1.0592
0.9239,1.0592
0.9245,1.0592
0.9250,1.0592
0.9256,1.0542
0.9261,1.0643
0.9267,1.0592
0.9272,1.0542
0.9278,1.0592
0.9283,1.0643
0.9288,1.0592
0.9294,1.0643
0.9299,1.0592
0.9305,1.0592
0.9310,1.0592
0.9316,1.0643
0.9321,1.0542
0.9327,1.0592
0.9332,1.0592
0.9338,1.0592
0.9343,1.0542
0.9348,1.0592
0.9354,1.0542
0.9359,1.0592
0.9365,1.0592
0.9370,1.0592
0.9376,1.0542
0.9381,1.0592
0.9387,1.0592
0.9392,1.0542
0.9398,1.0592
0.9403,1.0643
0.9409,1.0542
0.9414,1.0592
0.9419,1.0542
0.9425,1.0542
0.9430,1.0542
0.9436,1.0542
0.9441,1.0592
0.9447,1.0542
0.9452,1.0643
0.9458,1.0592
0.9463,1.0592
0.9469,1.0542
0.9474,1.0592
0.9479,1.0542
0.9485,1.0592
0.9490,1.0592
0.9496,1.0542
0.9501,1.0542
0.9507,1.0592
0.9512,1.0592
0.9518,1.0592
0.9523,1.0592
0.9529,1.0592
0.9534,1.0542
0.9540,1.0542
0.9545,1.0592
0.9551,1.0542
0.9556,1.0592
0.9562,1.0542
0.9567,1.0592
0.9572,1.0542
0.9578,1.0592
0.9583,1.0542
0.9589,1.0542
0.9594,1.0542
0.9600,1.0592
0.9605,1.0592
0.9611,1.0542
0.9616,1.0592
0.9622,1.0542
0.9627,1.0592
0.9633,1.0542
0.9638,1.0592
0.9643,1.0542
0.9649,1.0592
0.9654,1.0542
0.9660,1.0542
0.9665,1.0542
0.9671,1.0542
0.9676,1.0592
0.9682,1.0592
0.9687,1.0592
0.9693,1.0592
0.9698,1.0592
0.9704,1.0542
0.9709,1.0592
0.9714,1.0592
0.9720,1.0592
0.9725,1.0542
0.9731,1.0542
0.9736,1.0542
0.9742,1.0592
0.9747,1.0592
0.9753,1.0491
0.9758,1.0542
0.9764,1.0592
0.9769,1.0592
0.9775,1.0542
0.9780,1.0542
0.9785,1.0542
0.9791,1.0542
0.9796,1.0592
0.9802,1.0542
0.9807,1.0542
0.9813,1.0542
0.9818,1.0542
0.9824,1.0542
0.9829,1.0542
0.9835,1.0592
0.9840,1.0542
0.9846,1.0592
0.9851,1.0592
0.9856,1.0542
0.9862,1.0542
0.9867,1.0491
0.9873,1.0592
0.9878,1.0592
0.9884,1.0542
0.9889,1.0592
0.9895,1.0542
0.9900,1.0542
0.9906,1.0592
0.9911,1.0592
0.9916,1.0542
0.9922,1.0542
0.9927,1.0592
0.9933,1.0592
0.9938,1.0542
0.9944,1.0592
0.9949,1.0592
0.9955,1.0542
0.9960,1.0592
0.9966,1.0592
0.9971,1.0542
0.9977,1.0542
0.9982,1.0542
0.9988,1.0542
0.9993,1.0592
0.9999,1.0542
1.0004,1.0542
1.0010,1.0592
1.0015,1.0592
1.0021,1.0542
1.0026,1.0592
1.0031,1.0542
1.0037,1.0542
1.0042,1.0592
1.0048,1.0542
1.0053,1.0542
1.0059,1.0592
1.0064,1.0592
1.0070,1.0592
1.0075,1.0592
1.0081,1.0542
1.0086,1.0592
1.0092,1.0542
1.0097,1.0592
1.0102,1.0542
1.0108,1.0592
1.0113,1.0542
1.0119,1.0542
1.0124,1.0491
1.0130,1.0592
1.0135,1.0542
1.0141,1.0592
1.0146,1.0592
1.0152,1.0542
1.0157,1.0592
1.0163,1.0592
1.0168,1.0592
1.0174,1.0542
1.0179,1.0542
1.0185,1.0491
1.0190,1.0542
1.0196,1.0592
1.0201,1.0542
1.0207,1.0542
1.0212,1.0592
1.0218,1.0542
1.0223,1.0542
1.0229,1.0542
1.0234,1.0542
1.0239,1.0592
1.0245,1.0592
1.0250,1.0592
1.0256,1.0542
1.0261,1.0592
1.0267,1.0542
1.0272,1.0542
1.0278,1.0592
1.0283,1.0592
1.0289,1.0542
1.0294,1.0592
1.0300,1.0542
1.0305,1.0542
1.0310,1.0592
1.0316,1.0491
1.0321,1.0542
1.0327,1.0542
1.0332,1.0542
1.0338,1.0592
1.0343,1.0542
1.0349,1.0592
1.0354,1.0542
1.0360,1.0542
1.0365,1.0542
1.0371,1.0592
1.0376,1.0592
1.0381,1.0542
1.0387,1.0542
1.0392,1.0592
1.0398,1.0542
1.0403,1.0542
1.0409,1.0542
1.0414,1.0592
1.0420,1.0592
1.0425,1.0542
1.0431,1.0592
1.0436,1.0542
1.0442,1.0542
1.0447,1.0542
1.0452,1.0592
1.0464,1.0542
1.0470,1.0542
1.0476,1.0542
1.0481,1.0542
1.0487,1.0542
1.0492,1.0592
1.0498,1.0542
1.0503,1.0542
1.0509,1.0542
1.0514,1.0542
1.0520,1.0542
1.0525,1.0542
1.0531,1.0592
1.0536,1.0542
1.0542,1.0542
1.0547,1.0542
1.0553,1.0542
1.0558,1.0542
1.0564,1.0542
1.0569,1.0592
1.0575,1.0491
1.0580,1.0542
1.0586,1.0542
1.0591,1.0542
1.0597,1.0542
1.0602,1.0542
1.0608,1.0542
1.0613,1.0491
1.0619,1.0542
1.0624,1.0592
1.0630,1.0542
1.0635,1.0542
1.0641,1.0542
1.0647,1.0491
1.0652,1.0592
1.0658,1.0542
1.0663,1.0542
1.0669,1.0542
1.0674,1.0542
1.0679,1.0491
1.0685,1.0542
1.0690,1.0542
1.0696,1.0542
1.0701,1.0542
1.0707,1.0542
1.0712,1.0542
1.0718,1.0491
1.0723,1.0592
1.0729,1.0491
1.0734,1.0542
1.0739,1.0542
1.0745,1.0542
1.0750,1.0542
1.0756,1.0542
1.0761,1.0542
1.0767,1.0542
1.0772,1.0592
1.0778,1.0542
1.0783,1.0542
1.0789,1.0542
1.0794,1.0542
1.0800,1.0542
1.0805,1.0542
1.0811,1.0542
1.0816,1.0491
1.0822,1.0542
1.0827,1.0542
1.0833,1.0542
1.0838,1.0542
1.0844,1.0542
1.0849,1.0542
1.0855,1.0542
1.0860,1.0542
1.0866,1.0491
1.0871,1.0542
1.0877,1.0542
1.0882,1.0491
1.0888,1.0542
1.0893,1.0491
1.0899,1.0542
1.0904,1.0542
1.0910,1.0542
1.0916,1.0542
1.0921,1.0491
1.0927,1.0542
1.0932,1.0491
1.0938,1.0542
1.0943,1.0542
1.0949,1.0491
1.0954,1.0542
1.0960,1.0542
1.0966,1.0542
1.0971,1.0542
1.0977,1.0542
1.0982,1.0491
1.0988,1.0491
1.0993,1.0542
1.0999,1.0542
1.1004,1.0491
1.1010,1.0542
1.1015,1.0542
1.1021,1.0491
1.1026,1.0491
1.1032,1.0542
1.1037,1.0542
1.1043,1.0542
1.1048,1.0542
1.1054,1.0542
1.1059,1.0491
1.1065,1.0542
1.1070,1.0592
1.1076,1.0542
1.1081,1.0491
1.1087,1.0542
1.1092,1.0491
1.1098,1.0542
1.1104,1.0542
1.1109,1.0542
1.1115,1.0491
1.1121,1.0491
1.1127,1.0542
1.1133,1.0542
1.1138,1.0491
1.1144,1.0542
1.1150,1.0491
1.1156,1.0542
1.1161,1.0491
1.1167,1.0542
1.1172,1.0542
1.1178,1.0542
1.1184,1.0491
1.1189,1.0592
1.1195,1.0542
1.1200,1.0542
1.1206,1.0542
1.1211,1.0542
1.1217,1.0491
1.1222,1.0491
1.1228,1.0542
1.1233,1.0491
1.1239,1.0542
1.1245,1.0542
1.1250,1.0542
1.1256,1.0491
1.1261,1.0491
1.1267,1.0542
1.1272,1.0491
1.1278,1.0542
1.1284,1.0542
1.1290,1.0491
1.1296,1.0491
1.1302,1.0491
1.1307,1.0542
1.1313,1.0491
1.1319,1.0491
1.1324,1.0491
1.1330,1.0542
1.1337,1.0542
1.1342,1.0542
1.1348,1.0491
1.1354,1.0491
1.1360,1.0542
1.1365,1.0542
1.1371,1.0542
1.1376,1.0491
1.1382,1.0542
1.1387,1.0491
1.1393,1.0491
1.1398,1.0491
1.1403,1.0491
1.1409,1.0491
1.1414,1.0491
1.1420,1.0542
1.1425,1.0491
1.1431,1.0491
1.1436,1.0491
1.1442,1.0542
1.1447,1.0542
1.1455,1.0542
1.1461,1.0491
1.1466,1.0491
1.1472,1.0491
1.1477,1.0542
1.1483,1.0491
1.1488,1.0491
1.1493,1.0542
1.1499,1.0491
1.1504,1.0491
1.1510,1.0491
1.1515,1.0491
1.1521,1.0491
1.1526,1.0491
1.1531,1.0491
1.1537,1.0491
1.1542,1.0491
1.1548,1.0491
1.1553,1.0491
1.1559,1.0441
1.1564,1.0491
1.1569,1.0441
1.1575,1.0491
1.1580,1.0491
1.1586,1.0491
1.1591,1.0491
1.1597,1.0441
1.1602,1.0491
1.1609,1.0491
1.1615,1.0491
1.1621,1.0491
1.1626,1.0491
1.1632,1.0491
1.1637,1.0491
1.1643,1.0491
1.1648,1.0491
1.1653,1.0491
1.1659,1.0491
1.1664,1.0491
1.1670,1.0491
1.1675,1.0491
1.1681,1.0491
1.1686,1.0441
1.1691,1.0441
1.1697,1.0441
1.1702,1.0491
1.1708,1.0491
1.1713,1.0491
1.1719,1.0491
1.1724,1.0542
1.1729,1.0491
1.1735,1.0491
1.1740,1.0491
1.1746,1.0491
1.1751,1.0491
1.1757,1.0491
1.1762,1.0491
1.1767,1.0441
1.1773,1.0491
1.1778,1.0491
1.1784,1.0542
1.1789,1.0441
1.1795,1.0491
1.1800,1.0491
1.1805,1.0491
1.1811,1.0441
1.1816,1.0491
1.1822,1.0491
1.1827,1.0491
1.1833,1.0441
1.1838,1.0441
1.1843,1.0491
1.1849,1.0491
1.1854,1.0441
1.1860,1.0491
1.1865,1.0491
1.1871,1.0491
1.1876,1.0491
1.1881,1.0491
1.1887,1.0441
1.1892,1.0441
1.1898,1.0491
1.1903,1.0491
1.1909,1.0491
1.1914,1.0441
1.1919,1.0441
1.1925,1.0491
1.1930,1.0441
1.1936,1.0491
1.1941,1.0491
1.1947,1.0491
1.1952,1.0441
1.1958,1.0441
1.1963,1.0441
1.1968,1.0441
1.1975,1.0441
1.1981,1.0491
1.1986,1.0391
1.1991,1.0491
1.1997,1.0491
1.2002,1.0491
1.2008,1.0441
1.2013,1.0491
1.2018,1.0441
1.2024,1.0441
1.2029,1.0441
1.2034,1.0441
1.2040,1.0391
1.2045,1.0491
1.2050,1.0441
1.2056,1.0491
1.2061,1.0441
1.2067,1.0441
1.2072,1.0441
1.2077,1.0441
1.2083,1.0441
1.2088,1.0441
1.2093,1.0441
1.2099,1.0491
1.2104,1.0491
1.2110,1.0441
1.2115,1.0491
1.2120,1.0491
1.2126,1.0441
1.2131,1.0441
1.2136,1.0441
1.2142,1.0441
1.2147,1.0491
1.2153,1.0391
1.2158,1.0441
1.2163,1.0491
1.2169,1.0391
1.2174,1.0441
1.2180,1.0441
1.2185,1.0491
1.2190,1.0441
1.2196,1.0491
1.2201,1.0441
1.2207,1.0391
1.2212,1.0441
1.2217,1.0391
1.2223,1.0441
1.2228,1.0491
1.2234,1.0441
1.2239,1.0491
1.2245,1.0441
1.2250,1.0491
1.2256,1.0441
1.2262,1.0441
1.2268,1.0391
1.2274,1.0391
1.2280,1.0441
1.2287,1.0441
1.2293,1.0391
1.2298,1.0391
1.2304,1.0441
1.2310,1.0441
1.2316,1.0441
1.2321,1.0441
1.2327,1.0391
1.2333,1.0441
1.2339,1.0391
1.2345,1.0441
1.2350,1.0441
1.2356,1.0441
1.2361,1.0441
1.2366,1.0441
1.2372,1.0441
1.2377,1.0391
1.2383,1.0391
1.2388,1.0441
1.2394,1.0441
1.2399,1.0391
1.2404,1.0491
1.2410,1.0441
1.2415,1.0491
1.2421,1.0441
1.2426,1.0441
1.2432,1.0391
1.2437,1.0441
1.2443,1.0441
1.2448,1.0441
1.2454,1.0441
1.2460,1.0391
1.2465,1.0441
1.2471,1.0441
1.2476,1.0441
1.2481,1.0391
1.2487,1.0441
1.2492,1.0391
1.2498,1.0441
1.2503,1.0391
1.2509,1.0391
1.2514,1.0441
1.2520,1.0441
1.2525,1.0391
1.2530,1.0391
1.2536,1.0441
1.2541,1.0441
1.2547,1.0441
1.2552,1.0391
1.2558,1.0391
1.2563,1.0441
1.2568,1.0391
1.2574,1.0441
1.2579,1.0441
1.2585,1.0391
1.2590,1.0391
1.2596,1.0391
1.2601,1.0391
1.2606,1.0441
1.2612,1.0441
1.2618,1.0391
1.2623,1.0441
1.2629,1.0441
1.2634,1.0391
1.2640,1.0340
1.2645,1.0441
1.2651,1.0441
1.2656,1.0391
1.2661,1.0441
1.2667,1.0391
1.2672,1.0391
1.2678,1.0391
1.2683,1.0391
1.2689,1.0391
1.2694,1.0441
1.2699,1.0391
1.2705,1.0391
1.2710,1.0391
1.2716,1.0391
1.2721,1.0391
1.2727,1.0391
1.2732,1.0391
1.2737,1.0441
1.2743,1.0391
1.2748,1.0391
1.2754,1.0441
1.2759,1.0391
1.2765,1.0441
1.2770,1.0391
1.2776,1.0391
1.2781,1.0391
1.2787,1.0391
1.2792,1.0391
1.2797,1.0391
1.2803,1.0391
1.2809,1.0441
1.2815,1.0391
1.2820,1.0391
1.2826,1.0391
1.2831,1.0391
1.2837,1.0391
1.2842,1.0391
1.2848,1.0391
1.2853,1.0391
1.2859,1.0441
1.2864,1.0391
1.2869,1.0391
1.2875,1.0391
1.2880,1.0441
1.2885,1.0391
1.2891,1.0391
1.2896,1.0391
1.2902,1.0391
1.2907,1.0391
1.2912,1.0391
1.2918,1.0391
1.2923,1.0391
1.2928,1.0391
1.2934,1.0391
1.2939,1.0441
1.2945,1.0391
1.2950,1.0391
1.2955,1.0391
1.2961,1.0391
1.2966,1.0391
1.2972,1.0391
1.2977,1.0340
1.2984,1.0391
1.2989,1.0391
1.2994,1.0391
1.3000,1.0340
1.3005,1.0391
1.3010,1.0391
1.3016,1.0391
1.3021,1.0441
1.3026,1.0391
1.3032,1.0391
1.3037,1.0391
1.3042,1.0391
1.3048,1.0340
1.3053,1.0340
1.3058,1.0391
1.3064,1.0391
1.3069,1.0391
1.3074,1.0340
1.3079,1.0391
1.3085,1.0391
1.3090,1.0340
1.3095,1.0391
1.3101,1.0391
1.3106,1.0391
1.3111,1.0391
1.3116,1.0391
1.3122,1.0391
1.3127,1.0391
1.3132,1.0391
1.3138,1.0340
1.3143,1.0391
1.3148,1.0391
1.3154,1.0391
1.3159,1.0391
1.3164,1.0391
1.3170,1.0340
1.3175,1.0391
1.3180,1.0391
1.3185,1.0391
1.3191,1.0340
1.3196,1.0391
1.3201,1.0340
1.3207,1.0340
1.3212,1.0391
1.3217,1.0340
1.3222,1.0391
1.3228,1.0391
1.3233,1.0391
1.3238,1.0340
1.3244,1.0391
1.3249,1.0340
1.3254,1.0391
1.3260,1.0340
1.3265,1.0391
1.3270,1.0340
1.3275,1.0340
1.3281,1.0340
1.3286,1.0340
1.3291,1.0340
1.3297,1.0340
1.3302,1.0391
1.3307,1.0391
1.3312,1.0391
1.3318,1.0290
1.3323,1.0340
1.3328,1.0340
1.3334,1.0340
1.3339,1.0391
1.3344,1.0340
1.3350,1.0391
1.3355,1.0391
1.3360,1.0391
1.3365,1.0340
1.3371,1.0340
1.3376,1.0391
1.3381,1.0340
1.3387,1.0391
1.3392,1.0340
1.3397,1.0340
1.3403,1.0340
1.3408,1.0340
1.3413,1.0391
1.3418,1.0340
1.3424,1.0340
1.3429,1.0290
1.3434,1.0391
1.3440,1.0290
1.3445,1.0391
1.3450,1.0391
1.3456,1.0391
1.3461,1.0391
1.3466,1.0340
1.3471,1.0340
1.3477,1.0340
1.3482,1.0340
1.3487,1.0340
1.3493,1.0391
1.3498,1.0340
1.3503,1.0340
1.3509,1.0340
1.3514,1.0340
1.3519,1.0391
1.3524,1.0340
1.3530,1.0340
1.3535,1.0340
1.3540,1.0391
1.3546,1.0340
1.3551,1.0290
1.3556,1.0340
1.3562,1.0391
1.3567,1.0340
1.3572,1.0340
1.3578,1.0340
1.3583,1.0340
1.3588,1.0290
1.3594,1.0340
1.3599,1.0290
1.3604,1.0290
1.3610,1.0290
1.3615,1.0340
1.3620,1.0340
1.3626,1.0340
1.3631,1.0290
1.3636,1.0290
1.3642,1.0340
1.3647,1.0340
1.3652,1.0340
1.3658,1.0340
1.3663,1.0340
1.3668,1.0340
1.3674,1.0340
1.3679,1.0290
1.3684,1.0340
1.3690,1.0340
1.3695,1.0340
1.3700,1.0340
1.3706,1.0340
1.3711,1.0290
1.3716,1.0391
1.3722,1.0290
1.3727,1.0340
1.3732,1.0340
1.3738,1.0340
1.3743,1.0391
1.3748,1.0340
1.3754,1.0340
1.3759,1.0290
1.3764,1.0290
1.3770,1.0340
1.3775,1.0340
1.3780,1.0340
1.3786,1.0290
1.3791,1.0290
1.3796,1.0340
1.3802,1.0391
1.3807,1.0340
1.3812,1.0340
1.3817,1.0340
1.3823,1.0340
1.3828,1.0340
1.3833,1.0340
1.3839,1.0340
1.3844,1.0340
1.3849,1.0340
1.3855,1.0340
1.3860,1.0391
1.3865,1.0391
1.3871,1.0391
1.3876,1.0391
1.3881,1.0391
1.3887,1.0391
1.3892,1.0441
1.3897,1.0391
1.3903,1.0391
1.3908,1.0391
1.3913,1.0391
1.3919,1.0340
1.3924,1.0391
1.3929,1.0391
1.3935,1.0391
1.3940,1.0391
1.3945,1.0391
1.3951,1.0441
1.3956,1.0441
1.3961,1.0391
1.3967,1.0391
1.3972,1.0391
1.3977,1.0391
1.3982,1.0441
1.3989,1.0441
1.3994,1.0441
1.3999,1.0441
1.4005,1.0441
1.4010,1.0391
1.4016,1.0441
1.4021,1.0391
1.4027,1.0441
1.4032,1.0441
1.4038,1.0441
1.4043,1.0441
1.4049,1.0491
1.4054,1.0441
1.4060,1.0441
1.4065,1.0441
1.4071,1.0491
1.4076,1.0491
1.4081,1.0491
1.4087,1.0491
1.4092,1.0441
1.4098,1.0391
1.4103,1.0441
1.4109,1.0441
1.4114,1.0491
1.4120,1.0542
1.4125,1.0441
1.4131,1.0542
1.4136,1.0491
1.4142,1.0491
1.4147,1.0491
1.4152,1.0542
1.4158,1.0542
1.4163,1.0491
1.4169,1.0491
1.4174,1.0491
1.4180,1.0542
1.4185,1.0542
1.4191,1.0491
1.4196,1.0542
1.4202,1.0542
1.4207,1.0491
1.4213,1.0542
1.4218,1.0542
1.4223,1.0542
1.4229,1.0542
1.4234,1.0542
1.4240,1.0542
1.4245,1.0542
1.4251,1.0542
1.4256,1.0542
1.4262,1.0542
1.4267,1.0542
1.4273,1.0542
1.4278,1.0542
1.4283,1.0592
1.4289,1.0542
1.4294,1.0592
1.4300,1.0542
1.4305,1.0542
1.4311,1.0592
1.4316,1.0592
1.4322,1.0592
1.4327,1.0592
1.4333,1.0643
1.4338,1.0592
1.4344,1.0592
1.4349,1.0592
1.4355,1.0592
1.4360,1.0592
1.4365,1.0592
1.4371,1.0592
1.4377,1.0592
1.4382,1.0643
1.4388,1.0592
1.4393,1.0643
1.4398,1.0592
1.4404,1.0592
1.4409,1.0592
1.4415,1.0592
1.4420,1.0592
1.4426,1.0643
1.4431,1.0643
1.4437,1.0643
1.4442,1.0643
1.4448,1.0643
1.4453,1.0643
1.4459,1.0643
1.4464,1.0592
1.4469,1.0592
1.4475,1.0643
1.4480,1.0643
1.4486,1.0592
1.4491,1.0542
1.4497,1.0592
1.4502,1.0592
1.4508,1.0643
1.4513,1.0592
1.4519,1.0643
1.4524,1.0643
1.4529,1.0643
1.4535,1.0592
1.4540,1.0643
1.4546,1.0643
1.4551,1.0592
1.4557,1.0643
1.4562,1.0643
1.4568,1.0643
1.4573,1.0592
1.4579,1.0643
1.4584,1.0643
1.4590,1.0592
1.4595,1.0643
1.4600,1.0693
1.4606,1.0643
1.4611,1.0643
1.4617,1.0643
1.4622,1.0592
1.4628,1.0643
1.4633,1.0693
1.4639,1.0643
1.4644,1.0592
1.4650,1.0643
1.4655,1.0693
1.4661,1.0592
1.4666,1.0643
1.4671,1.0643
1.4677,1.0693
1.4682,1.0592
1.4688,1.0592
1.4693,1.0643
1.4699,1.0643
1.4704,1.0643
1.4710,1.0693
1.4715,1.0643
1.4721,1.0643
1.4726,1.0643
1.4732,1.0693
1.4737,1.0693
1.4742,1.0643
1.4748,1.0693
1.4753,1.0643
1.4759,1.0643
1.4764,1.0643
1.4770,1.0643
1.4775,1.0693
1.4781,1.0693
1.4786,1.0643
1.4792,1.0693
1.4797,1.0643
1.4803,1.0643
1.4808,1.0643
1.4813,1.0643
1.4819,1.0643
1.4824,1.0643
1.4830,1.0693
1.4835,1.0643
1.4841,1.0693
1.4847,1.0693
1.4852,1.0693
1.4858,1.0643
1.4863,1.0643
1.4868,1.0592
1.4874,1.0643
1.4879,1.0643
1.4885,1.0592
1.4890,1.0643
1.4896,1.0693
1.4901,1.0693
1.4907,1.0693
1.4912,1.0643
1.4918,1.0693
1.4923,1.0693
1.4929,1.0643
1.4934,1.0693
1.4940,1.0693
1.4945,1.0643
1.4951,1.0643
1.4956,1.0643
1.4962,1.0643
1.4967,1.0693
1.4973,1.0643
1.4978,1.0693
1.4984,1.0693
1.4989,1.0693
1.4995,1.0643
1.5000,1.0643
1.5006,1.0643
1.5011,1.0693
1.5017,1.0693
1.5022,1.0643
1.5028,1.0643
1.5033,1.0693
1.5039,1.0643
1.5044,1.0693
1.5050,1.0643
1.5055,1.0643
1.5060,1.0643
1.5066,1.0643
1.5072,1.0643
1.5077,1.0643
1.5083,1.0643
1.5088,1.0643
1.5093,1.0693
1.5099,1.0643
1.5104,1.0693
1.5110,1.0643
1.5115,1.0693
1.5121,1.0693
1.5126,1.0643
1.5132,1.0693
1.5137,1.0592
1.5143,1.0693
1.5148,1.0693
1.5154,1.0643
1.5159,1.0643
1.5164,1.0643
1.5170,1.0693
1.5175,1.0643
1.5181,1.0592
1.5186,1.0643
1.5192,1.0643
1.5197,1.0643
1.5203,1.0693
1.5208,1.0693
1.5214,1.0693
1.5219,1.0643
1.5224,1.0643
1.5230,1.0693
1.5235,1.0693
1.5241,1.0693
1.5247,1.0643
1.5252,1.0693
1.5257,1.0693
1.5263,1.0693
1.5268,1.0643
1.5274,1.0643
1.5279,1.0693
1.5285,1.0693
1.5290,1.0643
1.5296,1.0643
1.5301,1.0643
1.5307,1.0693
1.5312,1.0693
1.5318,1.0643
1.5323,1.0643
1.5328,1.0643
1.5334,1.0643
1.5339,1.0643
1.5345,1.0643
1.5350,1.0693
1.5356,1.0643
1.5361,1.0643
1.5367,1.0643
1.5372,1.0643
1.5378,1.0693
1.5383,1.0693
1.5389,1.0693
1.5394,1.0643
1.5399,1.0643
1.5405,1.0693
1.5410,1.0643
1.5416,1.0643
1.5421,1.0643
1.5427,1.0643
1.5432,1.0693
1.5438,1.0592
1.5443,1.0693
1.5449,1.0643
1.5454,1.0643
1.5460,1.0643
1.5465,1.0643
1.5470,1.0643
1.5476,1.0693
1.5481,1.0643
1.5487,1.0693
1.5492,1.0643
1.5498,1.0643
1.5503,1.0592
1.5509,1.0643
1.5514,1.0643
1.5520,1.0643
1.5525,1.0643
1.5531,1.0643
1.5536,1.0643
1.5541,1.0643
1.5547,1.0643
1.5552,1.0693
1.5558,1.0693
1.5563,1.0643
1.5569,1.0643
1.5574,1.0643
1.5580,1.0693
1.5585,1.0693
1.5591,1.0643
1.5596,1.0643
1.5601,1.0643
1.5607,1.0643
1.5612,1.0643
1.5618,1.0643
1.5623,1.0693
1.5629,1.0643
1.5634,1.0643
1.5640,1.0643
1.5645,1.0643
1.5651,1.0643
1.5656,1.0643
1.5662,1.0643
1.5667,1.0643
1.5672,1.0643
1.5678,1.0643
1.5683,1.0643
1.5689,1.0643
1.5694,1.0693
1.5700,1.0643
1.5705,1.0643
1.5711,1.0693
1.5716,1.0643
1.5722,1.0643
1.5727,1.0643
1.5733,1.0643
1.5738,1.0643
1.5743,1.0693
1.5749,1.0643
1.5754,1.0693
1.5760,1.0643
1.5765,1.0643
1.5771,1.0643
1.5776,1.0643
1.5782,1.0643
1.5787,1.0643
1.5793,1.0643
1.5798,1.0592
1.5804,1.0643
1.5809,1.0643
1.5815,1.0643
1.5820,1.0592
1.5826,1.0643
1.5831,1.0643
1.5836,1.0643
1.5842,1.0643
1.5847,1.0643
1.5853,1.0643
1.5858,1.0643
1.5864,1.0643
1.5869,1.0643
1.5875,1.0643
1.5880,1.0643
1.5886,1.0643
1.5891,1.0643
1.5897,1.0643
1.5902,1.0643
1.5908,1.0643
1.5913,1.0643
1.5918,1.0643
1.5924,1.0643
1.5929,1.0643
1.5935,1.0643
1.5940,1.0592
1.5946,1.0643
1.5951,1.0592
1.5957,1.0643
1.5962,1.0592
1.5968,1.0592
1.5973,1.0592
1.5979,1.0643
1.5984,1.0643
1.5989,1.0643
1.5995,1.0643
1.6001,1.0643
1.6006,1.0643
1.6012,1.0643
1.6017,1.0643
1.6022,1.0592
1.6028,1.0592
1.6033,1.0643
1.6039,1.0592
1.6044,1.0592
1.6050,1.0643
1.6055,1.0592
1.6061,1.0643
1.6066,1.0643
1.6072,1.0643
1.6077,1.0592
1.6083,1.0643
1.6088,1.0542
1.6093,1.0643
1.6101,1.0592
1.6107,1.0592
1.6112,1.0592
1.6118,1.0643
1.6124,1.0643
1.6130,1.0592
1.6136,1.0643
1.6142,1.0592
1.6148,1.0592
1.6154,1.0592
1.6160,1.0592
1.6166,1.0592
1.6172,1.0643
1.6177,1.0592
1.6183,1.0592
1.6188,1.0592
1.6194,1.0643
1.6200,1.0592
1.6206,1.0592
1.6212,1.0592
1.6217,1.0542
1.6223,1.0592
1.6228,1.0592
1.6234,1.0592
1.6239,1.0592
1.6245,1.0592
1.6250,1.0592
1.6256,1.0592
1.6261,1.0542
1.6267,1.0592
1.6272,1.0592
1.6278,1.0592
1.6284,1.0592
1.6290,1.0592
1.6295,1.0592
1.6301,1.0542
1.6307,1.0592
1.6313,1.0592
1.6319,1.0592
1.6324,1.0542
1.6330,1.0542
1.6336,1.0592
1.6342,1.0592
1.6348,1.0592
1.6354,1.0592
1.6360,1.0592
1.6366,1.0592
1.6372,1.0592
1.6378,1.0592
1.6383,1.0592
1.6389,1.0592
1.6394,1.0542
1.6400,1.0592
1.6406,1.0592
1.6411,1.0592
1.6417,1.0592
1.6422,1.0592
1.6428,1.0592
1.6433,1.0542
1.6439,1.0542
1.6444,1.0592
1.6450,1.0542
1.6455,1.0592
1.6461,1.0592
1.6466,1.0592
1.6472,1.0592
1.6478,1.0592
1.6483,1.0542
1.6489,1.0542
1.6494,1.0592
1.6500,1.0542
1.6505,1.0592
1.6510,1.0592
1.6516,1.0592
1.6521,1.0592
1.6527,1.0542
1.6532,1.0592
1.6538,1.0542
1.6543,1.0592
1.6549,1.0542
1.6554,1.0542
1.6560,1.0542
1.6565,1.0542
1.6571,1.0491
1.6576,1.0542
1.6581,1.0542
1.6587,1.0542
1.6592,1.0542
1.6598,1.0542
1.6603,1.0542
1.6609,1.0592
1.6614,1.0592
1.6620,1.0542
1.6625,1.0542
1.6631,1.0542
1.6636,1.0542
1.6642,1.0542
1.6647,1.0592
1.6653,1.0491
1.6658,1.0542
1.6664,1.0542
1.6669,1.0592
1.6674,1.0542
1.6680,1.0592
1.6685,1.0542
1.6691,1.0542
1.6696,1.0542
1.6702,1.0542
1.6707,1.0592
1.6713,1.0592
1.6718,1.0542
1.6724,1.0542
1.6729,1.0592
1.6734,1.0542
1.6740,1.0542
1.6745,1.0491
1.6751,1.0542
1.6756,1.0542
1.6762,1.0542
1.6767,1.0542
1.6773,1.0542
1.6778,1.0491
1.6784,1.0542
1.6789,1.0542
1.6794,1.0542
1.6800,1.0542
1.6805,1.0542
1.6811,1.0542
1.6816,1.0592
1.6822,1.0592
1.6827,1.0542
1.6833,1.0542
1.6838,1.0542
1.6844,1.0491
1.6849,1.0542
1.6855,1.0542
1.6860,1.0542
1.6866,1.0542
1.6871,1.0542
1.6877,1.0542
1.6882,1.0542
1.6888,1.0491
1.6893,1.0491
1.6899,1.0542
1.6904,1.0542
1.6910,1.0491
1.6915,1.0542
1.6921,1.0542
1.6926,1.0542
1.6932,1.0592
1.6937,1.0542
1.6943,1.0542
1.6948,1.0592
1.6954,1.0542
1.6959,1.0491
1.6965,1.0542
1.6970,1.0542
1.6976,1.0542
1.6981,1.0542
1.6987,1.0542
1.6992,1.0542
1.6998,1.0491
1.7003,1.0542
1.7010,1.0542
1.7015,1.0542
1.7021,1.0542
1.7026,1.0542
1.7032,1.0542
1.7037,1.0542
1.7042,1.0542
1.7048,1.0542
1.7053,1.0491
1.7059,1.0542
1.7064,1.0491
1.7069,1.0542
1.7075,1.0542
1.7080,1.0542
1.7086,1.0542
1.7091,1.0542
1.7096,1.0542
1.7102,1.0542
1.7107,1.0542
1.7113,1.0542
1.7118,1.0491
1.7123,1.0542
1.7129,1.0542
1.7134,1.0542
1.7139,1.0542
1.7145,1.0542
1.7150,1.0491
1.7156,1.0592
1.7161,1.0542
1.7167,1.0542
1.7172,1.0592
1.7177,1.0542
1.7183,1.0542
1.7188,1.0542
1.7194,1.0542
1.7199,1.0542
1.7204,1.0491
1.7210,1.0542
1.7215,1.0542
1.7221,1.0491
1.7226,1.0542
1.7231,1.0542
1.7237,1.0542
1.7242,1.0542
1.7248,1.0542
1.7253,1.0542
1.7258,1.0542
1.7264,1.0491
1.7269,1.0542
1.7274,1.0542
1.7280,1.0491
1.7285,1.0542
1.7291,1.0542
1.7296,1.0542
1.7301,1.0592
1.7307,1.0542
1.7312,1.0542
1.7318,1.0542
1.7323,1.0542
1.7328,1.0542
1.7334,1.0542
1.7339,1.0542
1.7345,1.0542
1.7350,1.0542
1.7355,1.0542
1.7361,1.0542
1.7366,1.0542
1.7371,1.0542
1.7377,1.0542
1.7382,1.0542
1.7387,1.0491
1.7393,1.0592
1.7398,1.0542
1.7404,1.0542
1.7409,1.0491
1.7414,1.0491
1.7420,1.0592
1.7425,1.0542
1.7430,1.0542
1.7436,1.0542
1.7442,1.0542
1.7447,1.0542
1.7453,1.0491
1.7458,1.0542
1.7464,1.0491
1.7469,1.0542
1.7474,1.0592
1.7480,1.0542
1.7485,1.0542
1.7491,1.0542
1.7496,1.0542
1.7501,1.0542
1.7507,1.0542
1.7512,1.0542
1.7518,1.0542
1.7523,1.0542
1.7528,1.0491
1.7534,1.0542
1.7539,1.0592
1.7544,1.0491
1.7550,1.0542
1.7555,1.0542
1.7561,1.0542
1.7566,1.0491
1.7571,1.0542
1.7577,1.0592
1.7582,1.0542
1.7587,1.0542
1.7593,1.0542
1.7598,1.0542
1.7604,1.0542
1.7609,1.0491
1.7614,1.0592
1.7620,1.0592
1.7625,1.0491
1.7630,1.0491
1.7636,1.0542
1.7641,1.0491
1.7647,1.0542
1.7652,1.0542
1.7658,1.0542
1.7663,1.0542
1.7668,1.0491
1.7674,1.0542
1.7679,1.0592
1.7685,1.0542
1.7690,1.0491
1.7695,1.0491
1.7701,1.0542
1.7706,1.0542
1.7712,1.0542
1.7717,1.0542
1.7722,1.0491
1.7728,1.0491
1.7733,1.0542
1.7738,1.0542
1.7744,1.0542
1.7749,1.0542
1.7755,1.0491
1.7760,1.0542
1.7765,1.0542
1.7771,1.0542
1.7776,1.0542
1.7782,1.0542
1.7787,1.0542
1.7792,1.0542
1.7798,1.0542
1.7803,1.0542
1.7808,1.0542
1.7814,1.0491
1.7819,1.0592
1.7825,1.0542
1.7830,1.0491
1.7835,1.0491
1.7841,1.0491
1.7846,1.0592
1.7852,1.0491
1.7858,1.0542
1.7863,1.0542
1.7868,1.0491
1.7874,1.0542
1.7879,1.0542
1.7884,1.0542
1.7890,1.0542
1.7895,1.0542
1.7901,1.0491
1.7906,1.0542
1.7911,1.0542
1.7917,1.0542
1.7922,1.0491
1.7928,1.0542
1.7933,1.0542
1.7938,1.0542
1.7944,1.0542
1.7949,1.0542
1.7955,1.0491
1.7960,1.0491
1.7965,1.0491
1.7971,1.0542
1.7976,1.0491
1.7981,1.0542
1.7987,1.0491
1.7992,1.0592
1.7998,1.0542
1.8003,1.0491
1.8009,1.0542
1.8015,1.0542
1.8021,1.0491
1.8026,1.0542
1.8032,1.0542
1.8037,1.0542
1.8043,1.0491
1.8048,1.0491
1.8054,1.0542
1.8060,1.0491
1.8065,1.0491
1.8071,1.0542
1.8076,1.0491
1.8082,1.0542
1.8087,1.0491
1.8093,1.0542
1.8099,1.0491
1.8104,1.0491
1.8110,1.0542
1.8115,1.0491
1.8121,1.0542
1.8126,1.0542
1.8132,1.0491
1.8138,1.0491
1.8143,1.0491
1.8149,1.0491
1.8154,1.0491
1.8160,1.0542
1.8166,1.0542
1.8171,1.0491
1.8177,1.0542
1.8182,1.0542
1.8188,1.0491
1.8193,1.0542
1.8199,1.0491
1.8205,1.0542
1.8210,1.0441
1.8216,1.0542
1.8221,1.0491
1.8227,1.0491
1.8233,1.0491
1.8238,1.0542
1.8244,1.0491
1.8249,1.0542
1.8255,1.0542
1.8261,1.0542
1.8267,1.0542
1.8273,1.0491
1.8279,1.0491
1.8286,1.0491
1.8293,1.0542
1.8299,1.0491
1.8304,1.0491
1.8310,1.0491
1.8316,1.0542
1.8322,1.0491
1.8328,1.0491
1.8333,1.0491
1.8339,1.0542
1.8345,1.0542
1.8367,1.0542
1.8374,1.0491
1.8379,1.0542
1.8385,1.0491
1.8390,1.0542
1.8396,1.0542
1.8402,1.0491
1.8408,1.0491
1.8413,1.0491
1.8419,1.0542
1.8424,1.0542
1.8430,1.0491
1.8436,1.0542
1.8441,1.0542
1.8447,1.0491
1.8453,1.0491
1.8459,1.0491
1.8465,1.0491
1.8470,1.0491
1.8476,1.0491
1.8481,1.0491
1.8487,1.0542
1.8493,1.0542
1.8498,1.0491
1.8504,1.0491
1.8509,1.0491
1.8515,1.0491
1.8520,1.0491
1.8526,1.0491
1.8532,1.0491
1.8537,1.0491
1.8543,1.0491
1.8548,1.0491
1.8554,1.0491
1.8559,1.0491
1.8565,1.0542
1.8571,1.0491
1.8576,1.0491
1.8582,1.0491
1.8588,1.0491
1.8593,1.0491
1.8599,1.0491
1.8605,1.0542
1.8610,1.0491
1.8616,1.0491
1.8622,1.0441
1.8627,1.0491
1.8633,1.0491
1.8639,1.0491
1.8644,1.0441
1.8650,1.0491
1.8655,1.0441
1.8661,1.0491
1.8667,1.0491
1.8672,1.0491
1.8678,1.0491
1.8683,1.0491
1.8689,1.0441
1.8694,1.0491
1.8700,1.0491
1.8706,1.0491
1.8711,1.0491
1.8717,1.0542
1.8722,1.0441
1.8728,1.0441
1.8733,1.0491
1.8739,1.0491
1.8745,1.0491
1.8750,1.0441
1.8756,1.0491
1.8761,1.0491
1.8767,1.0491
1.8773,1.0491
1.8778,1.0491
1.8784,1.0491
1.8789,1.0491
1.8795,1.0491
1.8800,1.0441
1.8806,1.0491
1.8812,1.0491
1.8817,1.0491
1.8823,1.0441
1.8828,1.0441
1.8834,1.0491
1.8839,1.0491
1.8845,1.0491
1.8851,1.0491
1.8856,1.0441
1.8862,1.0491
1.8867,1.0441
1.8873,1.0441
1.8879,1.0491
1.8884,1.0491
1.8890,1.0491
1.8895,1.0441
1.8901,1.0491
1.8906,1.0491
1.8912,1.0491
1.8918,1.0491
1.8923,1.0491
1.8929,1.0441
1.8934,1.0441
1.8940,1.0391
1.8945,1.0441
1.8951,1.0491
1.8957,1.0491
1.8962,1.0491
1.8968,1.0491
1.8973,1.0491
1.8979,1.0441
1.8984,1.0441
1.8990,1.0441
1.8996,1.0491
1.9001,1.0441
1.9007,1.0441
1.9012,1.0391
1.9019,1.0491
1.9025,1.0491
1.9031,1.0491
1.9036,1.0491
1.9042,1.0491
1.9047,1.0441
1.9053,1.0491
1.9058,1.0441
1.9064,1.0441
1.9069,1.0441
1.9075,1.0441
1.9080,1.0441
1.9086,1.0491
1.9091,1.0391
1.9097,1.0441
1.9102,1.0491
1.9108,1.0441
1.9113,1.0491
1.9119,1.0441
1.9124,1.0441
1.9130,1.0441
1.9135,1.0441
1.9141,1.0441
1.9146,1.0441
1.9152,1.0491
1.9157,1.0441
1.9163,1.0441
1.9168,1.0441
1.9174,1.0441
1.9179,1.0441
1.9185,1.0441
1.9190,1.0441
1.9196,1.0491
1.9201,1.0391
1.9207,1.0391
1.9212,1.0441
1.9218,1.0441
1.9223,1.0441
1.9229,1.0491
1.9234,1.0441
1.9240,1.0391
1.9245,1.0491
1.9251,1.0491
1.9256,1.0491
1.9262,1.0441
1.9267,1.0441
1.9273,1.0441
1.9278,1.0441
1.9284,1.0441
1.9290,1.0441
1.9295,1.0441
1.9301,1.0441
1.9306,1.0441
1.9312,1.0441
1.9317,1.0391
1.9323,1.0441
1.9328,1.0441
1.9334,1.0441
1.9339,1.0441
1.9345,1.0441
1.9350,1.0441
1.9356,1.0441
1.9361,1.0441
1.9367,1.0441
1.9372,1.0441
1.9377,1.0441
1.9383,1.0441
1.9388,1.0391
1.9394,1.0441
1.9399,1.0441
1.9405,1.0441
1.9412,1.0441
1.9417,1.0441
1.9423,1.0441
1.9428,1.0441
1.9434,1.0391
1.9439,1.0441
1.9445,1.0391
1.9450,1.0441
1.9456,1.0441
1.9461,1.0391
1.9466,1.0391
1.9472,1.0391
1.9477,1.0441
1.9483,1.0391
1.9488,1.0391
1.9494,1.0441
1.9499,1.0441
1.9505,1.0441
1.9510,1.0441
1.9516,1.0441
1.9521,1.0441
1.9526,1.0441
1.9532,1.0441
1.9537,1.0491
1.9543,1.0391
1.9548,1.0441
1.9554,1.0391
1.9559,1.0441
1.9565,1.0441
1.9570,1.0441
1.9576,1.0441
1.9581,1.0441
1.9587,1.0441
1.9592,1.0391
1.9597,1.0441
1.9603,1.0391
1.9608,1.0441
1.9614,1.0391
1.9619,1.0441
1.9625,1.0391
1.9630,1.0391
1.9636,1.0441
1.9641,1.0391
1.9647,1.0391
1.9652,1.0391
1.9658,1.0441
1.9663,1.0441
1.9669,1.0441
1.9674,1.0391
1.9679,1.0441
1.9685,1.0391
1.9690,1.0391
1.9696,1.0441
1.9701,1.0441
1.9707,1.0391
1.9712,1.0391
1.9718,1.0441
1.9723,1.0391
1.9729,1.0441
1.9734,1.0391
1.9739,1.0441
1.9745,1.0391
1.9750,1.0391
1.9756,1.0391
1.9761,1.0391
1.9767,1.0391
1.9772,1.0391
1.9778,1.0391
1.9783,1.0391
1.9789,1.0391
1.9794,1.0391
1.9800,1.0441
1.9805,1.0391
1.9811,1.0391
1.9816,1.0391
1.9822,1.0391
1.9828,1.0391
1.9833,1.0391
1.9839,1.0391
1.9844,1.0441
1.9850,1.0391
1.9855,1.0391
1.9861,1.0391
1.9866,1.0391
1.9872,1.0391
1.9877,1.0391
1.9883,1.0391
1.9888,1.0391
1.9894,1.0441
1.9899,1.0391
1.9905,1.0340
1.9910,1.0391
1.9916,1.0391
1.9921,1.0391
1.9927,1.0340
1.9932,1.0391
1.9938,1.0391
1.9943,1.0391
1.9949,1.0391
1.9954,1.0391
1.9960,1.0391
1.9965,1.0391
1.9971,1.0391
1.9976,1.0391
1.9982,1.0391
1.9987,1.0391
1.9993,1.0391
1.9998,1.0391
2.0004,1.0340
2.0009,1.0340
2.0015,1.0340
2.0020,1.0340
2.0026,1.0391
2.0032,1.0391
2.0037,1.0391
2.0043,1.0340
2.0048,1.0391
2.0054,1.0441
2.0059,1.0391
2.0065,1.0391
2.0070,1.0391
2.0076,1.0391
2.0081,1.0340
2.0087,1.0391
2.0092,1.0391
2.0098,1.0391
2.0103,1.0340
2.0109,1.0340
2.0114,1.0391
2.0120,1.0391
2.0125,1.0391
2.0131,1.0391
2.0136,1.0340
2.0142,1.0340
2.0147,1.0340
2.0153,1.0340
2.0158,1.0391
2.0164,1.0391
2.0169,1.0391
2.0175,1.0340
2.0180,1.0391
2.0186,1.0391
2.0191,1.0340
2.0197,1.0340
2.0202,1.0391
2.0208,1.0391
2.0213,1.0391
2.0219,1.0290
2.0224,1.0340
2.0230,1.0340
2.0235,1.0391
2.0241,1.0391
2.0246,1.0340
2.0252,1.0340
2.0257,1.0391
2.0263,1.0391
2.0268,1.0340
2.0274,1.0340
2.0279,1.0340
2.0285,1.0340
2.0290,1.0340
2.0296,1.0340
2.0301,1.0340
2.0306,1.0391
2.0312,1.0340
2.0318,1.0340
2.0323,1.0340
2.0329,1.0340
2.0334,1.0391
2.0340,1.0340
2.0345,1.0340
2.0351,1.0340
2.0356,1.0340
2.0362,1.0340
2.0367,1.0391
2.0372,1.0340
2.0378,1.0340
2.0383,1.0290
2.0389,1.0290
2.0394,1.0340
2.0400,1.0391
2.0405,1.0340
2.0411,1.0340
2.0416,1.0391
2.0422,1.0340
2.0427,1.0340
2.0433,1.0340
2.0438,1.0391
2.0444,1.0340
2.0449,1.0340
2.0455,1.0391
2.0460,1.0391
2.0466,1.0340
2.0471,1.0391
2.0477,1.0391
2.0482,1.0340
2.0488,1.0391
2.0493,1.0391
2.0499,1.0340
2.0504,1.0340
2.0510,1.0391
2.0515,1.0340
2.0521,1.0340
2.0526,1.0340
2.0532,1.0391
2.0537,1.0391
2.0543,1.0391
2.0548,1.0340
2.0554,1.0340
2.0559,1.0391
2.0565,1.0391
2.0570,1.0391
2.0576,1.0391
2.0581,1.0391
2.0587,1.0340
2.0592,1.0391
2.0598,1.0391
2.0603,1.0391
2.0609,1.0391
2.0614,1.0391
2.0620,1.0340
2.0625,1.0391
2.0631,1.0441
2.0636,1.0441
2.0642,1.0391
2.0647,1.0391
2.0653,1.0441
2.0658,1.0391
2.0664,1.0391
2.0669,1.0391
2.0675,1.0441
2.0680,1.0391
2.0686,1.0441
2.0691,1.0391
2.0697,1.0441
2.0702,1.0391
2.0708,1.0441
2.0713,1.0391
2.0719,1.0391
2.0724,1.0441
2.0730,1.0391
2.0735,1.0441
2.0741,1.0391
2.0747,1.0441
2.0752,1.0441
2.0758,1.0491
2.0763,1.0441
2.0768,1.0441
2.0774,1.0441
2.0779,1.0491
2.0785,1.0441
2.0790,1.0491
2.0796,1.0542
2.0801,1.0441
2.0807,1.0491
2.0812,1.0441
2.0818,1.0491
2.0823,1.0491
2.0829,1.0441
2.0834,1.0491
2.0840,1.0491
2.0845,1.0491
2.0851,1.0491
2.0856,1.0491
2.0862,1.0491
2.0867,1.0491
2.0873,1.0491
2.0878,1.0491
2.0884,1.0491
2.0889,1.0491
2.0895,1.0491
2.0900,1.0491
2.0906,1.0542
2.0911,1.0491
2.0917,1.0542
2.0922,1.0491
2.0928,1.0542
2.0933,1.0542
2.0939,1.0542
2.0944,1.0542
2.0950,1.0542
2.0956,1.0542
2.0961,1.0542
2.0966,1.0542
2.0972,1.0542
2.0977,1.0542
2.0983,1.0491
2.0988,1.0491
2.0994,1.0542
2.0999,1.0592
2.1005,1.0592
2.1010,1.0592
2.1016,1.0592
2.1021,1.0542
2.1027,1.0592
2.1033,1.0542
2.1038,1.0542
2.1044,1.0542
2.1049,1.0592
2.1055,1.0542
2.1060,1.0542
2.1066,1.0592
2.1071,1.0592
2.1077,1.0592
2.1082,1.0592
2.1088,1.0542
2.1093,1.0542
2.1099,1.0592
2.1106,1.0592
2.1112,1.0592
2.1119,1.0643
2.1125,1.0592
2.1131,1.0592
2.1137,1.0592
2.1143,1.0592
2.1149,1.0592
2.1154,1.0542
2.1160,1.0592
2.1166,1.0592
2.1171,1.0643
2.1177,1.0542
2.1183,1.0592
2.1188,1.0643
2.1194,1.0592
2.1199,1.0592
2.1205,1.0592
2.1210,1.0592
2.1216,1.0643
2.1221,1.0592
2.1227,1.0643
2.1232,1.0592
2.1238,1.0643
2.1243,1.0592
2.1249,1.0592
2.1254,1.0643
2.1260,1.0643
2.1265,1.0643
2.1271,1.0643
2.1277,1.0592
2.1283,1.0592
2.1288,1.0643
2.1296,1.0643
2.1302,1.0643
2.1308,1.0643
2.1314,1.0643
2.1328,1.0592
2.1334,1.0643
2.1340,1.0643
2.1345,1.0643
2.1351,1.0643
2.1357,1.0643
2.1363,1.0643
2.1368,1.0643
2.1374,1.0643
2.1379,1.0643
2.1385,1.0643
2.1390,1.0643
2.1396,1.0643
2.1401,1.0592
2.1409,1.0643
2.1414,1.0592
2.1420,1.0592
2.1425,1.0643
2.1431,1.0643
2.1436,1.0592
2.1442,1.0643
2.1447,1.0643
2.1453,1.0643
2.1458,1.0643
2.1464,1.0643
2.1470,1.0643
2.1475,1.0643
2.1481,1.0643
2.1486,1.0693
2.1492,1.0643
2.1497,1.0643
2.1503,1.0592
2.1508,1.0693
2.1514,1.0643
2.1519,1.0643
2.1524,1.0643
2.1530,1.0643
2.1535,1.0643
2.1542,1.0643
2.1547,1.0643
2.1553,1.0643
2.1558,1.0643
2.1564,1.0643
2.1569,1.0693
2.1574,1.0592
2.1580,1.0693
2.1585,1.0693
2.1591,1.0643
2.1596,1.0643
2.1602,1.0592
2.1607,1.0693
2.1613,1.0693
2.1618,1.0643
2.1624,1.0643
2.1629,1.0643
2.1635,1.0643
2.1640,1.0693
2.1646,1.0643
2.1651,1.0693
2.1657,1.0643
2.1662,1.0643
2.1668,1.0693
2.1673,1.0643
2.1679,1.0643
2.1684,1.0643
2.1690,1.0693
2.1695,1.0693
2.1701,1.0693
2.1706,1.0643
2.1712,1.0643
2.1717,1.0592
2.1722,1.0643
2.1728,1.0643
2.1733,1.0643
2.1739,1.0643
2.1744,1.0643
2.1750,1.0693
2.1755,1.0643
2.1760,1.0643
2.1766,1.0693
2.1771,1.0693
2.1777,1.0643
2.1782,1.0643
2.1788,1.0643
2.1793,1.0643
2.1798,1.0693
2.1804,1.0643
2.1809,1.0643
2.1815,1.0693
2.1820,1.0643
2.1826,1.0643
2.1831,1.0643
2.1836,1.0643
2.1842,1.0693
2.1847,1.0693
2.1853,1.0643
2.1858,1.0643
2.1864,1.0643
2.1869,1.0643
2.1874,1.0693
2.1880,1.0643
2.1885,1.0643
2.1891,1.0643
2.1896,1.0643
2.1902,1.0643
2.1907,1.0693
2.1912,1.0643
2.1918,1.0643
2.1923,1.0643
2.1929,1.0643
2.1934,1.0643
2.1940,1.0693
2.1945,1.0643
2.1950,1.0643
2.1956,1.0643
2.1961,1.0693
2.1967,1.0693
2.1972,1.0643
2.1978,1.0643
2.1983,1.0643
2.1988,1.0643
2.1994,1.0643
2.1999,1.0643
2.2005,1.0693
2.2010,1.0693
2.2016,1.0693
2.2021,1.0643
2.2026,1.0643
2.2032,1.0643
2.2037,1.0643
2.2043,1.0643
2.2048,1.0693
2.2054,1.0643
2.2059,1.0693
2.2065,1.0643
2.2070,1.0693
2.2076,1.0693
2.2081,1.0643
2.2086,1.0643
2.2092,1.0643
2.2097,1.0643
2.2103,1.0643
2.2108,1.0643
2.2114,1.0693
2.2119,1.0592
2.2124,1.0643
2.2130,1.0643
2.2135,1.0693
2.2141,1.0643
2.2146,1.0693
2.2152,1.0693
2.2157,1.0643
2.2163,1.0643
2.2168,1.0693
2.2173,1.0693
2.2179,1.0643
2.2184,1.0693
2.2190,1.0643
2.2195,1.0643
2.2200,1.0643
2.2206,1.0643
2.2211,1.0643
2.2217,1.0693
2.2222,1.0643
2.2227,1.0643
2.2233,1.0643
2.2238,1.0693
2.2244,1.0592
2.2249,1.0643
2.2254,1.0693
2.2260,1.0643
2.2265,1.0592
2.2271,1.0643
2.2276,1.0643
2.2281,1.0643
2.2287,1.0643
2.2292,1.0643
2.2298,1.0643
2.2303,1.0643
2.2308,1.0643
2.2314,1.0643
2.2319,1.0643
2.2325,1.0643
2.2330,1.0693
2.2335,1.0643
2.2341,1.0643
2.2347,1.0643
2.2352,1.0643
2.2358,1.0643
2.2363,1.0693
2.2368,1.0643
2.2374,1.0643
2.2379,1.0643
2.2385,1.0592
2.2390,1.0643
2.2396,1.0643
2.2401,1.0643
2.2406,1.0693
2.2412,1.0592
2.2417,1.0643
2.2423,1.0693
2.2428,1.0643
2.2433,1.0643
2.2439,1.0643
2.2444,1.0592
2.2450,1.0643
2.2455,1.0643
2.2460,1.0643
2.2466,1.0643
2.2471,1.0592
2.2477,1.0643
2.2482,1.0643
2.2487,1.0643
2.2493,1.0643
2.2498,1.0643
2.2504,1.0643
2.2509,1.0643
2.2514,1.0643
2.2520,1.0643
2.2525,1.0643
2.2531,1.0592
2.2536,1.0643
2.2541,1.0592
2.2547,1.0592
2.2552,1.0592
2.2558,1.0592
2.2563,1.0643
2.2568,1.0643
2.2574,1.0643
2.2579,1.0592
2.2585,1.0643
2.2590,1.0592
2.2595,1.0592
2.2601,1.0643
2.2606,1.0643
2.2612,1.0542
2.2617,1.0643
2.2622,1.0643
2.2628,1.0592
2.2633,1.0592
2.2639,1.0643
2.2644,1.0643
2.2650,1.0592
2.2655,1.0592
2.2660,1.0693
2.2666,1.0592
2.2671,1.0592
2.2677,1.0592
2.2682,1.0592
2.2687,1.0592
2.2693,1.0592
2.2698,1.0592
2.2704,1.0643
2.2709,1.0592
2.2714,1.0643
2.2720,1.0643
2.2725,1.0592
2.2731,1.0592
2.2736,1.0542
2.2741,1.0592
2.2747,1.0643
2.2752,1.0592
2.2758,1.0592
2.2763,1.0592
2.2768,1.0592
2.2774,1.0592
2.2779,1.0592
2.2785,1.0592
2.2790,1.0592
2.2796,1.0542
2.2801,1.0592
2.2806,1.0592
2.2812,1.0592
2.2817,1.0592
2.2823,1.0542
2.2828,1.0643
2.2833,1.0592
2.2839,1.0592
2.2844,1.0542
2.2850,1.0592
2.2855,1.0542
2.2861,1.0592
2.2866,1.0542
2.2871,1.0592
2.2877,1.0592
2.2882,1.0592
2.2887,1.0592
2.2893,1.0542
2.2898,1.0592
2.2904,1.0542
2.2909,1.0592
2.2915,1.0542
2.2920,1.0592
2.2925,1.0592
2.2931,1.0592
2.2936,1.0592
2.2942,1.0592
2.2947,1.0592
2.2953,1.0592
2.2958,1.0542
2.2964,1.0592
2.2969,1.0592
2.2974,1.0542
2.2980,1.0542
2.2985,1.0542
2.2991,1.0592
2.2996,1.0592
2.3001,1.0542
2.3007,1.0592
2.3012,1.0592
2.3018,1.0542
2.3023,1.0542
2.3028,1.0542
2.3034,1.0542
2.3039,1.0542
2.3045,1.0592
2.3050,1.0491
2.3055,1.0592
2.3062,1.0592
2.3067,1.0542
2.3073,1.0592
2.3078,1.0542
2.3084,1.0491
2.3089,1.0542
2.3094,1.0592
2.3100,1.0542
2.3105,1.0592
2.3111,1.0542
2.3116,1.0592
2.3122,1.0592
2.3127,1.0592
2.3133,1.0592
2.3138,1.0542
2.3144,1.0592
2.3149,1.0592
2.3155,1.0542
2.3160,1.0592
2.3165,1.0542
2.3171,1.0542
2.3176,1.0542
2.3182,1.0542
2.3187,1.0542
2.3193,1.0491
2.3198,1.0542
2.3204,1.0491
2.3209,1.0542
2.3215,1.0542
2.3220,1.0542
2.3225,1.0542
2.3231,1.0542
2.3236,1.0491
2.3242,1.0592
2.3247,1.0592
2.3253,1.0592
2.3258,1.0542
2.3264,1.0592
2.3269,1.0542
2.3275,1.0542
2.3280,1.0542
2.3286,1.0542
2.3291,1.0542
2.3296,1.0491
2.3302,1.0542
2.3307,1.0491
2.3313,1.0542
2.3318,1.0542
2.3324,1.0542
2.3329,1.0542
2.3335,1.0592
2.3340,1.0542
2.3346,1.0542
2.3351,1.0542
2.3357,1.0542
2.3362,1.0491
2.3367,1.0542
2.3373,1.0542
2.3378,1.0491
2.3384,1.0542
2.3389,1.0491
2.3395,1.0491
2.3400,1.0491
2.3406,1.0542
2.3411,1.0491
2.3417,1.0491
2.3422,1.0542
2.3427,1.0491
2.3433,1.0542
2.3438,1.0491
2.3444,1.0542
2.3449,1.0542
2.3455,1.0491
2.3460,1.0491
2.3466,1.0491
2.3471,1.0542
2.3477,1.0491
2.3482,1.0542
2.3488,1.0491
2.3493,1.0491
2.3499,1.0542
2.3504,1.0542
2.3510,1.0542
2.3515,1.0491
2.3521,1.0491
2.3526,1.0542
2.3531,1.0491
2.3537,1.0542
2.3542,1.0491
2.3548,1.0542
2.3553,1.0542
2.3559,1.0542
2.3564,1.0491
2.3570,1.0491
2.3575,1.0491
2.3581,1.0491
2.3586,1.0542
2.3591,1.0491
2.3597,1.0491
2.3602,1.0491
2.3608,1.0491
2.3613,1.0491
2.3619,1.0491
2.3624,1.0542
2.3630,1.0542
2.3635,1.0491
2.3641,1.0491
2.3646,1.0491
2.3652,1.0491
2.3657,1.0491
2.3663,1.0542
2.3668,1.0542
2.3674,1.0542
2.3679,1.0441
2.3685,1.0491
2.3690,1.0491
2.3696,1.0542
2.3701,1.0491
2.3707,1.0491
2.3712,1.0491
2.3717,1.0491
2.3723,1.0491
2.3728,1.0491
2.3734,1.0491
2.3739,1.0491
2.3745,1.0491
2.3750,1.0491
2.3756,1.0491
2.3761,1.0542
2.3767,1.0542
2.3772,1.0491
2.3778,1.0491
2.3783,1.0491
2.3788,1.0491
2.3794,1.0542
2.3799,1.0491
2.3805,1.0491
2.3810,1.0542
2.3816,1.0491
2.3821,1.0491
2.3827,1.0491
2.3832,1.0542
2.3838,1.0491
2.3843,1.0491
2.3848,1.0491
2.3854,1.0491
2.3859,1.0491
2.3865,1.0542
2.3870,1.0542
2.3876,1.0542
2.3881,1.0491
2.3887,1.0491
2.3892,1.0441
2.3898,1.0491
2.3903,1.0542
2.3909,1.0542
2.3914,1.0542
2.3919,1.0491
2.3925,1.0491
2.3930,1.0542
2.3936,1.0491
2.3941,1.0542
2.3947,1.0491
2.3952,1.0491
2.3958,1.0491
2.3963,1.0491
2.3969,1.0491
2.3974,1.0491
2.3980,1.0491
2.3985,1.0441
2.3990,1.0491
2.3996,1.0491
2.4001,1.0491
2.4007,1.0491
2.4012,1.0491
2.4018,1.0441
2.4023,1.0441
2.4029,1.0491
2.4034,1.0491
2.4040,1.0491
2.4045,1.0542
2.4051,1.0542
2.4056,1.0491
2.4062,1.0491
2.4067,1.0491
2.4073,1.0542
2.4078,1.0491
2.4084,1.0491
2.4089,1.0491
2.4094,1.0491
2.4100,1.0491
2.4105,1.0491
2.4111,1.0491
2.4116,1.0491
2.4122,1.0491
2.4127,1.0491
2.4133,1.0491
2.4138,1.0491
2.4144,1.0491
2.4149,1.0491
2.4155,1.0441
2.4160,1.0491
2.4165,1.0491
2.4171,1.0491
2.4177,1.0491
2.4182,1.0491
2.4188,1.0491
2.4193,1.0491
2.4198,1.0491
2.4204,1.0542
2.4209,1.0491
2.4215,1.0542
2.4220,1.0542
2.4226,1.0491
2.4231,1.0491
2.4237,1.0491
2.4242,1.0491
2.4249,1.0491
2.4255,1.0491
2.4261,1.0491
2.4267,1.0491
2.4273,1.0542
2.4279,1.0491
2.4285,1.0491
2.4291,1.0441
2.4297,1.0441
2.4303,1.0491
2.4309,1.0491
2.4315,1.0491
2.4321,1.0491
2.4327,1.0491
2.4333,1.0491
2.4339,1.0491
2.4345,1.0491
2.4350,1.0441
2.4356,1.0491
2.4362,1.0491
2.4367,1.0491
2.4373,1.0491
2.4378,1.0491
2.4384,1.0491
2.4389,1.0441
2.4395,1.0491
2.4400,1.0441
2.4406,1.0491
2.4411,1.0491
2.4417,1.0491
2.4422,1.0542
2.4428,1.0491
2.4433,1.0491
2.4439,1.0542
2.4444,1.0491
2.4450,1.0491
2.4455,1.0491
2.4461,1.0491
2.4467,1.0441
2.4472,1.0491
2.4477,1.0441
2.4483,1.0441
2.4488,1.0491
2.4494,1.0542
2.4499,1.0491
2.4505,1.0491
2.4510,1.0441
2.4516,1.0491
2.4521,1.0491
2.4527,1.0491
2.4532,1.0491
2.4538,1.0491
2.4543,1.0491
2.4549,1.0491
2.4554,1.0491
2.4560,1.0491
2.4565,1.0491
2.4570,1.0491
2.4576,1.0491
2.4581,1.0441
2.4587,1.0491
2.4592,1.0491
2.4598,1.0542
2.4603,1.0491
2.4609,1.0441
2.4615,1.0491
2.4620,1.0491
2.4626,1.0491
2.4631,1.0491
2.4637,1.0491
2.4642,1.0391
2.4648,1.0491
2.4653,1.0491
2.4659,1.0491
2.4664,1.0441
2.4670,1.0491
2.4675,1.0441
2.4681,1.0441
2.4686,1.0441
2.4691,1.0491
2.4697,1.0491
2.4702,1.0441
2.4708,1.0491
2.4714,1.0491
2.4719,1.0441
2.4725,1.0491
2.4731,1.0441
2.4736,1.0491
2.4742,1.0491
2.4748,1.0441
2.4753,1.0441
2.4759,1.0441
2.4764,1.0441
2.4770,1.0441
2.4776,1.0441
2.4781,1.0491
2.4787,1.0491
2.4792,1.0491
2.4798,1.0491
2.4803,1.0491
2.4809,1.0491
2.4814,1.0491
2.4820,1.0441
2.4825,1.0491
2.4831,1.0491
2.4836,1.0491
2.4842,1.0491
2.4847,1.0441
2.4852,1.0441
2.4858,1.0491
2.4863,1.0441
2.4869,1.0491
2.4874,1.0441
2.4880,1.0491
2.4886,1.0491
2.4891,1.0441
2.4897,1.0491
2.4902,1.0441
2.4907,1.0441
2.4913,1.0441
2.4918,1.0491
2.4924,1.0441
2.4929,1.0441
2.4935,1.0441
2.4940,1.0491
2.4946,1.0441
2.4951,1.0491
2.4957,1.0441
2.4962,1.0441
2.4968,1.0441
2.4973,1.0441
2.4979,1.0441
2.4984,1.0441
2.4990,1.0441
2.4995,1.0441
2.5001,1.0441
2.5006,1.0441
2.5012,1.0391
2.5017,1.0441
2.5023,1.0441
2.5028,1.0441
2.5034,1.0441
2.5039,1.0441
2.5045,1.0441
2.5050,1.0491
2.5056,1.0441
2.5062,1.0391
2.5068,1.0441
2.5073,1.0391
2.5079,1.0441
2.5084,1.0441
2.5089,1.0441
2.5095,1.0441
2.5100,1.0441
2.5105,1.0391
2.5111,1.0441
2.5116,1.0441
2.5121,1.0441
2.5126,1.0441
2.5132,1.0391
2.5137,1.0441
2.5143,1.0441
2.5148,1.0441
2.5153,1.0441
2.5159,1.0391
2.5164,1.0491
2.5169,1.0441
2.5175,1.0441
2.5180,1.0391
2.5185,1.0441
2.5191,1.0391
2.5196,1.0441
2.5201,1.0441
2.5207,1.0441
2.5212,1.0441
2.5217,1.0441
2.5223,1.0391
2.5228,1.0441
2.5233,1.0441
2.5239,1.0441
2.5244,1.0391
2.5249,1.0441
2.5255,1.0441
2.5260,1.0441
2.5265,1.0391
2.5271,1.0441
2.5276,1.0441
2.5281,1.0441
2.5287,1.0441
2.5292,1.0391
2.5297,1.0441
2.5303,1.0441
2.5308,1.0391
2.5313,1.0441
2.5319,1.0391
2.5324,1.0441
2.5329,1.0441
2.5335,1.0391
2.5340,1.0441
2.5345,1.0441
2.5351,1.0391
2.5356,1.0391
2.5361,1.0391
2.5367,1.0441
2.5372,1.0391
2.5377,1.0441
2.5383,1.0391
2.5388,1.0441
2.5393,1.0441
2.5399,1.0491
2.5404,1.0441
2.5409,1.0391
2.5415,1.0441
2.5420,1.0441
2.5425,1.0441
2.5431,1.0391
2.5436,1.0441
2.5442,1.0391
2.5447,1.0441
2.5452,1.0441
2.5458,1.0441
2.5463,1.0391
2.5468,1.0391
2.5474,1.0441
2.5479,1.0391
2.5484,1.0441
2.5490,1.0391
2.5495,1.0441
2.5500,1.0391
2.5506,1.0391
2.5511,1.0441
2.5517,1.0441
2.5522,1.0391
2.5527,1.0441
2.5533,1.0441
2.5538,1.0391
2.5543,1.0441
2.5549,1.0441
2.5554,1.0441
2.5559,1.0391
2.5565,1.0441
2.5570,1.0391
2.5575,1.0441
2.5581,1.0391
2.5586,1.0391
2.5591,1.0391
2.5597,1.0391
2.5602,1.0441
2.5607,1.0441
2.5613,1.0391
2.5618,1.0391
2.5623,1.0441
2.5629,1.0391
2.5634,1.0391
2.5639,1.0441
2.5645,1.0391
2.5650,1.0391
2.5655,1.0391
2.5661,1.0441
2.5666,1.0391
2.5671,1.0441
2.5677,1.0391
2.5682,1.0391
2.5687,1.0391
2.5693,1.0441
2.5698,1.0441
2.5703,1.0441
2.5709,1.0391
2.5714,1.0391
2.5719,1.0391
2.5725,1.0391
2.5730,1.0441
2.5735,1.0391
2.5741,1.0391
2.5746,1.0391
2.5752,1.0391
2.5757,1.0340
2.5762,1.0391
2.5768,1.0441
2.5773,1.0391
2.5778,1.0441
2.5784,1.0391
2.5789,1.0391
2.5794,1.0391
2.5800,1.0391
2.5805,1.0391
2.5810,1.0391
2.5816,1.0441
2.5821,1.0391
2.5826,1.0441
2.5832,1.0391
2.5837,1.0391
2.5842,1.0391
2.5848,1.0340
2.5853,1.0391
2.5859,1.0391
2.5864,1.0391
2.5869,1.0391
2.5875,1.0441
2.5880,1.0391
2.5885,1.0391
2.5891,1.0340
2.5896,1.0391
2.5902,1.0441
2.5907,1.0391
2.5912,1.0391
2.5918,1.0391
2.5923,1.0391
2.5928,1.0391
2.5934,1.0441
2.5939,1.0391
2.5944,1.0391
2.5950,1.0340
2.5955,1.0391
2.5960,1.0391
2.5966,1.0391
2.5971,1.0340
2.5976,1.0391
2.5982,1.0391
2.5987,1.0340
2.5992,1.0391
2.5998,1.0340
2.6003,1.0340
2.6008,1.0391
2.6014,1.0391
2.6019,1.0391
2.6024,1.0391
2.6030,1.0391
2.6035,1.0391
2.6040,1.0391
2.6046,1.0340
2.6051,1.0340
2.6057,1.0391
2.6062,1.0391
2.6068,1.0340
2.6073,1.0391
2.6079,1.0290
2.6084,1.0391
2.6090,1.0340
2.6095,1.0391
2.6101,1.0340
2.6110,1.0340
2.6118,1.0391
2.6127,1.0391
2.6133,1.0340
2.6139,1.0340
2.6144,1.0391
2.6150,1.0340
2.6156,1.0391
2.6161,1.0391
2.6167,1.0340
2.6173,1.0290
2.6178,1.0391
2.6184,1.0340
2.6190,1.0340
2.6195,1.0340
2.6201,1.0391
2.6206,1.0391
2.6212,1.0340
2.6217,1.0391
2.6223,1.0391
2.6228,1.0340
2.6234,1.0340
2.6239,1.0340
2.6245,1.0340
2.6250,1.0340
2.6256,1.0340
2.6261,1.0340
2.6267,1.0340
2.6273,1.0340
2.6278,1.0391
2.6284,1.0340
2.6292,1.0340
2.6300,1.0391
2.6306,1.0340
2.6311,1.0340
2.6319,1.0391
2.6325,1.0340
2.6331,1.0391
2.6337,1.0340
2.6343,1.0340
2.6348,1.0290
2.6354,1.0340
2.6360,1.0391
2.6365,1.0340
2.6371,1.0391
2.6376,1.0340
2.6382,1.0391
2.6387,1.0340
2.6393,1.0340
2.6398,1.0340
2.6404,1.0340
2.6409,1.0340
2.6415,1.0340
2.6420,1.0391
2.6426,1.0340
2.6431,1.0340
2.6437,1.0290
2.6442,1.0340
2.6448,1.0340
2.6453,1.0340
2.6459,1.0340
2.6464,1.0340
2.6470,1.0340
2.6476,1.0340
2.6481,1.0290
2.6486,1.0340
2.6492,1.0340
2.6497,1.0290
2.6503,1.0340
2.6508,1.0290
2.6514,1.0391
2.6519,1.0340
2.6525,1.0290
2.6530,1.0340
2.6536,1.0340
2.6541,1.0340
2.6547,1.0340
2.6552,1.0340
2.6558,1.0290
2.6563,1.0340
2.6569,1.0290
2.6574,1.0340
2.6580,1.0290
2.6585,1.0391
2.6591,1.0340
2.6596,1.0290
2.6602,1.0340
2.6607,1.0340
2.6612,1.0340
2.6618,1.0340
2.6624,1.0290
2.6629,1.0340
2.6635,1.0290
2.6640,1.0340
2.6646,1.0290
2.6651,1.0340
2.6657,1.0340
2.6662,1.0340
2.6668,1.0290
2.6673,1.0340
2.6678,1.0340
2.6684,1.0340
2.6689,1.0290
2.6695,1.0290
2.6700,1.0340
2.6706,1.0340
2.6711,1.0340
2.6717,1.0340
2.6722,1.0340
2.6728,1.0340
2.6733,1.0290
2.6738,1.0340
2.6744,1.0340
2.6750,1.0340
2.6755,1.0340
2.6761,1.0290
2.6766,1.0290
2.6772,1.0290
2.6777,1.0290
2.6783,1.0340
2.6788,1.0340
2.6794,1.0290
2.6799,1.0340
2.6805,1.0340
2.6810,1.0340
2.6816,1.0290
2.6821,1.0290
2.6827,1.0340
2.6832,1.0290
2.6838,1.0340
2.6843,1.0290
2.6849,1.0290
2.6854,1.0290
2.6860,1.0340
2.6865,1.0340
2.6871,1.0340
2.6876,1.0340
2.6882,1.0290
2.6887,1.0290
2.6893,1.0340
2.6898,1.0340
2.6904,1.0290
2.6909,1.0290
2.6915,1.0340
2.6920,1.0290
2.6926,1.0340
2.6931,1.0340
2.6937,1.0290
2.6942,1.0340
2.6948,1.0340
2.6953,1.0340
2.6959,1.0340
2.6964,1.0340
2.6970,1.0340
2.6976,1.0340
2.6981,1.0290
2.6987,1.0340
2.6992,1.0340
2.6998,1.0290
2.7003,1.0340
2.7009,1.0340
2.7014,1.0340
2.7020,1.0340
2.7025,1.0340
2.7031,1.0340
2.7036,1.0340
2.7042,1.0340
2.7047,1.0340
2.7053,1.0340
2.7058,1.0340
2.7064,1.0391
2.7069,1.0391
2.7076,1.0340
2.7081,1.0391
2.7087,1.0391
2.7092,1.0391
2.7098,1.0340
2.7103,1.0391
2.7109,1.0340
2.7114,1.0340
2.7119,1.0391
2.7125,1.0340
2.7130,1.0391
2.7136,1.0391
2.7141,1.0391
2.7146,1.0391
2.7152,1.0391
2.7157,1.0391
2.7162,1.0391
2.7168,1.0391
2.7173,1.0391
2.7179,1.0441
2.7184,1.0391
2.7189,1.0441
2.7195,1.0441
2.7200,1.0391
2.7206,1.0391
2.7211,1.0391
2.7216,1.0441
2.7222,1.0441
2.7227,1.0391
2.7233,1.0441
2.7238,1.0441
2.7243,1.0441
2.7249,1.0441
2.7254,1.0491
2.7260,1.0441
2.7265,1.0441
2.7270,1.0491
2.7276,1.0441
2.7281,1.0441
2.7287,1.0491
2.7292,1.0441
2.7297,1.0441
2.7303,1.0441
2.7308,1.0491
2.7313,1.0391
2.7319,1.0491
2.7324,1.0441
2.7330,1.0441
2.7335,1.0441
2.7340,1.0491
2.7346,1.0491
2.7351,1.0441
2.7357,1.0491
2.7362,1.0491
2.7367,1.0491
2.7373,1.0491
2.7378,1.0491
2.7383,1.0491
2.7389,1.0441
2.7394,1.0491
2.7399,1.0441
2.7405,1.0542
2.7410,1.0491
2.7416,1.0491
2.7421,1.0542
2.7426,1.0491
2.7432,1.0491
2.7437,1.0491
2.7442,1.0542
2.7448,1.0542
2.7453,1.0491
2.7459,1.0491
2.7464,1.0542
2.7469,1.0542
2.7475,1.0542
2.7480,1.0491
2.7486,1.0542
2.7491,1.0592
2.7496,1.0491
2.7502,1.0542
2.7507,1.0542
2.7512,1.0592
2.7518,1.0542
2.7523,1.0542
2.7529,1.0542
2.7534,1.0592
2.7539,1.0542
2.7545,1.0542
2.7550,1.0542
2.7556,1.0592
2.7561,1.0542
2.7566,1.0542
2.7572,1.0542
2.7577,1.0542
2.7582,1.0592
2.7588,1.0592
2.7593,1.0592
2.7599,1.0592
2.7604,1.0592
2.7609,1.0542
2.7615,1.0592
2.7620,1.0542
2.7625,1.0542
2.7631,1.0592
2.7636,1.0542
2.7642,1.0542
2.7647,1.0592
2.7652,1.0592
2.7658,1.0592
2.7663,1.0592
2.7669,1.0592
2.7674,1.0592
2.7680,1.0542
2.7685,1.0592
2.7690,1.0542
2.7696,1.0542
2.7701,1.0542
2.7706,1.0643
2.7712,1.0542
2.7717,1.0592
2.7723,1.0592
2.7728,1.0592
2.7733,1.0592
2.7739,1.0643
2.7744,1.0592
2.7750,1.0592
2.7755,1.0542
2.7760,1.0542
2.7766,1.0592
2.7771,1.0643
2.7776,1.0592
2.7782,1.0592
2.7787,1.0592
2.7793,1.0592
2.7798,1.0592
2.7803,1.0592
2.7809,1.0592
2.7814,1.0592
2.7820,1.0592
2.7825,1.0592
2.7830,1.0592
2.7836,1.0592
2.7841,1.0643
2.7847,1.0592
2.7852,1.0592
2.7857,1.0643
2.7863,1.0592
2.7868,1.0643
2.7873,1.0643
2.7879,1.0592
2.7884,1.0643
2.7890,1.0592
2.7895,1.0592
2.7900,1.0592
2.7906,1.0592
2.7911,1.0643
2.7917,1.0592
2.7922,1.0643
2.7927,1.0643
2.7933,1.0592
2.7938,1.0592
2.7943,1.0643
2.7949,1.0592
2.7954,1.0592
2.7960,1.0643
2.7965,1.0592
2.7970,1.0592
2.7976,1.0592
2.7981,1.0592
2.7987,1.0592
2.7992,1.0592
2.7997,1.0643
2.8003,1.0643
2.8008,1.0643
2.8013,1.0592
2.8019,1.0592
2.8024,1.0592
2.8030,1.0643
2.8035,1.0643
2.8040,1.0592
2.8046,1.0643
2.8051,1.0592
2.8056,1.0643
2.8062,1.0643
2.8067,1.0592
2.8073,1.0643
2.8078,1.0592
2.8084,1.0643
2.8090,1.0592
2.8095,1.0592
2.8101,1.0643
2.8106,1.0592
2.8112,1.0592
2.8117,1.0592
2.8123,1.0643
2.8128,1.0592
2.8134,1.0643
2.8139,1.0643
2.8145,1.0643
2.8150,1.0643
2.8156,1.0592
2.8161,1.0592
2.8167,1.0643
2.8172,1.0592
2.8178,1.0643
2.8183,1.0592
2.8189,1.0592
2.8194,1.0643
2.8200,1.0592
2.8205,1.0592
2.8211,1.0592
2.8216,1.0643
2.8222,1.0643
2.8227,1.0592
2.8233,1.0643
2.8238,1.0643
2.8244,1.0643
2.8249,1.0592
2.8255,1.0643
2.8260,1.0643
2.8266,1.0643
2.8271,1.0592
2.8277,1.0592
2.8282,1.0643
2.8288,1.0643
2.8293,1.0643
2.8299,1.0592
2.8304,1.0643
2.8310,1.0643
2.8315,1.0643
2.8321,1.0592
2.8326,1.0592
2.8332,1.0592
2.8337,1.0592
2.8343,1.0592
2.8348,1.0643
2.8354,1.0643
2.8359,1.0643
2.8365,1.0592
2.8370,1.0643
2.8376,1.0592
2.8381,1.0643
2.8387,1.0592
2.8392,1.0643
2.8398,1.0592
2.8403,1.0592
2.8409,1.0592
2.8415,1.0643
2.8420,1.0643
2.8426,1.0643
2.8431,1.0643
2.8437,1.0643
2.8443,1.0643
2.8449,1.0643
2.8455,1.0643
2.8460,1.0643
2.8466,1.0592
2.8471,1.0643
2.8477,1.0592
2.8482,1.0643
2.8488,1.0643
2.8493,1.0592
2.8499,1.0592
2.8504,1.0592
2.8510,1.0592
2.8515,1.0643
2.8521,1.0592
2.8526,1.0643
2.8532,1.0643
2.8537,1.0592
2.8543,1.0643
2.8548,1.0592
2.8554,1.0592
2.8559,1.0643
2.8565,1.0643
2.8570,1.0592
2.8576,1.0592
2.8581,1.0592
2.8586,1.0592
2.8592,1.0643
2.8597,1.0643
2.8603,1.0592
2.8608,1.0643
2.8614,1.0643
2.8619,1.0643
2.8625,1.0643
2.8630,1.0643
2.8636,1.0592
2.8645,1.0643
2.8651,1.0592
2.8656,1.0643
2.8662,1.0643
2.8667,1.0643
2.8673,1.0592
2.8678,1.0542
2.8684,1.0592
2.8689,1.0592
2.8695,1.0693
2.8700,1.0643
2.8706,1.0643
2.8711,1.0643
2.8716,1.0643
2.8722,1.0592
2.8727,1.0592
2.8733,1.0643
2.8738,1.0643
2.8744,1.0643
2.8749,1.0592
2.8755,1.0643
2.8760,1.0643
2.8766,1.0643
2.8771,1.0643
2.8777,1.0592
2.8782,1.0592
2.8788,1.0643
2.8793,1.0643
2.8799,1.0643
2.8804,1.0592
2.8810,1.0643
2.8815,1.0592
2.8821,1.0592
2.8826,1.0592
2.8832,1.0592
2.8837,1.0592
2.8843,1.0592
2.8848,1.0592
2.8854,1.0643
2.8859,1.0592
2.8865,1.0592
2.8870,1.0592
2.8876,1.0643
2.8881,1.0643
2.8887,1.0592
2.8892,1.0643
2.8898,1.0592
2.8903,1.0643
2.8908,1.0592
2.8914,1.0643
2.8919,1.0592
2.8925,1.0592
2.8930,1.0643
2.8936,1.0643
2.8941,1.0643
2.8947,1.0643
2.8952,1.0592
2.8958,1.0643
2.8965,1.0592
2.8970,1.0542
2.8976,1.0643
2.8981,1.0643
2.8987,1.0643
2.8992,1.0592
2.8998,1.0542
2.9003,1.0592
2.9009,1.0592
2.9014,1.0643
2.9020,1.0643
2.9025,1.0592
2.9031,1.0592
2.9036,1.0643
2.9042,1.0592
2.9047,1.0592
2.9053,1.0592
2.9059,1.0592
2.9064,1.0592
2.9070,1.0592
2.9075,1.0592
2.9081,1.0643
2.9086,1.0592
2.9092,1.0592
2.9097,1.0592
2.9103,1.0592
2.9108,1.0592
2.9114,1.0643
2.9119,1.0592
2.9125,1.0643
2.9130,1.0643
2.9136,1.0592
2.9142,1.0592
2.9147,1.0592
2.9153,1.0592
2.9158,1.0542
2.9164,1.0592
2.9169,1.0592
2.9175,1.0592
2.9180,1.0592
2.9187,1.0592
2.9193,1.0592
2.9198,1.0592
2.9204,1.0542
2.9209,1.0592
2.9215,1.0592
2.9220,1.0643
2.9226,1.0592
2.9231,1.0592
2.9237,1.0542
2.9242,1.0592
2.9248,1.0542
2.9253,1.0592
2.9259,1.0592
2.9264,1.0592
2.9270,1.0592
2.9275,1.0542
2.9281,1.0542
2.9286,1.0592
2.9292,1.0592
2.9297,1.0542
2.9302,1.0592
2.9308,1.0592
2.9313,1.0592
2.9319,1.0542
2.9324,1.0592
2.9330,1.0643
2.9335,1.0542
2.9341,1.0542
2.9347,1.0592
2.9352,1.0643
2.9358,1.0542
2.9363,1.0542
2.9369,1.0592
2.9374,1.0592
2.9380,1.0592
2.9387,1.0592
2.9392,1.0542
2.9398,1.0542
2.9403,1.0592
2.9409,1.0542
2.9414,1.0542
2.9420,1.0491
2.9425,1.0592
2.9431,1.0542
2.9436,1.0542
2.9442,1.0542
2.9447,1.0542
2.9453,1.0542
2.9458,1.0592
2.9464,1.0592
2.9469,1.0542
2.9475,1.0592
2.9480,1.0592
2.9485,1.0592
2.9491,1.0542
2.9496,1.0542
2.9502,1.0542
2.9507,1.0542
2.9513,1.0592
2.9518,1.0542
2.9524,1.0542
2.9529,1.0592
2.9535,1.0542
2.9540,1.0491
2.9546,1.0542
2.9551,1.0542
2.9557,1.0542
2.9562,1.0542
2.9568,1.0542
2.9573,1.0542
2.9579,1.0491
2.9584,1.0592
2.9590,1.0542
2.9595,1.0542
2.9601,1.0542
2.9606,1.0542
2.9612,1.0542
2.9617,1.0542
2.9623,1.0491
2.9628,1.0542
2.9634,1.0542
2.9639,1.0592
2.9645,1.0542
2.9650,1.0542
2.9656,1.0542
2.9661,1.0542
2.9666,1.0542
2.9672,1.0542
2.9677,1.0542
2.9683,1.0542
2.9688,1.0542
2.9694,1.0542
2.9699,1.0592
2.9705,1.0542
2.9710,1.0542
2.9716,1.0542
2.9721,1.0542
2.9727,1.0542
2.9732,1.0542
2.9737,1.0542
2.9743,1.0491
2.9748,1.0542
2.9754,1.0491
2.9760,1.0542
2.9765,1.0491
2.9771,1.0542
2.9776,1.0491
2.9782,1.0491
2.9787,1.0542
2.9793,1.0491
2.9798,1.0491
2.9804,1.0491
2.9809,1.0491
2.9815,1.0542
2.9821,1.0542
2.9826,1.0542
2.9832,1.0542
2.9837,1.0542
2.9843,1.0491
2.9848,1.0542
2.9854,1.0491
2.9859,1.0491
2.9865,1.0491
2.9870,1.0491
2.9876,1.0491
2.9881,1.0542
2.9887,1.0542
2.9892,1.0542
2.9898,1.0491
2.9903,1.0491
2.9908,1.0542
2.9914,1.0491
2.9919,1.0491
2.9925,1.0542
2.9930,1.0491
2.9936,1.0542
2.9941,1.0542
2.9947,1.0491
2.9952,1.0491
2.9958,1.0491
2.9963,1.0542
2.9969,1.0491
2.9974,1.0491
2.9980,1.0491
2.9985,1.0491
2.9991,1.0491
2.9996,1.0491
3.0002,1.0491
3.0007,1.0491
3.0013,1.0542
3.0018,1.0491
3.0024,1.0491
3.0029,1.0491
3.0035,1.0542
3.0040,1.0542
3.0046,1.0491
3.0051,1.0491
3.0057,1.0491
3.0062,1.0491
3.0068,1.0542
3.0073,1.0542
3.0079,1.0491
3.0084,1.0542
3.0090,1.0491
3.0095,1.0491
3.0101,1.0491
3.0106,1.0491
3.0112,1.0491
3.0117,1.0542
3.0123,1.0491
3.0128,1.0542
3.0134,1.0542
3.0139,1.0491
3.0145,1.0441
3.0150,1.0542
3.0156,1.0491
3.0161,1.0542
3.0170,1.0441
3.0176,1.0441
3.0182,1.0542
3.0187,1.0491
3.0193,1.0542
3.0198,1.0491
3.0204,1.0491
3.0209,1.0542
3.0215,1.0491
3.0220,1.0542
3.0226,1.0491
3.0231,1.0441
3.0237,1.0491
3.0242,1.0542
3.0248,1.0491
3.0253,1.0441
3.0259,1.0491
3.0265,1.0491
3.0271,1.0491
3.0277,1.0542
3.0283,1.0542
3.0289,1.0491
3.0295,1.0491
3.0300,1.0491
3.0306,1.0491
3.0312,1.0491
3.0318,1.0491
3.0324,1.0542
3.0330,1.0542
3.0336,1.0491
3.0342,1.0491
3.0348,1.0491
3.0353,1.0542
3.0359,1.0491
3.0364,1.0491
3.0370,1.0491
3.0376,1.0491
3.0381,1.0491
3.0387,1.0491
3.0392,1.0491
3.0398,1.0491
3.0403,1.0542
3.0409,1.0491
3.0414,1.0491
3.0420,1.0491
3.0425,1.0491
3.0431,1.0542
3.0436,1.0491
3.0442,1.0491
3.0447,1.0491
3.0453,1.0542
3.0458,1.0542
3.0464,1.0491
3.0471,1.0542
3.0477,1.0491
3.0482,1.0491
3.0488,1.0491
3.0493,1.0441
3.0499,1.0441
3.0504,1.0491
3.0510,1.0542
3.0515,1.0441
3.0521,1.0542
3.0526,1.0441
3.0532,1.0491
3.0537,1.0491
3.0543,1.0491
3.0548,1.0491
3.0554,1.0491
3.0559,1.0491
3.0564,1.0491
3.0570,1.0542
3.0575,1.0491
3.0581,1.0491
3.0586,1.0491
3.0592,1.0491
3.0597,1.0491
3.0603,1.0491
3.0608,1.0491
3.0614,1.0491
3.0619,1.0491
3.0625,1.0491
3.0630,1.0542
3.0636,1.0491
3.0641,1.0542
3.0647,1.0491
3.0652,1.0491
3.0658,1.0491
3.0663,1.0491
3.0669,1.0441
3.0674,1.0441
3.0680,1.0542
3.0685,1.0491
3.0691,1.0491
3.0696,1.0542
3.0702,1.0491
3.0707,1.0491
3.0712,1.0542
3.0718,1.0491
3.0723,1.0491
3.0729,1.0491
3.0734,1.0441
3.0740,1.0491
3.0745,1.0491
3.0751,1.0491
3.0756,1.0491
3.0762,1.0491
3.0767,1.0491
3.0773,1.0441
3.0778,1.0491
3.0783,1.0491
3.0789,1.0491
3.0794,1.0542
3.0800,1.0441
3.0805,1.0491
3.0811,1.0491
3.0816,1.0491
3.0822,1.0491
3.0827,1.0491
3.0833,1.0491
3.0838,1.0491
3.0843,1.0491
3.0849,1.0491
3.0854,1.0491
3.0860,1.0491
3.0865,1.0542
3.0871,1.0491
3.0876,1.0491
3.0882,1.0491
3.0887,1.0491
3.0893,1.0491
3.0898,1.0491
3.0903,1.0441
3.0909,1.0491
3.0914,1.0491
3.0920,1.0441
3.0925,1.0491
3.0931,1.0441
3.0936,1.0441
3.0942,1.0441
3.0947,1.0491
3.0953,1.0491
3.0958,1.0491
3.0964,1.0491
3.0969,1.0491
3.0974,1.0491
3.0980,1.0441
3.0985,1.0491
3.0991,1.0441
3.0996,1.0491
3.1002,1.0491
3.1007,1.0491
3.1013,1.0491
3.1018,1.0491
3.1024,1.0441
3.1029,1.0441
3.1034,1.0491
3.1040,1.0491
3.1045,1.0491
3.1051,1.0491
3.1056,1.0441
3.1062,1.0491
3.1067,1.0491
3.1073,1.0491
3.1078,1.0491
3.1084,1.0491
3.1089,1.0491
3.1095,1.0542
3.1100,1.0491
3.1106,1.0491
3.1112,1.0491
3.1118,1.0491
3.1124,1.0491
3.1130,1.0441
3.1135,1.0441
3.1143,1.0491
3.1149,1.0441
3.1155,1.0491
3.1161,1.0491
3.1166,1.0491
3.1172,1.0491
3.1178,1.0441
3.1184,1.0491
3.1189,1.0441
3.1195,1.0491
3.1200,1.0491
3.1206,1.0491
3.1211,1.0491
3.1217,1.0491
3.1222,1.0491
3.1228,1.0491
3.1233,1.0491
3.1239,1.0441
3.1244,1.0441
3.1250,1.0491
3.1256,1.0491
3.1261,1.0491
3.1267,1.0441
3.1272,1.0441
3.1278,1.0441
3.1283,1.0491
3.1289,1.0491
3.1295,1.0391
3.1302,1.0491
3.1307,1.0491
3.1313,1.0441
3.1319,1.0491
3.1325,1.0491
3.1331,1.0441
3.1337,1.0441
3.1343,1.0441
3.1349,1.0491
3.1354,1.0441
3.1360,1.0441
3.1365,1.0491
3.1371,1.0441
3.1376,1.0491
3.1382,1.0441
3.1387,1.0491
3.1393,1.0441
3.1398,1.0491
3.1404,1.0441
3.1409,1.0491
3.1415,1.0441
3.1420,1.0441
3.1426,1.0491
3.1431,1.0441
3.1437,1.0441
3.1442,1.0491
3.1448,1.0441
3.1453,1.0441
3.1459,1.0441
3.1465,1.0491
3.1471,1.0491
3.1476,1.0441
3.1482,1.0441
3.1487,1.0441
3.1493,1.0491
3.1498,1.0441
3.1504,1.0491
3.1509,1.0491
3.1515,1.0441
3.1520,1.0441
3.1526,1.0441
3.1531,1.0491
3.1537,1.0441
3.1542,1.0441
3.1548,1.0441
3.1553,1.0441
3.1559,1.0441
3.1564,1.0491
3.1569,1.0391
3.1575,1.0441
3.1580,1.0441
3.1586,1.0441
3.1591,1.0491
3.1597,1.0491
3.1602,1.0441
3.1608,1.0491
3.1613,1.0441
3.1619,1.0441
3.1624,1.0491
3.1630,1.0491
3.1635,1.0391
3.1641,1.0441
3.1646,1.0441
3.1652,1.0491
3.1657,1.0441
3.1663,1.0491
3.1668,1.0441
3.1674,1.0391
3.1679,1.0441
3.1685,1.0441
3.1690,1.0391
3.1696,1.0441
3.1701,1.0441
3.1707,1.0441
3.1712,1.0441
3.1717,1.0441
3.1723,1.0441
3.1728,1.0441
3.1734,1.0441
3.1739,1.0391
3.1745,1.0491
3.1750,1.0441
3.1756,1.0441
3.1761,1.0491
3.1767,1.0441
3.1772,1.0441
3.1778,1.0441
3.1783,1.0391
3.1789,1.0441
3.1794,1.0391
3.1800,1.0441
3.1805,1.0441
3.1811,1.0491
3.1816,1.0441
3.1822,1.0441
3.1827,1.0391
3.1833,1.0441
3.1838,1.0441
3.1844,1.0441
3.1849,1.0441
3.1855,1.0441
3.1860,1.0441
3.1866,1.0491
3.1871,1.0441
3.1877,1.0441
3.1882,1.0491
3.1888,1.0441
3.1893,1.0441
3.1899,1.0441
3.1904,1.0391
3.1910,1.0491
3.1915,1.0441
3.1921,1.0441
3.1926,1.0441
3.1931,1.0391
3.1937,1.0441
3.1942,1.0391
3.1948,1.0441
3.1953,1.0441
3.1959,1.0441
3.1964,1.0441
3.1970,1.0441
3.1975,1.0441
3.1981,1.0391
3.1986,1.0441
3.1992,1.0441
3.1997,1.0441
3.2003,1.0391
3.2008,1.0441
3.2014,1.0441
3.2019,1.0391
3.2025,1.0391
3.2030,1.0441
3.2036,1.0441
3.2041,1.0441
3.2047,1.0441
3.2052,1.0441
3.2058,1.0441
3.2063,1.0441
3.2069,1.0441
3.2074,1.0441
3.2080,1.0441
3.2085,1.0441
3.2091,1.0391
3.2097,1.0441
3.2103,1.0391
3.2108,1.0441
3.2114,1.0441
3.2119,1.0441
3.2125,1.0391
3.2130,1.0441
3.2135,1.0391
3.2141,1.0391
3.2146,1.0441
3.2152,1.0441
3.2157,1.0391
3.2163,1.0391
3.2168,1.0391
3.2173,1.0441
3.2179,1.0441
3.2184,1.0441
3.2189,1.0441
3.2195,1.0441
3.2200,1.0441
3.2206,1.0441
3.2211,1.0441
3.2216,1.0441
3.2222,1.0441
3.2227,1.0441
3.2233,1.0391
3.2238,1.0391
3.2243,1.0391
3.2249,1.0441
3.2254,1.0441
3.2260,1.0441
3.2265,1.0441
3.2270,1.0391
3.2276,1.0391
3.2281,1.0340
3.2286,1.0391
3.2292,1.0441
3.2297,1.0441
3.2303,1.0391
3.2308,1.0391
3.2313,1.0391
3.2319,1.0441
3.2324,1.0391
3.2330,1.0391
3.2335,1.0391
3.2340,1.0441
3.2346,1.0391
3.2351,1.0391
3.2356,1.0391
3.2362,1.0391
3.2367,1.0441
3.2373,1.0391
3.2378,1.0391
3.2383,1.0441
3.2389,1.0391
3.2394,1.0391
3.2400,1.0391
3.2405,1.0391
3.2410,1.0441
3.2416,1.0391
3.2421,1.0441
3.2426,1.0391
3.2432,1.0391
3.2437,1.0391
3.2443,1.0441
3.2448,1.0391
3.2453,1.0391
3.2459,1.0391
3.2464,1.0391
3.2470,1.0441
3.2475,1.0441
3.2480,1.0391
3.2486,1.0441
3.2491,1.0391
3.2496,1.0391
3.2502,1.0391
3.2507,1.0391
3.2513,1.0340
3.2518,1.0441
3.2523,1.0441
3.2529,1.0391
3.2534,1.0391
3.2539,1.0391
3.2545,1.0391
3.2550,1.0340
3.2556,1.0441
3.2561,1.0340
3.2567,1.0391
3.2572,1.0391
3.2577,1.0391
3.2583,1.0340
3.2588,1.0340
3.2594,1.0391
3.2599,1.0391
3.2604,1.0391
3.2610,1.0391
3.2615,1.0391
3.2620,1.0391
3.2626,1.0391
3.2631,1.0391
3.2637,1.0391
3.2642,1.0391
3.2647,1.0391
3.2653,1.0391
3.2658,1.0340
3.2664,1.0340
3.2669,1.0391
3.2674,1.0391
3.2680,1.0441
3.2685,1.0391
3.2691,1.0340
3.2696,1.0340
3.2701,1.0340
3.2707,1.0391
3.2712,1.0391
3.2717,1.0391
3.2723,1.0340
3.2728,1.0391
3.2734,1.0391
3.2739,1.0391
3.2744,1.0391
3.2750,1.0391
3.2755,1.0391
3.2761,1.0391
3.2766,1.0391
3.2771,1.0340
3.2777,1.0391
3.2782,1.0391
3.2787,1.0391
3.2793,1.0391
3.2798,1.0340
3.2804,1.0391
3.2809,1.0340
3.2814,1.0391
3.2820,1.0340
3.2825,1.0391
3.2831,1.0391
3.2836,1.0391
3.2841,1.0340
3.2847,1.0391
3.2852,1.0391
3.2858,1.0391
3.2863,1.0391
3.2868,1.0340
3.2874,1.0391
3.2879,1.0391
3.2884,1.0340
3.2890,1.0391
3.2895,1.0340
3.2901,1.0391
3.2906,1.0391
3.2911,1.0391
3.2917,1.0340
3.2922,1.0391
3.2928,1.0391
3.2933,1.0340
3.2938,1.0391
3.2944,1.0340
3.2949,1.0391
3.2955,1.0340
3.2960,1.0391
3.2965,1.0340
3.2971,1.0391
3.2976,1.0340
3.2981,1.0340
3.2987,1.0391
3.2992,1.0340
3.2998,1.0340
3.3003,1.0340
3.3008,1.0290
3.3014,1.0391
3.3019,1.0340
3.3025,1.0340
3.3030,1.0340
3.3035,1.0340
3.3041,1.0340
3.3046,1.0340
3.3052,1.0340
3.3057,1.0340
3.3062,1.0391
3.3068,1.0340
3.3073,1.0340
3.3079,1.0391
3.3084,1.0340
3.3089,1.0340
3.3095,1.0391
3.3101,1.0340
3.3106,1.0340
3.3112,1.0340
3.3117,1.0340
3.3123,1.0391
3.3128,1.0391
3.3134,1.0340
3.3139,1.0391
3.3145,1.0340
3.3150,1.0391
3.3156,1.0340
3.3161,1.0391
3.3167,1.0340
3.3172,1.0391
3.3179,1.0340
3.3184,1.0340
3.3190,1.0340
3.3195,1.0391
3.3201,1.0391
3.3206,1.0340
3.3212,1.0340
3.3217,1.0340
3.3223,1.0340
3.3228,1.0340
3.3234,1.0340
3.3239,1.0340
3.3245,1.0391
3.3250,1.0340
3.3256,1.0290
3.3262,1.0340
3.3267,1.0340
3.3273,1.0340
3.3278,1.0290
3.3284,1.0340
3.3289,1.0290
3.3295,1.0290
3.3300,1.0340
3.3306,1.0340
3.3311,1.0340
3.3317,1.0340
3.3322,1.0290
3.3328,1.0340
3.3333,1.0340
3.3339,1.0391
3.3344,1.0340
3.3350,1.0340
3.3355,1.0340
3.3361,1.0340
3.3366,1.0340
3.3372,1.0340
3.3377,1.0290
3.3383,1.0340
3.3388,1.0340
3.3394,1.0340
3.3399,1.0340
3.3405,1.0340
3.3410,1.0340
3.3416,1.0290
3.3421,1.0340
3.3427,1.0290
3.3432,1.0290
3.3438,1.0340
3.3443,1.0340
3.3449,1.0290
3.3454,1.0290
3.3460,1.0340
3.3465,1.0340
3.3471,1.0290
3.3476,1.0340
3.3482,1.0340
3.3487,1.0290
3.3493,1.0340
3.3498,1.0290
3.3504,1.0290
3.3509,1.0290
3.3515,1.0290
3.3520,1.0340
3.3526,1.0340
3.3531,1.0290
3.3537,1.0290
3.3542,1.0340
3.3548,1.0290
3.3553,1.0290
3.3558,1.0340
3.3564,1.0340
3.3569,1.0340
3.3575,1.0340
3.3580,1.0290
3.3586,1.0290
3.3591,1.0340
3.3597,1.0340
3.3602,1.0340
3.3608,1.0290
3.3613,1.0290
3.3619,1.0340
3.3624,1.0340
3.3629,1.0290
3.3635,1.0290
3.3640,1.0340
3.3646,1.0290
3.3651,1.0290
3.3657,1.0290
3.3662,1.0290
3.3668,1.0340
3.3673,1.0290
3.3679,1.0340
3.3684,1.0290
3.3690,1.0290
3.3695,1.0290
3.3701,1.0290
3.3706,1.0290
3.3712,1.0340
3.3717,1.0290
3.3723,1.0340
3.3728,1.0340
3.3734,1.0340
3.3739,1.0340
3.3745,1.0290
3.3750,1.0290
3.3756,1.0290
3.3761,1.0290
3.3767,1.0290
3.3772,1.0239
3.3778,1.0340
3.3783,1.0290
3.3788,1.0340
3.3794,1.0290
3.3799,1.0290
3.3805,1.0290
3.3810,1.0290
3.3816,1.0340
3.3821,1.0290
3.3827,1.0290
3.3832,1.0340
3.3838,1.0340
3.3843,1.0340
3.3849,1.0290
3.3854,1.0290
3.3860,1.0340
3.3865,1.0290
3.3871,1.0290
3.3876,1.0239
3.3882,1.0290
3.3887,1.0290
3.3893,1.0239
3.3898,1.0239
3.3904,1.0340
3.3909,1.0340
3.3915,1.0340
3.3920,1.0340
3.3926,1.0340
3.3931,1.0340
3.3937,1.0290
3.3942,1.0340
3.3948,1.0340
3.3953,1.0340
3.3959,1.0340
3.3964,1.0290
3.3970,1.0340
3.3975,1.0290
3.3981,1.0340
3.3986,1.0290
3.3992,1.0340
3.3997,1.0290
3.4003,1.0340
3.4008,1.0340
3.4014,1.0290
3.4019,1.0340
3.4025,1.0340
3.4030,1.0340
3.4036,1.0391
3.4041,1.0340
3.4047,1.0340
3.4052,1.0340
3.4058,1.0391
3.4063,1.0340
3.4069,1.0340
3.4074,1.0340
3.4080,1.0391
3.4085,1.0391
3.4091,1.0391
3.4096,1.0391
3.4102,1.0391
3.4108,1.0391
3.4114,1.0391
3.4119,1.0391
3.4125,1.0391
3.4130,1.0340
3.4136,1.0391
3.4141,1.0391
3.4147,1.0391
3.4152,1.0391
3.4158,1.0391
3.4163,1.0391
3.4169,1.0340
3.4174,1.0391
3.4180,1.0441
3.4185,1.0441
3.4191,1.0391
3.4196,1.0391
3.4202,1.0391
3.4207,1.0441
3.4213,1.0441
3.4218,1.0391
3.4224,1.0391
3.4229,1.0391
3.4235,1.0441
3.4240,1.0441
3.4246,1.0391
3.4251,1.0441
3.4257,1.0441
3.4262,1.0441
3.4268,1.0441
3.4273,1.0491
3.4279,1.0441
3.4284,1.0441
3.4290,1.0491
3.4295,1.0441
3.4301,1.0441
3.4306,1.0441
3.4312,1.0491
3.4317,1.0491
3.4323,1.0441
3.4328,1.0491
3.4334,1.0491
3.4339,1.0542
3.4345,1.0491
3.4350,1.0491
3.4356,1.0441
3.4361,1.0491
3.4367,1.0491
3.4372,1.0491
3.4378,1.0491
3.4383,1.0542
3.4389,1.0491
3.4394,1.0491
3.4400,1.0491
3.4405,1.0491
3.4411,1.0491
3.4416,1.0542
3.4422,1.0542
3.4427,1.0542
3.4433,1.0491
3.4438,1.0542
3.4444,1.0491
3.4449,1.0542
3.4455,1.0542
3.4460,1.0491
3.4466,1.0542
3.4471,1.0542
3.4477,1.0542
3.4482,1.0542
3.4488,1.0592
3.4493,1.0542
3.4499,1.0542
3.4504,1.0542
3.4510,1.0592
3.4515,1.0542
3.4521,1.0592
3.4526,1.0491
3.4532,1.0592
3.4537,1.0542
3.4543,1.0542
3.4548,1.0592
3.4554,1.0592
3.4559,1.0542
3.4565,1.0592
3.4570,1.0592
3.4576,1.0592
3.4581,1.0592
3.4587,1.0592
3.4592,1.0592
3.4598,1.0592
3.4603,1.0542
3.4609,1.0643
3.4614,1.0592
3.4620,1.0542
3.4625,1.0592
3.4631,1.0542
3.4636,1.0592
3.4642,1.0643
3.4647,1.0592
3.4653,1.0592
3.4658,1.0592
3.4664,1.0592
3.4669,1.0592
3.4675,1.0643
3.4680,1.0643
3.4686,1.0643
3.4691,1.0592
3.4696,1.0542
3.4702,1.0592
3.4707,1.0592
3.4713,1.0592
3.4718,1.0643
3.4724,1.0592
3.4729,1.0592
3.4735,1.0643
3.4740,1.0592
3.4746,1.0592
3.4751,1.0592
3.4757,1.0643
3.4762,1.0643
3.4768,1.0592
3.4773,1.0643
3.4779,1.0592
3.4784,1.0592
3.4790,1.0643
3.4795,1.0643
3.4801,1.0643
3.4806,1.0592
3.4812,1.0592
3.4817,1.0592
3.4823,1.0643
3.4828,1.0643
3.4834,1.0643
3.4839,1.0592
3.4845,1.0643
3.4850,1.0643
3.4856,1.0643
3.4861,1.0643
3.4867,1.0643
3.4872,1.0643
3.4878,1.0592
3.4883,1.0643
3.4888,1.0643
3.4894,1.0643
3.4899,1.0643
3.4905,1.0643
3.4910,1.0693
3.4916,1.0643
3.4921,1.0643
3.4927,1.0643
3.4932,1.0643
3.4938,1.0643
3.4943,1.0592
3.4949,1.0643
3.4954,1.0643
3.4960,1.0643
3.4965,1.0643
3.4971,1.0592
3.4976,1.0643
3.4982,1.0643
3.4987,1.0643
3.4993,1.0643
3.4998,1.0643
3.5004,1.0643
3.5009,1.0643
3.5015,1.0643
3.5020,1.0693
3.5026,1.0643
3.5031,1.0643
3.5037,1.0643
3.5042,1.0643
3.5048,1.0643
3.5053,1.0643
3.5059,1.0643
3.5064,1.0643
3.5070,1.0693
3.5075,1.0643
3.5081,1.0643
3.5086,1.0643
3.5092,1.0643
3.5097,1.0643
3.5103,1.0643
3.5108,1.0643
3.5114,1.0643
3.5119,1.0643
3.5125,1.0643
3.5130,1.0643
3.5136,1.0643
3.5141,1.0643
3.5147,1.0643
3.5152,1.0643
3.5158,1.0643
3.5163,1.0643
3.5169,1.0643
3.5174,1.0643
3.5180,1.0643
3.5185,1.0693
3.5191,1.0693
3.5196,1.0643
3.5202,1.0643
3.5207,1.0643
3.5213,1.0693
3.5218,1.0643
3.5224,1.0643
3.5229,1.0643
3.5235,1.0643
3.5240,1.0643
3.5246,1.0643
3.5251,1.0693
3.5257,1.0643
3.5262,1.0592
3.5268,1.0643
3.5273,1.0643
3.5279,1.0643
3.5284,1.0693
3.5290,1.0643
3.5295,1.0643
3.5301,1.0643
3.5306,1.0643
3.5311,1.0643
3.5317,1.0693
3.5322,1.0643
3.5328,1.0643
3.5333,1.0643
3.5339,1.0643
3.5344,1.0592
3.5350,1.0643
3.5356,1.0643
3.5361,1.0643
3.5367,1.0643
3.5372,1.0643
3.5378,1.0643
3.5383,1.0693
3.5389,1.0643
3.5394,1.0592
3.5400,1.0643
3.5405,1.0643
3.5411,1.0643
3.5416,1.0643
3.5422,1.0643
3.5427,1.0693
3.5433,1.0643
3.5438,1.0643
3.5444,1.0643
3.5449,1.0592
3.5455,1.0643
3.5460,1.0643
3.5466,1.0693
3.5471,1.0643
3.5477,1.0643
3.5482,1.0643
3.5488,1.0643
3.5493,1.0592
3.5499,1.0693
3.5504,1.0643
3.5510,1.0592
3.5515,1.0643
3.5521,1.0592
3.5526,1.0643
3.5532,1.0592
3.5537,1.0643
3.5543,1.0643
3.5548,1.0592
3.5553,1.0693
3.5559,1.0643
3.5564,1.0592
3.5570,1.0643
3.5575,1.0643
3.5581,1.0693
3.5586,1.0643
3.5592,1.0592
3.5597,1.0693
3.5603,1.0643
3.5608,1.0643
3.5613,1.0693
3.5619,1.0643
3.5624,1.0592
3.5630,1.0693
3.5635,1.0643
3.5641,1.0643
3.5647,1.0693
3.5652,1.0592
3.5658,1.0643
3.5663,1.0693
3.5669,1.0643
3.5674,1.0643
3.5680,1.0643
3.5685,1.0643
3.5691,1.0592
3.5696,1.0643
3.5702,1.0643
3.5707,1.0693
3.5713,1.0693
3.5718,1.0643
3.5724,1.0592
3.5729,1.0643
3.5735,1.0693
3.5740,1.0643
3.5746,1.0643
3.5751,1.0592
3.5757,1.0643
3.5762,1.0643
3.5768,1.0643
3.5773,1.0643
3.5779,1.0693
3.5784,1.0592
3.5790,1.0643
3.5795,1.0592
3.5801,1.0693
3.5806,1.0643
3.5812,1.0643
3.5817,1.0592
3.5823,1.0643
3.5828,1.0643
3.5834,1.0643
3.5839,1.0693
3.5845,1.0592
3.5850,1.0643
3.5856,1.0643
3.5861,1.0643
3.5867,1.0643
3.5872,1.0643
3.5878,1.0643
3.5883,1.0643
3.5889,1.0643
3.5894,1.0693
3.5900,1.0643
3.5905,1.0643
3.5911,1.0643
3.5916,1.0592
3.5922,1.0693
3.5927,1.0592
3.5933,1.0643
3.5938,1.0643
3.5944,1.0643
3.5949,1.0592
3.5955,1.0643
3.5960,1.0592
3.5966,1.0643
3.5971,1.0643
3.5977,1.0592
3.5982,1.0643
3.5988,1.0643
3.5993,1.0643
3.5999,1.0643
3.6004,1.0643
3.6010,1.0643
3.6015,1.0643
3.6021,1.0592
3.6026,1.0592
3.6032,1.0592
3.6037,1.0643
3.6043,1.0592
3.6048,1.0592
3.6054,1.0643
3.6059,1.0643
3.6065,1.0643
3.6070,1.0643
3.6076,1.0592
3.6081,1.0643
3.6087,1.0592
3.6092,1.0592
3.6098,1.0542
3.6103,1.0643
3.6109,1.0643
3.6115,1.0592
3.6121,1.0643
3.6127,1.0643
3.6133,1.0643
3.6139,1.0643
3.6144,1.0592
3.6150,1.0643
3.6156,1.0643
3.6162,1.0592
3.6168,1.0592
3.6173,1.0643
3.6179,1.0643
3.6184,1.0592
3.6190,1.0643
3.6196,1.0643
3.6202,1.0643
3.6207,1.0643
3.6213,1.0643
3.6218,1.0592
3.6224,1.0643
3.6229,1.0592
3.6235,1.0643
3.6240,1.0643
3.6246,1.0592
3.6251,1.0592
3.6257,1.0592
3.6262,1.0592
3.6268,1.0643
3.6273,1.0592
3.6279,1.0592
3.6285,1.0592
3.6290,1.0592
3.6296,1.0592
3.6312,1.0592
3.6318,1.0592
3.6324,1.0643
3.6330,1.0643
3.6336,1.0643
3.6342,1.0592
3.6348,1.0592
3.6355,1.0643
3.6364,1.0592
3.6370,1.0592
3.6376,1.0592
3.6382,1.0592
3.6395,1.0592
3.6401,1.0592
3.6407,1.0542
3.6413,1.0592
3.6419,1.0592
3.6424,1.0592
3.6430,1.0592
3.6435,1.0592
3.6441,1.0542
3.6447,1.0592
3.6452,1.0643
3.6458,1.0592
3.6463,1.0592
3.6469,1.0542
3.6474,1.0592
3.6480,1.0592
3.6485,1.0592
3.6491,1.0592
3.6498,1.0592
3.6504,1.0491
3.6510,1.0542
3.6516,1.0592
3.6522,1.0542
3.6527,1.0542
3.6533,1.0592
3.6538,1.0542
3.6544,1.0592
3.6549,1.0592
3.6555,1.0542
3.6560,1.0542
3.6566,1.0542
3.6571,1.0592
3.6576,1.0592
3.6582,1.0592
3.6587,1.0592
3.6593,1.0542
3.6598,1.0592
3.6604,1.0592
3.6609,1.0592
3.6615,1.0592
3.6620,1.0592
3.6626,1.0542
3.6631,1.0542
3.6637,1.0542
3.6643,1.0542
3.6648,1.0592
3.6654,1.0542
3.6659,1.0542
3.6665,1.0491
3.6670,1.0542
3.6676,1.0542
3.6681,1.0592
3.6687,1.0592
3.6692,1.0542
3.6698,1.0542
3.6703,1.0542
3.6709,1.0542
3.6714,1.0542
3.6720,1.0542
3.6725,1.0542
3.6731,1.0592
3.6736,1.0542
3.6742,1.0542
3.6747,1.0542
3.6753,1.0592
3.6758,1.0542
3.6764,1.0542
3.6769,1.0592
3.6775,1.0542
3.6780,1.0542
3.6786,1.0542
3.6791,1.0491
3.6797,1.0643
3.6803,1.0542
3.6808,1.0542
3.6814,1.0542
3.6819,1.0491
3.6825,1.0542
3.6830,1.0542
3.6836,1.0592
3.6842,1.0491
3.6847,1.0542
3.6853,1.0491
3.6858,1.0542
3.6864,1.0491
3.6869,1.0542
3.6875,1.0542
3.6880,1.0491
3.6886,1.0542
3.6891,1.0542
3.6897,1.0542
3.6902,1.0542
3.6908,1.0542
3.6913,1.0491
3.6919,1.0542
3.6924,1.0542
3.6930,1.0491
3.6935,1.0542
3.6941,1.0491
3.6946,1.0542
3.6952,1.0542
3.6957,1.0542
3.6963,1.0592
3.6968,1.0491
3.6974,1.0491
3.6979,1.0542
3.6985,1.0491
3.6990,1.0491
3.6996,1.0542
3.7001,1.0542
3.7007,1.0491
3.7012,1.0491
3.7018,1.0542
3.7023,1.0542
3.7028,1.0542
3.7034,1.0542
3.7039,1.0491
3.7045,1.0542
3.7050,1.0491
3.7056,1.0542
3.7061,1.0491
3.7067,1.0491
3.7072,1.0542
3.7078,1.0491
3.7083,1.0542
3.7089,1.0491
3.7094,1.0491
3.7100,1.0542
3.7105,1.0491
3.7111,1.0491
3.7118,1.0542
3.7123,1.0542
3.7129,1.0542
3.7134,1.0542
3.7139,1.0542
3.7145,1.0491
3.7150,1.0491
3.7156,1.0491
3.7161,1.0491
3.7166,1.0542
3.7172,1.0542
3.7177,1.0491
3.7183,1.0542
3.7188,1.0542
3.7193,1.0542
3.7199,1.0542
3.7204,1.0542
3.7209,1.0542
3.7215,1.0491
3.7220,1.0491
3.7226,1.0491
3.7231,1.0491
3.7236,1.0542
3.7242,1.0542
3.7247,1.0491
3.7253,1.0491
3.7258,1.0542
3.7263,1.0542
3.7269,1.0542
3.7274,1.0542
3.7279,1.0542
3.7285,1.0542
3.7290,1.0542
3.7296,1.0491
3.7301,1.0441
3.7306,1.0491
3.7312,1.0542
3.7317,1.0542
3.7323,1.0542
3.7328,1.0491
3.7333,1.0542
3.7339,1.0491
3.7344,1.0491
3.7350,1.0542
3.7355,1.0491
3.7360,1.0542
3.7366,1.0542
3.7371,1.0542
3.7376,1.0441
3.7382,1.0542
3.7387,1.0542
3.7393,1.0542
3.7398,1.0542
3.7403,1.0491
3.7409,1.0491
3.7414,1.0542
3.7419,1.0592
3.7425,1.0542
3.7430,1.0542
3.7436,1.0491
3.7441,1.0542
3.7446,1.0491
3.7452,1.0542
3.7457,1.0491
3.7463,1.0542
3.7468,1.0542
3.7473,1.0542
3.7479,1.0491
3.7484,1.0491
3.7490,1.0542
3.7495,1.0491
3.7501,1.0542
3.7506,1.0542
3.7511,1.0491
3.7517,1.0542
3.7522,1.0491
3.7527,1.0542
3.7533,1.0491
3.7538,1.0491
3.7544,1.0542
3.7549,1.0491
3.7554,1.0491
3.7560,1.0542
3.7565,1.0542
3.7571,1.0491
3.7576,1.0542
3.7582,1.0542
3.7587,1.0491
3.7593,1.0491
3.7598,1.0491
3.7603,1.0542
3.7609,1.0542
3.7614,1.0491
3.7619,1.0491
3.7625,1.0542
3.7630,1.0542
3.7636,1.0491
3.7641,1.0491
3.7646,1.0491
3.7652,1.0491
3.7657,1.0542
3.7662,1.0491
3.7668,1.0542
3.7673,1.0542
3.7679,1.0542
3.7684,1.0491
3.7689,1.0441
3.7695,1.0491
3.7700,1.0491
3.7705,1.0542
3.7711,1.0491
3.7716,1.0491
3.7721,1.0542
3.7727,1.0491
3.7732,1.0542
3.7737,1.0491
3.7743,1.0542
3.7748,1.0542
3.7754,1.0542
3.7759,1.0542
3.7764,1.0491
3.7770,1.0542
3.7775,1.0491
3.7781,1.0491
3.7786,1.0542
3.7791,1.0491
3.7797,1.0491
3.7802,1.0491
3.7807,1.0491
3.7813,1.0542
3.7818,1.0491
3.7824,1.0491
3.7829,1.0542
3.7834,1.0542
3.7840,1.0491
3.7845,1.0491
3.7851,1.0491
3.7856,1.0491
3.7861,1.0542
3.7867,1.0542
3.7872,1.0542
3.7877,1.0491
3.7883,1.0542
3.7888,1.0441
3.7893,1.0491
3.7899,1.0491
3.7904,1.0491
3.7909,1.0491
3.7915,1.0491
3.7920,1.0491
3.7926,1.0491
3.7931,1.0491
3.7936,1.0491
3.7942,1.0491
3.7947,1.0491
3.7952,1.0542
3.7958,1.0491
3.7963,1.0491
3.7969,1.0491
3.7974,1.0491
3.7979,1.0542
3.7985,1.0491
3.7990,1.0491
3.7995,1.0491
3.8001,1.0542
3.8006,1.0491
3.8012,1.0491
3.8017,1.0491
3.8022,1.0491
3.8028,1.0491
3.8033,1.0542
3.8038,1.0491
3.8044,1.0491
3.8049,1.0441
3.8055,1.0441
3.8060,1.0491
3.8065,1.0491
3.8071,1.0491
3.8076,1.0491
3.8082,1.0491
3.8087,1.0491
3.8092,1.0542
3.8098,1.0542
3.8103,1.0491
3.8108,1.0491
3.8114,1.0491
3.8119,1.0491
3.8126,1.0491
3.8131,1.0491
3.8136,1.0491
3.8142,1.0491
3.8147,1.0491
3.8153,1.0491
3.8158,1.0491
3.8164,1.0441
3.8170,1.0441
3.8175,1.0491
3.8181,1.0491
3.8186,1.0491
3.8192,1.0491
3.8197,1.0491
3.8203,1.0542
3.8208,1.0491
3.8214,1.0491
3.8219,1.0491
3.8225,1.0491
3.8230,1.0491
3.8236,1.0491
3.8241,1.0491
3.8247,1.0491
3.8252,1.0491
3.8257,1.0491
3.8263,1.0491
3.8268,1.0491
3.8274,1.0491
3.8279,1.0491
3.8285,1.0542
3.8290,1.0491
3.8296,1.0491
3.8301,1.0441
3.8307,1.0491
3.8312,1.0491
3.8318,1.0491
3.8323,1.0491
3.8329,1.0441
3.8334,1.0491
3.8340,1.0491
3.8345,1.0542
3.8351,1.0441
3.8356,1.0491
3.8362,1.0491
3.8367,1.0441
3.8373,1.0491
3.8378,1.0441
3.8384,1.0491
3.8389,1.0542
3.8395,1.0491
3.8400,1.0491
3.8406,1.0491
3.8411,1.0491
3.8417,1.0441
3.8422,1.0542
3.8428,1.0441
3.8433,1.0491
3.8439,1.0441
3.8444,1.0491
3.8450,1.0491
3.8455,1.0491
3.8461,1.0491
3.8466,1.0491
3.8472,1.0542
3.8477,1.0491
3.8483,1.0491
3.8488,1.0491
3.8494,1.0491
3.8499,1.0441
3.8505,1.0491
3.8510,1.0441
3.8516,1.0491
3.8521,1.0491
3.8527,1.0491
3.8532,1.0491
3.8538,1.0491
3.8543,1.0491
3.8549,1.0491
3.8554,1.0491
3.8560,1.0491
3.8565,1.0491
3.8571,1.0491
3.8576,1.0391
3.8582,1.0491
3.8587,1.0441
3.8593,1.0441
3.8598,1.0441
3.8604,1.0491
3.8609,1.0491
3.8615,1.0491
3.8620,1.0491
3.8626,1.0491
3.8631,1.0441
3.8637,1.0441
3.8642,1.0391
3.8648,1.0491
3.8653,1.0491
3.8659,1.0491
3.8664,1.0491
3.8670,1.0491
3.8675,1.0491
3.8681,1.0441
3.8686,1.0491
3.8692,1.0441
3.8697,1.0441
3.8703,1.0491
3.8708,1.0491
3.8714,1.0441
3.8719,1.0491
3.8725,1.0491
3.8730,1.0441
3.8736,1.0441
3.8741,1.0441
3.8747,1.0441
3.8752,1.0491
3.8758,1.0491
3.8763,1.0441
3.8769,1.0491
3.8774,1.0441
3.8780,1.0441
3.8785,1.0441
3.8791,1.0391
3.8796,1.0491
3.8802,1.0441
3.8807,1.0491
3.8813,1.0441
3.8818,1.0391
3.8824,1.0391
3.8829,1.0441
3.8835,1.0491
3.8840,1.0441
3.8846,1.0441
3.8851,1.0391
3.8857,1.0491
3.8863,1.0491
3.8868,1.0441
3.8874,1.0441
3.8879,1.0391
3.8885,1.0491
3.8890,1.0491
3.8896,1.0441
3.8901,1.0491
3.8907,1.0441
3.8912,1.0441
3.8918,1.0441
3.8923,1.0441
3.8929,1.0441
3.8934,1.0441
3.8940,1.0441
3.8945,1.0441
3.8951,1.0441
3.8956,1.0441
3.8962,1.0441
3.8967,1.0441
3.8973,1.0491
3.8978,1.0441
3.8984,1.0391
3.8989,1.0391
3.8995,1.0441
3.9000,1.0441
3.9006,1.0441
3.9011,1.0441
3.9017,1.0391
3.9022,1.0491
3.9028,1.0441
3.9033,1.0441
3.9039,1.0441
3.9044,1.0441
3.9050,1.0441
3.9055,1.0391
3.9061,1.0441
3.9066,1.0391
3.9072,1.0441
3.9077,1.0391
3.9083,1.0441
3.9088,1.0441
3.9094,1.0391
3.9099,1.0441
3.9105,1.0391
3.9110,1.0391
3.9116,1.0391
3.9121,1.0441
3.9127,1.0491
3.9132,1.0491
3.9138,1.0441
3.9144,1.0441
3.9149,1.0441
3.9155,1.0441
3.9160,1.0491
3.9166,1.0391
3.9171,1.0391
3.9177,1.0441
3.9182,1.0441
3.9188,1.0391
3.9193,1.0441
3.9198,1.0441
3.9204,1.0391
3.9209,1.0441
3.9215,1.0491
3.9220,1.0441
3.9226,1.0441
3.9231,1.0441
3.9237,1.0441
3.9243,1.0441
3.9248,1.0441
3.9254,1.0391
3.9259,1.0441
3.9265,1.0441
3.9270,1.0441
3.9276,1.0441
3.9281,1.0391
3.9287,1.0391
3.9292,1.0441
3.9298,1.0391
3.9303,1.0391
3.9309,1.0441
3.9314,1.0441
3.9320,1.0441
3.9325,1.0441
3.9331,1.0391
3.9336,1.0441
3.9342,1.0391
3.9347,1.0391
3.9353,1.0391
3.9358,1.0391
3.9364,1.0441
3.9369,1.0441
3.9375,1.0441
3.9380,1.0441
3.9386,1.0441
3.9391,1.0391
3.9397,1.0441
3.9402,1.0391
3.9407,1.0391
3.9413,1.0441
3.9418,1.0391
3.9424,1.0391
3.9429,1.0441
3.9435,1.0441
3.9440,1.0340
3.9446,1.0441
3.9451,1.0391
3.9457,1.0441
3.9462,1.0391
3.9468,1.0391
3.9473,1.0391
3.9479,1.0391
3.9484,1.0391
3.9490,1.0391
3.9495,1.0391
3.9501,1.0391
3.9506,1.0441
3.9512,1.0340
3.9517,1.0441
3.9523,1.0391
3.9528,1.0441
3.9534,1.0441
3.9539,1.0441
3.9545,1.0391
3.9550,1.0391
3.9556,1.0391
3.9561,1.0391
3.9567,1.0441
3.9572,1.0391
3.9578,1.0391
3.9583,1.0441
3.9589,1.0391
3.9594,1.0441
3.9600,1.0391
3.9605,1.0391
3.9610,1.0391
3.9616,1.0391
3.9621,1.0391
3.9627,1.0391
3.9632,1.0441
3.9638,1.0391
3.9643,1.0391
3.9649,1.0391
3.9654,1.0441
3.9660,1.0441
3.9665,1.0391
3.9671,1.0391
3.9676,1.0391
3.9682,1.0391
3.9687,1.0391
3.9693,1.0391
3.9698,1.0391
3.9704,1.0391
3.9709,1.0441
3.9715,1.0391
3.9720,1.0441
3.9726,1.0391
3.9731,1.0441
3.9737,1.0391
3.9742,1.0340
3.9748,1.0391
3.9753,1.0391
3.9759,1.0391
3.9764,1.0391
3.9769,1.0391
3.9775,1.0391
3.9780,1.0391
3.9786,1.0340
3.9791,1.0391
3.9797,1.0391
3.9802,1.0391
3.9808,1.0340
3.9813,1.0441
3.9819,1.0391
3.9824,1.0340
3.9829,1.0391
3.9835,1.0391
3.9840,1.0340
3.9846,1.0391
3.9851,1.0340
3.9857,1.0441
3.9862,1.0391
3.9868,1.0340
3.9873,1.0391
3.9879,1.0391
3.9884,1.0391
3.9890,1.0391
3.9895,1.0391
3.9901,1.0340
3.9906,1.0340
3.9912,1.0391
3.9917,1.0391
3.9923,1.0391
3.9928,1.0340
3.9934,1.0340
3.9939,1.0391
3.9945,1.0391
3.9950,1.0391
3.9956,1.0391
3.9961,1.0391
3.9967,1.0391
3.9972,1.0340
3.9978,1.0391
3.9983,1.0391
3.9989,1.0340
3.9994,1.0391
4.0000,1.0340
4.0005,1.0340
4.0011,1.0391
4.0016,1.0391
4.0022,1.0340
4.0027,1.0340
4.0033,1.0391
4.0038,1.0340
4.0044,1.0391
4.0049,1.0290
4.0055,1.0391
4.0060,1.0391
4.0066,1.0340
4.0071,1.0391
4.0077,1.0391
4.0082,1.0391
4.0088,1.0340
4.0093,1.0340
4.0099,1.0340
4.0104,1.0340
4.0110,1.0391
4.0115,1.0340
4.0120,1.0391
4.0126,1.0340
4.0131,1.0391
4.0137,1.0391
4.0143,1.0391
4.0148,1.0340
4.0154,1.0391
4.0159,1.0391
4.0165,1.0340
4.0170,1.0340
4.0176,1.0391
4.0181,1.0340
4.0187,1.0391
4.0192,1.0340
4.0198,1.0340
4.0203,1.0340
4.0209,1.0340
4.0214,1.0340
4.0220,1.0391
4.0225,1.0391
4.0231,1.0290
4.0236,1.0391
4.0242,1.0340
4.0247,1.0391
4.0253,1.0340
4.0258,1.0391
4.0264,1.0340
4.0269,1.0391
4.0275,1.0340
4.0280,1.0340
4.0286,1.0340
4.0291,1.0340
4.0297,1.0340
4.0302,1.0340
4.0308,1.0340
4.0313,1.0340
4.0319,1.0340
4.0324,1.0290
4.0330,1.0340
4.0335,1.0340
4.0341,1.0340
4.0347,1.0340
4.0352,1.0340
4.0358,1.0391
4.0363,1.0391
4.0369,1.0340
4.0374,1.0290
4.0379,1.0340
4.0385,1.0340
4.0390,1.0340
4.0396,1.0340
4.0401,1.0340
4.0407,1.0391
4.0412,1.0290
4.0418,1.0340
4.0423,1.0290
4.0429,1.0340
4.0434,1.0391
4.0440,1.0340
4.0445,1.0340
4.0451,1.0290
4.0456,1.0391
4.0462,1.0391
4.0467,1.0290
4.0473,1.0340
4.0478,1.0340
4.0484,1.0340
4.0489,1.0340
4.0495,1.0340
4.0500,1.0340
4.0506,1.0340
4.0511,1.0340
4.0517,1.0340
4.0522,1.0290
4.0528,1.0340
4.0533,1.0340
4.0539,1.0340
4.0544,1.0340
4.0550,1.0340
4.0555,1.0340
4.0561,1.0340
4.0566,1.0340
4.0572,1.0290
4.0577,1.0290
4.0583,1.0340
4.0588,1.0290
4.0594,1.0340
4.0600,1.0340
4.0605,1.0340
4.0611,1.0340
4.0617,1.0340
4.0622,1.0340
4.0628,1.0290
4.0633,1.0340
4.0639,1.0340
4.0644,1.0290
4.0650,1.0290
4.0655,1.0290
4.0661,1.0290
4.0666,1.0340
4.0672,1.0340
4.0677,1.0340
4.0683,1.0340
4.0688,1.0391
4.0694,1.0290
4.0699,1.0290
4.0705,1.0340
4.0710,1.0290
4.0716,1.0340
4.0722,1.0340
4.0727,1.0340
4.0733,1.0340
4.0739,1.0290
4.0744,1.0290
4.0750,1.0290
4.0756,1.0290
4.0761,1.0340
4.0767,1.0290
4.0773,1.0290
4.0779,1.0340
4.0784,1.0340
4.0790,1.0391
4.0795,1.0290
4.0801,1.0340
4.0807,1.0290
4.0812,1.0290
4.0818,1.0340
4.0823,1.0340
4.0829,1.0340
4.0835,1.0290
4.0840,1.0340
4.0846,1.0290
4.0851,1.0340
4.0857,1.0290
4.0862,1.0290
4.0868,1.0290
4.0873,1.0340
4.0879,1.0340
4.0884,1.0340
4.0890,1.0340
4.0895,1.0290
4.0901,1.0340
4.0908,1.0340
4.0914,1.0290
4.0919,1.0290
4.0925,1.0340
4.0930,1.0290
4.0936,1.0290
4.0942,1.0340
4.0948,1.0340
4.0954,1.0340
4.0959,1.0290
4.0965,1.0340
4.0970,1.0340
4.0976,1.0340
4.0981,1.0340
4.0987,1.0340
4.0992,1.0340
4.0998,1.0340
4.1003,1.0340
4.1009,1.0340
4.1014,1.0340
4.1020,1.0290
4.1025,1.0340
4.1031,1.0340
4.1036,1.0391
4.1042,1.0340
4.1048,1.0391
4.1053,1.0290
4.1059,1.0340
4.1065,1.0391
4.1070,1.0340
4.1076,1.0391
4.1082,1.0391
4.1087,1.0391
4.1093,1.0391
4.1098,1.0340
4.1105,1.0391
4.1111,1.0391
4.1117,1.0391
4.1123,1.0391
4.1130,1.0391
4.1136,1.0391
4.1143,1.0391
4.1149,1.0391
4.1156,1.0391
4.1162,1.0441
4.1167,1.0391
4.1173,1.0441
4.1179,1.0391
4.1184,1.0441
4.1190,1.0441
4.1195,1.0391
4.1201,1.0391
4.1207,1.0441
4.1212,1.0441
4.1217,1.0441
4.1223,1.0391
4.1228,1.0441
4.1233,1.0441
4.1239,1.0441
4.1244,1.0441
4.1250,1.0441
4.1256,1.0441
4.1261,1.0441
4.1266,1.0441
4.1272,1.0441
4.1278,1.0441
4.1284,1.0491
4.1289,1.0441
4.1295,1.0391
4.1301,1.0441
4.1307,1.0441
4.1313,1.0441
4.1319,1.0441
4.1325,1.0491
4.1331,1.0491
4.1336,1.0491
4.1342,1.0491
4.1348,1.0491
4.1354,1.0491
4.1359,1.0441
4.1366,1.0491
4.1372,1.0491
4.1377,1.0491
4.1383,1.0491
4.1388,1.0542
4.1393,1.0542
4.1399,1.0491
4.1404,1.0542
4.1410,1.0491
4.1415,1.0491
4.1420,1.0491
4.1426,1.0542
4.1431,1.0542
4.1436,1.0491
4.1442,1.0542
4.1448,1.0542
4.1453,1.0491
4.1459,1.0491
4.1464,1.0542
4.1470,1.0542
4.1476,1.0491
4.1481,1.0592
4.1487,1.0491
4.1492,1.0542
4.1498,1.0592
4.1503,1.0542
4.1508,1.0491
4.1514,1.0592
4.1519,1.0592
4.1525,1.0542
4.1530,1.0542
4.1535,1.0592
4.1541,1.0592
4.1546,1.0592
4.1552,1.0592
4.1557,1.0592
4.1563,1.0592
4.1568,1.0592
4.1573,1.0592
4.1579,1.0592
4.1584,1.0592
4.1590,1.0592
4.1595,1.0592
4.1601,1.0542
4.1606,1.0592
4.1611,1.0592
4.1617,1.0592
4.1622,1.0592
4.1627,1.0592
4.1633,1.0592
4.1638,1.0592
4.1644,1.0542
4.1649,1.0592
4.1655,1.0592
4.1660,1.0643
4.1665,1.0643
4.1671,1.0592
4.1677,1.0592
4.1682,1.0592
4.1687,1.0592
4.1693,1.0592
4.1698,1.0592
4.1704,1.0592
4.1709,1.0643
4.1714,1.0592
4.1720,1.0592
4.1725,1.0592
4.1731,1.0592
4.1736,1.0592
4.1742,1.0643
4.1747,1.0643
4.1753,1.0643
4.1758,1.0643
4.1763,1.0592
4.1769,1.0643
4.1774,1.0592
4.1779,1.0592
4.1785,1.0643
4.1790,1.0643
4.1796,1.0643
4.1802,1.0592
4.1807,1.0592
4.1813,1.0643
4.1819,1.0643
4.1824,1.0643
4.1830,1.0643
4.1835,1.0643
4.1841,1.0643
4.1846,1.0643
4.1851,1.0643
4.1857,1.0643
4.1862,1.0643
4.1868,1.0643
4.1873,1.0643
4.1879,1.0592
4.1884,1.0592
4.1890,1.0643
4.1895,1.0643
4.1901,1.0592
4.1906,1.0643
4.1912,1.0643
4.1917,1.0643
4.1923,1.0643
4.1928,1.0592
4.1934,1.0643
4.1939,1.0643
4.1945,1.0643
4.1950,1.0643
4.1956,1.0643
4.1961,1.0592
4.1967,1.0643
4.1972,1.0643
4.1978,1.0592
4.1983,1.0643
4.1989,1.0592
4.1995,1.0693
4.2000,1.0643
4.2005,1.0643
4.2011,1.0643
4.2016,1.0643
4.2022,1.0643
4.2027,1.0643
4.2032,1.0592
4.2038,1.0643
4.2043,1.0643
4.2049,1.0592
4.2054,1.0643
4.2060,1.0643
4.2065,1.0592
4.2071,1.0643
4.2076,1.0592
4.2081,1.0643
4.2087,1.0592
4.2092,1.0643
4.2098,1.0643
4.2103,1.0643
4.2109,1.0643
4.2114,1.0643
4.2120,1.0643
4.2125,1.0643
4.2131,1.0643
4.2136,1.0643
4.2142,1.0643
4.2148,1.0693
4.2153,1.0643
4.2158,1.0643
4.2163,1.0693
4.2169,1.0643
4.2174,1.0693
4.2179,1.0643
4.2184,1.0643
4.2189,1.0643
4.2195,1.0643
4.2200,1.0693
4.2205,1.0643
4.2210,1.0643
4.2215,1.0643
4.2221,1.0643
4.2226,1.0643
4.2231,1.0592
4.2236,1.0643
4.2241,1.0643
4.2247,1.0643
4.2252,1.0643
4.2258,1.0643
4.2264,1.0643
4.2269,1.0693
4.2275,1.0592
4.2280,1.0643
4.2286,1.0643
4.2292,1.0643
4.2298,1.0643
4.2303,1.0643
4.2309,1.0592
4.2315,1.0643
4.2321,1.0643
4.2327,1.0643
4.2333,1.0643
4.2338,1.0643
4.2343,1.0643
4.2348,1.0643
4.2354,1.0643
4.2359,1.0643
4.2364,1.0693
4.2369,1.0643
4.2375,1.0592
4.2380,1.0643
4.2385,1.0643
4.2390,1.0643
4.2395,1.0693
4.2401,1.0592
4.2406,1.0643
4.2411,1.0643
4.2416,1.0643
4.2421,1.0643
4.2427,1.0592
4.2432,1.0643
4.2437,1.0643
4.2442,1.0643
4.2448,1.0693
4.2453,1.0643
4.2458,1.0643
4.2463,1.0592
4.2469,1.0643
4.2474,1.0643
4.2479,1.0643
4.2484,1.0693
4.2489,1.0643
4.2495,1.0643
4.2500,1.0643
4.2505,1.0643
4.2510,1.0643
4.2516,1.0643
4.2521,1.0693
4.2526,1.0643
4.2531,1.0643
4.2536,1.0643
4.2542,1.0643
4.2547,1.0643
4.2552,1.0643
4.2557,1.0643
4.2562,1.0643
4.2568,1.0643
4.2573,1.0643
4.2578,1.0693
4.2583,1.0643
4.2588,1.0643
4.2594,1.0643
4.2599,1.0592
4.2604,1.0643
4.2609,1.0693
4.2614,1.0592
4.2620,1.0643
4.2625,1.0592
4.2630,1.0643
4.2635,1.0643
4.2640,1.0643
4.2646,1.0643
4.2651,1.0643
4.2656,1.0643
4.2661,1.0643
4.2666,1.0693
4.2672,1.0643
4.2677,1.0643
4.2682,1.0643
4.2687,1.0643
4.2692,1.0643
4.2698,1.0643
4.2703,1.0643
4.2708,1.0643
4.2713,1.0643
4.2718,1.0643
4.2724,1.0693
4.2729,1.0643
4.2734,1.0643
4.2739,1.0643
4.2744,1.0643
4.2750,1.0643
4.2755,1.0643
4.2760,1.0643
4.2765,1.0643
4.2770,1.0643
4.2776,1.0643
4.2781,1.0643
4.2786,1.0643
4.2791,1.0643
4.2796,1.0643
4.2802,1.0643
4.2807,1.0643
4.2812,1.0643
4.2817,1.0643
4.2823,1.0592
4.2828,1.0643
4.2833,1.0643
4.2838,1.0643
4.2844,1.0643
4.2849,1.0592
4.2854,1.0592
4.2859,1.0643
4.2864,1.0693
4.2870,1.0643
4.2875,1.0592
4.2880,1.0643
4.2885,1.0592
4.2890,1.0592
4.2896,1.0643
4.2901,1.0643
4.2906,1.0592
4.2911,1.0592
4.2916,1.0643
4.2922,1.0643
4.2927,1.0643
4.2932,1.0643
4.2937,1.0592
4.2942,1.0592
4.2948,1.0643
4.2953,1.0643
4.2958,1.0643
4.2963,1.0592
4.2968,1.0643
4.2974,1.0643
4.2979,1.0643
4.2984,1.0643
4.2989,1.0643
4.2994,1.0592
4.3000,1.0592
4.3005,1.0592
4.3010,1.0643
4.3015,1.0592
4.3020,1.0592
4.3026,1.0643
4.3031,1.0592
4.3036,1.0592
4.3041,1.0592
4.3047,1.0592
4.3052,1.0643
4.3057,1.0643
4.3062,1.0643
4.3067,1.0592
4.3073,1.0592
4.3078,1.0643
4.3083,1.0592
4.3088,1.0592
4.3094,1.0592
4.3099,1.0592
4.3104,1.0592
4.3109,1.0643
4.3114,1.0643
4.3119,1.0542
4.3125,1.0592
4.3130,1.0592
4.3135,1.0643
4.3140,1.0592
4.3146,1.0592
4.3151,1.0592
4.3156,1.0592
4.3161,1.0592
4.3166,1.0643
4.3172,1.0592
4.3177,1.0592
4.3182,1.0592
4.3187,1.0592
4.3193,1.0643
4.3198,1.0592
4.3203,1.0592
4.3208,1.0592
4.3213,1.0592
4.3219,1.0592
4.3224,1.0542
4.3229,1.0542
4.3234,1.0592
4.3240,1.0643
4.3245,1.0643
4.3250,1.0592
4.3255,1.0592
4.3260,1.0542
4.3266,1.0592
4.3271,1.0592
4.3276,1.0592
4.3281,1.0592
4.3286,1.0592
4.3292,1.0592
4.3297,1.0592
4.3302,1.0592
4.3307,1.0542
4.3313,1.0592
4.3318,1.0592
4.3323,1.0643
4.3328,1.0542
4.3333,1.0592
4.3339,1.0592
4.3344,1.0592
4.3349,1.0592
4.3354,1.0542
4.3360,1.0592
4.3365,1.0592
4.3370,1.0542
4.3375,1.0592
4.3380,1.0592
4.3386,1.0592
4.3391,1.0542
4.3396,1.0592
4.3401,1.0592
4.3406,1.0592
4.3412,1.0592
4.3417,1.0542
4.3422,1.0542
4.3427,1.0542
4.3433,1.0491
4.3438,1.0592
4.3443,1.0592
4.3448,1.0592
4.3454,1.0542
4.3459,1.0592
4.3464,1.0592
4.3469,1.0542
4.3474,1.0542
4.3480,1.0542
4.3485,1.0542
4.3490,1.0542
4.3495,1.0592
4.3501,1.0592
4.3506,1.0592
4.3511,1.0592
4.3516,1.0542
4.3521,1.0542
4.3527,1.0542
4.3532,1.0592
4.3537,1.0542
4.3542,1.0592
4.3548,1.0592
4.3553,1.0491
4.3558,1.0542
4.3563,1.0542
4.3568,1.0542
4.3574,1.0542
4.3579,1.0491
4.3584,1.0542
4.3589,1.0542
4.3594,1.0542
4.3600,1.0542
4.3605,1.0592
4.3610,1.0542
4.3615,1.0592
4.3621,1.0491
4.3626,1.0592
4.3631,1.0542
4.3636,1.0542
4.3641,1.0542
4.3647,1.0491
4.3652,1.0542
4.3657,1.0491
4.3662,1.0542
4.3667,1.0542
4.3673,1.0542
4.3678,1.0491
4.3683,1.0542
4.3688,1.0542
4.3694,1.0542
4.3699,1.0542
4.3704,1.0542
4.3709,1.0542
4.3714,1.0542
4.3720,1.0542
4.3725,1.0491
4.3730,1.0542
4.3735,1.0491
4.3740,1.0491
4.3746,1.0542
4.3751,1.0491
4.3756,1.0542
4.3761,1.0592
4.3767,1.0592
4.3772,1.0542
4.3777,1.0542
4.3782,1.0542
4.3787,1.0542
4.3793,1.0491
4.3798,1.0542
4.3803,1.0542
4.3808,1.0542
4.3813,1.0542
4.3819,1.0491
4.3824,1.0542
4.3829,1.0542
4.3834,1.0491
4.3840,1.0491
4.3845,1.0542
4.3850,1.0491
4.3855,1.0542
4.3860,1.0491
4.3866,1.0491
4.3871,1.0491
4.3876,1.0491
4.3881,1.0491
4.3886,1.0491
4.3892,1.0491
4.3897,1.0542
4.3902,1.0491
4.3907,1.0542
4.3913,1.0542
4.3918,1.0491
4.3923,1.0491
4.3928,1.0491
4.3933,1.0491
4.3939,1.0491
4.3944,1.0542
4.3949,1.0542
4.3954,1.0491
4.3959,1.0491
4.3965,1.0491
4.3970,1.0542
4.3975,1.0542
4.3980,1.0491
4.3986,1.0491
4.3991,1.0491
4.3996,1.0491
4.4001,1.0491
4.4006,1.0491
4.4012,1.0491
4.4017,1.0491
4.4022,1.0491
4.4027,1.0491
4.4032,1.0491
4.4038,1.0491
4.4043,1.0542
4.4048,1.0491
4.4053,1.0542
4.4059,1.0542
4.4064,1.0441
4.4069,1.0491
4.4074,1.0542
4.4079,1.0491
4.4085,1.0542
4.4090,1.0491
4.4095,1.0491
4.4100,1.0491
4.4105,1.0491
4.4111,1.0542
4.4116,1.0491
4.4121,1.0491
4.4126,1.0491
4.4132,1.0542
4.4137,1.0491
4.4142,1.0542
4.4147,1.0491
4.4152,1.0491
4.4158,1.0491
4.4163,1.0491
4.4168,1.0491
4.4173,1.0491
4.4178,1.0491
4.4184,1.0542
4.4189,1.0491
4.4194,1.0491
4.4199,1.0491
4.4205,1.0491
4.4210,1.0491
4.4215,1.0542
4.4220,1.0491
4.4225,1.0491
4.4231,1.0491
4.4236,1.0491
4.4241,1.0491
4.4246,1.0491
4.4251,1.0542
4.4257,1.0491
4.4262,1.0491
4.4267,1.0491
4.4272,1.0491
4.4278,1.0491
4.4283,1.0491
4.4288,1.0491
4.4293,1.0491
4.4298,1.0542
4.4304,1.0491
4.4309,1.0491
4.4314,1.0542
4.4319,1.0542
4.4324,1.0441
4.4330,1.0491
4.4335,1.0491
4.4340,1.0542
4.4345,1.0491
4.4351,1.0491
4.4356,1.0542
4.4361,1.0491
4.4366,1.0491
4.4372,1.0491
4.4377,1.0491
4.4382,1.0491
4.4387,1.0491
4.4392,1.0542
4.4398,1.0491
4.4403,1.0491
4.4408,1.0542
4.4413,1.0542
4.4418,1.0491
4.4424,1.0542
4.4429,1.0491
4.4434,1.0491
4.4439,1.0491
4.4445,1.0491
4.4450,1.0491
4.4455,1.0542
4.4460,1.0491
4.4465,1.0491
4.4471,1.0491
4.4476,1.0491
4.4481,1.0441
4.4486,1.0491
4.4491,1.0491
4.4497,1.0542
4.4502,1.0491
4.4507,1.0491
4.4512,1.0491
4.4518,1.0491
4.4523,1.0491
4.4528,1.0491
4.4533,1.0491
4.4538,1.0491
4.4544,1.0491
4.4549,1.0491
4.4554,1.0491
4.4559,1.0491
4.4564,1.0491
4.4570,1.0491
4.4575,1.0441
4.4580,1.0491
4.4585,1.0491
4.4591,1.0491
4.4596,1.0542
4.4601,1.0491
4.4606,1.0491
4.4611,1.0441
4.4617,1.0441
4.4622,1.0491
4.4627,1.0491
4.4632,1.0491
4.4637,1.0491
4.4643,1.0491
4.4648,1.0491
4.4653,1.0491
4.4658,1.0441
4.4664,1.0491
4.4669,1.0491
4.4674,1.0491
4.4679,1.0491
4.4684,1.0491
4.4690,1.0491
4.4695,1.0491
4.4700,1.0491
4.4705,1.0491
4.4710,1.0491
4.4716,1.0441
4.4721,1.0491
4.4726,1.0441
4.4731,1.0491
4.4737,1.0542
4.4742,1.0441
4.4747,1.0491
4.4752,1.0441
4.4757,1.0491
4.4763,1.0491
4.4768,1.0542
4.4773,1.0491
4.4778,1.0491
4.4783,1.0491
4.4789,1.0491
4.4794,1.0491
4.4799,1.0491
4.4804,1.0441
4.4810,1.0491
4.4815,1.0491
4.4820,1.0441
4.4825,1.0491
4.4830,1.0491
4.4836,1.0441
4.4841,1.0491
4.4846,1.0441
4.4851,1.0491
4.4857,1.0491
4.4863,1.0441
4.4868,1.0491
4.4873,1.0542
4.4879,1.0441
4.4885,1.0491
4.4890,1.0441
4.4895,1.0491
4.4900,1.0491
4.4906,1.0491
4.4911,1.0491
4.4916,1.0491
4.4922,1.0491
4.4927,1.0491
4.4932,1.0441
4.4938,1.0491
4.4943,1.0441
4.4948,1.0491
4.4953,1.0491
4.4959,1.0491
4.4964,1.0491
4.4970,1.0441
4.4975,1.0491
4.4981,1.0491
4.4986,1.0441
4.4992,1.0491
4.4997,1.0491
4.5003,1.0441
4.5008,1.0441
4.5014,1.0542
4.5019,1.0491
4.5025,1.0491
4.5030,1.0441
4.5036,1.0491
4.5041,1.0491
4.5047,1.0491
4.5052,1.0491
4.5057,1.0491
4.5063,1.0441
4.5068,1.0491
4.5074,1.0491
4.5079,1.0441
4.5085,1.0491
4.5090,1.0441
4.5095,1.0441
4.5100,1.0491
4.5106,1.0441
4.5111,1.0441
4.5116,1.0491
4.5121,1.0491
4.5127,1.0491
4.5132,1.0491
4.5137,1.0441
4.5142,1.0441
4.5147,1.0441
4.5153,1.0441
4.5158,1.0441
4.5163,1.0441
4.5168,1.0491
4.5174,1.0391
4.5179,1.0491
4.5184,1.0491
4.5189,1.0441
4.5195,1.0491
4.5200,1.0491
4.5205,1.0491
4.5210,1.0441
4.5215,1.0441
4.5221,1.0441
4.5226,1.0441
4.5231,1.0441
4.5236,1.0491
4.5242,1.0441
4.5247,1.0491
4.5252,1.0391
4.5257,1.0441
4.5263,1.0441
4.5268,1.0441
4.5273,1.0441
4.5278,1.0441
4.5283,1.0491
4.5289,1.0441
4.5294,1.0441
4.5299,1.0491
4.5304,1.0491
4.5310,1.0441
4.5315,1.0491
4.5320,1.0441
4.5325,1.0441
4.5331,1.0441
4.5336,1.0491
4.5341,1.0441
4.5346,1.0441
4.5352,1.0441
4.5357,1.0441
4.5362,1.0441
4.5367,1.0391
4.5372,1.0491
4.5378,1.0441
4.5383,1.0441
4.5388,1.0441
4.5393,1.0491
4.5399,1.0491
4.5404,1.0441
4.5409,1.0441
4.5414,1.0441
4.5420,1.0441
4.5425,1.0441
4.5430,1.0491
4.5435,1.0441
4.5440,1.0441
4.5446,1.0441
4.5451,1.0441
4.5456,1.0391
4.5462,1.0391
4.5467,1.0441
4.5472,1.0441
4.5477,1.0441
4.5483,1.0441
4.5488,1.0391
4.5493,1.0441
4.5498,1.0441
4.5503,1.0441
4.5509,1.0441
4.5514,1.0441
4.5519,1.0441
4.5524,1.0441
4.5529,1.0441
4.5535,1.0391
4.5540,1.0391
4.5545,1.0441
4.5550,1.0441
4.5556,1.0441
4.5561,1.0441
4.5566,1.0441
4.5571,1.0391
4.5576,1.0391
4.5582,1.0441
4.5587,1.0441
4.5592,1.0441
4.5597,1.0441
4.5603,1.0441
4.5608,1.0391
4.5613,1.0441
4.5618,1.0441
4.5623,1.0391
4.5629,1.0391
4.5634,1.0441
4.5639,1.0441
4.5644,1.0391
4.5649,1.0391
4.5655,1.0441
4.5660,1.0441
4.5665,1.0441
4.5670,1.0391
4.5676,1.0391
4.5681,1.0441
4.5686,1.0441
4.5691,1.0391
4.5697,1.0391
4.5702,1.0441
4.5707,1.0441
4.5712,1.0441
4.5717,1.0441
4.5723,1.0391
4.5728,1.0391
4.5733,1.0441
4.5738,1.0441
4.5743,1.0391
4.5749,1.0391
4.5754,1.0441
4.5759,1.0441
4.5764,1.0441
4.5770,1.0441
4.5775,1.0391
4.5780,1.0441
4.5785,1.0441
4.5790,1.0441
4.5796,1.0391
4.5801,1.0441
4.5806,1.0441
4.5811,1.0441
4.5816,1.0441
4.5822,1.0441
4.5827,1.0391
4.5832,1.0441
4.5837,1.0441
4.5843,1.0441
4.5848,1.0441
4.5853,1.0441
4.5858,1.0391
4.5863,1.0391
4.5869,1.0391
4.5874,1.0391
4.5879,1.0391
4.5884,1.0340
4.5890,1.0441
4.5895,1.0441
4.5900,1.0391
4.5905,1.0441
4.5911,1.0391
4.5916,1.0340
4.5921,1.0391
4.5926,1.0391
4.5931,1.0441
4.5937,1.0340
4.5942,1.0391
4.5947,1.0391
4.5952,1.0441
4.5958,1.0391
4.5963,1.0391
4.5968,1.0391
4.5973,1.0441
4.5979,1.0441
4.5984,1.0391
4.5989,1.0391
4.5994,1.0391
4.5999,1.0391
4.6005,1.0391
4.6010,1.0391
4.6015,1.0391
4.6020,1.0391
4.6026,1.0391
4.6031,1.0391
4.6036,1.0391
4.6041,1.0441
4.6047,1.0391
4.6052,1.0391
4.6057,1.0391
4.6062,1.0441
4.6067,1.0441
4.6073,1.0391
4.6078,1.0391
4.6083,1.0441
4.6088,1.0340
4.6094,1.0391
4.6099,1.0391
4.6105,1.0391
4.6110,1.0391
4.6116,1.0340
4.6122,1.0391
4.6128,1.0391
4.6133,1.0391
4.6139,1.0391
4.6145,1.0340
4.6150,1.0391
4.6156,1.0391
4.6162,1.0391
4.6167,1.0391
4.6173,1.0441
4.6178,1.0340
4.6183,1.0441
4.6188,1.0391
4.6194,1.0391
4.6199,1.0391
4.6204,1.0391
4.6210,1.0391
4.6215,1.0391
4.6221,1.0391
4.6227,1.0391
4.6232,1.0391
4.6238,1.0391
4.6244,1.0340
4.6249,1.0391
4.6255,1.0340
4.6260,1.0391
4.6265,1.0340
4.6271,1.0391
4.6276,1.0391
4.6281,1.0391
4.6287,1.0391
4.6292,1.0290
4.6297,1.0391
4.6302,1.0391
4.6308,1.0391
4.6313,1.0340
4.6318,1.0340
4.6324,1.0340
4.6329,1.0340
4.6334,1.0391
4.6339,1.0391
4.6345,1.0391
4.6350,1.0340
4.6355,1.0391
4.6360,1.0340
4.6366,1.0391
4.6371,1.0391
4.6376,1.0340
4.6381,1.0340
4.6387,1.0391
4.6392,1.0391
4.6397,1.0391
4.6402,1.0391
4.6408,1.0391
4.6413,1.0391
4.6418,1.0391
4.6423,1.0340
4.6429,1.0391
4.6434,1.0340
4.6439,1.0340
4.6444,1.0391
4.6449,1.0391
4.6455,1.0340
4.6460,1.0391
4.6465,1.0340
4.6471,1.0340
4.6476,1.0391
4.6481,1.0391
4.6486,1.0391
4.6492,1.0340
4.6497,1.0340
4.6502,1.0391
4.6507,1.0391
4.6513,1.0290
4.6518,1.0391
4.6523,1.0391
4.6528,1.0340
4.6533,1.0391
4.6539,1.0340
4.6544,1.0340
4.6549,1.0340
4.6554,1.0391
4.6560,1.0391
4.6565,1.0391
4.6570,1.0340
4.6575,1.0340
4.6580,1.0340
4.6586,1.0340
4.6591,1.0391
4.6596,1.0391
4.6601,1.0340
4.6607,1.0340
4.6612,1.0340
4.6617,1.0391
4.6623,1.0391
4.6628,1.0391
4.6633,1.0340
4.6639,1.0340
4.6644,1.0340
4.6649,1.0391
4.6654,1.0340
4.6660,1.0391
4.6665,1.0391
4.6670,1.0391
4.6675,1.0290
4.6681,1.0391
4.6686,1.0391
4.6691,1.0340
4.6696,1.0340
4.6702,1.0391
4.6707,1.0340
4.6712,1.0391
4.6717,1.0340
4.6722,1.0340
4.6728,1.0340
4.6733,1.0340
4.6738,1.0340
4.6743,1.0340
4.6749,1.0340
4.6754,1.0340
4.6759,1.0340
4.6764,1.0340
4.6770,1.0340
4.6775,1.0290
4.6780,1.0340
4.6785,1.0340
4.6790,1.0340
4.6796,1.0340
4.6801,1.0340
4.6806,1.0391
4.6811,1.0290
4.6817,1.0340
4.6822,1.0340
4.6827,1.0340
4.6832,1.0290
4.6838,1.0340
4.6843,1.0391
4.6848,1.0340
4.6853,1.0290
4.6859,1.0290
4.6864,1.0290
4.6869,1.0340
4.6874,1.0290
4.6879,1.0340
4.6885,1.0340
4.6890,1.0340
4.6895,1.0340
4.6900,1.0290
4.6906,1.0290
4.6911,1.0340
4.6916,1.0340
4.6921,1.0290
4.6927,1.0340
4.6932,1.0340
4.6937,1.0290
4.6942,1.0290
4.6948,1.0340
4.6953,1.0340
4.6958,1.0290
4.6963,1.0340
4.6969,1.0340
4.6974,1.0340
4.6979,1.0340
4.6984,1.0340
4.6989,1.0340
4.6995,1.0340
4.7000,1.0290
4.7005,1.0340
4.7010,1.0340
4.7016,1.0340
4.7021,1.0290
4.7026,1.0340
4.7032,1.0340
4.7037,1.0340
4.7042,1.0290
4.7047,1.0340
4.7052,1.0340
4.7058,1.0290
4.7063,1.0340
4.7068,1.0340
4.7073,1.0340
4.7079,1.0290
4.7084,1.0290
4.7089,1.0340
4.7094,1.0340
4.7099,1.0340
4.7105,1.0340
4.7110,1.0340
4.7115,1.0290
4.7120,1.0340
4.7125,1.0340
4.7131,1.0340
4.7136,1.0340
4.7141,1.0290
4.7146,1.0290
4.7152,1.0340
4.7157,1.0340
4.7162,1.0290
4.7167,1.0340
4.7173,1.0340
4.7178,1.0340
4.7183,1.0290
4.7188,1.0340
4.7194,1.0340
4.7199,1.0290
4.7204,1.0340
4.7209,1.0290
4.7214,1.0340
4.7220,1.0340
4.7225,1.0340
4.7230,1.0340
4.7235,1.0340
4.7241,1.0340
4.7246,1.0290
4.7251,1.0340
4.7256,1.0290
4.7262,1.0340
4.7267,1.0340
4.7272,1.0290
4.7277,1.0290
4.7283,1.0340
4.7288,1.0340
4.7293,1.0340
4.7298,1.0340
4.7304,1.0340
4.7309,1.0340
4.7314,1.0340
4.7319,1.0290
4.7324,1.0340
4.7330,1.0391
4.7335,1.0340
4.7340,1.0340
4.7345,1.0340
4.7351,1.0290
4.7356,1.0340
4.7361,1.0391
4.7366,1.0340
4.7372,1.0340
4.7377,1.0391
4.7382,1.0391
4.7387,1.0391
4.7392,1.0340
4.7398,1.0391
4.7403,1.0391
4.7408,1.0340
4.7413,1.0391
4.7419,1.0391
4.7424,1.0391
4.7429,1.0340
4.7434,1.0391
4.7439,1.0391
4.7445,1.0391
4.7450,1.0391
4.7455,1.0391
4.7461,1.0391
4.7466,1.0391
4.7471,1.0391
4.7476,1.0391
4.7481,1.0391
4.7487,1.0391
4.7492,1.0391
4.7497,1.0441
4.7502,1.0391
4.7508,1.0391
4.7513,1.0391
4.7518,1.0441
4.7523,1.0441
4.7528,1.0391
4.7534,1.0441
4.7539,1.0441
4.7544,1.0441
4.7549,1.0391
4.7554,1.0441
4.7560,1.0441
4.7565,1.0441
4.7570,1.0441
4.7575,1.0391
4.7581,1.0391
4.7586,1.0441
4.7591,1.0441
4.7596,1.0441
4.7601,1.0441
4.7607,1.0441
4.7612,1.0441
4.7617,1.0441
4.7622,1.0491
4.7627,1.0441
4.7633,1.0441
4.7638,1.0491
4.7643,1.0441
4.7648,1.0491
4.7654,1.0491
4.7659,1.0491
4.7664,1.0491
4.7669,1.0491
4.7674,1.0491
4.7680,1.0491
4.7685,1.0491
4.7690,1.0491
4.7695,1.0491
4.7701,1.0491
4.7706,1.0491
4.7711,1.0491
4.7716,1.0491
4.7721,1.0491
4.7727,1.0491
4.7732,1.0491
4.7737,1.0491
4.7742,1.0491
4.7748,1.0542
4.7753,1.0491
4.7758,1.0491
4.7763,1.0542
4.7768,1.0542
4.7774,1.0542
4.7779,1.0491
4.7784,1.0542
4.7789,1.0542
4.7795,1.0542
4.7800,1.0542
4.7805,1.0542
4.7810,1.0542
4.7815,1.0542
4.7821,1.0542
4.7826,1.0592
4.7831,1.0542
4.7837,1.0542
4.7842,1.0542
4.7848,1.0491
4.7853,1.0542
4.7858,1.0542
4.7863,1.0542
4.7869,1.0542
4.7874,1.0542
4.7879,1.0592
4.7884,1.0542
4.7890,1.0542
4.7895,1.0592
4.7900,1.0542
4.7905,1.0542
4.7910,1.0542
4.7916,1.0542
4.7921,1.0542
4.7926,1.0542
4.7931,1.0592
4.7937,1.0592
4.7942,1.0542
4.7947,1.0592
4.7952,1.0542
4.7958,1.0542
4.7963,1.0592
4.7968,1.0592
4.7973,1.0542
4.7978,1.0592
4.7984,1.0592
4.7989,1.0592
4.7994,1.0542
4.7999,1.0542
4.8005,1.0592
4.8010,1.0542
4.8015,1.0592
4.8020,1.0643
4.8026,1.0592
4.8031,1.0643
4.8036,1.0592
4.8041,1.0592
4.8046,1.0542
4.8052,1.0592
4.8057,1.0592
4.8062,1.0592
4.8067,1.0592
4.8073,1.0542
4.8078,1.0592
4.8083,1.0592
4.8088,1.0592
4.8094,1.0643
4.8099,1.0592
4.8104,1.0643
4.8109,1.0592
4.8114,1.0592
4.8120,1.0643
4.8125,1.0592
4.8130,1.0592
4.8135,1.0592
4.8141,1.0592
4.8146,1.0592
4.8151,1.0643
4.8156,1.0592
4.8162,1.0592
4.8167,1.0592
4.8172,1.0592
4.8177,1.0592
4.8182,1.0643
4.8188,1.0592
4.8193,1.0542
4.8198,1.0592
4.8203,1.0592
4.8209,1.0542
4.8214,1.0643
4.8219,1.0643
4.8224,1.0592
4.8230,1.0643
4.8235,1.0643
4.8240,1.0592
4.8245,1.0592
4.8251,1.0592
4.8256,1.0592
4.8262,1.0592
4.8268,1.0643
4.8273,1.0643
4.8279,1.0592
4.8284,1.0592
4.8290,1.0592
4.8295,1.0643
4.8301,1.0643
4.8307,1.0643
4.8312,1.0643
4.8317,1.0592
4.8323,1.0592
4.8328,1.0643
4.8334,1.0592
4.8339,1.0592
4.8344,1.0643
4.8349,1.0592
4.8355,1.0643
4.8360,1.0643
4.8365,1.0592
4.8371,1.0592
4.8376,1.0592
4.8381,1.0592
4.8386,1.0542
4.8391,1.0592
4.8397,1.0592
4.8402,1.0542
4.8407,1.0592
4.8412,1.0592
4.8418,1.0592
4.8423,1.0542
4.8428,1.0592
4.8433,1.0592
4.8439,1.0643
4.8444,1.0643
4.8449,1.0643
4.8454,1.0643
4.8459,1.0592
4.8465,1.0592
4.8470,1.0592
4.8476,1.0643
4.8481,1.0643
4.8486,1.0592
4.8491,1.0592
4.8497,1.0643
4.8502,1.0592
4.8507,1.0592
4.8512,1.0643
4.8518,1.0592
4.8523,1.0592
4.8528,1.0643
4.8533,1.0592
4.8538,1.0643
4.8544,1.0643
4.8549,1.0592
4.8554,1.0643
4.8559,1.0592
4.8565,1.0592
4.8570,1.0643
4.8575,1.0643
4.8580,1.0643
4.8586,1.0643
4.8591,1.0643
4.8596,1.0592
4.8601,1.0643
4.8606,1.0643
4.8612,1.0592
4.8617,1.0643
4.8622,1.0592
4.8627,1.0592
4.8633,1.0592
4.8638,1.0592
4.8643,1.0643
4.8648,1.0592
4.8654,1.0592
4.8659,1.0592
4.8664,1.0643
4.8669,1.0592
4.8674,1.0592
4.8680,1.0643
4.8685,1.0592
4.8690,1.0643
4.8695,1.0643
4.8701,1.0592
4.8706,1.0643
4.8711,1.0592
4.8716,1.0592
4.8722,1.0592
4.8727,1.0592
4.8732,1.0643
4.8737,1.0592
4.8743,1.0542
4.8748,1.0592
4.8753,1.0643
4.8758,1.0643
4.8763,1.0592
4.8769,1.0693
4.8774,1.0643
4.8779,1.0643
4.8784,1.0592
4.8790,1.0592
4.8795,1.0643
4.8800,1.0643
4.8805,1.0592
4.8810,1.0592
4.8816,1.0643
4.8821,1.0643
4.8826,1.0542
4.8831,1.0643
4.8837,1.0542
4.8842,1.0592
4.8847,1.0592
4.8852,1.0643
4.8858,1.0592
4.8863,1.0643
4.8868,1.0643
4.8873,1.0592
4.8878,1.0643
4.8884,1.0643
4.8889,1.0643
4.8894,1.0592
4.8899,1.0643
4.8905,1.0592
4.8910,1.0592
4.8915,1.0643
4.8920,1.0592
4.8926,1.0592
4.8931,1.0643
4.8936,1.0693
4.8941,1.0592
4.8946,1.0643
4.8952,1.0592
4.8957,1.0643
4.8962,1.0643
4.8967,1.0643
4.8973,1.0592
4.8978,1.0643
4.8983,1.0592
4.8988,1.0592
4.8994,1.0643
4.8999,1.0592
4.9004,1.0592
4.9009,1.0592
4.9014,1.0592
4.9020,1.0592
4.9025,1.0592
4.9030,1.0592
4.9036,1.0592
4.9041,1.0592
4.9046,1.0643
4.9051,1.0592
4.9057,1.0643
4.9062,1.0592
4.9067,1.0643
4.9072,1.0592
4.9077,1.0643
4.9083,1.0542
4.9088,1.0643
4.9093,1.0592
4.9098,1.0643
4.9104,1.0592
4.9109,1.0592
4.9142,1.0592
4.9147,1.0592
4.9153,1.0542
4.9158,1.0592
4.9163,1.0592
4.9169,1.0592
4.9174,1.0592
4.9180,1.0592
4.9185,1.0592
4.9190,1.0542
4.9197,1.0542
4.9202,1.0643
4.9207,1.0592
4.9213,1.0643
4.9218,1.0643
4.9224,1.0592
4.9229,1.0643
4.9235,1.0592
4.9240,1.0542
4.9246,1.0643
4.9252,1.0592
4.9257,1.0592
4.9263,1.0592
4.9268,1.0592
4.9274,1.0592
4.9279,1.0643
4.9285,1.0542
4.9290,1.0592
4.9296,1.0542
4.9301,1.0592
4.9307,1.0643
4.9312,1.0643
4.9318,1.0592
4.9323,1.0592
4.9329,1.0592
4.9334,1.0643
4.9340,1.0592
4.9345,1.0592
4.9351,1.0592
4.9356,1.0592
4.9362,1.0592
4.9367,1.0643
4.9373,1.0592
4.9378,1.0542
4.9384,1.0643
4.9389,1.0542
4.9395,1.0592
4.9400,1.0592
4.9406,1.0592
4.9412,1.0592
4.9417,1.0592
4.9424,1.0542
4.9429,1.0592
4.9435,1.0592
4.9441,1.0592
4.9446,1.0592
4.9452,1.0592
4.9458,1.0592
4.9463,1.0592
4.9469,1.0592
4.9474,1.0592
4.9480,1.0592
4.9485,1.0542
4.9491,1.0592
4.9496,1.0592
4.9502,1.0592
4.9508,1.0542
4.9513,1.0592
4.9519,1.0592
4.9524,1.0592
4.9530,1.0592
4.9535,1.0592
4.9541,1.0542
4.9546,1.0542
4.9552,1.0592
4.9557,1.0542
4.9563,1.0592
4.9568,1.0542
4.9574,1.0542
4.9579,1.0592
4.9585,1.0592
4.9590,1.0592
4.9596,1.0542
4.9601,1.0592
4.9607,1.0542
4.9612,1.0542
4.9618,1.0592
4.9623,1.0542
4.9629,1.0592
4.9634,1.0542
4.9640,1.0542
4.9645,1.0542
4.9651,1.0542
4.9656,1.0592
4.9662,1.0542
4.9667,1.0592
4.9673,1.0542
4.9679,1.0491
4.9684,1.0542
4.9690,1.0542
4.9696,1.0542
4.9702,1.0542
4.9707,1.0542
4.9713,1.0542
4.9718,1.0542
4.9724,1.0542
4.9729,1.0542
4.9735,1.0542
4.9740,1.0542
4.9746,1.0542
4.9751,1.0592
4.9757,1.0542
4.9762,1.0542
4.9768,1.0491
4.9773,1.0542
4.9779,1.0542
4.9784,1.0542
4.9790,1.0542
4.9795,1.0542
4.9801,1.0592
4.9806,1.0491
4.9812,1.0542
4.9817,1.0542
4.9822,1.0542
4.9828,1.0542
4.9833,1.0542
4.9839,1.0542
4.9844,1.0491
4.9850,1.0491
4.9855,1.0542
4.9861,1.0542
4.9866,1.0542
4.9872,1.0542
4.9877,1.0542
4.9883,1.0542
4.9888,1.0491
4.9893,1.0542
4.9899,1.0542
4.9904,1.0491
4.9910,1.0491
4.9915,1.0491
4.9921,1.0542
4.9926,1.0491
4.9932,1.0542
4.9937,1.0542
4.9943,1.0542
4.9948,1.0491
4.9953,1.0542
4.9959,1.0491
4.9964,1.0542
4.9970,1.0542
4.9975,1.0491
4.9981,1.0542
4.9986,1.0542
4.9992,1.0491
4.9997,1.0542
5.0002,1.0542
5.0008,1.0542
5.0013,1.0491
5.0019,1.0542
5.0024,1.0491
5.0030,1.0491
5.0035,1.0491
5.0041,1.0542
5.0047,1.0491
5.0053,1.0491
5.0058,1.0542
5.0064,1.0491
5.0069,1.0491
5.0074,1.0491
5.0080,1.0491
5.0086,1.0491
5.0091,1.0491
5.0097,1.0542
5.0102,1.0491
5.0108,1.0491
5.0113,1.0491
5.0118,1.0542
5.0124,1.0491
5.0129,1.0491
5.0135,1.0491
5.0140,1.0491
5.0146,1.0491
5.0151,1.0491
5.0157,1.0491
5.0162,1.0542
5.0168,1.0491
5.0173,1.0491
5.0179,1.0491
5.0184,1.0542
5.0190,1.0542
5.0195,1.0491
5.0201,1.0441
5.0208,1.0542
5.0214,1.0441
5.0219,1.0441
5.0224,1.0542
5.0230,1.0542
5.0235,1.0491
5.0240,1.0491
5.0245,1.0491
5.0251,1.0491
5.0256,1.0441
5.0261,1.0491
5.0266,1.0491
5.0272,1.0491
5.0277,1.0441
5.0282,1.0491
5.0287,1.0441
5.0293,1.0491
5.0298,1.0491
5.0303,1.0491
5.0308,1.0491
5.0314,1.0542
5.0319,1.0491
5.0324,1.0491
5.0329,1.0491
5.0334,1.0391
5.0340,1.0491
5.0345,1.0491
5.0350,1.0441
5.0355,1.0491
5.0361,1.0491
5.0366,1.0491
5.0371,1.0441
5.0376,1.0491
5.0382,1.0491
5.0387,1.0491
5.0392,1.0491
5.0397,1.0491
5.0403,1.0441
5.0408,1.0491
5.0413,1.0491
5.0418,1.0491
5.0423,1.0491
5.0429,1.0491
5.0434,1.0441
5.0439,1.0441
5.0445,1.0542
5.0450,1.0491
5.0455,1.0441
5.0460,1.0441
5.0465,1.0491
5.0471,1.0491
5.0476,1.0491
5.0481,1.0391
5.0486,1.0441
5.0492,1.0542
5.0497,1.0491
5.0502,1.0491
5.0507,1.0491
5.0512,1.0441
5.0518,1.0491
5.0523,1.0491
5.0528,1.0491
5.0533,1.0441
5.0539,1.0441
5.0544,1.0441
5.0549,1.0441
5.0554,1.0441
5.0560,1.0491
5.0565,1.0441
5.0570,1.0491
5.0575,1.0441
5.0581,1.0491
5.0586,1.0491
5.0591,1.0441
5.0596,1.0491
5.0602,1.0491
5.0607,1.0491
5.0612,1.0491
5.0617,1.0491
5.0622,1.0491
5.0628,1.0441
5.0633,1.0441
5.0638,1.0491
5.0643,1.0491
5.0649,1.0441
5.0654,1.0491
5.0659,1.0491
5.0664,1.0491
5.0669,1.0491
5.0675,1.0441
5.0680,1.0491
5.0685,1.0491
5.0690,1.0491
5.0696,1.0491
5.0701,1.0441
5.0706,1.0441
5.0711,1.0491
5.0717,1.0491
5.0722,1.0441
5.0727,1.0491
5.0732,1.0491
5.0737,1.0491
5.0743,1.0542
5.0748,1.0491
5.0753,1.0491
5.0758,1.0441
5.0764,1.0441
5.0769,1.0441
5.0774,1.0491
5.0779,1.0491
5.0785,1.0491
5.0790,1.0441
5.0795,1.0491
5.0800,1.0491
5.0805,1.0491
5.0811,1.0441
5.0816,1.0441
5.0821,1.0441
5.0826,1.0491
5.0832,1.0491
5.0837,1.0441
5.0842,1.0441
5.0847,1.0491
5.0853,1.0441
5.0858,1.0491
5.0863,1.0491
5.0868,1.0491
5.0873,1.0441
5.0879,1.0491
5.0884,1.0491
5.0889,1.0491
5.0894,1.0491
5.0900,1.0441
5.0905,1.0491
5.0910,1.0491
5.0915,1.0441
5.0921,1.0441
5.0926,1.0441
5.0931,1.0491
5.0936,1.0491
5.0941,1.0491
5.0947,1.0491
5.0952,1.0491
5.0957,1.0491
5.0962,1.0491
5.0968,1.0441
5.0973,1.0441
5.0978,1.0441
5.0983,1.0441
5.0989,1.0391
5.0994,1.0441
5.0999,1.0441
5.1004,1.0441
5.1009,1.0491
5.1015,1.0441
5.1020,1.0391
5.1025,1.0441
5.1030,1.0441
5.1036,1.0441
5.1041,1.0441
5.1046,1.0491
5.1051,1.0491
5.1057,1.0441
5.1062,1.0491
5.1067,1.0441
5.1072,1.0441
5.1077,1.0491
5.1083,1.0491
5.1088,1.0441
5.1093,1.0491
5.1099,1.0491
5.1105,1.0441
5.1111,1.0491
5.1116,1.0441
5.1122,1.0491
5.1128,1.0441
5.1134,1.0441
5.1139,1.0491
5.1145,1.0491
5.1150,1.0441
5.1156,1.0441
5.1162,1.0491
5.1167,1.0491
5.1173,1.0491
5.1178,1.0441
5.1183,1.0441
5.1188,1.0441
5.1194,1.0441
5.1199,1.0491
5.1204,1.0491
5.1210,1.0441
5.1215,1.0491
5.1221,1.0391
5.1226,1.0441
5.1232,1.0441
5.1238,1.0441
5.1243,1.0491
5.1251,1.0441
5.1256,1.0391
5.1261,1.0491
5.1266,1.0491
5.1272,1.0441
5.1277,1.0491
5.1282,1.0441
5.1288,1.0441
5.1293,1.0491
5.1298,1.0491
5.1303,1.0441
5.1309,1.0441
5.1314,1.0441
5.1320,1.0441
5.1325,1.0441
5.1330,1.0491
5.1335,1.0441
5.1341,1.0441
5.1346,1.0441
5.1351,1.0491
5.1356,1.0441
5.1362,1.0491
5.1367,1.0441
5.1372,1.0441
5.1377,1.0441
5.1382,1.0441
5.1388,1.0441
5.1393,1.0441
5.1398,1.0441
5.1403,1.0441
5.1409,1.0491
5.1414,1.0491
5.1419,1.0441
5.1424,1.0441
5.1430,1.0441
5.1435,1.0491
5.1440,1.0441
5.1445,1.0391
5.1451,1.0441
5.1456,1.0441
5.1461,1.0441
5.1466,1.0441
5.1472,1.0441
5.1477,1.0391
5.1482,1.0441
5.1488,1.0441
5.1493,1.0441
5.1498,1.0441
5.1503,1.0441
5.1509,1.0391
5.1514,1.0441
5.1519,1.0441
5.1524,1.0441
5.1530,1.0441
5.1535,1.0441
5.1540,1.0441
5.1545,1.0441
5.1551,1.0441
5.1556,1.0391
5.1561,1.0391
5.1566,1.0441
5.1572,1.0441
5.1577,1.0441
5.1582,1.0441
5.1587,1.0441
5.1593,1.0441
5.1598,1.0441
5.1603,1.0441
5.1608,1.0441
5.1613,1.0491
5.1619,1.0491
5.1624,1.0441
5.1629,1.0391
5.1634,1.0441
5.1640,1.0391
5.1645,1.0441
5.1650,1.0441
5.1655,1.0441
5.1661,1.0441
5.1666,1.0441
5.1671,1.0441
5.1676,1.0441
5.1682,1.0441
5.1687,1.0441
5.1692,1.0391
5.1697,1.0441
5.1702,1.0441
5.1708,1.0391
5.1713,1.0391
5.1718,1.0391
5.1723,1.0441
5.1729,1.0391
5.1734,1.0441
5.1739,1.0441
5.1744,1.0391
5.1750,1.0441
5.1755,1.0391
5.1760,1.0391
5.1765,1.0441
5.1770,1.0441
5.1776,1.0441
5.1781,1.0441
5.1786,1.0391
5.1792,1.0441
5.1797,1.0441
5.1802,1.0391
5.1807,1.0391
5.1812,1.0391
5.1818,1.0391
5.1823,1.0441
5.1828,1.0441
5.1833,1.0391
5.1839,1.0441
5.1844,1.0441
5.1849,1.0441
5.1854,1.0391
5.1860,1.0441
5.1865,1.0441
5.1870,1.0441
5.1875,1.0441
5.1880,1.0391
5.1886,1.0391
5.1891,1.0441
5.1896,1.0391
5.1901,1.0441
5.1907,1.0441
5.1912,1.0441
5.1917,1.0441
5.1922,1.0441
5.1928,1.0441
5.1933,1.0391
5.1938,1.0441
5.1943,1.0441
5.1948,1.0441
5.1954,1.0441
5.1959,1.0391
5.1964,1.0391
5.1969,1.0441
5.1975,1.0441
5.1980,1.0391
5.1985,1.0441
5.1990,1.0441
5.1996,1.0391
5.2001,1.0441
5.2006,1.0391
5.2011,1.0391
5.2016,1.0391
5.2022,1.0391
5.2027,1.0391
5.2032,1.0391
5.2037,1.0441
5.2043,1.0391
5.2048,1.0391
5.2053,1.0441
5.2058,1.0441
5.2063,1.0391
5.2069,1.0441
5.2074,1.0391
5.2079,1.0441
5.2084,1.0441
5.2090,1.0441
5.2095,1.0441
5.2100,1.0391
5.2105,1.0391
5.2111,1.0391
5.2116,1.0391
5.2121,1.0391
5.2126,1.0441
5.2131,1.0391
5.2137,1.0441
5.2142,1.0391
5.2147,1.0391
5.2152,1.0391
5.2158,1.0391
5.2163,1.0391
5.2169,1.0391
5.2174,1.0391
5.2179,1.0391
5.2184,1.0391
5.2190,1.0391
5.2195,1.0391
5.2201,1.0391
5.2206,1.0391
5.2211,1.0391
5.2216,1.0441
5.2231,1.0441
5.2236,1.0340
5.2242,1.0391
5.2247,1.0441
5.2252,1.0391
5.2258,1.0441
5.2263,1.0391
5.2268,1.0391
5.2274,1.0441
5.2279,1.0340
5.2290,1.0441
5.2295,1.0441
5.2300,1.0391
5.2306,1.0391
5.2311,1.0441
5.2316,1.0441
5.2322,1.0441
5.2327,1.0391
5.2332,1.0391
5.2338,1.0391
5.2343,1.0441
5.2349,1.0391
5.2354,1.0391
5.2360,1.0441
5.2366,1.0391
5.2371,1.0441
5.2377,1.0391
5.2383,1.0391
5.2388,1.0391
5.2393,1.0391
5.2398,1.0391
5.2404,1.0391
5.2409,1.0391
5.2414,1.0391
5.2419,1.0391
5.2424,1.0391
5.2430,1.0340
5.2435,1.0340
5.2440,1.0391
5.2445,1.0340
5.2451,1.0391
5.2456,1.0391
5.2461,1.0340
5.2466,1.0340
5.2472,1.0391
5.2477,1.0391
5.2482,1.0340
5.2487,1.0391
5.2492,1.0391
5.2498,1.0340
5.2503,1.0391
5.2508,1.0391
5.2513,1.0340
5.2519,1.0290
5.2524,1.0340
5.2529,1.0391
5.2534,1.0391
5.2539,1.0391
5.2545,1.0391
5.2550,1.0391
5.2555,1.0340
5.2560,1.0340
5.2565,1.0391
5.2571,1.0391
5.2576,1.0391
5.2581,1.0391
5.2586,1.0340
5.2592,1.0391
5.2597,1.0340
5.2602,1.0340
5.2607,1.0391
5.2612,1.0340
5.2618,1.0340
5.2623,1.0340
5.2628,1.0340
5.2633,1.0340
5.2638,1.0391
5.2644,1.0391
5.2649,1.0340
5.2654,1.0340
5.2659,1.0340
5.2665,1.0340
5.2670,1.0391
5.2675,1.0391
5.2680,1.0340
5.2685,1.0340
5.2691,1.0340
5.2696,1.0391
5.2701,1.0290
5.2706,1.0340
5.2711,1.0340
5.2717,1.0340
5.2722,1.0340
5.2727,1.0391
5.2732,1.0340
5.2738,1.0391
5.2743,1.0340
5.2748,1.0340
5.2753,1.0391
5.2758,1.0340
5.2764,1.0391
5.2769,1.0340
5.2774,1.0391
5.2779,1.0340
5.2785,1.0391
5.2790,1.0340
5.2795,1.0340
5.2800,1.0340
5.2805,1.0391
5.2811,1.0340
5.2816,1.0340
5.2821,1.0391
5.2826,1.0290
5.2831,1.0340
5.2837,1.0340
5.2842,1.0340
5.2847,1.0340
5.2852,1.0290
5.2858,1.0340
5.2863,1.0340
5.2868,1.0290
5.2873,1.0340
5.2878,1.0340
5.2884,1.0340
5.2889,1.0340
5.2894,1.0340
5.2899,1.0290
5.2905,1.0340
5.2910,1.0391
5.2915,1.0340
5.2920,1.0340
5.2925,1.0340
5.2931,1.0391
5.2936,1.0340
5.2941,1.0340
5.2946,1.0391
5.2951,1.0340
5.2957,1.0340
5.2962,1.0340
5.2967,1.0391
5.2972,1.0290
5.2978,1.0290
5.2983,1.0340
5.2988,1.0340
5.2993,1.0290
5.2998,1.0340
5.3004,1.0340
5.3009,1.0340
5.3014,1.0290
5.3019,1.0340
5.3024,1.0290
5.3030,1.0290
5.3035,1.0290
5.3040,1.0340
5.3045,1.0340
5.3050,1.0290
5.3056,1.0340
5.3061,1.0340
5.3066,1.0340
5.3071,1.0290
5.3077,1.0340
5.3082,1.0340
5.3087,1.0290
5.3092,1.0340
5.3097,1.0340
5.3103,1.0290
5.3108,1.0290
5.3113,1.0290
5.3118,1.0290
5.3123,1.0340
5.3129,1.0290
5.3134,1.0340
5.3139,1.0290
5.3144,1.0290
5.3150,1.0290
5.3155,1.0290
5.3160,1.0290
5.3165,1.0290
5.3171,1.0340
5.3176,1.0290
5.3181,1.0340
5.3186,1.0290
5.3192,1.0290
5.3197,1.0290
5.3202,1.0290
5.3207,1.0340
5.3212,1.0290
5.3218,1.0290
5.3223,1.0290
5.3228,1.0340
5.3233,1.0290
5.3239,1.0290
5.3244,1.0290
5.3249,1.0290
5.3254,1.0290
5.3260,1.0340
5.3265,1.0290
5.3270,1.0290
5.3275,1.0340
5.3280,1.0340
5.3286,1.0290
5.3291,1.0340
5.3296,1.0340
5.3301,1.0290
5.3307,1.0290
5.3312,1.0290
5.3317,1.0290
5.3322,1.0340
5.3328,1.0340
5.3333,1.0290
5.3338,1.0239
5.3343,1.0290
5.3348,1.0290
5.3354,1.0290
5.3359,1.0340
5.3364,1.0340
5.3369,1.0290
5.3375,1.0290
5.3380,1.0290
5.3385,1.0290
5.3390,1.0290
5.3396,1.0290
5.3401,1.0239
5.3406,1.0290
5.3411,1.0290
5.3416,1.0290
5.3422,1.0290
5.3427,1.0290
5.3432,1.0290
5.3437,1.0290
5.3443,1.0340
5.3448,1.0290
5.3453,1.0290
5.3458,1.0290
5.3464,1.0290
5.3469,1.0290
5.3474,1.0290
5.3479,1.0340
5.3485,1.0290
5.3490,1.0290
5.3495,1.0290
5.3500,1.0340
5.3505,1.0290
5.3511,1.0290
5.3516,1.0340
5.3521,1.0340
5.3526,1.0290
5.3532,1.0340
5.3537,1.0340
5.3542,1.0290
5.3547,1.0290
5.3552,1.0340
5.3558,1.0290
5.3563,1.0290
5.3568,1.0290
5.3573,1.0340
5.3578,1.0340
5.3584,1.0290
5.3589,1.0340
5.3594,1.0290
5.3599,1.0290
5.3605,1.0340
5.3610,1.0340
5.3615,1.0340
5.3620,1.0340
5.3625,1.0340
5.3631,1.0290
5.3636,1.0290
5.3641,1.0340
5.3646,1.0340
5.3651,1.0290
5.3657,1.0340
5.3662,1.0340
5.3667,1.0340
5.3672,1.0340
5.3678,1.0290
5.3683,1.0340
5.3688,1.0340
5.3693,1.0340
5.3698,1.0391
5.3704,1.0340
5.3709,1.0340
5.3714,1.0340
5.3719,1.0340
5.3724,1.0391
5.3730,1.0391
5.3735,1.0391
5.3740,1.0391
5.3745,1.0391
5.3751,1.0391
5.3756,1.0340
5.3761,1.0340
5.3766,1.0391
5.3771,1.0391
5.3777,1.0340
5.3782,1.0391
5.3787,1.0340
5.3792,1.0391
5.3798,1.0340
5.3803,1.0391
5.3808,1.0391
5.3813,1.0391
5.3818,1.0441
5.3824,1.0441
5.3829,1.0391
5.3834,1.0441
5.3839,1.0441
5.3845,1.0441
5.3850,1.0391
5.3855,1.0441
5.3860,1.0340
5.3865,1.0391
5.3871,1.0391
5.3876,1.0441
5.3881,1.0441
5.3886,1.0441
5.3892,1.0441
5.3897,1.0391
5.3902,1.0491
5.3907,1.0441
5.3913,1.0441
5.3918,1.0441
5.3923,1.0441
5.3928,1.0441
5.3933,1.0491
5.3939,1.0441
5.3944,1.0441
5.3949,1.0441
5.3954,1.0441
5.3960,1.0441
5.3965,1.0441
5.3970,1.0491
5.3975,1.0441
5.4010,1.0491
5.4016,1.0491
5.4021,1.0441
5.4026,1.0441
5.4031,1.0491
5.4037,1.0491
5.4042,1.0491
5.4047,1.0491
5.4052,1.0491
5.4057,1.0491
5.4063,1.0491
5.4068,1.0542
5.4073,1.0542
5.4078,1.0542
5.4083,1.0542
5.4089,1.0491
5.4094,1.0542
5.4099,1.0441
5.4104,1.0491
5.4110,1.0542
5.4115,1.0491
5.4120,1.0542
5.4125,1.0491
5.4130,1.0491
5.4136,1.0542
5.4141,1.0491
5.4146,1.0491
5.4151,1.0491
5.4157,1.0542
5.4162,1.0542
5.4167,1.0542
5.4172,1.0542
5.4177,1.0491
5.4183,1.0491
5.4188,1.0491
5.4193,1.0542
5.4198,1.0542
5.4204,1.0491
5.4209,1.0491
5.4214,1.0542
5.4219,1.0542
5.4224,1.0592
5.4230,1.0491
5.4235,1.0542
5.4240,1.0542
5.4245,1.0592
5.4251,1.0542
5.4256,1.0542
5.4262,1.0542
5.4268,1.0592
5.4274,1.0542
5.4279,1.0491
5.4285,1.0542
5.4290,1.0542
5.4296,1.0491
5.4302,1.0542
5.4307,1.0592
5.4313,1.0542
5.4318,1.0592
5.4323,1.0542
5.4329,1.0542
5.4334,1.0542
5.4339,1.0542
5.4344,1.0542
5.4350,1.0592
5.4355,1.0491
5.4360,1.0542
5.4365,1.0542
5.4370,1.0542
5.4376,1.0542
5.4381,1.0592
5.4386,1.0542
5.4391,1.0592
5.4397,1.0592
5.4402,1.0643
5.4407,1.0592
5.4412,1.0592
5.4417,1.0592
5.4423,1.0592
5.4428,1.0542
5.4433,1.0592
5.4438,1.0592
5.4444,1.0542
5.4449,1.0592
5.4454,1.0542
5.4459,1.0592
5.4464,1.0542
5.4470,1.0592
5.4475,1.0592
5.4481,1.0542
5.4486,1.0542
5.4491,1.0592
5.4497,1.0592
5.4502,1.0592
5.4507,1.0592
5.4512,1.0592
5.4517,1.0542
5.4523,1.0592
5.4528,1.0592
5.4533,1.0542
5.4538,1.0592
5.4544,1.0592
5.4549,1.0542
5.4554,1.0592
5.4559,1.0592
5.4565,1.0592
5.4570,1.0542
5.4575,1.0592
5.4580,1.0542
5.4585,1.0542
5.4591,1.0592
5.4596,1.0592
5.4601,1.0592
5.4606,1.0592
5.4612,1.0592
5.4617,1.0592
5.4622,1.0592
5.4627,1.0592
5.4633,1.0592
5.4638,1.0592
5.4643,1.0592
5.4648,1.0542
5.4653,1.0592
5.4659,1.0542
5.4664,1.0592
5.4669,1.0592
5.4674,1.0592
5.4680,1.0592
5.4685,1.0592
5.4690,1.0542
5.4695,1.0643
5.4701,1.0592
5.4706,1.0592
5.4711,1.0592
5.4716,1.0643
5.4721,1.0592
5.4727,1.0643
5.4732,1.0643
5.4737,1.0592
5.4742,1.0542
5.4748,1.0592
5.4753,1.0592
5.4758,1.0592
5.4763,1.0643
5.4769,1.0592
5.4774,1.0592
5.4779,1.0592
5.4784,1.0592
5.4789,1.0643
5.4795,1.0592
5.4800,1.0592
5.4805,1.0592
5.4810,1.0592
5.4816,1.0592
5.4821,1.0592
5.4826,1.0592
5.4831,1.0592
5.4837,1.0592
5.4842,1.0592
5.4847,1.0542
5.4852,1.0592
5.4857,1.0592
5.4863,1.0592
5.4868,1.0592
5.4873,1.0592
5.4878,1.0592
5.4884,1.0542
5.4889,1.0592
5.4894,1.0592
5.4900,1.0592
5.4905,1.0592
5.4910,1.0592
5.4915,1.0592
5.4920,1.0592
5.4926,1.0592
5.4931,1.0592
5.4936,1.0592
5.4941,1.0592
5.4947,1.0592
5.4952,1.0592
5.4957,1.0592
5.4962,1.0592
5.4968,1.0592
5.4973,1.0592
5.4978,1.0592
5.4983,1.0592
5.4988,1.0592
5.4994,1.0592
5.4999,1.0643
5.5004,1.0592
5.5009,1.0592
5.5015,1.0592
5.5020,1.0592
5.5025,1.0542
5.5030,1.0592
5.5036,1.0592
5.5041,1.0592
5.5046,1.0643
5.5051,1.0592
5.5056,1.0592
5.5062,1.0542
5.5067,1.0592
5.5072,1.0592
5.5077,1.0592
5.5083,1.0592
5.5088,1.0592
5.5093,1.0592
5.5098,1.0592
5.5104,1.0592
5.5109,1.0592
5.5114,1.0592
5.5119,1.0592
5.5124,1.0592
5.5130,1.0592
5.5135,1.0592
5.5140,1.0592
5.5145,1.0592
5.5151,1.0592
5.5156,1.0592
5.5161,1.0542
5.5166,1.0592
5.5172,1.0592
5.5177,1.0542
5.5182,1.0592
5.5187,1.0592
5.5193,1.0592
5.5198,1.0592
5.5203,1.0592
5.5208,1.0592
5.5214,1.0542
5.5219,1.0592
5.5224,1.0592
5.5229,1.0592
5.5234,1.0592
5.5240,1.0592
5.5245,1.0592
5.5250,1.0592
5.5255,1.0643
5.5261,1.0592
5.5266,1.0643
5.5271,1.0643
5.5276,1.0592
5.5282,1.0592
5.5287,1.0542
5.5292,1.0592
5.5297,1.0592
5.5302,1.0592
5.5308,1.0592
5.5313,1.0592
5.5318,1.0592
5.5323,1.0643
5.5329,1.0592
5.5334,1.0592
5.5339,1.0592
5.5344,1.0592
5.5350,1.0592
5.5355,1.0592
5.5360,1.0592
5.5365,1.0592
5.5371,1.0592
5.5376,1.0592
5.5381,1.0592
5.5386,1.0592
5.5391,1.0542
5.5397,1.0592
5.5402,1.0542
5.5407,1.0592
5.5412,1.0592
5.5418,1.0592
5.5423,1.0592
5.5428,1.0643
5.5433,1.0643
5.5439,1.0592
5.5444,1.0643
5.5449,1.0592
5.5454,1.0643
5.5460,1.0592
5.5465,1.0592
5.5470,1.0592
5.5475,1.0592
5.5480,1.0592
5.5486,1.0592
5.5491,1.0542
5.5496,1.0592
5.5501,1.0592
5.5507,1.0592
5.5512,1.0592
5.5517,1.0592
5.5522,1.0592
5.5527,1.0592
5.5533,1.0592
5.5538,1.0592
5.5543,1.0491
5.5548,1.0592
5.5553,1.0592
5.5559,1.0592
5.5564,1.0592
5.5569,1.0542
5.5574,1.0592
5.5580,1.0542
5.5585,1.0542
5.5590,1.0542
5.5595,1.0542
5.5600,1.0592
5.5606,1.0592
5.5611,1.0592
5.5616,1.0592
5.5621,1.0592
5.5626,1.0542
5.5632,1.0592
5.5637,1.0542
5.5642,1.0592
5.5647,1.0592
5.5653,1.0592
5.5658,1.0592
5.5663,1.0592
5.5668,1.0592
5.5673,1.0592
5.5679,1.0592
5.5684,1.0592
5.5689,1.0592
5.5694,1.0592
5.5699,1.0592
5.5705,1.0592
5.5710,1.0592
5.5715,1.0542
5.5720,1.0542
5.5726,1.0542
5.5731,1.0592
5.5736,1.0542
5.5741,1.0592
5.5746,1.0542
5.5752,1.0542
5.5757,1.0542
5.5762,1.0542
5.5767,1.0592
5.5772,1.0592
5.5778,1.0592
5.5783,1.0592
5.5788,1.0542
5.5793,1.0491
5.5799,1.0542
5.5804,1.0542
5.5809,1.0542
5.5814,1.0592
5.5819,1.0542
5.5825,1.0592
5.5830,1.0592
5.5835,1.0542
5.5840,1.0542
5.5846,1.0592
5.5851,1.0542
5.5856,1.0542
5.5861,1.0542
5.5867,1.0592
5.5872,1.0592
5.5877,1.0542
5.5882,1.0542
5.5887,1.0542
5.5893,1.0542
5.5898,1.0592
5.5903,1.0542
5.5908,1.0542
5.5913,1.0592
5.5919,1.0542
5.5924,1.0542
5.5929,1.0542
5.5934,1.0542
5.5939,1.0592
5.5945,1.0542
5.5950,1.0542
5.5955,1.0542
5.5960,1.0542
5.5966,1.0542
5.5971,1.0542
5.5976,1.0542
5.5981,1.0542
5.5987,1.0542
5.5992,1.0592
5.5997,1.0542
5.6002,1.0542
5.6008,1.0542
5.6013,1.0542
5.6018,1.0491
5.6023,1.0491
5.6028,1.0491
5.6034,1.0491
5.6039,1.0542
5.6044,1.0542
5.6049,1.0542
5.6055,1.0542
5.6060,1.0491
5.6065,1.0491
5.6070,1.0542
5.6076,1.0542
5.6081,1.0542
5.6086,1.0542
5.6091,1.0592
5.6096,1.0491
5.6102,1.0542
5.6108,1.0542
5.6113,1.0542
5.6119,1.0542
5.6125,1.0542
5.6130,1.0491
5.6136,1.0491
5.6141,1.0491
5.6147,1.0542
5.6153,1.0542
5.6158,1.0491
5.6163,1.0542
5.6169,1.0491
5.6174,1.0542
5.6179,1.0542
5.6184,1.0491
5.6190,1.0542
5.6195,1.0491
5.6200,1.0542
5.6206,1.0542
5.6211,1.0491
5.6217,1.0491
5.6224,1.0542
5.6230,1.0491
5.6235,1.0542
5.6241,1.0542
5.6246,1.0542
5.6252,1.0491
5.6257,1.0491
5.6262,1.0542
5.6268,1.0491
5.6273,1.0491
5.6278,1.0491
5.6283,1.0542
5.6289,1.0542
5.6294,1.0542
5.6299,1.0542
5.6304,1.0491
5.6310,1.0441
5.6315,1.0491
5.6320,1.0542
5.6326,1.0542
5.6331,1.0491
5.6336,1.0491
5.6341,1.0491
5.6347,1.0491
5.6352,1.0491
5.6357,1.0491
5.6362,1.0441
5.6368,1.0491
5.6373,1.0542
5.6378,1.0491
5.6383,1.0491
5.6388,1.0491
5.6394,1.0491
5.6399,1.0491
5.6404,1.0491
5.6409,1.0491
5.6415,1.0491
5.6420,1.0491
5.6425,1.0491
5.6430,1.0491
5.6436,1.0441
5.6441,1.0491
5.6446,1.0491
5.6451,1.0491
5.6456,1.0491
5.6462,1.0491
5.6467,1.0491
5.6472,1.0491
5.6478,1.0491
5.6483,1.0542
5.6488,1.0441
5.6493,1.0491
5.6499,1.0441
5.6504,1.0491
5.6509,1.0491
5.6515,1.0491
5.6520,1.0491
5.6525,1.0491
5.6530,1.0441
5.6535,1.0441
5.6541,1.0491
5.6546,1.0441
5.6551,1.0491
5.6557,1.0491
5.6562,1.0441
5.6567,1.0491
5.6572,1.0441
5.6578,1.0491
5.6583,1.0491
5.6588,1.0491
5.6593,1.0491
5.6598,1.0491
5.6604,1.0441
5.6609,1.0491
5.6614,1.0491
5.6619,1.0491
5.6625,1.0491
5.6630,1.0441
5.6635,1.0491
5.6640,1.0491
5.6645,1.0391
5.6651,1.0441
5.6656,1.0491
5.6661,1.0491
5.6666,1.0491
5.6672,1.0491
5.6677,1.0491
5.6682,1.0441
5.6687,1.0491
5.6693,1.0491
5.6698,1.0491
5.6703,1.0491
5.6708,1.0491
5.6713,1.0491
5.6719,1.0491
5.6724,1.0441
5.6729,1.0441
5.6734,1.0441
5.6740,1.0441
5.6745,1.0441
5.6750,1.0441
5.6755,1.0441
5.6761,1.0491
5.6766,1.0491
5.6771,1.0491
5.6776,1.0441
5.6781,1.0491
5.6787,1.0441
5.6792,1.0441
5.6797,1.0491
5.6802,1.0441
5.6808,1.0491
5.6813,1.0491
5.6818,1.0491
5.6823,1.0491
5.6828,1.0441
5.6834,1.0491
5.6839,1.0441
5.6844,1.0491
5.6849,1.0441
5.6855,1.0491
5.6860,1.0491
5.6865,1.0491
5.6870,1.0491
5.6876,1.0542
5.6881,1.0441
5.6886,1.0491
5.6891,1.0441
5.6896,1.0441
5.6902,1.0491
5.6907,1.0391
5.6912,1.0391
5.6917,1.0441
5.6923,1.0491
5.6928,1.0491
5.6933,1.0491
5.6938,1.0441
5.6944,1.0441
5.6949,1.0491
5.6954,1.0441
5.6959,1.0441
5.6964,1.0441
5.6970,1.0441
5.6975,1.0491
5.6980,1.0441
5.6985,1.0441
5.6991,1.0491
5.6996,1.0491
5.7001,1.0491
5.7006,1.0441
5.7012,1.0491
5.7017,1.0441
5.7022,1.0441
5.7027,1.0491
5.7032,1.0441
5.7038,1.0441
5.7043,1.0491
5.7048,1.0441
5.7053,1.0441
5.7059,1.0441
5.7064,1.0441
5.7069,1.0391
5.7074,1.0491
5.7079,1.0441
5.7085,1.0441
5.7090,1.0441
5.7095,1.0441
5.7100,1.0491
5.7106,1.0441
5.7111,1.0441
5.7116,1.0441
5.7121,1.0441
5.7127,1.0491
5.7132,1.0491
5.7137,1.0441
5.7142,1.0441
5.7147,1.0441
5.7153,1.0441
5.7158,1.0441
5.7163,1.0491
5.7169,1.0491
5.7174,1.0441
5.7179,1.0441
5.7184,1.0441
5.7189,1.0441
5.7195,1.0441
5.7200,1.0441
5.7205,1.0441
5.7210,1.0491
5.7216,1.0491
5.7221,1.0491
5.7226,1.0491
5.7231,1.0441
5.7236,1.0441
5.7242,1.0441
5.7247,1.0391
5.7252,1.0441
5.7257,1.0491
5.7263,1.0441
5.7269,1.0491
5.7274,1.0441
5.7280,1.0491
5.7285,1.0441
5.7291,1.0441
5.7296,1.0491
5.7302,1.0441
5.7307,1.0441
5.7313,1.0441
5.7318,1.0441
5.7324,1.0441
5.7329,1.0391
5.7335,1.0441
5.7340,1.0491
5.7346,1.0391
5.7351,1.0441
5.7357,1.0491
5.7362,1.0441
5.7367,1.0441
5.7373,1.0441
5.7378,1.0441
5.7384,1.0491
5.7389,1.0491
5.7395,1.0441
5.7400,1.0441
5.7406,1.0441
5.7411,1.0441
5.7417,1.0441
5.7422,1.0441
5.7428,1.0441
5.7433,1.0441
5.7439,1.0441
5.7444,1.0441
5.7450,1.0491
5.7455,1.0491
5.7461,1.0441
5.7466,1.0441
5.7472,1.0491
5.7477,1.0441
5.7483,1.0441
5.7488,1.0441
5.7494,1.0441
5.7499,1.0441
5.7505,1.0441
5.7510,1.0441
5.7516,1.0391
5.7521,1.0441
5.7527,1.0441
5.7532,1.0391
5.7538,1.0441
5.7543,1.0441
5.7549,1.0441
5.7554,1.0491
5.7560,1.0391
5.7565,1.0441
5.7571,1.0491
5.7576,1.0391
5.7582,1.0441
5.7587,1.0441
5.7593,1.0391
5.7598,1.0391
5.7604,1.0441
5.7609,1.0441
5.7615,1.0441
5.7620,1.0441
5.7626,1.0441
5.7631,1.0441
5.7637,1.0441
5.7642,1.0441
5.7648,1.0441
5.7653,1.0441
5.7659,1.0441
5.7664,1.0391
5.7670,1.0491
5.7675,1.0441
5.7681,1.0441
5.7686,1.0441
5.7692,1.0441
5.7697,1.0491
5.7703,1.0441
5.7708,1.0441
5.7714,1.0441
5.7719,1.0441
5.7725,1.0441
5.7730,1.0441
5.7736,1.0391
5.7741,1.0441
5.7746,1.0441
5.7752,1.0441
5.7757,1.0441
5.7763,1.0441
5.7768,1.0441
5.7774,1.0441
5.7779,1.0441
5.7785,1.0491
5.7790,1.0441
5.7796,1.0441
5.7801,1.0441
5.7807,1.0441
5.7812,1.0441
5.7818,1.0441
5.7823,1.0491
5.7829,1.0441
5.7834,1.0391
5.7840,1.0441
5.7845,1.0391
5.7851,1.0491
5.7857,1.0441
5.7862,1.0441
5.7868,1.0441
5.7873,1.0391
5.7879,1.0441
5.7884,1.0391
5.7890,1.0441
5.7895,1.0441
5.7900,1.0441
5.7906,1.0391
5.7911,1.0441
5.7917,1.0441
5.7922,1.0441
5.7928,1.0441
5.7933,1.0441
5.7939,1.0391
5.7944,1.0441
5.7950,1.0391
5.7955,1.0441
5.7961,1.0391
5.7966,1.0391
5.7972,1.0441
5.7977,1.0391
5.7983,1.0441
5.7988,1.0441
5.7994,1.0441
5.7999,1.0491
5.8005,1.0441
5.8010,1.0391
5.8016,1.0391
5.8021,1.0441
5.8027,1.0441
5.8032,1.0441
5.8038,1.0391
5.8043,1.0441
5.8049,1.0441
5.8054,1.0391
5.8060,1.0391
5.8065,1.0441
5.8071,1.0391
5.8076,1.0441
5.8082,1.0391
5.8087,1.0441
5.8093,1.0441
5.8098,1.0391
5.8104,1.0391
5.8109,1.0391
5.8115,1.0441
5.8120,1.0441
5.8126,1.0391
5.8131,1.0441
5.8136,1.0391
5.8142,1.0441
5.8148,1.0391
5.8153,1.0441
5.8159,1.0391
5.8164,1.0391
5.8169,1.0441
5.8175,1.0391
5.8180,1.0391
5.8186,1.0391
5.8191,1.0441
5.8197,1.0391
5.8202,1.0441
5.8208,1.0391
5.8213,1.0441
5.8219,1.0441
5.8224,1.0391
5.8230,1.0391
5.8235,1.0441
5.8241,1.0391
5.8247,1.0441
5.8252,1.0391
5.8258,1.0391
5.8263,1.0391
5.8269,1.0391
5.8274,1.0391
5.8280,1.0391
5.8285,1.0391
5.8291,1.0391
5.8296,1.0441
5.8302,1.0441
5.8307,1.0391
5.8313,1.0391
5.8318,1.0391
5.8324,1.0391
5.8329,1.0441
5.8335,1.0441
5.8340,1.0391
5.8346,1.0391
5.8351,1.0391
5.8357,1.0441
5.8362,1.0391
5.8368,1.0391
5.8373,1.0391
5.8379,1.0391
5.8384,1.0391
5.8390,1.0391
5.8395,1.0391
5.8401,1.0391
5.8406,1.0391
5.8412,1.0391
5.8417,1.0441
5.8423,1.0391
5.8428,1.0391
5.8434,1.0391
5.8439,1.0391
5.8445,1.0391
5.8450,1.0391
5.8456,1.0441
5.8461,1.0391
5.8467,1.0391
5.8472,1.0441
5.8478,1.0391
5.8483,1.0391
5.8489,1.0391
5.8494,1.0391
5.8500,1.0441
5.8505,1.0391
5.8511,1.0391
5.8516,1.0391
5.8522,1.0391
5.8527,1.0391
5.8533,1.0391
5.8538,1.0340
5.8544,1.0391
5.8549,1.0391
5.8555,1.0391
5.8561,1.0391
5.8566,1.0340
5.8572,1.0391
5.8577,1.0391
5.8583,1.0391
5.8588,1.0391
5.8594,1.0391
5.8599,1.0391
5.8605,1.0340
5.8610,1.0391
5.8616,1.0391
5.8621,1.0340
5.8627,1.0391
5.8632,1.0391
5.8638,1.0391
5.8643,1.0340
5.8649,1.0391
5.8654,1.0391
5.8660,1.0340
5.8665,1.0340
5.8671,1.0391
5.8676,1.0391
5.8682,1.0340
5.8687,1.0391
5.8693,1.0391
5.8698,1.0340
5.8704,1.0391
5.8709,1.0391
5.8715,1.0340
5.8720,1.0340
5.8726,1.0391
5.8731,1.0340
5.8737,1.0391
5.8742,1.0391
5.8748,1.0391
5.8753,1.0391
5.8759,1.0391
5.8764,1.0340
5.8770,1.0391
5.8775,1.0391
5.8781,1.0391
5.8786,1.0441
5.8792,1.0391
5.8797,1.0391
5.8803,1.0391
5.8808,1.0391
5.8814,1.0391
5.8819,1.0391
5.8825,1.0391
5.8830,1.0340
5.8836,1.0340
5.8841,1.0340
5.8847,1.0391
5.8852,1.0340
5.8858,1.0340
5.8863,1.0340
5.8869,1.0391
5.8874,1.0391
5.8880,1.0391
5.8885,1.0340
5.8891,1.0340
5.8896,1.0391
5.8902,1.0340
5.8907,1.0391
5.8913,1.0391
5.8918,1.0340
5.8924,1.0340
5.8929,1.0391
5.8935,1.0290
5.8940,1.0340
5.8946,1.0391
5.8951,1.0391
5.8957,1.0340
5.8962,1.0340
5.8968,1.0340
5.8973,1.0340
5.8979,1.0340
5.8984,1.0340
5.8990,1.0391
5.8995,1.0340
5.9001,1.0340
5.9006,1.0340
5.9012,1.0340
5.9017,1.0340
5.9023,1.0290
5.9028,1.0340
5.9034,1.0340
5.9039,1.0340
5.9045,1.0340
5.9050,1.0340
5.9056,1.0340
5.9061,1.0340
5.9067,1.0290
5.9072,1.0340
5.9078,1.0340
5.9083,1.0340
5.9089,1.0340
5.9094,1.0290
5.9100,1.0340
5.9105,1.0340
5.9111,1.0340
5.9116,1.0391
5.9122,1.0340
5.9127,1.0340
5.9133,1.0340
5.9138,1.0340
5.9144,1.0391
5.9149,1.0340
5.9155,1.0340
5.9160,1.0290
5.9166,1.0340
5.9171,1.0290
5.9177,1.0340
5.9182,1.0290
5.9188,1.0290
5.9193,1.0340
5.9199,1.0340
5.9204,1.0340
5.9210,1.0340
5.9215,1.0340
5.9221,1.0340
5.9226,1.0340
5.9232,1.0290
5.9237,1.0340
5.9243,1.0340
5.9248,1.0340
5.9254,1.0340
5.9259,1.0290
5.9265,1.0340
5.9270,1.0340
5.9276,1.0340
5.9282,1.0340
5.9287,1.0340
5.9293,1.0340
5.9298,1.0340
5.9304,1.0290
5.9309,1.0340
5.9315,1.0340
5.9320,1.0290
5.9326,1.0340
5.9331,1.0340
5.9337,1.0340
5.9342,1.0340
5.9348,1.0290
5.9353,1.0340
5.9359,1.0290
5.9364,1.0391
5.9370,1.0290
5.9375,1.0340
5.9381,1.0290
5.9386,1.0290
5.9392,1.0290
5.9397,1.0290
5.9403,1.0340
5.9408,1.0340
5.9414,1.0340
5.9419,1.0290
5.9425,1.0290
5.9430,1.0290
5.9436,1.0340
5.9441,1.0290
5.9447,1.0290
5.9452,1.0290
5.9458,1.0340
5.9463,1.0340
5.9469,1.0290
5.9474,1.0290
5.9480,1.0340
5.9485,1.0340
5.9491,1.0340
5.9496,1.0290
5.9502,1.0290
5.9507,1.0290
5.9513,1.0340
5.9518,1.0340
5.9524,1.0290
5.9529,1.0290
5.9535,1.0290
5.9540,1.0290
5.9546,1.0290
5.9551,1.0290
5.9557,1.0290
5.9562,1.0290
5.9568,1.0290
5.9573,1.0290
5.9579,1.0340
5.9584,1.0290
5.9590,1.0340
5.9595,1.0290
5.9601,1.0290
5.9606,1.0290
5.9612,1.0340
5.9617,1.0290
5.9623,1.0290
5.9628,1.0290
5.9634,1.0290
5.9639,1.0239
5.9645,1.0290
5.9650,1.0290
5.9655,1.0290
5.9661,1.0340
5.9666,1.0290
5.9672,1.0340
5.9677,1.0290
5.9683,1.0239
5.9688,1.0290
5.9694,1.0290
5.9699,1.0290
5.9705,1.0290
5.9710,1.0290
5.9716,1.0290
5.9721,1.0290
5.9727,1.0290
5.9732,1.0290
5.9738,1.0290
5.9743,1.0290
5.9749,1.0290
5.9754,1.0290
5.9760,1.0290
5.9765,1.0340
5.9771,1.0290
5.9776,1.0290
5.9782,1.0290
5.9787,1.0290
5.9793,1.0290
5.9798,1.0290
5.9804,1.0290
5.9809,1.0239
5.9815,1.0290
5.9820,1.0239
5.9826,1.0340
5.9831,1.0290
5.9837,1.0290
5.9842,1.0290
5.9848,1.0290
5.9853,1.0290
5.9859,1.0290
5.9864,1.0290
5.9870,1.0290
5.9875,1.0290
5.9881,1.0290
5.9886,1.0189
5.9892,1.0290
5.9897,1.0290
5.9903,1.0290
5.9908,1.0239
5.9914,1.0290
5.9919,1.0290
5.9925,1.0290
5.9930,1.0290
5.9936,1.0239
5.9941,1.0290
5.9947,1.0239
5.9953,1.0290
5.9958,1.0290
5.9964,1.0290
5.9969,1.0239
5.9975,1.0239
5.9980,1.0239
5.9986,1.0290
5.9991,1.0290
5.9997,1.0290
6.0002,1.0239
6.0008,1.0239
6.0013,1.0290
6.0019,1.0290
6.0024,1.0290
6.0030,1.0290
6.0035,1.0239
6.0041,1.0290
6.0046,1.0290
6.0052,1.0290
6.0057,1.0189
6.0063,1.0239
6.0068,1.0239
6.0074,1.0239
6.0079,1.0239
6.0085,1.0290
6.0090,1.0290
6.0096,1.0239
6.0101,1.0239
6.0107,1.0239
6.0112,1.0290
6.0118,1.0290
6.0123,1.0290
6.0129,1.0239
6.0134,1.0290
6.0140,1.0239
6.0145,1.0239
6.0151,1.0239
6.0156,1.0239
6.0161,1.0239
6.0167,1.0290
6.0172,1.0290
6.0178,1.0239
6.0183,1.0239
6.0189,1.0239
6.0194,1.0239
6.0200,1.0239
6.0205,1.0239
6.0211,1.0290
6.0216,1.0239
6.0221,1.0239
6.0227,1.0239
6.0232,1.0239
6.0238,1.0239
6.0243,1.0290
6.0250,1.0239
6.0257,1.0239
6.0263,1.0239
6.0269,1.0239
6.0275,1.0189
6.0281,1.0239
6.0288,1.0189
6.0294,1.0239
6.0301,1.0239
6.0307,1.0239
6.0313,1.0239
6.0318,1.0239
6.0324,1.0239
6.0330,1.0239
6.0336,1.0189
6.0341,1.0290
6.0347,1.0239
6.0353,1.0239
6.0359,1.0239
6.0365,1.0239
6.0370,1.0290
6.0376,1.0239
6.0382,1.0239
6.0387,1.0290
6.0393,1.0290
6.0398,1.0189
6.0404,1.0290
6.0409,1.0239
6.0415,1.0239
6.0420,1.0239
6.0426,1.0239
6.0431,1.0239
6.0437,1.0239
6.0442,1.0239
6.0448,1.0239
6.0453,1.0290
6.0459,1.0290
6.0464,1.0290
6.0470,1.0290
6.0475,1.0290
6.0488,1.0239
6.0493,1.0239
6.0499,1.0239
6.0504,1.0290
6.0510,1.0290
6.0515,1.0239
6.0521,1.0239
6.0526,1.0290
6.0532,1.0290
6.0537,1.0290
6.0543,1.0290
6.0548,1.0239
6.0554,1.0290
6.0559,1.0239
6.0564,1.0290
6.0570,1.0290
6.0575,1.0290
6.0581,1.0290
6.0586,1.0290
6.0592,1.0290
6.0597,1.0290
6.0603,1.0340
6.0608,1.0239
6.0614,1.0290
6.0619,1.0290
6.0624,1.0290
6.0630,1.0290
6.0635,1.0290
6.0641,1.0290
6.0647,1.0290
6.0652,1.0290
6.0658,1.0290
6.0663,1.0290
6.0669,1.0340
6.0675,1.0290
6.0680,1.0340
6.0686,1.0340
6.0691,1.0340
6.0696,1.0340
6.0702,1.0290
6.0707,1.0340
6.0713,1.0340
6.0718,1.0391
6.0724,1.0340
6.0729,1.0340
6.0735,1.0340
6.0740,1.0340
6.0746,1.0340
6.0751,1.0391
6.0757,1.0340
6.0762,1.0391
6.0768,1.0340
6.0773,1.0391
6.0779,1.0391
6.0784,1.0340
6.0790,1.0391
6.0795,1.0391
6.0801,1.0391
6.0806,1.0391
6.0812,1.0391
6.0817,1.0391
6.0823,1.0391
6.0828,1.0391
6.0834,1.0391
6.0839,1.0391
6.0845,1.0391
6.0850,1.0391
6.0856,1.0441
6.0861,1.0441
6.0867,1.0340
6.0872,1.0391
6.0878,1.0391
6.0883,1.0441
6.0889,1.0441
6.0894,1.0441
6.0900,1.0441
6.0905,1.0391
6.0911,1.0441
6.0916,1.0391
6.0922,1.0441
6.0927,1.0391
6.0933,1.0441
6.0938,1.0441
6.0944,1.0441
6.0949,1.0441
6.0955,1.0441
6.0960,1.0441
6.0966,1.0441
6.0971,1.0441
6.0977,1.0441
6.0982,1.0441
6.0987,1.0441
6.0993,1.0491
6.0998,1.0491
6.1004,1.0491
6.1009,1.0441
6.1015,1.0491
6.1020,1.0441
6.1026,1.0491
6.1031,1.0491
6.1037,1.0491
6.1042,1.0491
6.1048,1.0491
6.1053,1.0491
6.1059,1.0441
6.1064,1.0491
6.1070,1.0491
6.1075,1.0491
6.1081,1.0491
6.1086,1.0491
6.1092,1.0542
6.1097,1.0491
6.1103,1.0491
6.1109,1.0491
6.1115,1.0491
6.1121,1.0491
6.1127,1.0491
6.1133,1.0542
6.1139,1.0491
6.1145,1.0491
6.1151,1.0491
6.1157,1.0491
6.1162,1.0491
6.1168,1.0491
6.1174,1.0542
6.1179,1.0491
6.1185,1.0542
6.1191,1.0491
6.1197,1.0542
6.1202,1.0491
6.1208,1.0491
6.1213,1.0542
6.1219,1.0542
6.1224,1.0542
6.1230,1.0542
6.1235,1.0542
6.1241,1.0542
6.1247,1.0542
6.1252,1.0542
6.1258,1.0592
6.1263,1.0542
6.1269,1.0542
6.1274,1.0491
6.1280,1.0542
6.1286,1.0542
6.1291,1.0542
6.1297,1.0542
6.1303,1.0542
6.1308,1.0542
6.1317,1.0542
6.1322,1.0542
6.1328,1.0542
6.1334,1.0542
6.1342,1.0542
6.1348,1.0592
6.1354,1.0542
6.1359,1.0592
6.1365,1.0542
6.1370,1.0542
6.1376,1.0542
6.1382,1.0542
6.1387,1.0542
6.1392,1.0592
6.1398,1.0542
6.1403,1.0542
6.1409,1.0542
6.1414,1.0542
6.1419,1.0491
6.1425,1.0592
6.1430,1.0542
6.1436,1.0542
6.1441,1.0592
6.1447,1.0542
6.1452,1.0542
6.1457,1.0592
6.1463,1.0542
6.1468,1.0542
6.1474,1.0592
6.1479,1.0542
6.1485,1.0592
6.1491,1.0542
6.1496,1.0542
6.1502,1.0542
6.1507,1.0542
6.1512,1.0592
6.1518,1.0592
6.1523,1.0542
6.1529,1.0592
6.1534,1.0542
6.1539,1.0592
6.1545,1.0542
6.1550,1.0592
6.1556,1.0542
6.1561,1.0491
6.1566,1.0592
6.1572,1.0542
6.1577,1.0592
6.1583,1.0542
6.1588,1.0592
6.1593,1.0592
6.1599,1.0542
6.1604,1.0542
6.1610,1.0542
6.1615,1.0542
6.1620,1.0592
6.1626,1.0542
6.1631,1.0592
6.1637,1.0592
6.1642,1.0542
6.1647,1.0542
6.1653,1.0542
6.1658,1.0592
6.1664,1.0592
6.1669,1.0542
6.1675,1.0592
6.1680,1.0542
6.1685,1.0592
6.1691,1.0542
6.1696,1.0592
6.1702,1.0592
6.1707,1.0542
6.1712,1.0592
6.1718,1.0542
6.1723,1.0592
6.1729,1.0592
6.1734,1.0592
6.1739,1.0592
6.1745,1.0542
6.1750,1.0592
6.1756,1.0592
6.1761,1.0592
6.1766,1.0542
6.1772,1.0592
6.1777,1.0542
6.1783,1.0592
6.1788,1.0542
6.1793,1.0592
6.1799,1.0592
6.1804,1.0542
6.1810,1.0592
6.1815,1.0542
6.1821,1.0592
6.1826,1.0592
6.1831,1.0592
6.1837,1.0592
6.1842,1.0592
6.1848,1.0592
6.1853,1.0592
6.1858,1.0592
6.1864,1.0542
6.1869,1.0592
6.1875,1.0592
6.1880,1.0542
6.1885,1.0542
6.1891,1.0542
6.1896,1.0542
6.1902,1.0592
6.1907,1.0542
6.1912,1.0592
6.1918,1.0592
6.1923,1.0592
6.1929,1.0592
6.1934,1.0592
6.1939,1.0542
6.1945,1.0592
6.1950,1.0542
6.1956,1.0592
6.1961,1.0542
6.1967,1.0592
6.1972,1.0542
6.1978,1.0592
6.1983,1.0592
6.1988,1.0592
6.1994,1.0592
6.1999,1.0542
6.2005,1.0542
6.2010,1.0592
6.2016,1.0542
6.2021,1.0542
6.2027,1.0542
6.2032,1.0592
6.2037,1.0592
6.2043,1.0542
6.2048,1.0542
6.2054,1.0592
6.2059,1.0592
6.2065,1.0592
6.2070,1.0542
6.2076,1.0542
6.2081,1.0592
6.2087,1.0542
6.2092,1.0592
6.2098,1.0542
6.2103,1.0592
6.2108,1.0491
6.2114,1.0542
6.2119,1.0542
6.2125,1.0542
6.2130,1.0592
6.2136,1.0542
6.2141,1.0592
6.2146,1.0542
6.2152,1.0592
6.2157,1.0592
6.2163,1.0592
6.2168,1.0542
6.2174,1.0542
6.2179,1.0542
6.2185,1.0592
6.2190,1.0592
6.2195,1.0592
6.2201,1.0542
6.2206,1.0542
6.2212,1.0592
6.2217,1.0542
6.2223,1.0592
6.2228,1.0542
6.2233,1.0592
6.2239,1.0491
6.2244,1.0592
6.2250,1.0592
6.2255,1.0592
6.2261,1.0542
6.2266,1.0592
6.2272,1.0592
6.2277,1.0592
6.2282,1.0592
6.2289,1.0592
6.2295,1.0592
6.2300,1.0542
6.2306,1.0491
6.2311,1.0542
6.2317,1.0592
6.2322,1.0542
6.2328,1.0542
6.2333,1.0592
6.2339,1.0592
6.2344,1.0592
6.2350,1.0542
6.2355,1.0592
6.2361,1.0542
6.2366,1.0592
6.2372,1.0542
6.2377,1.0542
6.2382,1.0592
6.2388,1.0542
6.2393,1.0592
6.2399,1.0542
6.2404,1.0592
6.2410,1.0592
6.2415,1.0592
6.2421,1.0592
6.2426,1.0592
6.2432,1.0542
6.2437,1.0592
6.2443,1.0542
6.2448,1.0542
6.2454,1.0542
6.2459,1.0491
6.2465,1.0542
6.2470,1.0542
6.2476,1.0542
6.2481,1.0542
6.2487,1.0542
6.2492,1.0542
6.2498,1.0542
6.2503,1.0592
6.2508,1.0542
6.2514,1.0592
6.2519,1.0542
6.2525,1.0542
6.2530,1.0491
6.2536,1.0592
6.2541,1.0542
6.2547,1.0542
6.2552,1.0542
6.2558,1.0592
6.2563,1.0542
6.2569,1.0542
6.2574,1.0491
6.2580,1.0542
6.2585,1.0542
6.2591,1.0542
6.2596,1.0542
6.2602,1.0542
6.2607,1.0542
6.2613,1.0592
6.2618,1.0542
6.2624,1.0542
6.2629,1.0542
6.2635,1.0542
6.2640,1.0592
6.2646,1.0592
6.2651,1.0542
6.2657,1.0592
6.2662,1.0542
6.2668,1.0542
6.2673,1.0542
6.2679,1.0542
6.2684,1.0592
6.2690,1.0542
6.2695,1.0542
6.2701,1.0542
6.2706,1.0542
6.2712,1.0542
6.2717,1.0542
6.2723,1.0542
6.2728,1.0592
6.2734,1.0542
6.2739,1.0542
6.2745,1.0542
6.2750,1.0542
6.2756,1.0542
6.2761,1.0542
6.2767,1.0542
6.2773,1.0542
6.2778,1.0542
6.2783,1.0542
6.2789,1.0542
6.2794,1.0491
6.2800,1.0592
6.2805,1.0542
6.2811,1.0542
6.2816,1.0542
6.2822,1.0542
6.2827,1.0542
6.2833,1.0542
6.2838,1.0491
6.2844,1.0542
6.2849,1.0542
6.2855,1.0491
6.2860,1.0542
6.2866,1.0542
6.2871,1.0491
6.2877,1.0542
6.2882,1.0491
6.2888,1.0542
6.2893,1.0542
6.2899,1.0542
6.2904,1.0491
6.2910,1.0542
6.2915,1.0542
6.2921,1.0491
6.2926,1.0491
6.2932,1.0491
6.2937,1.0542
6.2943,1.0542
6.2948,1.0491
6.2954,1.0491
6.2959,1.0542
6.2965,1.0542
6.2970,1.0491
6.2976,1.0542
6.2981,1.0491
6.2987,1.0491
6.2992,1.0491
6.2998,1.0542
6.3003,1.0491
6.3009,1.0491
6.3014,1.0491
6.3020,1.0491
6.3025,1.0542
6.3031,1.0542
6.3036,1.0491
6.3042,1.0542
6.3047,1.0491
6.3053,1.0491
6.3058,1.0441
6.3064,1.0491
6.3069,1.0491
6.3075,1.0491
6.3080,1.0542
6.3086,1.0542
6.3091,1.0441
6.3097,1.0491
6.3102,1.0491
6.3108,1.0491
6.3113,1.0491
6.3119,1.0491
6.3124,1.0542
6.3130,1.0542
6.3135,1.0491
6.3141,1.0491
6.3146,1.0491
6.3152,1.0491
6.3157,1.0542
6.3163,1.0491
6.3168,1.0491
6.3173,1.0491
6.3179,1.0441
6.3184,1.0491
6.3190,1.0542
6.3195,1.0491
6.3201,1.0491
6.3206,1.0491
6.3212,1.0491
6.3217,1.0491
6.3223,1.0491
6.3228,1.0491
6.3234,1.0441
6.3239,1.0491
6.3245,1.0491
6.3250,1.0491
6.3256,1.0491
6.3261,1.0491
6.3267,1.0491
6.3272,1.0491
6.3278,1.0491
6.3283,1.0491
6.3289,1.0491
6.3295,1.0491
6.3300,1.0491
6.3306,1.0441
6.3311,1.0491
6.3317,1.0491
6.3322,1.0441
6.3328,1.0491
6.3333,1.0441
6.3339,1.0491
6.3344,1.0491
6.3350,1.0441
6.3355,1.0491
6.3361,1.0491
6.3366,1.0491
6.3372,1.0491
6.3377,1.0491
6.3383,1.0441
6.3388,1.0491
6.3394,1.0491
6.3399,1.0441
6.3405,1.0441
6.3410,1.0441
6.3416,1.0441
6.3421,1.0491
6.3426,1.0441
6.3432,1.0491
6.3437,1.0491
6.3443,1.0441
6.3449,1.0441
6.3454,1.0491
6.3460,1.0441
6.3465,1.0491
6.3471,1.0441
6.3476,1.0441
6.3482,1.0441
6.3487,1.0491
6.3493,1.0491
6.3498,1.0491
6.3504,1.0441
6.3509,1.0491
6.3515,1.0441
6.3520,1.0491
6.3526,1.0441
6.3531,1.0441
6.3537,1.0491
6.3542,1.0391
6.3548,1.0491
6.3553,1.0441
6.3559,1.0441
6.3564,1.0441
6.3570,1.0441
6.3575,1.0441
6.3581,1.0491
6.3586,1.0441
6.3592,1.0491
6.3597,1.0441
6.3603,1.0441
6.3608,1.0491
6.3614,1.0441
6.3619,1.0441
6.3625,1.0491
6.3630,1.0441
6.3635,1.0441
6.3641,1.0441
6.3646,1.0441
6.3652,1.0441
6.3657,1.0441
6.3663,1.0441
6.3668,1.0441
6.3674,1.0441
6.3679,1.0491
6.3685,1.0441
6.3690,1.0441
6.3696,1.0441
6.3701,1.0441
6.3707,1.0441
6.3712,1.0441
6.3718,1.0391
6.3723,1.0441
6.3729,1.0441
6.3734,1.0441
6.3740,1.0441
6.3745,1.0491
6.3751,1.0441
6.3756,1.0441
6.3762,1.0441
6.3767,1.0391
6.3773,1.0441
6.3778,1.0441
6.3784,1.0441
6.3789,1.0441
6.3795,1.0441
6.3800,1.0441
6.3806,1.0441
6.3811,1.0391
6.3817,1.0441
6.3822,1.0441
6.3828,1.0441
6.3833,1.0491
6.3839,1.0441
6.3844,1.0441
6.3850,1.0491
6.3855,1.0441
6.3861,1.0441
6.3866,1.0441
6.3872,1.0441
6.3877,1.0441
6.3883,1.0441
6.3888,1.0441
6.3894,1.0441
6.3899,1.0441
6.3905,1.0441
6.3910,1.0441
6.3916,1.0441
6.3921,1.0491
6.3927,1.0391
6.3932,1.0441
6.3938,1.0441
6.3943,1.0441
6.3949,1.0391
6.3954,1.0441
6.3960,1.0391
6.3965,1.0441
6.3971,1.0491
6.3976,1.0441
6.3982,1.0441
6.3987,1.0441
6.3992,1.0441
6.3998,1.0441
6.4003,1.0441
6.4009,1.0441
6.4014,1.0441
6.4020,1.0441
6.4025,1.0441
6.4031,1.0441
6.4036,1.0441
6.4042,1.0491
6.4047,1.0441
6.4053,1.0441
6.4058,1.0441
6.4064,1.0441
6.4069,1.0441
6.4075,1.0441
6.4080,1.0391
6.4086,1.0441
6.4091,1.0441
6.4097,1.0441
6.4102,1.0391
6.4108,1.0441
6.4113,1.0441
6.4119,1.0441
6.4124,1.0441
6.4130,1.0441
6.4135,1.0441
6.4141,1.0441
6.4147,1.0441
6.4152,1.0391
6.4158,1.0441
6.4163,1.0441
6.4169,1.0441
6.4174,1.0441
6.4180,1.0391
6.4185,1.0441
6.4191,1.0391
6.4196,1.0441
6.4202,1.0441
6.4207,1.0441
6.4213,1.0441
6.4218,1.0441
6.4224,1.0441
6.4229,1.0441
6.4235,1.0391
6.4240,1.0491
6.4246,1.0441
6.4251,1.0391
6.4257,1.0441
6.4262,1.0441
6.4268,1.0441
6.4273,1.0441
6.4279,1.0441
6.4284,1.0441
6.4290,1.0441
6.4295,1.0441
6.4301,1.0441
6.4306,1.0441
6.4312,1.0441
6.4317,1.0391
6.4323,1.0441
6.4328,1.0441
6.4334,1.0441
6.4339,1.0441
6.4345,1.0441
6.4350,1.0491
6.4356,1.0441
6.4361,1.0441
6.4367,1.0441
6.4372,1.0441
6.4378,1.0441
6.4383,1.0441
6.4389,1.0441
6.4394,1.0391
6.4400,1.0441
6.4405,1.0441
6.4411,1.0441
6.4416,1.0491
6.4422,1.0441
6.4427,1.0441
6.4433,1.0391
6.4438,1.0441
6.4444,1.0391
6.4449,1.0340
6.4455,1.0441
6.4460,1.0441
6.4466,1.0391
6.4471,1.0441
6.4477,1.0491
6.4482,1.0441
6.4488,1.0441
6.4493,1.0441
6.4499,1.0441
6.4504,1.0441
6.4510,1.0391
6.4515,1.0441
6.4521,1.0441
6.4526,1.0441
6.4532,1.0441
6.4537,1.0441
6.4543,1.0441
6.4548,1.0391
6.4554,1.0441
6.4559,1.0441
6.4565,1.0391
6.4570,1.0441
6.4576,1.0441
6.4581,1.0441
6.4587,1.0391
6.4592,1.0441
6.4598,1.0441
6.4603,1.0441
6.4609,1.0441
6.4614,1.0441
6.4620,1.0391
6.4625,1.0441
6.4631,1.0391
6.4636,1.0441
6.4642,1.0441
6.4647,1.0441
6.4653,1.0441
6.4658,1.0391
6.4664,1.0441
6.4669,1.0441
6.4675,1.0441
6.4680,1.0441
6.4686,1.0441
6.4691,1.0441
6.4697,1.0441
6.4702,1.0391
6.4708,1.0441
6.4713,1.0441
6.4719,1.0441
6.4724,1.0441
6.4730,1.0441
6.4735,1.0391
6.4741,1.0391
6.4746,1.0441
6.4752,1.0441
6.4757,1.0441
6.4763,1.0441
6.4768,1.0391
6.4774,1.0441
6.4779,1.0491
6.4785,1.0441
6.4790,1.0391
6.4796,1.0441
6.4801,1.0441
6.4807,1.0441
6.4812,1.0441
6.4818,1.0441
6.4823,1.0441
6.4829,1.0441
6.4834,1.0391
6.4840,1.0441
6.4845,1.0441
6.4851,1.0441
6.4856,1.0391
6.4862,1.0441
6.4868,1.0391
6.4873,1.0441
6.4879,1.0391
6.4884,1.0441
6.4890,1.0391
6.4895,1.0441
6.4900,1.0391
6.4906,1.0391
6.4911,1.0391
6.4917,1.0391
6.4922,1.0391
6.4928,1.0391
6.4933,1.0441
6.4939,1.0391
6.4944,1.0391
6.4950,1.0391
6.4955,1.0441
6.4961,1.0441
6.4966,1.0391
6.4972,1.0441
6.4977,1.0391
6.4983,1.0441
6.4988,1.0391
6.4994,1.0391
6.4999,1.0441
6.5005,1.0391
6.5010,1.0391
6.5016,1.0441
6.5021,1.0391
6.5027,1.0391
6.5032,1.0391
6.5038,1.0391
6.5043,1.0391
6.5049,1.0391
6.5054,1.0391
6.5060,1.0391
6.5065,1.0441
6.5071,1.0340
6.5076,1.0441
6.5082,1.0441
6.5087,1.0391
6.5093,1.0441
6.5098,1.0441
6.5104,1.0441
6.5109,1.0441
6.5115,1.0391
6.5120,1.0391
6.5126,1.0441
6.5131,1.0391
6.5137,1.0391
6.5142,1.0441
6.5148,1.0391
6.5153,1.0441
6.5159,1.0441
6.5164,1.0391
6.5170,1.0391
6.5175,1.0391
6.5181,1.0391
6.5186,1.0441
6.5192,1.0441
6.5197,1.0391
6.5203,1.0391
6.5208,1.0391
6.5214,1.0391
6.5219,1.0391
6.5225,1.0391
6.5230,1.0391
6.5236,1.0391
6.5241,1.0391
6.5247,1.0340
6.5252,1.0391
6.5258,1.0391
6.5263,1.0441
6.5269,1.0441
6.5274,1.0391
6.5280,1.0391
6.5285,1.0340
6.5291,1.0391
6.5296,1.0391
6.5302,1.0391
6.5307,1.0391
6.5313,1.0391
6.5318,1.0391
6.5324,1.0391
6.5329,1.0441
6.5335,1.0340
6.5340,1.0391
6.5346,1.0391
6.5351,1.0391
6.5357,1.0391
6.5362,1.0391
6.5368,1.0340
6.5373,1.0391
6.5379,1.0391
6.5384,1.0340
6.5390,1.0391
6.5395,1.0340
6.5401,1.0391
6.5406,1.0391
6.5412,1.0391
6.5417,1.0391
6.5423,1.0391
6.5428,1.0391
6.5434,1.0391
6.5439,1.0391
6.5445,1.0391
6.5450,1.0391
6.5456,1.0391
6.5461,1.0391
6.5467,1.0391
6.5472,1.0391
6.5478,1.0391
6.5483,1.0340
6.5489,1.0391
6.5494,1.0340
6.5500,1.0391
6.5505,1.0391
6.5511,1.0340
6.5516,1.0340
6.5522,1.0391
6.5527,1.0391
6.5533,1.0391
6.5538,1.0391
6.5544,1.0340
6.5549,1.0340
6.5555,1.0340
6.5560,1.0391
6.5566,1.0290
6.5571,1.0340
6.5577,1.0340
6.5582,1.0340
6.5588,1.0340
6.5593,1.0391
6.5599,1.0340
6.5604,1.0391
6.5610,1.0391
6.5615,1.0391
6.5621,1.0391
6.5626,1.0340
6.5632,1.0391
6.5637,1.0391
6.5643,1.0340
6.5648,1.0391
6.5654,1.0340
6.5659,1.0391
6.5665,1.0340
6.5670,1.0391
6.5676,1.0340
6.5681,1.0340
6.5687,1.0391
6.5692,1.0340
6.5698,1.0340
6.5703,1.0340
6.5709,1.0340
6.5714,1.0340
6.5720,1.0391
6.5725,1.0340
6.5731,1.0391
6.5736,1.0340
6.5742,1.0391
6.5747,1.0340
6.5753,1.0391
6.5758,1.0340
6.5764,1.0340
6.5769,1.0340
6.5775,1.0340
6.5780,1.0340
6.5786,1.0340
6.5791,1.0340
6.5797,1.0391
6.5802,1.0340
6.5808,1.0340
6.5813,1.0340
6.5819,1.0340
6.5824,1.0340
6.5830,1.0340
6.5835,1.0340
6.5841,1.0340
6.5846,1.0391
6.5852,1.0340
6.5857,1.0340
6.5863,1.0391
6.5868,1.0391
6.5874,1.0340
6.5879,1.0340
6.5884,1.0340
6.5890,1.0340
6.5895,1.0340
6.5901,1.0340
6.5906,1.0340
6.5912,1.0340
6.5917,1.0340
6.5923,1.0340
6.5928,1.0340
6.5934,1.0340
6.5939,1.0340
6.5945,1.0340
6.5950,1.0340
6.5956,1.0290
6.5961,1.0340
6.5967,1.0340
6.5972,1.0290
6.5978,1.0340
6.5983,1.0340
6.5989,1.0340
6.5994,1.0340
6.6000,1.0340
6.6005,1.0340
6.6011,1.0340
6.6016,1.0340
6.6022,1.0340
6.6027,1.0340
6.6033,1.0340
6.6038,1.0340
6.6044,1.0340
6.6049,1.0340
6.6055,1.0340
6.6060,1.0340
6.6066,1.0290
6.6071,1.0391
6.6077,1.0290
6.6082,1.0340
6.6088,1.0340
6.6093,1.0290
6.6100,1.0340
6.6106,1.0340
6.6142,1.0340
6.6149,1.0290
6.6155,1.0340
6.6161,1.0290
6.6167,1.0340
6.6172,1.0340
6.6178,1.0340
6.6184,1.0340
6.6189,1.0290
6.6195,1.0340
6.6200,1.0290
6.6206,1.0290
6.6211,1.0290
6.6217,1.0290
6.6222,1.0340
6.6228,1.0340
6.6233,1.0290
6.6239,1.0290
6.6244,1.0290
6.6250,1.0239
6.6255,1.0290
6.6261,1.0290
6.6266,1.0340
6.6272,1.0290
6.6277,1.0290
6.6283,1.0340
6.6289,1.0340
6.6296,1.0340
6.6302,1.0290
6.6308,1.0290
6.6314,1.0340
6.6321,1.0290
6.6328,1.0340
6.6334,1.0290
6.6341,1.0290
6.6347,1.0290
6.6354,1.0290
6.6359,1.0340
6.6365,1.0290
6.6371,1.0290
6.6378,1.0340
6.6384,1.0340
6.6389,1.0290
6.6395,1.0290
6.6401,1.0340
6.6407,1.0290
6.6412,1.0239
6.6418,1.0290
6.6423,1.0290
6.6428,1.0340
6.6434,1.0239
6.6439,1.0290
6.6445,1.0290
6.6450,1.0290
6.6455,1.0290
6.6461,1.0290
6.6466,1.0340
6.6471,1.0340
6.6477,1.0290
6.6482,1.0290
6.6488,1.0290
6.6494,1.0340
6.6500,1.0290
6.6505,1.0239
6.6511,1.0239
6.6516,1.0239
6.6522,1.0290
6.6527,1.0290
6.6532,1.0290
6.6538,1.0290
6.6543,1.0290
6.6548,1.0290
6.6554,1.0239
6.6559,1.0290
6.6565,1.0340
6.6570,1.0290
6.6575,1.0290
6.6581,1.0290
6.6586,1.0290
6.6591,1.0290
6.6597,1.0290
6.6602,1.0290
6.6608,1.0290
6.6613,1.0290
6.6618,1.0290
6.6624,1.0290
6.6629,1.0290
6.6635,1.0290
6.6640,1.0290
6.6645,1.0290
6.6651,1.0290
6.6657,1.0290
6.6662,1.0290
6.6668,1.0239
6.6673,1.0290
6.6678,1.0290
6.6684,1.0239
6.6689,1.0239
6.6695,1.0290
6.6700,1.0290
6.6705,1.0340
6.6711,1.0290
6.6716,1.0290
6.6722,1.0290
6.6727,1.0239
6.6732,1.0290
6.6738,1.0290
6.6743,1.0290
6.6748,1.0239
6.6754,1.0290
6.6759,1.0340
6.6765,1.0239
6.6770,1.0290
6.6775,1.0290
6.6781,1.0290
6.6786,1.0290
6.6792,1.0239
6.6797,1.0239
6.6802,1.0239
6.6808,1.0290
6.6813,1.0290
6.6818,1.0239
6.6824,1.0290
6.6829,1.0290
6.6835,1.0290
6.6840,1.0239
6.6845,1.0239
6.6851,1.0239
6.6856,1.0290
6.6862,1.0239
6.6867,1.0290
6.6872,1.0239
6.6878,1.0239
6.6883,1.0239
6.6888,1.0239
6.6894,1.0290
6.6899,1.0290
6.6905,1.0239
6.6910,1.0189
6.6915,1.0290
6.6921,1.0290
6.6931,1.0290
6.6936,1.0239
6.6942,1.0239
6.6947,1.0290
6.6952,1.0290
6.6958,1.0189
6.6963,1.0239
6.6969,1.0239
6.6974,1.0239
6.6979,1.0290
6.6985,1.0290
6.6990,1.0290
6.6996,1.0239
6.7001,1.0239
6.7007,1.0239
6.7012,1.0239
6.7017,1.0290
6.7023,1.0290
6.7028,1.0239
6.7033,1.0290
6.7039,1.0239
6.7044,1.0239
6.7050,1.0239
6.7055,1.0290
6.7060,1.0239
6.7066,1.0239
6.7071,1.0189
6.7076,1.0239
6.7082,1.0239
6.7087,1.0239
6.7093,1.0189
6.7098,1.0239
6.7103,1.0239
6.7109,1.0239
6.7114,1.0239
6.7120,1.0239
6.7125,1.0239
6.7130,1.0290
6.7136,1.0239
6.7141,1.0239
6.7146,1.0189
6.7152,1.0239
6.7157,1.0239
6.7163,1.0239
6.7168,1.0239
6.7173,1.0239
6.7179,1.0189
6.7184,1.0290
6.7190,1.0239
6.7195,1.0239
6.7200,1.0239
6.7206,1.0239
6.7211,1.0239
6.7216,1.0189
6.7222,1.0239
6.7227,1.0239
6.7233,1.0239
6.7238,1.0239
6.7243,1.0189
6.7249,1.0239
6.7254,1.0239
6.7260,1.0239
6.7265,1.0239
6.7270,1.0239
6.7276,1.0239
6.7281,1.0239
6.7286,1.0239
6.7292,1.0239
6.7297,1.0239
6.7303,1.0239
6.7308,1.0239
6.7313,1.0239
6.7319,1.0189
6.7325,1.0239
6.7331,1.0239
6.7336,1.0239
6.7342,1.0239
6.7347,1.0239
6.7353,1.0239
6.7358,1.0239
6.7364,1.0189
6.7369,1.0189
6.7374,1.0239
6.7380,1.0239
6.7385,1.0189
6.7391,1.0239
6.7396,1.0189
6.7402,1.0189
6.7407,1.0239
6.7412,1.0189
6.7418,1.0239
6.7423,1.0239
6.7429,1.0239
6.7434,1.0189
6.7440,1.0239
6.7445,1.0189
6.7451,1.0239
6.7456,1.0189
6.7465,1.0239
6.7470,1.0189
6.7476,1.0239
6.7481,1.0239
6.7487,1.0239
6.7492,1.0239
6.7497,1.0189
6.7503,1.0189
6.7508,1.0189
6.7514,1.0239
6.7519,1.0189
6.7524,1.0189
6.7530,1.0189
6.7535,1.0189
6.7541,1.0189
6.7546,1.0239
6.7552,1.0138
6.7557,1.0239
6.7563,1.0189
6.7568,1.0239
6.7573,1.0239
6.7579,1.0189
6.7584,1.0189
6.7590,1.0189
6.7595,1.0189
6.7600,1.0189
6.7606,1.0239
6.7611,1.0239
6.7617,1.0189
6.7622,1.0239
6.7627,1.0239
6.7633,1.0239
6.7638,1.0189
6.7644,1.0189
6.7649,1.0239
6.7654,1.0239
6.7660,1.0189
6.7665,1.0189
6.7671,1.0189
6.7676,1.0239
6.7681,1.0189
6.7687,1.0239
6.7692,1.0189
6.7698,1.0189
6.7703,1.0239
6.7709,1.0189
6.7714,1.0189
6.7719,1.0189
6.7725,1.0189
6.7730,1.0189
6.7736,1.0239
6.7741,1.0189
6.7747,1.0239
6.7752,1.0189
6.7757,1.0189
6.7763,1.0239
6.7768,1.0189
6.7774,1.0189
6.7779,1.0239
6.7784,1.0189
6.7790,1.0189
6.7795,1.0189
6.7801,1.0239
6.7806,1.0189
6.7811,1.0189
6.7817,1.0239
6.7822,1.0189
6.7828,1.0189
6.7833,1.0189
6.7838,1.0239
6.7844,1.0239
6.7849,1.0189
6.7855,1.0189
6.7860,1.0189
6.7865,1.0239
6.7871,1.0239
6.7876,1.0189
6.7882,1.0239
6.7887,1.0239
6.7892,1.0189
6.7898,1.0239
6.7903,1.0189
6.7909,1.0239
6.7914,1.0239
6.7919,1.0189
6.7925,1.0138
6.7930,1.0189
6.7936,1.0189
6.7942,1.0239
6.7947,1.0189
6.7953,1.0189
6.7958,1.0239
6.7964,1.0189
6.7969,1.0138
6.7975,1.0189
6.7980,1.0189
6.7986,1.0189
6.7991,1.0239
6.7996,1.0239
6.8002,1.0138
6.8007,1.0189
6.8013,1.0189
6.8018,1.0189
6.8023,1.0239
6.8029,1.0239
6.8034,1.0239
6.8040,1.0189
6.8045,1.0189
6.8051,1.0189
6.8056,1.0189
6.8062,1.0189
6.8067,1.0189
6.8072,1.0138
6.8078,1.0189
6.8083,1.0189
6.8089,1.0189
6.8094,1.0239
6.8100,1.0189
6.8105,1.0138
6.8110,1.0189
6.8116,1.0189
6.8121,1.0239
6.8127,1.0138
6.8132,1.0189
6.8138,1.0189
6.8143,1.0189
6.8148,1.0189
6.8154,1.0189
6.8159,1.0189
6.8165,1.0189
6.8170,1.0189
6.8176,1.0189
6.8181,1.0239
6.8186,1.0189
6.8192,1.0189
6.8197,1.0189
6.8203,1.0189
6.8208,1.0189
6.8214,1.0189
6.8219,1.0189
6.8225,1.0189
6.8230,1.0189
6.8235,1.0189
6.8241,1.0189
6.8246,1.0138
6.8252,1.0138
6.8257,1.0138
6.8263,1.0189
6.8268,1.0189
6.8273,1.0189
6.8279,1.0189
6.8284,1.0189
6.8290,1.0189
6.8295,1.0189
6.8301,1.0239
6.8306,1.0189
6.8311,1.0189
6.8317,1.0189
6.8322,1.0189
6.8328,1.0138
6.8334,1.0189
6.8340,1.0189
6.8345,1.0189
6.8351,1.0189
6.8356,1.0239
6.8362,1.0189
6.8367,1.0189
6.8373,1.0189
6.8378,1.0189
6.8384,1.0189
6.8389,1.0189
6.8395,1.0189
6.8400,1.0239
6.8406,1.0189
6.8411,1.0239
6.8417,1.0189
6.8422,1.0189
6.8428,1.0189
6.8433,1.0239
6.8439,1.0189
6.8444,1.0138
6.8450,1.0189
6.8455,1.0189
6.8461,1.0189
6.8466,1.0189
6.8472,1.0189
6.8477,1.0189
6.8483,1.0189
6.8488,1.0189
6.8494,1.0189
6.8499,1.0189
6.8505,1.0189
6.8510,1.0239
6.8516,1.0189
6.8521,1.0189
6.8527,1.0189
6.8532,1.0189
6.8537,1.0189
6.8543,1.0138
6.8549,1.0239
6.8554,1.0239
6.8559,1.0189
6.8565,1.0189
6.8570,1.0189
6.8576,1.0138
6.8581,1.0239
6.8587,1.0239
6.8592,1.0189
6.8598,1.0189
6.8603,1.0239
6.8609,1.0189
6.8614,1.0239
6.8620,1.0239
6.8625,1.0239
6.8631,1.0189
6.8636,1.0239
6.8642,1.0189
6.8647,1.0239
6.8653,1.0239
6.8658,1.0189
6.8664,1.0239
6.8669,1.0290
6.8675,1.0239
6.8680,1.0189
6.8686,1.0290
6.8691,1.0239
6.8697,1.0239
6.8702,1.0239
6.8708,1.0239
6.8713,1.0239
6.8719,1.0290
6.8724,1.0239
6.8730,1.0290
6.8735,1.0290
6.8741,1.0290
6.8746,1.0290
6.8752,1.0239
6.8757,1.0239
6.8763,1.0290
6.8768,1.0290
6.8774,1.0290
6.8779,1.0290
6.8785,1.0290
6.8790,1.0290
6.8796,1.0290
6.8801,1.0290
6.8807,1.0290
6.8812,1.0340
6.8818,1.0340
6.8823,1.0290
6.8829,1.0340
6.8834,1.0290
6.8840,1.0340
6.8845,1.0290
6.8851,1.0290
6.8856,1.0340
6.8862,1.0290
6.8867,1.0290
6.8873,1.0290
6.8878,1.0340
6.8884,1.0290
6.8889,1.0340
6.8895,1.0340
6.8900,1.0340
6.8906,1.0290
6.8911,1.0391
6.8917,1.0391
6.8922,1.0340
6.8928,1.0391
6.8933,1.0340
6.8939,1.0391
6.8944,1.0391
6.8950,1.0391
6.8955,1.0391
6.8961,1.0340
6.8966,1.0391
6.8972,1.0391
6.8977,1.0391
6.8983,1.0391
6.8988,1.0391
6.8994,1.0391
6.8999,1.0391
6.9005,1.0391
6.9010,1.0441
6.9016,1.0391
6.9021,1.0441
6.9027,1.0441
6.9032,1.0391
6.9038,1.0441
6.9043,1.0441
6.9049,1.0441
6.9054,1.0441
6.9060,1.0441
6.9065,1.0441
6.9071,1.0441
6.9077,1.0491
6.9082,1.0441
6.9088,1.0491
6.9093,1.0391
6.9099,1.0491
6.9104,1.0441
6.9110,1.0441
6.9115,1.0491
6.9121,1.0441
6.9126,1.0491
6.9132,1.0441
6.9137,1.0441
6.9143,1.0491
6.9148,1.0441
6.9154,1.0441
6.9159,1.0441
6.9165,1.0491
6.9170,1.0491
6.9176,1.0491
6.9181,1.0491
6.9187,1.0491
6.9192,1.0441
6.9198,1.0491
6.9203,1.0491
6.9209,1.0441
6.9214,1.0491
6.9220,1.0491
6.9225,1.0491
6.9231,1.0491
6.9236,1.0441
6.9242,1.0491
6.9247,1.0542
6.9253,1.0491
6.9258,1.0491
6.9264,1.0491
6.9269,1.0542
6.9275,1.0491
6.9280,1.0542
6.9286,1.0491
6.9291,1.0491
6.9297,1.0491
6.9302,1.0491
6.9308,1.0542
6.9313,1.0592
6.9319,1.0542
6.9324,1.0542
6.9330,1.0542
6.9335,1.0542
6.9341,1.0542
6.9347,1.0542
6.9352,1.0542
6.9358,1.0542
6.9363,1.0542
6.9369,1.0542
6.9374,1.0542
6.9380,1.0542
6.9385,1.0542
6.9391,1.0542
6.9396,1.0491
6.9402,1.0491
6.9407,1.0542
6.9413,1.0542
6.9418,1.0491
6.9424,1.0491
6.9429,1.0592
6.9435,1.0542
6.9440,1.0542
6.9446,1.0542
6.9451,1.0542
6.9457,1.0542
6.9462,1.0542
6.9471,1.0592
6.9476,1.0542
6.9482,1.0542
6.9487,1.0542
6.9493,1.0542
6.9498,1.0542
6.9504,1.0542
6.9509,1.0592
6.9514,1.0542
6.9520,1.0592
6.9525,1.0542
6.9531,1.0592
6.9536,1.0542
6.9542,1.0542
6.9547,1.0542
6.9553,1.0542
6.9558,1.0542
6.9564,1.0542
6.9569,1.0491
6.9575,1.0542
6.9580,1.0542
6.9585,1.0542
6.9591,1.0542
6.9596,1.0592
6.9602,1.0592
6.9607,1.0542
6.9613,1.0542
6.9618,1.0592
6.9624,1.0542
6.9629,1.0542
6.9635,1.0542
6.9640,1.0542
6.9645,1.0542
6.9651,1.0592
6.9656,1.0592
6.9662,1.0542
6.9667,1.0542
6.9673,1.0592
6.9678,1.0491
6.9684,1.0542
6.9689,1.0542
6.9695,1.0592
6.9700,1.0542
6.9705,1.0592
6.9711,1.0592
6.9716,1.0542
6.9722,1.0592
6.9727,1.0592
6.9733,1.0542
6.9738,1.0592
6.9744,1.0592
6.9749,1.0542
6.9755,1.0542
6.9760,1.0542
6.9766,1.0592
6.9771,1.0592
6.9776,1.0592
6.9782,1.0592
6.9788,1.0542
6.9793,1.0542
6.9799,1.0542
6.9804,1.0542
6.9809,1.0592
6.9815,1.0592
6.9820,1.0592
6.9826,1.0592
6.9831,1.0592
6.9837,1.0592
6.9842,1.0592
6.9848,1.0592
6.9853,1.0542
6.9859,1.0592
6.9864,1.0592
6.9870,1.0542
6.9875,1.0592
6.9881,1.0592
6.9886,1.0592
6.9892,1.0592
6.9897,1.0542
6.9903,1.0592
6.9908,1.0592
6.9914,1.0592
6.9919,1.0592
6.9925,1.0592
6.9930,1.0592
6.9936,1.0592
6.9941,1.0542
6.9947,1.0542
6.9952,1.0542
6.9958,1.0592
6.9963,1.0592
6.9969,1.0542
6.9974,1.0592
6.9980,1.0592
6.9985,1.0542
6.9991,1.0592
6.9996,1.0542
7.0002,1.0592
7.0007,1.0592
7.0013,1.0542
7.0018,1.0592
7.0024,1.0592
7.0029,1.0643
7.0035,1.0592
7.0040,1.0592
7.0046,1.0592
7.0051,1.0592
7.0057,1.0643
7.0062,1.0592
7.0068,1.0542
7.0073,1.0542
7.0078,1.0542
7.0084,1.0643
7.0089,1.0542
7.0095,1.0592
7.0101,1.0592
7.0106,1.0592
7.0112,1.0592
7.0117,1.0592
7.0123,1.0592
7.0128,1.0592
7.0134,1.0592
7.0139,1.0542
7.0145,1.0592
7.0150,1.0542
7.0156,1.0592
7.0161,1.0592
7.0167,1.0592
7.0172,1.0592
7.0178,1.0542
7.0183,1.0592
7.0189,1.0592
7.0194,1.0592
7.0200,1.0592
7.0205,1.0592
7.0211,1.0592
7.0216,1.0542
7.0222,1.0592
7.0227,1.0592
7.0233,1.0592
7.0238,1.0542
7.0244,1.0542
7.0249,1.0542
7.0255,1.0542
7.0260,1.0542
7.0266,1.0592
7.0271,1.0592
7.0277,1.0542
7.0282,1.0542
7.0288,1.0542
7.0293,1.0592
7.0299,1.0592
7.0304,1.0592
7.0310,1.0592
7.0315,1.0643
7.0321,1.0592
7.0326,1.0592
7.0332,1.0542
7.0337,1.0542
7.0343,1.0592
7.0348,1.0542
7.0354,1.0592
7.0359,1.0592
7.0365,1.0542
7.0370,1.0592
7.0376,1.0542
7.0381,1.0542
7.0387,1.0542
7.0392,1.0592
7.0398,1.0592
7.0403,1.0542
7.0409,1.0542
7.0414,1.0592
7.0420,1.0592
7.0425,1.0643
7.0431,1.0542
7.0436,1.0592
7.0442,1.0542
7.0447,1.0592
7.0453,1.0542
7.0458,1.0542
7.0464,1.0592
7.0469,1.0592
7.0475,1.0592
7.0480,1.0592
7.0486,1.0542
7.0491,1.0542
7.0497,1.0491
7.0502,1.0592
7.0508,1.0592
7.0513,1.0592
7.0519,1.0592
7.0524,1.0542
7.0530,1.0491
7.0535,1.0542
7.0541,1.0542
7.0547,1.0542
7.0552,1.0592
7.0558,1.0542
7.0563,1.0592
7.0569,1.0542
7.0574,1.0592
7.0580,1.0592
7.0585,1.0592
7.0591,1.0542
7.0596,1.0592
7.0602,1.0592
7.0607,1.0542
7.0613,1.0542
7.0618,1.0542
7.0624,1.0542
7.0629,1.0542
7.0635,1.0542
7.0640,1.0542
7.0646,1.0542
7.0651,1.0592
7.0657,1.0592
7.0662,1.0542
7.0668,1.0542
7.0673,1.0592
7.0679,1.0592
7.0684,1.0542
7.0690,1.0592
7.0695,1.0592
7.0701,1.0592
7.0706,1.0542
7.0712,1.0542
7.0717,1.0592
7.0723,1.0542
7.0728,1.0592
7.0734,1.0542
7.0739,1.0542
7.0745,1.0542
7.0750,1.0542
7.0756,1.0542
7.0761,1.0542
7.0767,1.0542
7.0772,1.0542
7.0778,1.0491
7.0783,1.0592
7.0789,1.0542
7.0794,1.0592
7.0800,1.0542
7.0805,1.0542
7.0811,1.0542
7.0816,1.0491
7.0822,1.0542
7.0827,1.0542
7.0833,1.0542
7.0838,1.0542
7.0844,1.0542
7.0849,1.0542
7.0855,1.0542
7.0860,1.0542
7.0866,1.0491
7.0871,1.0542
7.0877,1.0542
7.0882,1.0491
7.0888,1.0542
7.0893,1.0542
7.0899,1.0491
7.0904,1.0491
7.0910,1.0542
7.0915,1.0542
7.0921,1.0491
7.0926,1.0592
7.0932,1.0491
7.0937,1.0491
7.0943,1.0542
7.0948,1.0542
7.0954,1.0491
7.0959,1.0542
7.0965,1.0542
7.0970,1.0491
7.0976,1.0491
7.0981,1.0542
7.0987,1.0491
7.0992,1.0491
7.0998,1.0491
7.1003,1.0542
7.1009,1.0542
7.1014,1.0491
7.1020,1.0491
7.1025,1.0542
7.1031,1.0542
7.1036,1.0491
7.1042,1.0491
7.1047,1.0491
7.1053,1.0542
7.1058,1.0491
7.1064,1.0542
7.1069,1.0542
7.1075,1.0491
7.1080,1.0491
7.1085,1.0491
7.1091,1.0542
7.1096,1.0491
7.1104,1.0491
7.1110,1.0491
7.1115,1.0491
7.1121,1.0491
7.1127,1.0491
7.1133,1.0491
7.1138,1.0491
7.1144,1.0491
7.1156,1.0491
7.1162,1.0491
7.1167,1.0491
7.1173,1.0491
7.1179,1.0542
7.1184,1.0491
7.1190,1.0491
7.1196,1.0542
7.1201,1.0491
7.1207,1.0542
7.1212,1.0542
7.1218,1.0491
7.1223,1.0491
7.1229,1.0491
7.1234,1.0491
7.1240,1.0491
7.1245,1.0491
7.1251,1.0491
7.1256,1.0542
7.1262,1.0491
7.1268,1.0491
7.1273,1.0491
7.1287,1.0491
7.1293,1.0491
7.1299,1.0491
7.1305,1.0441
7.1310,1.0491
7.1316,1.0491
7.1322,1.0491
7.1328,1.0491
7.1333,1.0491
7.1339,1.0441
7.1345,1.0491
7.1351,1.0542
7.1357,1.0491
7.1363,1.0491
7.1369,1.0441
7.1374,1.0491
7.1380,1.0491
7.1385,1.0441
7.1391,1.0491
7.1396,1.0491
7.1401,1.0391
7.1407,1.0441
7.1412,1.0491
7.1418,1.0441
7.1423,1.0491
7.1428,1.0491
7.1434,1.0491
7.1439,1.0441
7.1445,1.0441
7.1450,1.0491
7.1455,1.0491
7.1461,1.0491
7.1466,1.0441
7.1472,1.0441
7.1477,1.0441
7.1482,1.0491
7.1488,1.0491
7.1493,1.0542
7.1499,1.0441
7.1505,1.0441
7.1510,1.0491
7.1515,1.0491
7.1521,1.0491
7.1526,1.0491
7.1532,1.0491
7.1537,1.0491
7.1543,1.0491
7.1548,1.0491
7.1553,1.0491
7.1559,1.0441
7.1564,1.0391
7.1570,1.0441
7.1575,1.0441
7.1580,1.0441
7.1586,1.0441
7.1591,1.0491
7.1597,1.0491
7.1602,1.0491
7.1607,1.0441
7.1613,1.0441
7.1618,1.0391
7.1624,1.0441
7.1629,1.0491
7.1634,1.0441
7.1640,1.0441
7.1645,1.0491
7.1651,1.0441
7.1656,1.0441
7.1662,1.0441
7.1667,1.0441
7.1672,1.0441
7.1678,1.0491
7.1683,1.0491
7.1689,1.0441
7.1694,1.0441
7.1699,1.0441
7.1705,1.0441
7.1710,1.0491
7.1715,1.0491
7.1721,1.0441
7.1726,1.0441
7.1732,1.0441
7.1737,1.0441
7.1743,1.0441
7.1748,1.0441
7.1753,1.0441
7.1759,1.0491
7.1764,1.0441
7.1770,1.0441
7.1775,1.0441
7.1781,1.0441
7.1786,1.0391
7.1792,1.0441
7.1797,1.0441
7.1802,1.0441
7.1808,1.0441
7.1813,1.0441
7.1819,1.0441
7.1824,1.0441
7.1830,1.0491
7.1835,1.0441
7.1840,1.0391
7.1846,1.0441
7.1851,1.0441
7.1857,1.0441
7.1862,1.0491
7.1868,1.0441
7.1873,1.0491
7.1878,1.0441
7.1884,1.0441
7.1889,1.0491
7.1895,1.0491
7.1901,1.0441
7.1906,1.0441
7.1911,1.0441
7.1917,1.0391
7.1922,1.0491
7.1928,1.0441
7.1933,1.0491
7.1939,1.0441
7.1944,1.0441
7.1949,1.0441
7.1955,1.0441
7.1960,1.0441
7.1966,1.0441
7.1971,1.0441
7.1977,1.0441
7.1982,1.0491
7.1987,1.0441
7.1993,1.0441
7.1998,1.0391
7.2004,1.0441
7.2009,1.0391
7.2015,1.0441
7.2020,1.0491
7.2025,1.0491
7.2031,1.0441
7.2036,1.0441
7.2042,1.0441
7.2047,1.0491
7.2053,1.0441
7.2058,1.0441
7.2064,1.0441
7.2069,1.0391
7.2074,1.0441
7.2080,1.0441
7.2085,1.0491
7.2091,1.0391
7.2096,1.0441
7.2102,1.0441
7.2107,1.0441
7.2112,1.0441
7.2118,1.0441
7.2123,1.0391
7.2129,1.0441
7.2134,1.0441
7.2140,1.0491
7.2145,1.0441
7.2150,1.0441
7.2156,1.0391
7.2161,1.0441
7.2167,1.0491
7.2172,1.0491
7.2178,1.0491
7.2183,1.0441
7.2188,1.0491
7.2194,1.0441
7.2199,1.0441
7.2205,1.0441
7.2210,1.0441
7.2216,1.0441
7.2221,1.0441
7.2226,1.0441
7.2232,1.0491
7.2237,1.0441
7.2243,1.0441
7.2248,1.0441
7.2254,1.0441
7.2290,1.0391
7.2296,1.0441
7.2302,1.0391
7.2308,1.0491
7.2313,1.0441
7.2319,1.0391
7.2325,1.0441
7.2331,1.0491
7.2337,1.0441
7.2342,1.0391
7.2348,1.0391
7.2355,1.0441
7.2361,1.0441
7.2366,1.0391
7.2373,1.0441
7.2378,1.0441
7.2384,1.0441
7.2389,1.0491
7.2395,1.0441
7.2400,1.0441
7.2406,1.0491
7.2411,1.0441
7.2416,1.0441
7.2422,1.0441
7.2427,1.0441
7.2433,1.0491
7.2438,1.0491
7.2444,1.0441
7.2449,1.0441
7.2455,1.0441
7.2460,1.0441
7.2466,1.0441
7.2471,1.0441
7.2477,1.0441
7.2482,1.0441
7.2487,1.0441
7.2493,1.0441
7.2499,1.0391
7.2504,1.0391
7.2510,1.0441
7.2515,1.0441
7.2521,1.0441
7.2526,1.0391
7.2532,1.0441
7.2537,1.0391
7.2543,1.0441
7.2548,1.0441
7.2554,1.0441
7.2559,1.0441
7.2565,1.0441
7.2570,1.0441
7.2576,1.0391
7.2581,1.0391
7.2586,1.0441
7.2592,1.0441
7.2597,1.0391
7.2603,1.0441
7.2608,1.0441
7.2614,1.0441
7.2619,1.0441
7.2625,1.0391
7.2630,1.0441
7.2636,1.0441
7.2641,1.0441
7.2647,1.0441
7.2652,1.0441
7.2658,1.0441
7.2663,1.0391
7.2669,1.0391
7.2674,1.0441
7.2680,1.0491
7.2685,1.0491
7.2691,1.0391
7.2696,1.0441
7.2701,1.0441
7.2707,1.0441
7.2712,1.0441
7.2718,1.0441
7.2723,1.0441
7.2729,1.0391
7.2734,1.0441
7.2740,1.0441
7.2745,1.0441
7.2751,1.0391
7.2756,1.0441
7.2762,1.0391
7.2767,1.0441
7.2772,1.0391
7.2778,1.0441
7.2788,1.0441
7.2815,1.0441
7.2821,1.0391
7.2827,1.0441
7.2832,1.0441
7.2838,1.0441
7.2844,1.0441
7.2850,1.0441
7.2855,1.0441
7.2861,1.0391
7.2867,1.0441
7.2872,1.0391
7.2878,1.0441
7.2883,1.0441
7.2889,1.0441
7.2894,1.0391
7.2900,1.0441
7.2906,1.0441
7.2912,1.0391
7.2918,1.0441
7.2924,1.0441
7.2929,1.0391
7.2935,1.0391
7.2940,1.0441
7.2946,1.0441
7.2952,1.0441
7.2957,1.0441
7.2963,1.0391
7.2968,1.0441
7.2974,1.0391
7.2979,1.0441
7.2985,1.0391
7.2990,1.0391
7.2996,1.0441
7.3001,1.0441
7.3007,1.0391
7.3012,1.0441
7.3018,1.0441
7.3023,1.0391
7.3029,1.0391
7.3034,1.0391
7.3040,1.0441
7.3045,1.0340
7.3051,1.0441
7.3056,1.0441
7.3062,1.0441
7.3067,1.0391
7.3073,1.0391
7.3078,1.0391
7.3084,1.0441
7.3089,1.0441
7.3095,1.0441
7.3100,1.0441
7.3106,1.0391
7.3112,1.0340
7.3118,1.0441
7.3124,1.0391
7.3139,1.0391
7.3145,1.0391
7.3152,1.0391
7.3158,1.0441
7.3164,1.0391
7.3169,1.0441
7.3175,1.0391
7.3181,1.0391
7.3187,1.0441
7.3193,1.0441
7.3198,1.0391
7.3204,1.0391
7.3210,1.0391
7.3215,1.0391
7.3221,1.0391
7.3226,1.0391
7.3232,1.0441
7.3237,1.0441
7.3243,1.0391
7.3249,1.0441
7.3255,1.0391
7.3261,1.0441
7.3267,1.0340
7.3272,1.0391
7.3278,1.0391
7.3284,1.0391
7.3289,1.0391
7.3295,1.0441
7.3301,1.0391
7.3307,1.0391
7.3312,1.0391
7.3318,1.0441
7.3324,1.0391
7.3329,1.0391
7.3335,1.0391
7.3341,1.0391
7.3347,1.0441
7.3353,1.0391
7.3358,1.0391
7.3364,1.0391
7.3370,1.0340
7.3375,1.0441
7.3381,1.0391
7.3386,1.0391
7.3392,1.0391
7.3397,1.0391
7.3402,1.0391
7.3408,1.0391
7.3413,1.0441
7.3418,1.0441
7.3424,1.0391
7.3429,1.0391
7.3434,1.0391
7.3440,1.0391
7.3445,1.0340
7.3451,1.0441
7.3456,1.0391
7.3461,1.0391
7.3467,1.0340
7.3472,1.0391
7.3477,1.0391
7.3483,1.0391
7.3489,1.0391
7.3494,1.0391
7.3499,1.0391
7.3505,1.0391
7.3510,1.0340
7.3516,1.0391
7.3521,1.0391
7.3527,1.0391
7.3533,1.0391
7.3538,1.0391
7.3544,1.0391
7.3550,1.0391
7.3556,1.0391
7.3562,1.0340
7.3568,1.0340
7.3574,1.0391
7.3580,1.0340
7.3586,1.0391
7.3591,1.0340
7.3597,1.0391
7.3603,1.0391
7.3609,1.0391
7.3614,1.0340
7.3620,1.0391
7.3625,1.0391
7.3631,1.0391
7.3636,1.0340
7.3642,1.0391
7.3647,1.0391
7.3652,1.0391
7.3658,1.0340
7.3663,1.0391
7.3668,1.0391
7.3673,1.0391
7.3679,1.0391
7.3684,1.0391
7.3690,1.0340
7.3695,1.0340
7.3700,1.0391
7.3706,1.0340
7.3711,1.0340
7.3717,1.0340
7.3722,1.0391
7.3728,1.0340
7.3733,1.0340
7.3738,1.0391
7.3744,1.0340
7.3749,1.0340
7.3755,1.0340
7.3760,1.0391
7.3765,1.0340
7.3771,1.0391
7.3776,1.0441
7.3782,1.0391
7.3787,1.0391
7.3793,1.0391
7.3798,1.0340
7.3804,1.0340
7.3809,1.0391
7.3814,1.0340
7.3820,1.0340
7.3825,1.0340
7.3830,1.0340
7.3836,1.0340
7.3842,1.0290
7.3847,1.0340
7.3852,1.0340
7.3858,1.0340
7.3863,1.0340
7.3868,1.0340
7.3874,1.0391
7.3879,1.0391
7.3884,1.0340
7.3890,1.0290
7.3895,1.0340
7.3900,1.0290
7.3906,1.0391
7.3911,1.0340
7.3917,1.0340
7.3922,1.0340
7.3927,1.0340
7.3932,1.0340
7.3938,1.0290
7.3943,1.0340
7.3949,1.0391
7.3954,1.0391
7.3960,1.0391
7.3965,1.0340
7.3971,1.0340
7.3977,1.0340
7.3982,1.0340
7.3988,1.0340
7.3993,1.0340
7.3998,1.0340
7.4004,1.0340
7.4009,1.0290
7.4014,1.0340
7.4019,1.0290
7.4025,1.0290
7.4031,1.0340
7.4036,1.0340
7.4041,1.0391
7.4047,1.0340
7.4052,1.0391
7.4057,1.0340
7.4063,1.0391
7.4068,1.0340
7.4074,1.0290
7.4079,1.0290
7.4084,1.0340
7.4090,1.0290
7.4095,1.0340
7.4101,1.0391
7.4106,1.0340
7.4111,1.0340
7.4117,1.0290
7.4122,1.0290
7.4128,1.0340
7.4133,1.0340
7.4139,1.0391
7.4144,1.0340
7.4150,1.0290
7.4155,1.0340
7.4160,1.0340
7.4166,1.0340
7.4171,1.0340
7.4176,1.0340
7.4181,1.0340
7.4187,1.0340
7.4192,1.0340
7.4197,1.0340
7.4203,1.0340
7.4208,1.0340
7.4213,1.0290
7.4218,1.0340
7.4224,1.0340
7.4229,1.0340
7.4235,1.0340
7.4240,1.0340
7.4245,1.0290
7.4251,1.0340
7.4256,1.0340
7.4261,1.0340
7.4267,1.0290
7.4272,1.0391
7.4277,1.0290
7.4282,1.0340
7.4288,1.0340
7.4293,1.0340
7.4299,1.0290
7.4304,1.0290
7.4309,1.0290
7.4315,1.0340
7.4320,1.0340
7.4325,1.0340
7.4331,1.0340
7.4336,1.0290
7.4342,1.0290
7.4347,1.0290
7.4352,1.0340
7.4358,1.0290
7.4363,1.0340
7.4369,1.0340
7.4374,1.0340
7.4380,1.0340
7.4385,1.0340
7.4391,1.0290
7.4396,1.0340
7.4402,1.0391
7.4408,1.0290
7.4413,1.0290
7.4419,1.0340
7.4424,1.0340
7.4430,1.0290
7.4435,1.0290
7.4440,1.0340
7.4446,1.0340
7.4451,1.0340
7.4456,1.0340
7.4462,1.0340
7.4467,1.0340
7.4473,1.0239
7.4478,1.0340
7.4484,1.0340
7.4490,1.0340
7.4496,1.0290
7.4502,1.0290
7.4507,1.0340
7.4513,1.0290
7.4519,1.0239
7.4524,1.0290
7.4530,1.0290
7.4536,1.0290
7.4542,1.0290
7.4547,1.0340
7.4553,1.0340
7.4558,1.0290
7.4564,1.0340
7.4570,1.0340
7.4576,1.0340
7.4582,1.0290
7.4587,1.0340
7.4593,1.0290
7.4599,1.0340
7.4605,1.0340
7.4610,1.0340
7.4616,1.0290
7.4622,1.0290
7.4628,1.0290
7.4633,1.0290
7.4639,1.0290
7.4645,1.0290
7.4650,1.0239
7.4656,1.0290
7.4662,1.0340
7.4667,1.0290
7.4673,1.0340
7.4678,1.0290
7.4684,1.0340
7.4689,1.0290
7.4695,1.0239
7.4701,1.0290
7.4707,1.0290
7.4712,1.0290
7.4717,1.0290
7.4723,1.0239
7.4728,1.0340
7.4733,1.0239
7.4739,1.0340
7.4744,1.0290
7.4749,1.0340
7.4755,1.0290
7.4760,1.0290
7.4766,1.0290
7.4772,1.0290
7.4777,1.0290
7.4782,1.0290
7.4788,1.0239
7.4793,1.0290
7.4799,1.0290
7.4804,1.0290
7.4809,1.0340
7.4815,1.0239
7.4820,1.0340
7.4826,1.0290
7.4831,1.0290
7.4836,1.0290
7.4842,1.0290
7.4847,1.0290
7.4852,1.0290
7.4858,1.0290
7.4863,1.0290
7.4869,1.0239
7.4874,1.0239
7.4880,1.0290
7.4885,1.0239
7.4891,1.0290
7.4896,1.0239
7.4902,1.0290
7.4907,1.0290
7.4912,1.0239
7.4918,1.0290
7.4923,1.0290
7.4929,1.0290
7.4934,1.0239
7.4939,1.0290
7.4944,1.0290
7.4950,1.0239
7.4955,1.0340
7.4961,1.0290
7.4966,1.0239
7.4972,1.0239
7.4977,1.0239
7.4982,1.0239
7.4987,1.0239
7.4993,1.0239
7.4998,1.0290
7.5003,1.0239
7.5009,1.0290
7.5014,1.0290
7.5019,1.0290
7.5024,1.0290
7.5030,1.0290
7.5035,1.0290
7.5041,1.0290
7.5046,1.0239
7.5052,1.0290
7.5057,1.0239
7.5062,1.0290
7.5068,1.0290
7.5073,1.0290
7.5078,1.0290
7.5083,1.0239
7.5089,1.0239
7.5094,1.0189
7.5099,1.0290
7.5105,1.0239
7.5110,1.0239
7.5115,1.0189
7.5121,1.0239
7.5126,1.0239
7.5132,1.0239
7.5137,1.0239
7.5142,1.0290
7.5148,1.0189
7.5153,1.0239
7.5158,1.0290
7.5164,1.0189
7.5169,1.0239
7.5175,1.0189
7.5180,1.0239
7.5186,1.0189
7.5191,1.0290
7.5197,1.0189
7.5202,1.0239
7.5208,1.0239
7.5213,1.0239
7.5219,1.0239
7.5225,1.0239
7.5230,1.0290
7.5235,1.0239
7.5241,1.0239
7.5246,1.0290
7.5252,1.0239
7.5257,1.0239
7.5262,1.0239
7.5267,1.0239
7.5273,1.0239
7.5278,1.0239
7.5284,1.0239
7.5289,1.0239
7.5294,1.0290
7.5300,1.0239
7.5305,1.0239
7.5310,1.0239
7.5316,1.0290
7.5321,1.0189
7.5326,1.0290
7.5331,1.0239
7.5337,1.0239
7.5342,1.0290
7.5347,1.0239
7.5353,1.0239
7.5358,1.0290
7.5364,1.0239
7.5369,1.0290
7.5374,1.0290
7.5380,1.0239
7.5385,1.0290
7.5391,1.0239
7.5396,1.0290
7.5401,1.0239
7.5406,1.0290
7.5412,1.0290
7.5417,1.0290
7.5422,1.0239
7.5428,1.0290
7.5433,1.0189
7.5438,1.0290
7.5444,1.0290
7.5449,1.0290
7.5455,1.0290
7.5460,1.0290
7.5466,1.0290
7.5471,1.0290
7.5477,1.0239
7.5484,1.0239
7.5490,1.0290
7.5496,1.0290
7.5501,1.0290
7.5508,1.0290
7.5514,1.0290
7.5520,1.0239
7.5526,1.0189
7.5531,1.0290
7.5537,1.0290
7.5543,1.0239
7.5548,1.0290
7.5554,1.0290
7.5560,1.0340
7.5565,1.0290
7.5571,1.0290
7.5576,1.0290
7.5581,1.0290
7.5587,1.0290
7.5592,1.0290
7.5597,1.0340
7.5602,1.0340
7.5608,1.0340
7.5613,1.0290
7.5619,1.0340
7.5624,1.0340
7.5629,1.0340
7.5635,1.0340
7.5640,1.0290
7.5645,1.0340
7.5651,1.0340
7.5656,1.0340
7.5661,1.0340
7.5666,1.0340
7.5672,1.0391
7.5677,1.0290
7.5682,1.0340
7.5688,1.0290
7.5693,1.0340
7.5699,1.0340
7.5704,1.0391
7.5709,1.0391
7.5715,1.0391
7.5720,1.0391
7.5725,1.0391
7.5730,1.0391
7.5736,1.0340
7.5741,1.0340
7.5747,1.0391
7.5752,1.0391
7.5757,1.0340
7.5763,1.0391
7.5768,1.0391
7.5774,1.0391
7.5779,1.0391
7.5785,1.0391
7.5790,1.0391
7.5795,1.0391
7.5801,1.0391
7.5806,1.0391
7.5812,1.0391
7.5817,1.0441
7.5823,1.0391
7.5828,1.0441
7.5833,1.0441
7.5839,1.0441
7.5844,1.0441
7.5849,1.0441
7.5855,1.0391
7.5860,1.0391
7.5865,1.0441
7.5870,1.0391
7.5876,1.0441
7.5882,1.0441
7.5887,1.0391
7.5893,1.0441
7.5898,1.0441
7.5904,1.0441
7.5909,1.0441
7.5915,1.0441
7.5920,1.0441
7.5926,1.0441
7.5931,1.0491
7.5937,1.0491
7.5943,1.0441
7.5949,1.0441
7.5954,1.0542
7.5960,1.0441
7.5965,1.0441
7.5971,1.0491
7.5976,1.0491
7.5982,1.0491
7.5987,1.0441
7.5993,1.0491
7.5998,1.0491
7.6004,1.0491
7.6009,1.0441
7.6015,1.0491
7.6020,1.0491
7.6026,1.0491
7.6031,1.0491
7.6037,1.0491
7.6042,1.0441
7.6048,1.0441
7.6053,1.0441
7.6058,1.0491
7.6064,1.0441
7.6069,1.0441
7.6074,1.0491
7.6079,1.0542
7.6085,1.0441
7.6090,1.0491
7.6096,1.0542
7.6101,1.0491
7.6107,1.0441
7.6113,1.0491
7.6119,1.0491
7.6125,1.0491
7.6131,1.0542
7.6137,1.0491
7.6142,1.0491
7.6148,1.0491
7.6154,1.0491
7.6160,1.0491
7.6166,1.0491
7.6171,1.0491
7.6177,1.0542
7.6182,1.0491
7.6188,1.0491
7.6193,1.0491
7.6199,1.0491
7.6205,1.0542
7.6210,1.0491
7.6216,1.0491
7.6222,1.0491
7.6228,1.0542
7.6233,1.0542
7.6239,1.0491
7.6245,1.0542
7.6251,1.0491
7.6257,1.0542
7.6262,1.0542
7.6268,1.0491
7.6274,1.0542
7.6281,1.0542
7.6286,1.0542
7.6292,1.0491
7.6297,1.0491
7.6303,1.0491
7.6309,1.0491
7.6314,1.0542
7.6320,1.0542
7.6325,1.0542
7.6331,1.0491
7.6337,1.0491
7.6343,1.0542
7.6348,1.0491
7.6354,1.0491
7.6359,1.0542
7.6365,1.0542
7.6370,1.0542
7.6376,1.0542
7.6381,1.0592
7.6387,1.0542
7.6392,1.0491
7.6398,1.0542
7.6403,1.0542
7.6409,1.0491
7.6414,1.0491
7.6420,1.0491
7.6425,1.0542
7.6431,1.0542
7.6436,1.0491
7.6442,1.0542
7.6447,1.0542
7.6453,1.0542
7.6458,1.0592
7.6464,1.0491
7.6469,1.0542
7.6475,1.0491
7.6480,1.0491
7.6486,1.0542
7.6491,1.0542
7.6497,1.0542
7.6503,1.0542
7.6508,1.0491
7.6514,1.0491
7.6520,1.0592
7.6525,1.0542
7.6531,1.0542
7.6536,1.0592
7.6542,1.0542
7.6547,1.0542
7.6553,1.0542
7.6558,1.0491
7.6563,1.0542
7.6569,1.0542
7.6574,1.0592
7.6580,1.0542
7.6585,1.0491
7.6591,1.0542
7.6597,1.0592
7.6602,1.0592
7.6608,1.0542
7.6613,1.0491
7.6619,1.0592
7.6624,1.0542
7.6630,1.0592
7.6635,1.0542
7.6641,1.0542
7.6646,1.0542
7.6652,1.0491
7.6657,1.0542
7.6663,1.0542
7.6668,1.0542
7.6673,1.0542
7.6679,1.0542
7.6684,1.0542
7.6689,1.0592
7.6695,1.0542
7.6700,1.0592
7.6706,1.0542
7.6711,1.0542
7.6717,1.0542
7.6722,1.0542
7.6728,1.0542
7.6733,1.0542
7.6739,1.0542
7.6744,1.0491
7.6750,1.0491
7.6755,1.0542
7.6761,1.0542
7.6766,1.0542
7.6771,1.0542
7.6777,1.0592
7.6782,1.0542
7.6787,1.0542
7.6793,1.0491
7.6798,1.0542
7.6804,1.0542
7.6809,1.0592
7.6814,1.0542
7.6820,1.0542
7.6825,1.0592
7.6831,1.0542
7.6836,1.0491
7.6842,1.0592
7.6847,1.0542
7.6853,1.0592
7.6859,1.0542
7.6864,1.0542
7.6870,1.0542
7.6876,1.0542
7.6881,1.0542
7.6887,1.0542
7.6892,1.0542
7.6898,1.0592
7.6903,1.0542
7.6909,1.0491
7.6914,1.0542
7.6919,1.0491
7.6925,1.0542
7.6930,1.0592
7.6936,1.0542
7.6941,1.0542
7.6947,1.0491
7.6953,1.0592
7.6959,1.0491
7.6965,1.0542
7.6971,1.0542
7.6976,1.0542
7.6982,1.0542
7.6988,1.0542
7.6993,1.0542
7.6999,1.0542
7.7005,1.0542
7.7011,1.0491
7.7017,1.0491
7.7023,1.0542
7.7029,1.0592
7.7035,1.0491
7.7041,1.0491
7.7047,1.0542
7.7053,1.0491
7.7059,1.0542
7.7065,1.0491
7.7070,1.0592
7.7076,1.0542
7.7081,1.0592
7.7088,1.0592
7.7094,1.0542
7.7099,1.0542
7.7106,1.0542
7.7112,1.0542
7.7118,1.0542
7.7124,1.0542
7.7130,1.0491
7.7136,1.0491
7.7142,1.0542
7.7148,1.0542
7.7154,1.0542
7.7160,1.0542
7.7167,1.0542
7.7173,1.0542
7.7179,1.0592
7.7185,1.0542
7.7191,1.0542
7.7197,1.0592
7.7203,1.0542
7.7208,1.0542
7.7214,1.0491
7.7220,1.0542
7.7226,1.0542
7.7231,1.0542
7.7237,1.0491
7.7244,1.0542
7.7250,1.0542
7.7256,1.0491
7.7262,1.0491
7.7267,1.0542
7.7273,1.0491
7.7279,1.0592
7.7285,1.0542
7.7291,1.0542
7.7297,1.0491
7.7302,1.0542
7.7308,1.0592
7.7314,1.0542
7.7320,1.0542
7.7325,1.0542
7.7331,1.0491
7.7336,1.0542
7.7342,1.0491
7.7347,1.0542
7.7353,1.0542
7.7358,1.0542
7.7363,1.0542
7.7369,1.0491
7.7374,1.0592
7.7379,1.0491
7.7385,1.0491
7.7390,1.0491
7.7396,1.0542
7.7402,1.0542
7.7408,1.0542
7.7414,1.0491
7.7420,1.0491
7.7426,1.0491
7.7432,1.0491
7.7438,1.0491
7.7444,1.0542
7.7450,1.0542
7.7455,1.0542
7.7461,1.0542
7.7468,1.0491
7.7474,1.0491
7.7480,1.0491
7.7486,1.0491
7.7492,1.0542
7.7498,1.0491
7.7504,1.0491
7.7510,1.0491
7.7516,1.0592
7.7522,1.0491
7.7528,1.0491
7.7534,1.0491
7.7541,1.0491
7.7547,1.0542
7.7554,1.0491
7.7559,1.0491
7.7566,1.0542
7.7572,1.0491
7.7578,1.0491
7.7583,1.0491
7.7589,1.0491
7.7595,1.0491
7.7601,1.0491
7.7607,1.0491
7.7613,1.0542
7.7618,1.0491
7.7624,1.0542
7.7630,1.0441
7.7635,1.0491
7.7641,1.0491
7.7647,1.0491
7.7653,1.0491
7.7659,1.0491
7.7664,1.0542
7.7669,1.0491
7.7675,1.0491
7.7680,1.0491
7.7686,1.0491
7.7691,1.0491
7.7697,1.0441
7.7703,1.0542
7.7708,1.0491
7.7714,1.0491
7.7719,1.0491
7.7725,1.0441
7.7730,1.0491
7.7735,1.0542
7.7741,1.0441
7.7747,1.0441
7.7752,1.0391
7.7758,1.0491
7.7763,1.0491
7.7768,1.0441
7.7774,1.0441
7.7779,1.0441
7.7785,1.0491
7.7791,1.0491
7.7796,1.0491
7.7801,1.0441
7.7807,1.0441
7.7812,1.0491
7.7818,1.0491
7.7823,1.0441
7.7829,1.0441
7.7834,1.0391
7.7840,1.0391
7.7845,1.0491
7.7851,1.0491
7.7856,1.0441
7.7862,1.0491
7.7867,1.0441
7.7873,1.0441
7.7878,1.0441
7.7884,1.0391
7.7890,1.0441
7.7895,1.0391
7.7901,1.0491
7.7906,1.0441
7.7911,1.0441
7.7917,1.0441
7.7923,1.0441
7.7928,1.0542
7.7934,1.0491
7.7940,1.0391
7.7946,1.0441
7.7951,1.0441
7.7957,1.0441
7.7962,1.0391
7.7968,1.0441
7.7974,1.0441
7.7980,1.0491
7.7986,1.0441
7.7991,1.0441
7.7997,1.0441
7.8003,1.0441
7.8009,1.0441
7.8014,1.0441
7.8020,1.0441
7.8026,1.0441
7.8033,1.0491
7.8039,1.0441
7.8045,1.0491
7.8050,1.0441
7.8056,1.0441
7.8062,1.0441
7.8068,1.0391
7.8073,1.0391
7.8079,1.0441
7.8085,1.0441
7.8090,1.0441
7.8096,1.0441
7.8101,1.0441
7.8106,1.0441
7.8112,1.0391
7.8117,1.0441
7.8123,1.0391
7.8128,1.0441
7.8133,1.0441
7.8139,1.0491
7.8145,1.0441
7.8151,1.0441
7.8156,1.0441
7.8161,1.0441
7.8167,1.0391
7.8172,1.0391
7.8178,1.0441
7.8183,1.0441
7.8188,1.0391
7.8194,1.0391
7.8199,1.0441
7.8205,1.0441
7.8211,1.0441
7.8217,1.0441
7.8224,1.0441
7.8231,1.0441
7.8237,1.0391
7.8243,1.0441
7.8249,1.0441
7.8255,1.0391
7.8261,1.0441
7.8267,1.0391
7.8273,1.0391
7.8279,1.0441
7.8284,1.0441
7.8290,1.0441
7.8296,1.0441
7.8302,1.0441
7.8308,1.0391
7.8314,1.0340
7.8321,1.0441
7.8326,1.0391
7.8332,1.0391
7.8338,1.0391
7.8345,1.0441
7.8351,1.0391
7.8357,1.0391
7.8362,1.0340
7.8368,1.0340
7.8373,1.0391
7.8378,1.0441
7.8384,1.0441
7.8389,1.0441
7.8394,1.0441
7.8399,1.0391
7.8405,1.0391
7.8410,1.0441
7.8415,1.0391
7.8421,1.0391
7.8426,1.0391
7.8432,1.0391
7.8437,1.0391
7.8442,1.0391
7.8447,1.0391
7.8453,1.0441
7.8458,1.0391
7.8463,1.0441
7.8468,1.0391
7.8474,1.0391
7.8479,1.0391
7.8484,1.0391
7.8490,1.0340
7.8495,1.0340
7.8501,1.0391
7.8506,1.0391
7.8512,1.0441
7.8517,1.0391
7.8522,1.0391
7.8528,1.0391
7.8533,1.0391
7.8538,1.0391
7.8544,1.0391
7.8549,1.0391
7.8554,1.0340
7.8559,1.0391
7.8565,1.0391
7.8570,1.0391
7.8575,1.0441
7.8581,1.0391
7.8586,1.0391
7.8591,1.0391
7.8596,1.0441
7.8602,1.0391
7.8607,1.0340
7.8613,1.0340
7.8618,1.0391
7.8623,1.0391
7.8629,1.0391
7.8634,1.0391
7.8639,1.0391
7.8644,1.0391
7.8650,1.0391
7.8655,1.0441
7.8660,1.0441
7.8665,1.0391
7.8671,1.0391
7.8676,1.0391
7.8681,1.0391
7.8687,1.0391
7.8692,1.0391
7.8697,1.0441
7.8703,1.0391
7.8708,1.0391
7.8713,1.0391
7.8719,1.0340
7.8724,1.0391
7.8729,1.0391
7.8735,1.0391
7.8740,1.0391
7.8745,1.0391
7.8751,1.0391
7.8756,1.0391
7.8761,1.0391
7.8767,1.0391
7.8772,1.0391
7.8777,1.0391
7.8783,1.0391
7.8788,1.0391
7.8793,1.0391
7.8799,1.0391
7.8804,1.0391
7.8809,1.0391
7.8815,1.0340
7.8820,1.0340
7.8825,1.0391
7.8830,1.0391
7.8837,1.0391
7.8843,1.0391
7.8849,1.0441
7.8855,1.0391
7.8861,1.0391
7.8867,1.0391
7.8872,1.0391
7.8878,1.0391
7.8883,1.0391
7.8889,1.0391
7.8895,1.0391
7.8900,1.0391
7.8906,1.0391
7.8912,1.0391
7.8917,1.0340
7.8923,1.0391
7.8929,1.0340
7.8934,1.0340
7.8940,1.0441
7.8946,1.0391
7.8951,1.0391
7.8957,1.0391
7.8962,1.0391
7.8968,1.0391
7.8974,1.0391
7.8980,1.0441
7.8986,1.0340
7.8991,1.0391
7.8997,1.0441
7.9003,1.0441
7.9009,1.0391
7.9014,1.0391
7.9020,1.0391
7.9025,1.0391
7.9031,1.0391
7.9036,1.0340
7.9042,1.0340
7.9047,1.0340
7.9053,1.0391
7.9059,1.0391
7.9065,1.0290
7.9070,1.0391
7.9076,1.0391
7.9082,1.0340
7.9088,1.0441
7.9093,1.0340
7.9099,1.0391
7.9104,1.0340
7.9110,1.0391
7.9116,1.0441
7.9122,1.0391
7.9127,1.0340
7.9133,1.0391
7.9139,1.0391
7.9144,1.0391
7.9150,1.0391
7.9156,1.0391
7.9161,1.0391
7.9167,1.0441
7.9173,1.0340
7.9178,1.0340
7.9184,1.0391
7.9189,1.0391
7.9195,1.0391
7.9200,1.0391
7.9206,1.0391
7.9211,1.0391
7.9216,1.0441
7.9222,1.0340
7.9227,1.0391
7.9232,1.0391
7.9237,1.0391
7.9243,1.0391
7.9248,1.0391
7.9254,1.0340
7.9259,1.0391
7.9264,1.0340
7.9270,1.0391
7.9275,1.0340
7.9280,1.0340
7.9286,1.0391
7.9291,1.0391
7.9296,1.0340
7.9301,1.0340
7.9307,1.0290
7.9312,1.0340
7.9317,1.0391
7.9323,1.0391
7.9328,1.0340
7.9333,1.0340
7.9338,1.0391
7.9344,1.0340
7.9349,1.0340
7.9355,1.0391
7.9360,1.0340
7.9365,1.0340
7.9371,1.0391
7.9377,1.0340
7.9382,1.0340
7.9387,1.0391
7.9393,1.0340
7.9398,1.0340
7.9403,1.0340
7.9409,1.0340
7.9414,1.0391
7.9420,1.0391
7.9425,1.0391
7.9431,1.0391
7.9437,1.0391
7.9442,1.0391
7.9448,1.0290
7.9454,1.0340
7.9460,1.0340
7.9466,1.0340
7.9472,1.0290
7.9478,1.0340
7.9483,1.0391
7.9489,1.0391
7.9495,1.0340
7.9501,1.0391
7.9507,1.0290
7.9513,1.0340
7.9519,1.0391
7.9525,1.0391
7.9530,1.0391
7.9536,1.0391
7.9542,1.0340
7.9547,1.0340
7.9553,1.0340
7.9558,1.0391
7.9563,1.0340
7.9569,1.0391
7.9574,1.0340
7.9579,1.0391
7.9585,1.0340
7.9590,1.0340
7.9595,1.0340
7.9601,1.0391
7.9606,1.0340
7.9611,1.0340
7.9617,1.0340
7.9622,1.0340
7.9627,1.0340
7.9633,1.0391
7.9638,1.0340
7.9643,1.0391
7.9648,1.0391
7.9654,1.0340
7.9659,1.0391
7.9665,1.0340
7.9670,1.0340
7.9675,1.0340
7.9681,1.0340
7.9686,1.0391
7.9691,1.0340
7.9697,1.0340
7.9702,1.0290
7.9708,1.0340
7.9714,1.0290
7.9719,1.0340
7.9724,1.0391
7.9730,1.0391
7.9735,1.0391
7.9740,1.0340
7.9745,1.0340
7.9751,1.0340
7.9756,1.0340
7.9761,1.0290
7.9767,1.0340
7.9772,1.0340
7.9778,1.0340
7.9783,1.0340
7.9788,1.0340
7.9794,1.0340
7.9799,1.0391
7.9804,1.0391
7.9809,1.0290
7.9815,1.0290
7.9820,1.0340
7.9825,1.0340
7.9830,1.0340
7.9836,1.0340
7.9841,1.0340
7.9846,1.0340
7.9852,1.0340
7.9857,1.0290
7.9862,1.0340
7.9868,1.0340
7.9873,1.0340
7.9879,1.0340
7.9884,1.0290
7.9890,1.0340
7.9895,1.0340
7.9901,1.0340
7.9906,1.0340
7.9912,1.0340
7.9917,1.0340
7.9923,1.0290
7.9928,1.0340
7.9933,1.0290
7.9939,1.0340
7.9944,1.0340
7.9950,1.0340
7.9955,1.0340
7.9960,1.0340
7.9966,1.0340
7.9971,1.0340
7.9977,1.0290
7.9982,1.0340
7.9988,1.0290
7.9993,1.0391
7.9998,1.0340
8.0004,1.0290
8.0010,1.0290
8.0015,1.0290
8.0020,1.0340
8.0026,1.0340
8.0031,1.0340
8.0037,1.0340
8.0042,1.0340
8.0047,1.0340
8.0053,1.0340
8.0058,1.0340
8.0063,1.0340
8.0069,1.0340
8.0074,1.0290
8.0080,1.0340
8.0085,1.0340
8.0091,1.0239
8.0096,1.0290
8.0102,1.0340
8.0108,1.0340
8.0113,1.0290
8.0119,1.0290
8.0125,1.0290
8.0131,1.0290
8.0137,1.0340
8.0142,1.0290
8.0148,1.0340
8.0155,1.0340
8.0160,1.0290
8.0166,1.0290
8.0172,1.0290
8.0178,1.0290
8.0184,1.0290
8.0190,1.0340
8.0196,1.0290
8.0202,1.0340
8.0209,1.0290
8.0215,1.0290
8.0220,1.0290
8.0226,1.0340
8.0232,1.0290
8.0238,1.0340
8.0244,1.0340
8.0250,1.0290
8.0256,1.0290
8.0262,1.0340
8.0268,1.0290
8.0274,1.0239
8.0280,1.0340
8.0286,1.0290
8.0292,1.0290
8.0298,1.0239
8.0304,1.0290
8.0310,1.0290
8.0316,1.0290
8.0322,1.0239
8.0328,1.0290
8.0334,1.0290
8.0340,1.0290
8.0347,1.0290
8.0353,1.0290
8.0359,1.0239
8.0365,1.0290
8.0371,1.0290
8.0377,1.0239
8.0383,1.0239
8.0389,1.0239
8.0395,1.0290
8.0401,1.0290
8.0407,1.0290
8.0412,1.0290
8.0418,1.0239
8.0425,1.0290
8.0430,1.0290
8.0436,1.0340
8.0442,1.0290
8.0448,1.0239
8.0454,1.0290
8.0460,1.0239
8.0466,1.0290
8.0472,1.0290
8.0478,1.0239
8.0483,1.0290
8.0488,1.0239
8.0494,1.0290
8.0500,1.0290
8.0505,1.0290
8.0511,1.0239
8.0516,1.0239
8.0522,1.0290
8.0528,1.0239
8.0533,1.0290
8.0539,1.0239
8.0544,1.0290
8.0550,1.0290
8.0555,1.0290
8.0561,1.0290
8.0566,1.0290
8.0572,1.0290
8.0577,1.0290
8.0583,1.0290
8.0588,1.0290
8.0593,1.0290
8.0599,1.0290
8.0604,1.0239
8.0610,1.0239
8.0615,1.0239
8.0621,1.0290
8.0626,1.0290
8.0632,1.0340
8.0638,1.0290
8.0643,1.0290
8.0649,1.0239
8.0654,1.0239
8.0659,1.0290
8.0665,1.0290
8.0670,1.0290
8.0675,1.0290
8.0681,1.0239
8.0686,1.0290
8.0691,1.0290
8.0696,1.0189
8.0702,1.0290
8.0707,1.0239
8.0712,1.0290
8.0718,1.0290
8.0723,1.0239
8.0728,1.0239
8.0733,1.0239
8.0739,1.0290
8.0744,1.0239
8.0750,1.0239
8.0755,1.0239
8.0760,1.0290
8.0766,1.0239
8.0771,1.0290
8.0776,1.0239
8.0782,1.0239
8.0787,1.0290
8.0792,1.0239
8.0798,1.0239
8.0803,1.0239
8.0809,1.0189
8.0815,1.0239
8.0821,1.0239
8.0826,1.0239
8.0832,1.0239
8.0838,1.0239
8.0844,1.0239
8.0850,1.0239
8.0855,1.0290
8.0861,1.0239
8.0867,1.0239
8.0873,1.0239
8.0879,1.0239
8.0884,1.0239
8.0890,1.0239
8.0896,1.0239
8.0902,1.0239
8.0907,1.0290
8.0913,1.0239
8.0918,1.0239
8.0923,1.0189
8.0928,1.0239
8.0934,1.0239
8.0939,1.0290
8.0944,1.0239
8.0950,1.0239
8.0955,1.0239
8.0960,1.0239
8.0965,1.0239
8.0970,1.0239
8.0976,1.0239
8.0981,1.0239
8.0986,1.0239
8.0991,1.0239
8.0997,1.0239
8.1002,1.0239
8.1007,1.0290
8.1012,1.0290
8.1018,1.0239
8.1023,1.0189
8.1028,1.0239
8.1033,1.0189
8.1039,1.0290
8.1044,1.0189
8.1049,1.0239
8.1054,1.0239
8.1060,1.0239
8.1065,1.0239
8.1070,1.0239
8.1076,1.0239
8.1081,1.0189
8.1087,1.0290
8.1093,1.0189
8.1098,1.0189
8.1104,1.0189
8.1109,1.0239
8.1115,1.0239
8.1120,1.0189
8.1125,1.0189
8.1130,1.0239
8.1136,1.0239
8.1141,1.0189
8.1147,1.0189
8.1152,1.0239
8.1157,1.0189
8.1162,1.0189
8.1168,1.0239
8.1173,1.0189
8.1178,1.0189
8.1184,1.0239
8.1189,1.0189
8.1195,1.0189
8.1200,1.0239
8.1206,1.0239
8.1211,1.0189
8.1217,1.0239
8.1222,1.0189
8.1228,1.0239
8.1233,1.0239
8.1239,1.0189
8.1244,1.0239
8.1249,1.0189
8.1254,1.0239
8.1260,1.0239
8.1265,1.0189
8.1270,1.0239
8.1276,1.0189
8.1281,1.0189
8.1286,1.0189
8.1292,1.0189
8.1297,1.0189
8.1303,1.0138
8.1308,1.0189
8.1314,1.0239
8.1320,1.0239
8.1325,1.0138
8.1330,1.0189
8.1336,1.0189
8.1342,1.0189
8.1347,1.0189
8.1352,1.0189
8.1357,1.0239
8.1363,1.0189
8.1368,1.0189
8.1373,1.0189
8.1378,1.0239
8.1383,1.0239
8.1389,1.0138
8.1394,1.0138
8.1399,1.0189
8.1404,1.0189
8.1410,1.0189
8.1415,1.0138
8.1420,1.0189
8.1425,1.0189
8.1431,1.0239
8.1436,1.0189
8.1441,1.0189
8.1446,1.0239
8.1451,1.0189
8.1457,1.0189
8.1462,1.0239
8.1467,1.0189
8.1472,1.0189
8.1478,1.0189
8.1483,1.0189
8.1488,1.0189
8.1493,1.0189
8.1499,1.0189
8.1504,1.0239
8.1510,1.0189
8.1515,1.0189
8.1520,1.0189
8.1525,1.0189
8.1530,1.0189
8.1536,1.0189
8.1541,1.0189
8.1546,1.0189
8.1551,1.0189
8.1557,1.0189
8.1562,1.0189
8.1567,1.0189
8.1572,1.0189
8.1578,1.0189
8.1583,1.0239
8.1588,1.0189
8.1593,1.0189
8.1599,1.0138
8.1604,1.0189
8.1609,1.0189
8.1614,1.0189
8.1619,1.0189
8.1625,1.0189
8.1630,1.0189
8.1635,1.0189
8.1640,1.0239
8.1646,1.0189
8.1651,1.0189
8.1656,1.0189
8.1661,1.0189
8.1667,1.0239
8.1672,1.0189
8.1677,1.0189
8.1682,1.0189
8.1687,1.0189
8.1693,1.0189
8.1698,1.0138
8.1703,1.0189
8.1708,1.0189
8.1714,1.0189
8.1719,1.0189
8.1724,1.0189
8.1729,1.0189
8.1734,1.0189
8.1740,1.0239
8.1745,1.0189
8.1750,1.0189
8.1755,1.0239
8.1761,1.0189
8.1766,1.0189
8.1771,1.0239
8.1776,1.0189
8.1782,1.0189
8.1787,1.0138
8.1792,1.0189
8.1797,1.0239
8.1803,1.0189
8.1808,1.0189
8.1813,1.0189
8.1818,1.0239
8.1824,1.0189
8.1829,1.0189
8.1834,1.0189
8.1839,1.0189
8.1845,1.0189
8.1850,1.0189
8.1855,1.0239
8.1860,1.0239
8.1865,1.0239
8.1871,1.0239
8.1876,1.0189
8.1881,1.0239
8.1886,1.0189
8.1892,1.0239
8.1897,1.0189
8.1902,1.0189
8.1907,1.0189
8.1912,1.0239
8.1918,1.0239
8.1923,1.0290
8.1928,1.0239
8.1933,1.0239
8.1939,1.0239
8.1944,1.0239
8.1949,1.0239
8.1954,1.0239
8.1960,1.0290
8.1965,1.0239
8.1970,1.0239
8.1975,1.0239
8.1980,1.0189
8.1986,1.0239
8.1991,1.0239
8.1996,1.0290
8.2001,1.0290
8.2007,1.0290
8.2012,1.0290
8.2017,1.0239
8.2022,1.0290
8.2028,1.0290
8.2033,1.0290
8.2038,1.0290
8.2043,1.0290
8.2048,1.0290
8.2054,1.0290
8.2059,1.0290
8.2064,1.0340
8.2069,1.0340
8.2075,1.0340
8.2080,1.0340
8.2085,1.0340
8.2090,1.0340
8.2096,1.0290
8.2101,1.0340
8.2106,1.0290
8.2111,1.0340
8.2116,1.0340
8.2122,1.0340
8.2127,1.0340
8.2132,1.0290
8.2137,1.0340
8.2143,1.0340
8.2148,1.0340
8.2153,1.0340
8.2158,1.0340
8.2164,1.0340
8.2169,1.0340
8.2174,1.0340
8.2179,1.0340
8.2184,1.0340
8.2190,1.0340
8.2195,1.0391
8.2200,1.0391
8.2205,1.0391
8.2211,1.0391
8.2216,1.0391
8.2221,1.0391
8.2226,1.0391
8.2231,1.0391
8.2237,1.0340
8.2242,1.0391
8.2247,1.0391
8.2252,1.0391
8.2258,1.0340
8.2263,1.0391
8.2268,1.0391
8.2273,1.0391
8.2279,1.0391
8.2284,1.0391
8.2289,1.0441
8.2294,1.0441
8.2299,1.0441
8.2305,1.0391
8.2310,1.0441
8.2315,1.0391
8.2320,1.0441
8.2326,1.0441
8.2331,1.0441
8.2336,1.0441
8.2341,1.0391
8.2347,1.0441
8.2352,1.0391
8.2357,1.0441
8.2362,1.0391
8.2367,1.0441
8.2373,1.0340
8.2378,1.0441
8.2383,1.0441
8.2388,1.0441
8.2394,1.0441
8.2399,1.0441
8.2404,1.0391
8.2409,1.0441
8.2415,1.0491
8.2420,1.0441
8.2425,1.0441
8.2430,1.0441
8.2435,1.0441
8.2441,1.0391
8.2446,1.0441
8.2451,1.0441
8.2457,1.0441
8.2462,1.0441
8.2467,1.0391
8.2472,1.0491
8.2478,1.0491
8.2483,1.0491
8.2488,1.0441
8.2493,1.0441
8.2499,1.0441
8.2504,1.0441
8.2509,1.0441
8.2514,1.0441
8.2519,1.0441
8.2525,1.0441
8.2530,1.0441
8.2535,1.0441
8.2540,1.0441
8.2546,1.0441
8.2551,1.0491
8.2556,1.0441
8.2561,1.0441
8.2567,1.0491
8.2572,1.0441
8.2577,1.0491
8.2582,1.0441
8.2587,1.0441
8.2593,1.0491
8.2598,1.0491
8.2603,1.0441
8.2608,1.0441
8.2614,1.0441
8.2619,1.0491
8.2624,1.0491
8.2629,1.0441
8.2635,1.0491
8.2640,1.0441
8.2645,1.0491
8.2650,1.0441
8.2655,1.0491
8.2661,1.0441
8.2666,1.0441
8.2671,1.0491
8.2676,1.0441
8.2682,1.0491
8.2687,1.0491
8.2692,1.0491
8.2697,1.0491
8.2703,1.0491
8.2708,1.0491
8.2713,1.0491
8.2718,1.0491
8.2723,1.0542
8.2729,1.0491
8.2734,1.0491
8.2739,1.0491
8.2744,1.0491
8.2750,1.0491
8.2755,1.0491
8.2760,1.0491
8.2765,1.0491
8.2771,1.0491
8.2776,1.0491
8.2781,1.0491
8.2786,1.0491
8.2791,1.0491
8.2797,1.0491
8.2802,1.0441
8.2807,1.0491
8.2812,1.0491
8.2818,1.0491
8.2823,1.0491
8.2828,1.0441
8.2833,1.0491
8.2838,1.0491
8.2844,1.0491
8.2849,1.0491
8.2854,1.0491
8.2859,1.0491
8.2865,1.0491
8.2870,1.0491
8.2875,1.0491
8.2880,1.0491
8.2886,1.0491
8.2891,1.0491
8.2896,1.0441
8.2901,1.0441
8.2906,1.0491
8.2912,1.0491
8.2917,1.0491
8.2922,1.0491
8.2927,1.0491
8.2933,1.0491
8.2938,1.0491
8.2943,1.0491
8.2949,1.0441
8.2954,1.0491
8.2959,1.0491
8.2964,1.0491
8.2969,1.0491
8.2975,1.0491
8.2980,1.0491
8.2985,1.0491
8.2990,1.0441
8.2996,1.0491
8.3001,1.0441
8.3006,1.0491
8.3011,1.0491
8.3017,1.0491
8.3022,1.0542
8.3027,1.0491
8.3032,1.0491
8.3037,1.0441
8.3043,1.0491
8.3048,1.0491
8.3053,1.0441
8.3058,1.0491
8.3064,1.0542
8.3069,1.0491
8.3074,1.0542
8.3079,1.0491
8.3085,1.0491
8.3090,1.0491
8.3095,1.0491
8.3100,1.0491
8.3105,1.0542
8.3111,1.0542
8.3116,1.0491
8.3121,1.0491
8.3127,1.0491
8.3132,1.0491
8.3137,1.0491
8.3142,1.0491
8.3147,1.0542
8.3153,1.0491
8.3158,1.0491
8.3163,1.0542
8.3168,1.0491
8.3174,1.0491
8.3179,1.0441
8.3184,1.0542
8.3189,1.0491
8.3194,1.0491
8.3200,1.0491
8.3205,1.0491
8.3210,1.0491
8.3215,1.0491
8.3221,1.0542
8.3226,1.0491
8.3231,1.0542
8.3236,1.0542
8.3242,1.0491
8.3247,1.0491
8.3252,1.0491
8.3257,1.0491
8.3262,1.0542
8.3268,1.0491
8.3273,1.0491
8.3278,1.0542
8.3283,1.0491
8.3289,1.0491
8.3294,1.0491
8.3299,1.0542
8.3304,1.0491
8.3310,1.0491
8.3315,1.0542
8.3320,1.0542
8.3325,1.0491
8.3330,1.0441
8.3336,1.0491
8.3341,1.0491
8.3346,1.0542
8.3351,1.0491
8.3357,1.0491
8.3362,1.0491
8.3367,1.0491
8.3372,1.0491
8.3378,1.0542
8.3383,1.0542
8.3388,1.0491
8.3393,1.0542
8.3398,1.0542
8.3404,1.0491
8.3409,1.0491
8.3414,1.0491
8.3419,1.0491
8.3425,1.0491
8.3430,1.0542
8.3435,1.0491
8.3440,1.0491
8.3446,1.0491
8.3451,1.0491
8.3456,1.0491
8.3461,1.0491
8.3466,1.0542
8.3472,1.0491
8.3477,1.0491
8.3482,1.0491
8.3487,1.0491
8.3493,1.0491
8.3498,1.0491
8.3503,1.0491
8.3508,1.0491
8.3513,1.0441
8.3519,1.0491
8.3524,1.0491
8.3529,1.0491
8.3534,1.0542
8.3540,1.0491
8.3545,1.0491
8.3550,1.0491
8.3555,1.0491
8.3561,1.0491
8.3566,1.0491
8.3571,1.0491
8.3576,1.0542
8.3581,1.0491
8.3587,1.0542
8.3592,1.0542
8.3597,1.0491
8.3602,1.0491
8.3608,1.0491
8.3613,1.0491
8.3618,1.0491
8.3623,1.0491
8.3629,1.0491
8.3634,1.0542
8.3639,1.0542
8.3644,1.0491
8.3649,1.0491
8.3655,1.0491
8.3660,1.0491
8.3665,1.0491
8.3670,1.0542
8.3676,1.0441
8.3681,1.0491
8.3686,1.0441
8.3691,1.0441
8.3697,1.0491
8.3702,1.0441
8.3707,1.0491
8.3712,1.0491
8.3717,1.0491
8.3723,1.0491
8.3728,1.0491
8.3733,1.0491
8.3738,1.0491
8.3744,1.0491
8.3749,1.0491
8.3754,1.0491
8.3759,1.0491
8.3764,1.0542
8.3770,1.0491
8.3775,1.0491
8.3780,1.0491
8.3786,1.0491
8.3791,1.0441
8.3796,1.0491
8.3801,1.0491
8.3806,1.0491
8.3812,1.0542
8.3817,1.0491
8.3822,1.0491
8.3827,1.0491
8.3833,1.0491
8.3838,1.0441
8.3843,1.0491
8.3848,1.0491
8.3854,1.0491
8.3859,1.0491
8.3864,1.0491
8.3869,1.0491
8.3874,1.0491
8.3880,1.0491
8.3885,1.0441
8.3890,1.0491
8.3895,1.0441
8.3901,1.0491
8.3906,1.0441
8.3914,1.0391
8.3920,1.0491
8.3925,1.0441
8.3931,1.0441
8.3936,1.0441
8.3942,1.0491
8.3947,1.0441
8.3952,1.0441
8.3957,1.0441
8.3963,1.0491
8.3968,1.0441
8.3973,1.0491
8.3978,1.0441
8.3983,1.0441
8.3989,1.0441
8.3994,1.0441
8.3999,1.0491
8.4004,1.0441
8.4009,1.0491
8.4015,1.0441
8.4020,1.0491
8.4025,1.0491
8.4030,1.0491
8.4035,1.0491
8.4041,1.0441
8.4046,1.0491
8.4051,1.0491
8.4056,1.0441
8.4062,1.0441
8.4067,1.0441
8.4072,1.0491
8.4077,1.0441
8.4082,1.0491
8.4088,1.0441
8.4093,1.0441
8.4098,1.0441
8.4103,1.0491
8.4108,1.0391
8.4114,1.0491
8.4119,1.0491
8.4124,1.0491
8.4129,1.0441
8.4134,1.0491
8.4140,1.0491
8.4145,1.0441
8.4150,1.0441
8.4155,1.0491
8.4160,1.0441
8.4166,1.0441
8.4171,1.0441
8.4176,1.0441
8.4181,1.0491
8.4186,1.0441
8.4192,1.0441
8.4197,1.0441
8.4202,1.0441
8.4207,1.0441
8.4212,1.0441
8.4218,1.0441
8.4223,1.0441
8.4228,1.0441
8.4233,1.0441
8.4238,1.0491
8.4244,1.0491
8.4249,1.0491
8.4254,1.0441
8.4260,1.0441
8.4265,1.0391
8.4271,1.0441
8.4277,1.0441
8.4282,1.0391
8.4288,1.0391
8.4293,1.0441
8.4299,1.0391
8.4304,1.0491
8.4309,1.0441
8.4315,1.0441
8.4320,1.0441
8.4326,1.0441
8.4336,1.0391
8.4342,1.0391
8.4347,1.0441
8.4352,1.0391
8.4358,1.0391
8.4363,1.0391
8.4368,1.0391
8.4373,1.0441
8.4379,1.0441
8.4384,1.0441
8.4389,1.0391
8.4394,1.0441
8.4400,1.0441
8.4405,1.0441
8.4410,1.0391
8.4415,1.0441
8.4420,1.0391
8.4426,1.0391
8.4431,1.0391
8.4436,1.0391
8.4441,1.0441
8.4447,1.0441
8.4452,1.0441
8.4457,1.0391
8.4463,1.0391
8.4468,1.0441
8.4473,1.0441
8.4478,1.0441
8.4483,1.0391
8.4489,1.0391
8.4494,1.0441
8.4499,1.0391
8.4505,1.0441
8.4510,1.0391
8.4515,1.0441
8.4520,1.0441
8.4526,1.0391
8.4531,1.0391
8.4536,1.0441
8.4541,1.0391
8.4546,1.0441
8.4552,1.0441
8.4557,1.0391
8.4562,1.0391
8.4567,1.0391
8.4573,1.0391
8.4578,1.0391
8.4583,1.0391
8.4588,1.0391
8.4594,1.0340
8.4599,1.0391
8.4604,1.0391
8.4609,1.0391
8.4614,1.0391
8.4620,1.0441
8.4625,1.0391
8.4630,1.0391
8.4635,1.0391
8.4641,1.0391
8.4646,1.0391
8.4651,1.0391
8.4657,1.0391
8.4662,1.0391
8.4667,1.0391
8.4672,1.0441
8.4678,1.0391
8.4683,1.0391
8.4688,1.0391
8.4693,1.0391
8.4698,1.0391
8.4704,1.0391
8.4709,1.0391
8.4714,1.0441
8.4719,1.0391
8.4725,1.0391
8.4730,1.0391
8.4735,1.0391
8.4740,1.0391
8.4746,1.0391
8.4751,1.0391
8.4756,1.0441
8.4761,1.0391
8.4766,1.0391
8.4772,1.0391
8.4777,1.0391
8.4782,1.0391
8.4787,1.0391
8.4793,1.0391
8.4798,1.0340
8.4803,1.0391
8.4808,1.0391
8.4814,1.0391
8.4819,1.0391
8.4824,1.0391
8.4829,1.0391
8.4834,1.0391
8.4840,1.0340
8.4845,1.0340
8.4850,1.0391
8.4855,1.0391
8.4861,1.0340
8.4866,1.0340
8.4871,1.0391
8.4876,1.0340
8.4882,1.0391
8.4887,1.0340
8.4892,1.0391
8.4897,1.0340
8.4903,1.0391
8.4908,1.0391
8.4913,1.0391
8.4918,1.0340
8.4923,1.0340
8.4929,1.0391
8.4934,1.0391
8.4939,1.0391
8.4944,1.0391
8.4950,1.0391
8.4955,1.0391
8.4960,1.0290
8.4965,1.0340
8.4971,1.0340
8.4976,1.0340
8.4981,1.0391
8.4986,1.0441
8.4992,1.0391
8.4997,1.0340
8.5002,1.0340
8.5007,1.0391
8.5013,1.0391
8.5018,1.0391
8.5023,1.0340
8.5028,1.0340
8.5034,1.0391
8.5039,1.0340
8.5044,1.0391
8.5049,1.0340
8.5054,1.0391
8.5060,1.0391
8.5065,1.0391
8.5070,1.0340
8.5075,1.0340
8.5081,1.0391
8.5086,1.0340
8.5091,1.0391
8.5096,1.0391
8.5102,1.0340
8.5107,1.0340
8.5112,1.0391
8.5117,1.0340
8.5123,1.0340
8.5128,1.0340
8.5133,1.0340
8.5138,1.0391
8.5144,1.0391
8.5149,1.0391
8.5154,1.0340
8.5159,1.0340
8.5165,1.0340
8.5170,1.0340
8.5175,1.0340
8.5180,1.0340
8.5186,1.0391
8.5191,1.0391
8.5196,1.0391
8.5201,1.0340
8.5206,1.0391
8.5212,1.0340
8.5217,1.0340
8.5222,1.0340
8.5227,1.0340
8.5233,1.0391
8.5238,1.0340
8.5243,1.0340
8.5248,1.0340
8.5254,1.0391
8.5259,1.0391
8.5264,1.0391
8.5269,1.0391
8.5274,1.0391
8.5280,1.0340
8.5285,1.0290
8.5290,1.0391
8.5295,1.0290
8.5301,1.0340
8.5306,1.0340
8.5311,1.0391
8.5316,1.0391
8.5322,1.0391
8.5327,1.0391
8.5332,1.0391
8.5337,1.0340
8.5342,1.0391
8.5348,1.0340
8.5353,1.0391
8.5358,1.0391
8.5363,1.0340
8.5369,1.0340
8.5374,1.0340
8.5379,1.0340
8.5384,1.0340
8.5390,1.0391
8.5395,1.0391
8.5400,1.0391
8.5405,1.0391
8.5410,1.0340
8.5416,1.0391
8.5421,1.0340
8.5426,1.0340
8.5431,1.0391
8.5437,1.0340
8.5442,1.0340
8.5447,1.0340
8.5452,1.0340
8.5458,1.0290
8.5463,1.0340
8.5468,1.0391
8.5473,1.0340
8.5478,1.0391
8.5484,1.0340
8.5489,1.0340
8.5494,1.0340
8.5500,1.0391
8.5505,1.0391
8.5510,1.0391
8.5515,1.0391
8.5521,1.0340
8.5526,1.0391
8.5531,1.0391
8.5536,1.0340
8.5541,1.0340
8.5547,1.0391
8.5552,1.0340
8.5557,1.0340
8.5562,1.0340
8.5567,1.0340
8.5573,1.0340
8.5578,1.0340
8.5583,1.0340
8.5588,1.0391
8.5594,1.0340
8.5599,1.0391
8.5604,1.0391
8.5609,1.0340
8.5614,1.0290
8.5620,1.0340
8.5625,1.0340
8.5630,1.0340
8.5635,1.0290
8.5640,1.0391
8.5646,1.0391
8.5651,1.0290
8.5656,1.0340
8.5661,1.0340
8.5667,1.0340
8.5672,1.0340
8.5677,1.0340
8.5682,1.0340
8.5687,1.0290
8.5693,1.0340
8.5698,1.0340
8.5703,1.0391
8.5708,1.0391
8.5713,1.0340
8.5719,1.0340
8.5724,1.0391
8.5729,1.0340
8.5734,1.0340
8.5740,1.0340
8.5745,1.0290
8.5750,1.0340
8.5755,1.0340
8.5760,1.0391
8.5766,1.0340
8.5771,1.0391
8.5776,1.0340
8.5781,1.0340
8.5786,1.0340
8.5792,1.0391
8.5797,1.0340
8.5802,1.0391
8.5807,1.0340
8.5813,1.0340
8.5818,1.0340
8.5823,1.0340
8.5828,1.0290
8.5834,1.0340
8.5839,1.0340
8.5844,1.0340
8.5849,1.0340
8.5854,1.0340
8.5860,1.0340
8.5865,1.0340
8.5870,1.0340
8.5875,1.0340
8.5880,1.0340
8.5886,1.0340
8.5891,1.0340
8.5896,1.0391
8.5901,1.0340
8.5907,1.0290
8.5912,1.0391
8.5917,1.0340
8.5922,1.0340
8.5927,1.0340
8.5933,1.0340
8.5938,1.0340
8.5943,1.0340
8.5948,1.0340
8.5953,1.0340
8.5959,1.0340
8.5964,1.0340
8.5969,1.0340
8.5974,1.0340
8.5980,1.0290
8.5985,1.0340
8.5990,1.0340
8.5995,1.0340
8.6000,1.0340
8.6006,1.0340
8.6011,1.0340
8.6016,1.0340
8.6021,1.0340
8.6026,1.0340
8.6032,1.0340
8.6037,1.0340
8.6042,1.0340
8.6047,1.0290
8.6053,1.0340
8.6058,1.0340
8.6063,1.0340
8.6068,1.0340
8.6073,1.0340
8.6079,1.0340
8.6084,1.0340
8.6089,1.0340
8.6094,1.0340
8.6100,1.0290
8.6105,1.0340
8.6111,1.0340
8.6116,1.0290
8.6122,1.0340
8.6128,1.0290
8.6133,1.0290
8.6138,1.0340
8.6144,1.0290
8.6149,1.0340
8.6155,1.0340
8.6160,1.0340
8.6165,1.0290
8.6171,1.0340
8.6176,1.0391
8.6181,1.0340
8.6187,1.0290
8.6192,1.0340
8.6197,1.0340
8.6205,1.0290
8.6211,1.0340
8.6216,1.0290
8.6222,1.0340
8.6228,1.0340
8.6233,1.0290
8.6239,1.0340
8.6244,1.0290
8.6250,1.0290
8.6255,1.0340
8.6261,1.0340
8.6266,1.0340
8.6271,1.0340
8.6277,1.0290
8.6282,1.0340
8.6287,1.0340
8.6292,1.0340
8.6298,1.0290
8.6303,1.0340
8.6308,1.0340
8.6313,1.0290
8.6318,1.0340
8.6324,1.0290
8.6329,1.0290
8.6334,1.0340
8.6340,1.0340
8.6345,1.0290
8.6350,1.0290
8.6356,1.0340
8.6361,1.0340
8.6366,1.0340
8.6371,1.0340
8.6376,1.0290
8.6382,1.0340
8.6387,1.0340
8.6392,1.0290
8.6397,1.0340
8.6403,1.0290
8.6408,1.0290
8.6413,1.0290
8.6418,1.0290
8.6423,1.0290
8.6429,1.0290
8.6434,1.0340
8.6439,1.0340
8.6444,1.0340
8.6449,1.0290
8.6455,1.0340
8.6460,1.0290
8.6465,1.0290
8.6471,1.0340
8.6476,1.0340
8.6481,1.0290
8.6486,1.0290
8.6491,1.0290
8.6497,1.0290
8.6502,1.0290
8.6507,1.0290
8.6512,1.0340
8.6518,1.0340
8.6523,1.0290
8.6528,1.0239
8.6533,1.0290
8.6538,1.0290
8.6544,1.0340
8.6549,1.0290
8.6554,1.0340
8.6559,1.0290
8.6565,1.0290
8.6570,1.0290
8.6575,1.0340
8.6580,1.0340
8.6585,1.0340
8.6591,1.0340
8.6596,1.0290
8.6601,1.0290
8.6606,1.0290
8.6612,1.0290
8.6617,1.0290
8.6622,1.0340
8.6627,1.0340
8.6632,1.0340
8.6638,1.0340
8.6643,1.0290
8.6648,1.0290
8.6653,1.0290
8.6658,1.0290
8.6664,1.0290
8.6669,1.0340
8.6674,1.0340
8.6679,1.0290
8.6684,1.0290
8.6690,1.0290
8.6695,1.0340
8.6700,1.0290
8.6705,1.0290
8.6711,1.0290
8.6716,1.0340
8.6721,1.0290
8.6726,1.0290
8.6731,1.0239
8.6737,1.0290
8.6742,1.0290
8.6747,1.0290
8.6752,1.0340
8.6758,1.0340
8.6763,1.0290
8.6768,1.0290
8.6773,1.0290
8.6778,1.0290
8.6784,1.0290
8.6789,1.0239
8.6794,1.0239
8.6799,1.0290
8.6804,1.0340
8.6810,1.0290
8.6815,1.0290
8.6820,1.0290
8.6825,1.0290
8.6830,1.0290
8.6836,1.0290
8.6841,1.0290
8.6846,1.0290
8.6852,1.0290
8.6857,1.0290
8.6862,1.0290
8.6867,1.0290
8.6873,1.0290
8.6878,1.0340
8.6883,1.0340
8.6888,1.0290
8.6893,1.0290
8.6899,1.0290
8.6904,1.0290
8.6909,1.0290
8.6914,1.0290
8.6920,1.0290
8.6925,1.0290
8.6930,1.0290
8.6935,1.0340
8.6941,1.0290
8.6946,1.0290
8.6951,1.0239
8.6956,1.0239
8.6962,1.0239
8.6967,1.0290
8.6972,1.0239
8.6977,1.0290
8.6982,1.0290
8.6988,1.0290
8.6993,1.0290
8.6998,1.0290
8.7003,1.0239
8.7009,1.0290
8.7014,1.0239
8.7019,1.0239
8.7024,1.0239
8.7030,1.0239
8.7035,1.0239
8.7040,1.0290
8.7045,1.0290
8.7050,1.0290
8.7056,1.0290
8.7061,1.0290
8.7066,1.0290
8.7071,1.0290
8.7077,1.0239
8.7082,1.0239
8.7087,1.0290
8.7092,1.0239
8.7097,1.0290
8.7103,1.0239
8.7108,1.0290
8.7113,1.0239
8.7118,1.0239
8.7123,1.0290
8.7129,1.0290
8.7134,1.0290
8.7139,1.0290
8.7145,1.0290
8.7150,1.0239
8.7155,1.0239
8.7160,1.0290
8.7166,1.0239
8.7171,1.0290
8.7176,1.0239
8.7181,1.0290
8.7186,1.0290
8.7192,1.0239
8.7197,1.0290
8.7202,1.0239
8.7207,1.0290
8.7213,1.0239
8.7218,1.0290
8.7223,1.0290
8.7228,1.0239
8.7234,1.0239
8.7239,1.0239
8.7244,1.0239
8.7249,1.0239
8.7254,1.0239
8.7260,1.0290
8.7265,1.0239
8.7270,1.0290
8.7275,1.0239
8.7281,1.0290
8.7286,1.0239
8.7291,1.0290
8.7296,1.0290
8.7301,1.0239
8.7307,1.0239
8.7312,1.0239
8.7317,1.0290
8.7322,1.0239
8.7327,1.0239
8.7333,1.0239
8.7338,1.0239
8.7343,1.0239
8.7348,1.0239
8.7354,1.0239
8.7359,1.0290
8.7364,1.0239
8.7369,1.0189
8.7375,1.0239
8.7380,1.0189
8.7385,1.0239
8.7390,1.0189
8.7395,1.0239
8.7401,1.0239
8.7406,1.0290
8.7411,1.0239
8.7416,1.0239
8.7422,1.0239
8.7427,1.0239
8.7432,1.0239
8.7437,1.0239
8.7443,1.0189
8.7448,1.0239
8.7453,1.0239
8.7458,1.0239
8.7464,1.0239
8.7469,1.0239
8.7475,1.0239
8.7481,1.0239
8.7486,1.0239
8.7492,1.0290
8.7497,1.0239
8.7503,1.0239
8.7508,1.0239
8.7514,1.0239
8.7519,1.0189
8.7525,1.0239
8.7530,1.0239
8.7536,1.0189
8.7542,1.0239
8.7547,1.0239
8.7553,1.0189
8.7558,1.0290
8.7564,1.0239
8.7570,1.0239
8.7575,1.0239
8.7580,1.0239
8.7586,1.0239
8.7591,1.0239
8.7597,1.0239
8.7602,1.0239
8.7608,1.0239
8.7613,1.0239
8.7618,1.0239
8.7624,1.0189
8.7629,1.0189
8.7635,1.0239
8.7642,1.0239
8.7648,1.0239
8.7653,1.0239
8.7659,1.0189
8.7665,1.0239
8.7670,1.0189
8.7676,1.0239
8.7682,1.0189
8.7687,1.0189
8.7693,1.0239
8.7698,1.0239
8.7704,1.0239
8.7709,1.0239
8.7715,1.0239
8.7720,1.0189
8.7725,1.0239
8.7731,1.0189
8.7736,1.0239
8.7742,1.0239
8.7747,1.0189
8.7753,1.0189
8.7758,1.0189
8.7764,1.0189
8.7769,1.0239
8.7774,1.0189
8.7780,1.0189
8.7785,1.0239
8.7791,1.0189
8.7796,1.0189
8.7802,1.0189
8.7807,1.0239
8.7813,1.0189
8.7818,1.0239
8.7824,1.0239
8.7829,1.0239
8.7834,1.0239
8.7840,1.0189
8.7845,1.0239
8.7851,1.0239
8.7856,1.0189
8.7862,1.0189
8.7867,1.0189
8.7872,1.0189
8.7878,1.0239
8.7883,1.0189
8.7889,1.0189
8.7894,1.0239
8.7900,1.0189
8.7905,1.0189
8.7910,1.0189
8.7916,1.0189
8.7921,1.0189
8.7927,1.0189
8.7932,1.0189
8.7938,1.0189
8.7943,1.0189
8.7948,1.0189
8.7954,1.0239
8.7959,1.0239
8.7965,1.0189
8.7970,1.0189
8.7976,1.0189
8.7981,1.0189
8.7986,1.0189
8.7992,1.0189
8.7997,1.0189
8.8003,1.0189
8.8008,1.0189
8.8014,1.0189
8.8019,1.0189
8.8024,1.0189
8.8030,1.0189
8.8035,1.0189
8.8041,1.0189
8.8047,1.0189
8.8052,1.0189
8.8057,1.0189
8.8063,1.0239
8.8068,1.0138
8.8074,1.0239
8.8079,1.0138
8.8085,1.0189
8.8090,1.0239
8.8096,1.0189
8.8101,1.0189
8.8107,1.0189
8.8112,1.0138
8.8118,1.0239
8.8123,1.0189
8.8128,1.0189
8.8134,1.0138
8.8139,1.0189
8.8145,1.0189
8.8150,1.0189
8.8156,1.0138
8.8161,1.0189
8.8167,1.0189
8.8172,1.0189
8.8178,1.0239
8.8183,1.0189
8.8189,1.0189
8.8194,1.0138
8.8200,1.0189
8.8205,1.0138
8.8210,1.0189
8.8216,1.0189
8.8221,1.0138
8.8227,1.0189
8.8232,1.0138
8.8238,1.0239
8.8243,1.0189
8.8249,1.0138
8.8254,1.0189
8.8260,1.0138
8.8265,1.0189
8.8271,1.0189
8.8276,1.0138
8.8281,1.0138
8.8287,1.0189
8.8292,1.0189
8.8298,1.0189
8.8303,1.0189
8.8309,1.0189
8.8314,1.0138
8.8320,1.0138
8.8325,1.0189
8.8331,1.0239
8.8336,1.0138
8.8342,1.0189
8.8347,1.0189
8.8353,1.0189
8.8358,1.0189
8.8363,1.0138
8.8369,1.0189
8.8374,1.0138
8.8380,1.0138
8.8385,1.0138
8.8391,1.0189
8.8396,1.0189
8.8402,1.0138
8.8407,1.0189
8.8413,1.0189
8.8418,1.0189
8.8424,1.0189
8.8429,1.0239
8.8434,1.0138
8.8440,1.0138
8.8445,1.0138
8.8451,1.0189
8.8456,1.0138
8.8462,1.0138
8.8468,1.0189
8.8473,1.0189
8.8479,1.0189
8.8484,1.0138
8.8489,1.0138
8.8495,1.0138
8.8500,1.0138
8.8506,1.0189
8.8512,1.0189
8.8517,1.0088
8.8522,1.0138
8.8528,1.0189
8.8533,1.0138
8.8539,1.0138
8.8544,1.0138
8.8550,1.0189
8.8555,1.0138
8.8561,1.0239
8.8566,1.0189
8.8572,1.0189
8.8577,1.0138
8.8583,1.0239
8.8588,1.0189
8.8593,1.0189
8.8599,1.0189
8.8604,1.0138
8.8610,1.0189
8.8615,1.0239
8.8621,1.0189
8.8626,1.0189
8.8632,1.0189
8.8637,1.0189
8.8643,1.0189
8.8648,1.0189
8.8654,1.0189
8.8659,1.0189
8.8664,1.0189
8.8670,1.0239
8.8675,1.0189
8.8681,1.0189
8.8686,1.0189
8.8692,1.0239
8.8697,1.0189
8.8703,1.0239
8.8708,1.0189
8.8714,1.0189
8.8719,1.0239
8.8725,1.0239
8.8730,1.0239
8.8735,1.0239
8.8741,1.0189
8.8746,1.0239
8.8752,1.0239
8.8757,1.0239
8.8763,1.0239
8.8768,1.0239
8.8774,1.0239
8.8779,1.0290
8.8785,1.0239
8.8790,1.0189
8.8796,1.0239
8.8801,1.0239
8.8806,1.0239
8.8812,1.0290
8.8817,1.0239
8.8823,1.0239
8.8828,1.0239
8.8834,1.0290
8.8839,1.0239
8.8845,1.0290
8.8850,1.0290
8.8856,1.0239
8.8861,1.0290
8.8867,1.0290
8.8872,1.0239
8.8877,1.0290
8.8883,1.0290
8.8888,1.0290
8.8894,1.0239
8.8899,1.0239
8.8905,1.0340
8.8910,1.0290
8.8916,1.0290
8.8921,1.0290
8.8927,1.0290
8.8932,1.0340
8.8938,1.0340
8.8943,1.0290
8.8948,1.0340
8.8954,1.0340
8.8959,1.0340
8.8965,1.0340
8.8970,1.0290
8.8976,1.0340
8.8981,1.0340
8.8987,1.0290
8.8992,1.0340
8.8998,1.0391
8.9003,1.0340
8.9008,1.0391
8.9014,1.0340
8.9019,1.0340
8.9025,1.0290
8.9030,1.0391
8.9036,1.0340
8.9041,1.0340
8.9047,1.0340
8.9052,1.0391
8.9058,1.0391
8.9063,1.0340
8.9069,1.0340
8.9074,1.0441
8.9080,1.0391
8.9085,1.0340
8.9091,1.0340
8.9096,1.0340
8.9101,1.0391
8.9107,1.0391
8.9112,1.0391
8.9118,1.0441
8.9123,1.0340
8.9129,1.0391
8.9134,1.0391
8.9140,1.0441
8.9145,1.0391
8.9151,1.0391
8.9156,1.0391
8.9162,1.0441
8.9167,1.0391
8.9172,1.0391
8.9178,1.0391
8.9183,1.0441
8.9189,1.0391
8.9194,1.0391
8.9200,1.0391
8.9205,1.0391
8.9211,1.0491
8.9216,1.0391
8.9222,1.0441
8.9227,1.0441
8.9233,1.0441
8.9238,1.0391
8.9244,1.0391
8.9249,1.0391
8.9255,1.0441
8.9260,1.0441
8.9266,1.0491
8.9271,1.0391
8.9276,1.0441
8.9282,1.0441
8.9287,1.0491
8.9293,1.0391
8.9298,1.0391
8.9304,1.0441
8.9309,1.0441
8.9315,1.0441
8.9320,1.0441
8.9326,1.0441
8.9331,1.0441
8.9337,1.0441
8.9342,1.0441
8.9348,1.0441
8.9353,1.0441
8.9358,1.0491
8.9364,1.0441
8.9369,1.0441
8.9375,1.0441
8.9380,1.0441
8.9386,1.0441
8.9391,1.0441
8.9397,1.0491
8.9402,1.0441
8.9408,1.0491
8.9413,1.0441
8.9419,1.0441
8.9424,1.0441
8.9429,1.0491
8.9435,1.0441
8.9440,1.0491
8.9446,1.0491
8.9451,1.0491
8.9457,1.0441
8.9462,1.0491
8.9468,1.0491
8.9474,1.0491
8.9479,1.0491
8.9484,1.0441
8.9490,1.0491
8.9495,1.0491
8.9501,1.0491
8.9506,1.0491
8.9512,1.0491
8.9517,1.0491
8.9523,1.0491
8.9528,1.0491
8.9534,1.0491
8.9539,1.0441
8.9545,1.0491
8.9550,1.0441
8.9555,1.0491
8.9561,1.0491
8.9566,1.0441
8.9572,1.0491
8.9577,1.0542
8.9583,1.0491
8.9588,1.0491
8.9594,1.0491
8.9599,1.0441
8.9605,1.0491
8.9610,1.0441
8.9616,1.0542
8.9621,1.0491
8.9626,1.0491
8.9632,1.0491
8.9637,1.0491
8.9643,1.0491
8.9648,1.0491
8.9654,1.0491
8.9659,1.0491
8.9665,1.0491
8.9670,1.0491
8.9676,1.0491
8.9681,1.0491
8.9687,1.0491
8.9692,1.0491
8.9697,1.0491
8.9703,1.0491
8.9708,1.0491
8.9714,1.0491
8.9719,1.0491
8.9725,1.0542
8.9730,1.0491
8.9736,1.0542
8.9741,1.0491
8.9747,1.0491
8.9752,1.0491
8.9758,1.0491
8.9763,1.0542
8.9768,1.0491
8.9774,1.0491
8.9779,1.0491
8.9785,1.0491
8.9790,1.0592
8.9796,1.0491
8.9801,1.0491
8.9807,1.0491
8.9812,1.0491
8.9818,1.0491
8.9823,1.0542
8.9829,1.0491
8.9834,1.0491
8.9839,1.0491
8.9845,1.0542
8.9850,1.0542
8.9856,1.0542
8.9861,1.0491
8.9867,1.0491
8.9872,1.0542
8.9878,1.0491
8.9883,1.0491
8.9889,1.0491
8.9894,1.0491
8.9900,1.0542
8.9905,1.0542
8.9911,1.0491
8.9916,1.0491
8.9922,1.0491
8.9927,1.0491
8.9932,1.0491
8.9938,1.0491
8.9943,1.0542
8.9949,1.0491
8.9954,1.0542
8.9960,1.0491
8.9965,1.0441
8.9971,1.0491
8.9976,1.0542
8.9982,1.0491
8.9987,1.0491
8.9993,1.0542
8.9998,1.0491
9.0003,1.0542
9.0009,1.0491
9.0014,1.0542
9.0020,1.0491
9.0025,1.0491
9.0031,1.0542
9.0036,1.0542
9.0042,1.0491
9.0047,1.0491
9.0053,1.0491
9.0058,1.0542
9.0063,1.0491
9.0069,1.0542
9.0074,1.0491
9.0080,1.0491
9.0085,1.0491
9.0091,1.0542
9.0096,1.0491
9.0102,1.0491
9.0107,1.0542
9.0113,1.0542
9.0118,1.0491
9.0124,1.0491
9.0129,1.0542
9.0134,1.0491
9.0140,1.0491
9.0145,1.0542
9.0151,1.0491
9.0156,1.0542
9.0162,1.0542
9.0167,1.0542
9.0173,1.0491
9.0178,1.0542
9.0184,1.0491
9.0189,1.0542
9.0195,1.0491
9.0200,1.0491
9.0205,1.0491
9.0211,1.0542
9.0216,1.0542
9.0222,1.0491
9.0227,1.0542
9.0233,1.0542
9.0238,1.0491
9.0244,1.0491
9.0249,1.0491
9.0255,1.0491
9.0261,1.0491
9.0266,1.0542
9.0272,1.0491
9.0278,1.0491
9.0284,1.0491
9.0290,1.0491
9.0295,1.0542
9.0302,1.0491
9.0308,1.0542
9.0314,1.0542
9.0319,1.0491
9.0325,1.0491
9.0331,1.0491
9.0336,1.0491
9.0345,1.0542
9.0351,1.0491
9.0357,1.0491
9.0366,1.0542
9.0372,1.0491
9.0378,1.0491
9.0383,1.0491
9.0389,1.0491
9.0394,1.0491
9.0400,1.0491
9.0406,1.0542
9.0411,1.0491
9.0417,1.0491
9.0422,1.0491
9.0428,1.0491
9.0433,1.0542
9.0439,1.0542
9.0445,1.0491
9.0450,1.0542
9.0456,1.0491
9.0461,1.0542
9.0467,1.0491
9.0472,1.0491
9.0478,1.0542
9.0483,1.0491
9.0489,1.0542
9.0494,1.0542
9.0500,1.0491
9.0505,1.0491
9.0511,1.0542
9.0517,1.0441
9.0523,1.0491
9.0528,1.0491
9.0534,1.0491
9.0539,1.0491
9.0545,1.0491
9.0550,1.0542
9.0556,1.0542
9.0561,1.0542
9.0567,1.0491
9.0572,1.0491
9.0578,1.0542
9.0583,1.0491
9.0589,1.0491
9.0594,1.0491
9.0600,1.0491
9.0606,1.0491
9.0611,1.0491
9.0617,1.0491
9.0622,1.0542
9.0628,1.0491
9.0633,1.0491
9.0639,1.0491
9.0644,1.0441
9.0650,1.0491
9.0655,1.0491
9.0661,1.0542
9.0666,1.0491
9.0672,1.0491
9.0677,1.0491
9.0683,1.0491
9.0688,1.0491
9.0694,1.0441
9.0699,1.0542
9.0705,1.0491
9.0710,1.0491
9.0716,1.0491
9.0721,1.0441
9.0727,1.0441
9.0732,1.0491
9.0738,1.0491
9.0743,1.0491
9.0749,1.0491
9.0754,1.0491
9.0760,1.0491
9.0765,1.0491
9.0771,1.0441
9.0776,1.0491
9.0782,1.0542
9.0787,1.0491
9.0793,1.0542
9.0798,1.0441
9.0803,1.0491
9.0809,1.0491
9.0814,1.0491
9.0820,1.0491
9.0825,1.0491
9.0831,1.0491
9.0836,1.0491
9.0842,1.0491
9.0847,1.0491
9.0853,1.0441
9.0858,1.0491
9.0864,1.0491
9.0869,1.0491
9.0875,1.0441
9.0880,1.0491
9.0886,1.0491
9.0891,1.0491
9.0897,1.0491
9.0902,1.0441
9.0908,1.0491
9.0913,1.0441
9.0919,1.0491
9.0924,1.0491
9.0930,1.0491
9.0935,1.0491
9.0941,1.0441
9.0947,1.0491
9.0952,1.0491
9.0958,1.0491
9.0963,1.0441
9.0969,1.0441
9.0974,1.0441
9.0980,1.0441
9.0985,1.0491
9.0991,1.0491
9.0996,1.0491
9.1002,1.0441
9.1007,1.0491
9.1013,1.0491
9.1018,1.0441
9.1024,1.0441
9.1029,1.0542
9.1035,1.0491
9.1040,1.0491
9.1046,1.0441
9.1051,1.0441
9.1057,1.0491
9.1062,1.0441
9.1068,1.0491
9.1073,1.0441
9.1079,1.0491
9.1084,1.0491
9.1090,1.0441
9.1095,1.0491
9.1101,1.0441
9.1107,1.0441
9.1112,1.0491
9.1118,1.0441
9.1124,1.0491
9.1130,1.0441
9.1136,1.0441
9.1142,1.0491
9.1147,1.0491
9.1153,1.0491
9.1159,1.0441
9.1164,1.0441
9.1170,1.0441
9.1176,1.0441
9.1182,1.0391
9.1187,1.0441
9.1193,1.0441
9.1198,1.0441
9.1204,1.0391
9.1209,1.0491
9.1215,1.0441
9.1220,1.0441
9.1226,1.0441
9.1231,1.0441
9.1237,1.0441
9.1242,1.0491
9.1248,1.0491
9.1253,1.0441
9.1259,1.0391
9.1264,1.0441
9.1270,1.0441
9.1275,1.0441
9.1281,1.0391
9.1287,1.0441
9.1292,1.0441
9.1298,1.0441
9.1304,1.0441
9.1310,1.0441
9.1315,1.0441
9.1321,1.0441
9.1327,1.0441
9.1333,1.0391
9.1339,1.0441
9.1346,1.0391
9.1352,1.0441
9.1357,1.0441
9.1363,1.0441
9.1368,1.0441
9.1374,1.0441
9.1379,1.0391
9.1385,1.0441
9.1390,1.0441
9.1396,1.0441
9.1401,1.0391
9.1406,1.0491
9.1412,1.0441
9.1417,1.0441
9.1423,1.0391
9.1428,1.0441
9.1434,1.0441
9.1439,1.0441
9.1445,1.0391
9.1450,1.0391
9.1456,1.0441
9.1461,1.0441
9.1467,1.0391
9.1472,1.0391
9.1478,1.0441
9.1483,1.0391
9.1490,1.0441
9.1496,1.0441
9.1502,1.0391
9.1507,1.0391
9.1513,1.0441
9.1518,1.0441
9.1524,1.0391
9.1529,1.0441
9.1535,1.0441
9.1540,1.0391
9.1546,1.0391
9.1551,1.0441
9.1557,1.0441
9.1562,1.0391
9.1567,1.0391
9.1573,1.0441
9.1578,1.0391
9.1584,1.0441
9.1589,1.0391
9.1594,1.0441
9.1600,1.0391
9.1605,1.0391
9.1611,1.0441
9.1616,1.0391
9.1621,1.0441
9.1627,1.0441
9.1632,1.0391
9.1638,1.0441
9.1643,1.0391
9.1648,1.0441
9.1654,1.0391
9.1659,1.0391
9.1665,1.0441
9.1670,1.0391
9.1676,1.0391
9.1681,1.0441
9.1687,1.0441
9.1692,1.0391
9.1697,1.0441
9.1703,1.0391
9.1708,1.0441
9.1714,1.0441
9.1719,1.0391
9.1725,1.0391
9.1730,1.0391
9.1735,1.0391
9.1741,1.0391
9.1746,1.0391
9.1752,1.0441
9.1757,1.0391
9.1763,1.0441
9.1768,1.0391
9.1773,1.0441
9.1779,1.0391
9.1784,1.0391
9.1790,1.0391
9.1795,1.0391
9.1800,1.0441
9.1806,1.0391
9.1811,1.0391
9.1817,1.0391
9.1822,1.0391
9.1827,1.0391
9.1833,1.0391
9.1838,1.0391
9.1844,1.0391
9.1849,1.0441
9.1854,1.0340
9.1860,1.0391
9.1865,1.0340
9.1871,1.0441
9.1876,1.0391
9.1882,1.0391
9.1887,1.0441
9.1892,1.0391
9.1898,1.0340
9.1903,1.0441
9.1909,1.0340
9.1914,1.0391
9.1920,1.0391
9.1925,1.0391
9.1930,1.0391
9.1936,1.0441
9.1941,1.0391
9.1947,1.0391
9.1952,1.0340
9.1958,1.0391
9.1963,1.0391
9.1968,1.0391
9.1974,1.0391
9.1979,1.0340
9.1985,1.0391
9.1990,1.0391
9.1996,1.0391
9.2001,1.0441
9.2007,1.0391
9.2012,1.0391
9.2018,1.0391
9.2023,1.0391
9.2028,1.0391
9.2034,1.0441
9.2039,1.0340
9.2045,1.0340
9.2050,1.0441
9.2056,1.0391
9.2061,1.0391
9.2067,1.0340
9.2072,1.0391
9.2078,1.0391
9.2083,1.0391
9.2088,1.0391
9.2094,1.0391
9.2099,1.0391
9.2105,1.0441
9.2110,1.0391
9.2116,1.0340
9.2121,1.0391
9.2126,1.0391
9.2132,1.0391
9.2137,1.0340
9.2143,1.0340
9.2148,1.0391
9.2154,1.0391
9.2159,1.0340
9.2164,1.0391
9.2170,1.0391
9.2175,1.0391
9.2181,1.0391
9.2186,1.0391
9.2192,1.0391
9.2197,1.0391
9.2202,1.0391
9.2208,1.0391
9.2213,1.0441
9.2219,1.0391
9.2224,1.0441
9.2230,1.0391
9.2235,1.0441
9.2240,1.0391
9.2246,1.0391
9.2251,1.0391
9.2257,1.0391
9.2262,1.0391
9.2268,1.0391
9.2273,1.0391
9.2279,1.0441
9.2284,1.0340
9.2289,1.0391
9.2295,1.0391
9.2300,1.0340
9.2306,1.0391
9.2311,1.0441
9.2317,1.0391
9.2322,1.0391
9.2327,1.0391
9.2333,1.0391
9.2338,1.0391
9.2344,1.0391
9.2349,1.0441
9.2355,1.0391
9.2360,1.0391
9.2365,1.0391
9.2371,1.0441
9.2376,1.0391
9.2382,1.0340
9.2387,1.0391
9.2393,1.0391
9.2398,1.0340
9.2403,1.0391
9.2409,1.0391
9.2414,1.0391
9.2420,1.0391
9.2425,1.0391
9.2431,1.0391
9.2436,1.0391
9.2441,1.0391
9.2447,1.0391
9.2452,1.0340
9.2458,1.0441
9.2463,1.0391
9.2469,1.0391
9.2474,1.0391
9.2479,1.0441
9.2485,1.0441
9.2490,1.0340
9.2496,1.0391
9.2502,1.0391
9.2507,1.0441
9.2513,1.0391
9.2518,1.0441
9.2524,1.0441
9.2529,1.0391
9.2535,1.0391
9.2540,1.0391
9.2546,1.0391
9.2551,1.0391
9.2557,1.0441
9.2562,1.0441
9.2568,1.0391
9.2573,1.0391
9.2579,1.0391
9.2584,1.0340
9.2590,1.0391
9.2595,1.0441
9.2601,1.0441
9.2606,1.0391
9.2612,1.0391
9.2617,1.0391
9.2622,1.0391
9.2628,1.0340
9.2633,1.0391
9.2639,1.0391
9.2644,1.0391
9.2650,1.0441
9.2655,1.0340
9.2661,1.0391
9.2666,1.0340
9.2672,1.0441
9.2677,1.0391
9.2683,1.0340
9.2688,1.0391
9.2694,1.0441
9.2700,1.0391
9.2705,1.0391
9.2711,1.0391
9.2716,1.0391
9.2722,1.0391
9.2727,1.0391
9.2733,1.0340
9.2738,1.0391
9.2744,1.0340
9.2749,1.0340
9.2755,1.0391
9.2760,1.0391
9.2766,1.0391
9.2771,1.0391
9.2777,1.0391
9.2782,1.0340
9.2788,1.0391
9.2793,1.0391
9.2799,1.0340
9.2804,1.0391
9.2809,1.0340
9.2815,1.0340
9.2820,1.0391
9.2826,1.0391
9.2831,1.0340
9.2837,1.0391
9.2842,1.0340
9.2848,1.0441
9.2853,1.0391
9.2859,1.0391
9.2864,1.0391
9.2870,1.0391
9.2875,1.0391
9.2881,1.0391
9.2886,1.0391
9.2892,1.0391
9.2897,1.0391
9.2903,1.0391
9.2908,1.0391
9.2914,1.0340
9.2919,1.0391
9.2925,1.0391
9.2930,1.0340
9.2936,1.0391
9.2941,1.0340
9.2947,1.0340
9.2952,1.0391
9.2958,1.0391
9.2963,1.0340
9.2969,1.0391
9.2974,1.0391
9.2980,1.0340
9.2985,1.0391
9.2991,1.0391
9.2996,1.0391
9.3002,1.0391
9.3007,1.0391
9.3013,1.0391
9.3018,1.0340
9.3024,1.0441
9.3029,1.0391
9.3035,1.0340
9.3040,1.0391
9.3046,1.0340
9.3051,1.0391
9.3057,1.0340
9.3062,1.0391
9.3068,1.0391
9.3073,1.0391
9.3079,1.0391
9.3084,1.0340
9.3090,1.0340
9.3095,1.0340
9.3100,1.0391
9.3106,1.0391
9.3111,1.0391
9.3117,1.0340
9.3123,1.0391
9.3129,1.0340
9.3134,1.0391
9.3140,1.0340
9.3145,1.0340
9.3151,1.0391
9.3156,1.0290
9.3162,1.0391
9.3167,1.0340
9.3173,1.0340
9.3178,1.0340
9.3184,1.0340
9.3189,1.0340
9.3195,1.0391
9.3200,1.0340
9.3206,1.0391
9.3211,1.0340
9.3217,1.0391
9.3222,1.0391
9.3228,1.0391
9.3233,1.0340
9.3239,1.0391
9.3244,1.0340
9.3250,1.0391
9.3255,1.0391
9.3261,1.0391
9.3266,1.0340
9.3272,1.0340
9.3277,1.0340
9.3283,1.0391
9.3288,1.0391
9.3294,1.0340
9.3299,1.0340
9.3305,1.0391
9.3310,1.0340
9.3316,1.0340
9.3321,1.0340
9.3327,1.0340
9.3332,1.0391
9.3338,1.0340
9.3343,1.0340
9.3349,1.0340
9.3354,1.0340
9.3360,1.0340
9.3365,1.0391
9.3371,1.0340
9.3376,1.0391
9.3382,1.0340
9.3387,1.0340
9.3393,1.0340
9.3399,1.0340
9.3404,1.0340
9.3410,1.0340
9.3415,1.0340
9.3421,1.0290
9.3426,1.0340
9.3432,1.0391
9.3437,1.0340
9.3443,1.0340
9.3448,1.0340
9.3454,1.0391
9.3459,1.0340
9.3465,1.0391
9.3470,1.0290
9.3476,1.0340
9.3481,1.0340
9.3487,1.0340
9.3492,1.0340
9.3498,1.0340
9.3503,1.0340
9.3509,1.0391
9.3514,1.0340
9.3520,1.0340
9.3525,1.0290
9.3531,1.0340
9.3536,1.0340
9.3542,1.0340
9.3547,1.0340
9.3553,1.0290
9.3558,1.0340
9.3564,1.0391
9.3569,1.0340
9.3575,1.0340
9.3580,1.0340
9.3586,1.0340
9.3591,1.0340
9.3597,1.0340
9.3602,1.0340
9.3608,1.0290
9.3613,1.0340
9.3619,1.0340
9.3624,1.0340
9.3630,1.0340
9.3635,1.0340
9.3641,1.0340
9.3647,1.0340
9.3652,1.0340
9.3657,1.0340
9.3663,1.0340
9.3668,1.0340
9.3674,1.0340
9.3679,1.0340
9.3685,1.0340
9.3690,1.0290
9.3696,1.0340
9.3701,1.0340
9.3707,1.0391
9.3712,1.0340
9.3717,1.0340
9.3723,1.0340
9.3728,1.0340
9.3734,1.0340
9.3739,1.0340
9.3745,1.0340
9.3750,1.0340
9.3756,1.0340
9.3761,1.0290
9.3767,1.0340
9.3772,1.0290
9.3778,1.0340
9.3783,1.0340
9.3789,1.0290
9.3794,1.0340
9.3800,1.0340
9.3805,1.0290
9.3811,1.0290
9.3816,1.0340
9.3822,1.0290
9.3827,1.0290
9.3833,1.0340
9.3838,1.0290
9.3844,1.0340
9.3849,1.0340
9.3855,1.0340
9.3860,1.0340
9.3866,1.0340
9.3871,1.0340
9.3877,1.0290
9.3882,1.0290
9.3888,1.0340
9.3893,1.0340
9.3899,1.0340
9.3904,1.0340
9.3910,1.0290
9.3915,1.0340
9.3921,1.0290
9.3926,1.0290
9.3932,1.0340
9.3937,1.0340
9.3943,1.0290
9.3948,1.0290
9.3954,1.0340
9.3959,1.0340
9.3965,1.0340
9.3970,1.0290
9.3976,1.0340
9.3981,1.0290
9.3987,1.0340
9.3992,1.0290
9.3998,1.0290
9.4003,1.0340
9.4009,1.0290
9.4014,1.0340
9.4020,1.0290
9.4025,1.0239
9.4031,1.0290
9.4036,1.0290
9.4042,1.0340
9.4048,1.0290
9.4053,1.0290
9.4059,1.0239
9.4064,1.0290
9.4070,1.0340
9.4075,1.0290
9.4081,1.0340
9.4086,1.0340
9.4092,1.0340
9.4097,1.0290
9.4103,1.0340
9.4108,1.0290
9.4114,1.0290
9.4119,1.0290
9.4125,1.0290
9.4130,1.0340
9.4136,1.0290
9.4141,1.0290
9.4147,1.0290
9.4152,1.0290
9.4158,1.0290
9.4163,1.0340
9.4169,1.0290
9.4174,1.0290
9.4180,1.0239
9.4185,1.0290
9.4191,1.0290
9.4196,1.0340
9.4202,1.0290
9.4207,1.0290
9.4213,1.0290
9.4218,1.0290
9.4224,1.0290
9.4229,1.0290
9.4235,1.0290
9.4240,1.0290
9.4246,1.0340
9.4251,1.0290
9.4257,1.0290
9.4262,1.0340
9.4268,1.0290
9.4273,1.0290
9.4279,1.0239
9.4284,1.0290
9.4290,1.0290
9.4295,1.0290
9.4301,1.0290
9.4306,1.0340
9.4312,1.0239
9.4317,1.0290
9.4323,1.0290
9.4328,1.0239
9.4334,1.0340
9.4339,1.0290
9.4345,1.0290
9.4351,1.0290
9.4356,1.0340
9.4362,1.0290
9.4367,1.0290
9.4373,1.0340
9.4378,1.0290
9.4384,1.0239
9.4389,1.0290
9.4395,1.0340
9.4400,1.0290
9.4406,1.0290
9.4411,1.0290
9.4417,1.0290
9.4422,1.0290
9.4428,1.0290
9.4433,1.0290
9.4439,1.0239
9.4444,1.0290
9.4450,1.0290
9.4455,1.0290
9.4461,1.0290
9.4466,1.0290
9.4472,1.0290
9.4477,1.0290
9.4483,1.0290
9.4488,1.0290
9.4494,1.0239
9.4499,1.0290
9.4505,1.0239
9.4510,1.0290
9.4516,1.0189
9.4521,1.0239
9.4527,1.0239
9.4532,1.0290
9.4538,1.0290
9.4543,1.0239
9.4549,1.0290
9.4555,1.0290
9.4560,1.0290
9.4566,1.0290
9.4571,1.0239
9.4577,1.0239
9.4582,1.0290
9.4588,1.0239
9.4593,1.0290
9.4599,1.0290
9.4604,1.0290
9.4610,1.0290
9.4615,1.0239
9.4621,1.0290
9.4626,1.0290
9.4632,1.0290
9.4637,1.0290
9.4643,1.0239
9.4648,1.0239
9.4654,1.0239
9.4659,1.0290
9.4665,1.0239
9.4670,1.0239
9.4676,1.0239
9.4681,1.0290
9.4687,1.0239
9.4692,1.0290
9.4698,1.0290
9.4703,1.0239
9.4709,1.0290
9.4714,1.0290
9.4720,1.0239
9.4725,1.0239
9.4731,1.0239
9.4736,1.0290
9.4742,1.0239
9.4747,1.0290
9.4753,1.0239
9.4758,1.0290
9.4764,1.0290
9.4769,1.0239
9.4775,1.0290
9.4780,1.0239
9.4786,1.0290
9.4791,1.0239
9.4797,1.0239
9.4802,1.0239
9.4808,1.0290
9.4813,1.0239
9.4819,1.0239
9.4824,1.0239
9.4830,1.0239
9.4835,1.0290
9.4841,1.0290
9.4847,1.0290
9.4852,1.0239
9.4858,1.0239
9.4863,1.0239
9.4869,1.0239
9.4874,1.0239
9.4880,1.0189
9.4885,1.0239
9.4891,1.0189
9.4896,1.0290
9.4902,1.0239
9.4907,1.0189
9.4913,1.0239
9.4918,1.0239
9.4924,1.0239
9.4929,1.0239
9.4935,1.0239
9.4940,1.0239
9.4946,1.0239
9.4951,1.0239
9.4957,1.0239
9.4962,1.0239
9.4968,1.0189
9.4973,1.0239
9.4979,1.0189
9.4984,1.0239
9.4990,1.0290
9.4995,1.0239
9.5001,1.0239
9.5006,1.0239
9.5012,1.0239
9.5017,1.0239
9.5023,1.0239
9.5028,1.0239
9.5034,1.0239
9.5039,1.0239
9.5045,1.0239
9.5050,1.0239
9.5056,1.0239
9.5061,1.0189
9.5067,1.0189
9.5072,1.0189
9.5078,1.0239
9.5083,1.0189
9.5089,1.0239
9.5094,1.0239
9.5100,1.0239
9.5105,1.0239
9.5111,1.0239
9.5116,1.0239
9.5122,1.0239
9.5127,1.0189
9.5133,1.0239
9.5138,1.0189
9.5144,1.0239
9.5149,1.0239
9.5155,1.0239
9.5160,1.0189
9.5166,1.0239
9.5171,1.0239
9.5177,1.0189
9.5182,1.0189
9.5188,1.0239
9.5193,1.0189
9.5199,1.0239
9.5204,1.0239
9.5210,1.0189
9.5215,1.0239
9.5221,1.0189
9.5226,1.0189
9.5232,1.0239
9.5237,1.0189
9.5243,1.0189
9.5248,1.0239
9.5254,1.0239
9.5259,1.0189
9.5265,1.0189
9.5270,1.0239
9.5276,1.0189
9.5281,1.0189
9.5287,1.0189
9.5292,1.0189
9.5298,1.0239
9.5303,1.0239
9.5309,1.0189
9.5314,1.0189
9.5320,1.0239
9.5325,1.0189
9.5331,1.0239
9.5336,1.0189
9.5342,1.0239
9.5347,1.0239
9.5353,1.0189
9.5358,1.0189
9.5364,1.0239
9.5369,1.0189
9.5375,1.0239
9.5380,1.0189
9.5386,1.0239
9.5391,1.0189
9.5397,1.0239
9.5402,1.0189
9.5408,1.0189
9.5414,1.0239
9.5419,1.0189
9.5425,1.0189
9.5430,1.0189
9.5436,1.0189
9.5441,1.0239
9.5447,1.0239
9.5452,1.0239
9.5458,1.0189
9.5463,1.0189
9.5469,1.0189
9.5474,1.0189
9.5480,1.0189
9.5485,1.0189
9.5491,1.0239
9.5496,1.0239
9.5502,1.0138
9.5508,1.0138
9.5513,1.0189
9.5519,1.0189
9.5524,1.0189
9.5530,1.0239
9.5535,1.0138
9.5541,1.0189
9.5547,1.0189
9.5552,1.0189
9.5558,1.0189
9.5563,1.0189
9.5569,1.0189
9.5574,1.0189
9.5580,1.0189
9.5585,1.0189
9.5591,1.0189
9.5596,1.0189
9.5602,1.0138
9.5607,1.0189
9.5613,1.0189
9.5618,1.0189
9.5624,1.0189
9.5629,1.0189
9.5635,1.0189
9.5641,1.0189
9.5647,1.0138
9.5652,1.0189
9.5657,1.0189
9.5663,1.0239
9.5668,1.0189
9.5674,1.0189
9.5679,1.0239
9.5685,1.0189
9.5690,1.0138
9.5696,1.0189
9.5701,1.0189
9.5707,1.0189
9.5712,1.0138
9.5718,1.0189
9.5723,1.0189
9.5729,1.0189
9.5734,1.0138
9.5739,1.0189
9.5745,1.0138
9.5750,1.0189
9.5756,1.0189
9.5761,1.0189
9.5767,1.0189
9.5772,1.0189
9.5778,1.0189
9.5783,1.0189
9.5789,1.0138
9.5794,1.0239
9.5800,1.0189
9.5805,1.0189
9.5811,1.0189
9.5816,1.0138
9.5822,1.0189
9.5827,1.0138
9.5833,1.0138
9.5838,1.0189
9.5844,1.0189
9.5849,1.0138
9.5855,1.0189
9.5860,1.0138
9.5866,1.0189
9.5871,1.0138
9.5877,1.0239
9.5882,1.0138
9.5888,1.0189
9.5893,1.0189
9.5899,1.0189
9.5904,1.0239
9.5910,1.0189
9.5915,1.0189
9.5921,1.0189
9.5926,1.0138
9.5932,1.0189
9.5937,1.0189
9.5943,1.0189
9.5948,1.0138
9.5954,1.0189
9.5959,1.0189
9.5965,1.0189
9.5970,1.0138
9.5976,1.0189
9.5981,1.0239
9.5987,1.0138
9.5992,1.0189
9.5998,1.0189
9.6003,1.0189
9.6009,1.0239
9.6014,1.0189
9.6020,1.0239
9.6025,1.0189
9.6031,1.0189
9.6036,1.0189
9.6042,1.0189
9.6047,1.0138
9.6053,1.0189
9.6058,1.0239
9.6064,1.0189
9.6069,1.0239
9.6075,1.0189
9.6080,1.0239
9.6085,1.0239
9.6091,1.0189
9.6096,1.0138
9.6102,1.0189
9.6108,1.0189
9.6114,1.0290
9.6120,1.0239
9.6125,1.0189
9.6131,1.0239
9.6137,1.0239
9.6143,1.0239
9.6149,1.0239
9.6154,1.0239
9.6160,1.0239
9.6165,1.0239
9.6171,1.0189
9.6177,1.0239
9.6183,1.0290
9.6189,1.0290
9.6194,1.0290
9.6200,1.0239
9.6206,1.0290
9.6211,1.0239
9.6217,1.0290
9.6222,1.0290
9.6228,1.0290
9.6233,1.0239
9.6239,1.0340
9.6244,1.0340
9.6250,1.0290
9.6255,1.0340
9.6261,1.0290
9.6266,1.0290
9.6272,1.0290
9.6277,1.0290
9.6283,1.0239
9.6289,1.0290
9.6295,1.0239
9.6301,1.0290
9.6307,1.0290
9.6313,1.0290
9.6320,1.0340
9.6326,1.0340
9.6332,1.0290
9.6340,1.0340
9.6346,1.0340
9.6352,1.0290
9.6358,1.0290
9.6364,1.0340
9.6370,1.0340
9.6376,1.0290
9.6382,1.0340
9.6388,1.0340
9.6393,1.0340
9.6399,1.0340
9.6404,1.0391
9.6411,1.0340
9.6417,1.0340
9.6423,1.0340
9.6429,1.0340
9.6434,1.0340
9.6440,1.0391
9.6445,1.0391
9.6451,1.0391
9.6456,1.0391
9.6462,1.0391
9.6467,1.0391
9.6473,1.0391
9.6478,1.0391
9.6484,1.0391
9.6489,1.0391
9.6495,1.0391
9.6500,1.0391
9.6506,1.0441
9.6511,1.0441
9.6517,1.0391
9.6523,1.0391
9.6528,1.0391
9.6534,1.0441
9.6539,1.0441
9.6544,1.0441
9.6550,1.0441
9.6555,1.0391
9.6561,1.0391
9.6566,1.0441
9.6571,1.0441
9.6577,1.0491
9.6582,1.0441
9.6588,1.0391
9.6593,1.0441
9.6598,1.0441
9.6604,1.0441
9.6609,1.0391
9.6615,1.0441
9.6620,1.0391
9.6632,1.0441
9.6637,1.0441
9.6643,1.0441
9.6648,1.0441
9.6654,1.0441
9.6659,1.0441
9.6665,1.0441
9.6670,1.0391
9.6676,1.0441
9.6681,1.0441
9.6687,1.0441
9.6692,1.0491
9.6698,1.0441
9.6703,1.0391
9.6708,1.0491
9.6714,1.0491
9.6719,1.0441
9.6725,1.0441
9.6730,1.0441
9.6736,1.0441
9.6741,1.0491
9.6747,1.0491
9.6752,1.0441
9.6757,1.0491
9.6763,1.0441
9.6768,1.0491
9.6774,1.0491
9.6779,1.0441
9.6784,1.0441
9.6790,1.0441
9.6795,1.0441
9.6801,1.0542
9.6806,1.0491
9.6811,1.0441
9.6817,1.0441
9.6822,1.0491
9.6828,1.0441
9.6833,1.0491
9.6838,1.0491
9.6844,1.0542
9.6850,1.0491
9.6855,1.0491
9.6861,1.0441
9.6866,1.0491
9.6872,1.0491
9.6877,1.0441
9.6882,1.0491
9.6888,1.0491
9.6893,1.0491
9.6899,1.0542
9.6904,1.0491
9.6909,1.0491
9.6915,1.0491
9.6920,1.0491
9.6926,1.0542
9.6931,1.0491
9.6936,1.0542
9.6942,1.0491
9.6947,1.0491
9.6953,1.0491
9.6958,1.0441
9.6963,1.0542
9.6969,1.0491
9.6974,1.0491
9.6979,1.0491
9.6985,1.0491
9.6990,1.0491
9.6996,1.0491
9.7001,1.0491
9.7006,1.0441
9.7012,1.0491
9.7017,1.0491
9.7022,1.0491
9.7028,1.0491
9.7033,1.0491
9.7038,1.0491
9.7044,1.0491
9.7049,1.0491
9.7055,1.0491
9.7060,1.0491
9.7065,1.0491
9.7071,1.0491
9.7076,1.0491
9.7081,1.0542
9.7087,1.0542
9.7092,1.0491
9.7098,1.0491
9.7103,1.0542
9.7108,1.0491
9.7114,1.0491
9.7119,1.0491
9.7125,1.0542
9.7130,1.0491
9.7135,1.0491
9.7141,1.0542
9.7147,1.0441
9.7152,1.0542
9.7157,1.0491
9.7163,1.0491
9.7168,1.0491
9.7174,1.0491
9.7179,1.0542
9.7184,1.0491
9.7190,1.0542
9.7195,1.0491
9.7200,1.0542
9.7206,1.0491
9.7211,1.0491
9.7217,1.0542
9.7222,1.0491
9.7227,1.0491
9.7233,1.0542
9.7238,1.0491
9.7243,1.0491
9.7249,1.0542
9.7254,1.0542
9.7260,1.0542
9.7265,1.0542
9.7270,1.0491
9.7276,1.0542
9.7281,1.0491
9.7287,1.0491
9.7292,1.0542
9.7297,1.0542
9.7303,1.0491
9.7308,1.0542
9.7313,1.0542
9.7319,1.0491
9.7324,1.0542
9.7329,1.0491
9.7335,1.0491
9.7340,1.0542
9.7346,1.0542
9.7351,1.0542
9.7356,1.0491
9.7362,1.0491
9.7367,1.0542
9.7373,1.0542
9.7378,1.0542
9.7383,1.0491
9.7389,1.0491
9.7394,1.0491
9.7400,1.0542
9.7405,1.0491
9.7410,1.0542
9.7416,1.0542
9.7421,1.0542
9.7427,1.0491
9.7432,1.0542
9.7437,1.0542
9.7443,1.0491
9.7448,1.0491
9.7454,1.0491
9.7459,1.0491
9.7465,1.0542
9.7470,1.0542
9.7476,1.0491
9.7481,1.0491
9.7486,1.0491
9.7492,1.0491
9.7498,1.0491
9.7504,1.0491
9.7510,1.0491
9.7516,1.0542
9.7521,1.0491
9.7527,1.0542
9.7532,1.0491
9.7538,1.0542
9.7543,1.0491
9.7548,1.0491
9.7554,1.0491
9.7559,1.0491
9.7565,1.0491
9.7570,1.0491
9.7576,1.0491
9.7581,1.0542
9.7587,1.0491
9.7592,1.0491
9.7598,1.0491
9.7603,1.0542
9.7609,1.0542
9.7614,1.0542
9.7620,1.0491
9.7625,1.0542
9.7631,1.0491
9.7636,1.0542
9.7642,1.0491
9.7647,1.0542
9.7652,1.0542
9.7658,1.0491
9.7664,1.0542
9.7677,1.0491
9.7683,1.0491
9.7688,1.0441
9.7694,1.0491
9.7699,1.0542
9.7705,1.0491
9.7710,1.0542
9.7716,1.0542
9.7721,1.0441
9.7727,1.0491
9.7732,1.0441
9.7737,1.0491
9.7743,1.0491
9.7748,1.0542
9.7754,1.0491
9.7759,1.0491
9.7765,1.0491
9.7770,1.0491
9.7776,1.0491
9.7781,1.0491
9.7787,1.0491
9.7792,1.0491
9.7798,1.0491
9.7803,1.0491
9.7808,1.0491
9.7814,1.0491
9.7819,1.0441
9.7825,1.0491
9.7830,1.0491
9.7836,1.0491
9.7841,1.0491
9.7847,1.0491
9.7852,1.0491
9.7858,1.0491
9.7863,1.0441
9.7869,1.0491
9.7874,1.0491
9.7880,1.0491
9.7885,1.0441
9.7891,1.0491
9.7896,1.0441
9.7902,1.0542
9.7907,1.0491
9.7913,1.0491
9.7918,1.0491
9.7924,1.0441
9.7929,1.0441
9.7934,1.0491
9.7940,1.0491
9.7945,1.0491
9.7951,1.0491
9.7956,1.0491
9.7962,1.0491
9.7967,1.0491
9.7973,1.0491
9.7978,1.0441
9.7984,1.0491
9.7989,1.0491
9.7995,1.0491
9.8000,1.0491
9.8006,1.0441
9.8011,1.0491
9.8016,1.0491
9.8022,1.0441
9.8027,1.0491
9.8033,1.0491
9.8038,1.0491
9.8044,1.0491
9.8049,1.0441
9.8055,1.0491
9.8060,1.0491
9.8066,1.0491
9.8071,1.0491
9.8077,1.0491
9.8082,1.0441
9.8087,1.0491
9.8093,1.0491
9.8098,1.0491
9.8104,1.0491
9.8109,1.0491
9.8115,1.0441
9.8120,1.0491
9.8126,1.0441
9.8131,1.0491
9.8137,1.0491
9.8142,1.0491
9.8148,1.0491
9.8153,1.0391
9.8158,1.0441
9.8164,1.0491
9.8169,1.0441
9.8175,1.0491
9.8180,1.0491
9.8186,1.0491
9.8191,1.0491
9.8197,1.0441
9.8202,1.0441
9.8208,1.0491
9.8213,1.0441
9.8219,1.0491
9.8224,1.0441
9.8229,1.0441
9.8235,1.0441
9.8240,1.0441
9.8246,1.0441
9.8251,1.0441
9.8257,1.0441
9.8262,1.0491
9.8268,1.0491
9.8273,1.0391
9.8279,1.0441
9.8284,1.0441
9.8289,1.0441
9.8295,1.0391
9.8300,1.0491
9.8306,1.0441
9.8312,1.0491
9.8317,1.0441
9.8322,1.0441
9.8328,1.0441
9.8333,1.0391
9.8339,1.0491
9.8344,1.0441
9.8350,1.0441
9.8355,1.0441
9.8361,1.0491
9.8366,1.0441
9.8372,1.0441
9.8377,1.0441
9.8383,1.0441
9.8388,1.0441
9.8394,1.0491
9.8399,1.0441
9.8404,1.0441
9.8410,1.0441
9.8415,1.0441
9.8421,1.0441
9.8426,1.0441
9.8432,1.0441
9.8437,1.0441
9.8443,1.0491
9.8448,1.0391
9.8454,1.0391
9.8459,1.0441
9.8465,1.0441
9.8470,1.0391
9.8475,1.0441
9.8481,1.0441
9.8486,1.0441
9.8492,1.0441
9.8497,1.0441
9.8503,1.0391
9.8508,1.0441
9.8514,1.0441
9.8519,1.0441
9.8525,1.0441
9.8530,1.0441
9.8536,1.0441
9.8541,1.0391
9.8547,1.0441
9.8552,1.0391
9.8558,1.0391
9.8563,1.0391
9.8569,1.0441
9.8574,1.0441
9.8580,1.0391
9.8585,1.0441
9.8590,1.0391
9.8596,1.0391
9.8601,1.0441
9.8607,1.0441
9.8612,1.0391
9.8618,1.0391
9.8623,1.0391
9.8629,1.0391
9.8634,1.0391
9.8640,1.0441
9.8645,1.0391
9.8651,1.0441
9.8656,1.0441
9.8661,1.0391
9.8667,1.0340
9.8672,1.0391
9.8678,1.0391
9.8683,1.0441
9.8689,1.0441
9.8694,1.0441
9.8700,1.0441
9.8705,1.0391
9.8711,1.0391
9.8716,1.0441
9.8722,1.0391
9.8727,1.0391
9.8732,1.0391
9.8738,1.0441
9.8743,1.0340
9.8749,1.0391
9.8754,1.0391
9.8760,1.0391
9.8765,1.0391
9.8771,1.0441
9.8776,1.0441
9.8782,1.0441
9.8788,1.0441
9.8793,1.0391
9.8799,1.0391
9.8804,1.0441
9.8810,1.0391
9.8815,1.0441
9.8820,1.0391
9.8826,1.0391
9.8831,1.0391
9.8837,1.0391
9.8843,1.0391
9.8848,1.0391
9.8854,1.0391
9.8860,1.0391
9.8865,1.0391
9.8871,1.0441
9.8876,1.0391
9.8882,1.0391
9.8887,1.0391
9.8893,1.0391
9.8898,1.0391
9.8904,1.0391
9.8909,1.0391
9.8915,1.0391
9.8920,1.0441
9.8926,1.0391
9.8931,1.0391
9.8936,1.0391
9.8942,1.0391
9.8947,1.0441
9.8953,1.0391
9.8958,1.0391
9.8964,1.0391
9.8969,1.0391
9.8975,1.0391
9.8980,1.0391
9.8986,1.0391
9.8991,1.0391
9.8996,1.0441
9.9002,1.0391
9.9008,1.0391
9.9013,1.0441
9.9019,1.0391
9.9024,1.0391
9.9029,1.0391
9.9035,1.0391
9.9040,1.0391
9.9046,1.0391
9.9051,1.0391
9.9057,1.0391
9.9062,1.0391
9.9068,1.0441
9.9073,1.0391
9.9079,1.0391
9.9084,1.0391
9.9090,1.0340
9.9095,1.0391
9.9100,1.0391
9.9106,1.0391
9.9111,1.0441
9.9117,1.0391
9.9122,1.0391
9.9128,1.0391
9.9133,1.0441
9.9139,1.0391
9.9144,1.0391
9.9150,1.0391
9.9155,1.0391
9.9161,1.0391
9.9166,1.0391
9.9171,1.0391
9.9177,1.0340
9.9182,1.0340
9.9188,1.0391
9.9193,1.0391
9.9199,1.0391
9.9204,1.0391
9.9210,1.0340
9.9215,1.0391
9.9221,1.0391
9.9226,1.0391
9.9231,1.0391
9.9237,1.0391
9.9242,1.0391
9.9248,1.0391
9.9253,1.0391
9.9259,1.0391
9.9264,1.0391
9.9270,1.0391
9.9275,1.0391
9.9281,1.0391
9.9286,1.0391
9.9292,1.0340
9.9297,1.0441
9.9303,1.0391
9.9308,1.0391
9.9313,1.0441
9.9319,1.0441
9.9324,1.0340
9.9330,1.0391
9.9335,1.0340
9.9341,1.0391
9.9347,1.0391
9.9352,1.0391
9.9358,1.0391
9.9363,1.0391
9.9369,1.0391
9.9374,1.0391
9.9379,1.0391
9.9385,1.0340
9.9390,1.0391
9.9396,1.0391
9.9401,1.0391
9.9407,1.0391
9.9412,1.0391
9.9418,1.0441
9.9423,1.0391
9.9429,1.0391
9.9434,1.0391
9.9440,1.0391
9.9445,1.0340
9.9451,1.0391
9.9456,1.0391
9.9461,1.0391
9.9467,1.0340
9.9472,1.0391
9.9478,1.0340
9.9483,1.0391
9.9489,1.0441
9.9495,1.0391
9.9500,1.0391
9.9506,1.0391
9.9511,1.0340
9.9516,1.0391
9.9522,1.0441
9.9527,1.0391
9.9533,1.0391
9.9538,1.0391
9.9544,1.0391
9.9549,1.0391
9.9555,1.0391
9.9560,1.0391
9.9566,1.0391
9.9571,1.0340
9.9576,1.0391
9.9582,1.0391
9.9587,1.0391
9.9593,1.0391
9.9598,1.0391
9.9604,1.0391
9.9609,1.0391
9.9615,1.0391
9.9620,1.0391
9.9626,1.0391
9.9631,1.0441
9.9637,1.0391
9.9642,1.0340
9.9647,1.0391
9.9653,1.0391
9.9658,1.0391
9.9664,1.0391
9.9669,1.0391
9.9675,1.0391
9.9680,1.0391
9.9686,1.0340
9.9691,1.0391
9.9697,1.0441
9.9702,1.0441
9.9708,1.0391
9.9713,1.0391
9.9719,1.0391
9.9724,1.0391
9.9730,1.0391
9.9735,1.0391
9.9741,1.0391
9.9746,1.0391
9.9751,1.0391
9.9757,1.0391
9.9762,1.0441
9.9768,1.0391
9.9773,1.0391
9.9779,1.0391
9.9784,1.0340
9.9790,1.0391
9.9795,1.0340
9.9801,1.0441
9.9806,1.0391
9.9812,1.0391
9.9817,1.0391
9.9822,1.0391
9.9828,1.0391
9.9833,1.0391
9.9839,1.0391
9.9844,1.0391
9.9850,1.0340
9.9855,1.0391
9.9861,1.0391
9.9866,1.0391
9.9872,1.0391
9.9877,1.0391
9.9883,1.0391
9.9888,1.0391
9.9893,1.0441
9.9899,1.0391
9.9904,1.0391
9.9910,1.0391
9.9915,1.0340
9.9921,1.0340
9.9926,1.0391
9.9932,1.0391
9.9937,1.0391
9.9943,1.0391
9.9948,1.0391
9.9953,1.0340
9.9959,1.0391
9.9964,1.0340
9.9970,1.0391
9.9975,1.0391
9.9981,1.0391
9.9986,1.0391
9.9992,1.0391
9.9997,1.0391
10.0003,1.0391
10.0008,1.0391
10.0014,1.0441
10.0019,1.0391
10.0024,1.0391
10.0030,1.0391
10.0035,1.0340
10.0041,1.0340
10.0047,1.0391
10.0052,1.0391
10.0057,1.0340
10.0063,1.0391
10.0068,1.0391
10.0074,1.0391
10.0079,1.0391
10.0085,1.0391
10.0090,1.0391
10.0096,1.0391
10.0101,1.0391
10.0107,1.0391
10.0112,1.0391
10.0118,1.0391
10.0123,1.0340
10.0128,1.0391
10.0134,1.0391
10.0139,1.0391
10.0145,1.0340
10.0150,1.0391
10.0156,1.0391
10.0161,1.0391
10.0167,1.0340
10.0172,1.0441
10.0178,1.0391
10.0183,1.0340
10.0188,1.0340
10.0194,1.0391
10.0199,1.0391
10.0205,1.0391
10.0210,1.0340
10.0216,1.0340
10.0221,1.0391
10.0227,1.0340
10.0232,1.0391
10.0238,1.0340
10.0243,1.0340
10.0249,1.0391
10.0254,1.0391
10.0259,1.0340
10.0265,1.0391
10.0270,1.0340
10.0276,1.0391
10.0281,1.0391
10.0287,1.0340
10.0292,1.0391
10.0298,1.0391
10.0303,1.0391
10.0309,1.0391
10.0314,1.0340
10.0319,1.0391
10.0325,1.0391
10.0330,1.0391
10.0336,1.0340
10.0341,1.0290
10.0347,1.0340
10.0352,1.0391
10.0358,1.0340
10.0363,1.0340
10.0369,1.0340
10.0374,1.0340
10.0380,1.0340
10.0385,1.0391
10.0391,1.0340
10.0396,1.0391
10.0402,1.0391
10.0407,1.0391
10.0413,1.0340
10.0418,1.0391
10.0423,1.0391
10.0429,1.0340
10.0434,1.0340
10.0440,1.0340
10.0445,1.0391
10.0451,1.0391
10.0456,1.0340
10.0462,1.0391
10.0467,1.0391
10.0473,1.0391
10.0478,1.0340
10.0484,1.0391
10.0489,1.0391
10.0494,1.0391
10.0500,1.0391
10.0505,1.0391
10.0511,1.0340
10.0516,1.0340
10.0522,1.0340
10.0528,1.0340
10.0533,1.0340
10.0538,1.0340
10.0544,1.0391
10.0549,1.0340
10.0555,1.0340
10.0560,1.0340
10.0566,1.0391
10.0571,1.0391
10.0577,1.0340
10.0582,1.0340
10.0588,1.0391
10.0593,1.0290
10.0599,1.0340
10.0604,1.0340
10.0609,1.0340
10.0615,1.0340
10.0620,1.0340
10.0626,1.0391
10.0631,1.0391
10.0637,1.0391
10.0642,1.0290
10.0648,1.0340
10.0653,1.0340
10.0659,1.0340
10.0664,1.0290
10.0670,1.0340
10.0675,1.0340
10.0680,1.0290
10.0686,1.0340
10.0691,1.0340
10.0697,1.0340
10.0702,1.0391
10.0708,1.0391
10.0713,1.0391
10.0719,1.0340
10.0724,1.0340
10.0730,1.0391
10.0735,1.0290
10.0741,1.0340
10.0746,1.0340
10.0751,1.0340
10.0757,1.0340
10.0762,1.0340
10.0768,1.0340
10.0773,1.0340
10.0779,1.0391
10.0784,1.0340
10.0790,1.0340
10.0795,1.0340
10.0801,1.0340
10.0806,1.0340
10.0812,1.0290
10.0817,1.0340
10.0822,1.0340
10.0828,1.0340
10.0833,1.0340
10.0839,1.0340
10.0844,1.0340
10.0850,1.0340
10.0855,1.0340
10.0861,1.0340
10.0866,1.0340
10.0872,1.0340
10.0877,1.0290
10.0882,1.0340
10.0888,1.0290
10.0893,1.0340
10.0899,1.0340
10.0904,1.0340
10.0910,1.0290
10.0915,1.0340
10.0921,1.0290
10.0926,1.0340
10.0932,1.0340
10.0937,1.0290
10.0943,1.0340
10.0948,1.0340
10.0953,1.0340
10.0959,1.0340
10.0964,1.0340
10.0970,1.0340
10.0975,1.0340
10.0981,1.0290
10.0986,1.0340
10.0992,1.0340
10.0997,1.0340
10.1003,1.0340
10.1008,1.0340
10.1014,1.0340
10.1019,1.0340
10.1024,1.0290
10.1030,1.0290
10.1035,1.0340
10.1041,1.0340
10.1047,1.0340
10.1052,1.0290
10.1057,1.0340
10.1063,1.0340
10.1068,1.0290
10.1074,1.0290
10.1079,1.0340
10.1085,1.0290
10.1090,1.0340
10.1096,1.0340
10.1102,1.0290
10.1108,1.0391
10.1113,1.0340
10.1119,1.0340
10.1125,1.0290
10.1131,1.0340
10.1137,1.0340
10.1142,1.0290
10.1148,1.0340
10.1154,1.0340
10.1159,1.0290
10.1165,1.0290
10.1170,1.0290
10.1176,1.0290
10.1182,1.0340
10.1188,1.0290
10.1194,1.0340
10.1199,1.0290
10.1205,1.0290
10.1210,1.0340
10.1215,1.0290
10.1221,1.0290
10.1226,1.0340
10.1232,1.0340
10.1237,1.0290
10.1243,1.0290
10.1248,1.0340
10.1254,1.0340
10.1259,1.0290
10.1265,1.0340
10.1270,1.0340
10.1276,1.0340
10.1281,1.0340
10.1287,1.0290
10.1293,1.0290
10.1299,1.0340
10.1305,1.0290
10.1310,1.0290
10.1316,1.0290
10.1322,1.0290
10.1327,1.0340
10.1333,1.0290
10.1338,1.0290
10.1344,1.0340
10.1350,1.0340
10.1355,1.0340
10.1361,1.0290
10.1367,1.0290
10.1372,1.0290
10.1378,1.0290
10.1383,1.0290
10.1389,1.0290
10.1394,1.0290
10.1400,1.0290
10.1405,1.0290
10.1411,1.0290
10.1416,1.0340
10.1421,1.0290
10.1427,1.0290
10.1432,1.0340
10.1438,1.0290
10.1443,1.0290
10.1449,1.0290
10.1454,1.0290
10.1459,1.0290
10.1465,1.0290
10.1470,1.0290
10.1476,1.0290
10.1483,1.0290
10.1488,1.0290
10.1494,1.0290
10.1499,1.0290
10.1505,1.0239
10.1510,1.0290
10.1516,1.0290
10.1521,1.0290
10.1527,1.0239
10.1532,1.0290
10.1538,1.0290
10.1543,1.0290
10.1549,1.0290
10.1554,1.0290
10.1559,1.0290
10.1565,1.0239
10.1570,1.0239
10.1576,1.0290
10.1581,1.0290
10.1586,1.0239
10.1592,1.0290
10.1597,1.0290
10.1602,1.0290
10.1608,1.0290
10.1613,1.0239
10.1619,1.0290
10.1624,1.0290
10.1629,1.0290
10.1635,1.0290
10.1640,1.0239
10.1645,1.0239
10.1651,1.0239
10.1656,1.0290
10.1662,1.0239
10.1667,1.0290
10.1672,1.0290
10.1678,1.0290
10.1683,1.0290
10.1688,1.0290
10.1694,1.0290
10.1699,1.0239
10.1705,1.0239
10.1710,1.0290
10.1715,1.0239
10.1721,1.0239
10.1726,1.0290
10.1731,1.0239
10.1737,1.0239
10.1742,1.0239
10.1748,1.0239
10.1753,1.0239
10.1758,1.0290
10.1764,1.0239
10.1769,1.0239
10.1774,1.0290
10.1780,1.0290
10.1785,1.0239
10.1791,1.0239
10.1796,1.0239
10.1802,1.0239
10.1807,1.0290
10.1812,1.0239
10.1818,1.0290
10.1823,1.0189
10.1828,1.0290
10.1834,1.0290
10.1839,1.0239
10.1845,1.0290
10.1850,1.0290
10.1855,1.0239
10.1861,1.0290
10.1866,1.0239
10.1871,1.0239
10.1877,1.0290
10.1882,1.0239
10.1888,1.0290
10.1893,1.0239
10.1898,1.0239
10.1904,1.0239
10.1909,1.0239
10.1914,1.0239
10.1920,1.0239
10.1925,1.0239
10.1931,1.0239
10.1936,1.0239
10.1941,1.0189
10.1947,1.0189
10.1952,1.0239
10.1958,1.0239
10.1963,1.0290
10.1968,1.0239
10.1974,1.0239
10.1979,1.0290
10.1984,1.0290
10.1990,1.0239
10.1995,1.0239
10.2001,1.0239
10.2006,1.0189
10.2011,1.0239
10.2017,1.0239
10.2022,1.0239
10.2027,1.0239
10.2033,1.0239
10.2038,1.0239
10.2043,1.0239
10.2049,1.0239
10.2054,1.0239
10.2060,1.0239
10.2065,1.0239
10.2070,1.0239
10.2076,1.0239
10.2081,1.0239
10.2086,1.0239
10.2092,1.0189
10.2097,1.0290
10.2103,1.0290
10.2108,1.0239
10.2113,1.0239
10.2119,1.0239
10.2124,1.0189
10.2129,1.0290
10.2135,1.0189
10.2140,1.0290
10.2146,1.0239
10.2151,1.0239
10.2156,1.0189
10.2162,1.0239
10.2167,1.0290
10.2172,1.0239
10.2178,1.0239
10.2183,1.0290
10.2189,1.0239
10.2194,1.0239
10.2199,1.0189
10.2205,1.0239
10.2210,1.0239
10.2215,1.0239
10.2221,1.0239
10.2226,1.0189
10.2232,1.0239
10.2237,1.0189
10.2242,1.0189
10.2248,1.0189
10.2253,1.0189
10.2259,1.0189
10.2265,1.0189
10.2270,1.0189
10.2276,1.0239
10.2282,1.0239
10.2287,1.0239
10.2293,1.0189
10.2298,1.0239
10.2304,1.0239
10.2309,1.0189
10.2315,1.0239
10.2321,1.0189
10.2326,1.0239
10.2332,1.0189
10.2338,1.0189
10.2343,1.0239
10.2349,1.0239
10.2354,1.0239
10.2360,1.0189
10.2365,1.0239
10.2371,1.0239
10.2376,1.0290
10.2382,1.0239
10.2387,1.0239
10.2392,1.0239
10.2398,1.0239
10.2403,1.0189
10.2408,1.0189
10.2414,1.0239
10.2419,1.0189
10.2425,1.0239
10.2430,1.0239
10.2435,1.0239
10.2441,1.0239
10.2446,1.0290
10.2452,1.0239
10.2457,1.0239
10.2462,1.0239
10.2468,1.0189
10.2474,1.0239
10.2479,1.0290
10.2484,1.0239
10.2490,1.0239
10.2495,1.0239
10.2500,1.0239
10.2506,1.0239
10.2512,1.0290
10.2517,1.0239
10.2523,1.0290
10.2528,1.0239
10.2533,1.0189
10.2540,1.0239
10.2545,1.0239
10.2551,1.0239
10.2556,1.0239
10.2561,1.0290
10.2567,1.0239
10.2572,1.0239
10.2577,1.0290
10.2583,1.0239
10.2588,1.0239
10.2593,1.0239
10.2598,1.0239
10.2604,1.0239
10.2609,1.0239
10.2614,1.0239
10.2620,1.0239
10.2625,1.0290
10.2630,1.0239
10.2636,1.0290
10.2641,1.0290
10.2646,1.0290
10.2652,1.0239
10.2657,1.0290
10.2662,1.0290
10.2667,1.0290
10.2673,1.0340
10.2678,1.0290
10.2683,1.0340
10.2689,1.0239
10.2694,1.0239
10.2699,1.0290
10.2705,1.0290
10.2710,1.0290
10.2715,1.0290
10.2720,1.0340
10.2726,1.0290
10.2731,1.0290
10.2736,1.0340
10.2742,1.0290
10.2747,1.0290
10.2752,1.0340
10.2757,1.0340
10.2763,1.0290
10.2768,1.0340
10.2773,1.0340
10.2779,1.0340
10.2784,1.0340
10.2789,1.0340
10.2795,1.0340
10.2800,1.0290
10.2805,1.0340
10.2810,1.0391
10.2816,1.0340
10.2821,1.0391
10.2826,1.0340
10.2832,1.0441
10.2837,1.0391
10.2842,1.0340
10.2848,1.0340
10.2853,1.0391
10.2859,1.0391
10.2864,1.0391
10.2869,1.0391
10.2875,1.0340
10.2880,1.0391
10.2885,1.0391
10.2891,1.0391
10.2896,1.0441
10.2901,1.0391
10.2907,1.0391
10.2912,1.0391
10.2917,1.0391
10.2922,1.0391
10.2928,1.0340
10.2933,1.0391
10.2938,1.0391
10.2944,1.0391
10.2949,1.0391
10.2954,1.0391
10.2960,1.0441
10.2965,1.0391
10.2970,1.0391
10.2975,1.0340
10.2981,1.0441
10.2986,1.0391
10.2991,1.0391
10.2997,1.0391
10.3002,1.0391
10.3007,1.0391
10.3012,1.0441
10.3018,1.0391
10.3023,1.0441
10.3028,1.0441
10.3034,1.0441
10.3039,1.0391
10.3044,1.0441
10.3050,1.0391
10.3055,1.0441
10.3060,1.0441
10.3065,1.0391
10.3071,1.0441
10.3076,1.0441
10.3081,1.0441
10.3087,1.0391
10.3092,1.0391
10.3097,1.0391
10.3103,1.0391
10.3108,1.0441
10.3113,1.0441
10.3118,1.0391
10.3124,1.0441
10.3129,1.0441
10.3134,1.0391
10.3140,1.0441
10.3145,1.0441
10.3151,1.0441
10.3156,1.0391
10.3161,1.0391
10.3166,1.0441
10.3172,1.0441
10.3177,1.0441
10.3182,1.0441
10.3188,1.0391
10.3193,1.0491
10.3198,1.0441
10.3204,1.0441
10.3209,1.0441
10.3214,1.0441
10.3219,1.0441
10.3225,1.0441
10.3230,1.0491
10.3235,1.0441
10.3241,1.0441
10.3246,1.0441
10.3252,1.0441
10.3257,1.0441
10.3262,1.0441
10.3267,1.0441
10.3273,1.0441
10.3278,1.0441
10.3283,1.0441
10.3289,1.0491
10.3294,1.0491
10.3299,1.0441
10.3305,1.0441
10.3310,1.0491
10.3315,1.0441
10.3320,1.0491
10.3326,1.0441
10.3331,1.0441
10.3336,1.0441
10.3342,1.0491
10.3347,1.0491
10.3352,1.0491
10.3358,1.0491
10.3363,1.0491
10.3368,1.0441
10.3374,1.0441
10.3379,1.0441
10.3384,1.0491
10.3390,1.0491
10.3395,1.0441
10.3400,1.0491
10.3406,1.0491
10.3411,1.0441
10.3416,1.0441
10.3421,1.0491
10.3427,1.0491
10.3432,1.0491
10.3437,1.0441
10.3443,1.0441
10.3448,1.0491
10.3453,1.0441
10.3459,1.0491
10.3464,1.0441
10.3469,1.0491
10.3475,1.0441
10.3480,1.0441
10.3485,1.0441
10.3491,1.0491
10.3496,1.0441
10.3501,1.0441
10.3507,1.0491
10.3512,1.0491
10.3517,1.0491
10.3523,1.0491
10.3528,1.0491
10.3533,1.0491
10.3539,1.0441
10.3544,1.0491
10.3550,1.0441
10.3555,1.0491
10.3560,1.0441
10.3566,1.0491
10.3571,1.0441
10.3576,1.0491
10.3582,1.0391
10.3587,1.0491
10.3592,1.0491
10.3598,1.0441
10.3603,1.0441
10.3609,1.0441
10.3614,1.0441
10.3619,1.0491
10.3625,1.0491
10.3630,1.0491
10.3635,1.0441
10.3641,1.0491
10.3646,1.0491
10.3652,1.0441
10.3657,1.0491
10.3662,1.0491
10.3668,1.0491
10.3673,1.0491
10.3678,1.0491
10.3684,1.0491
10.3689,1.0491
10.3694,1.0441
10.3700,1.0491
10.3705,1.0491
10.3711,1.0441
10.3716,1.0542
10.3721,1.0491
10.3727,1.0542
10.3732,1.0491
10.3737,1.0491
10.3743,1.0441
10.3748,1.0441
10.3753,1.0491
10.3759,1.0491
10.3764,1.0441
10.3769,1.0491
10.3775,1.0441
10.3780,1.0491
10.3785,1.0441
10.3791,1.0491
10.3796,1.0491
10.3802,1.0491
10.3807,1.0491
10.3812,1.0491
10.3818,1.0491
10.3823,1.0491
10.3829,1.0441
10.3834,1.0491
10.3839,1.0491
10.3845,1.0441
10.3850,1.0491
10.3855,1.0441
10.3861,1.0441
10.3866,1.0491
10.3871,1.0441
10.3877,1.0491
10.3882,1.0491
10.3887,1.0491
10.3893,1.0491
10.3898,1.0491
10.3904,1.0491
10.3909,1.0542
10.3914,1.0491
10.3920,1.0491
10.3925,1.0491
10.3930,1.0542
10.3936,1.0491
10.3941,1.0491
10.3946,1.0491
10.3952,1.0441
10.3957,1.0491
10.3963,1.0491
10.3968,1.0441
10.3973,1.0491
10.3979,1.0491
10.3984,1.0491
10.3989,1.0491
10.3995,1.0491
10.4000,1.0491
10.4005,1.0491
10.4011,1.0491
10.4016,1.0491
10.4021,1.0491
10.4027,1.0441
10.4032,1.0491
10.4038,1.0441
10.4043,1.0441
10.4048,1.0491
10.4054,1.0491
10.4059,1.0491
10.4064,1.0491
10.4070,1.0491
10.4075,1.0491
10.4080,1.0491
10.4086,1.0491
10.4091,1.0441
10.4097,1.0441
10.4102,1.0491
10.4107,1.0491
10.4113,1.0491
10.4118,1.0491
10.4123,1.0441
10.4129,1.0491
10.4134,1.0491
10.4139,1.0441
10.4145,1.0491
10.4150,1.0491
10.4155,1.0491
10.4161,1.0491
10.4166,1.0491
10.4171,1.0491
10.4177,1.0491
10.4182,1.0491
10.4188,1.0491
10.4193,1.0491
10.4198,1.0441
10.4204,1.0491
10.4209,1.0491
10.4214,1.0441
10.4220,1.0491
10.4225,1.0441
10.4230,1.0491
10.4236,1.0491
10.4241,1.0491
10.4247,1.0491
10.4252,1.0491
10.4257,1.0491
10.4263,1.0491
10.4268,1.0491
10.4273,1.0441
10.4279,1.0491
10.4284,1.0441
10.4289,1.0491
10.4295,1.0491
10.4300,1.0491
10.4305,1.0441
10.4311,1.0491
10.4316,1.0491
10.4322,1.0491
10.4327,1.0491
10.4332,1.0491
10.4338,1.0491
10.4343,1.0441
10.4348,1.0491
10.4354,1.0491
10.4359,1.0441
10.4364,1.0491
10.4370,1.0441
10.4375,1.0491
10.4381,1.0491
10.4386,1.0441
10.4391,1.0491
10.4397,1.0491
10.4402,1.0441
10.4407,1.0491
10.4413,1.0441
10.4418,1.0491
10.4423,1.0441
10.4429,1.0491
10.4434,1.0441
10.4439,1.0491
10.4445,1.0441
10.4450,1.0441
10.4456,1.0441
10.4461,1.0491
10.4466,1.0441
10.4472,1.0491
10.4477,1.0491
10.4482,1.0491
10.4488,1.0491
10.4493,1.0441
10.4498,1.0441
10.4504,1.0441
10.4509,1.0441
10.4515,1.0441
10.4520,1.0441
10.4525,1.0441
10.4531,1.0441
10.4536,1.0491
10.4541,1.0491
10.4547,1.0491
10.4552,1.0441
10.4557,1.0491
10.4563,1.0441
10.4568,1.0491
10.4574,1.0441
10.4579,1.0491
10.4584,1.0491
10.4590,1.0441
10.4595,1.0491
10.4600,1.0491
10.4606,1.0441
10.4611,1.0491
10.4616,1.0491
10.4622,1.0441
10.4627,1.0491
10.4632,1.0441
10.4638,1.0491
10.4643,1.0441
10.4649,1.0491
10.4654,1.0542
10.4659,1.0491
10.4665,1.0491
10.4670,1.0491
10.4675,1.0441
10.4681,1.0441
10.4686,1.0491
10.4691,1.0441
10.4697,1.0491
10.4702,1.0441
10.4707,1.0441
10.4713,1.0441
10.4718,1.0491
10.4723,1.0491
10.4729,1.0441
10.4734,1.0441
10.4740,1.0391
10.4745,1.0441
10.4750,1.0441
10.4756,1.0441
10.4761,1.0441
10.4766,1.0491
10.4772,1.0441
10.4777,1.0491
10.4782,1.0441
10.4788,1.0441
10.4793,1.0441
10.4798,1.0491
10.4804,1.0441
10.4809,1.0491
10.4815,1.0441
10.4820,1.0441
10.4825,1.0391
10.4831,1.0441
10.4836,1.0441
10.4841,1.0441
10.4847,1.0441
10.4852,1.0441
10.4857,1.0441
10.4863,1.0441
10.4868,1.0391
10.4874,1.0441
10.4879,1.0441
10.4884,1.0391
10.4890,1.0441
10.4895,1.0441
10.4900,1.0391
10.4906,1.0441
10.4911,1.0391
10.4916,1.0441
10.4922,1.0441
10.4927,1.0491
10.4932,1.0391
10.4938,1.0441
10.4943,1.0391
10.4949,1.0391
10.4954,1.0441
10.4959,1.0441
10.4965,1.0441
10.4970,1.0391
10.4975,1.0391
10.4981,1.0441
10.4986,1.0441
10.4991,1.0441
10.4997,1.0491
10.5002,1.0441
10.5007,1.0441
10.5013,1.0441
10.5018,1.0391
10.5023,1.0441
10.5029,1.0441
10.5034,1.0441
10.5040,1.0441
10.5045,1.0391
10.5050,1.0441
10.5056,1.0391
10.5061,1.0391
10.5066,1.0441
10.5072,1.0441
10.5077,1.0441
10.5082,1.0391
10.5088,1.0391
10.5093,1.0491
10.5098,1.0441
10.5104,1.0441
10.5109,1.0391
10.5115,1.0441
10.5120,1.0441
10.5125,1.0391
10.5131,1.0441
10.5136,1.0441
10.5141,1.0391
10.5147,1.0441
10.5152,1.0441
10.5157,1.0391
10.5163,1.0391
10.5168,1.0441
10.5173,1.0441
10.5179,1.0441
10.5184,1.0441
10.5190,1.0391
10.5195,1.0391
10.5200,1.0391
10.5206,1.0391
10.5211,1.0340
10.5217,1.0391
10.5222,1.0391
10.5227,1.0391
10.5233,1.0391
10.5238,1.0441
10.5243,1.0391
10.5249,1.0441
10.5254,1.0391
10.5259,1.0391
10.5265,1.0391
10.5270,1.0391
10.5275,1.0391
10.5281,1.0391
10.5286,1.0441
10.5292,1.0391
10.5297,1.0441
10.5302,1.0441
10.5308,1.0340
10.5313,1.0441
10.5318,1.0391
10.5324,1.0391
10.5329,1.0340
10.5334,1.0391
10.5340,1.0340
10.5345,1.0391
10.5350,1.0441
10.5356,1.0340
10.5361,1.0441
10.5366,1.0391
10.5372,1.0391
10.5377,1.0441
10.5383,1.0391
10.5388,1.0441
10.5393,1.0441
10.5399,1.0340
10.5404,1.0391
10.5409,1.0391
10.5415,1.0441
10.5420,1.0391
10.5425,1.0391
10.5431,1.0391
10.5436,1.0391
10.5441,1.0391
10.5447,1.0391
10.5452,1.0441
10.5458,1.0391
10.5463,1.0391
10.5468,1.0441
10.5474,1.0441
10.5479,1.0391
10.5484,1.0391
10.5490,1.0441
10.5495,1.0391
10.5500,1.0441
10.5506,1.0441
10.5511,1.0391
10.5516,1.0391
10.5522,1.0441
10.5527,1.0391
10.5533,1.0391
10.5538,1.0391
10.5543,1.0391
10.5549,1.0391
10.5554,1.0391
10.5559,1.0391
10.5565,1.0340
10.5570,1.0391
10.5575,1.0391
10.5581,1.0391
10.5586,1.0340
10.5591,1.0340
10.5597,1.0340
10.5602,1.0391
10.5607,1.0391
10.5612,1.0391
10.5618,1.0391
10.5623,1.0391
10.5628,1.0340
10.5634,1.0391
10.5639,1.0391
10.5644,1.0391
10.5650,1.0340
10.5655,1.0391
10.5660,1.0391
10.5666,1.0391
10.5671,1.0441
10.5676,1.0391
10.5682,1.0391
10.5687,1.0340
10.5692,1.0391
10.5698,1.0391
10.5703,1.0340
10.5708,1.0391
10.5714,1.0391
10.5719,1.0340
10.5724,1.0391
10.5730,1.0391
10.5735,1.0391
10.5740,1.0391
10.5746,1.0391
10.5751,1.0391
10.5756,1.0340
10.5761,1.0391
10.5767,1.0290
10.5772,1.0391
10.5777,1.0391
10.5783,1.0391
10.5788,1.0391
10.5793,1.0391
10.5799,1.0391
10.5804,1.0391
10.5809,1.0391
10.5815,1.0441
10.5820,1.0391
10.5825,1.0391
10.5831,1.0391
10.5836,1.0391
10.5841,1.0391
10.5847,1.0340
10.5852,1.0391
10.5857,1.0441
10.5863,1.0441
10.5868,1.0441
10.5873,1.0391
10.5879,1.0391
10.5884,1.0391
10.5889,1.0340
10.5895,1.0340
10.5900,1.0391
10.5905,1.0391
10.5911,1.0391
10.5916,1.0391
10.5921,1.0391
10.5927,1.0391
10.5932,1.0391
10.5937,1.0391
10.5943,1.0391
10.5948,1.0391
10.5953,1.0391
10.5959,1.0391
10.5964,1.0391
10.5969,1.0391
10.5975,1.0391
10.5980,1.0391
10.5985,1.0391
10.5990,1.0391
10.5996,1.0391
10.6001,1.0340
10.6006,1.0391
10.6012,1.0391
10.6017,1.0391
10.6022,1.0340
10.6028,1.0391
10.6033,1.0391
10.6038,1.0391
10.6044,1.0391
10.6049,1.0340
10.6054,1.0391
10.6060,1.0391
10.6065,1.0391
10.6070,1.0391
10.6076,1.0391
10.6081,1.0391
10.6086,1.0391
10.6092,1.0391
10.6097,1.0391
10.6102,1.0391
10.6108,1.0340
10.6114,1.0391
10.6119,1.0391
10.6125,1.0391
10.6131,1.0441
10.6136,1.0391
10.6142,1.0391
10.6147,1.0340
10.6153,1.0391
10.6158,1.0391
10.6164,1.0391
10.6169,1.0391
10.6175,1.0391
10.6180,1.0391
10.6185,1.0391
10.6191,1.0340
10.6196,1.0391
10.6201,1.0441
10.6207,1.0441
10.6212,1.0391
10.6217,1.0441
10.6223,1.0441
10.6228,1.0391
10.6234,1.0391
10.6239,1.0391
10.6245,1.0391
10.6250,1.0391
10.6256,1.0391
10.6261,1.0391
10.6267,1.0391
10.6272,1.0391
10.6278,1.0441
10.6283,1.0391
10.6288,1.0391
10.6294,1.0391
10.6300,1.0391
10.6305,1.0391
10.6310,1.0340
10.6316,1.0391
10.6321,1.0391
10.6326,1.0441
10.6332,1.0391
10.6337,1.0391
10.6342,1.0441
10.6348,1.0391
10.6353,1.0391
10.6358,1.0391
10.6364,1.0391
10.6369,1.0441
10.6374,1.0391
10.6380,1.0391
10.6385,1.0391
10.6390,1.0391
10.6395,1.0391
10.6401,1.0391
10.6406,1.0391
10.6411,1.0391
10.6417,1.0340
10.6422,1.0391
10.6427,1.0391
10.6433,1.0391
10.6438,1.0391
10.6443,1.0391
10.6449,1.0391
10.6454,1.0391
10.6459,1.0391
10.6464,1.0391
10.6470,1.0340
10.6475,1.0441
10.6480,1.0391
10.6486,1.0391
10.6491,1.0340
10.6496,1.0391
10.6501,1.0391
10.6507,1.0391
10.6512,1.0391
10.6518,1.0391
10.6523,1.0391
10.6528,1.0391
10.6534,1.0391
10.6539,1.0391
10.6544,1.0391
10.6550,1.0441
10.6555,1.0340
10.6560,1.0340
10.6566,1.0391
10.6571,1.0340
10.6576,1.0391
10.6582,1.0391
10.6587,1.0340
10.6592,1.0340
10.6598,1.0391
10.6603,1.0340
10.6608,1.0391
10.6614,1.0340
10.6619,1.0391
10.6624,1.0391
10.6630,1.0340
10.6635,1.0391
10.6640,1.0391
10.6646,1.0340
10.6651,1.0441
10.6656,1.0391
10.6662,1.0391
10.6667,1.0391
10.6672,1.0340
10.6678,1.0391
10.6683,1.0340
10.6688,1.0340
10.6694,1.0340
10.6699,1.0391
10.6704,1.0391
10.6710,1.0391
10.6715,1.0391
10.6720,1.0391
10.6726,1.0391
10.6731,1.0340
10.6736,1.0340
10.6742,1.0391
10.6747,1.0391
10.6752,1.0441
10.6758,1.0391
10.6763,1.0391
10.6768,1.0391
10.6774,1.0340
10.6779,1.0340
10.6784,1.0391
10.6790,1.0391
10.6795,1.0391
10.6800,1.0340
10.6806,1.0391
10.6811,1.0391
10.6816,1.0391
10.6822,1.0391
10.6827,1.0391
10.6832,1.0340
10.6838,1.0340
10.6843,1.0391
10.6848,1.0391
10.6854,1.0340
10.6859,1.0340
10.6864,1.0340
10.6870,1.0391
10.6875,1.0391
10.6880,1.0340
10.6886,1.0391
10.6891,1.0340
10.6896,1.0340
10.6902,1.0391
10.6907,1.0391
10.6912,1.0340
10.6918,1.0340
10.6923,1.0391
10.6928,1.0391
10.6934,1.0340
10.6939,1.0391
10.6944,1.0391
10.6950,1.0391
10.6955,1.0340
10.6960,1.0340
10.6966,1.0391
10.6971,1.0340
10.6976,1.0340
10.6982,1.0391
10.6987,1.0340
10.6992,1.0340
10.6998,1.0340
10.7003,1.0391
10.7008,1.0391
10.7014,1.0340
10.7019,1.0340
10.7024,1.0340
10.7030,1.0340
10.7035,1.0340
10.7040,1.0391
10.7046,1.0391
10.7051,1.0391
10.7056,1.0340
10.7062,1.0391
10.7067,1.0340
10.7072,1.0340
10.7078,1.0340
10.7083,1.0340
10.7089,1.0340
10.7094,1.0340
10.7099,1.0340
10.7105,1.0290
10.7110,1.0290
10.7115,1.0340
10.7121,1.0391
10.7126,1.0340
10.7131,1.0290
10.7137,1.0340
10.7142,1.0340
10.7147,1.0340
10.7153,1.0340
10.7158,1.0340
10.7164,1.0340
10.7169,1.0391
10.7174,1.0340
10.7180,1.0290
10.7185,1.0340
10.7190,1.0340
10.7196,1.0340
10.7201,1.0340
10.7206,1.0340
10.7212,1.0340
10.7217,1.0391
10.7222,1.0391
10.7228,1.0340
10.7234,1.0340
10.7239,1.0391
10.7244,1.0340
10.7250,1.0340
10.7255,1.0340
10.7260,1.0340
10.7266,1.0340
10.7271,1.0340
10.7276,1.0340
10.7282,1.0340
10.7287,1.0290
10.7293,1.0340
10.7298,1.0290
10.7303,1.0340
10.7309,1.0340
10.7314,1.0340
10.7319,1.0340
10.7325,1.0340
10.7331,1.0340
10.7336,1.0340
10.7342,1.0391
10.7347,1.0340
10.7352,1.0340
10.7358,1.0290
10.7363,1.0290
10.7368,1.0391
10.7374,1.0340
10.7379,1.0340
10.7384,1.0290
10.7390,1.0340
10.7395,1.0340
10.7401,1.0340
10.7406,1.0290
10.7411,1.0340
10.7417,1.0340
10.7422,1.0340
10.7427,1.0340
10.7433,1.0340
10.7438,1.0340
10.7443,1.0290
10.7449,1.0290
10.7454,1.0340
10.7460,1.0340
10.7465,1.0340
10.7470,1.0290
10.7476,1.0340
10.7481,1.0340
10.7486,1.0340
10.7492,1.0340
10.7497,1.0340
10.7502,1.0340
10.7508,1.0290
10.7513,1.0290
10.7518,1.0391
10.7524,1.0290
10.7529,1.0340
10.7535,1.0340
10.7540,1.0290
10.7545,1.0290
10.7551,1.0340
10.7556,1.0340
10.7561,1.0340
10.7567,1.0340
10.7572,1.0340
10.7577,1.0290
10.7583,1.0340
10.7588,1.0340
10.7593,1.0290
10.7599,1.0290
10.7604,1.0340
10.7609,1.0290
10.7615,1.0340
10.7620,1.0290
10.7625,1.0340
10.7631,1.0340
10.7636,1.0340
10.7641,1.0340
10.7647,1.0290
10.7652,1.0340
10.7657,1.0290
10.7663,1.0340
10.7668,1.0290
10.7673,1.0290
10.7679,1.0340
10.7684,1.0340
10.7689,1.0239
10.7695,1.0340
10.7700,1.0340
10.7706,1.0340
10.7711,1.0290
10.7717,1.0290
10.7722,1.0290
10.7727,1.0290
10.7733,1.0290
10.7738,1.0340
10.7743,1.0340
10.7749,1.0290
10.7754,1.0340
10.7759,1.0239
10.7765,1.0239
10.7770,1.0290
10.7775,1.0290
10.7781,1.0290
10.7786,1.0290
10.7791,1.0340
10.7797,1.0340
10.7802,1.0290
10.7807,1.0290
10.7813,1.0290
10.7818,1.0340
10.7823,1.0340
10.7829,1.0340
10.7834,1.0290
10.7839,1.0239
10.7844,1.0340
10.7850,1.0290
10.7855,1.0239
10.7860,1.0340
10.7866,1.0290
10.7871,1.0290
10.7876,1.0290
10.7882,1.0239
10.7887,1.0290
10.7892,1.0290
10.7898,1.0239
10.7903,1.0340
10.7909,1.0290
10.7914,1.0340
10.7919,1.0290
10.7925,1.0290
10.7930,1.0290
10.7935,1.0290
10.7941,1.0340
10.7946,1.0290
10.7951,1.0340
10.7957,1.0290
10.7962,1.0239
10.7967,1.0340
10.7972,1.0239
10.7978,1.0239
10.7983,1.0290
10.7988,1.0290
10.7994,1.0290
10.7999,1.0340
10.8004,1.0239
10.8010,1.0290
10.8015,1.0290
10.8020,1.0239
10.8026,1.0290
10.8031,1.0290
10.8036,1.0290
10.8042,1.0340
10.8047,1.0340
10.8052,1.0290
10.8058,1.0290
10.8063,1.0340
10.8068,1.0239
10.8074,1.0290
10.8079,1.0290
10.8084,1.0290
10.8090,1.0290
10.8095,1.0290
10.8100,1.0290
10.8106,1.0290
10.8111,1.0290
10.8116,1.0290
10.8121,1.0239
10.8127,1.0290
10.8132,1.0290
10.8137,1.0239
10.8143,1.0290
10.8148,1.0239
10.8153,1.0290
10.8159,1.0290
10.8164,1.0239
10.8169,1.0290
10.8175,1.0290
10.8180,1.0290
10.8185,1.0290
10.8191,1.0239
10.8196,1.0239
10.8201,1.0239
10.8207,1.0239
10.8212,1.0239
10.8217,1.0239
10.8223,1.0290
10.8228,1.0239
10.8233,1.0290
10.8239,1.0290
10.8244,1.0290
10.8249,1.0239
10.8255,1.0290
10.8260,1.0290
10.8266,1.0290
10.8272,1.0239
10.8277,1.0239
10.8283,1.0290
10.8288,1.0290
10.8294,1.0290
10.8299,1.0290
10.8305,1.0239
10.8310,1.0290
10.8316,1.0239
10.8321,1.0239
10.8327,1.0239
10.8332,1.0290
10.8337,1.0290
10.8343,1.0239
10.8349,1.0290
10.8355,1.0290
10.8360,1.0290
10.8366,1.0239
10.8371,1.0239
10.8376,1.0239
10.8382,1.0290
10.8387,1.0239
10.8392,1.0239
10.8397,1.0239
10.8403,1.0239
10.8408,1.0290
10.8413,1.0239
10.8419,1.0290
10.8424,1.0239
10.8429,1.0290
10.8435,1.0239
10.8440,1.0189
10.8445,1.0239
10.8450,1.0239
10.8456,1.0290
10.8461,1.0239
10.8466,1.0239
10.8472,1.0239
10.8477,1.0239
10.8482,1.0239
10.8488,1.0239
10.8493,1.0239
10.8498,1.0239
10.8503,1.0290
10.8509,1.0239
10.8514,1.0189
10.8520,1.0239
10.8525,1.0239
10.8530,1.0189
10.8535,1.0239
10.8541,1.0239
10.8547,1.0239
10.8553,1.0239
10.8558,1.0239
10.8563,1.0189
10.8569,1.0239
10.8574,1.0239
10.8579,1.0239
10.8585,1.0189
10.8590,1.0239
10.8596,1.0239
10.8601,1.0239
10.8606,1.0239
10.8612,1.0239
10.8617,1.0239
10.8622,1.0239
10.8628,1.0239
10.8633,1.0239
10.8638,1.0239
10.8644,1.0239
10.8649,1.0239
10.8654,1.0189
10.8660,1.0189
10.8665,1.0189
10.8670,1.0239
10.8676,1.0239
10.8681,1.0239
10.8686,1.0239
10.8692,1.0189
10.8697,1.0239
10.8702,1.0239
10.8708,1.0189
10.8713,1.0189
10.8718,1.0239
10.8724,1.0239
10.8729,1.0239
10.8734,1.0239
10.8740,1.0239
10.8745,1.0239
10.8750,1.0239
10.8756,1.0239
10.8761,1.0189
10.8766,1.0189
10.8772,1.0239
10.8777,1.0189
10.8782,1.0239
10.8788,1.0239
10.8793,1.0239
10.8798,1.0189
10.8804,1.0239
10.8809,1.0239
10.8814,1.0239
10.8820,1.0239
10.8825,1.0189
10.8830,1.0239
10.8836,1.0239
10.8841,1.0138
10.8846,1.0239
10.8852,1.0239
10.8857,1.0189
10.8863,1.0189
10.8868,1.0239
10.8873,1.0239
10.8879,1.0239
10.8884,1.0189
10.8889,1.0189
10.8895,1.0239
10.8900,1.0138
10.8906,1.0239
10.8911,1.0239
10.8916,1.0189
10.8922,1.0189
10.8927,1.0138
10.8932,1.0189
10.8938,1.0189
10.8943,1.0138
10.8948,1.0189
10.8954,1.0239
10.8959,1.0239
10.8964,1.0189
10.8970,1.0239
10.8975,1.0189
10.8980,1.0239
10.8986,1.0189
10.8991,1.0239
10.8996,1.0239
10.9002,1.0189
10.9007,1.0189
10.9012,1.0239
10.9018,1.0138
10.9023,1.0189
10.9028,1.0189
10.9034,1.0239
10.9039,1.0239
10.9044,1.0189
10.9050,1.0239
10.9055,1.0239
10.9060,1.0189
10.9066,1.0189
10.9071,1.0189
10.9076,1.0189
10.9082,1.0189
10.9087,1.0189
10.9092,1.0239
10.9098,1.0239
10.9103,1.0189
10.9108,1.0189
10.9114,1.0189
10.9119,1.0189
10.9124,1.0189
10.9130,1.0189
10.9135,1.0138
10.9140,1.0189
10.9146,1.0239
10.9151,1.0189
10.9156,1.0239
10.9162,1.0189
10.9167,1.0189
10.9172,1.0239
10.9178,1.0189
10.9183,1.0138
10.9188,1.0189
10.9194,1.0189
10.9199,1.0189
10.9204,1.0189
10.9210,1.0138
10.9215,1.0189
10.9220,1.0138
10.9226,1.0189
10.9231,1.0189
10.9236,1.0189
10.9242,1.0138
10.9247,1.0138
10.9252,1.0239
10.9258,1.0189
10.9263,1.0189
10.9269,1.0189
10.9274,1.0189
10.9279,1.0189
10.9285,1.0138
10.9290,1.0189
10.9295,1.0138
10.9301,1.0138
10.9306,1.0138
10.9312,1.0189
10.9317,1.0189
10.9322,1.0189
10.9328,1.0189
10.9333,1.0189
10.9338,1.0189
10.9344,1.0189
10.9349,1.0189
10.9355,1.0189
10.9360,1.0138
10.9365,1.0189
10.9371,1.0189
10.9376,1.0189
10.9381,1.0189
10.9387,1.0189
10.9392,1.0138
10.9397,1.0189
10.9403,1.0138
10.9408,1.0138
10.9414,1.0138
10.9419,1.0239
10.9424,1.0189
10.9430,1.0189
10.9435,1.0189
10.9440,1.0189
10.9446,1.0189
10.9451,1.0138
10.9456,1.0189
10.9462,1.0138
10.9467,1.0189
10.9473,1.0088
10.9478,1.0239
10.9483,1.0189
10.9489,1.0189
10.9494,1.0138
10.9499,1.0239
10.9505,1.0189
10.9510,1.0239
10.9515,1.0189
10.9521,1.0189
10.9526,1.0189
10.9532,1.0189
10.9537,1.0189
10.9542,1.0189
10.9548,1.0189
10.9554,1.0189
10.9559,1.0189
10.9565,1.0239
10.9570,1.0239
10.9575,1.0189
10.9581,1.0189
10.9586,1.0239
10.9591,1.0189
10.9597,1.0138
10.9602,1.0189
10.9607,1.0189
10.9613,1.0189
10.9618,1.0239
10.9623,1.0189
10.9629,1.0189
10.9634,1.0189
10.9639,1.0239
10.9645,1.0189
10.9650,1.0189
10.9655,1.0189
10.9661,1.0189
10.9666,1.0189
10.9671,1.0239
10.9677,1.0239
10.9682,1.0239
10.9687,1.0189
10.9693,1.0189
10.9698,1.0239
10.9703,1.0239
10.9709,1.0290
10.9714,1.0239
10.9719,1.0239
10.9724,1.0189
10.9730,1.0239
10.9735,1.0189
10.9740,1.0290
10.9746,1.0290
10.9751,1.0239
10.9756,1.0239
10.9762,1.0239
10.9767,1.0239
10.9772,1.0239
10.9778,1.0290
10.9783,1.0239
10.9788,1.0290
10.9794,1.0239
10.9799,1.0340
10.9804,1.0290
10.9810,1.0290
10.9815,1.0290
10.9820,1.0290
10.9826,1.0290
10.9831,1.0239
10.9836,1.0290
10.9842,1.0290
10.9847,1.0290
10.9852,1.0290
10.9858,1.0290
10.9863,1.0290
10.9868,1.0290
10.9874,1.0340
10.9879,1.0290
10.9884,1.0290
10.9890,1.0290
10.9895,1.0340
10.9900,1.0290
10.9906,1.0290
10.9911,1.0290
10.9916,1.0340
10.9922,1.0290
10.9927,1.0290
10.9932,1.0340
10.9938,1.0290
10.9943,1.0340
10.9948,1.0391
10.9954,1.0340
10.9959,1.0290
10.9964,1.0340
10.9970,1.0340
10.9975,1.0391
10.9980,1.0391
10.9986,1.0391
10.9991,1.0391
10.9996,1.0391
11.0002,1.0290
11.0007,1.0340
11.0012,1.0340
11.0018,1.0391
11.0023,1.0340
11.0028,1.0391
11.0034,1.0340
11.0039,1.0391
11.0044,1.0340
11.0050,1.0391
11.0055,1.0391
11.0060,1.0340
11.0066,1.0391
11.0071,1.0391
11.0076,1.0391
11.0082,1.0391
11.0087,1.0391
11.0092,1.0391
11.0098,1.0391
11.0103,1.0391
11.0108,1.0391
11.0114,1.0391
11.0119,1.0340
11.0124,1.0441
11.0130,1.0391
11.0135,1.0391
11.0140,1.0441
11.0146,1.0441
11.0151,1.0340
11.0156,1.0391
11.0162,1.0391
11.0167,1.0441
11.0172,1.0441
11.0178,1.0391
11.0183,1.0391
11.0188,1.0441
11.0194,1.0391
11.0199,1.0441
11.0204,1.0441
11.0210,1.0391
11.0215,1.0391
11.0220,1.0391
11.0226,1.0441
11.0231,1.0391
11.0236,1.0391
11.0241,1.0391
11.0247,1.0391
11.0252,1.0391
11.0257,1.0441
11.0263,1.0391
11.0268,1.0441
11.0273,1.0391
11.0279,1.0441
11.0284,1.0391
11.0289,1.0391
11.0295,1.0391
11.0300,1.0441
11.0305,1.0441
11.0311,1.0441
11.0316,1.0391
11.0321,1.0391
11.0327,1.0391
11.0332,1.0441
11.0337,1.0391
11.0343,1.0441
11.0348,1.0441
11.0353,1.0441
11.0359,1.0441
11.0364,1.0391
11.0369,1.0391
11.0375,1.0441
11.0380,1.0391
11.0385,1.0441
11.0391,1.0441
11.0396,1.0441
11.0401,1.0441
11.0407,1.0391
11.0412,1.0441
11.0417,1.0441
11.0423,1.0441
11.0428,1.0491
11.0433,1.0491
11.0438,1.0441
11.0444,1.0491
11.0449,1.0441
11.0455,1.0391
11.0460,1.0491
11.0465,1.0441
11.0471,1.0441
11.0476,1.0441
11.0481,1.0441
11.0486,1.0441
11.0492,1.0441
11.0497,1.0441
11.0502,1.0441
11.0508,1.0441
11.0513,1.0441
11.0518,1.0491
11.0524,1.0441
11.0529,1.0441
11.0534,1.0391
11.0540,1.0441
11.0545,1.0441
11.0550,1.0441
11.0556,1.0441
11.0562,1.0441
11.0567,1.0441
11.0573,1.0491
11.0578,1.0491
11.0583,1.0441
11.0589,1.0441
11.0594,1.0441
11.0599,1.0441
11.0605,1.0491
11.0610,1.0441
11.0616,1.0441
11.0621,1.0391
11.0626,1.0441
11.0632,1.0441
11.0637,1.0441
11.0643,1.0441
11.0648,1.0441
11.0653,1.0441
11.0659,1.0441
11.0664,1.0441
11.0669,1.0441
11.0675,1.0491
11.0680,1.0441
11.0685,1.0441
11.0691,1.0441
11.0696,1.0441
11.0702,1.0491
11.0707,1.0441
11.0712,1.0491
11.0718,1.0491
11.0723,1.0441
11.0728,1.0491
11.0734,1.0491
11.0739,1.0491
11.0744,1.0441
11.0750,1.0491
11.0755,1.0491
11.0760,1.0491
11.0766,1.0391
11.0771,1.0441
11.0777,1.0441
11.0782,1.0441
11.0787,1.0491
11.0793,1.0441
11.0798,1.0491
11.0803,1.0441
11.0809,1.0441
11.0814,1.0391
11.0819,1.0441
11.0825,1.0491
11.0830,1.0391
11.0836,1.0491
11.0841,1.0441
11.0846,1.0491
11.0852,1.0491
11.0857,1.0491
11.0862,1.0491
11.0868,1.0491
11.0873,1.0441
11.0878,1.0441
11.0884,1.0441
11.0889,1.0491
11.0895,1.0441
11.0900,1.0441
11.0905,1.0441
11.0911,1.0441
11.0916,1.0491
11.0921,1.0441
11.0927,1.0491
11.0932,1.0441
11.0937,1.0441
11.0943,1.0491
11.0948,1.0491
11.0954,1.0491
11.0959,1.0491
11.0964,1.0441
11.0970,1.0491
11.0975,1.0491
11.0980,1.0491
11.0986,1.0491
11.0991,1.0441
11.0996,1.0441
11.1002,1.0491
11.1007,1.0441
11.1013,1.0441
11.1018,1.0441
11.1023,1.0491
11.1029,1.0441
11.1034,1.0441
11.1039,1.0491
11.1045,1.0441
11.1050,1.0441
11.1055,1.0441
11.1061,1.0441
11.1066,1.0391
11.1072,1.0441
11.1077,1.0441
11.1082,1.0491
11.1088,1.0441
11.1093,1.0441
11.1098,1.0441
11.1104,1.0441
11.1109,1.0491
11.1115,1.0491
11.1121,1.0441
11.1127,1.0441
11.1132,1.0441
11.1138,1.0491
11.1144,1.0441
11.1149,1.0441
11.1154,1.0441
11.1160,1.0491
11.1165,1.0441
11.1171,1.0441
11.1177,1.0441
11.1182,1.0491
11.1188,1.0441
11.1193,1.0441
11.1199,1.0491
11.1204,1.0491
11.1209,1.0491
11.1215,1.0491
11.1220,1.0491
11.1225,1.0441
11.1231,1.0491
11.1236,1.0491
11.1242,1.0391
11.1247,1.0441
11.1253,1.0491
11.1259,1.0441
11.1265,1.0441
11.1270,1.0441
11.1276,1.0441
11.1282,1.0491
11.1287,1.0441
11.1293,1.0491
11.1298,1.0491
11.1304,1.0391
11.1309,1.0491
11.1316,1.0491
11.1322,1.0491
11.1327,1.0491
11.1332,1.0491
11.1338,1.0441
11.1343,1.0441
11.1348,1.0491
11.1354,1.0491
11.1359,1.0441
11.1365,1.0441
11.1370,1.0441
11.1375,1.0441
11.1381,1.0441
11.1386,1.0441
11.1391,1.0441
11.1397,1.0441
11.1402,1.0441
11.1407,1.0441
11.1414,1.0491
11.1424,1.0391
11.1430,1.0441
11.1436,1.0491
11.1441,1.0441
11.1447,1.0441
11.1454,1.0441
11.1460,1.0441
11.1466,1.0391
11.1473,1.0441
11.1479,1.0441
11.1485,1.0441
11.1490,1.0491
11.1496,1.0441
11.1501,1.0491
11.1507,1.0491
11.1512,1.0441
11.1517,1.0441
11.1523,1.0441
11.1528,1.0441
11.1533,1.0441
11.1539,1.0441
11.1545,1.0441
11.1550,1.0441
11.1556,1.0441
11.1561,1.0491
11.1567,1.0441
11.1572,1.0441
11.1578,1.0441
11.1583,1.0441
11.1589,1.0441
11.1594,1.0441
11.1599,1.0441
11.1605,1.0441
11.1610,1.0441
11.1616,1.0441
11.1621,1.0441
11.1627,1.0491
11.1632,1.0391
11.1638,1.0491
11.1643,1.0391
11.1649,1.0491
11.1654,1.0441
11.1660,1.0441
11.1665,1.0441
11.1671,1.0391
11.1676,1.0491
11.1682,1.0441
11.1687,1.0441
11.1692,1.0491
11.1698,1.0441
11.1703,1.0441
11.1709,1.0441
11.1714,1.0441
11.1719,1.0441
11.1725,1.0441
11.1730,1.0441
11.1736,1.0391
11.1742,1.0441
11.1747,1.0441
11.1753,1.0441
11.1758,1.0391
11.1763,1.0391
11.1769,1.0441
11.1774,1.0441
11.1779,1.0391
11.1785,1.0441
11.1790,1.0441
11.1795,1.0441
11.1801,1.0441
11.1806,1.0441
11.1811,1.0441
11.1817,1.0441
11.1822,1.0441
11.1827,1.0391
11.1833,1.0441
11.1838,1.0491
11.1843,1.0441
11.1849,1.0441
11.1854,1.0491
11.1859,1.0441
11.1865,1.0441
11.1870,1.0441
11.1875,1.0441
11.1881,1.0441
11.1886,1.0441
11.1891,1.0441
11.1897,1.0391
11.1902,1.0441
11.1907,1.0391
11.1913,1.0391
11.1918,1.0441
11.1923,1.0441
11.1929,1.0441
11.1934,1.0441
11.1939,1.0340
11.1945,1.0391
11.1950,1.0391
11.1955,1.0441
11.1961,1.0441
11.1966,1.0441
11.1971,1.0441
11.1977,1.0441
11.1982,1.0441
11.1987,1.0441
11.1993,1.0441
11.1998,1.0391
11.2003,1.0441
11.2009,1.0391
11.2014,1.0441
11.2020,1.0391
11.2025,1.0441
11.2030,1.0441
11.2036,1.0441
11.2041,1.0441
11.2047,1.0441
11.2052,1.0441
11.2057,1.0340
11.2063,1.0441
11.2068,1.0441
11.2073,1.0391
11.2079,1.0441
11.2084,1.0441
11.2089,1.0391
11.2095,1.0391
11.2100,1.0391
11.2105,1.0441
11.2111,1.0391
11.2116,1.0391
11.2121,1.0441
11.2127,1.0441
11.2132,1.0391
11.2137,1.0441
11.2143,1.0441
11.2148,1.0441
11.2153,1.0441
11.2159,1.0391
11.2164,1.0441
11.2169,1.0391
11.2175,1.0441
11.2180,1.0441
11.2185,1.0441
11.2190,1.0391
11.2196,1.0391
11.2201,1.0441
11.2206,1.0441
11.2212,1.0391
11.2217,1.0391
11.2222,1.0391
11.2228,1.0441
11.2233,1.0441
11.2238,1.0391
11.2244,1.0391
11.2249,1.0391
11.2254,1.0391
11.2260,1.0391
11.2265,1.0441
11.2270,1.0391
11.2276,1.0340
11.2281,1.0391
11.2286,1.0391
11.2292,1.0391
11.2297,1.0391
11.2302,1.0441
11.2308,1.0391
11.2313,1.0340
11.2318,1.0391
11.2324,1.0391
11.2329,1.0391
11.2334,1.0391
11.2340,1.0441
11.2441,1.0391
11.2447,1.0391
11.2452,1.0441
11.2458,1.0391
11.2463,1.0441
11.2468,1.0441
11.2474,1.0391
11.2479,1.0391
11.2484,1.0391
11.2490,1.0391
11.2495,1.0441
11.2501,1.0391
11.2506,1.0391
11.2511,1.0391
11.2517,1.0340
11.2522,1.0391
11.2527,1.0441
11.2533,1.0391
11.2538,1.0391
11.2543,1.0391
11.2549,1.0391
11.2554,1.0340
11.2559,1.0441
11.2565,1.0391
11.2570,1.0391
11.2576,1.0391
11.2581,1.0391
11.2586,1.0391
11.2592,1.0391
11.2597,1.0391
11.2603,1.0391
11.2608,1.0391
11.2613,1.0391
11.2619,1.0391
11.2624,1.0391
11.2629,1.0391
11.2635,1.0391
11.2640,1.0391
11.2645,1.0391
11.2651,1.0391
11.2656,1.0391
11.2662,1.0441
11.2667,1.0391
11.2672,1.0340
11.2678,1.0391
11.2683,1.0391
11.2689,1.0391
11.2694,1.0391
11.2699,1.0391
11.2705,1.0391
11.2710,1.0340
11.2715,1.0391
11.2721,1.0340
11.2726,1.0391
11.2732,1.0340
11.2737,1.0340
11.2742,1.0391
11.2748,1.0391
11.2753,1.0391
11.2759,1.0391
11.2764,1.0391
11.2770,1.0391
11.2775,1.0391
11.2780,1.0391
11.2786,1.0391
11.2791,1.0441
11.2797,1.0391
11.2802,1.0391
11.2808,1.0391
11.2813,1.0391
11.2818,1.0391
11.2824,1.0391
11.2829,1.0340
11.2835,1.0391
11.2840,1.0391
11.2845,1.0391
11.2851,1.0340
11.2856,1.0391
11.2862,1.0391
11.2867,1.0391
11.2872,1.0391
11.2878,1.0340
11.2883,1.0391
11.2888,1.0290
11.2894,1.0391
11.2899,1.0391
11.2905,1.0391
11.2910,1.0391
11.2915,1.0391
11.2921,1.0391
11.2926,1.0391
11.2932,1.0391
11.2937,1.0441
11.2942,1.0391
11.2948,1.0340
11.2953,1.0391
11.2958,1.0391
11.2964,1.0391
11.2969,1.0391
11.2975,1.0340
11.2980,1.0340
11.2985,1.0391
11.2991,1.0391
11.2996,1.0340
11.3002,1.0391
11.3007,1.0391
11.3012,1.0391
11.3018,1.0391
11.3023,1.0391
11.3028,1.0391
11.3034,1.0391
11.3039,1.0441
11.3045,1.0391
11.3050,1.0391
11.3055,1.0340
11.3061,1.0391
11.3066,1.0391
11.3072,1.0391
11.3077,1.0391
11.3082,1.0340
11.3088,1.0391
11.3093,1.0391
11.3098,1.0391
11.3104,1.0391
11.3109,1.0340
11.3115,1.0391
11.3122,1.0391
11.3127,1.0391
11.3133,1.0391
11.3138,1.0391
11.3143,1.0441
11.3149,1.0391
11.3154,1.0391
11.3160,1.0391
11.3165,1.0340
11.3170,1.0391
11.3176,1.0340
11.3181,1.0340
11.3187,1.0391
11.3192,1.0391
11.3197,1.0391
11.3203,1.0391
11.3208,1.0441
11.3213,1.0391
11.3219,1.0391
11.3224,1.0441
11.3230,1.0391
11.3235,1.0340
11.3240,1.0340
11.3246,1.0340
11.3251,1.0391
11.3256,1.0340
11.3262,1.0391
11.3267,1.0340
11.3272,1.0391
11.3278,1.0391
11.3283,1.0340
11.3288,1.0340
11.3294,1.0391
11.3299,1.0391
11.3305,1.0391
11.3310,1.0391
11.3315,1.0391
11.3321,1.0391
11.3326,1.0391
11.3331,1.0441
11.3337,1.0391
11.3342,1.0391
11.3347,1.0391
11.3353,1.0391
11.3358,1.0391
11.3363,1.0391
11.3369,1.0340
11.3374,1.0340
11.3380,1.0391
11.3385,1.0391
11.3390,1.0391
11.3396,1.0391
11.3401,1.0391
11.3406,1.0391
11.3412,1.0391
11.3417,1.0340
11.3422,1.0391
11.3428,1.0391
11.3433,1.0391
11.3438,1.0391
11.3444,1.0391
11.3449,1.0441
11.3455,1.0391
11.3460,1.0340
11.3465,1.0391
11.3471,1.0391
11.3476,1.0391
11.3482,1.0340
11.3487,1.0441
11.3493,1.0391
11.3498,1.0391
11.3503,1.0391
11.3509,1.0340
11.3514,1.0340
11.3519,1.0441
11.3525,1.0391
11.3530,1.0391
11.3536,1.0340
11.3541,1.0340
11.3641,1.0340
11.3647,1.0391
11.3652,1.0340
11.3658,1.0391
11.3663,1.0391
11.3668,1.0391
11.3674,1.0340
11.3679,1.0391
11.3684,1.0391
11.3690,1.0391
11.3695,1.0340
11.3701,1.0391
11.3706,1.0391
11.3711,1.0391
11.3717,1.0391
11.3722,1.0391
11.3727,1.0340
11.3733,1.0391
11.3738,1.0340
11.3743,1.0441
11.3749,1.0391
11.3754,1.0340
11.3759,1.0340
11.3765,1.0391
11.3770,1.0391
11.3776,1.0340
11.3781,1.0340
11.3786,1.0391
11.3792,1.0391
11.3797,1.0391
11.3802,1.0340
11.3808,1.0391
11.3813,1.0391
11.3818,1.0391
11.3824,1.0391
11.3829,1.0391
11.3834,1.0340
11.3840,1.0340
11.3845,1.0391
11.3851,1.0340
11.3856,1.0391
11.3861,1.0340
11.3867,1.0391
11.3872,1.0340
11.3878,1.0340
11.3883,1.0391
11.3888,1.0391
11.3894,1.0340
11.3899,1.0391
11.3904,1.0340
11.3910,1.0391
11.3915,1.0340
11.3921,1.0391
11.3926,1.0340
11.3931,1.0340
11.3937,1.0340
11.3942,1.0340
11.3948,1.0391
11.3953,1.0340
11.3958,1.0340
11.3964,1.0340
11.3969,1.0340
11.3975,1.0391
11.3980,1.0340
11.3985,1.0340
11.3991,1.0391
11.3996,1.0340
11.4001,1.0340
11.4007,1.0391
11.4012,1.0340
11.4018,1.0340
11.4023,1.0391
11.4028,1.0391
11.4034,1.0391
11.4039,1.0391
11.4044,1.0391
11.4050,1.0340
11.4055,1.0391
11.4061,1.0391
11.4066,1.0391
11.4071,1.0340
11.4077,1.0340
11.4082,1.0340
11.4088,1.0391
11.4093,1.0391
11.4098,1.0391
11.4104,1.0340
11.4109,1.0391
11.4115,1.0391
11.4120,1.0340
11.4125,1.0391
11.4131,1.0340
11.4136,1.0391
11.4141,1.0391
11.4147,1.0340
11.4152,1.0340
11.4158,1.0391
11.4163,1.0340
11.4168,1.0340
11.4174,1.0340
11.4179,1.0340
11.4185,1.0391
11.4190,1.0391
11.4195,1.0340
11.4201,1.0340
11.4206,1.0391
11.4211,1.0340
11.4217,1.0340
11.4222,1.0340
11.4228,1.0391
11.4233,1.0340
11.4238,1.0340
11.4244,1.0391
11.4249,1.0340
11.4255,1.0340
11.4261,1.0391
11.4267,1.0340
11.4273,1.0340
11.4278,1.0340
11.4284,1.0340
11.4290,1.0340
11.4295,1.0391
11.4301,1.0340
11.4307,1.0340
11.4312,1.0391
11.4318,1.0340
11.4323,1.0340
11.4329,1.0340
11.4335,1.0340
11.4340,1.0391
11.4345,1.0340
11.4351,1.0391
11.4357,1.0340
11.4362,1.0340
11.4368,1.0340
11.4374,1.0290
11.4379,1.0391
11.4385,1.0340
11.4390,1.0340
11.4396,1.0391
11.4401,1.0340
11.4406,1.0340
11.4412,1.0340
11.4417,1.0340
11.4422,1.0340
11.4428,1.0391
11.4433,1.0340
11.4439,1.0340
11.4444,1.0340
11.4450,1.0340
11.4455,1.0391
11.4460,1.0340
11.4466,1.0340
11.4471,1.0340
11.4477,1.0391
11.4482,1.0340
11.4487,1.0340
11.4493,1.0340
11.4498,1.0340
11.4504,1.0340
11.4509,1.0340
11.4514,1.0340
11.4520,1.0340
11.4525,1.0340
11.4531,1.0290
11.4536,1.0391
11.4542,1.0340
11.4547,1.0340
11.4552,1.0340
11.4558,1.0290
11.4563,1.0340
11.4568,1.0340
11.4574,1.0391
11.4579,1.0340
11.4585,1.0340
11.4590,1.0340
11.4595,1.0290
11.4601,1.0340
11.4606,1.0391
11.4612,1.0290
11.4617,1.0340
11.4622,1.0340
11.4628,1.0340
11.4633,1.0340
11.4638,1.0290
11.4644,1.0340
11.4649,1.0340
11.4655,1.0290
11.4660,1.0290
11.4665,1.0340
11.4671,1.0290
11.4676,1.0340
11.4682,1.0340
11.4687,1.0340
11.4693,1.0340
11.4698,1.0290
11.4703,1.0340
11.4709,1.0340
11.4714,1.0391
11.4720,1.0340
11.4725,1.0340
11.4731,1.0340
11.4736,1.0340
11.4741,1.0290
11.4747,1.0340
11.4752,1.0340
11.4758,1.0290
11.4763,1.0340
11.4769,1.0290
11.4774,1.0340
11.4780,1.0340
11.4785,1.0340
11.4790,1.0290
11.4796,1.0290
11.4801,1.0290
11.4807,1.0340
11.4812,1.0290
11.4818,1.0391
11.4823,1.0340
11.4828,1.0340
11.4834,1.0290
11.4839,1.0340
11.4845,1.0290
11.4850,1.0290
11.4856,1.0340
11.4861,1.0340
11.4866,1.0290
11.4872,1.0290
11.4877,1.0340
11.4883,1.0290
11.4888,1.0340
11.4894,1.0340
11.4899,1.0340
11.4904,1.0290
11.4910,1.0340
11.4915,1.0391
11.4921,1.0340
11.4926,1.0290
11.4932,1.0340
11.4937,1.0290
11.4942,1.0340
11.4948,1.0340
11.4954,1.0290
11.4959,1.0290
11.4964,1.0340
11.4970,1.0340
11.4975,1.0290
11.4981,1.0340
11.4986,1.0290
11.4992,1.0340
11.4997,1.0290
11.5002,1.0340
11.5008,1.0290
11.5013,1.0340
11.5019,1.0290
11.5024,1.0290
11.5030,1.0340
11.5035,1.0290
11.5040,1.0290
11.5046,1.0239
11.5051,1.0340
11.5057,1.0340
11.5062,1.0340
11.5068,1.0340
11.5073,1.0340
11.5078,1.0239
11.5084,1.0340
11.5089,1.0340
11.5095,1.0340
11.5100,1.0340
11.5106,1.0290
11.5111,1.0290
11.5116,1.0290
11.5122,1.0290
11.5127,1.0340
11.5133,1.0340
11.5138,1.0290
11.5144,1.0340
11.5149,1.0290
11.5154,1.0290
11.5160,1.0290
11.5165,1.0290
11.5171,1.0290
11.5176,1.0340
11.5182,1.0290
11.5187,1.0340
11.5192,1.0290
11.5198,1.0290
11.5203,1.0290
11.5209,1.0290
11.5214,1.0290
11.5220,1.0290
11.5225,1.0340
11.5230,1.0290
11.5236,1.0340
11.5241,1.0290
11.5247,1.0290
11.5252,1.0290
11.5258,1.0290
11.5263,1.0290
11.5268,1.0340
11.5274,1.0290
11.5279,1.0340
11.5285,1.0290
11.5290,1.0290
11.5296,1.0290
11.5301,1.0290
11.5307,1.0290
11.5312,1.0340
11.5317,1.0290
11.5323,1.0290
11.5328,1.0290
11.5334,1.0290
11.5339,1.0290
11.5345,1.0290
11.5350,1.0290
11.5355,1.0290
11.5361,1.0239
11.5366,1.0340
11.5372,1.0290
11.5377,1.0290
11.5383,1.0290
11.5388,1.0340
11.5393,1.0290
11.5399,1.0290
11.5404,1.0290
11.5410,1.0290
11.5415,1.0290
11.5421,1.0340
11.5426,1.0290
11.5431,1.0290
11.5437,1.0340
11.5442,1.0290
11.5448,1.0290
11.5453,1.0239
11.5459,1.0290
11.5464,1.0290
11.5469,1.0290
11.5475,1.0290
11.5480,1.0290
11.5486,1.0239
11.5491,1.0340
11.5497,1.0290
11.5502,1.0340
11.5507,1.0290
11.5513,1.0239
11.5518,1.0239
11.5524,1.0239
11.5529,1.0290
11.5535,1.0290
11.5541,1.0290
11.5546,1.0290
11.5552,1.0290
11.5557,1.0290
11.5563,1.0239
11.5568,1.0290
11.5573,1.0290
11.5579,1.0290
11.5584,1.0290
11.5590,1.0290
11.5595,1.0290
11.5600,1.0290
11.5606,1.0239
11.5612,1.0239
11.5617,1.0290
11.5622,1.0290
11.5628,1.0290
11.5633,1.0239
11.5639,1.0290
11.5644,1.0290
11.5650,1.0290
11.5655,1.0239
11.5660,1.0239
11.5666,1.0239
11.5671,1.0290
11.5676,1.0290
11.5682,1.0239
11.5687,1.0290
11.5692,1.0290
11.5698,1.0290
11.5703,1.0290
11.5708,1.0290
11.5714,1.0239
11.5719,1.0290
11.5724,1.0239
11.5730,1.0290
11.5735,1.0189
11.5740,1.0340
11.5745,1.0239
11.5751,1.0290
11.5756,1.0290
11.5761,1.0290
11.5767,1.0290
11.5772,1.0239
11.5777,1.0239
11.5783,1.0239
11.5788,1.0239
11.5793,1.0290
11.5799,1.0290
11.5804,1.0239
11.5809,1.0290
11.5815,1.0290
11.5820,1.0239
11.5825,1.0239
11.5831,1.0290
11.5836,1.0290
11.5841,1.0290
11.5847,1.0290
11.5852,1.0239
11.5857,1.0239
11.5863,1.0290
11.5868,1.0239
11.5873,1.0239
11.5879,1.0290
11.5884,1.0239
11.5889,1.0290
11.5895,1.0290
11.5900,1.0290
11.5905,1.0239
11.5911,1.0290
11.5916,1.0239
11.5921,1.0189
11.5927,1.0340
11.5932,1.0239
11.5938,1.0239
11.5943,1.0239
11.5948,1.0239
11.5954,1.0290
11.5959,1.0239
11.5964,1.0239
11.5970,1.0239
11.5975,1.0239
11.5980,1.0290
11.5986,1.0290
11.5991,1.0290
11.5996,1.0290
11.6002,1.0290
11.6007,1.0239
11.6012,1.0290
11.6018,1.0290
11.6023,1.0239
11.6028,1.0239
11.6034,1.0239
11.6039,1.0239
11.6044,1.0239
11.6050,1.0239
11.6055,1.0239
11.6060,1.0239
11.6066,1.0239
11.6071,1.0290
11.6076,1.0239
11.6082,1.0239
11.6087,1.0189
11.6093,1.0239
11.6098,1.0239
11.6103,1.0239
11.6109,1.0239
11.6115,1.0239
11.6121,1.0239
11.6126,1.0239
11.6132,1.0239
11.6138,1.0239
11.6143,1.0239
11.6148,1.0290
11.6154,1.0239
11.6159,1.0239
11.6165,1.0189
11.6170,1.0239
11.6176,1.0239
11.6181,1.0239
11.6187,1.0189
11.6192,1.0290
11.6197,1.0239
11.6203,1.0189
11.6208,1.0239
11.6214,1.0290
11.6219,1.0239
11.6224,1.0239
11.6230,1.0239
11.6235,1.0239
11.6241,1.0189
11.6247,1.0189
11.6252,1.0290
11.6258,1.0189
11.6263,1.0239
11.6269,1.0189
11.6277,1.0239
11.6282,1.0239
11.6288,1.0239
11.6293,1.0239
11.6299,1.0239
11.6304,1.0239
11.6309,1.0239
11.6315,1.0239
11.6320,1.0189
11.6326,1.0189
11.6331,1.0239
11.6336,1.0290
11.6342,1.0239
11.6347,1.0239
11.6352,1.0239
11.6358,1.0189
11.6363,1.0239
11.6369,1.0239
11.6375,1.0239
11.6380,1.0189
11.6385,1.0239
11.6391,1.0290
11.6396,1.0239
11.6401,1.0239
11.6407,1.0189
11.6412,1.0239
11.6417,1.0239
11.6423,1.0189
11.6428,1.0189
11.6433,1.0189
11.6439,1.0239
11.6444,1.0189
11.6450,1.0239
11.6455,1.0239
11.6460,1.0189
11.6466,1.0189
11.6471,1.0239
11.6476,1.0239
11.6482,1.0239
11.6487,1.0239
11.6492,1.0189
11.6498,1.0239
11.6503,1.0239
11.6508,1.0290
11.6514,1.0239
11.6519,1.0189
11.6525,1.0239
11.6530,1.0189
11.6536,1.0189
11.6541,1.0189
11.6547,1.0239
11.6552,1.0239
11.6557,1.0189
11.6563,1.0239
11.6568,1.0189
11.6573,1.0239
11.6579,1.0239
11.6584,1.0189
11.6589,1.0189
11.6595,1.0189
11.6600,1.0239
11.6605,1.0239
11.6611,1.0189
11.6616,1.0189
11.6621,1.0239
11.6627,1.0239
11.6632,1.0189
11.6637,1.0239
11.6643,1.0189
11.6648,1.0239
11.6654,1.0189
11.6659,1.0239
11.6664,1.0239
11.6670,1.0239
11.6675,1.0189
11.6680,1.0239
11.6686,1.0189
11.6691,1.0189
11.6696,1.0189
11.6702,1.0189
11.6707,1.0239
11.6712,1.0189
11.6718,1.0189
11.6723,1.0189
11.6729,1.0239
11.6734,1.0239
11.6739,1.0239
11.6745,1.0189
11.6750,1.0189
11.6755,1.0239
11.6761,1.0239
11.6766,1.0239
11.6771,1.0239
11.6777,1.0239
11.6782,1.0239
11.6787,1.0239
11.6793,1.0189
11.6798,1.0189
11.6803,1.0239
11.6809,1.0239
11.6814,1.0239
11.6819,1.0239
11.6824,1.0239
11.6830,1.0189
11.6835,1.0189
11.6840,1.0239
11.6846,1.0239
11.6851,1.0239
11.6856,1.0239
11.6862,1.0290
11.6867,1.0290
11.6872,1.0290
11.6878,1.0290
11.6883,1.0290
11.6888,1.0239
11.6894,1.0239
11.6899,1.0239
11.6904,1.0239
11.6910,1.0239
11.6915,1.0239
11.6920,1.0290
11.6926,1.0290
11.6931,1.0290
11.6936,1.0239
11.6942,1.0239
11.6947,1.0290
11.6952,1.0239
11.6958,1.0290
11.6963,1.0290
11.6968,1.0239
11.6974,1.0290
11.6979,1.0340
11.6984,1.0290
11.6990,1.0290
11.6995,1.0290
11.7001,1.0290
11.7006,1.0290
11.7012,1.0239
11.7017,1.0290
11.7022,1.0290
11.7028,1.0290
11.7033,1.0290
11.7038,1.0340
11.7044,1.0290
11.7049,1.0290
11.7054,1.0290
11.7060,1.0340
11.7065,1.0340
11.7070,1.0340
11.7076,1.0340
11.7081,1.0290
11.7086,1.0340
11.7092,1.0340
11.7097,1.0340
11.7102,1.0290
11.7108,1.0340
11.7113,1.0340
11.7119,1.0340
11.7124,1.0391
11.7129,1.0340
11.7135,1.0340
11.7140,1.0391
11.7145,1.0391
11.7151,1.0391
11.7156,1.0340
11.7161,1.0391
11.7167,1.0391
11.7172,1.0340
11.7177,1.0391
11.7183,1.0391
11.7188,1.0340
11.7193,1.0340
11.7199,1.0340
11.7204,1.0391
11.7209,1.0340
11.7215,1.0340
11.7220,1.0441
11.7226,1.0391
11.7231,1.0340
11.7236,1.0391
11.7242,1.0391
11.7247,1.0391
11.7252,1.0391
11.7258,1.0391
11.7263,1.0391
11.7268,1.0441
11.7274,1.0441
11.7279,1.0391
11.7284,1.0441
11.7290,1.0391
11.7295,1.0391
11.7300,1.0391
11.7305,1.0441
11.7311,1.0441
11.7316,1.0441
11.7321,1.0391
11.7327,1.0391
11.7332,1.0391
11.7337,1.0391
11.7343,1.0441
11.7348,1.0441
11.7354,1.0391
11.7359,1.0441
11.7364,1.0441
11.7370,1.0391
11.7375,1.0441
11.7380,1.0391
11.7386,1.0441
11.7391,1.0441
11.7396,1.0441
11.7402,1.0441
11.7407,1.0441
11.7412,1.0441
11.7418,1.0491
11.7423,1.0441
11.7428,1.0441
11.7434,1.0441
11.7439,1.0391
11.7444,1.0491
11.7450,1.0441
11.7455,1.0441
11.7460,1.0441
11.7466,1.0441
11.7471,1.0491
11.7476,1.0441
11.7482,1.0391
11.7487,1.0491
11.7493,1.0491
11.7498,1.0441
11.7503,1.0491
11.7509,1.0491
11.7514,1.0441
11.7519,1.0441
11.7525,1.0491
11.7530,1.0441
11.7535,1.0491
11.7541,1.0491
11.7546,1.0491
11.7552,1.0441
11.7557,1.0491
11.7562,1.0491
11.7568,1.0491
11.7573,1.0441
11.7578,1.0542
11.7584,1.0491
11.7589,1.0491
11.7594,1.0491
11.7600,1.0491
11.7605,1.0441
11.7611,1.0491
11.7616,1.0491
11.7621,1.0491
11.7627,1.0491
11.7632,1.0491
11.7637,1.0391
11.7643,1.0441
11.7648,1.0491
11.7653,1.0441
11.7659,1.0491
11.7664,1.0441
11.7669,1.0491
11.7675,1.0441
11.7680,1.0491
11.7686,1.0491
11.7691,1.0491
11.7697,1.0491
11.7702,1.0491
11.7707,1.0441
11.7713,1.0491
11.7718,1.0491
11.7723,1.0441
11.7729,1.0491
11.7734,1.0441
11.7739,1.0491
11.7745,1.0491
11.7750,1.0441
11.7755,1.0491
11.7761,1.0491
11.7766,1.0491
11.7771,1.0491
11.7777,1.0441
11.7782,1.0491
11.7787,1.0491
11.7793,1.0491
11.7798,1.0491
11.7804,1.0491
11.7809,1.0491
11.7814,1.0491
11.7820,1.0491
11.7825,1.0441
11.7830,1.0491
11.7836,1.0491
11.7841,1.0542
11.7846,1.0441
11.7852,1.0491
11.7857,1.0491
11.7862,1.0542
11.7868,1.0542
11.7873,1.0491
11.7878,1.0491
11.7884,1.0491
11.7889,1.0542
11.7894,1.0491
11.7900,1.0542
11.7905,1.0491
11.7910,1.0491
11.7916,1.0491
11.7921,1.0491
11.7926,1.0491
11.7931,1.0491
11.7937,1.0491
11.7942,1.0542
11.7947,1.0491
11.7953,1.0491
11.7958,1.0491
11.7964,1.0491
11.7969,1.0491
11.7974,1.0542
11.7980,1.0491
11.7985,1.0491
11.7990,1.0491
11.7996,1.0542
11.8001,1.0491
11.8006,1.0491
11.8012,1.0491
11.8017,1.0491
11.8022,1.0491
11.8028,1.0542
11.8033,1.0441
11.8038,1.0441
11.8044,1.0491
11.8049,1.0491
11.8054,1.0491
11.8060,1.0491
11.8065,1.0542
11.8070,1.0542
11.8076,1.0542
11.8081,1.0491
11.8087,1.0491
11.8092,1.0491
11.8097,1.0491
11.8103,1.0491
11.8108,1.0491
11.8113,1.0542
11.8119,1.0542
11.8124,1.0542
11.8129,1.0491
11.8135,1.0491
11.8140,1.0491
11.8145,1.0491
11.8151,1.0491
11.8156,1.0491
11.8161,1.0542
11.8167,1.0542
11.8172,1.0542
11.8177,1.0491
11.8183,1.0491
11.8188,1.0491
11.8193,1.0491
11.8199,1.0491
11.8204,1.0491
11.8209,1.0491
11.8215,1.0491
11.8220,1.0542
11.8225,1.0491
11.8231,1.0491
11.8236,1.0542
11.8242,1.0542
11.8247,1.0542
11.8252,1.0491
11.8258,1.0542
11.8263,1.0491
11.8268,1.0542
11.8274,1.0491
11.8279,1.0491
11.8284,1.0542
11.8290,1.0491
11.8295,1.0491
11.8300,1.0542
11.8306,1.0542
11.8311,1.0491
11.8316,1.0491
11.8322,1.0542
11.8327,1.0491
11.8332,1.0542
11.8338,1.0491
11.8343,1.0542
11.8348,1.0491
11.8354,1.0491
11.8359,1.0491
11.8365,1.0491
11.8370,1.0542
11.8375,1.0491
11.8381,1.0491
11.8386,1.0491
11.8391,1.0491
11.8397,1.0491
11.8403,1.0491
11.8408,1.0441
11.8413,1.0491
11.8419,1.0491
11.8424,1.0491
11.8429,1.0542
11.8435,1.0491
11.8440,1.0542
11.8445,1.0542
11.8451,1.0592
11.8456,1.0491
11.8461,1.0542
11.8467,1.0491
11.8472,1.0491
11.8477,1.0491
11.8483,1.0542
11.8488,1.0491
11.8493,1.0491
11.8499,1.0441
11.8504,1.0542
11.8510,1.0491
11.8515,1.0491
11.8520,1.0542
11.8526,1.0491
11.8531,1.0491
11.8536,1.0542
11.8542,1.0542
11.8547,1.0491
11.8552,1.0491
11.8558,1.0441
11.8563,1.0491
11.8568,1.0491
11.8574,1.0491
11.8579,1.0491
11.8584,1.0491
11.8590,1.0491
11.8595,1.0542
11.8600,1.0441
11.8606,1.0491
11.8611,1.0491
11.8616,1.0441
11.8622,1.0491
11.8627,1.0542
11.8632,1.0491
11.8638,1.0542
11.8643,1.0491
11.8648,1.0491
11.8654,1.0491
11.8660,1.0491
11.8666,1.0542
11.8671,1.0491
11.8676,1.0491
11.8682,1.0491
11.8687,1.0491
11.8692,1.0491
11.8698,1.0491
11.8703,1.0491
11.8709,1.0491
11.8714,1.0491
11.8719,1.0491
11.8725,1.0491
11.8730,1.0491
11.8735,1.0491
11.8741,1.0542
11.8746,1.0491
11.8752,1.0491
11.8757,1.0491
11.8762,1.0491
11.8768,1.0491
11.8773,1.0491
11.8779,1.0491
11.8784,1.0491
11.8789,1.0542
11.8795,1.0542
11.8800,1.0491
11.8805,1.0491
11.8811,1.0491
11.8816,1.0542
11.8822,1.0542
11.8827,1.0542
11.8832,1.0491
11.8838,1.0491
11.8843,1.0491
11.8849,1.0441
11.8854,1.0441
11.8859,1.0542
11.8865,1.0491
11.8870,1.0491
11.8875,1.0491
11.8881,1.0491
11.8886,1.0542
11.8892,1.0491
11.8897,1.0491
11.8903,1.0491
11.8908,1.0491
11.8914,1.0491
11.8919,1.0441
11.8925,1.0491
11.8930,1.0441
11.8935,1.0542
11.8945,1.0491
11.8951,1.0491
11.8956,1.0491
11.8962,1.0491
11.8967,1.0542
11.8973,1.0491
11.8978,1.0491
11.8984,1.0491
11.8989,1.0441
11.8997,1.0491
11.9002,1.0441
11.9008,1.0491
11.9013,1.0491
11.9019,1.0491
11.9024,1.0491
11.9029,1.0491
11.9038,1.0491
11.9045,1.0491
11.9050,1.0491
11.9056,1.0491
11.9062,1.0491
11.9068,1.0491
11.9073,1.0491
11.9079,1.0491
11.9084,1.0491
11.9090,1.0441
11.9095,1.0491
11.9100,1.0491
11.9106,1.0491
11.9111,1.0441
11.9117,1.0491
11.9122,1.0491
11.9127,1.0441
11.9133,1.0491
11.9138,1.0491
11.9143,1.0441
11.9149,1.0441
11.9154,1.0441
11.9160,1.0491
11.9165,1.0491
11.9170,1.0491
11.9176,1.0491
11.9181,1.0542
11.9186,1.0491
11.9192,1.0441
11.9197,1.0441
11.9202,1.0491
11.9208,1.0491
11.9213,1.0491
11.9218,1.0491
11.9224,1.0391
11.9229,1.0441
11.9235,1.0441
11.9240,1.0491
11.9246,1.0491
11.9251,1.0441
11.9257,1.0491
11.9262,1.0491
11.9268,1.0441
11.9273,1.0491
11.9279,1.0441
11.9284,1.0542
11.9289,1.0441
11.9295,1.0441
11.9301,1.0441
11.9306,1.0441
11.9311,1.0441
11.9317,1.0491
11.9322,1.0491
11.9328,1.0441
11.9333,1.0491
11.9339,1.0491
11.9344,1.0491
11.9350,1.0441
11.9355,1.0491
11.9361,1.0441
11.9366,1.0441
11.9371,1.0391
11.9377,1.0391
11.9383,1.0491
11.9388,1.0441
11.9393,1.0441
11.9402,1.0441
11.9408,1.0391
11.9413,1.0441
11.9419,1.0441
11.9424,1.0391
11.9429,1.0441
11.9435,1.0491
11.9440,1.0441
11.9446,1.0441
11.9451,1.0441
11.9456,1.0441
11.9462,1.0441
11.9467,1.0441
11.9473,1.0491
11.9478,1.0441
11.9483,1.0441
11.9489,1.0391
11.9494,1.0441
11.9499,1.0441
11.9505,1.0491
11.9510,1.0491
11.9516,1.0391
11.9521,1.0441
11.9526,1.0441
11.9532,1.0441
11.9537,1.0441
11.9543,1.0491
11.9548,1.0441
11.9553,1.0441
11.9559,1.0441
11.9564,1.0441
11.9569,1.0391
11.9575,1.0441
11.9580,1.0441
11.9585,1.0441
11.9591,1.0491
11.9596,1.0391
11.9602,1.0441
11.9607,1.0441
11.9612,1.0391
11.9618,1.0491
11.9623,1.0441
11.9628,1.0441
11.9634,1.0441
11.9639,1.0391
11.9645,1.0391
11.9650,1.0441
11.9656,1.0441
11.9661,1.0441
11.9667,1.0391
11.9672,1.0441
11.9678,1.0391
11.9683,1.0441
11.9689,1.0441
11.9694,1.0441
11.9700,1.0441
11.9705,1.0441
11.9711,1.0391
11.9716,1.0391
11.9722,1.0391
11.9727,1.0441
11.9733,1.0441
11.9738,1.0441
11.9743,1.0441
11.9749,1.0441
11.9755,1.0441
11.9760,1.0441
11.9766,1.0441
11.9771,1.0441
11.9777,1.0441
11.9782,1.0441
11.9787,1.0391
11.9793,1.0441
11.9803,1.0441
11.9808,1.0391
11.9813,1.0391
11.9819,1.0340
11.9824,1.0441
11.9830,1.0441
11.9835,1.0391
11.9840,1.0441
11.9846,1.0391
11.9851,1.0391
11.9857,1.0441
11.9862,1.0391
11.9867,1.0441
11.9873,1.0391
11.9878,1.0391
11.9884,1.0441
11.9889,1.0441
11.9894,1.0441
11.9900,1.0441
11.9905,1.0391
11.9910,1.0441
11.9916,1.0441
11.9921,1.0441
11.9927,1.0441
11.9932,1.0391
11.9937,1.0391
11.9943,1.0441
11.9948,1.0441
11.9954,1.0441
11.9959,1.0441
11.9964,1.0391
11.9970,1.0391
11.9975,1.0441
11.9980,1.0491
11.9986,1.0441
11.9991,1.0441
11.9996,1.0441
12.0002,1.0441
