Время[c],Напряжение[В]
0.0000,1.1500
0.0006,1.1500
0.0011,1.1500
0.0016,1.1551
0.0021,1.1500
0.0027,1.1500
0.0032,1.1551
0.0037,1.1450
0.0042,1.1551
0.0047,1.1500
0.0053,1.1500
0.0058,1.1500
0.0063,1.1500
0.0069,1.1500
0.0074,1.1500
0.0079,1.1500
0.0085,1.1500
0.0090,1.1450
0.0095,1.1500
0.0101,1.1500
0.0106,1.1500
0.0112,1.1500
0.0118,1.1500
0.0123,1.1450
0.0129,1.1450
0.0135,1.1551
0.0141,1.1500
0.0147,1.1450
0.0152,1.1500
0.0158,1.1500
0.0165,1.1500
0.0170,1.1500
0.0175,1.1500
0.0181,1.1500
0.0187,1.1500
0.0192,1.1500
0.0198,1.1500
0.0203,1.1500
0.0209,1.1500
0.0214,1.1500
0.0219,1.1551
0.0224,1.1500
0.0229,1.1450
0.0235,1.1500
0.0240,1.1450
0.0245,1.1551
0.0250,1.1500
0.0256,1.1500
0.0261,1.1500
0.0266,1.1551
0.0272,1.1450
0.0277,1.1450
0.0283,1.1500
0.0288,1.1500
0.0294,1.1500
0.0299,1.1551
0.0305,1.1500
0.0311,1.1500
0.0316,1.1500
0.0322,1.1551
0.0327,1.1500
0.0333,1.1551
0.0338,1.1500
0.0344,1.1500
0.0349,1.1500
0.0355,1.1500
0.0360,1.1500
0.0365,1.1500
0.0370,1.1500
0.0376,1.1500
0.0381,1.1450
0.0386,1.1500
0.0392,1.1500
0.0397,1.1500
0.0402,1.1500
0.0408,1.1500
0.0413,1.1450
0.0419,1.1500
0.0424,1.1500
0.0430,1.1450
0.0435,1.1450
0.0441,1.1500
0.0447,1.1450
0.0453,1.1450
0.0458,1.1500
0.0463,1.1551
0.0468,1.1500
0.0474,1.1500
0.0479,1.1500
0.0484,1.1450
0.0489,1.1450
0.0494,1.1450
0.0500,1.1551
0.0505,1.1450
0.0510,1.1500
0.0515,1.1500
0.0521,1.1500
0.0526,1.1500
0.0531,1.1500
0.0536,1.1500
0.0542,1.1500
0.0547,1.1500
0.0552,1.1450
0.0557,1.1500
0.0563,1.1500
0.0568,1.1450
0.0573,1.1450
0.0578,1.1450
0.0583,1.1500
0.0589,1.1500
0.0594,1.1500
0.0600,1.1450
0.0605,1.1500
0.0610,1.1500
0.0615,1.1500
0.0621,1.1500
0.0626,1.1500
0.0631,1.1450
0.0636,1.1500
0.0642,1.1500
0.0647,1.1500
0.0652,1.1500
0.0657,1.1500
0.0662,1.1450
0.0668,1.1500
0.0673,1.1500
0.0678,1.1450
0.0683,1.1500
0.0689,1.1500
0.0694,1.1500
0.0699,1.1450
0.0704,1.1450
0.0710,1.1450
0.0715,1.1450
0.0720,1.1450
0.0725,1.1500
0.0731,1.1450
0.0736,1.1450
0.0741,1.1500
0.0746,1.1500
0.0752,1.1450
0.0757,1.1500
0.0762,1.1500
0.0767,1.1500
0.0773,1.1500
0.0778,1.1450
0.0783,1.1500
0.0788,1.1450
0.0794,1.1500
0.0799,1.1450
0.0804,1.1500
0.0809,1.1450
0.0814,1.1500
0.0820,1.1500
0.0825,1.1500
0.0830,1.1500
0.0835,1.1500
0.0841,1.1500
0.0846,1.1500
0.0851,1.1500
0.0856,1.1500
0.0861,1.1500
0.0867,1.1500
0.0872,1.1500
0.0877,1.1500
0.0882,1.1500
0.0887,1.1500
0.0893,1.1500
0.0898,1.1450
0.0903,1.1450
0.0908,1.1500
0.0914,1.1450
0.0919,1.1500
0.0924,1.1450
0.0929,1.1450
0.0935,1.1450
0.0940,1.1450
0.0945,1.1450
0.0950,1.1500
0.0956,1.1500
0.0961,1.1500
0.0966,1.1450
0.0971,1.1500
0.0977,1.1500
0.0982,1.1450
0.0987,1.1450
0.0992,1.1450
0.0997,1.1500
0.1003,1.1450
0.1008,1.1450
0.1013,1.1450
0.1018,1.1500
0.1024,1.1450
0.1029,1.1450
0.1034,1.1450
0.1039,1.1500
0.1044,1.1500
0.1050,1.1500
0.1055,1.1450
0.1060,1.1500
0.1065,1.1500
0.1070,1.1450
0.1076,1.1450
0.1081,1.1450
0.1086,1.1500
0.1091,1.1450
0.1097,1.1500
0.1102,1.1450
0.1107,1.1500
0.1112,1.1450
0.1118,1.1500
0.1123,1.1450
0.1128,1.1500
0.1133,1.1500
0.1139,1.1500
0.1144,1.1500
0.1149,1.1450
0.1154,1.1450
0.1160,1.1500
0.1165,1.1500
0.1170,1.1450
0.1175,1.1500
0.1180,1.1500
0.1186,1.1450
0.1191,1.1450
0.1196,1.1450
0.1201,1.1500
0.1207,1.1500
0.1212,1.1500
0.1217,1.1500
0.1222,1.1450
0.1227,1.1500
0.1233,1.1500
0.1238,1.1450
0.1243,1.1450
0.1248,1.1500
0.1254,1.1450
0.1259,1.1500
0.1264,1.1450
0.1269,1.1500
0.1274,1.1500
0.1280,1.1450
0.1285,1.1450
0.1290,1.1450
0.1295,1.1450
0.1301,1.1399
0.1306,1.1500
0.1311,1.1500
0.1317,1.1500
0.1322,1.1500
0.1327,1.1500
0.1332,1.1450
0.1338,1.1500
0.1343,1.1500
0.1348,1.1500
0.1353,1.1450
0.1359,1.1450
0.1364,1.1500
0.1369,1.1500
0.1374,1.1500
0.1380,1.1450
0.1385,1.1450
0.1390,1.1500
0.1395,1.1500
0.1401,1.1450
0.1406,1.1450
0.1411,1.1500
0.1416,1.1500
0.1421,1.1450
0.1427,1.1450
0.1432,1.1500
0.1437,1.1450
0.1442,1.1500
0.1448,1.1450
0.1453,1.1450
0.1458,1.1399
0.1463,1.1450
0.1469,1.1500
0.1474,1.1500
0.1479,1.1450
0.1484,1.1450
0.1490,1.1450
0.1495,1.1500
0.1500,1.1399
0.1505,1.1450
0.1510,1.1450
0.1516,1.1500
0.1521,1.1450
0.1526,1.1450
0.1531,1.1450
0.1537,1.1500
0.1542,1.1500
0.1547,1.1500
0.1552,1.1450
0.1558,1.1500
0.1563,1.1450
0.1568,1.1450
0.1573,1.1450
0.1579,1.1500
0.1584,1.1450
0.1589,1.1450
0.1594,1.1450
0.1599,1.1500
0.1605,1.1500
0.1610,1.1500
0.1615,1.1450
0.1620,1.1500
0.1626,1.1450
0.1631,1.1500
0.1636,1.1500
0.1641,1.1450
0.1647,1.1500
0.1652,1.1450
0.1657,1.1450
0.1662,1.1450
0.1668,1.1450
0.1673,1.1450
0.1678,1.1450
0.1683,1.1450
0.1688,1.1399
0.1694,1.1500
0.1699,1.1450
0.1704,1.1450
0.1709,1.1450
0.1715,1.1500
0.1720,1.1450
0.1725,1.1450
0.1730,1.1450
0.1736,1.1450
0.1741,1.1450
0.1746,1.1450
0.1751,1.1450
0.1756,1.1500
0.1762,1.1399
0.1767,1.1450
0.1772,1.1500
0.1777,1.1450
0.1783,1.1450
0.1788,1.1450
0.1793,1.1500
0.1798,1.1450
0.1804,1.1450
0.1809,1.1450
0.1814,1.1450
0.1819,1.1500
0.1825,1.1500
0.1830,1.1450
0.1835,1.1450
0.1840,1.1450
0.1845,1.1450
0.1851,1.1450
0.1856,1.1450
0.1861,1.1450
0.1866,1.1450
0.1872,1.1500
0.1877,1.1450
0.1882,1.1500
0.1887,1.1500
0.1893,1.1450
0.1898,1.1450
0.1903,1.1500
0.1908,1.1450
0.1913,1.1450
0.1919,1.1450
0.1924,1.1450
0.1929,1.1450
0.1934,1.1450
0.1940,1.1500
0.1945,1.1450
0.1950,1.1450
0.1955,1.1450
0.1961,1.1450
0.1966,1.1450
0.1971,1.1399
0.1976,1.1450
0.1981,1.1450
0.1987,1.1450
0.1992,1.1450
0.1997,1.1399
0.2002,1.1450
0.2008,1.1500
0.2013,1.1399
0.2018,1.1450
0.2023,1.1450
0.2029,1.1450
0.2034,1.1450
0.2039,1.1450
0.2044,1.1450
0.2050,1.1500
0.2055,1.1500
0.2060,1.1500
0.2065,1.1450
0.2070,1.1450
0.2076,1.1450
0.2081,1.1450
0.2086,1.1450
0.2091,1.1399
0.2097,1.1450
0.2102,1.1500
0.2107,1.1450
0.2112,1.1450
0.2118,1.1450
0.2123,1.1450
0.2128,1.1450
0.2133,1.1450
0.2138,1.1450
0.2144,1.1450
0.2149,1.1399
0.2154,1.1450
0.2159,1.1450
0.2165,1.1450
0.2170,1.1450
0.2175,1.1450
0.2180,1.1450
0.2186,1.1500
0.2191,1.1500
0.2196,1.1450
0.2201,1.1500
0.2207,1.1500
0.2212,1.1450
0.2217,1.1500
0.2222,1.1450
0.2227,1.1450
0.2233,1.1450
0.2238,1.1500
0.2243,1.1450
0.2248,1.1450
0.2254,1.1450
0.2259,1.1450
0.2264,1.1450
0.2269,1.1450
0.2275,1.1450
0.2280,1.1500
0.2285,1.1500
0.2290,1.1450
0.2296,1.1450
0.2301,1.1450
0.2306,1.1450
0.2311,1.1450
0.2316,1.1500
0.2322,1.1399
0.2327,1.1450
0.2332,1.1399
0.2337,1.1450
0.2343,1.1399
0.2348,1.1500
0.2353,1.1450
0.2358,1.1450
0.2364,1.1399
0.2369,1.1450
0.2374,1.1450
0.2379,1.1399
0.2385,1.1399
0.2390,1.1450
0.2395,1.1450
0.2400,1.1500
0.2405,1.1450
0.2411,1.1500
0.2416,1.1450
0.2421,1.1450
0.2426,1.1450
0.2431,1.1450
0.2437,1.1500
0.2442,1.1450
0.2447,1.1450
0.2452,1.1399
0.2458,1.1500
0.2463,1.1450
0.2468,1.1500
0.2473,1.1450
0.2478,1.1450
0.2484,1.1500
0.2489,1.1450
0.2494,1.1450
0.2500,1.1500
0.2505,1.1500
0.2510,1.1500
0.2515,1.1450
0.2520,1.1450
0.2526,1.1500
0.2531,1.1450
0.2536,1.1500
0.2541,1.1450
0.2547,1.1500
0.2552,1.1450
0.2557,1.1500
0.2562,1.1500
0.2568,1.1450
0.2573,1.1450
0.2578,1.1450
0.2583,1.1500
0.2588,1.1450
0.2594,1.1500
0.2599,1.1500
0.2604,1.1500
0.2609,1.1450
0.2615,1.1500
0.2620,1.1500
0.2625,1.1500
0.2630,1.1500
0.2636,1.1500
0.2641,1.1500
0.2646,1.1500
0.2651,1.1500
0.2657,1.1500
0.2662,1.1500
0.2667,1.1500
0.2672,1.1500
0.2677,1.1500
0.2683,1.1500
0.2688,1.1500
0.2693,1.1500
0.2698,1.1450
0.2704,1.1500
0.2709,1.1500
0.2714,1.1500
0.2719,1.1551
0.2725,1.1500
0.2730,1.1500
0.2735,1.1500
0.2740,1.1500
0.2745,1.1500
0.2751,1.1500
0.2756,1.1500
0.2761,1.1500
0.2766,1.1500
0.2772,1.1500
0.2777,1.1500
0.2782,1.1500
0.2787,1.1551
0.2793,1.1551
0.2798,1.1551
0.2803,1.1551
0.2808,1.1551
0.2813,1.1551
0.2819,1.1601
0.2824,1.1601
0.2829,1.1500
0.2834,1.1551
0.2840,1.1551
0.2845,1.1551
0.2850,1.1551
0.2855,1.1500
0.2861,1.1551
0.2866,1.1500
0.2871,1.1551
0.2876,1.1500
0.2881,1.1551
0.2887,1.1500
0.2892,1.1551
0.2897,1.1500
0.2902,1.1551
0.2908,1.1551
0.2913,1.1551
0.2918,1.1601
0.2923,1.1551
0.2929,1.1551
0.2934,1.1551
0.2939,1.1551
0.2944,1.1601
0.2950,1.1551
0.2955,1.1601
0.2960,1.1601
0.2965,1.1601
0.2970,1.1601
0.2976,1.1551
0.2981,1.1551
0.2986,1.1601
0.2991,1.1601
0.2997,1.1601
0.3002,1.1601
0.3007,1.1601
0.3012,1.1601
0.3018,1.1551
0.3023,1.1601
0.3028,1.1551
0.3033,1.1551
0.3038,1.1601
0.3044,1.1601
0.3049,1.1601
0.3054,1.1601
0.3059,1.1551
0.3065,1.1551
0.3070,1.1551
0.3075,1.1601
0.3080,1.1601
0.3086,1.1601
0.3091,1.1601
0.3096,1.1601
0.3101,1.1601
0.3106,1.1601
0.3112,1.1551
0.3117,1.1601
0.3122,1.1601
0.3127,1.1551
0.3133,1.1551
0.3138,1.1652
0.3143,1.1601
0.3148,1.1601
0.3154,1.1551
0.3159,1.1601
0.3164,1.1601
0.3169,1.1601
0.3174,1.1652
0.3180,1.1601
0.3185,1.1601
0.3190,1.1601
0.3195,1.1652
0.3201,1.1652
0.3207,1.1652
0.3212,1.1652
0.3217,1.1652
0.3222,1.1652
0.3227,1.1601
0.3233,1.1601
0.3238,1.1601
0.3243,1.1652
0.3248,1.1601
0.3254,1.1551
0.3259,1.1601
0.3264,1.1601
0.3269,1.1601
0.3275,1.1601
0.3280,1.1652
0.3285,1.1652
0.3291,1.1652
0.3296,1.1702
0.3301,1.1601
0.3307,1.1601
0.3312,1.1652
0.3317,1.1601
0.3323,1.1601
0.3328,1.1652
0.3333,1.1652
0.3339,1.1652
0.3344,1.1601
0.3349,1.1652
0.3355,1.1652
0.3360,1.1601
0.3365,1.1652
0.3371,1.1601
0.3376,1.1652
0.3381,1.1652
0.3389,1.1702
0.3395,1.1652
0.3400,1.1652
0.3405,1.1702
0.3418,1.1652
0.3423,1.1652
0.3428,1.1652
0.3434,1.1652
0.3439,1.1702
0.3444,1.1652
0.3449,1.1601
0.3454,1.1652
0.3460,1.1652
0.3465,1.1652
0.3470,1.1652
0.3475,1.1652
0.3481,1.1601
0.3486,1.1652
0.3491,1.1702
0.3496,1.1601
0.3501,1.1702
0.3507,1.1702
0.3512,1.1702
0.3517,1.1652
0.3522,1.1702
0.3527,1.1702
0.3533,1.1702
0.3538,1.1702
0.3543,1.1601
0.3548,1.1652
0.3554,1.1652
0.3559,1.1652
0.3564,1.1652
0.3569,1.1652
0.3574,1.1601
0.3580,1.1702
0.3585,1.1652
0.3590,1.1702
0.3595,1.1652
0.3601,1.1702
0.3606,1.1601
0.3611,1.1702
0.3616,1.1702
0.3621,1.1601
0.3627,1.1702
0.3632,1.1702
0.3637,1.1702
0.3642,1.1702
0.3647,1.1652
0.3653,1.1652
0.3658,1.1652
0.3663,1.1702
0.3668,1.1652
0.3674,1.1652
0.3679,1.1702
0.3684,1.1702
0.3689,1.1702
0.3694,1.1652
0.3700,1.1652
0.3705,1.1652
0.3710,1.1702
0.3715,1.1652
0.3720,1.1702
0.3726,1.1752
0.3731,1.1601
0.3736,1.1702
0.3741,1.1702
0.3747,1.1702
0.3752,1.1702
0.3757,1.1652
0.3762,1.1652
0.3767,1.1652
0.3773,1.1702
0.3778,1.1702
0.3783,1.1652
0.3788,1.1652
0.3794,1.1652
0.3799,1.1652
0.3804,1.1702
0.3809,1.1702
0.3814,1.1652
0.3820,1.1652
0.3825,1.1652
0.3830,1.1702
0.3835,1.1652
0.3840,1.1752
0.3846,1.1702
0.3851,1.1652
0.3856,1.1652
0.3861,1.1702
0.3867,1.1702
0.3872,1.1702
0.3877,1.1702
0.3882,1.1702
0.3887,1.1652
0.3893,1.1702
0.3898,1.1652
0.3903,1.1652
0.3908,1.1652
0.3914,1.1702
0.3920,1.1702
0.3925,1.1702
0.3931,1.1702
0.3936,1.1702
0.3942,1.1702
0.3947,1.1702
0.3953,1.1652
0.3958,1.1702
0.3963,1.1702
0.3969,1.1652
0.3974,1.1702
0.3979,1.1702
0.3984,1.1702
0.3990,1.1702
0.3995,1.1702
0.4001,1.1652
0.4006,1.1702
0.4011,1.1702
0.4017,1.1702
0.4022,1.1652
0.4028,1.1652
0.4033,1.1652
0.4039,1.1702
0.4045,1.1702
0.4050,1.1652
0.4055,1.1652
0.4061,1.1702
0.4066,1.1752
0.4071,1.1652
0.4077,1.1702
0.4082,1.1702
0.4087,1.1702
0.4092,1.1652
0.4098,1.1652
0.4104,1.1652
0.4109,1.1702
0.4115,1.1702
0.4120,1.1702
0.4125,1.1652
0.4130,1.1702
0.4135,1.1652
0.4141,1.1652
0.4146,1.1702
0.4151,1.1702
0.4156,1.1652
0.4161,1.1702
0.4167,1.1702
0.4172,1.1702
0.4177,1.1652
0.4182,1.1702
0.4188,1.1652
0.4193,1.1702
0.4198,1.1702
0.4203,1.1702
0.4208,1.1652
0.4214,1.1702
0.4219,1.1702
0.4224,1.1702
0.4229,1.1702
0.4234,1.1702
0.4240,1.1702
0.4245,1.1702
0.4251,1.1652
0.4256,1.1652
0.4262,1.1752
0.4268,1.1702
0.4273,1.1702
0.4279,1.1702
0.4284,1.1702
0.4290,1.1702
0.4295,1.1702
0.4300,1.1702
0.4305,1.1702
0.4311,1.1652
0.4316,1.1652
0.4321,1.1652
0.4326,1.1702
0.4331,1.1702
0.4337,1.1702
0.4342,1.1702
0.4347,1.1702
0.4352,1.1601
0.4358,1.1652
0.4363,1.1702
0.4368,1.1702
0.4373,1.1702
0.4378,1.1652
0.4384,1.1702
0.4389,1.1702
0.4394,1.1702
0.4399,1.1702
0.4405,1.1702
0.4410,1.1702
0.4415,1.1702
0.4420,1.1702
0.4425,1.1702
0.4431,1.1702
0.4436,1.1702
0.4441,1.1702
0.4446,1.1702
0.4452,1.1702
0.4457,1.1702
0.4462,1.1652
0.4467,1.1702
0.4472,1.1702
0.4478,1.1652
0.4483,1.1652
0.4488,1.1702
0.4493,1.1652
0.4499,1.1702
0.4504,1.1702
0.4509,1.1702
0.4514,1.1702
0.4519,1.1702
0.4525,1.1652
0.4530,1.1652
0.4535,1.1702
0.4540,1.1652
0.4545,1.1702
0.4551,1.1702
0.4556,1.1652
0.4561,1.1702
0.4566,1.1652
0.4572,1.1702
0.4577,1.1702
0.4582,1.1702
0.4587,1.1702
0.4592,1.1702
0.4598,1.1652
0.4603,1.1702
0.4608,1.1702
0.4613,1.1652
0.4619,1.1652
0.4624,1.1702
0.4629,1.1702
0.4634,1.1702
0.4639,1.1601
0.4645,1.1702
0.4650,1.1702
0.4655,1.1652
0.4660,1.1702
0.4665,1.1652
0.4671,1.1652
0.4676,1.1652
0.4681,1.1652
0.4686,1.1702
0.4692,1.1652
0.4697,1.1702
0.4702,1.1652
0.4707,1.1702
0.4712,1.1702
0.4718,1.1652
0.4723,1.1601
0.4728,1.1652
0.4733,1.1702
0.4739,1.1652
0.4744,1.1652
0.4749,1.1702
0.4754,1.1702
0.4759,1.1652
0.4765,1.1702
0.4770,1.1702
0.4775,1.1702
0.4780,1.1652
0.4785,1.1702
0.4791,1.1652
0.4796,1.1652
0.4801,1.1702
0.4806,1.1652
0.4812,1.1702
0.4817,1.1652
0.4822,1.1652
0.4827,1.1601
0.4833,1.1702
0.4838,1.1652
0.4843,1.1702
0.4848,1.1652
0.4853,1.1652
0.4859,1.1652
0.4864,1.1702
0.4869,1.1652
0.4874,1.1652
0.4880,1.1702
0.4885,1.1702
0.4890,1.1652
0.4895,1.1652
0.4901,1.1652
0.4906,1.1652
0.4911,1.1652
0.4916,1.1652
0.4921,1.1702
0.4927,1.1652
0.4932,1.1652
0.4937,1.1652
0.4942,1.1652
0.4948,1.1652
0.4953,1.1702
0.4958,1.1702
0.4963,1.1652
0.4969,1.1652
0.4974,1.1652
0.4979,1.1652
0.4984,1.1652
0.4989,1.1702
0.4995,1.1702
0.5000,1.1652
0.5005,1.1652
0.5010,1.1652
0.5016,1.1702
0.5021,1.1652
0.5026,1.1601
0.5031,1.1652
0.5037,1.1652
0.5042,1.1652
0.5047,1.1652
0.5052,1.1652
0.5057,1.1652
0.5063,1.1652
0.5068,1.1601
0.5073,1.1652
0.5078,1.1652
0.5084,1.1652
0.5089,1.1652
0.5094,1.1652
0.5099,1.1652
0.5105,1.1652
0.5110,1.1652
0.5115,1.1652
0.5120,1.1601
0.5125,1.1702
0.5131,1.1652
0.5136,1.1652
0.5141,1.1652
0.5146,1.1702
0.5152,1.1702
0.5157,1.1652
0.5162,1.1601
0.5167,1.1652
0.5173,1.1601
0.5178,1.1601
0.5183,1.1601
0.5188,1.1652
0.5193,1.1652
0.5199,1.1652
0.5204,1.1652
0.5209,1.1652
0.5214,1.1652
0.5220,1.1652
0.5225,1.1652
0.5230,1.1652
0.5235,1.1652
0.5241,1.1652
0.5246,1.1601
0.5251,1.1652
0.5256,1.1702
0.5261,1.1652
0.5267,1.1652
0.5272,1.1652
0.5277,1.1652
0.5282,1.1652
0.5288,1.1652
0.5293,1.1652
0.5298,1.1652
0.5303,1.1652
0.5309,1.1652
0.5314,1.1652
0.5319,1.1652
0.5324,1.1652
0.5329,1.1652
0.5335,1.1652
0.5340,1.1652
0.5345,1.1652
0.5350,1.1652
0.5356,1.1652
0.5361,1.1652
0.5366,1.1652
0.5371,1.1652
0.5377,1.1652
0.5382,1.1601
0.5387,1.1652
0.5392,1.1652
0.5397,1.1652
0.5403,1.1652
0.5408,1.1652
0.5413,1.1652
0.5418,1.1601
0.5424,1.1652
0.5429,1.1652
0.5434,1.1652
0.5439,1.1652
0.5445,1.1652
0.5450,1.1652
0.5455,1.1652
0.5460,1.1601
0.5465,1.1601
0.5471,1.1652
0.5476,1.1652
0.5481,1.1652
0.5486,1.1652
0.5492,1.1652
0.5497,1.1601
0.5502,1.1652
0.5507,1.1652
0.5513,1.1652
0.5518,1.1601
0.5523,1.1652
0.5528,1.1601
0.5533,1.1601
0.5539,1.1601
0.5544,1.1652
0.5549,1.1601
0.5554,1.1652
0.5560,1.1652
0.5565,1.1652
0.5570,1.1601
0.5575,1.1652
0.5581,1.1601
0.5586,1.1601
0.5591,1.1601
0.5596,1.1601
0.5601,1.1652
0.5607,1.1601
0.5612,1.1652
0.5617,1.1601
0.5622,1.1652
0.5628,1.1652
0.5633,1.1652
0.5638,1.1601
0.5643,1.1652
0.5649,1.1601
0.5654,1.1652
0.5659,1.1652
0.5664,1.1652
0.5669,1.1652
0.5675,1.1601
0.5680,1.1652
0.5685,1.1652
0.5690,1.1652
0.5696,1.1652
0.5701,1.1652
0.5706,1.1652
0.5711,1.1702
0.5717,1.1652
0.5722,1.1652
0.5727,1.1601
0.5732,1.1601
0.5737,1.1652
0.5743,1.1652
0.5748,1.1652
0.5753,1.1601
0.5758,1.1652
0.5764,1.1652
0.5769,1.1601
0.5774,1.1601
0.5779,1.1601
0.5785,1.1601
0.5790,1.1652
0.5795,1.1652
0.5800,1.1601
0.5805,1.1601
0.5811,1.1652
0.5816,1.1601
0.5821,1.1652
0.5827,1.1652
0.5832,1.1652
0.5837,1.1652
0.5842,1.1652
0.5848,1.1652
0.5853,1.1652
0.5858,1.1652
0.5863,1.1601
0.5868,1.1652
0.5874,1.1652
0.5879,1.1601
0.5884,1.1601
0.5889,1.1652
0.5895,1.1652
0.5900,1.1652
0.5905,1.1652
0.5910,1.1601
0.5916,1.1652
0.5921,1.1652
0.5926,1.1601
0.5931,1.1652
0.5937,1.1601
0.5942,1.1601
0.5947,1.1652
0.5952,1.1601
0.5957,1.1652
0.5963,1.1601
0.5968,1.1601
0.5973,1.1601
0.5978,1.1601
0.5984,1.1652
0.5989,1.1601
0.5994,1.1601
0.5999,1.1601
0.6005,1.1652
0.6010,1.1652
0.6015,1.1652
0.6020,1.1652
0.6025,1.1652
0.6031,1.1652
0.6036,1.1652
0.6041,1.1652
0.6046,1.1652
0.6052,1.1601
0.6057,1.1652
0.6062,1.1652
0.6067,1.1652
0.6073,1.1601
0.6078,1.1601
0.6083,1.1601
0.6088,1.1652
0.6094,1.1652
0.6100,1.1652
0.6106,1.1601
0.6112,1.1601
0.6118,1.1601
0.6123,1.1652
0.6129,1.1652
0.6134,1.1601
0.6143,1.1601
0.6151,1.1652
0.6157,1.1652
0.6162,1.1652
0.6168,1.1601
0.6173,1.1652
0.6178,1.1601
0.6184,1.1652
0.6189,1.1652
0.6194,1.1601
0.6200,1.1652
0.6205,1.1652
0.6210,1.1652
0.6215,1.1601
0.6221,1.1601
0.6226,1.1652
0.6231,1.1601
0.6236,1.1652
0.6241,1.1652
0.6247,1.1601
0.6252,1.1652
0.6257,1.1652
0.6262,1.1652
0.6268,1.1601
0.6274,1.1601
0.6280,1.1601
0.6285,1.1652
0.6290,1.1601
0.6295,1.1652
0.6300,1.1652
0.6306,1.1652
0.6311,1.1652
0.6316,1.1652
0.6321,1.1652
0.6326,1.1652
0.6332,1.1601
0.6337,1.1601
0.6342,1.1652
0.6347,1.1601
0.6352,1.1601
0.6358,1.1652
0.6363,1.1652
0.6368,1.1652
0.6373,1.1601
0.6378,1.1652
0.6384,1.1652
0.6389,1.1601
0.6394,1.1601
0.6399,1.1652
0.6405,1.1601
0.6410,1.1652
0.6415,1.1601
0.6420,1.1652
0.6425,1.1601
0.6431,1.1652
0.6436,1.1601
0.6441,1.1601
0.6446,1.1601
0.6452,1.1601
0.6457,1.1652
0.6462,1.1652
0.6467,1.1652
0.6473,1.1652
0.6478,1.1601
0.6483,1.1601
0.6488,1.1652
0.6494,1.1652
0.6499,1.1652
0.6504,1.1601
0.6509,1.1652
0.6514,1.1652
0.6520,1.1601
0.6525,1.1652
0.6530,1.1652
0.6535,1.1652
0.6540,1.1652
0.6546,1.1601
0.6551,1.1601
0.6556,1.1601
0.6561,1.1652
0.6566,1.1551
0.6572,1.1601
0.6577,1.1652
0.6582,1.1652
0.6587,1.1601
0.6592,1.1652
0.6598,1.1601
0.6603,1.1601
0.6608,1.1652
0.6613,1.1601
0.6618,1.1652
0.6624,1.1652
0.6629,1.1601
0.6634,1.1601
0.6639,1.1601
0.6644,1.1601
0.6650,1.1601
0.6655,1.1601
0.6660,1.1652
0.6665,1.1652
0.6670,1.1652
0.6676,1.1601
0.6681,1.1601
0.6686,1.1652
0.6691,1.1652
0.6696,1.1652
0.6702,1.1652
0.6707,1.1652
0.6712,1.1601
0.6717,1.1652
0.6722,1.1551
0.6728,1.1601
0.6733,1.1652
0.6738,1.1551
0.6743,1.1601
0.6748,1.1601
0.6754,1.1601
0.6759,1.1551
0.6764,1.1601
0.6769,1.1652
0.6775,1.1652
0.6780,1.1652
0.6785,1.1601
0.6790,1.1601
0.6795,1.1601
0.6801,1.1601
0.6806,1.1601
0.6811,1.1601
0.6816,1.1601
0.6821,1.1601
0.6827,1.1601
0.6832,1.1652
0.6837,1.1652
0.6842,1.1601
0.6848,1.1652
0.6853,1.1652
0.6858,1.1652
0.6863,1.1652
0.6868,1.1652
0.6874,1.1601
0.6879,1.1601
0.6884,1.1601
0.6889,1.1601
0.6894,1.1652
0.6900,1.1601
0.6905,1.1601
0.6910,1.1601
0.6915,1.1551
0.6921,1.1652
0.6926,1.1601
0.6931,1.1551
0.6936,1.1601
0.6941,1.1601
0.6947,1.1601
0.6952,1.1652
0.6957,1.1652
0.6962,1.1652
0.6967,1.1601
0.6973,1.1601
0.6978,1.1601
0.6983,1.1601
0.6988,1.1601
0.6994,1.1601
0.6999,1.1601
0.7004,1.1601
0.7009,1.1601
0.7015,1.1652
0.7020,1.1601
0.7025,1.1601
0.7030,1.1652
0.7035,1.1601
0.7041,1.1601
0.7046,1.1652
0.7051,1.1601
0.7056,1.1601
0.7062,1.1601
0.7067,1.1601
0.7072,1.1601
0.7077,1.1601
0.7082,1.1601
0.7088,1.1601
0.7093,1.1601
0.7098,1.1652
0.7103,1.1652
0.7108,1.1601
0.7114,1.1551
0.7119,1.1652
0.7124,1.1652
0.7129,1.1652
0.7135,1.1601
0.7140,1.1652
0.7145,1.1652
0.7150,1.1601
0.7155,1.1652
0.7161,1.1551
0.7166,1.1652
0.7171,1.1601
0.7176,1.1601
0.7182,1.1601
0.7187,1.1601
0.7192,1.1601
0.7197,1.1601
0.7202,1.1601
0.7208,1.1601
0.7213,1.1601
0.7218,1.1601
0.7223,1.1551
0.7228,1.1601
0.7234,1.1601
0.7239,1.1601
0.7244,1.1601
0.7249,1.1601
0.7255,1.1601
0.7260,1.1601
0.7265,1.1601
0.7270,1.1551
0.7275,1.1601
0.7281,1.1601
0.7286,1.1551
0.7291,1.1601
0.7296,1.1551
0.7301,1.1601
0.7307,1.1652
0.7312,1.1551
0.7317,1.1601
0.7322,1.1652
0.7328,1.1601
0.7333,1.1601
0.7338,1.1652
0.7343,1.1601
0.7348,1.1601
0.7354,1.1601
0.7359,1.1601
0.7364,1.1601
0.7369,1.1601
0.7375,1.1551
0.7380,1.1601
0.7385,1.1601
0.7390,1.1551
0.7395,1.1500
0.7401,1.1601
0.7406,1.1601
0.7411,1.1551
0.7416,1.1601
0.7421,1.1551
0.7427,1.1601
0.7432,1.1601
0.7437,1.1652
0.7442,1.1551
0.7448,1.1551
0.7453,1.1601
0.7458,1.1551
0.7463,1.1551
0.7469,1.1551
0.7474,1.1551
0.7479,1.1601
0.7484,1.1601
0.7489,1.1551
0.7495,1.1601
0.7500,1.1601
0.7505,1.1601
0.7510,1.1551
0.7515,1.1551
0.7521,1.1601
0.7526,1.1551
0.7531,1.1551
0.7536,1.1601
0.7542,1.1601
0.7547,1.1551
0.7552,1.1601
0.7557,1.1551
0.7562,1.1601
0.7568,1.1551
0.7573,1.1551
0.7578,1.1551
0.7583,1.1551
0.7589,1.1601
0.7594,1.1601
0.7599,1.1601
0.7604,1.1601
0.7609,1.1551
0.7615,1.1551
0.7620,1.1551
0.7625,1.1551
0.7630,1.1551
0.7635,1.1551
0.7641,1.1551
0.7646,1.1601
0.7651,1.1551
0.7656,1.1551
0.7662,1.1601
0.7667,1.1601
0.7672,1.1601
0.7677,1.1601
0.7682,1.1601
0.7688,1.1601
0.7693,1.1551
0.7698,1.1551
0.7703,1.1601
0.7708,1.1601
0.7714,1.1551
0.7719,1.1500
0.7724,1.1500
0.7729,1.1551
0.7735,1.1500
0.7740,1.1551
0.7745,1.1601
0.7750,1.1551
0.7755,1.1551
0.7761,1.1601
0.7766,1.1601
0.7771,1.1551
0.7776,1.1551
0.7782,1.1601
0.7787,1.1601
0.7792,1.1551
0.7797,1.1551
0.7802,1.1551
0.7808,1.1551
0.7813,1.1601
0.7818,1.1601
0.7823,1.1551
0.7828,1.1601
0.7834,1.1601
0.7839,1.1601
0.7844,1.1551
0.7849,1.1551
0.7855,1.1551
0.7860,1.1601
0.7865,1.1601
0.7870,1.1551
0.7875,1.1551
0.7881,1.1551
0.7886,1.1551
0.7891,1.1551
0.7896,1.1601
0.7901,1.1551
0.7907,1.1601
0.7912,1.1551
0.7917,1.1551
0.7922,1.1551
0.7928,1.1551
0.7933,1.1601
0.7938,1.1551
0.7943,1.1551
0.7948,1.1601
0.7954,1.1551
0.7959,1.1500
0.7964,1.1551
0.7969,1.1551
0.7975,1.1551
0.7980,1.1551
0.7985,1.1551
0.7990,1.1551
0.7995,1.1551
0.8001,1.1551
0.8006,1.1601
0.8011,1.1500
0.8016,1.1551
0.8021,1.1551
0.8027,1.1551
0.8032,1.1551
0.8037,1.1551
0.8042,1.1601
0.8048,1.1551
0.8053,1.1551
0.8058,1.1551
0.8063,1.1551
0.8068,1.1551
0.8074,1.1551
0.8079,1.1601
0.8084,1.1601
0.8089,1.1601
0.8094,1.1551
0.8100,1.1500
0.8105,1.1500
0.8110,1.1551
0.8115,1.1551
0.8121,1.1500
0.8126,1.1551
0.8131,1.1551
0.8136,1.1551
0.8141,1.1551
0.8147,1.1551
0.8152,1.1551
0.8157,1.1551
0.8162,1.1601
0.8168,1.1551
0.8173,1.1601
0.8179,1.1551
0.8184,1.1551
0.8190,1.1551
0.8195,1.1601
0.8201,1.1551
0.8206,1.1551
0.8212,1.1551
0.8217,1.1551
0.8223,1.1551
0.8229,1.1551
0.8234,1.1551
0.8240,1.1601
0.8245,1.1500
0.8251,1.1551
0.8257,1.1500
0.8262,1.1551
0.8268,1.1601
0.8273,1.1551
0.8279,1.1551
0.8285,1.1551
0.8290,1.1551
0.8296,1.1551
0.8301,1.1551
0.8307,1.1500
0.8312,1.1500
0.8318,1.1551
0.8324,1.1551
0.8329,1.1500
0.8335,1.1500
0.8340,1.1551
0.8346,1.1551
0.8352,1.1551
0.8357,1.1551
0.8363,1.1551
0.8368,1.1500
0.8374,1.1551
0.8379,1.1551
0.8385,1.1500
0.8391,1.1551
0.8396,1.1551
0.8402,1.1551
0.8407,1.1551
0.8413,1.1500
0.8419,1.1551
0.8424,1.1500
0.8430,1.1551
0.8435,1.1551
0.8441,1.1551
0.8446,1.1551
0.8452,1.1551
0.8458,1.1551
0.8463,1.1551
0.8469,1.1551
0.8474,1.1551
0.8480,1.1551
0.8486,1.1500
0.8491,1.1551
0.8497,1.1500
0.8502,1.1551
0.8508,1.1551
0.8514,1.1500
0.8519,1.1551
0.8525,1.1500
0.8530,1.1500
0.8536,1.1500
0.8542,1.1500
0.8547,1.1500
0.8553,1.1551
0.8558,1.1551
0.8564,1.1500
0.8569,1.1551
0.8575,1.1500
0.8581,1.1500
0.8586,1.1551
0.8592,1.1601
0.8597,1.1500
0.8603,1.1500
0.8609,1.1500
0.8614,1.1551
0.8620,1.1500
0.8625,1.1551
0.8631,1.1500
0.8636,1.1551
0.8642,1.1500
0.8648,1.1551
0.8653,1.1551
0.8659,1.1551
0.8664,1.1551
0.8670,1.1551
0.8676,1.1500
0.8681,1.1551
0.8687,1.1500
0.8692,1.1500
0.8698,1.1500
0.8703,1.1551
0.8709,1.1450
0.8715,1.1500
0.8720,1.1551
0.8726,1.1500
0.8731,1.1551
0.8737,1.1500
0.8742,1.1500
0.8748,1.1500
0.8754,1.1500
0.8759,1.1551
0.8765,1.1450
0.8770,1.1500
0.8776,1.1551
0.8782,1.1500
0.8787,1.1500
0.8793,1.1551
0.8798,1.1500
0.8804,1.1450
0.8810,1.1500
0.8815,1.1500
0.8821,1.1500
0.8827,1.1500
0.8832,1.1450
0.8838,1.1500
0.8843,1.1551
0.8849,1.1551
0.8854,1.1500
0.8860,1.1500
0.8866,1.1500
0.8871,1.1551
0.8877,1.1500
0.8882,1.1450
0.8888,1.1500
0.8894,1.1500
0.8899,1.1500
0.8907,1.1500
0.8913,1.1450
0.8940,1.1500
0.8946,1.1500
0.8952,1.1500
0.8958,1.1500
0.8964,1.1551
0.8970,1.1500
0.8976,1.1551
0.8981,1.1500
0.8987,1.1500
0.8993,1.1500
0.8999,1.1500
0.9005,1.1500
0.9011,1.1500
0.9016,1.1500
0.9022,1.1450
0.9027,1.1500
0.9033,1.1500
0.9039,1.1500
0.9044,1.1500
0.9050,1.1500
0.9055,1.1500
0.9061,1.1500
0.9067,1.1500
0.9072,1.1500
0.9078,1.1500
0.9083,1.1450
0.9089,1.1500
0.9095,1.1500
0.9100,1.1500
0.9106,1.1500
0.9112,1.1551
0.9118,1.1500
0.9124,1.1500
0.9129,1.1551
0.9135,1.1500
0.9141,1.1500
0.9147,1.1551
0.9153,1.1500
0.9159,1.1500
0.9165,1.1551
0.9170,1.1450
0.9176,1.1500
0.9183,1.1500
0.9188,1.1500
0.9194,1.1500
0.9199,1.1500
0.9205,1.1500
0.9210,1.1450
0.9216,1.1500
0.9221,1.1500
0.9226,1.1500
0.9232,1.1500
0.9237,1.1500
0.9243,1.1500
0.9248,1.1500
0.9253,1.1500
0.9259,1.1500
0.9264,1.1500
0.9270,1.1500
0.9275,1.1500
0.9281,1.1500
0.9287,1.1500
0.9293,1.1500
0.9298,1.1500
0.9304,1.1500
0.9309,1.1500
0.9315,1.1500
0.9320,1.1500
0.9325,1.1500
0.9331,1.1500
0.9336,1.1500
0.9342,1.1450
0.9347,1.1500
0.9352,1.1500
0.9358,1.1450
0.9363,1.1500
0.9368,1.1551
0.9374,1.1500
0.9379,1.1500
0.9385,1.1500
0.9390,1.1500
0.9395,1.1500
0.9401,1.1500
0.9406,1.1500
0.9412,1.1551
0.9417,1.1450
0.9422,1.1500
0.9428,1.1500
0.9433,1.1500
0.9439,1.1500
0.9445,1.1500
0.9450,1.1500
0.9455,1.1450
0.9461,1.1500
0.9466,1.1500
0.9471,1.1500
0.9477,1.1500
0.9482,1.1500
0.9487,1.1500
0.9493,1.1500
0.9498,1.1500
0.9504,1.1500
0.9509,1.1500
0.9514,1.1500
0.9520,1.1500
0.9525,1.1500
0.9530,1.1551
0.9536,1.1500
0.9541,1.1551
0.9547,1.1500
0.9552,1.1500
0.9557,1.1500
0.9563,1.1500
0.9568,1.1551
0.9574,1.1500
0.9579,1.1500
0.9584,1.1500
0.9590,1.1500
0.9595,1.1500
0.9601,1.1551
0.9606,1.1450
0.9611,1.1500
0.9617,1.1450
0.9622,1.1450
0.9627,1.1500
0.9633,1.1500
0.9638,1.1551
0.9643,1.1450
0.9649,1.1500
0.9654,1.1500
0.9659,1.1500
0.9665,1.1500
0.9670,1.1500
0.9675,1.1500
0.9681,1.1450
0.9686,1.1500
0.9691,1.1500
0.9697,1.1500
0.9702,1.1500
0.9707,1.1500
0.9713,1.1450
0.9718,1.1500
0.9724,1.1500
0.9729,1.1500
0.9734,1.1500
0.9740,1.1500
0.9745,1.1500
0.9750,1.1500
0.9756,1.1500
0.9761,1.1500
0.9766,1.1450
0.9772,1.1500
0.9777,1.1500
0.9782,1.1450
0.9788,1.1500
0.9793,1.1450
0.9798,1.1450
0.9804,1.1500
0.9809,1.1500
0.9814,1.1450
0.9820,1.1500
0.9825,1.1500
0.9830,1.1450
0.9836,1.1450
0.9841,1.1551
0.9846,1.1500
0.9852,1.1450
0.9857,1.1500
0.9862,1.1450
0.9868,1.1500
0.9873,1.1500
0.9878,1.1500
0.9884,1.1551
0.9889,1.1450
0.9894,1.1500
0.9900,1.1500
0.9905,1.1500
0.9910,1.1551
0.9916,1.1500
0.9921,1.1450
0.9926,1.1500
0.9932,1.1450
0.9937,1.1500
0.9942,1.1500
0.9948,1.1500
0.9953,1.1500
0.9958,1.1551
0.9964,1.1500
0.9969,1.1500
0.9974,1.1450
0.9980,1.1551
0.9985,1.1500
0.9990,1.1450
0.9996,1.1500
1.0001,1.1500
1.0006,1.1450
1.0012,1.1500
1.0017,1.1500
1.0022,1.1500
1.0028,1.1500
1.0033,1.1500
1.0038,1.1450
1.0044,1.1551
1.0049,1.1500
1.0054,1.1450
1.0060,1.1500
1.0065,1.1500
1.0070,1.1450
1.0076,1.1500
1.0081,1.1500
1.0086,1.1500
1.0092,1.1450
1.0097,1.1500
1.0102,1.1450
1.0108,1.1450
1.0113,1.1500
1.0118,1.1450
1.0124,1.1500
1.0129,1.1551
1.0134,1.1500
1.0140,1.1450
1.0145,1.1500
1.0150,1.1500
1.0156,1.1450
1.0161,1.1450
1.0166,1.1500
1.0172,1.1500
1.0177,1.1500
1.0184,1.1450
1.0189,1.1500
1.0195,1.1450
1.0200,1.1500
1.0206,1.1450
1.0211,1.1450
1.0217,1.1500
1.0222,1.1500
1.0228,1.1500
1.0233,1.1500
1.0238,1.1500
1.0244,1.1450
1.0249,1.1500
1.0255,1.1500
1.0260,1.1500
1.0266,1.1450
1.0271,1.1450
1.0276,1.1500
1.0282,1.1450
1.0287,1.1500
1.0293,1.1450
1.0298,1.1551
1.0304,1.1450
1.0309,1.1450
1.0315,1.1500
1.0320,1.1500
1.0326,1.1450
1.0331,1.1500
1.0337,1.1500
1.0342,1.1500
1.0348,1.1450
1.0353,1.1500
1.0359,1.1500
1.0364,1.1450
1.0370,1.1500
1.0375,1.1450
1.0381,1.1500
1.0386,1.1500
1.0391,1.1500
1.0397,1.1500
1.0402,1.1500
1.0408,1.1450
1.0413,1.1500
1.0419,1.1450
1.0424,1.1450
1.0429,1.1450
1.0435,1.1450
1.0440,1.1450
1.0446,1.1500
1.0451,1.1450
1.0457,1.1450
1.0462,1.1500
1.0467,1.1450
1.0473,1.1500
1.0478,1.1450
1.0484,1.1500
1.0490,1.1500
1.0495,1.1500
1.0501,1.1500
1.0506,1.1450
1.0512,1.1500
1.0517,1.1450
1.0522,1.1450
1.0528,1.1500
1.0533,1.1500
1.0539,1.1450
1.0544,1.1500
1.0550,1.1500
1.0555,1.1450
1.0561,1.1450
1.0566,1.1450
1.0572,1.1450
1.0577,1.1450
1.0582,1.1450
1.0588,1.1500
1.0593,1.1450
1.0599,1.1500
1.0604,1.1450
1.0610,1.1500
1.0615,1.1500
1.0621,1.1450
1.0641,1.1450
1.0647,1.1450
1.0653,1.1450
1.0658,1.1450
1.0664,1.1500
1.0669,1.1500
1.0675,1.1500
1.0680,1.1450
1.0686,1.1450
1.0691,1.1500
1.0697,1.1450
1.0702,1.1450
1.0708,1.1500
1.0713,1.1450
1.0719,1.1450
1.0724,1.1500
1.0730,1.1450
1.0735,1.1500
1.0741,1.1450
1.0746,1.1450
1.0752,1.1500
1.0757,1.1450
1.0763,1.1450
1.0768,1.1500
1.0774,1.1450
1.0779,1.1500
1.0785,1.1500
1.0790,1.1500
1.0796,1.1450
1.0801,1.1500
1.0807,1.1500
1.0812,1.1500
1.0818,1.1450
1.0823,1.1450
1.0829,1.1450
1.0834,1.1450
1.0840,1.1450
1.0845,1.1500
1.0851,1.1500
1.0856,1.1450
1.0862,1.1450
1.0867,1.1450
1.0873,1.1500
1.0878,1.1450
1.0884,1.1500
1.0889,1.1500
1.0895,1.1450
1.0900,1.1500
1.0906,1.1450
1.0911,1.1450
1.0917,1.1500
1.0922,1.1500
1.0928,1.1500
1.0934,1.1450
1.0939,1.1450
1.0945,1.1450
1.0950,1.1500
1.0956,1.1450
1.0961,1.1500
1.0967,1.1450
1.0972,1.1450
1.0978,1.1450
1.0983,1.1500
1.0989,1.1450
1.0994,1.1500
1.1000,1.1500
1.1005,1.1500
1.1011,1.1450
1.1016,1.1450
1.1022,1.1500
1.1027,1.1450
1.1033,1.1450
1.1038,1.1450
1.1044,1.1500
1.1049,1.1500
1.1055,1.1500
1.1060,1.1500
1.1066,1.1450
1.1071,1.1500
1.1077,1.1500
1.1082,1.1500
1.1088,1.1450
1.1093,1.1500
1.1099,1.1450
1.1104,1.1450
1.1110,1.1450
1.1115,1.1450
1.1121,1.1399
1.1126,1.1450
1.1132,1.1500
1.1137,1.1500
1.1143,1.1500
1.1148,1.1450
1.1154,1.1500
1.1159,1.1500
1.1165,1.1450
1.1170,1.1450
1.1176,1.1450
1.1181,1.1500
1.1187,1.1450
1.1193,1.1450
1.1198,1.1450
1.1204,1.1500
1.1209,1.1450
1.1215,1.1450
1.1220,1.1450
1.1226,1.1500
1.1231,1.1450
1.1237,1.1399
1.1242,1.1500
1.1248,1.1450
1.1253,1.1500
1.1259,1.1399
1.1264,1.1500
1.1270,1.1450
1.1275,1.1399
1.1281,1.1450
1.1286,1.1450
1.1292,1.1500
1.1297,1.1500
1.1303,1.1450
1.1308,1.1450
1.1314,1.1450
1.1319,1.1500
1.1325,1.1500
1.1330,1.1450
1.1336,1.1450
1.1341,1.1450
1.1347,1.1500
1.1352,1.1450
1.1358,1.1500
1.1363,1.1399
1.1369,1.1500
1.1374,1.1399
1.1380,1.1450
1.1385,1.1450
1.1391,1.1450
1.1396,1.1450
1.1402,1.1450
1.1407,1.1450
1.1413,1.1500
1.1418,1.1450
1.1424,1.1450
1.1429,1.1500
1.1435,1.1450
1.1440,1.1450
1.1446,1.1450
1.1451,1.1500
1.1456,1.1450
1.1462,1.1450
1.1467,1.1500
1.1473,1.1450
1.1478,1.1500
1.1484,1.1450
1.1489,1.1450
1.1495,1.1500
1.1501,1.1450
1.1506,1.1399
1.1512,1.1500
1.1517,1.1450
1.1523,1.1450
1.1528,1.1450
1.1534,1.1450
1.1539,1.1450
1.1545,1.1450
1.1550,1.1450
1.1556,1.1450
1.1561,1.1450
1.1567,1.1450
1.1572,1.1450
1.1578,1.1450
1.1583,1.1450
1.1589,1.1450
1.1594,1.1450
1.1600,1.1399
1.1605,1.1450
1.1611,1.1500
1.1616,1.1450
1.1622,1.1450
1.1628,1.1500
1.1633,1.1450
1.1639,1.1450
1.1644,1.1450
1.1650,1.1450
1.1655,1.1450
1.1661,1.1450
1.1666,1.1450
1.1672,1.1450
1.1677,1.1450
1.1683,1.1500
1.1688,1.1399
1.1694,1.1500
1.1699,1.1399
1.1705,1.1450
1.1710,1.1500
1.1716,1.1450
1.1721,1.1450
1.1726,1.1500
1.1732,1.1450
1.1737,1.1500
1.1743,1.1450
1.1748,1.1500
1.1754,1.1500
1.1759,1.1500
1.1765,1.1500
1.1770,1.1500
1.1776,1.1450
1.1782,1.1450
1.1787,1.1500
1.1793,1.1500
1.1798,1.1450
1.1804,1.1500
1.1809,1.1399
1.1815,1.1450
1.1820,1.1450
1.1826,1.1500
1.1831,1.1450
1.1837,1.1500
1.1842,1.1450
1.1848,1.1450
1.1853,1.1500
1.1859,1.1500
1.1864,1.1450
1.1870,1.1500
1.1875,1.1450
1.1881,1.1450
1.1886,1.1500
1.1892,1.1500
1.1897,1.1500
1.1903,1.1450
1.1908,1.1450
1.1914,1.1500
1.1919,1.1500
1.1925,1.1500
1.1930,1.1500
1.1936,1.1450
1.1941,1.1500
1.1947,1.1500
1.1952,1.1500
1.1958,1.1500
1.1963,1.1500
1.1969,1.1500
1.1974,1.1450
1.1980,1.1500
1.1985,1.1450
1.1991,1.1500
1.1996,1.1500
1.2002,1.1450
1.2007,1.1500
1.2013,1.1500
1.2018,1.1500
1.2024,1.1500
1.2029,1.1500
1.2035,1.1551
1.2040,1.1500
1.2046,1.1500
1.2051,1.1500
1.2056,1.1450
1.2062,1.1450
1.2067,1.1500
1.2073,1.1500
1.2078,1.1500
1.2084,1.1450
1.2089,1.1551
1.2095,1.1500
1.2102,1.1500
1.2108,1.1500
1.2114,1.1500
1.2120,1.1500
1.2127,1.1500
1.2132,1.1500
1.2138,1.1551
1.2144,1.1500
1.2150,1.1500
1.2156,1.1551
1.2161,1.1500
1.2167,1.1500
1.2173,1.1500
1.2179,1.1500
1.2185,1.1500
1.2191,1.1551
1.2197,1.1500
1.2202,1.1500
1.2208,1.1551
1.2214,1.1500
1.2219,1.1551
1.2225,1.1500
1.2230,1.1551
1.2236,1.1500
1.2241,1.1500
1.2247,1.1551
1.2252,1.1551
1.2258,1.1551
1.2263,1.1551
1.2269,1.1551
1.2274,1.1551
1.2280,1.1551
1.2286,1.1551
1.2292,1.1551
1.2297,1.1601
1.2303,1.1500
1.2308,1.1551
1.2314,1.1551
1.2319,1.1551
1.2325,1.1601
1.2330,1.1551
1.2336,1.1551
1.2341,1.1551
1.2347,1.1551
1.2352,1.1551
1.2358,1.1551
1.2363,1.1601
1.2369,1.1551
1.2374,1.1551
1.2380,1.1601
1.2385,1.1601
1.2391,1.1551
1.2396,1.1551
1.2402,1.1601
1.2407,1.1601
1.2413,1.1551
1.2418,1.1601
1.2424,1.1601
1.2429,1.1601
1.2435,1.1601
1.2440,1.1601
1.2446,1.1551
1.2451,1.1601
1.2457,1.1601
1.2462,1.1601
1.2467,1.1601
1.2473,1.1601
1.2478,1.1652
1.2484,1.1601
1.2489,1.1601
1.2495,1.1652
1.2500,1.1551
1.2506,1.1601
1.2511,1.1652
1.2517,1.1601
1.2522,1.1601
1.2528,1.1601
1.2533,1.1601
1.2539,1.1601
1.2544,1.1601
1.2550,1.1652
1.2555,1.1551
1.2560,1.1601
1.2566,1.1652
1.2571,1.1652
1.2577,1.1652
1.2582,1.1601
1.2588,1.1652
1.2593,1.1652
1.2599,1.1601
1.2604,1.1652
1.2610,1.1601
1.2615,1.1652
1.2621,1.1652
1.2626,1.1601
1.2631,1.1652
1.2637,1.1652
1.2642,1.1652
1.2648,1.1652
1.2653,1.1601
1.2659,1.1652
1.2664,1.1652
1.2670,1.1652
1.2675,1.1601
1.2681,1.1652
1.2686,1.1652
1.2692,1.1652
1.2697,1.1601
1.2702,1.1652
1.2708,1.1652
1.2713,1.1702
1.2719,1.1601
1.2724,1.1652
1.2730,1.1652
1.2735,1.1652
1.2741,1.1652
1.2746,1.1601
1.2752,1.1702
1.2757,1.1652
1.2763,1.1652
1.2768,1.1702
1.2774,1.1601
1.2779,1.1652
1.2785,1.1601
1.2790,1.1652
1.2796,1.1652
1.2801,1.1652
1.2807,1.1652
1.2812,1.1652
1.2818,1.1702
1.2823,1.1652
1.2829,1.1702
1.2834,1.1652
1.2840,1.1652
1.2845,1.1652
1.2851,1.1652
1.2856,1.1652
1.2862,1.1652
1.2867,1.1652
1.2873,1.1702
1.2878,1.1601
1.2884,1.1652
1.2889,1.1702
1.2895,1.1652
1.2900,1.1652
1.2906,1.1652
1.2911,1.1702
1.2917,1.1702
1.2923,1.1702
1.2928,1.1652
1.2934,1.1702
1.2939,1.1652
1.2945,1.1652
1.2950,1.1702
1.2956,1.1652
1.2961,1.1702
1.2967,1.1652
1.2972,1.1702
1.2978,1.1702
1.2983,1.1702
1.2989,1.1702
1.2994,1.1652
1.3000,1.1652
1.3005,1.1652
1.3011,1.1652
1.3016,1.1652
1.3022,1.1652
1.3027,1.1652
1.3033,1.1702
1.3039,1.1702
1.3044,1.1702
1.3050,1.1652
1.3055,1.1652
1.3061,1.1702
1.3066,1.1652
1.3072,1.1702
1.3077,1.1702
1.3083,1.1702
1.3088,1.1702
1.3094,1.1702
1.3099,1.1702
1.3105,1.1702
1.3110,1.1702
1.3116,1.1702
1.3121,1.1702
1.3127,1.1702
1.3132,1.1702
1.3138,1.1652
1.3144,1.1702
1.3149,1.1652
1.3155,1.1652
1.3160,1.1702
1.3166,1.1652
1.3171,1.1702
1.3177,1.1702
1.3182,1.1702
1.3188,1.1702
1.3193,1.1702
1.3199,1.1702
1.3204,1.1702
1.3209,1.1652
1.3215,1.1702
1.3220,1.1702
1.3225,1.1652
1.3231,1.1702
1.3236,1.1652
1.3241,1.1652
1.3247,1.1702
1.3252,1.1702
1.3257,1.1652
1.3263,1.1702
1.3268,1.1702
1.3273,1.1702
1.3279,1.1652
1.3284,1.1652
1.3290,1.1702
1.3295,1.1702
1.3300,1.1652
1.3306,1.1702
1.3311,1.1702
1.3316,1.1702
1.3322,1.1652
1.3327,1.1702
1.3332,1.1702
1.3338,1.1652
1.3343,1.1702
1.3348,1.1702
1.3354,1.1702
1.3359,1.1702
1.3364,1.1702
1.3370,1.1702
1.3375,1.1702
1.3380,1.1702
1.3386,1.1652
1.3391,1.1702
1.3397,1.1702
1.3402,1.1702
1.3407,1.1702
1.3413,1.1652
1.3418,1.1702
1.3423,1.1652
1.3429,1.1652
1.3434,1.1702
1.3439,1.1702
1.3445,1.1652
1.3450,1.1702
1.3455,1.1702
1.3461,1.1601
1.3466,1.1702
1.3471,1.1702
1.3477,1.1652
1.3482,1.1652
1.3487,1.1702
1.3493,1.1702
1.3498,1.1752
1.3503,1.1702
1.3509,1.1702
1.3514,1.1702
1.3520,1.1702
1.3525,1.1702
1.3530,1.1702
1.3536,1.1702
1.3541,1.1702
1.3546,1.1652
1.3552,1.1702
1.3557,1.1702
1.3562,1.1752
1.3568,1.1702
1.3573,1.1702
1.3579,1.1702
1.3584,1.1652
1.3589,1.1702
1.3595,1.1752
1.3600,1.1702
1.3605,1.1702
1.3611,1.1752
1.3616,1.1702
1.3621,1.1702
1.3627,1.1702
1.3632,1.1752
1.3637,1.1702
1.3643,1.1702
1.3648,1.1702
1.3654,1.1652
1.3659,1.1702
1.3664,1.1652
1.3670,1.1702
1.3675,1.1652
1.3680,1.1702
1.3686,1.1652
1.3691,1.1652
1.3696,1.1702
1.3702,1.1702
1.3707,1.1702
1.3712,1.1702
1.3718,1.1702
1.3723,1.1702
1.3729,1.1702
1.3734,1.1702
1.3739,1.1702
1.3745,1.1702
1.3750,1.1652
1.3755,1.1702
1.3761,1.1652
1.3766,1.1702
1.3771,1.1652
1.3777,1.1702
1.3782,1.1702
1.3787,1.1702
1.3793,1.1702
1.3798,1.1702
1.3803,1.1702
1.3809,1.1652
1.3814,1.1702
1.3819,1.1702
1.3825,1.1652
1.3830,1.1652
1.3835,1.1702
1.3841,1.1702
1.3846,1.1702
1.3851,1.1702
1.3857,1.1702
1.3862,1.1652
1.3868,1.1652
1.3873,1.1652
1.3878,1.1702
1.3884,1.1702
1.3889,1.1652
1.3894,1.1702
1.3900,1.1652
1.3905,1.1652
1.3911,1.1652
1.3916,1.1652
1.3922,1.1652
1.3928,1.1652
1.3934,1.1702
1.3939,1.1601
1.3945,1.1702
1.3951,1.1652
1.3957,1.1702
1.3962,1.1702
1.3967,1.1702
1.3973,1.1702
1.3979,1.1702
1.3984,1.1652
1.3990,1.1702
1.3995,1.1652
1.4000,1.1652
1.4006,1.1652
1.4011,1.1652
1.4016,1.1702
1.4022,1.1652
1.4027,1.1702
1.4033,1.1652
1.4038,1.1652
1.4043,1.1702
1.4049,1.1702
1.4055,1.1702
1.4060,1.1652
1.4066,1.1652
1.4071,1.1601
1.4077,1.1652
1.4083,1.1702
1.4088,1.1652
1.4094,1.1702
1.4099,1.1652
1.4105,1.1652
1.4112,1.1652
1.4118,1.1702
1.4123,1.1702
1.4129,1.1652
1.4134,1.1702
1.4139,1.1652
1.4145,1.1702
1.4150,1.1652
1.4155,1.1652
1.4160,1.1652
1.4166,1.1652
1.4171,1.1652
1.4176,1.1652
1.4182,1.1652
1.4187,1.1652
1.4192,1.1652
1.4198,1.1702
1.4203,1.1652
1.4208,1.1652
1.4214,1.1702
1.4219,1.1652
1.4225,1.1702
1.4230,1.1652
1.4235,1.1702
1.4241,1.1601
1.4246,1.1702
1.4251,1.1652
1.4257,1.1652
1.4262,1.1652
1.4269,1.1652
1.4274,1.1652
1.4280,1.1702
1.4285,1.1652
1.4292,1.1652
1.4297,1.1601
1.4303,1.1652
1.4308,1.1702
1.4313,1.1652
1.4319,1.1652
1.4324,1.1702
1.4329,1.1652
1.4335,1.1652
1.4340,1.1652
1.4345,1.1652
1.4351,1.1652
1.4356,1.1601
1.4361,1.1652
1.4367,1.1601
1.4372,1.1652
1.4378,1.1652
1.4383,1.1652
1.4388,1.1652
1.4394,1.1652
1.4399,1.1652
1.4404,1.1652
1.4410,1.1652
1.4415,1.1601
1.4421,1.1601
1.4426,1.1652
1.4431,1.1652
1.4437,1.1652
1.4442,1.1652
1.4447,1.1652
1.4453,1.1652
1.4458,1.1601
1.4464,1.1652
1.4469,1.1652
1.4474,1.1652
1.4480,1.1601
1.4485,1.1652
1.4490,1.1702
1.4496,1.1652
1.4501,1.1652
1.4506,1.1652
1.4512,1.1652
1.4517,1.1652
1.4523,1.1601
1.4528,1.1601
1.4533,1.1652
1.4539,1.1601
1.4544,1.1601
1.4549,1.1652
1.4555,1.1652
1.4560,1.1652
1.4565,1.1601
1.4571,1.1652
1.4576,1.1601
1.4581,1.1601
1.4587,1.1601
1.4592,1.1652
1.4598,1.1601
1.4603,1.1652
1.4608,1.1652
1.4614,1.1601
1.4619,1.1601
1.4624,1.1601
1.4630,1.1601
1.4635,1.1652
1.4640,1.1601
1.4646,1.1702
1.4651,1.1702
1.4656,1.1652
1.4662,1.1601
1.4667,1.1652
1.4672,1.1601
1.4678,1.1652
1.4683,1.1652
1.4689,1.1652
1.4694,1.1652
1.4700,1.1652
1.4705,1.1601
1.4710,1.1601
1.4716,1.1601
1.4721,1.1652
1.4726,1.1601
1.4732,1.1601
1.4737,1.1652
1.4742,1.1601
1.4748,1.1601
1.4753,1.1551
1.4759,1.1652
1.4764,1.1652
1.4769,1.1601
1.4775,1.1652
1.4780,1.1601
1.4785,1.1601
1.4791,1.1652
1.4796,1.1601
1.4802,1.1652
1.4807,1.1601
1.4812,1.1601
1.4818,1.1652
1.4823,1.1601
1.4828,1.1652
1.4834,1.1652
1.4839,1.1601
1.4845,1.1601
1.4850,1.1652
1.4855,1.1601
1.4861,1.1652
1.4866,1.1601
1.4872,1.1652
1.4877,1.1652
1.4882,1.1601
1.4888,1.1601
1.4893,1.1652
1.4899,1.1601
1.4904,1.1652
1.4909,1.1652
1.4915,1.1652
1.4920,1.1601
1.4925,1.1601
1.4931,1.1601
1.4936,1.1652
1.4942,1.1601
1.4947,1.1652
1.4952,1.1652
1.4958,1.1652
1.4963,1.1601
1.4969,1.1652
1.4974,1.1601
1.4979,1.1652
1.4985,1.1601
1.4990,1.1601
1.4996,1.1601
1.5001,1.1652
1.5006,1.1652
1.5012,1.1601
1.5017,1.1652
1.5023,1.1652
1.5028,1.1652
1.5033,1.1601
1.5039,1.1652
1.5044,1.1601
1.5049,1.1601
1.5055,1.1601
1.5060,1.1601
1.5066,1.1652
1.5071,1.1652
1.5076,1.1601
1.5082,1.1601
1.5087,1.1551
1.5093,1.1601
1.5098,1.1601
1.5104,1.1601
1.5109,1.1652
1.5114,1.1601
1.5120,1.1601
1.5125,1.1601
1.5130,1.1601
1.5136,1.1601
1.5141,1.1652
1.5146,1.1601
1.5152,1.1601
1.5157,1.1601
1.5162,1.1551
1.5168,1.1652
1.5173,1.1601
1.5179,1.1652
1.5184,1.1652
1.5190,1.1652
1.5195,1.1601
1.5200,1.1652
1.5206,1.1652
1.5211,1.1652
1.5217,1.1652
1.5222,1.1601
1.5227,1.1652
1.5233,1.1551
1.5238,1.1601
1.5243,1.1601
1.5249,1.1652
1.5254,1.1652
1.5259,1.1652
1.5265,1.1601
1.5270,1.1601
1.5275,1.1601
1.5281,1.1601
1.5286,1.1601
1.5291,1.1601
1.5297,1.1601
1.5302,1.1601
1.5308,1.1652
1.5313,1.1652
1.5318,1.1601
1.5324,1.1601
1.5329,1.1601
1.5334,1.1601
1.5340,1.1601
1.5345,1.1601
1.5350,1.1601
1.5356,1.1601
1.5361,1.1652
1.5366,1.1601
1.5372,1.1652
1.5377,1.1601
1.5382,1.1652
1.5388,1.1652
1.5393,1.1601
1.5398,1.1601
1.5404,1.1601
1.5409,1.1601
1.5414,1.1601
1.5420,1.1601
1.5425,1.1652
1.5430,1.1652
1.5436,1.1601
1.5441,1.1652
1.5446,1.1601
1.5452,1.1601
1.5457,1.1652
1.5463,1.1652
1.5468,1.1601
1.5473,1.1601
1.5479,1.1601
1.5484,1.1652
1.5489,1.1601
1.5495,1.1652
1.5500,1.1652
1.5505,1.1601
1.5511,1.1601
1.5516,1.1601
1.5521,1.1652
1.5527,1.1601
1.5532,1.1601
1.5537,1.1601
1.5543,1.1551
1.5548,1.1601
1.5553,1.1551
1.5559,1.1601
1.5564,1.1601
1.5569,1.1652
1.5575,1.1601
1.5580,1.1601
1.5585,1.1601
1.5591,1.1652
1.5596,1.1601
1.5601,1.1601
1.5607,1.1652
1.5612,1.1601
1.5618,1.1652
1.5623,1.1601
1.5628,1.1652
1.5634,1.1601
1.5639,1.1652
1.5644,1.1652
1.5650,1.1601
1.5655,1.1601
1.5660,1.1601
1.5666,1.1601
1.5671,1.1601
1.5676,1.1601
1.5682,1.1601
1.5687,1.1601
1.5692,1.1652
1.5698,1.1601
1.5703,1.1652
1.5708,1.1551
1.5714,1.1601
1.5719,1.1601
1.5724,1.1601
1.5730,1.1652
1.5735,1.1601
1.5740,1.1652
1.5746,1.1601
1.5751,1.1601
1.5756,1.1652
1.5762,1.1601
1.5767,1.1652
1.5773,1.1652
1.5778,1.1551
1.5783,1.1601
1.5789,1.1652
1.5794,1.1601
1.5800,1.1601
1.5805,1.1652
1.5810,1.1601
1.5816,1.1652
1.5821,1.1601
1.5826,1.1601
1.5832,1.1601
1.5837,1.1601
1.5842,1.1601
1.5848,1.1601
1.5853,1.1601
1.5858,1.1652
1.5864,1.1652
1.5869,1.1652
1.5874,1.1601
1.5880,1.1601
1.5885,1.1652
1.5890,1.1652
1.5896,1.1601
1.5901,1.1601
1.5907,1.1601
1.5912,1.1601
1.5917,1.1652
1.5923,1.1652
1.5928,1.1652
1.5933,1.1652
1.5939,1.1652
1.5944,1.1601
1.5949,1.1601
1.5955,1.1601
1.5960,1.1652
1.5965,1.1601
1.5971,1.1601
1.5976,1.1601
1.5981,1.1601
1.5987,1.1601
1.5992,1.1601
1.5997,1.1551
1.6003,1.1601
1.6008,1.1601
1.6013,1.1652
1.6019,1.1601
1.6024,1.1551
1.6030,1.1601
1.6035,1.1601
1.6040,1.1601
1.6046,1.1652
1.6051,1.1601
1.6056,1.1601
1.6062,1.1652
1.6067,1.1601
1.6072,1.1601
1.6078,1.1601
1.6083,1.1601
1.6088,1.1601
1.6094,1.1601
1.6099,1.1652
1.6104,1.1601
1.6110,1.1551
1.6115,1.1652
1.6121,1.1652
1.6126,1.1601
1.6131,1.1652
1.6137,1.1652
1.6142,1.1601
1.6147,1.1601
1.6153,1.1601
1.6158,1.1652
1.6163,1.1601
1.6169,1.1652
1.6174,1.1601
1.6179,1.1551
1.6185,1.1601
1.6190,1.1601
1.6196,1.1551
1.6202,1.1601
1.6207,1.1601
1.6212,1.1601
1.6218,1.1601
1.6223,1.1601
1.6228,1.1601
1.6234,1.1601
1.6239,1.1601
1.6245,1.1601
1.6250,1.1601
1.6255,1.1551
1.6261,1.1601
1.6266,1.1601
1.6272,1.1601
1.6277,1.1601
1.6283,1.1551
1.6288,1.1601
1.6293,1.1652
1.6300,1.1601
1.6305,1.1652
1.6311,1.1601
1.6316,1.1601
1.6322,1.1652
1.6328,1.1601
1.6335,1.1601
1.6341,1.1601
1.6346,1.1551
1.6352,1.1601
1.6357,1.1500
1.6363,1.1601
1.6369,1.1551
1.6374,1.1601
1.6380,1.1551
1.6385,1.1601
1.6391,1.1601
1.6396,1.1601
1.6401,1.1601
1.6407,1.1601
1.6412,1.1652
1.6418,1.1601
1.6423,1.1601
1.6428,1.1601
1.6434,1.1601
1.6439,1.1601
1.6444,1.1601
1.6450,1.1601
1.6455,1.1601
1.6461,1.1551
1.6466,1.1551
1.6475,1.1551
1.6480,1.1551
1.6487,1.1551
1.6493,1.1601
1.6499,1.1551
1.6504,1.1652
1.6511,1.1652
1.6517,1.1601
1.6522,1.1601
1.6528,1.1601
1.6533,1.1601
1.6538,1.1601
1.6544,1.1601
1.6549,1.1601
1.6554,1.1601
1.6560,1.1551
1.6565,1.1601
1.6571,1.1551
1.6576,1.1601
1.6581,1.1601
1.6587,1.1601
1.6592,1.1601
1.6597,1.1601
1.6603,1.1601
1.6608,1.1601
1.6613,1.1601
1.6619,1.1601
1.6624,1.1500
1.6630,1.1601
1.6635,1.1601
1.6640,1.1551
1.6646,1.1601
1.6651,1.1551
1.6656,1.1601
1.6662,1.1551
1.6667,1.1601
1.6672,1.1551
1.6678,1.1551
1.6683,1.1601
1.6688,1.1601
1.6694,1.1601
1.6699,1.1601
1.6705,1.1601
1.6710,1.1601
1.6715,1.1601
1.6721,1.1601
1.6726,1.1500
1.6731,1.1601
1.6737,1.1601
1.6742,1.1551
1.6747,1.1551
1.6753,1.1551
1.6758,1.1601
1.6763,1.1601
1.6769,1.1551
1.6774,1.1601
1.6780,1.1601
1.6785,1.1551
1.6790,1.1601
1.6796,1.1551
1.6801,1.1601
1.6806,1.1601
1.6812,1.1551
1.6817,1.1601
1.6823,1.1551
1.6828,1.1652
1.6833,1.1601
1.6839,1.1601
1.6844,1.1601
1.6849,1.1551
1.6855,1.1551
1.6860,1.1601
1.6866,1.1601
1.6871,1.1601
1.6876,1.1601
1.6882,1.1601
1.6887,1.1601
1.6893,1.1601
1.6898,1.1551
1.6903,1.1601
1.6909,1.1551
1.6914,1.1601
1.6919,1.1601
1.6925,1.1601
1.6930,1.1601
1.6936,1.1551
1.6941,1.1551
1.6946,1.1601
1.6952,1.1551
1.6957,1.1551
1.6963,1.1551
1.6968,1.1601
1.6973,1.1551
1.6979,1.1551
1.6984,1.1551
1.6989,1.1551
1.6995,1.1551
1.7000,1.1551
1.7006,1.1551
1.7011,1.1551
1.7016,1.1551
1.7022,1.1601
1.7027,1.1551
1.7033,1.1551
1.7038,1.1601
1.7043,1.1551
1.7049,1.1551
1.7054,1.1551
1.7059,1.1601
1.7065,1.1551
1.7070,1.1551
1.7076,1.1551
1.7081,1.1551
1.7086,1.1551
1.7092,1.1551
1.7097,1.1551
1.7103,1.1601
1.7108,1.1551
1.7113,1.1551
1.7119,1.1500
1.7124,1.1601
1.7129,1.1551
1.7135,1.1551
1.7140,1.1601
1.7146,1.1551
1.7151,1.1601
1.7157,1.1551
1.7162,1.1500
1.7167,1.1551
1.7173,1.1551
1.7178,1.1551
1.7184,1.1500
1.7189,1.1551
1.7194,1.1551
1.7201,1.1551
1.7206,1.1551
1.7212,1.1551
1.7217,1.1500
1.7222,1.1601
1.7228,1.1551
1.7233,1.1500
1.7239,1.1551
1.7244,1.1500
1.7249,1.1551
1.7255,1.1551
1.7260,1.1551
1.7265,1.1601
1.7271,1.1551
1.7276,1.1551
1.7281,1.1551
1.7287,1.1551
1.7292,1.1551
1.7297,1.1551
1.7303,1.1551
1.7308,1.1500
1.7313,1.1551
1.7319,1.1551
1.7324,1.1601
1.7329,1.1551
1.7335,1.1551
1.7340,1.1551
1.7345,1.1551
1.7351,1.1551
1.7356,1.1601
1.7361,1.1500
1.7367,1.1551
1.7372,1.1551
1.7378,1.1551
1.7383,1.1500
1.7388,1.1551
1.7394,1.1601
1.7399,1.1500
1.7404,1.1551
1.7410,1.1551
1.7415,1.1601
1.7420,1.1551
1.7426,1.1551
1.7431,1.1551
1.7436,1.1500
1.7442,1.1551
1.7447,1.1500
1.7452,1.1551
1.7458,1.1551
1.7463,1.1551
1.7468,1.1551
1.7474,1.1500
1.7479,1.1551
1.7484,1.1500
1.7490,1.1551
1.7495,1.1551
1.7501,1.1551
1.7506,1.1500
1.7511,1.1601
1.7517,1.1500
1.7522,1.1500
1.7527,1.1500
1.7533,1.1551
1.7538,1.1551
1.7543,1.1551
1.7549,1.1500
1.7554,1.1551
1.7559,1.1551
1.7565,1.1500
1.7570,1.1551
1.7575,1.1551
1.7581,1.1551
1.7586,1.1500
1.7591,1.1551
1.7597,1.1500
1.7602,1.1500
1.7607,1.1551
1.7613,1.1551
1.7618,1.1551
1.7623,1.1551
1.7629,1.1500
1.7634,1.1551
1.7640,1.1551
1.7645,1.1551
1.7650,1.1500
1.7656,1.1500
1.7661,1.1500
1.7666,1.1551
1.7672,1.1500
1.7677,1.1500
1.7682,1.1500
1.7688,1.1551
1.7693,1.1551
1.7698,1.1551
1.7704,1.1551
1.7709,1.1500
1.7714,1.1500
1.7720,1.1551
1.7725,1.1551
1.7730,1.1551
1.7736,1.1551
1.7741,1.1500
1.7746,1.1551
1.7752,1.1500
1.7757,1.1551
1.7762,1.1500
1.7768,1.1500
1.7773,1.1551
1.7778,1.1450
1.7784,1.1551
1.7789,1.1500
1.7795,1.1500
1.7800,1.1500
1.7805,1.1551
1.7811,1.1551
1.7816,1.1500
1.7821,1.1500
1.7827,1.1500
1.7832,1.1551
1.7837,1.1551
1.7843,1.1551
1.7848,1.1551
1.7853,1.1450
1.7859,1.1500
1.7864,1.1500
1.7870,1.1500
1.7875,1.1551
1.7880,1.1500
1.7886,1.1500
1.7891,1.1500
1.7896,1.1500
1.7902,1.1500
1.7907,1.1551
1.7912,1.1500
1.7918,1.1551
1.7923,1.1500
1.7928,1.1500
1.7934,1.1500
1.7939,1.1500
1.7944,1.1500
1.7950,1.1450
1.7955,1.1450
1.7960,1.1551
1.7966,1.1450
1.7971,1.1500
1.7977,1.1500
1.7982,1.1551
1.7987,1.1551
1.7993,1.1500
1.7998,1.1500
1.8003,1.1500
1.8009,1.1500
1.8014,1.1500
1.8019,1.1500
1.8025,1.1551
1.8030,1.1500
1.8035,1.1500
1.8041,1.1500
1.8046,1.1500
1.8051,1.1500
1.8057,1.1500
1.8062,1.1551
1.8067,1.1500
1.8073,1.1500
1.8078,1.1500
1.8083,1.1500
1.8089,1.1500
1.8094,1.1551
1.8100,1.1551
1.8106,1.1500
1.8112,1.1500
1.8118,1.1551
1.8123,1.1500
1.8129,1.1551
1.8135,1.1500
1.8140,1.1500
1.8146,1.1500
1.8151,1.1500
1.8157,1.1500
1.8162,1.1500
1.8168,1.1500
1.8174,1.1500
1.8179,1.1500
1.8185,1.1500
1.8190,1.1551
1.8196,1.1450
1.8201,1.1551
1.8208,1.1450
1.8213,1.1500
1.8218,1.1500
1.8224,1.1500
1.8229,1.1500
1.8234,1.1450
1.8240,1.1500
1.8245,1.1500
1.8250,1.1500
1.8256,1.1500
1.8264,1.1500
1.8270,1.1450
1.8275,1.1500
1.8281,1.1500
1.8286,1.1500
1.8292,1.1551
1.8298,1.1500
1.8303,1.1500
1.8308,1.1551
1.8314,1.1500
1.8319,1.1450
1.8325,1.1500
1.8330,1.1500
1.8335,1.1500
1.8341,1.1500
1.8346,1.1551
1.8351,1.1500
1.8357,1.1500
1.8362,1.1450
1.8367,1.1551
1.8373,1.1500
1.8378,1.1500
1.8384,1.1500
1.8389,1.1500
1.8395,1.1500
1.8400,1.1500
1.8405,1.1450
1.8411,1.1450
1.8416,1.1500
1.8421,1.1500
1.8427,1.1450
1.8432,1.1500
1.8437,1.1500
1.8443,1.1500
1.8448,1.1399
1.8454,1.1500
1.8459,1.1500
1.8464,1.1551
1.8470,1.1500
1.8475,1.1500
1.8481,1.1500
1.8486,1.1500
1.8491,1.1450
1.8497,1.1500
1.8502,1.1500
1.8507,1.1500
1.8513,1.1500
1.8518,1.1500
1.8524,1.1500
1.8529,1.1500
1.8535,1.1500
1.8540,1.1500
1.8545,1.1500
1.8551,1.1500
1.8556,1.1500
1.8561,1.1500
1.8567,1.1500
1.8572,1.1450
1.8578,1.1450
1.8583,1.1500
1.8588,1.1500
1.8594,1.1500
1.8599,1.1500
1.8604,1.1500
1.8610,1.1500
1.8615,1.1500
1.8620,1.1500
1.8626,1.1450
1.8631,1.1500
1.8637,1.1500
1.8642,1.1551
1.8647,1.1500
1.8653,1.1500
1.8658,1.1500
1.8663,1.1500
1.8669,1.1500
1.8676,1.1450
1.8682,1.1500
1.8687,1.1500
1.8693,1.1450
1.8698,1.1500
1.8703,1.1450
1.8709,1.1450
1.8714,1.1500
1.8719,1.1500
1.8725,1.1500
1.8730,1.1500
1.8735,1.1500
1.8741,1.1500
1.8746,1.1500
1.8751,1.1500
1.8757,1.1450
1.8762,1.1450
1.8768,1.1500
1.8773,1.1500
1.8778,1.1500
1.8784,1.1500
1.8789,1.1450
1.8795,1.1450
1.8800,1.1500
1.8805,1.1450
1.8811,1.1500
1.8816,1.1500
1.8822,1.1500
1.8827,1.1450
1.8832,1.1500
1.8838,1.1450
1.8843,1.1500
1.8848,1.1500
1.8854,1.1500
1.8859,1.1500
1.8864,1.1500
1.8870,1.1500
1.8875,1.1500
1.8880,1.1500
1.8886,1.1500
1.8891,1.1500
1.8897,1.1450
1.8902,1.1450
1.8909,1.1450
1.8914,1.1500
1.8921,1.1450
1.8927,1.1500
1.8933,1.1500
1.8938,1.1500
1.8944,1.1399
1.8950,1.1500
1.8955,1.1450
1.8961,1.1450
1.8966,1.1500
1.8972,1.1500
1.8977,1.1500
1.8983,1.1500
1.8988,1.1500
1.8994,1.1500
1.8999,1.1500
1.9004,1.1450
1.9010,1.1551
1.9015,1.1500
1.9020,1.1500
1.9026,1.1450
1.9031,1.1500
1.9037,1.1450
1.9042,1.1450
1.9047,1.1500
1.9053,1.1450
1.9059,1.1551
1.9064,1.1450
1.9070,1.1500
1.9075,1.1500
1.9081,1.1500
1.9086,1.1500
1.9093,1.1450
1.9098,1.1450
1.9104,1.1500
1.9109,1.1500
1.9115,1.1500
1.9121,1.1450
1.9127,1.1450
1.9132,1.1500
1.9138,1.1500
1.9143,1.1500
1.9149,1.1500
1.9154,1.1450
1.9160,1.1500
1.9165,1.1500
1.9171,1.1500
1.9176,1.1500
1.9181,1.1450
1.9187,1.1500
1.9192,1.1450
1.9198,1.1500
1.9203,1.1500
1.9208,1.1450
1.9215,1.1500
1.9220,1.1500
1.9226,1.1500
1.9231,1.1450
1.9236,1.1500
1.9242,1.1551
1.9247,1.1500
1.9252,1.1500
1.9257,1.1500
1.9263,1.1450
1.9268,1.1500
1.9273,1.1500
1.9278,1.1500
1.9284,1.1500
1.9289,1.1450
1.9294,1.1500
1.9300,1.1500
1.9305,1.1500
1.9310,1.1450
1.9315,1.1500
1.9321,1.1500
1.9326,1.1450
1.9331,1.1500
1.9336,1.1500
1.9341,1.1500
1.9347,1.1450
1.9352,1.1500
1.9357,1.1450
1.9362,1.1450
1.9368,1.1450
1.9373,1.1450
1.9378,1.1450
1.9383,1.1450
1.9389,1.1450
1.9394,1.1450
1.9399,1.1450
1.9404,1.1450
1.9409,1.1450
1.9415,1.1500
1.9420,1.1450
1.9425,1.1500
1.9430,1.1500
1.9436,1.1500
1.9441,1.1500
1.9446,1.1500
1.9451,1.1500
1.9457,1.1450
1.9462,1.1551
1.9467,1.1450
1.9472,1.1450
1.9478,1.1450
1.9483,1.1500
1.9488,1.1450
1.9493,1.1450
1.9499,1.1450
1.9504,1.1450
1.9509,1.1500
1.9514,1.1500
1.9520,1.1450
1.9525,1.1450
1.9530,1.1450
1.9535,1.1500
1.9540,1.1500
1.9546,1.1500
1.9551,1.1450
1.9556,1.1500
1.9561,1.1500
1.9567,1.1500
1.9572,1.1450
1.9577,1.1500
1.9582,1.1500
1.9588,1.1500
1.9593,1.1450
1.9598,1.1450
1.9603,1.1450
1.9608,1.1450
1.9614,1.1450
1.9619,1.1500
1.9624,1.1500
1.9629,1.1450
1.9635,1.1500
1.9640,1.1500
1.9645,1.1500
1.9650,1.1500
1.9656,1.1500
1.9661,1.1450
1.9666,1.1500
1.9671,1.1500
1.9677,1.1500
1.9682,1.1500
1.9687,1.1500
1.9692,1.1450
1.9697,1.1399
1.9703,1.1450
1.9708,1.1450
1.9713,1.1450
1.9718,1.1450
1.9724,1.1399
1.9729,1.1450
1.9734,1.1500
1.9739,1.1500
1.9745,1.1500
1.9750,1.1450
1.9755,1.1500
1.9760,1.1500
1.9765,1.1450
1.9771,1.1450
1.9776,1.1500
1.9781,1.1500
1.9786,1.1399
1.9792,1.1500
1.9797,1.1450
1.9802,1.1450
1.9807,1.1500
1.9813,1.1399
1.9818,1.1399
1.9823,1.1500
1.9828,1.1450
1.9833,1.1450
1.9839,1.1500
1.9844,1.1500
1.9849,1.1450
1.9854,1.1399
1.9860,1.1450
1.9865,1.1450
1.9870,1.1399
1.9875,1.1500
1.9881,1.1500
1.9886,1.1450
1.9891,1.1500
1.9896,1.1450
1.9902,1.1450
1.9907,1.1450
1.9912,1.1450
1.9917,1.1450
1.9923,1.1399
1.9928,1.1450
1.9933,1.1450
1.9938,1.1500
1.9944,1.1450
1.9949,1.1500
1.9954,1.1450
1.9959,1.1399
1.9965,1.1399
1.9970,1.1450
1.9975,1.1450
1.9980,1.1450
1.9985,1.1450
1.9991,1.1450
1.9996,1.1500
2.0001,1.1450
2.0006,1.1500
2.0012,1.1450
2.0017,1.1399
2.0022,1.1399
2.0027,1.1450
2.0033,1.1450
2.0038,1.1450
2.0043,1.1450
2.0048,1.1450
2.0054,1.1500
2.0059,1.1500
2.0064,1.1450
2.0069,1.1500
2.0074,1.1450
2.0080,1.1450
2.0085,1.1450
2.0090,1.1399
2.0095,1.1450
2.0101,1.1450
2.0106,1.1450
2.0111,1.1450
2.0116,1.1450
2.0122,1.1450
2.0127,1.1399
2.0132,1.1450
2.0137,1.1450
2.0142,1.1450
2.0148,1.1450
2.0153,1.1500
2.0158,1.1450
2.0163,1.1450
2.0169,1.1450
2.0174,1.1450
2.0179,1.1500
2.0184,1.1450
2.0190,1.1450
2.0195,1.1450
2.0200,1.1450
2.0205,1.1500
2.0211,1.1450
2.0216,1.1450
2.0221,1.1450
2.0226,1.1450
2.0231,1.1450
2.0237,1.1500
2.0242,1.1500
2.0247,1.1450
2.0252,1.1450
2.0258,1.1450
2.0263,1.1450
2.0268,1.1450
2.0274,1.1500
2.0279,1.1450
2.0284,1.1450
2.0289,1.1450
2.0295,1.1450
2.0300,1.1450
2.0305,1.1500
2.0310,1.1450
2.0316,1.1500
2.0321,1.1450
2.0326,1.1450
2.0331,1.1450
2.0337,1.1450
2.0342,1.1450
2.0347,1.1399
2.0352,1.1399
2.0358,1.1450
2.0363,1.1450
2.0368,1.1500
2.0373,1.1450
2.0379,1.1450
2.0384,1.1500
2.0389,1.1500
2.0394,1.1450
2.0400,1.1399
2.0405,1.1399
2.0410,1.1500
2.0415,1.1450
2.0421,1.1450
2.0426,1.1450
2.0431,1.1450
2.0436,1.1500
2.0441,1.1500
2.0447,1.1450
2.0452,1.1500
2.0457,1.1450
2.0462,1.1500
2.0468,1.1500
2.0473,1.1500
2.0478,1.1500
2.0483,1.1500
2.0489,1.1500
2.0494,1.1500
2.0499,1.1500
2.0504,1.1500
2.0510,1.1500
2.0515,1.1500
2.0520,1.1500
2.0525,1.1399
2.0531,1.1500
2.0536,1.1500
2.0541,1.1450
2.0546,1.1500
2.0552,1.1500
2.0557,1.1500
2.0562,1.1500
2.0567,1.1500
2.0573,1.1500
2.0578,1.1500
2.0583,1.1450
2.0588,1.1500
2.0594,1.1500
2.0599,1.1450
2.0604,1.1500
2.0609,1.1500
2.0614,1.1500
2.0620,1.1500
2.0625,1.1500
2.0630,1.1500
2.0635,1.1500
2.0641,1.1500
2.0646,1.1500
2.0651,1.1500
2.0656,1.1551
2.0662,1.1500
2.0667,1.1551
2.0672,1.1500
2.0677,1.1500
2.0682,1.1500
2.0688,1.1551
2.0693,1.1551
2.0698,1.1500
2.0703,1.1551
2.0709,1.1500
2.0714,1.1500
2.0719,1.1500
2.0724,1.1551
2.0730,1.1500
2.0735,1.1500
2.0740,1.1551
2.0745,1.1551
2.0751,1.1551
2.0756,1.1500
2.0761,1.1551
2.0766,1.1500
2.0772,1.1500
2.0777,1.1551
2.0782,1.1551
2.0787,1.1551
2.0793,1.1500
2.0798,1.1551
2.0803,1.1500
2.0808,1.1551
2.0814,1.1551
2.0819,1.1500
2.0824,1.1450
2.0829,1.1601
2.0835,1.1551
2.0840,1.1551
2.0845,1.1551
2.0850,1.1551
2.0855,1.1551
2.0861,1.1551
2.0866,1.1601
2.0871,1.1601
2.0876,1.1551
2.0882,1.1500
2.0887,1.1551
2.0892,1.1551
2.0897,1.1551
2.0903,1.1601
2.0908,1.1601
2.0913,1.1601
2.0918,1.1601
2.0923,1.1601
2.0929,1.1551
2.0934,1.1601
2.0939,1.1601
2.0944,1.1601
2.0950,1.1551
2.0955,1.1551
2.0960,1.1551
2.0965,1.1601
2.0971,1.1551
2.0976,1.1601
2.0981,1.1601
2.0986,1.1551
2.0991,1.1601
2.0997,1.1601
2.1002,1.1601
2.1007,1.1601
2.1012,1.1601
2.1018,1.1652
2.1023,1.1601
2.1028,1.1601
2.1033,1.1601
2.1038,1.1652
2.1044,1.1551
2.1049,1.1601
2.1054,1.1551
2.1059,1.1652
2.1065,1.1601
2.1070,1.1601
2.1075,1.1601
2.1080,1.1601
2.1086,1.1601
2.1091,1.1601
2.1096,1.1652
2.1101,1.1601
2.1107,1.1551
2.1112,1.1551
2.1117,1.1601
2.1122,1.1652
2.1128,1.1601
2.1133,1.1601
2.1138,1.1601
2.1143,1.1601
2.1148,1.1601
2.1154,1.1652
2.1159,1.1652
2.1164,1.1601
2.1169,1.1601
2.1175,1.1551
2.1180,1.1551
2.1185,1.1601
2.1190,1.1601
2.1196,1.1601
2.1201,1.1601
2.1206,1.1652
2.1211,1.1652
2.1217,1.1652
2.1222,1.1601
2.1227,1.1652
2.1232,1.1652
2.1238,1.1601
2.1243,1.1652
2.1248,1.1652
2.1253,1.1652
2.1259,1.1652
2.1264,1.1652
2.1269,1.1652
2.1274,1.1652
2.1280,1.1652
2.1285,1.1601
2.1290,1.1652
2.1295,1.1601
2.1300,1.1652
2.1306,1.1652
2.1311,1.1652
2.1316,1.1652
2.1321,1.1601
2.1327,1.1652
2.1332,1.1652
2.1337,1.1652
2.1342,1.1652
2.1348,1.1702
2.1353,1.1652
2.1358,1.1652
2.1363,1.1601
2.1368,1.1652
2.1374,1.1652
2.1379,1.1702
2.1384,1.1652
2.1389,1.1652
2.1395,1.1652
2.1400,1.1652
2.1405,1.1601
2.1410,1.1652
2.1416,1.1652
2.1421,1.1652
2.1426,1.1601
2.1431,1.1652
2.1436,1.1652
2.1442,1.1652
2.1447,1.1652
2.1452,1.1601
2.1457,1.1652
2.1463,1.1652
2.1468,1.1652
2.1473,1.1652
2.1478,1.1652
2.1484,1.1652
2.1489,1.1652
2.1494,1.1652
2.1499,1.1702
2.1505,1.1652
2.1510,1.1652
2.1515,1.1702
2.1520,1.1652
2.1525,1.1601
2.1531,1.1702
2.1536,1.1652
2.1541,1.1702
2.1546,1.1652
2.1552,1.1652
2.1557,1.1601
2.1562,1.1702
2.1567,1.1652
2.1573,1.1652
2.1578,1.1652
2.1583,1.1652
2.1588,1.1652
2.1593,1.1702
2.1599,1.1652
2.1604,1.1652
2.1609,1.1601
2.1615,1.1702
2.1620,1.1702
2.1625,1.1702
2.1630,1.1652
2.1636,1.1652
2.1641,1.1652
2.1646,1.1652
2.1651,1.1601
2.1656,1.1652
2.1662,1.1652
2.1667,1.1652
2.1672,1.1652
2.1677,1.1652
2.1683,1.1652
2.1688,1.1601
2.1693,1.1702
2.1698,1.1652
2.1704,1.1652
2.1709,1.1652
2.1714,1.1702
2.1719,1.1702
2.1724,1.1652
2.1730,1.1652
2.1735,1.1652
2.1740,1.1702
2.1745,1.1702
2.1751,1.1652
2.1756,1.1652
2.1761,1.1702
2.1766,1.1652
2.1772,1.1702
2.1777,1.1652
2.1782,1.1702
2.1787,1.1652
2.1792,1.1652
2.1798,1.1652
2.1803,1.1652
2.1808,1.1652
2.1813,1.1652
2.1819,1.1652
2.1824,1.1652
2.1829,1.1702
2.1834,1.1601
2.1840,1.1702
2.1845,1.1702
2.1850,1.1702
2.1855,1.1652
2.1860,1.1702
2.1866,1.1702
2.1871,1.1652
2.1876,1.1702
2.1882,1.1702
2.1887,1.1702
2.1892,1.1652
2.1897,1.1702
2.1903,1.1652
2.1908,1.1702
2.1913,1.1652
2.1918,1.1652
2.1924,1.1652
2.1929,1.1652
2.1934,1.1702
2.1939,1.1652
2.1944,1.1702
2.1950,1.1652
2.1955,1.1652
2.1960,1.1652
2.1965,1.1702
2.1971,1.1702
2.1976,1.1652
2.1981,1.1702
2.1986,1.1652
2.1992,1.1601
2.1997,1.1702
2.2002,1.1652
2.2007,1.1702
2.2013,1.1652
2.2018,1.1702
2.2023,1.1702
2.2028,1.1652
2.2034,1.1702
2.2039,1.1702
2.2044,1.1702
2.2049,1.1702
2.2054,1.1652
2.2060,1.1652
2.2065,1.1601
2.2070,1.1652
2.2075,1.1601
2.2081,1.1652
2.2086,1.1702
2.2091,1.1652
2.2096,1.1702
2.2102,1.1702
2.2107,1.1652
2.2112,1.1702
2.2117,1.1652
2.2122,1.1652
2.2128,1.1652
2.2133,1.1702
2.2138,1.1702
2.2143,1.1601
2.2149,1.1652
2.2154,1.1702
2.2159,1.1652
2.2164,1.1702
2.2170,1.1702
2.2175,1.1652
2.2180,1.1702
2.2185,1.1702
2.2191,1.1702
2.2196,1.1702
2.2201,1.1652
2.2206,1.1702
2.2211,1.1702
2.2217,1.1702
2.2222,1.1652
2.2227,1.1652
2.2232,1.1702
2.2238,1.1652
2.2243,1.1702
2.2248,1.1702
2.2253,1.1652
2.2259,1.1652
2.2264,1.1702
2.2269,1.1652
2.2274,1.1702
2.2279,1.1702
2.2285,1.1702
2.2290,1.1652
2.2295,1.1652
2.2300,1.1702
2.2306,1.1652
2.2311,1.1652
2.2316,1.1601
2.2321,1.1702
2.2327,1.1652
2.2332,1.1652
2.2337,1.1652
2.2342,1.1702
2.2348,1.1702
2.2353,1.1702
2.2358,1.1702
2.2363,1.1702
2.2369,1.1652
2.2374,1.1702
2.2379,1.1652
2.2384,1.1702
2.2390,1.1652
2.2395,1.1702
2.2400,1.1702
2.2405,1.1652
2.2411,1.1702
2.2416,1.1652
2.2421,1.1652
2.2426,1.1652
2.2432,1.1702
2.2437,1.1652
2.2442,1.1702
2.2447,1.1652
2.2452,1.1652
2.2458,1.1601
2.2463,1.1702
2.2468,1.1652
2.2473,1.1652
2.2479,1.1652
2.2484,1.1652
2.2489,1.1652
2.2494,1.1702
2.2500,1.1652
2.2505,1.1652
2.2510,1.1652
2.2515,1.1652
2.2521,1.1652
2.2526,1.1652
2.2531,1.1652
2.2536,1.1652
2.2541,1.1652
2.2547,1.1652
2.2552,1.1652
2.2557,1.1702
2.2562,1.1652
2.2568,1.1652
2.2573,1.1702
2.2578,1.1601
2.2583,1.1652
2.2589,1.1652
2.2594,1.1652
2.2599,1.1652
2.2604,1.1652
2.2610,1.1652
2.2615,1.1652
2.2620,1.1652
2.2625,1.1652
2.2631,1.1652
2.2636,1.1702
2.2641,1.1652
2.2646,1.1652
2.2652,1.1652
2.2657,1.1652
2.2662,1.1652
2.2667,1.1652
2.2673,1.1652
2.2678,1.1652
2.2683,1.1601
2.2688,1.1601
2.2694,1.1652
2.2699,1.1702
2.2704,1.1652
2.2710,1.1652
2.2715,1.1652
2.2720,1.1652
2.2725,1.1652
2.2731,1.1702
2.2736,1.1652
2.2741,1.1652
2.2746,1.1652
2.2752,1.1652
2.2757,1.1652
2.2762,1.1652
2.2767,1.1652
2.2772,1.1652
2.2778,1.1702
2.2783,1.1601
2.2788,1.1601
2.2793,1.1601
2.2799,1.1652
2.2804,1.1652
2.2809,1.1652
2.2814,1.1601
2.2820,1.1652
2.2825,1.1652
2.2830,1.1652
2.2835,1.1601
2.2841,1.1652
2.2846,1.1652
2.2851,1.1601
2.2856,1.1652
2.2861,1.1652
2.2867,1.1652
2.2872,1.1652
2.2877,1.1601
2.2882,1.1551
2.2888,1.1652
2.2893,1.1652
2.2898,1.1601
2.2903,1.1702
2.2909,1.1601
2.2914,1.1601
2.2919,1.1601
2.2924,1.1652
2.2929,1.1601
2.2935,1.1652
2.2940,1.1652
2.2945,1.1652
2.2950,1.1652
2.2956,1.1652
2.2961,1.1601
2.2966,1.1652
2.2971,1.1652
2.2977,1.1652
2.2982,1.1601
2.2987,1.1652
2.2992,1.1601
2.2997,1.1601
2.3003,1.1652
2.3008,1.1601
2.3013,1.1652
2.3018,1.1652
2.3024,1.1601
2.3029,1.1652
2.3034,1.1652
2.3039,1.1601
2.3045,1.1652
2.3050,1.1601
2.3055,1.1601
2.3060,1.1652
2.3066,1.1652
2.3071,1.1601
2.3076,1.1601
2.3081,1.1601
2.3086,1.1652
2.3092,1.1601
2.3097,1.1601
2.3102,1.1652
2.3108,1.1652
2.3113,1.1652
2.3118,1.1702
2.3123,1.1601
2.3128,1.1652
2.3134,1.1652
2.3139,1.1601
2.3144,1.1652
2.3149,1.1652
2.3155,1.1652
2.3160,1.1652
2.3165,1.1652
2.3170,1.1652
2.3176,1.1551
2.3181,1.1601
2.3186,1.1601
2.3191,1.1652
2.3197,1.1601
2.3202,1.1601
2.3207,1.1601
2.3212,1.1601
2.3218,1.1601
2.3223,1.1601
2.3228,1.1601
2.3233,1.1601
2.3239,1.1601
2.3244,1.1601
2.3249,1.1601
2.3254,1.1601
2.3260,1.1601
2.3265,1.1601
2.3270,1.1652
2.3275,1.1601
2.3281,1.1652
2.3286,1.1652
2.3291,1.1652
2.3296,1.1601
2.3301,1.1601
2.3307,1.1652
2.3312,1.1601
2.3317,1.1601
2.3322,1.1601
2.3328,1.1601
2.3333,1.1652
2.3338,1.1601
2.3343,1.1601
2.3349,1.1601
2.3354,1.1601
2.3359,1.1551
2.3364,1.1601
2.3369,1.1601
2.3375,1.1601
2.3380,1.1551
2.3385,1.1601
2.3390,1.1551
2.3396,1.1601
2.3401,1.1601
2.3406,1.1601
2.3411,1.1601
2.3417,1.1551
2.3422,1.1601
2.3427,1.1601
2.3432,1.1601
2.3438,1.1652
2.3443,1.1601
2.3448,1.1601
2.3453,1.1652
2.3458,1.1601
2.3464,1.1601
2.3469,1.1601
2.3474,1.1601
2.3479,1.1652
2.3485,1.1601
2.3490,1.1652
2.3495,1.1601
2.3500,1.1601
2.3506,1.1601
2.3511,1.1601
2.3516,1.1601
2.3521,1.1601
2.3526,1.1601
2.3532,1.1601
2.3537,1.1652
2.3542,1.1551
2.3547,1.1601
2.3553,1.1601
2.3558,1.1652
2.3563,1.1601
2.3568,1.1601
2.3574,1.1601
2.3579,1.1601
2.3584,1.1652
2.3589,1.1601
2.3595,1.1601
2.3600,1.1601
2.3605,1.1601
2.3610,1.1652
2.3616,1.1601
2.3621,1.1601
2.3626,1.1601
2.3631,1.1601
2.3637,1.1601
2.3642,1.1652
2.3647,1.1601
2.3652,1.1601
2.3657,1.1601
2.3663,1.1601
2.3668,1.1652
2.3673,1.1601
2.3678,1.1601
2.3684,1.1601
2.3689,1.1652
2.3694,1.1652
2.3699,1.1601
2.3705,1.1652
2.3710,1.1601
2.3715,1.1601
2.3720,1.1652
2.3725,1.1652
2.3731,1.1601
2.3736,1.1601
2.3741,1.1601
2.3746,1.1601
2.3752,1.1652
2.3757,1.1601
2.3762,1.1601
2.3767,1.1601
2.3773,1.1601
2.3778,1.1601
2.3783,1.1652
2.3788,1.1601
2.3794,1.1601
2.3799,1.1601
2.3804,1.1601
2.3809,1.1652
2.3814,1.1601
2.3820,1.1601
2.3825,1.1652
2.3830,1.1601
2.3835,1.1601
2.3841,1.1601
2.3846,1.1601
2.3851,1.1601
2.3856,1.1601
2.3862,1.1601
2.3867,1.1601
2.3872,1.1601
2.3877,1.1601
2.3883,1.1601
2.3888,1.1652
2.3893,1.1601
2.3898,1.1601
2.3907,1.1601
2.3913,1.1601
2.3918,1.1601
2.3924,1.1551
2.3929,1.1601
2.3935,1.1601
2.3940,1.1551
2.3945,1.1601
2.3951,1.1601
2.3957,1.1652
2.3962,1.1652
2.3968,1.1601
2.3973,1.1601
2.3978,1.1652
2.3983,1.1601
2.3988,1.1551
2.3994,1.1652
2.3999,1.1551
2.4005,1.1601
2.4010,1.1652
2.4016,1.1551
2.4021,1.1601
2.4027,1.1551
2.4032,1.1601
2.4038,1.1601
2.4044,1.1601
2.4049,1.1601
2.4054,1.1601
2.4060,1.1551
2.4065,1.1652
2.4070,1.1601
2.4076,1.1551
2.4081,1.1601
2.4086,1.1601
2.4091,1.1601
2.4097,1.1551
2.4102,1.1551
2.4107,1.1601
2.4112,1.1601
2.4118,1.1601
2.4123,1.1601
2.4129,1.1601
2.4134,1.1601
2.4140,1.1601
2.4145,1.1551
2.4151,1.1601
2.4156,1.1652
2.4162,1.1601
2.4167,1.1601
2.4173,1.1551
2.4179,1.1601
2.4184,1.1601
2.4189,1.1601
2.4194,1.1551
2.4200,1.1601
2.4205,1.1601
2.4210,1.1601
2.4215,1.1601
2.4221,1.1601
2.4226,1.1601
2.4231,1.1601
2.4236,1.1601
2.4241,1.1601
2.4247,1.1551
2.4252,1.1601
2.4257,1.1601
2.4262,1.1601
2.4267,1.1601
2.4273,1.1652
2.4278,1.1551
2.4283,1.1551
2.4289,1.1652
2.4295,1.1601
2.4300,1.1601
2.4305,1.1551
2.4310,1.1601
2.4316,1.1601
2.4321,1.1601
2.4326,1.1601
2.4331,1.1551
2.4337,1.1601
2.4342,1.1551
2.4347,1.1601
2.4352,1.1601
2.4357,1.1551
2.4363,1.1551
2.4368,1.1652
2.4373,1.1652
2.4378,1.1551
2.4384,1.1601
2.4389,1.1601
2.4394,1.1601
2.4400,1.1601
2.4405,1.1551
2.4410,1.1601
2.4415,1.1601
2.4420,1.1601
2.4426,1.1601
2.4431,1.1601
2.4436,1.1652
2.4441,1.1601
2.4447,1.1551
2.4452,1.1652
2.4457,1.1601
2.4462,1.1601
2.4468,1.1601
2.4473,1.1601
2.4478,1.1551
2.4483,1.1551
2.4488,1.1551
2.4494,1.1551
2.4499,1.1551
2.4504,1.1551
2.4509,1.1551
2.4515,1.1601
2.4520,1.1601
2.4525,1.1601
2.4530,1.1601
2.4535,1.1551
2.4541,1.1551
2.4546,1.1601
2.4551,1.1601
2.4556,1.1551
2.4562,1.1601
2.4567,1.1551
2.4572,1.1551
2.4577,1.1652
2.4583,1.1601
2.4588,1.1601
2.4593,1.1601
2.4598,1.1601
2.4603,1.1551
2.4609,1.1601
2.4614,1.1601
2.4619,1.1601
2.4624,1.1551
2.4629,1.1601
2.4635,1.1601
2.4640,1.1551
2.4645,1.1551
2.4650,1.1551
2.4656,1.1601
2.4661,1.1601
2.4666,1.1601
2.4671,1.1551
2.4676,1.1551
2.4682,1.1551
2.4687,1.1551
2.4692,1.1601
2.4697,1.1551
2.4703,1.1551
2.4708,1.1551
2.4713,1.1551
2.4718,1.1551
2.4723,1.1601
2.4729,1.1551
2.4734,1.1601
2.4739,1.1551
2.4744,1.1601
2.4750,1.1551
2.4755,1.1601
2.4760,1.1551
2.4765,1.1601
2.4770,1.1652
2.4776,1.1601
2.4781,1.1551
2.4786,1.1551
2.4791,1.1551
2.4797,1.1551
2.4802,1.1551
2.4807,1.1551
2.4812,1.1551
2.4817,1.1551
2.4823,1.1601
2.4828,1.1601
2.4833,1.1551
2.4838,1.1601
2.4843,1.1551
2.4849,1.1551
2.4854,1.1551
2.4859,1.1551
2.4864,1.1601
2.4870,1.1601
2.4875,1.1551
2.4880,1.1601
2.4885,1.1551
2.4890,1.1601
2.4896,1.1601
2.4901,1.1551
2.4906,1.1551
2.4911,1.1601
2.4917,1.1551
2.4922,1.1551
2.4928,1.1551
2.4933,1.1551
2.4938,1.1551
2.4943,1.1551
2.4949,1.1601
2.4954,1.1601
2.4959,1.1601
2.4964,1.1601
2.4969,1.1551
2.4975,1.1500
2.4980,1.1551
2.4985,1.1652
2.4990,1.1601
2.4996,1.1551
2.5001,1.1601
2.5006,1.1551
2.5011,1.1551
2.5017,1.1551
2.5022,1.1551
2.5027,1.1551
2.5032,1.1551
2.5038,1.1551
2.5043,1.1601
2.5048,1.1601
2.5053,1.1551
2.5058,1.1551
2.5064,1.1601
2.5069,1.1601
2.5074,1.1551
2.5079,1.1551
2.5085,1.1601
2.5090,1.1551
2.5095,1.1601
2.5100,1.1551
2.5106,1.1601
2.5111,1.1601
2.5116,1.1500
2.5121,1.1551
2.5126,1.1551
2.5132,1.1551
2.5137,1.1551
2.5142,1.1551
2.5147,1.1551
2.5153,1.1551
2.5158,1.1551
2.5163,1.1551
2.5169,1.1551
2.5174,1.1601
2.5179,1.1601
2.5184,1.1551
2.5190,1.1551
2.5195,1.1500
2.5200,1.1551
2.5205,1.1551
2.5211,1.1551
2.5216,1.1551
2.5221,1.1551
2.5226,1.1551
2.5232,1.1601
2.5237,1.1551
2.5242,1.1551
2.5247,1.1551
2.5252,1.1551
2.5258,1.1601
2.5263,1.1551
2.5268,1.1500
2.5273,1.1551
2.5278,1.1500
2.5284,1.1601
2.5289,1.1500
2.5295,1.1551
2.5300,1.1551
2.5305,1.1551
2.5310,1.1551
2.5315,1.1601
2.5321,1.1551
2.5326,1.1551
2.5331,1.1551
2.5336,1.1551
2.5342,1.1551
2.5347,1.1551
2.5352,1.1551
2.5357,1.1551
2.5363,1.1551
2.5368,1.1551
2.5373,1.1601
2.5378,1.1551
2.5383,1.1601
2.5389,1.1601
2.5394,1.1601
2.5399,1.1551
2.5404,1.1551
2.5410,1.1601
2.5415,1.1551
2.5420,1.1500
2.5425,1.1601
2.5431,1.1500
2.5436,1.1500
2.5441,1.1500
2.5446,1.1500
2.5452,1.1551
2.5457,1.1551
2.5462,1.1551
2.5467,1.1500
2.5472,1.1551
2.5478,1.1551
2.5483,1.1500
2.5488,1.1500
2.5494,1.1551
2.5499,1.1500
2.5504,1.1551
2.5509,1.1551
2.5515,1.1551
2.5520,1.1551
2.5525,1.1500
2.5530,1.1500
2.5536,1.1551
2.5541,1.1551
2.5546,1.1551
2.5551,1.1500
2.5557,1.1551
2.5562,1.1500
2.5567,1.1551
2.5572,1.1551
2.5578,1.1500
2.5583,1.1551
2.5588,1.1500
2.5593,1.1500
2.5599,1.1551
2.5604,1.1551
2.5609,1.1500
2.5614,1.1551
2.5620,1.1551
2.5625,1.1551
2.5630,1.1551
2.5635,1.1500
2.5640,1.1500
2.5646,1.1500
2.5651,1.1500
2.5656,1.1551
2.5661,1.1551
2.5667,1.1500
2.5672,1.1500
2.5677,1.1500
2.5682,1.1551
2.5688,1.1551
2.5693,1.1551
2.5698,1.1551
2.5703,1.1500
2.5708,1.1500
2.5714,1.1551
2.5719,1.1500
2.5724,1.1551
2.5729,1.1551
2.5735,1.1551
2.5740,1.1551
2.5745,1.1500
2.5750,1.1500
2.5756,1.1551
2.5761,1.1500
2.5766,1.1500
2.5771,1.1500
2.5776,1.1551
2.5782,1.1500
2.5787,1.1551
2.5792,1.1551
2.5797,1.1500
2.5803,1.1500
2.5808,1.1500
2.5813,1.1551
2.5818,1.1551
2.5824,1.1500
2.5829,1.1500
2.5834,1.1551
2.5839,1.1500
2.5844,1.1500
2.5850,1.1500
2.5855,1.1551
2.5860,1.1551
2.5865,1.1500
2.5871,1.1500
2.5876,1.1551
2.5881,1.1500
2.5886,1.1500
2.5892,1.1500
2.5897,1.1551
2.5902,1.1500
2.5907,1.1551
2.5913,1.1551
2.5918,1.1551
2.5923,1.1500
2.5928,1.1450
2.5934,1.1500
2.5939,1.1500
2.5944,1.1500
2.5949,1.1551
2.5955,1.1500
2.5960,1.1500
2.5965,1.1551
2.5970,1.1500
2.5976,1.1500
2.5981,1.1500
2.5986,1.1500
2.5991,1.1500
2.5996,1.1551
2.6002,1.1500
2.6007,1.1500
2.6012,1.1500
2.6017,1.1500
2.6023,1.1500
2.6028,1.1450
2.6033,1.1500
2.6038,1.1500
2.6044,1.1500
2.6049,1.1500
2.6054,1.1551
2.6059,1.1500
2.6064,1.1500
2.6070,1.1500
2.6075,1.1500
2.6080,1.1500
2.6085,1.1500
2.6091,1.1500
2.6096,1.1450
2.6101,1.1500
2.6106,1.1551
2.6112,1.1500
2.6117,1.1551
2.6122,1.1500
2.6127,1.1500
2.6132,1.1500
2.6138,1.1500
2.6143,1.1500
2.6148,1.1500
2.6153,1.1500
2.6159,1.1500
2.6164,1.1450
2.6169,1.1450
2.6174,1.1500
2.6180,1.1500
2.6185,1.1500
2.6190,1.1500
2.6195,1.1500
2.6200,1.1500
2.6206,1.1500
2.6211,1.1500
2.6216,1.1551
2.6221,1.1551
2.6227,1.1551
2.6232,1.1399
2.6237,1.1500
2.6242,1.1500
2.6248,1.1500
2.6253,1.1450
2.6258,1.1500
2.6263,1.1500
2.6269,1.1500
2.6275,1.1450
2.6280,1.1551
2.6286,1.1500
2.6292,1.1500
2.6298,1.1500
2.6303,1.1450
2.6308,1.1500
2.6314,1.1500
2.6319,1.1500
2.6324,1.1500
2.6330,1.1399
2.6335,1.1500
2.6341,1.1500
2.6346,1.1500
2.6351,1.1450
2.6357,1.1551
2.6362,1.1500
2.6367,1.1500
2.6373,1.1500
2.6378,1.1500
2.6383,1.1450
2.6389,1.1500
2.6395,1.1500
2.6400,1.1500
2.6405,1.1450
2.6411,1.1500
2.6416,1.1500
2.6422,1.1500
2.6427,1.1500
2.6432,1.1450
2.6438,1.1450
2.6443,1.1500
2.6448,1.1500
2.6454,1.1500
2.6459,1.1500
2.6464,1.1500
2.6470,1.1551
2.6475,1.1500
2.6480,1.1500
2.6486,1.1450
2.6491,1.1500
2.6497,1.1450
2.6502,1.1500
2.6507,1.1450
2.6513,1.1450
2.6518,1.1500
2.6523,1.1450
2.6529,1.1500
2.6534,1.1450
2.6539,1.1500
2.6545,1.1500
2.6550,1.1500
2.6556,1.1500
2.6561,1.1500
2.6566,1.1500
2.6572,1.1450
2.6577,1.1500
2.6583,1.1500
2.6588,1.1500
2.6593,1.1500
2.6599,1.1500
2.6604,1.1500
2.6609,1.1450
2.6615,1.1450
2.6620,1.1500
2.6625,1.1500
2.6631,1.1450
2.6636,1.1450
2.6641,1.1450
2.6647,1.1450
2.6652,1.1500
2.6658,1.1500
2.6663,1.1500
2.6668,1.1500
2.6674,1.1500
2.6679,1.1500
2.6684,1.1500
2.6690,1.1500
2.6695,1.1450
2.6700,1.1500
2.6706,1.1500
2.6711,1.1450
2.6717,1.1551
2.6722,1.1500
2.6728,1.1450
2.6733,1.1500
2.6738,1.1450
2.6744,1.1500
2.6749,1.1450
2.6755,1.1450
2.6760,1.1500
2.6765,1.1450
2.6771,1.1500
2.6776,1.1450
2.6782,1.1450
2.6787,1.1450
2.6792,1.1450
2.6798,1.1450
2.6803,1.1500
2.6809,1.1500
2.6814,1.1500
2.6819,1.1500
2.6825,1.1500
2.6830,1.1450
2.6836,1.1450
2.6841,1.1500
2.6846,1.1500
2.6852,1.1500
2.6857,1.1500
2.6863,1.1450
2.6868,1.1450
2.6873,1.1450
2.6879,1.1500
2.6884,1.1500
2.6889,1.1500
2.6895,1.1500
2.6900,1.1450
2.6906,1.1450
2.6911,1.1500
2.6916,1.1500
2.6922,1.1450
2.6927,1.1500
2.6933,1.1500
2.6938,1.1450
2.6943,1.1450
2.6949,1.1500
2.6954,1.1500
2.6959,1.1450
2.6965,1.1500
2.6970,1.1500
2.6976,1.1500
2.6981,1.1500
2.6986,1.1450
2.6992,1.1450
2.6997,1.1500
2.7003,1.1500
2.7008,1.1500
2.7013,1.1500
2.7019,1.1450
2.7024,1.1450
2.7029,1.1500
2.7035,1.1500
2.7040,1.1500
2.7046,1.1500
2.7051,1.1450
2.7056,1.1450
2.7062,1.1500
2.7067,1.1450
2.7073,1.1500
2.7078,1.1450
2.7083,1.1450
2.7089,1.1450
2.7094,1.1500
2.7100,1.1450
2.7105,1.1500
2.7111,1.1450
2.7116,1.1500
2.7121,1.1450
2.7127,1.1500
2.7132,1.1450
2.7138,1.1450
2.7143,1.1500
2.7148,1.1500
2.7154,1.1450
2.7159,1.1450
2.7165,1.1450
2.7170,1.1500
2.7175,1.1450
2.7181,1.1450
2.7186,1.1500
2.7192,1.1399
2.7197,1.1450
2.7202,1.1500
2.7208,1.1450
2.7213,1.1399
2.7219,1.1450
2.7224,1.1450
2.7229,1.1450
2.7235,1.1500
2.7240,1.1450
2.7246,1.1450
2.7251,1.1500
2.7257,1.1500
2.7262,1.1399
2.7267,1.1500
2.7273,1.1450
2.7279,1.1450
2.7284,1.1500
2.7290,1.1450
2.7295,1.1450
2.7301,1.1500
2.7306,1.1450
2.7311,1.1450
2.7317,1.1450
2.7322,1.1399
2.7327,1.1399
2.7333,1.1450
2.7338,1.1450
2.7343,1.1450
2.7349,1.1450
2.7354,1.1500
2.7359,1.1450
2.7365,1.1450
2.7370,1.1500
2.7375,1.1399
2.7381,1.1500
2.7386,1.1500
2.7392,1.1500
2.7397,1.1500
2.7402,1.1500
2.7408,1.1450
2.7413,1.1450
2.7418,1.1500
2.7424,1.1500
2.7429,1.1450
2.7434,1.1450
2.7440,1.1450
2.7445,1.1500
2.7450,1.1450
2.7456,1.1450
2.7461,1.1500
2.7466,1.1450
2.7472,1.1500
2.7477,1.1450
2.7482,1.1450
2.7488,1.1450
2.7493,1.1500
2.7499,1.1450
2.7504,1.1450
2.7509,1.1450
2.7515,1.1450
2.7520,1.1450
2.7525,1.1450
2.7531,1.1450
2.7536,1.1450
2.7542,1.1399
2.7547,1.1450
2.7552,1.1500
2.7558,1.1450
2.7563,1.1500
2.7569,1.1500
2.7574,1.1450
2.7579,1.1399
2.7585,1.1500
2.7590,1.1450
2.7595,1.1450
2.7601,1.1450
2.7606,1.1500
2.7611,1.1450
2.7617,1.1450
2.7622,1.1399
2.7627,1.1399
2.7633,1.1500
2.7638,1.1450
2.7644,1.1450
2.7649,1.1450
2.7654,1.1500
2.7660,1.1399
2.7665,1.1450
2.7670,1.1500
2.7676,1.1450
2.7681,1.1500
2.7686,1.1450
2.7692,1.1500
2.7697,1.1450
2.7702,1.1450
2.7708,1.1450
2.7713,1.1450
2.7718,1.1450
2.7724,1.1500
2.7729,1.1450
2.7734,1.1399
2.7740,1.1450
2.7745,1.1450
2.7752,1.1450
2.7758,1.1450
2.7763,1.1450
2.7768,1.1450
2.7774,1.1450
2.7779,1.1450
2.7784,1.1450
2.7790,1.1450
2.7795,1.1450
2.7800,1.1450
2.7806,1.1450
2.7811,1.1450
2.7816,1.1450
2.7822,1.1450
2.7827,1.1349
2.7832,1.1399
2.7838,1.1450
2.7843,1.1450
2.7848,1.1450
2.7854,1.1450
2.7859,1.1500
2.7864,1.1500
2.7870,1.1450
2.7875,1.1399
2.7880,1.1399
2.7886,1.1450
2.7891,1.1450
2.7896,1.1450
2.7901,1.1399
2.7907,1.1500
2.7912,1.1450
2.7917,1.1450
2.7923,1.1450
2.7928,1.1500
2.7934,1.1450
2.7939,1.1450
2.7944,1.1450
2.7950,1.1450
2.7955,1.1450
2.7960,1.1500
2.7966,1.1450
2.7971,1.1450
2.7976,1.1450
2.7982,1.1450
2.7987,1.1500
2.7992,1.1450
2.7998,1.1450
2.8003,1.1450
2.8008,1.1450
2.8014,1.1450
2.8019,1.1450
2.8024,1.1399
2.8030,1.1500
2.8035,1.1450
2.8040,1.1450
2.8046,1.1399
2.8051,1.1450
2.8056,1.1399
2.8062,1.1399
2.8067,1.1399
2.8072,1.1450
2.8078,1.1450
2.8083,1.1500
2.8088,1.1399
2.8094,1.1450
2.8099,1.1450
2.8104,1.1450
2.8110,1.1399
2.8115,1.1450
2.8120,1.1450
2.8126,1.1450
2.8131,1.1450
2.8136,1.1450
2.8142,1.1450
2.8147,1.1399
2.8152,1.1450
2.8158,1.1450
2.8163,1.1450
2.8168,1.1450
2.8174,1.1450
2.8179,1.1450
2.8184,1.1450
2.8190,1.1450
2.8195,1.1450
2.8200,1.1399
2.8206,1.1399
2.8211,1.1450
2.8217,1.1450
2.8222,1.1450
2.8227,1.1450
2.8233,1.1450
2.8238,1.1450
2.8243,1.1500
2.8249,1.1450
2.8254,1.1450
2.8259,1.1450
2.8265,1.1450
2.8270,1.1450
2.8275,1.1399
2.8281,1.1450
2.8287,1.1450
2.8293,1.1500
2.8299,1.1450
2.8304,1.1450
2.8309,1.1450
2.8315,1.1450
2.8320,1.1399
2.8325,1.1500
2.8331,1.1450
2.8336,1.1500
2.8342,1.1450
2.8347,1.1450
2.8353,1.1450
2.8358,1.1450
2.8363,1.1450
2.8369,1.1399
2.8374,1.1500
2.8379,1.1500
2.8385,1.1450
2.8390,1.1450
2.8396,1.1450
2.8401,1.1399
2.8406,1.1450
2.8412,1.1450
2.8417,1.1450
2.8422,1.1399
2.8428,1.1450
2.8433,1.1450
2.8438,1.1399
2.8444,1.1450
2.8449,1.1450
2.8454,1.1450
2.8460,1.1399
2.8465,1.1500
2.8470,1.1450
2.8476,1.1450
2.8481,1.1450
2.8487,1.1399
2.8492,1.1450
2.8497,1.1399
2.8503,1.1450
2.8508,1.1500
2.8513,1.1450
2.8519,1.1399
2.8524,1.1399
2.8529,1.1450
2.8535,1.1450
2.8540,1.1399
2.8545,1.1450
2.8551,1.1399
2.8556,1.1450
2.8562,1.1450
2.8567,1.1399
2.8572,1.1450
2.8578,1.1450
2.8583,1.1399
2.8588,1.1450
2.8594,1.1450
2.8599,1.1450
2.8604,1.1450
2.8610,1.1399
2.8615,1.1450
2.8621,1.1450
2.8626,1.1500
2.8631,1.1450
2.8637,1.1450
2.8642,1.1399
2.8647,1.1450
2.8653,1.1450
2.8658,1.1450
2.8664,1.1399
2.8669,1.1450
2.8674,1.1450
2.8680,1.1450
2.8685,1.1399
2.8690,1.1399
2.8696,1.1450
2.8701,1.1450
2.8706,1.1450
2.8712,1.1450
2.8717,1.1450
2.8723,1.1450
2.8728,1.1450
2.8733,1.1399
2.8739,1.1450
2.8744,1.1450
2.8749,1.1450
2.8755,1.1450
2.8760,1.1399
2.8766,1.1450
2.8771,1.1399
2.8777,1.1450
2.8782,1.1450
2.8787,1.1399
2.8793,1.1450
2.8798,1.1450
2.8804,1.1450
2.8809,1.1450
2.8814,1.1500
2.8820,1.1399
2.8825,1.1450
2.8830,1.1450
2.8836,1.1450
2.8841,1.1399
2.8847,1.1399
2.8852,1.1399
2.8857,1.1450
2.8863,1.1399
2.8868,1.1399
2.8873,1.1450
2.8879,1.1399
2.8884,1.1450
2.8889,1.1450
2.8895,1.1399
2.8900,1.1450
2.8906,1.1450
2.8911,1.1450
2.8917,1.1450
2.8923,1.1450
2.8929,1.1450
2.8934,1.1399
2.8940,1.1450
2.8946,1.1399
2.8952,1.1399
2.8958,1.1450
2.8964,1.1450
2.8969,1.1450
2.8975,1.1450
2.8981,1.1399
2.8986,1.1450
2.8992,1.1450
2.8997,1.1399
2.9002,1.1399
2.9008,1.1399
2.9013,1.1450
2.9018,1.1450
2.9024,1.1450
2.9029,1.1450
2.9034,1.1450
2.9040,1.1399
2.9045,1.1450
2.9051,1.1399
2.9061,1.1399
2.9067,1.1399
2.9072,1.1399
2.9078,1.1399
2.9084,1.1450
2.9090,1.1450
2.9096,1.1399
2.9102,1.1450
2.9107,1.1450
2.9113,1.1450
2.9118,1.1450
2.9124,1.1399
2.9130,1.1450
2.9136,1.1450
2.9142,1.1450
2.9147,1.1399
2.9153,1.1450
2.9158,1.1450
2.9164,1.1399
2.9169,1.1450
2.9175,1.1399
2.9182,1.1399
2.9188,1.1450
2.9193,1.1450
2.9199,1.1399
2.9204,1.1450
2.9210,1.1500
2.9215,1.1450
2.9221,1.1399
2.9226,1.1450
2.9232,1.1450
2.9237,1.1450
2.9242,1.1450
2.9248,1.1399
2.9253,1.1399
2.9259,1.1399
2.9264,1.1450
2.9270,1.1450
2.9275,1.1450
2.9280,1.1450
2.9286,1.1399
2.9291,1.1450
2.9300,1.1450
2.9306,1.1450
2.9311,1.1450
2.9317,1.1399
2.9322,1.1450
2.9327,1.1399
2.9333,1.1450
2.9338,1.1450
2.9343,1.1399
2.9349,1.1450
2.9354,1.1450
2.9359,1.1450
2.9365,1.1450
2.9370,1.1399
2.9375,1.1500
2.9381,1.1399
2.9386,1.1450
2.9391,1.1450
2.9397,1.1500
2.9402,1.1399
2.9407,1.1450
2.9413,1.1450
2.9418,1.1450
2.9423,1.1450
2.9429,1.1450
2.9434,1.1399
2.9439,1.1399
2.9444,1.1450
2.9450,1.1450
2.9455,1.1450
2.9460,1.1450
2.9466,1.1450
2.9471,1.1500
2.9476,1.1450
2.9482,1.1450
2.9487,1.1450
2.9492,1.1450
2.9498,1.1450
2.9503,1.1450
2.9508,1.1500
2.9514,1.1500
2.9519,1.1450
2.9525,1.1450
2.9530,1.1500
2.9535,1.1450
2.9541,1.1450
2.9546,1.1399
2.9551,1.1399
2.9557,1.1500
2.9562,1.1450
2.9567,1.1500
2.9573,1.1450
2.9578,1.1450
2.9583,1.1500
2.9589,1.1500
2.9594,1.1450
2.9600,1.1500
2.9605,1.1500
2.9610,1.1500
2.9616,1.1500
2.9621,1.1500
2.9626,1.1450
2.9631,1.1450
2.9637,1.1500
2.9642,1.1551
2.9647,1.1500
2.9653,1.1500
2.9658,1.1450
2.9663,1.1450
2.9669,1.1500
2.9674,1.1500
2.9679,1.1450
2.9685,1.1500
2.9690,1.1500
2.9695,1.1500
2.9701,1.1500
2.9706,1.1500
2.9711,1.1500
2.9717,1.1500
2.9722,1.1500
2.9728,1.1500
2.9733,1.1500
2.9738,1.1500
2.9744,1.1551
2.9749,1.1450
2.9754,1.1500
2.9760,1.1551
2.9765,1.1500
2.9770,1.1500
2.9776,1.1500
2.9781,1.1551
2.9786,1.1500
2.9792,1.1551
2.9797,1.1551
2.9802,1.1551
2.9808,1.1551
2.9813,1.1551
2.9818,1.1500
2.9824,1.1500
2.9829,1.1551
2.9834,1.1500
2.9840,1.1450
2.9845,1.1500
2.9850,1.1500
2.9856,1.1500
2.9861,1.1551
2.9866,1.1500
2.9872,1.1551
2.9877,1.1551
2.9882,1.1551
2.9888,1.1551
2.9893,1.1551
2.9898,1.1551
2.9904,1.1551
2.9909,1.1551
2.9914,1.1551
2.9920,1.1551
2.9925,1.1551
2.9930,1.1601
2.9936,1.1551
2.9941,1.1551
2.9946,1.1601
2.9952,1.1551
2.9957,1.1601
2.9962,1.1601
2.9968,1.1601
2.9973,1.1551
2.9978,1.1601
2.9984,1.1601
2.9989,1.1551
2.9996,1.1601
3.0001,1.1601
3.0006,1.1601
3.0012,1.1551
3.0017,1.1551
3.0022,1.1551
3.0028,1.1551
3.0033,1.1551
3.0038,1.1551
3.0044,1.1601
3.0049,1.1601
3.0054,1.1551
3.0060,1.1601
3.0065,1.1551
3.0070,1.1601
3.0076,1.1551
3.0081,1.1601
3.0086,1.1601
3.0092,1.1551
3.0098,1.1551
3.0121,1.1601
3.0128,1.1601
3.0136,1.1601
3.0141,1.1601
3.0147,1.1601
3.0152,1.1601
3.0158,1.1601
3.0164,1.1601
3.0169,1.1652
3.0177,1.1601
3.0183,1.1652
3.0188,1.1601
3.0193,1.1601
3.0199,1.1601
3.0204,1.1551
3.0209,1.1652
3.0215,1.1652
3.0220,1.1601
3.0225,1.1601
3.0231,1.1601
3.0236,1.1601
3.0241,1.1601
3.0247,1.1601
3.0252,1.1601
3.0257,1.1601
3.0262,1.1601
3.0268,1.1601
3.0273,1.1652
3.0278,1.1601
3.0284,1.1601
3.0289,1.1601
3.0295,1.1601
3.0300,1.1551
3.0306,1.1652
3.0311,1.1652
3.0316,1.1601
3.0322,1.1652
3.0327,1.1652
3.0332,1.1601
3.0338,1.1652
3.0343,1.1601
3.0349,1.1601
3.0354,1.1652
3.0359,1.1652
3.0365,1.1601
3.0370,1.1601
3.0375,1.1601
3.0381,1.1652
3.0386,1.1652
3.0391,1.1652
3.0397,1.1601
3.0402,1.1601
3.0407,1.1652
3.0413,1.1652
3.0418,1.1652
3.0423,1.1601
3.0429,1.1652
3.0434,1.1652
3.0439,1.1601
3.0445,1.1652
3.0450,1.1652
3.0455,1.1652
3.0461,1.1601
3.0466,1.1601
3.0471,1.1652
3.0477,1.1652
3.0482,1.1652
3.0487,1.1652
3.0493,1.1652
3.0498,1.1702
3.0503,1.1652
3.0509,1.1652
3.0514,1.1601
3.0519,1.1652
3.0525,1.1702
3.0530,1.1652
3.0535,1.1702
3.0541,1.1652
3.0546,1.1652
3.0551,1.1702
3.0557,1.1601
3.0562,1.1652
3.0567,1.1652
3.0573,1.1652
3.0579,1.1652
3.0584,1.1702
3.0590,1.1652
3.0595,1.1652
3.0600,1.1652
3.0606,1.1652
3.0611,1.1652
3.0617,1.1652
3.0623,1.1601
3.0628,1.1652
3.0634,1.1652
3.0639,1.1652
3.0644,1.1601
3.0650,1.1601
3.0655,1.1652
3.0660,1.1652
3.0666,1.1652
3.0671,1.1652
3.0676,1.1652
3.0682,1.1652
3.0687,1.1652
3.0692,1.1601
3.0698,1.1652
3.0703,1.1652
3.0709,1.1652
3.0714,1.1652
3.0719,1.1702
3.0725,1.1652
3.0730,1.1652
3.0735,1.1652
3.0741,1.1652
3.0746,1.1702
3.0751,1.1652
3.0757,1.1652
3.0762,1.1652
3.0767,1.1601
3.0773,1.1652
3.0778,1.1652
3.0783,1.1652
3.0789,1.1652
3.0794,1.1652
3.0799,1.1652
3.0805,1.1652
3.0810,1.1652
3.0815,1.1702
3.0821,1.1652
3.0826,1.1652
3.0832,1.1601
3.0838,1.1652
3.0843,1.1652
3.0848,1.1702
3.0854,1.1652
3.0859,1.1652
3.0864,1.1702
3.0870,1.1652
3.0875,1.1601
3.0880,1.1652
3.0886,1.1652
3.0891,1.1652
3.0896,1.1652
3.0902,1.1652
3.0907,1.1652
3.0912,1.1652
3.0918,1.1652
3.0923,1.1652
3.0928,1.1652
3.0934,1.1652
3.0939,1.1702
3.0944,1.1601
3.0950,1.1652
3.0955,1.1652
3.0960,1.1652
3.0966,1.1652
3.0971,1.1652
3.0976,1.1652
3.0982,1.1601
3.0987,1.1702
3.0992,1.1652
3.0998,1.1652
3.1003,1.1652
3.1008,1.1652
3.1014,1.1652
3.1019,1.1601
3.1028,1.1702
3.1033,1.1702
3.1039,1.1652
3.1044,1.1601
3.1049,1.1652
3.1055,1.1702
3.1060,1.1652
3.1065,1.1652
3.1071,1.1652
3.1076,1.1652
3.1082,1.1652
3.1087,1.1652
3.1092,1.1601
3.1098,1.1652
3.1103,1.1652
3.1108,1.1652
3.1114,1.1702
3.1119,1.1652
3.1124,1.1702
3.1130,1.1702
3.1135,1.1652
3.1140,1.1652
3.1146,1.1652
3.1152,1.1702
3.1157,1.1652
3.1162,1.1652
3.1168,1.1652
3.1173,1.1652
3.1179,1.1652
3.1184,1.1702
3.1189,1.1652
3.1195,1.1601
3.1200,1.1601
3.1205,1.1702
3.1211,1.1652
3.1216,1.1652
3.1221,1.1702
3.1227,1.1652
3.1232,1.1601
3.1237,1.1652
3.1243,1.1652
3.1248,1.1652
3.1253,1.1652
3.1259,1.1652
3.1264,1.1652
3.1269,1.1702
3.1275,1.1652
3.1280,1.1652
3.1285,1.1702
3.1291,1.1652
3.1296,1.1702
3.1301,1.1702
3.1307,1.1652
3.1312,1.1652
3.1318,1.1702
3.1323,1.1702
3.1328,1.1652
3.1334,1.1652
3.1339,1.1652
3.1344,1.1652
3.1350,1.1652
3.1355,1.1652
3.1360,1.1652
3.1366,1.1702
3.1371,1.1702
3.1376,1.1652
3.1382,1.1652
3.1387,1.1601
3.1393,1.1652
3.1398,1.1702
3.1403,1.1652
3.1409,1.1652
3.1414,1.1702
3.1419,1.1652
3.1425,1.1652
3.1430,1.1652
3.1435,1.1702
3.1440,1.1652
3.1446,1.1652
3.1451,1.1652
3.1456,1.1652
3.1462,1.1601
3.1467,1.1702
3.1472,1.1652
3.1478,1.1652
3.1483,1.1652
3.1488,1.1601
3.1494,1.1601
3.1499,1.1601
3.1504,1.1601
3.1510,1.1601
3.1515,1.1652
3.1520,1.1601
3.1525,1.1652
3.1531,1.1601
3.1536,1.1652
3.1541,1.1652
3.1547,1.1702
3.1552,1.1652
3.1557,1.1702
3.1563,1.1702
3.1568,1.1601
3.1573,1.1652
3.1579,1.1652
3.1584,1.1652
3.1589,1.1652
3.1595,1.1601
3.1600,1.1702
3.1605,1.1652
3.1611,1.1601
3.1616,1.1652
3.1621,1.1652
3.1627,1.1601
3.1632,1.1702
3.1637,1.1652
3.1642,1.1702
3.1648,1.1652
3.1653,1.1652
3.1658,1.1652
3.1664,1.1702
3.1669,1.1652
3.1674,1.1652
3.1680,1.1652
3.1685,1.1702
3.1690,1.1652
3.1698,1.1652
3.1705,1.1652
3.1710,1.1652
3.1716,1.1652
3.1721,1.1601
3.1726,1.1601
3.1732,1.1652
3.1737,1.1652
3.1742,1.1652
3.1748,1.1652
3.1753,1.1652
3.1758,1.1702
3.1764,1.1652
3.1769,1.1652
3.1774,1.1652
3.1780,1.1652
3.1785,1.1601
3.1790,1.1601
3.1796,1.1652
3.1801,1.1702
3.1806,1.1652
3.1812,1.1652
3.1817,1.1652
3.1823,1.1652
3.1828,1.1652
3.1833,1.1652
3.1838,1.1652
3.1844,1.1652
3.1849,1.1601
3.1854,1.1652
3.1860,1.1652
3.1865,1.1652
3.1870,1.1652
3.1876,1.1652
3.1881,1.1652
3.1886,1.1601
3.1892,1.1652
3.1897,1.1601
3.1902,1.1652
3.1908,1.1652
3.1913,1.1652
3.1918,1.1652
3.1924,1.1601
3.1929,1.1601
3.1934,1.1652
3.1940,1.1601
3.1945,1.1652
3.1950,1.1601
3.1956,1.1601
3.1961,1.1652
3.1966,1.1652
3.1972,1.1601
3.1977,1.1601
3.1985,1.1652
3.1992,1.1601
3.1997,1.1551
3.2002,1.1601
3.2008,1.1652
3.2013,1.1601
3.2018,1.1652
3.2023,1.1652
3.2029,1.1601
3.2034,1.1601
3.2039,1.1652
3.2045,1.1652
3.2050,1.1601
3.2055,1.1601
3.2061,1.1652
3.2066,1.1601
3.2071,1.1652
3.2077,1.1601
3.2082,1.1601
3.2087,1.1601
3.2093,1.1551
3.2098,1.1601
3.2103,1.1652
3.2109,1.1652
3.2114,1.1652
3.2119,1.1652
3.2125,1.1601
3.2130,1.1652
3.2135,1.1601
3.2141,1.1601
3.2146,1.1601
3.2151,1.1652
3.2157,1.1601
3.2162,1.1601
3.2167,1.1601
3.2173,1.1601
3.2178,1.1601
3.2183,1.1601
3.2189,1.1601
3.2194,1.1601
3.2199,1.1551
3.2205,1.1652
3.2210,1.1652
3.2215,1.1652
3.2221,1.1652
3.2226,1.1652
3.2231,1.1601
3.2236,1.1601
3.2242,1.1601
3.2247,1.1652
3.2252,1.1652
3.2258,1.1652
3.2263,1.1601
3.2268,1.1601
3.2274,1.1652
3.2279,1.1601
3.2284,1.1601
3.2291,1.1652
3.2296,1.1601
3.2301,1.1601
3.2307,1.1601
3.2312,1.1652
3.2317,1.1601
3.2323,1.1601
3.2328,1.1601
3.2334,1.1601
3.2339,1.1601
3.2344,1.1551
3.2350,1.1601
3.2355,1.1551
3.2360,1.1551
3.2366,1.1652
3.2371,1.1551
3.2376,1.1652
3.2382,1.1601
3.2387,1.1601
3.2392,1.1551
3.2398,1.1551
3.2403,1.1601
3.2409,1.1601
3.2414,1.1601
3.2419,1.1601
3.2425,1.1652
3.2430,1.1601
3.2435,1.1601
3.2441,1.1601
3.2446,1.1551
3.2452,1.1601
3.2457,1.1601
3.2462,1.1551
3.2468,1.1601
3.2473,1.1601
3.2478,1.1601
3.2484,1.1652
3.2489,1.1601
3.2494,1.1601
3.2500,1.1601
3.2505,1.1601
3.2510,1.1652
3.2516,1.1601
3.2521,1.1601
3.2527,1.1652
3.2532,1.1601
3.2537,1.1601
3.2543,1.1551
3.2548,1.1601
3.2553,1.1652
3.2559,1.1652
3.2564,1.1652
3.2569,1.1601
3.2575,1.1551
3.2580,1.1601
3.2586,1.1601
3.2591,1.1551
3.2596,1.1601
3.2602,1.1652
3.2607,1.1601
3.2612,1.1601
3.2618,1.1601
3.2623,1.1601
3.2628,1.1601
3.2634,1.1601
3.2639,1.1601
3.2645,1.1601
3.2650,1.1601
3.2655,1.1601
3.2661,1.1601
3.2666,1.1601
3.2671,1.1551
3.2677,1.1601
3.2682,1.1601
3.2687,1.1601
3.2693,1.1601
3.2698,1.1601
3.2703,1.1551
3.2709,1.1601
3.2714,1.1601
3.2720,1.1601
3.2725,1.1652
3.2730,1.1652
3.2736,1.1551
3.2741,1.1601
3.2746,1.1601
3.2752,1.1551
3.2757,1.1551
3.2763,1.1601
3.2768,1.1601
3.2773,1.1601
3.2779,1.1601
3.2784,1.1551
3.2790,1.1601
3.2795,1.1601
3.2800,1.1601
3.2806,1.1601
3.2811,1.1551
3.2816,1.1652
3.2822,1.1601
3.2827,1.1601
3.2832,1.1652
3.2838,1.1551
3.2843,1.1601
3.2848,1.1601
3.2854,1.1601
3.2859,1.1601
3.2864,1.1601
3.2870,1.1551
3.2875,1.1601
3.2880,1.1551
3.2886,1.1601
3.2891,1.1551
3.2896,1.1601
3.2902,1.1601
3.2907,1.1601
3.2912,1.1601
3.2918,1.1652
3.2923,1.1551
3.2928,1.1601
3.2934,1.1601
3.2939,1.1601
3.2944,1.1551
3.2950,1.1601
3.2955,1.1601
3.2960,1.1601
3.2966,1.1601
3.2971,1.1601
3.2976,1.1551
3.2982,1.1601
3.2987,1.1652
3.2992,1.1551
3.2998,1.1551
3.3003,1.1601
3.3008,1.1601
3.3014,1.1601
3.3019,1.1601
3.3024,1.1601
3.3030,1.1652
3.3035,1.1601
3.3040,1.1601
3.3046,1.1601
3.3051,1.1551
3.3056,1.1601
3.3062,1.1601
3.3067,1.1601
3.3072,1.1601
3.3078,1.1601
3.3083,1.1601
3.3088,1.1601
3.3094,1.1601
3.3099,1.1601
3.3104,1.1551
3.3110,1.1601
3.3115,1.1551
3.3120,1.1601
3.3126,1.1601
3.3131,1.1601
3.3136,1.1601
3.3142,1.1601
3.3147,1.1601
3.3152,1.1601
3.3158,1.1601
3.3163,1.1551
3.3169,1.1601
3.3174,1.1551
3.3179,1.1601
3.3185,1.1601
3.3190,1.1601
3.3195,1.1551
3.3201,1.1601
3.3206,1.1601
3.3211,1.1601
3.3217,1.1652
3.3222,1.1601
3.3228,1.1601
3.3233,1.1601
3.3238,1.1601
3.3244,1.1601
3.3249,1.1601
3.3256,1.1601
3.3261,1.1601
3.3266,1.1652
3.3272,1.1601
3.3277,1.1601
3.3283,1.1551
3.3288,1.1551
3.3294,1.1601
3.3300,1.1601
3.3305,1.1551
3.3310,1.1601
3.3316,1.1601
3.3321,1.1601
3.3326,1.1601
3.3332,1.1652
3.3337,1.1551
3.3342,1.1601
3.3347,1.1601
3.3353,1.1551
3.3358,1.1601
3.3363,1.1601
3.3369,1.1601
3.3374,1.1652
3.3379,1.1601
3.3385,1.1601
3.3390,1.1601
3.3395,1.1551
3.3403,1.1601
3.3408,1.1601
3.3415,1.1601
3.3420,1.1601
3.3425,1.1551
3.3431,1.1551
3.3436,1.1601
3.3442,1.1601
3.3447,1.1601
3.3452,1.1601
3.3458,1.1601
3.3463,1.1601
3.3468,1.1601
3.3473,1.1601
3.3479,1.1601
3.3484,1.1601
3.3489,1.1551
3.3495,1.1601
3.3500,1.1601
3.3505,1.1551
3.3511,1.1551
3.3516,1.1551
3.3521,1.1601
3.3527,1.1551
3.3532,1.1601
3.3537,1.1601
3.3542,1.1601
3.3548,1.1601
3.3553,1.1652
3.3558,1.1551
3.3564,1.1601
3.3569,1.1551
3.3574,1.1551
3.3580,1.1551
3.3585,1.1551
3.3590,1.1601
3.3596,1.1601
3.3601,1.1601
3.3606,1.1601
3.3612,1.1601
3.3617,1.1601
3.3622,1.1601
3.3628,1.1551
3.3633,1.1601
3.3638,1.1551
3.3644,1.1601
3.3649,1.1601
3.3654,1.1601
3.3659,1.1601
3.3665,1.1551
3.3670,1.1601
3.3675,1.1601
3.3681,1.1601
3.3686,1.1601
3.3691,1.1601
3.3697,1.1551
3.3702,1.1601
3.3707,1.1601
3.3713,1.1551
3.3718,1.1601
3.3723,1.1601
3.3729,1.1601
3.3734,1.1551
3.3739,1.1601
3.3745,1.1601
3.3750,1.1551
3.3755,1.1551
3.3760,1.1551
3.3766,1.1551
3.3771,1.1601
3.3776,1.1601
3.3782,1.1551
3.3787,1.1601
3.3792,1.1551
3.3798,1.1601
3.3803,1.1601
3.3808,1.1601
3.3814,1.1601
3.3819,1.1551
3.3824,1.1652
3.3830,1.1551
3.3835,1.1601
3.3840,1.1601
3.3845,1.1551
3.3851,1.1601
3.3856,1.1652
3.3861,1.1551
3.3867,1.1601
3.3872,1.1601
3.3877,1.1551
3.3883,1.1601
3.3888,1.1601
3.3893,1.1601
3.3899,1.1551
3.3904,1.1601
3.3909,1.1551
3.3915,1.1551
3.3921,1.1601
3.3926,1.1551
3.3932,1.1551
3.3938,1.1601
3.3943,1.1551
3.3949,1.1601
3.3954,1.1551
3.3960,1.1551
3.3965,1.1500
3.3971,1.1601
3.3976,1.1551
3.3982,1.1601
3.3987,1.1601
3.3993,1.1601
3.3998,1.1601
3.4003,1.1551
3.4009,1.1601
3.4014,1.1601
3.4019,1.1551
3.4025,1.1551
3.4030,1.1551
3.4035,1.1551
3.4041,1.1601
3.4046,1.1551
3.4052,1.1551
3.4058,1.1551
3.4063,1.1551
3.4069,1.1551
3.4074,1.1551
3.4080,1.1601
3.4085,1.1601
3.4090,1.1551
3.4096,1.1601
3.4101,1.1601
3.4107,1.1551
3.4113,1.1551
3.4119,1.1551
3.4124,1.1551
3.4130,1.1601
3.4135,1.1500
3.4141,1.1551
3.4146,1.1601
3.4151,1.1601
3.4157,1.1551
3.4162,1.1551
3.4167,1.1551
3.4173,1.1551
3.4178,1.1500
3.4183,1.1551
3.4189,1.1551
3.4194,1.1551
3.4199,1.1551
3.4204,1.1551
3.4210,1.1551
3.4215,1.1601
3.4220,1.1551
3.4226,1.1500
3.4231,1.1551
3.4236,1.1551
3.4242,1.1551
3.4247,1.1601
3.4252,1.1551
3.4257,1.1601
3.4263,1.1551
3.4268,1.1551
3.4273,1.1500
3.4279,1.1551
3.4284,1.1601
3.4289,1.1500
3.4295,1.1500
3.4300,1.1601
3.4305,1.1551
3.4311,1.1601
3.4316,1.1551
3.4321,1.1551
3.4327,1.1551
3.4332,1.1551
3.4337,1.1551
3.4343,1.1551
3.4348,1.1551
3.4353,1.1551
3.4359,1.1500
3.4364,1.1551
3.4369,1.1551
3.4375,1.1601
3.4380,1.1601
3.4385,1.1551
3.4391,1.1601
3.4396,1.1551
3.4401,1.1551
3.4407,1.1551
3.4412,1.1551
3.4417,1.1551
3.4423,1.1551
3.4428,1.1551
3.4433,1.1500
3.4439,1.1551
3.4444,1.1500
3.4449,1.1500
3.4455,1.1551
3.4460,1.1551
3.4465,1.1500
3.4471,1.1551
3.4476,1.1551
3.4481,1.1551
3.4487,1.1551
3.4496,1.1551
3.4501,1.1500
3.4506,1.1500
3.4512,1.1551
3.4517,1.1551
3.4522,1.1551
3.4528,1.1551
3.4533,1.1551
3.4538,1.1551
3.4544,1.1551
3.4549,1.1601
3.4554,1.1551
3.4560,1.1551
3.4565,1.1551
3.4570,1.1500
3.4576,1.1551
3.4581,1.1551
3.4586,1.1551
3.4595,1.1551
3.4600,1.1500
3.4606,1.1551
3.4611,1.1500
3.4616,1.1551
3.4622,1.1551
3.4627,1.1500
3.4632,1.1500
3.4638,1.1500
3.4643,1.1551
3.4648,1.1500
3.4653,1.1551
3.4659,1.1500
3.4664,1.1551
3.4669,1.1500
3.4675,1.1500
3.4680,1.1551
3.4685,1.1551
3.4693,1.1551
3.4698,1.1551
3.4704,1.1551
3.4709,1.1551
3.4714,1.1500
3.4720,1.1500
3.4725,1.1551
3.4730,1.1500
3.4736,1.1500
3.4741,1.1500
3.4746,1.1500
3.4752,1.1551
3.4757,1.1551
3.4762,1.1551
3.4768,1.1500
3.4773,1.1500
3.4778,1.1500
3.4784,1.1551
3.4789,1.1551
3.4794,1.1500
3.4800,1.1551
3.4805,1.1500
3.4811,1.1551
3.4816,1.1500
3.4821,1.1601
3.4827,1.1500
3.4832,1.1551
3.4837,1.1500
3.4843,1.1500
3.4848,1.1500
3.4853,1.1551
3.4859,1.1551
3.4864,1.1500
3.4869,1.1500
3.4875,1.1500
3.4880,1.1551
3.4885,1.1500
3.4891,1.1551
3.4896,1.1500
3.4901,1.1500
3.4907,1.1551
3.4912,1.1500
3.4917,1.1551
3.4923,1.1500
3.4928,1.1500
3.4934,1.1551
3.4939,1.1500
3.4944,1.1551
3.4950,1.1551
3.4955,1.1551
3.4960,1.1500
3.4966,1.1450
3.4971,1.1500
3.4976,1.1500
3.4982,1.1500
3.4987,1.1500
3.4993,1.1500
3.4998,1.1500
3.5003,1.1500
3.5009,1.1500
3.5014,1.1551
3.5019,1.1500
3.5025,1.1500
3.5030,1.1551
3.5035,1.1500
3.5041,1.1551
3.5046,1.1551
3.5051,1.1500
3.5057,1.1500
3.5062,1.1601
3.5067,1.1500
3.5073,1.1500
3.5078,1.1450
3.5083,1.1551
3.5089,1.1500
3.5094,1.1500
3.5100,1.1551
3.5105,1.1551
3.5111,1.1500
3.5116,1.1500
3.5121,1.1500
3.5127,1.1500
3.5132,1.1500
3.5137,1.1500
3.5143,1.1450
3.5148,1.1500
3.5154,1.1500
3.5159,1.1500
3.5164,1.1551
3.5170,1.1500
3.5175,1.1500
3.5180,1.1500
3.5186,1.1450
3.5191,1.1500
3.5196,1.1500
3.5202,1.1500
3.5207,1.1500
3.5212,1.1450
3.5218,1.1500
3.5223,1.1500
3.5228,1.1450
3.5234,1.1500
3.5239,1.1551
3.5244,1.1500
3.5250,1.1500
3.5255,1.1500
3.5260,1.1500
3.5266,1.1450
3.5271,1.1500
3.5276,1.1500
3.5282,1.1500
3.5287,1.1500
3.5293,1.1500
3.5298,1.1500
3.5303,1.1450
3.5309,1.1500
3.5314,1.1500
3.5320,1.1500
3.5325,1.1500
3.5330,1.1500
3.5336,1.1500
3.5341,1.1500
3.5346,1.1500
3.5352,1.1500
3.5357,1.1450
3.5362,1.1500
3.5368,1.1500
3.5373,1.1450
3.5379,1.1500
3.5384,1.1500
3.5389,1.1500
3.5395,1.1500
3.5400,1.1500
3.5405,1.1500
3.5411,1.1450
3.5416,1.1500
3.5421,1.1450
3.5427,1.1450
3.5432,1.1500
3.5437,1.1500
3.5443,1.1500
3.5448,1.1450
3.5453,1.1450
3.5459,1.1450
3.5464,1.1500
3.5469,1.1500
3.5475,1.1450
3.5480,1.1500
3.5485,1.1500
3.5491,1.1450
3.5496,1.1500
3.5502,1.1450
3.5507,1.1450
3.5512,1.1500
3.5518,1.1500
3.5523,1.1500
3.5528,1.1500
3.5534,1.1500
3.5539,1.1450
3.5544,1.1500
3.5550,1.1450
3.5555,1.1500
3.5561,1.1399
3.5566,1.1450
3.5571,1.1500
3.5577,1.1500
3.5582,1.1500
3.5587,1.1500
3.5593,1.1500
3.5598,1.1500
3.5603,1.1500
3.5609,1.1500
3.5616,1.1500
3.5621,1.1450
3.5627,1.1500
3.5632,1.1500
3.5637,1.1450
3.5643,1.1450
3.5648,1.1500
3.5654,1.1500
3.5659,1.1450
3.5664,1.1450
3.5670,1.1500
3.5675,1.1500
3.5680,1.1450
3.5686,1.1450
3.5691,1.1500
3.5696,1.1450
3.5702,1.1450
3.5707,1.1450
3.5712,1.1500
3.5718,1.1450
3.5723,1.1399
3.5728,1.1500
3.5734,1.1500
3.5739,1.1500
3.5744,1.1450
3.5750,1.1500
3.5755,1.1450
3.5760,1.1500
3.5766,1.1500
3.5771,1.1500
3.5776,1.1500
3.5782,1.1500
3.5787,1.1500
3.5792,1.1450
3.5798,1.1500
3.5803,1.1450
3.5809,1.1450
3.5814,1.1450
3.5819,1.1450
3.5825,1.1450
3.5830,1.1450
3.5835,1.1450
3.5841,1.1500
3.5846,1.1450
3.5851,1.1450
3.5857,1.1450
3.5862,1.1450
3.5868,1.1450
3.5873,1.1500
3.5878,1.1450
3.5884,1.1450
3.5889,1.1450
3.5894,1.1450
3.5900,1.1450
3.5905,1.1450
3.5910,1.1450
3.5916,1.1500
3.5921,1.1500
3.5926,1.1450
3.5932,1.1450
3.5937,1.1450
3.5942,1.1450
3.5948,1.1500
3.5953,1.1450
3.5958,1.1450
3.5964,1.1450
3.5969,1.1399
3.5974,1.1450
3.5980,1.1450
3.5985,1.1450
3.5990,1.1500
3.5996,1.1450
3.6001,1.1450
3.6007,1.1450
3.6012,1.1500
3.6017,1.1450
3.6023,1.1450
3.6028,1.1500
3.6033,1.1450
3.6039,1.1500
3.6044,1.1500
3.6049,1.1500
3.6055,1.1450
3.6060,1.1450
3.6065,1.1450
3.6071,1.1450
3.6076,1.1450
3.6082,1.1450
3.6087,1.1399
3.6092,1.1500
3.6098,1.1450
3.6103,1.1500
3.6109,1.1450
3.6115,1.1450
3.6120,1.1500
3.6126,1.1450
3.6132,1.1399
3.6137,1.1450
3.6143,1.1450
3.6148,1.1450
3.6154,1.1450
3.6159,1.1450
3.6165,1.1450
3.6170,1.1450
3.6176,1.1450
3.6181,1.1450
3.6187,1.1450
3.6192,1.1450
3.6198,1.1500
3.6203,1.1450
3.6209,1.1450
3.6215,1.1500
3.6220,1.1450
3.6226,1.1450
3.6231,1.1450
3.6236,1.1450
3.6242,1.1500
3.6247,1.1450
3.6252,1.1450
3.6258,1.1500
3.6263,1.1399
3.6268,1.1450
3.6274,1.1450
3.6279,1.1450
3.6284,1.1450
3.6290,1.1450
3.6295,1.1450
3.6300,1.1450
3.6306,1.1450
3.6311,1.1450
3.6318,1.1500
3.6323,1.1450
3.6328,1.1500
3.6334,1.1500
3.6339,1.1500
3.6344,1.1500
3.6349,1.1450
3.6355,1.1399
3.6360,1.1450
3.6365,1.1450
3.6371,1.1450
3.6376,1.1450
3.6381,1.1450
3.6386,1.1450
3.6392,1.1399
3.6397,1.1450
3.6402,1.1500
3.6408,1.1450
3.6413,1.1450
3.6418,1.1450
3.6424,1.1450
3.6429,1.1450
3.6434,1.1399
3.6440,1.1450
3.6445,1.1450
3.6450,1.1450
3.6455,1.1450
3.6461,1.1450
3.6466,1.1450
3.6471,1.1450
3.6477,1.1450
3.6482,1.1450
3.6487,1.1399
3.6493,1.1450
3.6498,1.1450
3.6503,1.1450
3.6509,1.1450
3.6514,1.1450
3.6519,1.1450
3.6525,1.1500
3.6530,1.1450
3.6535,1.1450
3.6541,1.1450
3.6546,1.1450
3.6551,1.1399
3.6557,1.1450
3.6562,1.1500
3.6567,1.1500
3.6572,1.1450
3.6578,1.1450
3.6583,1.1399
3.6588,1.1450
3.6594,1.1399
3.6599,1.1450
3.6604,1.1450
3.6610,1.1450
3.6615,1.1399
3.6620,1.1450
3.6625,1.1450
3.6631,1.1450
3.6636,1.1450
3.6641,1.1450
3.6647,1.1450
3.6652,1.1399
3.6657,1.1450
3.6663,1.1450
3.6668,1.1450
3.6673,1.1450
3.6678,1.1450
3.6684,1.1450
3.6689,1.1399
3.6694,1.1450
3.6700,1.1450
3.6705,1.1450
3.6710,1.1450
3.6716,1.1450
3.6721,1.1450
3.6726,1.1450
3.6731,1.1450
3.6737,1.1500
3.6742,1.1450
3.6747,1.1450
3.6753,1.1399
3.6758,1.1450
3.6763,1.1399
3.6768,1.1450
3.6774,1.1450
3.6779,1.1450
3.6784,1.1450
3.6790,1.1450
3.6795,1.1399
3.6800,1.1399
3.6806,1.1450
3.6811,1.1450
3.6816,1.1399
3.6821,1.1450
3.6827,1.1399
3.6832,1.1450
3.6837,1.1500
3.6843,1.1450
3.6848,1.1450
3.6854,1.1399
3.6859,1.1450
3.6864,1.1450
3.6869,1.1450
3.6875,1.1450
3.6880,1.1450
3.6885,1.1450
3.6891,1.1450
3.6896,1.1450
3.6901,1.1450
3.6907,1.1450
3.6912,1.1450
3.6917,1.1450
3.6922,1.1500
3.6928,1.1399
3.6933,1.1500
3.6938,1.1450
3.6944,1.1450
3.6949,1.1450
3.6954,1.1450
3.6960,1.1450
3.6965,1.1450
3.6970,1.1450
3.6975,1.1399
3.6981,1.1399
3.6986,1.1450
3.6991,1.1399
3.6997,1.1450
3.7002,1.1399
3.7007,1.1450
3.7012,1.1450
3.7018,1.1399
3.7023,1.1450
3.7028,1.1450
3.7034,1.1450
3.7039,1.1500
3.7044,1.1500
3.7050,1.1399
3.7055,1.1399
3.7060,1.1399
3.7067,1.1399
3.7072,1.1450
3.7077,1.1450
3.7082,1.1450
3.7088,1.1450
3.7093,1.1450
3.7098,1.1450
3.7104,1.1399
3.7109,1.1450
3.7114,1.1450
3.7120,1.1450
3.7125,1.1450
3.7130,1.1450
3.7135,1.1450
3.7141,1.1450
3.7146,1.1399
3.7151,1.1450
3.7157,1.1450
3.7162,1.1450
3.7167,1.1450
3.7173,1.1450
3.7178,1.1399
3.7183,1.1399
3.7188,1.1450
3.7194,1.1450
3.7199,1.1399
3.7204,1.1450
3.7210,1.1450
3.7215,1.1450
3.7220,1.1399
3.7226,1.1399
3.7231,1.1450
3.7236,1.1450
3.7241,1.1450
3.7247,1.1450
3.7252,1.1399
3.7257,1.1399
3.7263,1.1450
3.7268,1.1450
3.7273,1.1450
3.7278,1.1450
3.7284,1.1450
3.7289,1.1399
3.7295,1.1450
3.7300,1.1399
3.7305,1.1399
3.7310,1.1399
3.7316,1.1450
3.7322,1.1399
3.7327,1.1450
3.7333,1.1450
3.7338,1.1450
3.7343,1.1450
3.7349,1.1450
3.7354,1.1450
3.7359,1.1450
3.7365,1.1450
3.7370,1.1450
3.7375,1.1450
3.7381,1.1450
3.7386,1.1450
3.7391,1.1399
3.7397,1.1399
3.7402,1.1399
3.7407,1.1450
3.7413,1.1450
3.7418,1.1450
3.7423,1.1450
3.7429,1.1450
3.7434,1.1399
3.7440,1.1399
3.7445,1.1450
3.7450,1.1450
3.7456,1.1399
3.7461,1.1399
3.7466,1.1399
3.7472,1.1450
3.7477,1.1450
3.7482,1.1399
3.7488,1.1399
3.7493,1.1450
3.7499,1.1450
3.7504,1.1450
3.7509,1.1399
3.7515,1.1399
3.7520,1.1399
3.7526,1.1399
3.7531,1.1399
3.7536,1.1399
3.7542,1.1399
3.7547,1.1450
3.7552,1.1450
3.7558,1.1450
3.7563,1.1450
3.7568,1.1399
3.7574,1.1450
3.7579,1.1450
3.7585,1.1450
3.7590,1.1399
3.7595,1.1450
3.7601,1.1399
3.7606,1.1450
3.7611,1.1399
3.7617,1.1450
3.7622,1.1450
3.7627,1.1450
3.7633,1.1450
3.7638,1.1450
3.7644,1.1399
3.7649,1.1450
3.7654,1.1399
3.7660,1.1450
3.7665,1.1450
3.7670,1.1450
3.7676,1.1450
3.7681,1.1450
3.7686,1.1450
3.7692,1.1450
3.7697,1.1450
3.7702,1.1450
3.7708,1.1450
3.7713,1.1399
3.7719,1.1450
3.7724,1.1399
3.7729,1.1399
3.7735,1.1399
3.7740,1.1399
3.7745,1.1399
3.7751,1.1399
3.7756,1.1399
3.7761,1.1450
3.7767,1.1450
3.7772,1.1399
3.7777,1.1399
3.7783,1.1349
3.7788,1.1450
3.7794,1.1450
3.7799,1.1450
3.7804,1.1399
3.7810,1.1450
3.7815,1.1450
3.7820,1.1399
3.7826,1.1450
3.7831,1.1399
3.7836,1.1450
3.7842,1.1450
3.7847,1.1399
3.7853,1.1450
3.7858,1.1399
3.7863,1.1450
3.7869,1.1450
3.7874,1.1450
3.7879,1.1450
3.7885,1.1450
3.7890,1.1399
3.7895,1.1399
3.7901,1.1450
3.7906,1.1399
3.7912,1.1450
3.7917,1.1450
3.7922,1.1450
3.7928,1.1399
3.7933,1.1399
3.7938,1.1450
3.7944,1.1399
3.7949,1.1349
3.7954,1.1450
3.7960,1.1399
3.7965,1.1450
3.7970,1.1349
3.7976,1.1399
3.7981,1.1450
3.7987,1.1399
3.7992,1.1399
3.7997,1.1399
3.8003,1.1450
3.8008,1.1399
3.8013,1.1399
3.8019,1.1450
3.8024,1.1450
3.8029,1.1399
3.8035,1.1399
3.8040,1.1450
3.8046,1.1399
3.8051,1.1399
3.8056,1.1399
3.8062,1.1399
3.8067,1.1399
3.8072,1.1450
3.8078,1.1399
3.8083,1.1450
3.8088,1.1450
3.8094,1.1450
3.8099,1.1399
3.8104,1.1399
3.8110,1.1399
3.8115,1.1399
3.8121,1.1399
3.8126,1.1399
3.8131,1.1399
3.8137,1.1399
3.8142,1.1399
3.8147,1.1450
3.8153,1.1349
3.8158,1.1450
3.8163,1.1450
3.8169,1.1399
3.8174,1.1399
3.8180,1.1450
3.8185,1.1450
3.8190,1.1399
3.8196,1.1450
3.8201,1.1399
3.8207,1.1450
3.8212,1.1450
3.8217,1.1450
3.8223,1.1399
3.8228,1.1399
3.8233,1.1450
3.8239,1.1450
3.8244,1.1399
3.8249,1.1399
3.8255,1.1450
3.8260,1.1349
3.8266,1.1399
3.8271,1.1399
3.8276,1.1450
3.8282,1.1450
3.8287,1.1450
3.8292,1.1450
3.8298,1.1450
3.8303,1.1399
3.8308,1.1450
3.8314,1.1399
3.8319,1.1399
3.8325,1.1399
3.8331,1.1399
3.8336,1.1450
3.8342,1.1399
3.8347,1.1399
3.8352,1.1399
3.8358,1.1399
3.8363,1.1399
3.8369,1.1399
3.8374,1.1399
3.8379,1.1399
3.8385,1.1399
3.8390,1.1399
3.8396,1.1399
3.8401,1.1450
3.8406,1.1399
3.8412,1.1399
3.8417,1.1399
3.8423,1.1399
3.8428,1.1399
3.8433,1.1399
3.8439,1.1450
3.8444,1.1399
3.8450,1.1399
3.8455,1.1450
3.8461,1.1450
3.8466,1.1399
3.8471,1.1399
3.8477,1.1450
3.8482,1.1450
3.8488,1.1399
3.8493,1.1399
3.8498,1.1399
3.8504,1.1399
3.8509,1.1399
3.8515,1.1349
3.8520,1.1349
3.8525,1.1450
3.8531,1.1399
3.8536,1.1450
3.8542,1.1399
3.8547,1.1450
3.8552,1.1399
3.8558,1.1399
3.8563,1.1450
3.8569,1.1399
3.8574,1.1450
3.8579,1.1399
3.8585,1.1450
3.8590,1.1399
3.8596,1.1399
3.8601,1.1399
3.8606,1.1399
3.8612,1.1399
3.8617,1.1399
3.8623,1.1399
3.8628,1.1450
3.8633,1.1399
3.8639,1.1399
3.8644,1.1349
3.8650,1.1450
3.8655,1.1399
3.8660,1.1399
3.8669,1.1399
3.8675,1.1399
3.8680,1.1399
3.8686,1.1349
3.8693,1.1399
3.8699,1.1399
3.8704,1.1349
3.8709,1.1450
3.8715,1.1399
3.8720,1.1349
3.8726,1.1399
3.8731,1.1399
3.8737,1.1399
3.8742,1.1399
3.8747,1.1450
3.8753,1.1399
3.8758,1.1399
3.8764,1.1399
3.8769,1.1399
3.8774,1.1399
3.8780,1.1450
3.8785,1.1450
3.8791,1.1399
3.8796,1.1450
3.8801,1.1399
3.8807,1.1399
3.8812,1.1399
3.8818,1.1399
3.8823,1.1399
3.8828,1.1349
3.8834,1.1399
3.8839,1.1450
3.8844,1.1399
3.8850,1.1399
3.8855,1.1399
3.8861,1.1399
3.8866,1.1399
3.8871,1.1399
3.8877,1.1399
3.8882,1.1399
3.8887,1.1399
3.8893,1.1399
3.8898,1.1399
3.8904,1.1450
3.8909,1.1399
3.8915,1.1450
3.8921,1.1399
3.8927,1.1399
3.8932,1.1399
3.8938,1.1349
3.8944,1.1399
3.8950,1.1399
3.8960,1.1450
3.8966,1.1399
3.8971,1.1399
3.8977,1.1399
3.8982,1.1399
3.8989,1.1399
3.8994,1.1399
3.9000,1.1349
3.9005,1.1399
3.9011,1.1399
3.9016,1.1399
3.9022,1.1399
3.9027,1.1450
3.9032,1.1450
3.9038,1.1399
3.9043,1.1399
3.9049,1.1349
3.9054,1.1349
3.9060,1.1399
3.9065,1.1399
3.9071,1.1450
3.9076,1.1450
3.9082,1.1399
3.9087,1.1399
3.9093,1.1399
3.9098,1.1399
3.9104,1.1450
3.9110,1.1450
3.9115,1.1399
3.9121,1.1399
3.9126,1.1399
3.9132,1.1349
3.9137,1.1450
3.9143,1.1450
3.9149,1.1399
3.9154,1.1450
3.9160,1.1399
3.9166,1.1399
3.9171,1.1450
3.9177,1.1399
3.9182,1.1399
3.9188,1.1399
3.9193,1.1399
3.9198,1.1399
3.9204,1.1450
3.9209,1.1399
3.9214,1.1450
3.9220,1.1450
3.9225,1.1399
3.9231,1.1399
3.9236,1.1399
3.9241,1.1399
3.9247,1.1450
3.9252,1.1399
3.9257,1.1450
3.9263,1.1450
3.9268,1.1399
3.9274,1.1450
3.9279,1.1450
3.9284,1.1450
3.9290,1.1450
3.9295,1.1450
3.9301,1.1450
3.9306,1.1450
3.9312,1.1450
3.9317,1.1399
3.9323,1.1500
3.9328,1.1450
3.9334,1.1450
3.9339,1.1450
3.9344,1.1450
3.9350,1.1450
3.9355,1.1450
3.9360,1.1450
3.9366,1.1450
3.9371,1.1450
3.9377,1.1450
3.9382,1.1450
3.9387,1.1399
3.9393,1.1450
3.9398,1.1500
3.9404,1.1450
3.9409,1.1450
3.9414,1.1450
3.9420,1.1450
3.9425,1.1500
3.9430,1.1450
3.9436,1.1450
3.9441,1.1500
3.9446,1.1500
3.9452,1.1450
3.9457,1.1450
3.9463,1.1450
3.9468,1.1500
3.9473,1.1500
3.9479,1.1500
3.9484,1.1500
3.9489,1.1450
3.9495,1.1500
3.9500,1.1450
3.9506,1.1500
3.9511,1.1450
3.9516,1.1500
3.9522,1.1500
3.9527,1.1500
3.9532,1.1500
3.9538,1.1450
3.9543,1.1500
3.9549,1.1500
3.9554,1.1500
3.9559,1.1551
3.9565,1.1450
3.9570,1.1500
3.9575,1.1551
3.9581,1.1500
3.9586,1.1500
3.9592,1.1500
3.9597,1.1551
3.9603,1.1500
3.9608,1.1500
3.9613,1.1500
3.9619,1.1500
3.9624,1.1500
3.9630,1.1500
3.9635,1.1500
3.9640,1.1500
3.9646,1.1500
3.9651,1.1500
3.9656,1.1500
3.9662,1.1500
3.9667,1.1500
3.9673,1.1500
3.9678,1.1551
3.9683,1.1551
3.9689,1.1551
3.9694,1.1551
3.9700,1.1551
3.9705,1.1500
3.9710,1.1601
3.9716,1.1551
3.9721,1.1500
3.9727,1.1551
3.9732,1.1551
3.9737,1.1551
3.9743,1.1551
3.9748,1.1551
3.9753,1.1551
3.9759,1.1551
3.9764,1.1551
3.9769,1.1500
3.9775,1.1500
3.9780,1.1601
3.9786,1.1601
3.9791,1.1601
3.9796,1.1551
3.9802,1.1551
3.9807,1.1601
3.9813,1.1551
3.9818,1.1601
3.9823,1.1551
3.9829,1.1551
3.9834,1.1551
3.9840,1.1601
3.9845,1.1601
3.9850,1.1551
3.9856,1.1551
3.9861,1.1601
3.9867,1.1601
3.9872,1.1551
3.9877,1.1551
3.9883,1.1601
3.9888,1.1601
3.9894,1.1551
3.9899,1.1601
3.9905,1.1601
3.9910,1.1601
3.9915,1.1551
3.9921,1.1601
3.9926,1.1601
3.9932,1.1551
3.9937,1.1601
3.9942,1.1601
3.9948,1.1551
3.9953,1.1601
3.9959,1.1652
3.9964,1.1601
3.9969,1.1601
3.9975,1.1551
3.9980,1.1652
3.9986,1.1601
3.9991,1.1601
3.9996,1.1601
4.0002,1.1601
4.0007,1.1551
4.0013,1.1652
4.0018,1.1601
4.0024,1.1601
4.0029,1.1601
4.0034,1.1601
4.0040,1.1551
4.0045,1.1601
4.0051,1.1601
4.0056,1.1551
4.0061,1.1601
4.0067,1.1601
4.0072,1.1601
4.0078,1.1551
4.0083,1.1551
4.0088,1.1551
4.0094,1.1551
4.0099,1.1601
4.0105,1.1551
4.0110,1.1652
4.0116,1.1601
4.0121,1.1551
4.0126,1.1601
4.0132,1.1652
4.0137,1.1601
4.0143,1.1652
4.0148,1.1601
4.0153,1.1652
4.0159,1.1601
4.0164,1.1652
4.0170,1.1601
4.0175,1.1601
4.0180,1.1601
4.0186,1.1652
4.0191,1.1652
4.0197,1.1601
4.0202,1.1652
4.0208,1.1601
4.0213,1.1652
4.0219,1.1652
4.0224,1.1601
4.0229,1.1652
4.0235,1.1601
4.0240,1.1601
4.0246,1.1551
4.0251,1.1601
4.0256,1.1652
4.0262,1.1601
4.0267,1.1601
4.0273,1.1652
4.0278,1.1601
4.0284,1.1601
4.0289,1.1652
4.0295,1.1652
4.0300,1.1601
4.0305,1.1652
4.0311,1.1601
4.0316,1.1652
4.0322,1.1652
4.0327,1.1652
4.0332,1.1601
4.0338,1.1601
4.0344,1.1652
4.0350,1.1601
4.0355,1.1601
4.0361,1.1601
4.0366,1.1601
4.0372,1.1601
4.0377,1.1652
4.0383,1.1652
4.0388,1.1601
4.0394,1.1652
4.0399,1.1652
4.0404,1.1652
4.0410,1.1652
4.0415,1.1652
4.0421,1.1601
4.0426,1.1652
4.0432,1.1652
4.0437,1.1601
4.0443,1.1652
4.0448,1.1601
4.0454,1.1652
4.0459,1.1652
4.0465,1.1601
4.0470,1.1551
4.0475,1.1652
4.0481,1.1652
4.0486,1.1601
4.0492,1.1652
4.0497,1.1652
4.0503,1.1652
4.0508,1.1601
4.0514,1.1601
4.0519,1.1652
4.0525,1.1601
4.0530,1.1652
4.0536,1.1652
4.0541,1.1601
4.0546,1.1601
4.0552,1.1652
4.0557,1.1652
4.0563,1.1652
4.0568,1.1652
4.0574,1.1601
4.0579,1.1702
4.0585,1.1652
4.0590,1.1652
4.0596,1.1652
4.0601,1.1652
4.0607,1.1652
4.0612,1.1652
4.0617,1.1652
4.0623,1.1601
4.0629,1.1601
4.0634,1.1652
4.0640,1.1652
4.0645,1.1652
4.0651,1.1601
4.0656,1.1652
4.0661,1.1601
4.0667,1.1652
4.0672,1.1652
4.0678,1.1652
4.0683,1.1652
4.0689,1.1601
4.0695,1.1652
4.0700,1.1601
4.0706,1.1601
4.0711,1.1652
4.0717,1.1652
4.0722,1.1702
4.0727,1.1652
4.0733,1.1551
4.0738,1.1652
4.0744,1.1652
4.0749,1.1652
4.0755,1.1652
4.0760,1.1652
4.0766,1.1652
4.0771,1.1601
4.0777,1.1652
4.0782,1.1601
4.0787,1.1652
4.0793,1.1702
4.0798,1.1652
4.0804,1.1601
4.0809,1.1652
4.0815,1.1652
4.0820,1.1652
4.0826,1.1652
4.0831,1.1652
4.0837,1.1652
4.0842,1.1652
4.0848,1.1652
4.0853,1.1652
4.0858,1.1652
4.0864,1.1601
4.0869,1.1652
4.0875,1.1652
4.0880,1.1652
4.0886,1.1601
4.0891,1.1652
4.0897,1.1601
4.0902,1.1652
4.0908,1.1652
4.0913,1.1652
4.0919,1.1652
4.0924,1.1702
4.0929,1.1652
4.0935,1.1652
4.0940,1.1652
4.0946,1.1652
4.0951,1.1652
4.0957,1.1652
4.0962,1.1652
4.0968,1.1652
4.0973,1.1652
4.0979,1.1652
4.0984,1.1601
4.0990,1.1652
4.0995,1.1652
4.1001,1.1601
4.1006,1.1601
4.1012,1.1652
4.1017,1.1652
4.1023,1.1601
4.1028,1.1601
4.1034,1.1601
4.1039,1.1652
4.1044,1.1652
4.1050,1.1652
4.1055,1.1601
4.1061,1.1652
4.1066,1.1601
4.1072,1.1652
4.1077,1.1652
4.1083,1.1652
4.1088,1.1601
4.1094,1.1652
4.1099,1.1601
4.1105,1.1652
4.1110,1.1652
4.1116,1.1652
4.1121,1.1601
4.1126,1.1601
4.1132,1.1652
4.1137,1.1702
4.1143,1.1652
4.1148,1.1601
4.1154,1.1652
4.1159,1.1601
4.1165,1.1652
4.1170,1.1652
4.1176,1.1601
4.1181,1.1652
4.1187,1.1601
4.1192,1.1601
4.1198,1.1601
4.1203,1.1652
4.1209,1.1601
4.1214,1.1652
4.1219,1.1601
4.1225,1.1652
4.1230,1.1652
4.1236,1.1601
4.1241,1.1652
4.1247,1.1652
4.1252,1.1601
4.1258,1.1652
4.1263,1.1702
4.1269,1.1601
4.1274,1.1601
4.1279,1.1652
4.1285,1.1652
4.1290,1.1652
4.1296,1.1652
4.1301,1.1601
4.1307,1.1652
4.1312,1.1601
4.1318,1.1652
4.1323,1.1601
4.1329,1.1652
4.1334,1.1652
4.1340,1.1652
4.1345,1.1601
4.1351,1.1652
4.1356,1.1652
4.1362,1.1601
4.1367,1.1652
4.1373,1.1601
4.1378,1.1652
4.1384,1.1652
4.1389,1.1652
4.1395,1.1601
4.1400,1.1601
4.1406,1.1652
4.1411,1.1601
4.1416,1.1601
4.1422,1.1601
4.1427,1.1601
4.1433,1.1601
4.1438,1.1652
4.1444,1.1601
4.1449,1.1652
4.1455,1.1652
4.1460,1.1601
4.1466,1.1652
4.1471,1.1652
4.1476,1.1652
4.1482,1.1652
4.1487,1.1601
4.1493,1.1551
4.1498,1.1652
4.1504,1.1601
4.1509,1.1652
4.1515,1.1652
4.1520,1.1652
4.1526,1.1601
4.1531,1.1551
4.1537,1.1601
4.1542,1.1652
4.1548,1.1601
4.1553,1.1601
4.1558,1.1601
4.1564,1.1652
4.1569,1.1652
4.1575,1.1601
4.1580,1.1652
4.1586,1.1652
4.1591,1.1652
4.1597,1.1601
4.1602,1.1652
4.1608,1.1601
4.1613,1.1652
4.1619,1.1652
4.1624,1.1601
4.1629,1.1601
4.1635,1.1601
4.1640,1.1551
4.1646,1.1601
4.1651,1.1652
4.1657,1.1601
4.1662,1.1601
4.1668,1.1601
4.1674,1.1601
4.1679,1.1652
4.1684,1.1601
4.1690,1.1601
4.1695,1.1652
4.1701,1.1601
4.1706,1.1601
4.1712,1.1551
4.1717,1.1601
4.1723,1.1652
4.1728,1.1601
4.1734,1.1601
4.1739,1.1652
4.1745,1.1652
4.1750,1.1601
4.1756,1.1601
4.1761,1.1652
4.1767,1.1601
4.1772,1.1601
4.1778,1.1652
4.1783,1.1601
4.1789,1.1601
4.1795,1.1601
4.1800,1.1601
4.1806,1.1652
4.1811,1.1601
4.1817,1.1601
4.1822,1.1601
4.1828,1.1601
4.1833,1.1652
4.1839,1.1601
4.1844,1.1601
4.1850,1.1601
4.1855,1.1601
4.1861,1.1551
4.1866,1.1601
4.1872,1.1601
4.1877,1.1601
4.1883,1.1601
4.1889,1.1652
4.1894,1.1601
4.1900,1.1551
4.1905,1.1601
4.1911,1.1601
4.1916,1.1601
4.1922,1.1601
4.1927,1.1601
4.1933,1.1601
4.1938,1.1601
4.1944,1.1601
4.1949,1.1601
4.1955,1.1551
4.1960,1.1601
4.1966,1.1551
4.1971,1.1551
4.1976,1.1601
4.1982,1.1601
4.1988,1.1601
4.1993,1.1601
4.1999,1.1601
4.2004,1.1551
4.2010,1.1551
4.2016,1.1601
4.2021,1.1601
4.2027,1.1601
4.2033,1.1601
4.2038,1.1601
4.2044,1.1601
4.2050,1.1601
4.2055,1.1601
4.2061,1.1652
4.2066,1.1551
4.2072,1.1601
4.2078,1.1601
4.2083,1.1601
4.2089,1.1601
4.2095,1.1601
4.2101,1.1601
4.2106,1.1601
4.2112,1.1551
4.2118,1.1601
4.2124,1.1601
4.2130,1.1551
4.2136,1.1652
4.2142,1.1601
4.2148,1.1601
4.2154,1.1601
4.2160,1.1601
4.2165,1.1601
4.2171,1.1601
4.2177,1.1601
4.2182,1.1601
4.2188,1.1601
4.2194,1.1601
4.2200,1.1500
4.2205,1.1601
4.2211,1.1551
4.2217,1.1551
4.2223,1.1551
4.2229,1.1551
4.2234,1.1601
4.2241,1.1601
4.2247,1.1551
4.2253,1.1601
4.2258,1.1601
4.2264,1.1551
4.2269,1.1601
4.2274,1.1551
4.2280,1.1551
4.2285,1.1551
4.2291,1.1551
4.2296,1.1601
4.2302,1.1601
4.2307,1.1601
4.2313,1.1601
4.2319,1.1601
4.2324,1.1601
4.2330,1.1551
4.2335,1.1500
4.2341,1.1601
4.2347,1.1551
4.2354,1.1601
4.2360,1.1601
4.2366,1.1551
4.2371,1.1551
4.2376,1.1551
4.2382,1.1601
4.2387,1.1601
4.2393,1.1551
4.2398,1.1601
4.2404,1.1601
4.2409,1.1601
4.2414,1.1551
4.2420,1.1601
4.2425,1.1601
4.2431,1.1551
4.2436,1.1500
4.2441,1.1551
4.2447,1.1601
4.2452,1.1601
4.2457,1.1601
4.2463,1.1551
4.2468,1.1601
4.2473,1.1551
4.2479,1.1601
4.2484,1.1601
4.2490,1.1551
4.2495,1.1551
4.2500,1.1601
4.2506,1.1601
4.2511,1.1551
4.2516,1.1601
4.2522,1.1551
4.2527,1.1551
4.2532,1.1601
4.2538,1.1551
4.2543,1.1551
4.2548,1.1551
4.2554,1.1551
4.2559,1.1601
4.2564,1.1551
4.2570,1.1551
4.2575,1.1601
4.2580,1.1551
4.2586,1.1551
4.2591,1.1500
4.2596,1.1601
4.2602,1.1601
4.2607,1.1601
4.2613,1.1551
4.2618,1.1551
4.2623,1.1601
4.2629,1.1551
4.2634,1.1551
4.2639,1.1551
4.2645,1.1601
4.2650,1.1601
4.2655,1.1601
4.2661,1.1551
4.2666,1.1551
4.2671,1.1500
4.2677,1.1601
4.2682,1.1551
4.2687,1.1551
4.2693,1.1601
4.2698,1.1551
4.2704,1.1601
4.2709,1.1601
4.2714,1.1601
4.2720,1.1601
4.2725,1.1601
4.2730,1.1601
4.2736,1.1551
4.2741,1.1551
4.2746,1.1551
4.2752,1.1601
4.2757,1.1601
4.2763,1.1551
4.2768,1.1551
4.2773,1.1500
4.2779,1.1551
4.2784,1.1601
4.2789,1.1601
4.2795,1.1601
4.2800,1.1551
4.2805,1.1601
4.2811,1.1551
4.2816,1.1601
4.2822,1.1601
4.2827,1.1601
4.2833,1.1551
4.2838,1.1551
4.2843,1.1500
4.2849,1.1601
4.2854,1.1601
4.2860,1.1551
4.2865,1.1601
4.2870,1.1551
4.2876,1.1551
4.2881,1.1551
4.2886,1.1551
4.2892,1.1601
4.2898,1.1551
4.2903,1.1551
4.2908,1.1551
4.2914,1.1551
4.2919,1.1551
4.2925,1.1551
4.2930,1.1551
4.2935,1.1551
4.2941,1.1500
4.2946,1.1551
4.2951,1.1601
4.2957,1.1601
4.2962,1.1601
4.2967,1.1601
4.2973,1.1551
4.2978,1.1601
4.2983,1.1601
4.2990,1.1601
4.2995,1.1551
4.3001,1.1551
4.3006,1.1551
4.3011,1.1500
4.3017,1.1551
4.3022,1.1601
4.3027,1.1601
4.3033,1.1601
4.3038,1.1601
4.3043,1.1551
4.3049,1.1500
4.3054,1.1500
4.3059,1.1601
4.3065,1.1500
4.3071,1.1551
4.3076,1.1601
4.3081,1.1551
4.3087,1.1601
4.3092,1.1601
4.3098,1.1500
4.3104,1.1601
4.3109,1.1551
4.3115,1.1551
4.3120,1.1601
4.3126,1.1551
4.3131,1.1601
4.3138,1.1601
4.3143,1.1551
4.3148,1.1551
4.3154,1.1551
4.3159,1.1601
4.3165,1.1601
4.3186,1.1601
4.3192,1.1601
4.3197,1.1601
4.3203,1.1551
4.3208,1.1601
4.3213,1.1551
4.3219,1.1601
4.3224,1.1551
4.3230,1.1601
4.3235,1.1551
4.3240,1.1551
4.3246,1.1500
4.3251,1.1601
4.3257,1.1500
4.3262,1.1601
4.3280,1.1551
4.3285,1.1551
4.3291,1.1551
4.3296,1.1601
4.3302,1.1551
4.3307,1.1601
4.3313,1.1551
4.3318,1.1551
4.3327,1.1551
4.3332,1.1551
4.3338,1.1551
4.3344,1.1551
4.3349,1.1500
4.3356,1.1601
4.3361,1.1551
4.3367,1.1551
4.3372,1.1551
4.3377,1.1551
4.3383,1.1551
4.3388,1.1601
4.3394,1.1551
4.3399,1.1551
4.3404,1.1551
4.3410,1.1551
4.3415,1.1551
4.3420,1.1551
4.3425,1.1551
4.3431,1.1551
4.3436,1.1601
4.3441,1.1500
4.3446,1.1551
4.3451,1.1551
4.3457,1.1601
4.3462,1.1601
4.3467,1.1551
4.3472,1.1500
4.3478,1.1551
4.3483,1.1551
4.3488,1.1551
4.3493,1.1551
4.3498,1.1551
4.3504,1.1601
4.3509,1.1551
4.3514,1.1551
4.3519,1.1500
4.3525,1.1551
4.3530,1.1551
4.3535,1.1551
4.3540,1.1551
4.3545,1.1551
4.3551,1.1551
4.3556,1.1551
4.3562,1.1551
4.3567,1.1551
4.3573,1.1551
4.3578,1.1601
4.3584,1.1601
4.3589,1.1551
4.3594,1.1601
4.3600,1.1551
4.3605,1.1551
4.3610,1.1551
4.3615,1.1551
4.3621,1.1601
4.3626,1.1551
4.3631,1.1601
4.3636,1.1551
4.3641,1.1601
4.3647,1.1601
4.3652,1.1551
4.3657,1.1551
4.3662,1.1500
4.3667,1.1551
4.3673,1.1601
4.3678,1.1551
4.3683,1.1601
4.3688,1.1601
4.3694,1.1500
4.3699,1.1500
4.3704,1.1551
4.3709,1.1551
4.3714,1.1551
4.3720,1.1551
4.3725,1.1551
4.3730,1.1551
4.3735,1.1551
4.3740,1.1551
4.3746,1.1551
4.3751,1.1551
4.3756,1.1500
4.3761,1.1551
4.3767,1.1601
4.3772,1.1601
4.3777,1.1601
4.3782,1.1551
4.3788,1.1601
4.3793,1.1551
4.3798,1.1551
4.3803,1.1551
4.3808,1.1500
4.3814,1.1601
4.3819,1.1551
4.3824,1.1551
4.3829,1.1551
4.3835,1.1551
4.3840,1.1500
4.3845,1.1551
4.3850,1.1500
4.3855,1.1500
4.3861,1.1551
4.3866,1.1551
4.3871,1.1551
4.3876,1.1551
4.3881,1.1551
4.3887,1.1500
4.3892,1.1551
4.3897,1.1551
4.3902,1.1551
4.3908,1.1551
4.3914,1.1500
4.3919,1.1551
4.3926,1.1551
4.3931,1.1500
4.3937,1.1551
4.3943,1.1500
4.3948,1.1500
4.3954,1.1551
4.3959,1.1551
4.3965,1.1500
4.3971,1.1500
4.3976,1.1551
4.3981,1.1551
4.3987,1.1500
4.3992,1.1551
4.3997,1.1551
4.4003,1.1551
4.4008,1.1551
4.4013,1.1551
4.4019,1.1551
4.4024,1.1551
4.4030,1.1551
4.4035,1.1500
4.4041,1.1500
4.4046,1.1500
4.4052,1.1551
4.4057,1.1551
4.4062,1.1551
4.4068,1.1551
4.4073,1.1500
4.4079,1.1551
4.4084,1.1500
4.4089,1.1551
4.4094,1.1601
4.4100,1.1500
4.4105,1.1551
4.4110,1.1551
4.4115,1.1551
4.4121,1.1551
4.4126,1.1500
4.4131,1.1551
4.4136,1.1500
4.4142,1.1500
4.4147,1.1500
4.4152,1.1551
4.4157,1.1551
4.4163,1.1500
4.4168,1.1500
4.4173,1.1551
4.4178,1.1500
4.4184,1.1500
4.4189,1.1500
4.4194,1.1500
4.4199,1.1500
4.4205,1.1551
4.4210,1.1500
4.4215,1.1551
4.4220,1.1551
4.4225,1.1500
4.4231,1.1500
4.4236,1.1500
4.4241,1.1500
4.4246,1.1500
4.4252,1.1551
4.4257,1.1500
4.4262,1.1500
4.4267,1.1551
4.4272,1.1551
4.4278,1.1500
4.4283,1.1551
4.4288,1.1500
4.4293,1.1500
4.4298,1.1500
4.4304,1.1500
4.4309,1.1500
4.4314,1.1500
4.4319,1.1500
4.4325,1.1500
4.4330,1.1500
4.4335,1.1551
4.4340,1.1450
4.4345,1.1500
4.4351,1.1500
4.4356,1.1500
4.4361,1.1500
4.4366,1.1500
4.4372,1.1500
4.4377,1.1551
4.4382,1.1500
4.4387,1.1551
4.4392,1.1500
4.4398,1.1500
4.4403,1.1500
4.4408,1.1500
4.4413,1.1500
4.4419,1.1551
4.4424,1.1450
4.4429,1.1450
4.4434,1.1500
4.4439,1.1500
4.4445,1.1500
4.4450,1.1500
4.4455,1.1500
4.4460,1.1500
4.4466,1.1500
4.4471,1.1500
4.4476,1.1551
4.4481,1.1500
4.4487,1.1500
4.4492,1.1450
4.4497,1.1450
4.4502,1.1500
4.4507,1.1500
4.4513,1.1500
4.4518,1.1450
4.4523,1.1450
4.4528,1.1450
4.4533,1.1500
4.4539,1.1500
4.4544,1.1500
4.4549,1.1500
4.4554,1.1500
4.4560,1.1450
4.4565,1.1500
4.4570,1.1500
4.4575,1.1450
4.4580,1.1551
4.4586,1.1500
4.4591,1.1500
4.4596,1.1500
4.4601,1.1500
4.4607,1.1500
4.4612,1.1500
4.4617,1.1500
4.4622,1.1500
4.4628,1.1551
4.4633,1.1500
4.4638,1.1551
4.4643,1.1500
4.4648,1.1500
4.4654,1.1500
4.4659,1.1500
4.4664,1.1500
4.4669,1.1500
4.4675,1.1500
4.4680,1.1450
4.4685,1.1500
4.4690,1.1500
4.4696,1.1500
4.4701,1.1500
4.4706,1.1500
4.4711,1.1500
4.4716,1.1450
4.4722,1.1450
4.4727,1.1500
4.4732,1.1500
4.4737,1.1450
4.4743,1.1450
4.4748,1.1450
4.4753,1.1551
4.4758,1.1500
4.4763,1.1500
4.4769,1.1500
4.4774,1.1500
4.4779,1.1551
4.4784,1.1500
4.4790,1.1500
4.4795,1.1500
4.4800,1.1399
4.4805,1.1500
4.4811,1.1500
4.4816,1.1450
4.4821,1.1450
4.4826,1.1500
4.4832,1.1500
4.4837,1.1500
4.4842,1.1500
4.4847,1.1500
4.4853,1.1450
4.4858,1.1500
4.4863,1.1500
4.4868,1.1500
4.4873,1.1450
4.4879,1.1450
4.4884,1.1450
4.4889,1.1500
4.4894,1.1500
4.4900,1.1450
4.4905,1.1450
4.4910,1.1399
4.4915,1.1500
4.4921,1.1450
4.4926,1.1450
4.4931,1.1500
4.4936,1.1450
4.4941,1.1500
4.4947,1.1500
4.4952,1.1450
4.4957,1.1450
4.4962,1.1500
4.4968,1.1500
4.4973,1.1450
4.4978,1.1450
4.4983,1.1450
4.4989,1.1500
4.4994,1.1500
4.4999,1.1551
4.5004,1.1500
4.5010,1.1450
4.5015,1.1500
4.5020,1.1500
4.5025,1.1500
4.5031,1.1500
4.5036,1.1450
4.5041,1.1500
4.5046,1.1450
4.5052,1.1500
4.5057,1.1500
4.5062,1.1450
4.5067,1.1450
4.5073,1.1500
4.5078,1.1450
4.5083,1.1500
4.5088,1.1500
4.5094,1.1450
4.5099,1.1450
4.5104,1.1450
4.5109,1.1450
4.5115,1.1500
4.5120,1.1450
4.5125,1.1500
4.5130,1.1500
4.5136,1.1450
4.5141,1.1450
4.5146,1.1450
4.5151,1.1450
4.5156,1.1500
4.5162,1.1450
4.5167,1.1450
4.5172,1.1450
4.5177,1.1450
4.5182,1.1450
4.5188,1.1450
4.5193,1.1500
4.5198,1.1450
4.5204,1.1450
4.5209,1.1399
4.5214,1.1500
4.5220,1.1450
4.5225,1.1450
4.5230,1.1450
4.5235,1.1399
4.5240,1.1500
4.5246,1.1399
4.5251,1.1450
4.5256,1.1500
4.5261,1.1450
4.5267,1.1450
4.5272,1.1450
4.5277,1.1450
4.5282,1.1500
4.5288,1.1500
4.5293,1.1450
4.5298,1.1450
4.5303,1.1450
4.5309,1.1450
4.5314,1.1450
4.5319,1.1450
4.5324,1.1450
4.5329,1.1500
4.5335,1.1450
4.5340,1.1500
4.5345,1.1450
4.5350,1.1500
4.5356,1.1500
4.5361,1.1399
4.5366,1.1399
4.5371,1.1500
4.5377,1.1450
4.5382,1.1450
4.5387,1.1450
4.5392,1.1450
4.5397,1.1399
4.5403,1.1450
4.5408,1.1450
4.5413,1.1450
4.5418,1.1450
4.5424,1.1399
4.5429,1.1450
4.5434,1.1500
4.5439,1.1450
4.5445,1.1500
4.5450,1.1450
4.5455,1.1399
4.5460,1.1450
4.5465,1.1450
4.5471,1.1450
4.5476,1.1450
4.5481,1.1450
4.5486,1.1450
4.5492,1.1399
4.5497,1.1450
4.5502,1.1450
4.5507,1.1399
4.5513,1.1450
4.5518,1.1500
4.5523,1.1450
4.5528,1.1450
4.5534,1.1450
4.5539,1.1450
4.5544,1.1450
4.5549,1.1450
4.5554,1.1450
4.5560,1.1450
4.5565,1.1450
4.5570,1.1399
4.5575,1.1450
4.5581,1.1450
4.5586,1.1399
4.5591,1.1450
4.5596,1.1450
4.5602,1.1450
4.5607,1.1500
4.5612,1.1500
4.5617,1.1399
4.5622,1.1450
4.5628,1.1450
4.5633,1.1450
4.5638,1.1450
4.5643,1.1450
4.5649,1.1450
4.5654,1.1450
4.5659,1.1450
4.5664,1.1450
4.5670,1.1399
4.5675,1.1450
4.5680,1.1450
4.5685,1.1450
4.5690,1.1399
4.5696,1.1450
4.5701,1.1450
4.5706,1.1450
4.5711,1.1450
4.5717,1.1450
4.5722,1.1450
4.5727,1.1450
4.5732,1.1399
4.5738,1.1450
4.5743,1.1450
4.5748,1.1450
4.5753,1.1450
4.5759,1.1450
4.5764,1.1450
4.5769,1.1450
4.5774,1.1450
4.5779,1.1399
4.5785,1.1450
4.5790,1.1450
4.5795,1.1450
4.5800,1.1399
4.5806,1.1450
4.5811,1.1450
4.5816,1.1450
4.5821,1.1450
4.5827,1.1399
4.5832,1.1450
4.5837,1.1450
4.5842,1.1500
4.5848,1.1450
4.5853,1.1399
4.5858,1.1450
4.5863,1.1450
4.5869,1.1450
4.5874,1.1450
4.5879,1.1450
4.5884,1.1450
4.5889,1.1450
4.5895,1.1450
4.5900,1.1399
4.5905,1.1450
4.5910,1.1399
4.5916,1.1399
4.5921,1.1500
4.5926,1.1399
4.5931,1.1450
4.5937,1.1450
4.5942,1.1450
4.5947,1.1450
4.5952,1.1450
4.5958,1.1450
4.5963,1.1450
4.5968,1.1450
4.5974,1.1450
4.5979,1.1399
4.5984,1.1450
4.5989,1.1450
4.5995,1.1450
4.6000,1.1399
4.6005,1.1450
4.6010,1.1450
4.6015,1.1450
4.6021,1.1450
4.6026,1.1450
4.6031,1.1450
4.6036,1.1450
4.6042,1.1450
4.6047,1.1450
4.6052,1.1450
4.6057,1.1450
4.6063,1.1450
4.6068,1.1450
4.6073,1.1500
4.6078,1.1450
4.6083,1.1399
4.6089,1.1399
4.6094,1.1450
4.6099,1.1450
4.6105,1.1450
4.6110,1.1450
4.6115,1.1450
4.6120,1.1450
4.6125,1.1450
4.6131,1.1399
4.6136,1.1399
4.6141,1.1399
4.6146,1.1450
4.6152,1.1450
4.6157,1.1450
4.6162,1.1450
4.6167,1.1450
4.6173,1.1399
4.6178,1.1450
4.6183,1.1450
4.6188,1.1399
4.6193,1.1450
4.6199,1.1500
4.6204,1.1399
4.6209,1.1450
4.6214,1.1450
4.6220,1.1450
4.6225,1.1450
4.6230,1.1450
4.6235,1.1450
4.6241,1.1399
4.6246,1.1399
4.6251,1.1399
4.6256,1.1450
4.6261,1.1450
4.6267,1.1450
4.6272,1.1450
4.6277,1.1450
4.6282,1.1399
4.6288,1.1399
4.6293,1.1399
4.6298,1.1399
4.6303,1.1450
4.6309,1.1500
4.6314,1.1399
4.6319,1.1399
4.6324,1.1399
4.6330,1.1500
4.6335,1.1450
4.6340,1.1450
4.6345,1.1450
4.6350,1.1399
4.6356,1.1450
4.6361,1.1450
4.6366,1.1450
4.6372,1.1500
4.6377,1.1450
4.6382,1.1450
4.6388,1.1450
4.6393,1.1450
4.6398,1.1450
4.6403,1.1450
4.6409,1.1450
4.6414,1.1450
4.6419,1.1399
4.6424,1.1450
4.6429,1.1399
4.6435,1.1450
4.6440,1.1399
4.6445,1.1450
4.6451,1.1500
4.6456,1.1399
4.6461,1.1399
4.6466,1.1450
4.6471,1.1450
4.6477,1.1450
4.6482,1.1450
4.6487,1.1399
4.6492,1.1399
4.6498,1.1399
4.6503,1.1450
4.6508,1.1450
4.6513,1.1399
4.6519,1.1450
4.6524,1.1399
4.6529,1.1450
4.6534,1.1450
4.6540,1.1450
4.6545,1.1450
4.6550,1.1349
4.6555,1.1399
4.6560,1.1450
4.6566,1.1450
4.6571,1.1500
4.6576,1.1399
4.6581,1.1450
4.6587,1.1399
4.6592,1.1450
4.6597,1.1450
4.6602,1.1450
4.6608,1.1399
4.6613,1.1399
4.6618,1.1399
4.6623,1.1399
4.6629,1.1399
4.6634,1.1450
4.6639,1.1450
4.6644,1.1399
4.6650,1.1399
4.6655,1.1399
4.6660,1.1450
4.6665,1.1450
4.6671,1.1450
4.6676,1.1399
4.6681,1.1399
4.6686,1.1450
4.6692,1.1450
4.6697,1.1450
4.6702,1.1450
4.6707,1.1450
4.6712,1.1450
4.6718,1.1399
4.6723,1.1450
4.6728,1.1450
4.6733,1.1450
4.6739,1.1450
4.6744,1.1450
4.6749,1.1399
4.6754,1.1399
4.6760,1.1450
4.6765,1.1450
4.6770,1.1399
4.6775,1.1450
4.6780,1.1450
4.6786,1.1450
4.6791,1.1450
4.6796,1.1450
4.6801,1.1450
4.6807,1.1500
4.6812,1.1399
4.6817,1.1450
4.6822,1.1450
4.6828,1.1450
4.6833,1.1399
4.6838,1.1399
4.6843,1.1399
4.6849,1.1399
4.6854,1.1450
4.6859,1.1399
4.6864,1.1450
4.6869,1.1399
4.6875,1.1450
4.6880,1.1450
4.6885,1.1450
4.6890,1.1450
4.6896,1.1399
4.6901,1.1399
4.6906,1.1450
4.6911,1.1399
4.6917,1.1399
4.6922,1.1450
4.6927,1.1450
4.6932,1.1399
4.6937,1.1450
4.6943,1.1450
4.6948,1.1450
4.6953,1.1450
4.6958,1.1450
4.6964,1.1399
4.6969,1.1399
4.6974,1.1399
4.6979,1.1399
4.6985,1.1399
4.6990,1.1450
4.6995,1.1450
4.7000,1.1450
4.7005,1.1450
4.7011,1.1399
4.7016,1.1399
4.7021,1.1349
4.7026,1.1349
4.7032,1.1450
4.7037,1.1399
4.7042,1.1399
4.7047,1.1450
4.7053,1.1399
4.7058,1.1399
4.7063,1.1450
4.7068,1.1450
4.7073,1.1399
4.7079,1.1399
4.7084,1.1450
4.7089,1.1450
4.7094,1.1399
4.7100,1.1399
4.7105,1.1450
4.7110,1.1450
4.7115,1.1399
4.7121,1.1450
4.7126,1.1399
4.7131,1.1450
4.7136,1.1399
4.7142,1.1450
4.7147,1.1399
4.7152,1.1450
4.7157,1.1450
4.7163,1.1399
4.7168,1.1450
4.7173,1.1399
4.7178,1.1399
4.7184,1.1450
4.7189,1.1399
4.7194,1.1399
4.7199,1.1399
4.7205,1.1399
4.7210,1.1450
4.7215,1.1399
4.7220,1.1450
4.7226,1.1399
4.7231,1.1450
4.7236,1.1450
4.7244,1.1399
4.7249,1.1399
4.7255,1.1450
4.7260,1.1399
4.7266,1.1450
4.7271,1.1399
4.7276,1.1399
4.7282,1.1399
4.7287,1.1450
4.7292,1.1450
4.7298,1.1450
4.7303,1.1450
4.7309,1.1399
4.7314,1.1399
4.7320,1.1399
4.7325,1.1399
4.7351,1.1450
4.7356,1.1399
4.7362,1.1450
4.7367,1.1399
4.7373,1.1399
4.7378,1.1399
4.7383,1.1399
4.7389,1.1450
4.7395,1.1399
4.7400,1.1399
4.7405,1.1450
4.7411,1.1399
4.7416,1.1399
4.7422,1.1450
4.7444,1.1399
4.7449,1.1399
4.7454,1.1399
4.7463,1.1399
4.7469,1.1450
4.7474,1.1450
4.7479,1.1399
4.7485,1.1399
4.7490,1.1399
4.7495,1.1450
4.7500,1.1450
4.7505,1.1399
4.7511,1.1399
4.7516,1.1399
4.7521,1.1450
4.7526,1.1399
4.7531,1.1399
4.7537,1.1349
4.7542,1.1450
4.7547,1.1349
4.7552,1.1399
4.7557,1.1399
4.7563,1.1399
4.7568,1.1349
4.7573,1.1399
4.7578,1.1399
4.7583,1.1399
4.7589,1.1349
4.7594,1.1399
4.7599,1.1399
4.7604,1.1450
4.7610,1.1450
4.7615,1.1399
4.7620,1.1399
4.7625,1.1399
4.7630,1.1399
4.7636,1.1399
4.7641,1.1399
4.7646,1.1399
4.7651,1.1450
4.7656,1.1349
4.7662,1.1450
4.7667,1.1399
4.7672,1.1399
4.7677,1.1399
4.7682,1.1450
4.7688,1.1399
4.7693,1.1450
4.7698,1.1399
4.7703,1.1399
4.7709,1.1399
4.7714,1.1399
4.7719,1.1399
4.7724,1.1399
4.7729,1.1349
4.7735,1.1450
4.7740,1.1399
4.7745,1.1450
4.7750,1.1399
4.7755,1.1399
4.7761,1.1450
4.7766,1.1399
4.7771,1.1399
4.7776,1.1399
4.7781,1.1399
4.7787,1.1399
4.7792,1.1450
4.7797,1.1399
4.7802,1.1450
4.7807,1.1399
4.7813,1.1399
4.7818,1.1450
4.7823,1.1399
4.7828,1.1450
4.7834,1.1399
4.7839,1.1450
4.7844,1.1399
4.7849,1.1399
4.7854,1.1399
4.7860,1.1450
4.7865,1.1399
4.7870,1.1399
4.7875,1.1399
4.7880,1.1450
4.7886,1.1450
4.7891,1.1399
4.7896,1.1399
4.7901,1.1450
4.7906,1.1399
4.7912,1.1349
4.7917,1.1399
4.7922,1.1399
4.7927,1.1399
4.7932,1.1399
4.7938,1.1399
4.7943,1.1399
4.7948,1.1399
4.7953,1.1399
4.7958,1.1399
4.7964,1.1399
4.7969,1.1399
4.7974,1.1450
4.7979,1.1399
4.7984,1.1399
4.7990,1.1450
4.7995,1.1399
4.8000,1.1399
4.8005,1.1399
4.8010,1.1399
4.8016,1.1399
4.8021,1.1450
4.8026,1.1399
4.8031,1.1399
4.8036,1.1399
4.8042,1.1399
4.8047,1.1349
4.8052,1.1450
4.8057,1.1399
4.8063,1.1399
4.8068,1.1399
4.8073,1.1399
4.8078,1.1399
4.8083,1.1399
4.8089,1.1399
4.8094,1.1399
4.8100,1.1450
4.8105,1.1399
4.8111,1.1399
4.8116,1.1399
4.8122,1.1399
4.8127,1.1399
4.8133,1.1450
4.8139,1.1450
4.8144,1.1399
4.8150,1.1399
4.8156,1.1349
4.8162,1.1450
4.8168,1.1399
4.8173,1.1399
4.8179,1.1399
4.8184,1.1399
4.8189,1.1399
4.8194,1.1450
4.8200,1.1399
4.8205,1.1399
4.8210,1.1450
4.8215,1.1399
4.8220,1.1399
4.8226,1.1450
4.8231,1.1399
4.8236,1.1349
4.8241,1.1450
4.8246,1.1399
4.8252,1.1399
4.8257,1.1349
4.8262,1.1399
4.8267,1.1399
4.8272,1.1399
4.8278,1.1399
4.8283,1.1399
4.8288,1.1450
4.8293,1.1399
4.8298,1.1399
4.8304,1.1399
4.8309,1.1399
4.8314,1.1399
4.8319,1.1399
4.8325,1.1450
4.8330,1.1450
4.8335,1.1450
4.8340,1.1399
4.8345,1.1399
4.8351,1.1399
4.8356,1.1450
4.8361,1.1450
4.8366,1.1399
4.8371,1.1399
4.8377,1.1399
4.8382,1.1450
4.8387,1.1450
4.8392,1.1399
4.8397,1.1399
4.8403,1.1399
4.8408,1.1399
4.8413,1.1399
4.8418,1.1399
4.8423,1.1399
4.8429,1.1399
4.8434,1.1399
4.8439,1.1399
4.8444,1.1399
4.8449,1.1399
4.8455,1.1399
4.8460,1.1399
4.8465,1.1399
4.8470,1.1399
4.8475,1.1399
4.8481,1.1399
4.8486,1.1349
4.8491,1.1349
4.8496,1.1399
4.8502,1.1399
4.8507,1.1399
4.8512,1.1399
4.8517,1.1450
4.8522,1.1399
4.8528,1.1450
4.8533,1.1399
4.8538,1.1399
4.8543,1.1399
4.8548,1.1399
4.8554,1.1349
4.8559,1.1450
4.8564,1.1399
4.8569,1.1399
4.8574,1.1399
4.8580,1.1399
4.8585,1.1399
4.8590,1.1399
4.8595,1.1399
4.8600,1.1399
4.8606,1.1399
4.8611,1.1349
4.8616,1.1399
4.8621,1.1399
4.8626,1.1399
4.8632,1.1399
4.8637,1.1399
4.8642,1.1450
4.8647,1.1450
4.8652,1.1450
4.8658,1.1399
4.8663,1.1399
4.8668,1.1450
4.8673,1.1349
4.8678,1.1450
4.8684,1.1399
4.8689,1.1450
4.8694,1.1399
4.8699,1.1399
4.8704,1.1399
4.8710,1.1399
4.8715,1.1399
4.8720,1.1399
4.8725,1.1450
4.8730,1.1399
4.8736,1.1349
4.8741,1.1399
4.8746,1.1349
4.8751,1.1399
4.8756,1.1399
4.8762,1.1399
4.8767,1.1399
4.8772,1.1450
4.8777,1.1349
4.8782,1.1399
4.8788,1.1349
4.8793,1.1450
4.8798,1.1399
4.8803,1.1399
4.8808,1.1399
4.8814,1.1399
4.8819,1.1399
4.8824,1.1399
4.8829,1.1399
4.8834,1.1399
4.8840,1.1349
4.8845,1.1399
4.8850,1.1450
4.8855,1.1399
4.8860,1.1399
4.8866,1.1399
4.8871,1.1349
4.8876,1.1450
4.8881,1.1399
4.8886,1.1399
4.8892,1.1349
4.8897,1.1399
4.8902,1.1399
4.8907,1.1399
4.8913,1.1399
4.8918,1.1399
4.8924,1.1399
4.8929,1.1399
4.8935,1.1399
4.8940,1.1399
4.8945,1.1399
4.8951,1.1349
4.8956,1.1450
4.8962,1.1399
4.8967,1.1399
4.8972,1.1399
4.8977,1.1399
4.8983,1.1399
4.8988,1.1349
4.8993,1.1399
4.8998,1.1399
4.9004,1.1399
4.9009,1.1450
4.9015,1.1399
4.9020,1.1349
4.9026,1.1450
4.9031,1.1450
4.9036,1.1450
4.9042,1.1399
4.9048,1.1399
4.9053,1.1399
4.9059,1.1399
4.9064,1.1399
4.9069,1.1399
4.9074,1.1349
4.9079,1.1399
4.9085,1.1399
4.9090,1.1399
4.9095,1.1349
4.9100,1.1399
4.9105,1.1399
4.9111,1.1399
4.9116,1.1450
4.9121,1.1399
4.9126,1.1450
4.9131,1.1450
4.9137,1.1399
4.9142,1.1399
4.9147,1.1399
4.9152,1.1399
4.9158,1.1399
4.9163,1.1399
4.9168,1.1349
4.9173,1.1399
4.9179,1.1399
4.9184,1.1399
4.9189,1.1399
4.9194,1.1399
4.9199,1.1450
4.9205,1.1399
4.9210,1.1399
4.9215,1.1450
4.9220,1.1399
4.9225,1.1399
4.9231,1.1450
4.9236,1.1450
4.9241,1.1450
4.9246,1.1450
4.9251,1.1450
4.9257,1.1450
4.9262,1.1450
4.9267,1.1399
4.9272,1.1500
4.9277,1.1450
4.9283,1.1399
4.9288,1.1450
4.9293,1.1450
4.9298,1.1450
4.9303,1.1399
4.9309,1.1399
4.9314,1.1450
4.9319,1.1450
4.9324,1.1450
4.9329,1.1399
4.9335,1.1450
4.9340,1.1450
4.9345,1.1450
4.9350,1.1450
4.9355,1.1450
4.9361,1.1450
4.9366,1.1450
4.9371,1.1450
4.9376,1.1450
4.9381,1.1450
4.9387,1.1399
4.9392,1.1450
4.9397,1.1450
4.9402,1.1450
4.9407,1.1450
4.9413,1.1450
4.9418,1.1450
4.9423,1.1500
4.9428,1.1500
4.9433,1.1450
4.9439,1.1500
4.9444,1.1450
4.9449,1.1500
4.9454,1.1450
4.9459,1.1500
4.9465,1.1500
4.9470,1.1450
4.9475,1.1450
4.9480,1.1500
4.9485,1.1450
4.9491,1.1500
4.9496,1.1500
4.9501,1.1450
4.9506,1.1500
4.9511,1.1500
4.9517,1.1450
4.9522,1.1399
4.9527,1.1450
4.9532,1.1500
4.9537,1.1500
4.9543,1.1450
4.9548,1.1450
4.9553,1.1500
4.9558,1.1450
4.9563,1.1500
4.9569,1.1500
4.9574,1.1500
4.9579,1.1500
4.9584,1.1500
4.9589,1.1500
4.9595,1.1500
4.9600,1.1500
4.9605,1.1500
4.9610,1.1500
4.9615,1.1500
4.9621,1.1500
4.9626,1.1551
4.9631,1.1450
4.9636,1.1500
4.9641,1.1500
4.9647,1.1551
4.9652,1.1551
4.9657,1.1551
4.9662,1.1551
4.9667,1.1500
4.9673,1.1551
4.9678,1.1500
4.9683,1.1500
4.9688,1.1551
4.9693,1.1551
4.9699,1.1500
4.9704,1.1551
4.9709,1.1500
4.9714,1.1551
4.9719,1.1500
4.9725,1.1551
4.9730,1.1551
4.9735,1.1551
4.9740,1.1551
4.9746,1.1551
4.9751,1.1500
4.9756,1.1500
4.9761,1.1551
4.9766,1.1551
4.9772,1.1551
4.9777,1.1551
4.9782,1.1551
4.9787,1.1601
4.9792,1.1500
4.9798,1.1500
4.9803,1.1551
4.9808,1.1551
4.9813,1.1551
4.9819,1.1601
4.9824,1.1551
4.9829,1.1551
4.9834,1.1551
4.9840,1.1601
4.9845,1.1551
4.9850,1.1551
4.9855,1.1551
4.9860,1.1551
4.9866,1.1551
4.9871,1.1551
4.9876,1.1551
4.9881,1.1601
4.9887,1.1551
4.9892,1.1551
4.9897,1.1500
4.9902,1.1551
4.9907,1.1551
4.9913,1.1551
4.9918,1.1551
4.9923,1.1601
4.9928,1.1551
4.9933,1.1551
4.9939,1.1551
4.9944,1.1601
4.9949,1.1601
4.9954,1.1601
4.9960,1.1601
4.9965,1.1601
4.9970,1.1551
4.9975,1.1551
4.9980,1.1601
4.9986,1.1551
4.9991,1.1601
4.9996,1.1551
5.0001,1.1601
5.0006,1.1551
5.0012,1.1601
5.0017,1.1652
5.0022,1.1551
5.0027,1.1601
5.0033,1.1601
5.0038,1.1601
5.0043,1.1601
5.0048,1.1551
5.0054,1.1652
5.0059,1.1601
5.0064,1.1601
5.0069,1.1601
5.0074,1.1551
5.0080,1.1601
5.0085,1.1601
5.0090,1.1601
5.0095,1.1601
5.0100,1.1601
5.0106,1.1652
5.0111,1.1601
5.0116,1.1601
5.0121,1.1551
5.0127,1.1500
5.0132,1.1601
5.0137,1.1601
5.0142,1.1601
5.0147,1.1652
5.0153,1.1601
5.0158,1.1601
5.0163,1.1652
5.0168,1.1601
5.0173,1.1601
5.0179,1.1601
5.0184,1.1601
5.0189,1.1601
5.0194,1.1652
5.0200,1.1601
5.0205,1.1601
5.0210,1.1601
5.0215,1.1601
5.0220,1.1601
5.0226,1.1551
5.0231,1.1601
5.0236,1.1652
5.0241,1.1652
5.0246,1.1601
5.0252,1.1652
5.0257,1.1652
5.0262,1.1601
5.0267,1.1601
5.0273,1.1551
5.0278,1.1652
5.0283,1.1652
5.0288,1.1601
5.0293,1.1601
5.0299,1.1601
5.0304,1.1601
5.0309,1.1652
5.0314,1.1601
5.0319,1.1652
5.0325,1.1601
5.0330,1.1601
5.0335,1.1652
5.0340,1.1652
5.0346,1.1601
5.0351,1.1652
5.0356,1.1601
5.0361,1.1601
5.0366,1.1652
5.0372,1.1652
5.0377,1.1601
5.0382,1.1601
5.0387,1.1601
5.0393,1.1601
5.0398,1.1652
5.0403,1.1652
5.0409,1.1601
5.0414,1.1652
5.0419,1.1601
5.0425,1.1652
5.0431,1.1601
5.0436,1.1652
5.0442,1.1652
5.0447,1.1601
5.0453,1.1652
5.0458,1.1652
5.0464,1.1652
5.0469,1.1601
5.0475,1.1601
5.0480,1.1601
5.0486,1.1652
5.0491,1.1601
5.0497,1.1601
5.0502,1.1652
5.0508,1.1652
5.0513,1.1652
5.0519,1.1601
5.0524,1.1652
5.0530,1.1652
5.0535,1.1601
5.0541,1.1652
5.0546,1.1601
5.0551,1.1601
5.0557,1.1652
5.0562,1.1601
5.0568,1.1652
5.0573,1.1652
5.0579,1.1601
5.0584,1.1652
5.0590,1.1601
5.0595,1.1652
5.0601,1.1601
5.0606,1.1652
5.0612,1.1601
5.0617,1.1601
5.0622,1.1652
5.0628,1.1652
5.0690,1.1601
5.0696,1.1652
5.0701,1.1652
5.0707,1.1652
5.0713,1.1652
5.0718,1.1601
5.0724,1.1601
5.0729,1.1601
5.0735,1.1601
5.0740,1.1652
5.0746,1.1652
5.0751,1.1601
5.0757,1.1601
5.0762,1.1652
5.0768,1.1652
5.0774,1.1601
5.0779,1.1652
5.0785,1.1601
5.0791,1.1652
5.0796,1.1601
5.0802,1.1601
5.0807,1.1601
5.0813,1.1601
5.0818,1.1652
5.0824,1.1652
5.0829,1.1652
5.0835,1.1601
5.0841,1.1652
5.0846,1.1652
5.0852,1.1652
5.0857,1.1601
5.0863,1.1652
5.0868,1.1601
5.0874,1.1601
5.0879,1.1652
5.0885,1.1601
5.0890,1.1652
5.0896,1.1652
5.0901,1.1652
5.0907,1.1601
5.0912,1.1652
5.0918,1.1601
5.0923,1.1652
5.0929,1.1601
5.0935,1.1652
5.0940,1.1601
5.0946,1.1652
5.0951,1.1601
5.0957,1.1652
5.0962,1.1601
5.0968,1.1601
5.0973,1.1601
5.0979,1.1652
5.0984,1.1652
5.0990,1.1652
5.0995,1.1652
5.1001,1.1601
5.1006,1.1601
5.1012,1.1652
5.1017,1.1601
5.1023,1.1551
5.1028,1.1601
5.1034,1.1652
5.1039,1.1601
5.1045,1.1652
5.1050,1.1601
5.1056,1.1601
5.1061,1.1551
5.1067,1.1652
5.1072,1.1601
5.1078,1.1551
5.1083,1.1601
5.1089,1.1652
5.1095,1.1601
5.1100,1.1601
5.1106,1.1652
5.1111,1.1652
5.1117,1.1601
5.1122,1.1601
5.1128,1.1551
5.1133,1.1601
5.1139,1.1601
5.1144,1.1652
5.1150,1.1601
5.1155,1.1601
5.1161,1.1601
5.1166,1.1601
5.1172,1.1601
5.1177,1.1652
5.1183,1.1601
5.1188,1.1601
5.1194,1.1601
5.1199,1.1601
5.1205,1.1601
5.1210,1.1601
5.1216,1.1551
5.1221,1.1601
5.1227,1.1601
5.1232,1.1652
5.1238,1.1652
5.1243,1.1601
5.1249,1.1652
5.1255,1.1601
5.1260,1.1601
5.1266,1.1601
5.1271,1.1652
5.1277,1.1601
5.1282,1.1601
5.1288,1.1601
5.1293,1.1601
5.1299,1.1601
5.1305,1.1601
5.1310,1.1652
5.1316,1.1601
5.1321,1.1601
5.1327,1.1652
5.1333,1.1652
5.1339,1.1652
5.1344,1.1652
5.1350,1.1652
5.1356,1.1652
5.1361,1.1601
5.1367,1.1601
5.1372,1.1601
5.1378,1.1601
5.1383,1.1601
5.1389,1.1601
5.1395,1.1652
5.1400,1.1601
5.1406,1.1601
5.1413,1.1601
5.1418,1.1601
5.1424,1.1601
5.1429,1.1601
5.1434,1.1601
5.1440,1.1652
5.1445,1.1652
5.1450,1.1652
5.1455,1.1601
5.1460,1.1601
5.1466,1.1652
5.1471,1.1601
5.1476,1.1601
5.1481,1.1601
5.1486,1.1652
5.1492,1.1601
5.1497,1.1652
5.1502,1.1601
5.1508,1.1652
5.1513,1.1601
5.1518,1.1601
5.1523,1.1601
5.1528,1.1551
5.1534,1.1601
5.1539,1.1551
5.1544,1.1551
5.1549,1.1601
5.1555,1.1652
5.1560,1.1601
5.1565,1.1601
5.1570,1.1652
5.1575,1.1601
5.1581,1.1601
5.1586,1.1601
5.1591,1.1551
5.1596,1.1551
5.1601,1.1601
5.1607,1.1551
5.1612,1.1601
5.1617,1.1601
5.1622,1.1551
5.1628,1.1601
5.1633,1.1652
5.1638,1.1601
5.1643,1.1601
5.1648,1.1601
5.1654,1.1601
5.1659,1.1551
5.1664,1.1551
5.1669,1.1551
5.1674,1.1601
5.1680,1.1551
5.1685,1.1601
5.1690,1.1551
5.1695,1.1601
5.1701,1.1551
5.1706,1.1601
5.1711,1.1601
5.1716,1.1601
5.1722,1.1601
5.1727,1.1551
5.1732,1.1601
5.1737,1.1601
5.1742,1.1601
5.1748,1.1601
5.1753,1.1551
5.1758,1.1551
5.1763,1.1601
5.1769,1.1551
5.1774,1.1551
5.1779,1.1601
5.1784,1.1601
5.1790,1.1601
5.1795,1.1551
5.1800,1.1551
5.1805,1.1601
5.1810,1.1601
5.1816,1.1601
5.1821,1.1551
5.1826,1.1601
5.1831,1.1601
5.1837,1.1551
5.1842,1.1551
5.1847,1.1551
5.1852,1.1601
5.1858,1.1601
5.1863,1.1551
5.1868,1.1601
5.1873,1.1601
5.1878,1.1551
5.1884,1.1551
5.1889,1.1601
5.1894,1.1601
5.1899,1.1551
5.1905,1.1601
5.1910,1.1601
5.1915,1.1601
5.1920,1.1551
5.1926,1.1551
5.1931,1.1601
5.1936,1.1551
5.1941,1.1601
5.1947,1.1601
5.1952,1.1601
5.1957,1.1601
5.1962,1.1551
5.1968,1.1551
5.1973,1.1601
5.1978,1.1601
5.1983,1.1601
5.1989,1.1551
5.1994,1.1551
5.1999,1.1601
5.2004,1.1601
5.2009,1.1551
5.2015,1.1551
5.2020,1.1551
5.2025,1.1601
5.2030,1.1551
5.2036,1.1551
5.2041,1.1551
5.2046,1.1551
5.2051,1.1551
5.2057,1.1601
5.2062,1.1601
5.2067,1.1601
5.2072,1.1601
5.2077,1.1601
5.2083,1.1551
5.2088,1.1551
5.2093,1.1551
5.2098,1.1601
5.2104,1.1551
5.2109,1.1601
5.2114,1.1500
5.2119,1.1601
5.2125,1.1601
5.2130,1.1601
5.2135,1.1601
5.2140,1.1601
5.2146,1.1551
5.2151,1.1551
5.2156,1.1601
5.2161,1.1551
5.2166,1.1551
5.2172,1.1500
5.2177,1.1601
5.2182,1.1551
5.2187,1.1551
5.2193,1.1500
5.2198,1.1551
5.2203,1.1551
5.2208,1.1601
5.2214,1.1551
5.2219,1.1551
5.2224,1.1551
5.2229,1.1601
5.2234,1.1551
5.2240,1.1500
5.2245,1.1551
5.2250,1.1551
5.2255,1.1551
5.2261,1.1601
5.2266,1.1601
5.2271,1.1601
5.2276,1.1601
5.2282,1.1551
5.2287,1.1551
5.2292,1.1601
5.2297,1.1551
5.2302,1.1601
5.2308,1.1551
5.2313,1.1601
5.2318,1.1601
5.2323,1.1551
5.2329,1.1551
5.2334,1.1551
5.2339,1.1601
5.2344,1.1601
5.2350,1.1601
5.2355,1.1601
5.2360,1.1551
5.2365,1.1601
5.2371,1.1601
5.2376,1.1601
5.2381,1.1601
5.2386,1.1551
5.2391,1.1551
5.2397,1.1601
5.2402,1.1601
5.2407,1.1551
5.2412,1.1601
5.2418,1.1551
5.2423,1.1551
5.2428,1.1601
5.2433,1.1601
5.2438,1.1551
5.2444,1.1551
5.2449,1.1551
5.2454,1.1551
5.2459,1.1551
5.2464,1.1551
5.2470,1.1500
5.2475,1.1551
5.2480,1.1551
5.2485,1.1551
5.2491,1.1551
5.2496,1.1551
5.2501,1.1551
5.2506,1.1601
5.2511,1.1551
5.2517,1.1601
5.2522,1.1551
5.2527,1.1551
5.2532,1.1601
5.2537,1.1551
5.2543,1.1551
5.2548,1.1601
5.2553,1.1601
5.2558,1.1601
5.2564,1.1551
5.2569,1.1551
5.2574,1.1551
5.2579,1.1601
5.2584,1.1551
5.2590,1.1551
5.2595,1.1551
5.2600,1.1551
5.2605,1.1551
5.2611,1.1601
5.2616,1.1551
5.2621,1.1551
5.2626,1.1551
5.2631,1.1601
5.2637,1.1551
5.2642,1.1551
5.2647,1.1551
5.2652,1.1601
5.2658,1.1551
5.2663,1.1551
5.2668,1.1551
5.2673,1.1551
5.2678,1.1551
5.2684,1.1601
5.2689,1.1551
5.2694,1.1551
5.2699,1.1551
5.2705,1.1551
5.2710,1.1601
5.2715,1.1551
5.2720,1.1551
5.2726,1.1551
5.2731,1.1551
5.2736,1.1551
5.2741,1.1601
5.2746,1.1601
5.2752,1.1601
5.2757,1.1500
5.2762,1.1551
5.2767,1.1551
5.2773,1.1601
5.2778,1.1500
5.2783,1.1601
5.2788,1.1551
5.2794,1.1601
5.2799,1.1551
5.2804,1.1551
5.2809,1.1551
5.2815,1.1601
5.2820,1.1551
5.2825,1.1551
5.2830,1.1551
5.2835,1.1551
5.2841,1.1601
5.2846,1.1601
5.2851,1.1601
5.2856,1.1551
5.2862,1.1601
5.2867,1.1601
5.2872,1.1551
5.2877,1.1601
5.2883,1.1601
5.2888,1.1551
5.2893,1.1601
5.2898,1.1601
5.2904,1.1551
5.2909,1.1551
5.2914,1.1601
5.2919,1.1551
5.2925,1.1601
5.2930,1.1551
5.2935,1.1601
5.2940,1.1551
5.2946,1.1601
5.2951,1.1551
5.2956,1.1551
5.2961,1.1500
5.2966,1.1601
5.2972,1.1500
5.2977,1.1551
5.2982,1.1551
5.2987,1.1551
5.2993,1.1601
5.2998,1.1601
5.3003,1.1551
5.3008,1.1500
5.3014,1.1500
5.3019,1.1551
5.3024,1.1551
5.3029,1.1551
5.3034,1.1551
5.3040,1.1500
5.3045,1.1551
5.3050,1.1551
5.3055,1.1551
5.3061,1.1551
5.3066,1.1601
5.3071,1.1551
5.3076,1.1551
5.3082,1.1601
5.3087,1.1551
5.3092,1.1551
5.3097,1.1551
5.3102,1.1551
5.3108,1.1601
5.3113,1.1551
5.3118,1.1551
5.3123,1.1551
5.3129,1.1601
5.3134,1.1551
5.3139,1.1551
5.3144,1.1551
5.3150,1.1551
5.3155,1.1551
5.3160,1.1551
5.3165,1.1500
5.3170,1.1551
5.3176,1.1551
5.3181,1.1551
5.3186,1.1601
5.3191,1.1551
5.3197,1.1551
5.3202,1.1551
5.3207,1.1551
5.3212,1.1551
5.3218,1.1601
5.3223,1.1551
5.3228,1.1551
5.3233,1.1551
5.3239,1.1601
5.3244,1.1551
5.3249,1.1601
5.3254,1.1551
5.3260,1.1551
5.3265,1.1551
5.3270,1.1551
5.3275,1.1551
5.3281,1.1551
5.3286,1.1551
5.3291,1.1601
5.3296,1.1551
5.3301,1.1551
5.3307,1.1551
5.3312,1.1551
5.3317,1.1551
5.3322,1.1551
5.3328,1.1551
5.3333,1.1500
5.3338,1.1551
5.3343,1.1601
5.3349,1.1601
5.3354,1.1601
5.3359,1.1551
5.3364,1.1500
5.3369,1.1551
5.3375,1.1551
5.3380,1.1551
5.3385,1.1551
5.3390,1.1601
5.3396,1.1551
5.3401,1.1551
5.3406,1.1551
5.3411,1.1551
5.3417,1.1500
5.3422,1.1500
5.3427,1.1551
5.3433,1.1500
5.3438,1.1551
5.3443,1.1551
5.3449,1.1551
5.3454,1.1551
5.3459,1.1551
5.3465,1.1500
5.3470,1.1551
5.3475,1.1551
5.3481,1.1551
5.3486,1.1551
5.3491,1.1551
5.3497,1.1551
5.3502,1.1551
5.3507,1.1601
5.3513,1.1551
5.3518,1.1551
5.3523,1.1551
5.3528,1.1551
5.3534,1.1551
5.3541,1.1500
5.3546,1.1551
5.3551,1.1551
5.3557,1.1551
5.3562,1.1500
5.3567,1.1601
5.3573,1.1551
5.3578,1.1551
5.3590,1.1500
5.3595,1.1551
5.3600,1.1551
5.3606,1.1500
5.3611,1.1551
5.3616,1.1551
5.3622,1.1551
5.3628,1.1551
5.3633,1.1500
5.3639,1.1551
5.3644,1.1551
5.3649,1.1551
5.3654,1.1551
5.3660,1.1551
5.3665,1.1551
5.3670,1.1551
5.3675,1.1500
5.3680,1.1551
5.3686,1.1500
5.3691,1.1551
5.3696,1.1551
5.3701,1.1551
5.3707,1.1551
5.3712,1.1551
5.3717,1.1551
5.3722,1.1551
5.3727,1.1500
5.3733,1.1500
5.3738,1.1551
5.3743,1.1551
5.3748,1.1500
5.3753,1.1551
5.3759,1.1551
5.3764,1.1601
5.3769,1.1500
5.3774,1.1551
5.3779,1.1551
5.3785,1.1551
5.3790,1.1500
5.3795,1.1500
5.3800,1.1551
5.3805,1.1500
5.3811,1.1551
5.3816,1.1551
5.3821,1.1551
5.3826,1.1500
5.3831,1.1500
5.3837,1.1551
5.3842,1.1500
5.3847,1.1500
5.3852,1.1500
5.3857,1.1551
5.3863,1.1551
5.3868,1.1551
5.3873,1.1551
5.3878,1.1551
5.3883,1.1500
5.3889,1.1500
5.3894,1.1500
5.3899,1.1551
5.3904,1.1500
5.3910,1.1500
5.3915,1.1551
5.3921,1.1500
5.3926,1.1551
5.3932,1.1551
5.3937,1.1551
5.3943,1.1500
5.3948,1.1500
5.3953,1.1551
5.3959,1.1500
5.3964,1.1551
5.3969,1.1500
5.3975,1.1500
5.3980,1.1551
5.3985,1.1500
5.3990,1.1551
5.3996,1.1551
5.4001,1.1500
5.4006,1.1551
5.4012,1.1551
5.4017,1.1500
5.4023,1.1500
5.4028,1.1500
5.4033,1.1551
5.4039,1.1551
5.4044,1.1500
5.4049,1.1500
5.4055,1.1551
5.4061,1.1500
5.4066,1.1551
5.4071,1.1551
5.4076,1.1500
5.4081,1.1500
5.4087,1.1551
5.4092,1.1500
5.4097,1.1500
5.4102,1.1551
5.4108,1.1500
5.4113,1.1551
5.4118,1.1500
5.4123,1.1500
5.4128,1.1500
5.4134,1.1500
5.4139,1.1500
5.4144,1.1551
5.4149,1.1551
5.4155,1.1551
5.4160,1.1551
5.4166,1.1500
5.4171,1.1500
5.4177,1.1551
5.4182,1.1551
5.4188,1.1500
5.4193,1.1551
5.4199,1.1500
5.4205,1.1500
5.4211,1.1551
5.4217,1.1500
5.4222,1.1500
5.4228,1.1500
5.4233,1.1500
5.4238,1.1551
5.4243,1.1450
5.4248,1.1500
5.4254,1.1500
5.4259,1.1551
5.4264,1.1500
5.4269,1.1450
5.4275,1.1450
5.4280,1.1551
5.4285,1.1551
5.4290,1.1551
5.4295,1.1500
5.4301,1.1551
5.4306,1.1500
5.4311,1.1500
5.4316,1.1551
5.4321,1.1500
5.4327,1.1500
5.4332,1.1500
5.4337,1.1500
5.4342,1.1500
5.4348,1.1450
5.4353,1.1500
5.4358,1.1500
5.4363,1.1551
5.4368,1.1500
5.4374,1.1551
5.4379,1.1500
5.4384,1.1500
5.4389,1.1551
5.4394,1.1500
5.4400,1.1500
5.4405,1.1450
5.4410,1.1500
5.4415,1.1500
5.4421,1.1551
5.4426,1.1551
5.4431,1.1551
5.4436,1.1500
5.4441,1.1500
5.4446,1.1450
5.4452,1.1500
5.4457,1.1500
5.4462,1.1500
5.4467,1.1500
5.4473,1.1500
5.4478,1.1551
5.4483,1.1500
5.4488,1.1500
5.4494,1.1500
5.4499,1.1500
5.4504,1.1500
5.4509,1.1500
5.4514,1.1450
5.4520,1.1500
5.4525,1.1500
5.4530,1.1500
5.4535,1.1500
5.4540,1.1500
5.4546,1.1450
5.4551,1.1500
5.4556,1.1551
5.4561,1.1450
5.4566,1.1500
5.4572,1.1500
5.4577,1.1500
5.4582,1.1500
5.4587,1.1500
5.4592,1.1500
5.4598,1.1500
5.4603,1.1500
5.4608,1.1500
5.4614,1.1551
5.4619,1.1500
5.4624,1.1551
5.4629,1.1500
5.4634,1.1551
5.4640,1.1450
5.4645,1.1450
5.4650,1.1500
5.4655,1.1500
5.4660,1.1500
5.4666,1.1500
5.4671,1.1450
5.4676,1.1450
5.4681,1.1450
5.4686,1.1399
5.4692,1.1500
5.4697,1.1500
5.4702,1.1500
5.4707,1.1399
5.4712,1.1500
5.4718,1.1500
5.4723,1.1500
5.4728,1.1450
5.4733,1.1450
5.4738,1.1500
5.4744,1.1500
5.4749,1.1450
5.4754,1.1500
5.4759,1.1500
5.4764,1.1450
5.4770,1.1500
5.4775,1.1450
5.4780,1.1450
5.4785,1.1450
5.4790,1.1450
5.4796,1.1450
5.4801,1.1500
5.4806,1.1450
5.4811,1.1450
5.4816,1.1450
5.4822,1.1399
5.4827,1.1450
5.4832,1.1500
5.4837,1.1450
5.4842,1.1500
5.4848,1.1450
5.4853,1.1500
5.4858,1.1450
5.4863,1.1450
5.4868,1.1450
5.4874,1.1500
5.4879,1.1450
5.4884,1.1500
5.4889,1.1450
5.4894,1.1500
5.4900,1.1450
5.4905,1.1450
5.4910,1.1450
5.4915,1.1500
5.4920,1.1500
5.4926,1.1450
5.4931,1.1399
5.4936,1.1450
5.4941,1.1450
5.4946,1.1450
5.4952,1.1500
5.4957,1.1450
5.4962,1.1450
5.4967,1.1500
5.4972,1.1450
5.4978,1.1450
5.4983,1.1450
5.4988,1.1399
5.4993,1.1450
5.4998,1.1450
5.5004,1.1450
5.5009,1.1450
5.5014,1.1450
5.5019,1.1450
5.5025,1.1450
5.5030,1.1450
5.5035,1.1450
5.5040,1.1450
5.5045,1.1500
5.5051,1.1450
5.5056,1.1450
5.5061,1.1450
5.5066,1.1450
5.5071,1.1450
5.5077,1.1450
5.5082,1.1450
5.5087,1.1450
5.5092,1.1450
5.5098,1.1450
5.5103,1.1450
5.5108,1.1450
5.5113,1.1450
5.5118,1.1500
5.5124,1.1500
5.5129,1.1500
5.5134,1.1399
5.5139,1.1500
5.5144,1.1450
5.5150,1.1450
5.5155,1.1450
5.5160,1.1450
5.5165,1.1450
5.5171,1.1450
5.5176,1.1500
5.5181,1.1450
5.5186,1.1450
5.5191,1.1399
5.5197,1.1500
5.5202,1.1450
5.5207,1.1450
5.5212,1.1500
5.5217,1.1450
5.5223,1.1450
5.5228,1.1450
5.5233,1.1500
5.5238,1.1500
5.5244,1.1450
5.5249,1.1450
5.5254,1.1500
5.5259,1.1450
5.5265,1.1450
5.5270,1.1500
5.5275,1.1399
5.5280,1.1450
5.5285,1.1450
5.5291,1.1500
5.5296,1.1500
5.5301,1.1450
5.5306,1.1399
5.5312,1.1450
5.5317,1.1500
5.5322,1.1450
5.5327,1.1450
5.5332,1.1450
5.5338,1.1450
5.5343,1.1450
5.5348,1.1450
5.5353,1.1399
5.5358,1.1450
5.5364,1.1450
5.5369,1.1450
5.5374,1.1450
5.5379,1.1500
5.5385,1.1450
5.5390,1.1500
5.5395,1.1450
5.5400,1.1450
5.5405,1.1450
5.5411,1.1450
5.5416,1.1450
5.5421,1.1399
5.5426,1.1450
5.5432,1.1450
5.5437,1.1450
5.5442,1.1450
5.5447,1.1450
5.5452,1.1450
5.5458,1.1450
5.5463,1.1450
5.5468,1.1450
5.5473,1.1399
5.5478,1.1450
5.5484,1.1450
5.5489,1.1450
5.5494,1.1450
5.5499,1.1500
5.5505,1.1450
5.5510,1.1450
5.5515,1.1450
5.5520,1.1450
5.5525,1.1450
5.5531,1.1450
5.5536,1.1450
5.5541,1.1450
5.5546,1.1450
5.5551,1.1500
5.5557,1.1450
5.5562,1.1450
5.5567,1.1399
5.5572,1.1399
5.5578,1.1450
5.5583,1.1399
5.5588,1.1450
5.5593,1.1450
5.5598,1.1500
5.5604,1.1500
5.5609,1.1450
5.5614,1.1450
5.5619,1.1450
5.5624,1.1450
5.5630,1.1399
5.5635,1.1450
5.5640,1.1399
5.5645,1.1450
5.5651,1.1399
5.5656,1.1399
5.5661,1.1450
5.5666,1.1450
5.5671,1.1450
5.5677,1.1450
5.5682,1.1450
5.5687,1.1450
5.5692,1.1399
5.5698,1.1399
5.5703,1.1399
5.5708,1.1450
5.5713,1.1399
5.5718,1.1450
5.5724,1.1450
5.5729,1.1450
5.5734,1.1450
5.5739,1.1450
5.5744,1.1399
5.5750,1.1450
5.5755,1.1399
5.5760,1.1450
5.5765,1.1450
5.5771,1.1450
5.5776,1.1450
5.5781,1.1450
5.5786,1.1450
5.5791,1.1450
5.5797,1.1450
5.5802,1.1450
5.5807,1.1450
5.5812,1.1450
5.5817,1.1399
5.5823,1.1450
5.5828,1.1450
5.5833,1.1450
5.5838,1.1450
5.5844,1.1450
5.5849,1.1450
5.5854,1.1450
5.5859,1.1450
5.5864,1.1399
5.5870,1.1450
5.5875,1.1450
5.5880,1.1450
5.5885,1.1399
5.5890,1.1450
5.5896,1.1450
5.5901,1.1399
5.5906,1.1450
5.5911,1.1450
5.5917,1.1450
5.5922,1.1450
5.5927,1.1450
5.5932,1.1450
5.5938,1.1450
5.5943,1.1450
5.5948,1.1399
5.5953,1.1450
5.5958,1.1399
5.5964,1.1399
5.5969,1.1450
5.5974,1.1450
5.5979,1.1399
5.5984,1.1500
5.5990,1.1399
5.5995,1.1399
5.6000,1.1399
5.6005,1.1450
5.6011,1.1450
5.6016,1.1450
5.6021,1.1450
5.6026,1.1450
5.6031,1.1450
5.6037,1.1450
5.6042,1.1450
5.6047,1.1450
5.6089,1.1450
5.6095,1.1450
5.6100,1.1450
5.6105,1.1450
5.6110,1.1450
5.6116,1.1399
5.6121,1.1399
5.6126,1.1450
5.6131,1.1450
5.6137,1.1450
5.6142,1.1399
5.6147,1.1399
5.6152,1.1399
5.6158,1.1450
5.6163,1.1450
5.6168,1.1399
5.6174,1.1399
5.6179,1.1450
5.6184,1.1450
5.6189,1.1450
5.6195,1.1450
5.6200,1.1450
5.6205,1.1399
5.6210,1.1450
5.6216,1.1399
5.6221,1.1450
5.6226,1.1399
5.6231,1.1450
5.6237,1.1450
5.6242,1.1450
5.6247,1.1399
5.6252,1.1399
5.6257,1.1399
5.6263,1.1399
5.6268,1.1399
5.6273,1.1399
5.6278,1.1450
5.6284,1.1450
5.6289,1.1399
5.6294,1.1399
5.6299,1.1450
5.6305,1.1450
5.6310,1.1399
5.6315,1.1399
5.6320,1.1399
5.6325,1.1399
5.6331,1.1450
5.6336,1.1450
5.6341,1.1450
5.6346,1.1399
5.6352,1.1399
5.6357,1.1450
5.6362,1.1450
5.6367,1.1450
5.6373,1.1450
5.6378,1.1450
5.6383,1.1450
5.6388,1.1399
5.6394,1.1450
5.6399,1.1450
5.6404,1.1399
5.6409,1.1399
5.6414,1.1450
5.6420,1.1399
5.6425,1.1399
5.6430,1.1450
5.6435,1.1399
5.6441,1.1450
5.6446,1.1399
5.6451,1.1399
5.6456,1.1399
5.6462,1.1450
5.6467,1.1450
5.6472,1.1450
5.6477,1.1399
5.6483,1.1450
5.6488,1.1399
5.6493,1.1399
5.6498,1.1450
5.6503,1.1399
5.6509,1.1399
5.6514,1.1450
5.6519,1.1450
5.6524,1.1450
5.6530,1.1349
5.6535,1.1399
5.6540,1.1399
5.6545,1.1399
5.6550,1.1399
5.6556,1.1450
5.6561,1.1399
5.6566,1.1450
5.6571,1.1450
5.6577,1.1349
5.6582,1.1450
5.6587,1.1450
5.6592,1.1450
5.6597,1.1399
5.6603,1.1399
5.6608,1.1399
5.6613,1.1450
5.6618,1.1399
5.6624,1.1450
5.6629,1.1450
5.6634,1.1399
5.6640,1.1450
5.6645,1.1399
5.6650,1.1399
5.6655,1.1399
5.6660,1.1399
5.6666,1.1450
5.6671,1.1399
5.6676,1.1399
5.6681,1.1450
5.6687,1.1349
5.6692,1.1450
5.6697,1.1450
5.6702,1.1399
5.6708,1.1399
5.6713,1.1399
5.6718,1.1399
5.6723,1.1399
5.6728,1.1450
5.6734,1.1450
5.6739,1.1450
5.6744,1.1450
5.6749,1.1399
5.6755,1.1450
5.6760,1.1399
5.6765,1.1399
5.6770,1.1399
5.6776,1.1399
5.6781,1.1399
5.6786,1.1450
5.6791,1.1399
5.6796,1.1399
5.6802,1.1399
5.6807,1.1450
5.6812,1.1399
5.6817,1.1450
5.6823,1.1450
5.6828,1.1399
5.6833,1.1399
5.6838,1.1399
5.6844,1.1450
5.6849,1.1450
5.6854,1.1450
5.6859,1.1450
5.6864,1.1450
5.6870,1.1450
5.6875,1.1450
5.6880,1.1450
5.6885,1.1399
5.6891,1.1399
5.6896,1.1399
5.6901,1.1399
5.6906,1.1399
5.6912,1.1399
5.6917,1.1399
5.6922,1.1399
5.6927,1.1450
5.6932,1.1399
5.6938,1.1450
5.6943,1.1399
5.6948,1.1450
5.6953,1.1399
5.6959,1.1399
5.6964,1.1399
5.6969,1.1450
5.6974,1.1349
5.6980,1.1399
5.6985,1.1399
5.6990,1.1450
5.6995,1.1399
5.7001,1.1399
5.7006,1.1450
5.7011,1.1399
5.7016,1.1399
5.7021,1.1399
5.7027,1.1399
5.7032,1.1399
5.7037,1.1399
5.7042,1.1399
5.7048,1.1349
5.7053,1.1399
5.7058,1.1399
5.7063,1.1399
5.7069,1.1399
5.7074,1.1399
5.7079,1.1450
5.7084,1.1399
5.7089,1.1399
5.7095,1.1399
5.7100,1.1399
5.7105,1.1450
5.7110,1.1399
5.7116,1.1399
5.7121,1.1450
5.7126,1.1399
5.7131,1.1450
5.7137,1.1450
5.7142,1.1399
5.7147,1.1399
5.7152,1.1450
5.7157,1.1450
5.7163,1.1349
5.7168,1.1399
5.7173,1.1450
5.7178,1.1399
5.7184,1.1399
5.7189,1.1450
5.7194,1.1399
5.7199,1.1450
5.7205,1.1450
5.7210,1.1399
5.7215,1.1349
5.7220,1.1399
5.7226,1.1399
5.7231,1.1399
5.7236,1.1399
5.7241,1.1399
5.7246,1.1399
5.7252,1.1399
5.7257,1.1399
5.7262,1.1399
5.7267,1.1450
5.7273,1.1399
5.7278,1.1399
5.7283,1.1399
5.7288,1.1450
5.7294,1.1399
5.7299,1.1399
5.7304,1.1399
5.7309,1.1399
5.7315,1.1450
5.7320,1.1450
5.7325,1.1399
5.7330,1.1399
5.7336,1.1399
5.7341,1.1349
5.7346,1.1399
5.7351,1.1399
5.7356,1.1399
5.7362,1.1349
5.7367,1.1399
5.7372,1.1399
5.7377,1.1450
5.7383,1.1399
5.7388,1.1399
5.7393,1.1450
5.7398,1.1399
5.7404,1.1349
5.7409,1.1399
5.7414,1.1399
5.7419,1.1450
5.7424,1.1399
5.7430,1.1399
5.7435,1.1399
5.7440,1.1399
5.7445,1.1399
5.7451,1.1450
5.7456,1.1399
5.7461,1.1399
5.7466,1.1399
5.7472,1.1399
5.7477,1.1349
5.7482,1.1399
5.7487,1.1399
5.7492,1.1399
5.7498,1.1399
5.7503,1.1399
5.7508,1.1399
5.7513,1.1399
5.7519,1.1399
5.7524,1.1399
5.7529,1.1399
5.7534,1.1450
5.7540,1.1399
5.7545,1.1399
5.7550,1.1399
5.7555,1.1399
5.7561,1.1399
5.7566,1.1399
5.7571,1.1450
5.7576,1.1399
5.7581,1.1399
5.7587,1.1399
5.7592,1.1399
5.7597,1.1399
5.7602,1.1399
5.7608,1.1399
5.7613,1.1399
5.7618,1.1399
5.7623,1.1399
5.7629,1.1399
5.7634,1.1349
5.7639,1.1399
5.7644,1.1399
5.7649,1.1399
5.7655,1.1399
5.7660,1.1399
5.7665,1.1399
5.7670,1.1399
5.7676,1.1450
5.7681,1.1299
5.7686,1.1399
5.7691,1.1349
5.7697,1.1349
5.7702,1.1349
5.7707,1.1399
5.7712,1.1399
5.7718,1.1399
5.7723,1.1399
5.7728,1.1399
5.7733,1.1399
5.7738,1.1399
5.7744,1.1399
5.7749,1.1399
5.7754,1.1399
5.7759,1.1399
5.7765,1.1399
5.7770,1.1399
5.7775,1.1399
5.7780,1.1399
5.7786,1.1399
5.7791,1.1349
5.7796,1.1399
5.7801,1.1399
5.7807,1.1399
5.7812,1.1399
5.7817,1.1399
5.7822,1.1399
5.7827,1.1399
5.7833,1.1399
5.7838,1.1399
5.7843,1.1399
5.7848,1.1450
5.7854,1.1399
5.7859,1.1450
5.7864,1.1399
5.7869,1.1349
5.7875,1.1450
5.7880,1.1399
5.7885,1.1399
5.7890,1.1399
5.7896,1.1450
5.7901,1.1399
5.7906,1.1450
5.7911,1.1399
5.7916,1.1450
5.7922,1.1399
5.7927,1.1399
5.7932,1.1399
5.7937,1.1399
5.7943,1.1399
5.7948,1.1399
5.7953,1.1450
5.7958,1.1450
5.7964,1.1450
5.7969,1.1450
5.7974,1.1399
5.7979,1.1399
5.7985,1.1399
5.7990,1.1450
5.7995,1.1450
5.8000,1.1399
5.8006,1.1399
5.8011,1.1450
5.8016,1.1399
5.8021,1.1450
5.8027,1.1450
5.8032,1.1399
5.8037,1.1399
5.8042,1.1399
5.8047,1.1399
5.8053,1.1450
5.8058,1.1450
5.8063,1.1450
5.8068,1.1399
5.8074,1.1399
5.8079,1.1450
5.8084,1.1450
5.8089,1.1450
5.8095,1.1450
5.8100,1.1450
5.8105,1.1399
5.8110,1.1399
5.8116,1.1450
5.8121,1.1399
5.8126,1.1450
5.8131,1.1450
5.8136,1.1450
5.8142,1.1399
5.8147,1.1399
5.8152,1.1399
5.8157,1.1450
5.8163,1.1450
5.8168,1.1399
5.8173,1.1399
5.8178,1.1450
5.8184,1.1450
5.8189,1.1500
5.8194,1.1500
5.8199,1.1450
5.8204,1.1450
5.8210,1.1450
5.8215,1.1450
5.8220,1.1450
5.8225,1.1450
5.8231,1.1450
5.8236,1.1500
5.8241,1.1450
5.8246,1.1450
5.8252,1.1450
5.8257,1.1450
5.8262,1.1500
5.8267,1.1450
5.8273,1.1450
5.8278,1.1450
5.8283,1.1450
5.8288,1.1500
5.8293,1.1500
5.8299,1.1450
5.8304,1.1500
5.8309,1.1500
5.8314,1.1500
5.8320,1.1450
5.8325,1.1500
5.8330,1.1500
5.8335,1.1500
5.8341,1.1500
5.8346,1.1450
5.8351,1.1450
5.8356,1.1450
5.8361,1.1450
5.8367,1.1500
5.8372,1.1500
5.8377,1.1500
5.8382,1.1500
5.8388,1.1500
5.8393,1.1500
5.8398,1.1500
5.8403,1.1500
5.8409,1.1500
5.8414,1.1500
5.8419,1.1500
5.8424,1.1551
5.8430,1.1500
5.8435,1.1500
5.8440,1.1500
5.8445,1.1500
5.8450,1.1450
5.8456,1.1500
5.8461,1.1500
5.8466,1.1500
5.8472,1.1551
5.8478,1.1500
5.8483,1.1500
5.8489,1.1500
5.8495,1.1450
5.8500,1.1500
5.8506,1.1551
5.8511,1.1500
5.8517,1.1551
5.8522,1.1500
5.8528,1.1500
5.8533,1.1551
5.8539,1.1551
5.8544,1.1551
5.8550,1.1500
5.8555,1.1551
5.8560,1.1551
5.8566,1.1500
5.8571,1.1551
5.8577,1.1500
5.8582,1.1500
5.8588,1.1551
5.8593,1.1551
5.8599,1.1551
5.8604,1.1551
5.8610,1.1551
5.8615,1.1551
5.8621,1.1601
5.8626,1.1500
5.8632,1.1551
5.8638,1.1500
5.8643,1.1500
5.8649,1.1551
5.8654,1.1551
5.8660,1.1551
5.8665,1.1500
5.8671,1.1551
5.8676,1.1551
5.8682,1.1551
5.8687,1.1551
5.8693,1.1551
5.8698,1.1500
5.8704,1.1551
5.8709,1.1551
5.8715,1.1551
5.8720,1.1551
5.8726,1.1551
5.8731,1.1601
5.8737,1.1551
5.8742,1.1601
5.8748,1.1551
5.8753,1.1551
5.8759,1.1551
5.8764,1.1551
5.8770,1.1601
5.8775,1.1551
5.8781,1.1601
5.8786,1.1551
5.8792,1.1551
5.8797,1.1601
5.8803,1.1601
5.8808,1.1551
5.8814,1.1601
5.8819,1.1551
5.8825,1.1601
5.8830,1.1551
5.8836,1.1601
5.8841,1.1551
5.8847,1.1551
5.8852,1.1551
5.8858,1.1601
5.8863,1.1601
5.8868,1.1601
5.8874,1.1551
5.8879,1.1601
5.8885,1.1551
5.8891,1.1500
5.8896,1.1551
5.8902,1.1551
5.8912,1.1601
5.8918,1.1551
5.8924,1.1601
5.8930,1.1601
5.8935,1.1601
5.8941,1.1551
5.8947,1.1551
5.8953,1.1551
5.8958,1.1601
5.8964,1.1551
5.8970,1.1551
5.8975,1.1601
5.8981,1.1601
5.8987,1.1601
5.8993,1.1551
5.8999,1.1601
5.9005,1.1601
5.9010,1.1551
5.9016,1.1551
5.9022,1.1601
5.9028,1.1601
5.9033,1.1551
5.9039,1.1601
5.9045,1.1601
5.9050,1.1601
5.9057,1.1500
5.9062,1.1601
5.9068,1.1601
5.9073,1.1601
5.9079,1.1601
5.9085,1.1551
5.9090,1.1601
5.9096,1.1601
5.9102,1.1551
5.9108,1.1601
5.9114,1.1601
5.9120,1.1551
5.9125,1.1551
5.9131,1.1601
5.9137,1.1601
5.9143,1.1601
5.9148,1.1601
5.9154,1.1551
5.9163,1.1601
5.9169,1.1652
5.9174,1.1601
5.9181,1.1601
5.9187,1.1601
5.9193,1.1601
5.9198,1.1601
5.9204,1.1601
5.9209,1.1601
5.9215,1.1551
5.9220,1.1601
5.9226,1.1601
5.9231,1.1551
5.9236,1.1601
5.9242,1.1601
5.9247,1.1601
5.9253,1.1601
5.9258,1.1551
5.9264,1.1652
5.9269,1.1601
5.9274,1.1601
5.9280,1.1601
5.9285,1.1551
5.9291,1.1652
5.9296,1.1601
5.9302,1.1652
5.9307,1.1601
5.9313,1.1601
5.9318,1.1601
5.9324,1.1601
5.9329,1.1601
5.9334,1.1601
5.9340,1.1601
5.9345,1.1601
5.9351,1.1601
5.9357,1.1551
5.9362,1.1551
5.9367,1.1652
5.9373,1.1601
5.9378,1.1551
5.9384,1.1551
5.9390,1.1601
5.9396,1.1551
5.9401,1.1652
5.9407,1.1551
5.9412,1.1601
5.9418,1.1652
5.9423,1.1551
5.9428,1.1652
5.9434,1.1601
5.9439,1.1601
5.9445,1.1601
5.9450,1.1601
5.9456,1.1551
5.9461,1.1601
5.9467,1.1601
5.9473,1.1601
5.9479,1.1601
5.9484,1.1601
5.9490,1.1601
5.9495,1.1601
5.9501,1.1601
5.9506,1.1551
5.9512,1.1601
5.9517,1.1601
5.9522,1.1601
5.9528,1.1601
5.9533,1.1601
5.9539,1.1551
5.9544,1.1652
5.9549,1.1601
5.9555,1.1601
5.9560,1.1551
5.9566,1.1652
5.9571,1.1652
5.9576,1.1551
5.9582,1.1601
5.9587,1.1601
5.9593,1.1601
5.9598,1.1652
5.9603,1.1601
5.9609,1.1601
5.9614,1.1601
5.9620,1.1652
5.9625,1.1601
5.9630,1.1601
5.9636,1.1601
5.9641,1.1601
5.9647,1.1601
5.9652,1.1601
5.9657,1.1601
5.9663,1.1601
5.9668,1.1601
5.9674,1.1652
5.9679,1.1652
5.9684,1.1601
5.9690,1.1601
5.9695,1.1601
5.9701,1.1601
5.9706,1.1601
5.9711,1.1601
5.9717,1.1551
5.9722,1.1601
5.9728,1.1601
5.9733,1.1601
5.9738,1.1601
5.9744,1.1601
5.9749,1.1601
5.9755,1.1601
5.9760,1.1601
5.9765,1.1601
5.9771,1.1601
5.9776,1.1601
5.9782,1.1601
5.9787,1.1601
5.9793,1.1601
5.9798,1.1601
5.9803,1.1601
5.9809,1.1601
5.9814,1.1601
5.9820,1.1551
5.9825,1.1601
5.9831,1.1601
5.9836,1.1601
5.9841,1.1601
5.9847,1.1601
5.9852,1.1601
5.9858,1.1551
5.9863,1.1601
5.9869,1.1601
5.9874,1.1601
5.9879,1.1601
5.9885,1.1551
5.9890,1.1601
5.9896,1.1601
5.9901,1.1601
5.9907,1.1601
5.9912,1.1601
5.9918,1.1601
5.9923,1.1601
5.9928,1.1551
5.9934,1.1601
5.9939,1.1551
5.9945,1.1601
5.9950,1.1601
5.9956,1.1551
5.9961,1.1601
5.9966,1.1551
5.9972,1.1551
5.9977,1.1601
5.9983,1.1601
5.9988,1.1601
5.9994,1.1601
5.9999,1.1652
6.0005,1.1551
6.0010,1.1601
6.0015,1.1601
6.0021,1.1652
6.0026,1.1551
6.0032,1.1601
6.0037,1.1601
6.0043,1.1601
6.0048,1.1601
6.0054,1.1551
6.0059,1.1601
6.0065,1.1601
6.0070,1.1601
6.0076,1.1601
6.0081,1.1601
6.0086,1.1551
6.0092,1.1601
6.0098,1.1601
6.0104,1.1601
6.0109,1.1601
6.0115,1.1551
6.0121,1.1601
6.0127,1.1551
6.0132,1.1601
6.0138,1.1601
6.0144,1.1551
6.0150,1.1601
6.0156,1.1601
6.0161,1.1551
6.0167,1.1601
6.0173,1.1601
6.0181,1.1551
6.0187,1.1601
6.0193,1.1551
6.0198,1.1551
6.0204,1.1601
6.0209,1.1601
6.0214,1.1551
6.0220,1.1551
6.0225,1.1551
6.0231,1.1551
6.0236,1.1551
6.0242,1.1601
6.0247,1.1601
6.0252,1.1551
6.0258,1.1551
6.0263,1.1551
6.0269,1.1551
6.0274,1.1551
6.0279,1.1551
6.0285,1.1551
6.0290,1.1551
6.0296,1.1551
6.0301,1.1601
6.0306,1.1551
6.0312,1.1551
6.0318,1.1551
6.0324,1.1601
6.0329,1.1551
6.0335,1.1551
6.0340,1.1551
6.0346,1.1601
6.0351,1.1500
6.0357,1.1551
6.0362,1.1551
6.0367,1.1551
6.0373,1.1500
6.0378,1.1601
6.0384,1.1551
6.0389,1.1551
6.0395,1.1551
6.0400,1.1601
6.0406,1.1551
6.0411,1.1551
6.0416,1.1551
6.0422,1.1551
6.0427,1.1551
6.0433,1.1500
6.0438,1.1551
6.0444,1.1601
6.0449,1.1551
6.0454,1.1551
6.0460,1.1450
6.0465,1.1551
6.0471,1.1551
6.0477,1.1551
6.0483,1.1551
6.0488,1.1551
6.0494,1.1551
6.0499,1.1551
6.0505,1.1551
6.0510,1.1551
6.0516,1.1551
6.0521,1.1551
6.0527,1.1551
6.0532,1.1601
6.0538,1.1601
6.0543,1.1551
6.0548,1.1551
6.0554,1.1551
6.0559,1.1551
6.0565,1.1551
6.0570,1.1551
6.0576,1.1551
6.0581,1.1551
6.0587,1.1601
6.0592,1.1500
6.0598,1.1551
6.0603,1.1551
6.0609,1.1551
6.0614,1.1551
6.0619,1.1551
6.0625,1.1551
6.0630,1.1551
6.0636,1.1551
6.0641,1.1551
6.0647,1.1551
6.0652,1.1551
6.0658,1.1500
6.0663,1.1551
6.0669,1.1551
6.0674,1.1601
6.0680,1.1551
6.0685,1.1551
6.0691,1.1500
6.0696,1.1551
6.0702,1.1500
6.0707,1.1500
6.0713,1.1500
6.0718,1.1551
6.0723,1.1551
6.0729,1.1500
6.0734,1.1551
6.0740,1.1500
6.0746,1.1551
6.0751,1.1551
6.0757,1.1551
6.0762,1.1551
6.0767,1.1551
6.0773,1.1551
6.0778,1.1551
6.0784,1.1551
6.0789,1.1551
6.0795,1.1500
6.0800,1.1551
6.0806,1.1500
6.0811,1.1551
6.0817,1.1601
6.0822,1.1551
6.0828,1.1551
6.0833,1.1551
6.0839,1.1500
6.0844,1.1551
6.0850,1.1551
6.0855,1.1500
6.0861,1.1551
6.0866,1.1500
6.0872,1.1551
6.0877,1.1551
6.0883,1.1500
6.0888,1.1551
6.0894,1.1500
6.0899,1.1500
6.0905,1.1551
6.0910,1.1551
6.0916,1.1551
6.0921,1.1551
6.0927,1.1500
6.0932,1.1551
6.0938,1.1500
6.0943,1.1500
6.0949,1.1551
6.0954,1.1551
6.0960,1.1551
6.0965,1.1551
6.0971,1.1500
6.0976,1.1551
6.0982,1.1551
6.0987,1.1551
6.0993,1.1500
6.0998,1.1551
6.1004,1.1551
6.1009,1.1551
6.1015,1.1551
6.1020,1.1500
6.1026,1.1500
6.1031,1.1551
6.1037,1.1551
6.1042,1.1551
6.1048,1.1500
6.1053,1.1551
6.1059,1.1551
6.1064,1.1500
6.1070,1.1500
6.1075,1.1551
6.1081,1.1500
6.1086,1.1551
6.1092,1.1500
6.1097,1.1551
6.1103,1.1551
6.1108,1.1551
6.1114,1.1500
6.1119,1.1500
6.1125,1.1551
6.1130,1.1500
6.1136,1.1551
6.1141,1.1500
6.1147,1.1551
6.1152,1.1500
6.1158,1.1551
6.1163,1.1551
6.1169,1.1500
6.1174,1.1500
6.1180,1.1500
6.1185,1.1450
6.1191,1.1551
6.1196,1.1551
6.1202,1.1551
6.1207,1.1551
6.1213,1.1551
6.1218,1.1551
6.1224,1.1500
6.1229,1.1500
6.1235,1.1551
6.1240,1.1500
6.1245,1.1551
6.1251,1.1551
6.1256,1.1500
6.1262,1.1500
6.1267,1.1500
6.1273,1.1500
6.1278,1.1551
6.1284,1.1500
6.1290,1.1500
6.1295,1.1500
6.1301,1.1551
6.1306,1.1500
6.1312,1.1500
6.1317,1.1500
6.1323,1.1500
6.1328,1.1551
6.1334,1.1551
6.1339,1.1500
6.1345,1.1551
6.1350,1.1551
6.1356,1.1551
6.1361,1.1500
6.1367,1.1500
6.1372,1.1551
6.1378,1.1450
6.1383,1.1500
6.1389,1.1500
6.1395,1.1551
6.1400,1.1551
6.1406,1.1500
6.1411,1.1500
6.1417,1.1500
6.1422,1.1500
6.1428,1.1500
6.1433,1.1551
6.1439,1.1500
6.1444,1.1500
6.1450,1.1551
6.1455,1.1551
6.1461,1.1500
6.1466,1.1551
6.1472,1.1551
6.1477,1.1500
6.1483,1.1500
6.1489,1.1500
6.1494,1.1500
6.1500,1.1551
6.1505,1.1500
6.1511,1.1551
6.1516,1.1500
6.1522,1.1551
6.1527,1.1551
6.1533,1.1500
6.1538,1.1500
6.1544,1.1450
6.1549,1.1500
6.1555,1.1500
6.1560,1.1500
6.1566,1.1551
6.1571,1.1500
6.1577,1.1500
6.1582,1.1551
6.1588,1.1500
6.1593,1.1551
6.1599,1.1500
6.1605,1.1500
6.1610,1.1500
6.1616,1.1551
6.1621,1.1500
6.1627,1.1500
6.1632,1.1500
6.1638,1.1551
6.1643,1.1551
6.1649,1.1551
6.1654,1.1500
6.1660,1.1500
6.1665,1.1551
6.1671,1.1500
6.1676,1.1500
6.1682,1.1551
6.1687,1.1500
6.1693,1.1551
6.1698,1.1551
6.1704,1.1500
6.1709,1.1500
6.1715,1.1500
6.1720,1.1500
6.1726,1.1551
6.1731,1.1551
6.1737,1.1500
6.1742,1.1500
6.1748,1.1500
6.1753,1.1500
6.1759,1.1551
6.1764,1.1551
6.1770,1.1500
6.1775,1.1500
6.1781,1.1500
6.1786,1.1500
6.1792,1.1500
6.1797,1.1551
6.1803,1.1500
6.1808,1.1500
6.1814,1.1500
6.1819,1.1551
6.1825,1.1551
6.1830,1.1500
6.1836,1.1500
6.1841,1.1551
6.1847,1.1500
6.1852,1.1551
6.1858,1.1551
6.1863,1.1500
6.1869,1.1500
6.1874,1.1551
6.1880,1.1500
6.1885,1.1500
6.1891,1.1551
6.1896,1.1500
6.1902,1.1500
6.1907,1.1500
6.1913,1.1500
6.1918,1.1551
6.1924,1.1500
6.1929,1.1500
6.1935,1.1500
6.1940,1.1551
6.1946,1.1500
6.1951,1.1500
6.1957,1.1450
6.1962,1.1500
6.1968,1.1551
6.1973,1.1450
6.1979,1.1551
6.1984,1.1500
6.1990,1.1500
6.1996,1.1551
6.2001,1.1500
6.2007,1.1500
6.2012,1.1500
6.2018,1.1551
6.2023,1.1450
6.2029,1.1500
6.2034,1.1551
6.2040,1.1500
6.2045,1.1500
6.2051,1.1551
6.2056,1.1551
6.2062,1.1500
6.2067,1.1551
6.2073,1.1500
6.2078,1.1500
6.2084,1.1500
6.2089,1.1500
6.2095,1.1500
6.2100,1.1500
6.2106,1.1500
6.2111,1.1500
6.2117,1.1500
6.2122,1.1601
6.2128,1.1450
6.2133,1.1551
6.2139,1.1500
6.2144,1.1500
6.2150,1.1500
6.2155,1.1551
6.2161,1.1500
6.2166,1.1500
6.2172,1.1500
6.2177,1.1500
6.2183,1.1500
6.2188,1.1500
6.2194,1.1500
6.2199,1.1551
6.2205,1.1500
6.2210,1.1500
6.2216,1.1500
6.2221,1.1551
6.2227,1.1450
6.2232,1.1500
6.2238,1.1500
6.2244,1.1500
6.2249,1.1500
6.2255,1.1450
6.2260,1.1500
6.2266,1.1551
6.2271,1.1551
6.2277,1.1450
6.2282,1.1500
6.2288,1.1551
6.2293,1.1500
6.2299,1.1500
6.2304,1.1500
6.2310,1.1500
6.2315,1.1500
6.2321,1.1500
6.2326,1.1500
6.2332,1.1500
6.2337,1.1500
6.2343,1.1500
6.2348,1.1500
6.2354,1.1500
6.2359,1.1551
6.2365,1.1500
6.2370,1.1450
6.2376,1.1500
6.2381,1.1500
6.2387,1.1500
6.2392,1.1500
6.2398,1.1551
6.2403,1.1500
6.2409,1.1500
6.2414,1.1500
6.2420,1.1500
6.2425,1.1450
6.2431,1.1500
6.2436,1.1450
6.2442,1.1500
6.2447,1.1500
6.2453,1.1500
6.2458,1.1500
6.2464,1.1450
6.2469,1.1551
6.2475,1.1450
6.2480,1.1500
6.2486,1.1450
6.2491,1.1500
6.2497,1.1500
6.2502,1.1450
6.2508,1.1500
6.2513,1.1450
6.2519,1.1500
6.2524,1.1500
6.2530,1.1500
6.2535,1.1500
6.2541,1.1500
6.2546,1.1500
6.2552,1.1500
6.2557,1.1500
6.2563,1.1500
6.2568,1.1551
6.2574,1.1500
6.2579,1.1500
6.2585,1.1500
6.2590,1.1500
6.2596,1.1500
6.2601,1.1500
6.2607,1.1500
6.2612,1.1500
6.2618,1.1551
6.2623,1.1500
6.2629,1.1500
6.2634,1.1500
6.2640,1.1551
6.2645,1.1500
6.2651,1.1450
6.2656,1.1450
6.2662,1.1500
6.2667,1.1500
6.2673,1.1450
6.2678,1.1450
6.2684,1.1500
6.2689,1.1500
6.2695,1.1450
6.2700,1.1450
6.2706,1.1500
6.2711,1.1450
6.2717,1.1500
6.2722,1.1450
6.2728,1.1500
6.2733,1.1500
6.2739,1.1450
6.2744,1.1500
6.2750,1.1450
6.2755,1.1500
6.2761,1.1500
6.2766,1.1450
6.2772,1.1450
6.2777,1.1450
6.2783,1.1500
6.2788,1.1500
6.2794,1.1500
6.2799,1.1500
6.2805,1.1500
6.2810,1.1500
6.2816,1.1500
6.2821,1.1450
6.2827,1.1500
6.2832,1.1399
6.2838,1.1450
6.2844,1.1500
6.2849,1.1500
6.2855,1.1500
6.2860,1.1500
6.2866,1.1450
6.2871,1.1450
6.2877,1.1500
6.2882,1.1450
6.2888,1.1450
6.2893,1.1450
6.2899,1.1500
6.2904,1.1450
6.2910,1.1450
6.2915,1.1450
6.2921,1.1450
6.2926,1.1450
6.2932,1.1500
6.2937,1.1450
6.2943,1.1450
6.2948,1.1500
6.2954,1.1450
6.2959,1.1500
6.2965,1.1450
6.2970,1.1500
6.2976,1.1500
6.2981,1.1450
6.2987,1.1450
6.2992,1.1450
6.2998,1.1450
6.3003,1.1450
6.3009,1.1450
6.3014,1.1450
6.3020,1.1450
6.3025,1.1450
6.3031,1.1450
6.3036,1.1450
6.3042,1.1450
6.3047,1.1450
6.3053,1.1450
6.3058,1.1450
6.3064,1.1500
6.3069,1.1450
6.3075,1.1500
6.3080,1.1450
6.3086,1.1450
6.3091,1.1450
6.3097,1.1450
6.3102,1.1399
6.3108,1.1500
6.3113,1.1450
6.3119,1.1450
6.3124,1.1450
6.3130,1.1500
6.3135,1.1450
6.3141,1.1450
6.3146,1.1500
6.3152,1.1450
6.3157,1.1450
6.3163,1.1450
6.3168,1.1450
6.3174,1.1450
6.3179,1.1399
6.3185,1.1450
6.3190,1.1500
6.3196,1.1450
6.3201,1.1450
6.3207,1.1500
6.3212,1.1450
6.3218,1.1450
6.3223,1.1450
6.3229,1.1399
6.3234,1.1450
6.3240,1.1500
6.3245,1.1450
6.3251,1.1450
6.3256,1.1450
6.3262,1.1450
6.3267,1.1450
6.3273,1.1450
6.3278,1.1450
6.3284,1.1450
6.3289,1.1450
6.3295,1.1450
6.3300,1.1399
6.3306,1.1450
6.3311,1.1450
6.3317,1.1450
6.3322,1.1450
6.3328,1.1450
6.3333,1.1450
6.3339,1.1450
6.3344,1.1450
6.3350,1.1450
6.3355,1.1450
6.3361,1.1450
6.3366,1.1450
6.3372,1.1450
6.3377,1.1450
6.3383,1.1450
6.3388,1.1399
6.3394,1.1450
6.3399,1.1450
6.3405,1.1450
6.3410,1.1450
6.3416,1.1450
6.3421,1.1399
6.3427,1.1450
6.3432,1.1450
6.3438,1.1450
6.3443,1.1450
6.3449,1.1450
6.3454,1.1450
6.3460,1.1399
6.3465,1.1450
6.3471,1.1450
6.3476,1.1450
6.3482,1.1399
6.3487,1.1399
6.3493,1.1450
6.3499,1.1399
6.3504,1.1450
6.3510,1.1450
6.3515,1.1450
6.3521,1.1399
6.3526,1.1450
6.3532,1.1450
6.3537,1.1399
6.3543,1.1450
6.3549,1.1450
6.3554,1.1450
6.3560,1.1450
6.3565,1.1450
6.3571,1.1450
6.3576,1.1450
6.3582,1.1450
6.3587,1.1450
6.3593,1.1450
6.3598,1.1399
6.3604,1.1399
6.3609,1.1450
6.3615,1.1349
6.3620,1.1450
6.3626,1.1450
6.3631,1.1500
6.3637,1.1399
6.3642,1.1450
6.3648,1.1399
6.3653,1.1399
6.3659,1.1399
6.3664,1.1450
6.3670,1.1399
6.3675,1.1450
6.3681,1.1399
6.3686,1.1399
6.3692,1.1399
6.3697,1.1399
6.3703,1.1450
6.3708,1.1399
6.3714,1.1450
6.3719,1.1450
6.3725,1.1450
6.3730,1.1399
6.3736,1.1399
6.3741,1.1399
6.3747,1.1399
6.3752,1.1450
6.3758,1.1450
6.3763,1.1450
6.3769,1.1450
6.3774,1.1399
6.3780,1.1399
6.3785,1.1450
6.3791,1.1399
6.3796,1.1450
6.3802,1.1399
6.3807,1.1399
6.3813,1.1399
6.3818,1.1450
6.3824,1.1500
6.3829,1.1399
6.3835,1.1399
6.3840,1.1399
6.3846,1.1399
6.3851,1.1450
6.3857,1.1399
6.3862,1.1450
6.3868,1.1450
6.3873,1.1450
6.3879,1.1450
6.3884,1.1399
6.3890,1.1450
6.3896,1.1399
6.3901,1.1399
6.3912,1.1450
6.3917,1.1450
6.3923,1.1450
6.3929,1.1399
6.3935,1.1450
6.3941,1.1450
6.3947,1.1450
6.3952,1.1450
6.3958,1.1450
6.3964,1.1450
6.3969,1.1399
6.3975,1.1399
6.3980,1.1450
6.3987,1.1450
6.3993,1.1450
6.3999,1.1399
6.4004,1.1450
6.4010,1.1399
6.4015,1.1450
6.4021,1.1349
6.4026,1.1399
6.4032,1.1399
6.4037,1.1399
6.4043,1.1399
6.4048,1.1399
6.4054,1.1349
6.4059,1.1399
6.4065,1.1399
6.4070,1.1399
6.4076,1.1399
6.4081,1.1399
6.4087,1.1399
6.4092,1.1399
6.4098,1.1399
6.4104,1.1399
6.4110,1.1399
6.4115,1.1450
6.4121,1.1399
6.4126,1.1450
6.4132,1.1450
6.4138,1.1399
6.4143,1.1399
6.4149,1.1399
6.4155,1.1450
6.4160,1.1399
6.4166,1.1399
6.4171,1.1399
6.4177,1.1399
6.4182,1.1399
6.4188,1.1450
6.4193,1.1399
6.4199,1.1399
6.4204,1.1399
6.4210,1.1399
6.4215,1.1399
6.4221,1.1450
6.4226,1.1399
6.4232,1.1399
6.4237,1.1399
6.4242,1.1399
6.4248,1.1450
6.4254,1.1450
6.4259,1.1450
6.4265,1.1399
6.4270,1.1399
6.4276,1.1399
6.4281,1.1399
6.4286,1.1450
6.4292,1.1450
6.4297,1.1349
6.4303,1.1450
6.4308,1.1399
6.4314,1.1399
6.4319,1.1399
6.4325,1.1399
6.4331,1.1399
6.4336,1.1399
6.4342,1.1399
6.4347,1.1399
6.4353,1.1399
6.4358,1.1399
6.4364,1.1399
6.4369,1.1399
6.4375,1.1399
6.4380,1.1399
6.4385,1.1399
6.4391,1.1399
6.4396,1.1399
6.4402,1.1450
6.4407,1.1399
6.4413,1.1399
6.4418,1.1399
6.4424,1.1399
6.4429,1.1450
6.4435,1.1399
6.4440,1.1450
6.4446,1.1399
6.4451,1.1399
6.4457,1.1399
6.4462,1.1399
6.4467,1.1450
6.4473,1.1399
6.4478,1.1450
6.4484,1.1399
6.4489,1.1399
6.4495,1.1450
6.4502,1.1450
6.4507,1.1399
6.4513,1.1399
6.4518,1.1399
6.4523,1.1399
6.4529,1.1399
6.4534,1.1399
6.4540,1.1399
6.4545,1.1399
6.4550,1.1450
6.4556,1.1399
6.4561,1.1399
6.4567,1.1450
6.4572,1.1399
6.4577,1.1399
6.4583,1.1399
6.4588,1.1399
6.4594,1.1450
6.4599,1.1399
6.4604,1.1399
6.4610,1.1399
6.4615,1.1399
6.4621,1.1349
6.4626,1.1399
6.4631,1.1399
6.4637,1.1399
6.4642,1.1450
6.4648,1.1399
6.4653,1.1450
6.4658,1.1399
6.4664,1.1399
6.4669,1.1349
6.4675,1.1399
6.4680,1.1399
6.4685,1.1399
6.4691,1.1399
6.4696,1.1399
6.4702,1.1399
6.4707,1.1399
6.4713,1.1399
6.4718,1.1349
6.4723,1.1349
6.4729,1.1399
6.4734,1.1399
6.4740,1.1399
6.4745,1.1399
6.4751,1.1399
6.4756,1.1450
6.4762,1.1399
6.4767,1.1399
6.4772,1.1450
6.4778,1.1399
6.4783,1.1399
6.4789,1.1399
6.4794,1.1399
6.4800,1.1399
6.4805,1.1450
6.4811,1.1349
6.4816,1.1399
6.4822,1.1399
6.4827,1.1450
6.4832,1.1399
6.4838,1.1399
6.4843,1.1399
6.4849,1.1399
6.4854,1.1399
6.4860,1.1399
6.4865,1.1399
6.4871,1.1399
6.4876,1.1399
6.4881,1.1399
6.4887,1.1349
6.4892,1.1399
6.4898,1.1399
6.4903,1.1399
6.4909,1.1399
6.4914,1.1399
6.4919,1.1349
6.4925,1.1399
6.4930,1.1399
6.4936,1.1399
6.4941,1.1399
6.4947,1.1399
6.4952,1.1399
6.4958,1.1399
6.4963,1.1399
6.4969,1.1399
6.4974,1.1399
6.4980,1.1399
6.4985,1.1399
6.4990,1.1399
6.4996,1.1399
6.5001,1.1450
6.5007,1.1399
6.5012,1.1399
6.5018,1.1399
6.5023,1.1399
6.5029,1.1399
6.5034,1.1399
6.5039,1.1399
6.5045,1.1399
6.5050,1.1399
6.5056,1.1399
6.5061,1.1399
6.5067,1.1349
6.5072,1.1399
6.5078,1.1399
6.5083,1.1399
6.5088,1.1399
6.5094,1.1399
6.5099,1.1450
6.5105,1.1399
6.5110,1.1349
6.5116,1.1399
6.5121,1.1399
6.5127,1.1399
6.5132,1.1399
6.5137,1.1399
6.5143,1.1399
6.5148,1.1399
6.5154,1.1450
6.5159,1.1399
6.5165,1.1349
6.5170,1.1399
6.5175,1.1450
6.5181,1.1399
6.5186,1.1399
6.5192,1.1399
6.5197,1.1399
6.5203,1.1450
6.5208,1.1399
6.5213,1.1399
6.5219,1.1399
6.5224,1.1399
6.5230,1.1450
6.5235,1.1450
6.5240,1.1399
6.5246,1.1399
6.5251,1.1349
6.5257,1.1450
6.5262,1.1399
6.5267,1.1349
6.5273,1.1399
6.5278,1.1399
6.5284,1.1399
6.5290,1.1349
6.5295,1.1399
6.5301,1.1450
6.5306,1.1399
6.5311,1.1399
6.5317,1.1399
6.5322,1.1399
6.5328,1.1399
6.5333,1.1349
6.5339,1.1450
6.5344,1.1399
6.5350,1.1399
6.5355,1.1349
6.5360,1.1399
6.5366,1.1349
6.5371,1.1349
6.5377,1.1349
6.5382,1.1399
6.5388,1.1399
6.5393,1.1349
6.5399,1.1399
6.5404,1.1399
6.5409,1.1450
6.5415,1.1349
6.5420,1.1399
6.5426,1.1349
6.5431,1.1399
6.5437,1.1399
6.5442,1.1399
6.5447,1.1399
6.5453,1.1399
6.5458,1.1349
6.5464,1.1450
6.5469,1.1399
6.5475,1.1399
6.5480,1.1399
6.5486,1.1450
6.5491,1.1349
6.5496,1.1399
6.5502,1.1399
6.5508,1.1399
6.5514,1.1399
6.5519,1.1399
6.5524,1.1349
6.5530,1.1399
6.5535,1.1450
6.5541,1.1399
6.5546,1.1399
6.5552,1.1399
6.5557,1.1399
6.5563,1.1349
6.5568,1.1399
6.5574,1.1349
6.5579,1.1399
6.5585,1.1349
6.5590,1.1399
6.5596,1.1349
6.5601,1.1399
6.5607,1.1399
6.5612,1.1399
6.5618,1.1399
6.5623,1.1399
6.5629,1.1349
6.5634,1.1399
6.5640,1.1450
6.5645,1.1399
6.5651,1.1399
6.5656,1.1399
6.5662,1.1399
6.5667,1.1349
6.5673,1.1349
6.5678,1.1299
6.5684,1.1399
6.5689,1.1399
6.5695,1.1349
6.5700,1.1399
6.5706,1.1399
6.5711,1.1399
6.5717,1.1399
6.5722,1.1399
6.5728,1.1399
6.5733,1.1399
6.5739,1.1349
6.5744,1.1349
6.5750,1.1399
6.5755,1.1399
6.5761,1.1349
6.5766,1.1399
6.5772,1.1399
6.5777,1.1399
6.5783,1.1349
6.5788,1.1399
6.5794,1.1399
6.5799,1.1399
6.5805,1.1450
6.5810,1.1349
6.5816,1.1399
6.5821,1.1399
6.5827,1.1399
6.5832,1.1399
6.5838,1.1349
6.5843,1.1349
6.5849,1.1399
6.5854,1.1399
6.5860,1.1399
6.5865,1.1399
6.5871,1.1399
6.5876,1.1349
6.5882,1.1399
6.5887,1.1399
6.5893,1.1349
6.5898,1.1399
6.5904,1.1399
6.5909,1.1399
6.5915,1.1349
6.5920,1.1399
6.5926,1.1349
6.5931,1.1399
6.5937,1.1399
6.5942,1.1399
6.5948,1.1349
6.5953,1.1349
6.5959,1.1399
6.5964,1.1349
6.5970,1.1399
6.5975,1.1399
6.5981,1.1349
6.5986,1.1399
6.5992,1.1399
6.5997,1.1399
6.6003,1.1349
6.6008,1.1349
6.6014,1.1399
6.6019,1.1399
6.6025,1.1349
6.6030,1.1349
6.6036,1.1399
6.6041,1.1399
6.6047,1.1349
6.6052,1.1349
6.6058,1.1399
6.6063,1.1399
6.6069,1.1349
6.6074,1.1399
6.6079,1.1349
6.6085,1.1399
6.6090,1.1349
6.6096,1.1349
6.6102,1.1349
6.6108,1.1349
6.6113,1.1349
6.6119,1.1399
6.6125,1.1399
6.6131,1.1399
6.6137,1.1349
6.6142,1.1399
6.6148,1.1349
6.6154,1.1399
6.6160,1.1399
6.6165,1.1349
6.6171,1.1399
6.6176,1.1399
6.6182,1.1399
6.6188,1.1349
6.6193,1.1349
6.6199,1.1349
6.6205,1.1349
6.6210,1.1399
6.6216,1.1349
6.6222,1.1399
6.6227,1.1349
6.6233,1.1450
6.6238,1.1399
6.6244,1.1349
6.6249,1.1399
6.6255,1.1349
6.6260,1.1399
6.6266,1.1399
6.6277,1.1399
6.6282,1.1299
6.6288,1.1399
6.6293,1.1349
6.6299,1.1399
6.6304,1.1349
6.6310,1.1399
6.6315,1.1349
6.6321,1.1399
6.6326,1.1349
6.6332,1.1399
6.6337,1.1349
6.6343,1.1349
6.6349,1.1399
6.6354,1.1349
6.6360,1.1399
6.6365,1.1399
6.6370,1.1399
6.6376,1.1349
6.6381,1.1399
6.6387,1.1399
6.6392,1.1349
6.6398,1.1349
6.6403,1.1450
6.6409,1.1399
6.6414,1.1399
6.6420,1.1349
6.6425,1.1399
6.6431,1.1399
6.6436,1.1299
6.6441,1.1349
6.6447,1.1399
6.6452,1.1349
6.6458,1.1349
6.6463,1.1349
6.6469,1.1399
6.6474,1.1349
6.6480,1.1349
6.6485,1.1349
6.6491,1.1399
6.6496,1.1349
6.6502,1.1399
6.6507,1.1349
6.6513,1.1399
6.6518,1.1399
6.6524,1.1349
6.6529,1.1349
6.6535,1.1349
6.6540,1.1399
6.6545,1.1399
6.6551,1.1349
6.6556,1.1349
6.6562,1.1349
6.6567,1.1349
6.6573,1.1349
6.6578,1.1299
6.6584,1.1349
6.6589,1.1399
6.6595,1.1399
6.6600,1.1349
6.6606,1.1349
6.6611,1.1399
6.6617,1.1399
6.6622,1.1399
6.6627,1.1399
6.6633,1.1349
6.6638,1.1349
6.6644,1.1399
6.6649,1.1349
6.6655,1.1349
6.6660,1.1349
6.6666,1.1399
6.6671,1.1349
6.6677,1.1399
6.6682,1.1349
6.6687,1.1349
6.6693,1.1349
6.6699,1.1399
6.6704,1.1349
6.6710,1.1349
6.6715,1.1349
6.6720,1.1399
6.6726,1.1399
6.6731,1.1399
6.6737,1.1299
6.6742,1.1399
6.6748,1.1349
6.6753,1.1349
6.6759,1.1349
6.6764,1.1349
6.6770,1.1349
6.6775,1.1349
6.6781,1.1349
6.6786,1.1399
6.6792,1.1349
6.6797,1.1399
6.6803,1.1399
6.6808,1.1399
6.6814,1.1399
6.6819,1.1399
6.6825,1.1399
6.6830,1.1349
6.6836,1.1299
6.6841,1.1399
6.6847,1.1399
6.6852,1.1349
6.6858,1.1349
6.6863,1.1349
6.6869,1.1349
6.6874,1.1399
6.6880,1.1349
6.6885,1.1399
6.6891,1.1399
6.6896,1.1399
6.6902,1.1349
6.6907,1.1349
6.6913,1.1349
6.6918,1.1349
6.6924,1.1399
6.6929,1.1399
6.6935,1.1399
6.6940,1.1399
6.6946,1.1399
6.6951,1.1349
6.6957,1.1349
6.6962,1.1399
6.6968,1.1399
6.6973,1.1349
6.6979,1.1399
6.6984,1.1399
6.6990,1.1399
6.6995,1.1349
6.7001,1.1399
6.7006,1.1349
6.7012,1.1349
6.7017,1.1399
6.7023,1.1399
6.7028,1.1349
6.7034,1.1349
6.7039,1.1399
6.7045,1.1349
6.7051,1.1399
6.7056,1.1349
6.7062,1.1399
6.7067,1.1399
6.7073,1.1349
6.7078,1.1399
6.7084,1.1349
6.7089,1.1349
6.7095,1.1399
6.7100,1.1349
6.7106,1.1399
6.7111,1.1399
6.7117,1.1399
6.7122,1.1399
6.7128,1.1399
6.7133,1.1399
6.7139,1.1399
6.7144,1.1399
6.7150,1.1399
6.7155,1.1399
6.7161,1.1349
6.7166,1.1349
6.7172,1.1399
6.7177,1.1399
6.7183,1.1399
6.7188,1.1349
6.7194,1.1399
6.7199,1.1349
6.7205,1.1399
6.7210,1.1450
6.7216,1.1450
6.7221,1.1399
6.7227,1.1450
6.7232,1.1450
6.7237,1.1399
6.7243,1.1399
6.7248,1.1399
6.7254,1.1399
6.7259,1.1399
6.7265,1.1399
6.7270,1.1399
6.7276,1.1399
6.7281,1.1399
6.7287,1.1450
6.7292,1.1399
6.7298,1.1399
6.7305,1.1399
6.7311,1.1450
6.7316,1.1399
6.7321,1.1399
6.7327,1.1450
6.7332,1.1399
6.7338,1.1399
6.7343,1.1399
6.7349,1.1450
6.7354,1.1450
6.7359,1.1450
6.7365,1.1399
6.7370,1.1450
6.7376,1.1450
6.7381,1.1399
6.7387,1.1399
6.7392,1.1399
6.7398,1.1450
6.7403,1.1450
6.7409,1.1450
6.7414,1.1450
6.7420,1.1450
6.7425,1.1500
6.7430,1.1450
6.7436,1.1450
6.7441,1.1450
6.7447,1.1500
6.7452,1.1450
6.7458,1.1450
6.7463,1.1500
6.7469,1.1450
6.7474,1.1450
6.7480,1.1450
6.7485,1.1450
6.7491,1.1450
6.7496,1.1450
6.7502,1.1450
6.7507,1.1500
6.7512,1.1500
6.7518,1.1450
6.7524,1.1500
6.7529,1.1450
6.7534,1.1450
6.7540,1.1450
6.7545,1.1500
6.7551,1.1450
6.7556,1.1450
6.7562,1.1450
6.7567,1.1450
6.7572,1.1450
6.7578,1.1500
6.7584,1.1500
6.7590,1.1500
6.7595,1.1500
6.7601,1.1500
6.7606,1.1500
6.7612,1.1450
6.7617,1.1500
6.7622,1.1500
6.7628,1.1551
6.7633,1.1500
6.7639,1.1500
6.7644,1.1500
6.7650,1.1500
6.7655,1.1500
6.7661,1.1500
6.7666,1.1500
6.7672,1.1500
6.7677,1.1500
6.7683,1.1500
6.7688,1.1500
6.7694,1.1551
6.7699,1.1500
6.7704,1.1500
6.7710,1.1500
6.7715,1.1500
6.7721,1.1551
6.7726,1.1500
6.7732,1.1500
6.7737,1.1551
6.7743,1.1551
6.7749,1.1551
6.7754,1.1551
6.7759,1.1500
6.7765,1.1551
6.7770,1.1500
6.7776,1.1551
6.7781,1.1500
6.7787,1.1551
6.7792,1.1551
6.7798,1.1551
6.7803,1.1500
6.7809,1.1601
6.7814,1.1500
6.7820,1.1551
6.7825,1.1500
6.7831,1.1500
6.7836,1.1551
6.7842,1.1551
6.7847,1.1500
6.7852,1.1551
6.7858,1.1551
6.7863,1.1551
6.7869,1.1551
6.7874,1.1551
6.7880,1.1500
6.7885,1.1551
6.7891,1.1500
6.7896,1.1551
6.7902,1.1551
6.7907,1.1551
6.7913,1.1551
6.7918,1.1551
6.7923,1.1551
6.7929,1.1601
6.7934,1.1551
6.7940,1.1551
6.7945,1.1551
6.7951,1.1551
6.7956,1.1601
6.7961,1.1601
6.7967,1.1500
6.7972,1.1551
6.7978,1.1500
6.7983,1.1551
6.7989,1.1551
6.7994,1.1601
6.7999,1.1551
6.8005,1.1551
6.8010,1.1601
6.8016,1.1551
6.8021,1.1601
6.8027,1.1551
6.8032,1.1601
6.8038,1.1551
6.8043,1.1601
6.8049,1.1551
6.8054,1.1551
6.8060,1.1551
6.8065,1.1551
6.8070,1.1551
6.8076,1.1551
6.8081,1.1601
6.8087,1.1551
6.8092,1.1601
6.8098,1.1601
6.8103,1.1551
6.8109,1.1601
6.8114,1.1601
6.8120,1.1551
6.8125,1.1601
6.8131,1.1601
6.8136,1.1601
6.8142,1.1601
6.8147,1.1500
6.8152,1.1601
6.8158,1.1551
6.8163,1.1551
6.8169,1.1500
6.8174,1.1601
6.8180,1.1601
6.8185,1.1601
6.8191,1.1551
6.8196,1.1601
6.8202,1.1601
6.8207,1.1551
6.8213,1.1601
6.8218,1.1551
6.8223,1.1601
6.8229,1.1601
6.8234,1.1551
6.8240,1.1551
6.8245,1.1551
6.8251,1.1551
6.8256,1.1551
6.8262,1.1601
6.8267,1.1601
6.8273,1.1601
6.8278,1.1601
6.8284,1.1551
6.8289,1.1601
6.8295,1.1601
6.8300,1.1601
6.8305,1.1601
6.8311,1.1601
6.8316,1.1601
6.8322,1.1601
6.8327,1.1551
6.8333,1.1551
6.8338,1.1601
6.8344,1.1601
6.8349,1.1601
6.8355,1.1601
6.8360,1.1601
6.8365,1.1601
6.8371,1.1601
6.8376,1.1601
6.8382,1.1601
6.8387,1.1551
6.8393,1.1551
6.8398,1.1601
6.8404,1.1601
6.8409,1.1551
6.8415,1.1551
6.8420,1.1601
6.8426,1.1601
6.8431,1.1601
6.8437,1.1551
6.8444,1.1601
6.8449,1.1601
6.8455,1.1601
6.8460,1.1601
6.8466,1.1601
6.8471,1.1601
6.8477,1.1551
6.8482,1.1601
6.8488,1.1601
6.8493,1.1551
6.8499,1.1601
6.8504,1.1601
6.8510,1.1601
6.8515,1.1551
6.8520,1.1601
6.8526,1.1601
6.8532,1.1601
6.8537,1.1601
6.8542,1.1601
6.8548,1.1601
6.8553,1.1601
6.8559,1.1601
6.8564,1.1601
6.8570,1.1601
6.8575,1.1601
6.8580,1.1551
6.8586,1.1601
6.8591,1.1601
6.8597,1.1601
6.8602,1.1601
6.8608,1.1601
6.8613,1.1601
6.8619,1.1601
6.8624,1.1601
6.8630,1.1601
6.8635,1.1601
6.8641,1.1601
6.8646,1.1601
6.8652,1.1601
6.8657,1.1551
6.8662,1.1601
6.8668,1.1601
6.8673,1.1551
6.8679,1.1601
6.8684,1.1601
6.8690,1.1601
6.8695,1.1601
6.8701,1.1601
6.8706,1.1601
6.8711,1.1601
6.8717,1.1601
6.8722,1.1601
6.8728,1.1601
6.8733,1.1551
6.8739,1.1652
6.8744,1.1601
6.8749,1.1601
6.8755,1.1601
6.8760,1.1601
6.8766,1.1601
6.8771,1.1601
6.8777,1.1601
6.8782,1.1601
6.8787,1.1601
6.8793,1.1601
6.8798,1.1601
6.8804,1.1601
6.8809,1.1601
6.8815,1.1652
6.8820,1.1652
6.8826,1.1601
6.8831,1.1601
6.8837,1.1601
6.8842,1.1601
6.8848,1.1601
6.8853,1.1601
6.8858,1.1601
6.8864,1.1601
6.8869,1.1652
6.8875,1.1601
6.8880,1.1601
6.8886,1.1601
6.8891,1.1601
6.8897,1.1601
6.8902,1.1601
6.8908,1.1601
6.8913,1.1601
6.8919,1.1601
6.8925,1.1601
6.8931,1.1601
6.8937,1.1601
6.8943,1.1601
6.8948,1.1601
6.8954,1.1652
6.8960,1.1601
6.8965,1.1601
6.8971,1.1601
6.8976,1.1601
6.8982,1.1652
6.8988,1.1601
6.8994,1.1652
6.9000,1.1601
6.9005,1.1652
6.9011,1.1551
6.9016,1.1652
6.9022,1.1601
6.9027,1.1601
6.9032,1.1601
6.9038,1.1601
6.9043,1.1551
6.9049,1.1601
6.9054,1.1601
6.9060,1.1601
6.9065,1.1601
6.9071,1.1551
6.9076,1.1601
6.9082,1.1601
6.9087,1.1601
6.9093,1.1551
6.9098,1.1601
6.9104,1.1601
6.9110,1.1601
6.9115,1.1551
6.9121,1.1601
6.9126,1.1551
6.9132,1.1601
6.9138,1.1601
6.9144,1.1601
6.9150,1.1652
6.9155,1.1551
6.9162,1.1601
6.9168,1.1551
6.9173,1.1601
6.9179,1.1601
6.9184,1.1601
6.9190,1.1601
6.9195,1.1601
6.9201,1.1551
6.9206,1.1601
6.9212,1.1601
6.9217,1.1551
6.9222,1.1601
6.9228,1.1551
6.9233,1.1601
6.9239,1.1601
6.9244,1.1652
6.9250,1.1601
6.9255,1.1601
6.9260,1.1601
6.9266,1.1551
6.9271,1.1551
6.9277,1.1601
6.9282,1.1601
6.9288,1.1551
6.9293,1.1652
6.9298,1.1601
6.9304,1.1601
6.9309,1.1652
6.9315,1.1601
6.9320,1.1601
6.9326,1.1601
6.9331,1.1551
6.9337,1.1601
6.9342,1.1551
6.9348,1.1601
6.9353,1.1601
6.9358,1.1601
6.9364,1.1652
6.9369,1.1551
6.9375,1.1601
6.9380,1.1652
6.9386,1.1601
6.9391,1.1551
6.9397,1.1551
6.9402,1.1601
6.9407,1.1551
6.9413,1.1551
6.9418,1.1551
6.9424,1.1601
6.9429,1.1601
6.9435,1.1601
6.9440,1.1601
6.9445,1.1551
6.9451,1.1601
6.9456,1.1551
6.9462,1.1601
6.9467,1.1551
6.9472,1.1601
6.9478,1.1601
6.9483,1.1551
6.9489,1.1601
6.9495,1.1601
6.9500,1.1601
6.9505,1.1601
6.9511,1.1601
6.9516,1.1551
6.9522,1.1601
6.9527,1.1551
6.9534,1.1551
6.9539,1.1551
6.9545,1.1551
6.9550,1.1551
6.9555,1.1601
6.9561,1.1601
6.9566,1.1551
6.9571,1.1601
6.9577,1.1601
6.9582,1.1601
6.9588,1.1551
6.9593,1.1601
6.9598,1.1601
6.9604,1.1601
6.9609,1.1601
6.9614,1.1551
6.9620,1.1551
6.9625,1.1601
6.9631,1.1601
6.9636,1.1601
6.9641,1.1601
6.9647,1.1601
6.9652,1.1551
6.9657,1.1601
6.9663,1.1551
6.9668,1.1551
6.9674,1.1601
6.9679,1.1551
6.9684,1.1601
6.9690,1.1601
6.9695,1.1551
6.9700,1.1551
6.9706,1.1551
6.9711,1.1551
6.9717,1.1551
6.9722,1.1551
6.9727,1.1551
6.9733,1.1601
6.9738,1.1551
6.9743,1.1601
6.9749,1.1551
6.9754,1.1601
6.9760,1.1551
6.9765,1.1601
6.9770,1.1500
6.9776,1.1551
6.9781,1.1551
6.9786,1.1601
6.9792,1.1551
6.9797,1.1601
6.9803,1.1551
6.9808,1.1500
6.9813,1.1601
6.9819,1.1551
6.9824,1.1551
6.9830,1.1551
6.9835,1.1551
6.9840,1.1601
6.9846,1.1551
6.9851,1.1551
6.9857,1.1551
6.9862,1.1500
6.9867,1.1551
6.9873,1.1500
6.9878,1.1551
6.9883,1.1551
6.9889,1.1551
6.9895,1.1551
6.9900,1.1551
6.9906,1.1551
6.9911,1.1551
6.9916,1.1551
6.9922,1.1551
6.9927,1.1551
6.9933,1.1551
6.9938,1.1601
6.9943,1.1551
6.9949,1.1551
6.9954,1.1551
6.9960,1.1551
6.9965,1.1551
6.9970,1.1551
6.9976,1.1551
6.9981,1.1551
6.9987,1.1551
6.9992,1.1500
6.9997,1.1551
7.0003,1.1551
7.0008,1.1551
7.0014,1.1551
7.0019,1.1500
7.0024,1.1601
7.0030,1.1551
7.0035,1.1551
7.0041,1.1551
7.0046,1.1551
7.0051,1.1551
7.0057,1.1551
7.0062,1.1551
7.0068,1.1551
7.0073,1.1551
7.0079,1.1551
7.0084,1.1551
7.0089,1.1551
7.0095,1.1551
7.0100,1.1551
7.0106,1.1551
7.0111,1.1551
7.0116,1.1551
7.0122,1.1551
7.0127,1.1551
7.0133,1.1551
7.0138,1.1551
7.0144,1.1551
7.0149,1.1551
7.0154,1.1551
7.0160,1.1500
7.0165,1.1551
7.0171,1.1551
7.0176,1.1551
7.0181,1.1551
7.0187,1.1551
7.0192,1.1551
7.0198,1.1551
7.0203,1.1551
7.0208,1.1500
7.0214,1.1551
7.0219,1.1551
7.0225,1.1500
7.0230,1.1500
7.0235,1.1551
7.0241,1.1551
7.0246,1.1551
7.0252,1.1551
7.0257,1.1551
7.0262,1.1551
7.0268,1.1551
7.0273,1.1551
7.0279,1.1551
7.0284,1.1500
7.0290,1.1551
7.0295,1.1500
7.0300,1.1500
7.0306,1.1551
7.0311,1.1551
7.0317,1.1500
7.0322,1.1551
7.0327,1.1551
7.0333,1.1551
7.0338,1.1551
7.0344,1.1500
7.0349,1.1551
7.0354,1.1551
7.0360,1.1500
7.0365,1.1551
7.0371,1.1551
7.0376,1.1551
7.0381,1.1551
7.0387,1.1551
7.0392,1.1500
7.0398,1.1500
7.0403,1.1551
7.0408,1.1551
7.0414,1.1551
7.0419,1.1551
7.0425,1.1500
7.0430,1.1500
7.0435,1.1551
7.0441,1.1551
7.0446,1.1551
7.0452,1.1551
7.0457,1.1551
7.0462,1.1551
7.0468,1.1500
7.0473,1.1551
7.0479,1.1551
7.0484,1.1551
7.0490,1.1551
7.0495,1.1551
7.0500,1.1500
7.0506,1.1500
7.0511,1.1551
7.0517,1.1551
7.0522,1.1551
7.0528,1.1500
7.0533,1.1500
7.0539,1.1551
7.0545,1.1551
7.0550,1.1551
7.0556,1.1551
7.0561,1.1551
7.0567,1.1500
7.0572,1.1551
7.0578,1.1551
7.0583,1.1500
7.0589,1.1500
7.0594,1.1551
7.0600,1.1551
7.0605,1.1551
7.0611,1.1500
7.0616,1.1551
7.0622,1.1551
7.0627,1.1551
7.0633,1.1551
7.0638,1.1551
7.0644,1.1500
7.0649,1.1551
7.0655,1.1551
7.0660,1.1551
7.0665,1.1500
7.0671,1.1500
7.0676,1.1551
7.0682,1.1500
7.0687,1.1500
7.0693,1.1601
7.0698,1.1551
7.0704,1.1551
7.0709,1.1551
7.0715,1.1551
7.0720,1.1551
7.0726,1.1500
7.0731,1.1551
7.0736,1.1500
7.0742,1.1551
7.0747,1.1551
7.0753,1.1500
7.0758,1.1551
7.0764,1.1601
7.0769,1.1551
7.0775,1.1551
7.0780,1.1500
7.0786,1.1551
7.0791,1.1500
7.0797,1.1500
7.0802,1.1500
7.0807,1.1551
7.0813,1.1500
7.0818,1.1551
7.0824,1.1551
7.0829,1.1551
7.0835,1.1500
7.0840,1.1551
7.0846,1.1551
7.0851,1.1551
7.0857,1.1551
7.0862,1.1551
7.0868,1.1500
7.0873,1.1551
7.0878,1.1551
7.0884,1.1551
7.0889,1.1551
7.0895,1.1551
7.0900,1.1551
7.0906,1.1551
7.0911,1.1551
7.0917,1.1551
7.0922,1.1500
7.0928,1.1500
7.0933,1.1551
7.0939,1.1551
7.0944,1.1551
7.0949,1.1551
7.0955,1.1551
7.0960,1.1551
7.0966,1.1601
7.0971,1.1500
7.0977,1.1551
7.0982,1.1551
7.0988,1.1500
7.0993,1.1551
7.0999,1.1551
7.1004,1.1551
7.1010,1.1551
7.1015,1.1551
7.1020,1.1551
7.1026,1.1551
7.1031,1.1500
7.1037,1.1500
7.1042,1.1551
7.1048,1.1551
7.1053,1.1551
7.1059,1.1551
7.1064,1.1551
7.1070,1.1551
7.1075,1.1500
7.1081,1.1551
7.1086,1.1551
7.1091,1.1551
7.1097,1.1500
7.1102,1.1551
7.1108,1.1500
7.1113,1.1551
7.1119,1.1500
7.1124,1.1551
7.1130,1.1551
7.1135,1.1551
7.1141,1.1500
7.1146,1.1551
7.1152,1.1551
7.1157,1.1500
7.1162,1.1551
7.1168,1.1500
7.1173,1.1551
7.1179,1.1500
7.1184,1.1551
7.1190,1.1551
7.1195,1.1551
7.1201,1.1500
7.1206,1.1500
7.1212,1.1551
7.1217,1.1500
7.1223,1.1500
7.1228,1.1500
7.1234,1.1500
7.1239,1.1500
7.1245,1.1500
7.1250,1.1551
7.1256,1.1551
7.1261,1.1500
7.1266,1.1551
7.1272,1.1551
7.1277,1.1551
7.1283,1.1551
7.1288,1.1551
7.1294,1.1551
7.1299,1.1551
7.1305,1.1551
7.1310,1.1500
7.1316,1.1551
7.1321,1.1500
7.1327,1.1500
7.1332,1.1551
7.1338,1.1551
7.1343,1.1551
7.1348,1.1551
7.1354,1.1601
7.1359,1.1551
7.1365,1.1551
7.1370,1.1500
7.1376,1.1551
7.1381,1.1500
7.1387,1.1551
7.1392,1.1500
7.1398,1.1500
7.1403,1.1551
7.1409,1.1551
7.1414,1.1551
7.1420,1.1551
7.1425,1.1500
7.1430,1.1551
7.1436,1.1551
7.1441,1.1500
7.1447,1.1500
7.1452,1.1551
7.1458,1.1500
7.1463,1.1551
7.1469,1.1500
7.1474,1.1500
7.1480,1.1551
7.1485,1.1500
7.1491,1.1500
7.1496,1.1500
7.1502,1.1551
7.1507,1.1500
7.1513,1.1551
7.1518,1.1551
7.1523,1.1500
7.1529,1.1551
7.1534,1.1450
7.1540,1.1551
7.1546,1.1500
7.1551,1.1500
7.1557,1.1551
7.1562,1.1500
7.1567,1.1500
7.1573,1.1500
7.1578,1.1551
7.1584,1.1450
7.1589,1.1500
7.1595,1.1551
7.1600,1.1500
7.1606,1.1500
7.1611,1.1551
7.1617,1.1551
7.1622,1.1500
7.1628,1.1551
7.1633,1.1551
7.1639,1.1500
7.1644,1.1500
7.1649,1.1551
7.1655,1.1500
7.1660,1.1551
7.1666,1.1500
7.1671,1.1551
7.1677,1.1500
7.1682,1.1500
7.1688,1.1500
7.1693,1.1500
7.1699,1.1500
7.1704,1.1500
7.1710,1.1500
7.1715,1.1500
7.1721,1.1500
7.1726,1.1500
7.1731,1.1500
7.1737,1.1500
7.1742,1.1551
7.1748,1.1500
7.1753,1.1500
7.1759,1.1551
7.1764,1.1551
7.1770,1.1551
7.1775,1.1500
7.1781,1.1500
7.1786,1.1551
7.1792,1.1500
7.1797,1.1500
7.1803,1.1551
7.1808,1.1500
7.1813,1.1500
7.1819,1.1500
7.1824,1.1500
7.1830,1.1551
7.1835,1.1551
7.1841,1.1551
7.1846,1.1551
7.1852,1.1500
7.1857,1.1551
7.1863,1.1450
7.1868,1.1500
7.1874,1.1500
7.1879,1.1500
7.1884,1.1500
7.1890,1.1500
7.1895,1.1500
7.1901,1.1500
7.1907,1.1551
7.1912,1.1500
7.1918,1.1500
7.1923,1.1500
7.1928,1.1450
7.1934,1.1500
7.1939,1.1500
7.1945,1.1500
7.1950,1.1500
7.1956,1.1500
7.1961,1.1500
7.1967,1.1500
7.1972,1.1500
7.1978,1.1500
7.1983,1.1500
7.1989,1.1500
7.1995,1.1500
7.2000,1.1450
7.2006,1.1500
7.2011,1.1500
7.2017,1.1500
7.2022,1.1551
7.2027,1.1500
7.2033,1.1450
7.2038,1.1500
7.2044,1.1500
7.2049,1.1500
7.2055,1.1500
7.2060,1.1450
7.2066,1.1500
7.2071,1.1500
7.2077,1.1450
7.2082,1.1500
7.2088,1.1500
7.2093,1.1450
7.2099,1.1500
7.2104,1.1500
7.2110,1.1450
7.2117,1.1500
7.2122,1.1399
7.2128,1.1500
7.2134,1.1500
7.2140,1.1551
7.2146,1.1500
7.2151,1.1450
7.2157,1.1500
7.2163,1.1500
7.2168,1.1500
7.2174,1.1500
7.2179,1.1500
7.2185,1.1500
7.2191,1.1500
7.2196,1.1500
7.2202,1.1399
7.2208,1.1500
7.2213,1.1500
7.2219,1.1500
7.2225,1.1500
7.2231,1.1450
7.2237,1.1500
7.2242,1.1500
7.2248,1.1450
7.2253,1.1450
7.2258,1.1450
7.2264,1.1500
7.2269,1.1500
7.2275,1.1500
7.2280,1.1500
7.2285,1.1450
7.2291,1.1500
7.2296,1.1500
7.2302,1.1450
7.2307,1.1500
7.2313,1.1450
7.2318,1.1450
7.2324,1.1500
7.2329,1.1500
7.2335,1.1450
7.2340,1.1450
7.2346,1.1450
7.2351,1.1500
7.2356,1.1500
7.2362,1.1500
7.2367,1.1500
7.2373,1.1500
7.2378,1.1450
7.2384,1.1500
7.2389,1.1500
7.2395,1.1500
7.2400,1.1450
7.2406,1.1500
7.2411,1.1551
7.2417,1.1500
7.2422,1.1500
7.2427,1.1500
7.2433,1.1450
7.2438,1.1450
7.2444,1.1500
7.2449,1.1450
7.2454,1.1450
7.2460,1.1450
7.2465,1.1500
7.2471,1.1500
7.2476,1.1450
7.2482,1.1450
7.2487,1.1500
7.2492,1.1450
7.2498,1.1450
7.2503,1.1500
7.2509,1.1450
7.2514,1.1450
7.2520,1.1450
7.2525,1.1450
7.2530,1.1450
7.2536,1.1450
7.2541,1.1450
7.2547,1.1450
7.2552,1.1450
7.2558,1.1450
7.2563,1.1500
7.2569,1.1450
7.2574,1.1450
7.2580,1.1500
7.2585,1.1500
7.2590,1.1450
7.2596,1.1500
7.2601,1.1500
7.2607,1.1399
7.2612,1.1450
7.2618,1.1450
7.2623,1.1450
7.2629,1.1450
7.2634,1.1450
7.2640,1.1500
7.2645,1.1500
7.2650,1.1399
7.2656,1.1450
7.2661,1.1450
7.2667,1.1450
7.2672,1.1450
7.2678,1.1500
7.2683,1.1450
7.2688,1.1450
7.2694,1.1450
7.2699,1.1450
7.2705,1.1500
7.2710,1.1450
7.2716,1.1450
7.2721,1.1450
7.2726,1.1500
7.2732,1.1399
7.2737,1.1450
7.2743,1.1450
7.2748,1.1500
7.2754,1.1450
7.2759,1.1450
7.2764,1.1450
7.2770,1.1450
7.2775,1.1450
7.2781,1.1450
7.2786,1.1450
7.2792,1.1399
7.2797,1.1450
7.2802,1.1450
7.2808,1.1450
7.2813,1.1500
7.2819,1.1450
7.2824,1.1500
7.2830,1.1450
7.2835,1.1450
7.2840,1.1399
7.2846,1.1450
7.2851,1.1399
7.2857,1.1500
7.2862,1.1450
7.2868,1.1450
7.2873,1.1450
7.2878,1.1450
7.2884,1.1500
7.2889,1.1450
7.2895,1.1450
7.2900,1.1450
7.2906,1.1399
7.2911,1.1450
7.2916,1.1500
7.2922,1.1450
7.2927,1.1450
7.2933,1.1450
7.2938,1.1450
7.2944,1.1450
7.2949,1.1450
7.2954,1.1450
7.2960,1.1399
7.2965,1.1500
7.2971,1.1399
7.2976,1.1450
7.2982,1.1399
7.2987,1.1500
7.2992,1.1450
7.2998,1.1500
7.3003,1.1450
7.3009,1.1399
7.3014,1.1450
7.3020,1.1450
7.3025,1.1450
7.3031,1.1450
7.3036,1.1450
7.3042,1.1450
7.3047,1.1399
7.3053,1.1450
7.3058,1.1450
7.3064,1.1399
7.3069,1.1450
7.3075,1.1399
7.3080,1.1450
7.3085,1.1450
7.3091,1.1450
7.3096,1.1450
7.3102,1.1399
7.3107,1.1399
7.3113,1.1450
7.3118,1.1450
7.3124,1.1450
7.3129,1.1450
7.3135,1.1399
7.3140,1.1450
7.3146,1.1450
7.3151,1.1450
7.3157,1.1399
7.3162,1.1450
7.3168,1.1450
7.3173,1.1399
7.3178,1.1450
7.3184,1.1399
7.3189,1.1450
7.3195,1.1450
7.3200,1.1399
7.3206,1.1399
7.3211,1.1450
7.3217,1.1399
7.3222,1.1450
7.3228,1.1399
7.3233,1.1450
7.3239,1.1399
7.3244,1.1450
7.3250,1.1450
7.3255,1.1399
7.3261,1.1450
7.3266,1.1450
7.3272,1.1399
7.3277,1.1399
7.3282,1.1450
7.3288,1.1399
7.3293,1.1399
7.3299,1.1450
7.3305,1.1450
7.3310,1.1450
7.3316,1.1399
7.3321,1.1399
7.3327,1.1450
7.3332,1.1399
7.3337,1.1399
7.3343,1.1450
7.3348,1.1450
7.3354,1.1450
7.3359,1.1399
7.3365,1.1450
7.3370,1.1450
7.3376,1.1450
7.3381,1.1399
7.3387,1.1450
7.3392,1.1399
7.3398,1.1399
7.3403,1.1450
7.3409,1.1399
7.3414,1.1450
7.3420,1.1450
7.3425,1.1450
7.3431,1.1399
7.3436,1.1450
7.3441,1.1399
7.3447,1.1399
7.3452,1.1450
7.3458,1.1399
7.3463,1.1450
7.3469,1.1349
7.3474,1.1399
7.3480,1.1450
7.3485,1.1450
7.3491,1.1399
7.3496,1.1399
7.3502,1.1450
7.3507,1.1399
7.3513,1.1399
7.3518,1.1399
7.3524,1.1399
7.3529,1.1450
7.3535,1.1450
7.3540,1.1450
7.3545,1.1450
7.3551,1.1399
7.3556,1.1399
7.3562,1.1349
7.3568,1.1450
7.3573,1.1450
7.3579,1.1450
7.3584,1.1450
7.3590,1.1450
7.3595,1.1399
7.3600,1.1450
7.3606,1.1399
7.3611,1.1399
7.3617,1.1399
7.3622,1.1399
7.3628,1.1450
7.3633,1.1399
7.3639,1.1399
7.3644,1.1399
7.3650,1.1450
7.3655,1.1399
7.3661,1.1450
7.3666,1.1450
7.3672,1.1399
7.3677,1.1399
7.3682,1.1450
7.3688,1.1450
7.3693,1.1450
7.3699,1.1399
7.3704,1.1450
7.3710,1.1450
7.3715,1.1399
7.3721,1.1399
7.3726,1.1450
7.3732,1.1399
7.3737,1.1399
7.3743,1.1450
7.3748,1.1399
7.3754,1.1450
7.3759,1.1450
7.3765,1.1399
7.3770,1.1450
7.3776,1.1399
7.3781,1.1450
7.3786,1.1399
7.3792,1.1399
7.3797,1.1399
7.3803,1.1450
7.3808,1.1399
7.3814,1.1399
7.3819,1.1399
7.3825,1.1399
7.3830,1.1450
7.3836,1.1399
7.3841,1.1399
7.3847,1.1399
7.3852,1.1450
7.3858,1.1399
7.3863,1.1399
7.3869,1.1399
7.3874,1.1399
7.3880,1.1399
7.3885,1.1399
7.3891,1.1399
7.3896,1.1399
7.3901,1.1399
7.3907,1.1399
7.3913,1.1399
7.3918,1.1450
7.3924,1.1399
7.3930,1.1450
7.3936,1.1349
7.3942,1.1450
7.3948,1.1399
7.3953,1.1450
7.3959,1.1450
7.3965,1.1450
7.3970,1.1450
7.3976,1.1399
7.3982,1.1399
7.3987,1.1399
7.3993,1.1450
7.4000,1.1399
7.4006,1.1450
7.4011,1.1349
7.4017,1.1399
7.4022,1.1349
7.4028,1.1399
7.4033,1.1450
7.4039,1.1399
7.4044,1.1399
7.4050,1.1450
7.4055,1.1349
7.4060,1.1399
7.4066,1.1349
7.4072,1.1349
7.4077,1.1399
7.4083,1.1399
7.4088,1.1399
7.4094,1.1399
7.4100,1.1399
7.4105,1.1399
7.4111,1.1450
7.4117,1.1399
7.4123,1.1399
7.4128,1.1450
7.4134,1.1399
7.4140,1.1399
7.4145,1.1399
7.4151,1.1399
7.4158,1.1399
7.4164,1.1399
7.4169,1.1349
7.4175,1.1399
7.4180,1.1450
7.4186,1.1399
7.4191,1.1349
7.4197,1.1399
7.4202,1.1399
7.4207,1.1399
7.4213,1.1450
7.4218,1.1450
7.4224,1.1399
7.4229,1.1399
7.4235,1.1450
7.4240,1.1349
7.4245,1.1399
7.4251,1.1399
7.4256,1.1349
7.4262,1.1399
7.4267,1.1349
7.4273,1.1399
7.4278,1.1349
7.4283,1.1450
7.4289,1.1399
7.4295,1.1349
7.4300,1.1450
7.4305,1.1450
7.4311,1.1399
7.4316,1.1450
7.4322,1.1399
7.4327,1.1399
7.4333,1.1450
7.4338,1.1450
7.4343,1.1399
7.4349,1.1399
7.4354,1.1450
7.4360,1.1399
7.4365,1.1399
7.4371,1.1399
7.4376,1.1399
7.4381,1.1399
7.4387,1.1399
7.4392,1.1399
7.4398,1.1399
7.4403,1.1399
7.4409,1.1399
7.4414,1.1399
7.4420,1.1399
7.4425,1.1349
7.4431,1.1399
7.4436,1.1399
7.4441,1.1399
7.4447,1.1399
7.4452,1.1399
7.4458,1.1450
7.4463,1.1450
7.4469,1.1349
7.4474,1.1399
7.4479,1.1399
7.4485,1.1399
7.4490,1.1399
7.4496,1.1399
7.4501,1.1399
7.4507,1.1399
7.4512,1.1399
7.4517,1.1399
7.4523,1.1349
7.4528,1.1399
7.4534,1.1399
7.4539,1.1450
7.4545,1.1349
7.4550,1.1399
7.4555,1.1399
7.4561,1.1399
7.4567,1.1399
7.4573,1.1399
7.4578,1.1450
7.4584,1.1450
7.4589,1.1349
7.4595,1.1450
7.4600,1.1399
7.4605,1.1399
7.4611,1.1399
7.4616,1.1399
7.4622,1.1399
7.4627,1.1399
7.4632,1.1399
7.4638,1.1399
7.4643,1.1399
7.4648,1.1399
7.4654,1.1399
7.4659,1.1399
7.4665,1.1399
7.4670,1.1399
7.4675,1.1399
7.4681,1.1399
7.4686,1.1349
7.4691,1.1399
7.4697,1.1399
7.4702,1.1399
7.4708,1.1450
7.4713,1.1349
7.4719,1.1349
7.4724,1.1399
7.4729,1.1399
7.4735,1.1349
7.4740,1.1399
7.4745,1.1399
7.4751,1.1450
7.4757,1.1349
7.4762,1.1399
7.4768,1.1399
7.4773,1.1399
7.4778,1.1399
7.4784,1.1399
7.4789,1.1399
7.4795,1.1399
7.4800,1.1349
7.4805,1.1399
7.4811,1.1349
7.4816,1.1450
7.4821,1.1399
7.4827,1.1399
7.4832,1.1399
7.4838,1.1399
7.4843,1.1349
7.4848,1.1399
7.4854,1.1399
7.4859,1.1450
7.4864,1.1399
7.4870,1.1399
7.4875,1.1399
7.4880,1.1399
7.4886,1.1349
7.4891,1.1450
7.4897,1.1399
7.4902,1.1450
7.4907,1.1399
7.4913,1.1450
7.4918,1.1399
7.4924,1.1399
7.4929,1.1399
7.4934,1.1399
7.4940,1.1349
7.4945,1.1349
7.4951,1.1399
7.4956,1.1399
7.4962,1.1399
7.4967,1.1399
7.4972,1.1399
7.4978,1.1399
7.4983,1.1450
7.4989,1.1349
7.4994,1.1399
7.5000,1.1399
7.5005,1.1399
7.5010,1.1399
7.5016,1.1399
7.5021,1.1399
7.5027,1.1349
7.5032,1.1399
7.5037,1.1399
7.5043,1.1399
7.5048,1.1399
7.5054,1.1399
7.5059,1.1399
7.5064,1.1349
7.5070,1.1399
7.5075,1.1399
7.5081,1.1399
7.5086,1.1349
7.5091,1.1349
7.5097,1.1349
7.5102,1.1399
7.5108,1.1399
7.5113,1.1399
7.5118,1.1349
7.5124,1.1399
7.5129,1.1349
7.5135,1.1349
7.5140,1.1399
7.5145,1.1399
7.5151,1.1399
7.5156,1.1399
7.5162,1.1399
7.5167,1.1399
7.5173,1.1349
7.5178,1.1399
7.5183,1.1349
7.5189,1.1349
7.5194,1.1349
7.5200,1.1349
7.5205,1.1349
7.5211,1.1399
7.5216,1.1399
7.5221,1.1399
7.5227,1.1399
7.5232,1.1349
7.5238,1.1399
7.5243,1.1399
7.5248,1.1399
7.5254,1.1399
7.5259,1.1399
7.5265,1.1399
7.5270,1.1399
7.5275,1.1399
7.5281,1.1399
7.5286,1.1399
7.5292,1.1399
7.5297,1.1349
7.5303,1.1399
7.5308,1.1399
7.5313,1.1399
7.5319,1.1399
7.5324,1.1399
7.5330,1.1399
7.5335,1.1399
7.5340,1.1349
7.5346,1.1399
7.5351,1.1399
7.5357,1.1349
7.5362,1.1399
7.5367,1.1399
7.5373,1.1399
7.5378,1.1399
7.5384,1.1399
7.5389,1.1399
7.5395,1.1349
7.5400,1.1399
7.5406,1.1399
7.5411,1.1349
7.5416,1.1399
7.5422,1.1349
7.5427,1.1399
7.5433,1.1399
7.5438,1.1399
7.5443,1.1399
7.5449,1.1399
7.5454,1.1349
7.5460,1.1349
7.5465,1.1349
7.5470,1.1349
7.5476,1.1349
7.5481,1.1349
7.5487,1.1399
7.5492,1.1399
7.5498,1.1349
7.5503,1.1349
7.5508,1.1399
7.5514,1.1349
7.5519,1.1399
7.5525,1.1450
7.5530,1.1349
7.5535,1.1349
7.5541,1.1399
7.5546,1.1349
7.5552,1.1399
7.5557,1.1399
7.5562,1.1399
7.5568,1.1399
7.5574,1.1399
7.5580,1.1349
7.5585,1.1399
7.5591,1.1349
7.5596,1.1399
7.5602,1.1349
7.5607,1.1399
7.5613,1.1399
7.5618,1.1349
7.5624,1.1399
7.5629,1.1399
7.5634,1.1349
7.5640,1.1399
7.5645,1.1349
7.5651,1.1399
7.5656,1.1399
7.5662,1.1349
7.5667,1.1349
7.5673,1.1399
7.5678,1.1349
7.5684,1.1399
7.5689,1.1399
7.5695,1.1399
7.5700,1.1399
7.5706,1.1399
7.5711,1.1349
7.5716,1.1399
7.5722,1.1349
7.5727,1.1399
7.5733,1.1349
7.5738,1.1399
7.5744,1.1349
7.5749,1.1349
7.5755,1.1349
7.5760,1.1349
7.5766,1.1399
7.5771,1.1399
7.5777,1.1349
7.5782,1.1399
7.5788,1.1349
7.5793,1.1399
7.5799,1.1399
7.5804,1.1399
7.5810,1.1399
7.5815,1.1349
7.5820,1.1349
7.5826,1.1349
7.5831,1.1349
7.5837,1.1399
7.5842,1.1349
7.5848,1.1399
7.5853,1.1399
7.5859,1.1399
7.5864,1.1349
7.5870,1.1399
7.5875,1.1399
7.5881,1.1349
7.5886,1.1349
7.5891,1.1349
7.5897,1.1349
7.5902,1.1349
7.5908,1.1349
7.5913,1.1349
7.5919,1.1399
7.5924,1.1399
7.5930,1.1349
7.5935,1.1349
7.5941,1.1399
7.5946,1.1349
7.5952,1.1399
7.5957,1.1299
7.5962,1.1349
7.5968,1.1349
7.5973,1.1399
7.5979,1.1349
7.5984,1.1349
7.5990,1.1399
7.5995,1.1399
7.6001,1.1349
7.6006,1.1399
7.6012,1.1349
7.6017,1.1399
7.6023,1.1349
7.6028,1.1349
7.6034,1.1399
7.6039,1.1349
7.6044,1.1399
7.6050,1.1349
7.6055,1.1399
7.6061,1.1399
7.6066,1.1349
7.6072,1.1349
7.6077,1.1349
7.6083,1.1349
7.6088,1.1399
7.6094,1.1349
7.6099,1.1399
7.6105,1.1399
7.6110,1.1399
7.6116,1.1399
7.6121,1.1299
7.6127,1.1349
7.6132,1.1349
7.6138,1.1349
7.6143,1.1399
7.6148,1.1349
7.6154,1.1399
7.6159,1.1399
7.6165,1.1349
7.6170,1.1399
7.6176,1.1349
7.6181,1.1349
7.6187,1.1349
7.6192,1.1399
7.6198,1.1349
7.6203,1.1349
7.6209,1.1349
7.6214,1.1399
7.6219,1.1349
7.6225,1.1399
7.6230,1.1349
7.6236,1.1399
7.6241,1.1349
7.6247,1.1399
7.6252,1.1349
7.6258,1.1399
7.6263,1.1399
7.6269,1.1299
7.6274,1.1349
7.6280,1.1349
7.6285,1.1299
7.6290,1.1349
7.6296,1.1349
7.6301,1.1349
7.6307,1.1399
7.6312,1.1349
7.6318,1.1349
7.6323,1.1349
7.6329,1.1349
7.6334,1.1349
7.6340,1.1349
7.6345,1.1349
7.6351,1.1399
7.6356,1.1349
7.6361,1.1299
7.6367,1.1349
7.6372,1.1299
7.6378,1.1349
7.6383,1.1399
7.6389,1.1349
7.6395,1.1349
7.6400,1.1349
7.6405,1.1399
7.6411,1.1299
7.6416,1.1349
7.6422,1.1349
7.6427,1.1399
7.6433,1.1399
7.6438,1.1349
7.6444,1.1349
7.6449,1.1399
7.6455,1.1299
7.6460,1.1349
7.6466,1.1349
7.6471,1.1399
7.6476,1.1349
7.6482,1.1399
7.6487,1.1399
7.6493,1.1399
7.6498,1.1349
7.6504,1.1349
7.6509,1.1349
7.6515,1.1399
7.6520,1.1349
7.6526,1.1349
7.6531,1.1349
7.6537,1.1399
7.6542,1.1349
7.6548,1.1349
7.6553,1.1399
7.6559,1.1349
7.6564,1.1349
7.6570,1.1349
7.6575,1.1399
7.6581,1.1349
7.6586,1.1349
7.6592,1.1349
7.6597,1.1349
7.6603,1.1349
7.6608,1.1349
7.6614,1.1399
7.6619,1.1399
7.6625,1.1399
7.6630,1.1349
7.6636,1.1349
7.6641,1.1349
7.6647,1.1349
7.6652,1.1349
7.6658,1.1349
7.6663,1.1349
7.6668,1.1299
7.6674,1.1399
7.6679,1.1399
7.6685,1.1399
7.6690,1.1349
7.6696,1.1349
7.6701,1.1349
7.6707,1.1349
7.6712,1.1349
7.6718,1.1349
7.6723,1.1349
7.6729,1.1349
7.6734,1.1349
7.6740,1.1349
7.6745,1.1349
7.6751,1.1349
7.6756,1.1349
7.6761,1.1349
7.6767,1.1349
7.6773,1.1349
7.6778,1.1349
7.6784,1.1349
7.6789,1.1299
7.6795,1.1349
7.6800,1.1349
7.6806,1.1349
7.6811,1.1349
7.6816,1.1399
7.6822,1.1349
7.6827,1.1349
7.6833,1.1349
7.6838,1.1349
7.6844,1.1349
7.6849,1.1349
7.6855,1.1299
7.6860,1.1349
7.6866,1.1349
7.6871,1.1399
7.6877,1.1349
7.6882,1.1399
7.6888,1.1349
7.6893,1.1349
7.6899,1.1349
7.6904,1.1349
7.6909,1.1399
7.6915,1.1399
7.6920,1.1399
7.6926,1.1349
7.6931,1.1399
7.6937,1.1349
7.6942,1.1349
7.6948,1.1349
7.6953,1.1399
7.6959,1.1349
7.6964,1.1349
7.6970,1.1349
7.6975,1.1349
7.6981,1.1349
7.6986,1.1349
7.6992,1.1349
7.6997,1.1349
7.7003,1.1349
7.7008,1.1399
7.7013,1.1349
7.7019,1.1399
7.7024,1.1349
7.7030,1.1399
7.7035,1.1399
7.7041,1.1399
7.7046,1.1349
7.7052,1.1399
7.7057,1.1349
7.7063,1.1349
7.7068,1.1349
7.7074,1.1399
7.7079,1.1349
7.7085,1.1349
7.7090,1.1399
7.7096,1.1399
7.7101,1.1399
7.7106,1.1399
7.7112,1.1399
7.7117,1.1399
7.7123,1.1349
7.7128,1.1399
7.7134,1.1399
7.7139,1.1349
7.7145,1.1349
7.7150,1.1349
7.7156,1.1399
7.7161,1.1399
7.7167,1.1399
7.7172,1.1399
7.7178,1.1399
7.7183,1.1399
7.7189,1.1399
7.7194,1.1399
7.7199,1.1399
7.7205,1.1399
7.7210,1.1399
7.7216,1.1399
7.7221,1.1399
7.7227,1.1399
7.7232,1.1349
7.7238,1.1399
7.7243,1.1349
7.7249,1.1399
7.7254,1.1399
7.7260,1.1399
7.7265,1.1450
7.7271,1.1349
7.7276,1.1399
7.7282,1.1450
7.7287,1.1399
7.7292,1.1450
7.7298,1.1399
7.7303,1.1349
7.7309,1.1399
7.7314,1.1399
7.7320,1.1399
7.7325,1.1450
7.7331,1.1399
7.7336,1.1450
7.7342,1.1450
7.7347,1.1399
7.7353,1.1450
7.7358,1.1450
7.7364,1.1399
7.7369,1.1450
7.7375,1.1399
7.7380,1.1450
7.7385,1.1450
7.7391,1.1450
7.7396,1.1450
7.7402,1.1399
7.7407,1.1399
7.7413,1.1450
7.7418,1.1399
7.7424,1.1399
7.7429,1.1450
7.7435,1.1450
7.7440,1.1500
7.7446,1.1399
7.7451,1.1450
7.7457,1.1399
7.7462,1.1450
7.7468,1.1450
7.7473,1.1450
7.7479,1.1500
7.7484,1.1450
7.7490,1.1450
7.7495,1.1450
7.7501,1.1450
7.7506,1.1450
7.7512,1.1450
7.7517,1.1450
7.7523,1.1450
7.7528,1.1450
7.7534,1.1450
7.7539,1.1500
7.7544,1.1450
7.7550,1.1500
7.7555,1.1500
7.7561,1.1450
7.7566,1.1450
7.7572,1.1500
7.7577,1.1500
7.7583,1.1450
7.7588,1.1450
7.7594,1.1450
7.7599,1.1500
7.7605,1.1500
7.7610,1.1500
7.7616,1.1450
7.7621,1.1500
7.7627,1.1500
7.7632,1.1500
7.7638,1.1500
7.7643,1.1500
7.7649,1.1551
7.7654,1.1500
7.7660,1.1500
7.7665,1.1500
7.7671,1.1500
7.7676,1.1500
7.7681,1.1500
7.7687,1.1500
7.7692,1.1551
7.7698,1.1450
7.7703,1.1500
7.7709,1.1500
7.7714,1.1500
7.7720,1.1500
7.7725,1.1500
7.7731,1.1551
7.7736,1.1500
7.7742,1.1450
7.7747,1.1500
7.7753,1.1551
7.7758,1.1551
7.7764,1.1551
7.7769,1.1551
7.7775,1.1551
7.7780,1.1551
7.7786,1.1500
7.7791,1.1500
7.7797,1.1551
7.7802,1.1551
7.7807,1.1551
7.7813,1.1500
7.7818,1.1551
7.7824,1.1551
7.7829,1.1551
7.7835,1.1551
7.7840,1.1551
7.7846,1.1500
7.7851,1.1500
7.7857,1.1551
7.7862,1.1551
7.7868,1.1500
7.7873,1.1551
7.7879,1.1551
7.7884,1.1551
7.7890,1.1551
7.7895,1.1551
7.7900,1.1551
7.7906,1.1551
7.7911,1.1551
7.7917,1.1450
7.7922,1.1551
7.7928,1.1551
7.7933,1.1551
7.7939,1.1551
7.7944,1.1551
7.7950,1.1500
7.7955,1.1551
7.7961,1.1551
7.7966,1.1551
7.7972,1.1500
7.7977,1.1551
7.7982,1.1601
7.7988,1.1601
7.7993,1.1551
7.7999,1.1601
7.8004,1.1601
7.8010,1.1551
7.8015,1.1551
7.8021,1.1601
7.8026,1.1601
7.8032,1.1551
7.8037,1.1601
7.8043,1.1601
7.8048,1.1551
7.8054,1.1601
7.8059,1.1551
7.8065,1.1551
7.8070,1.1601
7.8076,1.1601
7.8081,1.1551
7.8086,1.1601
7.8092,1.1551
7.8098,1.1601
7.8103,1.1551
7.8109,1.1601
7.8115,1.1551
7.8121,1.1551
7.8127,1.1551
7.8133,1.1551
7.8138,1.1601
7.8144,1.1601
7.8150,1.1601
7.8155,1.1601
7.8161,1.1551
7.8167,1.1551
7.8173,1.1551
7.8179,1.1601
7.8185,1.1551
7.8190,1.1601
7.8196,1.1551
7.8202,1.1601
7.8208,1.1551
7.8213,1.1601
7.8219,1.1601
7.8224,1.1601
7.8230,1.1601
7.8235,1.1551
7.8241,1.1601
7.8246,1.1601
7.8252,1.1601
7.8257,1.1601
7.8262,1.1601
7.8268,1.1601
7.8273,1.1601
7.8279,1.1601
7.8284,1.1601
7.8290,1.1601
7.8295,1.1551
7.8301,1.1601
7.8306,1.1601
7.8311,1.1601
7.8317,1.1551
7.8322,1.1652
7.8328,1.1601
7.8333,1.1551
7.8339,1.1601
7.8344,1.1601
7.8350,1.1601
7.8355,1.1601
7.8360,1.1652
7.8366,1.1601
7.8371,1.1601
7.8377,1.1601
7.8382,1.1601
7.8388,1.1601
7.8393,1.1601
7.8399,1.1551
7.8404,1.1601
7.8409,1.1601
7.8415,1.1601
7.8420,1.1601
7.8426,1.1601
7.8431,1.1601
7.8437,1.1652
7.8442,1.1601
7.8447,1.1601
7.8453,1.1652
7.8458,1.1601
7.8464,1.1652
7.8469,1.1601
7.8475,1.1601
7.8480,1.1601
7.8485,1.1601
7.8491,1.1601
7.8496,1.1551
7.8502,1.1601
7.8507,1.1601
7.8513,1.1601
7.8518,1.1551
7.8523,1.1551
7.8529,1.1551
7.8534,1.1551
7.8540,1.1601
7.8545,1.1601
7.8551,1.1601
7.8556,1.1601
7.8561,1.1601
7.8567,1.1551
7.8572,1.1551
7.8578,1.1601
7.8583,1.1601
7.8589,1.1551
7.8594,1.1652
7.8600,1.1601
7.8605,1.1601
7.8611,1.1601
7.8616,1.1601
7.8621,1.1601
7.8627,1.1601
7.8632,1.1601
7.8638,1.1601
7.8643,1.1601
7.8649,1.1551
7.8654,1.1601
7.8659,1.1601
7.8665,1.1601
7.8670,1.1601
7.8676,1.1601
7.8681,1.1601
7.8687,1.1551
7.8692,1.1601
7.8697,1.1652
7.8703,1.1601
7.8708,1.1601
7.8714,1.1601
7.8719,1.1601
7.8725,1.1601
7.8730,1.1601
7.8735,1.1601
7.8741,1.1601
7.8746,1.1601
7.8752,1.1551
7.8757,1.1601
7.8763,1.1551
7.8768,1.1601
7.8773,1.1601
7.8779,1.1601
7.8784,1.1601
7.8790,1.1551
7.8795,1.1551
7.8801,1.1551
7.8806,1.1601
7.8811,1.1601
7.8817,1.1601
7.8822,1.1601
7.8828,1.1601
7.8833,1.1601
7.8838,1.1601
7.8844,1.1601
7.8849,1.1652
7.8855,1.1652
7.8860,1.1551
7.8866,1.1601
7.8871,1.1601
7.8877,1.1601
7.8882,1.1601
7.8888,1.1601
7.8893,1.1601
7.8899,1.1551
7.8904,1.1601
7.8910,1.1500
7.8915,1.1551
7.8921,1.1551
7.8927,1.1601
7.8932,1.1601
7.8938,1.1601
7.8944,1.1601
7.8950,1.1601
7.8955,1.1601
7.8961,1.1601
7.8966,1.1601
7.8972,1.1601
7.8977,1.1551
7.8983,1.1551
7.8989,1.1601
7.8995,1.1601
7.9000,1.1551
7.9006,1.1551
7.9011,1.1652
7.9017,1.1601
7.9022,1.1601
7.9027,1.1652
7.9033,1.1601
7.9038,1.1601
7.9044,1.1601
7.9049,1.1601
7.9055,1.1601
7.9060,1.1601
7.9065,1.1601
7.9071,1.1601
7.9076,1.1601
7.9082,1.1551
7.9087,1.1601
7.9093,1.1601
7.9099,1.1601
7.9104,1.1601
7.9110,1.1551
7.9115,1.1551
7.9121,1.1551
7.9126,1.1601
7.9132,1.1551
7.9138,1.1601
7.9144,1.1601
7.9149,1.1551
7.9155,1.1601
7.9160,1.1601
7.9165,1.1601
7.9171,1.1601
7.9176,1.1551
7.9182,1.1652
7.9187,1.1601
7.9193,1.1551
7.9198,1.1601
7.9204,1.1551
7.9209,1.1551
7.9214,1.1601
7.9220,1.1601
7.9225,1.1500
7.9231,1.1601
7.9236,1.1601
7.9242,1.1601
7.9247,1.1601
7.9252,1.1601
7.9258,1.1601
7.9263,1.1601
7.9269,1.1601
7.9274,1.1500
7.9280,1.1601
7.9285,1.1601
7.9290,1.1601
7.9296,1.1601
7.9301,1.1551
7.9307,1.1551
7.9312,1.1601
7.9318,1.1551
7.9323,1.1601
7.9328,1.1551
7.9334,1.1551
7.9339,1.1652
7.9345,1.1601
7.9350,1.1601
7.9356,1.1500
7.9361,1.1601
7.9366,1.1551
7.9372,1.1601
7.9377,1.1551
7.9383,1.1551
7.9388,1.1652
7.9394,1.1601
7.9399,1.1601
7.9404,1.1551
7.9410,1.1601
7.9415,1.1601
7.9421,1.1551
7.9426,1.1601
7.9432,1.1601
7.9437,1.1601
7.9442,1.1551
7.9448,1.1601
7.9453,1.1551
7.9459,1.1601
7.9464,1.1551
7.9470,1.1601
7.9475,1.1551
7.9480,1.1601
7.9486,1.1551
7.9491,1.1601
7.9497,1.1601
7.9502,1.1601
7.9508,1.1601
7.9513,1.1601
7.9518,1.1601
7.9524,1.1601
7.9529,1.1551
7.9535,1.1601
7.9540,1.1601
7.9545,1.1551
7.9551,1.1601
7.9557,1.1500
7.9562,1.1601
7.9567,1.1551
7.9573,1.1601
7.9578,1.1551
7.9584,1.1601
7.9591,1.1551
7.9596,1.1601
7.9601,1.1601
7.9607,1.1551
7.9612,1.1601
7.9618,1.1601
7.9623,1.1551
7.9628,1.1601
7.9634,1.1551
7.9639,1.1551
7.9644,1.1601
7.9650,1.1601
7.9655,1.1551
7.9661,1.1551
7.9666,1.1601
7.9671,1.1551
7.9677,1.1601
7.9682,1.1601
7.9687,1.1551
7.9693,1.1601
7.9698,1.1601
7.9704,1.1551
7.9709,1.1551
7.9714,1.1601
7.9720,1.1551
7.9725,1.1601
7.9730,1.1551
7.9736,1.1551
7.9741,1.1551
7.9747,1.1601
7.9752,1.1551
7.9757,1.1551
7.9763,1.1601
7.9768,1.1551
7.9773,1.1551
7.9779,1.1551
7.9784,1.1500
7.9790,1.1551
7.9795,1.1551
7.9800,1.1601
7.9806,1.1551
7.9811,1.1551
7.9817,1.1551
7.9822,1.1551
7.9827,1.1551
7.9833,1.1551
7.9838,1.1551
7.9844,1.1551
7.9849,1.1551
7.9854,1.1551
7.9860,1.1601
7.9865,1.1551
7.9871,1.1551
7.9876,1.1551
7.9881,1.1551
7.9887,1.1551
7.9892,1.1551
7.9898,1.1551
7.9903,1.1551
7.9908,1.1601
7.9914,1.1551
7.9919,1.1551
7.9925,1.1551
7.9930,1.1601
7.9936,1.1551
7.9941,1.1601
7.9946,1.1551
7.9952,1.1551
7.9957,1.1551
7.9963,1.1500
7.9968,1.1551
7.9973,1.1551
7.9979,1.1500
7.9984,1.1551
7.9990,1.1551
7.9995,1.1551
8.0000,1.1551
8.0006,1.1551
8.0011,1.1551
8.0017,1.1500
8.0022,1.1551
8.0027,1.1601
8.0033,1.1551
8.0038,1.1551
8.0044,1.1551
8.0049,1.1551
8.0054,1.1551
8.0060,1.1500
8.0065,1.1551
8.0071,1.1500
8.0076,1.1551
8.0082,1.1551
8.0087,1.1551
8.0092,1.1500
8.0098,1.1551
8.0103,1.1551
8.0109,1.1551
8.0114,1.1500
8.0119,1.1551
8.0125,1.1551
8.0130,1.1500
8.0136,1.1601
8.0141,1.1551
8.0146,1.1500
8.0152,1.1551
8.0157,1.1500
8.0163,1.1500
8.0168,1.1551
8.0173,1.1500
8.0179,1.1551
8.0184,1.1500
8.0190,1.1551
8.0195,1.1551
8.0200,1.1500
8.0206,1.1551
8.0211,1.1551
8.0217,1.1551
8.0222,1.1500
8.0228,1.1500
8.0233,1.1551
8.0238,1.1551
8.0244,1.1551
8.0249,1.1551
8.0255,1.1551
8.0260,1.1551
8.0266,1.1551
8.0271,1.1551
8.0276,1.1551
8.0282,1.1551
8.0287,1.1601
8.0293,1.1551
8.0298,1.1551
8.0303,1.1551
8.0309,1.1500
8.0314,1.1500
8.0320,1.1551
8.0325,1.1500
8.0330,1.1500
8.0336,1.1551
8.0341,1.1500
8.0347,1.1500
8.0352,1.1551
8.0358,1.1551
8.0363,1.1551
8.0368,1.1551
8.0374,1.1551
8.0379,1.1551
8.0385,1.1551
8.0390,1.1500
8.0395,1.1551
8.0401,1.1551
8.0406,1.1551
8.0412,1.1551
8.0417,1.1551
8.0422,1.1551
8.0428,1.1551
8.0433,1.1551
8.0439,1.1551
8.0444,1.1500
8.0449,1.1551
8.0455,1.1551
8.0460,1.1500
8.0466,1.1551
8.0471,1.1551
8.0477,1.1551
8.0482,1.1551
8.0487,1.1551
8.0493,1.1551
8.0498,1.1500
8.0504,1.1551
8.0509,1.1551
8.0514,1.1551
8.0520,1.1551
8.0525,1.1551
8.0531,1.1551
8.0536,1.1500
8.0541,1.1551
8.0547,1.1551
8.0552,1.1551
8.0558,1.1450
8.0563,1.1551
8.0568,1.1551
8.0574,1.1500
8.0579,1.1551
8.0585,1.1551
8.0590,1.1551
8.0597,1.1500
8.0602,1.1551
8.0607,1.1500
8.0613,1.1551
8.0618,1.1551
8.0624,1.1500
8.0629,1.1551
8.0635,1.1551
8.0640,1.1500
8.0646,1.1551
8.0651,1.1500
8.0657,1.1551
8.0662,1.1551
8.0668,1.1500
8.0673,1.1551
8.0678,1.1551
8.0684,1.1551
8.0689,1.1500
8.0695,1.1551
8.0700,1.1551
8.0706,1.1500
8.0711,1.1551
8.0717,1.1551
8.0722,1.1551
8.0728,1.1551
8.0733,1.1500
8.0739,1.1500
8.0744,1.1551
8.0750,1.1551
8.0755,1.1551
8.0760,1.1500
8.0766,1.1551
8.0771,1.1551
8.0777,1.1551
8.0782,1.1551
8.0788,1.1551
8.0793,1.1500
8.0799,1.1551
8.0804,1.1551
8.0810,1.1551
8.0815,1.1500
8.0821,1.1551
8.0826,1.1551
8.0831,1.1500
8.0837,1.1551
8.0842,1.1551
8.0848,1.1551
8.0853,1.1551
8.0859,1.1551
8.0864,1.1551
8.0870,1.1500
8.0875,1.1551
8.0881,1.1551
8.0886,1.1500
8.0892,1.1551
8.0897,1.1551
8.0903,1.1551
8.0908,1.1500
8.0913,1.1551
8.0919,1.1500
8.0924,1.1500
8.0930,1.1500
8.0936,1.1551
8.0941,1.1551
8.0946,1.1551
8.0952,1.1551
8.0957,1.1551
8.0963,1.1500
8.0968,1.1551
8.0974,1.1500
8.0979,1.1500
8.0985,1.1551
8.0990,1.1551
8.0996,1.1551
8.1001,1.1551
8.1007,1.1500
8.1012,1.1551
8.1018,1.1500
8.1023,1.1500
8.1028,1.1551
8.1034,1.1551
8.1039,1.1500
8.1045,1.1551
8.1050,1.1551
8.1056,1.1500
8.1061,1.1551
8.1067,1.1551
8.1072,1.1551
8.1078,1.1500
8.1083,1.1500
8.1089,1.1551
8.1095,1.1551
8.1100,1.1500
8.1105,1.1551
8.1111,1.1551
8.1116,1.1500
8.1122,1.1500
8.1127,1.1500
8.1133,1.1551
8.1138,1.1551
8.1144,1.1500
8.1149,1.1551
8.1155,1.1551
8.1160,1.1551
8.1166,1.1551
8.1171,1.1450
8.1177,1.1601
8.1182,1.1500
8.1187,1.1500
8.1193,1.1551
8.1198,1.1551
8.1204,1.1500
8.1209,1.1551
8.1215,1.1551
8.1220,1.1551
8.1226,1.1551
8.1231,1.1500
8.1237,1.1551
8.1242,1.1551
8.1248,1.1500
8.1253,1.1500
8.1259,1.1500
8.1264,1.1551
8.1269,1.1500
8.1275,1.1551
8.1280,1.1551
8.1286,1.1551
8.1291,1.1500
8.1297,1.1551
8.1302,1.1551
8.1308,1.1551
8.1313,1.1500
8.1319,1.1450
8.1324,1.1500
8.1330,1.1551
8.1335,1.1551
8.1341,1.1551
8.1346,1.1500
8.1351,1.1500
8.1357,1.1551
8.1362,1.1500
8.1368,1.1500
8.1373,1.1500
8.1379,1.1551
8.1384,1.1551
8.1390,1.1500
8.1395,1.1500
8.1401,1.1500
8.1406,1.1551
8.1412,1.1551
8.1417,1.1551
8.1423,1.1551
8.1428,1.1551
8.1433,1.1500
8.1439,1.1500
8.1444,1.1500
8.1450,1.1551
8.1455,1.1551
8.1461,1.1500
8.1466,1.1500
8.1472,1.1500
8.1477,1.1551
8.1483,1.1500
8.1488,1.1500
8.1494,1.1500
8.1499,1.1551
8.1505,1.1551
8.1510,1.1551
8.1515,1.1500
8.1521,1.1551
8.1526,1.1500
8.1532,1.1551
8.1537,1.1551
8.1543,1.1551
8.1548,1.1500
8.1554,1.1450
8.1559,1.1500
8.1565,1.1551
8.1570,1.1500
8.1576,1.1500
8.1581,1.1500
8.1587,1.1500
8.1592,1.1551
8.1598,1.1500
8.1603,1.1500
8.1609,1.1500
8.1614,1.1500
8.1620,1.1551
8.1625,1.1551
8.1631,1.1500
8.1636,1.1551
8.1642,1.1500
8.1647,1.1500
8.1653,1.1500
8.1658,1.1500
8.1664,1.1500
8.1669,1.1551
8.1675,1.1500
8.1680,1.1500
8.1685,1.1551
8.1691,1.1500
8.1696,1.1551
8.1702,1.1500
8.1707,1.1500
8.1713,1.1551
8.1718,1.1500
8.1724,1.1551
8.1729,1.1450
8.1735,1.1500
8.1740,1.1500
8.1746,1.1500
8.1751,1.1500
8.1757,1.1500
8.1762,1.1551
8.1767,1.1500
8.1773,1.1500
8.1778,1.1551
8.1784,1.1500
8.1789,1.1500
8.1795,1.1450
8.1800,1.1500
8.1806,1.1551
8.1811,1.1500
8.1817,1.1500
8.1822,1.1500
8.1828,1.1500
8.1833,1.1551
8.1839,1.1500
8.1844,1.1450
8.1850,1.1450
8.1855,1.1500
8.1861,1.1500
8.1866,1.1450
8.1872,1.1500
8.1877,1.1500
8.1882,1.1500
8.1888,1.1450
8.1893,1.1450
8.1899,1.1500
8.1904,1.1551
8.1910,1.1450
8.1915,1.1500
8.1921,1.1500
8.1926,1.1500
8.1932,1.1500
8.1937,1.1500
8.1943,1.1500
8.1948,1.1500
8.1954,1.1500
8.1959,1.1500
8.1964,1.1500
8.1970,1.1500
8.1975,1.1450
8.1981,1.1500
8.1986,1.1551
8.1992,1.1500
8.1997,1.1500
8.2003,1.1500
8.2008,1.1500
8.2014,1.1500
8.2019,1.1500
8.2025,1.1500
8.2030,1.1500
8.2036,1.1500
8.2041,1.1500
8.2046,1.1500
8.2052,1.1500
8.2057,1.1500
8.2063,1.1500
8.2068,1.1500
8.2074,1.1500
8.2079,1.1500
8.2085,1.1450
8.2090,1.1500
8.2096,1.1500
8.2101,1.1500
8.2107,1.1450
8.2112,1.1500
8.2118,1.1551
8.2123,1.1500
8.2128,1.1500
8.2134,1.1500
8.2139,1.1500
8.2145,1.1500
8.2150,1.1450
8.2156,1.1450
8.2161,1.1450
8.2167,1.1500
8.2172,1.1500
8.2178,1.1500
8.2183,1.1450
8.2189,1.1500
8.2194,1.1450
8.2199,1.1500
8.2205,1.1450
8.2210,1.1500
8.2216,1.1500
8.2221,1.1500
8.2227,1.1500
8.2232,1.1500
8.2238,1.1500
8.2243,1.1500
8.2249,1.1500
8.2254,1.1450
8.2260,1.1500
8.2265,1.1500
8.2270,1.1500
8.2276,1.1551
8.2281,1.1450
8.2287,1.1500
8.2292,1.1500
8.2298,1.1450
8.2303,1.1500
8.2309,1.1500
8.2314,1.1500
8.2320,1.1500
8.2325,1.1450
8.2331,1.1450
8.2336,1.1450
8.2342,1.1450
8.2347,1.1450
8.2353,1.1450
8.2358,1.1500
8.2364,1.1500
8.2369,1.1500
8.2375,1.1450
8.2380,1.1450
8.2386,1.1450
8.2391,1.1450
8.2396,1.1500
8.2402,1.1450
8.2407,1.1450
8.2413,1.1500
8.2418,1.1500
8.2424,1.1500
8.2429,1.1500
8.2435,1.1500
8.2440,1.1500
8.2446,1.1500
8.2451,1.1500
8.2457,1.1500
8.2462,1.1399
8.2468,1.1500
8.2473,1.1450
8.2478,1.1450
8.2484,1.1500
8.2489,1.1500
8.2495,1.1500
8.2500,1.1450
8.2506,1.1450
8.2511,1.1500
8.2517,1.1450
8.2522,1.1450
8.2528,1.1450
8.2533,1.1450
8.2539,1.1450
8.2544,1.1500
8.2549,1.1500
8.2555,1.1500
8.2560,1.1450
8.2566,1.1450
8.2571,1.1450
8.2577,1.1450
8.2582,1.1450
8.2588,1.1450
8.2593,1.1450
8.2599,1.1450
8.2604,1.1450
8.2610,1.1450
8.2615,1.1450
8.2621,1.1450
8.2626,1.1450
8.2632,1.1450
8.2637,1.1500
8.2643,1.1399
8.2648,1.1450
8.2654,1.1450
8.2659,1.1450
8.2664,1.1450
8.2670,1.1450
8.2675,1.1450
8.2681,1.1450
8.2686,1.1450
8.2692,1.1450
8.2697,1.1450
8.2703,1.1450
8.2708,1.1399
8.2714,1.1450
8.2719,1.1450
8.2725,1.1399
8.2730,1.1450
8.2736,1.1450
8.2741,1.1450
8.2746,1.1500
8.2752,1.1450
8.2757,1.1450
8.2763,1.1450
8.2768,1.1450
8.2774,1.1450
8.2779,1.1450
8.2785,1.1450
8.2790,1.1399
8.2796,1.1450
8.2801,1.1500
8.2807,1.1450
8.2812,1.1450
8.2817,1.1450
8.2823,1.1450
8.2828,1.1500
8.2834,1.1450
8.2839,1.1450
8.2845,1.1399
8.2850,1.1450
8.2856,1.1450
8.2861,1.1450
8.2867,1.1500
8.2872,1.1500
8.2878,1.1450
8.2883,1.1450
8.2888,1.1399
8.2894,1.1500
8.2899,1.1450
8.2905,1.1450
8.2910,1.1399
8.2916,1.1399
8.2921,1.1500
8.2927,1.1450
8.2932,1.1450
8.2938,1.1450
8.2943,1.1450
8.2949,1.1500
8.2954,1.1450
8.2959,1.1450
8.2965,1.1399
8.2970,1.1450
8.2976,1.1399
8.2981,1.1500
8.2987,1.1450
8.2992,1.1399
8.2998,1.1399
8.3003,1.1450
8.3009,1.1450
8.3014,1.1450
8.3020,1.1399
8.3025,1.1450
8.3031,1.1500
8.3036,1.1450
8.3042,1.1450
8.3047,1.1450
8.3053,1.1450
8.3058,1.1450
8.3064,1.1450
8.3069,1.1399
8.3075,1.1399
8.3080,1.1450
8.3086,1.1399
8.3091,1.1500
8.3097,1.1450
8.3102,1.1450
8.3107,1.1450
8.3113,1.1399
8.3118,1.1399
8.3124,1.1450
8.3129,1.1399
8.3135,1.1450
8.3140,1.1450
8.3146,1.1450
8.3151,1.1450
8.3157,1.1399
8.3162,1.1450
8.3168,1.1399
8.3173,1.1450
8.3178,1.1450
8.3184,1.1450
8.3189,1.1450
8.3195,1.1399
8.3200,1.1399
8.3206,1.1450
8.3211,1.1399
8.3217,1.1399
8.3222,1.1450
8.3228,1.1450
8.3233,1.1450
8.3239,1.1450
8.3244,1.1399
8.3250,1.1399
8.3255,1.1450
8.3260,1.1450
8.3266,1.1399
8.3271,1.1399
8.3277,1.1399
8.3282,1.1450
8.3288,1.1450
8.3293,1.1450
8.3299,1.1450
8.3304,1.1450
8.3310,1.1399
8.3315,1.1399
8.3321,1.1399
8.3326,1.1450
8.3332,1.1450
8.3337,1.1450
8.3342,1.1399
8.3348,1.1450
8.3353,1.1450
8.3359,1.1450
8.3364,1.1450
8.3370,1.1450
8.3375,1.1450
8.3381,1.1399
8.3386,1.1450
8.3392,1.1399
8.3397,1.1450
8.3403,1.1399
8.3408,1.1399
8.3413,1.1450
8.3419,1.1450
8.3424,1.1399
8.3430,1.1399
8.3435,1.1450
8.3441,1.1399
8.3446,1.1399
8.3452,1.1450
8.3457,1.1450
8.3463,1.1399
8.3468,1.1450
8.3474,1.1399
8.3479,1.1450
8.3484,1.1399
8.3490,1.1399
8.3495,1.1450
8.3501,1.1450
8.3506,1.1450
8.3512,1.1450
8.3517,1.1399
8.3523,1.1450
8.3528,1.1399
8.3534,1.1450
8.3539,1.1450
8.3545,1.1399
8.3550,1.1450
8.3555,1.1399
8.3561,1.1450
8.3567,1.1450
8.3572,1.1399
8.3578,1.1399
8.3583,1.1450
8.3589,1.1399
8.3595,1.1399
8.3600,1.1399
8.3605,1.1399
8.3611,1.1450
8.3617,1.1399
8.3622,1.1399
8.3628,1.1399
8.3633,1.1450
8.3639,1.1399
8.3644,1.1399
8.3649,1.1399
8.3655,1.1450
8.3660,1.1399
8.3666,1.1450
8.3671,1.1399
8.3677,1.1450
8.3682,1.1399
8.3688,1.1450
8.3693,1.1399
8.3699,1.1399
8.3704,1.1450
8.3710,1.1450
8.3715,1.1399
8.3721,1.1399
8.3726,1.1399
8.3732,1.1399
8.3737,1.1399
8.3743,1.1399
8.3748,1.1450
8.3754,1.1399
8.3759,1.1399
8.3764,1.1399
8.3770,1.1450
8.3775,1.1399
8.3781,1.1399
8.3786,1.1399
8.3792,1.1399
8.3797,1.1399
8.3803,1.1399
8.3808,1.1399
8.3814,1.1399
8.3819,1.1450
8.3825,1.1399
8.3830,1.1399
8.3836,1.1450
8.3841,1.1450
8.3846,1.1399
8.3852,1.1450
8.3857,1.1399
8.3863,1.1399
8.3868,1.1399
8.3874,1.1450
8.3879,1.1399
8.3885,1.1450
8.3890,1.1349
8.3896,1.1399
8.3901,1.1399
8.3907,1.1450
8.3912,1.1450
8.3918,1.1349
8.3924,1.1399
8.3930,1.1399
8.3936,1.1399
8.3941,1.1399
8.3947,1.1399
8.3953,1.1399
8.3959,1.1349
8.3965,1.1450
8.3970,1.1349
8.3976,1.1399
8.3981,1.1399
8.3987,1.1399
8.3993,1.1399
8.3998,1.1399
8.4004,1.1399
8.4009,1.1399
8.4015,1.1399
8.4020,1.1450
8.4026,1.1399
8.4031,1.1450
8.4037,1.1450
8.4042,1.1399
8.4048,1.1450
8.4053,1.1399
8.4059,1.1399
8.4064,1.1450
8.4070,1.1399
8.4075,1.1450
8.4081,1.1399
8.4086,1.1399
8.4092,1.1450
8.4098,1.1450
8.4104,1.1399
8.4109,1.1399
8.4115,1.1450
8.4121,1.1399
8.4126,1.1399
8.4132,1.1399
8.4138,1.1349
8.4143,1.1399
8.4149,1.1399
8.4155,1.1450
8.4162,1.1399
8.4167,1.1399
8.4173,1.1349
8.4179,1.1349
8.4185,1.1399
8.4190,1.1349
8.4196,1.1399
8.4202,1.1399
8.4208,1.1399
8.4213,1.1399
8.4219,1.1399
8.4225,1.1399
8.4230,1.1399
8.4236,1.1399
8.4241,1.1450
8.4247,1.1399
8.4253,1.1399
8.4258,1.1399
8.4264,1.1349
8.4271,1.1399
8.4277,1.1450
8.4283,1.1349
8.4288,1.1450
8.4294,1.1399
8.4299,1.1399
8.4305,1.1399
8.4310,1.1399
8.4315,1.1399
8.4321,1.1450
8.4326,1.1399
8.4332,1.1299
8.4337,1.1399
8.4343,1.1450
8.4348,1.1450
8.4354,1.1399
8.4359,1.1399
8.4365,1.1399
8.4370,1.1399
8.4375,1.1399
8.4381,1.1450
8.4386,1.1399
8.4392,1.1349
8.4397,1.1349
8.4403,1.1450
8.4408,1.1450
8.4414,1.1399
8.4419,1.1399
8.4425,1.1399
8.4430,1.1399
8.4436,1.1399
8.4441,1.1399
8.4447,1.1399
8.4452,1.1399
8.4457,1.1399
8.4463,1.1399
8.4468,1.1349
8.4474,1.1450
8.4479,1.1349
8.4484,1.1399
8.4490,1.1399
8.4495,1.1399
8.4501,1.1399
8.4506,1.1450
8.4512,1.1399
8.4517,1.1399
8.4523,1.1399
8.4528,1.1399
8.4533,1.1399
8.4539,1.1399
8.4544,1.1399
8.4550,1.1399
8.4555,1.1399
8.4561,1.1399
8.4566,1.1349
8.4571,1.1349
8.4577,1.1349
8.4582,1.1399
8.4588,1.1450
8.4593,1.1399
8.4599,1.1450
8.4604,1.1349
8.4609,1.1450
8.4615,1.1399
8.4621,1.1399
8.4627,1.1349
8.4632,1.1349
8.4638,1.1399
8.4643,1.1399
8.4649,1.1399
8.4654,1.1399
8.4659,1.1399
8.4665,1.1399
8.4670,1.1399
8.4675,1.1399
8.4681,1.1399
8.4686,1.1399
8.4692,1.1399
8.4697,1.1349
8.4702,1.1399
8.4708,1.1399
8.4713,1.1399
8.4718,1.1399
8.4724,1.1399
8.4729,1.1399
8.4735,1.1349
8.4740,1.1399
8.4745,1.1450
8.4751,1.1399
8.4756,1.1399
8.4761,1.1399
8.4767,1.1349
8.4772,1.1450
8.4777,1.1399
8.4783,1.1399
8.4788,1.1349
8.4794,1.1399
8.4799,1.1450
8.4804,1.1399
8.4810,1.1399
8.4815,1.1399
8.4820,1.1399
8.4826,1.1399
8.4831,1.1399
8.4837,1.1450
8.4842,1.1399
8.4847,1.1349
8.4853,1.1399
8.4858,1.1399
8.4863,1.1450
8.4869,1.1399
8.4874,1.1399
8.4880,1.1450
8.4885,1.1399
8.4890,1.1349
8.4896,1.1399
8.4901,1.1349
8.4906,1.1399
8.4912,1.1399
8.4917,1.1399
8.4923,1.1450
8.4928,1.1349
8.4933,1.1399
8.4939,1.1399
8.4944,1.1349
8.4949,1.1399
8.4955,1.1399
8.4960,1.1399
8.4966,1.1349
8.4971,1.1399
8.4976,1.1399
8.4982,1.1349
8.4987,1.1450
8.4992,1.1349
8.4998,1.1399
8.5003,1.1349
8.5008,1.1349
8.5014,1.1399
8.5019,1.1450
8.5025,1.1399
8.5030,1.1399
8.5035,1.1399
8.5041,1.1399
8.5046,1.1399
8.5051,1.1399
8.5057,1.1399
8.5062,1.1349
8.5068,1.1399
8.5073,1.1399
8.5078,1.1349
8.5084,1.1349
8.5089,1.1399
8.5095,1.1399
8.5100,1.1399
8.5105,1.1399
8.5111,1.1399
8.5116,1.1349
8.5122,1.1399
8.5127,1.1450
8.5132,1.1399
8.5138,1.1399
8.5143,1.1399
8.5149,1.1399
8.5154,1.1399
8.5159,1.1399
8.5165,1.1399
8.5170,1.1349
8.5175,1.1399
8.5181,1.1399
8.5186,1.1349
8.5192,1.1399
8.5197,1.1349
8.5202,1.1399
8.5208,1.1399
8.5213,1.1399
8.5219,1.1399
8.5224,1.1399
8.5229,1.1349
8.5235,1.1349
8.5240,1.1399
8.5246,1.1349
8.5251,1.1399
8.5256,1.1399
8.5262,1.1399
8.5267,1.1349
8.5273,1.1450
8.5278,1.1399
8.5283,1.1399
8.5289,1.1399
8.5294,1.1349
8.5300,1.1349
8.5305,1.1399
8.5310,1.1349
8.5316,1.1399
8.5321,1.1399
8.5327,1.1399
8.5332,1.1399
8.5338,1.1399
8.5343,1.1349
8.5348,1.1399
8.5354,1.1349
8.5359,1.1399
8.5365,1.1399
8.5370,1.1399
8.5375,1.1399
8.5381,1.1399
8.5386,1.1399
8.5392,1.1399
8.5397,1.1399
8.5402,1.1349
8.5408,1.1349
8.5413,1.1349
8.5419,1.1349
8.5424,1.1399
8.5429,1.1349
8.5435,1.1399
8.5440,1.1349
8.5446,1.1399
8.5451,1.1399
8.5456,1.1399
8.5462,1.1450
8.5467,1.1399
8.5473,1.1399
8.5478,1.1399
8.5483,1.1399
8.5489,1.1399
8.5494,1.1349
8.5500,1.1399
8.5505,1.1399
8.5511,1.1399
8.5516,1.1399
8.5521,1.1349
8.5527,1.1349
8.5532,1.1399
8.5538,1.1349
8.5543,1.1399
8.5548,1.1349
8.5554,1.1399
8.5559,1.1349
8.5565,1.1349
8.5570,1.1399
8.5575,1.1299
8.5581,1.1399
8.5586,1.1399
8.5592,1.1399
8.5597,1.1399
8.5602,1.1349
8.5608,1.1349
8.5613,1.1349
8.5619,1.1399
8.5624,1.1399
8.5630,1.1399
8.5636,1.1349
8.5641,1.1399
8.5647,1.1399
8.5652,1.1399
8.5658,1.1349
8.5663,1.1349
8.5669,1.1349
8.5674,1.1349
8.5679,1.1349
8.5685,1.1349
8.5690,1.1399
8.5696,1.1399
8.5701,1.1349
8.5707,1.1399
8.5712,1.1349
8.5718,1.1349
8.5723,1.1349
8.5729,1.1349
8.5734,1.1399
8.5740,1.1399
8.5745,1.1399
8.5750,1.1399
8.5756,1.1399
8.5761,1.1399
8.5767,1.1349
8.5772,1.1399
8.5778,1.1349
8.5783,1.1399
8.5789,1.1399
8.5795,1.1399
8.5800,1.1299
8.5806,1.1349
8.5811,1.1399
8.5817,1.1399
8.5822,1.1399
8.5828,1.1399
8.5833,1.1399
8.5838,1.1349
8.5844,1.1349
8.5849,1.1399
8.5855,1.1349
8.5860,1.1349
8.5866,1.1399
8.5871,1.1399
8.5877,1.1349
8.5882,1.1349
8.5888,1.1349
8.5893,1.1349
8.5899,1.1349
8.5904,1.1349
8.5910,1.1450
8.5915,1.1399
8.5921,1.1399
8.5926,1.1399
8.5931,1.1399
8.5937,1.1399
8.5942,1.1349
8.5948,1.1349
8.5953,1.1399
8.5959,1.1399
8.5964,1.1399
8.5970,1.1399
8.5975,1.1399
8.5981,1.1399
8.5986,1.1349
8.5992,1.1399
8.5997,1.1399
8.6002,1.1349
8.6008,1.1349
8.6013,1.1349
8.6019,1.1399
8.6024,1.1399
8.6030,1.1349
8.6035,1.1349
8.6041,1.1349
8.6046,1.1349
8.6052,1.1399
8.6057,1.1349
8.6063,1.1399
8.6068,1.1399
8.6073,1.1349
8.6079,1.1349
8.6084,1.1349
8.6090,1.1349
8.6095,1.1399
8.6101,1.1349
8.6106,1.1399
8.6112,1.1399
8.6117,1.1349
8.6123,1.1399
8.6128,1.1349
8.6134,1.1349
8.6139,1.1349
8.6145,1.1349
8.6150,1.1399
8.6155,1.1399
8.6161,1.1349
8.6166,1.1349
8.6172,1.1349
8.6177,1.1349
8.6183,1.1399
8.6188,1.1349
8.6194,1.1349
8.6199,1.1399
8.6205,1.1349
8.6210,1.1349
8.6215,1.1399
8.6221,1.1399
8.6226,1.1399
8.6232,1.1349
8.6237,1.1349
8.6242,1.1349
8.6248,1.1349
8.6253,1.1349
8.6259,1.1299
8.6264,1.1349
8.6270,1.1399
8.6275,1.1349
8.6280,1.1349
8.6286,1.1399
8.6291,1.1399
8.6297,1.1349
8.6302,1.1399
8.6308,1.1399
8.6313,1.1399
8.6318,1.1399
8.6324,1.1349
8.6329,1.1349
8.6335,1.1349
8.6340,1.1349
8.6346,1.1349
8.6351,1.1399
8.6356,1.1349
8.6362,1.1399
8.6367,1.1399
8.6373,1.1349
8.6378,1.1349
8.6383,1.1399
8.6389,1.1399
8.6395,1.1399
8.6400,1.1399
8.6405,1.1349
8.6411,1.1349
8.6416,1.1349
8.6422,1.1349
8.6427,1.1399
8.6433,1.1349
8.6438,1.1399
8.6443,1.1399
8.6449,1.1349
8.6454,1.1399
8.6460,1.1349
8.6465,1.1349
8.6471,1.1399
8.6476,1.1399
8.6481,1.1349
8.6487,1.1399
8.6493,1.1399
8.6498,1.1349
8.6503,1.1349
8.6509,1.1349
8.6514,1.1399
8.6520,1.1349
8.6525,1.1349
8.6530,1.1399
8.6536,1.1349
8.6542,1.1399
8.6547,1.1399
8.6553,1.1299
8.6558,1.1349
8.6564,1.1349
8.6569,1.1349
8.6575,1.1299
8.6580,1.1349
8.6585,1.1349
8.6591,1.1299
8.6596,1.1399
8.6602,1.1399
8.6607,1.1349
8.6613,1.1349
8.6618,1.1399
8.6623,1.1399
8.6629,1.1399
8.6635,1.1349
8.6640,1.1399
8.6645,1.1349
8.6651,1.1399
8.6656,1.1399
8.6662,1.1349
8.6667,1.1349
8.6673,1.1349
8.6678,1.1399
8.6683,1.1399
8.6689,1.1349
8.6695,1.1349
8.6700,1.1349
8.6706,1.1349
8.6711,1.1349
8.6717,1.1349
8.6722,1.1299
8.6727,1.1349
8.6733,1.1399
8.6738,1.1349
8.6744,1.1349
8.6749,1.1349
8.6755,1.1349
8.6760,1.1299
8.6766,1.1349
8.6771,1.1349
8.6777,1.1299
8.6782,1.1349
8.6788,1.1349
8.6793,1.1399
8.6799,1.1349
8.6804,1.1349
8.6809,1.1349
8.6815,1.1349
8.6820,1.1399
8.6826,1.1399
8.6831,1.1349
8.6837,1.1399
8.6842,1.1349
8.6848,1.1349
8.6853,1.1399
8.6859,1.1349
8.6864,1.1399
8.6870,1.1349
8.6875,1.1349
8.6880,1.1399
8.6886,1.1299
8.6891,1.1399
8.6897,1.1399
8.6902,1.1349
8.6908,1.1399
8.6913,1.1349
8.6919,1.1399
8.6924,1.1349
8.6930,1.1349
8.6935,1.1399
8.6941,1.1399
8.6946,1.1349
8.6952,1.1349
8.6957,1.1349
8.6963,1.1399
8.6968,1.1349
8.6974,1.1399
8.6979,1.1349
8.6985,1.1349
8.6990,1.1349
8.6996,1.1399
8.7001,1.1399
8.7007,1.1349
8.7012,1.1399
8.7017,1.1349
8.7023,1.1399
8.7028,1.1349
8.7034,1.1349
8.7039,1.1399
8.7045,1.1349
8.7050,1.1349
8.7056,1.1349
8.7061,1.1349
8.7067,1.1399
8.7072,1.1349
8.7078,1.1349
8.7083,1.1349
8.7088,1.1349
8.7094,1.1349
8.7099,1.1349
8.7105,1.1349
8.7110,1.1349
8.7116,1.1399
8.7121,1.1349
8.7127,1.1349
8.7132,1.1349
8.7138,1.1349
8.7143,1.1349
8.7149,1.1399
8.7154,1.1349
8.7160,1.1399
8.7165,1.1349
8.7171,1.1399
8.7176,1.1399
8.7181,1.1399
8.7187,1.1349
8.7193,1.1349
8.7198,1.1299
8.7204,1.1399
8.7209,1.1349
8.7215,1.1349
8.7220,1.1349
8.7225,1.1349
8.7231,1.1399
8.7236,1.1349
8.7242,1.1399
8.7247,1.1399
8.7253,1.1349
8.7258,1.1399
8.7264,1.1399
8.7269,1.1399
8.7275,1.1399
8.7280,1.1349
8.7286,1.1399
8.7291,1.1399
8.7297,1.1399
8.7302,1.1349
8.7308,1.1399
8.7313,1.1399
8.7318,1.1399
8.7324,1.1399
8.7329,1.1399
8.7335,1.1399
8.7340,1.1450
8.7346,1.1399
8.7351,1.1349
8.7357,1.1399
8.7362,1.1399
8.7368,1.1349
8.7373,1.1450
8.7379,1.1399
8.7384,1.1450
8.7390,1.1450
8.7395,1.1399
8.7401,1.1450
8.7406,1.1450
8.7411,1.1399
8.7417,1.1399
8.7422,1.1399
8.7428,1.1349
8.7433,1.1399
8.7439,1.1399
8.7444,1.1399
8.7450,1.1399
8.7455,1.1399
8.7461,1.1399
8.7466,1.1399
8.7472,1.1399
8.7477,1.1450
8.7483,1.1450
8.7488,1.1399
8.7493,1.1450
8.7499,1.1450
8.7504,1.1399
8.7510,1.1450
8.7515,1.1450
8.7521,1.1450
8.7526,1.1450
8.7532,1.1399
8.7537,1.1450
8.7543,1.1399
8.7548,1.1399
8.7554,1.1450
8.7559,1.1399
8.7565,1.1450
8.7570,1.1450
8.7575,1.1399
8.7581,1.1399
8.7586,1.1450
8.7592,1.1450
8.7597,1.1450
8.7603,1.1450
8.7608,1.1399
8.7614,1.1500
8.7619,1.1450
8.7625,1.1450
8.7630,1.1500
8.7636,1.1450
8.7641,1.1450
8.7647,1.1450
8.7652,1.1399
8.7658,1.1450
8.7663,1.1450
8.7669,1.1450
8.7674,1.1450
8.7680,1.1450
8.7685,1.1500
8.7691,1.1450
8.7696,1.1500
8.7702,1.1450
8.7707,1.1450
8.7713,1.1500
8.7718,1.1500
8.7723,1.1450
8.7729,1.1500
8.7734,1.1500
8.7740,1.1500
8.7745,1.1500
8.7751,1.1450
8.7756,1.1500
8.7762,1.1500
8.7767,1.1500
8.7773,1.1500
8.7778,1.1450
8.7784,1.1500
8.7789,1.1500
8.7795,1.1500
8.7800,1.1500
8.7806,1.1500
8.7811,1.1500
8.7816,1.1500
8.7822,1.1500
8.7827,1.1551
8.7833,1.1551
8.7838,1.1500
8.7844,1.1500
8.7849,1.1551
8.7855,1.1500
8.7860,1.1450
8.7866,1.1500
8.7871,1.1500
8.7877,1.1500
8.7882,1.1500
8.7888,1.1551
8.7893,1.1500
8.7899,1.1551
8.7904,1.1500
8.7910,1.1500
8.7915,1.1551
8.7921,1.1551
8.7926,1.1551
8.7932,1.1551
8.7937,1.1551
8.7942,1.1551
8.7948,1.1500
8.7953,1.1551
8.7959,1.1500
8.7964,1.1551
8.7970,1.1551
8.7975,1.1551
8.7981,1.1551
8.7986,1.1601
8.7992,1.1500
8.7997,1.1500
8.8003,1.1500
8.8008,1.1500
8.8014,1.1551
8.8019,1.1551
8.8024,1.1551
8.8030,1.1551
8.8035,1.1500
8.8041,1.1551
8.8046,1.1500
8.8052,1.1551
8.8057,1.1551
8.8063,1.1551
8.8068,1.1551
8.8074,1.1601
8.8079,1.1551
8.8085,1.1500
8.8090,1.1551
8.8096,1.1551
8.8101,1.1551
8.8106,1.1500
8.8112,1.1551
8.8117,1.1551
8.8123,1.1551
8.8128,1.1551
8.8134,1.1551
8.8139,1.1551
8.8145,1.1601
8.8150,1.1551
8.8156,1.1551
8.8161,1.1551
8.8167,1.1551
8.8172,1.1551
8.8177,1.1551
8.8183,1.1551
8.8188,1.1601
8.8194,1.1601
8.8199,1.1551
8.8205,1.1551
8.8210,1.1601
8.8216,1.1551
8.8221,1.1551
8.8227,1.1551
8.8232,1.1601
8.8238,1.1601
8.8243,1.1551
8.8249,1.1601
8.8254,1.1500
8.8260,1.1601
8.8265,1.1551
8.8270,1.1551
8.8276,1.1601
8.8281,1.1601
8.8287,1.1551
8.8292,1.1601
8.8298,1.1551
8.8303,1.1551
8.8309,1.1551
8.8314,1.1601
8.8320,1.1601
8.8325,1.1601
8.8331,1.1601
8.8336,1.1551
8.8342,1.1601
8.8347,1.1601
8.8353,1.1601
8.8358,1.1601
8.8363,1.1601
8.8369,1.1601
8.8374,1.1601
8.8380,1.1551
8.8385,1.1601
8.8391,1.1601
8.8396,1.1601
8.8402,1.1601
8.8407,1.1601
8.8413,1.1652
8.8418,1.1601
8.8424,1.1601
8.8429,1.1601
8.8435,1.1601
8.8440,1.1601
8.8446,1.1601
8.8451,1.1551
8.8456,1.1601
8.8462,1.1601
8.8467,1.1601
8.8473,1.1551
8.8478,1.1551
8.8484,1.1601
8.8489,1.1551
8.8495,1.1601
8.8500,1.1551
8.8506,1.1601
8.8511,1.1601
8.8517,1.1601
8.8522,1.1601
8.8528,1.1601
8.8533,1.1601
8.8538,1.1601
8.8544,1.1601
8.8549,1.1601
8.8555,1.1601
8.8560,1.1601
8.8566,1.1601
8.8571,1.1601
8.8577,1.1601
8.8582,1.1601
8.8588,1.1601
8.8593,1.1601
8.8599,1.1601
8.8604,1.1601
8.8610,1.1601
8.8615,1.1601
8.8621,1.1601
8.8626,1.1601
8.8632,1.1601
8.8637,1.1551
8.8643,1.1601
8.8648,1.1601
8.8654,1.1551
8.8659,1.1601
8.8665,1.1551
8.8670,1.1551
8.8676,1.1601
8.8681,1.1601
8.8687,1.1551
8.8692,1.1601
8.8698,1.1551
8.8703,1.1601
8.8708,1.1551
8.8714,1.1601
8.8719,1.1601
8.8725,1.1601
8.8730,1.1601
8.8735,1.1551
8.8741,1.1652
8.8746,1.1601
8.8752,1.1601
8.8757,1.1601
8.8763,1.1601
8.8768,1.1601
8.8773,1.1601
8.8779,1.1601
8.8784,1.1601
8.8790,1.1551
8.8796,1.1601
8.8801,1.1551
8.8807,1.1601
8.8812,1.1500
8.8818,1.1601
8.8823,1.1551
8.8828,1.1551
8.8834,1.1551
8.8839,1.1601
8.8845,1.1601
8.8850,1.1601
8.8856,1.1601
8.8861,1.1601
8.8867,1.1601
8.8872,1.1601
8.8878,1.1601
8.8883,1.1652
8.8888,1.1601
8.8894,1.1601
8.8899,1.1601
8.8905,1.1551
8.8911,1.1601
8.8916,1.1601
8.8922,1.1601
8.8928,1.1601
8.8934,1.1551
8.8939,1.1601
8.8945,1.1601
8.8951,1.1551
8.8957,1.1601
8.8962,1.1601
8.8968,1.1551
8.8973,1.1551
8.8979,1.1601
8.8985,1.1601
8.8990,1.1601
8.8996,1.1601
8.9001,1.1601
8.9007,1.1601
8.9013,1.1551
8.9018,1.1601
8.9023,1.1551
8.9029,1.1601
8.9034,1.1601
8.9040,1.1551
8.9045,1.1601
8.9051,1.1601
8.9056,1.1601
8.9062,1.1601
8.9067,1.1601
8.9073,1.1601
8.9078,1.1551
8.9084,1.1652
8.9089,1.1601
8.9095,1.1652
8.9101,1.1601
8.9106,1.1601
8.9112,1.1652
8.9117,1.1601
8.9123,1.1601
8.9129,1.1601
8.9134,1.1601
8.9140,1.1601
8.9146,1.1601
8.9151,1.1601
8.9157,1.1551
8.9163,1.1601
8.9168,1.1652
8.9174,1.1601
8.9180,1.1551
8.9185,1.1601
8.9191,1.1601
8.9196,1.1601
8.9202,1.1652
8.9207,1.1601
8.9213,1.1601
8.9218,1.1601
8.9223,1.1601
8.9229,1.1601
8.9234,1.1551
8.9240,1.1601
8.9245,1.1551
8.9251,1.1601
8.9256,1.1551
8.9261,1.1601
8.9267,1.1601
8.9272,1.1601
8.9278,1.1601
8.9283,1.1601
8.9289,1.1601
8.9295,1.1601
8.9300,1.1551
8.9306,1.1601
8.9311,1.1551
8.9316,1.1601
8.9322,1.1601
8.9327,1.1551
8.9333,1.1551
8.9338,1.1601
8.9344,1.1601
8.9349,1.1601
8.9354,1.1551
8.9360,1.1601
8.9365,1.1551
8.9371,1.1601
8.9376,1.1601
8.9382,1.1601
8.9387,1.1551
8.9393,1.1601
8.9398,1.1601
8.9403,1.1601
8.9409,1.1601
8.9414,1.1551
8.9420,1.1601
8.9425,1.1551
8.9430,1.1601
8.9436,1.1601
8.9441,1.1601
8.9447,1.1551
8.9452,1.1601
8.9458,1.1551
8.9463,1.1601
8.9468,1.1601
8.9474,1.1551
8.9479,1.1601
8.9485,1.1601
8.9490,1.1500
8.9496,1.1601
8.9501,1.1601
8.9506,1.1601
8.9512,1.1601
8.9517,1.1601
8.9523,1.1551
8.9528,1.1601
8.9534,1.1551
8.9539,1.1601
8.9544,1.1551
8.9550,1.1601
8.9555,1.1551
8.9561,1.1601
8.9566,1.1601
8.9572,1.1601
8.9577,1.1601
8.9582,1.1551
8.9588,1.1601
8.9593,1.1601
8.9599,1.1601
8.9604,1.1551
8.9610,1.1551
8.9615,1.1601
8.9620,1.1551
8.9626,1.1601
8.9631,1.1551
8.9637,1.1601
8.9642,1.1551
8.9647,1.1601
8.9653,1.1601
8.9658,1.1601
8.9664,1.1601
8.9669,1.1601
8.9675,1.1601
8.9680,1.1601
8.9685,1.1601
8.9691,1.1551
8.9696,1.1601
8.9701,1.1551
8.9707,1.1551
8.9712,1.1551
8.9718,1.1551
8.9723,1.1601
8.9728,1.1551
8.9734,1.1601
8.9739,1.1551
8.9744,1.1601
8.9750,1.1551
8.9755,1.1551
8.9761,1.1601
8.9766,1.1601
8.9771,1.1551
8.9777,1.1601
8.9782,1.1601
8.9787,1.1601
8.9793,1.1551
8.9798,1.1551
8.9804,1.1601
8.9809,1.1551
8.9814,1.1601
8.9820,1.1551
8.9825,1.1551
8.9830,1.1551
8.9836,1.1551
8.9841,1.1551
8.9847,1.1551
8.9852,1.1601
8.9857,1.1551
8.9863,1.1551
8.9868,1.1601
8.9873,1.1601
8.9879,1.1601
8.9884,1.1551
8.9889,1.1500
8.9895,1.1601
8.9900,1.1551
8.9906,1.1551
8.9911,1.1551
8.9916,1.1500
8.9922,1.1601
8.9927,1.1551
8.9933,1.1601
8.9938,1.1551
8.9943,1.1551
8.9949,1.1551
8.9954,1.1551
8.9960,1.1551
8.9965,1.1601
8.9971,1.1551
8.9976,1.1551
8.9982,1.1551
8.9987,1.1551
8.9992,1.1601
8.9998,1.1551
9.0003,1.1551
9.0009,1.1551
9.0014,1.1551
9.0019,1.1551
9.0025,1.1601
9.0030,1.1601
9.0036,1.1551
9.0041,1.1551
9.0046,1.1601
9.0052,1.1551
9.0057,1.1551
9.0063,1.1551
9.0068,1.1551
9.0073,1.1551
9.0079,1.1601
9.0084,1.1500
9.0090,1.1551
9.0095,1.1551
9.0101,1.1551
9.0107,1.1551
9.0112,1.1551
9.0119,1.1551
9.0124,1.1551
9.0130,1.1601
9.0136,1.1500
9.0141,1.1551
9.0147,1.1551
9.0153,1.1500
9.0158,1.1551
9.0164,1.1551
9.0169,1.1551
9.0175,1.1500
9.0181,1.1551
9.0186,1.1551
9.0192,1.1551
9.0198,1.1500
9.0204,1.1551
9.0209,1.1551
9.0214,1.1551
9.0220,1.1551
9.0225,1.1551
9.0230,1.1601
9.0236,1.1551
9.0241,1.1551
9.0247,1.1551
9.0252,1.1551
9.0257,1.1551
9.0263,1.1551
9.0268,1.1500
9.0273,1.1551
9.0279,1.1551
9.0284,1.1551
9.0290,1.1551
9.0295,1.1551
9.0300,1.1500
9.0306,1.1551
9.0311,1.1551
9.0316,1.1551
9.0322,1.1551
9.0327,1.1551
9.0333,1.1551
9.0338,1.1500
9.0344,1.1551
9.0349,1.1551
9.0354,1.1551
9.0360,1.1551
9.0365,1.1551
9.0371,1.1551
9.0376,1.1551
9.0381,1.1551
9.0387,1.1551
9.0392,1.1551
9.0397,1.1500
9.0403,1.1601
9.0408,1.1551
9.0414,1.1551
9.0419,1.1500
9.0424,1.1551
9.0430,1.1551
9.0435,1.1500
9.0440,1.1601
9.0446,1.1551
9.0451,1.1601
9.0457,1.1551
9.0462,1.1500
9.0467,1.1500
9.0473,1.1551
9.0478,1.1551
9.0483,1.1551
9.0489,1.1551
9.0494,1.1551
9.0500,1.1551
9.0505,1.1601
9.0511,1.1500
9.0516,1.1551
9.0521,1.1551
9.0527,1.1500
9.0532,1.1551
9.0537,1.1500
9.0543,1.1551
9.0548,1.1500
9.0554,1.1551
9.0559,1.1500
9.0564,1.1551
9.0570,1.1551
9.0575,1.1500
9.0580,1.1551
9.0586,1.1500
9.0591,1.1500
9.0597,1.1551
9.0602,1.1551
9.0607,1.1500
9.0613,1.1551
9.0618,1.1551
9.0623,1.1500
9.0629,1.1551
9.0634,1.1500
9.0640,1.1551
9.0645,1.1500
9.0650,1.1551
9.0656,1.1551
9.0662,1.1500
9.0668,1.1551
9.0673,1.1551
9.0679,1.1551
9.0684,1.1551
9.0690,1.1500
9.0695,1.1551
9.0700,1.1500
9.0706,1.1500
9.0711,1.1551
9.0717,1.1551
9.0722,1.1551
9.0728,1.1551
9.0733,1.1551
9.0738,1.1551
9.0744,1.1551
9.0749,1.1551
9.0755,1.1551
9.0760,1.1551
9.0766,1.1500
9.0771,1.1551
9.0776,1.1551
9.0782,1.1551
9.0787,1.1500
9.0793,1.1500
9.0798,1.1551
9.0804,1.1551
9.0809,1.1551
9.0814,1.1551
9.0820,1.1500
9.0825,1.1551
9.0831,1.1551
9.0836,1.1551
9.0842,1.1500
9.0847,1.1500
9.0852,1.1551
9.0858,1.1551
9.0863,1.1500
9.0869,1.1551
9.0874,1.1551
9.0880,1.1551
9.0885,1.1500
9.0890,1.1500
9.0896,1.1500
9.0901,1.1500
9.0907,1.1551
9.0912,1.1500
9.0917,1.1551
9.0923,1.1551
9.0928,1.1551
9.0934,1.1551
9.0939,1.1500
9.0945,1.1551
9.0950,1.1500
9.0955,1.1551
9.0961,1.1551
9.0966,1.1500
9.0972,1.1551
9.0977,1.1551
9.0983,1.1601
9.0988,1.1500
9.0993,1.1551
9.0999,1.1551
9.1004,1.1551
9.1010,1.1551
9.1015,1.1500
9.1021,1.1551
9.1026,1.1551
9.1032,1.1551
9.1037,1.1551
9.1043,1.1551
9.1048,1.1551
9.1054,1.1500
9.1059,1.1551
9.1065,1.1551
9.1070,1.1551
9.1075,1.1551
9.1081,1.1551
9.1086,1.1500
9.1092,1.1551
9.1097,1.1601
9.1103,1.1551
9.1108,1.1500
9.1114,1.1551
9.1119,1.1551
9.1125,1.1500
9.1130,1.1551
9.1136,1.1551
9.1141,1.1551
9.1146,1.1551
9.1152,1.1500
9.1157,1.1551
9.1163,1.1551
9.1168,1.1551
9.1174,1.1601
9.1179,1.1551
9.1185,1.1551
9.1190,1.1551
9.1196,1.1551
9.1201,1.1551
9.1207,1.1551
9.1212,1.1551
9.1218,1.1500
9.1223,1.1551
9.1228,1.1551
9.1234,1.1551
9.1239,1.1500
9.1245,1.1500
9.1250,1.1551
9.1256,1.1551
9.1261,1.1500
9.1267,1.1551
9.1272,1.1551
9.1278,1.1551
9.1283,1.1551
9.1289,1.1551
9.1294,1.1551
9.1300,1.1551
9.1305,1.1551
9.1311,1.1551
9.1316,1.1551
9.1322,1.1551
9.1327,1.1500
9.1333,1.1551
9.1338,1.1500
9.1343,1.1500
9.1349,1.1551
9.1355,1.1500
9.1360,1.1551
9.1366,1.1500
9.1371,1.1551
9.1376,1.1551
9.1382,1.1551
9.1387,1.1500
9.1393,1.1500
9.1398,1.1551
9.1404,1.1551
9.1409,1.1551
9.1415,1.1551
9.1420,1.1551
9.1426,1.1551
9.1431,1.1500
9.1437,1.1551
9.1442,1.1500
9.1448,1.1551
9.1453,1.1551
9.1458,1.1551
9.1464,1.1551
9.1469,1.1551
9.1475,1.1500
9.1480,1.1551
9.1486,1.1551
9.1491,1.1551
9.1497,1.1551
9.1502,1.1551
9.1508,1.1500
9.1513,1.1551
9.1519,1.1551
9.1524,1.1500
9.1530,1.1551
9.1535,1.1500
9.1540,1.1500
9.1546,1.1551
9.1551,1.1500
9.1557,1.1551
9.1562,1.1450
9.1568,1.1551
9.1573,1.1551
9.1579,1.1500
9.1584,1.1500
9.1590,1.1551
9.1595,1.1551
9.1601,1.1500
9.1606,1.1551
9.1611,1.1500
9.1617,1.1500
9.1622,1.1551
9.1628,1.1551
9.1633,1.1551
9.1639,1.1500
9.1644,1.1500
9.1650,1.1551
9.1655,1.1500
9.1661,1.1500
9.1666,1.1500
9.1672,1.1551
9.1677,1.1500
9.1683,1.1500
9.1688,1.1551
9.1694,1.1500
9.1699,1.1551
9.1705,1.1500
9.1710,1.1551
9.1716,1.1500
9.1721,1.1551
9.1726,1.1551
9.1732,1.1500
9.1737,1.1551
9.1743,1.1551
9.1748,1.1500
9.1754,1.1500
9.1759,1.1500
9.1765,1.1500
9.1770,1.1551
9.1776,1.1551
9.1781,1.1500
9.1787,1.1551
9.1792,1.1500
9.1798,1.1500
9.1803,1.1551
9.1808,1.1500
9.1814,1.1500
9.1819,1.1551
9.1825,1.1551
9.1830,1.1551
9.1836,1.1551
9.1841,1.1500
9.1847,1.1450
9.1852,1.1551
9.1858,1.1551
9.1863,1.1500
9.1869,1.1500
9.1874,1.1551
9.1879,1.1500
9.1885,1.1500
9.1890,1.1500
9.1896,1.1551
9.1901,1.1551
9.1907,1.1500
9.1912,1.1551
9.1918,1.1500
9.1923,1.1500
9.1929,1.1551
9.1934,1.1500
9.1940,1.1500
9.1945,1.1551
9.1951,1.1500
9.1956,1.1450
9.1961,1.1551
9.1967,1.1551
9.1972,1.1551
9.1978,1.1500
9.1983,1.1500
9.1989,1.1551
9.1995,1.1551
9.2000,1.1500
9.2006,1.1500
9.2011,1.1500
9.2016,1.1500
9.2022,1.1500
9.2027,1.1500
9.2033,1.1500
9.2038,1.1500
9.2044,1.1500
9.2050,1.1500
9.2055,1.1450
9.2061,1.1551
9.2066,1.1500
9.2071,1.1500
9.2077,1.1500
9.2082,1.1551
9.2088,1.1500
9.2093,1.1500
9.2099,1.1450
9.2104,1.1500
9.2110,1.1500
9.2115,1.1500
9.2121,1.1551
9.2126,1.1551
9.2132,1.1450
9.2137,1.1551
9.2142,1.1450
9.2148,1.1500
9.2153,1.1450
9.2159,1.1500
9.2164,1.1500
9.2170,1.1500
9.2175,1.1551
9.2181,1.1500
9.2186,1.1500
9.2192,1.1500
9.2197,1.1500
9.2203,1.1500
9.2208,1.1500
9.2214,1.1500
9.2219,1.1500
9.2224,1.1500
9.2230,1.1500
9.2235,1.1450
9.2241,1.1500
9.2246,1.1500
9.2252,1.1551
9.2257,1.1500
9.2263,1.1500
9.2268,1.1500
9.2274,1.1500
9.2279,1.1500
9.2285,1.1500
9.2290,1.1450
9.2295,1.1500
9.2301,1.1500
9.2306,1.1500
9.2312,1.1551
9.2317,1.1500
9.2323,1.1500
9.2328,1.1500
9.2334,1.1500
9.2339,1.1500
9.2345,1.1450
9.2350,1.1500
9.2356,1.1450
9.2361,1.1500
9.2366,1.1500
9.2372,1.1500
9.2377,1.1551
9.2383,1.1450
9.2388,1.1500
9.2394,1.1500
9.2399,1.1500
9.2405,1.1500
9.2410,1.1500
9.2416,1.1500
9.2421,1.1450
9.2427,1.1500
9.2432,1.1500
9.2438,1.1500
9.2443,1.1500
9.2448,1.1500
9.2454,1.1450
9.2459,1.1500
9.2465,1.1450
9.2470,1.1500
9.2476,1.1450
9.2481,1.1450
9.2487,1.1450
9.2492,1.1500
9.2498,1.1500
9.2503,1.1500
9.2509,1.1450
9.2514,1.1450
9.2519,1.1500
9.2525,1.1450
9.2530,1.1500
9.2536,1.1500
9.2541,1.1500
9.2547,1.1450
9.2552,1.1500
9.2558,1.1450
9.2563,1.1500
9.2569,1.1500
9.2574,1.1500
9.2580,1.1500
9.2585,1.1450
9.2590,1.1500
9.2596,1.1450
9.2601,1.1500
9.2607,1.1500
9.2612,1.1500
9.2618,1.1450
9.2623,1.1450
9.2629,1.1450
9.2634,1.1500
9.2640,1.1500
9.2645,1.1500
9.2651,1.1450
9.2656,1.1450
9.2661,1.1500
9.2667,1.1450
9.2672,1.1450
9.2678,1.1450
9.2684,1.1500
9.2689,1.1551
9.2695,1.1450
9.2700,1.1500
9.2705,1.1450
9.2711,1.1500
9.2716,1.1450
9.2722,1.1450
9.2727,1.1450
9.2733,1.1450
9.2738,1.1500
9.2744,1.1399
9.2749,1.1450
9.2755,1.1450
9.2760,1.1500
9.2766,1.1450
9.2771,1.1450
9.2776,1.1450
9.2782,1.1500
9.2787,1.1500
9.2793,1.1500
9.2798,1.1450
9.2804,1.1500
9.2809,1.1450
9.2814,1.1450
9.2820,1.1450
9.2825,1.1450
9.2831,1.1450
9.2836,1.1500
9.2842,1.1450
9.2847,1.1500
9.2852,1.1500
9.2858,1.1450
9.2863,1.1450
9.2869,1.1500
9.2874,1.1450
9.2880,1.1450
9.2885,1.1500
9.2890,1.1450
9.2896,1.1450
9.2901,1.1500
9.2907,1.1450
9.2912,1.1500
9.2918,1.1450
9.2923,1.1500
9.2928,1.1450
9.2934,1.1450
9.2939,1.1500
9.2945,1.1450
9.2950,1.1500
9.2955,1.1450
9.2961,1.1399
9.2966,1.1450
9.2972,1.1450
9.2977,1.1450
9.2983,1.1500
9.2989,1.1450
9.2994,1.1450
9.3000,1.1500
9.3005,1.1450
9.3011,1.1399
9.3016,1.1450
9.3022,1.1450
9.3027,1.1500
9.3032,1.1450
9.3038,1.1450
9.3043,1.1500
9.3049,1.1500
9.3054,1.1450
9.3060,1.1500
9.3065,1.1450
9.3070,1.1450
9.3076,1.1450
9.3081,1.1450
9.3087,1.1450
9.3092,1.1399
9.3098,1.1500
9.3103,1.1450
9.3108,1.1399
9.3114,1.1450
9.3119,1.1399
9.3125,1.1500
9.3130,1.1399
9.3136,1.1450
9.3141,1.1450
9.3146,1.1450
9.3152,1.1450
9.3157,1.1450
9.3163,1.1450
9.3168,1.1450
9.3173,1.1450
9.3179,1.1450
9.3184,1.1450
9.3190,1.1450
9.3195,1.1450
9.3201,1.1450
9.3206,1.1450
9.3212,1.1450
9.3217,1.1450
9.3223,1.1450
9.3228,1.1450
9.3234,1.1500
9.3239,1.1399
9.3244,1.1450
9.3250,1.1450
9.3255,1.1450
9.3261,1.1450
9.3266,1.1450
9.3272,1.1450
9.3277,1.1450
9.3283,1.1399
9.3288,1.1399
9.3294,1.1450
9.3299,1.1450
9.3305,1.1450
9.3310,1.1450
9.3315,1.1450
9.3321,1.1450
9.3326,1.1450
9.3332,1.1399
9.3337,1.1450
9.3343,1.1399
9.3348,1.1450
9.3354,1.1399
9.3359,1.1450
9.3365,1.1399
9.3370,1.1450
9.3376,1.1450
9.3381,1.1399
9.3386,1.1399
9.3392,1.1399
9.3397,1.1450
9.3403,1.1450
9.3408,1.1399
9.3414,1.1450
9.3419,1.1399
9.3425,1.1399
9.3430,1.1450
9.3436,1.1450
9.3441,1.1500
9.3447,1.1450
9.3452,1.1399
9.3458,1.1399
9.3463,1.1450
9.3469,1.1450
9.3474,1.1450
9.3480,1.1450
9.3485,1.1450
9.3490,1.1450
9.3496,1.1450
9.3501,1.1450
9.3507,1.1450
9.3512,1.1399
9.3518,1.1450
9.3523,1.1450
9.3529,1.1450
9.3534,1.1399
9.3540,1.1399
9.3545,1.1399
9.3551,1.1450
9.3556,1.1399
9.3561,1.1399
9.3567,1.1399
9.3572,1.1450
9.3578,1.1450
9.3583,1.1450
9.3589,1.1450
9.3594,1.1450
9.3600,1.1450
9.3605,1.1399
9.3611,1.1399
9.3616,1.1399
9.3622,1.1450
9.3627,1.1450
9.3633,1.1450
9.3638,1.1450
9.3644,1.1399
9.3649,1.1450
9.3654,1.1399
9.3660,1.1399
9.3665,1.1399
9.3671,1.1450
9.3676,1.1399
9.3682,1.1399
9.3688,1.1450
9.3693,1.1450
9.3699,1.1450
9.3704,1.1450
9.3709,1.1399
9.3715,1.1349
9.3720,1.1450
9.3726,1.1450
9.3731,1.1450
9.3737,1.1450
9.3742,1.1399
9.3748,1.1450
9.3753,1.1399
9.3759,1.1450
9.3764,1.1450
9.3769,1.1399
9.3775,1.1450
9.3780,1.1399
9.3786,1.1450
9.3791,1.1450
9.3797,1.1450
9.3802,1.1450
9.3808,1.1399
9.3813,1.1349
9.3819,1.1399
9.3824,1.1399
9.3830,1.1399
9.3835,1.1450
9.3841,1.1349
9.3846,1.1399
9.3851,1.1399
9.3857,1.1450
9.3862,1.1450
9.3868,1.1399
9.3873,1.1450
9.3879,1.1450
9.3884,1.1450
9.3890,1.1450
9.3895,1.1450
9.3901,1.1450
9.3906,1.1450
9.3912,1.1399
9.3917,1.1399
9.3923,1.1450
9.3929,1.1399
9.3936,1.1399
9.3941,1.1450
9.3947,1.1399
9.3953,1.1399
9.3959,1.1399
9.3964,1.1450
9.3970,1.1399
9.3975,1.1450
9.3981,1.1399
9.3987,1.1399
9.3992,1.1399
9.3998,1.1349
9.4003,1.1399
9.4009,1.1399
9.4014,1.1349
9.4020,1.1399
9.4025,1.1450
9.4031,1.1450
9.4036,1.1399
9.4042,1.1399
9.4047,1.1399
9.4053,1.1399
9.4058,1.1399
9.4064,1.1399
9.4069,1.1399
9.4075,1.1450
9.4080,1.1450
9.4086,1.1399
9.4091,1.1399
9.4097,1.1349
9.4103,1.1399
9.4108,1.1399
9.4114,1.1399
9.4120,1.1399
9.4125,1.1399
9.4132,1.1399
9.4137,1.1399
9.4143,1.1450
9.4148,1.1399
9.4154,1.1349
9.4160,1.1399
9.4165,1.1399
9.4171,1.1399
9.4176,1.1450
9.4182,1.1399
9.4187,1.1399
9.4193,1.1399
9.4198,1.1399
9.4204,1.1399
9.4209,1.1399
9.4215,1.1450
9.4220,1.1399
9.4225,1.1450
9.4231,1.1399
9.4236,1.1450
9.4242,1.1349
9.4247,1.1399
9.4253,1.1399
9.4258,1.1450
9.4263,1.1399
9.4269,1.1399
9.4274,1.1349
9.4280,1.1450
9.4285,1.1450
9.4291,1.1399
9.4296,1.1399
9.4301,1.1450
9.4307,1.1399
9.4312,1.1450
9.4318,1.1399
9.4323,1.1399
9.4329,1.1450
9.4334,1.1399
9.4339,1.1399
9.4345,1.1399
9.4350,1.1450
9.4356,1.1399
9.4361,1.1399
9.4367,1.1399
9.4372,1.1450
9.4377,1.1399
9.4383,1.1450
9.4388,1.1399
9.4394,1.1450
9.4399,1.1399
9.4405,1.1399
9.4410,1.1450
9.4415,1.1349
9.4421,1.1399
9.4426,1.1450
9.4432,1.1450
9.4437,1.1450
9.4443,1.1399
9.4448,1.1399
9.4453,1.1349
9.4459,1.1450
9.4464,1.1399
9.4470,1.1450
9.4475,1.1399
9.4481,1.1399
9.4486,1.1450
9.4491,1.1399
9.4497,1.1399
9.4502,1.1399
9.4508,1.1399
9.4513,1.1399
9.4519,1.1399
9.4524,1.1399
9.4529,1.1399
9.4535,1.1399
9.4540,1.1399
9.4546,1.1399
9.4551,1.1399
9.4557,1.1399
9.4562,1.1399
9.4567,1.1399
9.4573,1.1450
9.4578,1.1399
9.4584,1.1349
9.4589,1.1450
9.4595,1.1450
9.4600,1.1450
9.4606,1.1399
9.4611,1.1450
9.4616,1.1399
9.4622,1.1399
9.4627,1.1450
9.4633,1.1450
9.4638,1.1399
9.4644,1.1399
9.4649,1.1349
9.4654,1.1399
9.4660,1.1399
9.4665,1.1399
9.4671,1.1349
9.4676,1.1399
9.4682,1.1399
9.4688,1.1399
9.4694,1.1399
9.4699,1.1399
9.4704,1.1349
9.4710,1.1399
9.4715,1.1450
9.4721,1.1399
9.4726,1.1450
9.4731,1.1450
9.4737,1.1399
9.4742,1.1399
9.4747,1.1399
9.4753,1.1349
9.4758,1.1399
9.4764,1.1399
9.4769,1.1399
9.4774,1.1399
9.4780,1.1399
9.4785,1.1349
9.4790,1.1349
9.4796,1.1399
9.4801,1.1399
9.4807,1.1399
9.4812,1.1399
9.4817,1.1450
9.4823,1.1450
9.4828,1.1399
9.4834,1.1399
9.4839,1.1349
9.4844,1.1399
9.4850,1.1399
9.4855,1.1450
9.4861,1.1399
9.4866,1.1399
9.4871,1.1399
9.4877,1.1450
9.4882,1.1399
9.4887,1.1399
9.4893,1.1399
9.4898,1.1399
9.4904,1.1399
9.4909,1.1399
9.4914,1.1399
9.4920,1.1399
9.4925,1.1399
9.4931,1.1399
9.4936,1.1399
9.4941,1.1399
9.4947,1.1349
9.4952,1.1399
9.4958,1.1399
9.4963,1.1399
9.4969,1.1349
9.4974,1.1399
9.4980,1.1399
9.4985,1.1399
9.4990,1.1399
9.4996,1.1399
9.5001,1.1399
9.5007,1.1399
9.5012,1.1399
9.5017,1.1399
9.5023,1.1399
9.5028,1.1450
9.5034,1.1399
9.5039,1.1399
9.5044,1.1399
9.5050,1.1399
9.5055,1.1399
9.5061,1.1450
9.5066,1.1399
9.5071,1.1399
9.5077,1.1450
9.5082,1.1450
9.5088,1.1399
9.5093,1.1399
9.5098,1.1399
9.5104,1.1399
9.5109,1.1399
9.5115,1.1399
9.5120,1.1399
9.5125,1.1399
9.5131,1.1349
9.5136,1.1399
9.5141,1.1399
9.5147,1.1450
9.5152,1.1399
9.5157,1.1349
9.5163,1.1399
9.5168,1.1399
9.5174,1.1399
9.5179,1.1450
9.5184,1.1399
9.5190,1.1399
9.5195,1.1349
9.5201,1.1399
9.5206,1.1349
9.5211,1.1399
9.5217,1.1349
9.5222,1.1450
9.5228,1.1399
9.5233,1.1349
9.5238,1.1450
9.5244,1.1450
9.5249,1.1399
9.5255,1.1450
9.5260,1.1399
9.5265,1.1399
9.5271,1.1399
9.5276,1.1399
9.5282,1.1349
9.5287,1.1399
9.5292,1.1450
9.5298,1.1349
9.5303,1.1399
9.5309,1.1349
9.5314,1.1399
9.5319,1.1399
9.5325,1.1399
9.5330,1.1399
9.5336,1.1399
9.5341,1.1450
9.5346,1.1399
9.5352,1.1450
9.5357,1.1349
9.5363,1.1349
9.5368,1.1349
9.5373,1.1450
9.5379,1.1399
9.5384,1.1399
9.5390,1.1349
9.5395,1.1399
9.5401,1.1399
9.5406,1.1399
9.5411,1.1399
9.5417,1.1399
9.5422,1.1450
9.5427,1.1399
9.5433,1.1349
9.5438,1.1349
9.5444,1.1399
9.5449,1.1399
9.5455,1.1349
9.5460,1.1399
9.5465,1.1399
9.5471,1.1399
9.5476,1.1349
9.5482,1.1399
9.5487,1.1399
9.5492,1.1399
9.5498,1.1399
9.5503,1.1399
9.5509,1.1399
9.5514,1.1399
9.5520,1.1399
9.5525,1.1399
9.5530,1.1399
9.5536,1.1399
9.5541,1.1399
9.5547,1.1399
9.5552,1.1399
9.5557,1.1349
9.5563,1.1399
9.5568,1.1399
9.5574,1.1349
9.5579,1.1399
9.5584,1.1399
9.5590,1.1399
9.5595,1.1399
9.5601,1.1349
9.5606,1.1399
9.5611,1.1349
9.5617,1.1349
9.5622,1.1399
9.5628,1.1399
9.5633,1.1349
9.5638,1.1399
9.5644,1.1349
9.5649,1.1399
9.5655,1.1399
9.5660,1.1349
9.5665,1.1399
9.5671,1.1349
9.5676,1.1399
9.5682,1.1399
9.5688,1.1399
9.5693,1.1399
9.5699,1.1399
9.5704,1.1399
9.5710,1.1349
9.5715,1.1399
9.5721,1.1349
9.5726,1.1349
9.5732,1.1399
9.5737,1.1399
9.5743,1.1399
9.5748,1.1399
9.5754,1.1399
9.5759,1.1349
9.5765,1.1399
9.5770,1.1399
9.5775,1.1349
9.5781,1.1399
9.5786,1.1399
9.5792,1.1399
9.5797,1.1399
9.5803,1.1399
9.5808,1.1399
9.5814,1.1399
9.5819,1.1349
9.5825,1.1399
9.5830,1.1399
9.5836,1.1349
9.5841,1.1399
9.5846,1.1349
9.5852,1.1399
9.5857,1.1349
9.5863,1.1399
9.5868,1.1349
9.5874,1.1399
9.5879,1.1349
9.5885,1.1349
9.5890,1.1349
9.5896,1.1399
9.5901,1.1399
9.5907,1.1399
9.5912,1.1399
9.5917,1.1349
9.5923,1.1349
9.5928,1.1399
9.5934,1.1349
9.5939,1.1399
9.5945,1.1399
9.5950,1.1349
9.5956,1.1399
9.5961,1.1399
9.5967,1.1349
9.5972,1.1399
9.5978,1.1399
9.5983,1.1349
9.5988,1.1349
9.5994,1.1399
9.5999,1.1399
9.6005,1.1349
9.6010,1.1399
9.6016,1.1349
9.6021,1.1399
9.6027,1.1399
9.6032,1.1399
9.6038,1.1349
9.6043,1.1349
9.6049,1.1399
9.6054,1.1399
9.6059,1.1299
9.6065,1.1349
9.6070,1.1349
9.6076,1.1349
9.6081,1.1399
9.6087,1.1349
9.6092,1.1399
9.6098,1.1349
9.6103,1.1349
9.6109,1.1349
9.6115,1.1399
9.6121,1.1349
9.6127,1.1349
9.6133,1.1399
9.6138,1.1450
9.6144,1.1349
9.6150,1.1299
9.6155,1.1349
9.6161,1.1399
9.6167,1.1399
9.6173,1.1399
9.6178,1.1399
9.6184,1.1399
9.6190,1.1349
9.6196,1.1399
9.6201,1.1399
9.6207,1.1349
9.6213,1.1399
9.6218,1.1399
9.6224,1.1399
9.6231,1.1349
9.6236,1.1299
9.6242,1.1349
9.6247,1.1349
9.6252,1.1399
9.6258,1.1349
9.6263,1.1349
9.6269,1.1349
9.6274,1.1349
9.6280,1.1349
9.6285,1.1349
9.6291,1.1399
9.6296,1.1349
9.6301,1.1349
9.6307,1.1399
9.6312,1.1349
9.6318,1.1399
9.6323,1.1349
9.6328,1.1399
9.6334,1.1399
9.6339,1.1349
9.6345,1.1399
9.6350,1.1349
9.6356,1.1349
9.6361,1.1349
9.6367,1.1349
9.6372,1.1399
9.6378,1.1399
9.6383,1.1399
9.6388,1.1399
9.6394,1.1349
9.6399,1.1399
9.6405,1.1399
9.6410,1.1399
9.6416,1.1399
9.6421,1.1399
9.6426,1.1349
9.6432,1.1399
9.6437,1.1399
9.6443,1.1399
9.6448,1.1349
9.6454,1.1349
9.6459,1.1399
9.6464,1.1399
9.6470,1.1399
9.6475,1.1399
9.6481,1.1399
9.6486,1.1450
9.6492,1.1299
9.6497,1.1399
9.6502,1.1399
9.6508,1.1349
9.6513,1.1399
9.6519,1.1399
9.6524,1.1349
9.6530,1.1349
9.6535,1.1399
9.6540,1.1349
9.6546,1.1399
9.6551,1.1399
9.6557,1.1399
9.6562,1.1399
9.6568,1.1349
9.6573,1.1399
9.6579,1.1349
9.6584,1.1399
9.6590,1.1399
9.6595,1.1399
9.6600,1.1399
9.6606,1.1450
9.6611,1.1399
9.6617,1.1399
9.6622,1.1349
9.6628,1.1399
9.6633,1.1399
9.6638,1.1450
9.6644,1.1399
9.6649,1.1450
9.6655,1.1349
9.6660,1.1399
9.6666,1.1399
9.6671,1.1399
9.6676,1.1399
9.6682,1.1450
9.6687,1.1399
9.6693,1.1450
9.6698,1.1450
9.6704,1.1399
9.6709,1.1450
9.6714,1.1399
9.6720,1.1450
9.6725,1.1450
9.6731,1.1450
9.6736,1.1399
9.6742,1.1450
9.6747,1.1399
9.6752,1.1450
9.6758,1.1450
9.6763,1.1399
9.6769,1.1399
9.6774,1.1450
9.6780,1.1450
9.6785,1.1399
9.6790,1.1450
9.6796,1.1450
9.6801,1.1399
9.6807,1.1450
9.6812,1.1399
9.6818,1.1500
9.6823,1.1450
9.6828,1.1399
9.6834,1.1450
9.6839,1.1399
9.6845,1.1450
9.6850,1.1450
9.6855,1.1450
9.6861,1.1399
9.6866,1.1450
9.6872,1.1349
9.6877,1.1450
9.6883,1.1450
9.6888,1.1399
9.6894,1.1450
9.6899,1.1500
9.6905,1.1500
9.6910,1.1500
9.6916,1.1450
9.6921,1.1500
9.6926,1.1399
9.6932,1.1450
9.6937,1.1500
9.6943,1.1450
9.6948,1.1500
9.6954,1.1450
9.6959,1.1500
9.6964,1.1450
9.6970,1.1450
9.6975,1.1450
9.6981,1.1450
9.6986,1.1450
9.6992,1.1450
9.6997,1.1450
9.7002,1.1500
9.7008,1.1500
9.7013,1.1450
9.7019,1.1500
9.7024,1.1500
9.7030,1.1450
9.7035,1.1500
9.7041,1.1450
9.7046,1.1500
9.7052,1.1500
9.7057,1.1500
9.7063,1.1500
9.7068,1.1450
9.7074,1.1500
9.7079,1.1500
9.7084,1.1500
9.7090,1.1500
9.7095,1.1500
9.7101,1.1500
9.7106,1.1500
9.7112,1.1500
9.7117,1.1450
9.7123,1.1500
9.7128,1.1500
9.7134,1.1500
9.7139,1.1500
9.7145,1.1500
9.7150,1.1551
9.7155,1.1500
9.7161,1.1500
9.7166,1.1551
9.7172,1.1500
9.7177,1.1551
9.7183,1.1551
9.7188,1.1500
9.7194,1.1551
9.7199,1.1500
9.7205,1.1500
9.7210,1.1551
9.7216,1.1500
9.7221,1.1551
9.7226,1.1551
9.7232,1.1551
9.7237,1.1500
9.7243,1.1551
9.7248,1.1551
9.7254,1.1551
9.7259,1.1500
9.7265,1.1500
9.7270,1.1500
9.7276,1.1551
9.7281,1.1450
9.7287,1.1551
9.7292,1.1500
9.7297,1.1551
9.7303,1.1500
9.7308,1.1551
9.7319,1.1500
9.7325,1.1601
9.7331,1.1551
9.7336,1.1551
9.7342,1.1551
9.7347,1.1551
9.7353,1.1551
9.7359,1.1500
9.7365,1.1551
9.7370,1.1500
9.7376,1.1551
9.7381,1.1551
9.7387,1.1551
9.7392,1.1500
9.7398,1.1551
9.7403,1.1500
9.7409,1.1551
9.7414,1.1551
9.7419,1.1551
9.7425,1.1551
9.7430,1.1551
9.7436,1.1551
9.7441,1.1500
9.7447,1.1551
9.7452,1.1551
9.7458,1.1551
9.7463,1.1551
9.7468,1.1551
9.7474,1.1601
9.7479,1.1551
9.7485,1.1551
9.7490,1.1601
9.7496,1.1601
9.7501,1.1500
9.7507,1.1601
9.7512,1.1551
9.7518,1.1500
9.7523,1.1601
9.7528,1.1551
9.7534,1.1551
9.7539,1.1551
9.7545,1.1551
9.7550,1.1601
9.7556,1.1601
9.7569,1.1551
9.7575,1.1551
9.7580,1.1500
9.7586,1.1601
9.7591,1.1551
9.7597,1.1601
9.7602,1.1551
9.7608,1.1551
9.7614,1.1652
9.7619,1.1551
9.7624,1.1551
9.7630,1.1601
9.7635,1.1551
9.7641,1.1551
9.7646,1.1601
9.7652,1.1551
9.7657,1.1551
9.7662,1.1601
9.7668,1.1601
9.7673,1.1601
9.7680,1.1601
9.7685,1.1601
9.7691,1.1551
9.7696,1.1500
9.7702,1.1551
9.7707,1.1601
9.7713,1.1551
9.7719,1.1601
9.7725,1.1601
9.7730,1.1601
9.7736,1.1551
9.7741,1.1601
9.7747,1.1601
9.7752,1.1601
9.7758,1.1551
9.7763,1.1601
9.7768,1.1601
9.7774,1.1551
9.7779,1.1551
9.7785,1.1500
9.7790,1.1551
9.7796,1.1551
9.7801,1.1551
9.7807,1.1601
9.7812,1.1601
9.7818,1.1551
9.7823,1.1551
9.7828,1.1601
9.7834,1.1601
9.7839,1.1551
9.7845,1.1551
9.7850,1.1551
9.7856,1.1551
9.7861,1.1601
9.7866,1.1551
9.7872,1.1500
9.7877,1.1601
9.7883,1.1551
9.7888,1.1601
9.7894,1.1551
9.7899,1.1551
9.7905,1.1601
9.7911,1.1551
9.7917,1.1551
9.7922,1.1601
9.7928,1.1601
9.7933,1.1551
9.7939,1.1601
9.7944,1.1551
9.7950,1.1601
9.7955,1.1551
9.7961,1.1601
9.7966,1.1601
9.7972,1.1601
9.7977,1.1551
9.7983,1.1551
9.7988,1.1551
9.7994,1.1551
9.7999,1.1551
9.8004,1.1551
9.8010,1.1551
9.8015,1.1601
9.8021,1.1601
9.8026,1.1551
9.8032,1.1601
9.8037,1.1551
9.8043,1.1551
9.8048,1.1551
9.8053,1.1601
9.8059,1.1601
9.8064,1.1551
9.8070,1.1551
9.8075,1.1551
9.8083,1.1551
9.8088,1.1551
9.8094,1.1601
9.8099,1.1601
9.8105,1.1551
9.8110,1.1652
9.8116,1.1551
9.8121,1.1601
9.8126,1.1601
9.8132,1.1551
9.8137,1.1500
9.8143,1.1551
9.8152,1.1601
9.8157,1.1500
9.8163,1.1601
9.8168,1.1551
9.8174,1.1601
9.8179,1.1601
9.8184,1.1551
9.8190,1.1551
9.8195,1.1551
9.8201,1.1601
9.8206,1.1551
9.8212,1.1551
9.8217,1.1601
9.8223,1.1500
9.8228,1.1601
9.8233,1.1551
9.8239,1.1551
9.8244,1.1551
9.8250,1.1551
9.8255,1.1601
9.8261,1.1601
9.8266,1.1601
9.8271,1.1551
9.8277,1.1601
9.8282,1.1601
9.8288,1.1601
9.8293,1.1551
9.8301,1.1551
9.8306,1.1551
9.8312,1.1500
9.8318,1.1601
9.8323,1.1500
9.8329,1.1601
9.8334,1.1551
9.8340,1.1551
9.8345,1.1500
9.8350,1.1551
9.8356,1.1500
9.8361,1.1601
9.8367,1.1601
9.8373,1.1601
9.8387,1.1551
9.8399,1.1551
9.8405,1.1601
9.8411,1.1551
9.8416,1.1601
9.8422,1.1551
9.8427,1.1551
9.8433,1.1601
9.8439,1.1551
9.8444,1.1551
9.8449,1.1601
9.8455,1.1551
9.8460,1.1500
9.8466,1.1551
9.8471,1.1551
9.8477,1.1601
9.8482,1.1601
9.8487,1.1551
9.8493,1.1551
9.8498,1.1551
9.8504,1.1551
9.8509,1.1500
9.8515,1.1551
9.8520,1.1551
9.8525,1.1601
9.8531,1.1551
9.8536,1.1601
9.8542,1.1551
9.8547,1.1551
9.8553,1.1601
9.8558,1.1601
9.8563,1.1551
9.8569,1.1551
9.8574,1.1551
9.8580,1.1601
9.8585,1.1601
9.8591,1.1551
9.8596,1.1601
9.8602,1.1551
9.8607,1.1601
9.8613,1.1601
9.8618,1.1601
9.8623,1.1601
9.8629,1.1551
9.8634,1.1551
9.8640,1.1551
9.8645,1.1601
9.8651,1.1551
9.8656,1.1551
9.8662,1.1500
9.8667,1.1500
9.8673,1.1551
9.8678,1.1601
9.8684,1.1551
9.8689,1.1551
9.8695,1.1601
9.8700,1.1500
9.8706,1.1500
9.8711,1.1551
9.8717,1.1551
9.8722,1.1551
9.8727,1.1551
9.8733,1.1500
9.8743,1.1551
9.8748,1.1551
9.8754,1.1500
9.8759,1.1551
9.8765,1.1551
9.8770,1.1551
9.8776,1.1551
9.8781,1.1551
9.8787,1.1551
9.8792,1.1500
9.8798,1.1551
9.8803,1.1551
9.8809,1.1551
9.8814,1.1551
9.8819,1.1551
9.8825,1.1551
9.8830,1.1551
9.8836,1.1551
9.8841,1.1601
9.8846,1.1551
9.8852,1.1551
9.8857,1.1551
9.8863,1.1551
9.8868,1.1551
9.8874,1.1500
9.8879,1.1551
9.8885,1.1551
9.8890,1.1551
9.8895,1.1551
9.8901,1.1500
9.8907,1.1551
9.8912,1.1500
9.8918,1.1551
9.8924,1.1551
9.8930,1.1551
9.8936,1.1500
9.8941,1.1551
9.8947,1.1500
9.8953,1.1551
9.8959,1.1551
9.8964,1.1551
9.8970,1.1500
9.8976,1.1551
9.8981,1.1500
9.8987,1.1551
9.8993,1.1601
9.8998,1.1601
9.9004,1.1551
9.9009,1.1551
9.9015,1.1551
9.9020,1.1551
9.9025,1.1551
9.9031,1.1551
9.9037,1.1500
9.9042,1.1551
9.9048,1.1551
9.9053,1.1500
9.9058,1.1551
9.9064,1.1551
9.9069,1.1551
9.9075,1.1551
9.9080,1.1551
9.9086,1.1500
9.9091,1.1500
9.9097,1.1500
9.9103,1.1500
9.9108,1.1551
9.9114,1.1500
9.9119,1.1551
9.9125,1.1551
9.9130,1.1551
9.9136,1.1551
9.9141,1.1500
9.9147,1.1500
9.9152,1.1500
9.9158,1.1500
9.9164,1.1500
9.9170,1.1551
9.9175,1.1551
9.9180,1.1500
9.9186,1.1500
9.9192,1.1551
9.9197,1.1500
9.9203,1.1551
9.9208,1.1500
9.9214,1.1500
9.9219,1.1500
9.9224,1.1450
9.9230,1.1500
9.9235,1.1500
9.9241,1.1450
9.9246,1.1500
9.9252,1.1551
9.9257,1.1551
9.9262,1.1500
9.9268,1.1551
9.9273,1.1551
9.9279,1.1500
9.9284,1.1500
9.9290,1.1551
9.9295,1.1551
9.9300,1.1500
9.9306,1.1500
9.9311,1.1500
9.9317,1.1551
9.9322,1.1500
9.9328,1.1551
9.9333,1.1500
9.9338,1.1551
9.9344,1.1500
9.9349,1.1500
9.9355,1.1500
9.9360,1.1450
9.9366,1.1551
9.9371,1.1500
9.9376,1.1500
9.9382,1.1500
9.9387,1.1500
9.9393,1.1500
9.9398,1.1500
9.9404,1.1450
9.9409,1.1551
9.9415,1.1551
9.9420,1.1551
9.9425,1.1450
9.9431,1.1500
9.9436,1.1500
9.9442,1.1500
9.9453,1.1500
9.9459,1.1500
9.9465,1.1500
9.9470,1.1450
9.9476,1.1500
9.9481,1.1551
9.9487,1.1450
9.9495,1.1500
9.9501,1.1500
9.9506,1.1500
9.9512,1.1500
9.9517,1.1500
9.9523,1.1500
9.9529,1.1500
9.9535,1.1450
9.9540,1.1551
9.9545,1.1551
9.9551,1.1500
9.9558,1.1551
9.9563,1.1500
9.9569,1.1500
9.9575,1.1551
9.9581,1.1450
9.9586,1.1500
9.9592,1.1500
9.9599,1.1551
9.9605,1.1500
9.9612,1.1500
9.9617,1.1500
9.9623,1.1500
9.9628,1.1500
9.9633,1.1500
9.9639,1.1500
9.9644,1.1551
9.9650,1.1500
9.9655,1.1500
9.9661,1.1551
9.9666,1.1500
9.9671,1.1450
9.9677,1.1500
9.9682,1.1551
9.9688,1.1500
9.9693,1.1500
9.9699,1.1450
9.9704,1.1500
9.9711,1.1500
9.9720,1.1450
9.9726,1.1500
9.9732,1.1500
9.9737,1.1551
9.9742,1.1500
9.9748,1.1500
9.9753,1.1500
9.9759,1.1500
9.9764,1.1500
9.9770,1.1500
9.9775,1.1500
9.9780,1.1551
9.9786,1.1500
9.9791,1.1500
9.9797,1.1500
9.9804,1.1450
9.9813,1.1500
9.9819,1.1500
9.9825,1.1450
9.9830,1.1450
9.9835,1.1500
9.9841,1.1500
9.9846,1.1551
9.9852,1.1500
9.9857,1.1500
9.9863,1.1500
9.9868,1.1500
9.9873,1.1500
9.9879,1.1500
9.9884,1.1450
9.9890,1.1500
9.9895,1.1551
9.9900,1.1551
9.9906,1.1500
9.9911,1.1500
9.9916,1.1500
9.9922,1.1450
9.9927,1.1500
9.9933,1.1450
9.9938,1.1500
9.9943,1.1500
9.9949,1.1500
9.9954,1.1500
9.9959,1.1500
9.9965,1.1500
9.9970,1.1500
9.9976,1.1500
9.9981,1.1450
9.9986,1.1500
9.9992,1.1500
9.9997,1.1500
10.0002,1.1500
10.0008,1.1551
10.0013,1.1399
10.0021,1.1500
10.0026,1.1450
10.0031,1.1500
10.0037,1.1500
10.0042,1.1500
10.0048,1.1500
10.0054,1.1500
10.0060,1.1500
10.0065,1.1551
10.0070,1.1500
10.0076,1.1500
10.0081,1.1500
10.0087,1.1500
10.0092,1.1500
10.0097,1.1450
10.0103,1.1500
10.0108,1.1500
10.0114,1.1450
10.0119,1.1500
10.0124,1.1500
10.0130,1.1500
10.0135,1.1551
10.0140,1.1551
10.0146,1.1450
10.0151,1.1500
10.0156,1.1500
10.0162,1.1500
10.0167,1.1450
10.0173,1.1450
10.0178,1.1500
10.0183,1.1500
10.0189,1.1500
10.0195,1.1500
10.0200,1.1450
10.0206,1.1500
10.0211,1.1500
10.0216,1.1450
10.0222,1.1500
10.0227,1.1500
10.0233,1.1450
10.0238,1.1450
10.0243,1.1500
10.0249,1.1500
10.0254,1.1500
10.0260,1.1500
10.0265,1.1500
10.0270,1.1500
10.0276,1.1500
10.0281,1.1450
10.0287,1.1500
10.0292,1.1500
10.0297,1.1450
10.0303,1.1500
10.0308,1.1500
10.0314,1.1500
10.0319,1.1450
10.0324,1.1450
10.0330,1.1500
10.0335,1.1551
10.0340,1.1450
10.0346,1.1551
10.0351,1.1500
10.0357,1.1500
10.0362,1.1500
10.0367,1.1500
10.0373,1.1450
10.0378,1.1450
10.0383,1.1500
10.0390,1.1500
10.0395,1.1500
10.0401,1.1450
10.0406,1.1500
10.0411,1.1450
10.0417,1.1500
10.0422,1.1500
10.0428,1.1500
10.0433,1.1500
10.0438,1.1500
10.0444,1.1450
10.0449,1.1500
10.0455,1.1500
10.0460,1.1450
10.0466,1.1500
10.0471,1.1450
10.0477,1.1450
10.0482,1.1500
10.0487,1.1500
10.0493,1.1500
10.0498,1.1450
10.0504,1.1500
10.0509,1.1500
10.0514,1.1500
10.0520,1.1500
10.0525,1.1500
10.0531,1.1500
10.0536,1.1450
10.0541,1.1500
10.0547,1.1450
10.0552,1.1500
10.0558,1.1450
10.0563,1.1500
10.0568,1.1500
10.0574,1.1500
10.0579,1.1500
10.0585,1.1450
10.0590,1.1500
10.0595,1.1500
10.0601,1.1500
10.0606,1.1500
10.0612,1.1500
10.0617,1.1500
10.0622,1.1450
10.0628,1.1500
10.0633,1.1450
10.0639,1.1500
10.0644,1.1450
10.0649,1.1450
10.0655,1.1399
10.0660,1.1450
10.0666,1.1500
10.0671,1.1500
10.0676,1.1500
10.0682,1.1500
10.0687,1.1500
10.0693,1.1500
10.0698,1.1450
10.0704,1.1500
10.0709,1.1450
10.0715,1.1500
10.0720,1.1500
10.0726,1.1450
10.0731,1.1500
10.0737,1.1450
10.0742,1.1500
10.0748,1.1500
10.0753,1.1500
10.0759,1.1500
10.0764,1.1450
10.0769,1.1450
10.0775,1.1450
10.0780,1.1551
10.0786,1.1500
10.0791,1.1500
10.0797,1.1450
10.0802,1.1450
10.0808,1.1450
10.0813,1.1500
10.0819,1.1500
10.0824,1.1500
10.0830,1.1450
10.0835,1.1500
10.0840,1.1450
10.0846,1.1500
10.0851,1.1450
10.0857,1.1500
10.0862,1.1450
10.0868,1.1450
10.0873,1.1500
10.0879,1.1450
10.0884,1.1450
10.0890,1.1500
10.0895,1.1500
10.0901,1.1500
10.0906,1.1450
10.0911,1.1450
10.0917,1.1500
10.0922,1.1450
10.0928,1.1500
10.0933,1.1500
10.0939,1.1500
10.0944,1.1500
10.0950,1.1450
10.0955,1.1450
10.0961,1.1450
10.0966,1.1450
10.0972,1.1500
10.0977,1.1450
10.0982,1.1450
10.0988,1.1450
10.0993,1.1450
10.0999,1.1500
10.1004,1.1450
10.1010,1.1450
10.1015,1.1500
10.1021,1.1450
10.1026,1.1450
10.1032,1.1450
10.1037,1.1450
10.1043,1.1450
10.1048,1.1450
10.1053,1.1450
10.1059,1.1399
10.1064,1.1399
10.1070,1.1500
10.1075,1.1450
10.1081,1.1450
10.1086,1.1450
10.1092,1.1399
10.1097,1.1450
10.1103,1.1450
10.1108,1.1450
10.1114,1.1450
10.1119,1.1450
10.1124,1.1450
10.1130,1.1450
10.1136,1.1450
10.1141,1.1450
10.1147,1.1450
10.1155,1.1450
10.1161,1.1450
10.1166,1.1450
10.1172,1.1450
10.1177,1.1450
10.1182,1.1450
10.1188,1.1500
10.1193,1.1450
10.1199,1.1500
10.1204,1.1500
10.1210,1.1450
10.1215,1.1399
10.1221,1.1450
10.1226,1.1500
10.1231,1.1450
10.1237,1.1450
10.1242,1.1500
10.1248,1.1450
10.1254,1.1399
10.1260,1.1450
10.1265,1.1500
10.1271,1.1500
10.1276,1.1450
10.1282,1.1450
10.1287,1.1450
10.1293,1.1450
10.1298,1.1500
10.1304,1.1399
10.1309,1.1450
10.1315,1.1399
10.1320,1.1450
10.1325,1.1399
10.1331,1.1450
10.1336,1.1450
10.1342,1.1500
10.1347,1.1399
10.1352,1.1450
10.1358,1.1450
10.1363,1.1500
10.1369,1.1450
10.1374,1.1500
10.1380,1.1450
10.1385,1.1450
10.1391,1.1450
10.1396,1.1450
10.1402,1.1450
10.1407,1.1450
10.1412,1.1500
10.1418,1.1450
10.1423,1.1450
10.1429,1.1450
10.1434,1.1500
10.1440,1.1450
10.1445,1.1450
10.1451,1.1450
10.1456,1.1450
10.1462,1.1450
10.1467,1.1450
10.1473,1.1500
10.1478,1.1450
10.1484,1.1450
10.1489,1.1399
10.1495,1.1450
10.1500,1.1450
10.1505,1.1399
10.1511,1.1450
10.1516,1.1450
10.1522,1.1450
10.1527,1.1450
10.1533,1.1450
10.1538,1.1399
10.1543,1.1399
10.1549,1.1450
10.1554,1.1450
10.1560,1.1450
10.1565,1.1399
10.1571,1.1450
10.1576,1.1399
10.1581,1.1450
10.1587,1.1399
10.1592,1.1450
10.1598,1.1450
10.1603,1.1450
10.1609,1.1450
10.1614,1.1450
10.1620,1.1399
10.1625,1.1450
10.1631,1.1399
10.1636,1.1450
10.1642,1.1450
10.1647,1.1450
10.1652,1.1450
10.1658,1.1399
10.1663,1.1450
10.1669,1.1399
10.1674,1.1450
10.1680,1.1450
10.1685,1.1450
10.1691,1.1450
10.1696,1.1450
10.1702,1.1450
10.1707,1.1399
10.1713,1.1450
10.1718,1.1399
10.1724,1.1399
10.1729,1.1399
10.1735,1.1450
10.1740,1.1450
10.1746,1.1450
10.1751,1.1399
10.1757,1.1450
10.1762,1.1399
10.1768,1.1450
10.1773,1.1399
10.1779,1.1399
10.1784,1.1450
10.1790,1.1450
10.1795,1.1450
10.1800,1.1399
10.1806,1.1399
10.1811,1.1450
10.1817,1.1450
10.1822,1.1500
10.1828,1.1450
10.1833,1.1450
10.1839,1.1450
10.1844,1.1399
10.1850,1.1450
10.1855,1.1399
10.1861,1.1399
10.1866,1.1450
10.1872,1.1450
10.1877,1.1399
10.1883,1.1450
10.1888,1.1399
10.1894,1.1399
10.1899,1.1450
10.1905,1.1450
10.1910,1.1450
10.1915,1.1450
10.1921,1.1450
10.1926,1.1450
10.1932,1.1399
10.1937,1.1450
10.1943,1.1450
10.1948,1.1399
10.1954,1.1399
10.1959,1.1399
10.1965,1.1399
10.1970,1.1349
10.1976,1.1399
10.1981,1.1450
10.1986,1.1450
10.1992,1.1399
10.1997,1.1399
10.2003,1.1399
10.2008,1.1450
10.2014,1.1399
10.2019,1.1450
10.2025,1.1450
10.2030,1.1399
10.2036,1.1450
10.2041,1.1349
10.2047,1.1399
10.2052,1.1349
10.2057,1.1450
10.2063,1.1399
10.2068,1.1349
10.2074,1.1399
10.2079,1.1399
10.2085,1.1450
10.2090,1.1399
10.2096,1.1399
10.2101,1.1399
10.2108,1.1399
10.2115,1.1399
10.2121,1.1399
10.2127,1.1399
10.2133,1.1399
10.2139,1.1399
10.2145,1.1399
10.2150,1.1450
10.2156,1.1399
10.2162,1.1399
10.2167,1.1399
10.2177,1.1450
10.2183,1.1399
10.2189,1.1399
10.2195,1.1399
10.2201,1.1450
10.2206,1.1399
10.2212,1.1399
10.2218,1.1450
10.2224,1.1399
10.2229,1.1399
10.2240,1.1349
10.2245,1.1450
10.2251,1.1450
10.2256,1.1349
10.2262,1.1399
10.2267,1.1399
10.2272,1.1399
10.2278,1.1399
10.2283,1.1399
10.2289,1.1399
10.2295,1.1399
10.2300,1.1399
10.2305,1.1399
10.2311,1.1399
10.2316,1.1399
10.2322,1.1399
10.2327,1.1349
10.2333,1.1399
10.2338,1.1399
10.2343,1.1450
10.2349,1.1399
10.2355,1.1450
10.2360,1.1399
10.2365,1.1399
10.2371,1.1399
10.2376,1.1399
10.2382,1.1399
10.2387,1.1349
10.2393,1.1450
10.2398,1.1349
10.2403,1.1399
10.2409,1.1399
10.2414,1.1399
10.2420,1.1399
10.2425,1.1399
10.2431,1.1399
10.2436,1.1399
10.2441,1.1399
10.2447,1.1399
10.2452,1.1349
10.2458,1.1399
10.2463,1.1399
10.2469,1.1399
10.2474,1.1399
10.2479,1.1399
10.2485,1.1349
10.2490,1.1450
10.2496,1.1399
10.2501,1.1399
10.2507,1.1349
10.2512,1.1450
10.2517,1.1399
10.2523,1.1349
10.2528,1.1399
10.2534,1.1399
10.2539,1.1349
10.2545,1.1399
10.2550,1.1349
10.2556,1.1399
10.2561,1.1399
10.2567,1.1399
10.2572,1.1399
10.2577,1.1399
10.2583,1.1349
10.2588,1.1399
10.2594,1.1399
10.2599,1.1399
10.2605,1.1349
10.2610,1.1349
10.2615,1.1399
10.2621,1.1399
10.2626,1.1399
10.2632,1.1399
10.2637,1.1399
10.2643,1.1399
10.2648,1.1399
10.2653,1.1349
10.2659,1.1349
10.2664,1.1399
10.2670,1.1399
10.2675,1.1450
10.2681,1.1399
10.2686,1.1399
10.2691,1.1399
10.2697,1.1399
10.2702,1.1399
10.2708,1.1399
10.2713,1.1399
10.2719,1.1349
10.2724,1.1399
10.2730,1.1399
10.2735,1.1349
10.2741,1.1349
10.2746,1.1399
10.2751,1.1450
10.2757,1.1399
10.2762,1.1399
10.2768,1.1349
10.2773,1.1399
10.2779,1.1399
10.2784,1.1349
10.2789,1.1349
10.2795,1.1399
10.2800,1.1399
10.2806,1.1399
10.2811,1.1399
10.2817,1.1399
10.2822,1.1399
10.2827,1.1399
10.2833,1.1399
10.2838,1.1399
10.2844,1.1349
10.2849,1.1399
10.2855,1.1399
10.2860,1.1349
10.2865,1.1399
10.2871,1.1399
10.2876,1.1399
10.2882,1.1399
10.2887,1.1399
10.2893,1.1399
10.2898,1.1399
10.2903,1.1450
10.2909,1.1399
10.2914,1.1399
10.2920,1.1399
10.2925,1.1399
10.2931,1.1399
10.2936,1.1349
10.2941,1.1349
10.2947,1.1399
10.2952,1.1349
10.2958,1.1399
10.2963,1.1349
10.2968,1.1399
10.2974,1.1399
10.2979,1.1399
10.2985,1.1349
10.2990,1.1349
10.2996,1.1399
10.3001,1.1399
10.3007,1.1349
10.3012,1.1399
10.3018,1.1399
10.3023,1.1399
10.3028,1.1399
10.3034,1.1399
10.3039,1.1349
10.3045,1.1349
10.3050,1.1349
10.3056,1.1399
10.3061,1.1349
10.3066,1.1349
10.3072,1.1399
10.3077,1.1399
10.3083,1.1399
10.3088,1.1399
10.3094,1.1399
10.3099,1.1399
10.3105,1.1349
10.3110,1.1399
10.3115,1.1349
10.3121,1.1349
10.3126,1.1399
10.3132,1.1349
10.3137,1.1399
10.3143,1.1399
10.3148,1.1349
10.3154,1.1349
10.3159,1.1399
10.3165,1.1399
10.3170,1.1399
10.3176,1.1349
10.3181,1.1399
10.3186,1.1349
10.3192,1.1399
10.3197,1.1399
10.3203,1.1349
10.3208,1.1399
10.3214,1.1349
10.3219,1.1399
10.3225,1.1349
10.3230,1.1399
10.3236,1.1399
10.3242,1.1399
10.3247,1.1399
10.3252,1.1349
10.3258,1.1399
10.3263,1.1349
10.3269,1.1349
10.3274,1.1349
10.3280,1.1399
10.3285,1.1399
10.3291,1.1349
10.3296,1.1399
10.3302,1.1349
10.3307,1.1399
10.3313,1.1399
10.3318,1.1399
10.3323,1.1450
10.3329,1.1399
10.3334,1.1399
10.3340,1.1349
10.3345,1.1399
10.3351,1.1349
10.3356,1.1399
10.3362,1.1349
10.3367,1.1349
10.3373,1.1399
10.3378,1.1349
10.3384,1.1349
10.3389,1.1399
10.3394,1.1399
10.3400,1.1399
10.3405,1.1399
10.3411,1.1399
10.3416,1.1399
10.3422,1.1349
10.3427,1.1349
10.3433,1.1399
10.3438,1.1399
10.3444,1.1349
10.3449,1.1349
10.3455,1.1399
10.3460,1.1399
10.3465,1.1349
10.3471,1.1349
10.3476,1.1399
10.3482,1.1399
10.3487,1.1399
10.3493,1.1349
10.3498,1.1399
10.3504,1.1399
10.3509,1.1399
10.3515,1.1399
10.3520,1.1399
10.3526,1.1349
10.3531,1.1399
10.3536,1.1399
10.3542,1.1399
10.3547,1.1399
10.3553,1.1299
10.3558,1.1399
10.3564,1.1349
10.3569,1.1399
10.3575,1.1349
10.3580,1.1399
10.3586,1.1349
10.3591,1.1349
10.3597,1.1349
10.3602,1.1349
10.3607,1.1349
10.3613,1.1399
10.3618,1.1399
10.3626,1.1349
10.3632,1.1349
10.3637,1.1349
10.3643,1.1399
10.3648,1.1349
10.3653,1.1349
10.3659,1.1399
10.3664,1.1399
10.3670,1.1299
10.3675,1.1399
10.3681,1.1399
10.3686,1.1349
10.3692,1.1349
10.3697,1.1349
10.3703,1.1399
10.3708,1.1399
10.3714,1.1349
10.3719,1.1349
10.3724,1.1349
10.3730,1.1349
10.3736,1.1349
10.3741,1.1349
10.3746,1.1399
10.3752,1.1399
10.3757,1.1349
10.3763,1.1349
10.3769,1.1399
10.3774,1.1349
10.3780,1.1399
10.3785,1.1349
10.3791,1.1399
10.3796,1.1349
10.3802,1.1399
10.3807,1.1399
10.3813,1.1399
10.3818,1.1399
10.3823,1.1349
10.3829,1.1399
10.3834,1.1349
10.3840,1.1349
10.3845,1.1399
10.3851,1.1349
10.3856,1.1349
10.3861,1.1399
10.3867,1.1349
10.3872,1.1399
10.3878,1.1399
10.3883,1.1349
10.3889,1.1299
10.3895,1.1349
10.3900,1.1399
10.3906,1.1299
10.3911,1.1399
10.3917,1.1399
10.3923,1.1399
10.3929,1.1349
10.3936,1.1399
10.3941,1.1399
10.3947,1.1349
10.3953,1.1399
10.3959,1.1349
10.3964,1.1349
10.3970,1.1349
10.3975,1.1349
10.3981,1.1399
10.3987,1.1349
10.3992,1.1399
10.3998,1.1349
10.4003,1.1299
10.4009,1.1349
10.4014,1.1349
10.4020,1.1349
10.4025,1.1399
10.4031,1.1349
10.4036,1.1349
10.4042,1.1349
10.4047,1.1399
10.4052,1.1399
10.4058,1.1349
10.4063,1.1399
10.4069,1.1399
10.4074,1.1349
10.4080,1.1399
10.4085,1.1349
10.4091,1.1399
10.4097,1.1399
10.4102,1.1349
10.4108,1.1349
10.4114,1.1349
10.4119,1.1349
10.4125,1.1349
10.4131,1.1349
10.4136,1.1349
10.4142,1.1399
10.4147,1.1399
10.4153,1.1299
10.4159,1.1349
10.4164,1.1349
10.4170,1.1399
10.4175,1.1349
10.4181,1.1349
10.4186,1.1399
10.4192,1.1349
10.4197,1.1349
10.4203,1.1349
10.4208,1.1349
10.4214,1.1399
10.4219,1.1399
10.4224,1.1399
10.4230,1.1349
10.4235,1.1349
10.4241,1.1399
10.4246,1.1349
10.4252,1.1349
10.4257,1.1349
10.4262,1.1349
10.4268,1.1399
10.4273,1.1349
10.4279,1.1349
10.4284,1.1349
10.4290,1.1349
10.4295,1.1349
10.4300,1.1399
10.4306,1.1399
10.4311,1.1349
10.4317,1.1399
10.4322,1.1349
10.4328,1.1349
10.4333,1.1349
10.4338,1.1399
10.4344,1.1349
10.4349,1.1349
10.4355,1.1399
10.4360,1.1399
10.4366,1.1399
10.4371,1.1399
10.4377,1.1399
10.4382,1.1349
10.4387,1.1399
10.4393,1.1399
10.4398,1.1349
10.4404,1.1349
10.4409,1.1399
10.4415,1.1399
10.4420,1.1349
10.4425,1.1349
10.4431,1.1349
10.4436,1.1399
10.4442,1.1349
10.4447,1.1349
10.4453,1.1349
10.4458,1.1349
10.4464,1.1349
10.4469,1.1399
10.4474,1.1399
10.4480,1.1399
10.4485,1.1299
10.4491,1.1399
10.4496,1.1349
10.4502,1.1349
10.4507,1.1399
10.4512,1.1349
10.4518,1.1349
10.4523,1.1349
10.4529,1.1399
10.4534,1.1399
10.4540,1.1349
10.4545,1.1349
10.4550,1.1299
10.4556,1.1399
10.4561,1.1349
10.4567,1.1299
10.4572,1.1349
10.4577,1.1349
10.4583,1.1349
10.4588,1.1349
10.4594,1.1299
10.4599,1.1349
10.4605,1.1349
10.4610,1.1349
10.4615,1.1299
10.4621,1.1349
10.4626,1.1349
10.4632,1.1349
10.4637,1.1349
10.4643,1.1349
10.4648,1.1349
10.4654,1.1349
10.4659,1.1399
10.4665,1.1399
10.4670,1.1299
10.4675,1.1349
10.4681,1.1299
10.4686,1.1299
10.4692,1.1349
10.4697,1.1399
10.4703,1.1399
10.4708,1.1349
10.4713,1.1349
10.4719,1.1349
10.4724,1.1349
10.4730,1.1349
10.4736,1.1349
10.4742,1.1349
10.4747,1.1399
10.4753,1.1399
10.4758,1.1349
10.4763,1.1349
10.4769,1.1349
10.4774,1.1349
10.4780,1.1349
10.4785,1.1399
10.4790,1.1349
10.4796,1.1299
10.4801,1.1349
10.4807,1.1349
10.4812,1.1399
10.4817,1.1349
10.4823,1.1349
10.4828,1.1349
10.4834,1.1299
10.4839,1.1349
10.4844,1.1399
10.4850,1.1299
10.4855,1.1299
10.4861,1.1399
10.4866,1.1399
10.4871,1.1399
10.4877,1.1349
10.4882,1.1349
10.4888,1.1399
10.4893,1.1349
10.4899,1.1349
10.4904,1.1399
10.4909,1.1349
10.4915,1.1349
10.4920,1.1349
10.4926,1.1349
10.4931,1.1399
10.4936,1.1349
10.4942,1.1399
10.4947,1.1399
10.4953,1.1349
10.4958,1.1349
10.4963,1.1349
10.4969,1.1349
10.4974,1.1349
10.4980,1.1399
10.4985,1.1349
10.4990,1.1349
10.4996,1.1399
10.5001,1.1349
10.5007,1.1349
10.5012,1.1299
10.5017,1.1349
10.5023,1.1349
10.5028,1.1349
10.5034,1.1349
10.5039,1.1299
10.5045,1.1349
10.5050,1.1399
10.5055,1.1349
10.5061,1.1349
10.5066,1.1349
10.5072,1.1349
10.5077,1.1399
10.5082,1.1349
10.5088,1.1299
10.5093,1.1349
10.5099,1.1299
10.5104,1.1349
10.5109,1.1299
10.5115,1.1299
10.5120,1.1349
10.5126,1.1349
10.5131,1.1349
10.5136,1.1299
10.5142,1.1399
10.5147,1.1349
10.5153,1.1349
10.5158,1.1399
10.5163,1.1349
10.5169,1.1349
10.5174,1.1399
10.5180,1.1349
10.5185,1.1349
10.5190,1.1299
10.5196,1.1399
10.5201,1.1349
10.5207,1.1349
10.5212,1.1349
10.5217,1.1349
10.5223,1.1349
10.5230,1.1349
10.5235,1.1349
10.5241,1.1349
10.5246,1.1349
10.5253,1.1349
10.5258,1.1349
10.5264,1.1349
10.5269,1.1349
10.5274,1.1349
10.5280,1.1349
10.5285,1.1349
10.5291,1.1349
10.5296,1.1349
10.5301,1.1349
10.5307,1.1349
10.5312,1.1349
10.5318,1.1349
10.5323,1.1299
10.5328,1.1399
10.5334,1.1349
10.5339,1.1349
10.5345,1.1299
10.5350,1.1349
10.5355,1.1349
10.5361,1.1349
10.5366,1.1399
10.5371,1.1349
10.5377,1.1399
10.5382,1.1299
10.5388,1.1349
10.5393,1.1349
10.5398,1.1349
10.5404,1.1349
10.5409,1.1299
10.5415,1.1399
10.5420,1.1349
10.5426,1.1349
10.5431,1.1349
10.5436,1.1299
10.5442,1.1349
10.5447,1.1349
10.5453,1.1349
10.5458,1.1349
10.5463,1.1349
10.5469,1.1349
10.5474,1.1349
10.5480,1.1299
10.5485,1.1349
10.5490,1.1349
10.5496,1.1349
10.5501,1.1299
10.5507,1.1349
10.5512,1.1349
10.5517,1.1349
10.5523,1.1349
10.5528,1.1299
10.5534,1.1349
10.5539,1.1349
10.5544,1.1349
10.5550,1.1399
10.5555,1.1399
10.5560,1.1349
10.5566,1.1299
10.5571,1.1299
10.5576,1.1299
10.5582,1.1349
10.5587,1.1349
10.5593,1.1349
10.5598,1.1349
10.5604,1.1299
10.5609,1.1349
10.5614,1.1349
10.5620,1.1349
10.5625,1.1349
10.5631,1.1399
10.5636,1.1349
10.5641,1.1349
10.5647,1.1349
10.5652,1.1349
10.5658,1.1349
10.5663,1.1349
10.5668,1.1299
10.5674,1.1349
10.5679,1.1349
10.5685,1.1349
10.5690,1.1349
10.5695,1.1349
10.5701,1.1349
10.5706,1.1349
10.5712,1.1299
10.5717,1.1349
10.5722,1.1349
10.5728,1.1349
10.5733,1.1299
10.5740,1.1349
10.5745,1.1349
10.5750,1.1299
10.5756,1.1299
10.5761,1.1299
10.5767,1.1349
10.5772,1.1349
10.5778,1.1349
10.5783,1.1349
10.5789,1.1349
10.5794,1.1349
10.5800,1.1349
10.5805,1.1349
10.5811,1.1349
10.5816,1.1399
10.5822,1.1299
10.5827,1.1349
10.5833,1.1349
10.5838,1.1349
10.5844,1.1299
10.5849,1.1349
10.5855,1.1349
10.5860,1.1299
10.5865,1.1299
10.5871,1.1299
10.5876,1.1299
10.5882,1.1349
10.5887,1.1399
10.5893,1.1299
10.5898,1.1299
10.5904,1.1349
10.5909,1.1349
10.5915,1.1349
10.5920,1.1349
10.5926,1.1399
10.5931,1.1349
10.5936,1.1349
10.5942,1.1349
10.5947,1.1399
10.5953,1.1299
10.5958,1.1399
10.5964,1.1349
10.5969,1.1299
10.5975,1.1299
10.5980,1.1299
10.5986,1.1349
10.5991,1.1349
10.5997,1.1349
10.6002,1.1299
10.6007,1.1399
10.6013,1.1399
10.6019,1.1349
10.6024,1.1299
10.6030,1.1349
10.6035,1.1349
10.6040,1.1349
10.6046,1.1349
10.6051,1.1349
10.6057,1.1299
10.6062,1.1349
10.6068,1.1299
10.6073,1.1399
10.6079,1.1349
10.6084,1.1349
10.6090,1.1349
10.6095,1.1349
10.6101,1.1349
10.6106,1.1399
10.6112,1.1349
10.6117,1.1399
10.6122,1.1349
10.6128,1.1349
10.6133,1.1399
10.6139,1.1349
10.6144,1.1349
10.6150,1.1349
10.6155,1.1349
10.6161,1.1349
10.6166,1.1399
10.6172,1.1349
10.6177,1.1349
10.6182,1.1349
10.6188,1.1399
10.6193,1.1399
10.6199,1.1399
10.6204,1.1349
10.6210,1.1399
10.6215,1.1349
10.6221,1.1450
10.6226,1.1399
10.6232,1.1399
10.6237,1.1399
10.6243,1.1349
10.6248,1.1399
10.6254,1.1399
10.6259,1.1399
10.6264,1.1399
10.6270,1.1349
10.6275,1.1349
10.6281,1.1399
10.6286,1.1399
10.6292,1.1399
10.6297,1.1399
10.6303,1.1399
10.6308,1.1399
10.6314,1.1399
10.6319,1.1399
10.6325,1.1399
10.6330,1.1349
10.6335,1.1399
10.6341,1.1399
10.6346,1.1349
10.6352,1.1399
10.6357,1.1399
10.6363,1.1399
10.6368,1.1399
10.6374,1.1399
10.6379,1.1399
10.6385,1.1399
10.6390,1.1349
10.6396,1.1399
10.6401,1.1349
10.6406,1.1349
10.6412,1.1450
10.6417,1.1450
10.6423,1.1399
10.6428,1.1399
10.6434,1.1399
10.6439,1.1399
10.6445,1.1399
10.6450,1.1399
10.6456,1.1399
10.6461,1.1399
10.6467,1.1399
10.6472,1.1450
10.6477,1.1450
10.6483,1.1450
10.6488,1.1450
10.6494,1.1450
10.6499,1.1450
10.6505,1.1450
10.6510,1.1450
10.6516,1.1399
10.6521,1.1450
10.6527,1.1450
10.6532,1.1399
10.6537,1.1450
10.6543,1.1450
10.6548,1.1450
10.6554,1.1450
10.6562,1.1450
10.6568,1.1450
10.6573,1.1450
10.6579,1.1450
10.6584,1.1450
10.6590,1.1450
10.6595,1.1450
10.6601,1.1450
10.6606,1.1450
10.6612,1.1450
10.6617,1.1450
10.6622,1.1450
10.6628,1.1450
10.6633,1.1450
10.6639,1.1450
10.6644,1.1500
10.6650,1.1450
10.6655,1.1500
10.6661,1.1450
10.6666,1.1450
10.6672,1.1500
10.6677,1.1450
10.6683,1.1450
10.6688,1.1450
10.6693,1.1500
10.6699,1.1500
10.6704,1.1500
10.6710,1.1500
10.6716,1.1500
10.6721,1.1551
10.6726,1.1500
10.6732,1.1450
10.6737,1.1500
10.6743,1.1500
10.6749,1.1500
10.6754,1.1551
10.6760,1.1500
10.6765,1.1500
10.6770,1.1500
10.6776,1.1500
10.6781,1.1500
10.6787,1.1500
10.6792,1.1500
10.6798,1.1500
10.6803,1.1551
10.6809,1.1500
10.6814,1.1551
10.6820,1.1500
10.6825,1.1500
10.6831,1.1500
10.6836,1.1500
10.6841,1.1500
10.6847,1.1500
10.6852,1.1450
10.6858,1.1500
10.6863,1.1500
10.6869,1.1500
10.6874,1.1500
10.6880,1.1500
10.6885,1.1500
10.6891,1.1500
10.6896,1.1500
10.6902,1.1500
10.6907,1.1500
10.6912,1.1500
10.6918,1.1500
10.6923,1.1500
10.6929,1.1551
10.6934,1.1500
10.6940,1.1551
10.6945,1.1450
10.6951,1.1551
10.6956,1.1500
10.6962,1.1551
10.6967,1.1551
10.6974,1.1551
10.6979,1.1500
10.6985,1.1551
10.6991,1.1551
10.6996,1.1500
10.7002,1.1551
10.7007,1.1551
10.7013,1.1551
10.7018,1.1500
10.7024,1.1450
10.7029,1.1551
10.7035,1.1500
10.7040,1.1500
10.7046,1.1551
10.7051,1.1551
10.7057,1.1551
10.7062,1.1551
10.7067,1.1500
10.7073,1.1551
10.7078,1.1551
10.7084,1.1551
10.7090,1.1551
10.7095,1.1551
10.7101,1.1551
10.7106,1.1551
10.7112,1.1551
10.7117,1.1551
10.7122,1.1551
10.7128,1.1551
10.7133,1.1551
10.7139,1.1551
10.7144,1.1551
10.7150,1.1551
10.7155,1.1551
10.7161,1.1551
10.7166,1.1551
10.7172,1.1551
10.7177,1.1551
10.7182,1.1551
10.7188,1.1551
10.7193,1.1500
10.7199,1.1500
10.7204,1.1551
10.7210,1.1551
10.7215,1.1551
10.7221,1.1551
10.7226,1.1551
10.7232,1.1551
10.7237,1.1500
10.7243,1.1601
10.7248,1.1601
10.7253,1.1551
10.7259,1.1551
10.7264,1.1551
10.7270,1.1500
10.7275,1.1551
10.7281,1.1551
10.7286,1.1551
10.7292,1.1551
10.7297,1.1601
10.7303,1.1551
10.7308,1.1551
10.7314,1.1551
10.7319,1.1551
10.7324,1.1551
10.7330,1.1601
10.7335,1.1551
10.7341,1.1551
10.7346,1.1551
10.7352,1.1601
10.7357,1.1551
10.7363,1.1551
10.7368,1.1551
10.7374,1.1601
10.7379,1.1551
10.7384,1.1551
10.7390,1.1601
10.7395,1.1551
10.7401,1.1551
10.7407,1.1551
10.7412,1.1551
10.7418,1.1551
10.7423,1.1551
10.7428,1.1551
10.7434,1.1551
10.7439,1.1551
10.7445,1.1500
10.7450,1.1601
10.7456,1.1601
10.7461,1.1551
10.7467,1.1551
10.7472,1.1551
10.7478,1.1601
10.7483,1.1601
10.7488,1.1551
10.7494,1.1551
10.7499,1.1601
10.7505,1.1551
10.7510,1.1551
10.7516,1.1551
10.7521,1.1601
10.7527,1.1551
10.7532,1.1551
10.7538,1.1551
10.7543,1.1551
10.7549,1.1500
10.7554,1.1551
10.7559,1.1551
10.7565,1.1551
10.7570,1.1551
10.7576,1.1551
10.7581,1.1500
10.7587,1.1500
10.7592,1.1551
10.7598,1.1551
10.7603,1.1601
10.7609,1.1500
10.7614,1.1551
10.7620,1.1551
10.7625,1.1500
10.7630,1.1601
10.7636,1.1551
10.7641,1.1551
10.7647,1.1601
10.7652,1.1601
10.7658,1.1551
10.7663,1.1601
10.7669,1.1551
10.7674,1.1551
10.7680,1.1601
10.7685,1.1500
10.7691,1.1601
10.7696,1.1601
10.7701,1.1551
10.7707,1.1601
10.7712,1.1601
10.7718,1.1601
10.7723,1.1500
10.7729,1.1601
10.7734,1.1551
10.7740,1.1601
10.7745,1.1551
10.7751,1.1551
10.7756,1.1601
10.7762,1.1601
10.7767,1.1500
10.7773,1.1601
10.7778,1.1601
10.7784,1.1551
10.7789,1.1601
10.7795,1.1551
10.7800,1.1601
10.7805,1.1551
10.7811,1.1551
10.7816,1.1551
10.7822,1.1551
10.7827,1.1551
10.7833,1.1551
10.7838,1.1551
10.7844,1.1601
10.7849,1.1551
10.7855,1.1551
10.7860,1.1601
10.7866,1.1500
10.7871,1.1551
10.7876,1.1551
10.7882,1.1601
10.7887,1.1551
10.7893,1.1551
10.7898,1.1551
10.7904,1.1500
10.7909,1.1500
10.7915,1.1601
10.7920,1.1551
10.7926,1.1551
10.7931,1.1551
10.7936,1.1551
10.7942,1.1601
10.7947,1.1551
10.7953,1.1601
10.7958,1.1601
10.7964,1.1601
10.7969,1.1551
10.7975,1.1551
10.7980,1.1551
10.7986,1.1551
10.7991,1.1551
10.7997,1.1551
10.8002,1.1551
10.8008,1.1601
10.8013,1.1551
10.8018,1.1551
10.8024,1.1601
10.8029,1.1551
10.8035,1.1551
10.8040,1.1551
10.8046,1.1551
10.8051,1.1551
10.8057,1.1551
10.8062,1.1601
10.8068,1.1601
10.8073,1.1500
10.8078,1.1601
10.8084,1.1601
10.8089,1.1551
10.8095,1.1551
10.8101,1.1551
10.8107,1.1551
10.8113,1.1551
10.8118,1.1551
10.8124,1.1551
10.8130,1.1551
10.8136,1.1601
10.8142,1.1551
10.8147,1.1551
10.8153,1.1551
10.8159,1.1601
10.8164,1.1601
10.8170,1.1500
10.8176,1.1551
10.8181,1.1551
10.8187,1.1601
10.8193,1.1500
10.8198,1.1601
10.8204,1.1551
10.8210,1.1551
10.8216,1.1601
10.8222,1.1551
10.8227,1.1551
10.8232,1.1551
10.8238,1.1500
10.8243,1.1551
10.8249,1.1551
10.8254,1.1551
10.8260,1.1601
10.8265,1.1601
10.8270,1.1500
10.8276,1.1551
10.8281,1.1551
10.8287,1.1551
10.8292,1.1551
10.8298,1.1601
10.8303,1.1551
10.8308,1.1500
10.8314,1.1601
10.8319,1.1551
10.8325,1.1551
10.8330,1.1551
10.8336,1.1551
10.8341,1.1551
10.8346,1.1551
10.8352,1.1551
10.8357,1.1551
10.8363,1.1551
10.8368,1.1551
10.8374,1.1601
10.8379,1.1551
10.8385,1.1551
10.8390,1.1601
10.8396,1.1500
10.8401,1.1551
10.8407,1.1601
10.8412,1.1551
10.8418,1.1551
10.8423,1.1601
10.8428,1.1551
10.8434,1.1500
10.8439,1.1551
10.8445,1.1551
10.8450,1.1551
10.8456,1.1551
10.8461,1.1551
10.8467,1.1551
10.8472,1.1601
10.8477,1.1500
10.8483,1.1551
10.8488,1.1551
10.8494,1.1500
10.8499,1.1551
10.8505,1.1551
10.8510,1.1601
10.8515,1.1551
10.8521,1.1551
10.8526,1.1500
10.8532,1.1551
10.8537,1.1500
10.8542,1.1551
10.8548,1.1551
10.8553,1.1601
10.8559,1.1601
10.8564,1.1551
10.8570,1.1551
10.8575,1.1551
10.8580,1.1551
10.8586,1.1500
10.8591,1.1551
10.8597,1.1551
10.8602,1.1500
10.8608,1.1551
10.8613,1.1551
10.8618,1.1500
10.8624,1.1551
10.8629,1.1500
10.8635,1.1551
10.8640,1.1601
10.8646,1.1500
10.8651,1.1551
10.8656,1.1551
10.8662,1.1551
10.8667,1.1500
10.8673,1.1500
10.8678,1.1551
10.8684,1.1551
10.8689,1.1551
10.8695,1.1551
10.8700,1.1551
10.8706,1.1551
10.8711,1.1551
10.8716,1.1551
10.8722,1.1551
10.8727,1.1551
10.8733,1.1551
10.8738,1.1500
10.8744,1.1500
10.8749,1.1500
10.8754,1.1551
10.8760,1.1551
10.8766,1.1551
10.8771,1.1500
10.8776,1.1551
10.8782,1.1551
10.8787,1.1500
10.8793,1.1500
10.8798,1.1500
10.8804,1.1551
10.8809,1.1500
10.8815,1.1500
10.8820,1.1500
10.8826,1.1500
10.8831,1.1500
10.8836,1.1500
10.8842,1.1551
10.8847,1.1500
10.8853,1.1500
10.8858,1.1500
10.8864,1.1500
10.8869,1.1551
10.8874,1.1500
10.8880,1.1450
10.8885,1.1500
10.8891,1.1551
10.8896,1.1500
10.8902,1.1551
10.8907,1.1551
10.8913,1.1500
10.8918,1.1500
10.8924,1.1500
10.8930,1.1551
10.8935,1.1500
10.8941,1.1500
10.8947,1.1500
10.8953,1.1551
10.8958,1.1551
10.8964,1.1500
10.8969,1.1500
10.8975,1.1551
10.8980,1.1500
10.8986,1.1500
10.8992,1.1500
10.8997,1.1500
10.9002,1.1551
10.9008,1.1500
10.9013,1.1500
10.9019,1.1551
10.9024,1.1551
10.9030,1.1551
10.9035,1.1500
10.9041,1.1551
10.9046,1.1551
10.9052,1.1500
10.9057,1.1551
10.9062,1.1500
10.9068,1.1500
10.9073,1.1500
10.9079,1.1551
10.9084,1.1500
10.9090,1.1551
10.9096,1.1500
10.9101,1.1500
10.9107,1.1500
10.9112,1.1500
10.9118,1.1500
10.9123,1.1500
10.9129,1.1500
10.9134,1.1500
10.9140,1.1500
10.9146,1.1500
10.9152,1.1500
10.9157,1.1500
10.9163,1.1500
10.9168,1.1500
10.9173,1.1500
10.9179,1.1551
10.9184,1.1500
10.9190,1.1500
10.9195,1.1500
10.9201,1.1500
10.9206,1.1500
10.9212,1.1500
10.9217,1.1500
10.9223,1.1551
10.9228,1.1551
10.9234,1.1500
10.9239,1.1450
10.9244,1.1500
10.9250,1.1500
10.9255,1.1500
10.9261,1.1500
10.9266,1.1500
10.9271,1.1500
10.9277,1.1500
10.9282,1.1500
10.9288,1.1551
10.9293,1.1551
10.9299,1.1500
10.9304,1.1500
10.9309,1.1551
10.9315,1.1500
10.9320,1.1500
10.9326,1.1500
10.9331,1.1551
10.9337,1.1500
10.9342,1.1450
10.9347,1.1551
10.9353,1.1500
10.9358,1.1500
10.9364,1.1500
10.9369,1.1500
10.9375,1.1500
10.9380,1.1500
10.9386,1.1500
10.9391,1.1500
10.9396,1.1500
10.9402,1.1500
10.9407,1.1500
10.9413,1.1551
10.9418,1.1500
10.9424,1.1500
10.9429,1.1500
10.9435,1.1551
10.9440,1.1500
10.9446,1.1500
10.9451,1.1450
10.9457,1.1551
10.9462,1.1500
10.9467,1.1500
10.9473,1.1551
10.9478,1.1551
10.9484,1.1500
10.9489,1.1551
10.9495,1.1500
10.9500,1.1500
10.9506,1.1500
10.9511,1.1500
10.9517,1.1500
10.9522,1.1500
10.9528,1.1500
10.9533,1.1450
10.9538,1.1551
10.9544,1.1551
10.9549,1.1551
10.9555,1.1500
10.9560,1.1551
10.9566,1.1500
10.9571,1.1500
10.9576,1.1551
10.9582,1.1500
10.9587,1.1500
10.9593,1.1500
10.9598,1.1551
10.9604,1.1500
10.9609,1.1500
10.9614,1.1500
10.9620,1.1500
10.9625,1.1500
10.9631,1.1450
10.9636,1.1500
10.9642,1.1500
10.9647,1.1500
10.9652,1.1450
10.9658,1.1500
10.9663,1.1500
10.9669,1.1500
10.9674,1.1500
10.9680,1.1450
10.9685,1.1500
10.9690,1.1500
10.9699,1.1500
10.9705,1.1500
10.9712,1.1500
10.9717,1.1500
10.9723,1.1500
10.9728,1.1551
10.9733,1.1500
10.9739,1.1500
10.9748,1.1500
10.9753,1.1500
10.9759,1.1500
10.9764,1.1500
10.9771,1.1500
10.9776,1.1450
10.9782,1.1500
10.9787,1.1500
10.9792,1.1551
10.9798,1.1500
10.9803,1.1500
10.9808,1.1500
10.9814,1.1500
10.9819,1.1450
10.9825,1.1500
10.9830,1.1551
10.9835,1.1500
10.9841,1.1500
10.9846,1.1500
10.9851,1.1500
10.9857,1.1500
10.9862,1.1500
10.9868,1.1450
10.9873,1.1500
10.9878,1.1500
10.9884,1.1500
10.9890,1.1500
10.9895,1.1500
10.9901,1.1500
10.9906,1.1450
10.9912,1.1500
10.9917,1.1500
10.9923,1.1500
10.9928,1.1551
10.9933,1.1500
10.9939,1.1500
10.9944,1.1500
10.9950,1.1500
10.9955,1.1450
10.9961,1.1500
10.9966,1.1500
10.9972,1.1500
10.9977,1.1551
10.9982,1.1500
10.9988,1.1450
10.9993,1.1500
10.9999,1.1500
11.0004,1.1450
11.0010,1.1500
11.0015,1.1500
11.0021,1.1500
11.0026,1.1500
11.0032,1.1551
11.0037,1.1500
11.0042,1.1551
11.0048,1.1450
11.0053,1.1500
11.0059,1.1551
11.0064,1.1500
11.0070,1.1551
11.0075,1.1500
11.0080,1.1450
11.0086,1.1500
11.0091,1.1500
11.0097,1.1500
11.0102,1.1500
11.0108,1.1500
11.0113,1.1500
11.0118,1.1500
11.0124,1.1450
11.0129,1.1450
11.0135,1.1551
11.0140,1.1500
11.0145,1.1500
11.0151,1.1500
11.0156,1.1500
11.0162,1.1500
11.0167,1.1500
11.0172,1.1500
11.0178,1.1551
11.0183,1.1500
11.0189,1.1500
11.0195,1.1500
11.0200,1.1500
11.0206,1.1450
11.0211,1.1500
11.0217,1.1500
11.0222,1.1450
11.0227,1.1500
11.0233,1.1500
11.0238,1.1500
11.0244,1.1500
11.0249,1.1500
11.0255,1.1500
11.0260,1.1500
11.0265,1.1500
11.0271,1.1450
11.0276,1.1500
11.0282,1.1500
11.0287,1.1500
11.0293,1.1500
11.0298,1.1500
11.0304,1.1500
11.0309,1.1500
11.0314,1.1500
11.0320,1.1450
11.0325,1.1551
11.0331,1.1500
11.0336,1.1500
11.0342,1.1500
11.0347,1.1500
11.0352,1.1500
11.0358,1.1450
11.0363,1.1551
11.0369,1.1551
11.0374,1.1399
11.0380,1.1500
11.0385,1.1500
11.0390,1.1450
11.0396,1.1500
11.0401,1.1551
11.0407,1.1500
11.0412,1.1500
11.0418,1.1500
11.0423,1.1500
11.0429,1.1450
11.0434,1.1450
11.0439,1.1450
11.0445,1.1450
11.0450,1.1551
11.0456,1.1500
11.0461,1.1500
11.0467,1.1500
11.0472,1.1500
11.0477,1.1500
11.0483,1.1450
11.0488,1.1500
11.0494,1.1500
11.0499,1.1450
11.0505,1.1450
11.0510,1.1500
11.0516,1.1450
11.0521,1.1500
11.0526,1.1500
11.0532,1.1500
11.0537,1.1450
11.0543,1.1500
11.0548,1.1500
11.0554,1.1450
11.0559,1.1500
11.0564,1.1500
11.0570,1.1500
11.0575,1.1500
11.0581,1.1500
11.0586,1.1500
11.0592,1.1500
11.0597,1.1450
11.0602,1.1500
11.0608,1.1500
11.0613,1.1500
11.0619,1.1500
11.0624,1.1500
11.0630,1.1450
11.0635,1.1450
11.0641,1.1500
11.0646,1.1450
11.0651,1.1500
11.0657,1.1450
11.0662,1.1500
11.0668,1.1500
11.0673,1.1500
11.0679,1.1500
11.0684,1.1500
11.0689,1.1500
11.0695,1.1450
11.0700,1.1500
11.0706,1.1500
11.0711,1.1500
11.0717,1.1450
11.0722,1.1500
11.0727,1.1450
11.0733,1.1450
11.0738,1.1450
11.0744,1.1450
11.0749,1.1500
11.0755,1.1500
11.0760,1.1500
11.0765,1.1450
11.0771,1.1500
11.0777,1.1500
11.0783,1.1450
11.0788,1.1450
11.0794,1.1500
11.0799,1.1500
11.0805,1.1500
11.0810,1.1500
11.0816,1.1450
11.0821,1.1399
11.0827,1.1551
11.0832,1.1500
11.0838,1.1450
11.0843,1.1500
11.0849,1.1500
11.0854,1.1399
11.0860,1.1450
11.0865,1.1450
11.0871,1.1450
11.0876,1.1500
11.0882,1.1450
11.0887,1.1450
11.0893,1.1450
11.0898,1.1551
11.0904,1.1450
11.0909,1.1500
11.0915,1.1450
11.0920,1.1500
11.0926,1.1450
11.0931,1.1450
11.0937,1.1450
11.0942,1.1450
11.0948,1.1450
11.0953,1.1399
11.0959,1.1450
11.0964,1.1450
11.0970,1.1450
11.0975,1.1450
11.0981,1.1500
11.0986,1.1500
11.0992,1.1500
11.0997,1.1450
11.1003,1.1450
11.1008,1.1450
11.1014,1.1450
11.1019,1.1450
11.1025,1.1399
11.1030,1.1500
11.1036,1.1450
11.1041,1.1450
11.1047,1.1450
11.1052,1.1500
11.1058,1.1450
11.1063,1.1500
11.1069,1.1450
11.1074,1.1450
11.1080,1.1500
11.1085,1.1450
11.1091,1.1450
11.1096,1.1500
11.1102,1.1450
11.1107,1.1450
11.1113,1.1450
11.1118,1.1500
11.1124,1.1450
11.1129,1.1500
11.1135,1.1450
11.1140,1.1500
11.1146,1.1450
11.1151,1.1450
11.1157,1.1450
11.1162,1.1450
11.1168,1.1450
11.1173,1.1399
11.1179,1.1399
11.1184,1.1450
11.1190,1.1500
11.1195,1.1399
11.1201,1.1450
11.1206,1.1450
11.1212,1.1450
11.1217,1.1399
11.1223,1.1450
11.1228,1.1450
11.1234,1.1450
11.1239,1.1500
11.1245,1.1399
11.1250,1.1450
11.1256,1.1450
11.1261,1.1450
11.1267,1.1450
11.1272,1.1450
11.1278,1.1450
11.1283,1.1399
11.1289,1.1500
11.1294,1.1450
11.1300,1.1450
11.1305,1.1450
11.1311,1.1450
11.1316,1.1399
11.1322,1.1450
11.1327,1.1450
11.1333,1.1450
11.1338,1.1450
11.1344,1.1450
11.1350,1.1450
11.1355,1.1450
11.1361,1.1450
11.1366,1.1450
11.1372,1.1450
11.1377,1.1450
11.1382,1.1450
11.1388,1.1399
11.1393,1.1500
11.1399,1.1450
11.1404,1.1450
11.1410,1.1399
11.1415,1.1450
11.1421,1.1399
11.1426,1.1450
11.1432,1.1450
11.1437,1.1399
11.1443,1.1450
11.1448,1.1450
11.1453,1.1399
11.1459,1.1450
11.1464,1.1450
11.1470,1.1450
11.1475,1.1450
11.1481,1.1450
11.1486,1.1450
11.1492,1.1450
11.1497,1.1450
11.1503,1.1399
11.1508,1.1450
11.1514,1.1399
11.1519,1.1450
11.1524,1.1399
11.1530,1.1399
11.1535,1.1399
11.1541,1.1450
11.1546,1.1450
11.1552,1.1450
11.1557,1.1450
11.1563,1.1450
11.1568,1.1399
11.1574,1.1450
11.1579,1.1450
11.1585,1.1399
11.1590,1.1450
11.1596,1.1399
11.1601,1.1399
11.1607,1.1399
11.1612,1.1450
11.1618,1.1450
11.1623,1.1450
11.1629,1.1399
11.1634,1.1450
11.1639,1.1399
11.1645,1.1450
11.1650,1.1450
11.1656,1.1399
11.1661,1.1450
11.1667,1.1399
11.1672,1.1450
11.1678,1.1399
11.1683,1.1399
11.1689,1.1399
11.1694,1.1450
11.1700,1.1399
11.1705,1.1399
11.1711,1.1450
11.1716,1.1399
11.1722,1.1450
11.1727,1.1349
11.1733,1.1450
11.1738,1.1349
11.1744,1.1399
11.1749,1.1399
11.1755,1.1399
11.1760,1.1450
11.1766,1.1450
11.1771,1.1399
11.1777,1.1399
11.1783,1.1399
11.1788,1.1450
11.1794,1.1399
11.1799,1.1399
11.1805,1.1450
11.1810,1.1349
11.1816,1.1450
11.1821,1.1399
11.1827,1.1399
11.1832,1.1399
11.1838,1.1450
11.1843,1.1450
11.1849,1.1399
11.1854,1.1399
11.1860,1.1399
11.1865,1.1399
11.1871,1.1450
11.1876,1.1399
11.1882,1.1399
11.1887,1.1450
11.1893,1.1349
11.1898,1.1349
11.1904,1.1399
11.1909,1.1450
11.1915,1.1399
11.1920,1.1450
11.1926,1.1399
11.1931,1.1450
11.1937,1.1399
11.1942,1.1349
11.1948,1.1399
11.1953,1.1399
11.1959,1.1450
11.1964,1.1450
11.1970,1.1450
11.1975,1.1399
11.1981,1.1450
11.1986,1.1399
11.1992,1.1349
11.1997,1.1349
11.2003,1.1399
11.2008,1.1399
11.2014,1.1450
11.2019,1.1399
11.2025,1.1399
11.2030,1.1450
11.2036,1.1399
11.2041,1.1399
11.2047,1.1450
11.2052,1.1399
11.2058,1.1399
11.2063,1.1399
11.2069,1.1399
11.2074,1.1450
11.2080,1.1399
11.2085,1.1399
11.2091,1.1349
11.2096,1.1399
11.2102,1.1399
11.2107,1.1349
11.2113,1.1450
11.2118,1.1399
11.2124,1.1349
11.2129,1.1450
11.2135,1.1399
11.2140,1.1399
11.2146,1.1450
11.2151,1.1399
11.2157,1.1399
11.2162,1.1450
11.2168,1.1399
11.2173,1.1349
11.2179,1.1399
11.2184,1.1450
11.2190,1.1399
11.2195,1.1450
11.2201,1.1399
11.2206,1.1450
11.2212,1.1399
11.2217,1.1399
11.2223,1.1399
11.2228,1.1450
11.2234,1.1399
11.2239,1.1399
11.2245,1.1399
11.2250,1.1399
11.2256,1.1399
11.2261,1.1399
11.2267,1.1399
11.2272,1.1399
11.2278,1.1399
11.2283,1.1450
11.2289,1.1399
11.2294,1.1349
11.2300,1.1399
11.2305,1.1349
11.2311,1.1399
11.2316,1.1399
11.2322,1.1399
11.2327,1.1399
11.2333,1.1349
11.2338,1.1349
11.2344,1.1399
11.2351,1.1399
11.2357,1.1399
11.2362,1.1349
11.2368,1.1399
11.2373,1.1399
11.2379,1.1450
11.2384,1.1399
11.2390,1.1399
11.2395,1.1399
11.2401,1.1349
11.2406,1.1399
11.2412,1.1399
11.2417,1.1399
11.2423,1.1399
11.2428,1.1399
11.2434,1.1349
11.2439,1.1399
11.2445,1.1399
11.2450,1.1399
11.2456,1.1399
11.2461,1.1349
11.2467,1.1399
11.2472,1.1349
11.2478,1.1399
11.2483,1.1399
11.2489,1.1399
11.2495,1.1399
11.2500,1.1349
11.2506,1.1399
11.2511,1.1399
11.2517,1.1399
11.2522,1.1399
11.2528,1.1399
11.2533,1.1399
11.2539,1.1399
11.2544,1.1349
11.2550,1.1349
11.2555,1.1399
11.2561,1.1399
11.2566,1.1399
11.2572,1.1399
11.2577,1.1450
11.2583,1.1399
11.2588,1.1349
11.2594,1.1349
11.2599,1.1399
11.2605,1.1399
11.2610,1.1349
11.2616,1.1349
11.2621,1.1399
11.2626,1.1399
11.2632,1.1349
11.2637,1.1450
11.2643,1.1349
11.2648,1.1399
11.2654,1.1399
11.2659,1.1399
11.2665,1.1399
11.2670,1.1349
11.2676,1.1399
11.2681,1.1399
11.2687,1.1399
11.2692,1.1299
11.2698,1.1399
11.2703,1.1399
11.2709,1.1399
11.2714,1.1399
11.2720,1.1349
11.2725,1.1349
11.2731,1.1349
11.2736,1.1399
11.2742,1.1349
11.2747,1.1399
11.2753,1.1450
11.2758,1.1349
11.2764,1.1349
11.2769,1.1399
11.2775,1.1399
11.2780,1.1349
11.2786,1.1399
11.2791,1.1349
11.2797,1.1399
11.2802,1.1349
11.2808,1.1399
11.2813,1.1349
11.2819,1.1399
11.2824,1.1349
11.2830,1.1349
11.2835,1.1349
11.2841,1.1399
11.2846,1.1349
11.2852,1.1349
11.2857,1.1399
11.2863,1.1399
11.2868,1.1399
11.2874,1.1349
11.2879,1.1399
11.2885,1.1399
11.2890,1.1399
11.2896,1.1399
11.2901,1.1399
11.2907,1.1399
11.2912,1.1399
11.2918,1.1349
11.2923,1.1399
11.2929,1.1399
11.2934,1.1349
11.2940,1.1399
11.2945,1.1399
11.2951,1.1349
11.2956,1.1349
11.2962,1.1399
11.2967,1.1349
11.2973,1.1349
11.2978,1.1399
11.2984,1.1399
11.2990,1.1349
11.2995,1.1399
11.3001,1.1349
11.3006,1.1349
11.3012,1.1399
11.3017,1.1399
11.3023,1.1349
11.3028,1.1349
11.3034,1.1349
11.3039,1.1399
11.3045,1.1349
11.3050,1.1399
11.3056,1.1399
11.3061,1.1349
11.3066,1.1349
11.3072,1.1349
11.3077,1.1399
11.3083,1.1349
11.3088,1.1349
11.3094,1.1399
11.3099,1.1349
11.3105,1.1399
11.3111,1.1349
11.3116,1.1349
11.3121,1.1399
11.3127,1.1399
11.3132,1.1349
11.3138,1.1349
11.3143,1.1399
11.3149,1.1349
11.3154,1.1349
11.3160,1.1399
11.3165,1.1399
11.3171,1.1399
11.3176,1.1349
11.3182,1.1349
11.3187,1.1349
11.3193,1.1399
11.3198,1.1299
11.3204,1.1399
11.3209,1.1349
11.3215,1.1349
11.3220,1.1299
11.3226,1.1349
11.3231,1.1399
11.3237,1.1349
11.3242,1.1399
11.3248,1.1399
11.3253,1.1349
11.3259,1.1349
11.3264,1.1399
11.3270,1.1349
11.3275,1.1349
11.3281,1.1349
11.3286,1.1399
11.3292,1.1349
11.3297,1.1349
11.3303,1.1349
11.3308,1.1399
11.3314,1.1399
11.3319,1.1349
11.3325,1.1399
11.3330,1.1349
11.3336,1.1399
11.3341,1.1349
11.3348,1.1399
11.3353,1.1299
11.3359,1.1349
11.3364,1.1349
11.3370,1.1399
11.3375,1.1349
11.3381,1.1349
11.3386,1.1299
11.3392,1.1349
11.3397,1.1399
11.3403,1.1349
11.3408,1.1349
11.3414,1.1399
11.3419,1.1399
11.3425,1.1349
11.3430,1.1399
11.3436,1.1399
11.3441,1.1349
11.3447,1.1399
11.3452,1.1399
11.3458,1.1399
11.3463,1.1349
11.3469,1.1349
11.3474,1.1349
11.3480,1.1349
11.3485,1.1349
11.3491,1.1349
11.3496,1.1399
11.3502,1.1349
11.3507,1.1299
11.3513,1.1399
11.3518,1.1349
11.3524,1.1349
11.3529,1.1349
11.3535,1.1399
11.3540,1.1349
11.3546,1.1349
11.3551,1.1349
11.3557,1.1399
11.3562,1.1399
11.3568,1.1399
11.3573,1.1399
11.3579,1.1399
11.3584,1.1399
11.3590,1.1299
11.3595,1.1349
11.3601,1.1349
11.3606,1.1349
11.3612,1.1399
11.3617,1.1399
11.3623,1.1349
11.3628,1.1399
11.3634,1.1299
11.3639,1.1399
11.3645,1.1349
11.3650,1.1399
11.3656,1.1399
11.3661,1.1399
11.3667,1.1299
11.3672,1.1349
11.3678,1.1349
11.3684,1.1399
11.3689,1.1399
11.3695,1.1399
11.3700,1.1349
11.3706,1.1399
11.3711,1.1349
11.3717,1.1399
11.3722,1.1399
11.3728,1.1349
11.3733,1.1349
11.3739,1.1349
11.3744,1.1399
11.3750,1.1349
11.3755,1.1399
11.3761,1.1349
11.3766,1.1349
11.3772,1.1349
11.3777,1.1349
11.3783,1.1349
11.3788,1.1349
11.3794,1.1399
11.3799,1.1399
11.3807,1.1399
11.3812,1.1399
11.3818,1.1349
11.3823,1.1349
11.3829,1.1399
11.3835,1.1349
11.3840,1.1399
11.3846,1.1349
11.3851,1.1399
11.3857,1.1349
11.3862,1.1349
11.3868,1.1349
11.3873,1.1349
11.3879,1.1399
11.3884,1.1399
11.3891,1.1349
11.3897,1.1399
11.3902,1.1399
11.3908,1.1349
11.3915,1.1299
11.3921,1.1349
11.3928,1.1399
11.3934,1.1349
11.3940,1.1349
11.3946,1.1349
11.3952,1.1349
11.3958,1.1349
11.3991,1.1299
11.3997,1.1399
11.4003,1.1399
11.4009,1.1349
11.4014,1.1349
11.4020,1.1399
11.4026,1.1349
11.4032,1.1349
11.4038,1.1349
11.4044,1.1299
11.4050,1.1399
11.4055,1.1349
11.4061,1.1399
11.4067,1.1399
11.4072,1.1399
11.4078,1.1349
11.4083,1.1399
11.4090,1.1399
11.4096,1.1399
11.4102,1.1349
11.4108,1.1299
11.4114,1.1349
11.4120,1.1349
11.4127,1.1399
11.4133,1.1349
11.4140,1.1349
11.4146,1.1299
11.4153,1.1399
11.4159,1.1349
11.4165,1.1349
11.4171,1.1349
11.4177,1.1349
11.4183,1.1349
11.4190,1.1349
11.4196,1.1349
11.4202,1.1399
11.4208,1.1349
11.4215,1.1349
11.4221,1.1349
11.4227,1.1349
11.4234,1.1349
11.4240,1.1399
11.4246,1.1349
11.4252,1.1349
11.4258,1.1399
11.4264,1.1349
11.4270,1.1349
11.4275,1.1349
11.4281,1.1349
11.4286,1.1349
11.4292,1.1349
11.4297,1.1349
11.4303,1.1349
11.4308,1.1349
11.4314,1.1299
11.4319,1.1299
11.4325,1.1349
11.4330,1.1349
11.4336,1.1349
11.4341,1.1349
11.4347,1.1299
11.4352,1.1349
11.4358,1.1349
11.4364,1.1349
11.4370,1.1349
11.4375,1.1349
11.4381,1.1399
11.4386,1.1349
11.4392,1.1399
11.4397,1.1349
11.4403,1.1399
11.4408,1.1349
11.4414,1.1349
11.4419,1.1349
11.4425,1.1349
11.4430,1.1349
11.4436,1.1349
11.4441,1.1349
11.4447,1.1349
11.4452,1.1349
11.4458,1.1349
11.4464,1.1349
11.4469,1.1299
11.4474,1.1349
11.4480,1.1349
11.4485,1.1349
11.4491,1.1349
11.4496,1.1349
11.4502,1.1349
11.4507,1.1349
11.4513,1.1349
11.4518,1.1299
11.4524,1.1299
11.4530,1.1399
11.4535,1.1349
11.4541,1.1399
11.4546,1.1349
11.4552,1.1349
11.4557,1.1349
11.4563,1.1399
11.4568,1.1349
11.4574,1.1299
11.4579,1.1349
11.4585,1.1349
11.4590,1.1399
11.4596,1.1349
11.4601,1.1349
11.4607,1.1349
11.4612,1.1349
11.4617,1.1349
11.4623,1.1349
11.4628,1.1349
11.4634,1.1299
11.4639,1.1349
11.4645,1.1349
11.4650,1.1349
11.4656,1.1399
11.4661,1.1349
11.4667,1.1349
11.4672,1.1299
11.4678,1.1349
11.4683,1.1299
11.4688,1.1349
11.4694,1.1299
11.4700,1.1349
11.4705,1.1299
11.4710,1.1349
11.4716,1.1349
11.4721,1.1349
11.4727,1.1349
11.4732,1.1299
11.4738,1.1349
11.4743,1.1349
11.4749,1.1349
11.4754,1.1299
11.4760,1.1399
11.4765,1.1349
11.4771,1.1349
11.4776,1.1349
11.4781,1.1349
11.4787,1.1399
11.4792,1.1299
11.4799,1.1349
11.4805,1.1349
11.4810,1.1299
11.4816,1.1349
11.4821,1.1349
11.4826,1.1349
11.4832,1.1349
11.4837,1.1349
11.4842,1.1349
11.4848,1.1349
11.4853,1.1349
11.4858,1.1399
11.4864,1.1349
11.4869,1.1349
11.4874,1.1349
11.4880,1.1349
11.4885,1.1349
11.4891,1.1349
11.4896,1.1349
11.4901,1.1349
11.4907,1.1349
11.4912,1.1349
11.4918,1.1349
11.4923,1.1349
11.4928,1.1349
11.4934,1.1349
11.4939,1.1349
11.4944,1.1399
11.4950,1.1299
11.4955,1.1349
11.4961,1.1299
11.4966,1.1399
11.4971,1.1349
11.4977,1.1349
11.4982,1.1399
11.4988,1.1349
11.4993,1.1299
11.4998,1.1299
11.5004,1.1399
11.5009,1.1349
11.5014,1.1349
11.5020,1.1349
11.5025,1.1299
11.5031,1.1349
11.5036,1.1349
11.5041,1.1299
11.5047,1.1349
11.5052,1.1349
11.5058,1.1349
11.5063,1.1349
11.5068,1.1349
11.5074,1.1299
11.5079,1.1349
11.5084,1.1349
11.5090,1.1299
11.5095,1.1349
11.5101,1.1349
11.5106,1.1349
11.5112,1.1349
11.5117,1.1349
11.5123,1.1349
11.5128,1.1349
11.5133,1.1349
11.5139,1.1349
11.5144,1.1349
11.5150,1.1349
11.5155,1.1349
11.5160,1.1349
11.5166,1.1349
11.5171,1.1349
11.5177,1.1299
11.5182,1.1299
11.5187,1.1349
11.5193,1.1299
11.5198,1.1349
11.5204,1.1349
11.5209,1.1349
11.5214,1.1349
11.5220,1.1349
11.5225,1.1349
11.5231,1.1349
11.5236,1.1299
11.5241,1.1399
11.5247,1.1299
11.5252,1.1349
11.5257,1.1349
11.5263,1.1299
11.5268,1.1299
11.5274,1.1349
11.5279,1.1349
11.5284,1.1299
11.5290,1.1349
11.5295,1.1349
11.5301,1.1299
11.5306,1.1299
11.5311,1.1349
11.5317,1.1299
11.5322,1.1349
11.5327,1.1349
11.5333,1.1299
11.5338,1.1349
11.5344,1.1349
11.5349,1.1299
11.5354,1.1349
11.5360,1.1349
11.5365,1.1299
11.5371,1.1349
11.5376,1.1349
11.5381,1.1299
11.5387,1.1349
11.5392,1.1299
11.5397,1.1349
11.5403,1.1349
11.5408,1.1349
11.5414,1.1349
11.5419,1.1349
11.5424,1.1349
11.5430,1.1299
11.5435,1.1349
11.5441,1.1349
11.5446,1.1349
11.5451,1.1349
11.5457,1.1349
11.5462,1.1349
11.5467,1.1349
11.5473,1.1349
11.5478,1.1399
11.5484,1.1349
11.5489,1.1349
11.5494,1.1349
11.5500,1.1299
11.5505,1.1349
11.5511,1.1349
11.5516,1.1349
11.5521,1.1349
11.5527,1.1349
11.5532,1.1349
11.5537,1.1299
11.5543,1.1299
11.5548,1.1299
11.5554,1.1349
11.5559,1.1349
11.5564,1.1299
11.5570,1.1349
11.5575,1.1349
11.5581,1.1299
11.5586,1.1299
11.5591,1.1349
11.5597,1.1349
11.5602,1.1349
11.5607,1.1399
11.5613,1.1349
11.5618,1.1299
11.5624,1.1349
11.5629,1.1349
11.5634,1.1349
11.5640,1.1349
11.5645,1.1349
11.5651,1.1299
11.5656,1.1349
11.5661,1.1349
11.5667,1.1299
11.5672,1.1349
11.5677,1.1349
11.5683,1.1349
11.5688,1.1349
11.5694,1.1349
11.5699,1.1349
11.5704,1.1299
11.5710,1.1349
11.5715,1.1349
11.5721,1.1299
11.5726,1.1399
11.5731,1.1349
11.5737,1.1299
11.5742,1.1299
11.5747,1.1349
11.5753,1.1299
11.5758,1.1299
11.5764,1.1299
11.5769,1.1349
11.5774,1.1349
11.5780,1.1299
11.5785,1.1349
11.5791,1.1349
11.5796,1.1349
11.5802,1.1299
11.5808,1.1349
11.5813,1.1299
11.5819,1.1299
11.5824,1.1299
11.5830,1.1349
11.5835,1.1349
11.5841,1.1349
11.5846,1.1349
11.5852,1.1299
11.5857,1.1299
11.5863,1.1299
11.5868,1.1349
11.5874,1.1349
11.5879,1.1299
11.5885,1.1349
11.5890,1.1349
11.5896,1.1349
11.5901,1.1349
11.5907,1.1349
11.5912,1.1299
11.5918,1.1349
11.5923,1.1299
11.5929,1.1349
11.5934,1.1299
11.5940,1.1299
11.5945,1.1349
11.5951,1.1349
11.5956,1.1349
11.5962,1.1299
11.5967,1.1299
11.5973,1.1349
11.5978,1.1349
11.5984,1.1349
11.5989,1.1299
11.5995,1.1349
11.6000,1.1349
11.6006,1.1349
11.6011,1.1349
11.6017,1.1299
11.6022,1.1349
11.6028,1.1349
11.6033,1.1349
11.6039,1.1299
11.6044,1.1299
11.6050,1.1349
11.6055,1.1349
11.6061,1.1349
11.6066,1.1349
11.6072,1.1349
11.6077,1.1349
11.6083,1.1349
11.6088,1.1349
11.6094,1.1299
11.6099,1.1349
11.6105,1.1349
11.6110,1.1299
11.6116,1.1299
11.6121,1.1349
11.6127,1.1349
11.6132,1.1349
11.6138,1.1349
11.6143,1.1299
11.6149,1.1349
11.6154,1.1349
11.6160,1.1349
11.6165,1.1299
11.6171,1.1349
11.6176,1.1349
11.6182,1.1349
11.6187,1.1349
11.6193,1.1349
11.6198,1.1299
11.6204,1.1349
11.6209,1.1349
11.6215,1.1349
11.6220,1.1349
11.6226,1.1299
11.6231,1.1349
11.6237,1.1349
11.6242,1.1349
11.6248,1.1349
11.6253,1.1349
11.6259,1.1299
11.6264,1.1349
11.6270,1.1299
11.6275,1.1349
11.6281,1.1349
11.6286,1.1349
11.6292,1.1349
11.6297,1.1349
11.6303,1.1349
11.6308,1.1349
11.6314,1.1399
11.6319,1.1299
11.6324,1.1349
11.6330,1.1349
11.6335,1.1349
11.6341,1.1399
11.6348,1.1349
11.6353,1.1349
11.6359,1.1349
11.6364,1.1349
11.6370,1.1349
11.6375,1.1299
11.6381,1.1349
11.6386,1.1349
11.6392,1.1349
11.6397,1.1299
11.6403,1.1349
11.6408,1.1349
11.6414,1.1399
11.6419,1.1349
11.6425,1.1349
11.6430,1.1349
11.6436,1.1299
11.6441,1.1399
11.6447,1.1349
11.6452,1.1349
11.6458,1.1349
11.6464,1.1349
11.6469,1.1349
11.6475,1.1399
11.6480,1.1349
11.6486,1.1399
11.6491,1.1349
11.6497,1.1299
11.6502,1.1349
11.6508,1.1349
11.6513,1.1349
11.6519,1.1399
11.6524,1.1349
11.6530,1.1349
11.6535,1.1349
11.6541,1.1399
11.6546,1.1399
11.6552,1.1349
11.6557,1.1399
11.6562,1.1399
11.6568,1.1349
11.6573,1.1399
11.6581,1.1399
11.6587,1.1399
11.6592,1.1399
11.6598,1.1349
11.6603,1.1399
11.6609,1.1349
11.6614,1.1399
11.6620,1.1399
11.6625,1.1450
11.6631,1.1349
11.6636,1.1399
11.6642,1.1349
11.6647,1.1399
11.6653,1.1399
11.6658,1.1399
11.6663,1.1349
11.6669,1.1399
11.6674,1.1399
11.6680,1.1399
11.6685,1.1399
11.6691,1.1399
11.6696,1.1399
11.6702,1.1399
11.6707,1.1450
11.6713,1.1399
11.6718,1.1399
11.6724,1.1450
11.6729,1.1450
11.6735,1.1399
11.6740,1.1349
11.6746,1.1399
11.6751,1.1349
11.6757,1.1450
11.6762,1.1399
11.6768,1.1450
11.6773,1.1450
11.6779,1.1450
11.6784,1.1399
11.6790,1.1450
11.6795,1.1450
11.6800,1.1450
11.6808,1.1450
11.6813,1.1450
11.6819,1.1399
11.6824,1.1399
11.6829,1.1399
11.6835,1.1450
11.6840,1.1399
11.6845,1.1399
11.6851,1.1450
11.6856,1.1450
11.6862,1.1450
11.6867,1.1450
11.6872,1.1450
11.6878,1.1450
11.6883,1.1399
11.6888,1.1450
11.6894,1.1450
11.6899,1.1450
11.6905,1.1450
11.6910,1.1450
11.6915,1.1450
11.6921,1.1450
11.6926,1.1500
11.6931,1.1500
11.6937,1.1450
11.6942,1.1500
11.6948,1.1450
11.6953,1.1450
11.6958,1.1450
11.6964,1.1500
11.6969,1.1450
11.6974,1.1500
11.6980,1.1450
11.6985,1.1500
11.6990,1.1450
11.6996,1.1450
11.7001,1.1450
11.7007,1.1500
11.7012,1.1500
11.7017,1.1500
11.7023,1.1500
11.7028,1.1500
11.7033,1.1500
11.7039,1.1500
11.7044,1.1551
11.7050,1.1450
11.7055,1.1500
11.7060,1.1500
11.7066,1.1500
11.7071,1.1500
11.7076,1.1450
11.7082,1.1450
11.7087,1.1551
11.7092,1.1500
11.7098,1.1500
11.7103,1.1500
11.7109,1.1551
11.7114,1.1500
11.7119,1.1500
11.7125,1.1500
11.7130,1.1500
11.7135,1.1551
11.7141,1.1500
11.7146,1.1551
11.7151,1.1500
11.7157,1.1500
11.7162,1.1500
11.7168,1.1500
11.7173,1.1500
11.7178,1.1500
11.7184,1.1500
11.7189,1.1500
11.7194,1.1500
11.7200,1.1551
11.7205,1.1500
11.7211,1.1500
11.7216,1.1500
11.7221,1.1500
11.7227,1.1500
11.7232,1.1551
11.7238,1.1551
11.7243,1.1500
11.7248,1.1551
11.7254,1.1500
11.7259,1.1551
11.7264,1.1500
11.7270,1.1500
11.7275,1.1500
11.7280,1.1551
11.7286,1.1500
11.7291,1.1500
11.7297,1.1500
11.7302,1.1551
11.7307,1.1551
11.7313,1.1551
11.7318,1.1551
11.7323,1.1551
11.7329,1.1500
11.7334,1.1551
11.7340,1.1500
11.7345,1.1551
11.7350,1.1551
11.7356,1.1551
11.7361,1.1551
11.7366,1.1500
11.7372,1.1551
11.7377,1.1551
11.7382,1.1500
11.7388,1.1500
11.7393,1.1551
11.7399,1.1551
11.7404,1.1551
11.7409,1.1551
11.7415,1.1500
11.7420,1.1500
11.7425,1.1500
11.7431,1.1551
11.7436,1.1551
11.7441,1.1551
11.7447,1.1551
11.7452,1.1500
11.7458,1.1551
11.7463,1.1551
11.7468,1.1551
11.7474,1.1500
11.7479,1.1551
11.7484,1.1551
11.7490,1.1551
11.7495,1.1551
11.7501,1.1551
11.7506,1.1551
11.7511,1.1551
11.7517,1.1601
11.7522,1.1500
11.7527,1.1551
11.7533,1.1551
11.7538,1.1500
11.7543,1.1551
11.7549,1.1601
11.7554,1.1551
11.7560,1.1551
11.7565,1.1551
11.7570,1.1601
11.7576,1.1500
11.7581,1.1601
11.7586,1.1551
11.7592,1.1500
11.7597,1.1551
11.7602,1.1601
11.7608,1.1551
11.7613,1.1551
11.7619,1.1601
11.7624,1.1551
11.7629,1.1500
11.7635,1.1551
11.7640,1.1551
11.7645,1.1551
11.7651,1.1551
11.7656,1.1551
11.7662,1.1551
11.7667,1.1500
11.7672,1.1551
11.7678,1.1601
11.7683,1.1551
11.7688,1.1500
11.7694,1.1551
11.7699,1.1551
11.7704,1.1601
11.7710,1.1601
11.7715,1.1551
11.7721,1.1551
11.7726,1.1551
11.7731,1.1551
11.7737,1.1601
11.7742,1.1551
11.7747,1.1551
11.7753,1.1601
11.7758,1.1601
11.7763,1.1551
11.7769,1.1500
11.7774,1.1601
11.7780,1.1551
11.7785,1.1551
11.7790,1.1551
11.7796,1.1551
11.7801,1.1551
11.7806,1.1551
11.7813,1.1551
11.7818,1.1551
11.7824,1.1551
11.7829,1.1551
11.7835,1.1551
11.7840,1.1601
11.7846,1.1551
11.7851,1.1601
11.7857,1.1551
11.7862,1.1601
11.7867,1.1500
11.7873,1.1551
11.7878,1.1551
11.7884,1.1551
11.7889,1.1601
11.7895,1.1551
11.7901,1.1551
11.7906,1.1551
11.7912,1.1500
11.7917,1.1551
11.7922,1.1551
11.7928,1.1551
11.7933,1.1551
11.7939,1.1601
11.7944,1.1551
11.7950,1.1551
11.7955,1.1551
11.7961,1.1551
11.7966,1.1551
11.7972,1.1551
11.7977,1.1551
11.7983,1.1601
11.7988,1.1551
11.7994,1.1551
11.7999,1.1601
11.8004,1.1551
11.8010,1.1551
11.8015,1.1551
11.8021,1.1551
11.8026,1.1551
11.8032,1.1551
11.8037,1.1500
11.8043,1.1551
11.8048,1.1601
11.8054,1.1551
11.8059,1.1551
11.8065,1.1551
11.8070,1.1551
11.8076,1.1551
11.8081,1.1551
11.8087,1.1601
11.8092,1.1551
11.8097,1.1601
11.8103,1.1601
11.8108,1.1500
11.8114,1.1500
11.8119,1.1551
11.8125,1.1551
11.8130,1.1551
11.8136,1.1551
11.8141,1.1551
11.8147,1.1551
11.8152,1.1551
11.8158,1.1500
11.8163,1.1601
11.8169,1.1500
11.8174,1.1601
11.8180,1.1551
11.8185,1.1601
11.8191,1.1551
11.8196,1.1551
11.8201,1.1601
11.8207,1.1551
11.8212,1.1551
11.8218,1.1551
11.8223,1.1551
11.8229,1.1601
11.8234,1.1500
11.8240,1.1551
11.8245,1.1551
11.8251,1.1601
11.8256,1.1551
11.8262,1.1551
11.8267,1.1551
11.8273,1.1601
11.8278,1.1551
11.8283,1.1551
11.8289,1.1551
11.8294,1.1551
11.8300,1.1551
11.8305,1.1551
11.8311,1.1551
11.8316,1.1601
11.8322,1.1551
11.8327,1.1601
11.8333,1.1551
11.8338,1.1551
11.8344,1.1551
11.8349,1.1551
11.8355,1.1551
11.8360,1.1551
11.8366,1.1551
11.8371,1.1551
11.8376,1.1500
11.8382,1.1551
11.8387,1.1551
11.8393,1.1500
11.8398,1.1551
11.8404,1.1551
11.8409,1.1601
11.8415,1.1601
11.8420,1.1500
11.8426,1.1551
11.8431,1.1551
11.8437,1.1551
11.8442,1.1500
11.8448,1.1500
11.8453,1.1500
11.8459,1.1551
11.8464,1.1551
11.8470,1.1500
11.8475,1.1601
11.8480,1.1500
11.8486,1.1551
11.8491,1.1551
11.8497,1.1551
11.8502,1.1601
11.8508,1.1551
11.8513,1.1551
11.8519,1.1551
11.8524,1.1500
11.8530,1.1551
11.8535,1.1551
11.8541,1.1551
11.8546,1.1551
11.8552,1.1551
11.8557,1.1551
11.8562,1.1551
11.8568,1.1551
11.8573,1.1551
11.8579,1.1500
11.8584,1.1601
11.8590,1.1500
11.8596,1.1551
11.8602,1.1551
11.8607,1.1551
11.8613,1.1551
11.8618,1.1551
11.8624,1.1551
11.8629,1.1551
11.8635,1.1551
11.8640,1.1551
11.8646,1.1551
11.8651,1.1551
11.8657,1.1601
11.8662,1.1551
11.8668,1.1551
11.8673,1.1500
11.8679,1.1551
11.8684,1.1551
11.8689,1.1551
11.8695,1.1551
11.8700,1.1551
11.8706,1.1551
11.8711,1.1601
11.8717,1.1551
11.8722,1.1551
11.8728,1.1500
11.8733,1.1500
11.8739,1.1551
11.8744,1.1551
11.8750,1.1551
11.8755,1.1551
11.8761,1.1551
11.8766,1.1551
11.8771,1.1551
11.8777,1.1551
11.8782,1.1551
11.8788,1.1500
11.8793,1.1551
11.8799,1.1551
11.8804,1.1551
11.8810,1.1551
11.8815,1.1500
11.8821,1.1551
11.8826,1.1551
11.8832,1.1500
11.8837,1.1500
11.8843,1.1551
11.8848,1.1551
11.8854,1.1551
11.8859,1.1500
11.8865,1.1551
11.8870,1.1551
11.8876,1.1551
11.8881,1.1551
11.8887,1.1551
11.8892,1.1551
11.8897,1.1551
11.8903,1.1500
11.8909,1.1551
11.8916,1.1551
11.8922,1.1500
11.8928,1.1551
11.8934,1.1551
11.8939,1.1551
11.8945,1.1500
11.8951,1.1551
11.8957,1.1551
11.8962,1.1500
11.8968,1.1551
11.8973,1.1551
11.8979,1.1500
11.8985,1.1500
11.8990,1.1551
11.8996,1.1500
11.9001,1.1551
11.9007,1.1500
11.9012,1.1551
11.9018,1.1500
11.9028,1.1500
11.9034,1.1551
11.9039,1.1500
11.9045,1.1551
11.9050,1.1551
11.9056,1.1500
11.9061,1.1500
11.9067,1.1500
11.9072,1.1551
11.9078,1.1500
11.9090,1.1500
11.9096,1.1551
11.9102,1.1500
11.9108,1.1551
11.9114,1.1551
11.9119,1.1500
11.9125,1.1551
11.9130,1.1551
11.9137,1.1551
11.9143,1.1551
11.9148,1.1551
11.9154,1.1500
11.9159,1.1500
11.9165,1.1551
11.9171,1.1551
11.9177,1.1500
11.9182,1.1500
11.9188,1.1500
11.9193,1.1551
11.9199,1.1500
11.9205,1.1500
11.9211,1.1500
11.9216,1.1551
11.9222,1.1500
11.9227,1.1500
11.9233,1.1500
11.9238,1.1551
11.9244,1.1500
11.9249,1.1500
11.9255,1.1500
11.9260,1.1450
11.9266,1.1551
11.9271,1.1500
11.9277,1.1551
11.9282,1.1450
11.9288,1.1500
11.9293,1.1500
11.9299,1.1500
11.9304,1.1500
11.9310,1.1500
11.9315,1.1500
11.9321,1.1450
11.9326,1.1551
11.9332,1.1500
11.9337,1.1500
11.9343,1.1500
11.9348,1.1500
11.9354,1.1500
11.9360,1.1551
11.9365,1.1551
11.9371,1.1500
11.9376,1.1500
11.9382,1.1500
11.9387,1.1500
11.9393,1.1500
11.9398,1.1551
11.9404,1.1500
11.9409,1.1500
11.9415,1.1500
11.9420,1.1500
11.9426,1.1500
11.9431,1.1551
11.9437,1.1500
11.9442,1.1450
11.9448,1.1551
11.9453,1.1551
11.9459,1.1500
11.9464,1.1500
11.9470,1.1500
11.9475,1.1450
11.9481,1.1551
11.9486,1.1500
11.9492,1.1500
11.9497,1.1500
11.9503,1.1500
11.9508,1.1551
11.9514,1.1500
11.9519,1.1500
11.9525,1.1551
11.9530,1.1500
11.9536,1.1551
11.9541,1.1450
11.9547,1.1500
11.9552,1.1500
11.9558,1.1500
11.9563,1.1500
11.9569,1.1500
11.9574,1.1500
11.9580,1.1500
11.9585,1.1551
11.9591,1.1450
11.9596,1.1500
11.9602,1.1551
11.9607,1.1551
11.9613,1.1500
11.9618,1.1450
11.9624,1.1500
11.9629,1.1500
11.9635,1.1500
11.9640,1.1500
11.9646,1.1500
11.9651,1.1500
11.9657,1.1450
11.9662,1.1500
11.9668,1.1551
11.9673,1.1450
11.9679,1.1500
11.9684,1.1500
11.9690,1.1500
11.9695,1.1500
11.9701,1.1500
11.9706,1.1500
11.9712,1.1551
11.9717,1.1500
11.9723,1.1450
11.9728,1.1500
11.9734,1.1500
11.9739,1.1500
11.9745,1.1500
11.9750,1.1500
11.9756,1.1500
11.9761,1.1500
11.9767,1.1500
11.9772,1.1500
11.9778,1.1500
11.9783,1.1450
11.9789,1.1500
11.9794,1.1500
11.9800,1.1500
11.9805,1.1500
11.9811,1.1551
11.9816,1.1450
11.9823,1.1500
11.9828,1.1500
11.9834,1.1500
11.9839,1.1500
11.9845,1.1450
11.9850,1.1500
11.9856,1.1500
11.9861,1.1500
11.9866,1.1500
11.9872,1.1500
11.9877,1.1551
11.9883,1.1500
11.9888,1.1500
11.9894,1.1500
11.9899,1.1500
11.9905,1.1500
11.9910,1.1450
11.9915,1.1500
11.9921,1.1500
11.9926,1.1500
11.9932,1.1450
11.9937,1.1500
11.9943,1.1500
11.9948,1.1500
11.9953,1.1500
11.9959,1.1500
11.9964,1.1551
11.9970,1.1500
11.9975,1.1500
11.9981,1.1500
11.9986,1.1500
11.9991,1.1500
11.9997,1.1500
12.0002,1.1500
