Время[c],Напряжение[В]
0.0000,1.2055
0.0006,1.2055
0.0011,1.2005
0.0016,1.2055
0.0021,1.2005
0.0027,1.2106
0.0032,1.2055
0.0037,1.2055
0.0042,1.2055
0.0048,1.2106
0.0053,1.2055
0.0058,1.2055
0.0063,1.2055
0.0068,1.2055
0.0074,1.2106
0.0079,1.2106
0.0084,1.2055
0.0089,1.2106
0.0094,1.2055
0.0100,1.2106
0.0105,1.2055
0.0110,1.2055
0.0115,1.2106
0.0121,1.2106
0.0126,1.2106
0.0131,1.2055
0.0136,1.2055
0.0141,1.2055
0.0147,1.2055
0.0152,1.2055
0.0157,1.2055
0.0162,1.2055
0.0168,1.2055
0.0173,1.2005
0.0178,1.2055
0.0183,1.2055
0.0188,1.2106
0.0194,1.2055
0.0199,1.2055
0.0204,1.2055
0.0209,1.2055
0.0215,1.2055
0.0220,1.2055
0.0225,1.2055
0.0230,1.2055
0.0235,1.2055
0.0241,1.2055
0.0246,1.2055
0.0251,1.2055
0.0256,1.2055
0.0262,1.2055
0.0267,1.2055
0.0272,1.2055
0.0277,1.2055
0.0283,1.2055
0.0288,1.2005
0.0293,1.2055
0.0298,1.2005
0.0303,1.2005
0.0309,1.2106
0.0314,1.2055
0.0319,1.2106
0.0324,1.2055
0.0330,1.2055
0.0335,1.2005
0.0340,1.2055
0.0345,1.2055
0.0351,1.2055
0.0356,1.2055
0.0361,1.2055
0.0366,1.2005
0.0372,1.2055
0.0377,1.2055
0.0382,1.2055
0.0387,1.2055
0.0392,1.2055
0.0398,1.2055
0.0403,1.2055
0.0408,1.2055
0.0413,1.2055
0.0419,1.2055
0.0424,1.2055
0.0429,1.2055
0.0434,1.2005
0.0440,1.2005
0.0445,1.2005
0.0450,1.2005
0.0455,1.2055
0.0461,1.2005
0.0466,1.2055
0.0471,1.2055
0.0476,1.2055
0.0481,1.2055
0.0487,1.2005
0.0492,1.2055
0.0497,1.2055
0.0502,1.2055
0.0508,1.2005
0.0513,1.2005
0.0518,1.2005
0.0523,1.2005
0.0529,1.2055
0.0534,1.2005
0.0539,1.2055
0.0544,1.2005
0.0550,1.2055
0.0555,1.2005
0.0560,1.2005
0.0565,1.2005
0.0571,1.2055
0.0576,1.2055
0.0581,1.2055
0.0586,1.2005
0.0592,1.2055
0.0597,1.2055
0.0602,1.2055
0.0607,1.2106
0.0612,1.2055
0.0618,1.2055
0.0623,1.2055
0.0628,1.2055
0.0633,1.2055
0.0639,1.2005
0.0644,1.2055
0.0649,1.2055
0.0654,1.2005
0.0660,1.2055
0.0665,1.2055
0.0670,1.2005
0.0675,1.2055
0.0681,1.2005
0.0686,1.2055
0.0691,1.2055
0.0696,1.2055
0.0702,1.2005
0.0707,1.2055
0.0712,1.2055
0.0717,1.2055
0.0723,1.2005
0.0728,1.2055
0.0733,1.2005
0.0738,1.2005
0.0743,1.2005
0.0749,1.2055
0.0754,1.2005
0.0759,1.2055
0.0764,1.2005
0.0770,1.2005
0.0775,1.2055
0.0780,1.2055
0.0785,1.2005
0.0791,1.2005
0.0796,1.2005
0.0801,1.2055
0.0806,1.2055
0.0812,1.2005
0.0817,1.2005
0.0822,1.2005
0.0827,1.2055
0.0833,1.2005
0.0838,1.2005
0.0843,1.1954
0.0848,1.2005
0.0853,1.2055
0.0859,1.2005
0.0864,1.2005
0.0869,1.2055
0.0874,1.2055
0.0880,1.2005
0.0885,1.2055
0.0890,1.2055
0.0895,1.2005
0.0901,1.2005
0.0906,1.2005
0.0911,1.2005
0.0916,1.2005
0.0922,1.2055
0.0927,1.2055
0.0932,1.2055
0.0937,1.2055
0.0943,1.2055
0.0948,1.2005
0.0953,1.2055
0.0958,1.2005
0.0963,1.2055
0.0969,1.2005
0.0974,1.2055
0.0979,1.2005
0.0984,1.2055
0.0990,1.2005
0.0995,1.2005
0.1000,1.2005
0.1005,1.2005
0.1011,1.2005
0.1016,1.2055
0.1021,1.2055
0.1026,1.2005
0.1032,1.2055
0.1037,1.2055
0.1042,1.2055
0.1047,1.2055
0.1052,1.1954
0.1058,1.2005
0.1063,1.2055
0.1068,1.2055
0.1073,1.2055
0.1079,1.2005
0.1084,1.2055
0.1089,1.2005
0.1094,1.2055
0.1100,1.2055
0.1105,1.2005
0.1110,1.2005
0.1115,1.2055
0.1120,1.2055
0.1126,1.2005
0.1131,1.2005
0.1136,1.2055
0.1141,1.2005
0.1147,1.2055
0.1152,1.2055
0.1157,1.2055
0.1162,1.2005
0.1168,1.2005
0.1173,1.2005
0.1178,1.2055
0.1183,1.2055
0.1189,1.2005
0.1194,1.2005
0.1199,1.2005
0.1204,1.2005
0.1209,1.2005
0.1215,1.2055
0.1220,1.2055
0.1225,1.2055
0.1230,1.2005
0.1236,1.2055
0.1241,1.2005
0.1246,1.2055
0.1251,1.2005
0.1257,1.1954
0.1262,1.2055
0.1267,1.2055
0.1272,1.2055
0.1278,1.2005
0.1283,1.2055
0.1288,1.2005
0.1293,1.2005
0.1298,1.2055
0.1304,1.2005
0.1309,1.2005
0.1314,1.2005
0.1319,1.2005
0.1325,1.2055
0.1330,1.2055
0.1335,1.2005
0.1340,1.2005
0.1346,1.2005
0.1351,1.2005
0.1356,1.2005
0.1361,1.2055
0.1367,1.2005
0.1372,1.2055
0.1377,1.2005
0.1382,1.2005
0.1387,1.2005
0.1393,1.1954
0.1398,1.1954
0.1403,1.2005
0.1408,1.2005
0.1414,1.2005
0.1419,1.2005
0.1424,1.2005
0.1429,1.2005
0.1435,1.2005
0.1440,1.2005
0.1445,1.2005
0.1450,1.2055
0.1456,1.2005
0.1461,1.2005
0.1466,1.2005
0.1471,1.2005
0.1476,1.2005
0.1482,1.2005
0.1487,1.2005
0.1492,1.2005
0.1497,1.2005
0.1503,1.2005
0.1508,1.2005
0.1513,1.2005
0.1518,1.2005
0.1524,1.2005
0.1529,1.2005
0.1534,1.2005
0.1539,1.2005
0.1545,1.1954
0.1550,1.2005
0.1555,1.2005
0.1560,1.2005
0.1565,1.2005
0.1571,1.2005
0.1576,1.2005
0.1581,1.2005
0.1586,1.2005
0.1592,1.2005
0.1597,1.2005
0.1602,1.1954
0.1607,1.2005
0.1613,1.2005
0.1618,1.2005
0.1623,1.2055
0.1628,1.2005
0.1634,1.2005
0.1639,1.1954
0.1644,1.2005
0.1649,1.2005
0.1654,1.2005
0.1660,1.2005
0.1665,1.2005
0.1670,1.2005
0.1675,1.1954
0.1681,1.2005
0.1686,1.2005
0.1691,1.2005
0.1696,1.2005
0.1702,1.2005
0.1707,1.2005
0.1712,1.2005
0.1717,1.2005
0.1722,1.1954
0.1728,1.2005
0.1733,1.2005
0.1738,1.1954
0.1743,1.1954
0.1749,1.2005
0.1754,1.2005
0.1759,1.1954
0.1764,1.2005
0.1770,1.2005
0.1775,1.2055
0.1780,1.1954
0.1785,1.2005
0.1791,1.2005
0.1796,1.2005
0.1801,1.2005
0.1806,1.2005
0.1811,1.1904
0.1817,1.1904
0.1822,1.2005
0.1827,1.2005
0.1832,1.2055
0.1838,1.1954
0.1843,1.2005
0.1848,1.1954
0.1853,1.2005
0.1859,1.2005
0.1864,1.2005
0.1869,1.2005
0.1874,1.2005
0.1880,1.2005
0.1885,1.1954
0.1890,1.1954
0.1895,1.2005
0.1900,1.1954
0.1906,1.1954
0.1911,1.1954
0.1916,1.2005
0.1921,1.2005
0.1927,1.1954
0.1932,1.1954
0.1937,1.2005
0.1942,1.1954
0.1948,1.1954
0.1953,1.1954
0.1958,1.1954
0.1963,1.2005
0.1969,1.1954
0.1974,1.1954
0.1979,1.1954
0.1984,1.1954
0.1989,1.1954
0.1995,1.2005
0.2000,1.1904
0.2005,1.2005
0.2010,1.2005
0.2016,1.1954
0.2021,1.1954
0.2026,1.2005
0.2031,1.1954
0.2037,1.1954
0.2042,1.1954
0.2047,1.1954
0.2052,1.1954
0.2058,1.1904
0.2063,1.1954
0.2068,1.1954
0.2073,1.2005
0.2078,1.1954
0.2084,1.2005
0.2089,1.2005
0.2094,1.2005
0.2099,1.2005
0.2105,1.1954
0.2110,1.2005
0.2115,1.1954
0.2120,1.2005
0.2126,1.1954
0.2131,1.2005
0.2136,1.1954
0.2141,1.1954
0.2147,1.2005
0.2152,1.2005
0.2157,1.2005
0.2162,1.1954
0.2167,1.1954
0.2173,1.1954
0.2178,1.2005
0.2183,1.2005
0.2188,1.1954
0.2194,1.1904
0.2199,1.1954
0.2204,1.2005
0.2209,1.1954
0.2215,1.1954
0.2220,1.2005
0.2225,1.1954
0.2230,1.1904
0.2236,1.1954
0.2241,1.1954
0.2246,1.1954
0.2251,1.1954
0.2256,1.1954
0.2262,1.1954
0.2267,1.1954
0.2272,1.2005
0.2277,1.1954
0.2283,1.1954
0.2288,1.1954
0.2293,1.1954
0.2298,1.1954
0.2304,1.1954
0.2309,1.1904
0.2314,1.1954
0.2319,1.1954
0.2325,1.1954
0.2330,1.1954
0.2335,1.1954
0.2340,1.1954
0.2345,1.1954
0.2351,1.1954
0.2356,1.1954
0.2361,1.1904
0.2366,1.1954
0.2372,1.1904
0.2377,1.1904
0.2382,1.1904
0.2387,1.1954
0.2393,1.1904
0.2398,1.1954
0.2403,1.1954
0.2408,1.1954
0.2413,1.1954
0.2419,1.1954
0.2424,1.1954
0.2429,1.1904
0.2434,1.1954
0.2440,1.1954
0.2445,1.1954
0.2450,1.1904
0.2455,1.1954
0.2461,1.1954
0.2466,1.1954
0.2471,1.1954
0.2476,1.1904
0.2482,1.1904
0.2487,1.1954
0.2492,1.1954
0.2497,1.1954
0.2503,1.1954
0.2508,1.1954
0.2513,1.1954
0.2518,1.1904
0.2523,1.1954
0.2529,1.1954
0.2534,1.1904
0.2539,1.1954
0.2545,1.1904
0.2550,1.1954
0.2555,1.1904
0.2560,1.1904
0.2566,1.1954
0.2571,1.1954
0.2576,1.1904
0.2581,1.1954
0.2587,1.1954
0.2592,1.1954
0.2597,1.1904
0.2602,1.1954
0.2607,1.1954
0.2613,1.1954
0.2618,1.1954
0.2623,1.1904
0.2628,1.1904
0.2634,1.1904
0.2639,1.1954
0.2644,1.1904
0.2649,1.1904
0.2655,1.1904
0.2660,1.1954
0.2665,1.1904
0.2670,1.1954
0.2675,1.1954
0.2681,1.1954
0.2686,1.1954
0.2691,1.1904
0.2696,1.1904
0.2702,1.1904
0.2707,1.1904
0.2712,1.1954
0.2717,1.1904
0.2723,1.1954
0.2728,1.1904
0.2733,1.1904
0.2738,1.1904
0.2744,1.1954
0.2749,1.1904
0.2754,1.1954
0.2759,1.1954
0.2764,1.1954
0.2770,1.1954
0.2775,1.1904
0.2780,1.1904
0.2785,1.1904
0.2791,1.1904
0.2796,1.1954
0.2801,1.1904
0.2808,1.1904
0.2814,1.1954
0.2819,1.1904
0.2824,1.1954
0.2829,1.1904
0.2835,1.1904
0.2840,1.1904
0.2845,1.1954
0.2850,1.1853
0.2855,1.1954
0.2861,1.1954
0.2866,1.1954
0.2871,1.1954
0.2876,1.1904
0.2882,1.1904
0.2887,1.1904
0.2892,1.1904
0.2897,1.1904
0.2903,1.1904
0.2908,1.1904
0.2913,1.1904
0.2918,1.1904
0.2923,1.1904
0.2929,1.1904
0.2934,1.1904
0.2939,1.1904
0.2945,1.1904
0.2950,1.1853
0.2955,1.1954
0.2960,1.1853
0.2965,1.1904
0.2971,1.1954
0.2976,1.1904
0.2981,1.1904
0.2986,1.1954
0.2992,1.1853
0.2997,1.1904
0.3002,1.1904
0.3007,1.1904
0.3013,1.1904
0.3018,1.1853
0.3023,1.1904
0.3028,1.1904
0.3033,1.1904
0.3039,1.1904
0.3044,1.1954
0.3049,1.1954
0.3054,1.1853
0.3060,1.1904
0.3065,1.1954
0.3070,1.1904
0.3075,1.1904
0.3081,1.1904
0.3086,1.1904
0.3091,1.1904
0.3096,1.1904
0.3101,1.1904
0.3107,1.1904
0.3112,1.1904
0.3117,1.1904
0.3122,1.1904
0.3128,1.1904
0.3133,1.1904
0.3138,1.1904
0.3143,1.1954
0.3149,1.1904
0.3154,1.1954
0.3159,1.1904
0.3164,1.1904
0.3169,1.1904
0.3175,1.1904
0.3180,1.1853
0.3185,1.1904
0.3190,1.1954
0.3196,1.1904
0.3201,1.1904
0.3206,1.1904
0.3211,1.1904
0.3217,1.1904
0.3222,1.1904
0.3227,1.1904
0.3232,1.1904
0.3238,1.1904
0.3243,1.1954
0.3248,1.1954
0.3253,1.1904
0.3259,1.1853
0.3264,1.1853
0.3269,1.1853
0.3274,1.1904
0.3280,1.1904
0.3285,1.1904
0.3290,1.1954
0.3295,1.1904
0.3300,1.1904
0.3306,1.1954
0.3311,1.1904
0.3316,1.1904
0.3321,1.1904
0.3327,1.1904
0.3332,1.1904
0.3337,1.1904
0.3342,1.1853
0.3348,1.1904
0.3353,1.1904
0.3358,1.1904
0.3363,1.1853
0.3368,1.1853
0.3374,1.1904
0.3379,1.1904
0.3384,1.1853
0.3389,1.1904
0.3395,1.1904
0.3400,1.1853
0.3405,1.1853
0.3410,1.1954
0.3416,1.1904
0.3421,1.1853
0.3426,1.1904
0.3431,1.1904
0.3437,1.1853
0.3442,1.1853
0.3447,1.1904
0.3452,1.1904
0.3457,1.1904
0.3463,1.1904
0.3468,1.1853
0.3473,1.1904
0.3478,1.1904
0.3484,1.1904
0.3489,1.1904
0.3494,1.1904
0.3499,1.1853
0.3505,1.1904
0.3510,1.1853
0.3515,1.1853
0.3520,1.1904
0.3525,1.1904
0.3531,1.1904
0.3536,1.1853
0.3541,1.1904
0.3546,1.1954
0.3552,1.1853
0.3557,1.1904
0.3562,1.1904
0.3567,1.1904
0.3573,1.1853
0.3578,1.1853
0.3583,1.1904
0.3588,1.1904
0.3593,1.1904
0.3599,1.1904
0.3604,1.1853
0.3609,1.1904
0.3614,1.1853
0.3620,1.1904
0.3625,1.1904
0.3630,1.1853
0.3635,1.1904
0.3641,1.1904
0.3646,1.1904
0.3651,1.1853
0.3656,1.1904
0.3661,1.1904
0.3667,1.1904
0.3672,1.1853
0.3677,1.1853
0.3682,1.1904
0.3688,1.1904
0.3693,1.1904
0.3698,1.1904
0.3703,1.1803
0.3709,1.1954
0.3714,1.1904
0.3719,1.1904
0.3724,1.1904
0.3730,1.1904
0.3735,1.1904
0.3740,1.1853
0.3745,1.1904
0.3750,1.1904
0.3756,1.1904
0.3761,1.1904
0.3766,1.1954
0.3771,1.1904
0.3777,1.1904
0.3782,1.1904
0.3787,1.1904
0.3792,1.1853
0.3798,1.1904
0.3803,1.1853
0.3808,1.1853
0.3813,1.1904
0.3818,1.1904
0.3824,1.1904
0.3829,1.1904
0.3834,1.1853
0.3839,1.1904
0.3845,1.1853
0.3850,1.1853
0.3855,1.1853
0.3860,1.1904
0.3866,1.1904
0.3871,1.1853
0.3876,1.1853
0.3881,1.1904
0.3886,1.1904
0.3892,1.1853
0.3897,1.1904
0.3902,1.1904
0.3907,1.1904
0.3913,1.1853
0.3918,1.1853
0.3923,1.1904
0.3928,1.1853
0.3934,1.1853
0.3939,1.1904
0.3944,1.1904
0.3949,1.1904
0.3954,1.1904
0.3960,1.1904
0.3965,1.1904
0.3970,1.1853
0.3975,1.1853
0.3981,1.1853
0.3986,1.1853
0.3991,1.1904
0.3996,1.1853
0.4002,1.1904
0.4007,1.1904
0.4012,1.1904
0.4017,1.1853
0.4022,1.1904
0.4028,1.1904
0.4033,1.1904
0.4038,1.1904
0.4043,1.1853
0.4049,1.1904
0.4054,1.1904
0.4059,1.1853
0.4064,1.1904
0.4070,1.1904
0.4075,1.1904
0.4080,1.1904
0.4085,1.1904
0.4091,1.1904
0.4096,1.1904
0.4101,1.1853
0.4106,1.1853
0.4111,1.1904
0.4117,1.1904
0.4122,1.1853
0.4127,1.1853
0.4132,1.1904
0.4138,1.1853
0.4143,1.1904
0.4148,1.1904
0.4153,1.1853
0.4159,1.1803
0.4164,1.1803
0.4169,1.1904
0.4174,1.1853
0.4180,1.1853
0.4185,1.1853
0.4190,1.1853
0.4195,1.1853
0.4200,1.1853
0.4206,1.1853
0.4211,1.1904
0.4216,1.1853
0.4221,1.1853
0.4227,1.1853
0.4232,1.1853
0.4237,1.1853
0.4242,1.1853
0.4248,1.1853
0.4253,1.1853
0.4258,1.1904
0.4263,1.1853
0.4269,1.1904
0.4274,1.1853
0.4279,1.1904
0.4284,1.1853
0.4289,1.1904
0.4295,1.1904
0.4300,1.1904
0.4305,1.1853
0.4310,1.1853
0.4316,1.1853
0.4321,1.1904
0.4326,1.1853
0.4331,1.1904
0.4337,1.1904
0.4342,1.1853
0.4347,1.1853
0.4352,1.1853
0.4358,1.1853
0.4363,1.1904
0.4368,1.1853
0.4373,1.1853
0.4378,1.1904
0.4384,1.1904
0.4389,1.1904
0.4394,1.1853
0.4399,1.1904
0.4405,1.1853
0.4410,1.1853
0.4415,1.1904
0.4420,1.1803
0.4426,1.1904
0.4431,1.1904
0.4436,1.1904
0.4441,1.1904
0.4446,1.1853
0.4452,1.1904
0.4457,1.1904
0.4462,1.1904
0.4467,1.1853
0.4473,1.1853
0.4478,1.1853
0.4483,1.1853
0.4488,1.1853
0.4494,1.1904
0.4499,1.1853
0.4504,1.1853
0.4509,1.1904
0.4514,1.1853
0.4520,1.1853
0.4525,1.1904
0.4530,1.1904
0.4535,1.1853
0.4541,1.1904
0.4546,1.1853
0.4551,1.1904
0.4556,1.1853
0.4562,1.1853
0.4567,1.1904
0.4572,1.1853
0.4577,1.1853
0.4583,1.1853
0.4588,1.1853
0.4593,1.1853
0.4598,1.1853
0.4603,1.1853
0.4609,1.1904
0.4614,1.1853
0.4619,1.1853
0.4624,1.1853
0.4630,1.1853
0.4635,1.1803
0.4640,1.1853
0.4645,1.1853
0.4651,1.1853
0.4656,1.1853
0.4661,1.1904
0.4666,1.1853
0.4671,1.1904
0.4677,1.1853
0.4682,1.1904
0.4687,1.1853
0.4692,1.1853
0.4698,1.1853
0.4703,1.1904
0.4708,1.1853
0.4713,1.1853
0.4719,1.1904
0.4724,1.1853
0.4729,1.1853
0.4734,1.1853
0.4739,1.1853
0.4745,1.1853
0.4750,1.1853
0.4755,1.1853
0.4760,1.1853
0.4766,1.1853
0.4771,1.1853
0.4776,1.1853
0.4781,1.1803
0.4787,1.1853
0.4792,1.1853
0.4797,1.1853
0.4802,1.1853
0.4807,1.1803
0.4813,1.1853
0.4818,1.1853
0.4823,1.1853
0.4828,1.1904
0.4834,1.1904
0.4839,1.1853
0.4844,1.1803
0.4849,1.1853
0.4855,1.1853
0.4860,1.1853
0.4865,1.1853
0.4870,1.1904
0.4876,1.1904
0.4881,1.1853
0.4886,1.1853
0.4891,1.1853
0.4896,1.1853
0.4902,1.1904
0.4907,1.1904
0.4912,1.1853
0.4917,1.1853
0.4923,1.1853
0.4928,1.1853
0.4933,1.1853
0.4938,1.1853
0.4944,1.1853
0.4949,1.1904
0.4954,1.1904
0.4959,1.1853
0.4964,1.1853
0.4970,1.1853
0.4975,1.1853
0.4980,1.1803
0.4985,1.1904
0.4991,1.1853
0.4996,1.1853
0.5001,1.1853
0.5006,1.1904
0.5012,1.1853
0.5017,1.1853
0.5022,1.1904
0.5027,1.1853
0.5032,1.1904
0.5038,1.1853
0.5043,1.1853
0.5048,1.1853
0.5053,1.1853
0.5059,1.1803
0.5064,1.1853
0.5069,1.1853
0.5074,1.1853
0.5080,1.1853
0.5085,1.1904
0.5090,1.1853
0.5095,1.1853
0.5100,1.1853
0.5106,1.1904
0.5111,1.1853
0.5116,1.1853
0.5121,1.1853
0.5127,1.1853
0.5132,1.1853
0.5137,1.1853
0.5142,1.1853
0.5148,1.1904
0.5153,1.1904
0.5158,1.1904
0.5163,1.1853
0.5168,1.1853
0.5174,1.1853
0.5179,1.1803
0.5184,1.1853
0.5189,1.1853
0.5195,1.1853
0.5200,1.1853
0.5205,1.1853
0.5210,1.1853
0.5216,1.1853
0.5221,1.1853
0.5226,1.1853
0.5231,1.1853
0.5237,1.1904
0.5242,1.1853
0.5247,1.1853
0.5252,1.1853
0.5257,1.1904
0.5263,1.1853
0.5268,1.1853
0.5273,1.1853
0.5278,1.1853
0.5284,1.1853
0.5289,1.1853
0.5294,1.1853
0.5299,1.1853
0.5305,1.1853
0.5310,1.1853
0.5315,1.1904
0.5320,1.1853
0.5325,1.1853
0.5331,1.1853
0.5336,1.1853
0.5341,1.1853
0.5346,1.1853
0.5352,1.1853
0.5357,1.1904
0.5362,1.1853
0.5367,1.1853
0.5373,1.1803
0.5378,1.1853
0.5383,1.1853
0.5388,1.1853
0.5393,1.1853
0.5399,1.1853
0.5404,1.1904
0.5409,1.1853
0.5414,1.1853
0.5420,1.1853
0.5425,1.1853
0.5430,1.1853
0.5435,1.1853
0.5441,1.1853
0.5446,1.1853
0.5451,1.1853
0.5456,1.1853
0.5461,1.1904
0.5467,1.1853
0.5472,1.1803
0.5477,1.1853
0.5482,1.1853
0.5488,1.1803
0.5493,1.1803
0.5498,1.1853
0.5503,1.1853
0.5509,1.1853
0.5514,1.1853
0.5519,1.1853
0.5524,1.1853
0.5529,1.1853
0.5535,1.1853
0.5540,1.1853
0.5545,1.1853
0.5550,1.1803
0.5556,1.1853
0.5561,1.1853
0.5566,1.1853
0.5571,1.1904
0.5577,1.1853
0.5582,1.1853
0.5587,1.1853
0.5592,1.1853
0.5597,1.1853
0.5603,1.1853
0.5608,1.1853
0.5613,1.1853
0.5618,1.1853
0.5624,1.1853
0.5629,1.1853
0.5634,1.1853
0.5639,1.1803
0.5645,1.1853
0.5650,1.1853
0.5655,1.1853
0.5660,1.1803
0.5666,1.1803
0.5671,1.1853
0.5676,1.1853
0.5681,1.1853
0.5686,1.1853
0.5692,1.1853
0.5697,1.1853
0.5702,1.1853
0.5707,1.1853
0.5713,1.1853
0.5718,1.1853
0.5723,1.1853
0.5728,1.1853
0.5734,1.1853
0.5739,1.1853
0.5744,1.1853
0.5749,1.1803
0.5754,1.1853
0.5760,1.1853
0.5765,1.1803
0.5770,1.1853
0.5775,1.1853
0.5781,1.1853
0.5786,1.1803
0.5791,1.1904
0.5796,1.1803
0.5801,1.1803
0.5807,1.1803
0.5812,1.1853
0.5817,1.1853
0.5822,1.1904
0.5828,1.1853
0.5833,1.1803
0.5838,1.1803
0.5843,1.1803
0.5849,1.1853
0.5854,1.1904
0.5859,1.1853
0.5864,1.1853
0.5869,1.1803
0.5875,1.1853
0.5880,1.1853
0.5885,1.1853
0.5890,1.1853
0.5896,1.1853
0.5901,1.1853
0.5906,1.1853
0.5911,1.1853
0.5917,1.1853
0.5922,1.1853
0.5927,1.1853
0.5932,1.1803
0.5938,1.1853
0.5943,1.1853
0.5948,1.1853
0.5953,1.1853
0.5958,1.1853
0.5964,1.1803
0.5969,1.1803
0.5974,1.1803
0.5979,1.1904
0.5985,1.1853
0.5990,1.1803
0.5995,1.1803
0.6000,1.1853
0.6006,1.1853
0.6011,1.1853
0.6016,1.1853
0.6021,1.1803
0.6026,1.1803
0.6032,1.1853
0.6037,1.1853
0.6042,1.1803
0.6047,1.1803
0.6053,1.1803
0.6058,1.1752
0.6063,1.1803
0.6068,1.1853
0.6074,1.1853
0.6079,1.1803
0.6084,1.1853
0.6089,1.1803
0.6095,1.1853
0.6100,1.1853
0.6105,1.1853
0.6110,1.1853
0.6116,1.1853
0.6121,1.1803
0.6126,1.1803
0.6131,1.1853
0.6136,1.1803
0.6142,1.1853
0.6147,1.1853
0.6152,1.1853
0.6157,1.1853
0.6163,1.1853
0.6168,1.1803
0.6173,1.1803
0.6178,1.1803
0.6184,1.1853
0.6189,1.1853
0.6195,1.1853
0.6200,1.1853
0.6205,1.1853
0.6211,1.1853
0.6217,1.1853
0.6222,1.1853
0.6228,1.1803
0.6233,1.1803
0.6239,1.1853
0.6244,1.1853
0.6250,1.1803
0.6256,1.1803
0.6261,1.1853
0.6267,1.1803
0.6272,1.1853
0.6278,1.1803
0.6284,1.1803
0.6289,1.1803
0.6295,1.1853
0.6300,1.1803
0.6306,1.1853
0.6312,1.1853
0.6317,1.1853
0.6323,1.1853
0.6329,1.1853
0.6334,1.1803
0.6340,1.1803
0.6345,1.1803
0.6351,1.1853
0.6356,1.1803
0.6362,1.1853
0.6368,1.1803
0.6373,1.1853
0.6379,1.1853
0.6384,1.1803
0.6390,1.1853
0.6396,1.1853
0.6401,1.1803
0.6407,1.1853
0.6412,1.1853
0.6418,1.1803
0.6424,1.1803
0.6429,1.1803
0.6435,1.1853
0.6441,1.1853
0.6446,1.1853
0.6452,1.1853
0.6457,1.1853
0.6463,1.1853
0.6469,1.1803
0.6474,1.1803
0.6480,1.1803
0.6485,1.1853
0.6491,1.1853
0.6497,1.1803
0.6502,1.1853
0.6508,1.1853
0.6513,1.1853
0.6519,1.1853
0.6524,1.1853
0.6530,1.1853
0.6535,1.1803
0.6541,1.1853
0.6546,1.1803
0.6552,1.1853
0.6557,1.1803
0.6563,1.1803
0.6568,1.1803
0.6574,1.1853
0.6579,1.1803
0.6585,1.1803
0.6590,1.1803
0.6596,1.1803
0.6601,1.1853
0.6607,1.1803
0.6612,1.1803
0.6618,1.1853
0.6623,1.1853
0.6629,1.1803
0.6634,1.1803
0.6640,1.1853
0.6645,1.1803
0.6651,1.1803
0.6656,1.1853
0.6662,1.1803
0.6667,1.1853
0.6673,1.1853
0.6678,1.1803
0.6684,1.1853
0.6689,1.1853
0.6695,1.1853
0.6700,1.1853
0.6706,1.1803
0.6711,1.1803
0.6717,1.1853
0.6722,1.1803
0.6728,1.1803
0.6733,1.1803
0.6739,1.1853
0.6744,1.1803
0.6750,1.1853
0.6755,1.1904
0.6761,1.1853
0.6767,1.1853
0.6772,1.1853
0.6778,1.1853
0.6783,1.1803
0.6789,1.1853
0.6794,1.1803
0.6800,1.1853
0.6805,1.1853
0.6811,1.1803
0.6816,1.1853
0.6822,1.1853
0.6828,1.1803
0.6834,1.1803
0.6839,1.1803
0.6845,1.1853
0.6850,1.1853
0.6856,1.1803
0.6861,1.1853
0.6866,1.1803
0.6872,1.1853
0.6877,1.1803
0.6883,1.1853
0.6888,1.1853
0.6894,1.1803
0.6899,1.1853
0.6905,1.1853
0.6910,1.1853
0.6916,1.1803
0.6921,1.1803
0.6927,1.1853
0.6932,1.1803
0.6937,1.1853
0.6943,1.1803
0.6948,1.1803
0.6954,1.1853
0.6959,1.1803
0.6965,1.1853
0.6970,1.1853
0.6976,1.1853
0.6981,1.1853
0.6987,1.1853
0.6992,1.1803
0.6998,1.1853
0.7003,1.1853
0.7008,1.1853
0.7014,1.1853
0.7019,1.1853
0.7025,1.1803
0.7030,1.1853
0.7036,1.1904
0.7041,1.1853
0.7047,1.1853
0.7052,1.1853
0.7058,1.1853
0.7063,1.1803
0.7069,1.1853
0.7074,1.1803
0.7079,1.1904
0.7085,1.1803
0.7090,1.1853
0.7096,1.1853
0.7101,1.1853
0.7107,1.1853
0.7112,1.1853
0.7118,1.1853
0.7123,1.1853
0.7129,1.1853
0.7134,1.1853
0.7140,1.1853
0.7145,1.1904
0.7151,1.1803
0.7156,1.1904
0.7162,1.1853
0.7167,1.1853
0.7173,1.1904
0.7178,1.1904
0.7183,1.1853
0.7189,1.1853
0.7194,1.1853
0.7201,1.1853
0.7207,1.1853
0.7212,1.1904
0.7218,1.1853
0.7223,1.1853
0.7228,1.1904
0.7234,1.1904
0.7239,1.1853
0.7244,1.1853
0.7250,1.1904
0.7255,1.1904
0.7260,1.1853
0.7266,1.1904
0.7271,1.1853
0.7277,1.1853
0.7282,1.1853
0.7287,1.1904
0.7293,1.1904
0.7298,1.1904
0.7303,1.1904
0.7309,1.1904
0.7314,1.1904
0.7319,1.1904
0.7325,1.1803
0.7330,1.1904
0.7336,1.1904
0.7341,1.1904
0.7346,1.1904
0.7352,1.1904
0.7357,1.1904
0.7362,1.1904
0.7368,1.1954
0.7373,1.1904
0.7379,1.1904
0.7384,1.1904
0.7389,1.1954
0.7395,1.1904
0.7400,1.1904
0.7406,1.1904
0.7411,1.1853
0.7416,1.1904
0.7422,1.1954
0.7427,1.1904
0.7433,1.1853
0.7438,1.1904
0.7443,1.1954
0.7449,1.1904
0.7454,1.1954
0.7460,1.1904
0.7465,1.1954
0.7471,1.1954
0.7476,1.1904
0.7481,1.1904
0.7487,1.1954
0.7492,1.1904
0.7497,1.1904
0.7503,1.1904
0.7508,1.1954
0.7514,1.1904
0.7519,1.1904
0.7524,1.1904
0.7530,1.1904
0.7535,1.1954
0.7541,1.1954
0.7546,1.1954
0.7551,1.1954
0.7557,1.1954
0.7562,1.1904
0.7568,1.2005
0.7573,1.1954
0.7578,1.1954
0.7584,1.2005
0.7589,1.1954
0.7594,1.1954
0.7600,1.1904
0.7605,1.1954
0.7611,1.1954
0.7616,1.2005
0.7621,1.1954
0.7627,1.1904
0.7632,1.2005
0.7638,1.1954
0.7643,1.1954
0.7648,1.1954
0.7654,1.1954
0.7659,1.1954
0.7664,1.1954
0.7670,1.1954
0.7675,1.1954
0.7681,1.1954
0.7686,1.1954
0.7691,1.1954
0.7697,1.1954
0.7702,1.2005
0.7708,1.1904
0.7713,1.1954
0.7718,1.2005
0.7724,1.2005
0.7729,1.1954
0.7734,1.2005
0.7740,1.1954
0.7745,1.2005
0.7751,1.2005
0.7756,1.1954
0.7761,1.2005
0.7767,1.1954
0.7772,1.2005
0.7778,1.1954
0.7783,1.2005
0.7788,1.1954
0.7794,1.1954
0.7799,1.1954
0.7805,1.2005
0.7810,1.2005
0.7815,1.1954
0.7821,1.2005
0.7826,1.2005
0.7832,1.1954
0.7837,1.1954
0.7842,1.2005
0.7848,1.2005
0.7853,1.1954
0.7859,1.2005
0.7864,1.2005
0.7869,1.2005
0.7875,1.2005
0.7880,1.2055
0.7885,1.2005
0.7891,1.2005
0.7896,1.2005
0.7902,1.1954
0.7907,1.2005
0.7912,1.2055
0.7918,1.2005
0.7923,1.2005
0.7929,1.2005
0.7934,1.2005
0.7940,1.2005
0.7945,1.2055
0.7950,1.2005
0.7956,1.2005
0.7961,1.2005
0.7967,1.2005
0.7972,1.2005
0.7977,1.2005
0.7983,1.2005
0.7988,1.2005
0.7993,1.2055
0.7999,1.2005
0.8004,1.1954
0.8010,1.2005
0.8015,1.1954
0.8020,1.1954
0.8026,1.2005
0.8031,1.2055
0.8037,1.2005
0.8042,1.1954
0.8047,1.2005
0.8053,1.1954
0.8058,1.2055
0.8063,1.2005
0.8069,1.2005
0.8074,1.2005
0.8080,1.2005
0.8085,1.2005
0.8090,1.2005
0.8096,1.2005
0.8101,1.2005
0.8107,1.2005
0.8112,1.2005
0.8117,1.1954
0.8123,1.2005
0.8128,1.2005
0.8133,1.2055
0.8139,1.2055
0.8144,1.2005
0.8150,1.1954
0.8155,1.2005
0.8161,1.2005
0.8166,1.2005
0.8171,1.2005
0.8177,1.2005
0.8182,1.2005
0.8188,1.1954
0.8193,1.2005
0.8198,1.2055
0.8205,1.2055
0.8210,1.2005
0.8216,1.2005
0.8221,1.2005
0.8226,1.2005
0.8232,1.2005
0.8237,1.1954
0.8242,1.2005
0.8248,1.2005
0.8253,1.2055
0.8258,1.2005
0.8264,1.2005
0.8269,1.2005
0.8274,1.2055
0.8280,1.2005
0.8285,1.1954
0.8290,1.2005
0.8296,1.2055
0.8301,1.2005
0.8307,1.2005
0.8312,1.2005
0.8317,1.2005
0.8323,1.2055
0.8328,1.2005
0.8333,1.2005
0.8339,1.2005
0.8344,1.2005
0.8349,1.2005
0.8355,1.1954
0.8360,1.2005
0.8365,1.1954
0.8371,1.2005
0.8376,1.2055
0.8381,1.2005
0.8387,1.2055
0.8392,1.2005
0.8397,1.2055
0.8403,1.2055
0.8408,1.2055
0.8413,1.2005
0.8419,1.2005
0.8424,1.1954
0.8429,1.2005
0.8435,1.2005
0.8440,1.2005
0.8446,1.2055
0.8451,1.2055
0.8456,1.2005
0.8462,1.2055
0.8467,1.2005
0.8472,1.2005
0.8478,1.2005
0.8483,1.2005
0.8488,1.2005
0.8494,1.2055
0.8499,1.1954
0.8504,1.2055
0.8510,1.2055
0.8515,1.2005
0.8520,1.2005
0.8526,1.2005
0.8531,1.2055
0.8536,1.2005
0.8542,1.2055
0.8547,1.2055
0.8552,1.2005
0.8558,1.2005
0.8563,1.2055
0.8569,1.2055
0.8574,1.2005
0.8579,1.2055
0.8585,1.2055
0.8590,1.2005
0.8595,1.2055
0.8601,1.2055
0.8606,1.2005
0.8611,1.2055
0.8617,1.2055
0.8622,1.2055
0.8628,1.2005
0.8633,1.2055
0.8638,1.2055
0.8644,1.2005
0.8649,1.2005
0.8654,1.2005
0.8660,1.2005
0.8665,1.2055
0.8670,1.2005
0.8676,1.2005
0.8681,1.2005
0.8686,1.2055
0.8692,1.2055
0.8697,1.2055
0.8702,1.2055
0.8708,1.2005
0.8713,1.2005
0.8718,1.2055
0.8724,1.2005
0.8729,1.2005
0.8734,1.2005
0.8740,1.2055
0.8745,1.2005
0.8750,1.2005
0.8756,1.2005
0.8761,1.2055
0.8766,1.2055
0.8772,1.2055
0.8777,1.2005
0.8783,1.2055
0.8788,1.2055
0.8793,1.2055
0.8799,1.2055
0.8804,1.2005
0.8809,1.2055
0.8815,1.2055
0.8822,1.2055
0.8827,1.2055
0.8834,1.2055
0.8839,1.2055
0.8845,1.2055
0.8850,1.2055
0.8855,1.2055
0.8861,1.2055
0.8866,1.2055
0.8871,1.2055
0.8877,1.2005
0.8882,1.2055
0.8887,1.2106
0.8893,1.2055
0.8898,1.2055
0.8903,1.2055
0.8909,1.2005
0.8914,1.2005
0.8919,1.2055
0.8925,1.2005
0.8930,1.2055
0.8935,1.2055
0.8941,1.2055
0.8946,1.2055
0.8951,1.2055
0.8957,1.2055
0.8962,1.2005
0.8967,1.2005
0.8973,1.2055
0.8978,1.2005
0.8983,1.2055
0.8989,1.2055
0.8994,1.2055
0.8999,1.2005
0.9005,1.2055
0.9010,1.2055
0.9015,1.2055
0.9020,1.2055
0.9026,1.2005
0.9031,1.2005
0.9036,1.2005
0.9042,1.2055
0.9047,1.2055
0.9052,1.2055
0.9058,1.2005
0.9063,1.2005
0.9068,1.2055
0.9074,1.2055
0.9079,1.2055
0.9084,1.2055
0.9090,1.2055
0.9095,1.2005
0.9100,1.2005
0.9106,1.2005
0.9111,1.2055
0.9116,1.2055
0.9122,1.2055
0.9127,1.2005
0.9132,1.2005
0.9138,1.2055
0.9143,1.2005
0.9148,1.2055
0.9154,1.2055
0.9159,1.2055
0.9164,1.2005
0.9170,1.2005
0.9175,1.2055
0.9180,1.2055
0.9186,1.2055
0.9191,1.2055
0.9196,1.2055
0.9202,1.2055
0.9207,1.2055
0.9213,1.2055
0.9219,1.2005
0.9224,1.2055
0.9230,1.2005
0.9235,1.2055
0.9240,1.2055
0.9246,1.1954
0.9251,1.2055
0.9257,1.2055
0.9262,1.2055
0.9267,1.2055
0.9273,1.2005
0.9278,1.2055
0.9283,1.2055
0.9289,1.2055
0.9294,1.1954
0.9300,1.2055
0.9305,1.2005
0.9310,1.2055
0.9316,1.2005
0.9321,1.2005
0.9327,1.2055
0.9332,1.2005
0.9337,1.2005
0.9343,1.2055
0.9348,1.2005
0.9354,1.2055
0.9359,1.2005
0.9364,1.2005
0.9370,1.2005
0.9375,1.2005
0.9380,1.2055
0.9386,1.2055
0.9391,1.2055
0.9397,1.2005
0.9402,1.2005
0.9407,1.2005
0.9413,1.2055
0.9418,1.2055
0.9424,1.2055
0.9429,1.2005
0.9434,1.2055
0.9440,1.2005
0.9445,1.2055
0.9451,1.2005
0.9456,1.2055
0.9461,1.2005
0.9467,1.2005
0.9472,1.2055
0.9477,1.2055
0.9483,1.2005
0.9488,1.2005
0.9494,1.2005
0.9499,1.2055
0.9505,1.2055
0.9510,1.2055
0.9515,1.2005
0.9521,1.2055
0.9526,1.2005
0.9532,1.2005
0.9537,1.2005
0.9542,1.2005
0.9548,1.2005
0.9553,1.2005
0.9558,1.2005
0.9564,1.2005
0.9569,1.2055
0.9575,1.2005
0.9580,1.2005
0.9585,1.2005
0.9591,1.2005
0.9596,1.2005
0.9602,1.2005
0.9607,1.2055
0.9612,1.2055
0.9618,1.2005
0.9623,1.2005
0.9628,1.1954
0.9634,1.2005
0.9639,1.2055
0.9645,1.1954
0.9650,1.2005
0.9656,1.2005
0.9661,1.2055
0.9666,1.2005
0.9672,1.2005
0.9677,1.2005
0.9682,1.2005
0.9688,1.2005
0.9693,1.2005
0.9699,1.1954
0.9704,1.2005
0.9710,1.2055
0.9715,1.1954
0.9720,1.2005
0.9726,1.2005
0.9731,1.2055
0.9736,1.2005
0.9742,1.2055
0.9747,1.2005
0.9753,1.2005
0.9758,1.2005
0.9763,1.1954
0.9769,1.2005
0.9774,1.1954
0.9780,1.2005
0.9785,1.2005
0.9790,1.2005
0.9796,1.2055
0.9801,1.2005
0.9806,1.2005
0.9812,1.2005
0.9817,1.2005
0.9823,1.2005
0.9828,1.2005
0.9833,1.2005
0.9839,1.2005
0.9844,1.2005
0.9850,1.2005
0.9855,1.2005
0.9860,1.2005
0.9866,1.2005
0.9871,1.2055
0.9876,1.2005
0.9882,1.2005
0.9887,1.2005
0.9893,1.2005
0.9898,1.2005
0.9903,1.2005
0.9909,1.2005
0.9914,1.2005
0.9920,1.1954
0.9925,1.2005
0.9930,1.2005
0.9936,1.2005
0.9941,1.2005
0.9947,1.2005
0.9952,1.1954
0.9957,1.2005
0.9963,1.2005
0.9968,1.2005
0.9973,1.2005
0.9979,1.1954
0.9984,1.2005
0.9990,1.2005
0.9995,1.2005
1.0000,1.2055
1.0006,1.2005
1.0011,1.2005
1.0017,1.2005
1.0022,1.2005
1.0027,1.2005
1.0033,1.2005
1.0038,1.2005
1.0043,1.2005
1.0049,1.2055
1.0054,1.2005
1.0060,1.1954
1.0065,1.2005
1.0070,1.2005
1.0076,1.1954
1.0081,1.1954
1.0087,1.2055
1.0092,1.1954
1.0097,1.2005
1.0103,1.1954
1.0108,1.2005
1.0113,1.2005
1.0119,1.1954
1.0124,1.2005
1.0130,1.1954
1.0135,1.2005
1.0140,1.2005
1.0146,1.2005
1.0151,1.1954
1.0157,1.2005
1.0162,1.2005
1.0167,1.2005
1.0173,1.1954
1.0178,1.2005
1.0184,1.2005
1.0189,1.2005
1.0195,1.2005
1.0200,1.2005
1.0205,1.1954
1.0211,1.1954
1.0216,1.1954
1.0221,1.2005
1.0227,1.2005
1.0232,1.1954
1.0238,1.1954
1.0243,1.2005
1.0248,1.2005
1.0254,1.2005
1.0259,1.2005
1.0265,1.1954
1.0270,1.2005
1.0275,1.2005
1.0281,1.2005
1.0286,1.2005
1.0292,1.1954
1.0297,1.2005
1.0302,1.2005
1.0308,1.2005
1.0313,1.2005
1.0319,1.1954
1.0324,1.2005
1.0329,1.2005
1.0335,1.1954
1.0340,1.2005
1.0345,1.2005
1.0351,1.1954
1.0356,1.2005
1.0362,1.2005
1.0367,1.2005
1.0372,1.2055
1.0378,1.2005
1.0383,1.2005
1.0389,1.1954
1.0394,1.1954
1.0399,1.2005
1.0405,1.2005
1.0410,1.2005
1.0415,1.2005
1.0421,1.2005
1.0426,1.2005
1.0432,1.2005
1.0437,1.1954
1.0442,1.2005
1.0448,1.1954
1.0453,1.1954
1.0459,1.2005
1.0464,1.1954
1.0469,1.1954
1.0475,1.1954
1.0480,1.2005
1.0485,1.2005
1.0491,1.2005
1.0496,1.2005
1.0502,1.2005
1.0507,1.1954
1.0512,1.2005
1.0518,1.1954
1.0523,1.1954
1.0529,1.1954
1.0534,1.1954
1.0540,1.2005
1.0545,1.2005
1.0550,1.1954
1.0556,1.2005
1.0561,1.1954
1.0567,1.1954
1.0572,1.2005
1.0577,1.2005
1.0583,1.1954
1.0588,1.2005
1.0593,1.2005
1.0599,1.1954
1.0604,1.2005
1.0610,1.1954
1.0615,1.2005
1.0620,1.2005
1.0626,1.1954
1.0631,1.1954
1.0637,1.1954
1.0642,1.1954
1.0647,1.1954
1.0653,1.1954
1.0658,1.1954
1.0664,1.1954
1.0669,1.2005
1.0674,1.2005
1.0680,1.1954
1.0685,1.2005
1.0690,1.2005
1.0696,1.2005
1.0701,1.2005
1.0707,1.1954
1.0712,1.2005
1.0717,1.2005
1.0723,1.2005
1.0728,1.2005
1.0734,1.2005
1.0739,1.1954
1.0744,1.1904
1.0750,1.2005
1.0755,1.2005
1.0760,1.1954
1.0766,1.1954
1.0771,1.2005
1.0777,1.2005
1.0782,1.1954
1.0787,1.1954
1.0793,1.1954
1.0798,1.2005
1.0803,1.1954
1.0809,1.1954
1.0814,1.2005
1.0820,1.2005
1.0825,1.2005
1.0830,1.1904
1.0836,1.2005
1.0841,1.2005
1.0847,1.2005
1.0852,1.1954
1.0857,1.1954
1.0863,1.1954
1.0868,1.2005
1.0874,1.2005
1.0879,1.1954
1.0884,1.2005
1.0890,1.1954
1.0895,1.1954
1.0900,1.1954
1.0906,1.1954
1.0911,1.2005
1.0916,1.2005
1.0922,1.1954
1.0927,1.1954
1.0933,1.2005
1.0938,1.1954
1.0943,1.1954
1.0949,1.1954
1.0954,1.1954
1.0959,1.2005
1.0965,1.1954
1.0970,1.1954
1.0975,1.2005
1.0981,1.1954
1.0986,1.1904
1.0992,1.2005
1.0997,1.1954
1.1002,1.1954
1.1008,1.1954
1.1013,1.1954
1.1018,1.1954
1.1024,1.1954
1.1029,1.1954
1.1034,1.1904
1.1040,1.1904
1.1045,1.1954
1.1050,1.2005
1.1056,1.1954
1.1061,1.1954
1.1067,1.1904
1.1072,1.2005
1.1077,1.1954
1.1083,1.1904
1.1088,1.2005
1.1093,1.1954
1.1099,1.1954
1.1104,1.1954
1.1109,1.1954
1.1115,1.1954
1.1120,1.2005
1.1125,1.1954
1.1131,1.1954
1.1136,1.1954
1.1142,1.1954
1.1147,1.1904
1.1152,1.1904
1.1158,1.1954
1.1163,1.1904
1.1169,1.1954
1.1174,1.1954
1.1179,1.1954
1.1185,1.1954
1.1190,1.2005
1.1195,1.1954
1.1201,1.1954
1.1206,1.1904
1.1212,1.2005
1.1217,1.1954
1.1223,1.1954
1.1228,1.1904
1.1233,1.1954
1.1239,1.1954
1.1244,1.1954
1.1250,1.1954
1.1255,1.1954
1.1260,1.1954
1.1266,1.1904
1.1271,1.1904
1.1276,1.1954
1.1282,1.2005
1.1287,1.1904
1.1293,1.1954
1.1298,1.1954
1.1303,1.1954
1.1309,1.1904
1.1314,1.1954
1.1320,1.1954
1.1325,1.1954
1.1330,1.1954
1.1336,1.1954
1.1341,1.1954
1.1346,1.1954
1.1352,1.1904
1.1357,1.1904
1.1363,1.1904
1.1368,1.1904
1.1373,1.1954
1.1379,1.1954
1.1384,1.1904
1.1390,1.1954
1.1395,1.1954
1.1400,1.1904
1.1406,1.1904
1.1411,1.1954
1.1416,1.1904
1.1422,1.1954
1.1427,1.1954
1.1433,1.1954
1.1438,1.1954
1.1443,1.1904
1.1449,1.1954
1.1454,1.1954
1.1460,1.1954
1.1465,1.1954
1.1470,1.1904
1.1476,1.1954
1.1481,1.1954
1.1486,1.1954
1.1492,1.1904
1.1497,1.1904
1.1503,1.1954
1.1508,1.1954
1.1513,1.1954
1.1519,1.1954
1.1524,1.1904
1.1530,1.1954
1.1535,1.1954
1.1540,1.1904
1.1546,1.1954
1.1551,1.1954
1.1557,1.1904
1.1562,1.1904
1.1567,1.1954
1.1573,1.2005
1.1578,1.1904
1.1584,1.1904
1.1589,1.1853
1.1594,1.1954
1.1600,1.1954
1.1605,1.1904
1.1611,1.1904
1.1616,1.1904
1.1621,1.1954
1.1627,1.1904
1.1632,1.1853
1.1637,1.1954
1.1643,1.1904
1.1648,1.1904
1.1654,1.1904
1.1659,1.1904
1.1664,1.1904
1.1670,1.1954
1.1675,1.1904
1.1681,1.1904
1.1686,1.1904
1.1691,1.1904
1.1697,1.1904
1.1702,1.1954
1.1707,1.1904
1.1713,1.1954
1.1718,1.1904
1.1724,1.1853
1.1729,1.1954
1.1734,1.1904
1.1740,1.1904
1.1745,1.1904
1.1751,1.1904
1.1756,1.1853
1.1761,1.1954
1.1767,1.1904
1.1772,1.1954
1.1778,1.1904
1.1783,1.1954
1.1788,1.1954
1.1794,1.1904
1.1799,1.1954
1.1804,1.1904
1.1810,1.1954
1.1815,1.1904
1.1821,1.1954
1.1826,1.1904
1.1831,1.1904
1.1837,1.1904
1.1842,1.1853
1.1848,1.1853
1.1853,1.1904
1.1858,1.1954
1.1864,1.1954
1.1869,1.1904
1.1874,1.1904
1.1880,1.1904
1.1885,1.1904
1.1891,1.1904
1.1896,1.1904
1.1901,1.1904
1.1907,1.1904
1.1912,1.1904
1.1918,1.1904
1.1923,1.1904
1.1928,1.1904
1.1934,1.1853
1.1939,1.1904
1.1944,1.1954
1.1950,1.1904
1.1955,1.1904
1.1961,1.1904
1.1966,1.1904
1.1971,1.1904
1.1977,1.1904
1.1982,1.1904
1.1988,1.1904
1.1993,1.1904
1.1998,1.1904
1.2004,1.1904
1.2009,1.1904
1.2014,1.1904
1.2020,1.1954
1.2025,1.1954
1.2031,1.1904
1.2036,1.1904
1.2041,1.1853
1.2047,1.1904
1.2052,1.1904
1.2058,1.1904
1.2063,1.1853
1.2068,1.1904
1.2074,1.1904
1.2079,1.1853
1.2084,1.1853
1.2090,1.1904
1.2095,1.1904
1.2101,1.1853
1.2106,1.1904
1.2111,1.1904
1.2117,1.1904
1.2122,1.1904
1.2128,1.1904
1.2133,1.1904
1.2138,1.1904
1.2144,1.1904
1.2149,1.1904
1.2155,1.1904
1.2160,1.1904
1.2165,1.1904
1.2171,1.1853
1.2176,1.1904
1.2181,1.1853
1.2187,1.1904
1.2192,1.1904
1.2198,1.1853
1.2203,1.1904
1.2208,1.1904
1.2214,1.1904
1.2219,1.1904
1.2225,1.1853
1.2230,1.1904
1.2236,1.1904
1.2241,1.1904
1.2247,1.1904
1.2252,1.1853
1.2258,1.1853
1.2263,1.1904
1.2268,1.1904
1.2274,1.1853
1.2279,1.1904
1.2285,1.1853
1.2290,1.1853
1.2295,1.1904
1.2301,1.1904
1.2306,1.1853
1.2311,1.1904
1.2317,1.1853
1.2322,1.1904
1.2328,1.1904
1.2333,1.1904
1.2338,1.1904
1.2344,1.1803
1.2349,1.1904
1.2355,1.1853
1.2360,1.1904
1.2365,1.1853
1.2371,1.1853
1.2376,1.1904
1.2381,1.1853
1.2387,1.1904
1.2392,1.1853
1.2398,1.1904
1.2403,1.1904
1.2408,1.1904
1.2414,1.1904
1.2419,1.1904
1.2425,1.1853
1.2430,1.1904
1.2435,1.1853
1.2441,1.1904
1.2446,1.1904
1.2451,1.1853
1.2457,1.1904
1.2462,1.1853
1.2468,1.1904
1.2473,1.1853
1.2478,1.1853
1.2484,1.1904
1.2489,1.1904
1.2495,1.1853
1.2500,1.1853
1.2505,1.1904
1.2511,1.1853
1.2516,1.1904
1.2521,1.1904
1.2527,1.1904
1.2532,1.1853
1.2538,1.1853
1.2543,1.1853
1.2548,1.1904
1.2554,1.1853
1.2559,1.1853
1.2565,1.1853
1.2570,1.1904
1.2575,1.1904
1.2581,1.1904
1.2586,1.1904
1.2591,1.1853
1.2597,1.1853
1.2602,1.1853
1.2608,1.1904
1.2613,1.1853
1.2618,1.1904
1.2624,1.1904
1.2629,1.1853
1.2635,1.1904
1.2640,1.1904
1.2645,1.1904
1.2651,1.1904
1.2656,1.1853
1.2662,1.1853
1.2667,1.1904
1.2672,1.1803
1.2678,1.1853
1.2683,1.1853
1.2688,1.1853
1.2694,1.1853
1.2699,1.1904
1.2705,1.1904
1.2710,1.1853
1.2715,1.1853
1.2721,1.1853
1.2726,1.1904
1.2732,1.1904
1.2737,1.1853
1.2742,1.1904
1.2748,1.1853
1.2753,1.1904
1.2758,1.1853
1.2764,1.1853
1.2769,1.1904
1.2775,1.1853
1.2780,1.1853
1.2785,1.1853
1.2791,1.1904
1.2796,1.1904
1.2801,1.1853
1.2807,1.1853
1.2812,1.1904
1.2818,1.1853
1.2823,1.1853
1.2828,1.1853
1.2834,1.1853
1.2840,1.1853
1.2845,1.1904
1.2850,1.1853
1.2856,1.1853
1.2861,1.1904
1.2866,1.1904
1.2872,1.1904
1.2877,1.1853
1.2882,1.1904
1.2888,1.1853
1.2893,1.1904
1.2898,1.1853
1.2904,1.1853
1.2909,1.1853
1.2915,1.1853
1.2920,1.1904
1.2925,1.1853
1.2931,1.1853
1.2936,1.1853
1.2942,1.1803
1.2947,1.1904
1.2952,1.1853
1.2958,1.1803
1.2963,1.1904
1.2968,1.1904
1.2974,1.1904
1.2979,1.1904
1.2984,1.1853
1.2990,1.1904
1.2995,1.1853
1.3000,1.1853
1.3006,1.1853
1.3011,1.1904
1.3017,1.1904
1.3022,1.1853
1.3027,1.1853
1.3033,1.1853
1.3038,1.1853
1.3043,1.1853
1.3049,1.1853
1.3054,1.1803
1.3059,1.1904
1.3065,1.1853
1.3070,1.1853
1.3075,1.1904
1.3081,1.1853
1.3086,1.1853
1.3092,1.1853
1.3097,1.1853
1.3102,1.1904
1.3108,1.1853
1.3113,1.1853
1.3118,1.1853
1.3124,1.1904
1.3129,1.1853
1.3134,1.1853
1.3140,1.1904
1.3145,1.1853
1.3151,1.1904
1.3156,1.1853
1.3161,1.1904
1.3167,1.1853
1.3172,1.1853
1.3177,1.1853
1.3183,1.1853
1.3188,1.1853
1.3194,1.1904
1.3199,1.1803
1.3204,1.1853
1.3210,1.1904
1.3215,1.1853
1.3221,1.1853
1.3227,1.1853
1.3232,1.1853
1.3238,1.1853
1.3243,1.1803
1.3249,1.1853
1.3254,1.1803
1.3259,1.1904
1.3265,1.1853
1.3270,1.1853
1.3275,1.1803
1.3281,1.1904
1.3286,1.1853
1.3291,1.1904
1.3297,1.1853
1.3302,1.1853
1.3307,1.1853
1.3313,1.1853
1.3318,1.1904
1.3323,1.1853
1.3329,1.1853
1.3334,1.1904
1.3340,1.1904
1.3345,1.1853
1.3350,1.1853
1.3356,1.1853
1.3361,1.1853
1.3366,1.1853
1.3372,1.1853
1.3377,1.1853
1.3382,1.1853
1.3388,1.1904
1.3393,1.1904
1.3398,1.1853
1.3404,1.1853
1.3409,1.1853
1.3414,1.1853
1.3420,1.1853
1.3425,1.1904
1.3430,1.1853
1.3436,1.1803
1.3441,1.1853
1.3446,1.1853
1.3452,1.1853
1.3457,1.1904
1.3462,1.1853
1.3468,1.1853
1.3473,1.1853
1.3479,1.1853
1.3484,1.1853
1.3489,1.1904
1.3495,1.1853
1.3500,1.1803
1.3505,1.1853
1.3511,1.1904
1.3516,1.1904
1.3521,1.1853
1.3527,1.1904
1.3532,1.1853
1.3537,1.1853
1.3543,1.1853
1.3548,1.1853
1.3553,1.1853
1.3559,1.1853
1.3564,1.1853
1.3569,1.1853
1.3575,1.1853
1.3580,1.1904
1.3585,1.1853
1.3591,1.1904
1.3596,1.1904
1.3601,1.1853
1.3607,1.1853
1.3612,1.1904
1.3618,1.1904
1.3623,1.1904
1.3628,1.1904
1.3634,1.1853
1.3639,1.1853
1.3644,1.1853
1.3650,1.1853
1.3655,1.1853
1.3660,1.1853
1.3666,1.1853
1.3671,1.1853
1.3677,1.1853
1.3682,1.1853
1.3687,1.1853
1.3693,1.1853
1.3698,1.1904
1.3703,1.1853
1.3709,1.1853
1.3714,1.1853
1.3719,1.1853
1.3725,1.1853
1.3730,1.1853
1.3735,1.1853
1.3741,1.1853
1.3746,1.1853
1.3751,1.1853
1.3757,1.1853
1.3762,1.1853
1.3767,1.1853
1.3773,1.1904
1.3778,1.1904
1.3784,1.1853
1.3789,1.1853
1.3794,1.1853
1.3800,1.1853
1.3805,1.1853
1.3810,1.1853
1.3816,1.1853
1.3821,1.1853
1.3826,1.1853
1.3832,1.1853
1.3837,1.1853
1.3842,1.1853
1.3848,1.1853
1.3853,1.1853
1.3858,1.1853
1.3864,1.1904
1.3869,1.1853
1.3874,1.1853
1.3880,1.1853
1.3885,1.1853
1.3890,1.1853
1.3896,1.1904
1.3901,1.1853
1.3907,1.1853
1.3912,1.1853
1.3917,1.1904
1.3923,1.1853
1.3928,1.1853
1.3933,1.1853
1.3939,1.1904
1.3944,1.1904
1.3949,1.1853
1.3955,1.1803
1.3960,1.1853
1.3965,1.1853
1.3971,1.1904
1.3976,1.1853
1.3981,1.1853
1.3987,1.1803
1.3992,1.1904
1.3998,1.1853
1.4003,1.1853
1.4008,1.1853
1.4014,1.1853
1.4019,1.1853
1.4024,1.1853
1.4030,1.1853
1.4035,1.1803
1.4040,1.1904
1.4046,1.1853
1.4051,1.1853
1.4056,1.1853
1.4062,1.1853
1.4067,1.1853
1.4072,1.1904
1.4078,1.1853
1.4083,1.1853
1.4088,1.1853
1.4094,1.1853
1.4099,1.1853
1.4104,1.1904
1.4110,1.1853
1.4115,1.1853
1.4121,1.1853
1.4126,1.1853
1.4131,1.1853
1.4137,1.1853
1.4142,1.1853
1.4147,1.1853
1.4153,1.1853
1.4158,1.1853
1.4163,1.1853
1.4169,1.1853
1.4174,1.1853
1.4179,1.1853
1.4185,1.1904
1.4190,1.1853
1.4195,1.1853
1.4201,1.1853
1.4206,1.1904
1.4211,1.1853
1.4217,1.1803
1.4222,1.1853
1.4227,1.1853
1.4234,1.1803
1.4239,1.1853
1.4245,1.1904
1.4250,1.1853
1.4255,1.1853
1.4261,1.1803
1.4266,1.1853
1.4272,1.1853
1.4277,1.1853
1.4282,1.1853
1.4288,1.1853
1.4293,1.1803
1.4299,1.1904
1.4304,1.1853
1.4310,1.1853
1.4315,1.1853
1.4320,1.1803
1.4326,1.1853
1.4331,1.1853
1.4336,1.1803
1.4342,1.1853
1.4347,1.1853
1.4353,1.1853
1.4358,1.1853
1.4363,1.1853
1.4369,1.1853
1.4374,1.1853
1.4380,1.1853
1.4385,1.1803
1.4390,1.1803
1.4396,1.1904
1.4401,1.1853
1.4406,1.1853
1.4412,1.1803
1.4417,1.1853
1.4423,1.1853
1.4428,1.1803
1.4433,1.1853
1.4439,1.1853
1.4444,1.1853
1.4450,1.1853
1.4455,1.1803
1.4460,1.1803
1.4466,1.1904
1.4471,1.1853
1.4477,1.1853
1.4482,1.1853
1.4487,1.1853
1.4493,1.1853
1.4498,1.1803
1.4503,1.1853
1.4509,1.1853
1.4514,1.1853
1.4520,1.1853
1.4525,1.1803
1.4530,1.1853
1.4536,1.1803
1.4541,1.1853
1.4547,1.1853
1.4552,1.1803
1.4557,1.1853
1.4563,1.1853
1.4568,1.1803
1.4573,1.1853
1.4579,1.1853
1.4584,1.1853
1.4590,1.1853
1.4595,1.1853
1.4600,1.1853
1.4606,1.1853
1.4611,1.1853
1.4617,1.1853
1.4622,1.1853
1.4627,1.1853
1.4633,1.1853
1.4638,1.1853
1.4643,1.1853
1.4649,1.1904
1.4654,1.1853
1.4660,1.1853
1.4665,1.1853
1.4670,1.1853
1.4676,1.1853
1.4681,1.1803
1.4687,1.1853
1.4692,1.1803
1.4697,1.1853
1.4703,1.1803
1.4708,1.1853
1.4714,1.1803
1.4719,1.1803
1.4724,1.1853
1.4730,1.1803
1.4735,1.1803
1.4740,1.1853
1.4746,1.1904
1.4751,1.1853
1.4757,1.1853
1.4762,1.1803
1.4767,1.1803
1.4773,1.1853
1.4778,1.1803
1.4784,1.1853
1.4789,1.1853
1.4794,1.1803
1.4800,1.1853
1.4805,1.1853
1.4810,1.1803
1.4816,1.1853
1.4821,1.1853
1.4827,1.1853
1.4832,1.1803
1.4839,1.1853
1.4844,1.1904
1.4850,1.1803
1.4855,1.1803
1.4860,1.1853
1.4866,1.1803
1.4871,1.1803
1.4876,1.1853
1.4882,1.1853
1.4887,1.1853
1.4893,1.1853
1.4898,1.1803
1.4903,1.1803
1.4909,1.1803
1.4914,1.1803
1.4919,1.1853
1.4925,1.1904
1.4930,1.1803
1.4935,1.1803
1.4941,1.1853
1.4946,1.1853
1.4952,1.1803
1.4957,1.1853
1.4962,1.1803
1.4968,1.1853
1.4973,1.1803
1.4979,1.1853
1.4984,1.1803
1.4989,1.1853
1.4995,1.1803
1.5000,1.1853
1.5005,1.1853
1.5011,1.1853
1.5016,1.1853
1.5021,1.1853
1.5027,1.1803
1.5032,1.1853
1.5037,1.1853
1.5043,1.1803
1.5048,1.1853
1.5054,1.1803
1.5059,1.1853
1.5064,1.1853
1.5070,1.1853
1.5075,1.1853
1.5080,1.1853
1.5086,1.1853
1.5091,1.1853
1.5096,1.1853
1.5102,1.1853
1.5107,1.1853
1.5112,1.1853
1.5118,1.1853
1.5123,1.1803
1.5129,1.1803
1.5134,1.1853
1.5139,1.1853
1.5145,1.1853
1.5150,1.1853
1.5156,1.1853
1.5161,1.1853
1.5166,1.1853
1.5172,1.1803
1.5177,1.1853
1.5182,1.1853
1.5188,1.1853
1.5193,1.1853
1.5198,1.1853
1.5204,1.1853
1.5209,1.1853
1.5214,1.1853
1.5220,1.1803
1.5225,1.1853
1.5231,1.1853
1.5236,1.1853
1.5241,1.1853
1.5247,1.1803
1.5252,1.1853
1.5257,1.1853
1.5263,1.1853
1.5268,1.1853
1.5273,1.1853
1.5279,1.1853
1.5284,1.1803
1.5289,1.1853
1.5295,1.1853
1.5300,1.1853
1.5305,1.1853
1.5310,1.1853
1.5316,1.1803
1.5321,1.1803
1.5326,1.1803
1.5332,1.1853
1.5337,1.1803
1.5342,1.1853
1.5348,1.1853
1.5353,1.1803
1.5358,1.1853
1.5364,1.1853
1.5369,1.1853
1.5374,1.1853
1.5380,1.1853
1.5385,1.1853
1.5390,1.1803
1.5396,1.1853
1.5401,1.1853
1.5406,1.1853
1.5412,1.1853
1.5417,1.1853
1.5422,1.1853
1.5428,1.1803
1.5433,1.1853
1.5438,1.1853
1.5444,1.1803
1.5449,1.1853
1.5454,1.1853
1.5460,1.1803
1.5465,1.1853
1.5470,1.1803
1.5476,1.1803
1.5481,1.1853
1.5486,1.1904
1.5492,1.1853
1.5497,1.1803
1.5502,1.1904
1.5508,1.1853
1.5513,1.1803
1.5518,1.1853
1.5524,1.1853
1.5529,1.1853
1.5534,1.1803
1.5540,1.1803
1.5545,1.1853
1.5550,1.1803
1.5556,1.1853
1.5561,1.1853
1.5566,1.1853
1.5572,1.1853
1.5577,1.1853
1.5583,1.1904
1.5588,1.1853
1.5593,1.1904
1.5599,1.1853
1.5604,1.1904
1.5609,1.1853
1.5615,1.1904
1.5620,1.1853
1.5625,1.1853
1.5631,1.1853
1.5636,1.1853
1.5641,1.1904
1.5647,1.1853
1.5652,1.1853
1.5658,1.1853
1.5663,1.1904
1.5668,1.1904
1.5674,1.1904
1.5679,1.1904
1.5684,1.1853
1.5690,1.1904
1.5695,1.1853
1.5700,1.1904
1.5706,1.1904
1.5711,1.1904
1.5716,1.1904
1.5722,1.1904
1.5727,1.1904
1.5732,1.1853
1.5738,1.1853
1.5743,1.1904
1.5748,1.1853
1.5754,1.1853
1.5759,1.1853
1.5765,1.1904
1.5770,1.1853
1.5775,1.1904
1.5781,1.1904
1.5786,1.1904
1.5791,1.1904
1.5797,1.1954
1.5802,1.1853
1.5807,1.1904
1.5813,1.1904
1.5818,1.1904
1.5823,1.1853
1.5829,1.1904
1.5834,1.1954
1.5839,1.1954
1.5845,1.1954
1.5850,1.1904
1.5855,1.1904
1.5861,1.1904
1.5866,1.1904
1.5872,1.1904
1.5877,1.1904
1.5882,1.1904
1.5888,1.1954
1.5893,1.1904
1.5898,1.1904
1.5904,1.1904
1.5909,1.1954
1.5914,1.1954
1.5920,1.1904
1.5925,1.1904
1.5930,1.1853
1.5936,1.1904
1.5941,1.1904
1.5946,1.1904
1.5952,1.1904
1.5957,1.1904
1.5962,1.1904
1.5968,1.1954
1.5973,1.1904
1.5978,1.1954
1.5984,1.1954
1.5989,1.1954
1.5994,1.1954
1.6000,1.1954
1.6005,1.1954
1.6011,1.1954
1.6016,1.1904
1.6021,1.2005
1.6027,1.1954
1.6032,1.1954
1.6037,1.1954
1.6043,1.1954
1.6048,1.1904
1.6053,1.1904
1.6059,1.1954
1.6064,1.1954
1.6069,1.1954
1.6075,1.1954
1.6080,1.1954
1.6085,1.1954
1.6091,1.1954
1.6096,1.1954
1.6101,1.1954
1.6107,1.1954
1.6112,1.1954
1.6117,1.1954
1.6123,1.1954
1.6128,1.1954
1.6134,1.2005
1.6139,1.1954
1.6144,1.1954
1.6150,1.1954
1.6155,1.1904
1.6160,1.2005
1.6166,1.2005
1.6171,1.1954
1.6176,1.2005
1.6182,1.2005
1.6187,1.2005
1.6192,1.2005
1.6198,1.2005
1.6203,1.1954
1.6208,1.1954
1.6214,1.2005
1.6219,1.1954
1.6224,1.2005
1.6230,1.2005
1.6236,1.1954
1.6241,1.2005
1.6247,1.1954
1.6252,1.2005
1.6258,1.1954
1.6263,1.2005
1.6268,1.1954
1.6274,1.1954
1.6279,1.2005
1.6284,1.2005
1.6290,1.2005
1.6295,1.2005
1.6301,1.2005
1.6306,1.1954
1.6311,1.2005
1.6317,1.2005
1.6322,1.1954
1.6328,1.2005
1.6333,1.2005
1.6339,1.2005
1.6344,1.2005
1.6349,1.2055
1.6355,1.2005
1.6360,1.2005
1.6365,1.1954
1.6371,1.1954
1.6376,1.2005
1.6382,1.2005
1.6387,1.2005
1.6392,1.2005
1.6398,1.2055
1.6403,1.2005
1.6409,1.1954
1.6414,1.1954
1.6419,1.2005
1.6425,1.2005
1.6430,1.2005
1.6435,1.2055
1.6441,1.2005
1.6446,1.2005
1.6452,1.2055
1.6457,1.2005
1.6462,1.2055
1.6468,1.2055
1.6473,1.2005
1.6479,1.1954
1.6484,1.2005
1.6489,1.2055
1.6495,1.2005
1.6500,1.2005
1.6505,1.2005
1.6511,1.1954
1.6516,1.2005
1.6522,1.2055
1.6527,1.2005
1.6532,1.2005
1.6538,1.2005
1.6543,1.2005
1.6549,1.2005
1.6554,1.2055
1.6559,1.2005
1.6565,1.2005
1.6570,1.2055
1.6575,1.2005
1.6581,1.2055
1.6586,1.2005
1.6592,1.2005
1.6597,1.2005
1.6602,1.2055
1.6608,1.2055
1.6613,1.2005
1.6619,1.2005
1.6624,1.2005
1.6629,1.2005
1.6635,1.2055
1.6640,1.2005
1.6646,1.2005
1.6651,1.2055
1.6656,1.2055
1.6662,1.1954
1.6667,1.2055
1.6672,1.2055
1.6678,1.2005
1.6683,1.2055
1.6689,1.2005
1.6694,1.2055
1.6699,1.2055
1.6705,1.2005
1.6710,1.2055
1.6716,1.1954
1.6721,1.2055
1.6726,1.2055
1.6732,1.2005
1.6737,1.2055
1.6742,1.2005
1.6748,1.2005
1.6753,1.2055
1.6759,1.2055
1.6764,1.2005
1.6769,1.2005
1.6775,1.1954
1.6780,1.2055
1.6786,1.2055
1.6791,1.1954
1.6796,1.2005
1.6802,1.2055
1.6807,1.2005
1.6812,1.2055
1.6818,1.2055
1.6823,1.2055
1.6829,1.2055
1.6834,1.2005
1.6840,1.2055
1.6845,1.2055
1.6850,1.2055
1.6856,1.2055
1.6861,1.2055
1.6867,1.2055
1.6872,1.2055
1.6877,1.2005
1.6883,1.2106
1.6888,1.2055
1.6893,1.2005
1.6899,1.2055
1.6904,1.2055
1.6909,1.2005
1.6915,1.2106
1.6920,1.2055
1.6925,1.2005
1.6931,1.2055
1.6936,1.2055
1.6942,1.2055
1.6947,1.2055
1.6952,1.2005
1.6958,1.2055
1.6963,1.2055
1.6968,1.2055
1.6974,1.2055
1.6979,1.2055
1.6984,1.2055
1.6990,1.2055
1.6995,1.2055
1.7000,1.2055
1.7006,1.2005
1.7011,1.2055
1.7017,1.2055
1.7022,1.2106
1.7027,1.2106
1.7033,1.2106
1.7038,1.2055
1.7044,1.2055
1.7049,1.2055
1.7054,1.2106
1.7060,1.2055
1.7065,1.2055
1.7070,1.2055
1.7076,1.2055
1.7081,1.2055
1.7086,1.2106
1.7092,1.2055
1.7097,1.2055
1.7102,1.2106
1.7108,1.2106
1.7113,1.2005
1.7119,1.2055
1.7124,1.2106
1.7129,1.2055
1.7135,1.2106
1.7140,1.2106
1.7146,1.2055
1.7151,1.2106
1.7156,1.2106
1.7162,1.2055
1.7167,1.2106
1.7172,1.2055
1.7178,1.2055
1.7183,1.2106
1.7188,1.2055
1.7194,1.2055
1.7199,1.2055
1.7205,1.2106
1.7210,1.2055
1.7215,1.2055
1.7221,1.2106
1.7226,1.2055
1.7231,1.2106
1.7237,1.2106
1.7243,1.2055
1.7248,1.2055
1.7254,1.2055
1.7259,1.2055
1.7264,1.2055
1.7270,1.2055
1.7275,1.2055
1.7280,1.2055
1.7286,1.2055
1.7291,1.2055
1.7296,1.2055
1.7302,1.2106
1.7307,1.2055
1.7312,1.2055
1.7318,1.2055
1.7323,1.2055
1.7328,1.2055
1.7334,1.2055
1.7339,1.2055
1.7344,1.2055
1.7350,1.2106
1.7355,1.2055
1.7360,1.2106
1.7365,1.2106
1.7371,1.2055
1.7376,1.2055
1.7381,1.2106
1.7387,1.2106
1.7392,1.2106
1.7397,1.2106
1.7403,1.2055
1.7408,1.2055
1.7413,1.2106
1.7419,1.2055
1.7424,1.2055
1.7429,1.2106
1.7435,1.2106
1.7440,1.2106
1.7445,1.2055
1.7451,1.2106
1.7456,1.2106
1.7461,1.2106
1.7467,1.2055
1.7472,1.2055
1.7477,1.2055
1.7483,1.2106
1.7488,1.2106
1.7493,1.2055
1.7499,1.2055
1.7504,1.2106
1.7509,1.2106
1.7515,1.2055
1.7520,1.2055
1.7526,1.2106
1.7531,1.2106
1.7536,1.2055
1.7542,1.2055
1.7547,1.2055
1.7552,1.2106
1.7558,1.2055
1.7563,1.2106
1.7568,1.2005
1.7574,1.2106
1.7579,1.2055
1.7584,1.2055
1.7590,1.2055
1.7595,1.2106
1.7600,1.2055
1.7606,1.2106
1.7611,1.2106
1.7616,1.2005
1.7622,1.2055
1.7627,1.2106
1.7632,1.2106
1.7638,1.2106
1.7643,1.2106
1.7648,1.2106
1.7654,1.2055
1.7659,1.2106
1.7665,1.2106
1.7670,1.2106
1.7675,1.2055
1.7681,1.2106
1.7686,1.2106
1.7691,1.2055
1.7697,1.2055
1.7702,1.2055
1.7707,1.2055
1.7713,1.2106
1.7718,1.2005
1.7724,1.2106
1.7729,1.2106
1.7734,1.2055
1.7740,1.2055
1.7745,1.2055
1.7750,1.2055
1.7756,1.2055
1.7761,1.2055
1.7766,1.2106
1.7772,1.2055
1.7777,1.2106
1.7782,1.2106
1.7788,1.2055
1.7793,1.2055
1.7798,1.2106
1.7804,1.2106
1.7809,1.2106
1.7814,1.2005
1.7820,1.2055
1.7825,1.2106
1.7830,1.2055
1.7836,1.2106
1.7841,1.2156
1.7847,1.2106
1.7852,1.2106
1.7857,1.2055
1.7863,1.2055
1.7868,1.2055
1.7873,1.2055
1.7879,1.2106
1.7884,1.2106
1.7889,1.2055
1.7895,1.2106
1.7900,1.2055
1.7905,1.2055
1.7911,1.2055
1.7916,1.2055
1.7921,1.2055
1.7927,1.2055
1.7932,1.2106
1.7937,1.2106
1.7943,1.2055
1.7948,1.2055
1.7953,1.2106
1.7959,1.2005
1.7964,1.2106
1.7970,1.2106
1.7975,1.2106
1.7980,1.2106
1.7986,1.2106
1.7991,1.2106
1.7996,1.2055
1.8002,1.2055
1.8007,1.2055
1.8012,1.2106
1.8018,1.2055
1.8023,1.2106
1.8028,1.2055
1.8034,1.2106
1.8039,1.2106
1.8044,1.2055
1.8050,1.2055
1.8055,1.2106
1.8060,1.2106
1.8066,1.2055
1.8071,1.2106
1.8076,1.2055
1.8082,1.2055
1.8087,1.2055
1.8093,1.2055
1.8098,1.2055
1.8103,1.2055
1.8109,1.2055
1.8114,1.2106
1.8119,1.2055
1.8125,1.2055
1.8130,1.2055
1.8135,1.2055
1.8141,1.2106
1.8146,1.2055
1.8151,1.2106
1.8157,1.2055
1.8162,1.2106
1.8167,1.2106
1.8173,1.2106
1.8178,1.2055
1.8184,1.2055
1.8189,1.2055
1.8194,1.2055
1.8200,1.2055
1.8205,1.2055
1.8210,1.2055
1.8216,1.2106
1.8221,1.2106
1.8226,1.2106
1.8232,1.2055
1.8237,1.2055
1.8243,1.2055
1.8249,1.2055
1.8254,1.2055
1.8259,1.2106
1.8265,1.2055
1.8270,1.2005
1.8276,1.2055
1.8281,1.2106
1.8286,1.2055
1.8292,1.2055
1.8297,1.2055
1.8302,1.2106
1.8308,1.2005
1.8313,1.2106
1.8319,1.2055
1.8324,1.2055
1.8329,1.2055
1.8335,1.2055
1.8340,1.2055
1.8346,1.2055
1.8351,1.2055
1.8356,1.2106
1.8362,1.2055
1.8367,1.2005
1.8372,1.2055
1.8378,1.2055
1.8383,1.2055
1.8389,1.2055
1.8394,1.2005
1.8400,1.2055
1.8405,1.2106
1.8410,1.2055
1.8416,1.2106
1.8421,1.2055
1.8426,1.2106
1.8432,1.2106
1.8437,1.2055
1.8443,1.2055
1.8448,1.2106
1.8453,1.2055
1.8459,1.2106
1.8464,1.2106
1.8470,1.2055
1.8475,1.2055
1.8480,1.2055
1.8486,1.2055
1.8491,1.2055
1.8497,1.2106
1.8502,1.2055
1.8507,1.2106
1.8513,1.2055
1.8518,1.2055
1.8523,1.2055
1.8529,1.2106
1.8534,1.2106
1.8540,1.2005
1.8545,1.2055
1.8550,1.2055
1.8556,1.2106
1.8561,1.2055
1.8567,1.2055
1.8572,1.2156
1.8577,1.2055
1.8583,1.2106
1.8588,1.2055
1.8594,1.2055
1.8599,1.2055
1.8604,1.2055
1.8610,1.2055
1.8615,1.2106
1.8620,1.2055
1.8626,1.2055
1.8631,1.2106
1.8637,1.2055
1.8642,1.2055
1.8647,1.2106
1.8653,1.2055
1.8658,1.2106
1.8664,1.2106
1.8669,1.2106
1.8674,1.2055
1.8680,1.2005
1.8685,1.2055
1.8690,1.2055
1.8696,1.2055
1.8701,1.2106
1.8707,1.2055
1.8712,1.2055
1.8717,1.2055
1.8723,1.2055
1.8728,1.2055
1.8734,1.2106
1.8739,1.2055
1.8744,1.2106
1.8750,1.2055
1.8755,1.2106
1.8760,1.2106
1.8766,1.2106
1.8771,1.2106
1.8777,1.2055
1.8782,1.2106
1.8787,1.2106
1.8793,1.2106
1.8798,1.2106
1.8804,1.2106
1.8809,1.2106
1.8814,1.2106
1.8820,1.2106
1.8825,1.2055
1.8830,1.2106
1.8836,1.2106
1.8841,1.2055
1.8850,1.2055
1.8855,1.2106
1.8861,1.2055
1.8866,1.2055
1.8871,1.2106
1.8877,1.2106
1.8882,1.2055
1.8887,1.2055
1.8893,1.2106
1.8898,1.2106
1.8904,1.2055
1.8909,1.2055
1.8914,1.2106
1.8920,1.2106
1.8925,1.2055
1.8931,1.2106
1.8936,1.2106
1.8941,1.2055
1.8947,1.2106
1.8952,1.2106
1.8957,1.2106
1.8963,1.2106
1.8968,1.2055
1.8974,1.2106
1.8979,1.2055
1.8984,1.2106
1.8990,1.2055
1.8995,1.2106
1.9000,1.2106
1.9006,1.2055
1.9011,1.2106
1.9017,1.2106
1.9022,1.2106
1.9027,1.2005
1.9033,1.2055
1.9038,1.2106
1.9044,1.2055
1.9049,1.2106
1.9054,1.2106
1.9060,1.2055
1.9065,1.2055
1.9071,1.2055
1.9076,1.2106
1.9081,1.2055
1.9087,1.2055
1.9092,1.2106
1.9098,1.2106
1.9103,1.2156
1.9108,1.2055
1.9114,1.2055
1.9119,1.2106
1.9124,1.2055
1.9130,1.2106
1.9135,1.2106
1.9141,1.2005
1.9146,1.2106
1.9151,1.2055
1.9157,1.2106
1.9162,1.2055
1.9168,1.2055
1.9173,1.2106
1.9178,1.2055
1.9184,1.2106
1.9189,1.2055
1.9194,1.2106
1.9200,1.2055
1.9205,1.2055
1.9211,1.2106
1.9216,1.2055
1.9221,1.2055
1.9227,1.2106
1.9232,1.2055
1.9238,1.2106
1.9243,1.2106
1.9249,1.2106
1.9255,1.2055
1.9260,1.2106
1.9265,1.2055
1.9271,1.2106
1.9276,1.2106
1.9281,1.2106
1.9287,1.2055
1.9292,1.2156
1.9297,1.2106
1.9303,1.2055
1.9308,1.2055
1.9313,1.2055
1.9319,1.2106
1.9324,1.2106
1.9329,1.2055
1.9335,1.2055
1.9340,1.2055
1.9345,1.2106
1.9351,1.2106
1.9356,1.2106
1.9361,1.2106
1.9367,1.2055
1.9372,1.2055
1.9377,1.2106
1.9383,1.2055
1.9388,1.2106
1.9393,1.2055
1.9399,1.2106
1.9404,1.2055
1.9409,1.2055
1.9415,1.2055
1.9420,1.2106
1.9425,1.2055
1.9431,1.2055
1.9436,1.2106
1.9442,1.2106
1.9447,1.2106
1.9452,1.2055
1.9458,1.2055
1.9463,1.2106
1.9468,1.2005
1.9474,1.2106
1.9479,1.2055
1.9484,1.2055
1.9490,1.2055
1.9495,1.2106
1.9500,1.2055
1.9506,1.2055
1.9511,1.2106
1.9516,1.2055
1.9522,1.2055
1.9527,1.2055
1.9532,1.2055
1.9538,1.2055
1.9543,1.2055
1.9548,1.2055
1.9554,1.2106
1.9559,1.2106
1.9564,1.2055
1.9570,1.2005
1.9575,1.2055
1.9581,1.2106
1.9586,1.2055
1.9591,1.2055
1.9597,1.2055
1.9602,1.2055
1.9607,1.2055
1.9613,1.2005
1.9618,1.2055
1.9623,1.2005
1.9629,1.2055
1.9634,1.2055
1.9639,1.2005
1.9645,1.2055
1.9650,1.2106
1.9656,1.2106
1.9661,1.2055
1.9666,1.2055
1.9672,1.2055
1.9677,1.2055
1.9682,1.2005
1.9688,1.2005
1.9693,1.2106
1.9698,1.2055
1.9704,1.2055
1.9709,1.2055
1.9714,1.2055
1.9720,1.2106
1.9725,1.2055
1.9730,1.2055
1.9736,1.2005
1.9741,1.2005
1.9747,1.2005
1.9752,1.2055
1.9757,1.2055
1.9763,1.2055
1.9768,1.2055
1.9773,1.2005
1.9779,1.2055
1.9784,1.2055
1.9789,1.2055
1.9795,1.2005
1.9800,1.2055
1.9805,1.2055
1.9811,1.2055
1.9816,1.2055
1.9822,1.2055
1.9827,1.2055
1.9832,1.2005
1.9838,1.2055
1.9843,1.2005
1.9848,1.2055
1.9854,1.2055
1.9859,1.2005
1.9864,1.2055
1.9870,1.2055
1.9875,1.2005
1.9880,1.2055
1.9886,1.2055
1.9891,1.2005
1.9896,1.2055
1.9902,1.2055
1.9907,1.2055
1.9912,1.2055
1.9918,1.2055
1.9923,1.2055
1.9928,1.2005
1.9934,1.2055
1.9939,1.2005
1.9945,1.2055
1.9950,1.2055
1.9955,1.2055
1.9961,1.2106
1.9966,1.2055
1.9971,1.1954
1.9977,1.2005
1.9982,1.2005
1.9987,1.2055
1.9993,1.2005
1.9998,1.2055
2.0004,1.2005
2.0009,1.2055
2.0014,1.2055
2.0020,1.2005
2.0025,1.2005
2.0030,1.2005
2.0036,1.2005
2.0041,1.2055
2.0046,1.2055
2.0052,1.2005
2.0057,1.2055
2.0062,1.2055
2.0068,1.2005
2.0073,1.2005
2.0078,1.2055
2.0084,1.2005
2.0089,1.2055
2.0094,1.2055
2.0100,1.2005
2.0105,1.2055
2.0110,1.2005
2.0116,1.2055
2.0121,1.2005
2.0127,1.2005
2.0132,1.2055
2.0137,1.2005
2.0143,1.2005
2.0148,1.2005
2.0153,1.2055
2.0159,1.2055
2.0164,1.2005
2.0169,1.2055
2.0175,1.2055
2.0180,1.2005
2.0185,1.2005
2.0191,1.2055
2.0196,1.2005
2.0201,1.2005
2.0207,1.1954
2.0212,1.2005
2.0217,1.2055
2.0223,1.2005
2.0228,1.2005
2.0233,1.2005
2.0239,1.2005
2.0244,1.2055
2.0250,1.2055
2.0256,1.2055
2.0261,1.2005
2.0266,1.2005
2.0272,1.2005
2.0277,1.2055
2.0283,1.2055
2.0288,1.2005
2.0293,1.2005
2.0299,1.2005
2.0304,1.2005
2.0310,1.2005
2.0315,1.2005
2.0320,1.1954
2.0326,1.2005
2.0331,1.2005
2.0337,1.2005
2.0342,1.2005
2.0347,1.2055
2.0353,1.2005
2.0358,1.2005
2.0363,1.2055
2.0369,1.2005
2.0374,1.1954
2.0380,1.1954
2.0385,1.2055
2.0390,1.2055
2.0396,1.2005
2.0401,1.2005
2.0407,1.2005
2.0412,1.2055
2.0417,1.2005
2.0423,1.2005
2.0428,1.1954
2.0434,1.1954
2.0439,1.2005
2.0445,1.2005
2.0450,1.2005
2.0456,1.2005
2.0461,1.2005
2.0466,1.2005
2.0472,1.2005
2.0477,1.2005
2.0482,1.2005
2.0488,1.2005
2.0493,1.2005
2.0499,1.1954
2.0504,1.2005
2.0509,1.1954
2.0515,1.2005
2.0520,1.2005
2.0526,1.2005
2.0531,1.2005
2.0536,1.2005
2.0542,1.2005
2.0547,1.2005
2.0553,1.1954
2.0558,1.2005
2.0563,1.2005
2.0569,1.2005
2.0574,1.2005
2.0579,1.2005
2.0585,1.2005
2.0590,1.1954
2.0596,1.1954
2.0601,1.2005
2.0606,1.2005
2.0612,1.1954
2.0617,1.2005
2.0623,1.2005
2.0628,1.1954
2.0633,1.2005
2.0639,1.2005
2.0644,1.1904
2.0650,1.1954
2.0655,1.1954
2.0660,1.2005
2.0666,1.2005
2.0671,1.2005
2.0676,1.1954
2.0682,1.2005
2.0687,1.2005
2.0693,1.2005
2.0698,1.2005
2.0703,1.2005
2.0709,1.1954
2.0714,1.1954
2.0720,1.1954
2.0725,1.2005
2.0730,1.1954
2.0736,1.1954
2.0741,1.2005
2.0746,1.1954
2.0752,1.1954
2.0757,1.2005
2.0763,1.2005
2.0768,1.1954
2.0773,1.2005
2.0779,1.1954
2.0784,1.1954
2.0790,1.2005
2.0795,1.1904
2.0800,1.1954
2.0806,1.2005
2.0811,1.2005
2.0816,1.2005
2.0822,1.1954
2.0827,1.1954
2.0833,1.1954
2.0838,1.2005
2.0843,1.1954
2.0849,1.2005
2.0855,1.1904
2.0861,1.1954
2.0866,1.1954
2.0871,1.2005
2.0877,1.1954
2.0882,1.2005
2.0887,1.2005
2.0893,1.1954
2.0898,1.1954
2.0904,1.2005
2.0909,1.1954
2.0914,1.1954
2.0920,1.2005
2.0925,1.2005
2.0930,1.1904
2.0936,1.1954
2.0941,1.2005
2.0946,1.1954
2.0952,1.1954
2.0957,1.2005
2.0963,1.2005
2.0968,1.2005
2.0973,1.1904
2.0979,1.1904
2.0984,1.2005
2.0989,1.1954
2.0995,1.1954
2.1000,1.1954
2.1005,1.2005
2.1011,1.1954
2.1016,1.1904
2.1021,1.1954
2.1027,1.1954
2.1032,1.1954
2.1038,1.1954
2.1043,1.2005
2.1048,1.1954
2.1054,1.1954
2.1059,1.1954
2.1064,1.1954
2.1070,1.1954
2.1075,1.1954
2.1080,1.1904
2.1086,1.2005
2.1091,1.2005
2.1096,1.1954
2.1102,1.2005
2.1107,1.1954
2.1113,1.1954
2.1118,1.1904
2.1123,1.1954
2.1129,1.1954
2.1134,1.1954
2.1140,1.1954
2.1145,1.2005
2.1150,1.1954
2.1156,1.2005
2.1161,1.1954
2.1166,1.1904
2.1172,1.2005
2.1177,1.1954
2.1183,1.1954
2.1188,1.1904
2.1193,1.2005
2.1199,1.1904
2.1204,1.1954
2.1209,1.1904
2.1215,1.1954
2.1220,1.1954
2.1225,1.1954
2.1231,1.1954
2.1236,1.1954
2.1242,1.1954
2.1247,1.1954
2.1252,1.1954
2.1258,1.1954
2.1263,1.1954
2.1268,1.1954
2.1274,1.1954
2.1280,1.1904
2.1285,1.1904
2.1290,1.1954
2.1296,1.1954
2.1301,1.1954
2.1306,1.1954
2.1311,1.1904
2.1317,1.1954
2.1322,1.1954
2.1327,1.1904
2.1333,1.1954
2.1338,1.1954
2.1343,1.1954
2.1349,1.1954
2.1354,1.1904
2.1360,1.1954
2.1365,1.1954
2.1370,1.1954
2.1376,1.2005
2.1381,1.1954
2.1386,1.1954
2.1392,1.1904
2.1397,1.1954
2.1402,1.1954
2.1408,1.1954
2.1413,1.1904
2.1418,1.1904
2.1424,1.1904
2.1429,1.1904
2.1434,1.1904
2.1440,1.1904
2.1445,1.1954
2.1450,1.1954
2.1456,1.1904
2.1461,1.1904
2.1466,1.1904
2.1472,1.1954
2.1477,1.1954
2.1482,1.1954
2.1488,1.1954
2.1493,1.1904
2.1498,1.1954
2.1504,1.1954
2.1509,1.1954
2.1515,1.1904
2.1520,1.1904
2.1525,1.1954
2.1531,1.1954
2.1536,1.1954
2.1541,1.1904
2.1547,1.1904
2.1552,1.1904
2.1557,1.1954
2.1563,1.1954
2.1568,1.1954
2.1573,1.1954
2.1579,1.1954
2.1584,1.1954
2.1589,1.1954
2.1595,1.1904
2.1600,1.1954
2.1605,1.1904
2.1611,1.1954
2.1616,1.1954
2.1621,1.1954
2.1627,1.1954
2.1632,1.1904
2.1637,1.1904
2.1643,1.1954
2.1648,1.1904
2.1654,1.1954
2.1659,1.1954
2.1664,1.1954
2.1670,1.1904
2.1675,1.1904
2.1680,1.1904
2.1686,1.1954
2.1691,1.1904
2.1696,1.1954
2.1702,1.1904
2.1707,1.1954
2.1712,1.1904
2.1718,1.1904
2.1723,1.1954
2.1728,1.1904
2.1734,1.1954
2.1739,1.1904
2.1744,1.1954
2.1750,1.1954
2.1755,1.1954
2.1760,1.1954
2.1766,1.1904
2.1771,1.1904
2.1777,1.1954
2.1782,1.1954
2.1787,1.1904
2.1793,1.2005
2.1798,1.1904
2.1803,1.1904
2.1809,1.1954
2.1814,1.1904
2.1819,1.1954
2.1825,1.1904
2.1830,1.1904
2.1836,1.1904
2.1841,1.1904
2.1846,1.1954
2.1852,1.1904
2.1857,1.1954
2.1862,1.1904
2.1868,1.1954
2.1873,1.1904
2.1878,1.1954
2.1884,1.1954
2.1889,1.1954
2.1894,1.1954
2.1900,1.1954
2.1905,1.1904
2.1910,1.1954
2.1916,1.1904
2.1921,1.1954
2.1926,1.1904
2.1932,1.1954
2.1937,1.1954
2.1942,1.1904
2.1948,1.1904
2.1953,1.1904
2.1958,1.1904
2.1964,1.1904
2.1969,1.1954
2.1974,1.1904
2.1980,1.1904
2.1985,1.1904
2.1991,1.1904
2.1996,1.1904
2.2001,1.1954
2.2007,1.1904
2.2012,1.1954
2.2017,1.1954
2.2023,1.1904
2.2028,1.1904
2.2033,1.1904
2.2039,1.1904
2.2044,1.1853
2.2049,1.1904
2.2055,1.1904
2.2060,1.1954
2.2065,1.1904
2.2071,1.1904
2.2076,1.1904
2.2081,1.1904
2.2087,1.1904
2.2092,1.1904
2.2097,1.1954
2.2103,1.1954
2.2108,1.1904
2.2113,1.1904
2.2119,1.1904
2.2124,1.1904
2.2130,1.1904
2.2135,1.1904
2.2140,1.1954
2.2146,1.1904
2.2151,1.1853
2.2156,1.1954
2.2162,1.1904
2.2167,1.1853
2.2172,1.1904
2.2178,1.1904
2.2183,1.1904
2.2188,1.1904
2.2194,1.1904
2.2199,1.1904
2.2204,1.1904
2.2210,1.1904
2.2215,1.1904
2.2220,1.1954
2.2226,1.1904
2.2231,1.1904
2.2236,1.1904
2.2242,1.1904
2.2247,1.1954
2.2252,1.1904
2.2258,1.1904
2.2263,1.1904
2.2269,1.1904
2.2275,1.1954
2.2280,1.1904
2.2285,1.1904
2.2291,1.1904
2.2296,1.1904
2.2302,1.1954
2.2307,1.1904
2.2312,1.1904
2.2318,1.1954
2.2323,1.1954
2.2329,1.1954
2.2334,1.1954
2.2339,1.1904
2.2345,1.1904
2.2350,1.1954
2.2356,1.1904
2.2361,1.1954
2.2366,1.1853
2.2372,1.1853
2.2377,1.1904
2.2383,1.1954
2.2388,1.1904
2.2393,1.1904
2.2399,1.1904
2.2404,1.1904
2.2409,1.1904
2.2415,1.1904
2.2420,1.1904
2.2426,1.1904
2.2431,1.1853
2.2436,1.1904
2.2442,1.1904
2.2447,1.1853
2.2453,1.1904
2.2458,1.1904
2.2463,1.1954
2.2469,1.1954
2.2474,1.1904
2.2480,1.1853
2.2485,1.1904
2.2490,1.1904
2.2496,1.1904
2.2501,1.1904
2.2507,1.1904
2.2512,1.1904
2.2517,1.1904
2.2523,1.1904
2.2528,1.1954
2.2534,1.1954
2.2539,1.1904
2.2544,1.1904
2.2550,1.1904
2.2555,1.1954
2.2561,1.1904
2.2566,1.1904
2.2571,1.1904
2.2577,1.1904
2.2582,1.1904
2.2587,1.1954
2.2593,1.1904
2.2598,1.1904
2.2604,1.1904
2.2609,1.1904
2.2614,1.1904
2.2620,1.1904
2.2625,1.1904
2.2631,1.1904
2.2636,1.1853
2.2642,1.1904
2.2647,1.1904
2.2652,1.1904
2.2658,1.1904
2.2663,1.1904
2.2669,1.1853
2.2674,1.1904
2.2679,1.1904
2.2685,1.1853
2.2690,1.1904
2.2695,1.1904
2.2701,1.1904
2.2706,1.1954
2.2712,1.1904
2.2717,1.1904
2.2722,1.1904
2.2728,1.1904
2.2733,1.1904
2.2739,1.1904
2.2744,1.1904
2.2749,1.1904
2.2755,1.1853
2.2760,1.1853
2.2765,1.1904
2.2771,1.1904
2.2776,1.1954
2.2782,1.1904
2.2787,1.1904
2.2792,1.1904
2.2798,1.1904
2.2803,1.1904
2.2809,1.1954
2.2814,1.1954
2.2819,1.1904
2.2825,1.1954
2.2830,1.1904
2.2836,1.1904
2.2841,1.1853
2.2846,1.1904
2.2852,1.1904
2.2857,1.1954
2.2863,1.1904
2.2868,1.1904
2.2873,1.1904
2.2879,1.1904
2.2884,1.1904
2.2889,1.1853
2.2895,1.1904
2.2900,1.1853
2.2905,1.1904
2.2911,1.1904
2.2916,1.1954
2.2922,1.1904
2.2927,1.1904
2.2932,1.1904
2.2938,1.1904
2.2943,1.1904
2.2948,1.1853
2.2954,1.1904
2.2959,1.1904
2.2964,1.1904
2.2970,1.1904
2.2975,1.1954
2.2980,1.1954
2.2986,1.1853
2.2991,1.1853
2.2997,1.1853
2.3002,1.1954
2.3007,1.1954
2.3013,1.1904
2.3018,1.1904
2.3023,1.1853
2.3029,1.1904
2.3034,1.1904
2.3040,1.1904
2.3045,1.1853
2.3050,1.1904
2.3056,1.1853
2.3061,1.1904
2.3066,1.1904
2.3072,1.1904
2.3077,1.1904
2.3082,1.1904
2.3088,1.1904
2.3093,1.1904
2.3099,1.1904
2.3104,1.1904
2.3109,1.1853
2.3115,1.1904
2.3120,1.1904
2.3125,1.1904
2.3131,1.1904
2.3136,1.1853
2.3141,1.1904
2.3147,1.1904
2.3152,1.1904
2.3158,1.1904
2.3163,1.1904
2.3168,1.1904
2.3174,1.1904
2.3179,1.1904
2.3184,1.1904
2.3190,1.1904
2.3195,1.1853
2.3201,1.1904
2.3206,1.1904
2.3211,1.1853
2.3217,1.1853
2.3222,1.1904
2.3227,1.1904
2.3233,1.1904
2.3238,1.1904
2.3243,1.1853
2.3249,1.1904
2.3254,1.1954
2.3259,1.1904
2.3265,1.1853
2.3270,1.1904
2.3277,1.1904
2.3282,1.1904
2.3287,1.1904
2.3293,1.1904
2.3298,1.1904
2.3303,1.1853
2.3309,1.1853
2.3314,1.1904
2.3319,1.1853
2.3325,1.1904
2.3330,1.1954
2.3335,1.1904
2.3341,1.1904
2.3346,1.1904
2.3351,1.1904
2.3357,1.1853
2.3362,1.1853
2.3367,1.1904
2.3373,1.1904
2.3378,1.1853
2.3383,1.1904
2.3389,1.1904
2.3394,1.1904
2.3399,1.1904
2.3405,1.1904
2.3410,1.1904
2.3415,1.1904
2.3421,1.1853
2.3426,1.1904
2.3431,1.1904
2.3437,1.1904
2.3442,1.1904
2.3448,1.1904
2.3453,1.1904
2.3458,1.1904
2.3464,1.1853
2.3469,1.1803
2.3474,1.1904
2.3480,1.1904
2.3485,1.1904
2.3490,1.1853
2.3496,1.1853
2.3501,1.1853
2.3506,1.1904
2.3512,1.1904
2.3517,1.1853
2.3522,1.1904
2.3528,1.1904
2.3533,1.1904
2.3538,1.1904
2.3544,1.1904
2.3549,1.1853
2.3554,1.1853
2.3560,1.1853
2.3565,1.1853
2.3571,1.1904
2.3576,1.1904
2.3581,1.1904
2.3587,1.1853
2.3592,1.1904
2.3597,1.1904
2.3603,1.1904
2.3608,1.1904
2.3613,1.1904
2.3619,1.1853
2.3624,1.1904
2.3629,1.1904
2.3635,1.1904
2.3640,1.1853
2.3645,1.1904
2.3651,1.1853
2.3656,1.1853
2.3661,1.1853
2.3667,1.1904
2.3672,1.1853
2.3677,1.1904
2.3683,1.1853
2.3688,1.1853
2.3693,1.1853
2.3699,1.1853
2.3704,1.1904
2.3710,1.1904
2.3715,1.1853
2.3720,1.1853
2.3726,1.1904
2.3731,1.1904
2.3736,1.1904
2.3742,1.1853
2.3747,1.1904
2.3752,1.1904
2.3758,1.1853
2.3763,1.1853
2.3768,1.1853
2.3774,1.1904
2.3779,1.1853
2.3784,1.1904
2.3790,1.1853
2.3795,1.1853
2.3800,1.1853
2.3806,1.1904
2.3811,1.1853
2.3816,1.1803
2.3822,1.1853
2.3827,1.1853
2.3833,1.1904
2.3838,1.1853
2.3843,1.1853
2.3849,1.1904
2.3854,1.1904
2.3859,1.1853
2.3865,1.1853
2.3870,1.1904
2.3875,1.1904
2.3881,1.1853
2.3886,1.1853
2.3891,1.1904
2.3897,1.1904
2.3902,1.1904
2.3908,1.1853
2.3913,1.1853
2.3918,1.1904
2.3924,1.1904
2.3929,1.1853
2.3934,1.1853
2.3940,1.1904
2.3945,1.1853
2.3950,1.1853
2.3956,1.1904
2.3961,1.1904
2.3966,1.1904
2.3972,1.1853
2.3977,1.1853
2.3982,1.1853
2.3988,1.1853
2.3993,1.1904
2.3998,1.1853
2.4004,1.1853
2.4009,1.1904
2.4014,1.1904
2.4020,1.1904
2.4025,1.1904
2.4031,1.1803
2.4036,1.1853
2.4041,1.1853
2.4047,1.1853
2.4052,1.1904
2.4057,1.1853
2.4063,1.1904
2.4068,1.1904
2.4073,1.1853
2.4079,1.1853
2.4084,1.1904
2.4089,1.1853
2.4095,1.1853
2.4100,1.1904
2.4105,1.1853
2.4111,1.1853
2.4116,1.1904
2.4121,1.1853
2.4127,1.1904
2.4132,1.1853
2.4137,1.1904
2.4143,1.1904
2.4148,1.1853
2.4154,1.1904
2.4159,1.1904
2.4164,1.1904
2.4170,1.1904
2.4175,1.1904
2.4180,1.1853
2.4186,1.1853
2.4191,1.1904
2.4196,1.1853
2.4202,1.1853
2.4207,1.1904
2.4212,1.1904
2.4218,1.1853
2.4223,1.1904
2.4228,1.1853
2.4234,1.1904
2.4239,1.1904
2.4244,1.1904
2.4250,1.1853
2.4255,1.1904
2.4260,1.1904
2.4266,1.1853
2.4271,1.1904
2.4277,1.1904
2.4283,1.1904
2.4288,1.1853
2.4293,1.1853
2.4299,1.1904
2.4304,1.1904
2.4310,1.1904
2.4315,1.1904
2.4320,1.1904
2.4326,1.1904
2.4331,1.1904
2.4337,1.1853
2.4342,1.1853
2.4347,1.1904
2.4353,1.1904
2.4358,1.1853
2.4363,1.1904
2.4369,1.1853
2.4374,1.1904
2.4380,1.1904
2.4385,1.1853
2.4390,1.1904
2.4396,1.1904
2.4401,1.1853
2.4407,1.1954
2.4412,1.1853
2.4417,1.1853
2.4423,1.1904
2.4428,1.1904
2.4433,1.1904
2.4439,1.1904
2.4444,1.1853
2.4450,1.1904
2.4455,1.1904
2.4460,1.1904
2.4466,1.1904
2.4471,1.1853
2.4477,1.1853
2.4482,1.1853
2.4487,1.1904
2.4493,1.1904
2.4498,1.1904
2.4503,1.1853
2.4509,1.1904
2.4514,1.1904
2.4520,1.1853
2.4525,1.1904
2.4531,1.1853
2.4536,1.1904
2.4541,1.1853
2.4547,1.1803
2.4552,1.1853
2.4558,1.1904
2.4563,1.1853
2.4568,1.1853
2.4574,1.1904
2.4579,1.1904
2.4585,1.1853
2.4590,1.1904
2.4595,1.1853
2.4601,1.1904
2.4606,1.1904
2.4611,1.1954
2.4617,1.1853
2.4622,1.1853
2.4628,1.1904
2.4633,1.1853
2.4638,1.1904
2.4644,1.1954
2.4649,1.1904
2.4655,1.1853
2.4660,1.1853
2.4665,1.1853
2.4671,1.1853
2.4676,1.1853
2.4681,1.1904
2.4687,1.1904
2.4692,1.1904
2.4698,1.1853
2.4703,1.1904
2.4708,1.1853
2.4714,1.1904
2.4719,1.1904
2.4725,1.1904
2.4730,1.1904
2.4735,1.1904
2.4741,1.1904
2.4746,1.1904
2.4751,1.1904
2.4757,1.1904
2.4762,1.1904
2.4768,1.1904
2.4773,1.1904
2.4778,1.1954
2.4784,1.1904
2.4789,1.1904
2.4795,1.1904
2.4800,1.1954
2.4805,1.1954
2.4811,1.1853
2.4816,1.1904
2.4821,1.1954
2.4827,1.1904
2.4832,1.1904
2.4838,1.1853
2.4843,1.1954
2.4848,1.1904
2.4855,1.1904
2.4861,1.1904
2.4866,1.1904
2.4871,1.1904
2.4877,1.1904
2.4882,1.1904
2.4887,1.1904
2.4893,1.1954
2.4898,1.1954
2.4903,1.1904
2.4909,1.1954
2.4914,1.1954
2.4920,1.1904
2.4925,1.1853
2.4930,1.1904
2.4936,1.1904
2.4941,1.1954
2.4946,1.1904
2.4952,1.1904
2.4957,1.1954
2.4962,1.1954
2.4968,1.1954
2.4973,1.1954
2.4978,1.1954
2.4984,1.1954
2.4989,1.1954
2.4995,1.1904
2.5000,1.1954
2.5005,1.1954
2.5011,1.1954
2.5016,1.1954
2.5021,1.1954
2.5027,1.1904
2.5032,1.1954
2.5037,1.1954
2.5043,1.1954
2.5048,1.2005
2.5053,1.1904
2.5059,1.1954
2.5064,1.1954
2.5070,1.1904
2.5075,1.1954
2.5080,1.1954
2.5086,1.1954
2.5091,1.1954
2.5096,1.2005
2.5102,1.1904
2.5107,1.1954
2.5112,1.2005
2.5118,1.2005
2.5123,1.1954
2.5128,1.1904
2.5134,1.1954
2.5139,1.1954
2.5145,1.1954
2.5150,1.2005
2.5155,1.2005
2.5161,1.1954
2.5166,1.2005
2.5172,1.2005
2.5177,1.1954
2.5182,1.2005
2.5188,1.2005
2.5193,1.2005
2.5198,1.2005
2.5204,1.2005
2.5209,1.2005
2.5215,1.2005
2.5220,1.2005
2.5225,1.2005
2.5231,1.2005
2.5236,1.2005
2.5241,1.1904
2.5247,1.2005
2.5252,1.2055
2.5258,1.2005
2.5263,1.1954
2.5268,1.2005
2.5274,1.2005
2.5279,1.2005
2.5284,1.2055
2.5290,1.2005
2.5295,1.1954
2.5301,1.2005
2.5306,1.2055
2.5312,1.2055
2.5317,1.2005
2.5322,1.2055
2.5328,1.2055
2.5333,1.2005
2.5338,1.2005
2.5344,1.2005
2.5349,1.2005
2.5354,1.2055
2.5360,1.2055
2.5365,1.2005
2.5370,1.2005
2.5376,1.1954
2.5381,1.2005
2.5386,1.2005
2.5392,1.2005
2.5397,1.2055
2.5402,1.2005
2.5408,1.2055
2.5413,1.2005
2.5418,1.2005
2.5424,1.2005
2.5429,1.2055
2.5434,1.2055
2.5440,1.2005
2.5445,1.2055
2.5455,1.2055
2.5460,1.2005
2.5465,1.2005
2.5471,1.2055
2.5476,1.2055
2.5481,1.2055
2.5487,1.2055
2.5492,1.2055
2.5497,1.2005
2.5503,1.2055
2.5508,1.2005
2.5513,1.2106
2.5519,1.2055
2.5524,1.2055
2.5529,1.2055
2.5535,1.2055
2.5540,1.2055
2.5545,1.2055
2.5551,1.2055
2.5556,1.2005
2.5561,1.2055
2.5567,1.2055
2.5572,1.2005
2.5577,1.2005
2.5582,1.2005
2.5588,1.2055
2.5593,1.2055
2.5598,1.2106
2.5604,1.2055
2.5609,1.2055
2.5614,1.2055
2.5620,1.2055
2.5625,1.2005
2.5630,1.2055
2.5635,1.2005
2.5641,1.2055
2.5646,1.2005
2.5651,1.2055
2.5657,1.2106
2.5662,1.2055
2.5667,1.2106
2.5673,1.2055
2.5678,1.2055
2.5683,1.2005
2.5688,1.2055
2.5694,1.2005
2.5699,1.2055
2.5704,1.2055
2.5710,1.2106
2.5715,1.2055
2.5720,1.2055
2.5726,1.2055
2.5731,1.2005
2.5736,1.2055
2.5742,1.2055
2.5747,1.2055
2.5752,1.2055
2.5757,1.2055
2.5763,1.2055
2.5768,1.2055
2.5773,1.2055
2.5779,1.2055
2.5784,1.2106
2.5789,1.2055
2.5795,1.2106
2.5800,1.2055
2.5805,1.2055
2.5810,1.2055
2.5816,1.2055
2.5821,1.2106
2.5826,1.2055
2.5832,1.2055
2.5837,1.2106
2.5842,1.2055
2.5848,1.2106
2.5853,1.2106
2.5858,1.2106
2.5864,1.2055
2.5869,1.2055
2.5874,1.2055
2.5880,1.2055
2.5885,1.2055
2.5890,1.2055
2.5896,1.2055
2.5901,1.2106
2.5906,1.2106
2.5912,1.2106
2.5917,1.2055
2.5922,1.2055
2.5928,1.2055
2.5933,1.2055
2.5938,1.2106
2.5944,1.2055
2.5949,1.2106
2.5954,1.2106
2.5960,1.2055
2.5965,1.2106
2.5970,1.2055
2.5976,1.2055
2.5981,1.2106
2.5986,1.2106
2.5992,1.2106
2.5997,1.2106
2.6002,1.2055
2.6008,1.2106
2.6013,1.2106
2.6018,1.2106
2.6023,1.2055
2.6029,1.2106
2.6034,1.2055
2.6039,1.2055
2.6045,1.2055
2.6050,1.2055
2.6055,1.2055
2.6061,1.2055
2.6066,1.2106
2.6071,1.2005
2.6077,1.2055
2.6082,1.2106
2.6087,1.2106
2.6093,1.2106
2.6098,1.2156
2.6103,1.2106
2.6109,1.2106
2.6114,1.2106
2.6119,1.2106
2.6125,1.2106
2.6130,1.2106
2.6135,1.2055
2.6141,1.2106
2.6146,1.2106
2.6151,1.2106
2.6157,1.2106
2.6162,1.2156
2.6167,1.2055
2.6173,1.2156
2.6178,1.2156
2.6183,1.2106
2.6189,1.2106
2.6194,1.2156
2.6199,1.2106
2.6205,1.2106
2.6210,1.2106
2.6215,1.2106
2.6220,1.2156
2.6226,1.2106
2.6231,1.2106
2.6236,1.2106
2.6242,1.2106
2.6247,1.2106
2.6252,1.2106
2.6258,1.2106
2.6263,1.2156
2.6268,1.2055
2.6274,1.2106
2.6279,1.2106
2.6284,1.2156
2.6290,1.2156
2.6296,1.2055
2.6301,1.2106
2.6307,1.2106
2.6312,1.2156
2.6317,1.2106
2.6323,1.2106
2.6328,1.2106
2.6334,1.2106
2.6339,1.2156
2.6344,1.2106
2.6350,1.2106
2.6355,1.2106
2.6360,1.2106
2.6366,1.2106
2.6371,1.2055
2.6376,1.2055
2.6382,1.2156
2.6387,1.2106
2.6392,1.2156
2.6398,1.2106
2.6403,1.2106
2.6409,1.2106
2.6414,1.2106
2.6419,1.2156
2.6425,1.2106
2.6430,1.2106
2.6435,1.2106
2.6441,1.2156
2.6446,1.2106
2.6451,1.2156
2.6457,1.2106
2.6462,1.2106
2.6467,1.2106
2.6473,1.2106
2.6478,1.2106
2.6484,1.2106
2.6489,1.2156
2.6494,1.2106
2.6500,1.2106
2.6505,1.2106
2.6510,1.2106
2.6516,1.2156
2.6521,1.2106
2.6526,1.2156
2.6532,1.2156
2.6537,1.2156
2.6543,1.2156
2.6548,1.2106
2.6553,1.2106
2.6559,1.2106
2.6564,1.2106
2.6569,1.2106
2.6575,1.2156
2.6580,1.2106
2.6586,1.2156
2.6591,1.2156
2.6596,1.2106
2.6602,1.2106
2.6607,1.2106
2.6612,1.2156
2.6618,1.2106
2.6623,1.2106
2.6628,1.2106
2.6634,1.2156
2.6639,1.2106
2.6645,1.2156
2.6650,1.2156
2.6655,1.2156
2.6661,1.2106
2.6666,1.2156
2.6672,1.2106
2.6677,1.2156
2.6682,1.2106
2.6688,1.2156
2.6693,1.2106
2.6698,1.2106
2.6704,1.2106
2.6709,1.2156
2.6714,1.2106
2.6720,1.2156
2.6725,1.2156
2.6730,1.2106
2.6736,1.2106
2.6741,1.2106
2.6747,1.2156
2.6752,1.2106
2.6757,1.2106
2.6763,1.2106
2.6768,1.2156
2.6773,1.2106
2.6779,1.2106
2.6784,1.2156
2.6789,1.2156
2.6795,1.2156
2.6800,1.2106
2.6805,1.2106
2.6811,1.2106
2.6816,1.2106
2.6822,1.2156
2.6827,1.2106
2.6832,1.2106
2.6838,1.2055
2.6843,1.2106
2.6848,1.2106
2.6854,1.2156
2.6859,1.2055
2.6864,1.2156
2.6870,1.2106
2.6875,1.2156
2.6880,1.2156
2.6886,1.2156
2.6891,1.2156
2.6897,1.2106
2.6902,1.2106
2.6907,1.2156
2.6913,1.2156
2.6918,1.2156
2.6923,1.2156
2.6929,1.2106
2.6934,1.2106
2.6939,1.2106
2.6945,1.2106
2.6950,1.2156
2.6956,1.2106
2.6961,1.2106
2.6966,1.2106
2.6972,1.2106
2.6977,1.2156
2.6982,1.2106
2.6988,1.2156
2.6993,1.2156
2.6998,1.2106
2.7004,1.2156
2.7009,1.2106
2.7014,1.2106
2.7020,1.2156
2.7025,1.2106
2.7030,1.2106
2.7036,1.2106
2.7041,1.2106
2.7047,1.2106
2.7052,1.2106
2.7057,1.2106
2.7063,1.2106
2.7068,1.2106
2.7073,1.2106
2.7079,1.2156
2.7084,1.2055
2.7089,1.2106
2.7095,1.2156
2.7100,1.2156
2.7105,1.2106
2.7111,1.2106
2.7116,1.2106
2.7122,1.2106
2.7127,1.2106
2.7132,1.2106
2.7138,1.2106
2.7143,1.2106
2.7148,1.2106
2.7154,1.2156
2.7159,1.2156
2.7164,1.2106
2.7170,1.2106
2.7175,1.2106
2.7180,1.2106
2.7186,1.2106
2.7191,1.2055
2.7197,1.2106
2.7202,1.2156
2.7207,1.2106
2.7213,1.2055
2.7218,1.2055
2.7223,1.2156
2.7229,1.2156
2.7234,1.2055
2.7240,1.2106
2.7245,1.2106
2.7251,1.2106
2.7256,1.2106
2.7261,1.2106
2.7267,1.2106
2.7272,1.2106
2.7277,1.2055
2.7283,1.2106
2.7288,1.2106
2.7293,1.2106
2.7300,1.2106
2.7305,1.2106
2.7310,1.2156
2.7316,1.2106
2.7321,1.2106
2.7326,1.2106
2.7332,1.2106
2.7337,1.2156
2.7342,1.2106
2.7348,1.2156
2.7353,1.2106
2.7358,1.2106
2.7364,1.2156
2.7369,1.2106
2.7374,1.2156
2.7380,1.2106
2.7387,1.2106
2.7402,1.2106
2.7408,1.2055
2.7414,1.2106
2.7424,1.2106
2.7429,1.2106
2.7435,1.2106
2.7440,1.2106
2.7445,1.2106
2.7451,1.2055
2.7456,1.2106
2.7461,1.2106
2.7467,1.2106
2.7472,1.2106
2.7477,1.2156
2.7483,1.2106
2.7488,1.2106
2.7493,1.2106
2.7499,1.2106
2.7504,1.2106
2.7509,1.2156
2.7515,1.2106
2.7520,1.2055
2.7525,1.2106
2.7531,1.2156
2.7536,1.2106
2.7541,1.2106
2.7547,1.2106
2.7552,1.2106
2.7558,1.2106
2.7563,1.2055
2.7568,1.2106
2.7574,1.2055
2.7579,1.2106
2.7584,1.2055
2.7590,1.2106
2.7595,1.2106
2.7601,1.2106
2.7606,1.2055
2.7612,1.2106
2.7617,1.2055
2.7622,1.2106
2.7628,1.2106
2.7633,1.2106
2.7639,1.2106
2.7644,1.2055
2.7649,1.2106
2.7655,1.2106
2.7660,1.2106
2.7666,1.2106
2.7671,1.2106
2.7676,1.2106
2.7682,1.2156
2.7687,1.2106
2.7694,1.2106
2.7699,1.2106
2.7705,1.2106
2.7710,1.2055
2.7715,1.2106
2.7721,1.2106
2.7727,1.2055
2.7732,1.2106
2.7738,1.2055
2.7743,1.2106
2.7748,1.2106
2.7754,1.2106
2.7759,1.2106
2.7764,1.2106
2.7770,1.2106
2.7775,1.2055
2.7780,1.2106
2.7786,1.2055
2.7791,1.2106
2.7796,1.2055
2.7802,1.2055
2.7807,1.2106
2.7812,1.2106
2.7818,1.2055
2.7823,1.2055
2.7828,1.2106
2.7833,1.2106
2.7839,1.2055
2.7844,1.2106
2.7849,1.2055
2.7855,1.2055
2.7860,1.2156
2.7865,1.2055
2.7871,1.2106
2.7876,1.2106
2.7881,1.2106
2.7887,1.2156
2.7892,1.2055
2.7897,1.2055
2.7903,1.2106
2.7908,1.2055
2.7913,1.2106
2.7919,1.2055
2.7924,1.2055
2.7929,1.2055
2.7935,1.2055
2.7941,1.2055
2.7946,1.2106
2.7952,1.2106
2.7957,1.2055
2.7962,1.2106
2.7968,1.2106
2.7973,1.2106
2.7979,1.2106
2.7984,1.2106
2.7989,1.2055
2.7995,1.2106
2.8000,1.2106
2.8006,1.2106
2.8011,1.2055
2.8016,1.2055
2.8022,1.2106
2.8027,1.2106
2.8033,1.2055
2.8038,1.2106
2.8044,1.2055
2.8049,1.2106
2.8054,1.2005
2.8060,1.2106
2.8065,1.2106
2.8070,1.2055
2.8076,1.2055
2.8081,1.2106
2.8087,1.2106
2.8094,1.2106
2.8100,1.2106
2.8105,1.2106
2.8111,1.2106
2.8116,1.2005
2.8122,1.2055
2.8127,1.2055
2.8132,1.2055
2.8138,1.2055
2.8143,1.2055
2.8148,1.2156
2.8154,1.2106
2.8159,1.2055
2.8165,1.2055
2.8170,1.2106
2.8175,1.2055
2.8181,1.2106
2.8186,1.2055
2.8191,1.2055
2.8197,1.2106
2.8202,1.2055
2.8207,1.2055
2.8213,1.2055
2.8218,1.2055
2.8223,1.2055
2.8229,1.2055
2.8234,1.2055
2.8239,1.2106
2.8245,1.2055
2.8250,1.2106
2.8255,1.2055
2.8261,1.2106
2.8266,1.2005
2.8271,1.2106
2.8277,1.2106
2.8282,1.2055
2.8287,1.2106
2.8293,1.2055
2.8298,1.2055
2.8303,1.2055
2.8309,1.2106
2.8314,1.2055
2.8320,1.2005
2.8325,1.2055
2.8330,1.2055
2.8336,1.2055
2.8341,1.2055
2.8347,1.2055
2.8352,1.2055
2.8358,1.2055
2.8363,1.2055
2.8368,1.2055
2.8374,1.2106
2.8379,1.2055
2.8384,1.2055
2.8390,1.2106
2.8395,1.2055
2.8401,1.2055
2.8406,1.2106
2.8412,1.2055
2.8417,1.2055
2.8422,1.2055
2.8428,1.2055
2.8433,1.2055
2.8439,1.2005
2.8444,1.2055
2.8449,1.2055
2.8455,1.2106
2.8460,1.2055
2.8465,1.2055
2.8471,1.2055
2.8476,1.2055
2.8482,1.2005
2.8487,1.2106
2.8494,1.2055
2.8499,1.2055
2.8505,1.2055
2.8510,1.2106
2.8515,1.2106
2.8521,1.2055
2.8526,1.2055
2.8531,1.2055
2.8537,1.2106
2.8542,1.2055
2.8547,1.2055
2.8553,1.2055
2.8558,1.2055
2.8564,1.2055
2.8569,1.2055
2.8574,1.2055
2.8580,1.2055
2.8585,1.2055
2.8590,1.2055
2.8596,1.2005
2.8601,1.2005
2.8606,1.2055
2.8612,1.2055
2.8617,1.2106
2.8622,1.2055
2.8628,1.2005
2.8633,1.2106
2.8639,1.2055
2.8644,1.2055
2.8649,1.2055
2.8655,1.2055
2.8660,1.2055
2.8665,1.2005
2.8671,1.2055
2.8676,1.2055
2.8681,1.2055
2.8687,1.2055
2.8692,1.2005
2.8697,1.2055
2.8703,1.2005
2.8708,1.2055
2.8713,1.2005
2.8719,1.2055
2.8724,1.2005
2.8729,1.2055
2.8735,1.2055
2.8740,1.2055
2.8746,1.2055
2.8751,1.2055
2.8757,1.2055
2.8762,1.2055
2.8768,1.2055
2.8773,1.2055
2.8778,1.2055
2.8784,1.2055
2.8789,1.2055
2.8795,1.2055
2.8800,1.2055
2.8805,1.2055
2.8811,1.2055
2.8816,1.2055
2.8821,1.2055
2.8827,1.2055
2.8832,1.2005
2.8838,1.2055
2.8843,1.2055
2.8849,1.2055
2.8854,1.2055
2.8859,1.2005
2.8865,1.2005
2.8870,1.2005
2.8876,1.2055
2.8881,1.2055
2.8886,1.2055
2.8894,1.2005
2.8899,1.2055
2.8905,1.2106
2.8910,1.2005
2.8916,1.2055
2.8921,1.2055
2.8926,1.2055
2.8932,1.2055
2.8937,1.2055
2.8942,1.2055
2.8948,1.2005
2.8953,1.2055
2.8958,1.2055
2.8964,1.2055
2.8969,1.2055
2.8974,1.2055
2.8980,1.2055
2.8985,1.2055
2.8991,1.2055
2.8996,1.2005
2.9001,1.2055
2.9007,1.2055
2.9012,1.2005
2.9017,1.2055
2.9023,1.2055
2.9028,1.2055
2.9033,1.2055
2.9039,1.2005
2.9044,1.2055
2.9049,1.2055
2.9055,1.2055
2.9060,1.2055
2.9065,1.2055
2.9071,1.2005
2.9076,1.2055
2.9081,1.2055
2.9087,1.2005
2.9092,1.2055
2.9097,1.2005
2.9103,1.2055
2.9108,1.2055
2.9113,1.2055
2.9119,1.2005
2.9124,1.2055
2.9129,1.2055
2.9135,1.2055
2.9140,1.2005
2.9146,1.2005
2.9151,1.2005
2.9156,1.2055
2.9162,1.2055
2.9167,1.2005
2.9173,1.2005
2.9178,1.2055
2.9183,1.2055
2.9189,1.2005
2.9194,1.2055
2.9199,1.2055
2.9205,1.2005
2.9210,1.2005
2.9215,1.2005
2.9221,1.1954
2.9226,1.2055
2.9231,1.2055
2.9237,1.2055
2.9242,1.2005
2.9247,1.2005
2.9253,1.2055
2.9258,1.2005
2.9263,1.2005
2.9269,1.2055
2.9274,1.2055
2.9280,1.2005
2.9285,1.2005
2.9290,1.2005
2.9296,1.2055
2.9301,1.2005
2.9306,1.2055
2.9313,1.2005
2.9318,1.2005
2.9324,1.2005
2.9329,1.2005
2.9334,1.2005
2.9340,1.2055
2.9345,1.2055
2.9350,1.2005
2.9355,1.2005
2.9360,1.2005
2.9366,1.2005
2.9371,1.2005
2.9376,1.2055
2.9381,1.2005
2.9387,1.2005
2.9392,1.2005
2.9397,1.2005
2.9402,1.2005
2.9408,1.2005
2.9413,1.2005
2.9418,1.2005
2.9423,1.2005
2.9429,1.2055
2.9434,1.2005
2.9439,1.2005
2.9444,1.2005
2.9449,1.2005
2.9455,1.2005
2.9460,1.1954
2.9465,1.2005
2.9470,1.2005
2.9476,1.2005
2.9481,1.2055
2.9486,1.2005
2.9491,1.2005
2.9497,1.2055
2.9502,1.2005
2.9507,1.2005
2.9512,1.2005
2.9517,1.2005
2.9523,1.2055
2.9528,1.2005
2.9533,1.2005
2.9538,1.1954
2.9544,1.2005
2.9549,1.2005
2.9554,1.2005
2.9559,1.2005
2.9565,1.2005
2.9570,1.2005
2.9575,1.2005
2.9580,1.2005
2.9585,1.2005
2.9591,1.1954
2.9596,1.2005
2.9601,1.2005
2.9606,1.2005
2.9612,1.2005
2.9617,1.1954
2.9622,1.1954
2.9627,1.1954
2.9633,1.2005
2.9638,1.2005
2.9643,1.2005
2.9648,1.2005
2.9654,1.1954
2.9659,1.1954
2.9664,1.1954
2.9669,1.1954
2.9674,1.1954
2.9680,1.1954
2.9685,1.2005
2.9690,1.2005
2.9695,1.2005
2.9701,1.1954
2.9706,1.2005
2.9711,1.2005
2.9716,1.2005
2.9722,1.2005
2.9727,1.1954
2.9732,1.2005
2.9737,1.2005
2.9742,1.2005
2.9748,1.2005
2.9753,1.2005
2.9758,1.2005
2.9763,1.2005
2.9769,1.2005
2.9774,1.2005
2.9779,1.1954
2.9784,1.1954
2.9790,1.2005
2.9795,1.2005
2.9800,1.2005
2.9805,1.2005
2.9810,1.2005
2.9816,1.2005
2.9821,1.2005
2.9826,1.2005
2.9831,1.2005
2.9837,1.2005
2.9842,1.1954
2.9847,1.1954
2.9852,1.2005
2.9858,1.2005
2.9863,1.2005
2.9868,1.2005
2.9873,1.2005
2.9878,1.1954
2.9884,1.2005
2.9889,1.1954
2.9894,1.1954
2.9899,1.2005
2.9905,1.1954
2.9910,1.1954
2.9915,1.2005
2.9920,1.2005
2.9926,1.1954
2.9931,1.2005
2.9936,1.1954
2.9941,1.1954
2.9946,1.1954
2.9952,1.2005
2.9957,1.1954
2.9962,1.1954
2.9967,1.2005
2.9973,1.1954
2.9978,1.1954
2.9984,1.2005
2.9989,1.2005
2.9994,1.1954
2.9999,1.2005
3.0005,1.1954
3.0010,1.1954
3.0015,1.2005
3.0020,1.1954
3.0026,1.1954
3.0031,1.1954
3.0036,1.1954
3.0041,1.2005
3.0047,1.1954
3.0052,1.1954
3.0057,1.1954
3.0062,1.1954
3.0068,1.1954
3.0073,1.2005
3.0078,1.1904
3.0083,1.1954
3.0089,1.1954
3.0094,1.1954
3.0099,1.1954
3.0104,1.1954
3.0110,1.2005
3.0115,1.2005
3.0120,1.1954
3.0125,1.1904
3.0131,1.1904
3.0136,1.1954
3.0141,1.1954
3.0146,1.1954
3.0152,1.1954
3.0157,1.1954
3.0162,1.1954
3.0167,1.1954
3.0173,1.1954
3.0178,1.1954
3.0183,1.1954
3.0188,1.1954
3.0194,1.1904
3.0199,1.2005
3.0204,1.2005
3.0209,1.1954
3.0214,1.1954
3.0220,1.1954
3.0225,1.1954
3.0230,1.1954
3.0235,1.1904
3.0241,1.1954
3.0246,1.1954
3.0251,1.1954
3.0256,1.1954
3.0262,1.1954
3.0267,1.1954
3.0272,1.1954
3.0277,1.1954
3.0282,1.1954
3.0288,1.2005
3.0293,1.1904
3.0298,1.1904
3.0303,1.2005
3.0308,1.1954
3.0314,1.1904
3.0319,1.1954
3.0324,1.1954
3.0329,1.1954
3.0335,1.1954
3.0340,1.1954
3.0345,1.1954
3.0350,1.1954
3.0356,1.1954
3.0361,1.1954
3.0366,1.1954
3.0371,1.1954
3.0376,1.1954
3.0382,1.1904
3.0387,1.1904
3.0392,1.1954
3.0397,1.1904
3.0403,1.2005
3.0408,1.1954
3.0413,1.1904
3.0418,1.1954
3.0424,1.1954
3.0429,1.1954
3.0434,1.1954
3.0439,1.1904
3.0445,1.1904
3.0450,1.1904
3.0455,1.1954
3.0460,1.1954
3.0466,1.1954
3.0471,1.1904
3.0476,1.1954
3.0481,1.1954
3.0487,1.1954
3.0492,1.1954
3.0497,1.1954
3.0502,1.1904
3.0507,1.1954
3.0513,1.1904
3.0518,1.1954
3.0523,1.1954
3.0528,1.1954
3.0534,1.1904
3.0539,1.1954
3.0544,1.1954
3.0549,1.1904
3.0555,1.1954
3.0560,1.1904
3.0565,1.1904
3.0570,1.1954
3.0575,1.1954
3.0581,1.1954
3.0586,1.1954
3.0591,1.1954
3.0596,1.1954
3.0602,1.1904
3.0607,1.1904
3.0612,1.1954
3.0617,1.1954
3.0623,1.1954
3.0628,1.1904
3.0633,1.1954
3.0638,1.1954
3.0643,1.1954
3.0649,1.1954
3.0654,1.1954
3.0659,1.1954
3.0665,1.1954
3.0670,1.1954
3.0675,1.1954
3.0680,1.1954
3.0685,1.1954
3.0691,1.1904
3.0696,1.1904
3.0701,1.1904
3.0706,1.1954
3.0712,1.1904
3.0717,1.1954
3.0722,1.1904
3.0727,1.1904
3.0733,1.1904
3.0738,1.1904
3.0743,1.2005
3.0748,1.1954
3.0754,1.1853
3.0759,1.1904
3.0764,1.1954
3.0769,1.1904
3.0774,1.1954
3.0780,1.1904
3.0785,1.1954
3.0790,1.1954
3.0795,1.1904
3.0801,1.1904
3.0806,1.1954
3.0811,1.1904
3.0816,1.1904
3.0822,1.1954
3.0827,1.1954
3.0832,1.1954
3.0837,1.1954
3.0842,1.2005
3.0848,1.1954
3.0853,1.1904
3.0858,1.1904
3.0863,1.1904
3.0869,1.1954
3.0874,1.1954
3.0879,1.1904
3.0884,1.1904
3.0890,1.1904
3.0895,1.1904
3.0900,1.1954
3.0905,1.1954
3.0910,1.1904
3.0916,1.1904
3.0921,1.1954
3.0926,1.1853
3.0931,1.1904
3.0937,1.1904
3.0942,1.1954
3.0947,1.1904
3.0952,1.1954
3.0958,1.1904
3.0963,1.1954
3.0968,1.1904
3.0973,1.1904
3.0978,1.1954
3.0984,1.1954
3.0989,1.1904
3.0994,1.1904
3.0999,1.1904
3.1005,1.1954
3.1010,1.1954
3.1015,1.1954
3.1020,1.1904
3.1026,1.1904
3.1031,1.1904
3.1036,1.1904
3.1041,1.1904
3.1046,1.1904
3.1052,1.1904
3.1057,1.1904
3.1062,1.1954
3.1067,1.1904
3.1073,1.1904
3.1078,1.1904
3.1083,1.1954
3.1088,1.1904
3.1094,1.1904
3.1099,1.1904
3.1104,1.1904
3.1109,1.1954
3.1114,1.1954
3.1120,1.1954
3.1125,1.1904
3.1130,1.1954
3.1135,1.1904
3.1141,1.1904
3.1146,1.1904
3.1151,1.1904
3.1156,1.1904
3.1162,1.1954
3.1167,1.1954
3.1172,1.1904
3.1177,1.1904
3.1183,1.1904
3.1188,1.1904
3.1193,1.1954
3.1198,1.1904
3.1203,1.1904
3.1209,1.1904
3.1214,1.1954
3.1219,1.1904
3.1224,1.1904
3.1230,1.1904
3.1235,1.1904
3.1240,1.1954
3.1245,1.1853
3.1251,1.1904
3.1256,1.1954
3.1261,1.1904
3.1266,1.1954
3.1272,1.1954
3.1277,1.1954
3.1282,1.1853
3.1287,1.1904
3.1292,1.1904
3.1298,1.1904
3.1303,1.1904
3.1308,1.1904
3.1314,1.1904
3.1319,1.1904
3.1324,1.1954
3.1329,1.1954
3.1335,1.1904
3.1340,1.1904
3.1345,1.1904
3.1350,1.1904
3.1355,1.1904
3.1361,1.1904
3.1366,1.1954
3.1371,1.1954
3.1376,1.1904
3.1382,1.1904
3.1387,1.1904
3.1392,1.1904
3.1398,1.1853
3.1403,1.1904
3.1409,1.1904
3.1414,1.1904
3.1419,1.1904
3.1425,1.1904
3.1430,1.1954
3.1435,1.1904
3.1440,1.1904
3.1446,1.1853
3.1451,1.1904
3.1456,1.1904
3.1461,1.1954
3.1466,1.1904
3.1472,1.1904
3.1477,1.1904
3.1482,1.1904
3.1487,1.1904
3.1493,1.1904
3.1498,1.1904
3.1503,1.1853
3.1508,1.1904
3.1514,1.1904
3.1519,1.1904
3.1524,1.1904
3.1529,1.1904
3.1535,1.1904
3.1540,1.1904
3.1545,1.1904
3.1550,1.1904
3.1555,1.1954
3.1561,1.1904
3.1566,1.1904
3.1571,1.1904
3.1576,1.1954
3.1582,1.1904
3.1587,1.1904
3.1592,1.1904
3.1597,1.1904
3.1603,1.1954
3.1608,1.1853
3.1613,1.1853
3.1618,1.1904
3.1624,1.1853
3.1629,1.1904
3.1634,1.1904
3.1639,1.1904
3.1644,1.1904
3.1650,1.1853
3.1655,1.1904
3.1660,1.1904
3.1665,1.1954
3.1671,1.1904
3.1676,1.1904
3.1681,1.1954
3.1686,1.1904
3.1692,1.1904
3.1697,1.1904
3.1702,1.1904
3.1707,1.1853
3.1713,1.1853
3.1718,1.1904
3.1723,1.1853
3.1728,1.1853
3.1733,1.1904
3.1739,1.1904
3.1744,1.1853
3.1749,1.1904
3.1754,1.1853
3.1760,1.1904
3.1765,1.1904
3.1770,1.1904
3.1775,1.1904
3.1781,1.1904
3.1786,1.1853
3.1791,1.1904
3.1796,1.1904
3.1802,1.1904
3.1807,1.1904
3.1812,1.1904
3.1817,1.1853
3.1822,1.1853
3.1828,1.1853
3.1833,1.1904
3.1838,1.1904
3.1843,1.1904
3.1849,1.1904
3.1854,1.1904
3.1859,1.1904
3.1864,1.1904
3.1870,1.1904
3.1875,1.1904
3.1880,1.1904
3.1885,1.1904
3.1891,1.1904
3.1896,1.1904
3.1901,1.1954
3.1906,1.1853
3.1911,1.1904
3.1917,1.1853
3.1922,1.1853
3.1927,1.1954
3.1932,1.1853
3.1938,1.1904
3.1943,1.1904
3.1948,1.1904
3.1953,1.1904
3.1959,1.1853
3.1964,1.1954
3.1969,1.1904
3.1974,1.1904
3.1980,1.1904
3.1985,1.1853
3.1990,1.1904
3.1995,1.1954
3.2001,1.1853
3.2006,1.1853
3.2011,1.1853
3.2016,1.1904
3.2022,1.1904
3.2027,1.1904
3.2032,1.1904
3.2037,1.1904
3.2042,1.1904
3.2048,1.1904
3.2053,1.1904
3.2058,1.1904
3.2063,1.1853
3.2069,1.1904
3.2074,1.1853
3.2079,1.1904
3.2084,1.1904
3.2090,1.1904
3.2095,1.1904
3.2100,1.1954
3.2105,1.1904
3.2111,1.1853
3.2116,1.1904
3.2121,1.1954
3.2126,1.1904
3.2131,1.1904
3.2137,1.1853
3.2142,1.1853
3.2147,1.1904
3.2152,1.1904
3.2158,1.1853
3.2163,1.1904
3.2168,1.1853
3.2173,1.1853
3.2179,1.1853
3.2184,1.1904
3.2189,1.1904
3.2194,1.1904
3.2199,1.1904
3.2205,1.1904
3.2210,1.1904
3.2215,1.1904
3.2220,1.1904
3.2226,1.1904
3.2231,1.1853
3.2236,1.1853
3.2241,1.1853
3.2247,1.1904
3.2252,1.1904
3.2257,1.1853
3.2262,1.1853
3.2268,1.1904
3.2273,1.1904
3.2278,1.1853
3.2283,1.1904
3.2288,1.1853
3.2294,1.1853
3.2299,1.1803
3.2304,1.1904
3.2309,1.1904
3.2315,1.1853
3.2320,1.1904
3.2325,1.1904
3.2330,1.1904
3.2336,1.1904
3.2341,1.1853
3.2346,1.1904
3.2351,1.1853
3.2357,1.1853
3.2362,1.1853
3.2367,1.1904
3.2372,1.1853
3.2378,1.1904
3.2383,1.1853
3.2388,1.1853
3.2393,1.1904
3.2398,1.1803
3.2404,1.1904
3.2409,1.1904
3.2414,1.1853
3.2419,1.1904
3.2425,1.1904
3.2430,1.1853
3.2435,1.1853
3.2440,1.1853
3.2446,1.1853
3.2451,1.1904
3.2456,1.1853
3.2461,1.1853
3.2466,1.1853
3.2472,1.1904
3.2477,1.1904
3.2482,1.1853
3.2487,1.1904
3.2493,1.1853
3.2498,1.1904
3.2503,1.1904
3.2508,1.1853
3.2514,1.1853
3.2519,1.1853
3.2524,1.1904
3.2529,1.1853
3.2535,1.1853
3.2540,1.1853
3.2545,1.1853
3.2550,1.1853
3.2555,1.1904
3.2561,1.1904
3.2566,1.1853
3.2571,1.1853
3.2576,1.1853
3.2582,1.1904
3.2587,1.1853
3.2592,1.1853
3.2597,1.1904
3.2603,1.1853
3.2608,1.1853
3.2613,1.1904
3.2618,1.1853
3.2624,1.1904
3.2629,1.1853
3.2634,1.1853
3.2639,1.1904
3.2645,1.1904
3.2650,1.1853
3.2655,1.1853
3.2660,1.1853
3.2666,1.1853
3.2671,1.1853
3.2676,1.1803
3.2681,1.1904
3.2686,1.1853
3.2692,1.1853
3.2697,1.1853
3.2702,1.1853
3.2707,1.1904
3.2713,1.1853
3.2718,1.1853
3.2723,1.1853
3.2728,1.1853
3.2734,1.1853
3.2739,1.1904
3.2744,1.1853
3.2749,1.1904
3.2754,1.1853
3.2760,1.1853
3.2765,1.1904
3.2770,1.1904
3.2775,1.1904
3.2781,1.1853
3.2786,1.1853
3.2791,1.1904
3.2796,1.1853
3.2802,1.1853
3.2807,1.1853
3.2812,1.1853
3.2817,1.1853
3.2822,1.1853
3.2828,1.1904
3.2833,1.1853
3.2838,1.1853
3.2843,1.1904
3.2849,1.1904
3.2854,1.1853
3.2859,1.1853
3.2864,1.1853
3.2870,1.1904
3.2875,1.1853
3.2880,1.1904
3.2885,1.1904
3.2890,1.1803
3.2896,1.1853
3.2901,1.1853
3.2906,1.1853
3.2911,1.1853
3.2916,1.1853
3.2922,1.1803
3.2927,1.1853
3.2932,1.1803
3.2937,1.1853
3.2943,1.1853
3.2948,1.1803
3.2953,1.1853
3.2958,1.1904
3.2964,1.1853
3.2969,1.1853
3.2974,1.1853
3.2979,1.1853
3.2984,1.1853
3.2990,1.1853
3.2995,1.1853
3.3000,1.1853
3.3005,1.1803
3.3011,1.1853
3.3016,1.1853
3.3021,1.1853
3.3026,1.1904
3.3031,1.1853
3.3037,1.1853
3.3042,1.1853
3.3047,1.1904
3.3052,1.1853
3.3058,1.1853
3.3063,1.1853
3.3068,1.1904
3.3073,1.1803
3.3079,1.1853
3.3084,1.1853
3.3089,1.1853
3.3094,1.1904
3.3099,1.1853
3.3105,1.1853
3.3110,1.1803
3.3115,1.1853
3.3120,1.1904
3.3126,1.1853
3.3131,1.1904
3.3136,1.1853
3.3141,1.1853
3.3147,1.1853
3.3152,1.1853
3.3157,1.1853
3.3162,1.1803
3.3167,1.1904
3.3173,1.1904
3.3178,1.1803
3.3183,1.1853
3.3188,1.1853
3.3194,1.1853
3.3199,1.1853
3.3204,1.1853
3.3209,1.1803
3.3215,1.1853
3.3220,1.1853
3.3225,1.1853
3.3230,1.1853
3.3235,1.1853
3.3241,1.1904
3.3246,1.1904
3.3251,1.1853
3.3256,1.1904
3.3262,1.1853
3.3267,1.1904
3.3272,1.1904
3.3277,1.1853
3.3283,1.1853
3.3288,1.1803
3.3293,1.1853
3.3298,1.1853
3.3303,1.1853
3.3309,1.1853
3.3314,1.1853
3.3319,1.1853
3.3325,1.1853
3.3330,1.1803
3.3335,1.1853
3.3340,1.1853
3.3345,1.1853
3.3351,1.1853
3.3356,1.1904
3.3361,1.1853
3.3366,1.1853
3.3372,1.1853
3.3377,1.1904
3.3382,1.1853
3.3387,1.1853
3.3392,1.1853
3.3398,1.1803
3.3403,1.1853
3.3408,1.1803
3.3413,1.1853
3.3419,1.1904
3.3424,1.1853
3.3429,1.1853
3.3434,1.1853
3.3440,1.1853
3.3445,1.1853
3.3450,1.1853
3.3455,1.1853
3.3460,1.1853
3.3466,1.1853
3.3471,1.1853
3.3476,1.1904
3.3481,1.1904
3.3487,1.1853
3.3492,1.1803
3.3497,1.1853
3.3502,1.1853
3.3508,1.1853
3.3513,1.1853
3.3518,1.1853
3.3523,1.1803
3.3528,1.1803
3.3534,1.1803
3.3539,1.1803
3.3544,1.1904
3.3549,1.1853
3.3555,1.1853
3.3560,1.1853
3.3565,1.1904
3.3570,1.1853
3.3576,1.1853
3.3581,1.1904
3.3586,1.1853
3.3591,1.1803
3.3596,1.1853
3.3602,1.1853
3.3607,1.1803
3.3612,1.1853
3.3617,1.1853
3.3623,1.1853
3.3628,1.1803
3.3633,1.1853
3.3638,1.1853
3.3644,1.1853
3.3649,1.1853
3.3654,1.1904
3.3659,1.1853
3.3664,1.1803
3.3670,1.1853
3.3675,1.1853
3.3680,1.1853
3.3685,1.1853
3.3691,1.1853
3.3696,1.1803
3.3701,1.1803
3.3706,1.1853
3.3711,1.1904
3.3717,1.1803
3.3722,1.1853
3.3727,1.1853
3.3732,1.1853
3.3738,1.1853
3.3743,1.1853
3.3748,1.1853
3.3753,1.1904
3.3759,1.1904
3.3764,1.1853
3.3769,1.1853
3.3774,1.1853
3.3779,1.1853
3.3785,1.1853
3.3790,1.1904
3.3795,1.1853
3.3800,1.1853
3.3806,1.1853
3.3811,1.1853
3.3816,1.1853
3.3821,1.1803
3.3827,1.1853
3.3832,1.1853
3.3837,1.1853
3.3842,1.1853
3.3847,1.1853
3.3853,1.1853
3.3858,1.1904
3.3863,1.1853
3.3868,1.1853
3.3874,1.1853
3.3879,1.1904
3.3884,1.1853
3.3889,1.1853
3.3895,1.1853
3.3900,1.1853
3.3905,1.1853
3.3910,1.1853
3.3915,1.1803
3.3921,1.1853
3.3926,1.1904
3.3931,1.1853
3.3936,1.1853
3.3942,1.1853
3.3947,1.1853
3.3952,1.1904
3.3957,1.1853
3.3963,1.1853
3.3968,1.1853
3.3973,1.1853
3.3978,1.1853
3.3984,1.1853
3.3989,1.1853
3.3994,1.1853
3.3999,1.1904
3.4004,1.1853
3.4010,1.1853
3.4015,1.1904
3.4020,1.1853
3.4025,1.1904
3.4031,1.1853
3.4036,1.1803
3.4041,1.1853
3.4046,1.1904
3.4052,1.1853
3.4057,1.1853
3.4062,1.1853
3.4067,1.1853
3.4073,1.1853
3.4078,1.1853
3.4083,1.1853
3.4088,1.1904
3.4093,1.1853
3.4099,1.1904
3.4104,1.1853
3.4109,1.1853
3.4114,1.1904
3.4120,1.1904
3.4125,1.1853
3.4130,1.1904
3.4135,1.1853
3.4141,1.1853
3.4146,1.1904
3.4151,1.1904
3.4156,1.1853
3.4162,1.1853
3.4167,1.1904
3.4172,1.1904
3.4177,1.1904
3.4182,1.1904
3.4188,1.1853
3.4193,1.1853
3.4198,1.1853
3.4203,1.1853
3.4209,1.1904
3.4214,1.1904
3.4219,1.1853
3.4224,1.1904
3.4230,1.1853
3.4235,1.1904
3.4240,1.1904
3.4245,1.1904
3.4250,1.1853
3.4256,1.1904
3.4261,1.1904
3.4266,1.1904
3.4271,1.1904
3.4277,1.1904
3.4282,1.1904
3.4287,1.1904
3.4292,1.1954
3.4298,1.1904
3.4303,1.1904
3.4308,1.1954
3.4313,1.1904
3.4318,1.1904
3.4324,1.1904
3.4329,1.1904
3.4334,1.1954
3.4339,1.1904
3.4345,1.1904
3.4350,1.1954
3.4355,1.1954
3.4360,1.1954
3.4366,1.1904
3.4371,1.1904
3.4376,1.1904
3.4381,1.1954
3.4386,1.1954
3.4392,1.1954
3.4397,1.1954
3.4402,1.1904
3.4407,1.1904
3.4413,1.1954
3.4418,1.1954
3.4423,1.1954
3.4428,1.1954
3.4434,1.1954
3.4439,1.1954
3.4444,1.1954
3.4449,1.1954
3.4455,1.1954
3.4460,1.1954
3.4465,1.1954
3.4470,1.1904
3.4475,1.1904
3.4481,1.1954
3.4486,1.1954
3.4491,1.1954
3.4496,1.1904
3.4502,1.1954
3.4507,1.1954
3.4512,1.2005
3.4517,1.1904
3.4523,1.1954
3.4528,1.1954
3.4533,1.1954
3.4538,1.1954
3.4544,1.1954
3.4549,1.1954
3.4554,1.1954
3.4559,1.2005
3.4564,1.1954
3.4570,1.1954
3.4575,1.1954
3.4580,1.1954
3.4585,1.1954
3.4591,1.1954
3.4596,1.1954
3.4601,1.2005
3.4606,1.1954
3.4612,1.2005
3.4617,1.2005
3.4622,1.2005
3.4627,1.1954
3.4632,1.2005
3.4638,1.2005
3.4643,1.2005
3.4648,1.2005
3.4654,1.1954
3.4659,1.1954
3.4664,1.2005
3.4669,1.2005
3.4674,1.2005
3.4680,1.1954
3.4685,1.2005
3.4690,1.2005
3.4695,1.2005
3.4701,1.2005
3.4706,1.1954
3.4711,1.2005
3.4716,1.1954
3.4722,1.2055
3.4727,1.2055
3.4732,1.2005
3.4737,1.2005
3.4742,1.2005
3.4748,1.2005
3.4753,1.2005
3.4758,1.2005
3.4763,1.1954
3.4769,1.2055
3.4774,1.2005
3.4779,1.2005
3.4784,1.2005
3.4790,1.2005
3.4795,1.2005
3.4800,1.2055
3.4805,1.2005
3.4810,1.2055
3.4816,1.2005
3.4821,1.2005
3.4826,1.2005
3.4831,1.2005
3.4837,1.2005
3.4842,1.2005
3.4847,1.2055
3.4852,1.2055
3.4858,1.2005
3.4863,1.2005
3.4868,1.2055
3.4873,1.2005
3.4879,1.2005
3.4884,1.2055
3.4889,1.2005
3.4894,1.2005
3.4899,1.2005
3.4905,1.2055
3.4910,1.2005
3.4915,1.2005
3.4920,1.2005
3.4926,1.2005
3.4931,1.2055
3.4936,1.2005
3.4941,1.2055
3.4947,1.2005
3.4952,1.2055
3.4957,1.2055
3.4962,1.2055
3.4967,1.1954
3.4973,1.2005
3.4978,1.2055
3.4983,1.2005
3.4988,1.2005
3.4994,1.2055
3.4999,1.2055
3.5004,1.2055
3.5009,1.2055
3.5015,1.2005
3.5020,1.2055
3.5025,1.2005
3.5030,1.2055
3.5035,1.2005
3.5041,1.2055
3.5046,1.2005
3.5051,1.2055
3.5056,1.2055
3.5062,1.2055
3.5067,1.2005
3.5072,1.2055
3.5077,1.2005
3.5083,1.2005
3.5088,1.2055
3.5093,1.2055
3.5098,1.2055
3.5104,1.2055
3.5109,1.2055
3.5114,1.2055
3.5119,1.2055
3.5124,1.2055
3.5130,1.2005
3.5135,1.2055
3.5140,1.2055
3.5145,1.2055
3.5151,1.2055
3.5156,1.2055
3.5161,1.2055
3.5166,1.2055
3.5172,1.2055
3.5177,1.2055
3.5182,1.2055
3.5187,1.2005
3.5192,1.2055
3.5198,1.2055
3.5203,1.2106
3.5208,1.2055
3.5213,1.2055
3.5219,1.2055
3.5224,1.2055
3.5229,1.2055
3.5234,1.2005
3.5239,1.2005
3.5245,1.2055
3.5250,1.2005
3.5255,1.2055
3.5260,1.2106
3.5266,1.2055
3.5271,1.2005
3.5276,1.2055
3.5281,1.2055
3.5287,1.2055
3.5292,1.2106
3.5297,1.2055
3.5302,1.2106
3.5308,1.2055
3.5313,1.2055
3.5318,1.2055
3.5323,1.2005
3.5329,1.2055
3.5334,1.2055
3.5339,1.2055
3.5344,1.2005
3.5349,1.2055
3.5355,1.2055
3.5360,1.2055
3.5365,1.2106
3.5370,1.2055
3.5376,1.2055
3.5381,1.2055
3.5386,1.2055
3.5391,1.2106
3.5397,1.2055
3.5402,1.2055
3.5407,1.2055
3.5412,1.2055
3.5418,1.2055
3.5423,1.2055
3.5428,1.2055
3.5433,1.2055
3.5438,1.2106
3.5444,1.2106
3.5449,1.2106
3.5454,1.2106
3.5459,1.2055
3.5465,1.2055
3.5470,1.2055
3.5475,1.2106
3.5480,1.2055
3.5486,1.2055
3.5491,1.2055
3.5496,1.2055
3.5501,1.2055
3.5506,1.2055
3.5512,1.2106
3.5517,1.2055
3.5522,1.2055
3.5527,1.2055
3.5533,1.2055
3.5538,1.2055
3.5543,1.2055
3.5548,1.2055
3.5554,1.2055
3.5559,1.2055
3.5564,1.2055
3.5569,1.2055
3.5574,1.2106
3.5580,1.2106
3.5585,1.2106
3.5590,1.2055
3.5595,1.2106
3.5601,1.2106
3.5606,1.2106
3.5611,1.2055
3.5616,1.2055
3.5622,1.2055
3.5627,1.2106
3.5632,1.2055
3.5637,1.2055
3.5642,1.2055
3.5648,1.2106
3.5653,1.2106
3.5658,1.2055
3.5663,1.2055
3.5669,1.2055
3.5674,1.2005
3.5679,1.2106
3.5684,1.2055
3.5690,1.2106
3.5695,1.2106
3.5700,1.2055
3.5705,1.2055
3.5710,1.2106
3.5716,1.2055
3.5721,1.2106
3.5726,1.2106
3.5731,1.2055
3.5737,1.2055
3.5742,1.2055
3.5747,1.2106
3.5752,1.2055
3.5758,1.2106
3.5763,1.2106
3.5768,1.2055
3.5773,1.2055
3.5779,1.2055
3.5784,1.2055
3.5789,1.2106
3.5794,1.2055
3.5800,1.2106
3.5805,1.2055
3.5810,1.2055
3.5815,1.2106
3.5821,1.2055
3.5826,1.2055
3.5831,1.2055
3.5836,1.2055
3.5842,1.2106
3.5847,1.2106
3.5852,1.2055
3.5857,1.2106
3.5863,1.2106
3.5868,1.2106
3.5873,1.2106
3.5878,1.2106
3.5883,1.2055
3.5889,1.2106
3.5894,1.2055
3.5899,1.2106
3.5904,1.2055
3.5910,1.2106
3.5915,1.2055
3.5920,1.2055
3.5925,1.2055
3.5931,1.2055
3.5936,1.2156
3.5941,1.2106
3.5946,1.2055
3.5951,1.2055
3.5957,1.2106
3.5962,1.2156
3.5967,1.2106
3.5973,1.2055
3.5978,1.2055
3.5983,1.2106
3.5988,1.2106
3.5994,1.2055
3.5999,1.2055
3.6004,1.2106
3.6009,1.2055
3.6014,1.2106
3.6020,1.2106
3.6025,1.2106
3.6030,1.2106
3.6035,1.2106
3.6041,1.2106
3.6046,1.2106
3.6051,1.2106
3.6056,1.2106
3.6061,1.2055
3.6067,1.2106
3.6072,1.2055
3.6077,1.2055
3.6082,1.2106
3.6088,1.2055
3.6093,1.2055
3.6098,1.2106
3.6103,1.2106
3.6109,1.2106
3.6114,1.2055
3.6119,1.2106
3.6124,1.2055
3.6129,1.2106
3.6135,1.2055
3.6140,1.2055
3.6145,1.2055
3.6150,1.2055
3.6156,1.2055
3.6161,1.2106
3.6166,1.2106
3.6171,1.2106
3.6177,1.2106
3.6182,1.2055
3.6187,1.2055
3.6192,1.2106
3.6197,1.2106
3.6203,1.2055
3.6208,1.2106
3.6213,1.2106
3.6218,1.2106
3.6224,1.2156
3.6229,1.2106
3.6234,1.2106
3.6239,1.2106
3.6245,1.2106
3.6250,1.2055
3.6255,1.2156
3.6260,1.2106
3.6265,1.2106
3.6271,1.2156
3.6276,1.2106
3.6281,1.2055
3.6286,1.2055
3.6292,1.2055
3.6297,1.2005
3.6302,1.2055
3.6307,1.2055
3.6313,1.2055
3.6318,1.2055
3.6323,1.2106
3.6328,1.2106
3.6334,1.2055
3.6339,1.2055
3.6344,1.2055
3.6349,1.2106
3.6354,1.2106
3.6360,1.2106
3.6365,1.2106
3.6370,1.2106
3.6375,1.2106
3.6381,1.2106
3.6386,1.2055
3.6392,1.2106
3.6397,1.2106
3.6403,1.2106
3.6408,1.2106
3.6414,1.2055
3.6419,1.2106
3.6425,1.2055
3.6430,1.2106
3.6436,1.2106
3.6441,1.2055
3.6447,1.2055
3.6452,1.2106
3.6458,1.2055
3.6463,1.2106
3.6469,1.2055
3.6474,1.2055
3.6480,1.2055
3.6485,1.2156
3.6491,1.2106
3.6496,1.2106
3.6502,1.2106
3.6507,1.2106
3.6513,1.2106
3.6518,1.2055
3.6524,1.2106
3.6529,1.2055
3.6535,1.2055
3.6540,1.2106
3.6546,1.2055
3.6551,1.2106
3.6557,1.2106
3.6562,1.2106
3.6568,1.2106
3.6573,1.2055
3.6579,1.2055
3.6584,1.2055
3.6590,1.2106
3.6595,1.2106
3.6601,1.2055
3.6606,1.2106
3.6612,1.2055
3.6617,1.2106
3.6623,1.2055
3.6628,1.2055
3.6634,1.2106
3.6639,1.2106
3.6645,1.2106
3.6650,1.2055
3.6656,1.2055
3.6661,1.2055
3.6667,1.2055
3.6672,1.2055
3.6678,1.2055
3.6683,1.2055
3.6689,1.2055
3.6694,1.2055
3.6700,1.2055
3.6705,1.2055
3.6711,1.2055
3.6716,1.2055
3.6722,1.2055
3.6727,1.2055
3.6733,1.2055
3.6738,1.2055
3.6744,1.2055
3.6749,1.2055
3.6755,1.2106
3.6760,1.2106
3.6766,1.2055
3.6771,1.2055
3.6777,1.2005
3.6782,1.2005
3.6788,1.2055
3.6793,1.2055
3.6799,1.2055
3.6804,1.2055
3.6810,1.2055
3.6815,1.2005
3.6821,1.2055
3.6826,1.2005
3.6832,1.2055
3.6837,1.2106
3.6843,1.2055
3.6848,1.2055
3.6854,1.2055
3.6859,1.2005
3.6865,1.2055
3.6870,1.2055
3.6876,1.2055
3.6881,1.2055
3.6887,1.2055
3.6892,1.2005
3.6898,1.2005
3.6903,1.2055
3.6909,1.2055
3.6914,1.2055
3.6920,1.2055
3.6925,1.2005
3.6931,1.2005
3.6936,1.2055
3.6942,1.2055
3.6947,1.2055
3.6953,1.2106
3.6959,1.2005
3.6964,1.2005
3.6970,1.2005
3.6975,1.2055
3.6981,1.2005
3.6986,1.2055
3.6992,1.2005
3.6997,1.2055
3.7003,1.2055
3.7008,1.2005
3.7014,1.2005
3.7019,1.2055
3.7025,1.2055
3.7030,1.2055
3.7036,1.2055
3.7041,1.2005
3.7047,1.2055
3.7052,1.2055
3.7057,1.2055
3.7063,1.2055
3.7068,1.2055
3.7074,1.2055
3.7079,1.2055
3.7085,1.2005
3.7090,1.2055
3.7096,1.2055
3.7102,1.2005
3.7107,1.2055
3.7113,1.2055
3.7118,1.2005
3.7124,1.2055
3.7129,1.2005
3.7135,1.2055
3.7140,1.2055
3.7146,1.2005
3.7151,1.2055
3.7157,1.2005
3.7162,1.2055
3.7168,1.2055
3.7173,1.2005
3.7179,1.2055
3.7184,1.2055
3.7190,1.2055
3.7195,1.2055
3.7201,1.1954
3.7206,1.2055
3.7212,1.2005
3.7217,1.2055
3.7223,1.2055
3.7228,1.2055
3.7234,1.2055
3.7240,1.2055
3.7245,1.2005
3.7251,1.2055
3.7256,1.2005
3.7262,1.2055
3.7267,1.2005
3.7273,1.2106
3.7278,1.2106
3.7284,1.2005
3.7289,1.2005
3.7295,1.2055
3.7300,1.2055
3.7306,1.2055
3.7311,1.2005
3.7317,1.2055
3.7322,1.2055
3.7328,1.2055
3.7333,1.2055
3.7339,1.2055
3.7345,1.2055
3.7350,1.2055
3.7356,1.2005
3.7361,1.2055
3.7367,1.2055
3.7372,1.2055
3.7378,1.2005
3.7383,1.2005
3.7389,1.2055
3.7394,1.2055
3.7400,1.2055
3.7405,1.2055
3.7411,1.2055
3.7416,1.2055
3.7422,1.2005
3.7427,1.2055
3.7433,1.2055
3.7438,1.2005
3.7444,1.2005
3.7449,1.2055
3.7455,1.2055
3.7460,1.2055
3.7466,1.2005
3.7471,1.2005
3.7477,1.2005
3.7482,1.2005
3.7488,1.2005
3.7493,1.2055
3.7499,1.2005
3.7505,1.2055
3.7510,1.2055
3.7515,1.2055
3.7521,1.2005
3.7526,1.2055
3.7532,1.2055
3.7537,1.2055
3.7543,1.2005
3.7549,1.2005
3.7554,1.2055
3.7560,1.2055
3.7565,1.1954
3.7571,1.2055
3.7576,1.2055
3.7582,1.2005
3.7587,1.2005
3.7593,1.2055
3.7598,1.2005
3.7604,1.2005
3.7609,1.2055
3.7615,1.2005
3.7620,1.2055
3.7626,1.2055
3.7631,1.2005
3.7637,1.2055
3.7642,1.2055
3.7648,1.2005
3.7653,1.2055
3.7659,1.2055
3.7664,1.2055
3.7670,1.1954
3.7675,1.2055
3.7681,1.2005
3.7686,1.1954
3.7692,1.2055
3.7697,1.2005
3.7703,1.2005
3.7708,1.2005
3.7714,1.2055
3.7719,1.2055
3.7725,1.2005
3.7730,1.2005
3.7736,1.2055
3.7741,1.2106
3.7747,1.2055
3.7752,1.2005
3.7758,1.2005
3.7763,1.2055
3.7769,1.2005
3.7774,1.2005
3.7780,1.2005
3.7785,1.2055
3.7791,1.2005
3.7796,1.2005
3.7802,1.2055
3.7807,1.2005
3.7813,1.2055
3.7818,1.2005
3.7824,1.2005
3.7829,1.2055
3.7835,1.2005
3.7840,1.2055
3.7846,1.2005
3.7851,1.1954
3.7857,1.2055
3.7862,1.2005
3.7868,1.2055
3.7873,1.2055
3.7879,1.2055
3.7884,1.2005
3.7890,1.2005
3.7895,1.2055
3.7901,1.2005
3.7906,1.2005
3.7912,1.2005
3.7917,1.2005
3.7923,1.2005
3.7928,1.2055
3.7934,1.2055
3.7940,1.2005
3.7945,1.2005
3.7951,1.2055
3.7956,1.2055
3.7962,1.2005
3.7967,1.2055
3.7973,1.2055
3.7978,1.2005
3.7984,1.2055
3.7989,1.2055
3.7995,1.2005
3.8000,1.2055
3.8005,1.2005
3.8011,1.2005
3.8016,1.2055
3.8022,1.2005
3.8027,1.2055
3.8033,1.2005
3.8038,1.2055
3.8044,1.2055
3.8050,1.2055
3.8055,1.1954
3.8061,1.2005
3.8066,1.2055
3.8072,1.2005
3.8077,1.2005
3.8083,1.2005
3.8088,1.2055
3.8094,1.2005
3.8099,1.2055
3.8105,1.2055
3.8110,1.2055
3.8116,1.2005
3.8121,1.2005
3.8127,1.2055
3.8132,1.2005
3.8138,1.2005
3.8143,1.2005
3.8149,1.2005
3.8154,1.2055
3.8160,1.2005
3.8165,1.2005
3.8171,1.2055
3.8176,1.2005
3.8182,1.2005
3.8187,1.1954
3.8193,1.2005
3.8198,1.2005
3.8204,1.1954
3.8209,1.2005
3.8215,1.2005
3.8220,1.2005
3.8226,1.2005
3.8231,1.2005
3.8237,1.2005
3.8242,1.1954
3.8248,1.2055
3.8253,1.2005
3.8259,1.2055
3.8264,1.2005
3.8270,1.2005
3.8275,1.2005
3.8281,1.2005
3.8286,1.1954
3.8292,1.2005
3.8297,1.2005
3.8303,1.2005
3.8308,1.2005
3.8314,1.2005
3.8319,1.2005
3.8325,1.2005
3.8330,1.2005
3.8336,1.2005
3.8341,1.1954
3.8347,1.2005
3.8352,1.1954
3.8358,1.2005
3.8363,1.2005
3.8369,1.2005
3.8374,1.2055
3.8380,1.2005
3.8385,1.2005
3.8391,1.2005
3.8396,1.2055
3.8402,1.2055
3.8407,1.2005
3.8413,1.1954
3.8418,1.2005
3.8423,1.2005
3.8429,1.2005
3.8435,1.2055
3.8440,1.1954
3.8446,1.2005
3.8451,1.1904
3.8457,1.2005
3.8462,1.2005
3.8468,1.2005
3.8473,1.2055
3.8479,1.2005
3.8484,1.2005
3.8490,1.2005
3.8495,1.1954
3.8501,1.2005
3.8506,1.1954
3.8512,1.2005
3.8519,1.2005
3.8524,1.2005
3.8530,1.2005
3.8536,1.2005
3.8541,1.2005
3.8547,1.2005
3.8552,1.2005
3.8558,1.1954
3.8563,1.2005
3.8569,1.2005
3.8574,1.2005
3.8580,1.2005
3.8585,1.2005
3.8590,1.2005
3.8596,1.2005
3.8601,1.2005
3.8607,1.1954
3.8612,1.2005
3.8618,1.1954
3.8623,1.2005
3.8629,1.2005
3.8634,1.1954
3.8640,1.1954
3.8645,1.1954
3.8651,1.1954
3.8656,1.1954
3.8662,1.2005
3.8667,1.2005
3.8672,1.2005
3.8678,1.2005
3.8683,1.2005
3.8689,1.2005
3.8694,1.2055
3.8700,1.2005
3.8706,1.2005
3.8711,1.1954
3.8717,1.2005
3.8722,1.1954
3.8727,1.2005
3.8733,1.2005
3.8738,1.2005
3.8744,1.2005
3.8750,1.2005
3.8755,1.2005
3.8761,1.2005
3.8766,1.2005
3.8772,1.1954
3.8777,1.1954
3.8782,1.1954
3.8788,1.2005
3.8793,1.1954
3.8799,1.1904
3.8804,1.2005
3.8810,1.1954
3.8815,1.1954
3.8821,1.2005
3.8826,1.1904
3.8832,1.2005
3.8837,1.1954
3.8842,1.2005
3.8848,1.1954
3.8853,1.1954
3.8859,1.2005
3.8864,1.1954
3.8870,1.1954
3.8875,1.1954
3.8881,1.2005
3.8886,1.2005
3.8892,1.1954
3.8897,1.1954
3.8903,1.1954
3.8908,1.1954
3.8913,1.1954
3.8919,1.1954
3.8924,1.1954
3.8930,1.1954
3.8935,1.1954
3.8941,1.1954
3.8946,1.1954
3.8952,1.1954
3.8957,1.1954
3.8963,1.1954
3.8968,1.1904
3.8974,1.1954
3.8979,1.1954
3.8984,1.1954
3.8990,1.1954
3.8995,1.1904
3.9001,1.1954
3.9006,1.1954
3.9012,1.1954
3.9017,1.1954
3.9023,1.1954
3.9028,1.2005
3.9034,1.2005
3.9039,1.1904
3.9045,1.2005
3.9050,1.1904
3.9055,1.1954
3.9061,1.2005
3.9066,1.1954
3.9072,1.1954
3.9077,1.1954
3.9083,1.1954
3.9088,1.1954
3.9094,1.2005
3.9099,1.1904
3.9105,1.2005
3.9110,1.2005
3.9116,1.1954
3.9121,1.1954
3.9127,1.1954
3.9132,1.2005
3.9138,1.1904
3.9143,1.1954
3.9149,1.1954
3.9154,1.2005
3.9160,1.1954
3.9165,1.1954
3.9171,1.1904
3.9176,1.1954
3.9182,1.1954
3.9187,1.1954
3.9193,1.1954
3.9198,1.1954
3.9203,1.1904
3.9209,1.2005
3.9214,1.1904
3.9220,1.1954
3.9225,1.1904
3.9231,1.2005
3.9236,1.1954
3.9242,1.1954
3.9247,1.1954
3.9253,1.1954
3.9258,1.1954
3.9264,1.1904
3.9269,1.1954
3.9274,1.1954
3.9280,1.1904
3.9285,1.2005
3.9291,1.1954
3.9296,1.1954
3.9302,1.1954
3.9307,1.1954
3.9313,1.1904
3.9318,1.1954
3.9324,1.1904
3.9329,1.1954
3.9335,1.1954
3.9340,1.1954
3.9346,1.1904
3.9351,1.1904
3.9357,1.1954
3.9362,1.1954
3.9367,1.1954
3.9373,1.1904
3.9379,1.1904
3.9384,1.1954
3.9390,1.1954
3.9395,1.1904
3.9400,1.1904
3.9406,1.1954
3.9411,1.1954
3.9417,1.1954
3.9422,1.1904
3.9428,1.1954
3.9433,1.1954
3.9439,1.1904
3.9444,1.1954
3.9450,1.1904
3.9455,1.1904
3.9461,1.1954
3.9466,1.1954
3.9472,1.1954
3.9477,1.1904
3.9483,1.1954
3.9488,1.1954
3.9494,1.1954
3.9499,1.1954
3.9505,1.1954
3.9510,1.1954
3.9516,1.1904
3.9521,1.1954
3.9526,1.1954
3.9532,1.1904
3.9537,1.1954
3.9543,1.1904
3.9548,1.1954
3.9554,1.1954
3.9559,1.1904
3.9565,1.1954
3.9570,1.1954
3.9576,1.1904
3.9581,1.1904
3.9587,1.1954
3.9592,1.1904
3.9597,1.1904
3.9603,1.1954
3.9608,1.1904
3.9614,1.1954
3.9619,1.1954
3.9625,1.1954
3.9630,1.1904
3.9636,1.1954
3.9641,1.1954
3.9647,1.1954
3.9652,1.1904
3.9658,1.1904
3.9663,1.1904
3.9668,1.1954
3.9674,1.1904
3.9679,1.1904
3.9685,1.1954
3.9690,1.1904
3.9696,1.1904
3.9701,1.1904
3.9707,1.1954
3.9712,1.1954
3.9718,1.1904
3.9723,1.1904
3.9729,1.1904
3.9734,1.1904
3.9740,1.1853
3.9745,1.1904
3.9751,1.1904
3.9756,1.1954
3.9762,1.1904
3.9767,1.1954
3.9773,1.1954
3.9778,1.1954
3.9784,1.1904
3.9789,1.1954
3.9794,1.1954
3.9800,1.1904
3.9805,1.1904
3.9811,1.1954
3.9816,1.1954
3.9822,1.1954
3.9827,1.1904
3.9833,1.1954
3.9838,1.1904
3.9844,1.1954
3.9849,1.1904
3.9855,1.1904
3.9860,1.1954
3.9866,1.1904
3.9871,1.1904
3.9876,1.1954
3.9882,1.1904
3.9887,1.1954
3.9893,1.1904
3.9898,1.1954
3.9904,1.1904
3.9909,1.1954
3.9915,1.1904
3.9920,1.1904
3.9926,1.1904
3.9931,1.1853
3.9937,1.1904
3.9942,1.1954
3.9948,1.1904
3.9953,1.1904
3.9958,1.1904
3.9964,1.1954
3.9969,1.1853
3.9975,1.1904
3.9980,1.1904
3.9986,1.1904
3.9991,1.1954
3.9997,1.1954
4.0002,1.1904
4.0008,1.1954
4.0013,1.1904
4.0018,1.1904
4.0024,1.1904
4.0029,1.1904
4.0035,1.1954
4.0040,1.1904
4.0046,1.1904
4.0051,1.1954
4.0057,1.1904
4.0062,1.1853
4.0068,1.1904
4.0073,1.1954
4.0079,1.1954
4.0084,1.1853
4.0090,1.1954
4.0095,1.1904
4.0101,1.1904
4.0106,1.1954
4.0112,1.1904
4.0117,1.1904
4.0123,1.1954
4.0128,1.1904
4.0134,1.1904
4.0139,1.1904
4.0145,1.1904
4.0150,1.1904
4.0156,1.1954
4.0161,1.1904
4.0166,1.1853
4.0172,1.1904
4.0177,1.1904
4.0183,1.1904
4.0188,1.1904
4.0194,1.1904
4.0199,1.1904
4.0205,1.1904
4.0210,1.1853
4.0216,1.1904
4.0221,1.1904
4.0227,1.1904
4.0232,1.1904
4.0237,1.1904
4.0243,1.1853
4.0250,1.1904
4.0255,1.1853
4.0261,1.1904
4.0266,1.1904
4.0272,1.1904
4.0277,1.1904
4.0283,1.1954
4.0288,1.1904
4.0294,1.1904
4.0299,1.1904
4.0305,1.1853
4.0310,1.1904
4.0315,1.1904
4.0321,1.1853
4.0326,1.1853
4.0332,1.1904
4.0337,1.1853
4.0343,1.1853
4.0348,1.1853
4.0354,1.1904
4.0359,1.1904
4.0365,1.1904
4.0370,1.1904
4.0376,1.1904
4.0381,1.1904
4.0387,1.1904
4.0392,1.1853
4.0398,1.1853
4.0403,1.1904
4.0409,1.1904
4.0414,1.1904
4.0419,1.1904
4.0425,1.1853
4.0430,1.1853
4.0436,1.1904
4.0441,1.1853
4.0447,1.1853
4.0452,1.1904
4.0458,1.1904
4.0463,1.1853
4.0469,1.1904
4.0474,1.1853
4.0480,1.1904
4.0485,1.1954
4.0490,1.1904
4.0496,1.1904
4.0501,1.1904
4.0507,1.1904
4.0512,1.1904
4.0518,1.1904
4.0523,1.1904
4.0529,1.1904
4.0534,1.1853
4.0540,1.1904
4.0545,1.1853
4.0551,1.1853
4.0556,1.1904
4.0562,1.1904
4.0567,1.1904
4.0572,1.1904
4.0578,1.1853
4.0583,1.1904
4.0589,1.1853
4.0594,1.1904
4.0600,1.1853
4.0605,1.1853
4.0611,1.1904
4.0616,1.1954
4.0622,1.1904
4.0627,1.1904
4.0633,1.1904
4.0638,1.1904
4.0644,1.1904
4.0649,1.1904
4.0655,1.1853
4.0660,1.1904
4.0666,1.1904
4.0671,1.1853
4.0676,1.1904
4.0682,1.1904
4.0687,1.1853
4.0693,1.1853
4.0698,1.1853
4.0704,1.1853
4.0709,1.1853
4.0715,1.1904
4.0720,1.1853
4.0726,1.1904
4.0731,1.1904
4.0737,1.1904
4.0742,1.1853
4.0747,1.1954
4.0753,1.1803
4.0758,1.1853
4.0764,1.1853
4.0769,1.1853
4.0775,1.1853
4.0780,1.1853
4.0786,1.1904
4.0791,1.1904
4.0797,1.1954
4.0802,1.1904
4.0808,1.1904
4.0813,1.1904
4.0819,1.1904
4.0825,1.1853
4.0830,1.1853
4.0836,1.1904
4.0841,1.1904
4.0847,1.1853
4.0852,1.1904
4.0858,1.1853
4.0863,1.1904
4.0869,1.1904
4.0874,1.1904
4.0879,1.1853
4.0885,1.1853
4.0890,1.1904
4.0896,1.1904
4.0901,1.1904
4.0907,1.1853
4.0912,1.1853
4.0918,1.1853
4.0923,1.1904
4.0929,1.1853
4.0935,1.1853
4.0940,1.1904
4.0945,1.1853
4.0951,1.1853
4.0956,1.1904
4.0962,1.1853
4.0967,1.1853
4.0973,1.1904
4.0978,1.1904
4.0984,1.1853
4.0989,1.1853
4.0995,1.1853
4.1000,1.1853
4.1006,1.1904
4.1011,1.1853
4.1016,1.1904
4.1022,1.1853
4.1027,1.1853
4.1033,1.1853
4.1038,1.1853
4.1044,1.1853
4.1049,1.1904
4.1055,1.1904
4.1060,1.1904
4.1066,1.1853
4.1071,1.1904
4.1077,1.1853
4.1082,1.1853
4.1088,1.1853
4.1093,1.1904
4.1098,1.1853
4.1104,1.1853
4.1109,1.1904
4.1115,1.1853
4.1120,1.1853
4.1126,1.1904
4.1131,1.1853
4.1137,1.1904
4.1142,1.1904
4.1148,1.1904
4.1153,1.1853
4.1159,1.1904
4.1164,1.1904
4.1169,1.1853
4.1175,1.1904
4.1180,1.1853
4.1186,1.1904
4.1191,1.1853
4.1197,1.1904
4.1202,1.1853
4.1208,1.1904
4.1213,1.1853
4.1219,1.1853
4.1224,1.1853
4.1230,1.1904
4.1235,1.1853
4.1240,1.1904
4.1246,1.1803
4.1251,1.1904
4.1257,1.1853
4.1262,1.1904
4.1268,1.1853
4.1274,1.1904
4.1280,1.1853
4.1285,1.1904
4.1291,1.1853
4.1296,1.1853
4.1302,1.1853
4.1307,1.1904
4.1313,1.1853
4.1318,1.1853
4.1323,1.1853
4.1329,1.1904
4.1334,1.1853
4.1340,1.1853
4.1345,1.1853
4.1351,1.1803
4.1356,1.1904
4.1362,1.1904
4.1367,1.1904
4.1373,1.1853
4.1378,1.1904
4.1384,1.1853
4.1389,1.1853
4.1395,1.1853
4.1400,1.1803
4.1406,1.1904
4.1411,1.1803
4.1417,1.1853
4.1422,1.1853
4.1428,1.1853
4.1433,1.1803
4.1438,1.1853
4.1444,1.1904
4.1449,1.1803
4.1455,1.1904
4.1460,1.1853
4.1466,1.1853
4.1471,1.1904
4.1477,1.1803
4.1482,1.1904
4.1488,1.1853
4.1493,1.1803
4.1499,1.1853
4.1504,1.1853
4.1509,1.1853
4.1515,1.1853
4.1520,1.1853
4.1526,1.1853
4.1532,1.1904
4.1537,1.1904
4.1543,1.1904
4.1548,1.1853
4.1553,1.1853
4.1559,1.1853
4.1564,1.1853
4.1570,1.1853
4.1575,1.1853
4.1581,1.1803
4.1586,1.1853
4.1592,1.1904
4.1597,1.1853
4.1603,1.1853
4.1608,1.1853
4.1613,1.1853
4.1619,1.1904
4.1624,1.1853
4.1630,1.1904
4.1635,1.1853
4.1641,1.1904
4.1646,1.1853
4.1652,1.1904
4.1657,1.1853
4.1663,1.1904
4.1668,1.1853
4.1674,1.1853
4.1679,1.1853
4.1684,1.1853
4.1690,1.1904
4.1695,1.1853
4.1701,1.1853
4.1706,1.1853
4.1712,1.1803
4.1717,1.1803
4.1723,1.1853
4.1728,1.1853
4.1734,1.1853
4.1739,1.1853
4.1745,1.1803
4.1750,1.1853
4.1755,1.1853
4.1761,1.1853
4.1766,1.1853
4.1772,1.1853
4.1777,1.1853
4.1783,1.1803
4.1788,1.1904
4.1794,1.1904
4.1799,1.1853
4.1805,1.1853
4.1810,1.1853
4.1816,1.1853
4.1821,1.1853
4.1826,1.1853
4.1832,1.1803
4.1837,1.1853
4.1843,1.1904
4.1848,1.1853
4.1854,1.1853
4.1859,1.1853
4.1865,1.1853
4.1870,1.1853
4.1876,1.1803
4.1881,1.1803
4.1887,1.1803
4.1892,1.1853
4.1897,1.1853
4.1903,1.1853
4.1908,1.1853
4.1914,1.1853
4.1919,1.1803
4.1925,1.1853
4.1930,1.1853
4.1936,1.1803
4.1941,1.1853
4.1947,1.1853
4.1952,1.1853
4.1958,1.1853
4.1963,1.1853
4.1969,1.1853
4.1974,1.1853
4.1979,1.1853
4.1985,1.1853
4.1990,1.1803
4.1996,1.1853
4.2001,1.1853
4.2007,1.1853
4.2012,1.1853
4.2018,1.1853
4.2023,1.1803
4.2029,1.1853
4.2034,1.1853
4.2040,1.1853
4.2045,1.1853
4.2051,1.1803
4.2056,1.1853
4.2062,1.1853
4.2067,1.1853
4.2073,1.1803
4.2078,1.1853
4.2084,1.1853
4.2089,1.1803
4.2094,1.1853
4.2100,1.1853
4.2105,1.1853
4.2111,1.1853
4.2116,1.1853
4.2122,1.1803
4.2127,1.1803
4.2133,1.1853
4.2138,1.1853
4.2144,1.1803
4.2149,1.1853
4.2155,1.1853
4.2160,1.1803
4.2165,1.1853
4.2171,1.1853
4.2176,1.1853
4.2182,1.1853
4.2187,1.1803
4.2193,1.1853
4.2198,1.1853
4.2204,1.1853
4.2209,1.1853
4.2215,1.1853
4.2220,1.1853
4.2226,1.1803
4.2231,1.1853
4.2237,1.1803
4.2242,1.1803
4.2248,1.1803
4.2253,1.1853
4.2259,1.1803
4.2264,1.1803
4.2270,1.1853
4.2275,1.1853
4.2280,1.1853
4.2286,1.1853
4.2291,1.1904
4.2297,1.1853
4.2302,1.1853
4.2308,1.1803
4.2313,1.1803
4.2319,1.1803
4.2324,1.1853
4.2330,1.1853
4.2335,1.1853
4.2341,1.1853
4.2346,1.1853
4.2351,1.1853
4.2357,1.1853
4.2362,1.1853
4.2368,1.1853
4.2373,1.1853
4.2379,1.1853
4.2384,1.1853
4.2390,1.1853
4.2395,1.1853
4.2401,1.1853
4.2406,1.1853
4.2412,1.1853
4.2417,1.1803
4.2423,1.1853
4.2428,1.1904
4.2434,1.1853
4.2439,1.1803
4.2445,1.1853
4.2450,1.1803
4.2456,1.1853
4.2461,1.1853
4.2466,1.1853
4.2472,1.1803
4.2477,1.1904
4.2483,1.1853
4.2488,1.1853
4.2494,1.1803
4.2499,1.1853
4.2505,1.1853
4.2510,1.1853
4.2516,1.1853
4.2521,1.1853
4.2527,1.1853
4.2532,1.1853
4.2537,1.1853
4.2543,1.1904
4.2548,1.1803
4.2554,1.1853
4.2559,1.1803
4.2565,1.1853
4.2570,1.1853
4.2576,1.1853
4.2581,1.1803
4.2587,1.1853
4.2592,1.1853
4.2598,1.1853
4.2603,1.1803
4.2608,1.1803
4.2614,1.1853
4.2619,1.1853
4.2625,1.1803
4.2630,1.1853
4.2636,1.1853
4.2641,1.1803
4.2647,1.1853
4.2652,1.1803
4.2658,1.1853
4.2663,1.1853
4.2669,1.1853
4.2674,1.1803
4.2680,1.1853
4.2685,1.1803
4.2690,1.1853
4.2696,1.1803
4.2701,1.1803
4.2707,1.1853
4.2712,1.1853
4.2718,1.1803
4.2723,1.1853
4.2729,1.1853
4.2734,1.1853
4.2740,1.1803
4.2745,1.1803
4.2751,1.1853
4.2756,1.1803
4.2762,1.1803
4.2767,1.1853
4.2773,1.1803
4.2778,1.1853
4.2784,1.1853
4.2789,1.1853
4.2795,1.1853
4.2800,1.1853
4.2806,1.1853
4.2811,1.1853
4.2817,1.1803
4.2822,1.1803
4.2827,1.1853
4.2833,1.1803
4.2838,1.1853
4.2844,1.1803
4.2849,1.1853
4.2855,1.1803
4.2860,1.1803
4.2866,1.1853
4.2871,1.1803
4.2877,1.1853
4.2882,1.1853
4.2888,1.1853
4.2893,1.1853
4.2899,1.1803
4.2904,1.1853
4.2910,1.1853
4.2916,1.1803
4.2921,1.1853
4.2927,1.1752
4.2932,1.1803
4.2938,1.1853
4.2943,1.1853
4.2949,1.1853
4.2954,1.1803
4.2960,1.1853
4.2965,1.1803
4.2971,1.1803
4.2976,1.1853
4.2981,1.1853
4.2987,1.1853
4.2992,1.1853
4.2998,1.1853
4.3003,1.1803
4.3009,1.1853
4.3014,1.1853
4.3020,1.1853
4.3025,1.1853
4.3031,1.1803
4.3036,1.1853
4.3042,1.1803
4.3047,1.1803
4.3052,1.1853
4.3058,1.1803
4.3063,1.1904
4.3069,1.1803
4.3074,1.1904
4.3080,1.1853
4.3085,1.1803
4.3091,1.1853
4.3096,1.1853
4.3102,1.1803
4.3107,1.1853
4.3113,1.1853
4.3118,1.1904
4.3124,1.1853
4.3129,1.1853
4.3134,1.1853
4.3140,1.1853
4.3145,1.1904
4.3151,1.1904
4.3156,1.1853
4.3162,1.1904
4.3167,1.1853
4.3173,1.1904
4.3178,1.1904
4.3184,1.1904
4.3189,1.1853
4.3195,1.1904
4.3200,1.1853
4.3205,1.1904
4.3211,1.1853
4.3216,1.1904
4.3222,1.1904
4.3227,1.1853
4.3233,1.1904
4.3238,1.1904
4.3244,1.1853
4.3249,1.1853
4.3255,1.1904
4.3260,1.1904
4.3266,1.1853
4.3271,1.1853
4.3276,1.1904
4.3282,1.1904
4.3287,1.1904
4.3293,1.1904
4.3298,1.1853
4.3304,1.1904
4.3309,1.1904
4.3315,1.1904
4.3320,1.1904
4.3326,1.1904
4.3331,1.1853
4.3337,1.1904
4.3342,1.1904
4.3347,1.1954
4.3353,1.1904
4.3358,1.1954
4.3364,1.1904
4.3369,1.1954
4.3375,1.1904
4.3380,1.1904
4.3386,1.1904
4.3391,1.1904
4.3397,1.1904
4.3402,1.1904
4.3408,1.1904
4.3413,1.1904
4.3419,1.1904
4.3424,1.1904
4.3430,1.1904
4.3435,1.1904
4.3441,1.1954
4.3446,1.1853
4.3451,1.1904
4.3457,1.1954
4.3462,1.1954
4.3468,1.1904
4.3473,1.1904
4.3479,1.1954
4.3484,1.1904
4.3490,1.1904
4.3495,1.1904
4.3501,1.1904
4.3506,1.1954
4.3512,1.1954
4.3517,1.1904
4.3522,1.1954
4.3528,1.1954
4.3533,1.1954
4.3539,1.1904
4.3544,1.1954
4.3550,1.1954
4.3555,1.1954
4.3561,1.1904
4.3566,1.1954
4.3572,1.1954
4.3577,1.1954
4.3583,1.2005
4.3588,1.1954
4.3594,1.1954
4.3599,1.1954
4.3604,1.2005
4.3610,1.1954
4.3616,1.2005
4.3621,1.1954
4.3626,1.1954
4.3632,1.1954
4.3637,1.1954
4.3643,1.2005
4.3648,1.1954
4.3654,1.1954
4.3659,1.2005
4.3665,1.1954
4.3670,1.2005
4.3676,1.1954
4.3681,1.1954
4.3687,1.2005
4.3692,1.1954
4.3698,1.1954
4.3703,1.2005
4.3708,1.1954
4.3714,1.2005
4.3719,1.2005
4.3725,1.2005
4.3730,1.2005
4.3736,1.1954
4.3741,1.2005
4.3747,1.2005
4.3752,1.2005
4.3758,1.2005
4.3763,1.2005
4.3769,1.2005
4.3774,1.1954
4.3779,1.1954
4.3785,1.2005
4.3790,1.2005
4.3796,1.2005
4.3801,1.2005
4.3807,1.1954
4.3812,1.2005
4.3818,1.2005
4.3823,1.2005
4.3829,1.2005
4.3834,1.2005
4.3840,1.2005
4.3845,1.2005
4.3851,1.1954
4.3856,1.2005
4.3862,1.1954
4.3867,1.2005
4.3873,1.2005
4.3878,1.2005
4.3884,1.2005
4.3889,1.2005
4.3895,1.2005
4.3900,1.2005
4.3905,1.1954
4.3911,1.2005
4.3916,1.2005
4.3922,1.2005
4.3927,1.2005
4.3933,1.2005
4.3938,1.2005
4.3944,1.2005
4.3949,1.2005
4.3955,1.1954
4.3960,1.2005
4.3966,1.2005
4.3971,1.2005
4.3977,1.1954
4.3982,1.2005
4.3987,1.2005
4.3993,1.2005
4.3998,1.2005
4.4004,1.2005
4.4009,1.1954
4.4015,1.2005
4.4020,1.2005
4.4026,1.2055
4.4031,1.2005
4.4037,1.2005
4.4042,1.2005
4.4048,1.2005
4.4053,1.2005
4.4058,1.2005
4.4064,1.2005
4.4069,1.2055
4.4075,1.2005
4.4080,1.2005
4.4086,1.2055
4.4091,1.2055
4.4097,1.1954
4.4102,1.2055
4.4108,1.2005
4.4113,1.2055
4.4119,1.2005
4.4124,1.2005
4.4130,1.2005
4.4135,1.2055
4.4141,1.2005
4.4146,1.2005
4.4151,1.2005
4.4157,1.2055
4.4162,1.2055
4.4168,1.2005
4.4173,1.2055
4.4179,1.2005
4.4184,1.1954
4.4190,1.2055
4.4195,1.2055
4.4201,1.2005
4.4206,1.2005
4.4212,1.2005
4.4217,1.2055
4.4222,1.2005
4.4228,1.2055
4.4233,1.2005
4.4239,1.2055
4.4244,1.2055
4.4250,1.2055
4.4255,1.1954
4.4261,1.2055
4.4266,1.2055
4.4272,1.2055
4.4277,1.2005
4.4283,1.2055
4.4288,1.2005
4.4293,1.2005
4.4299,1.2055
4.4305,1.2055
4.4310,1.2055
4.4316,1.2005
4.4321,1.2055
4.4326,1.2055
4.4332,1.2055
4.4337,1.2055
4.4343,1.2005
4.4348,1.2055
4.4354,1.2055
4.4360,1.2055
4.4365,1.2055
4.4371,1.2005
4.4376,1.2005
4.4383,1.2055
4.4388,1.2055
4.4394,1.2055
4.4399,1.2055
4.4405,1.2055
4.4410,1.2055
4.4416,1.2055
4.4421,1.2055
4.4427,1.2055
4.4432,1.2055
4.4438,1.2055
4.4443,1.2055
4.4449,1.2005
4.4454,1.2055
4.4460,1.2055
4.4465,1.2005
4.4470,1.2055
4.4476,1.2055
4.4481,1.2055
4.4487,1.2055
4.4492,1.2005
4.4498,1.2055
4.4503,1.2055
4.4509,1.2005
4.4514,1.2055
4.4520,1.2005
4.4525,1.2055
4.4531,1.2055
4.4536,1.2055
4.4541,1.2055
4.4547,1.2055
4.4552,1.2005
4.4558,1.2055
4.4563,1.2055
4.4569,1.2055
4.4574,1.2055
4.4580,1.2005
4.4585,1.2055
4.4591,1.2055
4.4596,1.2055
4.4602,1.2055
4.4607,1.2055
4.4613,1.2005
4.4619,1.2106
4.4624,1.2055
4.4630,1.2005
4.4635,1.2055
4.4641,1.2055
4.4646,1.2055
4.4652,1.2055
4.4658,1.2106
4.4663,1.2055
4.4669,1.2055
4.4674,1.2055
4.4680,1.1954
4.4685,1.2106
4.4691,1.2055
4.4696,1.2055
4.4702,1.2055
4.4707,1.2055
4.4712,1.2005
4.4718,1.2055
4.4723,1.2055
4.4729,1.2055
4.4734,1.2055
4.4740,1.2055
4.4746,1.2055
4.4751,1.2055
4.4756,1.2005
4.4762,1.2055
4.4768,1.2055
4.4773,1.2055
4.4779,1.2005
4.4785,1.2005
4.4791,1.2005
4.4796,1.2055
4.4802,1.2055
4.4807,1.2055
4.4813,1.2055
4.4818,1.2055
4.4824,1.2106
4.4829,1.2055
4.4836,1.2055
4.4842,1.2005
4.4847,1.2055
4.4853,1.2055
4.4858,1.2005
4.4864,1.2055
4.4870,1.2055
4.4875,1.2055
4.4881,1.2005
4.4886,1.2055
4.4892,1.2005
4.4897,1.2055
4.4902,1.2055
4.4908,1.2055
4.4913,1.2055
4.4919,1.2055
4.4924,1.2055
4.4930,1.2005
4.4935,1.2055
4.4941,1.2055
4.4946,1.2055
4.4952,1.2055
4.4958,1.2005
4.4963,1.2055
4.4969,1.2106
4.4974,1.2055
4.4980,1.2055
4.4985,1.2055
4.4991,1.2055
4.4996,1.2055
4.5002,1.2055
4.5007,1.2005
4.5013,1.2055
4.5018,1.2005
4.5024,1.2055
4.5029,1.2005
4.5035,1.2055
4.5040,1.2055
4.5046,1.2106
4.5051,1.2055
4.5057,1.2055
4.5062,1.2005
4.5068,1.2055
4.5074,1.2055
4.5079,1.2005
4.5085,1.2055
4.5091,1.2055
4.5097,1.2055
4.5102,1.2055
4.5108,1.2005
4.5114,1.2055
4.5119,1.2005
4.5125,1.2106
4.5131,1.2055
4.5136,1.2055
4.5142,1.2055
4.5147,1.2055
4.5153,1.2055
4.5158,1.2005
4.5164,1.2055
4.5169,1.2055
4.5175,1.2005
4.5180,1.2106
4.5186,1.2055
4.5191,1.2055
4.5197,1.2055
4.5202,1.2106
4.5208,1.2055
4.5213,1.2055
4.5221,1.2055
4.5227,1.2055
4.5232,1.2055
4.5238,1.2055
4.5243,1.2055
4.5249,1.2055
4.5254,1.2055
4.5260,1.2055
4.5265,1.2055
4.5271,1.2055
4.5276,1.2005
4.5282,1.2055
4.5287,1.2055
4.5292,1.2106
4.5298,1.2005
4.5303,1.2055
4.5309,1.2055
4.5314,1.2005
4.5320,1.2055
4.5325,1.2055
4.5331,1.2055
4.5336,1.2055
4.5342,1.2005
4.5347,1.2055
4.5353,1.2005
4.5358,1.2055
4.5364,1.2005
4.5369,1.2055
4.5375,1.2055
4.5380,1.2005
4.5386,1.2055
4.5391,1.2005
4.5397,1.2055
4.5402,1.2055
4.5408,1.2005
4.5413,1.1954
4.5419,1.2005
4.5424,1.2055
4.5430,1.2055
4.5435,1.2055
4.5440,1.2005
4.5446,1.2005
4.5451,1.2055
4.5456,1.2005
4.5462,1.2005
4.5467,1.2005
4.5473,1.2005
4.5478,1.2055
4.5483,1.2005
4.5489,1.2005
4.5494,1.2005
4.5499,1.2055
4.5505,1.2055
4.5510,1.2055
4.5516,1.2005
4.5521,1.2055
4.5527,1.2005
4.5532,1.2055
4.5538,1.2005
4.5543,1.2005
4.5548,1.2005
4.5554,1.2055
4.5559,1.2005
4.5565,1.2005
4.5570,1.2005
4.5576,1.2005
4.5581,1.2005
4.5586,1.2005
4.5592,1.2005
4.5597,1.1954
4.5603,1.2005
4.5608,1.2005
4.5613,1.2005
4.5619,1.2055
4.5624,1.2005
4.5630,1.2055
4.5635,1.2005
4.5641,1.2005
4.5646,1.2106
4.5651,1.2055
4.5657,1.2005
4.5662,1.1954
4.5668,1.2055
4.5673,1.2005
4.5679,1.2055
4.5684,1.2005
4.5689,1.2005
4.5695,1.2055
4.5700,1.2005
4.5706,1.2005
4.5711,1.1954
4.5717,1.2005
4.5722,1.2055
4.5727,1.2005
4.5733,1.2005
4.5738,1.2005
4.5744,1.2055
4.5749,1.1954
4.5754,1.2005
4.5760,1.2055
4.5765,1.2005
4.5771,1.2005
4.5776,1.2005
4.5781,1.2005
4.5787,1.2005
4.5792,1.2005
4.5797,1.2005
4.5803,1.2005
4.5808,1.2055
4.5814,1.2005
4.5819,1.1954
4.5824,1.2055
4.5830,1.2005
4.5835,1.2005
4.5841,1.2005
4.5847,1.1954
4.5852,1.2005
4.5858,1.2055
4.5864,1.1954
4.5869,1.2005
4.5875,1.2005
4.5880,1.1954
4.5886,1.2005
4.5891,1.2005
4.5897,1.2005
4.5902,1.2005
4.5908,1.1954
4.5913,1.2005
4.5932,1.2005
4.5937,1.2005
4.5943,1.2005
4.5948,1.2005
4.5953,1.2005
4.5959,1.2005
4.5964,1.2005
4.5970,1.2005
4.5975,1.2005
4.5981,1.2005
4.5986,1.1954
4.5992,1.2005
4.5997,1.2005
4.6002,1.2005
4.6008,1.2005
4.6026,1.1954
4.6031,1.2005
4.6037,1.1954
4.6042,1.2005
4.6048,1.2005
4.6053,1.2005
4.6059,1.2005
4.6064,1.1954
4.6071,1.2005
4.6076,1.2005
4.6082,1.2005
4.6087,1.2005
4.6093,1.2005
4.6098,1.2005
4.6104,1.1954
4.6109,1.2005
4.6115,1.2005
4.6120,1.2005
4.6126,1.2005
4.6131,1.2005
4.6137,1.2005
4.6142,1.1954
4.6148,1.2055
4.6153,1.1954
4.6159,1.1954
4.6164,1.2005
4.6170,1.2005
4.6175,1.2005
4.6180,1.2005
4.6186,1.2005
4.6191,1.2005
4.6197,1.2005
4.6202,1.2005
4.6207,1.2005
4.6213,1.2005
4.6218,1.2005
4.6223,1.2005
4.6229,1.2005
4.6235,1.2005
4.6240,1.2005
4.6245,1.2005
4.6251,1.2005
4.6256,1.2005
4.6262,1.1954
4.6267,1.1954
4.6272,1.2005
4.6278,1.2005
4.6283,1.1954
4.6288,1.2005
4.6294,1.1954
4.6299,1.1954
4.6304,1.1954
4.6310,1.2005
4.6315,1.2005
4.6320,1.2005
4.6326,1.2005
4.6331,1.2005
4.6337,1.2005
4.6342,1.2005
4.6347,1.2005
4.6353,1.2005
4.6358,1.2005
4.6363,1.2005
4.6369,1.2005
4.6374,1.2005
4.6380,1.1954
4.6385,1.2005
4.6390,1.2005
4.6396,1.2005
4.6401,1.2005
4.6406,1.2005
4.6412,1.2005
4.6417,1.2005
4.6423,1.2005
4.6428,1.2005
4.6434,1.2005
4.6439,1.2005
4.6444,1.2005
4.6450,1.2005
4.6455,1.2005
4.6460,1.2005
4.6466,1.2005
4.6471,1.2005
4.6477,1.1954
4.6482,1.2005
4.6487,1.2005
4.6493,1.2005
4.6498,1.2005
4.6503,1.2005
4.6509,1.2005
4.6514,1.2005
4.6519,1.2005
4.6525,1.2005
4.6530,1.1954
4.6535,1.2005
4.6541,1.2005
4.6546,1.2005
4.6552,1.1954
4.6557,1.2005
4.6562,1.2005
4.6568,1.2005
4.6573,1.2005
4.6578,1.1954
4.6584,1.1954
4.6589,1.2005
4.6594,1.2005
4.6600,1.2005
4.6605,1.2005
4.6610,1.2005
4.6616,1.2005
4.6621,1.2005
4.6627,1.2005
4.6632,1.2005
4.6637,1.1954
4.6643,1.2005
4.6648,1.2005
4.6653,1.1954
4.6659,1.2005
4.6664,1.2005
4.6669,1.2005
4.6675,1.2005
4.6680,1.2005
4.6686,1.2005
4.6691,1.2005
4.6696,1.1954
4.6702,1.1954
4.6707,1.1954
4.6712,1.2005
4.6718,1.2005
4.6723,1.2005
4.6728,1.2005
4.6734,1.2005
4.6740,1.2005
4.6745,1.1954
4.6750,1.2005
4.6756,1.1954
4.6761,1.1954
4.6767,1.2005
4.6772,1.2005
4.6777,1.1954
4.6783,1.1954
4.6788,1.2005
4.6794,1.2005
4.6799,1.2005
4.6804,1.2005
4.6810,1.1954
4.6815,1.2005
4.6820,1.2005
4.6826,1.2005
4.6831,1.2055
4.6837,1.2005
4.6842,1.2005
4.6847,1.2005
4.6853,1.2005
4.6858,1.2005
4.6864,1.2005
4.6869,1.1954
4.6874,1.2005
4.6880,1.2005
4.6885,1.2005
4.6891,1.2005
4.6896,1.1954
4.6901,1.1904
4.6907,1.1954
4.6912,1.2005
4.6918,1.2005
4.6923,1.1954
4.6928,1.2005
4.6934,1.1954
4.6939,1.1954
4.6944,1.1954
4.6950,1.2005
4.6955,1.2005
4.6961,1.1954
4.6966,1.2005
4.6971,1.2005
4.6977,1.1954
4.6982,1.2005
4.6988,1.2005
4.6993,1.2005
4.6998,1.2005
4.7004,1.2005
4.7009,1.2005
4.7014,1.2005
4.7020,1.1954
4.7025,1.1954
4.7031,1.1954
4.7036,1.2005
4.7041,1.1954
4.7047,1.1904
4.7052,1.1954
4.7058,1.2005
4.7063,1.1954
4.7068,1.1954
4.7074,1.2005
4.7079,1.1954
4.7084,1.1954
4.7090,1.2005
4.7095,1.1954
4.7101,1.1954
4.7106,1.2005
4.7114,1.1954
4.7119,1.2005
4.7125,1.2005
4.7130,1.2005
4.7135,1.2005
4.7141,1.1954
4.7146,1.1954
4.7152,1.1954
4.7157,1.2005
4.7162,1.2005
4.7168,1.1954
4.7173,1.1954
4.7179,1.1954
4.7184,1.1954
4.7189,1.2005
4.7195,1.2005
4.7200,1.1954
4.7206,1.1954
4.7211,1.2005
4.7216,1.1954
4.7222,1.1954
4.7227,1.1904
4.7232,1.1954
4.7238,1.2005
4.7243,1.1954
4.7249,1.1954
4.7254,1.1954
4.7259,1.1954
4.7265,1.1954
4.7270,1.2005
4.7276,1.2005
4.7281,1.2005
4.7286,1.1954
4.7292,1.1954
4.7297,1.2005
4.7303,1.1904
4.7308,1.2005
4.7313,1.1954
4.7319,1.1954
4.7324,1.1954
4.7329,1.2005
4.7335,1.2005
4.7340,1.1954
4.7346,1.1954
4.7351,1.1954
4.7357,1.1954
4.7362,1.2005
4.7367,1.1954
4.7373,1.1954
4.7378,1.1904
4.7383,1.2005
4.7389,1.2005
4.7394,1.1954
4.7400,1.1954
4.7405,1.2005
4.7410,1.1954
4.7416,1.1954
4.7422,1.1954
4.7428,1.1954
4.7433,1.1904
4.7439,1.1954
4.7444,1.2005
4.7450,1.1954
4.7455,1.1954
4.7461,1.1904
4.7466,1.1954
4.7472,1.1954
4.7477,1.1904
4.7483,1.1904
4.7488,1.1954
4.7494,1.1954
4.7499,1.1954
4.7505,1.1954
4.7511,1.1954
4.7517,1.1954
4.7523,1.1954
4.7528,1.1954
4.7534,1.1954
4.7539,1.1954
4.7545,1.1904
4.7550,1.1954
4.7555,1.1954
4.7561,1.1904
4.7566,1.1954
4.7572,1.2005
4.7577,1.1954
4.7583,1.1954
4.7588,1.1954
4.7594,1.1904
4.7599,1.2005
4.7605,1.1954
4.7610,1.1904
4.7616,1.1954
4.7621,1.1954
4.7627,1.1954
4.7632,1.1954
4.7638,1.1954
4.7643,1.1954
4.7648,1.1954
4.7654,1.1954
4.7659,1.1904
4.7665,1.1954
4.7670,1.1954
4.7676,1.1954
4.7681,1.1904
4.7686,1.1904
4.7692,1.1954
4.7697,1.1954
4.7703,1.1904
4.7708,1.1904
4.7714,1.1954
4.7719,1.1954
4.7724,1.1954
4.7730,1.1954
4.7735,1.1954
4.7741,1.1904
4.7746,1.1954
4.7752,1.1853
4.7757,1.1954
4.7763,1.1954
4.7768,1.1904
4.7774,1.1954
4.7779,1.1954
4.7785,1.1954
4.7790,1.1954
4.7795,1.1904
4.7801,1.1954
4.7807,1.1954
4.7812,1.1954
4.7818,1.1904
4.7823,1.1954
4.7829,1.1954
4.7834,1.1954
4.7840,1.1954
4.7845,1.1904
4.7851,1.1954
4.7856,1.1904
4.7862,1.1904
4.7867,1.1904
4.7872,1.1954
4.7878,1.1904
4.7883,1.1904
4.7889,1.1904
4.7894,1.1954
4.7900,1.1954
4.7905,1.1904
4.7911,1.1954
4.7916,1.1904
4.7922,1.1954
4.7927,1.1904
4.7933,1.1954
4.7938,1.1954
4.7944,1.1904
4.7949,1.1904
4.7955,1.1904
4.7960,1.1954
4.7966,1.1853
4.7971,1.1954
4.7977,1.1904
4.7982,1.1904
4.7987,1.1954
4.7993,1.1904
4.7998,1.1954
4.8004,1.1904
4.8009,1.1904
4.8015,1.1904
4.8020,1.1904
4.8026,1.1853
4.8031,1.1904
4.8037,1.1904
4.8042,1.1904
4.8048,1.1904
4.8053,1.1904
4.8058,1.1904
4.8064,1.1904
4.8069,1.1904
4.8075,1.1954
4.8080,1.1904
4.8086,1.1904
4.8091,1.1853
4.8097,1.1954
4.8102,1.1904
4.8108,1.1904
4.8113,1.1904
4.8119,1.1904
4.8124,1.1904
4.8129,1.1954
4.8135,1.1904
4.8140,1.1954
4.8146,1.1904
4.8151,1.1954
4.8157,1.1904
4.8162,1.1904
4.8168,1.1904
4.8173,1.1904
4.8179,1.1904
4.8184,1.1954
4.8190,1.1904
4.8195,1.1904
4.8201,1.1904
4.8206,1.1904
4.8211,1.1954
4.8217,1.1904
4.8222,1.1904
4.8228,1.1904
4.8233,1.1954
4.8239,1.1853
4.8244,1.1904
4.8250,1.1904
4.8255,1.1904
4.8261,1.1904
4.8266,1.1853
4.8271,1.1904
4.8277,1.1904
4.8282,1.1904
4.8288,1.1954
4.8293,1.1904
4.8299,1.1904
4.8304,1.1853
4.8310,1.1904
4.8315,1.1904
4.8321,1.1904
4.8326,1.1904
4.8332,1.1904
4.8337,1.1904
4.8342,1.1904
4.8348,1.1853
4.8353,1.1904
4.8359,1.1853
4.8364,1.1904
4.8370,1.1954
4.8375,1.1904
4.8381,1.1904
4.8386,1.1954
4.8392,1.1904
4.8397,1.1904
4.8403,1.1904
4.8408,1.1904
4.8413,1.1904
4.8419,1.1853
4.8424,1.1954
4.8430,1.1904
4.8436,1.1904
4.8441,1.1853
4.8447,1.1904
4.8452,1.1904
4.8458,1.1904
4.8463,1.1904
4.8468,1.1904
4.8474,1.1904
4.8479,1.1904
4.8485,1.1904
4.8490,1.1904
4.8496,1.1904
4.8501,1.1904
4.8507,1.1853
4.8512,1.1904
4.8518,1.1904
4.8523,1.1904
4.8529,1.1904
4.8534,1.1853
4.8540,1.1904
4.8545,1.1904
4.8551,1.1904
4.8556,1.1853
4.8562,1.1853
4.8567,1.1904
4.8573,1.1904
4.8578,1.1904
4.8583,1.1904
4.8589,1.1904
4.8594,1.1904
4.8600,1.1853
4.8605,1.1904
4.8611,1.1904
4.8616,1.1904
4.8622,1.1853
4.8627,1.1904
4.8633,1.1904
4.8638,1.1904
4.8644,1.1904
4.8649,1.1904
4.8654,1.1904
4.8660,1.1904
4.8665,1.1904
4.8671,1.1904
4.8676,1.1803
4.8682,1.1904
4.8687,1.1853
4.8693,1.1904
4.8698,1.1904
4.8704,1.1904
4.8709,1.1904
4.8715,1.1904
4.8720,1.1904
4.8725,1.1904
4.8731,1.1904
4.8736,1.1904
4.8742,1.1904
4.8747,1.1904
4.8753,1.1904
4.8758,1.1853
4.8766,1.1904
4.8771,1.1904
4.8777,1.1904
4.8782,1.1904
4.8788,1.1853
4.8793,1.1904
4.8799,1.1853
4.8804,1.1853
4.8810,1.1904
4.8815,1.1904
4.8821,1.1853
4.8826,1.1904
4.8832,1.1904
4.8837,1.1904
4.8843,1.1853
4.8848,1.1904
4.8854,1.1853
4.8859,1.1904
4.8865,1.1904
4.8870,1.1904
4.8875,1.1904
4.8881,1.1904
4.8886,1.1904
4.8892,1.1904
4.8897,1.1853
4.8903,1.1904
4.8908,1.1853
4.8914,1.1904
4.8919,1.1853
4.8925,1.1904
4.8930,1.1853
4.8936,1.1853
4.8941,1.1904
4.8946,1.1853
4.8952,1.1904
4.8957,1.1904
4.8963,1.1904
4.8968,1.1853
4.8974,1.1904
4.8979,1.1853
4.8985,1.1853
4.8990,1.1853
4.8996,1.1904
4.9001,1.1904
4.9007,1.1904
4.9012,1.1853
4.9017,1.1954
4.9023,1.1904
4.9028,1.1904
4.9034,1.1853
4.9040,1.1904
4.9045,1.1904
4.9051,1.1853
4.9056,1.1904
4.9062,1.1904
4.9067,1.1853
4.9073,1.1904
4.9078,1.1904
4.9083,1.1904
4.9089,1.1904
4.9094,1.1904
4.9100,1.1904
4.9105,1.1904
4.9111,1.1904
4.9116,1.1904
4.9122,1.1904
4.9127,1.1904
4.9133,1.1904
4.9138,1.1904
4.9144,1.1853
4.9149,1.1904
4.9154,1.1904
4.9160,1.1904
4.9165,1.1853
4.9171,1.1904
4.9176,1.1853
4.9182,1.1853
4.9187,1.1904
4.9193,1.1853
4.9198,1.1853
4.9204,1.1904
4.9209,1.1853
4.9215,1.1904
4.9220,1.1853
4.9226,1.1904
4.9231,1.1904
4.9237,1.1904
4.9242,1.1904
4.9248,1.1853
4.9253,1.1904
4.9258,1.1853
4.9264,1.1904
4.9269,1.1904
4.9275,1.1853
4.9280,1.1853
4.9286,1.1904
4.9291,1.1904
4.9297,1.1904
4.9302,1.1853
4.9308,1.1904
4.9313,1.1904
4.9319,1.1853
4.9324,1.1853
4.9329,1.1904
4.9335,1.1904
4.9340,1.1904
4.9346,1.1853
4.9351,1.1904
4.9357,1.1904
4.9362,1.1904
4.9368,1.1904
4.9373,1.1904
4.9379,1.1853
4.9384,1.1904
4.9390,1.1904
4.9395,1.1904
4.9400,1.1853
4.9406,1.1853
4.9411,1.1904
4.9417,1.1904
4.9422,1.1904
4.9428,1.1904
4.9433,1.1904
4.9439,1.1853
4.9444,1.1904
4.9450,1.1853
4.9455,1.1904
4.9461,1.1853
4.9466,1.1904
4.9472,1.1904
4.9477,1.1853
4.9483,1.1904
4.9488,1.1904
4.9494,1.1904
4.9499,1.1904
4.9504,1.1904
4.9510,1.1904
4.9515,1.1853
4.9521,1.1853
4.9526,1.1853
4.9532,1.1904
4.9537,1.1904
4.9543,1.1853
4.9548,1.1904
4.9554,1.1853
4.9559,1.1904
4.9565,1.1853
4.9570,1.1904
4.9576,1.1853
4.9581,1.1904
4.9586,1.1853
4.9592,1.1853
4.9597,1.1904
4.9603,1.1904
4.9608,1.1904
4.9614,1.1904
4.9619,1.1904
4.9625,1.1904
4.9630,1.1904
4.9636,1.1904
4.9641,1.1904
4.9647,1.1904
4.9652,1.1904
4.9657,1.1904
4.9663,1.1853
4.9668,1.1853
4.9674,1.1954
4.9679,1.1904
4.9685,1.1904
4.9690,1.1904
4.9696,1.1853
4.9701,1.1904
4.9707,1.1904
4.9712,1.1853
4.9718,1.1904
4.9723,1.1904
4.9728,1.1904
4.9734,1.1904
4.9740,1.1904
4.9745,1.1853
4.9751,1.1904
4.9756,1.1853
4.9762,1.1904
4.9767,1.1904
4.9772,1.1904
4.9778,1.1853
4.9783,1.1853
4.9789,1.1904
4.9794,1.1904
4.9800,1.1904
4.9805,1.1904
4.9811,1.1904
4.9816,1.1904
4.9822,1.1904
4.9827,1.1904
4.9833,1.1904
4.9838,1.1904
4.9843,1.1904
4.9849,1.1803
4.9854,1.1853
4.9860,1.1853
4.9865,1.1904
4.9871,1.1904
4.9876,1.1904
4.9882,1.1904
4.9887,1.1803
4.9893,1.1904
4.9898,1.1853
4.9904,1.1853
4.9909,1.1904
4.9915,1.1853
4.9920,1.1904
4.9926,1.1904
4.9931,1.1904
4.9937,1.1904
4.9942,1.1904
4.9948,1.1853
4.9953,1.1904
4.9958,1.1853
4.9964,1.1853
4.9969,1.1853
4.9975,1.1904
4.9980,1.1904
4.9986,1.1853
4.9991,1.1904
4.9997,1.1904
5.0002,1.1803
5.0008,1.1904
5.0013,1.1853
5.0018,1.1904
5.0024,1.1904
5.0029,1.1904
5.0035,1.1853
5.0040,1.1904
5.0046,1.1853
5.0051,1.1853
5.0057,1.1853
5.0062,1.1904
5.0068,1.1904
5.0073,1.1904
5.0079,1.1853
5.0084,1.1904
5.0090,1.1853
5.0095,1.1904
5.0100,1.1853
5.0106,1.1853
5.0111,1.1853
5.0117,1.1904
5.0122,1.1853
5.0128,1.1853
5.0133,1.1904
5.0139,1.1853
5.0144,1.1904
5.0150,1.1904
5.0155,1.1904
5.0161,1.1853
5.0166,1.1904
5.0171,1.1853
5.0177,1.1904
5.0182,1.1803
5.0188,1.1853
5.0193,1.1904
5.0199,1.1853
5.0204,1.1904
5.0210,1.1853
5.0215,1.1853
5.0221,1.1904
5.0226,1.1853
5.0232,1.1904
5.0237,1.1904
5.0243,1.1904
5.0248,1.1904
5.0253,1.1904
5.0259,1.1904
5.0264,1.1853
5.0270,1.1904
5.0275,1.1904
5.0281,1.1853
5.0286,1.1853
5.0292,1.1853
5.0297,1.1853
5.0303,1.1904
5.0308,1.1904
5.0313,1.1904
5.0319,1.1853
5.0324,1.1853
5.0330,1.1853
5.0335,1.1853
5.0341,1.1853
5.0346,1.1853
5.0352,1.1904
5.0357,1.1853
5.0363,1.1853
5.0368,1.1904
5.0374,1.1803
5.0379,1.1853
5.0385,1.1904
5.0390,1.1803
5.0395,1.1853
5.0401,1.1803
5.0406,1.1853
5.0412,1.1904
5.0417,1.1853
5.0423,1.1853
5.0428,1.1853
5.0434,1.1904
5.0439,1.1904
5.0445,1.1803
5.0450,1.1853
5.0456,1.1853
5.0461,1.1853
5.0466,1.1904
5.0472,1.1853
5.0477,1.1904
5.0483,1.1853
5.0488,1.1853
5.0494,1.1853
5.0499,1.1853
5.0505,1.1904
5.0510,1.1853
5.0516,1.1904
5.0521,1.1853
5.0527,1.1904
5.0532,1.1853
5.0537,1.1904
5.0543,1.1853
5.0548,1.1853
5.0554,1.1853
5.0559,1.1853
5.0565,1.1904
5.0570,1.1853
5.0576,1.1853
5.0581,1.1853
5.0587,1.1904
5.0592,1.1853
5.0598,1.1853
5.0603,1.1904
5.0609,1.1853
5.0614,1.1904
5.0620,1.1853
5.0625,1.1853
5.0631,1.1904
5.0636,1.1853
5.0642,1.1853
5.0647,1.1853
5.0652,1.1853
5.0658,1.1904
5.0663,1.1904
5.0669,1.1853
5.0674,1.1803
5.0680,1.1853
5.0685,1.1853
5.0691,1.1904
5.0696,1.1853
5.0702,1.1853
5.0707,1.1853
5.0713,1.1853
5.0718,1.1853
5.0723,1.1904
5.0729,1.1904
5.0734,1.1803
5.0740,1.1904
5.0745,1.1853
5.0751,1.1853
5.0756,1.1803
5.0762,1.1853
5.0767,1.1853
5.0773,1.1904
5.0778,1.1853
5.0784,1.1904
5.0789,1.1853
5.0794,1.1853
5.0800,1.1904
5.0805,1.1853
5.0811,1.1853
5.0816,1.1853
5.0822,1.1853
5.0827,1.1904
5.0833,1.1904
5.0838,1.1853
5.0844,1.1803
5.0849,1.1904
5.0855,1.1853
5.0860,1.1904
5.0866,1.1904
5.0871,1.1853
5.0876,1.1853
5.0882,1.1853
5.0887,1.1853
5.0893,1.1904
5.0898,1.1853
5.0904,1.1904
5.0909,1.1853
5.0915,1.1904
5.0920,1.1853
5.0926,1.1853
5.0931,1.1904
5.0937,1.1904
5.0942,1.1853
5.0947,1.1904
5.0953,1.1853
5.0958,1.1853
5.0964,1.1904
5.0969,1.1904
5.0975,1.1853
5.0980,1.1853
5.0986,1.1853
5.0991,1.1803
5.0997,1.1904
5.1002,1.1853
5.1008,1.1904
5.1013,1.1853
5.1018,1.1904
5.1024,1.1853
5.1029,1.1904
5.1035,1.1904
5.1040,1.1904
5.1046,1.1853
5.1051,1.1904
5.1057,1.1853
5.1062,1.1853
5.1068,1.1853
5.1073,1.1853
5.1079,1.1853
5.1084,1.1853
5.1090,1.1853
5.1095,1.1904
5.1100,1.1904
5.1106,1.1853
5.1111,1.1853
5.1117,1.1853
5.1122,1.1853
5.1128,1.1904
5.1133,1.1803
5.1139,1.1853
5.1144,1.1853
5.1150,1.1853
5.1155,1.1853
5.1161,1.1803
5.1166,1.1853
5.1171,1.1803
5.1177,1.1853
5.1182,1.1853
5.1188,1.1853
5.1193,1.1853
5.1199,1.1904
5.1204,1.1853
5.1210,1.1904
5.1215,1.1803
5.1221,1.1853
5.1226,1.1803
5.1232,1.1853
5.1237,1.1803
5.1242,1.1904
5.1248,1.1853
5.1253,1.1803
5.1259,1.1803
5.1264,1.1853
5.1270,1.1853
5.1275,1.1853
5.1281,1.1853
5.1286,1.1853
5.1292,1.1853
5.1297,1.1853
5.1303,1.1853
5.1308,1.1853
5.1314,1.1853
5.1319,1.1853
5.1325,1.1853
5.1330,1.1853
5.1336,1.1803
5.1341,1.1853
5.1346,1.1853
5.1352,1.1853
5.1357,1.1853
5.1363,1.1904
5.1368,1.1853
5.1374,1.1853
5.1379,1.1904
5.1385,1.1853
5.1390,1.1803
5.1396,1.1853
5.1401,1.1853
5.1406,1.1853
5.1412,1.1853
5.1417,1.1853
5.1429,1.1853
5.1435,1.1853
5.1441,1.1853
5.1447,1.1853
5.1452,1.1853
5.1458,1.1853
5.1463,1.1853
5.1469,1.1853
5.1474,1.1853
5.1480,1.1853
5.1485,1.1803
5.1491,1.1853
5.1496,1.1853
5.1502,1.1853
5.1507,1.1853
5.1513,1.1803
5.1518,1.1904
5.1524,1.1853
5.1529,1.1853
5.1535,1.1853
5.1540,1.1853
5.1546,1.1803
5.1552,1.1803
5.1557,1.1853
5.1563,1.1853
5.1568,1.1853
5.1574,1.1853
5.1579,1.1853
5.1585,1.1904
5.1590,1.1853
5.1596,1.1904
5.1601,1.1904
5.1607,1.1853
5.1612,1.1803
5.1618,1.1853
5.1623,1.1803
5.1629,1.1853
5.1634,1.1853
5.1640,1.1853
5.1645,1.1853
5.1651,1.1853
5.1656,1.1853
5.1662,1.1853
5.1667,1.1853
5.1673,1.1853
5.1678,1.1803
5.1684,1.1853
5.1689,1.1853
5.1695,1.1853
5.1700,1.1853
5.1706,1.1904
5.1711,1.1853
5.1717,1.1853
5.1722,1.1853
5.1728,1.1853
5.1733,1.1853
5.1739,1.1853
5.1744,1.1853
5.1750,1.1853
5.1755,1.1803
5.1761,1.1853
5.1766,1.1803
5.1772,1.1853
5.1777,1.1904
5.1783,1.1803
5.1788,1.1853
5.1794,1.1853
5.1799,1.1853
5.1805,1.1853
5.1810,1.1803
5.1816,1.1853
5.1821,1.1853
5.1827,1.1853
5.1832,1.1853
5.1838,1.1803
5.1843,1.1904
5.1849,1.1803
5.1854,1.1853
5.1860,1.1803
5.1865,1.1803
5.1871,1.1853
5.1876,1.1853
5.1882,1.1853
5.1887,1.1904
5.1893,1.1853
5.1898,1.1853
5.1904,1.1853
5.1909,1.1853
5.1915,1.1853
5.1920,1.1853
5.1926,1.1803
5.1931,1.1853
5.1937,1.1853
5.1942,1.1803
5.1948,1.1853
5.1953,1.1853
5.1959,1.1853
5.1964,1.1853
5.1970,1.1853
5.1975,1.1853
5.1981,1.1853
5.1987,1.1853
5.1992,1.1853
5.1998,1.1853
5.2003,1.1803
5.2009,1.1853
5.2014,1.1853
5.2020,1.1853
5.2025,1.1853
5.2031,1.1853
5.2036,1.1853
5.2042,1.1853
5.2047,1.1853
5.2053,1.1803
5.2058,1.1853
5.2064,1.1853
5.2069,1.1904
5.2075,1.1803
5.2080,1.1853
5.2086,1.1853
5.2091,1.1853
5.2097,1.1853
5.2102,1.1904
5.2108,1.1803
5.2113,1.1853
5.2119,1.1853
5.2124,1.1853
5.2130,1.1853
5.2135,1.1904
5.2141,1.1853
5.2146,1.1853
5.2152,1.1853
5.2157,1.1853
5.2163,1.1853
5.2168,1.1904
5.2174,1.1853
5.2179,1.1853
5.2185,1.1853
5.2190,1.1853
5.2196,1.1853
5.2201,1.1853
5.2207,1.1853
5.2212,1.1904
5.2218,1.1904
5.2223,1.1904
5.2229,1.1904
5.2234,1.1904
5.2240,1.1853
5.2246,1.1853
5.2251,1.1853
5.2257,1.1904
5.2262,1.1853
5.2268,1.1904
5.2273,1.1853
5.2279,1.1853
5.2284,1.1853
5.2290,1.1853
5.2295,1.1904
5.2301,1.1853
5.2306,1.1904
5.2312,1.1904
5.2317,1.1904
5.2323,1.1904
5.2328,1.1904
5.2334,1.1853
5.2339,1.1803
5.2345,1.1853
5.2350,1.1904
5.2356,1.1904
5.2361,1.1904
5.2367,1.1904
5.2372,1.1904
5.2378,1.1904
5.2383,1.1904
5.2389,1.1904
5.2394,1.1853
5.2400,1.1904
5.2405,1.1904
5.2411,1.1904
5.2416,1.1904
5.2422,1.1954
5.2427,1.1904
5.2433,1.1904
5.2438,1.1904
5.2444,1.1954
5.2450,1.1904
5.2455,1.1904
5.2461,1.1904
5.2466,1.1904
5.2472,1.1954
5.2477,1.1904
5.2483,1.1904
5.2488,1.1954
5.2494,1.1904
5.2499,1.1954
5.2505,1.1904
5.2510,1.1954
5.2516,1.1954
5.2521,1.1954
5.2527,1.1954
5.2532,1.1904
5.2538,1.1954
5.2543,1.1904
5.2549,1.1904
5.2554,1.1954
5.2560,1.1954
5.2565,1.1954
5.2571,1.1904
5.2576,1.1954
5.2582,1.1954
5.2587,1.1954
5.2593,1.1904
5.2598,1.1954
5.2604,1.1954
5.2609,1.1954
5.2615,1.1954
5.2620,1.1904
5.2626,1.1954
5.2631,1.1954
5.2637,1.1954
5.2642,1.1954
5.2648,1.1904
5.2653,1.2005
5.2659,1.1954
5.2664,1.1954
5.2670,1.1954
5.2675,1.1954
5.2681,1.1954
5.2687,1.2005
5.2692,1.1904
5.2698,1.1954
5.2703,1.1954
5.2709,1.1954
5.2714,1.1954
5.2720,1.1954
5.2725,1.1954
5.2731,1.1954
5.2736,1.1954
5.2742,1.1954
5.2747,1.2005
5.2752,1.1954
5.2758,1.2005
5.2763,1.1954
5.2769,1.2005
5.2774,1.2005
5.2780,1.2005
5.2785,1.2005
5.2791,1.2005
5.2796,1.1954
5.2802,1.2055
5.2807,1.1954
5.2813,1.2005
5.2818,1.2005
5.2824,1.2005
5.2829,1.1954
5.2835,1.2005
5.2841,1.2005
5.2846,1.2005
5.2852,1.2005
5.2867,1.2005
5.2873,1.1954
5.2879,1.2005
5.2885,1.2005
5.2890,1.1954
5.2896,1.2005
5.2901,1.1954
5.2907,1.2055
5.2912,1.2055
5.2918,1.2055
5.2923,1.2005
5.2929,1.2005
5.2935,1.2005
5.2940,1.2005
5.2946,1.2055
5.2951,1.2005
5.2957,1.1954
5.2962,1.2005
5.2968,1.2055
5.2973,1.2005
5.2979,1.2055
5.2984,1.2005
5.2990,1.2055
5.2995,1.2055
5.3001,1.2005
5.3006,1.2055
5.3012,1.2005
5.3017,1.2055
5.3023,1.2055
5.3028,1.2005
5.3034,1.2055
5.3040,1.2055
5.3046,1.2055
5.3051,1.2005
5.3057,1.2005
5.3062,1.2055
5.3068,1.2055
5.3073,1.2055
5.3079,1.2055
5.3085,1.2005
5.3090,1.2055
5.3096,1.2005
5.3101,1.2055
5.3107,1.2055
5.3113,1.2055
5.3119,1.2005
5.3124,1.2055
5.3130,1.2055
5.3136,1.2055
5.3141,1.2055
5.3146,1.2055
5.3152,1.2055
5.3157,1.2106
5.3163,1.2055
5.3168,1.2055
5.3174,1.2055
5.3179,1.2055
5.3185,1.2055
5.3190,1.2055
5.3196,1.2055
5.3201,1.2005
5.3207,1.2055
5.3212,1.2055
5.3218,1.2106
5.3223,1.2055
5.3229,1.2055
5.3234,1.2055
5.3240,1.2055
5.3245,1.2055
5.3251,1.2106
5.3256,1.2005
5.3262,1.2106
5.3267,1.2055
5.3273,1.2055
5.3278,1.2055
5.3284,1.2055
5.3289,1.2055
5.3295,1.2106
5.3300,1.2055
5.3306,1.2055
5.3312,1.2055
5.3317,1.2055
5.3323,1.2005
5.3328,1.2055
5.3335,1.2055
5.3340,1.2005
5.3346,1.2055
5.3351,1.2106
5.3357,1.2055
5.3362,1.2005
5.3368,1.2055
5.3373,1.2055
5.3379,1.2055
5.3384,1.2055
5.3390,1.2055
5.3395,1.2005
5.3401,1.2106
5.3406,1.2055
5.3412,1.2055
5.3417,1.2106
5.3423,1.2106
5.3428,1.2106
5.3434,1.2106
5.3439,1.2106
5.3445,1.2106
5.3451,1.2106
5.3457,1.2055
5.3462,1.2106
5.3468,1.2055
5.3473,1.2005
5.3478,1.2106
5.3484,1.2106
5.3489,1.2106
5.3494,1.2106
5.3500,1.2106
5.3505,1.2106
5.3511,1.2106
5.3516,1.2106
5.3521,1.2055
5.3527,1.2106
5.3532,1.2106
5.3537,1.2106
5.3543,1.2106
5.3548,1.2055
5.3553,1.2106
5.3559,1.2106
5.3564,1.2106
5.3569,1.2106
5.3575,1.2055
5.3580,1.2106
5.3586,1.2106
5.3591,1.2106
5.3596,1.2106
5.3602,1.2106
5.3607,1.2106
5.3612,1.2106
5.3618,1.2156
5.3623,1.2055
5.3628,1.2106
5.3634,1.2106
5.3639,1.2106
5.3645,1.2106
5.3650,1.2106
5.3655,1.2106
5.3661,1.2106
5.3666,1.2106
5.3671,1.2106
5.3677,1.2106
5.3682,1.2106
5.3687,1.2106
5.3693,1.2106
5.3698,1.2106
5.3704,1.2055
5.3709,1.2055
5.3714,1.2106
5.3720,1.2106
5.3725,1.2106
5.3730,1.2106
5.3736,1.2106
5.3741,1.2106
5.3746,1.2106
5.3752,1.2106
5.3757,1.2106
5.3763,1.2055
5.3768,1.2106
5.3773,1.2055
5.3779,1.2055
5.3784,1.2106
5.3790,1.2106
5.3795,1.2156
5.3800,1.2055
5.3806,1.2156
5.3811,1.2106
5.3817,1.2106
5.3822,1.2106
5.3827,1.2106
5.3833,1.2106
5.3838,1.2106
5.3844,1.2106
5.3849,1.2106
5.3854,1.2106
5.3860,1.2106
5.3865,1.2106
5.3870,1.2106
5.3876,1.2106
5.3881,1.2106
5.3886,1.2106
5.3892,1.2106
5.3897,1.2106
5.3902,1.2055
5.3908,1.2106
5.3913,1.2106
5.3919,1.2106
5.3924,1.2106
5.3929,1.2106
5.3935,1.2106
5.3940,1.2106
5.3945,1.2106
5.3951,1.2106
5.3956,1.2106
5.3962,1.2106
5.3967,1.2106
5.3972,1.2106
5.3978,1.2156
5.3983,1.2106
5.3989,1.2106
5.3994,1.2106
5.3999,1.2106
5.4005,1.2106
5.4010,1.2156
5.4015,1.2156
5.4021,1.2106
5.4026,1.2106
5.4032,1.2156
5.4037,1.2106
5.4042,1.2106
5.4048,1.2106
5.4053,1.2106
5.4059,1.2106
5.4064,1.2106
5.4069,1.2106
5.4075,1.2106
5.4080,1.2106
5.4086,1.2106
5.4091,1.2106
5.4097,1.2106
5.4102,1.2106
5.4107,1.2156
5.4113,1.2106
5.4118,1.2106
5.4124,1.2106
5.4129,1.2106
5.4134,1.2106
5.4140,1.2106
5.4145,1.2156
5.4150,1.2106
5.4156,1.2106
5.4161,1.2106
5.4167,1.2106
5.4172,1.2106
5.4177,1.2106
5.4183,1.2106
5.4188,1.2106
5.4193,1.2106
5.4199,1.2106
5.4204,1.2156
5.4209,1.2106
5.4215,1.2106
5.4220,1.2106
5.4225,1.2055
5.4231,1.2106
5.4236,1.2106
5.4242,1.2055
5.4247,1.2106
5.4252,1.2106
5.4258,1.2106
5.4263,1.2156
5.4269,1.2106
5.4274,1.2156
5.4279,1.2106
5.4285,1.2106
5.4290,1.2156
5.4295,1.2106
5.4301,1.2106
5.4306,1.2106
5.4312,1.2106
5.4317,1.2106
5.4322,1.2156
5.4328,1.2106
5.4333,1.2055
5.4339,1.2106
5.4344,1.2106
5.4349,1.2106
5.4355,1.2106
5.4360,1.2106
5.4365,1.2156
5.4371,1.2106
5.4376,1.2156
5.4382,1.2106
5.4387,1.2156
5.4392,1.2156
5.4398,1.2106
5.4403,1.2106
5.4409,1.2106
5.4414,1.2106
5.4419,1.2055
5.4425,1.2055
5.4430,1.2106
5.4435,1.2156
5.4441,1.2106
5.4446,1.2106
5.4452,1.2106
5.4458,1.2106
5.4463,1.2106
5.4469,1.2156
5.4474,1.2106
5.4480,1.2106
5.4485,1.2106
5.4491,1.2106
5.4496,1.2106
5.4502,1.2156
5.4507,1.2156
5.4513,1.2106
5.4518,1.2106
5.4524,1.2156
5.4529,1.2106
5.4535,1.2106
5.4540,1.2106
5.4546,1.2156
5.4551,1.2106
5.4557,1.2055
5.4562,1.2106
5.4568,1.2106
5.4573,1.2106
5.4579,1.2106
5.4584,1.2106
5.4590,1.2106
5.4595,1.2156
5.4601,1.2106
5.4606,1.2106
5.4612,1.2106
5.4617,1.2106
5.4623,1.2106
5.4628,1.2106
5.4634,1.2106
5.4639,1.2106
5.4645,1.2106
5.4650,1.2106
5.4656,1.2106
5.4661,1.2106
5.4667,1.2106
5.4672,1.2106
5.4678,1.2106
5.4683,1.2106
5.4689,1.2055
5.4694,1.2106
5.4700,1.2106
5.4705,1.2106
5.4711,1.2055
5.4716,1.2055
5.4722,1.2106
5.4727,1.2106
5.4733,1.2106
5.4738,1.2106
5.4744,1.2106
5.4749,1.2106
5.4754,1.2106
5.4760,1.2055
5.4765,1.2156
5.4771,1.2055
5.4777,1.2106
5.4782,1.2106
5.4788,1.2106
5.4793,1.2106
5.4799,1.2106
5.4804,1.2156
5.4810,1.2106
5.4815,1.2106
5.4821,1.2106
5.4826,1.2106
5.4832,1.2106
5.4837,1.2106
5.4843,1.2156
5.4848,1.2106
5.4854,1.2055
5.4859,1.2106
5.4865,1.2106
5.4870,1.2055
5.4876,1.2106
5.4881,1.2106
5.4887,1.2156
5.4892,1.2106
5.4898,1.2106
5.4903,1.2055
5.4909,1.2106
5.4914,1.2106
5.4920,1.2055
5.4925,1.2106
5.4931,1.2156
5.4936,1.2156
5.4942,1.2106
5.4947,1.2106
5.4953,1.2106
5.4958,1.2106
5.4964,1.2055
5.4969,1.2055
5.4975,1.2106
5.4980,1.2106
5.4986,1.2106
5.4991,1.2106
5.4997,1.2106
5.5002,1.2106
5.5008,1.2055
5.5013,1.2055
5.5019,1.2106
5.5024,1.2106
5.5030,1.2106
5.5035,1.2055
5.5041,1.2106
5.5046,1.2106
5.5052,1.2106
5.5057,1.2106
5.5063,1.2106
5.5068,1.2055
5.5074,1.2106
5.5079,1.2106
5.5085,1.2055
5.5090,1.2055
5.5095,1.2055
5.5101,1.2055
5.5106,1.2106
5.5112,1.2055
5.5118,1.2055
5.5124,1.2055
5.5129,1.2106
5.5135,1.2106
5.5140,1.2106
5.5146,1.2106
5.5151,1.2106
5.5157,1.2106
5.5162,1.2055
5.5168,1.2055
5.5173,1.2106
5.5179,1.2055
5.5184,1.2106
5.5190,1.2106
5.5195,1.2055
5.5200,1.2106
5.5206,1.2106
5.5211,1.2106
5.5217,1.2106
5.5222,1.2055
5.5228,1.2106
5.5233,1.2055
5.5239,1.2106
5.5244,1.2055
5.5250,1.2055
5.5255,1.2055
5.5261,1.2055
5.5266,1.2106
5.5271,1.2055
5.5277,1.2055
5.5282,1.2055
5.5288,1.2055
5.5293,1.2055
5.5299,1.2055
5.5304,1.2055
5.5310,1.2055
5.5315,1.2055
5.5321,1.2055
5.5326,1.2106
5.5332,1.2005
5.5337,1.2055
5.5342,1.2055
5.5348,1.2055
5.5353,1.2055
5.5359,1.2055
5.5364,1.2106
5.5370,1.2055
5.5375,1.2055
5.5381,1.2106
5.5386,1.2055
5.5392,1.2055
5.5397,1.2055
5.5402,1.2055
5.5408,1.2106
5.5413,1.2055
5.5419,1.2106
5.5424,1.2106
5.5430,1.2055
5.5435,1.2106
5.5441,1.2055
5.5446,1.2055
5.5452,1.2055
5.5457,1.2005
5.5463,1.2055
5.5469,1.2055
5.5474,1.2055
5.5480,1.2106
5.5485,1.2055
5.5491,1.2106
5.5496,1.2106
5.5502,1.2055
5.5507,1.2055
5.5513,1.2055
5.5518,1.2055
5.5524,1.2055
5.5529,1.2055
5.5535,1.2055
5.5540,1.2055
5.5546,1.2106
5.5551,1.2055
5.5557,1.2055
5.5562,1.2055
5.5568,1.2055
5.5573,1.2055
5.5579,1.2106
5.5584,1.2106
5.5590,1.2106
5.5595,1.2055
5.5601,1.2055
5.5606,1.2055
5.5612,1.2055
5.5617,1.2055
5.5623,1.2106
5.5628,1.2055
5.5634,1.2106
5.5640,1.2055
5.5645,1.2055
5.5651,1.2055
5.5656,1.2055
5.5662,1.2055
5.5667,1.2055
5.5673,1.2055
5.5678,1.2055
5.5684,1.2106
5.5689,1.2106
5.5695,1.2055
5.5700,1.2055
5.5706,1.2106
5.5711,1.2005
5.5717,1.2055
5.5722,1.2005
5.5728,1.2106
5.5733,1.2055
5.5739,1.2055
5.5744,1.2106
5.5750,1.2055
5.5755,1.2055
5.5761,1.2055
5.5766,1.2055
5.5772,1.2005
5.5777,1.2106
5.5782,1.2055
5.5788,1.2106
5.5793,1.2055
5.5799,1.2055
5.5804,1.2055
5.5810,1.2055
5.5815,1.2055
5.5821,1.2106
5.5826,1.2106
5.5832,1.2055
5.5837,1.2055
5.5843,1.2055
5.5849,1.2106
5.5854,1.2055
5.5860,1.2055
5.5865,1.2055
5.5870,1.2055
5.5876,1.2055
5.5881,1.2106
5.5887,1.2055
5.5892,1.2055
5.5898,1.2055
5.5903,1.2055
5.5909,1.2055
5.5914,1.2055
5.5920,1.2055
5.5925,1.2005
5.5931,1.2055
5.5936,1.2055
5.5942,1.2055
5.5948,1.2106
5.5953,1.2055
5.5959,1.2106
5.5964,1.2055
5.5970,1.2055
5.5975,1.2106
5.5981,1.2055
5.5986,1.2055
5.5992,1.2055
5.5997,1.2055
5.6002,1.2055
5.6008,1.2005
5.6013,1.2055
5.6019,1.2055
5.6024,1.2055
5.6030,1.2055
5.6035,1.2055
5.6041,1.2055
5.6046,1.2055
5.6052,1.2055
5.6057,1.2055
5.6063,1.2055
5.6068,1.2055
5.6074,1.2055
5.6079,1.2055
5.6085,1.2055
5.6090,1.2106
5.6096,1.2055
5.6101,1.2055
5.6107,1.2055
5.6112,1.2055
5.6118,1.2106
5.6123,1.2055
5.6129,1.2055
5.6134,1.2055
5.6140,1.2055
5.6145,1.2055
5.6151,1.2005
5.6156,1.2106
5.6162,1.2055
5.6168,1.2055
5.6179,1.2055
5.6184,1.2106
5.6190,1.2055
5.6196,1.2055
5.6201,1.2055
5.6207,1.2055
5.6212,1.2055
5.6218,1.2055
5.6223,1.2055
5.6229,1.2055
5.6235,1.2055
5.6241,1.2055
5.6246,1.2055
5.6252,1.2106
5.6257,1.2005
5.6263,1.2055
5.6269,1.2055
5.6274,1.2055
5.6280,1.2055
5.6285,1.2055
5.6291,1.2055
5.6296,1.2055
5.6302,1.2055
5.6307,1.2106
5.6313,1.2106
5.6318,1.2055
5.6324,1.2055
5.6330,1.2055
5.6335,1.2055
5.6341,1.2106
5.6346,1.2055
5.6352,1.2055
5.6358,1.2055
5.6363,1.2055
5.6369,1.2055
5.6374,1.2005
5.6380,1.2055
5.6385,1.2055
5.6391,1.2005
5.6396,1.2055
5.6402,1.2055
5.6408,1.2005
5.6413,1.2055
5.6419,1.2055
5.6427,1.2106
5.6432,1.2055
5.6438,1.2055
5.6444,1.2005
5.6449,1.2005
5.6455,1.2055
5.6460,1.2005
5.6466,1.2005
5.6473,1.2055
5.6478,1.2055
5.6484,1.2005
5.6490,1.2055
5.6495,1.2055
5.6500,1.2055
5.6506,1.2055
5.6511,1.2055
5.6517,1.2005
5.6523,1.2055
5.6528,1.2055
5.6535,1.2005
5.6541,1.2055
5.6546,1.2055
5.6552,1.2005
5.6557,1.2005
5.6563,1.2055
5.6568,1.2055
5.6574,1.2055
5.6580,1.2055
5.6585,1.2005
5.6591,1.2005
5.6597,1.2055
5.6603,1.2005
5.6609,1.2055
5.6614,1.2005
5.6620,1.2055
5.6625,1.2055
5.6630,1.2005
5.6636,1.2055
5.6641,1.2055
5.6646,1.2055
5.6652,1.2005
5.6657,1.2055
5.6663,1.2055
5.6668,1.2005
5.6673,1.2055
5.6679,1.2005
5.6684,1.2005
5.6689,1.2005
5.6695,1.2005
5.6700,1.2055
5.6706,1.2005
5.6711,1.2055
5.6716,1.2055
5.6722,1.2005
5.6727,1.2055
5.6733,1.2005
5.6738,1.2005
5.6743,1.2055
5.6749,1.2005
5.6754,1.2055
5.6759,1.2005
5.6765,1.2005
5.6770,1.2055
5.6776,1.2055
5.6781,1.2005
5.6786,1.2055
5.6792,1.2055
5.6797,1.2055
5.6802,1.2005
5.6808,1.2055
5.6813,1.2005
5.6819,1.2055
5.6824,1.2005
5.6829,1.2005
5.6835,1.2055
5.6841,1.2005
5.6846,1.2005
5.6851,1.2005
5.6857,1.2005
5.6862,1.1954
5.6868,1.2005
5.6873,1.2005
5.6879,1.2005
5.6884,1.2005
5.6889,1.2055
5.6895,1.2005
5.6900,1.2005
5.6906,1.2055
5.6911,1.2005
5.6916,1.2055
5.6922,1.2055
5.6927,1.2005
5.6932,1.2055
5.6938,1.2005
5.6943,1.2005
5.6949,1.2055
5.6954,1.2005
5.6959,1.2005
5.6965,1.2055
5.6970,1.2005
5.6975,1.2005
5.6981,1.2005
5.6986,1.2005
5.6992,1.2055
5.6997,1.2005
5.7002,1.2055
5.7008,1.2055
5.7013,1.2055
5.7018,1.2005
5.7024,1.2005
5.7029,1.2055
5.7035,1.2005
5.7040,1.2005
5.7045,1.2005
5.7051,1.1954
5.7056,1.2005
5.7061,1.2005
5.7067,1.2005
5.7072,1.2005
5.7078,1.2055
5.7083,1.2005
5.7088,1.2055
5.7094,1.2005
5.7099,1.2005
5.7104,1.2005
5.7110,1.2005
5.7115,1.2005
5.7121,1.2005
5.7126,1.1954
5.7132,1.2005
5.7137,1.2055
5.7143,1.1954
5.7148,1.2005
5.7153,1.2005
5.7159,1.2005
5.7164,1.2055
5.7170,1.2005
5.7175,1.1954
5.7180,1.2005
5.7186,1.2005
5.7191,1.2005
5.7196,1.1954
5.7202,1.2055
5.7207,1.2005
5.7213,1.1954
5.7218,1.2005
5.7223,1.2005
5.7229,1.2005
5.7234,1.2005
5.7240,1.1954
5.7245,1.2005
5.7250,1.2005
5.7256,1.2005
5.7261,1.2005
5.7267,1.2005
5.7272,1.1954
5.7277,1.2005
5.7283,1.2005
5.7288,1.2005
5.7293,1.1954
5.7299,1.2005
5.7304,1.2055
5.7310,1.1954
5.7315,1.2005
5.7320,1.2005
5.7326,1.1954
5.7331,1.1954
5.7336,1.1954
5.7342,1.2005
5.7347,1.2005
5.7353,1.2005
5.7358,1.2005
5.7363,1.2005
5.7369,1.2005
5.7374,1.2005
5.7379,1.2005
5.7385,1.2005
5.7390,1.2005
5.7396,1.2005
5.7401,1.2005
5.7406,1.2005
5.7412,1.1954
5.7417,1.2005
5.7422,1.2005
5.7428,1.2005
5.7433,1.2005
5.7439,1.2005
5.7444,1.2005
5.7449,1.2005
5.7455,1.2005
5.7460,1.2005
5.7465,1.1954
5.7471,1.2005
5.7477,1.2005
5.7483,1.1954
5.7488,1.1954
5.7494,1.2005
5.7499,1.1954
5.7504,1.2005
5.7510,1.2005
5.7515,1.1904
5.7521,1.2005
5.7526,1.1954
5.7532,1.1954
5.7537,1.1954
5.7542,1.2005
5.7548,1.2005
5.7553,1.2005
5.7559,1.1954
5.7565,1.2005
5.7570,1.1954
5.7575,1.2005
5.7581,1.2005
5.7586,1.1954
5.7592,1.1954
5.7597,1.2005
5.7603,1.2005
5.7608,1.1954
5.7613,1.1954
5.7619,1.1954
5.7624,1.1954
5.7630,1.1954
5.7635,1.1954
5.7641,1.1954
5.7646,1.1954
5.7652,1.1954
5.7657,1.1954
5.7663,1.1954
5.7668,1.1954
5.7673,1.1954
5.7679,1.2005
5.7684,1.1954
5.7690,1.1954
5.7695,1.2005
5.7701,1.1954
5.7706,1.2005
5.7712,1.1954
5.7717,1.2005
5.7723,1.1954
5.7728,1.1954
5.7733,1.1954
5.7739,1.1954
5.7744,1.2005
5.7750,1.1954
5.7755,1.1954
5.7761,1.1904
5.7766,1.1954
5.7772,1.2005
5.7777,1.1954
5.7783,1.1904
5.7788,1.2005
5.7794,1.1954
5.7799,1.1904
5.7804,1.1954
5.7810,1.1954
5.7815,1.1954
5.7821,1.1904
5.7826,1.2005
5.7832,1.2005
5.7837,1.1954
5.7843,1.1954
5.7848,1.1954
5.7854,1.1954
5.7859,1.1954
5.7865,1.1954
5.7870,1.1954
5.7875,1.1954
5.7881,1.1954
5.7886,1.2005
5.7892,1.2005
5.7897,1.1954
5.7903,1.1954
5.7908,1.1954
5.7914,1.1954
5.7919,1.1954
5.7925,1.1954
5.7930,1.1954
5.7936,1.1954
5.7941,1.1954
5.7947,1.1954
5.7952,1.1954
5.7958,1.2005
5.7963,1.1954
5.7969,1.1954
5.7974,1.1954
5.7980,1.2005
5.7985,1.1904
5.7990,1.1954
5.7996,1.1954
5.8001,1.1954
5.8007,1.1904
5.8012,1.1954
5.8018,1.1954
5.8023,1.1954
5.8029,1.1954
5.8034,1.1954
5.8040,1.1904
5.8045,1.2005
5.8051,1.1904
5.8056,1.1954
5.8061,1.1954
5.8067,1.1954
5.8072,1.1954
5.8078,1.2005
5.8083,1.1954
5.8089,1.2005
5.8094,1.2005
5.8100,1.1954
5.8105,1.1904
5.8111,1.1954
5.8116,1.1954
5.8122,1.1904
5.8127,1.1954
5.8132,1.1954
5.8138,1.1954
5.8143,1.1954
5.8149,1.2005
5.8154,1.1954
5.8160,1.1904
5.8165,1.2005
5.8171,1.1954
5.8176,1.1954
5.8182,1.1954
5.8187,1.1954
5.8193,1.1954
5.8198,1.1904
5.8203,1.1954
5.8209,1.1904
5.8214,1.1954
5.8220,1.1904
5.8225,1.1954
5.8231,1.1954
5.8236,1.1954
5.8242,1.1954
5.8247,1.1954
5.8253,1.1954
5.8258,1.1954
5.8264,1.1954
5.8269,1.2005
5.8275,1.1904
5.8280,1.1954
5.8286,1.1954
5.8291,1.1954
5.8297,1.1954
5.8302,1.1954
5.8308,1.1954
5.8313,1.1904
5.8318,1.1954
5.8324,1.1954
5.8329,1.1954
5.8335,1.1954
5.8340,1.1954
5.8346,1.1904
5.8351,1.1954
5.8357,1.1954
5.8362,1.1954
5.8368,1.1904
5.8373,1.2005
5.8379,1.1954
5.8384,1.1904
5.8389,1.1954
5.8395,1.1954
5.8400,1.1954
5.8406,1.1954
5.8411,1.1954
5.8417,1.1954
5.8422,1.1904
5.8428,1.1954
5.8433,1.1954
5.8439,1.1954
5.8444,1.1904
5.8450,1.1904
5.8455,1.1904
5.8460,1.1954
5.8466,1.1954
5.8471,1.1904
5.8477,1.1904
5.8483,1.1904
5.8488,1.1954
5.8494,1.1954
5.8499,1.1954
5.8504,1.1904
5.8510,1.1954
5.8515,1.1904
5.8521,1.1954
5.8526,1.1904
5.8532,1.1904
5.8537,1.1954
5.8543,1.1954
5.8548,1.1904
5.8554,1.1904
5.8559,1.1954
5.8565,1.1904
5.8570,1.1904
5.8575,1.1954
5.8581,1.1954
5.8586,1.1954
5.8592,1.1904
5.8597,1.1954
5.8603,1.1904
5.8608,1.1904
5.8614,1.1904
5.8619,1.1904
5.8625,1.1904
5.8630,1.1904
5.8636,1.1954
5.8641,1.1954
5.8646,1.1904
5.8652,1.1904
5.8657,1.1904
5.8663,1.1954
5.8668,1.1904
5.8674,1.1904
5.8679,1.1904
5.8685,1.1904
5.8690,1.1954
5.8696,1.1904
5.8701,1.1954
5.8707,1.1853
5.8712,1.1954
5.8717,1.1904
5.8723,1.1904
5.8728,1.1904
5.8734,1.1904
5.8740,1.1954
5.8745,1.1853
5.8751,1.1954
5.8756,1.1904
5.8762,1.1853
5.8767,1.1954
5.8772,1.1904
5.8778,1.1954
5.8783,1.1954
5.8789,1.1904
5.8794,1.1904
5.8800,1.1904
5.8805,1.1954
5.8811,1.1954
5.8816,1.1904
5.8822,1.1904
5.8827,1.1904
5.8833,1.1954
5.8838,1.1954
5.8843,1.1904
5.8849,1.1904
5.8854,1.1904
5.8860,1.1904
5.8865,1.1904
5.8871,1.1904
5.8876,1.1954
5.8882,1.1904
5.8887,1.1954
5.8893,1.1954
5.8898,1.1904
5.8904,1.1904
5.8909,1.1904
5.8914,1.1904
5.8920,1.1904
5.8925,1.1904
5.8931,1.1904
5.8936,1.1904
5.8942,1.1954
5.8947,1.1954
5.8953,1.1904
5.8958,1.1954
5.8964,1.1904
5.8969,1.1954
5.8975,1.1904
5.8980,1.1954
5.8986,1.1904
5.8991,1.1904
5.8997,1.1954
5.9002,1.1904
5.9008,1.1904
5.9013,1.1954
5.9019,1.1904
5.9024,1.1904
5.9029,1.1904
5.9035,1.1904
5.9040,1.1954
5.9046,1.1954
5.9051,1.1904
5.9057,1.1954
5.9062,1.1853
5.9068,1.1904
5.9073,1.1853
5.9079,1.1904
5.9084,1.1904
5.9089,1.1954
5.9095,1.1853
5.9100,1.1853
5.9106,1.1904
5.9111,1.1904
5.9117,1.1954
5.9122,1.1904
5.9131,1.1853
5.9136,1.1954
5.9141,1.1904
5.9147,1.1904
5.9152,1.1904
5.9158,1.1904
5.9163,1.1904
5.9169,1.1954
5.9174,1.1904
5.9180,1.1954
5.9185,1.1904
5.9190,1.1904
5.9196,1.1904
5.9201,1.1904
5.9207,1.1904
5.9212,1.1904
5.9218,1.1904
5.9223,1.1904
5.9228,1.1904
5.9234,1.1904
5.9240,1.1904
5.9245,1.1904
5.9250,1.1853
5.9256,1.1904
5.9261,1.1904
5.9267,1.1904
5.9272,1.1904
5.9278,1.1904
5.9283,1.1954
5.9288,1.1853
5.9294,1.1904
5.9299,1.1904
5.9305,1.1904
5.9310,1.1904
5.9316,1.1904
5.9321,1.1904
5.9326,1.1954
5.9332,1.1904
5.9337,1.1904
5.9343,1.1904
5.9348,1.1904
5.9354,1.1904
5.9359,1.1904
5.9364,1.1904
5.9370,1.1904
5.9375,1.1904
5.9381,1.1904
5.9386,1.1904
5.9391,1.1904
5.9397,1.1904
5.9402,1.1904
5.9408,1.1904
5.9413,1.1853
5.9419,1.1904
5.9424,1.1904
5.9429,1.1904
5.9435,1.1904
5.9440,1.1954
5.9446,1.1904
5.9451,1.1954
5.9457,1.1853
5.9462,1.1904
5.9468,1.1954
5.9473,1.1904
5.9479,1.1904
5.9484,1.1904
5.9490,1.1904
5.9495,1.1954
5.9501,1.1904
5.9506,1.1904
5.9512,1.1904
5.9517,1.1853
5.9523,1.1904
5.9528,1.1954
5.9534,1.1853
5.9539,1.1904
5.9545,1.1904
5.9550,1.1904
5.9555,1.1904
5.9561,1.1904
5.9566,1.1904
5.9572,1.1853
5.9577,1.1904
5.9583,1.1904
5.9588,1.1853
5.9594,1.1904
5.9599,1.1853
5.9605,1.1904
5.9610,1.1904
5.9615,1.1904
5.9621,1.1904
5.9626,1.1904
5.9632,1.1904
5.9637,1.1904
5.9643,1.1853
5.9649,1.1904
5.9654,1.1904
5.9659,1.1904
5.9665,1.1904
5.9670,1.1954
5.9676,1.1904
5.9681,1.1853
5.9687,1.1904
5.9692,1.1904
5.9698,1.1904
5.9703,1.1904
5.9709,1.1904
5.9714,1.1904
5.9720,1.1853
5.9725,1.1904
5.9730,1.1904
5.9736,1.1904
5.9741,1.1853
5.9747,1.1853
5.9752,1.1904
5.9758,1.1904
5.9763,1.1904
5.9769,1.1954
5.9774,1.1853
5.9780,1.1904
5.9785,1.1904
5.9791,1.1904
5.9796,1.1853
5.9801,1.1904
5.9807,1.1904
5.9812,1.1904
5.9818,1.1853
5.9823,1.1954
5.9829,1.1853
5.9834,1.1904
5.9840,1.1853
5.9845,1.1853
5.9851,1.1904
5.9856,1.1904
5.9862,1.1853
5.9867,1.1904
5.9873,1.1853
5.9878,1.1904
5.9883,1.1904
5.9889,1.1904
5.9894,1.1904
5.9900,1.1904
5.9905,1.1904
5.9911,1.1853
5.9916,1.1904
5.9922,1.1904
5.9927,1.1853
5.9933,1.1904
5.9938,1.1904
5.9944,1.1904
5.9949,1.1904
5.9955,1.1904
5.9960,1.1904
5.9965,1.1853
5.9971,1.1853
5.9976,1.1853
5.9982,1.1853
5.9987,1.1904
5.9993,1.1904
5.9998,1.1904
6.0004,1.1853
6.0009,1.1853
6.0015,1.1853
6.0020,1.1853
6.0026,1.1904
6.0031,1.1904
6.0036,1.1904
6.0042,1.1853
6.0047,1.1853
6.0053,1.1904
6.0058,1.1853
6.0064,1.1904
6.0069,1.1904
6.0075,1.1904
6.0080,1.1853
6.0086,1.1954
6.0091,1.1904
6.0097,1.1853
6.0102,1.1904
6.0107,1.1853
6.0113,1.1904
6.0118,1.1904
6.0124,1.1904
6.0129,1.1904
6.0135,1.1904
6.0140,1.1853
6.0146,1.1904
6.0151,1.1853
6.0157,1.1904
6.0162,1.1853
6.0168,1.1904
6.0173,1.1904
6.0178,1.1904
6.0184,1.1904
6.0189,1.1904
6.0195,1.1853
6.0200,1.1904
6.0206,1.1853
6.0211,1.1853
6.0217,1.1853
6.0222,1.1853
6.0228,1.1853
6.0233,1.1904
6.0239,1.1904
6.0244,1.1904
6.0250,1.1803
6.0255,1.1904
6.0260,1.1904
6.0266,1.1904
6.0271,1.1853
6.0277,1.1853
6.0282,1.1904
6.0288,1.1904
6.0293,1.1904
6.0299,1.1853
6.0304,1.1904
6.0310,1.1803
6.0315,1.1904
6.0321,1.1904
6.0326,1.1853
6.0331,1.1853
6.0337,1.1803
6.0343,1.1904
6.0348,1.1904
6.0354,1.1904
6.0359,1.1904
6.0365,1.1853
6.0370,1.1904
6.0376,1.1904
6.0381,1.1904
6.0386,1.1853
6.0392,1.1904
6.0397,1.1853
6.0403,1.1853
6.0408,1.1853
6.0414,1.1853
6.0419,1.1853
6.0425,1.1904
6.0430,1.1853
6.0436,1.1904
6.0441,1.1904
6.0447,1.1853
6.0452,1.1904
6.0458,1.1853
6.0463,1.1853
6.0468,1.1904
6.0474,1.1853
6.0479,1.1904
6.0485,1.1904
6.0490,1.1904
6.0496,1.1853
6.0501,1.1904
6.0507,1.1904
6.0512,1.1853
6.0518,1.1853
6.0523,1.1853
6.0529,1.1904
6.0534,1.1853
6.0540,1.1853
6.0545,1.1853
6.0551,1.1904
6.0556,1.1853
6.0562,1.1853
6.0567,1.1904
6.0573,1.1904
6.0578,1.1853
6.0583,1.1904
6.0589,1.1853
6.0594,1.1904
6.0600,1.1904
6.0605,1.1904
6.0611,1.1904
6.0616,1.1853
6.0622,1.1853
6.0627,1.1853
6.0633,1.1853
6.0638,1.1853
6.0644,1.1904
6.0649,1.1853
6.0654,1.1853
6.0660,1.1853
6.0665,1.1853
6.0671,1.1904
6.0676,1.1853
6.0682,1.1904
6.0687,1.1853
6.0693,1.1853
6.0698,1.1904
6.0704,1.1853
6.0709,1.1853
6.0714,1.1853
6.0720,1.1904
6.0725,1.1853
6.0731,1.1853
6.0736,1.1904
6.0742,1.1904
6.0747,1.1853
6.0753,1.1904
6.0758,1.1853
6.0764,1.1853
6.0769,1.1904
6.0775,1.1853
6.0780,1.1904
6.0786,1.1904
6.0791,1.1803
6.0796,1.1853
6.0802,1.1853
6.0807,1.1853
6.0813,1.1904
6.0818,1.1853
6.0824,1.1853
6.0829,1.1853
6.0835,1.1904
6.0840,1.1904
6.0846,1.1853
6.0851,1.1853
6.0857,1.1904
6.0862,1.1853
6.0867,1.1904
6.0873,1.1853
6.0878,1.1853
6.0884,1.1853
6.0889,1.1853
6.0895,1.1904
6.0900,1.1803
6.0906,1.1853
6.0911,1.1853
6.0917,1.1853
6.0922,1.1853
6.0928,1.1853
6.0933,1.1904
6.0938,1.1853
6.0944,1.1904
6.0949,1.1853
6.0955,1.1853
6.0960,1.1853
6.0966,1.1853
6.0971,1.1853
6.0977,1.1904
6.0982,1.1853
6.0988,1.1904
6.0993,1.1853
6.0999,1.1904
6.1004,1.1853
6.1009,1.1904
6.1015,1.1853
6.1020,1.1904
6.1026,1.1853
6.1031,1.1904
6.1037,1.1904
6.1043,1.1853
6.1048,1.1904
6.1053,1.1853
6.1059,1.1853
6.1064,1.1904
6.1070,1.1853
6.1075,1.1904
6.1081,1.1853
6.1086,1.1904
6.1092,1.1904
6.1097,1.1904
6.1102,1.1853
6.1108,1.1853
6.1113,1.1853
6.1119,1.1853
6.1124,1.1853
6.1130,1.1853
6.1137,1.1803
6.1142,1.1853
6.1148,1.1853
6.1153,1.1853
6.1158,1.1853
6.1164,1.1853
6.1169,1.1853
6.1175,1.1853
6.1180,1.1904
6.1186,1.1803
6.1191,1.1904
6.1196,1.1853
6.1202,1.1853
6.1207,1.1853
6.1213,1.1853
6.1218,1.1853
6.1224,1.1904
6.1229,1.1853
6.1235,1.1853
6.1240,1.1904
6.1246,1.1803
6.1251,1.1904
6.1256,1.1853
6.1262,1.1803
6.1267,1.1853
6.1273,1.1904
6.1278,1.1904
6.1283,1.1853
6.1289,1.1904
6.1294,1.1853
6.1300,1.1904
6.1305,1.1853
6.1311,1.1853
6.1316,1.1853
6.1321,1.1803
6.1327,1.1853
6.1332,1.1853
6.1338,1.1853
6.1343,1.1853
6.1349,1.1853
6.1354,1.1853
6.1359,1.1904
6.1365,1.1853
6.1370,1.1904
6.1376,1.1853
6.1381,1.1853
6.1387,1.1803
6.1392,1.1853
6.1397,1.1853
6.1403,1.1853
6.1408,1.1853
6.1414,1.1853
6.1419,1.1803
6.1425,1.1904
6.1430,1.1904
6.1435,1.1904
6.1441,1.1853
6.1446,1.1853
6.1452,1.1853
6.1457,1.1853
6.1463,1.1853
6.1468,1.1853
6.1473,1.1904
6.1479,1.1853
6.1484,1.1853
6.1490,1.1853
6.1495,1.1853
6.1500,1.1803
6.1506,1.1904
6.1512,1.1853
6.1517,1.1853
6.1522,1.1853
6.1528,1.1853
6.1533,1.1904
6.1539,1.1853
6.1544,1.1853
6.1550,1.1853
6.1555,1.1853
6.1561,1.1853
6.1566,1.1853
6.1572,1.1853
6.1577,1.1904
6.1582,1.1803
6.1588,1.1904
6.1593,1.1803
6.1599,1.1853
6.1604,1.1853
6.1610,1.1853
6.1615,1.1853
6.1621,1.1853
6.1626,1.1853
6.1632,1.1853
6.1637,1.1853
6.1643,1.1853
6.1648,1.1853
6.1654,1.1853
6.1659,1.1904
6.1664,1.1803
6.1670,1.1904
6.1675,1.1853
6.1681,1.1853
6.1686,1.1853
6.1692,1.1853
6.1697,1.1853
6.1703,1.1853
6.1708,1.1904
6.1714,1.1853
6.1719,1.1853
6.1724,1.1853
6.1730,1.1853
6.1736,1.1853
6.1741,1.1853
6.1747,1.1853
6.1752,1.1853
6.1758,1.1853
6.1763,1.1904
6.1768,1.1853
6.1774,1.1904
6.1779,1.1853
6.1785,1.1904
6.1790,1.1853
6.1796,1.1853
6.1801,1.1853
6.1807,1.1853
6.1812,1.1853
6.1818,1.1853
6.1823,1.1904
6.1829,1.1853
6.1834,1.1904
6.1840,1.1803
6.1845,1.1853
6.1851,1.1853
6.1856,1.1853
6.1862,1.1853
6.1867,1.1853
6.1872,1.1904
6.1878,1.1853
6.1883,1.1803
6.1889,1.1853
6.1894,1.1853
6.1900,1.1853
6.1905,1.1853
6.1911,1.1853
6.1916,1.1853
6.1922,1.1904
6.1927,1.1853
6.1933,1.1853
6.1938,1.1853
6.1943,1.1853
6.1949,1.1853
6.1954,1.1853
6.1960,1.1904
6.1965,1.1853
6.1971,1.1904
6.1976,1.1853
6.1982,1.1853
6.1987,1.1853
6.1993,1.1853
6.1998,1.1853
6.2004,1.1904
6.2009,1.1853
6.2014,1.1853
6.2020,1.1803
6.2025,1.1853
6.2031,1.1853
6.2036,1.1853
6.2042,1.1853
6.2047,1.1853
6.2053,1.1803
6.2058,1.1853
6.2064,1.1853
6.2069,1.1853
6.2075,1.1853
6.2080,1.1853
6.2085,1.1853
6.2091,1.1853
6.2096,1.1853
6.2102,1.1904
6.2107,1.1853
6.2113,1.1853
6.2118,1.1853
6.2124,1.1853
6.2129,1.1853
6.2135,1.1853
6.2140,1.1904
6.2146,1.1803
6.2151,1.1803
6.2157,1.1853
6.2162,1.1853
6.2167,1.1803
6.2173,1.1853
6.2178,1.1853
6.2184,1.1904
6.2189,1.1853
6.2195,1.1853
6.2200,1.1904
6.2206,1.1803
6.2211,1.1853
6.2217,1.1904
6.2222,1.1803
6.2227,1.1853
6.2233,1.1904
6.2238,1.1853
6.2244,1.1853
6.2249,1.1853
6.2255,1.1904
6.2260,1.1904
6.2266,1.1803
6.2271,1.1904
6.2277,1.1904
6.2282,1.1853
6.2288,1.1904
6.2293,1.1853
6.2299,1.1904
6.2304,1.1853
6.2309,1.1853
6.2315,1.1853
6.2320,1.1904
6.2326,1.1904
6.2331,1.1904
6.2337,1.1803
6.2342,1.1853
6.2348,1.1853
6.2353,1.1904
6.2359,1.1904
6.2364,1.1853
6.2370,1.1904
6.2375,1.1853
6.2380,1.1853
6.2386,1.1904
6.2391,1.1904
6.2397,1.1904
6.2402,1.1904
6.2408,1.1904
6.2413,1.1954
6.2419,1.1904
6.2424,1.1904
6.2430,1.1904
6.2435,1.1904
6.2441,1.1904
6.2446,1.1904
6.2452,1.1853
6.2457,1.1904
6.2463,1.1904
6.2468,1.1904
6.2474,1.1904
6.2479,1.1904
6.2485,1.1904
6.2490,1.1904
6.2496,1.1904
6.2501,1.1904
6.2506,1.1904
6.2512,1.1904
6.2518,1.1904
6.2523,1.1904
6.2529,1.1904
6.2534,1.1904
6.2540,1.1954
6.2545,1.1904
6.2551,1.1954
6.2556,1.1954
6.2562,1.1954
6.2567,1.1954
6.2573,1.1904
6.2578,1.1904
6.2584,1.1904
6.2589,1.1954
6.2594,1.1954
6.2600,1.1904
6.2605,1.1954
6.2611,1.1954
6.2616,1.1954
6.2622,1.2005
6.2627,1.1904
6.2633,1.1954
6.2638,1.1954
6.2644,1.1904
6.2649,1.1954
6.2655,1.1954
6.2660,1.1904
6.2665,1.1954
6.2671,1.1954
6.2676,1.1954
6.2682,1.1954
6.2687,1.1954
6.2693,1.1954
6.2698,1.1954
6.2704,1.1954
6.2709,1.1904
6.2715,1.1954
6.2720,1.2005
6.2725,1.2005
6.2731,1.1954
6.2736,1.1954
6.2742,1.2005
6.2747,1.1954
6.2753,1.1954
6.2758,1.2005
6.2764,1.1954
6.2769,1.2005
6.2775,1.1954
6.2780,1.1954
6.2786,1.1954
6.2791,1.2005
6.2796,1.1954
6.2802,1.1954
6.2807,1.2005
6.2813,1.2005
6.2818,1.1954
6.2824,1.2005
6.2829,1.1954
6.2835,1.1954
6.2840,1.1954
6.2846,1.2005
6.2851,1.1954
6.2857,1.1954
6.2862,1.1954
6.2868,1.2005
6.2873,1.1954
6.2878,1.1954
6.2884,1.2005
6.2889,1.2005
6.2895,1.2055
6.2900,1.2005
6.2906,1.2055
6.2911,1.1954
6.2917,1.2005
6.2922,1.2005
6.2928,1.2005
6.2933,1.2005
6.2939,1.2005
6.2944,1.2055
6.2949,1.2005
6.2955,1.2005
6.2960,1.2055
6.2966,1.2005
6.2971,1.2005
6.2977,1.2055
6.2982,1.1954
6.2988,1.2005
6.2993,1.2055
6.2999,1.2005
6.3004,1.2005
6.3009,1.2005
6.3015,1.2055
6.3020,1.2055
6.3026,1.2055
6.3031,1.2005
6.3037,1.2005
6.3042,1.2055
6.3048,1.2005
6.3053,1.2005
6.3059,1.2055
6.3064,1.2055
6.3069,1.2005
6.3075,1.2055
6.3080,1.2055
6.3086,1.2055
6.3091,1.2055
6.3097,1.2055
6.3102,1.2005
6.3108,1.2055
6.3113,1.2055
6.3119,1.2005
6.3124,1.2055
6.3131,1.2005
6.3137,1.2005
6.3144,1.2055
6.3150,1.2055
6.3155,1.2055
6.3160,1.2055
6.3166,1.2055
6.3171,1.2106
6.3177,1.2055
6.3182,1.2055
6.3188,1.2005
6.3193,1.2055
6.3198,1.2005
6.3204,1.2055
6.3209,1.2005
6.3215,1.2055
6.3220,1.2055
6.3226,1.2055
6.3231,1.2106
6.3236,1.2106
6.3242,1.2005
6.3247,1.2055
6.3253,1.2055
6.3258,1.2055
6.3264,1.2055
6.3269,1.2055
6.3274,1.2055
6.3280,1.2055
6.3285,1.2055
6.3291,1.2055
6.3296,1.2055
6.3302,1.2106
6.3307,1.2055
6.3312,1.2106
6.3318,1.2106
6.3323,1.2055
6.3329,1.2106
6.3334,1.2106
6.3340,1.2106
6.3345,1.2005
6.3351,1.2055
6.3356,1.2055
6.3362,1.2055
6.3367,1.2106
6.3372,1.2106
6.3378,1.2106
6.3383,1.2055
6.3389,1.2106
6.3394,1.2055
6.3400,1.2055
6.3405,1.2055
6.3410,1.2055
6.3416,1.2106
6.3421,1.2055
6.3427,1.2055
6.3432,1.2055
6.3438,1.2055
6.3443,1.2106
6.3448,1.2055
6.3454,1.2106
6.3459,1.2055
6.3465,1.2106
6.3470,1.2055
6.3476,1.2106
6.3481,1.2106
6.3486,1.2106
6.3492,1.2055
6.3497,1.2106
6.3503,1.2106
6.3508,1.2106
6.3514,1.2106
6.3519,1.2106
6.3525,1.2106
6.3530,1.2106
6.3536,1.2055
6.3541,1.2156
6.3546,1.2106
6.3552,1.2055
6.3557,1.2055
6.3563,1.2156
6.3568,1.2055
6.3574,1.2156
6.3579,1.2106
6.3584,1.2106
6.3590,1.2156
6.3595,1.2106
6.3601,1.2106
6.3606,1.2106
6.3612,1.2106
6.3617,1.2156
6.3622,1.2156
6.3628,1.2106
6.3633,1.2106
6.3639,1.2106
6.3644,1.2106
6.3650,1.2106
6.3655,1.2106
6.3660,1.2106
6.3666,1.2106
6.3671,1.2156
6.3677,1.2156
6.3682,1.2106
6.3688,1.2106
6.3693,1.2106
6.3698,1.2106
6.3704,1.2055
6.3709,1.2106
6.3715,1.2106
6.3720,1.2106
6.3726,1.2106
6.3731,1.2106
6.3736,1.2106
6.3742,1.2156
6.3747,1.2106
6.3753,1.2106
6.3758,1.2106
6.3764,1.2106
6.3769,1.2106
6.3774,1.2106
6.3780,1.2156
6.3785,1.2106
6.3791,1.2156
6.3796,1.2106
6.3802,1.2106
6.3807,1.2106
6.3813,1.2106
6.3818,1.2106
6.3824,1.2106
6.3829,1.2106
6.3835,1.2106
6.3840,1.2106
6.3846,1.2106
6.3851,1.2156
6.3856,1.2106
6.3862,1.2106
6.3867,1.2106
6.3873,1.2106
6.3878,1.2106
6.3884,1.2106
6.3889,1.2106
6.3895,1.2106
6.3900,1.2106
6.3906,1.2106
6.3911,1.2106
6.3917,1.2106
6.3922,1.2106
6.3927,1.2106
6.3933,1.2106
6.3938,1.2156
6.3944,1.2156
6.3949,1.2106
6.3955,1.2106
6.3960,1.2106
6.3966,1.2156
6.3971,1.2106
6.3977,1.2106
6.3982,1.2156
6.3988,1.2106
6.3993,1.2156
6.3998,1.2106
6.4004,1.2106
6.4009,1.2106
6.4015,1.2106
6.4020,1.2106
6.4026,1.2106
6.4031,1.2055
6.4037,1.2106
6.4042,1.2106
6.4048,1.2106
6.4053,1.2106
6.4059,1.2106
6.4064,1.2106
6.4069,1.2106
6.4075,1.2106
6.4080,1.2156
6.4086,1.2106
6.4091,1.2106
6.4097,1.2106
6.4102,1.2156
6.4108,1.2106
6.4113,1.2106
6.4119,1.2106
6.4124,1.2156
6.4130,1.2156
6.4135,1.2156
6.4141,1.2106
6.4146,1.2106
6.4151,1.2106
6.4157,1.2106
6.4162,1.2106
6.4168,1.2106
6.4173,1.2106
6.4179,1.2106
6.4184,1.2156
6.4190,1.2156
6.4195,1.2106
6.4201,1.2106
6.4206,1.2156
6.4212,1.2106
6.4217,1.2106
6.4222,1.2106
6.4228,1.2156
6.4233,1.2106
6.4239,1.2106
6.4244,1.2156
6.4250,1.2156
6.4255,1.2106
6.4261,1.2156
6.4266,1.2106
6.4272,1.2156
6.4277,1.2106
6.4283,1.2106
6.4288,1.2106
6.4293,1.2106
6.4299,1.2156
6.4304,1.2106
6.4310,1.2156
6.4315,1.2106
6.4321,1.2106
6.4326,1.2106
6.4332,1.2106
6.4337,1.2106
6.4343,1.2156
6.4348,1.2106
6.4354,1.2156
6.4359,1.2106
6.4365,1.2055
6.4370,1.2156
6.4375,1.2106
6.4381,1.2156
6.4386,1.2055
6.4392,1.2106
6.4397,1.2156
6.4403,1.2156
6.4408,1.2106
6.4414,1.2156
6.4419,1.2106
6.4425,1.2106
6.4430,1.2106
6.4436,1.2106
6.4441,1.2156
6.4447,1.2055
6.4452,1.2106
6.4457,1.2106
6.4463,1.2106
6.4468,1.2156
6.4474,1.2156
6.4479,1.2156
6.4485,1.2156
6.4490,1.2106
6.4496,1.2106
6.4501,1.2106
6.4507,1.2156
6.4512,1.2106
6.4518,1.2156
6.4523,1.2156
6.4529,1.2106
6.4534,1.2106
6.4540,1.2156
6.4545,1.2106
6.4551,1.2156
6.4556,1.2156
6.4562,1.2106
6.4567,1.2156
6.4573,1.2106
6.4578,1.2156
6.4584,1.2156
6.4589,1.2106
6.4594,1.2156
6.4600,1.2055
6.4605,1.2156
6.4611,1.2156
6.4616,1.2106
6.4622,1.2106
6.4627,1.2106
6.4633,1.2156
6.4638,1.2156
6.4644,1.2106
6.4649,1.2156
6.4655,1.2156
6.4660,1.2106
6.4666,1.2156
6.4671,1.2106
6.4676,1.2156
6.4682,1.2106
6.4687,1.2156
6.4693,1.2106
6.4698,1.2106
6.4704,1.2106
6.4709,1.2106
6.4715,1.2156
6.4720,1.2055
6.4726,1.2055
6.4731,1.2156
6.4737,1.2106
6.4742,1.2106
6.4747,1.2106
6.4753,1.2156
6.4758,1.2156
6.4764,1.2106
6.4769,1.2106
6.4775,1.2156
6.4780,1.2106
6.4786,1.2156
6.4791,1.2106
6.4797,1.2106
6.4802,1.2156
6.4808,1.2156
6.4813,1.2156
6.4818,1.2106
6.4824,1.2106
6.4829,1.2055
6.4835,1.2106
6.4840,1.2106
6.4846,1.2106
6.4851,1.2106
6.4857,1.2106
6.4862,1.2106
6.4868,1.2106
6.4873,1.2106
6.4879,1.2156
6.4884,1.2106
6.4890,1.2106
6.4895,1.2106
6.4900,1.2106
6.4906,1.2106
6.4911,1.2106
6.4917,1.2106
6.4922,1.2156
6.4928,1.2106
6.4933,1.2156
6.4939,1.2106
6.4944,1.2055
6.4950,1.2106
6.4955,1.2106
6.4961,1.2106
6.4966,1.2106
6.4972,1.2106
6.4977,1.2106
6.4982,1.2106
6.4988,1.2106
6.4993,1.2106
6.4999,1.2106
6.5004,1.2106
6.5010,1.2106
6.5015,1.2106
6.5021,1.2106
6.5026,1.2055
6.5032,1.2055
6.5037,1.2106
6.5043,1.2106
6.5048,1.2156
6.5053,1.2055
6.5059,1.2106
6.5064,1.2055
6.5070,1.2106
6.5075,1.2156
6.5081,1.2055
6.5086,1.2106
6.5092,1.2106
6.5097,1.2106
6.5103,1.2055
6.5108,1.2055
6.5114,1.2106
6.5119,1.2106
6.5124,1.2106
6.5130,1.2055
6.5135,1.2106
6.5141,1.2106
6.5147,1.2005
6.5152,1.2055
6.5157,1.2055
6.5163,1.2055
6.5168,1.2106
6.5174,1.2055
6.5179,1.2106
6.5185,1.2055
6.5190,1.2106
6.5195,1.2106
6.5201,1.2106
6.5207,1.2106
6.5212,1.2106
6.5217,1.2055
6.5223,1.2106
6.5228,1.2106
6.5234,1.2106
6.5239,1.2055
6.5245,1.2106
6.5250,1.2106
6.5255,1.2106
6.5261,1.2106
6.5266,1.2055
6.5272,1.2055
6.5277,1.2106
6.5283,1.2106
6.5288,1.2106
6.5293,1.2106
6.5299,1.2055
6.5304,1.2106
6.5310,1.2005
6.5315,1.2106
6.5320,1.2106
6.5326,1.2055
6.5331,1.2106
6.5337,1.2055
6.5342,1.2106
6.5348,1.2055
6.5353,1.2106
6.5358,1.2055
6.5364,1.2106
6.5369,1.2106
6.5375,1.2055
6.5380,1.2106
6.5386,1.2055
6.5391,1.2055
6.5396,1.2106
6.5402,1.2106
6.5407,1.2055
6.5413,1.2106
6.5418,1.2106
6.5424,1.2055
6.5429,1.2055
6.5435,1.2106
6.5440,1.2055
6.5445,1.2106
6.5451,1.2055
6.5456,1.2106
6.5462,1.2106
6.5467,1.2106
6.5472,1.2055
6.5478,1.2106
6.5483,1.2106
6.5489,1.2055
6.5494,1.2055
6.5500,1.2055
6.5505,1.2106
6.5510,1.2055
6.5516,1.2106
6.5521,1.2055
6.5527,1.2106
6.5532,1.2055
6.5538,1.2106
6.5543,1.2106
6.5549,1.2106
6.5554,1.2106
6.5560,1.2055
6.5565,1.2106
6.5570,1.2055
6.5576,1.2106
6.5581,1.2055
6.5587,1.2106
6.5592,1.2106
6.5598,1.2055
6.5603,1.2106
6.5608,1.2055
6.5614,1.2055
6.5619,1.2055
6.5625,1.2106
6.5630,1.2055
6.5636,1.2106
6.5641,1.2005
6.5647,1.2055
6.5652,1.2106
6.5658,1.2106
6.5663,1.2005
6.5668,1.2055
6.5674,1.2055
6.5679,1.2106
6.5685,1.2106
6.5690,1.2055
6.5696,1.2106
6.5701,1.2106
6.5707,1.2055
6.5712,1.2055
6.5718,1.2055
6.5723,1.2055
6.5729,1.2106
6.5734,1.2106
6.5740,1.2055
6.5745,1.2106
6.5751,1.2106
6.5756,1.2055
6.5762,1.2106
6.5767,1.2055
6.5772,1.2055
6.5778,1.2106
6.5783,1.2055
6.5789,1.2106
6.5794,1.2055
6.5800,1.2106
6.5805,1.2055
6.5811,1.2055
6.5816,1.2106
6.5822,1.2106
6.5827,1.2055
6.5833,1.2106
6.5838,1.2055
6.5844,1.2055
6.5849,1.2055
6.5854,1.2055
6.5860,1.2106
6.5865,1.2055
6.5871,1.2055
6.5876,1.2055
6.5882,1.2055
6.5887,1.2106
6.5893,1.2055
6.5898,1.2106
6.5904,1.2055
6.5909,1.2055
6.5915,1.2055
6.5920,1.2055
6.5926,1.2055
6.5931,1.2055
6.5937,1.2055
6.5942,1.2106
6.5948,1.2055
6.5953,1.2005
6.5958,1.2055
6.5964,1.2055
6.5969,1.2106
6.5975,1.2106
6.5980,1.2055
6.5986,1.2055
6.5991,1.2106
6.5997,1.2055
6.6002,1.2106
6.6008,1.2055
6.6013,1.2106
6.6019,1.2106
6.6024,1.2055
6.6029,1.2055
6.6035,1.2055
6.6040,1.2106
6.6046,1.2106
6.6051,1.2055
6.6057,1.2106
6.6062,1.2005
6.6068,1.2106
6.6073,1.2055
6.6079,1.2055
6.6084,1.2106
6.6090,1.2055
6.6095,1.2055
6.6100,1.2055
6.6106,1.2106
6.6111,1.2106
6.6117,1.2055
6.6122,1.2106
6.6128,1.2055
6.6133,1.2055
6.6139,1.2055
6.6144,1.2055
6.6150,1.2055
6.6155,1.2055
6.6161,1.2005
6.6166,1.2055
6.6171,1.2055
6.6177,1.2055
6.6182,1.2055
6.6188,1.2055
6.6193,1.2055
6.6199,1.2106
6.6204,1.2055
6.6210,1.2055
6.6215,1.2005
6.6221,1.2055
6.6226,1.2005
6.6232,1.2055
6.6237,1.2005
6.6242,1.2055
6.6248,1.2055
6.6253,1.2055
6.6259,1.2055
6.6264,1.2055
6.6270,1.2055
6.6275,1.2055
6.6281,1.2055
6.6286,1.2106
6.6292,1.2055
6.6297,1.2106
6.6303,1.2055
6.6308,1.2055
6.6313,1.2106
6.6319,1.2055
6.6324,1.2055
6.6330,1.2055
6.6335,1.2005
6.6341,1.2055
6.6346,1.2005
6.6352,1.2055
6.6357,1.2055
6.6363,1.2106
6.6368,1.2055
6.6374,1.2106
6.6379,1.2055
6.6384,1.2055
6.6390,1.2055
6.6395,1.2055
6.6401,1.2055
6.6406,1.2106
6.6412,1.2055
6.6417,1.2055
6.6423,1.2055
6.6428,1.2106
6.6434,1.2055
6.6439,1.2106
6.6445,1.2055
6.6450,1.2055
6.6455,1.2055
6.6461,1.2055
6.6466,1.2055
6.6472,1.2055
6.6477,1.2055
6.6483,1.2055
6.6488,1.2055
6.6494,1.2055
6.6499,1.2055
6.6505,1.2055
6.6510,1.2055
6.6521,1.2106
6.6527,1.2055
6.6532,1.2055
6.6538,1.2055
6.6544,1.2055
6.6549,1.2106
6.6554,1.2055
6.6560,1.2106
6.6565,1.2055
6.6571,1.2055
6.6576,1.2055
6.6582,1.2005
6.6587,1.2106
6.6593,1.2055
6.6598,1.2055
6.6604,1.2055
6.6609,1.2055
6.6615,1.2055
6.6620,1.2005
6.6626,1.2055
6.6631,1.2055
6.6637,1.2055
6.6642,1.2055
6.6648,1.2055
6.6653,1.2005
6.6659,1.2055
6.6664,1.2055
6.6669,1.2055
6.6675,1.2055
6.6680,1.2055
6.6686,1.2055
6.6691,1.2005
6.6697,1.2055
6.6702,1.2005
6.6708,1.2055
6.6713,1.2055
6.6719,1.2055
6.6724,1.2055
6.6729,1.2055
6.6735,1.2055
6.6740,1.2005
6.6746,1.2055
6.6751,1.2055
6.6757,1.2055
6.6762,1.2055
6.6768,1.2005
6.6773,1.2055
6.6779,1.2055
6.6784,1.2055
6.6790,1.2055
6.6795,1.2055
6.6801,1.2055
6.6806,1.2055
6.6811,1.2055
6.6817,1.2005
6.6822,1.2055
6.6828,1.2005
6.6833,1.2055
6.6839,1.2005
6.6844,1.2005
6.6850,1.2055
6.6855,1.2055
6.6861,1.2055
6.6866,1.2055
6.6872,1.2005
6.6877,1.2055
6.6882,1.2005
6.6888,1.2055
6.6893,1.2005
6.6899,1.2055
6.6904,1.2055
6.6910,1.2005
6.6915,1.2055
6.6921,1.2055
6.6926,1.2005
6.6932,1.2055
6.6937,1.2005
6.6943,1.2055
6.6948,1.2005
6.6954,1.2055
6.6959,1.2055
6.6964,1.2005
6.6970,1.2055
6.6975,1.2005
6.6981,1.2005
6.6986,1.2005
6.6992,1.2055
6.6997,1.2005
6.7003,1.2055
6.7008,1.2005
6.7014,1.2055
6.7019,1.2005
6.7024,1.2055
6.7030,1.2055
6.7035,1.2005
6.7041,1.2055
6.7046,1.2005
6.7052,1.2055
6.7057,1.2055
6.7063,1.2055
6.7068,1.2055
6.7074,1.2055
6.7079,1.2005
6.7085,1.2055
6.7090,1.2005
6.7096,1.2055
6.7101,1.2005
6.7107,1.2055
6.7112,1.2005
6.7117,1.2005
6.7123,1.2005
6.7128,1.2005
6.7134,1.2005
6.7140,1.2005
6.7146,1.2055
6.7152,1.2055
6.7157,1.2055
6.7163,1.2055
6.7168,1.2005
6.7174,1.2055
6.7179,1.2055
6.7184,1.2055
6.7190,1.2005
6.7195,1.2005
6.7201,1.2005
6.7206,1.2055
6.7212,1.2005
6.7217,1.2005
6.7222,1.2005
6.7228,1.1954
6.7233,1.2005
6.7239,1.2005
6.7244,1.2005
6.7250,1.2005
6.7255,1.1954
6.7260,1.2005
6.7266,1.1954
6.7271,1.2005
6.7277,1.2005
6.7282,1.2005
6.7288,1.2055
6.7293,1.2005
6.7299,1.2005
6.7304,1.1954
6.7309,1.2005
6.7315,1.2005
6.7320,1.2005
6.7326,1.1954
6.7331,1.2005
6.7337,1.1954
6.7342,1.2005
6.7347,1.2005
6.7353,1.2005
6.7358,1.2005
6.7364,1.1954
6.7369,1.2055
6.7375,1.2005
6.7380,1.2005
6.7385,1.2005
6.7391,1.2055
6.7396,1.2005
6.7402,1.2005
6.7407,1.1954
6.7413,1.1954
6.7418,1.2005
6.7423,1.2005
6.7429,1.1954
6.7435,1.2005
6.7440,1.2005
6.7445,1.1954
6.7451,1.2005
6.7456,1.2055
6.7462,1.2005
6.7467,1.2005
6.7473,1.2005
6.7478,1.2005
6.7483,1.2005
6.7489,1.1954
6.7494,1.2055
6.7500,1.1954
6.7505,1.2005
6.7511,1.2005
6.7516,1.2005
6.7521,1.2005
6.7527,1.2005
6.7532,1.2005
6.7538,1.1954
6.7544,1.2005
6.7549,1.2005
6.7554,1.2005
6.7560,1.1954
6.7565,1.2005
6.7571,1.2005
6.7576,1.2005
6.7582,1.2005
6.7587,1.1954
6.7593,1.2005
6.7598,1.1954
6.7604,1.2005
6.7609,1.1954
6.7615,1.2005
6.7620,1.2005
6.7625,1.1954
6.7631,1.2005
6.7636,1.2005
6.7642,1.1954
6.7647,1.2055
6.7653,1.1954
6.7658,1.2055
6.7664,1.1954
6.7669,1.1954
6.7675,1.1954
6.7680,1.2005
6.7686,1.1954
6.7691,1.2005
6.7696,1.1954
6.7702,1.2005
6.7707,1.1954
6.7713,1.2005
6.7718,1.1954
6.7724,1.2005
6.7729,1.2005
6.7735,1.2005
6.7740,1.1954
6.7746,1.2005
6.7751,1.1904
6.7757,1.1954
6.7762,1.1954
6.7767,1.2005
6.7773,1.2005
6.7778,1.1954
6.7784,1.2005
6.7789,1.2005
6.7795,1.1954
6.7800,1.2005
6.7806,1.2005
6.7811,1.2005
6.7817,1.2005
6.7822,1.2005
6.7828,1.1954
6.7833,1.1954
6.7838,1.1954
6.7844,1.1954
6.7849,1.2005
6.7855,1.2005
6.7860,1.2005
6.7866,1.2005
6.7871,1.2005
6.7877,1.2005
6.7882,1.1954
6.7888,1.1954
6.7893,1.1954
6.7899,1.1954
6.7904,1.1954
6.7909,1.1954
6.7915,1.1954
6.7920,1.1954
6.7926,1.2005
6.7931,1.1954
6.7937,1.2005
6.7942,1.1954
6.7948,1.1954
6.7954,1.2005
6.7959,1.1904
6.7964,1.2005
6.7970,1.2005
6.7975,1.2005
6.7981,1.1904
6.7987,1.2005
6.7992,1.1954
6.7998,1.1954
6.8003,1.1954
6.8008,1.1954
6.8014,1.2005
6.8019,1.2005
6.8025,1.1904
6.8030,1.1954
6.8036,1.1904
6.8041,1.1954
6.8047,1.1954
6.8052,1.1954
6.8058,1.2005
6.8063,1.1954
6.8069,1.1954
6.8074,1.1954
6.8080,1.1954
6.8085,1.1954
6.8090,1.1904
6.8096,1.1954
6.8101,1.1954
6.8107,1.1954
6.8112,1.1954
6.8118,1.1954
6.8123,1.1954
6.8129,1.1954
6.8134,1.1954
6.8140,1.1954
6.8145,1.2005
6.8151,1.1954
6.8156,1.1954
6.8161,1.1954
6.8167,1.2005
6.8172,1.1954
6.8178,1.1954
6.8183,1.1904
6.8189,1.2005
6.8194,1.1954
6.8200,1.1904
6.8205,1.1954
6.8211,1.1954
6.8216,1.1954
6.8222,1.2005
6.8227,1.1954
6.8232,1.1954
6.8238,1.1954
6.8243,1.1954
6.8249,1.1954
6.8254,1.1954
6.8260,1.1904
6.8265,1.1954
6.8271,1.1954
6.8276,1.1954
6.8282,1.1954
6.8287,1.1954
6.8293,1.1954
6.8298,1.1954
6.8303,1.1954
6.8309,1.1954
6.8314,1.1904
6.8320,1.1954
6.8325,1.1954
6.8331,1.2005
6.8336,1.1954
6.8342,1.1954
6.8347,1.2005
6.8353,1.1954
6.8358,1.1904
6.8364,1.1904
6.8369,1.1954
6.8375,1.1954
6.8380,1.1954
6.8385,1.1904
6.8391,1.1954
6.8396,1.1954
6.8402,1.1904
6.8407,1.1954
6.8413,1.1954
6.8418,1.2005
6.8424,1.1954
6.8429,1.1954
6.8435,1.2005
6.8440,1.1904
6.8446,1.1954
6.8451,1.1954
6.8456,1.1954
6.8462,1.1904
6.8467,1.1954
6.8473,1.1954
6.8478,1.1954
6.8484,1.1904
6.8489,1.1954
6.8495,1.1904
6.8500,1.1904
6.8506,1.1954
6.8511,1.1954
6.8517,1.1904
6.8522,1.1904
6.8527,1.1954
6.8533,1.1954
6.8539,1.1904
6.8544,1.1954
6.8550,1.1954
6.8555,1.1954
6.8561,1.1954
6.8566,1.1904
6.8572,1.1954
6.8577,1.1904
6.8583,1.1954
6.8588,1.1904
6.8594,1.1954
6.8599,1.1954
6.8605,1.1954
6.8610,1.1954
6.8615,1.2005
6.8621,1.1904
6.8626,1.1954
6.8632,1.1904
6.8637,1.1954
6.8643,1.1954
6.8648,1.1954
6.8654,1.2005
6.8659,1.1904
6.8665,1.1954
6.8670,1.1954
6.8676,1.1954
6.8681,1.1904
6.8687,1.1954
6.8692,1.1904
6.8698,1.1904
6.8703,1.1954
6.8709,1.1904
6.8714,1.1954
6.8719,1.1954
6.8725,1.1954
6.8730,1.1954
6.8736,1.1954
6.8741,1.1954
6.8747,1.1954
6.8752,1.1904
6.8758,1.1954
6.8763,1.1904
6.8769,1.1954
6.8774,1.1954
6.8780,1.1954
6.8785,1.1954
6.8790,1.1954
6.8796,1.1954
6.8801,1.1904
6.8807,1.1954
6.8812,1.1904
6.8818,1.1954
6.8823,1.1954
6.8829,1.1904
6.8834,1.1904
6.8840,1.1954
6.8845,1.1954
6.8851,1.1904
6.8856,1.1954
6.8862,1.1904
6.8867,1.1954
6.8872,1.1954
6.8878,1.1954
6.8883,1.1904
6.8889,1.1954
6.8894,1.1904
6.8900,1.1954
6.8905,1.1853
6.8911,1.1904
6.8916,1.1954
6.8922,1.1904
6.8927,1.1954
6.8933,1.1954
6.8938,1.1954
6.8943,1.1904
6.8949,1.1954
6.8954,1.1954
6.8960,1.1954
6.8965,1.1954
6.8971,1.1904
6.8976,1.1954
6.8982,1.1904
6.8987,1.1954
6.8993,1.1954
6.8998,1.1904
6.9004,1.1954
6.9009,1.1904
6.9014,1.1904
6.9020,1.1954
6.9025,1.1904
6.9031,1.1904
6.9036,1.1904
6.9042,1.1954
6.9047,1.1954
6.9053,1.1904
6.9058,1.1904
6.9064,1.1954
6.9069,1.1904
6.9075,1.1904
6.9080,1.1904
6.9086,1.1904
6.9091,1.1904
6.9096,1.1954
6.9102,1.1904
6.9107,1.1954
6.9113,1.1904
6.9118,1.1954
6.9124,1.1904
6.9129,1.1954
6.9135,1.1904
6.9143,1.1954
6.9149,1.1954
6.9154,1.1904
6.9159,1.1904
6.9165,1.1904
6.9170,1.1954
6.9176,1.1904
6.9181,1.1954
6.9187,1.1954
6.9192,1.1954
6.9197,1.1904
6.9203,1.1954
6.9208,1.1904
6.9214,1.1904
6.9219,1.1954
6.9225,1.1904
6.9230,1.1904
6.9235,1.1904
6.9241,1.1904
6.9246,1.1954
6.9252,1.1904
6.9257,1.1904
6.9263,1.1904
6.9268,1.1904
6.9274,1.1904
6.9279,1.1904
6.9284,1.1904
6.9290,1.1904
6.9295,1.1904
6.9301,1.1904
6.9306,1.1904
6.9311,1.1904
6.9317,1.1853
6.9322,1.1954
6.9328,1.1904
6.9333,1.1954
6.9339,1.1904
6.9344,1.1904
6.9349,1.1954
6.9355,1.1904
6.9360,1.1954
6.9366,1.1954
6.9371,1.1954
6.9377,1.1954
6.9382,1.1904
6.9388,1.1954
6.9393,1.1954
6.9399,1.1904
6.9404,1.1954
6.9409,1.1904
6.9415,1.1904
6.9420,1.1904
6.9426,1.1954
6.9431,1.1904
6.9437,1.1904
6.9442,1.1904
6.9447,1.1954
6.9453,1.1904
6.9458,1.1954
6.9464,1.1904
6.9469,1.1954
6.9475,1.1954
6.9480,1.1853
6.9485,1.1904
6.9491,1.1904
6.9496,1.1954
6.9502,1.1904
6.9507,1.1954
6.9513,1.1904
6.9518,1.1904
6.9523,1.1904
6.9529,1.1904
6.9535,1.1904
6.9540,1.1954
6.9546,1.1904
6.9551,1.1904
6.9557,1.1954
6.9562,1.1904
6.9568,1.1904
6.9573,1.1853
6.9579,1.1853
6.9584,1.1904
6.9590,1.1904
6.9595,1.1904
6.9600,1.1904
6.9606,1.1904
6.9611,1.1954
6.9617,1.1904
6.9622,1.1904
6.9628,1.1904
6.9633,1.1904
6.9639,1.1954
6.9644,1.1904
6.9650,1.1904
6.9655,1.1954
6.9661,1.1853
6.9666,1.1904
6.9672,1.1904
6.9677,1.1904
6.9682,1.1853
6.9688,1.1904
6.9693,1.1904
6.9699,1.1904
6.9704,1.1954
6.9710,1.1904
6.9715,1.1853
6.9721,1.1904
6.9726,1.1904
6.9732,1.1954
6.9737,1.1904
6.9743,1.1904
6.9748,1.1904
6.9753,1.1954
6.9759,1.1904
6.9764,1.1904
6.9770,1.1904
6.9775,1.1904
6.9781,1.1954
6.9786,1.1954
6.9792,1.1904
6.9797,1.1904
6.9803,1.1853
6.9808,1.1954
6.9814,1.1904
6.9819,1.1904
6.9824,1.1904
6.9830,1.1904
6.9835,1.1904
6.9841,1.1904
6.9846,1.1904
6.9852,1.1904
6.9857,1.1904
6.9863,1.1904
6.9868,1.1904
6.9874,1.1904
6.9879,1.1904
6.9885,1.1853
6.9890,1.1853
6.9895,1.1853
6.9901,1.1954
6.9906,1.1904
6.9912,1.1904
6.9917,1.1904
6.9923,1.1904
6.9928,1.1904
6.9934,1.1954
6.9939,1.1904
6.9945,1.1904
6.9950,1.1904
6.9956,1.1904
6.9961,1.1904
6.9966,1.1904
6.9972,1.1954
6.9977,1.1904
6.9983,1.1904
6.9988,1.1853
6.9994,1.1904
6.9999,1.1954
7.0005,1.1904
7.0010,1.1904
7.0016,1.1904
7.0021,1.1904
7.0027,1.1954
7.0032,1.1904
7.0038,1.1904
7.0043,1.1853
7.0048,1.1904
7.0054,1.1904
7.0059,1.1904
7.0065,1.1904
7.0071,1.1904
7.0076,1.1853
7.0081,1.1904
7.0087,1.1904
7.0092,1.1904
7.0098,1.1904
7.0103,1.1853
7.0109,1.1904
7.0114,1.1853
7.0120,1.1904
7.0125,1.1904
7.0131,1.1853
7.0136,1.1853
7.0142,1.1904
7.0147,1.1853
7.0152,1.1904
7.0158,1.1904
7.0163,1.1853
7.0169,1.1853
7.0174,1.1904
7.0180,1.1904
7.0185,1.1904
7.0191,1.1904
7.0196,1.1904
7.0202,1.1853
7.0207,1.1904
7.0213,1.1853
7.0218,1.1904
7.0223,1.1904
7.0229,1.1904
7.0234,1.1904
7.0240,1.1853
7.0245,1.1904
7.0251,1.1853
7.0256,1.1853
7.0262,1.1904
7.0267,1.1904
7.0273,1.1904
7.0278,1.1904
7.0284,1.1904
7.0289,1.1803
7.0295,1.1904
7.0300,1.1904
7.0305,1.1904
7.0311,1.1853
7.0316,1.1904
7.0322,1.1904
7.0327,1.1904
7.0333,1.1904
7.0338,1.1904
7.0344,1.1853
7.0349,1.1904
7.0355,1.1853
7.0360,1.1853
7.0366,1.1954
7.0371,1.1904
7.0376,1.1853
7.0382,1.1904
7.0387,1.1904
7.0393,1.1853
7.0398,1.1904
7.0404,1.1904
7.0409,1.1904
7.0415,1.1904
7.0420,1.1904
7.0426,1.1904
7.0431,1.1904
7.0437,1.1904
7.0442,1.1853
7.0448,1.1904
7.0453,1.1904
7.0458,1.1904
7.0464,1.1904
7.0469,1.1904
7.0475,1.1904
7.0480,1.1853
7.0486,1.1904
7.0491,1.1853
7.0497,1.1904
7.0502,1.1954
7.0508,1.1904
7.0513,1.1904
7.0518,1.1853
7.0524,1.1904
7.0529,1.1853
7.0535,1.1904
7.0540,1.1904
7.0546,1.1853
7.0551,1.1904
7.0557,1.1904
7.0562,1.1904
7.0568,1.1853
7.0573,1.1853
7.0579,1.1904
7.0584,1.1904
7.0590,1.1904
7.0595,1.1904
7.0601,1.1904
7.0606,1.1853
7.0612,1.1954
7.0617,1.1853
7.0623,1.1904
7.0628,1.1853
7.0633,1.1853
7.0639,1.1904
7.0644,1.1904
7.0650,1.1904
7.0655,1.1853
7.0661,1.1904
7.0666,1.1853
7.0672,1.1904
7.0677,1.1904
7.0683,1.1904
7.0688,1.1904
7.0694,1.1904
7.0699,1.1904
7.0704,1.1904
7.0710,1.1904
7.0715,1.1904
7.0721,1.1853
7.0726,1.1904
7.0732,1.1904
7.0737,1.1904
7.0743,1.1853
7.0748,1.1904
7.0754,1.1853
7.0759,1.1904
7.0765,1.1853
7.0770,1.1853
7.0776,1.1904
7.0781,1.1904
7.0787,1.1853
7.0792,1.1853
7.0798,1.1904
7.0803,1.1853
7.0809,1.1904
7.0814,1.1853
7.0819,1.1904
7.0825,1.1853
7.0830,1.1853
7.0836,1.1904
7.0841,1.1853
7.0847,1.1904
7.0852,1.1853
7.0858,1.1904
7.0863,1.1853
7.0869,1.1904
7.0874,1.1904
7.0880,1.1904
7.0885,1.1904
7.0890,1.1803
7.0896,1.1904
7.0901,1.1853
7.0907,1.1904
7.0912,1.1853
7.0918,1.1853
7.0923,1.1853
7.0929,1.1853
7.0934,1.1904
7.0940,1.1853
7.0945,1.1904
7.0951,1.1904
7.0956,1.1904
7.0961,1.1853
7.0967,1.1954
7.0972,1.1853
7.0978,1.1904
7.0983,1.1904
7.0989,1.1904
7.0994,1.1853
7.1000,1.1904
7.1005,1.1853
7.1011,1.1904
7.1016,1.1853
7.1022,1.1954
7.1027,1.1853
7.1032,1.1853
7.1038,1.1853
7.1043,1.1904
7.1049,1.1853
7.1054,1.1853
7.1060,1.1853
7.1065,1.1904
7.1071,1.1904
7.1076,1.1904
7.1082,1.1853
7.1087,1.1904
7.1093,1.1853
7.1098,1.1853
7.1103,1.1853
7.1109,1.1904
7.1114,1.1853
7.1120,1.1853
7.1125,1.1904
7.1131,1.1853
7.1136,1.1853
7.1142,1.1904
7.1149,1.1853
7.1154,1.1853
7.1160,1.1853
7.1165,1.1904
7.1170,1.1904
7.1176,1.1904
7.1181,1.1853
7.1187,1.1853
7.1192,1.1904
7.1198,1.1904
7.1203,1.1904
7.1208,1.1853
7.1214,1.1853
7.1219,1.1853
7.1225,1.1904
7.1230,1.1904
7.1236,1.1904
7.1241,1.1904
7.1246,1.1904
7.1252,1.1853
7.1257,1.1853
7.1263,1.1853
7.1268,1.1853
7.1274,1.1904
7.1279,1.1904
7.1284,1.1853
7.1290,1.1904
7.1295,1.1853
7.1301,1.1853
7.1306,1.1853
7.1312,1.1853
7.1317,1.1904
7.1322,1.1853
7.1328,1.1853
7.1333,1.1904
7.1339,1.1853
7.1344,1.1904
7.1350,1.1853
7.1355,1.1853
7.1360,1.1853
7.1366,1.1904
7.1371,1.1904
7.1377,1.1853
7.1382,1.1904
7.1388,1.1853
7.1393,1.1803
7.1398,1.1904
7.1404,1.1853
7.1409,1.1853
7.1415,1.1853
7.1420,1.1853
7.1426,1.1853
7.1431,1.1904
7.1436,1.1853
7.1442,1.1904
7.1447,1.1853
7.1453,1.1803
7.1458,1.1853
7.1464,1.1853
7.1469,1.1853
7.1475,1.1853
7.1480,1.1904
7.1486,1.1853
7.1491,1.1853
7.1496,1.1904
7.1502,1.1904
7.1507,1.1904
7.1513,1.1853
7.1518,1.1904
7.1524,1.1904
7.1529,1.1853
7.1535,1.1853
7.1540,1.1853
7.1546,1.1853
7.1551,1.1803
7.1556,1.1853
7.1562,1.1853
7.1567,1.1853
7.1573,1.1853
7.1579,1.1853
7.1584,1.1853
7.1590,1.1904
7.1595,1.1853
7.1600,1.1904
7.1606,1.1853
7.1611,1.1904
7.1617,1.1853
7.1622,1.1853
7.1628,1.1853
7.1633,1.1853
7.1639,1.1853
7.1644,1.1904
7.1650,1.1853
7.1655,1.1853
7.1661,1.1904
7.1666,1.1853
7.1671,1.1853
7.1677,1.1904
7.1682,1.1853
7.1688,1.1904
7.1693,1.1904
7.1699,1.1853
7.1704,1.1853
7.1710,1.1853
7.1715,1.1904
7.1721,1.1853
7.1726,1.1904
7.1732,1.1853
7.1737,1.1853
7.1743,1.1904
7.1748,1.1853
7.1753,1.1853
7.1759,1.1853
7.1764,1.1853
7.1770,1.1853
7.1775,1.1853
7.1781,1.1904
7.1786,1.1853
7.1792,1.1904
7.1797,1.1904
7.1803,1.1904
7.1808,1.1904
7.1814,1.1853
7.1819,1.1904
7.1824,1.1803
7.1830,1.1904
7.1835,1.1904
7.1841,1.1803
7.1846,1.1904
7.1852,1.1904
7.1857,1.1853
7.1863,1.1904
7.1868,1.1904
7.1874,1.1904
7.1879,1.1803
7.1885,1.1853
7.1890,1.1853
7.1895,1.1904
7.1901,1.1853
7.1906,1.1853
7.1912,1.1904
7.1917,1.1853
7.1923,1.1853
7.1928,1.1853
7.1934,1.1853
7.1939,1.1853
7.1945,1.1904
7.1950,1.1904
7.1956,1.1853
7.1961,1.1803
7.1966,1.1904
7.1972,1.1853
7.1977,1.1853
7.1983,1.1853
7.1988,1.1853
7.1994,1.1853
7.1999,1.1904
7.2005,1.1853
7.2010,1.1853
7.2016,1.1853
7.2021,1.1853
7.2027,1.1853
7.2032,1.1853
7.2037,1.1853
7.2043,1.1853
7.2048,1.1853
7.2054,1.1803
7.2059,1.1853
7.2065,1.1904
7.2070,1.1853
7.2076,1.1904
7.2081,1.1904
7.2087,1.1853
7.2092,1.1853
7.2098,1.1853
7.2103,1.1853
7.2108,1.1853
7.2114,1.1904
7.2119,1.1853
7.2125,1.1904
7.2130,1.1904
7.2136,1.1853
7.2141,1.1853
7.2147,1.1853
7.2152,1.1904
7.2158,1.1853
7.2163,1.1853
7.2169,1.1853
7.2174,1.1904
7.2180,1.1853
7.2185,1.1853
7.2191,1.1853
7.2196,1.1904
7.2202,1.1853
7.2207,1.1853
7.2213,1.1904
7.2218,1.1853
7.2223,1.1904
7.2229,1.1803
7.2234,1.1904
7.2240,1.1853
7.2245,1.1904
7.2251,1.1904
7.2256,1.1853
7.2262,1.1904
7.2267,1.1853
7.2273,1.1853
7.2278,1.1853
7.2284,1.1853
7.2289,1.1853
7.2295,1.1904
7.2300,1.1853
7.2305,1.1853
7.2311,1.1853
7.2316,1.1904
7.2322,1.1853
7.2327,1.1853
7.2333,1.1904
7.2338,1.1853
7.2344,1.1904
7.2349,1.1904
7.2355,1.1853
7.2360,1.1853
7.2366,1.1904
7.2371,1.1904
7.2376,1.1904
7.2382,1.1853
7.2387,1.1853
7.2393,1.1853
7.2398,1.1853
7.2404,1.1853
7.2409,1.1853
7.2415,1.1853
7.2420,1.1853
7.2426,1.1853
7.2431,1.1853
7.2437,1.1853
7.2442,1.1904
7.2448,1.1853
7.2453,1.1904
7.2458,1.1853
7.2464,1.1904
7.2469,1.1904
7.2475,1.1853
7.2480,1.1904
7.2486,1.1853
7.2491,1.1853
7.2497,1.1904
7.2502,1.1853
7.2508,1.1904
7.2513,1.1853
7.2518,1.1904
7.2524,1.1853
7.2529,1.1904
7.2535,1.1853
7.2540,1.1904
7.2546,1.1904
7.2551,1.1904
7.2557,1.1853
7.2562,1.1904
7.2568,1.1904
7.2573,1.1853
7.2579,1.1904
7.2584,1.1904
7.2590,1.1904
7.2595,1.1904
7.2601,1.1904
7.2606,1.1904
7.2612,1.1853
7.2617,1.1904
7.2623,1.1904
7.2628,1.1904
7.2633,1.1904
7.2639,1.1904
7.2644,1.1803
7.2650,1.1904
7.2655,1.1954
7.2661,1.1853
7.2666,1.1904
7.2672,1.1904
7.2677,1.1904
7.2683,1.1904
7.2688,1.1954
7.2694,1.1904
7.2699,1.1954
7.2704,1.1904
7.2710,1.1853
7.2715,1.1904
7.2721,1.1904
7.2726,1.1954
7.2732,1.1904
7.2737,1.1904
7.2743,1.1904
7.2748,1.1853
7.2754,1.1954
7.2759,1.1904
7.2765,1.1904
7.2770,1.1954
7.2776,1.1904
7.2781,1.1954
7.2786,1.1904
7.2792,1.1904
7.2797,1.1954
7.2803,1.1904
7.2808,1.1954
7.2814,1.1904
7.2819,1.1904
7.2825,1.1954
7.2830,1.1904
7.2836,1.1954
7.2841,1.1954
7.2847,1.1954
7.2852,1.1954
7.2858,1.1904
7.2863,1.1954
7.2869,1.1904
7.2874,1.1954
7.2880,1.1954
7.2885,1.1954
7.2890,1.1954
7.2896,1.1954
7.2901,1.1954
7.2907,1.1954
7.2912,1.1954
7.2918,1.1954
7.2923,1.1904
7.2929,1.1954
7.2934,1.2005
7.2940,1.1954
7.2945,1.2005
7.2951,1.1954
7.2956,1.1954
7.2961,1.1954
7.2967,1.1904
7.2972,1.1954
7.2978,1.1904
7.2983,1.1954
7.2989,1.1954
7.2994,1.1954
7.3000,1.2005
7.3005,1.1954
7.3011,1.2005
7.3016,1.1954
7.3022,1.1954
7.3027,1.2005
7.3032,1.1954
7.3038,1.2005
7.3043,1.1954
7.3049,1.2005
7.3054,1.2005
7.3060,1.1954
7.3065,1.1954
7.3071,1.1954
7.3076,1.2005
7.3082,1.2005
7.3087,1.1954
7.3093,1.2055
7.3098,1.2005
7.3104,1.2005
7.3110,1.2005
7.3115,1.2005
7.3121,1.1954
7.3132,1.2005
7.3138,1.2005
7.3144,1.2005
7.3150,1.2005
7.3156,1.2005
7.3161,1.2005
7.3167,1.2005
7.3173,1.2005
7.3178,1.1954
7.3184,1.2005
7.3189,1.2005
7.3195,1.2005
7.3200,1.1954
7.3206,1.2005
7.3211,1.2005
7.3217,1.2005
7.3222,1.2055
7.3228,1.2005
7.3233,1.2005
7.3239,1.2005
7.3244,1.2005
7.3250,1.2005
7.3255,1.2005
7.3261,1.2055
7.3266,1.2005
7.3272,1.2055
7.3277,1.2055
7.3283,1.2055
7.3288,1.2055
7.3294,1.2005
7.3299,1.2005
7.3305,1.2055
7.3310,1.2055
7.3316,1.2005
7.3321,1.2005
7.3327,1.2055
7.3332,1.2055
7.3338,1.2055
7.3343,1.2055
7.3349,1.2005
7.3354,1.2055
7.3360,1.2005
7.3365,1.2005
7.3371,1.2005
7.3376,1.2055
7.3382,1.2005
7.3387,1.2005
7.3392,1.2055
7.3398,1.2005
7.3403,1.2055
7.3409,1.2055
7.3414,1.2005
7.3420,1.2005
7.3425,1.2055
7.3431,1.2005
7.3436,1.2055
7.3442,1.2055
7.3447,1.2005
7.3453,1.2055
7.3458,1.2106
7.3464,1.2055
7.3469,1.2005
7.3475,1.2055
7.3480,1.2055
7.3486,1.2055
7.3491,1.2055
7.3497,1.2055
7.3502,1.2055
7.3508,1.2055
7.3513,1.2005
7.3519,1.2005
7.3524,1.2055
7.3530,1.2055
7.3535,1.2055
7.3541,1.2005
7.3547,1.2106
7.3552,1.2055
7.3558,1.2055
7.3563,1.2055
7.3569,1.2055
7.3574,1.2055
7.3580,1.2055
7.3586,1.2055
7.3591,1.2055
7.3597,1.2055
7.3602,1.2055
7.3608,1.2106
7.3613,1.2055
7.3619,1.2055
7.3624,1.2055
7.3630,1.2055
7.3635,1.2055
7.3641,1.2055
7.3646,1.2055
7.3652,1.2106
7.3657,1.2106
7.3663,1.2005
7.3668,1.2055
7.3674,1.2055
7.3679,1.2055
7.3685,1.2055
7.3690,1.2055
7.3696,1.2005
7.3701,1.2055
7.3707,1.2106
7.3712,1.2055
7.3718,1.2106
7.3723,1.2106
7.3729,1.2106
7.3734,1.2106
7.3740,1.2055
7.3745,1.2055
7.3751,1.2106
7.3756,1.2106
7.3762,1.2055
7.3767,1.2106
7.3773,1.2055
7.3778,1.2055
7.3784,1.2106
7.3789,1.2106
7.3795,1.2055
7.3800,1.2106
7.3806,1.2055
7.3811,1.2106
7.3817,1.2055
7.3822,1.2055
7.3828,1.2055
7.3833,1.2055
7.3839,1.2106
7.3844,1.2106
7.3850,1.2106
7.3855,1.2055
7.3861,1.2106
7.3866,1.2106
7.3872,1.2055
7.3877,1.2055
7.3883,1.2055
7.3888,1.2055
7.3894,1.2055
7.3900,1.2106
7.3905,1.2106
7.3911,1.2055
7.3916,1.2106
7.3922,1.2106
7.3927,1.2055
7.3933,1.2055
7.3938,1.2055
7.3944,1.2055
7.3949,1.2055
7.3955,1.2055
7.3960,1.2055
7.3966,1.2106
7.3971,1.2106
7.3977,1.2106
7.3982,1.2106
7.3988,1.2106
7.3993,1.2106
7.3999,1.2055
7.4004,1.2055
7.4010,1.2106
7.4015,1.2106
7.4021,1.2106
7.4026,1.2055
7.4032,1.2055
7.4037,1.2106
7.4043,1.2106
7.4048,1.2106
7.4054,1.2106
7.4059,1.2055
7.4065,1.2055
7.4070,1.2106
7.4076,1.2106
7.4081,1.2106
7.4087,1.2106
7.4092,1.2055
7.4098,1.2106
7.4103,1.2106
7.4109,1.2106
7.4114,1.2156
7.4120,1.2106
7.4125,1.2106
7.4131,1.2156
7.4136,1.2106
7.4142,1.2106
7.4147,1.2106
7.4153,1.2055
7.4158,1.2106
7.4164,1.2055
7.4169,1.2106
7.4175,1.2106
7.4180,1.2106
7.4186,1.2106
7.4191,1.2106
7.4197,1.2106
7.4202,1.2106
7.4208,1.2106
7.4213,1.2106
7.4219,1.2106
7.4224,1.2055
7.4230,1.2106
7.4236,1.2106
7.4241,1.2156
7.4248,1.2055
7.4253,1.2106
7.4259,1.2055
7.4264,1.2106
7.4270,1.2106
7.4275,1.2106
7.4281,1.2106
7.4286,1.2106
7.4292,1.2106
7.4297,1.2055
7.4303,1.2055
7.4309,1.2055
7.4314,1.2106
7.4320,1.2106
7.4325,1.2106
7.4331,1.2055
7.4336,1.2055
7.4342,1.2055
7.4347,1.2106
7.4353,1.2156
7.4358,1.2106
7.4364,1.2106
7.4369,1.2106
7.4375,1.2106
7.4380,1.2106
7.4386,1.2106
7.4391,1.2106
7.4397,1.2106
7.4402,1.2106
7.4408,1.2106
7.4413,1.2106
7.4419,1.2106
7.4424,1.2055
7.4430,1.2106
7.4436,1.2106
7.4442,1.2106
7.4447,1.2156
7.4453,1.2106
7.4458,1.2106
7.4463,1.2055
7.4469,1.2106
7.4474,1.2106
7.4480,1.2106
7.4485,1.2106
7.4491,1.2106
7.4496,1.2106
7.4501,1.2106
7.4507,1.2055
7.4512,1.2106
7.4518,1.2055
7.4523,1.2106
7.4529,1.2055
7.4534,1.2106
7.4540,1.2055
7.4545,1.2106
7.4551,1.2156
7.4556,1.2106
7.4561,1.2055
7.4567,1.2106
7.4572,1.2055
7.4578,1.2106
7.4583,1.2156
7.4589,1.2106
7.4594,1.2156
7.4600,1.2106
7.4605,1.2106
7.4611,1.2106
7.4616,1.2106
7.4621,1.2106
7.4627,1.2106
7.4632,1.2106
7.4638,1.2055
7.4643,1.2106
7.4649,1.2156
7.4654,1.2156
7.4660,1.2055
7.4665,1.2106
7.4671,1.2106
7.4676,1.2055
7.4682,1.2106
7.4687,1.2106
7.4692,1.2156
7.4698,1.2055
7.4703,1.2106
7.4709,1.2055
7.4714,1.2156
7.4720,1.2106
7.4725,1.2106
7.4731,1.2106
7.4736,1.2055
7.4742,1.2106
7.4747,1.2156
7.4753,1.2106
7.4758,1.2106
7.4764,1.2106
7.4769,1.2055
7.4774,1.2106
7.4780,1.2106
7.4785,1.2106
7.4791,1.2106
7.4796,1.2106
7.4802,1.2106
7.4807,1.2106
7.4813,1.2106
7.4818,1.2106
7.4824,1.2055
7.4829,1.2106
7.4835,1.2106
7.4840,1.2106
7.4846,1.2106
7.4851,1.2055
7.4856,1.2106
7.4862,1.2106
7.4867,1.2106
7.4873,1.2106
7.4878,1.2055
7.4884,1.2106
7.4889,1.2055
7.4895,1.2106
7.4900,1.2106
7.4906,1.2106
7.4911,1.2106
7.4917,1.2106
7.4922,1.2005
7.4928,1.2055
7.4933,1.2106
7.4938,1.2106
7.4944,1.2106
7.4950,1.2106
7.4955,1.2106
7.4961,1.2106
7.4966,1.2106
7.4972,1.2055
7.4977,1.2106
7.4983,1.2106
7.4988,1.2055
7.4993,1.2106
7.5000,1.2106
7.5005,1.2106
7.5011,1.2156
7.5016,1.2055
7.5021,1.2055
7.5027,1.2106
7.5032,1.2106
7.5038,1.2106
7.5043,1.2106
7.5049,1.2055
7.5054,1.2106
7.5060,1.2106
7.5065,1.2106
7.5071,1.2106
7.5076,1.2106
7.5082,1.2055
7.5087,1.2106
7.5093,1.2055
7.5098,1.2106
7.5104,1.2106
7.5109,1.2055
7.5114,1.2106
7.5120,1.2055
7.5125,1.2106
7.5131,1.2055
7.5136,1.2055
7.5142,1.2106
7.5147,1.2106
7.5153,1.2055
7.5159,1.2055
7.5166,1.2106
7.5171,1.2106
7.5177,1.2055
7.5182,1.2055
7.5188,1.2106
7.5193,1.2055
7.5199,1.2055
7.5204,1.2055
7.5209,1.2055
7.5215,1.2055
7.5220,1.2055
7.5226,1.2055
7.5231,1.2055
7.5237,1.2005
7.5242,1.2055
7.5247,1.2106
7.5253,1.2106
7.5258,1.2055
7.5264,1.2106
7.5269,1.2005
7.5275,1.2055
7.5280,1.2055
7.5285,1.2055
7.5291,1.2106
7.5296,1.2106
7.5302,1.2055
7.5307,1.2055
7.5313,1.2055
7.5318,1.2055
7.5323,1.2106
7.5329,1.2055
7.5335,1.2055
7.5340,1.2055
7.5345,1.2005
7.5351,1.2106
7.5356,1.2055
7.5362,1.2106
7.5367,1.2055
7.5373,1.2055
7.5378,1.2055
7.5383,1.2055
7.5389,1.2055
7.5394,1.2055
7.5400,1.2106
7.5405,1.2055
7.5410,1.2055
7.5416,1.2055
7.5421,1.2106
7.5427,1.2055
7.5432,1.2106
7.5438,1.2106
7.5443,1.2055
7.5449,1.2055
7.5454,1.2055
7.5528,1.2055
7.5535,1.2005
7.5540,1.2005
7.5546,1.2055
7.5551,1.2005
7.5557,1.2005
7.5562,1.2055
7.5568,1.2055
7.5573,1.2055
7.5579,1.2106
7.5585,1.2055
7.5590,1.2055
7.5597,1.2055
7.5602,1.2055
7.5608,1.2106
7.5613,1.2005
7.5619,1.2055
7.5624,1.2055
7.5630,1.2055
7.5635,1.2005
7.5640,1.2106
7.5646,1.2055
7.5651,1.2055
7.5657,1.2055
7.5662,1.2055
7.5667,1.2005
7.5673,1.2106
7.5678,1.2055
7.5684,1.2055
7.5689,1.2055
7.5695,1.2005
7.5700,1.2055
7.5705,1.2055
7.5711,1.2055
7.5716,1.2055
7.5722,1.2106
7.5727,1.2055
7.5733,1.2055
7.5738,1.2055
7.5743,1.2055
7.5749,1.2055
7.5754,1.2106
7.5760,1.2055
7.5765,1.2055
7.5770,1.2055
7.5776,1.2055
7.5781,1.2055
7.5787,1.2055
7.5792,1.2055
7.5798,1.2055
7.5804,1.2106
7.5809,1.2055
7.5814,1.2106
7.5820,1.2055
7.5825,1.2055
7.5831,1.2055
7.5836,1.2055
7.5842,1.2055
7.5847,1.2106
7.5852,1.2055
7.5858,1.2055
7.5863,1.2055
7.5869,1.2055
7.5874,1.2055
7.5880,1.2055
7.5885,1.2055
7.5890,1.2106
7.5896,1.2106
7.5901,1.2055
7.5907,1.2055
7.5912,1.2055
7.5918,1.2055
7.5923,1.2055
7.5929,1.2055
7.5934,1.2055
7.5940,1.2055
7.5945,1.2005
7.5951,1.2055
7.5956,1.2005
7.5961,1.2055
7.5967,1.2005
7.5972,1.2055
7.5978,1.2005
7.5983,1.2055
7.5989,1.2055
7.5994,1.2055
7.5999,1.2055
7.6005,1.2055
7.6010,1.2005
7.6016,1.2055
7.6021,1.2055
7.6027,1.2055
7.6032,1.2055
7.6037,1.2005
7.6043,1.2055
7.6048,1.2055
7.6054,1.2055
7.6059,1.2005
7.6065,1.2055
7.6070,1.2055
7.6076,1.2055
7.6081,1.2055
7.6086,1.2055
7.6092,1.2055
7.6097,1.2055
7.6103,1.2055
7.6108,1.2106
7.6114,1.2055
7.6119,1.2055
7.6124,1.2005
7.6130,1.2055
7.6135,1.2055
7.6141,1.2055
7.6146,1.2055
7.6152,1.2055
7.6157,1.2055
7.6163,1.2055
7.6168,1.2055
7.6173,1.2055
7.6179,1.2055
7.6184,1.2055
7.6190,1.2055
7.6195,1.2005
7.6201,1.2055
7.6206,1.2055
7.6211,1.2055
7.6217,1.2005
7.6222,1.2055
7.6228,1.2055
7.6233,1.2055
7.6239,1.2055
7.6244,1.2055
7.6250,1.2055
7.6255,1.2055
7.6260,1.2055
7.6266,1.2055
7.6271,1.2106
7.6277,1.2055
7.6282,1.2055
7.6288,1.2055
7.6293,1.2055
7.6298,1.2055
7.6304,1.2055
7.6309,1.2005
7.6315,1.2055
7.6320,1.2005
7.6326,1.2106
7.6331,1.2005
7.6337,1.2055
7.6342,1.2106
7.6347,1.2055
7.6353,1.2055
7.6358,1.2055
7.6364,1.2055
7.6369,1.2055
7.6375,1.2055
7.6380,1.2005
7.6386,1.2106
7.6391,1.2005
7.6396,1.2055
7.6402,1.2005
7.6407,1.2055
7.6413,1.2005
7.6418,1.2055
7.6424,1.2055
7.6429,1.2055
7.6435,1.2055
7.6440,1.2055
7.6446,1.2055
7.6451,1.2055
7.6456,1.2055
7.6462,1.2055
7.6467,1.2055
7.6473,1.2005
7.6478,1.2055
7.6484,1.2055
7.6489,1.2055
7.6495,1.2055
7.6500,1.2055
7.6505,1.2055
7.6511,1.2055
7.6516,1.2055
7.6522,1.2055
7.6527,1.2055
7.6533,1.2055
7.6538,1.2055
7.6543,1.2055
7.6549,1.2055
7.6554,1.2055
7.6560,1.2005
7.6565,1.2055
7.6571,1.2005
7.6576,1.2055
7.6582,1.2055
7.6587,1.2005
7.6592,1.2055
7.6598,1.2055
7.6604,1.2005
7.6610,1.2055
7.6615,1.2005
7.6621,1.2055
7.6626,1.2055
7.6632,1.2005
7.6637,1.2055
7.6643,1.2055
7.6648,1.2005
7.6654,1.2005
7.6659,1.2055
7.6665,1.2055
7.6670,1.2005
7.6676,1.2055
7.6681,1.2055
7.6687,1.2055
7.6692,1.2055
7.6698,1.2055
7.6703,1.2055
7.6709,1.2055
7.6714,1.2055
7.6720,1.2005
7.6725,1.2055
7.6731,1.2005
7.6736,1.2055
7.6742,1.2106
7.6747,1.2005
7.6753,1.2005
7.6758,1.2055
7.6764,1.2055
7.6769,1.2055
7.6775,1.2055
7.6780,1.2005
7.6786,1.2005
7.6791,1.2055
7.6797,1.2005
7.6802,1.2005
7.6808,1.2055
7.6813,1.2005
7.6819,1.2055
7.6824,1.2005
7.6830,1.2005
7.6835,1.2005
7.6841,1.2055
7.6846,1.2055
7.6852,1.2055
7.6857,1.2055
7.6863,1.2005
7.6869,1.2005
7.6874,1.2005
7.6881,1.2055
7.6887,1.2005
7.6894,1.2055
7.6900,1.2055
7.6906,1.2005
7.6911,1.2005
7.6916,1.2055
7.6922,1.2055
7.6927,1.2005
7.6933,1.2005
7.6938,1.2055
7.6944,1.2005
7.6949,1.2005
7.6955,1.2005
7.6960,1.2055
7.6966,1.2005
7.6972,1.2005
7.6977,1.2005
7.6983,1.2005
7.6988,1.2005
7.6994,1.2005
7.6999,1.2005
7.7005,1.1954
7.7010,1.2055
7.7016,1.2055
7.7021,1.2005
7.7027,1.1954
7.7032,1.2005
7.7038,1.2005
7.7043,1.2005
7.7048,1.2005
7.7054,1.1954
7.7059,1.2005
7.7065,1.2005
7.7070,1.2005
7.7076,1.2005
7.7081,1.1954
7.7087,1.2005
7.7092,1.2005
7.7098,1.1954
7.7103,1.2055
7.7109,1.2055
7.7114,1.2055
7.7120,1.2005
7.7125,1.2005
7.7131,1.2055
7.7136,1.2005
7.7142,1.2005
7.7147,1.2055
7.7153,1.2005
7.7158,1.1954
7.7164,1.2005
7.7169,1.2005
7.7175,1.2005
7.7180,1.2005
7.7186,1.2005
7.7191,1.2005
7.7197,1.2055
7.7202,1.2055
7.7208,1.2005
7.7213,1.2005
7.7219,1.2005
7.7224,1.2005
7.7230,1.2005
7.7235,1.2005
7.7241,1.2055
7.7246,1.2005
7.7252,1.2005
7.7257,1.2005
7.7263,1.2005
7.7268,1.2005
7.7274,1.2005
7.7279,1.1954
7.7285,1.2005
7.7290,1.2055
7.7296,1.2055
7.7301,1.2005
7.7307,1.2005
7.7312,1.2055
7.7318,1.1954
7.7323,1.2005
7.7329,1.1954
7.7334,1.2005
7.7340,1.2005
7.7345,1.1954
7.7351,1.2005
7.7356,1.2005
7.7362,1.1954
7.7367,1.2005
7.7373,1.1954
7.7378,1.2005
7.7384,1.1954
7.7389,1.2005
7.7395,1.1954
7.7400,1.1954
7.7405,1.2005
7.7411,1.1954
7.7416,1.2005
7.7422,1.2005
7.7427,1.2005
7.7433,1.2005
7.7438,1.1954
7.7444,1.2005
7.7449,1.1954
7.7455,1.1954
7.7460,1.1954
7.7466,1.2005
7.7471,1.1954
7.7477,1.2005
7.7482,1.2005
7.7488,1.2005
7.7493,1.1954
7.7499,1.2005
7.7504,1.1954
7.7510,1.2005
7.7515,1.2005
7.7521,1.2005
7.7526,1.2005
7.7532,1.2005
7.7537,1.1954
7.7543,1.2005
7.7548,1.2055
7.7554,1.1954
7.7559,1.2005
7.7565,1.2005
7.7570,1.2005
7.7576,1.2005
7.7581,1.2005
7.7587,1.1954
7.7592,1.1954
7.7598,1.2005
7.7603,1.2005
7.7609,1.2005
7.7615,1.2005
7.7620,1.2005
7.7626,1.1954
7.7631,1.2005
7.7637,1.1954
7.7642,1.2005
7.7648,1.2005
7.7653,1.2005
7.7659,1.2005
7.7664,1.1954
7.7670,1.2005
7.7675,1.1954
7.7681,1.1954
7.7686,1.1954
7.7692,1.1954
7.7697,1.1954
7.7703,1.1954
7.7708,1.2005
7.7714,1.1954
7.7719,1.1954
7.7725,1.1954
7.7730,1.1954
7.7736,1.1954
7.7741,1.1954
7.7747,1.2005
7.7752,1.1954
7.7758,1.2005
7.7763,1.1954
7.7769,1.2005
7.7774,1.1954
7.7780,1.2005
7.7785,1.1954
7.7791,1.2005
7.7796,1.1954
7.7802,1.2005
7.7807,1.1954
7.7813,1.2005
7.7818,1.1954
7.7824,1.1954
7.7829,1.2005
7.7835,1.1954
7.7840,1.1954
7.7846,1.1954
7.7851,1.1954
7.7857,1.1904
7.7862,1.2005
7.7868,1.2005
7.7873,1.1954
7.7879,1.1954
7.7884,1.1954
7.7890,1.2005
7.7895,1.2005
7.7901,1.1954
7.7906,1.2005
7.7912,1.1954
7.7917,1.1954
7.7923,1.1954
7.7928,1.1954
7.7934,1.1954
7.7940,1.1954
7.7945,1.1954
7.7951,1.1954
7.7956,1.1954
7.7962,1.1954
7.7967,1.1954
7.7973,1.1954
7.7978,1.2005
7.7984,1.1954
7.7989,1.2005
7.7995,1.1904
7.8000,1.1954
7.8006,1.1954
7.8011,1.1954
7.8017,1.1954
7.8022,1.1954
7.8028,1.1904
7.8033,1.1954
7.8039,1.1954
7.8044,1.2005
7.8050,1.1954
7.8055,1.1954
7.8061,1.2005
7.8066,1.1954
7.8072,1.1904
7.8077,1.2005
7.8083,1.2005
7.8088,1.2005
7.8094,1.1954
7.8099,1.1954
7.8105,1.1954
7.8111,1.1954
7.8116,1.1954
7.8122,1.1954
7.8127,1.1954
7.8133,1.1954
7.8138,1.1954
7.8144,1.1954
7.8150,1.1954
7.8155,1.1954
7.8161,1.1954
7.8166,1.1954
7.8172,1.1954
7.8177,1.1954
7.8183,1.1904
7.8188,1.2005
7.8194,1.2005
7.8199,1.1954
7.8204,1.1904
7.8210,1.1954
7.8215,1.1954
7.8221,1.1954
7.8226,1.1954
7.8232,1.2005
7.8238,1.1904
7.8243,1.1954
7.8249,1.1954
7.8254,1.1954
7.8260,1.1954
7.8265,1.1904
7.8271,1.1954
7.8276,1.1954
7.8282,1.1954
7.8287,1.1954
7.8293,1.1954
7.8298,1.1954
7.8304,1.1904
7.8309,1.1954
7.8315,1.1904
7.8320,1.1954
7.8326,1.1904
7.8331,1.1904
7.8337,1.1954
7.8342,1.1904
7.8348,1.2005
7.8353,1.1954
7.8359,1.1954
7.8364,1.1904
7.8370,1.1904
7.8375,1.1954
7.8381,1.1954
7.8386,1.1954
7.8392,1.1954
7.8397,1.1954
7.8403,1.1954
7.8408,1.1954
7.8414,1.1954
7.8419,1.1954
7.8425,1.1954
7.8430,1.1954
7.8436,1.1954
7.8441,1.2005
7.8447,1.1954
7.8452,1.1954
7.8458,1.1954
7.8463,1.1954
7.8469,1.1904
7.8474,1.1954
7.8480,1.1904
7.8485,1.1904
7.8491,1.1954
7.8496,1.1954
7.8502,1.1904
7.8507,1.1954
7.8513,1.1954
7.8518,1.1954
7.8524,1.1904
7.8529,1.1904
7.8535,1.1954
7.8540,1.2005
7.8546,1.1904
7.8551,1.1904
7.8557,1.1904
7.8562,1.1954
7.8568,1.1954
7.8573,1.1904
7.8579,1.1954
7.8584,1.1954
7.8590,1.1904
7.8595,1.1904
7.8601,1.1954
7.8606,1.1954
7.8612,1.1954
7.8618,1.1904
7.8623,1.1954
7.8629,1.1954
7.8634,1.1954
7.8640,1.1904
7.8645,1.1904
7.8651,1.1904
7.8656,1.1904
7.8662,1.1904
7.8667,1.1954
7.8673,1.1904
7.8678,1.1954
7.8684,1.1954
7.8689,1.1954
7.8695,1.1954
7.8700,1.1954
7.8706,1.1954
7.8711,1.1904
7.8717,1.1954
7.8722,1.1954
7.8728,1.1904
7.8733,1.1904
7.8739,1.1904
7.8744,1.1904
7.8750,1.1954
7.8755,1.1954
7.8761,1.1954
7.8766,1.1954
7.8772,1.1954
7.8777,1.1954
7.8783,1.1954
7.8788,1.1954
7.8794,1.1954
7.8799,1.1954
7.8805,1.2005
7.8810,1.1904
7.8816,1.1954
7.8821,1.1904
7.8827,1.1904
7.8832,1.1904
7.8838,1.1954
7.8843,1.1954
7.8849,1.1954
7.8854,1.1954
7.8860,1.1954
7.8865,1.1954
7.8871,1.1904
7.8876,1.1904
7.8882,1.1904
7.8887,1.1904
7.8893,1.1904
7.8898,1.1954
7.8904,1.1904
7.8909,1.1904
7.8915,1.1954
7.8920,1.1954
7.8926,1.1954
7.8931,1.1954
7.8937,1.1954
7.8942,1.1954
7.8948,1.1904
7.8953,1.1954
7.8959,1.1904
7.8964,1.1954
7.8970,1.1954
7.8975,1.1904
7.8981,1.2005
7.8986,1.1954
7.8992,1.1904
7.8997,1.1904
7.9003,1.1954
7.9008,1.1904
7.9014,1.1904
7.9019,1.1904
7.9025,1.1904
7.9030,1.1954
7.9036,1.1904
7.9041,1.1904
7.9047,1.1904
7.9052,1.1954
7.9058,1.1904
7.9063,1.1954
7.9069,1.1904
7.9074,1.1853
7.9080,1.1904
7.9085,1.1954
7.9091,1.1954
7.9096,1.1954
7.9102,1.1954
7.9107,1.1954
7.9113,1.1954
7.9118,1.1904
7.9124,1.1904
7.9129,1.1904
7.9135,1.1954
7.9140,1.1954
7.9146,1.1904
7.9151,1.1853
7.9157,1.1954
7.9163,1.1904
7.9168,1.1904
7.9174,1.1904
7.9179,1.1904
7.9185,1.1904
7.9190,1.1904
7.9196,1.1954
7.9201,1.1904
7.9207,1.1904
7.9212,1.1904
7.9218,1.1904
7.9223,1.1904
7.9229,1.1904
7.9234,1.1904
7.9240,1.1954
7.9246,1.1904
7.9251,1.1954
7.9257,1.1904
7.9262,1.1904
7.9268,1.1904
7.9273,1.1853
7.9279,1.1954
7.9284,1.1904
7.9290,1.1853
7.9295,1.1904
7.9301,1.1853
7.9306,1.1904
7.9312,1.1904
7.9317,1.1954
7.9323,1.1904
7.9328,1.1904
7.9334,1.1954
7.9340,1.1904
7.9345,1.1904
7.9351,1.1904
7.9356,1.1904
7.9362,1.1904
7.9367,1.1904
7.9372,1.1954
7.9378,1.1904
7.9383,1.1904
7.9389,1.1904
7.9394,1.1904
7.9400,1.1954
7.9405,1.1904
7.9411,1.1904
7.9416,1.1904
7.9422,1.1904
7.9427,1.1904
7.9433,1.1954
7.9438,1.1904
7.9444,1.1904
7.9449,1.1954
7.9455,1.1904
7.9460,1.1904
7.9466,1.1904
7.9471,1.1904
7.9477,1.1954
7.9482,1.1954
7.9488,1.1954
7.9493,1.1904
7.9499,1.1954
7.9504,1.1954
7.9510,1.1904
7.9515,1.1904
7.9521,1.1904
7.9526,1.1904
7.9532,1.1954
7.9537,1.1904
7.9543,1.1853
7.9548,1.1904
7.9553,1.1904
7.9559,1.1853
7.9564,1.1954
7.9570,1.1904
7.9575,1.1904
7.9581,1.1954
7.9586,1.1904
7.9592,1.1904
7.9597,1.1954
7.9603,1.1904
7.9608,1.1904
7.9614,1.1853
7.9619,1.1904
7.9625,1.1904
7.9631,1.1954
7.9636,1.1904
7.9642,1.1904
7.9647,1.1904
7.9653,1.1904
7.9658,1.1853
7.9664,1.1904
7.9669,1.1904
7.9675,1.1904
7.9680,1.1904
7.9686,1.1904
7.9691,1.1904
7.9697,1.1904
7.9702,1.1904
7.9708,1.1904
7.9713,1.1904
7.9719,1.1954
7.9724,1.1853
7.9730,1.1954
7.9735,1.1904
7.9741,1.1904
7.9746,1.1904
7.9752,1.1904
7.9757,1.1904
7.9763,1.1904
7.9768,1.1904
7.9774,1.1904
7.9779,1.1904
7.9785,1.1853
7.9790,1.1904
7.9796,1.1904
7.9801,1.1904
7.9807,1.1904
7.9812,1.1904
7.9818,1.1904
7.9823,1.1904
7.9829,1.1904
7.9834,1.1954
7.9840,1.1904
7.9845,1.1904
7.9851,1.1904
7.9856,1.1904
7.9862,1.1904
7.9867,1.1853
7.9873,1.1904
7.9878,1.1954
7.9884,1.1904
7.9889,1.1904
7.9895,1.1904
7.9900,1.1904
7.9906,1.1904
7.9911,1.1904
7.9917,1.1904
7.9922,1.1904
7.9928,1.1904
7.9933,1.1904
7.9939,1.1853
7.9944,1.1904
7.9950,1.1904
7.9955,1.1853
7.9961,1.1904
7.9966,1.1904
7.9972,1.1904
7.9977,1.1954
7.9983,1.1904
7.9988,1.1904
7.9994,1.1904
7.9999,1.1904
8.0005,1.1904
8.0010,1.1954
8.0016,1.1904
8.0021,1.1904
8.0027,1.1904
8.0032,1.1904
8.0038,1.1904
8.0043,1.1904
8.0049,1.1954
8.0054,1.1904
8.0060,1.1904
8.0065,1.1954
8.0071,1.1904
8.0076,1.1904
8.0082,1.1954
8.0087,1.1853
8.0093,1.1904
8.0098,1.1904
8.0104,1.1853
8.0109,1.1904
8.0115,1.1853
8.0120,1.1904
8.0126,1.1904
8.0131,1.1853
8.0137,1.1904
8.0142,1.1904
8.0148,1.1904
8.0153,1.1904
8.0159,1.1904
8.0164,1.1853
8.0170,1.1904
8.0175,1.1904
8.0181,1.1904
8.0186,1.1904
8.0192,1.1904
8.0197,1.1904
8.0203,1.1853
8.0208,1.1904
8.0214,1.1904
8.0219,1.1904
8.0225,1.1904
8.0230,1.1853
8.0236,1.1904
8.0241,1.1904
8.0247,1.1904
8.0252,1.1904
8.0258,1.1904
8.0263,1.1904
8.0269,1.1904
8.0274,1.1904
8.0280,1.1904
8.0285,1.1904
8.0291,1.1904
8.0296,1.1904
8.0302,1.1853
8.0307,1.1853
8.0313,1.1853
8.0318,1.1954
8.0324,1.1904
8.0329,1.1904
8.0335,1.1904
8.0340,1.1904
8.0346,1.1904
8.0351,1.1853
8.0357,1.1853
8.0362,1.1904
8.0368,1.1904
8.0373,1.1904
8.0379,1.1904
8.0384,1.1904
8.0390,1.1904
8.0395,1.1904
8.0401,1.1853
8.0406,1.1853
8.0412,1.1904
8.0417,1.1853
8.0423,1.1853
8.0428,1.1904
8.0434,1.1954
8.0440,1.1954
8.0445,1.1904
8.0451,1.1853
8.0456,1.1904
8.0462,1.1904
8.0467,1.1904
8.0473,1.1853
8.0478,1.1904
8.0484,1.1954
8.0489,1.1853
8.0495,1.1904
8.0500,1.1904
8.0506,1.1904
8.0511,1.1904
8.0517,1.1904
8.0522,1.1853
8.0528,1.1904
8.0533,1.1853
8.0539,1.1853
8.0544,1.1904
8.0550,1.1904
8.0555,1.1904
8.0561,1.1853
8.0566,1.1853
8.0572,1.1904
8.0577,1.1904
8.0583,1.1904
8.0588,1.1853
8.0594,1.1904
8.0599,1.1904
8.0605,1.1904
8.0610,1.1904
8.0616,1.1904
8.0621,1.1853
8.0627,1.1853
8.0632,1.1904
8.0638,1.1853
8.0643,1.1904
8.0649,1.1904
8.0654,1.1904
8.0660,1.1853
8.0666,1.1954
8.0671,1.1853
8.0677,1.1904
8.0682,1.1904
8.0688,1.1904
8.0693,1.1853
8.0699,1.1853
8.0704,1.1853
8.0709,1.1904
8.0715,1.1904
8.0720,1.1853
8.0726,1.1904
8.0731,1.1853
8.0737,1.1904
8.0743,1.1904
8.0748,1.1904
8.0754,1.1904
8.0759,1.1853
8.0765,1.1904
8.0770,1.1904
8.0776,1.1853
8.0781,1.1904
8.0786,1.1904
8.0792,1.1904
8.0797,1.1853
8.0803,1.1853
8.0808,1.1904
8.0814,1.1853
8.0819,1.1904
8.0825,1.1904
8.0830,1.1904
8.0836,1.1904
8.0842,1.1853
8.0847,1.1853
8.0853,1.1853
8.0858,1.1904
8.0864,1.1853
8.0869,1.1853
8.0874,1.1904
8.0880,1.1853
8.0885,1.1853
8.0891,1.1904
8.0896,1.1853
8.0902,1.1904
8.0907,1.1853
8.0913,1.1853
8.0918,1.1853
8.0924,1.1853
8.0929,1.1904
8.0935,1.1853
8.0940,1.1904
8.0946,1.1904
8.0951,1.1853
8.0957,1.1853
8.0962,1.1853
8.0968,1.1904
8.0973,1.1904
8.0979,1.1904
8.0984,1.1853
8.0990,1.1853
8.0995,1.1853
8.1001,1.1853
8.1006,1.1904
8.1012,1.1904
8.1017,1.1853
8.1023,1.1853
8.1028,1.1904
8.1034,1.1853
8.1040,1.1853
8.1045,1.1853
8.1051,1.1853
8.1056,1.1853
8.1062,1.1904
8.1067,1.1904
8.1073,1.1904
8.1078,1.1904
8.1084,1.1853
8.1089,1.1904
8.1095,1.1904
8.1100,1.1904
8.1106,1.1803
8.1111,1.1904
8.1117,1.1904
8.1122,1.1853
8.1128,1.1904
8.1133,1.1904
8.1139,1.1853
8.1144,1.1904
8.1150,1.1904
8.1155,1.1853
8.1161,1.1904
8.1166,1.1853
8.1172,1.1853
8.1177,1.1853
8.1183,1.1904
8.1188,1.1853
8.1194,1.1853
8.1199,1.1853
8.1205,1.1853
8.1210,1.1853
8.1216,1.1904
8.1221,1.1904
8.1227,1.1904
8.1232,1.1904
8.1238,1.1904
8.1243,1.1904
8.1249,1.1853
8.1254,1.1904
8.1260,1.1853
8.1265,1.1904
8.1271,1.1904
8.1276,1.1853
8.1282,1.1904
8.1287,1.1904
8.1293,1.1904
8.1298,1.1853
8.1304,1.1904
8.1310,1.1853
8.1315,1.1904
8.1321,1.1904
8.1326,1.1904
8.1332,1.1853
8.1337,1.1853
8.1343,1.1853
8.1348,1.1904
8.1353,1.1853
8.1359,1.1853
8.1364,1.1904
8.1370,1.1904
8.1375,1.1853
8.1381,1.1853
8.1386,1.1904
8.1392,1.1904
8.1397,1.1904
8.1403,1.1853
8.1408,1.1904
8.1414,1.1904
8.1419,1.1904
8.1424,1.1853
8.1430,1.1904
8.1435,1.1853
8.1441,1.1904
8.1446,1.1904
8.1452,1.1853
8.1457,1.1853
8.1463,1.1904
8.1468,1.1853
8.1474,1.1853
8.1479,1.1904
8.1485,1.1904
8.1490,1.1904
8.1496,1.1904
8.1501,1.1853
8.1507,1.1904
8.1512,1.1853
8.1518,1.1904
8.1523,1.1853
8.1529,1.1904
8.1534,1.1853
8.1540,1.1853
8.1545,1.1853
8.1551,1.1904
8.1556,1.1904
8.1562,1.1904
8.1567,1.1853
8.1573,1.1853
8.1578,1.1954
8.1584,1.1853
8.1589,1.1853
8.1595,1.1904
8.1600,1.1853
8.1606,1.1904
8.1611,1.1954
8.1617,1.1853
8.1622,1.1904
8.1628,1.1904
8.1633,1.1904
8.1639,1.1954
8.1645,1.1853
8.1650,1.1904
8.1656,1.1904
8.1661,1.1904
8.1667,1.1853
8.1672,1.1954
8.1678,1.1853
8.1683,1.1853
8.1689,1.1853
8.1694,1.1853
8.1700,1.1853
8.1705,1.1853
8.1711,1.1904
8.1716,1.1853
8.1722,1.1904
8.1727,1.1904
8.1733,1.1853
8.1738,1.1904
8.1744,1.1904
8.1749,1.1954
8.1755,1.1853
8.1760,1.1904
8.1766,1.1853
8.1771,1.1904
8.1777,1.1904
8.1782,1.1904
8.1788,1.1904
8.1793,1.1904
8.1799,1.1904
8.1804,1.1904
8.1809,1.1904
8.1815,1.1904
8.1820,1.1904
8.1826,1.1904
8.1831,1.1954
8.1837,1.1904
8.1843,1.1954
8.1848,1.1904
8.1854,1.1904
8.1859,1.1954
8.1865,1.1904
8.1870,1.1954
8.1875,1.1954
8.1881,1.1904
8.1886,1.1904
8.1892,1.1904
8.1897,1.1954
8.1903,1.1904
8.1908,1.1904
8.1914,1.1954
8.1919,1.1954
8.1925,1.1904
8.1930,1.1954
8.1936,1.1954
8.1941,1.1954
8.1947,1.1954
8.1952,1.1904
8.1958,1.1904
8.1963,1.1904
8.1969,1.1904
8.1974,1.1954
8.1980,1.1954
8.1985,1.1954
8.1991,1.1954
8.1997,1.1954
8.2002,1.1954
8.2008,1.1954
8.2013,1.1954
8.2019,1.1954
8.2024,1.1904
8.2030,1.1954
8.2035,1.1954
8.2041,1.1904
8.2046,1.1954
8.2052,1.1954
8.2057,1.1954
8.2063,1.1954
8.2068,1.1954
8.2074,1.2005
8.2079,1.1954
8.2085,1.1904
8.2090,1.1904
8.2096,1.1954
8.2101,1.1954
8.2107,1.1904
8.2112,1.1954
8.2118,1.1954
8.2123,1.1954
8.2129,1.1954
8.2134,1.2005
8.2140,1.2005
8.2145,1.1954
8.2151,1.2005
8.2156,1.2005
8.2162,1.2005
8.2167,1.1954
8.2173,1.1954
8.2178,1.1954
8.2184,1.2005
8.2189,1.2005
8.2195,1.2005
8.2200,1.2005
8.2206,1.2005
8.2211,1.2005
8.2217,1.2005
8.2222,1.2005
8.2228,1.2005
8.2233,1.2005
8.2239,1.2005
8.2244,1.2005
8.2250,1.2005
8.2255,1.2005
8.2261,1.2055
8.2266,1.2055
8.2272,1.2055
8.2277,1.2005
8.2283,1.2005
8.2288,1.2005
8.2294,1.2005
8.2299,1.2055
8.2305,1.2005
8.2310,1.2055
8.2316,1.2005
8.2321,1.2005
8.2327,1.2005
8.2332,1.2005
8.2338,1.2055
8.2343,1.2055
8.2349,1.2005
8.2354,1.2005
8.2360,1.2055
8.2365,1.2055
8.2371,1.2055
8.2376,1.2055
8.2382,1.2055
8.2387,1.2055
8.2393,1.2055
8.2398,1.2055
8.2404,1.2005
8.2409,1.2055
8.2415,1.2055
8.2420,1.2055
8.2426,1.2055
8.2431,1.2055
8.2437,1.2106
8.2442,1.2055
8.2448,1.2106
8.2453,1.2055
8.2459,1.2055
8.2464,1.2055
8.2470,1.2055
8.2475,1.2055
8.2481,1.2055
8.2486,1.2106
8.2492,1.2005
8.2497,1.2055
8.2503,1.2055
8.2508,1.2055
8.2514,1.2106
8.2519,1.2055
8.2525,1.2055
8.2530,1.2106
8.2536,1.2106
8.2541,1.2005
8.2547,1.2055
8.2552,1.2055
8.2558,1.2055
8.2563,1.2106
8.2569,1.2055
8.2574,1.2106
8.2580,1.2106
8.2585,1.2106
8.2591,1.2106
8.2596,1.2055
8.2602,1.2106
8.2607,1.2106
8.2613,1.2106
8.2618,1.2156
8.2624,1.2106
8.2629,1.2106
8.2635,1.2106
8.2640,1.2055
8.2646,1.2106
8.2651,1.2106
8.2657,1.2106
8.2662,1.2106
8.2668,1.2055
8.2673,1.2055
8.2679,1.2156
8.2684,1.2106
8.2690,1.2106
8.2695,1.2106
8.2701,1.2055
8.2706,1.2055
8.2712,1.2055
8.2717,1.2106
8.2723,1.2055
8.2728,1.2106
8.2734,1.2106
8.2740,1.2106
8.2745,1.2055
8.2751,1.2106
8.2756,1.2055
8.2762,1.2106
8.2767,1.2106
8.2773,1.2106
8.2778,1.2106
8.2784,1.2106
8.2789,1.2106
8.2795,1.2106
8.2800,1.2106
8.2806,1.2106
8.2811,1.2106
8.2817,1.2156
8.2822,1.2106
8.2828,1.2106
8.2833,1.2106
8.2839,1.2156
8.2844,1.2106
8.2850,1.2156
8.2855,1.2055
8.2861,1.2106
8.2866,1.2106
8.2872,1.2106
8.2877,1.2106
8.2883,1.2156
8.2888,1.2106
8.2894,1.2106
8.2899,1.2106
8.2905,1.2106
8.2910,1.2106
8.2916,1.2106
8.2921,1.2106
8.2927,1.2106
8.2932,1.2156
8.2938,1.2106
8.2943,1.2156
8.2949,1.2106
8.2954,1.2106
8.2960,1.2106
8.2965,1.2156
8.2971,1.2156
8.2976,1.2106
8.2982,1.2106
8.2987,1.2156
8.2993,1.2156
8.2998,1.2156
8.3004,1.2156
8.3009,1.2156
8.3015,1.2156
8.3020,1.2156
8.3026,1.2156
8.3031,1.2206
8.3037,1.2156
8.3042,1.2106
8.3048,1.2156
8.3053,1.2106
8.3059,1.2156
8.3064,1.2156
8.3070,1.2106
8.3075,1.2156
8.3081,1.2156
8.3086,1.2156
8.3092,1.2156
8.3097,1.2156
8.3103,1.2156
8.3108,1.2156
8.3114,1.2156
8.3119,1.2106
8.3125,1.2156
8.3130,1.2156
8.3136,1.2156
8.3141,1.2156
8.3147,1.2156
8.3152,1.2156
8.3158,1.2206
8.3163,1.2106
8.3169,1.2106
8.3174,1.2156
8.3180,1.2156
8.3185,1.2106
8.3191,1.2156
8.3196,1.2156
8.3202,1.2106
8.3207,1.2156
8.3213,1.2106
8.3218,1.2156
8.3224,1.2156
8.3229,1.2106
8.3235,1.2156
8.3240,1.2106
8.3246,1.2156
8.3251,1.2156
8.3257,1.2206
8.3263,1.2106
8.3268,1.2156
8.3274,1.2106
8.3279,1.2156
8.3285,1.2156
8.3290,1.2156
8.3296,1.2156
8.3301,1.2156
8.3307,1.2156
8.3312,1.2156
8.3318,1.2156
8.3323,1.2156
8.3329,1.2156
8.3334,1.2106
8.3340,1.2156
8.3345,1.2106
8.3351,1.2156
8.3356,1.2156
8.3362,1.2156
8.3367,1.2156
8.3373,1.2206
8.3378,1.2156
8.3383,1.2156
8.3389,1.2156
8.3395,1.2156
8.3400,1.2156
8.3406,1.2156
8.3411,1.2156
8.3417,1.2156
8.3422,1.2206
8.3428,1.2156
8.3433,1.2156
8.3439,1.2206
8.3444,1.2156
8.3450,1.2106
8.3455,1.2156
8.3461,1.2156
8.3466,1.2156
8.3472,1.2156
8.3477,1.2156
8.3483,1.2106
8.3488,1.2156
8.3494,1.2156
8.3499,1.2156
8.3504,1.2206
8.3510,1.2156
8.3515,1.2156
8.3521,1.2206
8.3526,1.2206
8.3532,1.2156
8.3537,1.2156
8.3543,1.2206
8.3548,1.2156
8.3554,1.2156
8.3559,1.2156
8.3565,1.2156
8.3570,1.2156
8.3576,1.2156
8.3581,1.2106
8.3587,1.2156
8.3592,1.2206
8.3598,1.2156
8.3603,1.2156
8.3609,1.2156
8.3614,1.2156
8.3620,1.2156
8.3625,1.2156
8.3631,1.2206
8.3636,1.2156
8.3642,1.2156
8.3647,1.2156
8.3653,1.2206
8.3659,1.2106
8.3664,1.2156
8.3670,1.2156
8.3675,1.2206
8.3681,1.2206
8.3686,1.2156
8.3692,1.2156
8.3697,1.2156
8.3703,1.2156
8.3708,1.2206
8.3714,1.2156
8.3719,1.2206
8.3725,1.2156
8.3730,1.2206
8.3736,1.2156
8.3741,1.2156
8.3747,1.2156
8.3752,1.2156
8.3758,1.2156
8.3763,1.2156
8.3769,1.2156
8.3774,1.2156
8.3780,1.2156
8.3785,1.2206
8.3791,1.2156
8.3796,1.2206
8.3802,1.2206
8.3807,1.2206
8.3813,1.2206
8.3818,1.2156
8.3824,1.2206
8.3832,1.2156
8.3837,1.2156
8.3843,1.2156
8.3848,1.2206
8.3854,1.2156
8.3859,1.2206
8.3865,1.2106
8.3870,1.2206
8.3876,1.2156
8.3882,1.2206
8.3887,1.2156
8.3893,1.2206
8.3898,1.2206
8.3904,1.2206
8.3909,1.2156
8.3915,1.2206
8.3920,1.2156
8.3926,1.2156
8.3931,1.2206
8.3937,1.2156
8.3942,1.2206
8.3948,1.2156
8.3953,1.2206
8.3959,1.2206
8.3964,1.2156
8.3970,1.2206
8.3975,1.2156
8.3981,1.2156
8.3986,1.2206
8.3992,1.2156
8.3997,1.2156
8.4003,1.2206
8.4008,1.2206
8.4014,1.2156
8.4019,1.2156
8.4025,1.2206
8.4030,1.2156
8.4036,1.2156
8.4041,1.2206
8.4047,1.2206
8.4052,1.2206
8.4058,1.2156
8.4063,1.2156
8.4069,1.2206
8.4074,1.2206
8.4080,1.2156
8.4085,1.2106
8.4091,1.2156
8.4097,1.2106
8.4102,1.2156
8.4108,1.2156
8.4113,1.2156
8.4119,1.2206
8.4124,1.2206
8.4130,1.2206
8.4135,1.2156
8.4141,1.2156
8.4146,1.2206
8.4152,1.2156
8.4157,1.2156
8.4163,1.2156
8.4168,1.2156
8.4174,1.2206
8.4179,1.2206
8.4185,1.2206
8.4190,1.2206
8.4196,1.2206
8.4201,1.2206
8.4207,1.2206
8.4212,1.2206
8.4218,1.2206
8.4223,1.2156
8.4229,1.2206
8.4234,1.2206
8.4240,1.2156
8.4245,1.2156
8.4251,1.2206
8.4256,1.2156
8.4262,1.2206
8.4267,1.2156
8.4273,1.2206
8.4278,1.2206
8.4284,1.2156
8.4289,1.2156
8.4295,1.2156
8.4300,1.2206
8.4306,1.2206
8.4311,1.2156
8.4317,1.2156
8.4322,1.2206
8.4328,1.2156
8.4333,1.2156
8.4339,1.2206
8.4344,1.2156
8.4350,1.2106
8.4355,1.2156
8.4361,1.2156
8.4366,1.2106
8.4372,1.2156
8.4377,1.2156
8.4383,1.2106
8.4388,1.2206
8.4394,1.2156
8.4399,1.2156
8.4405,1.2156
8.4410,1.2156
8.4416,1.2156
8.4421,1.2156
8.4427,1.2206
8.4432,1.2206
8.4438,1.2156
8.4443,1.2206
8.4449,1.2206
8.4454,1.2156
8.4460,1.2156
8.4465,1.2156
8.4471,1.2156
8.4476,1.2106
8.4482,1.2156
8.4487,1.2206
8.4493,1.2156
8.4498,1.2156
8.4504,1.2156
8.4509,1.2156
8.4515,1.2156
8.4520,1.2156
8.4526,1.2156
8.4531,1.2156
8.4537,1.2156
8.4542,1.2156
8.4548,1.2206
8.4553,1.2156
8.4559,1.2156
8.4564,1.2156
8.4570,1.2106
8.4575,1.2156
8.4581,1.2156
8.4586,1.2156
8.4592,1.2156
8.4597,1.2106
8.4603,1.2156
8.4608,1.2206
8.4614,1.2156
8.4619,1.2156
8.4625,1.2206
8.4630,1.2156
8.4636,1.2156
8.4642,1.2156
8.4647,1.2156
8.4653,1.2106
8.4658,1.2156
8.4664,1.2106
8.4669,1.2156
8.4675,1.2206
8.4680,1.2206
8.4686,1.2106
8.4691,1.2206
8.4697,1.2206
8.4702,1.2156
8.4708,1.2156
8.4713,1.2206
8.4719,1.2156
8.4724,1.2206
8.4730,1.2156
8.4735,1.2206
8.4741,1.2106
8.4746,1.2156
8.4752,1.2206
8.4757,1.2106
8.4763,1.2206
8.4768,1.2156
8.4774,1.2156
8.4779,1.2156
8.4785,1.2206
8.4790,1.2156
8.4796,1.2156
8.4802,1.2156
8.4807,1.2156
8.4813,1.2206
8.4818,1.2156
8.4824,1.2156
8.4829,1.2206
8.4835,1.2156
8.4840,1.2156
8.4846,1.2206
8.4851,1.2106
8.4857,1.2156
8.4862,1.2156
8.4868,1.2106
8.4873,1.2206
8.4879,1.2206
8.4884,1.2156
8.4890,1.2156
8.4895,1.2156
8.4901,1.2156
8.4906,1.2156
8.4912,1.2156
8.4917,1.2156
8.4923,1.2156
8.4928,1.2156
8.4934,1.2106
8.4939,1.2206
8.4945,1.2206
8.4950,1.2156
8.4956,1.2106
8.4961,1.2156
8.4967,1.2206
8.4972,1.2156
8.4978,1.2156
8.4983,1.2156
8.4989,1.2156
8.4994,1.2156
8.5000,1.2206
8.5005,1.2156
8.5011,1.2156
8.5016,1.2156
8.5022,1.2156
8.5027,1.2206
8.5033,1.2156
8.5038,1.2156
8.5044,1.2156
8.5049,1.2206
8.5055,1.2156
8.5060,1.2156
8.5066,1.2156
8.5071,1.2106
8.5077,1.2156
8.5082,1.2156
8.5088,1.2156
8.5093,1.2156
8.5099,1.2156
8.5104,1.2156
8.5110,1.2156
8.5115,1.2156
8.5121,1.2206
8.5126,1.2206
8.5132,1.2156
8.5137,1.2206
8.5143,1.2156
8.5148,1.2206
8.5154,1.2106
8.5159,1.2156
8.5165,1.2206
8.5170,1.2156
8.5176,1.2156
8.5181,1.2206
8.5187,1.2156
8.5192,1.2156
8.5198,1.2156
8.5203,1.2156
8.5209,1.2206
8.5214,1.2156
8.5220,1.2156
8.5225,1.2156
8.5231,1.2206
8.5236,1.2106
8.5242,1.2156
8.5247,1.2206
8.5253,1.2156
8.5258,1.2156
8.5264,1.2156
8.5269,1.2156
8.5275,1.2156
8.5280,1.2156
8.5286,1.2156
8.5291,1.2106
8.5297,1.2206
8.5302,1.2156
8.5308,1.2156
8.5313,1.2156
8.5319,1.2156
8.5324,1.2156
8.5330,1.2156
8.5335,1.2156
8.5341,1.2156
8.5346,1.2206
8.5352,1.2156
8.5357,1.2156
8.5362,1.2106
8.5368,1.2206
8.5373,1.2156
8.5379,1.2206
8.5384,1.2206
8.5390,1.2156
8.5395,1.2206
8.5401,1.2156
8.5406,1.2156
8.5412,1.2206
8.5417,1.2206
8.5423,1.2156
8.5428,1.2156
8.5433,1.2156
8.5439,1.2156
8.5444,1.2206
8.5450,1.2156
8.5455,1.2206
8.5461,1.2206
8.5466,1.2206
8.5472,1.2206
8.5477,1.2206
8.5483,1.2206
8.5489,1.2156
8.5494,1.2156
8.5500,1.2206
8.5505,1.2206
8.5511,1.2206
8.5516,1.2156
8.5522,1.2156
8.5527,1.2206
8.5533,1.2156
8.5538,1.2156
8.5544,1.2156
8.5549,1.2156
8.5555,1.2206
8.5560,1.2206
8.5566,1.2156
8.5571,1.2156
8.5577,1.2156
8.5582,1.2156
8.5588,1.2156
8.5593,1.2156
8.5599,1.2206
8.5604,1.2206
8.5610,1.2156
8.5615,1.2156
8.5621,1.2206
8.5626,1.2156
8.5632,1.2206
8.5637,1.2206
8.5643,1.2206
8.5648,1.2206
8.5654,1.2156
8.5659,1.2156
8.5665,1.2206
8.5671,1.2156
8.5676,1.2156
8.5682,1.2206
8.5687,1.2156
8.5693,1.2206
8.5698,1.2206
8.5704,1.2206
8.5709,1.2206
8.5715,1.2206
8.5720,1.2206
8.5726,1.2206
8.5731,1.2206
8.5737,1.2206
8.5742,1.2156
8.5748,1.2156
8.5753,1.2206
8.5759,1.2206
8.5764,1.2156
8.5770,1.2206
8.5775,1.2156
8.5781,1.2156
8.5786,1.2156
8.5792,1.2156
8.5797,1.2206
8.5803,1.2206
8.5808,1.2206
8.5814,1.2206
8.5819,1.2156
8.5825,1.2156
8.5830,1.2206
8.5836,1.2206
8.5841,1.2156
8.5847,1.2156
8.5852,1.2206
8.5858,1.2156
8.5863,1.2156
8.5869,1.2156
8.5874,1.2206
8.5880,1.2206
8.5885,1.2206
8.5891,1.2156
8.5896,1.2156
8.5902,1.2206
8.5907,1.2156
8.5913,1.2206
8.5918,1.2206
8.5924,1.2206
8.5929,1.2156
8.5935,1.2156
8.5940,1.2206
8.5946,1.2156
8.5951,1.2156
8.5957,1.2206
8.5962,1.2156
8.5968,1.2156
8.5973,1.2206
8.5979,1.2206
8.5984,1.2206
8.5990,1.2206
8.5995,1.2206
8.6001,1.2206
8.6006,1.2206
8.6012,1.2206
8.6017,1.2156
8.6023,1.2257
8.6028,1.2206
8.6034,1.2206
8.6039,1.2206
8.6045,1.2206
8.6050,1.2206
8.6056,1.2156
8.6061,1.2206
8.6067,1.2206
8.6072,1.2206
8.6078,1.2206
8.6083,1.2156
8.6089,1.2206
8.6094,1.2206
8.6100,1.2156
8.6105,1.2156
8.6111,1.2206
8.6116,1.2206
8.6122,1.2206
8.6127,1.2206
8.6133,1.2206
8.6138,1.2206
8.6144,1.2156
8.6149,1.2156
8.6155,1.2206
8.6160,1.2156
8.6166,1.2106
8.6171,1.2206
8.6177,1.2206
8.6182,1.2156
8.6188,1.2206
8.6193,1.2206
8.6199,1.2206
8.6204,1.2206
8.6210,1.2106
8.6215,1.2206
8.6221,1.2206
8.6226,1.2156
8.6232,1.2206
8.6237,1.2206
8.6243,1.2206
8.6248,1.2206
8.6254,1.2206
8.6259,1.2156
8.6265,1.2206
8.6270,1.2206
8.6276,1.2156
8.6281,1.2206
8.6287,1.2206
8.6292,1.2156
8.6298,1.2206
8.6303,1.2206
8.6309,1.2206
8.6314,1.2206
8.6320,1.2206
8.6325,1.2156
8.6331,1.2206
8.6336,1.2206
8.6342,1.2156
8.6347,1.2206
8.6353,1.2156
8.6358,1.2206
8.6364,1.2106
8.6369,1.2156
8.6375,1.2206
8.6380,1.2156
8.6386,1.2156
8.6391,1.2206
8.6397,1.2206
8.6402,1.2156
8.6408,1.2206
8.6413,1.2156
8.6419,1.2156
8.6424,1.2206
8.6430,1.2206
8.6435,1.2156
8.6441,1.2206
8.6446,1.2156
8.6452,1.2156
8.6457,1.2156
8.6463,1.2156
8.6468,1.2206
8.6474,1.2106
8.6479,1.2156
8.6485,1.2156
8.6490,1.2156
8.6496,1.2156
8.6501,1.2206
8.6507,1.2156
8.6512,1.2156
8.6518,1.2206
8.6523,1.2206
8.6529,1.2206
8.6534,1.2156
8.6540,1.2156
8.6545,1.2206
8.6551,1.2156
8.6556,1.2156
8.6562,1.2156
8.6567,1.2206
8.6573,1.2206
8.6578,1.2156
8.6584,1.2156
8.6589,1.2206
8.6595,1.2206
8.6600,1.2156
8.6606,1.2206
8.6611,1.2156
8.6617,1.2206
8.6622,1.2156
8.6628,1.2156
8.6633,1.2206
8.6639,1.2206
8.6644,1.2156
8.6650,1.2156
8.6655,1.2206
8.6661,1.2156
8.6666,1.2156
8.6672,1.2206
8.6678,1.2206
8.6683,1.2156
8.6689,1.2206
8.6694,1.2206
8.6700,1.2206
8.6705,1.2206
8.6711,1.2156
8.6716,1.2156
8.6722,1.2206
8.6727,1.2156
8.6733,1.2156
8.6738,1.2156
8.6744,1.2156
8.6749,1.2156
8.6755,1.2206
8.6760,1.2156
8.6766,1.2156
8.6771,1.2156
8.6777,1.2206
8.6782,1.2156
8.6788,1.2206
8.6793,1.2156
8.6799,1.2206
8.6804,1.2156
8.6810,1.2156
8.6815,1.2156
8.6821,1.2156
8.6826,1.2156
8.6832,1.2206
8.6837,1.2156
8.6843,1.2156
8.6848,1.2156
8.6854,1.2106
8.6859,1.2156
8.6865,1.2206
8.6870,1.2206
8.6876,1.2156
8.6881,1.2156
8.6887,1.2206
8.6892,1.2156
8.6898,1.2156
8.6903,1.2106
8.6909,1.2156
8.6914,1.2156
8.6920,1.2156
8.6925,1.2156
8.6931,1.2206
8.6936,1.2106
8.6942,1.2156
8.6947,1.2156
8.6953,1.2156
8.6958,1.2206
8.6964,1.2156
8.6969,1.2156
8.6975,1.2156
8.6980,1.2156
8.6986,1.2156
8.6991,1.2156
8.6997,1.2156
8.7002,1.2156
8.7008,1.2206
8.7013,1.2206
8.7019,1.2156
8.7024,1.2156
8.7030,1.2156
8.7035,1.2206
8.7041,1.2156
8.7046,1.2156
8.7052,1.2206
8.7057,1.2206
8.7063,1.2206
8.7068,1.2156
8.7074,1.2206
8.7079,1.2206
8.7085,1.2106
8.7090,1.2156
8.7096,1.2156
8.7101,1.2156
8.7107,1.2156
8.7112,1.2206
8.7118,1.2156
8.7123,1.2156
8.7129,1.2156
8.7134,1.2156
8.7140,1.2156
8.7145,1.2156
8.7151,1.2156
8.7156,1.2156
8.7162,1.2156
8.7167,1.2206
8.7173,1.2156
8.7178,1.2156
8.7184,1.2156
8.7189,1.2156
8.7195,1.2206
8.7200,1.2156
8.7206,1.2156
8.7211,1.2156
8.7217,1.2156
8.7222,1.2156
8.7228,1.2156
8.7233,1.2206
8.7239,1.2106
8.7244,1.2156
8.7250,1.2106
8.7255,1.2156
8.7261,1.2206
8.7266,1.2156
8.7272,1.2156
8.7277,1.2106
8.7283,1.2156
8.7288,1.2156
8.7294,1.2156
8.7299,1.2156
8.7305,1.2206
8.7310,1.2156
8.7316,1.2156
8.7321,1.2156
8.7327,1.2106
8.7332,1.2156
8.7338,1.2156
8.7343,1.2156
8.7349,1.2106
8.7354,1.2156
8.7360,1.2156
8.7365,1.2156
8.7371,1.2156
8.7376,1.2106
8.7382,1.2156
8.7387,1.2106
8.7392,1.2156
8.7398,1.2206
8.7403,1.2156
8.7409,1.2156
8.7414,1.2156
8.7420,1.2156
8.7425,1.2106
8.7431,1.2206
8.7436,1.2156
8.7442,1.2156
8.7447,1.2156
8.7453,1.2156
8.7458,1.2156
8.7464,1.2156
8.7469,1.2106
8.7475,1.2156
8.7480,1.2106
8.7486,1.2156
8.7491,1.2156
8.7497,1.2156
8.7502,1.2156
8.7508,1.2106
8.7513,1.2156
8.7519,1.2156
8.7524,1.2156
8.7530,1.2106
8.7535,1.2156
8.7541,1.2106
8.7546,1.2156
8.7552,1.2156
8.7557,1.2156
8.7563,1.2206
8.7568,1.2106
8.7574,1.2156
8.7579,1.2156
8.7585,1.2156
8.7590,1.2156
8.7596,1.2106
8.7601,1.2156
8.7607,1.2156
8.7612,1.2156
8.7618,1.2156
8.7623,1.2106
8.7629,1.2156
8.7634,1.2156
8.7640,1.2156
8.7645,1.2156
8.7651,1.2106
8.7656,1.2156
8.7662,1.2106
8.7667,1.2156
8.7673,1.2156
8.7679,1.2156
8.7684,1.2156
8.7690,1.2156
8.7695,1.2156
8.7701,1.2106
8.7706,1.2156
8.7712,1.2156
8.7717,1.2206
8.7723,1.2206
8.7728,1.2156
8.7734,1.2156
8.7739,1.2156
8.7745,1.2156
8.7750,1.2156
8.7756,1.2106
8.7761,1.2156
8.7767,1.2156
8.7772,1.2156
8.7778,1.2156
8.7783,1.2156
8.7789,1.2106
8.7794,1.2106
8.7800,1.2106
8.7805,1.2206
8.7811,1.2156
8.7816,1.2156
8.7822,1.2156
8.7827,1.2156
8.7833,1.2156
8.7838,1.2156
8.7844,1.2106
8.7849,1.2156
8.7855,1.2206
8.7860,1.2156
8.7866,1.2156
8.7871,1.2156
8.7877,1.2106
8.7882,1.2156
8.7888,1.2106
8.7893,1.2156
8.7899,1.2156
8.7904,1.2156
8.7910,1.2106
8.7915,1.2156
8.7921,1.2106
8.7926,1.2106
8.7932,1.2156
8.7937,1.2156
8.7943,1.2156
8.7948,1.2106
8.7954,1.2156
8.7959,1.2156
8.7965,1.2156
8.7970,1.2156
8.7976,1.2156
8.7981,1.2106
8.7987,1.2156
8.7992,1.2156
8.7998,1.2156
8.8003,1.2156
8.8009,1.2106
8.8014,1.2106
8.8020,1.2106
8.8025,1.2156
8.8031,1.2156
8.8036,1.2156
8.8042,1.2156
8.8047,1.2106
8.8053,1.2106
8.8058,1.2156
8.8064,1.2156
8.8069,1.2106
8.8075,1.2156
8.8080,1.2156
8.8086,1.2156
8.8091,1.2156
8.8097,1.2055
8.8102,1.2156
8.8108,1.2156
8.8113,1.2156
8.8119,1.2156
8.8124,1.2106
8.8130,1.2106
8.8135,1.2156
8.8141,1.2156
8.8146,1.2106
8.8152,1.2156
8.8157,1.2156
8.8163,1.2156
8.8168,1.2156
8.8174,1.2106
8.8179,1.2106
8.8185,1.2156
8.8190,1.2106
8.8196,1.2106
8.8201,1.2106
8.8207,1.2106
8.8212,1.2106
8.8218,1.2156
8.8223,1.2156
8.8229,1.2106
8.8234,1.2106
8.8240,1.2106
8.8245,1.2106
8.8251,1.2156
8.8256,1.2106
8.8262,1.2106
8.8267,1.2156
8.8273,1.2156
8.8278,1.2156
8.8284,1.2156
8.8289,1.2106
8.8295,1.2106
8.8300,1.2106
8.8306,1.2156
8.8311,1.2156
8.8317,1.2106
8.8322,1.2156
8.8328,1.2156
8.8333,1.2156
8.8339,1.2106
8.8345,1.2156
8.8350,1.2156
8.8355,1.2106
8.8361,1.2156
8.8366,1.2055
8.8372,1.2156
8.8377,1.2106
8.8383,1.2106
8.8388,1.2156
8.8394,1.2156
8.8399,1.2156
8.8405,1.2106
8.8410,1.2156
8.8416,1.2055
8.8421,1.2106
8.8427,1.2156
8.8432,1.2106
8.8438,1.2156
8.8443,1.2156
8.8449,1.2156
8.8454,1.2106
8.8460,1.2106
8.8465,1.2156
8.8471,1.2106
8.8476,1.2156
8.8482,1.2106
8.8487,1.2156
8.8493,1.2156
8.8498,1.2106
8.8504,1.2156
8.8509,1.2106
8.8515,1.2156
8.8520,1.2106
8.8526,1.2156
8.8531,1.2106
8.8537,1.2156
8.8542,1.2106
8.8548,1.2106
8.8553,1.2156
8.8559,1.2156
8.8564,1.2156
8.8570,1.2106
8.8575,1.2106
8.8581,1.2106
8.8586,1.2106
8.8592,1.2106
8.8597,1.2106
8.8603,1.2106
8.8608,1.2156
8.8614,1.2156
8.8619,1.2106
8.8625,1.2106
8.8630,1.2156
8.8636,1.2055
8.8641,1.2106
8.8647,1.2156
8.8652,1.2106
8.8658,1.2106
8.8663,1.2106
8.8669,1.2156
8.8674,1.2106
8.8680,1.2156
8.8686,1.2156
8.8691,1.2106
8.8697,1.2106
8.8702,1.2156
8.8708,1.2106
8.8713,1.2106
8.8719,1.2156
8.8724,1.2156
8.8730,1.2156
8.8735,1.2106
8.8741,1.2106
8.8746,1.2106
8.8752,1.2156
8.8757,1.2156
8.8763,1.2106
8.8768,1.2106
8.8774,1.2106
8.8779,1.2106
8.8785,1.2106
8.8790,1.2156
8.8796,1.2106
8.8801,1.2106
8.8807,1.2156
8.8812,1.2156
8.8818,1.2106
8.8823,1.2106
8.8829,1.2106
8.8834,1.2156
8.8840,1.2106
8.8845,1.2055
8.8851,1.2106
8.8856,1.2156
8.8862,1.2156
8.8867,1.2156
8.8873,1.2156
8.8878,1.2106
8.8884,1.2106
8.8889,1.2106
8.8895,1.2106
8.8900,1.2055
8.8906,1.2106
8.8911,1.2106
8.8917,1.2106
8.8922,1.2106
8.8928,1.2106
8.8933,1.2156
8.8939,1.2106
8.8944,1.2106
8.8950,1.2106
8.8955,1.2106
8.8961,1.2055
8.8966,1.2106
8.8972,1.2055
8.8977,1.2106
8.8983,1.2156
8.8988,1.2106
8.8994,1.2106
8.8999,1.2106
8.9005,1.2106
8.9010,1.2106
8.9016,1.2106
8.9021,1.2156
8.9027,1.2156
8.9032,1.2106
8.9038,1.2106
8.9043,1.2106
8.9049,1.2106
8.9054,1.2106
8.9060,1.2106
8.9065,1.2106
8.9071,1.2156
8.9076,1.2055
8.9082,1.2106
8.9087,1.2106
8.9093,1.2106
8.9098,1.2055
8.9104,1.2055
8.9109,1.2106
8.9115,1.2106
8.9120,1.2055
8.9126,1.2106
8.9131,1.2156
8.9137,1.2106
8.9142,1.2106
8.9148,1.2106
8.9153,1.2106
8.9159,1.2156
8.9164,1.2156
8.9170,1.2106
8.9175,1.2106
8.9181,1.2055
8.9186,1.2156
8.9192,1.2106
8.9197,1.2106
8.9203,1.2055
8.9208,1.2106
8.9214,1.2106
8.9219,1.2106
8.9225,1.2156
8.9230,1.2106
8.9236,1.2156
8.9241,1.2055
8.9247,1.2106
8.9252,1.2156
8.9258,1.2055
8.9263,1.2106
8.9269,1.2106
8.9274,1.2106
8.9280,1.2156
8.9285,1.2106
8.9291,1.2156
8.9296,1.2106
8.9302,1.2106
8.9307,1.2106
8.9313,1.2106
8.9318,1.2106
8.9324,1.2106
8.9329,1.2106
8.9335,1.2106
8.9340,1.2106
8.9346,1.2106
8.9351,1.2106
8.9357,1.2106
8.9362,1.2106
8.9368,1.2055
8.9373,1.2106
8.9379,1.2055
8.9384,1.2106
8.9389,1.2055
8.9395,1.2156
8.9400,1.2055
8.9406,1.2055
8.9411,1.2106
8.9417,1.2106
8.9422,1.2106
8.9428,1.2156
8.9433,1.2156
8.9439,1.2106
8.9444,1.2106
8.9450,1.2156
8.9455,1.2106
8.9461,1.2156
8.9466,1.2106
8.9472,1.2106
8.9477,1.2106
8.9483,1.2106
8.9488,1.2106
8.9494,1.2106
8.9499,1.2106
8.9505,1.2106
8.9510,1.2106
8.9516,1.2106
8.9521,1.2106
8.9527,1.2156
8.9532,1.2055
8.9538,1.2106
8.9543,1.2156
8.9549,1.2106
8.9554,1.2106
8.9560,1.2106
8.9565,1.2106
8.9571,1.2106
8.9576,1.2106
8.9582,1.2106
8.9587,1.2106
8.9593,1.2055
8.9598,1.2055
8.9604,1.2055
8.9609,1.2106
8.9615,1.2055
8.9620,1.2055
8.9626,1.2106
8.9631,1.2106
8.9637,1.2106
8.9642,1.2156
8.9648,1.2055
8.9653,1.2106
8.9659,1.2106
8.9664,1.2106
8.9670,1.2106
8.9675,1.2106
8.9681,1.2106
8.9686,1.2055
8.9692,1.2106
8.9698,1.2055
8.9703,1.2106
8.9709,1.2106
8.9714,1.2106
8.9720,1.2106
8.9725,1.2106
8.9731,1.2106
8.9736,1.2055
8.9742,1.2055
8.9747,1.2106
8.9753,1.2106
8.9758,1.2106
8.9764,1.2106
8.9769,1.2106
8.9775,1.2106
8.9780,1.2106
8.9786,1.2106
8.9791,1.2055
8.9797,1.2106
8.9802,1.2055
8.9808,1.2106
8.9813,1.2106
8.9819,1.2156
8.9824,1.2106
8.9830,1.2106
8.9835,1.2106
8.9841,1.2055
8.9846,1.2106
8.9851,1.2106
8.9857,1.2106
8.9862,1.2106
8.9868,1.2106
8.9873,1.2106
8.9879,1.2106
8.9884,1.2106
8.9890,1.2106
8.9895,1.2055
8.9901,1.2055
8.9906,1.2005
8.9912,1.2055
8.9917,1.2055
8.9922,1.2106
8.9928,1.2106
8.9933,1.2106
8.9939,1.2106
8.9944,1.2106
8.9950,1.2106
8.9955,1.2055
8.9961,1.2106
8.9966,1.2055
8.9972,1.2106
8.9977,1.2055
8.9983,1.2106
8.9988,1.2106
8.9994,1.2055
8.9999,1.2055
9.0005,1.2055
9.0010,1.2106
9.0016,1.2055
9.0021,1.2106
9.0027,1.2106
9.0032,1.2055
9.0038,1.2106
9.0043,1.2106
9.0049,1.2106
9.0054,1.2106
9.0060,1.2055
9.0065,1.2055
9.0071,1.2055
9.0076,1.2106
9.0082,1.2106
9.0087,1.2106
9.0093,1.2055
9.0098,1.2055
9.0104,1.2055
9.0109,1.2106
9.0115,1.2055
9.0120,1.2055
9.0126,1.2055
9.0131,1.2106
9.0137,1.2106
9.0142,1.2106
9.0148,1.2106
9.0153,1.2106
9.0159,1.2005
9.0164,1.2106
9.0170,1.2055
9.0175,1.2055
9.0181,1.2055
9.0186,1.2055
9.0192,1.2106
9.0197,1.2055
9.0203,1.2106
9.0208,1.2106
9.0214,1.2106
9.0219,1.2106
9.0225,1.2055
9.0230,1.2055
9.0236,1.2106
9.0241,1.2055
9.0247,1.2055
9.0252,1.2106
9.0258,1.2106
9.0263,1.2106
9.0269,1.2055
9.0274,1.2055
9.0280,1.2055
9.0285,1.2055
9.0291,1.2106
9.0296,1.2055
9.0302,1.2106
9.0307,1.2055
9.0313,1.2055
9.0318,1.2106
9.0324,1.2055
9.0329,1.2106
9.0335,1.2055
9.0340,1.2055
9.0346,1.2106
9.0351,1.2055
9.0357,1.2106
9.0362,1.2055
9.0368,1.2106
9.0373,1.2055
9.0379,1.2106
9.0384,1.2055
9.0390,1.2055
9.0395,1.2005
9.0401,1.2106
9.0406,1.2106
9.0412,1.2106
9.0417,1.2106
9.0423,1.2055
9.0428,1.2106
9.0434,1.2106
9.0440,1.2055
9.0445,1.2055
9.0451,1.2106
9.0456,1.2106
9.0462,1.2055
9.0467,1.2106
9.0473,1.2055
9.0478,1.2055
9.0484,1.2106
9.0489,1.2106
9.0495,1.2055
9.0500,1.2106
9.0506,1.2106
9.0511,1.2106
9.0517,1.2055
9.0522,1.2055
9.0528,1.2055
9.0533,1.2055
9.0539,1.2106
9.0544,1.2055
9.0550,1.2106
9.0555,1.2055
9.0561,1.2005
9.0566,1.2055
9.0572,1.2055
9.0577,1.2055
9.0583,1.2106
9.0588,1.2055
9.0594,1.2106
9.0599,1.2055
9.0605,1.2055
9.0610,1.2055
9.0616,1.2055
9.0621,1.2055
9.0627,1.2055
9.0632,1.2055
9.0638,1.2055
9.0643,1.2106
9.0649,1.2106
9.0654,1.2055
9.0660,1.2055
9.0665,1.2106
9.0671,1.2055
9.0676,1.2055
9.0682,1.2055
9.0687,1.2055
9.0693,1.2106
9.0698,1.2055
9.0704,1.2055
9.0709,1.2005
9.0715,1.2055
9.0720,1.2106
9.0726,1.2055
9.0731,1.2055
9.0737,1.2106
9.0742,1.2106
9.0748,1.2055
9.0753,1.2055
9.0759,1.2055
9.0764,1.2005
9.0770,1.2055
9.0775,1.2055
9.0781,1.2055
9.0786,1.2055
9.0792,1.2106
9.0797,1.2106
9.0803,1.2106
9.0808,1.2055
9.0814,1.2106
9.0819,1.2055
9.0825,1.2106
9.0830,1.2055
9.0836,1.2055
9.0841,1.2055
9.0847,1.2106
9.0852,1.2055
9.0858,1.2005
9.0863,1.2055
9.0869,1.2106
9.0874,1.2005
9.0880,1.2055
9.0885,1.2106
9.0891,1.2005
9.0896,1.2055
9.0902,1.2055
9.0907,1.2106
9.0913,1.2055
9.0918,1.2106
9.0924,1.2055
9.0929,1.2055
9.0935,1.2055
9.0940,1.2055
9.0946,1.2055
9.0951,1.2055
9.0957,1.2055
9.0962,1.2055
9.0968,1.2055
9.0973,1.2106
9.0979,1.2106
9.0984,1.2055
9.0990,1.2055
9.0995,1.2055
9.1001,1.2055
9.1006,1.2055
9.1012,1.2055
9.1017,1.2055
9.1023,1.2106
9.1028,1.2055
9.1034,1.2055
9.1040,1.2055
9.1045,1.2055
9.1051,1.2055
9.1056,1.2106
9.1062,1.2106
9.1067,1.2106
9.1073,1.2055
9.1078,1.2055
9.1084,1.2055
9.1089,1.2055
9.1095,1.2106
9.1100,1.2055
9.1106,1.2005
9.1111,1.2055
9.1117,1.2055
9.1122,1.2055
9.1128,1.2055
9.1133,1.2055
9.1139,1.2106
9.1144,1.2055
9.1150,1.2055
9.1155,1.2106
9.1161,1.2055
9.1166,1.2005
9.1172,1.2055
9.1177,1.2106
9.1183,1.2055
9.1188,1.2055
9.1194,1.2055
9.1199,1.2055
9.1205,1.2055
9.1210,1.2055
9.1216,1.2055
9.1221,1.2055
9.1227,1.2055
9.1232,1.2055
9.1238,1.2055
9.1243,1.2055
9.1249,1.2106
9.1254,1.2055
9.1260,1.2106
9.1265,1.2106
9.1271,1.2106
9.1276,1.2106
9.1282,1.2055
9.1287,1.2055
9.1293,1.2106
9.1298,1.2055
9.1304,1.2055
9.1309,1.2055
9.1315,1.2106
9.1320,1.2055
9.1326,1.2055
9.1331,1.2055
9.1337,1.2106
9.1342,1.2055
9.1348,1.2106
9.1353,1.2055
9.1359,1.2055
9.1364,1.2055
9.1370,1.2106
9.1375,1.2106
9.1380,1.2106
9.1386,1.2106
9.1391,1.2106
9.1397,1.2106
9.1402,1.2106
9.1408,1.2106
9.1413,1.2055
9.1419,1.2106
9.1424,1.2055
9.1430,1.2106
9.1435,1.2106
9.1441,1.2106
9.1446,1.2106
9.1452,1.2106
9.1457,1.2106
9.1463,1.2106
9.1468,1.2106
9.1474,1.2106
9.1479,1.2106
9.1485,1.2055
9.1490,1.2106
9.1496,1.2156
9.1501,1.2106
9.1507,1.2106
9.1512,1.2106
9.1518,1.2106
9.1523,1.2055
9.1529,1.2106
9.1534,1.2055
9.1540,1.2106
9.1545,1.2106
9.1551,1.2106
9.1556,1.2106
9.1562,1.2156
9.1567,1.2106
9.1573,1.2106
9.1578,1.2106
9.1584,1.2106
9.1589,1.2156
9.1595,1.2206
9.1600,1.2106
9.1606,1.2156
9.1611,1.2156
9.1617,1.2106
9.1622,1.2156
9.1628,1.2106
9.1633,1.2156
9.1639,1.2156
9.1644,1.2106
9.1650,1.2156
9.1655,1.2156
9.1661,1.2106
9.1666,1.2156
9.1672,1.2106
9.1677,1.2106
9.1683,1.2106
9.1688,1.2156
9.1694,1.2156
9.1699,1.2156
9.1705,1.2156
9.1710,1.2156
9.1716,1.2106
9.1721,1.2156
9.1727,1.2156
9.1732,1.2106
9.1738,1.2156
9.1743,1.2156
9.1749,1.2206
9.1754,1.2106
9.1760,1.2156
9.1765,1.2156
9.1771,1.2206
9.1776,1.2156
9.1782,1.2156
9.1788,1.2206
9.1793,1.2206
9.1799,1.2156
9.1804,1.2156
9.1810,1.2206
9.1815,1.2156
9.1821,1.2206
9.1826,1.2156
9.1832,1.2206
9.1837,1.2206
9.1843,1.2206
9.1848,1.2206
9.1854,1.2156
9.1859,1.2206
9.1865,1.2156
9.1870,1.2257
9.1876,1.2156
9.1881,1.2206
9.1887,1.2206
9.1892,1.2206
9.1898,1.2206
9.1903,1.2206
9.1909,1.2206
9.1914,1.2206
9.1920,1.2206
9.1925,1.2206
9.1931,1.2206
9.1936,1.2206
9.1942,1.2206
9.1947,1.2156
9.1953,1.2257
9.1958,1.2156
9.1964,1.2206
9.1969,1.2156
9.1975,1.2156
9.1980,1.2206
9.1986,1.2206
9.1991,1.2257
9.1997,1.2206
9.2002,1.2206
9.2008,1.2206
9.2013,1.2257
9.2019,1.2257
9.2024,1.2206
9.2030,1.2257
9.2035,1.2156
9.2041,1.2206
9.2046,1.2257
9.2052,1.2206
9.2057,1.2206
9.2063,1.2257
9.2068,1.2257
9.2074,1.2206
9.2079,1.2257
9.2085,1.2206
9.2090,1.2206
9.2096,1.2206
9.2101,1.2257
9.2106,1.2257
9.2112,1.2206
9.2117,1.2156
9.2123,1.2206
9.2128,1.2257
9.2134,1.2257
9.2140,1.2206
9.2145,1.2257
9.2151,1.2206
9.2156,1.2257
9.2162,1.2206
9.2167,1.2206
9.2173,1.2257
9.2178,1.2257
9.2184,1.2206
9.2189,1.2257
9.2195,1.2257
9.2200,1.2257
9.2206,1.2257
9.2211,1.2257
9.2217,1.2257
9.2222,1.2257
9.2228,1.2257
9.2233,1.2206
9.2239,1.2257
9.2244,1.2257
9.2250,1.2257
9.2255,1.2257
9.2261,1.2257
9.2266,1.2257
9.2272,1.2257
9.2277,1.2206
9.2283,1.2257
9.2288,1.2257
9.2294,1.2257
9.2299,1.2257
9.2305,1.2307
9.2310,1.2257
9.2316,1.2257
9.2321,1.2206
9.2327,1.2307
9.2332,1.2257
9.2338,1.2206
9.2343,1.2257
9.2349,1.2257
9.2354,1.2307
9.2360,1.2257
9.2365,1.2307
9.2371,1.2257
9.2376,1.2257
9.2382,1.2206
9.2387,1.2206
9.2393,1.2257
9.2398,1.2257
9.2404,1.2257
9.2409,1.2307
9.2415,1.2257
9.2420,1.2257
9.2426,1.2257
9.2431,1.2257
9.2437,1.2257
9.2442,1.2257
9.2448,1.2257
9.2453,1.2257
9.2459,1.2257
9.2464,1.2257
9.2470,1.2257
9.2475,1.2257
9.2481,1.2257
9.2486,1.2358
9.2492,1.2257
9.2497,1.2257
9.2503,1.2257
9.2508,1.2257
9.2514,1.2257
9.2519,1.2307
9.2525,1.2257
9.2530,1.2307
9.2536,1.2307
9.2541,1.2307
9.2547,1.2257
9.2552,1.2307
9.2558,1.2257
9.2563,1.2307
9.2569,1.2257
9.2574,1.2257
9.2580,1.2257
9.2585,1.2257
9.2591,1.2257
9.2596,1.2307
9.2602,1.2257
9.2607,1.2257
9.2613,1.2307
9.2618,1.2307
9.2624,1.2257
9.2629,1.2307
9.2635,1.2307
9.2640,1.2257
9.2646,1.2257
9.2651,1.2307
9.2657,1.2307
9.2662,1.2257
9.2668,1.2257
9.2673,1.2257
9.2679,1.2307
9.2684,1.2307
9.2690,1.2307
9.2695,1.2257
9.2701,1.2307
9.2706,1.2257
9.2712,1.2358
9.2718,1.2307
9.2723,1.2358
9.2729,1.2257
9.2734,1.2206
9.2740,1.2307
9.2745,1.2307
9.2751,1.2257
9.2756,1.2307
9.2762,1.2307
9.2767,1.2307
9.2773,1.2307
9.2778,1.2307
9.2784,1.2307
9.2789,1.2307
9.2795,1.2307
9.2800,1.2257
9.2806,1.2307
9.2811,1.2307
9.2817,1.2307
9.2822,1.2307
9.2828,1.2257
9.2833,1.2257
9.2839,1.2307
9.2844,1.2257
9.2850,1.2257
9.2855,1.2257
9.2861,1.2257
9.2866,1.2257
9.2872,1.2307
9.2877,1.2307
9.2883,1.2307
9.2888,1.2307
9.2894,1.2257
9.2899,1.2307
9.2905,1.2307
9.2910,1.2257
9.2916,1.2307
9.2921,1.2307
9.2927,1.2307
9.2932,1.2307
9.2938,1.2307
9.2943,1.2257
9.2949,1.2307
9.2954,1.2307
9.2960,1.2307
9.2965,1.2307
9.2971,1.2307
9.2976,1.2257
9.2982,1.2307
9.2987,1.2307
9.2993,1.2257
9.2998,1.2257
9.3004,1.2307
9.3009,1.2257
9.3015,1.2307
9.3020,1.2358
9.3026,1.2307
9.3031,1.2307
9.3037,1.2257
9.3042,1.2307
9.3048,1.2307
9.3053,1.2307
9.3059,1.2307
9.3064,1.2307
9.3070,1.2257
9.3075,1.2307
9.3081,1.2307
9.3086,1.2307
9.3092,1.2307
9.3097,1.2307
9.3103,1.2257
9.3108,1.2307
9.3114,1.2307
9.3119,1.2307
9.3125,1.2307
9.3130,1.2257
9.3136,1.2307
9.3141,1.2307
9.3147,1.2307
9.3152,1.2307
9.3158,1.2307
9.3163,1.2307
9.3169,1.2307
9.3174,1.2307
9.3180,1.2307
9.3185,1.2257
9.3191,1.2307
9.3196,1.2307
9.3202,1.2307
9.3207,1.2358
9.3213,1.2307
9.3218,1.2358
9.3224,1.2307
9.3229,1.2358
9.3235,1.2307
9.3240,1.2307
9.3246,1.2307
9.3251,1.2257
9.3257,1.2307
9.3262,1.2307
9.3268,1.2358
9.3273,1.2307
9.3279,1.2358
9.3284,1.2257
9.3290,1.2257
9.3295,1.2307
9.3301,1.2307
9.3306,1.2307
9.3312,1.2307
9.3317,1.2307
9.3323,1.2307
9.3329,1.2307
9.3334,1.2307
9.3340,1.2257
9.3345,1.2307
9.3351,1.2257
9.3356,1.2257
9.3362,1.2307
9.3367,1.2358
9.3372,1.2307
9.3378,1.2307
9.3383,1.2257
9.3389,1.2257
9.3394,1.2307
9.3400,1.2307
9.3405,1.2307
9.3411,1.2257
9.3416,1.2257
9.3422,1.2257
9.3427,1.2257
9.3433,1.2257
9.3438,1.2307
9.3444,1.2257
9.3449,1.2257
9.3455,1.2307
9.3460,1.2307
9.3466,1.2307
9.3471,1.2257
9.3477,1.2307
9.3482,1.2307
9.3488,1.2307
9.3493,1.2257
9.3499,1.2307
9.3504,1.2307
9.3510,1.2257
9.3515,1.2358
9.3520,1.2257
9.3526,1.2257
9.3531,1.2307
9.3537,1.2307
9.3542,1.2307
9.3548,1.2257
9.3553,1.2307
9.3559,1.2307
9.3564,1.2307
9.3570,1.2257
9.3575,1.2257
9.3581,1.2307
9.3586,1.2257
9.3592,1.2257
9.3597,1.2307
9.3603,1.2307
9.3608,1.2257
9.3614,1.2307
9.3619,1.2307
9.3625,1.2307
9.3630,1.2257
9.3636,1.2257
9.3641,1.2257
9.3647,1.2307
9.3652,1.2307
9.3658,1.2257
9.3663,1.2257
9.3669,1.2307
9.3674,1.2257
9.3680,1.2307
9.3685,1.2307
9.3691,1.2307
9.3696,1.2307
9.3702,1.2307
9.3707,1.2307
9.3713,1.2307
9.3719,1.2307
9.3724,1.2307
9.3730,1.2307
9.3735,1.2307
9.3741,1.2307
9.3746,1.2307
9.3752,1.2257
9.3757,1.2257
9.3763,1.2257
9.3768,1.2307
9.3774,1.2257
9.3779,1.2307
9.3785,1.2307
9.3790,1.2206
9.3796,1.2257
9.3801,1.2257
9.3807,1.2257
9.3812,1.2307
9.3818,1.2307
9.3823,1.2257
9.3829,1.2257
9.3834,1.2257
9.3840,1.2307
9.3845,1.2257
9.3851,1.2307
9.3856,1.2257
9.3862,1.2307
9.3867,1.2257
9.3873,1.2307
9.3878,1.2307
9.3884,1.2257
9.3889,1.2257
9.3895,1.2307
9.3900,1.2257
9.3906,1.2257
9.3911,1.2257
9.3917,1.2206
9.3922,1.2257
9.3928,1.2307
9.3933,1.2257
9.3939,1.2206
9.3944,1.2257
9.3950,1.2307
9.3955,1.2206
9.3961,1.2307
9.3966,1.2206
9.3972,1.2206
9.3977,1.2206
9.3983,1.2257
9.3988,1.2257
9.3994,1.2257
9.3999,1.2257
9.4005,1.2307
9.4010,1.2257
9.4016,1.2257
9.4021,1.2257
9.4027,1.2257
9.4032,1.2257
9.4038,1.2257
9.4043,1.2206
9.4049,1.2257
9.4054,1.2307
9.4060,1.2206
9.4065,1.2257
9.4071,1.2307
9.4076,1.2307
9.4082,1.2257
9.4087,1.2257
9.4093,1.2307
9.4098,1.2257
9.4104,1.2307
9.4109,1.2206
9.4115,1.2257
9.4120,1.2257
9.4126,1.2257
9.4131,1.2257
9.4137,1.2307
9.4142,1.2257
9.4148,1.2257
9.4153,1.2257
9.4159,1.2257
9.4164,1.2257
9.4170,1.2206
9.4175,1.2257
9.4181,1.2307
9.4186,1.2257
9.4192,1.2257
9.4197,1.2257
9.4203,1.2257
9.4208,1.2257
9.4214,1.2257
9.4219,1.2257
9.4225,1.2257
9.4230,1.2257
9.4236,1.2206
9.4241,1.2206
9.4247,1.2257
9.4252,1.2257
9.4258,1.2257
9.4263,1.2257
9.4269,1.2257
9.4274,1.2206
9.4280,1.2257
9.4285,1.2257
9.4291,1.2257
9.4296,1.2257
9.4302,1.2257
9.4307,1.2206
9.4313,1.2257
9.4318,1.2257
9.4324,1.2257
9.4329,1.2257
9.4335,1.2257
9.4340,1.2257
9.4346,1.2257
9.4351,1.2206
9.4357,1.2206
9.4362,1.2257
9.4368,1.2257
9.4373,1.2257
9.4379,1.2257
9.4384,1.2206
9.4390,1.2257
9.4395,1.2206
9.4401,1.2257
9.4406,1.2257
9.4412,1.2257
9.4417,1.2206
9.4423,1.2257
9.4428,1.2257
9.4435,1.2257
9.4440,1.2257
9.4446,1.2257
9.4451,1.2257
9.4457,1.2206
9.4462,1.2206
9.4468,1.2257
9.4473,1.2257
9.4479,1.2206
9.4484,1.2206
9.4490,1.2206
9.4495,1.2257
9.4501,1.2257
9.4506,1.2257
9.4512,1.2206
9.4517,1.2257
9.4523,1.2257
9.4528,1.2257
9.4534,1.2206
9.4539,1.2257
9.4545,1.2206
9.4550,1.2206
9.4556,1.2257
9.4561,1.2257
9.4567,1.2206
9.4572,1.2206
9.4578,1.2257
9.4583,1.2206
9.4589,1.2257
9.4594,1.2206
9.4600,1.2257
9.4605,1.2257
9.4611,1.2257
9.4616,1.2257
9.4622,1.2257
9.4627,1.2257
9.4633,1.2257
9.4638,1.2257
9.4644,1.2206
9.4649,1.2257
9.4657,1.2206
9.4663,1.2206
9.4668,1.2206
9.4674,1.2257
9.4679,1.2206
9.4685,1.2257
9.4690,1.2206
9.4696,1.2257
9.4701,1.2257
9.4707,1.2257
9.4712,1.2206
9.4718,1.2257
9.4723,1.2257
9.4729,1.2257
9.4734,1.2206
9.4740,1.2206
9.4746,1.2257
9.4751,1.2257
9.4757,1.2257
9.4762,1.2257
9.4767,1.2257
9.4773,1.2257
9.4778,1.2257
9.4784,1.2206
9.4789,1.2206
9.4795,1.2206
9.4800,1.2257
9.4806,1.2206
9.4811,1.2257
9.4817,1.2257
9.4822,1.2206
9.4828,1.2257
9.4833,1.2206
9.4839,1.2206
9.4844,1.2257
9.4850,1.2257
9.4855,1.2206
9.4861,1.2257
9.4866,1.2257
9.4872,1.2206
9.4877,1.2206
9.4883,1.2257
9.4888,1.2257
9.4894,1.2257
9.4899,1.2206
9.4905,1.2206
9.4910,1.2206
9.4916,1.2257
9.4921,1.2257
9.4927,1.2257
9.4932,1.2257
9.4938,1.2206
9.4943,1.2257
9.4949,1.2206
9.4954,1.2206
9.4960,1.2206
9.4965,1.2257
9.4971,1.2257
9.4976,1.2206
9.4982,1.2206
9.4987,1.2206
9.4993,1.2206
9.4998,1.2257
9.5004,1.2206
9.5009,1.2257
9.5015,1.2257
9.5020,1.2206
9.5026,1.2206
9.5031,1.2206
9.5037,1.2257
9.5042,1.2257
9.5048,1.2206
9.5053,1.2206
9.5059,1.2206
9.5064,1.2257
9.5070,1.2257
9.5075,1.2257
9.5081,1.2206
9.5086,1.2257
9.5092,1.2206
9.5097,1.2206
9.5103,1.2206
9.5108,1.2257
9.5114,1.2206
9.5119,1.2257
9.5125,1.2257
9.5130,1.2307
9.5136,1.2206
9.5141,1.2206
9.5147,1.2206
9.5152,1.2206
9.5158,1.2257
9.5163,1.2206
9.5169,1.2257
9.5174,1.2206
9.5180,1.2257
9.5185,1.2257
9.5191,1.2257
9.5196,1.2206
9.5202,1.2257
9.5207,1.2206
9.5213,1.2257
9.5218,1.2206
9.5224,1.2206
9.5229,1.2206
9.5235,1.2206
9.5241,1.2257
9.5246,1.2257
9.5252,1.2257
9.5257,1.2206
9.5263,1.2206
9.5268,1.2257
9.5274,1.2206
9.5279,1.2257
9.5285,1.2206
9.5290,1.2206
9.5296,1.2206
9.5301,1.2206
9.5307,1.2206
9.5312,1.2257
9.5318,1.2206
9.5323,1.2206
9.5329,1.2206
9.5334,1.2206
9.5340,1.2206
9.5345,1.2257
9.5351,1.2206
9.5356,1.2257
9.5362,1.2206
9.5367,1.2206
9.5373,1.2206
9.5378,1.2206
9.5384,1.2156
9.5389,1.2257
9.5394,1.2206
9.5400,1.2206
9.5405,1.2206
9.5411,1.2206
9.5417,1.2257
9.5422,1.2206
9.5428,1.2257
9.5433,1.2206
9.5439,1.2206
9.5444,1.2206
9.5450,1.2206
9.5455,1.2206
9.5460,1.2206
9.5466,1.2206
9.5471,1.2257
9.5477,1.2156
9.5482,1.2206
9.5488,1.2156
9.5493,1.2206
9.5499,1.2206
9.5504,1.2206
9.5510,1.2206
9.5515,1.2206
9.5521,1.2206
9.5526,1.2257
9.5532,1.2206
9.5537,1.2206
9.5543,1.2257
9.5548,1.2206
9.5554,1.2206
9.5559,1.2206
9.5565,1.2206
9.5570,1.2156
9.5576,1.2206
9.5581,1.2156
9.5587,1.2206
9.5592,1.2206
9.5598,1.2206
9.5603,1.2206
9.5609,1.2206
9.5614,1.2206
9.5620,1.2156
9.5625,1.2206
9.5631,1.2156
9.5636,1.2206
9.5642,1.2206
9.5647,1.2156
9.5653,1.2206
9.5658,1.2206
9.5664,1.2257
9.5669,1.2206
9.5675,1.2206
9.5680,1.2206
9.5686,1.2206
9.5691,1.2206
9.5697,1.2156
9.5702,1.2206
9.5708,1.2206
9.5713,1.2257
9.5719,1.2206
9.5724,1.2206
9.5730,1.2206
9.5736,1.2206
9.5741,1.2206
9.5747,1.2206
9.5752,1.2206
9.5758,1.2156
9.5763,1.2206
9.5769,1.2206
9.5774,1.2156
9.5780,1.2156
9.5785,1.2206
9.5791,1.2206
9.5796,1.2206
9.5801,1.2206
9.5807,1.2206
9.5812,1.2156
9.5818,1.2206
9.5823,1.2206
9.5829,1.2206
9.5834,1.2206
9.5840,1.2156
9.5845,1.2206
9.5851,1.2106
9.5856,1.2206
9.5862,1.2206
9.5867,1.2156
9.5873,1.2206
9.5878,1.2206
9.5884,1.2206
9.5889,1.2156
9.5895,1.2206
9.5900,1.2206
9.5906,1.2206
9.5911,1.2206
9.5917,1.2206
9.5922,1.2206
9.5928,1.2156
9.5933,1.2257
9.5939,1.2156
9.5944,1.2156
9.5950,1.2156
9.5955,1.2206
9.5961,1.2206
9.5966,1.2156
9.5972,1.2156
9.5978,1.2206
9.5983,1.2206
9.5989,1.2206
9.5994,1.2156
9.6000,1.2206
9.6005,1.2156
9.6011,1.2206
9.6016,1.2206
9.6022,1.2156
9.6027,1.2156
9.6033,1.2206
9.6038,1.2206
9.6044,1.2156
9.6049,1.2156
9.6055,1.2156
9.6060,1.2106
9.6066,1.2206
9.6071,1.2156
9.6077,1.2156
9.6082,1.2156
9.6088,1.2156
9.6093,1.2206
9.6099,1.2156
9.6104,1.2156
9.6110,1.2206
9.6115,1.2156
9.6121,1.2156
9.6126,1.2156
9.6132,1.2206
9.6137,1.2206
9.6143,1.2156
9.6148,1.2156
9.6154,1.2206
9.6159,1.2206
9.6165,1.2206
9.6170,1.2156
9.6176,1.2156
9.6181,1.2156
9.6187,1.2156
9.6192,1.2206
9.6197,1.2206
9.6203,1.2156
9.6208,1.2156
9.6214,1.2156
9.6219,1.2156
9.6225,1.2106
9.6230,1.2156
9.6236,1.2206
9.6241,1.2156
9.6247,1.2156
9.6252,1.2156
9.6258,1.2156
9.6263,1.2156
9.6269,1.2156
9.6275,1.2156
9.6280,1.2156
9.6285,1.2156
9.6291,1.2156
9.6296,1.2156
9.6302,1.2106
9.6307,1.2156
9.6313,1.2206
9.6318,1.2156
9.6324,1.2156
9.6329,1.2156
9.6335,1.2156
9.6340,1.2156
9.6346,1.2156
9.6351,1.2156
9.6357,1.2106
9.6362,1.2156
9.6368,1.2156
9.6373,1.2156
9.6379,1.2156
9.6384,1.2156
9.6390,1.2206
9.6395,1.2106
9.6401,1.2206
9.6406,1.2106
9.6412,1.2156
9.6417,1.2106
9.6423,1.2156
9.6428,1.2106
9.6434,1.2156
9.6440,1.2106
9.6445,1.2156
9.6451,1.2156
9.6456,1.2156
9.6462,1.2156
9.6467,1.2156
9.6473,1.2156
9.6478,1.2156
9.6484,1.2055
9.6489,1.2156
9.6495,1.2106
9.6500,1.2156
9.6506,1.2106
9.6511,1.2156
9.6517,1.2156
9.6522,1.2156
9.6528,1.2156
9.6533,1.2106
9.6539,1.2156
9.6544,1.2106
9.6550,1.2156
9.6555,1.2156
9.6561,1.2156
9.6566,1.2156
9.6572,1.2206
9.6577,1.2156
9.6583,1.2156
9.6588,1.2156
9.6594,1.2106
9.6599,1.2156
9.6605,1.2106
9.6610,1.2156
9.6616,1.2106
9.6621,1.2156
9.6627,1.2106
9.6632,1.2156
9.6638,1.2106
9.6643,1.2106
9.6649,1.2106
9.6654,1.2106
9.6660,1.2106
9.6665,1.2156
9.6671,1.2156
9.6676,1.2156
9.6682,1.2106
9.6687,1.2106
9.6693,1.2156
9.6698,1.2106
9.6704,1.2156
9.6709,1.2156
9.6715,1.2156
9.6720,1.2106
9.6726,1.2156
9.6731,1.2156
9.6737,1.2106
9.6743,1.2156
9.6748,1.2106
9.6754,1.2156
9.6759,1.2156
9.6765,1.2106
9.6770,1.2106
9.6776,1.2156
9.6781,1.2156
9.6787,1.2055
9.6792,1.2106
9.6798,1.2156
9.6803,1.2106
9.6809,1.2156
9.6814,1.2106
9.6820,1.2106
9.6825,1.2106
9.6831,1.2106
9.6836,1.2156
9.6842,1.2106
9.6847,1.2055
9.6853,1.2106
9.6858,1.2106
9.6864,1.2106
9.6869,1.2156
9.6875,1.2106
9.6880,1.2106
9.6886,1.2106
9.6891,1.2106
9.6897,1.2106
9.6902,1.2156
9.6908,1.2106
9.6913,1.2106
9.6924,1.2055
9.6931,1.2106
9.6936,1.2106
9.6942,1.2156
9.6947,1.2106
9.6953,1.2156
9.6958,1.2106
9.6964,1.2106
9.6969,1.2106
9.6974,1.2106
9.6980,1.2106
9.6985,1.2106
9.6991,1.2106
9.6996,1.2106
9.7002,1.2106
9.7007,1.2106
9.7012,1.2106
9.7018,1.2106
9.7023,1.2106
9.7029,1.2156
9.7034,1.2106
9.7040,1.2055
9.7045,1.2106
9.7051,1.2106
9.7056,1.2106
9.7062,1.2106
9.7067,1.2106
9.7072,1.2106
9.7078,1.2106
9.7083,1.2106
9.7089,1.2106
9.7094,1.2106
9.7100,1.2106
9.7105,1.2055
9.7110,1.2055
9.7116,1.2106
9.7121,1.2106
9.7127,1.2106
9.7132,1.2106
9.7138,1.2106
9.7143,1.2055
9.7148,1.2106
9.7154,1.2106
9.7159,1.2106
9.7165,1.2106
9.7170,1.2106
9.7176,1.2106
9.7181,1.2106
9.7187,1.2106
9.7193,1.2106
9.7198,1.2106
9.7203,1.2055
9.7209,1.2106
9.7214,1.2106
9.7220,1.2106
9.7225,1.2106
9.7231,1.2106
9.7236,1.2106
9.7242,1.2106
9.7247,1.2106
9.7252,1.2055
9.7258,1.2055
9.7263,1.2055
9.7269,1.2055
9.7274,1.2106
9.7280,1.2106
9.7285,1.2106
9.7290,1.2106
9.7296,1.2106
9.7301,1.2106
9.7307,1.2106
9.7312,1.2055
9.7317,1.2106
9.7323,1.2106
9.7328,1.2106
9.7334,1.2055
9.7340,1.2055
9.7345,1.2106
9.7350,1.2055
9.7356,1.2106
9.7361,1.2055
9.7367,1.2106
9.7372,1.2055
9.7378,1.2156
9.7383,1.2055
9.7389,1.2055
9.7394,1.2055
9.7400,1.2106
9.7405,1.2055
9.7410,1.2005
9.7416,1.2106
9.7421,1.2106
9.7427,1.2055
9.7432,1.2106
9.7438,1.2055
9.7443,1.2106
9.7448,1.2156
9.7454,1.2055
9.7459,1.2055
9.7465,1.2106
9.7470,1.2106
9.7475,1.2106
9.7481,1.2055
9.7486,1.2106
9.7492,1.2005
9.7497,1.2055
9.7503,1.2106
9.7508,1.2055
9.7513,1.2106
9.7519,1.2005
9.7524,1.2106
9.7530,1.2106
9.7535,1.2106
9.7541,1.2055
9.7546,1.2055
9.7552,1.2106
9.7557,1.2055
9.7563,1.2106
9.7568,1.2055
9.7573,1.2055
9.7579,1.2106
9.7584,1.2106
9.7590,1.2055
9.7595,1.2055
9.7601,1.2106
9.7606,1.2055
9.7612,1.2055
9.7617,1.2106
9.7623,1.2055
9.7628,1.2055
9.7634,1.2055
9.7639,1.2055
9.7645,1.2055
9.7650,1.2055
9.7655,1.2055
9.7661,1.2055
9.7666,1.2055
9.7672,1.2055
9.7677,1.2055
9.7683,1.2005
9.7688,1.2055
9.7694,1.2055
9.7699,1.2106
9.7705,1.2055
9.7710,1.2055
9.7716,1.2055
9.7721,1.2055
9.7726,1.2106
9.7732,1.2106
9.7737,1.2055
9.7744,1.2055
9.7749,1.2055
9.7754,1.2106
9.7760,1.2055
9.7765,1.2055
9.7771,1.2055
9.7776,1.2106
9.7782,1.2055
9.7787,1.2106
9.7793,1.2106
9.7798,1.2055
9.7804,1.2055
9.7809,1.2055
9.7815,1.2106
9.7820,1.2055
9.7826,1.2055
9.7831,1.2106
9.7836,1.2005
9.7842,1.2055
9.7847,1.2055
9.7853,1.2055
9.7858,1.2055
9.7864,1.2106
9.7869,1.2055
9.7875,1.2106
9.7880,1.2005
9.7886,1.2055
9.7891,1.2055
9.7897,1.2106
9.7902,1.2106
9.7908,1.2055
9.7913,1.2055
9.7919,1.2005
9.7924,1.2055
9.7929,1.2055
9.7935,1.2055
9.7941,1.2055
9.7947,1.2005
9.7952,1.2106
9.7957,1.2005
9.7963,1.2055
9.7968,1.2055
9.7974,1.2055
9.7979,1.2055
9.7985,1.2055
9.7990,1.2055
9.7996,1.2055
9.8001,1.2005
9.8007,1.2055
9.8012,1.2005
9.8018,1.2055
9.8023,1.2005
9.8029,1.2055
9.8034,1.2106
9.8040,1.2005
9.8045,1.2055
9.8051,1.2055
9.8056,1.2055
9.8062,1.2055
9.8067,1.2055
9.8073,1.2106
9.8078,1.2055
9.8084,1.2055
9.8089,1.2106
9.8095,1.2055
9.8100,1.2055
9.8106,1.2005
9.8111,1.2005
9.8116,1.2005
9.8122,1.2055
9.8127,1.2055
9.8133,1.2005
9.8138,1.2055
9.8144,1.2055
9.8149,1.2055
9.8155,1.2055
9.8160,1.2005
9.8166,1.2055
9.8171,1.2106
9.8177,1.2055
9.8182,1.2055
9.8188,1.2055
9.8193,1.2005
9.8198,1.2106
9.8204,1.2005
9.8209,1.2055
9.8215,1.2005
9.8220,1.2055
9.8226,1.2055
9.8231,1.2055
9.8237,1.2055
9.8242,1.2005
9.8248,1.2005
9.8253,1.2055
9.8259,1.2005
9.8264,1.2005
9.8270,1.2055
9.8275,1.2055
9.8280,1.2005
9.8286,1.2055
9.8291,1.2005
9.8297,1.2055
9.8302,1.2055
9.8308,1.2005
9.8313,1.2106
9.8319,1.2055
9.8324,1.2055
9.8330,1.2055
9.8335,1.2055
9.8341,1.2055
9.8346,1.2005
9.8351,1.2055
9.8357,1.2055
9.8362,1.2005
9.8368,1.2055
9.8373,1.2106
9.8379,1.2055
9.8384,1.2055
9.8390,1.2055
9.8395,1.2055
9.8401,1.2055
9.8406,1.2055
9.8412,1.2055
9.8417,1.2055
9.8422,1.2055
9.8428,1.2055
9.8433,1.2055
9.8439,1.2055
9.8444,1.2055
9.8450,1.2005
9.8455,1.2005
9.8461,1.2055
9.8466,1.2055
9.8472,1.2005
9.8477,1.2055
9.8483,1.2005
9.8488,1.2055
9.8493,1.2005
9.8499,1.2055
9.8504,1.2055
9.8510,1.2005
9.8515,1.2055
9.8521,1.2005
9.8526,1.2055
9.8532,1.2005
9.8537,1.2005
9.8543,1.2005
9.8548,1.2005
9.8554,1.2055
9.8559,1.2055
9.8564,1.2055
9.8570,1.2055
9.8575,1.2005
9.8581,1.2055
9.8586,1.2005
9.8592,1.2055
9.8597,1.2055
9.8603,1.2055
9.8608,1.2005
9.8614,1.2055
9.8619,1.2005
9.8625,1.2055
9.8630,1.2005
9.8636,1.2055
9.8641,1.2055
9.8646,1.2005
9.8652,1.2055
9.8657,1.2005
9.8663,1.2055
9.8668,1.2005
9.8674,1.2005
9.8679,1.2055
9.8685,1.2055
9.8690,1.2005
9.8696,1.2055
9.8701,1.2055
9.8707,1.2055
9.8712,1.2055
9.8717,1.2005
9.8723,1.2055
9.8728,1.2005
9.8734,1.2055
9.8740,1.2055
9.8745,1.2055
9.8751,1.2005
9.8756,1.2005
9.8762,1.2005
9.8768,1.2005
9.8773,1.2055
9.8779,1.2005
9.8784,1.2005
9.8789,1.2005
9.8795,1.2055
9.8800,1.2055
9.8806,1.2005
9.8811,1.2005
9.8817,1.2005
9.8822,1.2055
9.8828,1.2055
9.8833,1.2055
9.8839,1.2055
9.8844,1.2005
9.8850,1.2055
9.8855,1.2055
9.8861,1.2005
9.8866,1.2005
9.8871,1.2055
9.8877,1.2005
9.8882,1.2055
9.8888,1.2005
9.8893,1.2005
9.8899,1.2005
9.8904,1.2055
9.8910,1.2055
9.8915,1.2055
9.8921,1.2005
9.8926,1.2055
9.8931,1.2055
9.8937,1.2055
9.8942,1.2055
9.8948,1.2055
9.8953,1.2055
9.8959,1.2005
9.8964,1.2005
9.8970,1.2055
9.8975,1.2005
9.8981,1.2055
9.8986,1.2005
9.8992,1.2005
9.8997,1.2055
9.9003,1.2005
9.9008,1.2055
9.9013,1.2005
9.9019,1.2055
9.9024,1.2005
9.9030,1.2005
9.9035,1.2055
9.9041,1.2005
9.9046,1.2055
9.9052,1.2005
9.9057,1.2055
9.9063,1.2005
9.9068,1.2005
9.9074,1.2005
9.9079,1.2005
9.9085,1.2005
9.9090,1.2055
9.9095,1.2005
9.9101,1.2055
9.9106,1.2005
9.9112,1.2005
9.9117,1.2055
9.9123,1.1954
9.9128,1.2055
9.9134,1.2005
9.9139,1.2055
9.9145,1.1954
9.9150,1.2005
9.9155,1.2005
9.9161,1.2005
9.9166,1.2055
9.9172,1.2055
9.9178,1.2005
9.9183,1.2005
9.9188,1.2055
9.9194,1.2005
9.9200,1.2005
9.9205,1.2005
9.9211,1.2005
9.9216,1.2055
9.9221,1.2055
9.9227,1.2055
9.9232,1.2005
9.9238,1.2055
9.9243,1.2005
9.9249,1.2005
9.9254,1.1954
9.9259,1.2005
9.9265,1.2055
9.9270,1.2005
9.9276,1.2005
9.9281,1.2005
9.9287,1.1954
9.9292,1.2055
9.9297,1.2005
9.9303,1.2005
9.9308,1.2055
9.9314,1.2055
9.9319,1.2005
9.9325,1.2005
9.9330,1.2005
9.9335,1.2005
9.9341,1.2055
9.9346,1.2005
9.9352,1.2005
9.9357,1.2005
9.9363,1.2005
9.9368,1.2005
9.9373,1.2005
9.9379,1.2055
9.9384,1.1954
9.9390,1.2005
9.9395,1.2055
9.9401,1.2005
9.9406,1.2005
9.9411,1.2005
9.9417,1.2055
9.9422,1.2005
9.9428,1.2005
9.9433,1.2005
9.9439,1.2005
9.9444,1.2055
9.9449,1.2005
9.9455,1.2055
9.9461,1.2005
9.9466,1.2005
9.9471,1.1954
9.9477,1.2055
9.9482,1.2005
9.9488,1.1954
9.9493,1.2005
9.9499,1.2005
9.9504,1.2005
9.9509,1.2005
9.9515,1.2005
9.9520,1.2005
9.9526,1.2005
9.9531,1.2055
9.9537,1.1954
9.9542,1.2055
9.9548,1.2005
9.9553,1.2005
9.9558,1.2005
9.9564,1.2005
9.9569,1.2005
9.9575,1.2005
9.9580,1.2005
9.9586,1.2005
9.9591,1.1954
9.9597,1.2005
9.9602,1.2005
9.9608,1.2005
9.9613,1.2055
9.9618,1.2005
9.9624,1.2005
9.9629,1.2055
9.9635,1.1954
9.9640,1.2005
9.9646,1.1954
9.9651,1.2005
9.9657,1.1954
9.9662,1.2005
9.9668,1.2005
9.9673,1.2005
9.9679,1.2005
9.9684,1.2005
9.9690,1.2005
9.9695,1.2005
9.9700,1.2005
9.9706,1.2005
9.9711,1.2005
9.9717,1.1954
9.9722,1.2005
9.9728,1.2005
9.9733,1.2005
9.9739,1.2005
9.9744,1.2055
9.9750,1.2005
9.9755,1.2005
9.9761,1.2005
9.9766,1.2005
9.9772,1.2055
9.9777,1.2005
9.9783,1.2005
9.9788,1.2005
9.9794,1.2005
9.9799,1.2005
9.9805,1.2005
9.9810,1.2055
9.9815,1.2055
9.9821,1.2055
9.9826,1.2005
9.9832,1.1954
9.9837,1.2005
9.9843,1.2005
9.9848,1.2005
9.9854,1.2005
9.9859,1.2055
9.9865,1.2005
9.9870,1.2005
9.9876,1.2005
9.9881,1.2005
9.9887,1.2005
9.9892,1.2005
9.9897,1.2005
9.9903,1.2005
9.9908,1.1954
9.9914,1.2005
9.9919,1.1954
9.9925,1.2055
9.9930,1.1954
9.9936,1.1954
9.9941,1.2005
9.9947,1.2005
9.9952,1.2005
9.9958,1.2005
9.9963,1.2005
9.9968,1.2005
9.9974,1.1954
9.9979,1.2005
9.9985,1.1954
9.9990,1.2005
9.9996,1.2005
10.0001,1.1954
10.0007,1.2005
10.0012,1.2005
10.0018,1.2005
10.0023,1.2005
10.0029,1.2005
10.0034,1.1954
10.0040,1.2005
10.0045,1.2005
10.0051,1.2055
10.0056,1.2005
10.0062,1.2055
10.0067,1.2005
10.0073,1.2005
10.0078,1.1954
10.0084,1.2005
10.0089,1.2005
10.0094,1.1954
10.0100,1.2005
10.0105,1.1954
10.0111,1.2005
10.0116,1.2005
10.0122,1.2005
10.0127,1.2005
10.0133,1.2005
10.0138,1.1954
10.0144,1.2005
10.0149,1.2005
10.0155,1.1954
10.0160,1.2005
10.0166,1.1954
10.0171,1.2005
10.0177,1.2005
10.0182,1.1954
10.0188,1.2005
10.0193,1.2005
10.0199,1.2005
10.0204,1.2005
10.0209,1.2005
10.0215,1.2005
10.0220,1.1954
10.0226,1.2005
10.0231,1.2005
10.0237,1.2005
10.0242,1.2005
10.0248,1.2005
10.0253,1.1954
10.0259,1.1954
10.0264,1.2005
10.0270,1.1954
10.0275,1.2005
10.0281,1.2005
10.0286,1.2005
10.0291,1.2005
10.0297,1.1954
10.0302,1.2005
10.0308,1.2005
10.0313,1.2005
10.0319,1.2005
10.0324,1.1954
10.0330,1.2005
10.0335,1.2005
10.0341,1.1954
10.0346,1.2005
10.0352,1.1954
10.0357,1.1954
10.0362,1.2005
10.0368,1.2005
10.0373,1.2005
10.0379,1.2005
10.0384,1.2005
10.0390,1.1954
10.0395,1.2005
10.0401,1.2005
10.0406,1.1954
10.0412,1.2005
10.0417,1.2005
10.0423,1.2005
10.0428,1.2005
10.0433,1.2005
10.0439,1.2005
10.0444,1.2055
10.0450,1.1904
10.0455,1.2005
10.0461,1.2005
10.0466,1.1954
10.0472,1.1954
10.0477,1.2005
10.0483,1.2005
10.0488,1.2005
10.0494,1.2005
10.0499,1.2005
10.0505,1.1954
10.0510,1.2005
10.0515,1.2005
10.0521,1.1954
10.0526,1.1954
10.0532,1.1954
10.0537,1.2005
10.0543,1.2005
10.0548,1.2005
10.0554,1.2005
10.0559,1.1954
10.0565,1.1954
10.0570,1.1954
10.0576,1.2005
10.0581,1.1954
10.0586,1.2005
10.0592,1.1954
10.0597,1.2005
10.0603,1.2005
10.0608,1.1954
10.0614,1.1904
10.0619,1.2005
10.0625,1.1954
10.0630,1.2005
10.0636,1.1954
10.0641,1.1954
10.0647,1.2005
10.0652,1.2005
10.0658,1.2005
10.0663,1.2005
10.0668,1.1954
10.0674,1.2005
10.0679,1.2055
10.0685,1.2005
10.0690,1.1954
10.0696,1.1954
10.0701,1.2005
10.0707,1.2005
10.0712,1.2005
10.0718,1.2055
10.0723,1.1954
10.0728,1.2005
10.0734,1.2005
10.0740,1.2005
10.0745,1.2005
10.0751,1.2005
10.0756,1.1954
10.0762,1.2005
10.0767,1.2005
10.0773,1.2005
10.0778,1.1954
10.0784,1.2005
10.0789,1.1954
10.0795,1.2005
10.0800,1.1954
10.0805,1.2005
10.0811,1.2055
10.0816,1.1954
10.0822,1.1954
10.0827,1.2005
10.0833,1.2005
10.0838,1.1954
10.0844,1.1954
10.0849,1.1954
10.0855,1.1954
10.0860,1.1954
10.0866,1.1954
10.0871,1.1954
10.0877,1.1954
10.0882,1.2005
10.0888,1.2005
10.0893,1.1954
10.0899,1.2005
10.0904,1.2005
10.0910,1.2005
10.0915,1.1954
10.0920,1.1954
10.0926,1.2005
10.0931,1.1954
10.0937,1.2005
10.0942,1.2005
10.0948,1.2005
10.0953,1.2005
10.0959,1.2005
10.0964,1.1954
10.0970,1.2005
10.0975,1.1954
10.0981,1.2005
10.0986,1.2005
10.0991,1.1954
10.0997,1.2005
10.1002,1.2005
10.1008,1.2005
10.1013,1.2005
10.1019,1.1954
10.1024,1.1954
10.1030,1.1954
10.1035,1.2005
10.1041,1.1954
10.1046,1.2005
10.1052,1.2005
10.1057,1.2005
10.1062,1.2005
10.1068,1.1954
10.1073,1.1954
10.1079,1.1954
10.1084,1.2005
10.1090,1.2005
10.1095,1.1954
10.1101,1.2005
10.1106,1.2055
10.1112,1.2005
10.1117,1.2055
10.1123,1.2005
10.1128,1.2005
10.1133,1.2005
10.1139,1.2005
10.1144,1.2005
10.1150,1.2005
10.1155,1.2005
10.1161,1.2005
10.1166,1.2005
10.1172,1.2055
10.1179,1.2005
10.1184,1.2005
10.1192,1.2005
10.1197,1.2005
10.1203,1.2005
10.1208,1.2005
10.1213,1.2005
10.1219,1.2055
10.1224,1.2005
10.1230,1.2005
10.1235,1.2005
10.1241,1.2055
10.1246,1.2055
10.1251,1.2005
10.1257,1.2055
10.1262,1.2005
10.1268,1.2055
10.1273,1.2005
10.1279,1.2055
10.1284,1.1954
10.1289,1.2055
10.1295,1.1954
10.1300,1.2005
10.1306,1.2055
10.1311,1.2055
10.1317,1.2055
10.1322,1.2005
10.1327,1.2055
10.1333,1.2055
10.1338,1.2055
10.1344,1.2055
10.1349,1.2055
10.1355,1.2005
10.1360,1.2055
10.1365,1.2055
10.1371,1.2055
10.1376,1.2055
10.1382,1.2055
10.1387,1.2055
10.1393,1.2005
10.1398,1.2055
10.1403,1.2055
10.1409,1.2106
10.1414,1.2005
10.1420,1.2055
10.1425,1.2005
10.1431,1.2055
10.1436,1.2055
10.1441,1.2055
10.1447,1.2055
10.1452,1.2055
10.1458,1.2055
10.1463,1.2055
10.1469,1.2055
10.1474,1.2055
10.1479,1.2106
10.1485,1.2055
10.1490,1.2106
10.1496,1.2106
10.1501,1.2055
10.1507,1.2055
10.1512,1.2055
10.1517,1.2055
10.1523,1.2106
10.1528,1.2055
10.1534,1.2055
10.1539,1.2106
10.1545,1.2106
10.1551,1.2055
10.1556,1.2106
10.1562,1.2106
10.1567,1.2055
10.1573,1.2106
10.1578,1.2106
10.1583,1.2055
10.1589,1.2106
10.1594,1.2106
10.1600,1.2156
10.1605,1.2055
10.1611,1.2156
10.1616,1.2106
10.1622,1.2106
10.1627,1.2106
10.1633,1.2156
10.1638,1.2106
10.1644,1.2106
10.1649,1.2106
10.1654,1.2106
10.1660,1.2055
10.1665,1.2106
10.1671,1.2106
10.1676,1.2106
10.1682,1.2106
10.1687,1.2106
10.1693,1.2106
10.1698,1.2106
10.1704,1.2106
10.1709,1.2106
10.1715,1.2156
10.1720,1.2156
10.1725,1.2156
10.1731,1.2106
10.1736,1.2106
10.1742,1.2106
10.1747,1.2106
10.1753,1.2106
10.1758,1.2156
10.1764,1.2106
10.1770,1.2156
10.1775,1.2156
10.1780,1.2156
10.1786,1.2106
10.1791,1.2106
10.1797,1.2156
10.1802,1.2156
10.1808,1.2156
10.1813,1.2106
10.1819,1.2156
10.1824,1.2156
10.1830,1.2106
10.1835,1.2156
10.1841,1.2156
10.1846,1.2106
10.1851,1.2156
10.1857,1.2156
10.1862,1.2106
10.1868,1.2156
10.1873,1.2106
10.1879,1.2156
10.1884,1.2106
10.1890,1.2156
10.1895,1.2106
10.1901,1.2156
10.1906,1.2156
10.1912,1.2156
10.1917,1.2156
10.1922,1.2156
10.1928,1.2106
10.1933,1.2156
10.1939,1.2156
10.1944,1.2156
10.1950,1.2156
10.1955,1.2156
10.1961,1.2106
10.1966,1.2156
10.1972,1.2156
10.1977,1.2156
10.1983,1.2156
10.1988,1.2156
10.1993,1.2156
10.1999,1.2206
10.2004,1.2156
10.2010,1.2156
10.2015,1.2106
10.2021,1.2156
10.2026,1.2156
10.2032,1.2156
10.2037,1.2156
10.2043,1.2156
10.2048,1.2156
10.2054,1.2156
10.2059,1.2156
10.2064,1.2206
10.2070,1.2156
10.2075,1.2156
10.2081,1.2156
10.2086,1.2156
10.2092,1.2206
10.2097,1.2156
10.2103,1.2106
10.2108,1.2156
10.2114,1.2156
10.2119,1.2206
10.2125,1.2156
10.2130,1.2106
10.2135,1.2156
10.2141,1.2156
10.2146,1.2156
10.2152,1.2156
10.2157,1.2106
10.2163,1.2156
10.2168,1.2156
10.2174,1.2156
10.2179,1.2156
10.2185,1.2156
10.2190,1.2156
10.2196,1.2156
10.2201,1.2156
10.2206,1.2206
10.2212,1.2156
10.2217,1.2206
10.2223,1.2156
10.2228,1.2106
10.2234,1.2206
10.2240,1.2206
10.2245,1.2156
10.2251,1.2156
10.2256,1.2206
10.2262,1.2206
10.2267,1.2206
10.2273,1.2156
10.2278,1.2156
10.2283,1.2156
10.2289,1.2156
10.2294,1.2156
10.2300,1.2206
10.2305,1.2156
10.2311,1.2206
10.2316,1.2206
10.2322,1.2206
10.2327,1.2206
10.2333,1.2206
10.2338,1.2156
10.2344,1.2156
10.2349,1.2206
10.2354,1.2156
10.2360,1.2206
10.2365,1.2206
10.2371,1.2206
10.2376,1.2156
10.2382,1.2206
10.2387,1.2156
10.2393,1.2206
10.2398,1.2206
10.2404,1.2156
10.2409,1.2257
10.2415,1.2206
10.2420,1.2206
10.2425,1.2156
10.2431,1.2206
10.2436,1.2156
10.2442,1.2206
10.2447,1.2206
10.2453,1.2206
10.2458,1.2206
10.2464,1.2206
10.2469,1.2206
10.2475,1.2206
10.2480,1.2156
10.2486,1.2206
10.2491,1.2156
10.2497,1.2156
10.2502,1.2206
10.2507,1.2257
10.2513,1.2206
10.2518,1.2206
10.2524,1.2156
10.2529,1.2206
10.2535,1.2206
10.2540,1.2156
10.2546,1.2206
10.2551,1.2156
10.2557,1.2206
10.2562,1.2257
10.2568,1.2156
10.2573,1.2257
10.2578,1.2206
10.2584,1.2156
10.2589,1.2206
10.2595,1.2156
10.2600,1.2206
10.2606,1.2156
10.2611,1.2206
10.2617,1.2206
10.2622,1.2156
10.2628,1.2206
10.2633,1.2206
10.2639,1.2156
10.2644,1.2206
10.2649,1.2206
10.2655,1.2206
10.2660,1.2206
10.2666,1.2206
10.2671,1.2206
10.2677,1.2206
10.2682,1.2156
10.2688,1.2257
10.2693,1.2206
10.2699,1.2206
10.2704,1.2156
10.2710,1.2206
10.2715,1.2206
10.2720,1.2206
10.2726,1.2206
10.2731,1.2206
10.2737,1.2156
10.2742,1.2257
10.2748,1.2206
10.2753,1.2206
10.2759,1.2206
10.2764,1.2206
10.2770,1.2206
10.2775,1.2156
10.2781,1.2206
10.2786,1.2156
10.2792,1.2206
10.2797,1.2206
10.2803,1.2206
10.2808,1.2206
10.2814,1.2206
10.2819,1.2206
10.2824,1.2206
10.2830,1.2206
10.2835,1.2206
10.2841,1.2206
10.2846,1.2156
10.2852,1.2206
10.2857,1.2156
10.2863,1.2206
10.2868,1.2206
10.2874,1.2206
10.2879,1.2206
10.2885,1.2206
10.2890,1.2206
10.2896,1.2206
10.2901,1.2206
10.2906,1.2257
10.2912,1.2156
10.2917,1.2206
10.2923,1.2206
10.2928,1.2206
10.2934,1.2206
10.2940,1.2206
10.2945,1.2206
10.2951,1.2206
10.2956,1.2206
10.2962,1.2206
10.2967,1.2206
10.2973,1.2206
10.2978,1.2206
10.2983,1.2206
10.2989,1.2257
10.2995,1.2206
10.3000,1.2156
10.3006,1.2206
10.3011,1.2156
10.3017,1.2206
10.3022,1.2206
10.3028,1.2206
10.3034,1.2206
10.3039,1.2206
10.3045,1.2206
10.3050,1.2206
10.3055,1.2206
10.3061,1.2206
10.3066,1.2206
10.3072,1.2206
10.3077,1.2156
10.3083,1.2206
10.3088,1.2206
10.3094,1.2206
10.3099,1.2206
10.3105,1.2206
10.3110,1.2206
10.3116,1.2206
10.3121,1.2206
10.3126,1.2257
10.3132,1.2206
10.3137,1.2156
10.3143,1.2206
10.3148,1.2257
10.3154,1.2206
10.3159,1.2206
10.3165,1.2206
10.3170,1.2206
10.3176,1.2206
10.3181,1.2206
10.3189,1.2206
10.3194,1.2206
10.3200,1.2206
10.3205,1.2206
10.3211,1.2206
10.3216,1.2156
10.3221,1.2206
10.3227,1.2206
10.3235,1.2206
10.3241,1.2206
10.3246,1.2206
10.3252,1.2206
10.3257,1.2206
10.3262,1.2206
10.3268,1.2156
10.3273,1.2156
10.3279,1.2156
10.3284,1.2257
10.3290,1.2206
10.3295,1.2206
10.3300,1.2257
10.3306,1.2206
10.3311,1.2206
10.3317,1.2206
10.3322,1.2156
10.3328,1.2206
10.3333,1.2206
10.3339,1.2206
10.3344,1.2206
10.3349,1.2206
10.3355,1.2206
10.3361,1.2206
10.3367,1.2206
10.3372,1.2156
10.3377,1.2156
10.3383,1.2206
10.3388,1.2156
10.3394,1.2206
10.3399,1.2156
10.3405,1.2206
10.3410,1.2156
10.3415,1.2206
10.3421,1.2206
10.3426,1.2106
10.3432,1.2156
10.3437,1.2206
10.3443,1.2206
10.3448,1.2156
10.3454,1.2156
10.3459,1.2206
10.3464,1.2156
10.3470,1.2206
10.3475,1.2206
10.3481,1.2156
10.3486,1.2206
10.3492,1.2206
10.3497,1.2156
10.3502,1.2206
10.3508,1.2206
10.3513,1.2206
10.3519,1.2206
10.3524,1.2206
10.3530,1.2206
10.3535,1.2206
10.3540,1.2206
10.3546,1.2156
10.3551,1.2206
10.3557,1.2156
10.3562,1.2156
10.3568,1.2206
10.3574,1.2206
10.3580,1.2156
10.3585,1.2156
10.3591,1.2206
10.3596,1.2206
10.3602,1.2156
10.3607,1.2206
10.3613,1.2206
10.3618,1.2156
10.3624,1.2156
10.3629,1.2206
10.3635,1.2156
10.3640,1.2156
10.3646,1.2156
10.3651,1.2156
10.3657,1.2206
10.3662,1.2206
10.3668,1.2206
10.3673,1.2206
10.3679,1.2156
10.3684,1.2206
10.3690,1.2206
10.3695,1.2206
10.3700,1.2206
10.3706,1.2156
10.3711,1.2206
10.3717,1.2156
10.3722,1.2156
10.3728,1.2206
10.3733,1.2156
10.3739,1.2156
10.3744,1.2156
10.3750,1.2156
10.3755,1.2206
10.3761,1.2206
10.3766,1.2156
10.3771,1.2206
10.3779,1.2156
10.3784,1.2156
10.3790,1.2206
10.3795,1.2156
10.3800,1.2156
10.3806,1.2156
10.3811,1.2156
10.3817,1.2206
10.3822,1.2156
10.3828,1.2206
10.3833,1.2206
10.3839,1.2156
10.3844,1.2206
10.3850,1.2156
10.3855,1.2156
10.3861,1.2106
10.3866,1.2156
10.3872,1.2206
10.3877,1.2156
10.3883,1.2206
10.3888,1.2156
10.3894,1.2156
10.3899,1.2156
10.3905,1.2156
10.3910,1.2156
10.3916,1.2156
10.3921,1.2206
10.3927,1.2106
10.3932,1.2156
10.3938,1.2156
10.3943,1.2206
10.3949,1.2156
10.3954,1.2156
10.3959,1.2106
10.3965,1.2206
10.3970,1.2106
10.3976,1.2156
10.3982,1.2156
10.3987,1.2156
10.3993,1.2156
10.3998,1.2206
10.4004,1.2156
10.4009,1.2206
10.4014,1.2156
10.4020,1.2106
10.4026,1.2156
10.4031,1.2106
10.4037,1.2156
10.4042,1.2106
10.4048,1.2156
10.4053,1.2206
10.4059,1.2156
10.4064,1.2156
10.4069,1.2156
10.4075,1.2156
10.4080,1.2156
10.4086,1.2156
10.4091,1.2156
10.4097,1.2106
10.4102,1.2106
10.4108,1.2156
10.4113,1.2156
10.4119,1.2206
10.4124,1.2156
10.4130,1.2156
10.4135,1.2156
10.4141,1.2156
10.4146,1.2206
10.4151,1.2156
10.4157,1.2156
10.4162,1.2206
10.4168,1.2106
10.4173,1.2156
10.4179,1.2156
10.4184,1.2156
10.4190,1.2156
10.4195,1.2156
10.4201,1.2206
10.4206,1.2106
10.4212,1.2156
10.4217,1.2206
10.4222,1.2156
10.4228,1.2156
10.4233,1.2156
10.4239,1.2206
10.4244,1.2106
10.4250,1.2156
10.4256,1.2156
10.4261,1.2156
10.4267,1.2156
10.4272,1.2156
10.4278,1.2156
10.4283,1.2156
10.4289,1.2106
10.4294,1.2156
10.4300,1.2156
10.4305,1.2156
10.4311,1.2156
10.4316,1.2156
10.4322,1.2156
10.4327,1.2156
10.4333,1.2156
10.4338,1.2106
10.4344,1.2156
10.4349,1.2156
10.4355,1.2156
10.4360,1.2156
10.4366,1.2156
10.4371,1.2156
10.4376,1.2206
10.4382,1.2156
10.4387,1.2156
10.4393,1.2106
10.4398,1.2106
10.4404,1.2156
10.4409,1.2156
10.4415,1.2156
10.4420,1.2156
10.4426,1.2156
10.4431,1.2106
10.4437,1.2156
10.4442,1.2156
10.4448,1.2106
10.4453,1.2156
10.4458,1.2156
10.4464,1.2106
10.4469,1.2106
10.4475,1.2106
10.4480,1.2206
10.4486,1.2156
10.4491,1.2156
10.4497,1.2156
10.4502,1.2106
10.4508,1.2106
10.4513,1.2156
10.4519,1.2156
10.4524,1.2106
10.4529,1.2156
10.4535,1.2156
10.4540,1.2106
10.4546,1.2106
10.4551,1.2106
10.4557,1.2156
10.4562,1.2156
10.4568,1.2106
10.4573,1.2106
10.4579,1.2156
10.4584,1.2156
10.4590,1.2106
10.4595,1.2156
10.4601,1.2156
10.4606,1.2156
10.4612,1.2156
10.4617,1.2156
10.4622,1.2156
10.4628,1.2106
10.4633,1.2156
10.4639,1.2156
10.4644,1.2106
10.4650,1.2156
10.4655,1.2156
10.4661,1.2156
10.4666,1.2156
10.4672,1.2106
10.4677,1.2156
10.4683,1.2156
10.4688,1.2156
10.4693,1.2156
10.4699,1.2206
10.4704,1.2156
10.4710,1.2106
10.4715,1.2156
10.4721,1.2156
10.4726,1.2156
10.4732,1.2156
10.4737,1.2106
10.4743,1.2156
10.4748,1.2106
10.4754,1.2156
10.4759,1.2156
10.4765,1.2156
10.4770,1.2156
10.4776,1.2156
10.4781,1.2106
10.4787,1.2106
10.4792,1.2156
10.4798,1.2156
10.4803,1.2156
10.4809,1.2156
10.4814,1.2156
10.4820,1.2156
10.4825,1.2106
10.4831,1.2106
10.4836,1.2106
10.4841,1.2156
10.4847,1.2156
10.4852,1.2156
10.4858,1.2156
10.4863,1.2156
10.4869,1.2156
10.4874,1.2156
10.4880,1.2106
10.4885,1.2106
10.4891,1.2106
10.4896,1.2156
10.4902,1.2156
10.4907,1.2156
10.4912,1.2156
10.4918,1.2106
10.4923,1.2156
10.4929,1.2156
10.4934,1.2156
10.4940,1.2156
10.4945,1.2156
10.4951,1.2156
10.4956,1.2156
10.4962,1.2156
10.4967,1.2106
10.4973,1.2156
10.4978,1.2156
10.4984,1.2156
10.4989,1.2156
10.4994,1.2106
10.5000,1.2156
10.5005,1.2106
10.5011,1.2156
10.5016,1.2106
10.5022,1.2106
10.5028,1.2156
10.5033,1.2106
10.5039,1.2156
10.5044,1.2156
10.5050,1.2106
10.5055,1.2156
10.5060,1.2156
10.5066,1.2106
10.5071,1.2106
10.5077,1.2156
10.5082,1.2156
10.5088,1.2156
10.5093,1.2156
10.5099,1.2156
10.5104,1.2156
10.5110,1.2106
10.5115,1.2156
10.5121,1.2106
10.5126,1.2156
10.5132,1.2106
10.5137,1.2156
10.5143,1.2156
10.5148,1.2156
10.5153,1.2156
10.5159,1.2156
10.5164,1.2106
10.5170,1.2156
10.5175,1.2106
10.5181,1.2106
10.5186,1.2156
10.5195,1.2156
10.5201,1.2156
10.5206,1.2106
10.5211,1.2156
10.5217,1.2106
10.5222,1.2156
10.5228,1.2156
10.5233,1.2156
10.5239,1.2156
10.5244,1.2156
10.5249,1.2156
10.5255,1.2106
10.5260,1.2156
10.5266,1.2156
10.5271,1.2206
10.5277,1.2156
10.5282,1.2106
10.5287,1.2106
10.5293,1.2106
10.5298,1.2156
10.5304,1.2106
10.5309,1.2106
10.5315,1.2156
10.5320,1.2156
10.5325,1.2156
10.5331,1.2156
10.5336,1.2156
10.5342,1.2156
10.5347,1.2156
10.5353,1.2106
10.5358,1.2156
10.5363,1.2106
10.5369,1.2156
10.5374,1.2156
10.5380,1.2156
10.5385,1.2156
10.5391,1.2106
10.5396,1.2156
10.5401,1.2106
10.5407,1.2106
10.5413,1.2106
10.5418,1.2206
10.5423,1.2156
10.5429,1.2156
10.5435,1.2156
10.5440,1.2156
10.5445,1.2156
10.5451,1.2106
10.5456,1.2156
10.5462,1.2106
10.5467,1.2106
10.5473,1.2106
10.5478,1.2106
10.5483,1.2106
10.5489,1.2055
10.5494,1.2106
10.5500,1.2106
10.5505,1.2106
10.5511,1.2106
10.5516,1.2106
10.5522,1.2106
10.5527,1.2106
10.5533,1.2055
10.5538,1.2106
10.5543,1.2106
10.5549,1.2106
10.5554,1.2156
10.5560,1.2156
10.5565,1.2106
10.5571,1.2106
10.5576,1.2156
10.5582,1.2156
10.5587,1.2156
10.5593,1.2106
10.5598,1.2106
10.5604,1.2156
10.5609,1.2106
10.5615,1.2106
10.5620,1.2106
10.5625,1.2156
10.5631,1.2106
10.5636,1.2106
10.5642,1.2106
10.5647,1.2106
10.5653,1.2156
10.5658,1.2156
10.5664,1.2156
10.5669,1.2106
10.5675,1.2106
10.5680,1.2106
10.5686,1.2106
10.5691,1.2156
10.5697,1.2156
10.5702,1.2106
10.5707,1.2106
10.5713,1.2156
10.5718,1.2156
10.5724,1.2055
10.5730,1.2106
10.5735,1.2106
10.5741,1.2106
10.5746,1.2055
10.5752,1.2106
10.5757,1.2106
10.5762,1.2106
10.5768,1.2156
10.5773,1.2106
10.5779,1.2055
10.5785,1.2106
10.5790,1.2106
10.5796,1.2106
10.5801,1.2106
10.5806,1.2106
10.5812,1.2055
10.5817,1.2106
10.5823,1.2106
10.5828,1.2106
10.5834,1.2156
10.5839,1.2156
10.5845,1.2106
10.5850,1.2106
10.5856,1.2106
10.5861,1.2055
10.5867,1.2055
10.5872,1.2106
10.5878,1.2106
10.5883,1.2106
10.5889,1.2106
10.5894,1.2055
10.5900,1.2106
10.5905,1.2106
10.5910,1.2106
10.5916,1.2106
10.5921,1.2106
10.5927,1.2106
10.5932,1.2106
10.5938,1.2055
10.5943,1.2106
10.5949,1.2106
10.5954,1.2106
10.5960,1.2055
10.5965,1.2106
10.5971,1.2055
10.5976,1.2106
10.5982,1.2055
10.5987,1.2106
10.5993,1.2055
10.5998,1.2106
10.6003,1.2106
10.6009,1.2055
10.6014,1.2106
10.6020,1.2106
10.6025,1.2055
10.6031,1.2106
10.6036,1.2055
10.6042,1.2106
10.6047,1.2055
10.6053,1.2106
10.6058,1.2106
10.6064,1.2106
10.6069,1.2106
10.6074,1.2106
10.6080,1.2055
10.6085,1.2106
10.6091,1.2055
10.6096,1.2156
10.6102,1.2106
10.6107,1.2106
10.6113,1.2055
10.6118,1.2106
10.6124,1.2055
10.6129,1.2055
10.6135,1.2055
10.6140,1.2055
10.6146,1.2055
10.6151,1.2055
10.6156,1.2055
10.6162,1.2055
10.6167,1.2055
10.6173,1.2106
10.6178,1.2106
10.6184,1.2106
10.6189,1.2055
10.6195,1.2106
10.6200,1.2106
10.6206,1.2005
10.6211,1.2106
10.6217,1.2055
10.6222,1.2055
10.6227,1.2055
10.6233,1.2055
10.6238,1.2106
10.6244,1.2106
10.6249,1.2055
10.6255,1.2106
10.6260,1.2055
10.6266,1.2055
10.6271,1.2055
10.6277,1.2055
10.6282,1.2055
10.6288,1.2055
10.6293,1.2106
10.6298,1.2055
10.6304,1.2055
10.6309,1.2055
10.6315,1.2106
10.6320,1.2055
10.6326,1.2055
10.6331,1.2055
10.6337,1.2055
10.6342,1.2055
10.6348,1.2106
10.6353,1.2106
10.6359,1.2055
10.6364,1.2106
10.6370,1.2055
10.6375,1.2106
10.6380,1.2055
10.6386,1.2005
10.6391,1.2055
10.6397,1.2055
10.6402,1.2106
10.6408,1.2055
10.6413,1.2055
10.6419,1.2106
10.6424,1.2055
10.6430,1.2055
10.6435,1.2055
10.6441,1.2055
10.6446,1.2106
10.6452,1.2055
10.6457,1.2106
10.6463,1.2055
10.6468,1.2055
10.6474,1.2106
10.6479,1.2055
10.6484,1.2055
10.6490,1.2106
10.6495,1.2055
10.6501,1.2005
10.6506,1.2055
10.6512,1.2055
10.6517,1.2005
10.6523,1.2055
10.6528,1.2106
10.6534,1.2055
10.6539,1.2005
10.6545,1.2055
10.6550,1.2055
10.6556,1.2055
10.6561,1.2055
10.6566,1.2055
10.6572,1.2005
10.6577,1.2055
10.6583,1.2005
10.6588,1.2055
10.6594,1.2005
10.6599,1.2055
10.6605,1.2055
10.6610,1.2055
10.6616,1.2055
10.6621,1.2055
10.6627,1.2055
10.6632,1.2055
10.6638,1.2055
10.6643,1.2055
10.6649,1.2005
10.6654,1.2055
10.6659,1.2055
10.6665,1.2055
10.6670,1.2055
10.6676,1.2055
10.6681,1.2055
10.6687,1.2055
10.6692,1.2055
10.6698,1.2055
10.6703,1.2055
10.6709,1.2055
10.6714,1.2055
10.6720,1.2106
10.6725,1.2055
10.6730,1.2005
10.6736,1.2055
10.6741,1.2055
10.6747,1.2055
10.6752,1.2055
10.6758,1.2055
10.6763,1.2055
10.6769,1.2055
10.6774,1.2005
10.6780,1.2055
10.6785,1.2005
10.6791,1.2005
10.6796,1.2055
10.6802,1.2055
10.6807,1.2055
10.6813,1.2005
10.6818,1.2055
10.6824,1.2055
10.6829,1.2055
10.6835,1.2055
10.6840,1.2055
10.6846,1.2055
10.6851,1.2055
10.6857,1.2055
10.6862,1.2055
10.6867,1.2005
10.6873,1.2055
10.6878,1.2055
10.6884,1.2055
10.6889,1.2055
10.6895,1.2005
10.6900,1.2055
10.6906,1.2005
10.6911,1.2055
10.6917,1.2055
10.6922,1.2055
10.6928,1.2055
10.6933,1.2055
10.6939,1.2005
10.6944,1.2005
10.6950,1.2055
10.6955,1.2055
10.6960,1.2005
10.6966,1.2005
10.6971,1.2055
10.6977,1.2055
10.6982,1.2005
10.6988,1.2055
10.6993,1.2055
10.6999,1.2005
10.7004,1.2055
10.7010,1.1954
10.7015,1.2005
10.7021,1.2055
10.7026,1.2055
10.7032,1.2005
10.7037,1.2055
10.7043,1.2055
10.7048,1.2055
10.7053,1.2055
10.7059,1.2055
10.7064,1.2055
10.7070,1.2005
10.7075,1.2005
10.7081,1.2055
10.7086,1.2055
10.7092,1.2055
10.7097,1.2005
10.7103,1.2005
10.7108,1.2055
10.7114,1.2055
10.7119,1.1954
10.7125,1.2055
10.7130,1.2005
10.7136,1.2055
10.7141,1.2005
10.7147,1.2055
10.7152,1.2055
10.7158,1.2055
10.7163,1.2005
10.7168,1.2055
10.7174,1.2005
10.7179,1.2055
10.7185,1.2005
10.7191,1.2055
10.7197,1.2055
10.7202,1.2005
10.7207,1.2055
10.7213,1.2055
10.7218,1.1954
10.7224,1.2005
10.7229,1.2005
10.7235,1.2005
10.7241,1.2005
10.7247,1.2005
10.7252,1.2055
10.7258,1.2055
10.7263,1.2005
10.7269,1.2005
10.7274,1.2055
10.7280,1.2005
10.7285,1.2055
10.7291,1.2055
10.7296,1.2005
10.7302,1.2005
10.7307,1.2005
10.7313,1.2005
10.7318,1.2005
10.7324,1.2005
10.7329,1.2005
10.7335,1.2005
10.7340,1.2005
10.7346,1.2055
10.7351,1.2005
10.7357,1.2005
10.7362,1.2005
10.7368,1.2055
10.7373,1.2055
10.7378,1.2005
10.7384,1.2055
10.7389,1.2055
10.7395,1.2005
10.7400,1.2005
10.7406,1.2055
10.7411,1.2005
10.7417,1.1954
10.7422,1.2005
10.7428,1.2055
10.7433,1.2005
10.7439,1.2055
10.7444,1.2005
10.7450,1.2005
10.7455,1.2005
10.7461,1.2005
10.7466,1.2005
10.7472,1.2005
10.7477,1.2055
10.7483,1.2055
10.7488,1.2055
10.7494,1.2005
10.7499,1.2005
10.7505,1.2005
10.7510,1.2005
10.7516,1.2005
10.7521,1.2005
10.7527,1.2005
10.7532,1.1954
10.7538,1.2005
10.7543,1.2005
10.7549,1.2055
10.7554,1.2005
10.7560,1.2055
10.7565,1.2005
10.7571,1.2005
10.7576,1.1954
10.7582,1.2005
10.7587,1.2005
10.7593,1.2005
10.7598,1.2055
10.7604,1.2005
10.7609,1.2055
10.7615,1.2005
10.7620,1.2005
10.7626,1.2005
10.7631,1.2005
10.7637,1.2005
10.7642,1.1954
10.7648,1.2055
10.7653,1.2005
10.7659,1.2005
10.7664,1.2005
10.7670,1.2005
10.7675,1.2005
10.7681,1.1954
10.7686,1.2005
10.7692,1.2055
10.7697,1.1954
10.7703,1.2055
10.7708,1.1954
10.7714,1.2005
10.7719,1.2005
10.7725,1.2005
10.7730,1.2005
10.7736,1.2005
10.7741,1.2055
10.7747,1.2005
10.7752,1.2005
10.7758,1.2055
10.7763,1.2055
10.7771,1.2005
10.7777,1.2005
10.7782,1.1954
10.7788,1.2005
10.7793,1.1954
10.7799,1.1954
10.7804,1.2005
10.7810,1.2005
10.7816,1.2005
10.7821,1.2005
10.7826,1.1954
10.7832,1.2005
10.7838,1.2005
10.7843,1.2005
10.7848,1.2005
10.7854,1.2005
10.7859,1.1954
10.7865,1.2005
10.7870,1.1954
10.7876,1.2005
10.7881,1.2005
10.7886,1.2005
10.7892,1.1954
10.7897,1.2005
10.7903,1.2055
10.7908,1.2055
10.7914,1.2005
10.7919,1.2005
10.7924,1.2005
10.7930,1.1954
10.7935,1.2005
10.7941,1.2005
10.7946,1.1954
10.7952,1.2005
10.7957,1.2005
10.7963,1.2055
10.7968,1.2005
10.7974,1.2005
10.7979,1.2005
10.7985,1.2005
10.7990,1.1954
10.7995,1.2005
10.8001,1.2005
10.8006,1.2005
10.8012,1.1954
10.8017,1.2005
10.8023,1.2005
10.8028,1.1954
10.8033,1.2005
10.8039,1.2005
10.8044,1.1954
10.8050,1.2005
10.8055,1.2005
10.8061,1.2005
10.8066,1.2005
10.8071,1.2005
10.8077,1.2005
10.8082,1.1954
10.8088,1.2005
10.8093,1.2055
10.8099,1.2005
10.8104,1.2005
10.8109,1.2005
10.8115,1.2005
10.8120,1.1954
10.8126,1.2005
10.8131,1.2005
10.8137,1.2005
10.8142,1.2005
10.8147,1.2005
10.8153,1.1954
10.8158,1.2005
10.8164,1.2005
10.8169,1.2055
10.8175,1.2005
10.8180,1.1954
10.8185,1.2005
10.8191,1.2005
10.8196,1.2005
10.8202,1.1954
10.8207,1.2005
10.8213,1.1954
10.8218,1.2005
10.8223,1.2005
10.8229,1.1954
10.8234,1.2055
10.8240,1.1954
10.8245,1.2005
10.8251,1.2005
10.8256,1.2005
10.8262,1.1954
10.8267,1.2005
10.8272,1.2005
10.8278,1.2005
10.8283,1.2005
10.8289,1.1954
10.8294,1.2005
10.8300,1.2005
10.8305,1.2005
10.8310,1.2005
10.8316,1.1954
10.8321,1.2005
10.8327,1.2005
10.8332,1.1954
10.8338,1.1954
10.8343,1.2005
10.8349,1.2005
10.8354,1.1954
10.8360,1.2005
10.8365,1.2005
10.8370,1.2005
10.8376,1.2005
10.8381,1.2005
10.8387,1.1954
10.8392,1.2005
10.8398,1.2005
10.8403,1.1954
10.8409,1.1954
10.8414,1.1954
10.8420,1.2005
10.8425,1.1954
10.8431,1.1954
10.8436,1.2005
10.8441,1.1954
10.8447,1.2005
10.8452,1.2005
10.8458,1.2005
10.8463,1.2005
10.8469,1.2005
10.8474,1.1954
10.8480,1.1904
10.8485,1.2005
10.8491,1.2005
10.8496,1.2005
10.8502,1.1954
10.8507,1.2005
10.8513,1.1904
10.8518,1.1954
10.8524,1.2005
10.8529,1.2005
10.8535,1.2005
10.8540,1.2055
10.8546,1.1954
10.8551,1.1904
10.8556,1.1954
10.8562,1.2005
10.8567,1.1954
10.8573,1.1954
10.8578,1.1954
10.8584,1.1954
10.8589,1.2005
10.8595,1.2005
10.8600,1.1954
10.8606,1.2005
10.8611,1.2005
10.8617,1.1954
10.8622,1.2005
10.8627,1.2005
10.8633,1.2005
10.8638,1.1954
10.8644,1.1954
10.8649,1.2005
10.8655,1.2005
10.8660,1.2005
10.8666,1.2005
10.8671,1.2005
10.8677,1.2005
10.8682,1.2005
10.8688,1.2005
10.8693,1.2005
10.8698,1.2005
10.8704,1.2005
10.8709,1.1954
10.8715,1.1954
10.8720,1.1954
10.8726,1.2005
10.8731,1.1954
10.8737,1.2005
10.8742,1.2005
10.8748,1.2005
10.8753,1.2005
10.8759,1.2005
10.8764,1.1954
10.8769,1.2005
10.8775,1.2005
10.8781,1.1954
10.8786,1.2005
10.8792,1.1954
10.8797,1.2005
10.8802,1.1954
10.8808,1.2005
10.8813,1.1954
10.8819,1.2005
10.8824,1.1954
10.8830,1.2005
10.8835,1.2005
10.8841,1.2005
10.8846,1.1954
10.8852,1.2005
10.8857,1.1954
10.8863,1.2005
10.8868,1.1954
10.8874,1.1954
10.8879,1.2005
10.8884,1.2005
10.8890,1.2005
10.8895,1.1954
10.8901,1.2005
10.8906,1.2005
10.8912,1.2005
10.8917,1.2005
10.8923,1.2005
10.8928,1.1954
10.8934,1.1954
10.8939,1.1954
10.8945,1.1954
10.8950,1.1954
10.8955,1.1954
10.8961,1.2005
10.8966,1.2005
10.8972,1.2005
10.8977,1.2005
10.8983,1.1904
10.8988,1.1954
10.8994,1.1954
10.8999,1.1954
10.9005,1.1954
10.9010,1.1954
10.9016,1.1954
10.9021,1.1954
10.9027,1.1904
10.9032,1.1954
10.9037,1.2005
10.9046,1.1954
10.9051,1.2005
10.9057,1.1954
10.9062,1.1954
10.9068,1.2005
10.9073,1.2005
10.9079,1.2005
10.9084,1.1904
10.9090,1.1954
10.9095,1.1954
10.9101,1.1954
10.9106,1.2005
10.9112,1.1954
10.9117,1.1954
10.9123,1.1954
10.9128,1.2005
10.9133,1.1954
10.9139,1.1954
10.9145,1.1954
10.9150,1.1954
10.9155,1.2005
10.9161,1.1954
10.9166,1.1954
10.9172,1.1954
10.9177,1.2005
10.9183,1.2005
10.9188,1.2005
10.9198,1.1954
10.9203,1.1954
10.9209,1.2005
10.9214,1.1954
10.9220,1.1954
10.9225,1.2005
10.9231,1.1954
10.9236,1.2005
10.9242,1.2005
10.9247,1.1954
10.9252,1.2005
10.9258,1.1954
10.9263,1.1954
10.9269,1.1954
10.9274,1.2005
10.9280,1.2005
10.9285,1.1954
10.9291,1.1954
10.9296,1.1954
10.9301,1.2005
10.9307,1.1954
10.9312,1.2005
10.9318,1.1954
10.9323,1.1954
10.9329,1.2005
10.9335,1.1954
10.9340,1.1954
10.9345,1.1954
10.9351,1.1954
10.9356,1.1954
10.9362,1.1954
10.9367,1.1954
10.9373,1.1904
10.9378,1.1954
10.9383,1.1904
10.9389,1.1954
10.9394,1.1954
10.9400,1.1954
10.9405,1.1954
10.9411,1.2005
10.9416,1.1954
10.9421,1.1954
10.9427,1.1954
10.9432,1.1954
10.9438,1.2005
10.9443,1.1954
10.9449,1.1954
10.9454,1.1954
10.9459,1.1954
10.9466,1.1954
10.9471,1.1904
10.9476,1.1954
10.9482,1.1954
10.9487,1.2005
10.9493,1.1954
10.9498,1.1954
10.9504,1.1954
10.9509,1.1954
10.9514,1.1954
10.9520,1.1904
10.9525,1.1954
10.9531,1.1954
10.9536,1.1904
10.9542,1.1954
10.9547,1.1954
10.9552,1.1954
10.9558,1.1954
10.9563,1.1954
10.9569,1.1954
10.9574,1.1954
10.9580,1.2005
10.9585,1.1954
10.9590,1.1954
10.9596,1.1954
10.9601,1.1954
10.9607,1.1954
10.9612,1.1954
10.9618,1.1954
10.9623,1.1954
10.9628,1.2005
10.9634,1.1954
10.9640,1.1954
10.9645,1.1954
10.9650,1.1954
10.9656,1.2005
10.9661,1.1954
10.9667,1.2005
10.9672,1.1954
10.9678,1.1904
10.9683,1.1904
10.9688,1.1954
10.9694,1.1904
10.9699,1.2005
10.9705,1.1954
10.9710,1.1954
10.9716,1.1954
10.9721,1.1954
10.9726,1.2005
10.9732,1.1954
10.9737,1.1954
10.9743,1.1954
10.9748,1.1954
10.9754,1.2005
10.9759,1.1954
10.9765,1.2005
10.9770,1.2005
10.9776,1.1954
10.9781,1.1954
10.9787,1.2005
10.9792,1.1954
10.9798,1.1954
10.9804,1.1954
10.9809,1.1954
10.9815,1.2005
10.9820,1.1954
10.9825,1.2005
10.9831,1.1954
10.9836,1.1954
10.9842,1.1954
10.9847,1.1954
10.9853,1.1954
10.9858,1.1954
10.9864,1.2005
10.9869,1.2005
10.9875,1.1954
10.9880,1.1954
10.9886,1.1954
10.9891,1.1954
10.9897,1.1954
10.9902,1.2005
10.9908,1.1954
10.9913,1.1954
10.9919,1.2005
10.9924,1.1954
10.9930,1.1954
10.9935,1.1954
10.9941,1.1954
10.9946,1.1954
10.9951,1.1954
10.9957,1.1954
10.9962,1.1904
10.9968,1.1954
10.9973,1.1954
10.9979,1.1954
10.9984,1.2005
10.9990,1.1954
10.9995,1.1954
11.0001,1.1954
11.0006,1.2005
11.0011,1.2005
11.0017,1.1954
11.0022,1.1954
11.0028,1.2005
11.0033,1.1954
11.0039,1.1954
11.0044,1.1954
11.0050,1.2005
11.0055,1.2005
11.0061,1.1954
11.0066,1.2005
11.0072,1.2005
11.0077,1.1954
11.0082,1.1954
11.0088,1.2005
11.0093,1.1954
11.0099,1.2005
11.0104,1.2005
11.0110,1.2005
11.0115,1.2005
11.0121,1.2005
11.0126,1.2005
11.0132,1.2005
11.0137,1.2005
11.0143,1.2005
11.0148,1.2005
11.0154,1.2055
11.0159,1.2005
11.0164,1.1954
11.0170,1.2005
11.0175,1.2005
11.0181,1.2005
11.0186,1.2055
11.0192,1.2005
11.0197,1.2005
11.0203,1.2005
11.0208,1.2005
11.0214,1.2005
11.0219,1.2005
11.0225,1.2005
11.0230,1.1954
11.0235,1.2005
11.0241,1.2055
11.0246,1.2005
11.0252,1.2005
11.0257,1.2005
11.0263,1.2005
11.0268,1.2005
11.0274,1.2055
11.0279,1.2005
11.0285,1.2055
11.0290,1.2005
11.0296,1.2055
11.0301,1.2055
11.0306,1.2055
11.0312,1.2005
11.0317,1.2005
11.0323,1.2005
11.0328,1.2055
11.0334,1.2055
11.0339,1.2005
11.0345,1.2005
11.0350,1.2005
11.0356,1.2055
11.0361,1.2055
11.0367,1.2055
11.0372,1.2055
11.0377,1.2055
11.0383,1.2055
11.0388,1.2055
11.0394,1.2005
11.0399,1.2005
11.0405,1.2055
11.0410,1.2055
11.0416,1.2055
11.0421,1.2055
11.0427,1.2055
11.0432,1.2055
11.0437,1.2055
11.0443,1.2055
11.0449,1.2106
11.0455,1.2055
11.0460,1.2106
11.0466,1.2005
11.0471,1.2106
11.0477,1.2106
11.0482,1.2055
11.0488,1.2055
11.0493,1.2055
11.0499,1.2106
11.0504,1.2106
11.0510,1.2055
11.0515,1.2106
11.0521,1.2106
11.0526,1.2106
11.0531,1.2055
11.0537,1.2106
11.0542,1.2106
11.0548,1.2106
11.0553,1.2106
11.0559,1.2106
11.0564,1.2156
11.0570,1.2106
11.0575,1.2055
11.0581,1.2106
11.0586,1.2055
11.0592,1.2106
11.0598,1.2055
11.0603,1.2106
11.0608,1.2106
11.0614,1.2055
11.0619,1.2055
11.0625,1.2106
11.0630,1.2106
11.0636,1.2106
11.0641,1.2106
11.0647,1.2055
11.0652,1.2106
11.0658,1.2156
11.0663,1.2106
11.0669,1.2106
11.0674,1.2106
11.0680,1.2156
11.0685,1.2106
11.0691,1.2106
11.0696,1.2106
11.0701,1.2156
11.0707,1.2106
11.0712,1.2156
11.0718,1.2106
11.0723,1.2106
11.0729,1.2156
11.0734,1.2106
11.0740,1.2156
11.0745,1.2106
11.0751,1.2106
11.0756,1.2106
11.0762,1.2106
11.0767,1.2156
11.0772,1.2156
11.0778,1.2106
11.0783,1.2156
11.0789,1.2156
11.0794,1.2156
11.0800,1.2106
11.0805,1.2156
11.0811,1.2156
11.0816,1.2156
11.0822,1.2156
11.0827,1.2156
11.0833,1.2106
11.0838,1.2106
11.0844,1.2156
11.0849,1.2156
11.0854,1.2156
11.0860,1.2156
11.0865,1.2156
11.0871,1.2106
11.0876,1.2156
11.0882,1.2106
11.0887,1.2156
11.0893,1.2156
11.0898,1.2156
11.0904,1.2156
11.0909,1.2156
11.0914,1.2206
11.0920,1.2156
11.0926,1.2156
11.0931,1.2156
11.0937,1.2156
11.0942,1.2156
11.0948,1.2106
11.0953,1.2156
11.0959,1.2156
11.0964,1.2156
11.0970,1.2156
11.0975,1.2106
11.0981,1.2156
11.0986,1.2156
11.0992,1.2156
11.0997,1.2156
11.1003,1.2106
11.1008,1.2156
11.1013,1.2156
11.1019,1.2156
11.1024,1.2206
11.1030,1.2156
11.1035,1.2156
11.1041,1.2156
11.1046,1.2206
11.1052,1.2156
11.1057,1.2156
11.1063,1.2156
11.1068,1.2156
11.1074,1.2156
11.1079,1.2156
11.1084,1.2106
11.1090,1.2156
11.1095,1.2156
11.1101,1.2206
11.1106,1.2156
11.1112,1.2106
11.1117,1.2156
11.1123,1.2156
11.1128,1.2156
11.1134,1.2156
11.1139,1.2206
11.1145,1.2106
11.1150,1.2206
11.1156,1.2156
11.1161,1.2156
11.1166,1.2206
11.1172,1.2156
11.1177,1.2106
11.1183,1.2206
11.1188,1.2156
11.1194,1.2156
11.1199,1.2206
11.1206,1.2206
11.1212,1.2206
11.1217,1.2206
11.1223,1.2156
11.1228,1.2206
11.1234,1.2156
11.1240,1.2206
11.1246,1.2156
11.1251,1.2206
11.1256,1.2106
11.1262,1.2206
11.1267,1.2156
11.1273,1.2156
11.1278,1.2156
11.1284,1.2206
11.1289,1.2206
11.1295,1.2206
11.1300,1.2206
11.1306,1.2206
11.1311,1.2206
11.1317,1.2206
11.1322,1.2156
11.1328,1.2156
11.1333,1.2206
11.1339,1.2206
11.1344,1.2156
11.1350,1.2206
11.1355,1.2156
11.1361,1.2206
11.1366,1.2106
11.1372,1.2206
11.1377,1.2206
11.1382,1.2106
11.1388,1.2206
11.1393,1.2156
11.1399,1.2156
11.1404,1.2206
11.1410,1.2156
11.1415,1.2156
11.1421,1.2257
11.1426,1.2156
11.1432,1.2156
11.1437,1.2206
11.1443,1.2206
11.1448,1.2156
11.1454,1.2206
11.1459,1.2206
11.1464,1.2206
11.1470,1.2206
11.1475,1.2206
11.1481,1.2156
11.1486,1.2156
11.1492,1.2206
11.1497,1.2206
11.1503,1.2206
11.1508,1.2206
11.1514,1.2156
11.1519,1.2156
11.1525,1.2206
11.1530,1.2206
11.1536,1.2156
11.1541,1.2206
11.1547,1.2206
11.1552,1.2156
11.1558,1.2206
11.1563,1.2206
11.1569,1.2156
11.1574,1.2206
11.1580,1.2156
11.1585,1.2156
11.1591,1.2156
11.1596,1.2206
11.1602,1.2206
11.1607,1.2156
11.1613,1.2206
11.1618,1.2206
11.1624,1.2156
11.1629,1.2206
11.1635,1.2206
11.1640,1.2156
11.1646,1.2206
11.1651,1.2156
11.1657,1.2206
11.1662,1.2206
11.1668,1.2206
11.1673,1.2206
11.1679,1.2206
11.1684,1.2156
11.1690,1.2156
11.1695,1.2206
11.1701,1.2156
11.1706,1.2206
11.1712,1.2206
11.1717,1.2206
11.1723,1.2156
11.1728,1.2206
11.1734,1.2156
11.1740,1.2156
11.1745,1.2206
11.1751,1.2156
11.1756,1.2206
11.1762,1.2156
11.1767,1.2257
11.1773,1.2156
11.1778,1.2106
11.1784,1.2206
11.1789,1.2206
11.1795,1.2156
11.1800,1.2206
11.1806,1.2206
11.1811,1.2206
11.1817,1.2156
11.1822,1.2206
11.1828,1.2156
11.1833,1.2206
11.1839,1.2156
11.1845,1.2257
11.1850,1.2206
11.1856,1.2206
11.1861,1.2156
11.1867,1.2206
11.1872,1.2206
11.1878,1.2156
11.1883,1.2206
11.1889,1.2206
11.1894,1.2206
11.1900,1.2206
11.1905,1.2206
11.1911,1.2156
11.1916,1.2206
11.1922,1.2156
11.1927,1.2206
11.1933,1.2156
11.1938,1.2206
11.1944,1.2206
11.1949,1.2206
11.1955,1.2156
11.1960,1.2206
11.1966,1.2206
11.1971,1.2156
11.1977,1.2206
11.1982,1.2206
11.1988,1.2206
11.1993,1.2156
11.1999,1.2206
11.2004,1.2156
11.2010,1.2206
11.2015,1.2206
11.2021,1.2156
11.2026,1.2206
11.2032,1.2206
11.2037,1.2206
11.2043,1.2206
11.2049,1.2206
11.2054,1.2156
11.2060,1.2206
11.2065,1.2206
11.2071,1.2206
11.2076,1.2156
11.2082,1.2206
11.2087,1.2156
11.2093,1.2156
11.2098,1.2206
11.2104,1.2206
11.2109,1.2206
11.2115,1.2206
11.2120,1.2156
11.2126,1.2156
11.2131,1.2206
11.2137,1.2156
11.2142,1.2206
11.2148,1.2156
11.2153,1.2206
11.2159,1.2156
11.2164,1.2156
11.2170,1.2206
11.2175,1.2156
11.2181,1.2156
11.2186,1.2206
11.2192,1.2156
11.2197,1.2206
11.2203,1.2106
11.2208,1.2257
11.2214,1.2206
11.2219,1.2156
11.2225,1.2156
11.2230,1.2206
11.2236,1.2156
11.2241,1.2156
11.2247,1.2206
11.2252,1.2156
11.2258,1.2206
11.2263,1.2156
11.2269,1.2206
11.2274,1.2206
11.2280,1.2156
11.2285,1.2206
11.2291,1.2156
11.2296,1.2156
11.2302,1.2206
11.2307,1.2206
11.2313,1.2156
11.2318,1.2206
11.2324,1.2206
11.2329,1.2206
11.2335,1.2156
11.2340,1.2206
11.2346,1.2206
11.2351,1.2206
11.2357,1.2206
11.2362,1.2206
11.2368,1.2206
11.2373,1.2156
11.2379,1.2206
11.2384,1.2206
11.2390,1.2156
11.2395,1.2156
11.2401,1.2206
11.2406,1.2206
11.2412,1.2206
11.2417,1.2156
11.2423,1.2156
11.2428,1.2156
11.2434,1.2106
11.2440,1.2156
11.2445,1.2206
11.2451,1.2106
11.2456,1.2156
11.2462,1.2156
11.2467,1.2156
11.2473,1.2156
11.2478,1.2156
11.2484,1.2106
11.2489,1.2156
11.2495,1.2206
11.2500,1.2206
11.2506,1.2106
11.2511,1.2156
11.2517,1.2156
11.2522,1.2156
11.2528,1.2156
11.2533,1.2156
11.2539,1.2206
11.2544,1.2106
11.2550,1.2156
11.2555,1.2156
11.2561,1.2106
11.2566,1.2156
11.2572,1.2206
11.2577,1.2156
11.2583,1.2156
11.2588,1.2206
11.2594,1.2156
11.2599,1.2106
11.2605,1.2156
11.2610,1.2206
11.2616,1.2156
11.2621,1.2156
11.2627,1.2156
11.2632,1.2156
11.2638,1.2156
11.2644,1.2106
11.2649,1.2106
11.2655,1.2106
11.2660,1.2156
11.2666,1.2156
11.2671,1.2156
11.2677,1.2156
11.2682,1.2156
11.2688,1.2156
11.2693,1.2156
11.2699,1.2156
11.2704,1.2156
11.2710,1.2206
11.2715,1.2106
11.2721,1.2156
11.2726,1.2156
11.2732,1.2156
11.2737,1.2156
11.2743,1.2106
11.2748,1.2106
11.2754,1.2156
11.2759,1.2106
11.2765,1.2156
11.2770,1.2156
11.2776,1.2106
11.2781,1.2156
11.2787,1.2055
11.2792,1.2156
11.2797,1.2106
11.2803,1.2156
11.2808,1.2156
11.2814,1.2106
11.2819,1.2156
11.2825,1.2206
11.2830,1.2156
11.2836,1.2156
11.2841,1.2156
11.2847,1.2156
11.2852,1.2106
11.2858,1.2156
11.2863,1.2156
11.2869,1.2106
11.2874,1.2106
11.2880,1.2156
11.2885,1.2156
11.2891,1.2156
11.2896,1.2156
11.2902,1.2106
11.2907,1.2156
11.2913,1.2106
11.2918,1.2106
11.2924,1.2106
11.2929,1.2106
11.2935,1.2106
11.2940,1.2206
11.2946,1.2156
11.2951,1.2106
11.2957,1.2106
11.2962,1.2106
11.2968,1.2106
11.2973,1.2156
11.2979,1.2156
11.2984,1.2206
11.2990,1.2106
11.2995,1.2106
11.3001,1.2156
11.3006,1.2156
11.3012,1.2156
11.3017,1.2156
11.3023,1.2106
11.3028,1.2156
11.3034,1.2106
11.3040,1.2106
11.3045,1.2156
11.3051,1.2156
11.3056,1.2156
11.3062,1.2156
11.3067,1.2106
11.3073,1.2156
11.3078,1.2156
11.3084,1.2156
11.3089,1.2156
11.3095,1.2156
11.3100,1.2156
11.3105,1.2106
11.3111,1.2156
11.3117,1.2156
11.3122,1.2206
11.3128,1.2156
11.3134,1.2156
11.3139,1.2106
11.3145,1.2156
11.3150,1.2106
11.3156,1.2156
11.3161,1.2156
11.3167,1.2156
11.3172,1.2156
11.3178,1.2156
11.3183,1.2156
11.3189,1.2206
11.3194,1.2106
11.3200,1.2106
11.3205,1.2106
11.3211,1.2156
11.3216,1.2106
11.3222,1.2106
11.3227,1.2156
11.3233,1.2156
11.3238,1.2156
11.3244,1.2156
11.3249,1.2156
11.3255,1.2106
11.3260,1.2106
11.3266,1.2106
11.3271,1.2156
11.3277,1.2156
11.3282,1.2156
11.3288,1.2106
11.3293,1.2156
11.3299,1.2106
11.3304,1.2156
11.3310,1.2156
11.3315,1.2156
11.3321,1.2156
11.3326,1.2156
11.3332,1.2106
11.3337,1.2156
11.3343,1.2106
11.3348,1.2156
11.3354,1.2106
11.3359,1.2156
11.3365,1.2156
11.3370,1.2106
11.3376,1.2156
11.3381,1.2106
11.3387,1.2106
11.3393,1.2156
11.3398,1.2156
11.3403,1.2156
11.3409,1.2156
11.3414,1.2106
11.3420,1.2106
11.3425,1.2106
11.3431,1.2156
11.3436,1.2156
11.3442,1.2106
11.3447,1.2106
11.3453,1.2156
11.3458,1.2106
11.3464,1.2106
11.3469,1.2156
11.3475,1.2106
11.3480,1.2106
11.3486,1.2156
11.3491,1.2106
11.3497,1.2106
11.3502,1.2156
11.3508,1.2106
11.3513,1.2106
11.3519,1.2106
11.3524,1.2156
11.3530,1.2106
11.3535,1.2106
11.3541,1.2106
11.3546,1.2156
11.3552,1.2106
11.3557,1.2106
11.3563,1.2106
11.3568,1.2156
11.3574,1.2156
11.3579,1.2106
11.3585,1.2156
11.3590,1.2156
11.3596,1.2106
11.3602,1.2106
11.3607,1.2106
11.3613,1.2106
11.3618,1.2156
11.3624,1.2106
11.3629,1.2156
11.3635,1.2106
11.3640,1.2106
11.3646,1.2156
11.3651,1.2106
11.3657,1.2106
11.3662,1.2156
11.3668,1.2106
11.3673,1.2156
11.3679,1.2156
11.3684,1.2156
11.3690,1.2106
11.3695,1.2106
11.3701,1.2106
11.3706,1.2106
11.3712,1.2106
11.3717,1.2106
11.3723,1.2106
11.3728,1.2106
11.3734,1.2156
11.3739,1.2106
11.3745,1.2106
11.3750,1.2106
11.3756,1.2156
11.3761,1.2156
11.3767,1.2156
11.3772,1.2156
11.3778,1.2156
11.3783,1.2106
11.3789,1.2156
11.3794,1.2106
11.3800,1.2156
11.3805,1.2156
11.3811,1.2156
11.3816,1.2156
11.3822,1.2055
11.3828,1.2106
11.3833,1.2156
11.3839,1.2156
11.3844,1.2106
11.3850,1.2156
11.3855,1.2106
11.3861,1.2055
11.3866,1.2156
11.3872,1.2156
11.3877,1.2156
11.3883,1.2156
11.3888,1.2106
11.3894,1.2106
11.3899,1.2156
11.3905,1.2106
11.3910,1.2106
11.3916,1.2106
11.3921,1.2106
11.3927,1.2106
11.3932,1.2106
11.3938,1.2156
11.3943,1.2156
11.3949,1.2106
11.3954,1.2106
11.3960,1.2106
11.3965,1.2156
11.3971,1.2106
11.3976,1.2156
11.3982,1.2156
11.3987,1.2055
11.3993,1.2106
11.3998,1.2106
11.4004,1.2156
11.4009,1.2106
11.4015,1.2106
11.4020,1.2055
11.4026,1.2106
11.4031,1.2106
11.4037,1.2156
11.4043,1.2156
11.4048,1.2156
11.4054,1.2106
11.4059,1.2106
11.4065,1.2106
11.4070,1.2106
11.4076,1.2106
11.4081,1.2106
11.4087,1.2106
11.4092,1.2156
11.4098,1.2106
11.4103,1.2156
11.4109,1.2106
11.4114,1.2106
11.4120,1.2156
11.4125,1.2156
11.4131,1.2106
11.4136,1.2106
11.4142,1.2106
11.4147,1.2106
11.4153,1.2156
11.4158,1.2106
11.4164,1.2106
11.4169,1.2156
11.4175,1.2106
11.4180,1.2156
11.4186,1.2106
11.4191,1.2106
11.4197,1.2106
11.4202,1.2156
11.4208,1.2106
11.4213,1.2106
11.4219,1.2106
11.4224,1.2106
11.4230,1.2106
11.4235,1.2106
11.4241,1.2156
11.4246,1.2106
11.4252,1.2106
11.4257,1.2156
11.4263,1.2106
11.4268,1.2106
11.4274,1.2106
11.4279,1.2106
11.4285,1.2106
11.4290,1.2106
11.4296,1.2106
11.4301,1.2106
11.4307,1.2106
11.4312,1.2055
11.4318,1.2156
11.4323,1.2106
11.4329,1.2106
11.4334,1.2106
11.4340,1.2106
11.4345,1.2055
11.4351,1.2156
11.4356,1.2106
11.4362,1.2106
11.4367,1.2156
11.4373,1.2156
11.4378,1.2106
11.4384,1.2106
11.4389,1.2055
11.4395,1.2106
11.4400,1.2106
11.4406,1.2106
11.4411,1.2106
11.4417,1.2106
11.4422,1.2106
11.4428,1.2055
11.4433,1.2106
11.4439,1.2106
11.4444,1.2055
11.4450,1.2106
11.4455,1.2106
11.4461,1.2106
11.4466,1.2106
11.4472,1.2055
11.4477,1.2106
11.4483,1.2106
11.4488,1.2106
11.4494,1.2055
11.4499,1.2106
11.4505,1.2106
11.4510,1.2106
11.4516,1.2055
11.4521,1.2106
11.4527,1.2106
11.4532,1.2106
11.4538,1.2106
11.4543,1.2106
11.4549,1.2106
11.4554,1.2106
11.4560,1.2055
11.4565,1.2106
11.4571,1.2055
11.4576,1.2106
11.4582,1.2055
11.4587,1.2055
11.4593,1.2055
11.4598,1.2055
11.4604,1.2055
11.4609,1.2106
11.4615,1.2106
11.4620,1.2106
11.4626,1.2055
11.4631,1.2106
11.4637,1.2005
11.4643,1.2055
11.4648,1.2106
11.4654,1.2106
11.4659,1.2055
11.4665,1.2055
11.4670,1.2055
11.4676,1.2106
11.4681,1.2055
11.4687,1.2106
11.4692,1.2055
11.4698,1.2055
11.4703,1.2055
11.4709,1.2055
11.4714,1.2106
11.4720,1.2106
11.4725,1.2055
11.4731,1.2106
11.4736,1.2055
11.4742,1.2106
11.4747,1.2055
11.4753,1.2005
11.4758,1.2055
11.4764,1.2005
11.4769,1.2055
11.4775,1.2055
11.4780,1.2055
11.4786,1.2055
11.4791,1.2106
11.4797,1.2106
11.4802,1.2106
11.4808,1.2106
11.4813,1.2005
11.4819,1.2055
11.4824,1.2055
11.4830,1.2055
11.4836,1.2106
11.4841,1.2055
11.4847,1.2055
11.4852,1.2055
11.4858,1.2106
11.4863,1.2055
11.4869,1.2055
11.4874,1.2055
11.4880,1.2055
11.4885,1.2005
11.4891,1.2055
11.4896,1.2055
11.4902,1.2055
11.4907,1.2106
11.4913,1.2106
11.4918,1.2055
11.4924,1.2106
11.4929,1.2055
11.4935,1.2055
11.4940,1.2005
11.4946,1.2055
11.4951,1.2106
11.4957,1.2055
11.4962,1.2055
11.4968,1.2055
11.4973,1.2106
11.4979,1.2055
11.4984,1.2055
11.4990,1.2055
11.4995,1.2055
11.5001,1.2055
11.5006,1.2055
11.5012,1.2055
11.5017,1.2055
11.5023,1.2055
11.5028,1.2106
11.5034,1.2055
11.5039,1.2055
11.5045,1.2055
11.5050,1.2055
11.5056,1.2106
11.5061,1.2005
11.5067,1.2106
11.5072,1.2055
11.5078,1.2055
11.5083,1.2055
11.5089,1.2055
11.5094,1.2055
11.5100,1.2055
11.5105,1.2055
11.5111,1.2055
11.5116,1.2055
11.5122,1.2005
11.5127,1.2055
11.5133,1.2055
11.5138,1.2055
11.5144,1.2005
11.5149,1.2055
11.5155,1.2055
11.5160,1.2055
11.5166,1.2055
11.5171,1.2005
11.5177,1.2055
11.5182,1.2055
11.5187,1.2055
11.5193,1.2106
11.5198,1.2005
11.5204,1.2055
11.5209,1.2055
11.5215,1.2055
11.5220,1.1954
11.5226,1.2055
11.5231,1.2055
11.5237,1.2055
11.5242,1.2055
11.5248,1.2055
11.5253,1.2055
11.5259,1.2055
11.5264,1.2005
11.5270,1.2055
11.5275,1.2055
11.5281,1.2005
11.5286,1.2055
11.5292,1.2055
11.5297,1.2055
11.5303,1.2055
11.5308,1.2005
11.5314,1.2005
11.5319,1.2005
11.5326,1.2005
11.5331,1.2055
11.5338,1.2005
11.5343,1.2055
11.5349,1.2055
11.5354,1.2055
11.5360,1.2005
11.5365,1.2055
11.5371,1.2055
11.5377,1.2005
11.5382,1.2055
11.5388,1.2055
11.5393,1.2005
11.5399,1.2005
11.5404,1.2055
11.5409,1.2055
11.5415,1.2055
11.5420,1.1954
11.5426,1.2055
11.5431,1.2055
11.5437,1.2055
11.5442,1.2005
11.5448,1.2055
11.5453,1.2055
11.5459,1.2005
11.5464,1.2005
11.5469,1.2055
11.5475,1.2005
11.5480,1.2055
11.5486,1.1954
11.5492,1.2055
11.5497,1.2055
11.5503,1.2055
11.5508,1.2055
11.5513,1.2005
11.5519,1.2055
11.5524,1.2005
11.5530,1.2005
11.5535,1.2055
11.5541,1.2005
11.5546,1.2055
11.5552,1.2005
11.5557,1.2055
11.5563,1.2005
11.5568,1.2055
11.5574,1.2005
11.5579,1.2055
11.5585,1.2055
11.5590,1.2005
11.5596,1.2005
11.5601,1.2005
11.5607,1.2005
11.5612,1.2005
11.5618,1.2055
11.5623,1.2005
11.5629,1.2055
11.5634,1.2055
11.5640,1.2005
11.5645,1.2005
11.5651,1.2055
11.5656,1.2005
11.5662,1.2055
11.5667,1.2005
11.5673,1.1954
11.5678,1.2005
11.5684,1.2055
11.5689,1.2005
11.5695,1.2055
11.5700,1.2005
11.5705,1.2055
11.5711,1.2005
11.5716,1.2055
11.5722,1.2005
11.5727,1.2005
11.5733,1.1954
11.5738,1.2005
11.5744,1.2055
11.5749,1.2005
11.5755,1.2005
11.5760,1.2005
11.5766,1.2005
11.5771,1.2005
11.5777,1.2005
11.5782,1.2005
11.5788,1.2005
11.5793,1.2055
11.5799,1.2005
11.5804,1.2005
11.5810,1.2005
11.5815,1.2005
11.5821,1.2005
11.5826,1.2005
11.5832,1.1954
11.5837,1.2055
11.5843,1.2005
11.5848,1.2005
11.5854,1.2055
11.5859,1.2005
11.5865,1.2055
11.5870,1.2005
11.5876,1.2005
11.5881,1.2005
11.5887,1.2005
11.5892,1.2005
11.5898,1.2005
11.5903,1.2005
11.5909,1.2005
11.5914,1.2005
11.5920,1.1954
11.5925,1.2005
11.5931,1.2005
11.5936,1.2005
11.5942,1.2005
11.5947,1.2055
11.5953,1.2005
11.5958,1.2055
11.5964,1.2055
11.5969,1.1954
11.5975,1.2005
11.5980,1.1954
11.5986,1.2005
11.5991,1.2005
11.5997,1.2055
11.6002,1.2055
11.6008,1.2005
11.6013,1.2055
11.6019,1.2005
11.6024,1.1954
11.6030,1.2005
11.6035,1.2055
11.6041,1.2005
11.6046,1.2005
11.6052,1.2005
11.6057,1.2005
11.6063,1.2005
11.6068,1.2005
11.6074,1.2055
11.6079,1.2005
11.6085,1.2005
11.6090,1.2005
11.6096,1.2005
11.6101,1.2005
11.6107,1.2005
11.6112,1.2055
11.6118,1.2005
11.6123,1.2055
11.6129,1.2005
11.6135,1.2005
11.6140,1.2005
11.6146,1.2055
11.6151,1.2005
11.6157,1.2005
11.6162,1.2005
11.6168,1.2005
11.6173,1.2005
11.6179,1.2005
11.6184,1.2005
11.6190,1.2005
11.6195,1.1954
11.6201,1.2005
11.6206,1.2055
11.6212,1.2005
11.6217,1.2005
11.6223,1.2005
11.6228,1.2005
11.6234,1.2005
11.6240,1.2005
11.6245,1.2005
11.6251,1.2005
11.6256,1.2005
11.6262,1.1954
11.6267,1.2005
11.6273,1.2005
11.6278,1.2005
11.6284,1.2005
11.6289,1.2005
11.6295,1.2005
11.6300,1.2005
11.6306,1.2005
11.6311,1.2005
11.6317,1.1954
11.6322,1.2005
11.6328,1.2005
11.6333,1.2005
11.6339,1.2005
11.6344,1.2005
11.6350,1.2005
11.6355,1.2005
11.6361,1.2005
11.6366,1.2005
11.6372,1.1954
11.6377,1.2005
11.6383,1.1954
11.6388,1.2005
11.6394,1.2005
11.6399,1.2005
11.6405,1.2005
11.6410,1.2005
11.6416,1.2005
11.6421,1.2005
11.6427,1.1954
11.6432,1.1954
11.6438,1.1954
11.6443,1.2005
11.6449,1.2005
11.6454,1.2005
11.6460,1.2005
11.6465,1.2005
11.6471,1.2005
11.6476,1.2005
11.6482,1.1954
11.6487,1.2005
11.6493,1.2005
11.6498,1.2005
11.6504,1.2005
11.6509,1.1954
11.6515,1.2005
11.6520,1.2005
11.6526,1.2005
11.6531,1.1954
11.6537,1.1954
11.6542,1.1954
11.6548,1.2005
11.6553,1.2005
11.6559,1.2005
11.6564,1.2005
11.6570,1.2005
11.6575,1.2005
11.6581,1.1954
11.6586,1.2005
11.6592,1.2005
11.6597,1.2005
11.6603,1.2005
11.6608,1.2005
11.6614,1.2005
11.6619,1.2005
11.6625,1.2005
11.6630,1.2055
11.6636,1.2005
11.6641,1.2005
11.6647,1.2005
11.6652,1.1954
11.6658,1.1954
11.6663,1.1954
11.6669,1.2005
11.6674,1.1954
11.6680,1.1954
11.6685,1.2005
11.6691,1.2005
11.6696,1.1954
11.6702,1.1954
11.6707,1.2005
11.6713,1.1954
11.6718,1.1954
11.6724,1.2005
11.6729,1.2005
11.6735,1.2005
11.6740,1.2005
11.6746,1.2005
11.6751,1.1954
11.6757,1.2005
11.6762,1.2005
11.6768,1.1954
11.6773,1.2005
11.6779,1.1954
11.6784,1.2005
11.6790,1.2005
11.6795,1.2005
11.6801,1.1954
11.6806,1.2005
11.6812,1.1954
11.6817,1.2005
11.6823,1.1954
11.6828,1.2005
11.6834,1.2005
11.6840,1.2005
11.6845,1.2005
11.6851,1.2005
11.6856,1.2005
11.6862,1.2055
11.6867,1.1954
11.6873,1.2005
11.6878,1.2005
11.6884,1.2005
11.6890,1.1954
11.6895,1.2005
11.6901,1.1954
11.6906,1.2005
11.6912,1.1954
11.6917,1.1954
11.6923,1.1954
11.6928,1.2005
11.6934,1.1954
11.6939,1.1904
11.6945,1.1954
11.6950,1.1954
11.6956,1.1954
11.6961,1.1954
11.6967,1.2005
11.6972,1.1954
11.6978,1.2005
11.6983,1.2005
11.6989,1.1954
11.6994,1.2005
11.7000,1.1954
11.7005,1.1954
11.7011,1.2005
11.7016,1.2005
11.7022,1.2005
11.7027,1.2005
11.7033,1.2005
11.7038,1.1954
11.7044,1.1954
11.7049,1.1954
11.7055,1.2005
11.7060,1.2005
11.7066,1.2005
11.7071,1.1954
11.7077,1.2005
11.7082,1.1954
11.7088,1.1954
11.7093,1.1954
11.7099,1.1954
11.7104,1.1954
11.7110,1.1954
11.7115,1.1954
11.7121,1.1954
11.7126,1.2005
11.7132,1.1954
11.7137,1.1954
11.7143,1.2005
11.7148,1.1954
11.7154,1.2005
11.7159,1.1954
11.7165,1.1954
11.7170,1.2005
11.7176,1.2005
11.7181,1.2005
11.7187,1.1954
11.7192,1.2005
11.7198,1.2005
11.7203,1.1954
11.7209,1.1954
11.7214,1.1954
11.7220,1.2005
11.7225,1.2005
11.7231,1.1954
11.7236,1.1954
11.7242,1.1954
11.7247,1.2005
11.7253,1.1954
11.7258,1.1954
11.7264,1.2005
11.7269,1.1904
11.7275,1.1954
11.7280,1.1954
11.7286,1.2005
11.7291,1.2005
11.7297,1.1954
11.7302,1.1954
11.7308,1.2005
11.7313,1.1954
11.7319,1.1954
11.7324,1.1954
11.7330,1.2005
11.7335,1.2005
11.7341,1.1954
11.7346,1.2005
11.7352,1.1954
11.7357,1.1954
11.7363,1.1954
11.7368,1.1954
11.7374,1.1954
11.7379,1.1954
11.7385,1.2005
11.7390,1.2005
11.7396,1.2005
11.7401,1.1954
11.7406,1.2005
11.7412,1.2005
11.7417,1.1954
11.7423,1.1954
11.7428,1.1904
11.7434,1.1954
11.7439,1.1954
11.7445,1.1954
11.7450,1.1954
11.7456,1.1954
11.7461,1.1954
11.7467,1.1954
11.7472,1.1954
11.7478,1.1954
11.7483,1.2005
11.7489,1.1954
11.7494,1.1904
11.7500,1.1954
11.7505,1.2005
11.7511,1.2005
11.7516,1.1954
11.7522,1.1954
11.7527,1.2005
11.7533,1.1954
11.7538,1.1954
11.7544,1.1954
11.7549,1.1954
11.7555,1.1954
11.7560,1.1954
11.7566,1.1954
11.7571,1.1954
11.7577,1.2005
11.7582,1.1904
11.7588,1.1954
11.7594,1.1954
11.7599,1.2005
11.7605,1.2005
11.7610,1.1954
11.7616,1.1954
11.7621,1.1954
11.7627,1.1954
11.7632,1.1954
11.7638,1.1954
11.7643,1.2005
11.7649,1.1954
11.7654,1.1954
11.7660,1.1954
11.7665,1.1954
11.7671,1.1904
11.7676,1.1954
11.7682,1.1954
11.7687,1.1954
11.7693,1.1954
11.7698,1.1904
11.7704,1.2005
11.7709,1.1954
11.7715,1.2005
11.7720,1.1904
11.7726,1.1954
11.7731,1.1954
11.7737,1.1954
11.7742,1.1954
11.7748,1.1954
11.7753,1.1954
11.7759,1.1954
11.7764,1.1904
11.7770,1.2005
11.7775,1.1954
11.7781,1.1954
11.7786,1.1954
11.7792,1.1954
11.7797,1.1904
11.7803,1.1954
11.7808,1.2005
11.7814,1.1954
11.7819,1.1954
11.7825,1.2005
11.7830,1.1954
11.7836,1.1954
11.7841,1.1954
11.7847,1.1954
11.7852,1.1954
11.7858,1.1954
11.7864,1.2005
11.7869,1.1954
11.7875,1.1954
11.7880,1.1954
11.7886,1.1954
11.7891,1.1954
11.7897,1.1954
11.7902,1.1954
11.7908,1.1954
11.7913,1.1954
11.7919,1.2005
11.7924,1.1954
11.7930,1.1954
11.7935,1.1954
11.7941,1.1954
11.7946,1.1954
11.7952,1.1954
11.7957,1.1954
11.7963,1.1954
11.7968,1.1954
11.7974,1.1954
11.7979,1.1954
11.7985,1.1954
11.7990,1.1954
11.7996,1.1954
11.8001,1.2005
11.8007,1.1954
11.8012,1.1954
11.8018,1.1954
11.8023,1.1954
11.8029,1.1954
11.8034,1.1954
11.8040,1.1954
11.8045,1.1954
11.8051,1.1954
11.8056,1.1954
11.8062,1.1954
11.8067,1.1954
11.8073,1.1904
11.8078,1.1954
11.8084,1.1954
11.8089,1.1954
11.8095,1.1954
11.8100,1.1954
11.8105,1.1954
11.8111,1.1954
11.8116,1.1904
11.8122,1.2005
11.8127,1.1904
11.8133,1.1954
11.8138,1.1954
11.8144,1.1954
11.8149,1.1904
11.8155,1.1954
11.8160,1.1904
11.8166,1.1954
11.8171,1.1954
11.8177,1.1954
11.8182,1.1954
11.8188,1.1954
11.8193,1.1954
11.8199,1.1954
11.8204,1.1954
11.8210,1.1954
11.8215,1.1954
11.8221,1.1954
11.8226,1.1904
11.8232,1.1904
11.8237,1.1904
11.8243,1.2005
11.8248,1.1954
11.8254,1.1954
11.8259,1.2005
11.8265,1.1954
11.8270,1.1954
11.8276,1.1954
11.8281,1.1904
11.8287,1.1904
11.8293,1.1954
11.8298,1.1954
11.8304,1.1954
11.8309,1.1954
11.8315,1.1954
11.8320,1.1954
11.8326,1.1954
11.8331,1.1904
11.8337,1.1904
11.8342,1.1954
11.8348,1.1904
11.8353,1.1954
11.8359,1.1954
11.8364,1.1954
11.8369,1.1954
11.8375,1.1954
11.8380,1.1954
11.8386,1.1954
11.8391,1.1954
11.8397,1.1954
11.8402,1.1954
11.8408,1.1954
11.8413,1.1954
11.8419,1.1954
11.8424,1.1954
11.8430,1.1904
11.8435,1.1954
11.8441,1.1954
11.8446,1.1954
11.8452,1.1954
11.8457,1.1904
11.8463,1.1954
11.8468,1.1954
11.8474,1.1954
11.8479,1.1954
11.8485,1.2005
11.8490,1.1954
11.8496,1.1954
11.8501,1.1904
11.8507,1.1954
11.8512,1.1904
11.8518,1.1954
11.8523,1.1954
11.8529,1.1954
11.8534,1.1954
11.8540,1.1954
11.8545,1.1954
11.8551,1.1954
11.8556,1.1954
11.8562,1.1954
11.8567,1.1904
11.8573,1.1954
11.8578,1.1904
11.8584,1.1954
11.8589,1.1904
11.8595,1.1954
11.8600,1.1954
11.8606,1.1954
11.8611,1.1954
11.8617,1.1904
11.8622,1.1954
11.8628,1.1954
11.8633,1.1904
11.8639,1.1954
11.8644,1.1904
11.8650,1.1954
11.8655,1.1904
11.8661,1.1904
11.8666,1.1904
11.8672,1.1904
11.8677,1.1954
11.8683,1.1954
11.8688,1.1904
11.8694,1.1954
11.8699,1.1954
11.8705,1.1954
11.8710,1.1954
11.8716,1.1954
11.8721,1.1904
11.8727,1.1904
11.8732,1.1954
11.8738,1.1954
11.8743,1.1904
11.8749,1.1954
11.8754,1.1954
11.8760,1.1954
11.8765,1.1904
11.8771,1.1954
11.8776,1.1954
11.8782,1.1904
11.8787,1.1954
11.8792,1.2005
11.8798,1.1904
11.8803,1.1954
11.8809,1.1954
11.8814,1.1954
11.8820,1.1904
11.8825,1.1954
11.8831,1.1954
11.8836,1.1954
11.8842,1.1954
11.8848,1.1954
11.8853,1.1904
11.8858,1.1954
11.8864,1.1954
11.8870,1.1954
11.8875,1.1954
11.8881,1.1954
11.8886,1.1954
11.8892,1.1954
11.8897,1.1954
11.8903,1.1954
11.8908,1.1954
11.8914,1.1954
11.8919,1.1954
11.8925,1.1954
11.8930,1.1954
11.8936,1.1954
11.8941,1.1904
11.8947,1.1954
11.8952,1.1954
11.8958,1.1954
11.8963,1.1954
11.8969,1.1954
11.8974,1.1904
11.8980,1.1954
11.8986,1.1904
11.8992,1.1904
11.8997,1.1954
11.9003,1.1954
11.9008,1.1904
11.9014,1.1954
11.9019,1.1904
11.9025,1.1954
11.9030,1.1904
11.9036,1.1954
11.9041,1.2005
11.9047,1.1904
11.9052,1.1954
11.9058,1.1954
11.9063,1.1954
11.9069,1.1954
11.9074,1.1954
11.9080,1.1954
11.9085,1.1954
11.9091,1.1904
11.9096,1.1904
11.9102,1.1954
11.9107,1.1954
11.9113,1.1904
11.9118,1.1954
11.9124,1.1954
11.9129,1.1954
11.9135,1.2005
11.9140,1.1954
11.9146,1.1954
11.9151,1.1954
11.9157,1.1904
11.9162,1.2005
11.9168,1.1954
11.9173,1.1954
11.9179,1.1954
11.9184,1.1954
11.9190,1.1954
11.9195,1.1954
11.9201,1.1904
11.9206,1.2005
11.9212,1.1954
11.9217,1.1954
11.9223,1.1954
11.9228,1.1954
11.9234,1.2005
11.9240,1.2005
11.9245,1.2005
11.9251,1.1954
11.9256,1.1954
11.9262,1.1954
11.9267,1.1954
11.9273,1.2005
11.9278,1.2005
11.9284,1.2005
11.9289,1.2005
11.9295,1.2005
11.9300,1.2005
11.9306,1.2005
11.9311,1.1954
11.9317,1.1954
11.9322,1.2005
11.9328,1.2005
11.9333,1.1954
11.9339,1.2005
11.9344,1.2055
11.9350,1.2005
11.9355,1.1954
11.9361,1.2005
11.9366,1.2005
11.9371,1.1954
11.9377,1.2055
11.9382,1.2005
11.9388,1.2005
11.9393,1.2005
11.9399,1.2005
11.9404,1.2005
11.9413,1.2005
11.9419,1.2005
11.9426,1.2005
11.9432,1.2005
11.9437,1.2005
11.9443,1.2005
11.9448,1.2005
11.9457,1.2055
11.9463,1.2005
11.9468,1.2055
11.9474,1.2055
11.9479,1.2055
11.9485,1.2005
11.9491,1.2005
11.9496,1.2055
11.9502,1.2005
11.9507,1.2055
11.9513,1.2055
11.9518,1.2055
11.9524,1.2055
11.9530,1.2005
11.9535,1.2055
11.9541,1.2055
11.9546,1.2055
11.9552,1.2005
11.9558,1.2055
11.9564,1.2055
11.9635,1.2055
11.9641,1.2106
11.9647,1.2055
11.9652,1.2055
11.9658,1.2106
11.9663,1.2055
11.9669,1.2106
11.9674,1.2106
11.9680,1.2106
11.9686,1.2106
11.9691,1.2055
11.9696,1.2055
11.9702,1.2106
11.9707,1.2055
11.9713,1.2055
11.9718,1.2106
11.9724,1.2106
11.9730,1.2106
11.9735,1.2106
11.9741,1.2106
11.9746,1.2106
11.9752,1.2106
11.9757,1.2106
11.9763,1.2156
11.9768,1.2055
11.9774,1.2156
11.9779,1.2106
11.9785,1.2106
11.9790,1.2106
11.9796,1.2106
11.9801,1.2106
11.9807,1.2156
11.9812,1.2106
11.9817,1.2106
11.9823,1.2106
11.9828,1.2106
11.9834,1.2106
11.9839,1.2106
11.9845,1.2156
11.9851,1.2106
11.9856,1.2106
11.9862,1.2106
11.9868,1.2156
11.9874,1.2106
11.9879,1.2106
11.9885,1.2106
11.9890,1.2106
11.9895,1.2106
11.9901,1.2106
11.9906,1.2156
11.9912,1.2106
11.9917,1.2156
11.9922,1.2106
11.9928,1.2156
11.9933,1.2156
11.9938,1.2156
11.9944,1.2156
11.9949,1.2156
11.9955,1.2106
11.9960,1.2106
11.9965,1.2156
11.9971,1.2156
11.9976,1.2156
11.9981,1.2156
11.9987,1.2156
11.9992,1.2106
11.9998,1.2156
12.0003,1.2156
