Время[c],Напряжение[В]
0.0000,1.2206
0.0006,1.2257
0.0011,1.2257
0.0016,1.2257
0.0021,1.2257
0.0027,1.2257
0.0032,1.2257
0.0037,1.2257
0.0043,1.2257
0.0048,1.2257
0.0053,1.2257
0.0058,1.2206
0.0064,1.2257
0.0069,1.2206
0.0074,1.2257
0.0079,1.2257
0.0085,1.2257
0.0090,1.2206
0.0095,1.2206
0.0100,1.2257
0.0105,1.2206
0.0111,1.2257
0.0116,1.2206
0.0121,1.2257
0.0126,1.2257
0.0132,1.2257
0.0137,1.2257
0.0142,1.2257
0.0147,1.2307
0.0152,1.2257
0.0158,1.2257
0.0163,1.2257
0.0168,1.2257
0.0173,1.2257
0.0179,1.2257
0.0184,1.2257
0.0189,1.2257
0.0194,1.2257
0.0199,1.2206
0.0205,1.2257
0.0210,1.2257
0.0215,1.2257
0.0220,1.2257
0.0226,1.2257
0.0231,1.2257
0.0236,1.2257
0.0241,1.2257
0.0246,1.2257
0.0252,1.2257
0.0257,1.2206
0.0262,1.2206
0.0267,1.2206
0.0273,1.2257
0.0278,1.2257
0.0283,1.2257
0.0288,1.2206
0.0294,1.2206
0.0299,1.2257
0.0304,1.2257
0.0309,1.2206
0.0314,1.2206
0.0320,1.2257
0.0325,1.2257
0.0330,1.2206
0.0335,1.2257
0.0341,1.2257
0.0346,1.2257
0.0351,1.2206
0.0356,1.2257
0.0361,1.2257
0.0367,1.2257
0.0372,1.2257
0.0377,1.2257
0.0382,1.2257
0.0388,1.2257
0.0393,1.2206
0.0398,1.2257
0.0403,1.2257
0.0409,1.2206
0.0414,1.2257
0.0419,1.2257
0.0424,1.2257
0.0430,1.2257
0.0435,1.2206
0.0440,1.2206
0.0445,1.2206
0.0451,1.2257
0.0456,1.2257
0.0461,1.2257
0.0466,1.2257
0.0471,1.2257
0.0477,1.2257
0.0482,1.2257
0.0487,1.2257
0.0492,1.2206
0.0498,1.2206
0.0503,1.2206
0.0508,1.2257
0.0513,1.2257
0.0519,1.2206
0.0524,1.2206
0.0529,1.2257
0.0534,1.2206
0.0540,1.2257
0.0545,1.2257
0.0550,1.2206
0.0555,1.2257
0.0561,1.2257
0.0566,1.2206
0.0571,1.2257
0.0576,1.2257
0.0582,1.2257
0.0587,1.2257
0.0592,1.2257
0.0597,1.2257
0.0603,1.2257
0.0608,1.2206
0.0613,1.2206
0.0618,1.2257
0.0623,1.2206
0.0629,1.2206
0.0634,1.2257
0.0639,1.2206
0.0644,1.2257
0.0650,1.2257
0.0655,1.2206
0.0660,1.2206
0.0665,1.2257
0.0671,1.2257
0.0676,1.2257
0.0681,1.2257
0.0686,1.2206
0.0692,1.2206
0.0697,1.2307
0.0702,1.2257
0.0707,1.2257
0.0713,1.2206
0.0718,1.2257
0.0723,1.2257
0.0728,1.2257
0.0734,1.2206
0.0739,1.2257
0.0744,1.2206
0.0749,1.2257
0.0755,1.2206
0.0760,1.2206
0.0765,1.2206
0.0770,1.2206
0.0776,1.2257
0.0781,1.2206
0.0786,1.2206
0.0791,1.2206
0.0797,1.2206
0.0802,1.2257
0.0807,1.2257
0.0812,1.2257
0.0817,1.2257
0.0823,1.2206
0.0828,1.2206
0.0833,1.2156
0.0838,1.2206
0.0844,1.2206
0.0849,1.2156
0.0854,1.2206
0.0859,1.2206
0.0864,1.2206
0.0870,1.2257
0.0875,1.2257
0.0880,1.2156
0.0885,1.2257
0.0891,1.2257
0.0896,1.2257
0.0901,1.2257
0.0906,1.2206
0.0912,1.2206
0.0917,1.2257
0.0922,1.2206
0.0927,1.2257
0.0933,1.2206
0.0938,1.2206
0.0943,1.2206
0.0948,1.2206
0.0954,1.2206
0.0959,1.2206
0.0964,1.2206
0.0969,1.2206
0.0974,1.2206
0.0980,1.2257
0.0985,1.2206
0.0990,1.2206
0.0995,1.2257
0.1001,1.2257
0.1006,1.2257
0.1011,1.2257
0.1016,1.2206
0.1022,1.2206
0.1027,1.2257
0.1033,1.2257
0.1038,1.2257
0.1044,1.2257
0.1050,1.2257
0.1055,1.2206
0.1061,1.2257
0.1066,1.2257
0.1072,1.2206
0.1077,1.2257
0.1082,1.2257
0.1088,1.2206
0.1093,1.2206
0.1098,1.2257
0.1103,1.2257
0.1109,1.2206
0.1114,1.2206
0.1119,1.2206
0.1125,1.2257
0.1130,1.2257
0.1139,1.2206
0.1144,1.2206
0.1150,1.2206
0.1155,1.2206
0.1163,1.2257
0.1168,1.2206
0.1174,1.2206
0.1179,1.2257
0.1184,1.2257
0.1189,1.2257
0.1195,1.2156
0.1200,1.2257
0.1206,1.2257
0.1211,1.2206
0.1216,1.2206
0.1221,1.2206
0.1226,1.2206
0.1232,1.2206
0.1237,1.2206
0.1242,1.2257
0.1247,1.2206
0.1253,1.2257
0.1258,1.2206
0.1263,1.2257
0.1268,1.2257
0.1273,1.2206
0.1279,1.2257
0.1284,1.2206
0.1289,1.2257
0.1294,1.2257
0.1300,1.2257
0.1305,1.2206
0.1310,1.2206
0.1315,1.2257
0.1320,1.2206
0.1326,1.2206
0.1331,1.2257
0.1336,1.2206
0.1342,1.2206
0.1347,1.2156
0.1352,1.2206
0.1357,1.2257
0.1363,1.2257
0.1368,1.2206
0.1373,1.2206
0.1378,1.2257
0.1383,1.2156
0.1389,1.2206
0.1394,1.2206
0.1399,1.2206
0.1404,1.2257
0.1410,1.2257
0.1415,1.2206
0.1420,1.2257
0.1425,1.2206
0.1431,1.2206
0.1436,1.2206
0.1441,1.2206
0.1446,1.2156
0.1451,1.2257
0.1457,1.2257
0.1462,1.2206
0.1467,1.2206
0.1472,1.2257
0.1477,1.2257
0.1483,1.2206
0.1488,1.2257
0.1493,1.2257
0.1498,1.2206
0.1504,1.2257
0.1509,1.2206
0.1514,1.2257
0.1519,1.2206
0.1524,1.2206
0.1530,1.2257
0.1535,1.2257
0.1540,1.2206
0.1545,1.2257
0.1551,1.2257
0.1556,1.2206
0.1561,1.2257
0.1566,1.2257
0.1571,1.2206
0.1577,1.2206
0.1582,1.2257
0.1587,1.2257
0.1592,1.2307
0.1597,1.2257
0.1603,1.2307
0.1608,1.2257
0.1613,1.2257
0.1618,1.2257
0.1624,1.2206
0.1629,1.2257
0.1634,1.2307
0.1639,1.2307
0.1644,1.2257
0.1650,1.2307
0.1655,1.2307
0.1660,1.2257
0.1665,1.2257
0.1671,1.2307
0.1676,1.2257
0.1681,1.2307
0.1686,1.2257
0.1691,1.2206
0.1697,1.2257
0.1702,1.2307
0.1707,1.2307
0.1712,1.2257
0.1718,1.2257
0.1723,1.2257
0.1728,1.2307
0.1733,1.2257
0.1738,1.2307
0.1744,1.2307
0.1749,1.2307
0.1754,1.2307
0.1759,1.2307
0.1764,1.2257
0.1770,1.2307
0.1775,1.2307
0.1780,1.2206
0.1785,1.2307
0.1791,1.2257
0.1796,1.2257
0.1801,1.2307
0.1806,1.2307
0.1812,1.2307
0.1817,1.2307
0.1822,1.2307
0.1827,1.2307
0.1833,1.2307
0.1838,1.2307
0.1843,1.2307
0.1848,1.2358
0.1853,1.2307
0.1859,1.2307
0.1864,1.2307
0.1869,1.2307
0.1874,1.2307
0.1880,1.2358
0.1885,1.2307
0.1890,1.2307
0.1895,1.2307
0.1901,1.2307
0.1906,1.2358
0.1911,1.2307
0.1916,1.2307
0.1922,1.2307
0.1927,1.2257
0.1932,1.2307
0.1937,1.2307
0.1943,1.2358
0.1948,1.2358
0.1953,1.2307
0.1958,1.2307
0.1963,1.2307
0.1969,1.2307
0.1974,1.2307
0.1979,1.2358
0.1984,1.2358
0.1990,1.2358
0.1995,1.2358
0.2000,1.2358
0.2005,1.2307
0.2011,1.2358
0.2016,1.2358
0.2021,1.2307
0.2026,1.2358
0.2032,1.2358
0.2037,1.2358
0.2042,1.2358
0.2047,1.2358
0.2053,1.2307
0.2058,1.2408
0.2063,1.2408
0.2068,1.2358
0.2073,1.2307
0.2079,1.2358
0.2084,1.2358
0.2089,1.2358
0.2094,1.2358
0.2100,1.2358
0.2105,1.2358
0.2110,1.2408
0.2115,1.2358
0.2121,1.2307
0.2126,1.2358
0.2131,1.2408
0.2136,1.2358
0.2142,1.2358
0.2147,1.2358
0.2152,1.2358
0.2157,1.2459
0.2163,1.2358
0.2168,1.2358
0.2173,1.2408
0.2178,1.2408
0.2184,1.2358
0.2189,1.2408
0.2194,1.2408
0.2199,1.2408
0.2204,1.2358
0.2210,1.2408
0.2215,1.2408
0.2220,1.2408
0.2225,1.2408
0.2231,1.2408
0.2236,1.2408
0.2241,1.2408
0.2246,1.2408
0.2251,1.2408
0.2257,1.2358
0.2262,1.2358
0.2267,1.2358
0.2272,1.2358
0.2277,1.2358
0.2283,1.2408
0.2288,1.2358
0.2293,1.2408
0.2298,1.2358
0.2304,1.2408
0.2309,1.2408
0.2314,1.2358
0.2319,1.2408
0.2325,1.2408
0.2330,1.2408
0.2335,1.2358
0.2340,1.2408
0.2346,1.2408
0.2351,1.2408
0.2356,1.2408
0.2361,1.2408
0.2366,1.2408
0.2372,1.2408
0.2377,1.2408
0.2382,1.2408
0.2387,1.2408
0.2393,1.2408
0.2398,1.2408
0.2403,1.2408
0.2408,1.2408
0.2414,1.2358
0.2419,1.2408
0.2424,1.2408
0.2429,1.2408
0.2435,1.2408
0.2440,1.2408
0.2445,1.2459
0.2451,1.2408
0.2456,1.2408
0.2461,1.2459
0.2466,1.2408
0.2472,1.2459
0.2477,1.2408
0.2482,1.2408
0.2488,1.2408
0.2493,1.2408
0.2498,1.2459
0.2504,1.2459
0.2509,1.2408
0.2514,1.2358
0.2520,1.2408
0.2525,1.2408
0.2530,1.2408
0.2536,1.2408
0.2541,1.2408
0.2546,1.2408
0.2552,1.2408
0.2557,1.2408
0.2562,1.2358
0.2568,1.2408
0.2580,1.2459
0.2585,1.2408
0.2590,1.2459
0.2595,1.2408
0.2601,1.2408
0.2606,1.2408
0.2611,1.2459
0.2616,1.2459
0.2622,1.2459
0.2627,1.2408
0.2632,1.2408
0.2637,1.2408
0.2642,1.2408
0.2648,1.2459
0.2653,1.2408
0.2658,1.2408
0.2663,1.2459
0.2669,1.2408
0.2674,1.2408
0.2679,1.2358
0.2684,1.2459
0.2689,1.2408
0.2695,1.2408
0.2700,1.2408
0.2705,1.2408
0.2710,1.2408
0.2716,1.2408
0.2721,1.2408
0.2726,1.2408
0.2731,1.2408
0.2736,1.2408
0.2742,1.2459
0.2747,1.2408
0.2752,1.2459
0.2757,1.2459
0.2762,1.2408
0.2768,1.2459
0.2773,1.2408
0.2778,1.2459
0.2783,1.2408
0.2789,1.2459
0.2794,1.2408
0.2799,1.2408
0.2804,1.2408
0.2810,1.2459
0.2815,1.2459
0.2820,1.2408
0.2825,1.2459
0.2830,1.2459
0.2836,1.2459
0.2841,1.2408
0.2846,1.2408
0.2851,1.2459
0.2856,1.2408
0.2862,1.2459
0.2867,1.2459
0.2872,1.2459
0.2877,1.2459
0.2883,1.2459
0.2888,1.2408
0.2893,1.2358
0.2898,1.2408
0.2903,1.2459
0.2909,1.2459
0.2914,1.2408
0.2919,1.2408
0.2924,1.2459
0.2930,1.2459
0.2935,1.2459
0.2940,1.2459
0.2945,1.2408
0.2950,1.2408
0.2956,1.2459
0.2961,1.2408
0.2966,1.2408
0.2971,1.2408
0.2976,1.2459
0.2982,1.2459
0.2987,1.2459
0.2992,1.2408
0.2997,1.2459
0.3003,1.2408
0.3008,1.2459
0.3013,1.2408
0.3018,1.2408
0.3024,1.2459
0.3029,1.2408
0.3034,1.2408
0.3039,1.2408
0.3045,1.2459
0.3050,1.2408
0.3055,1.2408
0.3060,1.2459
0.3065,1.2459
0.3071,1.2459
0.3076,1.2408
0.3081,1.2358
0.3086,1.2408
0.3092,1.2408
0.3097,1.2459
0.3102,1.2408
0.3107,1.2408
0.3113,1.2459
0.3118,1.2459
0.3123,1.2459
0.3128,1.2459
0.3133,1.2459
0.3139,1.2459
0.3144,1.2408
0.3149,1.2408
0.3154,1.2408
0.3160,1.2459
0.3165,1.2408
0.3170,1.2459
0.3175,1.2408
0.3181,1.2459
0.3186,1.2459
0.3191,1.2408
0.3196,1.2459
0.3202,1.2459
0.3207,1.2459
0.3212,1.2408
0.3217,1.2408
0.3223,1.2459
0.3228,1.2408
0.3233,1.2459
0.3238,1.2459
0.3243,1.2408
0.3249,1.2408
0.3254,1.2408
0.3259,1.2459
0.3264,1.2459
0.3270,1.2408
0.3275,1.2459
0.3280,1.2408
0.3285,1.2408
0.3291,1.2459
0.3296,1.2459
0.3301,1.2408
0.3306,1.2459
0.3311,1.2408
0.3317,1.2459
0.3322,1.2459
0.3327,1.2459
0.3332,1.2459
0.3338,1.2459
0.3343,1.2459
0.3348,1.2408
0.3353,1.2408
0.3359,1.2459
0.3364,1.2459
0.3369,1.2408
0.3374,1.2408
0.3380,1.2358
0.3385,1.2408
0.3390,1.2408
0.3395,1.2408
0.3400,1.2459
0.3406,1.2459
0.3411,1.2408
0.3416,1.2408
0.3421,1.2459
0.3427,1.2408
0.3432,1.2408
0.3437,1.2408
0.3442,1.2509
0.3448,1.2408
0.3453,1.2459
0.3458,1.2408
0.3463,1.2459
0.3468,1.2459
0.3474,1.2459
0.3479,1.2408
0.3484,1.2408
0.3489,1.2408
0.3495,1.2408
0.3500,1.2459
0.3505,1.2408
0.3510,1.2408
0.3516,1.2358
0.3521,1.2408
0.3526,1.2408
0.3531,1.2459
0.3537,1.2408
0.3542,1.2408
0.3547,1.2459
0.3552,1.2408
0.3557,1.2408
0.3563,1.2459
0.3568,1.2459
0.3573,1.2408
0.3578,1.2459
0.3584,1.2408
0.3589,1.2408
0.3594,1.2408
0.3599,1.2408
0.3605,1.2459
0.3610,1.2459
0.3615,1.2459
0.3620,1.2459
0.3626,1.2408
0.3631,1.2408
0.3637,1.2408
0.3659,1.2459
0.3665,1.2408
0.3670,1.2408
0.3676,1.2459
0.3683,1.2408
0.3689,1.2408
0.3695,1.2459
0.3701,1.2459
0.3707,1.2408
0.3712,1.2459
0.3718,1.2459
0.3723,1.2358
0.3729,1.2459
0.3735,1.2459
0.3741,1.2408
0.3747,1.2459
0.3753,1.2408
0.3758,1.2459
0.3764,1.2358
0.3770,1.2459
0.3776,1.2459
0.3781,1.2408
0.3787,1.2459
0.3793,1.2459
0.3798,1.2408
0.3804,1.2459
0.3809,1.2459
0.3815,1.2408
0.3820,1.2408
0.3826,1.2408
0.3832,1.2408
0.3838,1.2408
0.3844,1.2459
0.3850,1.2408
0.3856,1.2408
0.3862,1.2408
0.3868,1.2459
0.3873,1.2459
0.3879,1.2459
0.3884,1.2408
0.3890,1.2459
0.3895,1.2408
0.3901,1.2408
0.3907,1.2459
0.3912,1.2408
0.3918,1.2459
0.3923,1.2358
0.3930,1.2408
0.3936,1.2459
0.3942,1.2408
0.3947,1.2408
0.3953,1.2408
0.3958,1.2408
0.3963,1.2408
0.3968,1.2408
0.3974,1.2408
0.3979,1.2459
0.3984,1.2358
0.3990,1.2459
0.3996,1.2459
0.4002,1.2358
0.4009,1.2459
0.4014,1.2408
0.4021,1.2408
0.4026,1.2459
0.4032,1.2459
0.4038,1.2408
0.4043,1.2408
0.4049,1.2408
0.4055,1.2408
0.4060,1.2408
0.4066,1.2408
0.4072,1.2408
0.4077,1.2459
0.4084,1.2408
0.4089,1.2408
0.4095,1.2408
0.4101,1.2358
0.4107,1.2408
0.4113,1.2408
0.4119,1.2408
0.4125,1.2408
0.4131,1.2408
0.4136,1.2408
0.4141,1.2408
0.4147,1.2358
0.4152,1.2408
0.4157,1.2408
0.4163,1.2408
0.4168,1.2408
0.4174,1.2408
0.4180,1.2408
0.4186,1.2408
0.4191,1.2459
0.4197,1.2408
0.4203,1.2408
0.4208,1.2408
0.4214,1.2408
0.4219,1.2408
0.4225,1.2408
0.4231,1.2408
0.4236,1.2408
0.4242,1.2408
0.4247,1.2408
0.4253,1.2408
0.4258,1.2408
0.4264,1.2408
0.4270,1.2408
0.4276,1.2459
0.4281,1.2358
0.4286,1.2408
0.4291,1.2408
0.4296,1.2408
0.4302,1.2408
0.4307,1.2408
0.4312,1.2408
0.4317,1.2408
0.4323,1.2408
0.4328,1.2358
0.4333,1.2358
0.4339,1.2307
0.4344,1.2459
0.4350,1.2408
0.4356,1.2408
0.4361,1.2459
0.4367,1.2358
0.4372,1.2408
0.4377,1.2408
0.4383,1.2358
0.4389,1.2408
0.4395,1.2408
0.4400,1.2358
0.4406,1.2408
0.4411,1.2358
0.4417,1.2358
0.4423,1.2408
0.4428,1.2408
0.4434,1.2408
0.4440,1.2408
0.4445,1.2408
0.4451,1.2358
0.4456,1.2408
0.4462,1.2408
0.4467,1.2408
0.4473,1.2408
0.4478,1.2358
0.4484,1.2408
0.4489,1.2358
0.4495,1.2408
0.4500,1.2408
0.4506,1.2408
0.4513,1.2408
0.4519,1.2358
0.4525,1.2408
0.4531,1.2358
0.4537,1.2459
0.4542,1.2408
0.4548,1.2358
0.4553,1.2358
0.4559,1.2358
0.4565,1.2408
0.4570,1.2358
0.4576,1.2408
0.4582,1.2358
0.4588,1.2358
0.4593,1.2459
0.4599,1.2358
0.4605,1.2358
0.4610,1.2307
0.4616,1.2358
0.4621,1.2358
0.4627,1.2358
0.4633,1.2408
0.4638,1.2408
0.4643,1.2408
0.4648,1.2358
0.4654,1.2358
0.4659,1.2358
0.4664,1.2358
0.4670,1.2358
0.4676,1.2408
0.4682,1.2358
0.4687,1.2358
0.4693,1.2358
0.4698,1.2307
0.4704,1.2358
0.4709,1.2408
0.4715,1.2408
0.4721,1.2408
0.4726,1.2358
0.4732,1.2358
0.4737,1.2358
0.4743,1.2358
0.4748,1.2408
0.4754,1.2358
0.4760,1.2358
0.4765,1.2408
0.4771,1.2358
0.4776,1.2408
0.4782,1.2358
0.4787,1.2358
0.4792,1.2408
0.4797,1.2358
0.4803,1.2408
0.4808,1.2358
0.4813,1.2358
0.4818,1.2358
0.4824,1.2358
0.4829,1.2358
0.4835,1.2358
0.4841,1.2408
0.4846,1.2408
0.4852,1.2408
0.4857,1.2358
0.4863,1.2408
0.4869,1.2307
0.4874,1.2408
0.4880,1.2358
0.4885,1.2358
0.4891,1.2408
0.4897,1.2358
0.4902,1.2408
0.4908,1.2358
0.4913,1.2358
0.4919,1.2358
0.4925,1.2408
0.4930,1.2307
0.4936,1.2358
0.4941,1.2358
0.4946,1.2358
0.4952,1.2408
0.4957,1.2408
0.4962,1.2358
0.4967,1.2408
0.4973,1.2358
0.4978,1.2358
0.4983,1.2408
0.4989,1.2358
0.4994,1.2307
0.4999,1.2358
0.5005,1.2358
0.5010,1.2307
0.5016,1.2358
0.5021,1.2408
0.5027,1.2408
0.5032,1.2358
0.5038,1.2358
0.5043,1.2358
0.5049,1.2358
0.5055,1.2358
0.5060,1.2307
0.5066,1.2358
0.5071,1.2358
0.5077,1.2358
0.5082,1.2358
0.5088,1.2358
0.5094,1.2408
0.5099,1.2358
0.5105,1.2358
0.5110,1.2358
0.5115,1.2358
0.5121,1.2408
0.5126,1.2358
0.5131,1.2358
0.5136,1.2358
0.5142,1.2358
0.5147,1.2358
0.5152,1.2358
0.5157,1.2358
0.5163,1.2358
0.5168,1.2307
0.5174,1.2358
0.5180,1.2358
0.5185,1.2358
0.5191,1.2307
0.5196,1.2358
0.5202,1.2408
0.5208,1.2358
0.5213,1.2358
0.5219,1.2408
0.5224,1.2307
0.5230,1.2408
0.5236,1.2358
0.5241,1.2307
0.5247,1.2358
0.5253,1.2408
0.5258,1.2358
0.5264,1.2358
0.5269,1.2358
0.5275,1.2358
0.5280,1.2408
0.5285,1.2358
0.5290,1.2307
0.5296,1.2358
0.5302,1.2358
0.5307,1.2358
0.5312,1.2358
0.5318,1.2358
0.5323,1.2358
0.5328,1.2408
0.5333,1.2358
0.5339,1.2358
0.5345,1.2307
0.5350,1.2358
0.5358,1.2358
0.5364,1.2358
0.5369,1.2408
0.5375,1.2358
0.5380,1.2358
0.5386,1.2358
0.5392,1.2358
0.5398,1.2358
0.5403,1.2307
0.5409,1.2307
0.5415,1.2358
0.5420,1.2307
0.5426,1.2358
0.5431,1.2408
0.5437,1.2307
0.5442,1.2358
0.5448,1.2307
0.5453,1.2358
0.5458,1.2358
0.5463,1.2358
0.5469,1.2307
0.5474,1.2358
0.5479,1.2358
0.5485,1.2358
0.5490,1.2358
0.5495,1.2408
0.5501,1.2358
0.5506,1.2358
0.5512,1.2358
0.5518,1.2307
0.5523,1.2358
0.5529,1.2358
0.5534,1.2307
0.5540,1.2358
0.5545,1.2358
0.5551,1.2307
0.5557,1.2307
0.5563,1.2358
0.5568,1.2358
0.5574,1.2307
0.5579,1.2358
0.5585,1.2358
0.5591,1.2408
0.5597,1.2358
0.5602,1.2358
0.5607,1.2358
0.5613,1.2307
0.5618,1.2358
0.5623,1.2358
0.5629,1.2358
0.5634,1.2358
0.5639,1.2307
0.5645,1.2358
0.5650,1.2358
0.5655,1.2307
0.5660,1.2358
0.5666,1.2307
0.5671,1.2358
0.5677,1.2358
0.5683,1.2307
0.5688,1.2358
0.5694,1.2307
0.5699,1.2358
0.5705,1.2307
0.5710,1.2358
0.5716,1.2358
0.5722,1.2358
0.5728,1.2307
0.5733,1.2307
0.5739,1.2307
0.5745,1.2358
0.5750,1.2358
0.5756,1.2358
0.5761,1.2307
0.5767,1.2358
0.5773,1.2307
0.5778,1.2358
0.5783,1.2358
0.5789,1.2307
0.5794,1.2358
0.5800,1.2358
0.5805,1.2408
0.5810,1.2307
0.5815,1.2307
0.5820,1.2307
0.5826,1.2358
0.5831,1.2307
0.5837,1.2358
0.5842,1.2307
0.5848,1.2358
0.5853,1.2358
0.5859,1.2307
0.5864,1.2358
0.5870,1.2307
0.5876,1.2307
0.5881,1.2307
0.5887,1.2358
0.5893,1.2358
0.5898,1.2307
0.5904,1.2307
0.5910,1.2307
0.5915,1.2358
0.5921,1.2307
0.5926,1.2307
0.5932,1.2307
0.5938,1.2358
0.5943,1.2307
0.5949,1.2358
0.5954,1.2358
0.5959,1.2358
0.5964,1.2307
0.5970,1.2358
0.5975,1.2358
0.5980,1.2358
0.5985,1.2358
0.5991,1.2307
0.5996,1.2307
0.6002,1.2358
0.6007,1.2307
0.6013,1.2358
0.6018,1.2307
0.6024,1.2408
0.6029,1.2307
0.6035,1.2307
0.6041,1.2358
0.6046,1.2358
0.6052,1.2307
0.6057,1.2307
0.6063,1.2358
0.6069,1.2307
0.6074,1.2307
0.6079,1.2307
0.6085,1.2358
0.6091,1.2307
0.6096,1.2307
0.6102,1.2307
0.6107,1.2307
0.6113,1.2358
0.6118,1.2307
0.6123,1.2307
0.6129,1.2307
0.6134,1.2307
0.6139,1.2307
0.6144,1.2307
0.6150,1.2358
0.6155,1.2307
0.6160,1.2307
0.6166,1.2307
0.6171,1.2307
0.6177,1.2257
0.6182,1.2307
0.6188,1.2307
0.6194,1.2307
0.6199,1.2307
0.6205,1.2307
0.6210,1.2257
0.6216,1.2307
0.6222,1.2257
0.6227,1.2307
0.6233,1.2307
0.6239,1.2358
0.6244,1.2358
0.6250,1.2358
0.6256,1.2307
0.6262,1.2307
0.6268,1.2307
0.6273,1.2307
0.6279,1.2307
0.6285,1.2257
0.6290,1.2307
0.6295,1.2257
0.6301,1.2307
0.6306,1.2358
0.6312,1.2307
0.6317,1.2307
0.6322,1.2257
0.6327,1.2358
0.6333,1.2307
0.6338,1.2307
0.6343,1.2307
0.6349,1.2307
0.6354,1.2257
0.6360,1.2257
0.6365,1.2307
0.6370,1.2257
0.6376,1.2307
0.6381,1.2358
0.6387,1.2307
0.6393,1.2307
0.6398,1.2307
0.6403,1.2358
0.6408,1.2307
0.6414,1.2257
0.6419,1.2307
0.6425,1.2257
0.6430,1.2307
0.6436,1.2307
0.6441,1.2307
0.6446,1.2307
0.6452,1.2307
0.6457,1.2307
0.6462,1.2257
0.6467,1.2307
0.6473,1.2307
0.6478,1.2307
0.6483,1.2307
0.6488,1.2307
0.6494,1.2307
0.6499,1.2257
0.6505,1.2307
0.6510,1.2307
0.6516,1.2257
0.6521,1.2307
0.6527,1.2257
0.6532,1.2257
0.6538,1.2307
0.6543,1.2257
0.6549,1.2307
0.6554,1.2257
0.6560,1.2307
0.6565,1.2307
0.6571,1.2257
0.6576,1.2307
0.6582,1.2307
0.6588,1.2257
0.6593,1.2257
0.6599,1.2358
0.6604,1.2257
0.6610,1.2307
0.6615,1.2257
0.6621,1.2257
0.6626,1.2307
0.6631,1.2257
0.6636,1.2307
0.6642,1.2307
0.6647,1.2307
0.6652,1.2307
0.6657,1.2307
0.6663,1.2307
0.6668,1.2307
0.6674,1.2307
0.6680,1.2307
0.6685,1.2257
0.6691,1.2307
0.6696,1.2307
0.6702,1.2307
0.6707,1.2257
0.6713,1.2257
0.6718,1.2257
0.6724,1.2307
0.6729,1.2307
0.6735,1.2307
0.6740,1.2307
0.6746,1.2257
0.6751,1.2307
0.6757,1.2257
0.6762,1.2257
0.6768,1.2307
0.6773,1.2257
0.6779,1.2257
0.6784,1.2257
0.6790,1.2257
0.6795,1.2307
0.6800,1.2257
0.6806,1.2307
0.6811,1.2307
0.6816,1.2257
0.6822,1.2307
0.6827,1.2307
0.6833,1.2257
0.6838,1.2257
0.6844,1.2257
0.6849,1.2257
0.6855,1.2257
0.6860,1.2307
0.6866,1.2257
0.6871,1.2257
0.6877,1.2307
0.6883,1.2257
0.6888,1.2307
0.6894,1.2307
0.6899,1.2307
0.6905,1.2257
0.6911,1.2307
0.6916,1.2206
0.6922,1.2257
0.6927,1.2257
0.6933,1.2257
0.6938,1.2257
0.6944,1.2206
0.6950,1.2307
0.6956,1.2307
0.6961,1.2206
0.6966,1.2257
0.6972,1.2257
0.6977,1.2257
0.6982,1.2257
0.6988,1.2257
0.6993,1.2257
0.6998,1.2307
0.7003,1.2257
0.7009,1.2307
0.7014,1.2257
0.7020,1.2257
0.7026,1.2257
0.7031,1.2257
0.7037,1.2257
0.7042,1.2257
0.7047,1.2307
0.7054,1.2307
0.7059,1.2257
0.7065,1.2206
0.7071,1.2257
0.7076,1.2257
0.7082,1.2257
0.7087,1.2257
0.7093,1.2257
0.7098,1.2257
0.7104,1.2257
0.7109,1.2257
0.7115,1.2257
0.7121,1.2257
0.7126,1.2257
0.7132,1.2257
0.7137,1.2257
0.7142,1.2206
0.7147,1.2206
0.7153,1.2257
0.7158,1.2257
0.7163,1.2206
0.7169,1.2307
0.7175,1.2206
0.7181,1.2257
0.7187,1.2257
0.7192,1.2307
0.7197,1.2257
0.7203,1.2257
0.7208,1.2257
0.7214,1.2257
0.7219,1.2307
0.7225,1.2307
0.7230,1.2257
0.7236,1.2257
0.7242,1.2257
0.7248,1.2257
0.7254,1.2257
0.7259,1.2257
0.7265,1.2257
0.7270,1.2257
0.7276,1.2257
0.7281,1.2257
0.7287,1.2257
0.7292,1.2257
0.7298,1.2257
0.7304,1.2257
0.7309,1.2257
0.7314,1.2307
0.7319,1.2206
0.7325,1.2307
0.7330,1.2257
0.7336,1.2257
0.7341,1.2257
0.7347,1.2257
0.7353,1.2257
0.7359,1.2206
0.7364,1.2206
0.7370,1.2257
0.7375,1.2257
0.7381,1.2257
0.7386,1.2257
0.7392,1.2257
0.7397,1.2257
0.7403,1.2257
0.7410,1.2257
0.7416,1.2257
0.7422,1.2206
0.7427,1.2257
0.7433,1.2257
0.7438,1.2257
0.7444,1.2206
0.7449,1.2257
0.7455,1.2206
0.7460,1.2257
0.7465,1.2257
0.7471,1.2257
0.7476,1.2257
0.7482,1.2257
0.7487,1.2257
0.7493,1.2257
0.7498,1.2206
0.7504,1.2206
0.7509,1.2257
0.7515,1.2257
0.7520,1.2257
0.7526,1.2206
0.7531,1.2257
0.7537,1.2257
0.7543,1.2257
0.7549,1.2257
0.7554,1.2307
0.7560,1.2206
0.7565,1.2257
0.7571,1.2257
0.7577,1.2257
0.7582,1.2206
0.7588,1.2257
0.7593,1.2257
0.7599,1.2307
0.7604,1.2257
0.7610,1.2257
0.7616,1.2257
0.7621,1.2206
0.7626,1.2206
0.7631,1.2257
0.7637,1.2206
0.7642,1.2257
0.7648,1.2257
0.7653,1.2257
0.7658,1.2257
0.7663,1.2257
0.7669,1.2257
0.7674,1.2206
0.7680,1.2257
0.7686,1.2257
0.7691,1.2206
0.7697,1.2257
0.7702,1.2257
0.7708,1.2257
0.7713,1.2257
0.7719,1.2257
0.7725,1.2257
0.7731,1.2257
0.7736,1.2206
0.7742,1.2257
0.7747,1.2257
0.7753,1.2257
0.7759,1.2257
0.7764,1.2257
0.7770,1.2257
0.7775,1.2257
0.7781,1.2257
0.7787,1.2257
0.7792,1.2206
0.7798,1.2206
0.7803,1.2257
0.7808,1.2257
0.7813,1.2257
0.7819,1.2257
0.7824,1.2206
0.7829,1.2206
0.7834,1.2257
0.7840,1.2206
0.7846,1.2257
0.7851,1.2257
0.7857,1.2257
0.7862,1.2206
0.7868,1.2257
0.7873,1.2206
0.7879,1.2257
0.7884,1.2257
0.7890,1.2257
0.7895,1.2257
0.7901,1.2257
0.7907,1.2257
0.7912,1.2257
0.7918,1.2257
0.7923,1.2257
0.7929,1.2206
0.7935,1.2257
0.7941,1.2257
0.7946,1.2257
0.7951,1.2257
0.7956,1.2257
0.7962,1.2307
0.7967,1.2257
0.7972,1.2257
0.7977,1.2206
0.7983,1.2206
0.7988,1.2257
0.7993,1.2257
0.7998,1.2206
0.8004,1.2257
0.8009,1.2257
0.8014,1.2257
0.8019,1.2257
0.8025,1.2257
0.8030,1.2257
0.8035,1.2257
0.8040,1.2206
0.8046,1.2257
0.8051,1.2257
0.8056,1.2257
0.8061,1.2257
0.8066,1.2257
0.8072,1.2257
0.8077,1.2257
0.8082,1.2257
0.8087,1.2257
0.8093,1.2206
0.8098,1.2257
0.8104,1.2257
0.8109,1.2206
0.8114,1.2257
0.8120,1.2257
0.8126,1.2206
0.8131,1.2206
0.8137,1.2257
0.8142,1.2206
0.8147,1.2206
0.8153,1.2257
0.8158,1.2257
0.8164,1.2206
0.8169,1.2257
0.8175,1.2257
0.8180,1.2206
0.8185,1.2257
0.8191,1.2257
0.8196,1.2206
0.8203,1.2206
0.8208,1.2257
0.8214,1.2257
0.8219,1.2257
0.8224,1.2257
0.8230,1.2257
0.8235,1.2257
0.8241,1.2257
0.8246,1.2257
0.8252,1.2206
0.8257,1.2206
0.8263,1.2206
0.8268,1.2206
0.8273,1.2257
0.8279,1.2257
0.8284,1.2206
0.8290,1.2257
0.8295,1.2257
0.8301,1.2257
0.8306,1.2257
0.8311,1.2257
0.8317,1.2257
0.8322,1.2257
0.8328,1.2257
0.8333,1.2206
0.8339,1.2307
0.8344,1.2257
0.8349,1.2206
0.8355,1.2206
0.8360,1.2206
0.8366,1.2206
0.8371,1.2206
0.8377,1.2206
0.8382,1.2206
0.8387,1.2257
0.8393,1.2206
0.8398,1.2206
0.8404,1.2257
0.8409,1.2257
0.8415,1.2257
0.8420,1.2257
0.8425,1.2257
0.8431,1.2257
0.8436,1.2206
0.8442,1.2206
0.8447,1.2257
0.8453,1.2206
0.8458,1.2257
0.8464,1.2206
0.8469,1.2257
0.8474,1.2257
0.8480,1.2206
0.8485,1.2307
0.8491,1.2156
0.8496,1.2206
0.8502,1.2206
0.8507,1.2206
0.8512,1.2257
0.8518,1.2257
0.8523,1.2257
0.8529,1.2257
0.8534,1.2257
0.8540,1.2206
0.8545,1.2257
0.8551,1.2257
0.8556,1.2257
0.8561,1.2257
0.8567,1.2257
0.8572,1.2206
0.8578,1.2257
0.8583,1.2206
0.8589,1.2257
0.8594,1.2257
0.8600,1.2206
0.8605,1.2206
0.8610,1.2257
0.8616,1.2206
0.8621,1.2257
0.8627,1.2206
0.8632,1.2156
0.8638,1.2206
0.8643,1.2257
0.8648,1.2206
0.8654,1.2257
0.8659,1.2257
0.8665,1.2257
0.8670,1.2206
0.8676,1.2257
0.8681,1.2257
0.8687,1.2206
0.8692,1.2257
0.8698,1.2206
0.8703,1.2257
0.8709,1.2156
0.8714,1.2257
0.8719,1.2307
0.8725,1.2206
0.8730,1.2257
0.8736,1.2257
0.8741,1.2206
0.8747,1.2257
0.8752,1.2206
0.8757,1.2206
0.8763,1.2257
0.8768,1.2206
0.8774,1.2257
0.8779,1.2257
0.8785,1.2257
0.8790,1.2206
0.8796,1.2206
0.8801,1.2257
0.8807,1.2206
0.8812,1.2206
0.8818,1.2257
0.8823,1.2206
0.8828,1.2206
0.8834,1.2206
0.8839,1.2257
0.8845,1.2257
0.8850,1.2257
0.8856,1.2257
0.8861,1.2206
0.8866,1.2206
0.8872,1.2257
0.8877,1.2257
0.8883,1.2206
0.8888,1.2206
0.8894,1.2206
0.8899,1.2257
0.8905,1.2257
0.8910,1.2206
0.8915,1.2257
0.8921,1.2206
0.8926,1.2206
0.8932,1.2206
0.8937,1.2206
0.8943,1.2206
0.8948,1.2206
0.8953,1.2206
0.8959,1.2206
0.8964,1.2206
0.8970,1.2156
0.8975,1.2206
0.8981,1.2257
0.8986,1.2206
0.8992,1.2257
0.8997,1.2206
0.9002,1.2257
0.9008,1.2206
0.9013,1.2257
0.9019,1.2206
0.9024,1.2257
0.9030,1.2206
0.9035,1.2206
0.9041,1.2206
0.9046,1.2257
0.9052,1.2206
0.9057,1.2206
0.9062,1.2257
0.9068,1.2206
0.9073,1.2206
0.9079,1.2257
0.9084,1.2206
0.9090,1.2206
0.9095,1.2206
0.9101,1.2206
0.9106,1.2206
0.9113,1.2206
0.9118,1.2257
0.9124,1.2206
0.9129,1.2206
0.9135,1.2206
0.9140,1.2206
0.9146,1.2206
0.9151,1.2206
0.9157,1.2206
0.9162,1.2257
0.9168,1.2206
0.9173,1.2206
0.9179,1.2206
0.9184,1.2206
0.9190,1.2206
0.9195,1.2206
0.9201,1.2206
0.9206,1.2156
0.9212,1.2206
0.9217,1.2206
0.9223,1.2206
0.9228,1.2206
0.9234,1.2206
0.9239,1.2257
0.9245,1.2257
0.9250,1.2206
0.9256,1.2206
0.9261,1.2206
0.9267,1.2257
0.9272,1.2206
0.9278,1.2206
0.9283,1.2206
0.9289,1.2257
0.9294,1.2206
0.9300,1.2257
0.9305,1.2257
0.9311,1.2206
0.9316,1.2206
0.9322,1.2257
0.9327,1.2257
0.9333,1.2206
0.9338,1.2206
0.9344,1.2206
0.9349,1.2257
0.9355,1.2206
0.9360,1.2206
0.9366,1.2257
0.9371,1.2257
0.9377,1.2206
0.9382,1.2206
0.9388,1.2206
0.9393,1.2206
0.9399,1.2206
0.9404,1.2257
0.9410,1.2206
0.9415,1.2206
0.9421,1.2206
0.9426,1.2206
0.9432,1.2156
0.9437,1.2206
0.9443,1.2206
0.9448,1.2206
0.9454,1.2206
0.9459,1.2257
0.9465,1.2206
0.9470,1.2206
0.9476,1.2206
0.9481,1.2206
0.9487,1.2206
0.9492,1.2257
0.9498,1.2206
0.9503,1.2206
0.9509,1.2257
0.9514,1.2257
0.9520,1.2257
0.9525,1.2206
0.9531,1.2206
0.9536,1.2206
0.9542,1.2206
0.9547,1.2156
0.9553,1.2206
0.9558,1.2257
0.9564,1.2206
0.9569,1.2257
0.9575,1.2206
0.9580,1.2206
0.9586,1.2206
0.9591,1.2206
0.9597,1.2156
0.9602,1.2206
0.9608,1.2206
0.9613,1.2206
0.9619,1.2206
0.9624,1.2206
0.9630,1.2206
0.9635,1.2257
0.9641,1.2206
0.9646,1.2206
0.9652,1.2257
0.9657,1.2206
0.9663,1.2206
0.9668,1.2206
0.9674,1.2206
0.9679,1.2206
0.9685,1.2206
0.9690,1.2206
0.9696,1.2156
0.9701,1.2206
0.9707,1.2257
0.9712,1.2206
0.9718,1.2206
0.9723,1.2206
0.9729,1.2206
0.9735,1.2257
0.9740,1.2206
0.9746,1.2206
0.9751,1.2257
0.9757,1.2257
0.9762,1.2257
0.9768,1.2156
0.9773,1.2206
0.9779,1.2206
0.9784,1.2206
0.9790,1.2206
0.9795,1.2257
0.9801,1.2156
0.9806,1.2206
0.9812,1.2257
0.9817,1.2206
0.9823,1.2206
0.9828,1.2206
0.9834,1.2206
0.9839,1.2206
0.9845,1.2206
0.9850,1.2206
0.9856,1.2206
0.9861,1.2257
0.9867,1.2206
0.9872,1.2206
0.9878,1.2206
0.9884,1.2257
0.9889,1.2206
0.9895,1.2206
0.9900,1.2257
0.9906,1.2206
0.9911,1.2206
0.9917,1.2206
0.9922,1.2156
0.9928,1.2206
0.9933,1.2206
0.9939,1.2206
0.9944,1.2156
0.9950,1.2206
0.9955,1.2206
0.9961,1.2257
0.9966,1.2206
0.9972,1.2206
0.9977,1.2206
0.9983,1.2156
0.9989,1.2257
0.9994,1.2206
1.0000,1.2206
1.0005,1.2156
1.0011,1.2206
1.0016,1.2206
1.0022,1.2206
1.0027,1.2206
1.0032,1.2206
1.0038,1.2257
1.0043,1.2206
1.0049,1.2206
1.0054,1.2206
1.0060,1.2257
1.0065,1.2206
1.0071,1.2206
1.0076,1.2156
1.0082,1.2206
1.0087,1.2206
1.0093,1.2206
1.0098,1.2206
1.0104,1.2206
1.0109,1.2206
1.0115,1.2206
1.0120,1.2206
1.0126,1.2257
1.0131,1.2206
1.0137,1.2156
1.0142,1.2206
1.0148,1.2206
1.0153,1.2206
1.0159,1.2206
1.0164,1.2257
1.0170,1.2206
1.0175,1.2206
1.0180,1.2206
1.0186,1.2206
1.0191,1.2257
1.0197,1.2156
1.0202,1.2206
1.0208,1.2206
1.0214,1.2156
1.0219,1.2206
1.0225,1.2156
1.0231,1.2206
1.0237,1.2206
1.0243,1.2257
1.0248,1.2257
1.0254,1.2257
1.0260,1.2206
1.0265,1.2257
1.0271,1.2206
1.0276,1.2206
1.0282,1.2257
1.0288,1.2206
1.0294,1.2206
1.0300,1.2257
1.0305,1.2206
1.0311,1.2257
1.0316,1.2206
1.0322,1.2156
1.0327,1.2206
1.0333,1.2257
1.0339,1.2257
1.0344,1.2156
1.0350,1.2206
1.0355,1.2206
1.0361,1.2257
1.0366,1.2206
1.0372,1.2206
1.0377,1.2257
1.0383,1.2206
1.0388,1.2206
1.0394,1.2206
1.0399,1.2257
1.0405,1.2156
1.0410,1.2206
1.0416,1.2206
1.0421,1.2156
1.0427,1.2156
1.0433,1.2206
1.0438,1.2206
1.0444,1.2206
1.0449,1.2156
1.0455,1.2156
1.0460,1.2206
1.0466,1.2206
1.0471,1.2206
1.0477,1.2206
1.0482,1.2206
1.0488,1.2206
1.0493,1.2206
1.0499,1.2206
1.0504,1.2206
1.0510,1.2206
1.0515,1.2206
1.0521,1.2206
1.0526,1.2156
1.0532,1.2206
1.0537,1.2206
1.0543,1.2206
1.0548,1.2206
1.0554,1.2206
1.0559,1.2206
1.0565,1.2257
1.0570,1.2257
1.0576,1.2156
1.0581,1.2206
1.0587,1.2206
1.0592,1.2206
1.0598,1.2206
1.0603,1.2206
1.0609,1.2257
1.0614,1.2257
1.0620,1.2206
1.0625,1.2206
1.0631,1.2257
1.0636,1.2156
1.0642,1.2206
1.0647,1.2206
1.0653,1.2206
1.0658,1.2206
1.0664,1.2206
1.0669,1.2206
1.0675,1.2156
1.0680,1.2257
1.0686,1.2206
1.0691,1.2206
1.0697,1.2206
1.0702,1.2206
1.0708,1.2206
1.0713,1.2206
1.0719,1.2206
1.0724,1.2206
1.0730,1.2206
1.0735,1.2156
1.0741,1.2156
1.0746,1.2206
1.0752,1.2257
1.0757,1.2257
1.0763,1.2206
1.0768,1.2206
1.0774,1.2206
1.0779,1.2156
1.0785,1.2206
1.0790,1.2206
1.0796,1.2206
1.0801,1.2206
1.0807,1.2206
1.0812,1.2206
1.0818,1.2156
1.0823,1.2206
1.0829,1.2206
1.0834,1.2156
1.0840,1.2206
1.0845,1.2206
1.0851,1.2206
1.0856,1.2206
1.0862,1.2206
1.0867,1.2206
1.0873,1.2156
1.0878,1.2206
1.0884,1.2206
1.0889,1.2206
1.0895,1.2206
1.0900,1.2206
1.0906,1.2206
1.0911,1.2206
1.0917,1.2156
1.0922,1.2206
1.0928,1.2257
1.0933,1.2206
1.0939,1.2206
1.0944,1.2206
1.0950,1.2156
1.0955,1.2206
1.0961,1.2206
1.0966,1.2156
1.0972,1.2257
1.0977,1.2206
1.0983,1.2156
1.0989,1.2257
1.0994,1.2206
1.1000,1.2206
1.1005,1.2206
1.1011,1.2206
1.1016,1.2257
1.1022,1.2257
1.1028,1.2206
1.1033,1.2206
1.1039,1.2206
1.1045,1.2206
1.1051,1.2257
1.1057,1.2206
1.1063,1.2206
1.1069,1.2206
1.1075,1.2206
1.1080,1.2206
1.1086,1.2206
1.1092,1.2257
1.1097,1.2156
1.1103,1.2206
1.1109,1.2257
1.1114,1.2156
1.1120,1.2206
1.1126,1.2206
1.1131,1.2206
1.1137,1.2257
1.1143,1.2206
1.1148,1.2206
1.1154,1.2206
1.1159,1.2257
1.1166,1.2206
1.1172,1.2206
1.1178,1.2206
1.1184,1.2206
1.1189,1.2206
1.1195,1.2206
1.1201,1.2206
1.1206,1.2257
1.1212,1.2257
1.1218,1.2206
1.1224,1.2206
1.1230,1.2257
1.1236,1.2257
1.1242,1.2206
1.1248,1.2206
1.1253,1.2257
1.1259,1.2206
1.1265,1.2206
1.1271,1.2257
1.1277,1.2257
1.1282,1.2257
1.1288,1.2206
1.1293,1.2206
1.1299,1.2206
1.1305,1.2257
1.1310,1.2257
1.1316,1.2257
1.1321,1.2257
1.1327,1.2257
1.1332,1.2206
1.1338,1.2206
1.1343,1.2206
1.1349,1.2206
1.1355,1.2257
1.1360,1.2257
1.1366,1.2206
1.1371,1.2257
1.1377,1.2257
1.1382,1.2257
1.1388,1.2206
1.1393,1.2257
1.1399,1.2307
1.1404,1.2257
1.1410,1.2257
1.1415,1.2257
1.1421,1.2307
1.1426,1.2257
1.1432,1.2257
1.1437,1.2257
1.1443,1.2257
1.1448,1.2257
1.1454,1.2307
1.1459,1.2307
1.1465,1.2257
1.1470,1.2257
1.1476,1.2257
1.1481,1.2257
1.1487,1.2307
1.1492,1.2257
1.1498,1.2307
1.1504,1.2307
1.1509,1.2257
1.1515,1.2307
1.1520,1.2307
1.1526,1.2307
1.1531,1.2307
1.1537,1.2206
1.1543,1.2257
1.1548,1.2307
1.1554,1.2257
1.1559,1.2307
1.1565,1.2257
1.1570,1.2307
1.1576,1.2307
1.1581,1.2257
1.1587,1.2307
1.1592,1.2257
1.1598,1.2307
1.1603,1.2307
1.1609,1.2307
1.1615,1.2307
1.1620,1.2307
1.1626,1.2257
1.1632,1.2257
1.1637,1.2307
1.1643,1.2307
1.1648,1.2307
1.1654,1.2307
1.1659,1.2307
1.1665,1.2307
1.1670,1.2307
1.1676,1.2358
1.1682,1.2307
1.1688,1.2307
1.1693,1.2307
1.1699,1.2358
1.1704,1.2307
1.1709,1.2358
1.1715,1.2307
1.1720,1.2307
1.1726,1.2358
1.1731,1.2257
1.1737,1.2307
1.1742,1.2408
1.1748,1.2358
1.1753,1.2358
1.1759,1.2307
1.1764,1.2358
1.1770,1.2307
1.1775,1.2358
1.1781,1.2307
1.1786,1.2358
1.1792,1.2358
1.1797,1.2307
1.1803,1.2358
1.1808,1.2358
1.1814,1.2358
1.1819,1.2358
1.1825,1.2358
1.1830,1.2358
1.1836,1.2358
1.1841,1.2307
1.1847,1.2358
1.1853,1.2358
1.1858,1.2358
1.1864,1.2358
1.1869,1.2358
1.1875,1.2358
1.1880,1.2408
1.1886,1.2358
1.1891,1.2358
1.1897,1.2358
1.1902,1.2358
1.1908,1.2358
1.1913,1.2358
1.1919,1.2358
1.1924,1.2358
1.1930,1.2358
1.1935,1.2358
1.1940,1.2358
1.1946,1.2307
1.1951,1.2408
1.1957,1.2358
1.1962,1.2358
1.1968,1.2358
1.1973,1.2358
1.1979,1.2358
1.1984,1.2408
1.1990,1.2358
1.1995,1.2358
1.2001,1.2358
1.2006,1.2358
1.2012,1.2358
1.2017,1.2358
1.2023,1.2408
1.2028,1.2408
1.2034,1.2358
1.2039,1.2358
1.2045,1.2408
1.2050,1.2358
1.2056,1.2307
1.2061,1.2358
1.2067,1.2358
1.2072,1.2358
1.2078,1.2358
1.2084,1.2408
1.2089,1.2358
1.2095,1.2358
1.2100,1.2358
1.2105,1.2358
1.2111,1.2408
1.2116,1.2408
1.2122,1.2358
1.2127,1.2358
1.2134,1.2358
1.2140,1.2408
1.2145,1.2307
1.2151,1.2408
1.2156,1.2358
1.2161,1.2358
1.2167,1.2358
1.2172,1.2408
1.2177,1.2408
1.2183,1.2358
1.2188,1.2408
1.2193,1.2358
1.2199,1.2358
1.2204,1.2408
1.2209,1.2358
1.2215,1.2358
1.2220,1.2358
1.2226,1.2408
1.2231,1.2408
1.2236,1.2408
1.2242,1.2358
1.2247,1.2358
1.2252,1.2408
1.2258,1.2408
1.2263,1.2408
1.2268,1.2408
1.2274,1.2358
1.2279,1.2307
1.2284,1.2408
1.2290,1.2408
1.2295,1.2358
1.2300,1.2358
1.2306,1.2358
1.2311,1.2358
1.2316,1.2408
1.2322,1.2408
1.2327,1.2358
1.2332,1.2358
1.2338,1.2408
1.2343,1.2459
1.2348,1.2358
1.2354,1.2408
1.2359,1.2408
1.2364,1.2459
1.2370,1.2408
1.2375,1.2408
1.2380,1.2358
1.2386,1.2408
1.2391,1.2358
1.2396,1.2358
1.2402,1.2408
1.2407,1.2459
1.2412,1.2408
1.2418,1.2358
1.2423,1.2358
1.2428,1.2408
1.2434,1.2408
1.2439,1.2408
1.2445,1.2358
1.2450,1.2408
1.2455,1.2408
1.2461,1.2408
1.2466,1.2408
1.2471,1.2358
1.2477,1.2358
1.2482,1.2408
1.2487,1.2408
1.2493,1.2408
1.2498,1.2408
1.2503,1.2408
1.2509,1.2408
1.2514,1.2408
1.2519,1.2408
1.2525,1.2408
1.2530,1.2459
1.2536,1.2408
1.2541,1.2408
1.2546,1.2408
1.2552,1.2408
1.2557,1.2408
1.2562,1.2459
1.2568,1.2358
1.2573,1.2408
1.2578,1.2408
1.2584,1.2408
1.2589,1.2408
1.2595,1.2358
1.2600,1.2408
1.2605,1.2358
1.2611,1.2408
1.2616,1.2408
1.2621,1.2408
1.2627,1.2358
1.2632,1.2408
1.2637,1.2408
1.2643,1.2408
1.2648,1.2408
1.2653,1.2459
1.2659,1.2408
1.2664,1.2358
1.2669,1.2408
1.2675,1.2358
1.2680,1.2408
1.2686,1.2358
1.2691,1.2408
1.2696,1.2408
1.2702,1.2408
1.2707,1.2408
1.2712,1.2358
1.2718,1.2408
1.2723,1.2408
1.2728,1.2408
1.2734,1.2408
1.2739,1.2408
1.2744,1.2408
1.2750,1.2408
1.2755,1.2358
1.2760,1.2408
1.2766,1.2408
1.2771,1.2459
1.2776,1.2358
1.2782,1.2408
1.2787,1.2408
1.2792,1.2408
1.2798,1.2408
1.2803,1.2408
1.2809,1.2358
1.2814,1.2408
1.2819,1.2408
1.2825,1.2358
1.2830,1.2408
1.2835,1.2358
1.2841,1.2408
1.2846,1.2408
1.2851,1.2408
1.2857,1.2408
1.2862,1.2358
1.2867,1.2408
1.2873,1.2358
1.2878,1.2408
1.2883,1.2408
1.2889,1.2408
1.2894,1.2408
1.2899,1.2408
1.2905,1.2408
1.2910,1.2408
1.2915,1.2408
1.2921,1.2408
1.2926,1.2408
1.2932,1.2408
1.2937,1.2408
1.2942,1.2408
1.2948,1.2459
1.2953,1.2408
1.2958,1.2408
1.2964,1.2408
1.2969,1.2408
1.2974,1.2408
1.2980,1.2358
1.2985,1.2408
1.2990,1.2408
1.2996,1.2408
1.3001,1.2358
1.3006,1.2408
1.3012,1.2408
1.3017,1.2408
1.3022,1.2408
1.3028,1.2408
1.3033,1.2408
1.3039,1.2408
1.3044,1.2408
1.3049,1.2408
1.3055,1.2408
1.3060,1.2408
1.3065,1.2358
1.3071,1.2408
1.3076,1.2358
1.3081,1.2408
1.3087,1.2408
1.3092,1.2408
1.3097,1.2358
1.3103,1.2408
1.3108,1.2408
1.3113,1.2408
1.3119,1.2358
1.3124,1.2459
1.3129,1.2408
1.3136,1.2408
1.3141,1.2408
1.3146,1.2408
1.3152,1.2408
1.3157,1.2358
1.3163,1.2408
1.3168,1.2408
1.3174,1.2408
1.3179,1.2408
1.3185,1.2408
1.3190,1.2408
1.3196,1.2408
1.3201,1.2459
1.3207,1.2459
1.3212,1.2408
1.3218,1.2358
1.3224,1.2408
1.3229,1.2408
1.3235,1.2408
1.3240,1.2408
1.3246,1.2358
1.3251,1.2408
1.3257,1.2459
1.3262,1.2408
1.3268,1.2408
1.3273,1.2459
1.3279,1.2408
1.3284,1.2358
1.3290,1.2408
1.3295,1.2358
1.3301,1.2408
1.3306,1.2408
1.3312,1.2408
1.3317,1.2408
1.3323,1.2408
1.3328,1.2408
1.3334,1.2408
1.3339,1.2408
1.3345,1.2408
1.3350,1.2408
1.3356,1.2408
1.3361,1.2408
1.3367,1.2408
1.3372,1.2358
1.3378,1.2408
1.3383,1.2408
1.3389,1.2408
1.3394,1.2358
1.3400,1.2408
1.3405,1.2358
1.3411,1.2358
1.3416,1.2408
1.3422,1.2408
1.3427,1.2358
1.3433,1.2408
1.3438,1.2459
1.3444,1.2408
1.3449,1.2408
1.3455,1.2358
1.3460,1.2408
1.3466,1.2408
1.3471,1.2408
1.3477,1.2358
1.3482,1.2358
1.3488,1.2408
1.3493,1.2358
1.3499,1.2408
1.3504,1.2408
1.3510,1.2408
1.3515,1.2358
1.3521,1.2408
1.3526,1.2408
1.3532,1.2408
1.3537,1.2358
1.3543,1.2408
1.3548,1.2408
1.3554,1.2408
1.3559,1.2408
1.3565,1.2408
1.3570,1.2358
1.3576,1.2408
1.3581,1.2358
1.3587,1.2408
1.3592,1.2408
1.3598,1.2408
1.3603,1.2408
1.3609,1.2358
1.3614,1.2408
1.3620,1.2358
1.3625,1.2408
1.3631,1.2408
1.3636,1.2408
1.3642,1.2307
1.3647,1.2408
1.3653,1.2358
1.3658,1.2358
1.3664,1.2408
1.3669,1.2307
1.3675,1.2408
1.3680,1.2358
1.3686,1.2358
1.3691,1.2408
1.3697,1.2358
1.3702,1.2358
1.3708,1.2408
1.3713,1.2408
1.3719,1.2408
1.3724,1.2358
1.3730,1.2408
1.3735,1.2358
1.3741,1.2358
1.3746,1.2358
1.3752,1.2408
1.3757,1.2408
1.3763,1.2408
1.3768,1.2358
1.3774,1.2358
1.3779,1.2408
1.3785,1.2408
1.3790,1.2408
1.3796,1.2358
1.3801,1.2408
1.3807,1.2358
1.3813,1.2408
1.3818,1.2358
1.3824,1.2408
1.3829,1.2358
1.3835,1.2408
1.3840,1.2408
1.3846,1.2408
1.3851,1.2408
1.3857,1.2408
1.3862,1.2408
1.3868,1.2408
1.3873,1.2408
1.3879,1.2408
1.3884,1.2408
1.3890,1.2408
1.3895,1.2358
1.3901,1.2358
1.3906,1.2408
1.3912,1.2408
1.3917,1.2358
1.3923,1.2358
1.3928,1.2408
1.3934,1.2408
1.3939,1.2358
1.3945,1.2358
1.3950,1.2408
1.3956,1.2358
1.3961,1.2408
1.3967,1.2408
1.3972,1.2408
1.3978,1.2358
1.3983,1.2358
1.3989,1.2307
1.3994,1.2358
1.4000,1.2307
1.4005,1.2408
1.4011,1.2358
1.4016,1.2358
1.4022,1.2358
1.4027,1.2307
1.4033,1.2408
1.4038,1.2358
1.4044,1.2358
1.4049,1.2358
1.4054,1.2358
1.4060,1.2358
1.4065,1.2358
1.4071,1.2358
1.4076,1.2358
1.4082,1.2358
1.4087,1.2307
1.4093,1.2358
1.4098,1.2408
1.4104,1.2358
1.4109,1.2358
1.4115,1.2358
1.4120,1.2408
1.4126,1.2408
1.4131,1.2358
1.4137,1.2408
1.4142,1.2358
1.4151,1.2358
1.4157,1.2358
1.4162,1.2358
1.4168,1.2358
1.4173,1.2307
1.4179,1.2358
1.4184,1.2358
1.4190,1.2358
1.4195,1.2358
1.4200,1.2358
1.4206,1.2358
1.4211,1.2358
1.4217,1.2307
1.4222,1.2358
1.4228,1.2358
1.4233,1.2358
1.4239,1.2358
1.4244,1.2358
1.4250,1.2358
1.4255,1.2358
1.4261,1.2358
1.4266,1.2358
1.4272,1.2358
1.4277,1.2358
1.4283,1.2358
1.4288,1.2358
1.4294,1.2307
1.4299,1.2307
1.4305,1.2408
1.4310,1.2307
1.4315,1.2358
1.4321,1.2307
1.4326,1.2358
1.4332,1.2307
1.4337,1.2307
1.4343,1.2307
1.4348,1.2358
1.4354,1.2358
1.4359,1.2307
1.4365,1.2307
1.4370,1.2358
1.4376,1.2307
1.4381,1.2358
1.4387,1.2307
1.4392,1.2358
1.4398,1.2307
1.4403,1.2358
1.4409,1.2307
1.4414,1.2358
1.4420,1.2358
1.4425,1.2307
1.4431,1.2358
1.4436,1.2358
1.4442,1.2307
1.4447,1.2358
1.4453,1.2358
1.4458,1.2358
1.4464,1.2408
1.4469,1.2358
1.4475,1.2358
1.4480,1.2358
1.4486,1.2307
1.4491,1.2358
1.4497,1.2358
1.4502,1.2307
1.4508,1.2358
1.4513,1.2358
1.4519,1.2358
1.4524,1.2358
1.4530,1.2358
1.4535,1.2358
1.4540,1.2358
1.4546,1.2358
1.4551,1.2307
1.4557,1.2307
1.4562,1.2358
1.4568,1.2358
1.4573,1.2358
1.4579,1.2358
1.4584,1.2307
1.4590,1.2307
1.4595,1.2358
1.4601,1.2358
1.4606,1.2358
1.4612,1.2358
1.4618,1.2358
1.4623,1.2358
1.4629,1.2307
1.4634,1.2358
1.4640,1.2358
1.4645,1.2358
1.4651,1.2307
1.4656,1.2307
1.4662,1.2307
1.4667,1.2307
1.4673,1.2307
1.4678,1.2358
1.4684,1.2358
1.4689,1.2307
1.4695,1.2307
1.4700,1.2307
1.4706,1.2358
1.4711,1.2307
1.4717,1.2358
1.4722,1.2358
1.4728,1.2358
1.4733,1.2358
1.4739,1.2358
1.4744,1.2358
1.4750,1.2307
1.4755,1.2358
1.4761,1.2358
1.4766,1.2358
1.4772,1.2358
1.4777,1.2307
1.4783,1.2307
1.4788,1.2307
1.4794,1.2307
1.4799,1.2358
1.4805,1.2358
1.4810,1.2307
1.4816,1.2307
1.4821,1.2307
1.4827,1.2307
1.4832,1.2358
1.4838,1.2358
1.4843,1.2358
1.4849,1.2358
1.4854,1.2358
1.4860,1.2307
1.4865,1.2307
1.4871,1.2358
1.4876,1.2358
1.4882,1.2358
1.4887,1.2307
1.4893,1.2358
1.4898,1.2358
1.4904,1.2307
1.4909,1.2307
1.4915,1.2358
1.4920,1.2358
1.4926,1.2358
1.4931,1.2358
1.4937,1.2307
1.4942,1.2358
1.4948,1.2307
1.4953,1.2307
1.4959,1.2358
1.4964,1.2358
1.4970,1.2358
1.4975,1.2358
1.4981,1.2307
1.4986,1.2358
1.4992,1.2358
1.4997,1.2358
1.5003,1.2358
1.5008,1.2358
1.5014,1.2358
1.5019,1.2358
1.5025,1.2257
1.5030,1.2307
1.5036,1.2358
1.5041,1.2307
1.5047,1.2358
1.5052,1.2307
1.5058,1.2358
1.5063,1.2307
1.5069,1.2358
1.5074,1.2307
1.5080,1.2358
1.5085,1.2307
1.5091,1.2358
1.5096,1.2358
1.5102,1.2307
1.5107,1.2358
1.5113,1.2358
1.5118,1.2358
1.5124,1.2307
1.5129,1.2307
1.5135,1.2307
1.5140,1.2358
1.5146,1.2358
1.5151,1.2307
1.5157,1.2307
1.5162,1.2307
1.5168,1.2307
1.5173,1.2307
1.5179,1.2307
1.5184,1.2358
1.5190,1.2307
1.5195,1.2307
1.5201,1.2307
1.5206,1.2307
1.5212,1.2307
1.5217,1.2307
1.5223,1.2307
1.5228,1.2358
1.5234,1.2358
1.5239,1.2307
1.5245,1.2307
1.5250,1.2307
1.5256,1.2307
1.5261,1.2307
1.5267,1.2358
1.5272,1.2307
1.5278,1.2307
1.5283,1.2307
1.5289,1.2358
1.5295,1.2358
1.5300,1.2358
1.5306,1.2307
1.5311,1.2307
1.5317,1.2307
1.5322,1.2358
1.5328,1.2307
1.5333,1.2307
1.5339,1.2307
1.5344,1.2358
1.5350,1.2307
1.5355,1.2307
1.5361,1.2358
1.5366,1.2307
1.5372,1.2307
1.5378,1.2358
1.5383,1.2257
1.5389,1.2307
1.5394,1.2307
1.5400,1.2307
1.5405,1.2307
1.5411,1.2307
1.5416,1.2307
1.5422,1.2307
1.5427,1.2358
1.5433,1.2307
1.5438,1.2307
1.5444,1.2307
1.5449,1.2257
1.5455,1.2307
1.5460,1.2307
1.5466,1.2307
1.5471,1.2358
1.5477,1.2358
1.5482,1.2307
1.5488,1.2358
1.5493,1.2307
1.5499,1.2307
1.5504,1.2307
1.5510,1.2358
1.5515,1.2307
1.5521,1.2307
1.5526,1.2307
1.5532,1.2257
1.5537,1.2307
1.5543,1.2307
1.5548,1.2307
1.5554,1.2307
1.5559,1.2307
1.5565,1.2358
1.5570,1.2307
1.5576,1.2358
1.5581,1.2307
1.5587,1.2257
1.5592,1.2307
1.5598,1.2307
1.5603,1.2358
1.5609,1.2307
1.5614,1.2307
1.5620,1.2307
1.5625,1.2257
1.5631,1.2307
1.5636,1.2307
1.5642,1.2307
1.5647,1.2307
1.5653,1.2307
1.5658,1.2358
1.5664,1.2257
1.5669,1.2307
1.5675,1.2307
1.5680,1.2307
1.5686,1.2257
1.5691,1.2307
1.5697,1.2307
1.5702,1.2307
1.5708,1.2257
1.5713,1.2257
1.5719,1.2307
1.5724,1.2307
1.5730,1.2257
1.5735,1.2307
1.5741,1.2307
1.5746,1.2307
1.5752,1.2358
1.5757,1.2307
1.5763,1.2307
1.5768,1.2307
1.5774,1.2307
1.5779,1.2257
1.5785,1.2307
1.5790,1.2307
1.5796,1.2307
1.5801,1.2307
1.5807,1.2307
1.5813,1.2307
1.5818,1.2307
1.5824,1.2307
1.5829,1.2307
1.5835,1.2358
1.5840,1.2307
1.5846,1.2307
1.5851,1.2257
1.5857,1.2307
1.5862,1.2307
1.5868,1.2307
1.5873,1.2307
1.5879,1.2307
1.5884,1.2257
1.5890,1.2307
1.5895,1.2358
1.5901,1.2257
1.5906,1.2257
1.5912,1.2257
1.5917,1.2307
1.5923,1.2307
1.5928,1.2257
1.5934,1.2257
1.5939,1.2307
1.5945,1.2307
1.5950,1.2257
1.5956,1.2307
1.5961,1.2307
1.5967,1.2206
1.5972,1.2307
1.5978,1.2307
1.5983,1.2257
1.5989,1.2257
1.5994,1.2257
1.6000,1.2307
1.6005,1.2307
1.6011,1.2307
1.6016,1.2257
1.6022,1.2307
1.6029,1.2307
1.6035,1.2307
1.6041,1.2307
1.6047,1.2307
1.6053,1.2307
1.6058,1.2257
1.6064,1.2257
1.6070,1.2307
1.6076,1.2257
1.6082,1.2307
1.6087,1.2257
1.6093,1.2257
1.6099,1.2257
1.6104,1.2257
1.6110,1.2257
1.6116,1.2307
1.6121,1.2257
1.6127,1.2307
1.6132,1.2257
1.6138,1.2257
1.6143,1.2307
1.6149,1.2307
1.6155,1.2307
1.6161,1.2257
1.6166,1.2307
1.6172,1.2257
1.6178,1.2257
1.6184,1.2257
1.6190,1.2206
1.6195,1.2257
1.6201,1.2307
1.6206,1.2257
1.6212,1.2307
1.6218,1.2257
1.6224,1.2307
1.6231,1.2307
1.6237,1.2257
1.6244,1.2257
1.6250,1.2307
1.6256,1.2257
1.6263,1.2257
1.6269,1.2257
1.6275,1.2307
1.6281,1.2257
1.6287,1.2257
1.6293,1.2257
1.6300,1.2257
1.6306,1.2307
1.6311,1.2257
1.6317,1.2307
1.6322,1.2307
1.6328,1.2257
1.6333,1.2257
1.6339,1.2257
1.6345,1.2257
1.6351,1.2257
1.6357,1.2257
1.6363,1.2257
1.6369,1.2257
1.6375,1.2257
1.6381,1.2257
1.6387,1.2257
1.6393,1.2257
1.6398,1.2206
1.6404,1.2257
1.6409,1.2257
1.6415,1.2257
1.6420,1.2257
1.6426,1.2257
1.6431,1.2257
1.6437,1.2257
1.6442,1.2257
1.6448,1.2257
1.6453,1.2257
1.6459,1.2206
1.6464,1.2307
1.6470,1.2257
1.6475,1.2307
1.6481,1.2257
1.6486,1.2257
1.6492,1.2257
1.6497,1.2257
1.6503,1.2257
1.6508,1.2257
1.6514,1.2257
1.6520,1.2206
1.6526,1.2307
1.6531,1.2257
1.6537,1.2307
1.6542,1.2257
1.6548,1.2307
1.6553,1.2257
1.6559,1.2257
1.6564,1.2257
1.6570,1.2257
1.6575,1.2206
1.6581,1.2307
1.6586,1.2206
1.6592,1.2206
1.6597,1.2257
1.6603,1.2257
1.6608,1.2257
1.6614,1.2206
1.6619,1.2257
1.6625,1.2257
1.6630,1.2257
1.6636,1.2257
1.6641,1.2206
1.6647,1.2257
1.6652,1.2257
1.6658,1.2257
1.6663,1.2206
1.6669,1.2206
1.6674,1.2257
1.6680,1.2257
1.6686,1.2257
1.6691,1.2257
1.6697,1.2257
1.6702,1.2257
1.6708,1.2257
1.6713,1.2257
1.6719,1.2206
1.6724,1.2206
1.6730,1.2257
1.6735,1.2257
1.6741,1.2257
1.6746,1.2307
1.6752,1.2257
1.6757,1.2257
1.6763,1.2257
1.6768,1.2307
1.6774,1.2257
1.6779,1.2257
1.6785,1.2206
1.6790,1.2257
1.6796,1.2257
1.6801,1.2206
1.6807,1.2257
1.6812,1.2257
1.6818,1.2206
1.6823,1.2206
1.6829,1.2257
1.6835,1.2257
1.6840,1.2257
1.6846,1.2206
1.6851,1.2257
1.6857,1.2257
1.6862,1.2257
1.6868,1.2206
1.6873,1.2206
1.6879,1.2257
1.6884,1.2257
1.6890,1.2206
1.6895,1.2257
1.6901,1.2257
1.6906,1.2257
1.6912,1.2206
1.6917,1.2206
1.6923,1.2257
1.6928,1.2257
1.6934,1.2307
1.6939,1.2257
1.6945,1.2257
1.6950,1.2206
1.6956,1.2257
1.6961,1.2156
1.6967,1.2257
1.6972,1.2257
1.6978,1.2257
1.6983,1.2257
1.6989,1.2257
1.6994,1.2257
1.7000,1.2257
1.7005,1.2257
1.7011,1.2257
1.7016,1.2257
1.7022,1.2257
1.7027,1.2257
1.7033,1.2206
1.7038,1.2257
1.7044,1.2257
1.7049,1.2206
1.7055,1.2257
1.7060,1.2257
1.7066,1.2257
1.7071,1.2206
1.7077,1.2257
1.7082,1.2206
1.7088,1.2206
1.7093,1.2206
1.7099,1.2257
1.7104,1.2257
1.7110,1.2206
1.7115,1.2257
1.7121,1.2206
1.7126,1.2257
1.7132,1.2257
1.7137,1.2206
1.7143,1.2206
1.7148,1.2257
1.7154,1.2257
1.7159,1.2206
1.7166,1.2257
1.7172,1.2257
1.7177,1.2206
1.7183,1.2257
1.7188,1.2206
1.7194,1.2257
1.7199,1.2257
1.7205,1.2257
1.7210,1.2257
1.7215,1.2206
1.7221,1.2257
1.7226,1.2257
1.7232,1.2206
1.7237,1.2206
1.7243,1.2206
1.7248,1.2257
1.7254,1.2206
1.7259,1.2206
1.7264,1.2257
1.7270,1.2206
1.7275,1.2206
1.7281,1.2257
1.7286,1.2257
1.7292,1.2206
1.7297,1.2206
1.7303,1.2257
1.7308,1.2206
1.7313,1.2206
1.7319,1.2257
1.7324,1.2257
1.7330,1.2206
1.7335,1.2206
1.7341,1.2206
1.7346,1.2257
1.7351,1.2206
1.7357,1.2257
1.7362,1.2206
1.7368,1.2257
1.7373,1.2257
1.7379,1.2206
1.7384,1.2257
1.7390,1.2206
1.7395,1.2257
1.7400,1.2257
1.7406,1.2206
1.7411,1.2206
1.7417,1.2257
1.7422,1.2257
1.7428,1.2257
1.7433,1.2257
1.7439,1.2206
1.7444,1.2257
1.7450,1.2206
1.7455,1.2257
1.7461,1.2206
1.7466,1.2257
1.7471,1.2257
1.7477,1.2257
1.7482,1.2257
1.7488,1.2257
1.7493,1.2206
1.7499,1.2206
1.7504,1.2156
1.7510,1.2257
1.7515,1.2257
1.7520,1.2257
1.7526,1.2206
1.7531,1.2206
1.7537,1.2257
1.7542,1.2206
1.7548,1.2206
1.7553,1.2206
1.7558,1.2206
1.7564,1.2257
1.7569,1.2156
1.7575,1.2206
1.7580,1.2257
1.7586,1.2257
1.7591,1.2257
1.7597,1.2206
1.7602,1.2257
1.7607,1.2206
1.7613,1.2206
1.7618,1.2257
1.7624,1.2257
1.7629,1.2257
1.7635,1.2257
1.7640,1.2206
1.7646,1.2206
1.7651,1.2257
1.7657,1.2257
1.7662,1.2206
1.7667,1.2257
1.7673,1.2257
1.7678,1.2257
1.7684,1.2257
1.7689,1.2206
1.7695,1.2206
1.7700,1.2257
1.7706,1.2257
1.7711,1.2257
1.7716,1.2257
1.7722,1.2206
1.7727,1.2206
1.7733,1.2257
1.7738,1.2206
1.7744,1.2206
1.7749,1.2206
1.7755,1.2206
1.7760,1.2257
1.7765,1.2257
1.7771,1.2206
1.7776,1.2206
1.7782,1.2257
1.7787,1.2156
1.7793,1.2257
1.7798,1.2206
1.7804,1.2206
1.7809,1.2257
1.7814,1.2206
1.7820,1.2257
1.7825,1.2206
1.7831,1.2206
1.7836,1.2257
1.7842,1.2206
1.7847,1.2257
1.7852,1.2206
1.7858,1.2257
1.7863,1.2257
1.7869,1.2206
1.7874,1.2257
1.7880,1.2257
1.7885,1.2257
1.7891,1.2257
1.7896,1.2206
1.7901,1.2206
1.7907,1.2206
1.7912,1.2206
1.7918,1.2206
1.7923,1.2206
1.7929,1.2257
1.7934,1.2206
1.7940,1.2257
1.7945,1.2206
1.7950,1.2206
1.7956,1.2257
1.7961,1.2206
1.7967,1.2257
1.7972,1.2206
1.7978,1.2257
1.7983,1.2257
1.7989,1.2206
1.7994,1.2206
1.8000,1.2206
1.8005,1.2206
1.8010,1.2257
1.8016,1.2257
1.8021,1.2206
1.8027,1.2206
1.8032,1.2206
1.8038,1.2206
1.8043,1.2206
1.8049,1.2206
1.8054,1.2257
1.8059,1.2206
1.8065,1.2156
1.8070,1.2206
1.8076,1.2206
1.8081,1.2206
1.8087,1.2257
1.8092,1.2257
1.8098,1.2156
1.8103,1.2206
1.8108,1.2206
1.8114,1.2257
1.8119,1.2257
1.8125,1.2206
1.8130,1.2206
1.8136,1.2206
1.8141,1.2206
1.8147,1.2206
1.8152,1.2156
1.8158,1.2257
1.8163,1.2257
1.8170,1.2206
1.8175,1.2206
1.8181,1.2206
1.8186,1.2257
1.8192,1.2257
1.8197,1.2206
1.8203,1.2257
1.8208,1.2206
1.8214,1.2257
1.8219,1.2206
1.8225,1.2257
1.8230,1.2206
1.8236,1.2206
1.8241,1.2206
1.8247,1.2257
1.8252,1.2206
1.8258,1.2257
1.8263,1.2206
1.8269,1.2206
1.8274,1.2257
1.8280,1.2206
1.8285,1.2257
1.8291,1.2257
1.8296,1.2206
1.8302,1.2206
1.8307,1.2206
1.8313,1.2206
1.8318,1.2206
1.8324,1.2206
1.8329,1.2257
1.8335,1.2206
1.8340,1.2206
1.8346,1.2206
1.8351,1.2206
1.8357,1.2206
1.8362,1.2206
1.8368,1.2206
1.8373,1.2206
1.8379,1.2206
1.8384,1.2206
1.8390,1.2206
1.8395,1.2156
1.8401,1.2206
1.8406,1.2206
1.8412,1.2206
1.8417,1.2206
1.8423,1.2206
1.8428,1.2257
1.8434,1.2206
1.8439,1.2257
1.8445,1.2206
1.8450,1.2206
1.8456,1.2206
1.8461,1.2257
1.8467,1.2257
1.8472,1.2206
1.8478,1.2257
1.8483,1.2257
1.8489,1.2257
1.8494,1.2257
1.8500,1.2206
1.8505,1.2206
1.8511,1.2257
1.8516,1.2206
1.8522,1.2156
1.8527,1.2206
1.8533,1.2156
1.8538,1.2206
1.8544,1.2257
1.8549,1.2206
1.8555,1.2257
1.8560,1.2257
1.8566,1.2206
1.8571,1.2156
1.8577,1.2206
1.8582,1.2257
1.8588,1.2206
1.8594,1.2257
1.8599,1.2206
1.8605,1.2206
1.8610,1.2206
1.8616,1.2257
1.8621,1.2206
1.8627,1.2206
1.8632,1.2206
1.8638,1.2156
1.8643,1.2206
1.8649,1.2206
1.8654,1.2206
1.8660,1.2257
1.8665,1.2206
1.8671,1.2206
1.8676,1.2206
1.8682,1.2206
1.8687,1.2257
1.8693,1.2257
1.8700,1.2206
1.8706,1.2206
1.8711,1.2206
1.8717,1.2206
1.8722,1.2206
1.8728,1.2206
1.8733,1.2257
1.8739,1.2206
1.8744,1.2106
1.8750,1.2206
1.8755,1.2206
1.8761,1.2206
1.8766,1.2206
1.8772,1.2206
1.8777,1.2206
1.8783,1.2257
1.8788,1.2257
1.8794,1.2206
1.8799,1.2206
1.8805,1.2257
1.8810,1.2206
1.8816,1.2206
1.8821,1.2206
1.8827,1.2156
1.8833,1.2206
1.8838,1.2156
1.8844,1.2206
1.8849,1.2206
1.8855,1.2206
1.8860,1.2206
1.8866,1.2206
1.8871,1.2206
1.8877,1.2257
1.8882,1.2206
1.8888,1.2257
1.8893,1.2206
1.8899,1.2206
1.8904,1.2206
1.8910,1.2206
1.8915,1.2206
1.8921,1.2206
1.8926,1.2257
1.8932,1.2257
1.8937,1.2206
1.8943,1.2206
1.8948,1.2206
1.8954,1.2206
1.8959,1.2206
1.8965,1.2206
1.8970,1.2206
1.8976,1.2156
1.8981,1.2206
1.8987,1.2206
1.8992,1.2206
1.8998,1.2156
1.9003,1.2156
1.9009,1.2206
1.9014,1.2206
1.9020,1.2156
1.9025,1.2206
1.9031,1.2206
1.9036,1.2206
1.9042,1.2206
1.9047,1.2206
1.9053,1.2206
1.9058,1.2206
1.9064,1.2206
1.9069,1.2206
1.9075,1.2206
1.9080,1.2206
1.9086,1.2206
1.9091,1.2206
1.9097,1.2206
1.9102,1.2206
1.9108,1.2156
1.9113,1.2206
1.9119,1.2206
1.9124,1.2206
1.9130,1.2156
1.9135,1.2206
1.9141,1.2206
1.9146,1.2156
1.9152,1.2206
1.9157,1.2206
1.9163,1.2206
1.9168,1.2206
1.9174,1.2206
1.9179,1.2206
1.9185,1.2206
1.9190,1.2206
1.9196,1.2206
1.9201,1.2206
1.9207,1.2257
1.9212,1.2206
1.9218,1.2206
1.9223,1.2206
1.9229,1.2206
1.9234,1.2206
1.9240,1.2206
1.9245,1.2156
1.9251,1.2206
1.9256,1.2257
1.9262,1.2206
1.9267,1.2206
1.9273,1.2156
1.9278,1.2206
1.9284,1.2206
1.9289,1.2206
1.9295,1.2257
1.9300,1.2206
1.9306,1.2206
1.9311,1.2257
1.9317,1.2206
1.9322,1.2206
1.9328,1.2156
1.9333,1.2206
1.9339,1.2156
1.9344,1.2156
1.9350,1.2206
1.9355,1.2206
1.9361,1.2257
1.9366,1.2156
1.9372,1.2206
1.9377,1.2206
1.9383,1.2206
1.9389,1.2206
1.9394,1.2206
1.9400,1.2206
1.9405,1.2206
1.9411,1.2206
1.9416,1.2156
1.9422,1.2206
1.9427,1.2206
1.9433,1.2206
1.9438,1.2206
1.9444,1.2257
1.9449,1.2206
1.9455,1.2156
1.9460,1.2156
1.9466,1.2206
1.9471,1.2206
1.9477,1.2206
1.9482,1.2156
1.9488,1.2206
1.9493,1.2206
1.9499,1.2257
1.9504,1.2156
1.9510,1.2156
1.9515,1.2206
1.9521,1.2206
1.9526,1.2206
1.9532,1.2206
1.9538,1.2206
1.9543,1.2206
1.9549,1.2206
1.9554,1.2206
1.9560,1.2206
1.9565,1.2206
1.9571,1.2257
1.9576,1.2257
1.9582,1.2156
1.9587,1.2206
1.9593,1.2206
1.9598,1.2257
1.9604,1.2206
1.9609,1.2206
1.9615,1.2206
1.9620,1.2206
1.9626,1.2206
1.9631,1.2206
1.9637,1.2206
1.9642,1.2206
1.9648,1.2156
1.9653,1.2206
1.9659,1.2257
1.9664,1.2156
1.9670,1.2206
1.9675,1.2206
1.9681,1.2206
1.9686,1.2206
1.9692,1.2206
1.9697,1.2156
1.9703,1.2206
1.9708,1.2206
1.9714,1.2206
1.9719,1.2206
1.9725,1.2206
1.9730,1.2206
1.9736,1.2206
1.9741,1.2206
1.9747,1.2206
1.9752,1.2206
1.9758,1.2257
1.9763,1.2206
1.9769,1.2257
1.9774,1.2206
1.9780,1.2206
1.9785,1.2156
1.9791,1.2257
1.9796,1.2206
1.9802,1.2206
1.9807,1.2206
1.9813,1.2206
1.9818,1.2206
1.9824,1.2206
1.9829,1.2206
1.9835,1.2206
1.9840,1.2206
1.9846,1.2206
1.9851,1.2257
1.9857,1.2257
1.9862,1.2206
1.9868,1.2206
1.9873,1.2206
1.9879,1.2206
1.9884,1.2206
1.9890,1.2257
1.9895,1.2206
1.9901,1.2206
1.9906,1.2206
1.9912,1.2206
1.9917,1.2257
1.9923,1.2206
1.9928,1.2206
1.9934,1.2206
1.9939,1.2257
1.9945,1.2206
1.9950,1.2206
1.9956,1.2257
1.9961,1.2257
1.9967,1.2206
1.9972,1.2206
1.9978,1.2206
1.9983,1.2257
1.9989,1.2257
1.9994,1.2206
2.0000,1.2257
2.0005,1.2206
2.0011,1.2206
2.0016,1.2257
2.0022,1.2206
2.0027,1.2257
2.0033,1.2206
2.0038,1.2257
2.0044,1.2257
2.0049,1.2257
2.0055,1.2206
2.0060,1.2257
2.0066,1.2206
2.0071,1.2257
2.0077,1.2206
2.0082,1.2257
2.0088,1.2307
2.0093,1.2257
2.0099,1.2257
2.0104,1.2257
2.0110,1.2257
2.0115,1.2206
2.0121,1.2206
2.0126,1.2257
2.0132,1.2257
2.0137,1.2206
2.0143,1.2257
2.0148,1.2257
2.0154,1.2257
2.0159,1.2257
2.0165,1.2257
2.0170,1.2257
2.0176,1.2257
2.0182,1.2206
2.0187,1.2307
2.0193,1.2257
2.0198,1.2257
2.0204,1.2257
2.0209,1.2307
2.0215,1.2257
2.0220,1.2257
2.0226,1.2257
2.0231,1.2257
2.0237,1.2257
2.0242,1.2257
2.0248,1.2307
2.0253,1.2257
2.0259,1.2307
2.0264,1.2257
2.0270,1.2307
2.0275,1.2257
2.0281,1.2307
2.0286,1.2307
2.0292,1.2206
2.0297,1.2257
2.0303,1.2257
2.0308,1.2307
2.0314,1.2257
2.0319,1.2307
2.0325,1.2307
2.0330,1.2307
2.0336,1.2307
2.0342,1.2307
2.0347,1.2307
2.0353,1.2257
2.0358,1.2257
2.0364,1.2307
2.0369,1.2307
2.0375,1.2257
2.0380,1.2307
2.0386,1.2307
2.0391,1.2307
2.0397,1.2307
2.0402,1.2307
2.0408,1.2307
2.0413,1.2307
2.0419,1.2307
2.0424,1.2307
2.0430,1.2257
2.0435,1.2307
2.0441,1.2307
2.0446,1.2358
2.0452,1.2307
2.0457,1.2307
2.0463,1.2257
2.0468,1.2307
2.0474,1.2307
2.0479,1.2307
2.0485,1.2307
2.0490,1.2358
2.0496,1.2358
2.0501,1.2358
2.0507,1.2358
2.0512,1.2358
2.0518,1.2307
2.0523,1.2358
2.0529,1.2307
2.0534,1.2307
2.0540,1.2307
2.0545,1.2358
2.0551,1.2307
2.0556,1.2307
2.0562,1.2358
2.0567,1.2358
2.0573,1.2358
2.0578,1.2358
2.0584,1.2358
2.0589,1.2358
2.0595,1.2358
2.0600,1.2307
2.0606,1.2307
2.0611,1.2408
2.0617,1.2358
2.0622,1.2358
2.0628,1.2358
2.0633,1.2307
2.0639,1.2358
2.0644,1.2358
2.0650,1.2358
2.0655,1.2358
2.0661,1.2358
2.0666,1.2358
2.0672,1.2358
2.0677,1.2358
2.0683,1.2358
2.0688,1.2358
2.0694,1.2358
2.0699,1.2307
2.0705,1.2358
2.0710,1.2408
2.0716,1.2307
2.0721,1.2358
2.0727,1.2358
2.0733,1.2358
2.0739,1.2307
2.0744,1.2358
2.0750,1.2358
2.0755,1.2358
2.0761,1.2358
2.0766,1.2408
2.0772,1.2358
2.0777,1.2358
2.0783,1.2408
2.0789,1.2307
2.0795,1.2358
2.0800,1.2358
2.0806,1.2358
2.0811,1.2358
2.0817,1.2408
2.0822,1.2358
2.0828,1.2307
2.0833,1.2358
2.0839,1.2358
2.0844,1.2408
2.0850,1.2358
2.0855,1.2257
2.0861,1.2408
2.0866,1.2358
2.0872,1.2358
2.0877,1.2358
2.0883,1.2358
2.0888,1.2358
2.0894,1.2358
2.0899,1.2358
2.0905,1.2408
2.0910,1.2408
2.0916,1.2408
2.0921,1.2358
2.0927,1.2408
2.0933,1.2358
2.0938,1.2408
2.0944,1.2358
2.0949,1.2358
2.0955,1.2408
2.0960,1.2408
2.0966,1.2408
2.0971,1.2358
2.0977,1.2358
2.0982,1.2408
2.0988,1.2408
2.0993,1.2408
2.0999,1.2358
2.1004,1.2358
2.1010,1.2408
2.1015,1.2408
2.1021,1.2307
2.1027,1.2307
2.1034,1.2459
2.1040,1.2358
2.1046,1.2408
2.1052,1.2408
2.1058,1.2459
2.1064,1.2408
2.1070,1.2408
2.1075,1.2358
2.1081,1.2408
2.1087,1.2358
2.1092,1.2358
2.1098,1.2408
2.1104,1.2408
2.1109,1.2408
2.1115,1.2408
2.1121,1.2408
2.1126,1.2408
2.1132,1.2408
2.1137,1.2408
2.1142,1.2408
2.1148,1.2408
2.1153,1.2408
2.1159,1.2408
2.1165,1.2358
2.1173,1.2408
2.1179,1.2408
2.1185,1.2408
2.1190,1.2408
2.1196,1.2408
2.1201,1.2408
2.1219,1.2408
2.1225,1.2307
2.1231,1.2408
2.1237,1.2408
2.1245,1.2358
2.1251,1.2408
2.1260,1.2459
2.1265,1.2408
2.1271,1.2459
2.1276,1.2358
2.1282,1.2358
2.1287,1.2358
2.1293,1.2408
2.1298,1.2408
2.1304,1.2408
2.1309,1.2408
2.1314,1.2408
2.1320,1.2408
2.1325,1.2408
2.1331,1.2358
2.1336,1.2408
2.1342,1.2358
2.1348,1.2358
2.1353,1.2358
2.1359,1.2358
2.1364,1.2408
2.1370,1.2408
2.1375,1.2408
2.1381,1.2358
2.1386,1.2358
2.1392,1.2408
2.1397,1.2358
2.1403,1.2408
2.1408,1.2459
2.1414,1.2408
2.1419,1.2408
2.1424,1.2408
2.1430,1.2408
2.1435,1.2408
2.1441,1.2358
2.1446,1.2408
2.1452,1.2408
2.1457,1.2358
2.1463,1.2358
2.1468,1.2408
2.1473,1.2408
2.1479,1.2358
2.1484,1.2408
2.1490,1.2408
2.1495,1.2408
2.1501,1.2408
2.1509,1.2358
2.1514,1.2408
2.1520,1.2358
2.1525,1.2408
2.1531,1.2408
2.1536,1.2408
2.1542,1.2408
2.1547,1.2408
2.1553,1.2459
2.1558,1.2358
2.1564,1.2408
2.1569,1.2408
2.1574,1.2358
2.1580,1.2408
2.1585,1.2358
2.1591,1.2358
2.1596,1.2358
2.1602,1.2408
2.1607,1.2408
2.1613,1.2408
2.1618,1.2408
2.1623,1.2358
2.1629,1.2408
2.1634,1.2408
2.1640,1.2408
2.1645,1.2408
2.1651,1.2408
2.1656,1.2408
2.1666,1.2358
2.1672,1.2408
2.1678,1.2358
2.1683,1.2408
2.1689,1.2408
2.1694,1.2408
2.1700,1.2358
2.1705,1.2358
2.1711,1.2358
2.1716,1.2408
2.1721,1.2408
2.1727,1.2408
2.1732,1.2408
2.1738,1.2408
2.1743,1.2358
2.1749,1.2358
2.1754,1.2408
2.1760,1.2408
2.1765,1.2408
2.1770,1.2408
2.1776,1.2408
2.1781,1.2358
2.1787,1.2408
2.1792,1.2408
2.1798,1.2408
2.1803,1.2408
2.1808,1.2358
2.1814,1.2408
2.1819,1.2408
2.1825,1.2358
2.1830,1.2358
2.1836,1.2408
2.1841,1.2408
2.1847,1.2358
2.1852,1.2408
2.1857,1.2408
2.1863,1.2358
2.1868,1.2408
2.1874,1.2408
2.1879,1.2408
2.1885,1.2358
2.1890,1.2408
2.1895,1.2408
2.1901,1.2408
2.1906,1.2408
2.1912,1.2408
2.1917,1.2358
2.1923,1.2408
2.1928,1.2408
2.1934,1.2358
2.1939,1.2408
2.1944,1.2358
2.1950,1.2408
2.1955,1.2408
2.1961,1.2408
2.1966,1.2358
2.1972,1.2408
2.1977,1.2358
2.1982,1.2358
2.1988,1.2408
2.1993,1.2358
2.1999,1.2358
2.2004,1.2408
2.2010,1.2408
2.2015,1.2408
2.2021,1.2408
2.2026,1.2408
2.2031,1.2408
2.2037,1.2408
2.2042,1.2408
2.2048,1.2408
2.2053,1.2408
2.2059,1.2358
2.2064,1.2408
2.2069,1.2358
2.2075,1.2408
2.2080,1.2358
2.2086,1.2408
2.2091,1.2408
2.2097,1.2358
2.2102,1.2408
2.2108,1.2358
2.2113,1.2408
2.2118,1.2358
2.2124,1.2408
2.2129,1.2408
2.2135,1.2408
2.2140,1.2358
2.2146,1.2408
2.2151,1.2459
2.2156,1.2408
2.2162,1.2358
2.2167,1.2408
2.2173,1.2408
2.2178,1.2408
2.2184,1.2408
2.2189,1.2358
2.2195,1.2408
2.2200,1.2408
2.2206,1.2358
2.2211,1.2408
2.2217,1.2408
2.2223,1.2408
2.2229,1.2358
2.2235,1.2307
2.2240,1.2358
2.2246,1.2408
2.2251,1.2408
2.2257,1.2408
2.2263,1.2358
2.2268,1.2358
2.2274,1.2408
2.2280,1.2408
2.2286,1.2408
2.2291,1.2408
2.2297,1.2358
2.2302,1.2408
2.2307,1.2358
2.2313,1.2408
2.2318,1.2408
2.2323,1.2358
2.2329,1.2358
2.2334,1.2408
2.2339,1.2408
2.2345,1.2408
2.2350,1.2358
2.2356,1.2358
2.2362,1.2358
2.2367,1.2358
2.2372,1.2358
2.2378,1.2408
2.2383,1.2408
2.2389,1.2358
2.2394,1.2358
2.2399,1.2358
2.2405,1.2358
2.2410,1.2408
2.2415,1.2408
2.2421,1.2358
2.2426,1.2358
2.2431,1.2358
2.2437,1.2358
2.2442,1.2358
2.2447,1.2408
2.2453,1.2408
2.2458,1.2358
2.2463,1.2408
2.2469,1.2358
2.2474,1.2358
2.2479,1.2408
2.2485,1.2408
2.2490,1.2408
2.2495,1.2408
2.2501,1.2307
2.2506,1.2408
2.2512,1.2358
2.2517,1.2408
2.2523,1.2358
2.2528,1.2358
2.2533,1.2408
2.2539,1.2358
2.2544,1.2358
2.2549,1.2307
2.2555,1.2408
2.2560,1.2358
2.2565,1.2408
2.2571,1.2358
2.2576,1.2358
2.2581,1.2307
2.2587,1.2358
2.2592,1.2358
2.2597,1.2358
2.2603,1.2358
2.2608,1.2358
2.2613,1.2408
2.2619,1.2408
2.2624,1.2358
2.2629,1.2358
2.2635,1.2358
2.2640,1.2358
2.2645,1.2358
2.2651,1.2358
2.2656,1.2307
2.2661,1.2358
2.2667,1.2408
2.2672,1.2358
2.2677,1.2408
2.2683,1.2307
2.2688,1.2358
2.2694,1.2358
2.2699,1.2358
2.2704,1.2358
2.2710,1.2307
2.2715,1.2408
2.2720,1.2358
2.2726,1.2408
2.2731,1.2358
2.2736,1.2358
2.2742,1.2358
2.2747,1.2358
2.2752,1.2358
2.2758,1.2358
2.2763,1.2307
2.2769,1.2358
2.2774,1.2358
2.2779,1.2358
2.2785,1.2358
2.2790,1.2408
2.2795,1.2358
2.2801,1.2358
2.2806,1.2358
2.2811,1.2307
2.2817,1.2408
2.2822,1.2358
2.2827,1.2358
2.2833,1.2307
2.2838,1.2358
2.2843,1.2358
2.2849,1.2358
2.2854,1.2307
2.2859,1.2358
2.2865,1.2358
2.2870,1.2358
2.2875,1.2358
2.2881,1.2307
2.2886,1.2358
2.2891,1.2358
2.2897,1.2358
2.2902,1.2358
2.2907,1.2307
2.2913,1.2358
2.2918,1.2358
2.2923,1.2358
2.2929,1.2358
2.2934,1.2358
2.2939,1.2408
2.2945,1.2358
2.2950,1.2358
2.2955,1.2307
2.2961,1.2307
2.2966,1.2358
2.2971,1.2358
2.2977,1.2358
2.2982,1.2358
2.2988,1.2307
2.2993,1.2307
2.2998,1.2307
2.3004,1.2358
2.3009,1.2307
2.3014,1.2358
2.3020,1.2358
2.3025,1.2358
2.3030,1.2358
2.3036,1.2307
2.3041,1.2358
2.3047,1.2307
2.3052,1.2358
2.3057,1.2358
2.3063,1.2307
2.3068,1.2358
2.3073,1.2358
2.3079,1.2358
2.3084,1.2358
2.3089,1.2358
2.3095,1.2358
2.3100,1.2358
2.3105,1.2358
2.3111,1.2358
2.3116,1.2307
2.3121,1.2358
2.3127,1.2307
2.3132,1.2307
2.3138,1.2358
2.3143,1.2307
2.3148,1.2307
2.3154,1.2358
2.3159,1.2358
2.3164,1.2358
2.3170,1.2307
2.3175,1.2307
2.3180,1.2358
2.3186,1.2358
2.3193,1.2307
2.3198,1.2307
2.3203,1.2358
2.3209,1.2358
2.3214,1.2358
2.3220,1.2307
2.3225,1.2358
2.3231,1.2307
2.3236,1.2358
2.3242,1.2358
2.3247,1.2307
2.3253,1.2358
2.3258,1.2358
2.3264,1.2307
2.3269,1.2358
2.3275,1.2358
2.3280,1.2358
2.3286,1.2358
2.3291,1.2257
2.3297,1.2307
2.3302,1.2307
2.3308,1.2358
2.3313,1.2307
2.3319,1.2307
2.3325,1.2358
2.3330,1.2358
2.3336,1.2307
2.3341,1.2307
2.3347,1.2358
2.3352,1.2307
2.3358,1.2358
2.3363,1.2307
2.3369,1.2257
2.3374,1.2358
2.3380,1.2358
2.3385,1.2307
2.3391,1.2307
2.3396,1.2307
2.3402,1.2358
2.3407,1.2358
2.3413,1.2307
2.3418,1.2358
2.3424,1.2307
2.3429,1.2358
2.3435,1.2358
2.3440,1.2307
2.3446,1.2307
2.3451,1.2358
2.3457,1.2358
2.3462,1.2358
2.3468,1.2307
2.3473,1.2307
2.3479,1.2307
2.3484,1.2307
2.3490,1.2307
2.3495,1.2307
2.3501,1.2358
2.3506,1.2358
2.3512,1.2307
2.3517,1.2307
2.3523,1.2358
2.3528,1.2307
2.3534,1.2358
2.3539,1.2307
2.3545,1.2358
2.3550,1.2307
2.3556,1.2307
2.3561,1.2257
2.3567,1.2358
2.3572,1.2307
2.3578,1.2307
2.3583,1.2307
2.3589,1.2358
2.3594,1.2358
2.3600,1.2307
2.3605,1.2307
2.3611,1.2307
2.3616,1.2307
2.3622,1.2358
2.3627,1.2307
2.3633,1.2307
2.3638,1.2358
2.3644,1.2307
2.3649,1.2307
2.3655,1.2307
2.3660,1.2307
2.3666,1.2307
2.3672,1.2358
2.3677,1.2307
2.3683,1.2307
2.3688,1.2307
2.3694,1.2358
2.3699,1.2307
2.3705,1.2307
2.3710,1.2307
2.3716,1.2307
2.3721,1.2307
2.3727,1.2307
2.3732,1.2307
2.3738,1.2307
2.3743,1.2307
2.3749,1.2358
2.3754,1.2307
2.3760,1.2307
2.3765,1.2257
2.3771,1.2307
2.3776,1.2307
2.3782,1.2358
2.3787,1.2358
2.3793,1.2307
2.3799,1.2307
2.3804,1.2307
2.3810,1.2358
2.3815,1.2307
2.3821,1.2307
2.3826,1.2307
2.3832,1.2307
2.3837,1.2307
2.3843,1.2358
2.3848,1.2307
2.3854,1.2307
2.3859,1.2307
2.3865,1.2257
2.3870,1.2358
2.3876,1.2307
2.3881,1.2307
2.3887,1.2307
2.3892,1.2307
2.3898,1.2307
2.3903,1.2307
2.3909,1.2307
2.3914,1.2307
2.3920,1.2307
2.3925,1.2307
2.3931,1.2307
2.3936,1.2307
2.3942,1.2307
2.3947,1.2307
2.3953,1.2307
2.3958,1.2307
2.3964,1.2358
2.3969,1.2307
2.3975,1.2307
2.3980,1.2307
2.3986,1.2257
2.3991,1.2307
2.3997,1.2307
2.4002,1.2307
2.4008,1.2307
2.4013,1.2307
2.4018,1.2307
2.4024,1.2307
2.4029,1.2358
2.4035,1.2257
2.4040,1.2307
2.4046,1.2358
2.4051,1.2307
2.4057,1.2307
2.4062,1.2307
2.4068,1.2307
2.4073,1.2307
2.4079,1.2307
2.4084,1.2307
2.4090,1.2257
2.4095,1.2307
2.4100,1.2307
2.4106,1.2307
2.4111,1.2358
2.4117,1.2257
2.4122,1.2307
2.4128,1.2307
2.4133,1.2358
2.4139,1.2257
2.4144,1.2307
2.4150,1.2257
2.4155,1.2307
2.4161,1.2307
2.4166,1.2307
2.4171,1.2307
2.4177,1.2307
2.4182,1.2257
2.4188,1.2307
2.4193,1.2257
2.4199,1.2307
2.4205,1.2257
2.4210,1.2257
2.4216,1.2307
2.4221,1.2307
2.4227,1.2358
2.4232,1.2307
2.4238,1.2307
2.4243,1.2257
2.4249,1.2307
2.4254,1.2307
2.4260,1.2257
2.4265,1.2307
2.4271,1.2307
2.4276,1.2307
2.4282,1.2257
2.4287,1.2257
2.4293,1.2307
2.4298,1.2307
2.4304,1.2307
2.4309,1.2307
2.4315,1.2257
2.4320,1.2307
2.4326,1.2257
2.4331,1.2257
2.4337,1.2257
2.4342,1.2257
2.4347,1.2307
2.4353,1.2307
2.4358,1.2257
2.4364,1.2257
2.4369,1.2257
2.4375,1.2307
2.4380,1.2307
2.4386,1.2257
2.4391,1.2257
2.4397,1.2257
2.4402,1.2307
2.4408,1.2307
2.4413,1.2307
2.4419,1.2307
2.4424,1.2257
2.4430,1.2257
2.4436,1.2307
2.4441,1.2307
2.4447,1.2307
2.4452,1.2257
2.4458,1.2257
2.4463,1.2307
2.4469,1.2307
2.4474,1.2307
2.4480,1.2257
2.4485,1.2257
2.4491,1.2257
2.4496,1.2307
2.4502,1.2257
2.4507,1.2257
2.4513,1.2257
2.4518,1.2206
2.4524,1.2257
2.4529,1.2206
2.4535,1.2257
2.4540,1.2257
2.4546,1.2307
2.4551,1.2257
2.4557,1.2206
2.4562,1.2257
2.4568,1.2307
2.4573,1.2257
2.4579,1.2257
2.4584,1.2307
2.4590,1.2307
2.4595,1.2257
2.4601,1.2257
2.4606,1.2257
2.4612,1.2206
2.4617,1.2257
2.4623,1.2257
2.4628,1.2257
2.4634,1.2257
2.4639,1.2257
2.4644,1.2307
2.4650,1.2257
2.4655,1.2257
2.4661,1.2257
2.4666,1.2257
2.4672,1.2257
2.4677,1.2257
2.4683,1.2257
2.4688,1.2307
2.4694,1.2307
2.4699,1.2257
2.4705,1.2307
2.4710,1.2206
2.4716,1.2307
2.4721,1.2257
2.4727,1.2257
2.4732,1.2257
2.4738,1.2257
2.4743,1.2257
2.4749,1.2206
2.4754,1.2257
2.4760,1.2257
2.4765,1.2257
2.4771,1.2206
2.4776,1.2206
2.4782,1.2257
2.4787,1.2257
2.4793,1.2257
2.4798,1.2257
2.4804,1.2257
2.4809,1.2257
2.4815,1.2257
2.4820,1.2257
2.4826,1.2257
2.4831,1.2257
2.4837,1.2257
2.4842,1.2257
2.4848,1.2257
2.4853,1.2206
2.4859,1.2257
2.4864,1.2307
2.4870,1.2257
2.4875,1.2257
2.4881,1.2257
2.4886,1.2307
2.4892,1.2257
2.4897,1.2307
2.4903,1.2257
2.4908,1.2257
2.4914,1.2257
2.4919,1.2257
2.4925,1.2257
2.4930,1.2257
2.4936,1.2206
2.4941,1.2257
2.4947,1.2206
2.4952,1.2257
2.4958,1.2257
2.4963,1.2206
2.4969,1.2257
2.4974,1.2257
2.4980,1.2257
2.4985,1.2257
2.4991,1.2206
2.4996,1.2257
2.5002,1.2206
2.5007,1.2257
2.5013,1.2206
2.5018,1.2206
2.5024,1.2257
2.5029,1.2257
2.5035,1.2206
2.5040,1.2206
2.5046,1.2257
2.5051,1.2257
2.5057,1.2257
2.5062,1.2206
2.5068,1.2307
2.5073,1.2257
2.5079,1.2206
2.5084,1.2257
2.5090,1.2206
2.5095,1.2257
2.5101,1.2257
2.5106,1.2206
2.5112,1.2257
2.5117,1.2206
2.5123,1.2206
2.5128,1.2206
2.5134,1.2257
2.5139,1.2257
2.5145,1.2257
2.5150,1.2206
2.5156,1.2206
2.5161,1.2257
2.5167,1.2257
2.5172,1.2257
2.5178,1.2257
2.5183,1.2257
2.5189,1.2257
2.5194,1.2206
2.5200,1.2257
2.5206,1.2206
2.5211,1.2257
2.5217,1.2156
2.5222,1.2257
2.5228,1.2257
2.5233,1.2257
2.5239,1.2206
2.5244,1.2257
2.5250,1.2206
2.5255,1.2257
2.5261,1.2257
2.5266,1.2206
2.5272,1.2206
2.5277,1.2257
2.5283,1.2206
2.5288,1.2257
2.5294,1.2206
2.5299,1.2206
2.5305,1.2257
2.5310,1.2257
2.5316,1.2206
2.5321,1.2206
2.5327,1.2206
2.5332,1.2206
2.5338,1.2257
2.5343,1.2257
2.5349,1.2206
2.5354,1.2257
2.5360,1.2257
2.5365,1.2257
2.5371,1.2257
2.5376,1.2206
2.5382,1.2257
2.5387,1.2206
2.5393,1.2257
2.5398,1.2206
2.5404,1.2257
2.5409,1.2257
2.5415,1.2206
2.5420,1.2156
2.5426,1.2257
2.5431,1.2206
2.5437,1.2206
2.5442,1.2257
2.5448,1.2206
2.5453,1.2206
2.5459,1.2257
2.5464,1.2206
2.5470,1.2206
2.5475,1.2206
2.5481,1.2257
2.5486,1.2156
2.5492,1.2206
2.5497,1.2206
2.5503,1.2257
2.5508,1.2206
2.5514,1.2156
2.5519,1.2206
2.5525,1.2206
2.5530,1.2206
2.5536,1.2206
2.5541,1.2206
2.5547,1.2206
2.5552,1.2206
2.5558,1.2206
2.5563,1.2206
2.5569,1.2257
2.5574,1.2206
2.5580,1.2206
2.5585,1.2206
2.5591,1.2206
2.5596,1.2206
2.5602,1.2206
2.5607,1.2206
2.5613,1.2206
2.5618,1.2206
2.5624,1.2257
2.5629,1.2206
2.5635,1.2156
2.5640,1.2206
2.5646,1.2206
2.5651,1.2206
2.5657,1.2206
2.5662,1.2206
2.5668,1.2206
2.5673,1.2206
2.5679,1.2206
2.5684,1.2206
2.5690,1.2257
2.5695,1.2206
2.5701,1.2257
2.5706,1.2206
2.5712,1.2206
2.5717,1.2206
2.5723,1.2156
2.5728,1.2206
2.5734,1.2206
2.5739,1.2206
2.5745,1.2206
2.5750,1.2206
2.5756,1.2156
2.5761,1.2257
2.5767,1.2257
2.5773,1.2206
2.5778,1.2206
2.5784,1.2206
2.5790,1.2206
2.5795,1.2206
2.5801,1.2206
2.5806,1.2257
2.5812,1.2206
2.5817,1.2206
2.5823,1.2257
2.5828,1.2206
2.5834,1.2206
2.5839,1.2257
2.5845,1.2206
2.5850,1.2206
2.5856,1.2156
2.5861,1.2257
2.5867,1.2206
2.5872,1.2156
2.5878,1.2206
2.5884,1.2156
2.5889,1.2206
2.5895,1.2257
2.5900,1.2206
2.5906,1.2156
2.5911,1.2206
2.5917,1.2206
2.5922,1.2206
2.5928,1.2156
2.5933,1.2206
2.5939,1.2257
2.5944,1.2206
2.5950,1.2257
2.5955,1.2257
2.5961,1.2206
2.5966,1.2156
2.5972,1.2206
2.5977,1.2206
2.5983,1.2206
2.5989,1.2206
2.5994,1.2206
2.6000,1.2206
2.6005,1.2206
2.6011,1.2206
2.6016,1.2206
2.6022,1.2206
2.6029,1.2156
2.6035,1.2156
2.6041,1.2156
2.6047,1.2206
2.6053,1.2206
2.6059,1.2206
2.6064,1.2206
2.6070,1.2156
2.6076,1.2156
2.6082,1.2156
2.6087,1.2257
2.6093,1.2156
2.6098,1.2257
2.6104,1.2206
2.6110,1.2206
2.6116,1.2156
2.6121,1.2206
2.6127,1.2206
2.6132,1.2257
2.6138,1.2206
2.6143,1.2206
2.6149,1.2206
2.6154,1.2257
2.6160,1.2206
2.6166,1.2206
2.6171,1.2206
2.6177,1.2206
2.6184,1.2206
2.6190,1.2156
2.6196,1.2206
2.6202,1.2156
2.6207,1.2257
2.6213,1.2206
2.6219,1.2206
2.6225,1.2156
2.6230,1.2206
2.6240,1.2206
2.6246,1.2257
2.6252,1.2206
2.6259,1.2206
2.6265,1.2206
2.6270,1.2206
2.6276,1.2156
2.6282,1.2206
2.6287,1.2206
2.6292,1.2206
2.6298,1.2156
2.6303,1.2206
2.6309,1.2206
2.6314,1.2206
2.6320,1.2206
2.6325,1.2206
2.6330,1.2156
2.6336,1.2156
2.6341,1.2206
2.6347,1.2206
2.6353,1.2206
2.6358,1.2156
2.6364,1.2206
2.6369,1.2156
2.6374,1.2206
2.6380,1.2156
2.6385,1.2206
2.6391,1.2206
2.6396,1.2206
2.6402,1.2156
2.6407,1.2206
2.6412,1.2206
2.6418,1.2156
2.6423,1.2206
2.6429,1.2206
2.6434,1.2206
2.6440,1.2257
2.6445,1.2206
2.6451,1.2206
2.6456,1.2206
2.6461,1.2206
2.6467,1.2206
2.6472,1.2206
2.6478,1.2206
2.6483,1.2206
2.6489,1.2206
2.6494,1.2206
2.6499,1.2206
2.6505,1.2206
2.6512,1.2206
2.6517,1.2206
2.6523,1.2206
2.6528,1.2206
2.6534,1.2206
2.6539,1.2206
2.6544,1.2156
2.6550,1.2206
2.6556,1.2206
2.6561,1.2257
2.6566,1.2156
2.6572,1.2206
2.6577,1.2206
2.6583,1.2156
2.6588,1.2156
2.6593,1.2206
2.6599,1.2206
2.6604,1.2206
2.6610,1.2206
2.6615,1.2156
2.6621,1.2206
2.6626,1.2257
2.6632,1.2206
2.6637,1.2206
2.6642,1.2206
2.6648,1.2206
2.6653,1.2206
2.6659,1.2206
2.6664,1.2206
2.6670,1.2156
2.6675,1.2206
2.6681,1.2106
2.6686,1.2206
2.6691,1.2156
2.6697,1.2156
2.6702,1.2156
2.6708,1.2156
2.6713,1.2206
2.6718,1.2206
2.6724,1.2156
2.6729,1.2156
2.6735,1.2206
2.6740,1.2156
2.6745,1.2206
2.6751,1.2206
2.6756,1.2206
2.6762,1.2156
2.6767,1.2206
2.6772,1.2206
2.6778,1.2156
2.6784,1.2206
2.6789,1.2156
2.6794,1.2156
2.6800,1.2156
2.6805,1.2156
2.6811,1.2206
2.6816,1.2206
2.6822,1.2156
2.6827,1.2206
2.6833,1.2206
2.6838,1.2206
2.6843,1.2206
2.6849,1.2156
2.6854,1.2257
2.6860,1.2156
2.6865,1.2156
2.6871,1.2156
2.6876,1.2206
2.6881,1.2257
2.6887,1.2206
2.6892,1.2156
2.6898,1.2156
2.6903,1.2206
2.6909,1.2206
2.6914,1.2156
2.6919,1.2206
2.6925,1.2206
2.6930,1.2156
2.6936,1.2206
2.6941,1.2206
2.6947,1.2206
2.6952,1.2206
2.6958,1.2206
2.6963,1.2206
2.6968,1.2206
2.6974,1.2257
2.6979,1.2206
2.6985,1.2156
2.6990,1.2206
2.6996,1.2206
2.7001,1.2206
2.7006,1.2206
2.7012,1.2156
2.7017,1.2206
2.7023,1.2206
2.7028,1.2156
2.7034,1.2156
2.7039,1.2206
2.7044,1.2206
2.7050,1.2206
2.7055,1.2156
2.7061,1.2206
2.7066,1.2206
2.7072,1.2206
2.7077,1.2206
2.7083,1.2206
2.7088,1.2156
2.7093,1.2156
2.7099,1.2206
2.7104,1.2206
2.7110,1.2206
2.7115,1.2156
2.7121,1.2206
2.7126,1.2156
2.7131,1.2206
2.7137,1.2156
2.7142,1.2206
2.7148,1.2206
2.7153,1.2156
2.7159,1.2206
2.7164,1.2206
2.7169,1.2156
2.7175,1.2206
2.7180,1.2156
2.7186,1.2156
2.7191,1.2206
2.7197,1.2206
2.7202,1.2206
2.7208,1.2206
2.7213,1.2156
2.7220,1.2206
2.7225,1.2257
2.7231,1.2156
2.7236,1.2206
2.7242,1.2206
2.7247,1.2206
2.7253,1.2156
2.7258,1.2206
2.7264,1.2206
2.7269,1.2206
2.7275,1.2206
2.7280,1.2106
2.7286,1.2206
2.7291,1.2206
2.7297,1.2156
2.7302,1.2206
2.7308,1.2206
2.7313,1.2206
2.7319,1.2206
2.7324,1.2156
2.7330,1.2206
2.7335,1.2206
2.7341,1.2206
2.7346,1.2206
2.7352,1.2206
2.7357,1.2156
2.7363,1.2206
2.7368,1.2156
2.7374,1.2206
2.7379,1.2206
2.7385,1.2106
2.7390,1.2156
2.7396,1.2206
2.7401,1.2206
2.7407,1.2156
2.7412,1.2206
2.7418,1.2206
2.7423,1.2156
2.7429,1.2206
2.7434,1.2156
2.7440,1.2156
2.7445,1.2156
2.7451,1.2206
2.7456,1.2156
2.7462,1.2156
2.7467,1.2156
2.7473,1.2206
2.7478,1.2206
2.7484,1.2206
2.7489,1.2206
2.7495,1.2156
2.7500,1.2156
2.7506,1.2156
2.7511,1.2206
2.7517,1.2156
2.7522,1.2206
2.7528,1.2156
2.7533,1.2206
2.7539,1.2156
2.7544,1.2156
2.7550,1.2156
2.7555,1.2206
2.7561,1.2206
2.7566,1.2206
2.7572,1.2206
2.7577,1.2206
2.7583,1.2156
2.7588,1.2156
2.7594,1.2206
2.7599,1.2206
2.7605,1.2257
2.7610,1.2206
2.7616,1.2206
2.7621,1.2206
2.7627,1.2156
2.7632,1.2206
2.7638,1.2156
2.7643,1.2156
2.7649,1.2206
2.7654,1.2156
2.7660,1.2156
2.7665,1.2206
2.7671,1.2156
2.7676,1.2156
2.7682,1.2156
2.7687,1.2156
2.7693,1.2156
2.7698,1.2156
2.7704,1.2206
2.7709,1.2206
2.7715,1.2156
2.7720,1.2156
2.7726,1.2206
2.7731,1.2156
2.7737,1.2156
2.7742,1.2106
2.7748,1.2156
2.7753,1.2206
2.7759,1.2206
2.7764,1.2156
2.7770,1.2206
2.7775,1.2156
2.7781,1.2206
2.7786,1.2156
2.7792,1.2156
2.7797,1.2206
2.7803,1.2156
2.7808,1.2206
2.7814,1.2156
2.7819,1.2156
2.7825,1.2156
2.7830,1.2156
2.7836,1.2106
2.7841,1.2156
2.7847,1.2156
2.7852,1.2156
2.7858,1.2206
2.7863,1.2156
2.7869,1.2156
2.7874,1.2156
2.7880,1.2206
2.7885,1.2156
2.7891,1.2206
2.7896,1.2156
2.7902,1.2106
2.7907,1.2156
2.7913,1.2156
2.7918,1.2156
2.7924,1.2206
2.7929,1.2156
2.7935,1.2106
2.7941,1.2206
2.7946,1.2206
2.7952,1.2206
2.7957,1.2206
2.7963,1.2206
2.7968,1.2206
2.7974,1.2156
2.7979,1.2206
2.7985,1.2206
2.7990,1.2206
2.7995,1.2156
2.8001,1.2206
2.8006,1.2156
2.8012,1.2156
2.8017,1.2206
2.8023,1.2156
2.8028,1.2206
2.8034,1.2106
2.8039,1.2156
2.8045,1.2156
2.8050,1.2156
2.8056,1.2156
2.8061,1.2156
2.8067,1.2206
2.8072,1.2206
2.8078,1.2156
2.8083,1.2156
2.8089,1.2156
2.8094,1.2156
2.8100,1.2206
2.8105,1.2206
2.8111,1.2206
2.8116,1.2156
2.8122,1.2156
2.8127,1.2206
2.8133,1.2106
2.8138,1.2156
2.8144,1.2206
2.8149,1.2206
2.8155,1.2156
2.8161,1.2206
2.8166,1.2206
2.8172,1.2156
2.8177,1.2156
2.8183,1.2156
2.8188,1.2156
2.8194,1.2156
2.8199,1.2156
2.8205,1.2156
2.8211,1.2156
2.8217,1.2206
2.8223,1.2156
2.8229,1.2206
2.8285,1.2156
2.8291,1.2156
2.8297,1.2206
2.8303,1.2156
2.8309,1.2156
2.8314,1.2156
2.8320,1.2206
2.8326,1.2106
2.8331,1.2106
2.8337,1.2106
2.8343,1.2156
2.8348,1.2156
2.8354,1.2156
2.8360,1.2156
2.8365,1.2156
2.8371,1.2156
2.8376,1.2106
2.8382,1.2206
2.8388,1.2156
2.8393,1.2156
2.8398,1.2156
2.8404,1.2156
2.8409,1.2156
2.8415,1.2156
2.8420,1.2206
2.8426,1.2156
2.8431,1.2156
2.8437,1.2156
2.8442,1.2156
2.8448,1.2156
2.8453,1.2156
2.8459,1.2156
2.8464,1.2156
2.8470,1.2156
2.8475,1.2206
2.8481,1.2206
2.8486,1.2156
2.8492,1.2156
2.8497,1.2156
2.8503,1.2206
2.8508,1.2106
2.8514,1.2156
2.8519,1.2156
2.8525,1.2206
2.8530,1.2206
2.8536,1.2206
2.8541,1.2106
2.8547,1.2206
2.8552,1.2156
2.8558,1.2156
2.8563,1.2156
2.8569,1.2156
2.8574,1.2156
2.8579,1.2106
2.8585,1.2206
2.8591,1.2156
2.8596,1.2156
2.8602,1.2156
2.8607,1.2156
2.8612,1.2156
2.8618,1.2156
2.8623,1.2156
2.8629,1.2156
2.8634,1.2156
2.8640,1.2206
2.8645,1.2156
2.8651,1.2156
2.8656,1.2106
2.8662,1.2156
2.8667,1.2156
2.8673,1.2206
2.8678,1.2156
2.8684,1.2156
2.8689,1.2106
2.8695,1.2156
2.8700,1.2156
2.8706,1.2156
2.8711,1.2156
2.8717,1.2156
2.8722,1.2106
2.8728,1.2156
2.8733,1.2156
2.8739,1.2156
2.8744,1.2106
2.8750,1.2156
2.8755,1.2156
2.8761,1.2156
2.8766,1.2156
2.8771,1.2206
2.8777,1.2156
2.8782,1.2156
2.8788,1.2156
2.8793,1.2156
2.8799,1.2156
2.8804,1.2156
2.8810,1.2156
2.8815,1.2156
2.8821,1.2106
2.8826,1.2156
2.8832,1.2156
2.8837,1.2156
2.8843,1.2156
2.8848,1.2106
2.8853,1.2156
2.8859,1.2106
2.8864,1.2156
2.8870,1.2156
2.8875,1.2106
2.8881,1.2156
2.8886,1.2106
2.8892,1.2156
2.8897,1.2156
2.8903,1.2106
2.8908,1.2156
2.8914,1.2156
2.8919,1.2156
2.8925,1.2156
2.8930,1.2156
2.8936,1.2156
2.8941,1.2156
2.8947,1.2156
2.8952,1.2156
2.8958,1.2156
2.8963,1.2156
2.8969,1.2156
2.8974,1.2156
2.8980,1.2156
2.8985,1.2106
2.8991,1.2156
2.8996,1.2206
2.9002,1.2156
2.9007,1.2156
2.9013,1.2156
2.9018,1.2156
2.9024,1.2206
2.9029,1.2206
2.9035,1.2156
2.9040,1.2106
2.9046,1.2156
2.9051,1.2156
2.9057,1.2156
2.9062,1.2156
2.9068,1.2156
2.9073,1.2206
2.9079,1.2156
2.9084,1.2156
2.9090,1.2156
2.9095,1.2156
2.9101,1.2156
2.9106,1.2156
2.9112,1.2156
2.9117,1.2156
2.9123,1.2156
2.9129,1.2156
2.9134,1.2156
2.9140,1.2156
2.9145,1.2206
2.9151,1.2156
2.9156,1.2156
2.9162,1.2206
2.9167,1.2156
2.9173,1.2156
2.9178,1.2206
2.9184,1.2156
2.9189,1.2206
2.9195,1.2156
2.9200,1.2206
2.9206,1.2156
2.9211,1.2156
2.9217,1.2156
2.9222,1.2156
2.9228,1.2156
2.9234,1.2206
2.9239,1.2206
2.9245,1.2156
2.9250,1.2156
2.9256,1.2156
2.9261,1.2156
2.9267,1.2156
2.9272,1.2156
2.9278,1.2156
2.9283,1.2156
2.9289,1.2156
2.9295,1.2206
2.9300,1.2156
2.9306,1.2156
2.9311,1.2156
2.9317,1.2206
2.9322,1.2206
2.9328,1.2156
2.9333,1.2156
2.9339,1.2156
2.9344,1.2156
2.9350,1.2206
2.9355,1.2206
2.9361,1.2156
2.9366,1.2156
2.9372,1.2156
2.9377,1.2206
2.9383,1.2156
2.9388,1.2206
2.9394,1.2156
2.9399,1.2206
2.9405,1.2156
2.9410,1.2206
2.9416,1.2156
2.9421,1.2206
2.9427,1.2156
2.9432,1.2206
2.9438,1.2206
2.9443,1.2206
2.9449,1.2206
2.9454,1.2206
2.9460,1.2156
2.9465,1.2156
2.9471,1.2156
2.9476,1.2206
2.9482,1.2156
2.9487,1.2156
2.9493,1.2206
2.9499,1.2156
2.9504,1.2156
2.9510,1.2206
2.9515,1.2257
2.9521,1.2206
2.9526,1.2206
2.9532,1.2206
2.9537,1.2206
2.9543,1.2206
2.9548,1.2206
2.9554,1.2206
2.9559,1.2206
2.9565,1.2257
2.9570,1.2206
2.9576,1.2206
2.9581,1.2206
2.9587,1.2206
2.9592,1.2206
2.9598,1.2206
2.9603,1.2257
2.9609,1.2206
2.9614,1.2206
2.9620,1.2206
2.9625,1.2257
2.9631,1.2206
2.9636,1.2257
2.9642,1.2156
2.9647,1.2206
2.9653,1.2206
2.9658,1.2206
2.9664,1.2206
2.9669,1.2257
2.9675,1.2257
2.9680,1.2257
2.9686,1.2257
2.9691,1.2257
2.9697,1.2257
2.9702,1.2257
2.9708,1.2257
2.9713,1.2257
2.9719,1.2206
2.9724,1.2257
2.9730,1.2257
2.9735,1.2257
2.9741,1.2257
2.9746,1.2206
2.9752,1.2257
2.9757,1.2206
2.9763,1.2257
2.9768,1.2257
2.9774,1.2257
2.9779,1.2257
2.9785,1.2257
2.9790,1.2257
2.9796,1.2257
2.9801,1.2257
2.9807,1.2257
2.9812,1.2206
2.9818,1.2257
2.9823,1.2307
2.9829,1.2257
2.9834,1.2257
2.9841,1.2257
2.9847,1.2257
2.9852,1.2257
2.9858,1.2307
2.9863,1.2257
2.9869,1.2307
2.9874,1.2307
2.9880,1.2257
2.9885,1.2307
2.9891,1.2257
2.9896,1.2307
2.9902,1.2358
2.9907,1.2257
2.9913,1.2257
2.9918,1.2307
2.9924,1.2307
2.9929,1.2307
2.9935,1.2307
2.9940,1.2358
2.9946,1.2307
2.9951,1.2307
2.9956,1.2307
2.9962,1.2307
2.9967,1.2307
2.9973,1.2257
2.9978,1.2307
2.9984,1.2307
2.9989,1.2307
2.9995,1.2257
3.0000,1.2307
3.0006,1.2307
3.0011,1.2257
3.0017,1.2307
3.0022,1.2307
3.0028,1.2257
3.0033,1.2307
3.0039,1.2307
3.0044,1.2307
3.0050,1.2307
3.0055,1.2307
3.0061,1.2307
3.0066,1.2307
3.0072,1.2307
3.0077,1.2257
3.0082,1.2307
3.0088,1.2358
3.0094,1.2358
3.0099,1.2307
3.0105,1.2307
3.0110,1.2307
3.0116,1.2358
3.0121,1.2307
3.0126,1.2358
3.0132,1.2307
3.0137,1.2307
3.0143,1.2307
3.0148,1.2257
3.0154,1.2307
3.0159,1.2307
3.0165,1.2257
3.0170,1.2307
3.0176,1.2358
3.0181,1.2307
3.0187,1.2307
3.0192,1.2307
3.0198,1.2307
3.0203,1.2358
3.0208,1.2307
3.0214,1.2307
3.0219,1.2307
3.0225,1.2358
3.0230,1.2307
3.0236,1.2307
3.0242,1.2307
3.0247,1.2358
3.0253,1.2358
3.0258,1.2358
3.0263,1.2358
3.0269,1.2358
3.0274,1.2358
3.0280,1.2358
3.0286,1.2358
3.0291,1.2358
3.0297,1.2358
3.0302,1.2307
3.0308,1.2307
3.0313,1.2358
3.0318,1.2307
3.0324,1.2358
3.0329,1.2257
3.0335,1.2307
3.0340,1.2307
3.0346,1.2358
3.0351,1.2307
3.0357,1.2358
3.0362,1.2307
3.0368,1.2358
3.0373,1.2307
3.0379,1.2358
3.0384,1.2358
3.0390,1.2358
3.0395,1.2307
3.0400,1.2358
3.0406,1.2358
3.0411,1.2358
3.0417,1.2307
3.0422,1.2307
3.0428,1.2358
3.0433,1.2358
3.0439,1.2307
3.0444,1.2307
3.0450,1.2358
3.0455,1.2358
3.0461,1.2307
3.0466,1.2358
3.0472,1.2358
3.0477,1.2358
3.0482,1.2358
3.0488,1.2358
3.0494,1.2358
3.0499,1.2307
3.0505,1.2358
3.0510,1.2307
3.0516,1.2307
3.0521,1.2358
3.0527,1.2358
3.0532,1.2358
3.0537,1.2307
3.0543,1.2307
3.0548,1.2307
3.0554,1.2307
3.0559,1.2358
3.0565,1.2358
3.0570,1.2358
3.0576,1.2358
3.0581,1.2358
3.0587,1.2358
3.0592,1.2358
3.0598,1.2307
3.0603,1.2358
3.0609,1.2358
3.0615,1.2307
3.0620,1.2307
3.0626,1.2307
3.0631,1.2358
3.0637,1.2358
3.0642,1.2358
3.0648,1.2307
3.0653,1.2358
3.0659,1.2307
3.0664,1.2358
3.0670,1.2307
3.0675,1.2358
3.0681,1.2358
3.0687,1.2358
3.0692,1.2307
3.0698,1.2358
3.0703,1.2358
3.0709,1.2307
3.0714,1.2358
3.0720,1.2358
3.0725,1.2358
3.0731,1.2358
3.0736,1.2307
3.0743,1.2358
3.0749,1.2358
3.0754,1.2307
3.0760,1.2358
3.0765,1.2257
3.0771,1.2358
3.0776,1.2358
3.0782,1.2358
3.0787,1.2307
3.0794,1.2358
3.0799,1.2358
3.0805,1.2307
3.0811,1.2358
3.0816,1.2307
3.0822,1.2408
3.0827,1.2358
3.0833,1.2358
3.0838,1.2307
3.0844,1.2358
3.0849,1.2358
3.0855,1.2307
3.0860,1.2307
3.0866,1.2358
3.0871,1.2307
3.0877,1.2358
3.0882,1.2358
3.0888,1.2358
3.0893,1.2307
3.0899,1.2307
3.0904,1.2358
3.0910,1.2358
3.0915,1.2307
3.0921,1.2358
3.0926,1.2307
3.0932,1.2358
3.0937,1.2358
3.0943,1.2358
3.0948,1.2358
3.0954,1.2358
3.0959,1.2358
3.0965,1.2307
3.0970,1.2358
3.0976,1.2307
3.0981,1.2358
3.0987,1.2307
3.0992,1.2307
3.0998,1.2307
3.1003,1.2358
3.1009,1.2307
3.1014,1.2358
3.1020,1.2358
3.1025,1.2307
3.1031,1.2307
3.1037,1.2358
3.1042,1.2307
3.1048,1.2358
3.1054,1.2358
3.1060,1.2307
3.1066,1.2358
3.1072,1.2358
3.1077,1.2358
3.1083,1.2307
3.1090,1.2307
3.1096,1.2358
3.1102,1.2358
3.1107,1.2358
3.1113,1.2358
3.1119,1.2307
3.1124,1.2307
3.1130,1.2307
3.1135,1.2358
3.1141,1.2358
3.1146,1.2307
3.1152,1.2307
3.1157,1.2307
3.1163,1.2307
3.1168,1.2307
3.1174,1.2307
3.1180,1.2307
3.1185,1.2358
3.1191,1.2307
3.1197,1.2307
3.1202,1.2358
3.1208,1.2307
3.1214,1.2358
3.1219,1.2307
3.1225,1.2307
3.1231,1.2358
3.1238,1.2307
3.1244,1.2358
3.1249,1.2307
3.1255,1.2307
3.1261,1.2358
3.1266,1.2358
3.1272,1.2358
3.1277,1.2358
3.1284,1.2307
3.1290,1.2358
3.1295,1.2358
3.1301,1.2257
3.1306,1.2307
3.1311,1.2307
3.1317,1.2307
3.1322,1.2358
3.1328,1.2307
3.1333,1.2358
3.1339,1.2358
3.1344,1.2307
3.1349,1.2358
3.1355,1.2358
3.1360,1.2358
3.1366,1.2307
3.1371,1.2307
3.1377,1.2358
3.1382,1.2358
3.1439,1.2358
3.1445,1.2307
3.1450,1.2307
3.1456,1.2358
3.1461,1.2358
3.1466,1.2307
3.1472,1.2358
3.1477,1.2358
3.1483,1.2358
3.1488,1.2358
3.1494,1.2307
3.1499,1.2358
3.1505,1.2307
3.1510,1.2307
3.1516,1.2358
3.1521,1.2307
3.1527,1.2358
3.1532,1.2307
3.1538,1.2307
3.1543,1.2358
3.1549,1.2358
3.1554,1.2257
3.1560,1.2358
3.1565,1.2307
3.1571,1.2307
3.1576,1.2358
3.1582,1.2307
3.1587,1.2307
3.1592,1.2358
3.1598,1.2358
3.1603,1.2358
3.1609,1.2358
3.1614,1.2307
3.1620,1.2358
3.1625,1.2358
3.1630,1.2307
3.1636,1.2307
3.1641,1.2307
3.1647,1.2307
3.1652,1.2307
3.1657,1.2307
3.1663,1.2307
3.1668,1.2358
3.1674,1.2307
3.1679,1.2358
3.1684,1.2358
3.1690,1.2307
3.1695,1.2358
3.1701,1.2358
3.1706,1.2358
3.1712,1.2358
3.1717,1.2358
3.1723,1.2307
3.1728,1.2358
3.1734,1.2307
3.1739,1.2307
3.1744,1.2358
3.1750,1.2358
3.1755,1.2358
3.1761,1.2358
3.1766,1.2307
3.1772,1.2307
3.1777,1.2307
3.1783,1.2358
3.1788,1.2257
3.1793,1.2307
3.1799,1.2307
3.1804,1.2257
3.1810,1.2307
3.1815,1.2358
3.1820,1.2307
3.1826,1.2307
3.1831,1.2307
3.1837,1.2358
3.1842,1.2257
3.1847,1.2358
3.1853,1.2358
3.1858,1.2307
3.1864,1.2307
3.1869,1.2307
3.1875,1.2307
3.1880,1.2307
3.1885,1.2307
3.1891,1.2307
3.1896,1.2307
3.1902,1.2358
3.1907,1.2358
3.1912,1.2307
3.1918,1.2307
3.1923,1.2257
3.1929,1.2307
3.1934,1.2307
3.1939,1.2307
3.1945,1.2307
3.1950,1.2307
3.1956,1.2307
3.1961,1.2307
3.1967,1.2307
3.1972,1.2307
3.1977,1.2307
3.1983,1.2307
3.1988,1.2307
3.1994,1.2307
3.1999,1.2307
3.2005,1.2307
3.2010,1.2307
3.2015,1.2307
3.2021,1.2307
3.2026,1.2307
3.2032,1.2307
3.2037,1.2307
3.2043,1.2307
3.2048,1.2307
3.2054,1.2257
3.2060,1.2307
3.2065,1.2307
3.2071,1.2257
3.2077,1.2257
3.2083,1.2257
3.2088,1.2307
3.2094,1.2307
3.2099,1.2307
3.2105,1.2307
3.2110,1.2307
3.2115,1.2307
3.2121,1.2257
3.2126,1.2307
3.2132,1.2307
3.2137,1.2257
3.2143,1.2307
3.2148,1.2307
3.2153,1.2307
3.2159,1.2257
3.2164,1.2257
3.2170,1.2257
3.2175,1.2257
3.2180,1.2257
3.2186,1.2257
3.2191,1.2307
3.2197,1.2307
3.2202,1.2307
3.2207,1.2307
3.2213,1.2307
3.2218,1.2307
3.2224,1.2307
3.2229,1.2257
3.2235,1.2257
3.2241,1.2307
3.2247,1.2307
3.2252,1.2307
3.2258,1.2307
3.2263,1.2257
3.2268,1.2257
3.2274,1.2307
3.2279,1.2307
3.2284,1.2257
3.2290,1.2307
3.2295,1.2257
3.2301,1.2257
3.2306,1.2307
3.2311,1.2307
3.2317,1.2257
3.2322,1.2206
3.2327,1.2257
3.2333,1.2257
3.2338,1.2307
3.2343,1.2257
3.2349,1.2307
3.2354,1.2307
3.2359,1.2257
3.2365,1.2206
3.2370,1.2206
3.2375,1.2257
3.2381,1.2257
3.2386,1.2257
3.2392,1.2257
3.2397,1.2307
3.2402,1.2307
3.2408,1.2257
3.2413,1.2257
3.2418,1.2257
3.2424,1.2307
3.2429,1.2257
3.2434,1.2257
3.2439,1.2307
3.2445,1.2307
3.2450,1.2307
3.2455,1.2257
3.2461,1.2257
3.2466,1.2257
3.2471,1.2257
3.2477,1.2257
3.2482,1.2307
3.2487,1.2307
3.2493,1.2257
3.2498,1.2206
3.2504,1.2307
3.2509,1.2307
3.2514,1.2307
3.2520,1.2257
3.2525,1.2307
3.2530,1.2257
3.2536,1.2206
3.2541,1.2307
3.2546,1.2307
3.2552,1.2307
3.2557,1.2257
3.2562,1.2206
3.2568,1.2307
3.2573,1.2257
3.2578,1.2257
3.2584,1.2257
3.2589,1.2257
3.2595,1.2307
3.2600,1.2257
3.2605,1.2307
3.2611,1.2257
3.2616,1.2257
3.2621,1.2257
3.2627,1.2257
3.2632,1.2257
3.2637,1.2206
3.2643,1.2307
3.2648,1.2206
3.2653,1.2307
3.2659,1.2257
3.2664,1.2257
3.2669,1.2257
3.2675,1.2307
3.2680,1.2257
3.2686,1.2257
3.2691,1.2257
3.2696,1.2206
3.2702,1.2257
3.2707,1.2257
3.2712,1.2257
3.2718,1.2257
3.2723,1.2307
3.2728,1.2257
3.2734,1.2257
3.2739,1.2206
3.2744,1.2307
3.2750,1.2257
3.2755,1.2257
3.2760,1.2257
3.2766,1.2257
3.2771,1.2257
3.2777,1.2307
3.2782,1.2257
3.2787,1.2257
3.2793,1.2257
3.2798,1.2307
3.2803,1.2257
3.2809,1.2257
3.2814,1.2307
3.2819,1.2257
3.2825,1.2257
3.2830,1.2257
3.2835,1.2206
3.2841,1.2257
3.2846,1.2307
3.2851,1.2257
3.2857,1.2257
3.2862,1.2307
3.2868,1.2307
3.2873,1.2206
3.2878,1.2257
3.2884,1.2307
3.2889,1.2307
3.2894,1.2257
3.2900,1.2257
3.2905,1.2257
3.2910,1.2257
3.2916,1.2257
3.2921,1.2257
3.2927,1.2257
3.2932,1.2257
3.2937,1.2257
3.2943,1.2257
3.2948,1.2307
3.2953,1.2257
3.2959,1.2307
3.2964,1.2257
3.2969,1.2257
3.2975,1.2257
3.2980,1.2307
3.2985,1.2257
3.2991,1.2257
3.2996,1.2257
3.3001,1.2206
3.3007,1.2206
3.3012,1.2257
3.3018,1.2307
3.3023,1.2257
3.3028,1.2257
3.3034,1.2257
3.3039,1.2257
3.3044,1.2257
3.3050,1.2307
3.3055,1.2257
3.3060,1.2257
3.3066,1.2257
3.3071,1.2257
3.3076,1.2257
3.3082,1.2257
3.3087,1.2206
3.3092,1.2307
3.3098,1.2257
3.3103,1.2257
3.3109,1.2257
3.3114,1.2257
3.3119,1.2307
3.3125,1.2257
3.3130,1.2307
3.3135,1.2206
3.3141,1.2257
3.3146,1.2257
3.3151,1.2206
3.3157,1.2257
3.3162,1.2206
3.3167,1.2257
3.3173,1.2257
3.3178,1.2257
3.3183,1.2257
3.3189,1.2206
3.3194,1.2257
3.3199,1.2257
3.3205,1.2257
3.3210,1.2206
3.3216,1.2206
3.3221,1.2257
3.3226,1.2257
3.3232,1.2257
3.3237,1.2257
3.3242,1.2257
3.3248,1.2307
3.3253,1.2257
3.3259,1.2206
3.3264,1.2257
3.3269,1.2257
3.3275,1.2257
3.3280,1.2257
3.3285,1.2307
3.3291,1.2206
3.3296,1.2257
3.3301,1.2257
3.3307,1.2257
3.3312,1.2257
3.3317,1.2257
3.3323,1.2257
3.3328,1.2257
3.3334,1.2257
3.3339,1.2257
3.3344,1.2257
3.3350,1.2206
3.3355,1.2257
3.3360,1.2206
3.3366,1.2257
3.3371,1.2257
3.3376,1.2257
3.3382,1.2257
3.3387,1.2257
3.3392,1.2257
3.3398,1.2257
3.3403,1.2257
3.3408,1.2206
3.3414,1.2257
3.3419,1.2257
3.3425,1.2257
3.3430,1.2206
3.3435,1.2257
3.3441,1.2257
3.3446,1.2257
3.3451,1.2257
3.3457,1.2257
3.3462,1.2257
3.3467,1.2257
3.3473,1.2206
3.3478,1.2257
3.3483,1.2257
3.3489,1.2257
3.3494,1.2206
3.3499,1.2206
3.3505,1.2206
3.3510,1.2257
3.3515,1.2257
3.3521,1.2257
3.3526,1.2257
3.3532,1.2206
3.3537,1.2206
3.3542,1.2257
3.3548,1.2257
3.3553,1.2206
3.3558,1.2206
3.3564,1.2257
3.3569,1.2206
3.3574,1.2257
3.3580,1.2206
3.3585,1.2257
3.3590,1.2206
3.3596,1.2206
3.3601,1.2206
3.3607,1.2257
3.3612,1.2257
3.3617,1.2257
3.3623,1.2206
3.3628,1.2307
3.3633,1.2206
3.3639,1.2307
3.3644,1.2257
3.3649,1.2257
3.3655,1.2257
3.3660,1.2206
3.3666,1.2206
3.3671,1.2156
3.3676,1.2206
3.3682,1.2257
3.3687,1.2257
3.3692,1.2257
3.3698,1.2206
3.3703,1.2257
3.3708,1.2257
3.3714,1.2206
3.3719,1.2206
3.3724,1.2206
3.3730,1.2206
3.3735,1.2257
3.3740,1.2257
3.3746,1.2257
3.3751,1.2206
3.3757,1.2257
3.3762,1.2257
3.3767,1.2206
3.3773,1.2206
3.3778,1.2257
3.3783,1.2257
3.3789,1.2257
3.3794,1.2206
3.3799,1.2257
3.3805,1.2257
3.3810,1.2257
3.3815,1.2206
3.3821,1.2257
3.3826,1.2206
3.3831,1.2206
3.3837,1.2206
3.3842,1.2206
3.3848,1.2257
3.3853,1.2206
3.3858,1.2257
3.3864,1.2206
3.3869,1.2257
3.3874,1.2257
3.3880,1.2206
3.3885,1.2206
3.3890,1.2206
3.3896,1.2257
3.3901,1.2206
3.3906,1.2206
3.3912,1.2206
3.3917,1.2206
3.3923,1.2156
3.3928,1.2206
3.3933,1.2257
3.3939,1.2206
3.3944,1.2206
3.3949,1.2206
3.3955,1.2206
3.3960,1.2206
3.3965,1.2206
3.3971,1.2206
3.3976,1.2206
3.3981,1.2257
3.3987,1.2206
3.3992,1.2206
3.3997,1.2156
3.4003,1.2206
3.4008,1.2156
3.4013,1.2206
3.4019,1.2206
3.4024,1.2257
3.4029,1.2206
3.4035,1.2206
3.4040,1.2206
3.4045,1.2206
3.4051,1.2156
3.4056,1.2156
3.4061,1.2156
3.4067,1.2206
3.4072,1.2206
3.4077,1.2206
3.4083,1.2206
3.4088,1.2206
3.4093,1.2206
3.4099,1.2206
3.4104,1.2206
3.4109,1.2206
3.4115,1.2206
3.4120,1.2206
3.4125,1.2206
3.4131,1.2206
3.4136,1.2206
3.4141,1.2206
3.4147,1.2206
3.4152,1.2206
3.4157,1.2206
3.4163,1.2206
3.4168,1.2206
3.4173,1.2206
3.4179,1.2206
3.4184,1.2206
3.4189,1.2206
3.4195,1.2206
3.4200,1.2257
3.4206,1.2206
3.4212,1.2206
3.4218,1.2206
3.4223,1.2206
3.4229,1.2206
3.4235,1.2206
3.4241,1.2156
3.4247,1.2156
3.4253,1.2206
3.4258,1.2206
3.4264,1.2257
3.4270,1.2106
3.4276,1.2206
3.4281,1.2206
3.4287,1.2206
3.4293,1.2156
3.4298,1.2206
3.4304,1.2206
3.4310,1.2156
3.4315,1.2206
3.4323,1.2206
3.4328,1.2156
3.4334,1.2206
3.4339,1.2206
3.4345,1.2156
3.4351,1.2206
3.4356,1.2206
3.4362,1.2156
3.4368,1.2206
3.4374,1.2156
3.4379,1.2206
3.4385,1.2206
3.4390,1.2206
3.4395,1.2206
3.4401,1.2206
3.4406,1.2156
3.4411,1.2156
3.4417,1.2156
3.4422,1.2206
3.4428,1.2206
3.4433,1.2206
3.4438,1.2156
3.4444,1.2206
3.4449,1.2156
3.4455,1.2206
3.4460,1.2156
3.4465,1.2206
3.4471,1.2156
3.4476,1.2206
3.4482,1.2206
3.4487,1.2206
3.4492,1.2206
3.4498,1.2156
3.4503,1.2156
3.4508,1.2156
3.4514,1.2206
3.4519,1.2206
3.4525,1.2206
3.4530,1.2206
3.4536,1.2106
3.4541,1.2206
3.4547,1.2206
3.4552,1.2206
3.4557,1.2156
3.4563,1.2156
3.4568,1.2206
3.4574,1.2206
3.4579,1.2156
3.4584,1.2206
3.4590,1.2156
3.4595,1.2206
3.4600,1.2206
3.4606,1.2156
3.4611,1.2206
3.4617,1.2106
3.4622,1.2206
3.4627,1.2206
3.4633,1.2206
3.4638,1.2156
3.4644,1.2156
3.4649,1.2206
3.4654,1.2206
3.4660,1.2206
3.4665,1.2206
3.4670,1.2106
3.4676,1.2156
3.4681,1.2206
3.4687,1.2106
3.4692,1.2156
3.4698,1.2206
3.4703,1.2156
3.4708,1.2206
3.4714,1.2206
3.4719,1.2156
3.4725,1.2156
3.4730,1.2206
3.4735,1.2156
3.4741,1.2156
3.4746,1.2206
3.4752,1.2156
3.4757,1.2206
3.4762,1.2156
3.4768,1.2156
3.4773,1.2156
3.4778,1.2206
3.4784,1.2156
3.4789,1.2206
3.4795,1.2206
3.4800,1.2206
3.4805,1.2156
3.4811,1.2156
3.4816,1.2206
3.4822,1.2106
3.4827,1.2206
3.4832,1.2206
3.4838,1.2206
3.4843,1.2156
3.4849,1.2156
3.4854,1.2156
3.4859,1.2156
3.4865,1.2156
3.4870,1.2156
3.4876,1.2156
3.4881,1.2156
3.4886,1.2156
3.4892,1.2206
3.4897,1.2156
3.4902,1.2206
3.4908,1.2106
3.4913,1.2156
3.4919,1.2156
3.4924,1.2156
3.4929,1.2156
3.4935,1.2156
3.4940,1.2156
3.4946,1.2156
3.4951,1.2206
3.4956,1.2156
3.4962,1.2206
3.4967,1.2156
3.4973,1.2156
3.4978,1.2156
3.4984,1.2156
3.4989,1.2156
3.4994,1.2156
3.5000,1.2156
3.5005,1.2156
3.5011,1.2156
3.5016,1.2156
3.5021,1.2156
3.5027,1.2156
3.5032,1.2206
3.5037,1.2156
3.5043,1.2156
3.5048,1.2206
3.5053,1.2156
3.5059,1.2206
3.5064,1.2106
3.5070,1.2156
3.5075,1.2156
3.5080,1.2156
3.5086,1.2156
3.5091,1.2156
3.5096,1.2156
3.5102,1.2156
3.5107,1.2156
3.5113,1.2156
3.5118,1.2156
3.5123,1.2206
3.5129,1.2156
3.5134,1.2156
3.5140,1.2156
3.5145,1.2156
3.5150,1.2156
3.5156,1.2156
3.5161,1.2156
3.5167,1.2156
3.5172,1.2206
3.5177,1.2156
3.5183,1.2156
3.5188,1.2156
3.5194,1.2206
3.5199,1.2156
3.5204,1.2156
3.5210,1.2206
3.5215,1.2156
3.5220,1.2206
3.5226,1.2156
3.5231,1.2156
3.5237,1.2156
3.5242,1.2156
3.5247,1.2156
3.5254,1.2106
3.5259,1.2156
3.5265,1.2156
3.5270,1.2156
3.5276,1.2156
3.5281,1.2156
3.5286,1.2156
3.5292,1.2156
3.5297,1.2156
3.5302,1.2156
3.5308,1.2156
3.5313,1.2106
3.5318,1.2106
3.5324,1.2106
3.5329,1.2156
3.5334,1.2156
3.5340,1.2156
3.5345,1.2106
3.5351,1.2156
3.5356,1.2156
3.5361,1.2156
3.5367,1.2156
3.5372,1.2106
3.5377,1.2156
3.5383,1.2206
3.5388,1.2156
3.5393,1.2156
3.5399,1.2156
3.5404,1.2156
3.5409,1.2106
3.5415,1.2156
3.5420,1.2206
3.5426,1.2206
3.5431,1.2156
3.5436,1.2206
3.5442,1.2106
3.5447,1.2156
3.5452,1.2106
3.5458,1.2106
3.5463,1.2156
3.5468,1.2206
3.5474,1.2156
3.5479,1.2156
3.5484,1.2156
3.5490,1.2156
3.5495,1.2206
3.5500,1.2156
3.5506,1.2156
3.5511,1.2106
3.5516,1.2156
3.5522,1.2156
3.5527,1.2156
3.5532,1.2206
3.5538,1.2156
3.5543,1.2156
3.5548,1.2106
3.5554,1.2106
3.5559,1.2156
3.5564,1.2156
3.5570,1.2206
3.5575,1.2156
3.5580,1.2156
3.5586,1.2106
3.5591,1.2156
3.5596,1.2156
3.5602,1.2156
3.5607,1.2106
3.5612,1.2156
3.5618,1.2156
3.5623,1.2156
3.5628,1.2106
3.5634,1.2206
3.5639,1.2156
3.5644,1.2156
3.5650,1.2106
3.5655,1.2106
3.5660,1.2156
3.5666,1.2156
3.5672,1.2156
3.5677,1.2206
3.5682,1.2156
3.5688,1.2156
3.5693,1.2156
3.5698,1.2156
3.5704,1.2106
3.5709,1.2156
3.5714,1.2156
3.5720,1.2156
3.5725,1.2156
3.5730,1.2156
3.5736,1.2106
3.5741,1.2156
3.5746,1.2156
3.5752,1.2156
3.5757,1.2206
3.5762,1.2106
3.5768,1.2156
3.5773,1.2156
3.5778,1.2156
3.5784,1.2156
3.5789,1.2156
3.5794,1.2156
3.5800,1.2156
3.5805,1.2156
3.5811,1.2156
3.5816,1.2156
3.5821,1.2156
3.5827,1.2156
3.5832,1.2156
3.5837,1.2106
3.5843,1.2106
3.5848,1.2156
3.5853,1.2156
3.5859,1.2156
3.5864,1.2156
3.5869,1.2106
3.5875,1.2156
3.5880,1.2156
3.5885,1.2156
3.5891,1.2156
3.5896,1.2156
3.5901,1.2156
3.5907,1.2156
3.5912,1.2156
3.5918,1.2156
3.5923,1.2106
3.5928,1.2106
3.5934,1.2156
3.5939,1.2106
3.5944,1.2156
3.5950,1.2106
3.5955,1.2156
3.5960,1.2156
3.5966,1.2156
3.5971,1.2156
3.5976,1.2156
3.5982,1.2156
3.5987,1.2156
3.5992,1.2156
3.5998,1.2156
3.6003,1.2156
3.6008,1.2156
3.6014,1.2106
3.6019,1.2156
3.6028,1.2106
3.6034,1.2156
3.6039,1.2156
3.6045,1.2156
3.6051,1.2156
3.6057,1.2156
3.6062,1.2206
3.6068,1.2156
3.6073,1.2156
3.6079,1.2156
3.6084,1.2206
3.6090,1.2156
3.6095,1.2106
3.6101,1.2156
3.6106,1.2156
3.6111,1.2206
3.6117,1.2156
3.6122,1.2156
3.6128,1.2156
3.6133,1.2106
3.6138,1.2106
3.6144,1.2156
3.6149,1.2156
3.6155,1.2106
3.6160,1.2106
3.6166,1.2156
3.6172,1.2156
3.6177,1.2156
3.6185,1.2156
3.6200,1.2156
3.6206,1.2156
3.6211,1.2156
3.6217,1.2106
3.6223,1.2156
3.6229,1.2156
3.6234,1.2156
3.6240,1.2156
3.6245,1.2156
3.6250,1.2156
3.6257,1.2156
3.6262,1.2156
3.6267,1.2156
3.6273,1.2156
3.6278,1.2106
3.6284,1.2156
3.6289,1.2106
3.6294,1.2156
3.6300,1.2156
3.6305,1.2156
3.6310,1.2156
3.6316,1.2156
3.6321,1.2156
3.6326,1.2106
3.6332,1.2156
3.6337,1.2206
3.6342,1.2156
3.6348,1.2106
3.6353,1.2156
3.6359,1.2206
3.6365,1.2156
3.6370,1.2156
3.6376,1.2106
3.6381,1.2156
3.6386,1.2156
3.6392,1.2156
3.6397,1.2156
3.6402,1.2106
3.6408,1.2206
3.6413,1.2156
3.6418,1.2106
3.6424,1.2156
3.6429,1.2156
3.6435,1.2156
3.6440,1.2156
3.6445,1.2156
3.6451,1.2156
3.6456,1.2156
3.6461,1.2156
3.6467,1.2156
3.6472,1.2106
3.6477,1.2156
3.6483,1.2206
3.6488,1.2156
3.6493,1.2156
3.6499,1.2156
3.6504,1.2156
3.6509,1.2156
3.6515,1.2106
3.6520,1.2106
3.6525,1.2156
3.6531,1.2156
3.6536,1.2106
3.6541,1.2156
3.6547,1.2156
3.6552,1.2156
3.6557,1.2156
3.6563,1.2156
3.6568,1.2156
3.6573,1.2156
3.6579,1.2106
3.6584,1.2156
3.6589,1.2156
3.6595,1.2156
3.6600,1.2156
3.6605,1.2156
3.6611,1.2156
3.6616,1.2156
3.6621,1.2106
3.6627,1.2106
3.6632,1.2106
3.6637,1.2106
3.6643,1.2106
3.6648,1.2106
3.6653,1.2156
3.6659,1.2106
3.6664,1.2156
3.6669,1.2156
3.6675,1.2156
3.6680,1.2156
3.6685,1.2156
3.6691,1.2206
3.6696,1.2156
3.6701,1.2156
3.6707,1.2106
3.6712,1.2156
3.6717,1.2156
3.6723,1.2106
3.6728,1.2106
3.6733,1.2156
3.6739,1.2156
3.6744,1.2106
3.6749,1.2156
3.6755,1.2106
3.6760,1.2156
3.6765,1.2156
3.6771,1.2156
3.6776,1.2106
3.6782,1.2206
3.6787,1.2156
3.6792,1.2156
3.6798,1.2156
3.6803,1.2156
3.6808,1.2156
3.6814,1.2106
3.6819,1.2156
3.6824,1.2156
3.6830,1.2156
3.6835,1.2106
3.6840,1.2156
3.6846,1.2156
3.6851,1.2156
3.6856,1.2156
3.6862,1.2156
3.6867,1.2106
3.6872,1.2156
3.6878,1.2156
3.6883,1.2106
3.6889,1.2156
3.6894,1.2106
3.6900,1.2156
3.6905,1.2156
3.6910,1.2156
3.6916,1.2156
3.6921,1.2156
3.6926,1.2156
3.6932,1.2156
3.6937,1.2106
3.6943,1.2156
3.6948,1.2156
3.6953,1.2106
3.6959,1.2156
3.6964,1.2106
3.6969,1.2106
3.6975,1.2106
3.6980,1.2156
3.6985,1.2156
3.6991,1.2156
3.6996,1.2106
3.7002,1.2106
3.7007,1.2156
3.7012,1.2156
3.7018,1.2106
3.7023,1.2156
3.7028,1.2156
3.7034,1.2156
3.7039,1.2156
3.7044,1.2156
3.7050,1.2156
3.7055,1.2106
3.7061,1.2156
3.7066,1.2156
3.7071,1.2106
3.7077,1.2156
3.7082,1.2156
3.7088,1.2106
3.7093,1.2106
3.7098,1.2156
3.7104,1.2206
3.7109,1.2156
3.7114,1.2156
3.7120,1.2106
3.7125,1.2106
3.7130,1.2156
3.7136,1.2156
3.7141,1.2156
3.7147,1.2156
3.7152,1.2206
3.7157,1.2156
3.7163,1.2156
3.7168,1.2156
3.7173,1.2156
3.7179,1.2106
3.7184,1.2106
3.7189,1.2156
3.7195,1.2106
3.7200,1.2106
3.7206,1.2156
3.7211,1.2106
3.7216,1.2156
3.7222,1.2156
3.7227,1.2156
3.7232,1.2106
3.7238,1.2156
3.7243,1.2106
3.7248,1.2106
3.7254,1.2156
3.7259,1.2106
3.7265,1.2106
3.7270,1.2156
3.7275,1.2106
3.7281,1.2156
3.7286,1.2156
3.7291,1.2156
3.7297,1.2156
3.7302,1.2156
3.7308,1.2206
3.7313,1.2156
3.7318,1.2156
3.7324,1.2106
3.7329,1.2106
3.7334,1.2156
3.7340,1.2106
3.7345,1.2106
3.7350,1.2156
3.7356,1.2156
3.7361,1.2106
3.7367,1.2156
3.7372,1.2156
3.7377,1.2156
3.7383,1.2156
3.7388,1.2106
3.7393,1.2156
3.7399,1.2156
3.7404,1.2156
3.7409,1.2156
3.7415,1.2156
3.7420,1.2156
3.7426,1.2156
3.7431,1.2156
3.7436,1.2156
3.7442,1.2106
3.7447,1.2156
3.7452,1.2156
3.7458,1.2106
3.7463,1.2106
3.7468,1.2156
3.7474,1.2156
3.7479,1.2106
3.7485,1.2156
3.7490,1.2156
3.7495,1.2106
3.7501,1.2156
3.7506,1.2106
3.7511,1.2106
3.7517,1.2106
3.7522,1.2156
3.7527,1.2156
3.7533,1.2156
3.7538,1.2156
3.7544,1.2156
3.7549,1.2106
3.7554,1.2156
3.7560,1.2156
3.7565,1.2106
3.7570,1.2156
3.7576,1.2156
3.7581,1.2106
3.7587,1.2106
3.7592,1.2156
3.7597,1.2156
3.7603,1.2106
3.7608,1.2156
3.7613,1.2106
3.7619,1.2106
3.7624,1.2106
3.7629,1.2106
3.7635,1.2106
3.7640,1.2156
3.7646,1.2156
3.7651,1.2106
3.7656,1.2106
3.7662,1.2106
3.7667,1.2156
3.7672,1.2156
3.7678,1.2106
3.7689,1.2106
3.7695,1.2156
3.7700,1.2106
3.7706,1.2156
3.7711,1.2106
3.7717,1.2156
3.7722,1.2106
3.7727,1.2156
3.7733,1.2156
3.7738,1.2156
3.7744,1.2156
3.7749,1.2106
3.7755,1.2156
3.7760,1.2156
3.7765,1.2156
3.7771,1.2106
3.7776,1.2106
3.7784,1.2106
3.7790,1.2106
3.7796,1.2156
3.7802,1.2106
3.7807,1.2106
3.7813,1.2156
3.7818,1.2106
3.7823,1.2106
3.7829,1.2156
3.7834,1.2106
3.7840,1.2106
3.7845,1.2106
3.7851,1.2156
3.7856,1.2106
3.7861,1.2106
3.7867,1.2106
3.7872,1.2156
3.7878,1.2106
3.7883,1.2156
3.7889,1.2106
3.7894,1.2156
3.7899,1.2156
3.7905,1.2156
3.7910,1.2106
3.7916,1.2156
3.7921,1.2106
3.7926,1.2156
3.7932,1.2106
3.7937,1.2106
3.7942,1.2156
3.7948,1.2156
3.7953,1.2156
3.7959,1.2156
3.7964,1.2106
3.7969,1.2106
3.7975,1.2106
3.7980,1.2156
3.7986,1.2106
3.7991,1.2106
3.7996,1.2156
3.8002,1.2106
3.8007,1.2156
3.8012,1.2156
3.8018,1.2106
3.8023,1.2106
3.8029,1.2156
3.8034,1.2106
3.8039,1.2106
3.8045,1.2156
3.8050,1.2106
3.8056,1.2106
3.8061,1.2156
3.8066,1.2106
3.8072,1.2156
3.8077,1.2106
3.8083,1.2106
3.8088,1.2156
3.8093,1.2156
3.8099,1.2156
3.8104,1.2156
3.8109,1.2106
3.8115,1.2106
3.8120,1.2156
3.8126,1.2156
3.8131,1.2106
3.8136,1.2106
3.8142,1.2106
3.8147,1.2156
3.8153,1.2156
3.8158,1.2156
3.8164,1.2156
3.8169,1.2106
3.8174,1.2106
3.8180,1.2106
3.8185,1.2106
3.8191,1.2106
3.8196,1.2156
3.8201,1.2106
3.8207,1.2156
3.8212,1.2106
3.8217,1.2106
3.8223,1.2106
3.8228,1.2156
3.8234,1.2106
3.8239,1.2106
3.8244,1.2106
3.8250,1.2106
3.8255,1.2156
3.8261,1.2106
3.8266,1.2106
3.8272,1.2106
3.8277,1.2156
3.8282,1.2106
3.8288,1.2156
3.8293,1.2106
3.8299,1.2156
3.8304,1.2106
3.8309,1.2156
3.8315,1.2106
3.8320,1.2156
3.8326,1.2156
3.8331,1.2156
3.8336,1.2106
3.8342,1.2156
3.8347,1.2106
3.8352,1.2106
3.8358,1.2106
3.8363,1.2106
3.8369,1.2106
3.8374,1.2156
3.8379,1.2156
3.8385,1.2156
3.8390,1.2106
3.8396,1.2156
3.8401,1.2055
3.8406,1.2106
3.8412,1.2106
3.8417,1.2156
3.8422,1.2106
3.8428,1.2106
3.8433,1.2106
3.8439,1.2106
3.8444,1.2106
3.8450,1.2156
3.8455,1.2156
3.8460,1.2106
3.8466,1.2156
3.8471,1.2156
3.8477,1.2106
3.8482,1.2106
3.8487,1.2156
3.8493,1.2106
3.8498,1.2106
3.8504,1.2156
3.8509,1.2206
3.8514,1.2106
3.8520,1.2156
3.8525,1.2156
3.8530,1.2156
3.8536,1.2106
3.8541,1.2106
3.8547,1.2156
3.8552,1.2156
3.8557,1.2156
3.8563,1.2106
3.8568,1.2156
3.8574,1.2156
3.8579,1.2106
3.8584,1.2156
3.8590,1.2156
3.8595,1.2156
3.8600,1.2106
3.8606,1.2106
3.8611,1.2156
3.8617,1.2156
3.8622,1.2106
3.8627,1.2106
3.8633,1.2106
3.8638,1.2156
3.8644,1.2106
3.8649,1.2106
3.8654,1.2156
3.8660,1.2106
3.8665,1.2156
3.8671,1.2106
3.8676,1.2106
3.8681,1.2106
3.8687,1.2106
3.8692,1.2106
3.8697,1.2156
3.8703,1.2156
3.8708,1.2156
3.8714,1.2106
3.8719,1.2106
3.8724,1.2156
3.8730,1.2156
3.8735,1.2106
3.8741,1.2106
3.8746,1.2156
3.8751,1.2206
3.8757,1.2156
3.8762,1.2106
3.8767,1.2206
3.8773,1.2156
3.8778,1.2106
3.8784,1.2156
3.8789,1.2156
3.8794,1.2156
3.8800,1.2156
3.8805,1.2106
3.8811,1.2156
3.8816,1.2106
3.8821,1.2206
3.8827,1.2156
3.8832,1.2156
3.8837,1.2106
3.8843,1.2156
3.8848,1.2156
3.8854,1.2156
3.8859,1.2106
3.8864,1.2206
3.8870,1.2156
3.8875,1.2156
3.8881,1.2156
3.8886,1.2106
3.8891,1.2156
3.8897,1.2156
3.8902,1.2206
3.8908,1.2156
3.8913,1.2206
3.8918,1.2156
3.8924,1.2156
3.8929,1.2156
3.8934,1.2156
3.8940,1.2156
3.8945,1.2156
3.8951,1.2156
3.8956,1.2156
3.8961,1.2156
3.8967,1.2156
3.8972,1.2206
3.8978,1.2156
3.8983,1.2156
3.8989,1.2206
3.8994,1.2156
3.8999,1.2106
3.9005,1.2206
3.9010,1.2156
3.9015,1.2156
3.9021,1.2156
3.9026,1.2156
3.9032,1.2156
3.9037,1.2206
3.9042,1.2156
3.9048,1.2206
3.9053,1.2206
3.9059,1.2206
3.9064,1.2257
3.9069,1.2206
3.9075,1.2206
3.9080,1.2206
3.9085,1.2206
3.9091,1.2257
3.9096,1.2156
3.9102,1.2206
3.9107,1.2206
3.9113,1.2257
3.9118,1.2206
3.9123,1.2206
3.9129,1.2206
3.9134,1.2206
3.9140,1.2206
3.9145,1.2206
3.9150,1.2257
3.9156,1.2206
3.9161,1.2257
3.9167,1.2206
3.9172,1.2257
3.9177,1.2257
3.9183,1.2206
3.9188,1.2257
3.9193,1.2206
3.9199,1.2257
3.9204,1.2206
3.9210,1.2206
3.9215,1.2257
3.9220,1.2206
3.9226,1.2206
3.9231,1.2206
3.9237,1.2257
3.9242,1.2257
3.9247,1.2257
3.9253,1.2206
3.9258,1.2206
3.9263,1.2206
3.9269,1.2206
3.9274,1.2206
3.9280,1.2206
3.9285,1.2257
3.9291,1.2206
3.9296,1.2257
3.9301,1.2206
3.9307,1.2257
3.9312,1.2257
3.9318,1.2206
3.9323,1.2257
3.9328,1.2206
3.9334,1.2206
3.9339,1.2257
3.9345,1.2206
3.9350,1.2257
3.9355,1.2257
3.9361,1.2206
3.9366,1.2206
3.9371,1.2257
3.9377,1.2206
3.9382,1.2257
3.9388,1.2257
3.9393,1.2257
3.9398,1.2257
3.9404,1.2257
3.9409,1.2257
3.9415,1.2257
3.9420,1.2257
3.9425,1.2257
3.9431,1.2257
3.9436,1.2257
3.9441,1.2206
3.9447,1.2257
3.9452,1.2257
3.9458,1.2257
3.9463,1.2307
3.9468,1.2307
3.9474,1.2257
3.9479,1.2257
3.9485,1.2206
3.9490,1.2307
3.9495,1.2307
3.9501,1.2206
3.9506,1.2307
3.9511,1.2257
3.9517,1.2257
3.9522,1.2307
3.9528,1.2257
3.9533,1.2257
3.9538,1.2257
3.9544,1.2307
3.9549,1.2206
3.9555,1.2307
3.9560,1.2307
3.9565,1.2257
3.9571,1.2307
3.9576,1.2257
3.9581,1.2307
3.9587,1.2307
3.9592,1.2307
3.9598,1.2307
3.9603,1.2307
3.9608,1.2307
3.9614,1.2307
3.9619,1.2257
3.9625,1.2307
3.9630,1.2307
3.9635,1.2257
3.9641,1.2307
3.9646,1.2307
3.9652,1.2307
3.9657,1.2257
3.9662,1.2257
3.9668,1.2307
3.9673,1.2307
3.9678,1.2307
3.9684,1.2257
3.9689,1.2307
3.9695,1.2257
3.9700,1.2307
3.9705,1.2307
3.9711,1.2257
3.9716,1.2307
3.9722,1.2307
3.9727,1.2307
3.9732,1.2307
3.9738,1.2307
3.9743,1.2257
3.9749,1.2307
3.9754,1.2307
3.9759,1.2307
3.9765,1.2307
3.9770,1.2307
3.9775,1.2257
3.9781,1.2307
3.9786,1.2307
3.9792,1.2307
3.9797,1.2307
3.9803,1.2257
3.9808,1.2257
3.9813,1.2257
3.9819,1.2307
3.9824,1.2307
3.9830,1.2307
3.9835,1.2307
3.9840,1.2257
3.9846,1.2257
3.9851,1.2307
3.9856,1.2307
3.9862,1.2307
3.9867,1.2307
3.9873,1.2307
3.9878,1.2307
3.9883,1.2307
3.9889,1.2307
3.9894,1.2358
3.9900,1.2307
3.9905,1.2307
3.9910,1.2307
3.9916,1.2307
3.9921,1.2307
3.9926,1.2307
3.9932,1.2307
3.9937,1.2307
3.9943,1.2257
3.9948,1.2307
3.9953,1.2257
3.9959,1.2307
3.9964,1.2358
3.9970,1.2257
3.9975,1.2307
3.9980,1.2307
3.9986,1.2257
3.9991,1.2358
3.9997,1.2307
4.0002,1.2307
4.0007,1.2307
4.0013,1.2307
4.0018,1.2358
4.0023,1.2307
4.0029,1.2307
4.0034,1.2307
4.0040,1.2307
4.0045,1.2358
4.0050,1.2307
4.0056,1.2307
4.0061,1.2307
4.0067,1.2358
4.0072,1.2307
4.0077,1.2307
4.0083,1.2307
4.0088,1.2307
4.0093,1.2307
4.0099,1.2307
4.0104,1.2307
4.0110,1.2358
4.0115,1.2307
4.0120,1.2307
4.0126,1.2307
4.0131,1.2307
4.0137,1.2358
4.0142,1.2307
4.0147,1.2307
4.0153,1.2307
4.0158,1.2307
4.0163,1.2307
4.0169,1.2307
4.0174,1.2307
4.0180,1.2307
4.0185,1.2257
4.0190,1.2358
4.0196,1.2307
4.0201,1.2307
4.0207,1.2307
4.0212,1.2307
4.0218,1.2307
4.0224,1.2358
4.0230,1.2358
4.0236,1.2358
4.0242,1.2307
4.0248,1.2307
4.0253,1.2358
4.0259,1.2307
4.0264,1.2307
4.0270,1.2358
4.0279,1.2257
4.0285,1.2358
4.0290,1.2358
4.0296,1.2358
4.0301,1.2358
4.0307,1.2307
4.0312,1.2358
4.0318,1.2307
4.0323,1.2358
4.0328,1.2358
4.0334,1.2307
4.0339,1.2307
4.0344,1.2307
4.0350,1.2358
4.0355,1.2358
4.0361,1.2307
4.0366,1.2307
4.0372,1.2307
4.0377,1.2358
4.0383,1.2307
4.0388,1.2358
4.0393,1.2307
4.0399,1.2307
4.0404,1.2307
4.0409,1.2307
4.0414,1.2307
4.0420,1.2307
4.0425,1.2307
4.0430,1.2307
4.0436,1.2307
4.0441,1.2307
4.0446,1.2358
4.0452,1.2358
4.0457,1.2358
4.0462,1.2307
4.0467,1.2307
4.0473,1.2307
4.0478,1.2358
4.0483,1.2307
4.0489,1.2358
4.0494,1.2307
4.0500,1.2358
4.0505,1.2307
4.0510,1.2358
4.0515,1.2358
4.0521,1.2307
4.0526,1.2358
4.0532,1.2358
4.0537,1.2307
4.0542,1.2307
4.0548,1.2358
4.0553,1.2307
4.0558,1.2307
4.0564,1.2358
4.0569,1.2307
4.0574,1.2307
4.0579,1.2358
4.0585,1.2358
4.0590,1.2358
4.0595,1.2358
4.0601,1.2358
4.0606,1.2307
4.0611,1.2358
4.0617,1.2307
4.0622,1.2307
4.0627,1.2257
4.0633,1.2307
4.0638,1.2358
4.0643,1.2307
4.0649,1.2358
4.0654,1.2307
4.0659,1.2358
4.0665,1.2358
4.0670,1.2307
4.0675,1.2358
4.0681,1.2307
4.0686,1.2307
4.0692,1.2307
4.0698,1.2307
4.0703,1.2257
4.0709,1.2358
4.0714,1.2358
4.0720,1.2307
4.0726,1.2307
4.0731,1.2358
4.0736,1.2307
4.0742,1.2358
4.0747,1.2358
4.0753,1.2358
4.0758,1.2307
4.0764,1.2307
4.0769,1.2307
4.0775,1.2307
4.0781,1.2358
4.0786,1.2307
4.0792,1.2358
4.0798,1.2307
4.0803,1.2358
4.0809,1.2358
4.0819,1.2307
4.0824,1.2307
4.0830,1.2358
4.0835,1.2358
4.0841,1.2307
4.0846,1.2257
4.0851,1.2358
4.0857,1.2358
4.0862,1.2358
4.0867,1.2307
4.0873,1.2358
4.0878,1.2358
4.0884,1.2307
4.0889,1.2307
4.0894,1.2358
4.0900,1.2358
4.0905,1.2358
4.0910,1.2307
4.0916,1.2358
4.0921,1.2358
4.0927,1.2307
4.0932,1.2307
4.0937,1.2358
4.0943,1.2307
4.0948,1.2358
4.0953,1.2358
4.0959,1.2307
4.0964,1.2307
4.0969,1.2257
4.0975,1.2307
4.0980,1.2358
4.0985,1.2358
4.0991,1.2307
4.0996,1.2358
4.1001,1.2358
4.1007,1.2358
4.1013,1.2257
4.1022,1.2307
4.1028,1.2307
4.1034,1.2257
4.1040,1.2307
4.1046,1.2307
4.1052,1.2358
4.1058,1.2257
4.1064,1.2307
4.1070,1.2307
4.1075,1.2358
4.1081,1.2307
4.1184,1.2358
4.1190,1.2307
4.1196,1.2307
4.1202,1.2307
4.1207,1.2257
4.1213,1.2307
4.1219,1.2358
4.1225,1.2307
4.1231,1.2358
4.1236,1.2358
4.1243,1.2307
4.1249,1.2257
4.1254,1.2307
4.1260,1.2257
4.1265,1.2257
4.1270,1.2358
4.1276,1.2307
4.1281,1.2307
4.1287,1.2307
4.1292,1.2307
4.1298,1.2307
4.1304,1.2257
4.1309,1.2307
4.1314,1.2307
4.1320,1.2358
4.1325,1.2307
4.1330,1.2307
4.1336,1.2307
4.1341,1.2307
4.1346,1.2307
4.1352,1.2307
4.1357,1.2307
4.1363,1.2307
4.1368,1.2307
4.1374,1.2358
4.1379,1.2307
4.1385,1.2257
4.1390,1.2307
4.1395,1.2307
4.1401,1.2358
4.1406,1.2307
4.1411,1.2307
4.1417,1.2307
4.1422,1.2307
4.1428,1.2307
4.1433,1.2257
4.1439,1.2307
4.1444,1.2307
4.1450,1.2307
4.1455,1.2257
4.1460,1.2307
4.1466,1.2307
4.1471,1.2257
4.1476,1.2307
4.1482,1.2307
4.1488,1.2307
4.1493,1.2257
4.1499,1.2307
4.1504,1.2257
4.1510,1.2358
4.1515,1.2307
4.1521,1.2257
4.1526,1.2358
4.1532,1.2307
4.1537,1.2307
4.1542,1.2257
4.1548,1.2307
4.1553,1.2307
4.1559,1.2257
4.1564,1.2307
4.1570,1.2307
4.1575,1.2307
4.1581,1.2257
4.1586,1.2257
4.1592,1.2307
4.1597,1.2307
4.1603,1.2257
4.1608,1.2307
4.1614,1.2257
4.1619,1.2206
4.1625,1.2307
4.1630,1.2307
4.1635,1.2307
4.1641,1.2257
4.1646,1.2307
4.1652,1.2257
4.1657,1.2307
4.1662,1.2257
4.1668,1.2257
4.1673,1.2358
4.1678,1.2307
4.1684,1.2257
4.1690,1.2257
4.1695,1.2257
4.1701,1.2307
4.1706,1.2257
4.1712,1.2257
4.1717,1.2257
4.1723,1.2257
4.1728,1.2307
4.1733,1.2307
4.1739,1.2257
4.1744,1.2307
4.1750,1.2307
4.1755,1.2257
4.1760,1.2257
4.1766,1.2307
4.1771,1.2257
4.1777,1.2206
4.1782,1.2257
4.1787,1.2257
4.1793,1.2307
4.1798,1.2307
4.1804,1.2307
4.1809,1.2257
4.1815,1.2257
4.1820,1.2257
4.1825,1.2257
4.1831,1.2307
4.1836,1.2307
4.1841,1.2307
4.1849,1.2257
4.1855,1.2307
4.1860,1.2257
4.1865,1.2257
4.1871,1.2307
4.1876,1.2257
4.1882,1.2307
4.1887,1.2257
4.1893,1.2257
4.1898,1.2257
4.1904,1.2257
4.1909,1.2257
4.1915,1.2257
4.1920,1.2307
4.1926,1.2206
4.1931,1.2257
4.1936,1.2257
4.1942,1.2257
4.1947,1.2257
4.1953,1.2307
4.1959,1.2307
4.1964,1.2307
4.1969,1.2257
4.1975,1.2206
4.1980,1.2257
4.1986,1.2307
4.1992,1.2257
4.1997,1.2307
4.2003,1.2206
4.2008,1.2206
4.2014,1.2257
4.2019,1.2257
4.2024,1.2257
4.2030,1.2257
4.2035,1.2257
4.2040,1.2257
4.2046,1.2206
4.2051,1.2257
4.2056,1.2307
4.2062,1.2257
4.2067,1.2257
4.2072,1.2257
4.2078,1.2257
4.2083,1.2257
4.2098,1.2257
4.2104,1.2257
4.2109,1.2257
4.2114,1.2257
4.2120,1.2257
4.2125,1.2257
4.2130,1.2307
4.2136,1.2257
4.2141,1.2257
4.2146,1.2257
4.2152,1.2257
4.2157,1.2257
4.2162,1.2206
4.2168,1.2257
4.2173,1.2257
4.2178,1.2257
4.2184,1.2206
4.2190,1.2257
4.2195,1.2257
4.2200,1.2257
4.2206,1.2257
4.2211,1.2257
4.2216,1.2257
4.2222,1.2257
4.2227,1.2257
4.2232,1.2257
4.2238,1.2257
4.2243,1.2206
4.2248,1.2206
4.2254,1.2257
4.2259,1.2307
4.2264,1.2307
4.2270,1.2206
4.2275,1.2257
4.2280,1.2257
4.2286,1.2206
4.2291,1.2257
4.2296,1.2257
4.2302,1.2257
4.2307,1.2257
4.2312,1.2257
4.2318,1.2257
4.2323,1.2257
4.2328,1.2257
4.2334,1.2206
4.2339,1.2257
4.2344,1.2257
4.2350,1.2257
4.2355,1.2206
4.2360,1.2257
4.2366,1.2257
4.2371,1.2206
4.2376,1.2257
4.2382,1.2257
4.2387,1.2257
4.2392,1.2257
4.2398,1.2257
4.2403,1.2206
4.2408,1.2206
4.2414,1.2206
4.2419,1.2206
4.2424,1.2206
4.2430,1.2257
4.2435,1.2257
4.2440,1.2257
4.2446,1.2257
4.2451,1.2206
4.2456,1.2257
4.2462,1.2206
4.2467,1.2206
4.2472,1.2257
4.2478,1.2257
4.2484,1.2257
4.2489,1.2257
4.2494,1.2257
4.2500,1.2257
4.2505,1.2257
4.2510,1.2257
4.2516,1.2206
4.2521,1.2307
4.2526,1.2206
4.2532,1.2257
4.2537,1.2206
4.2542,1.2257
4.2548,1.2257
4.2553,1.2257
4.2558,1.2257
4.2563,1.2257
4.2569,1.2257
4.2574,1.2206
4.2579,1.2257
4.2585,1.2257
4.2590,1.2307
4.2595,1.2257
4.2601,1.2257
4.2606,1.2257
4.2611,1.2257
4.2617,1.2257
4.2622,1.2257
4.2627,1.2257
4.2633,1.2257
4.2638,1.2257
4.2643,1.2257
4.2649,1.2206
4.2654,1.2257
4.2659,1.2257
4.2665,1.2257
4.2670,1.2257
4.2676,1.2257
4.2681,1.2206
4.2686,1.2257
4.2692,1.2257
4.2697,1.2257
4.2702,1.2206
4.2708,1.2257
4.2713,1.2257
4.2718,1.2257
4.2724,1.2257
4.2729,1.2206
4.2734,1.2257
4.2740,1.2257
4.2745,1.2257
4.2750,1.2257
4.2756,1.2257
4.2761,1.2257
4.2766,1.2206
4.2772,1.2257
4.2777,1.2257
4.2783,1.2257
4.2788,1.2206
4.2793,1.2257
4.2799,1.2206
4.2804,1.2257
4.2809,1.2257
4.2815,1.2206
4.2820,1.2206
4.2826,1.2206
4.2831,1.2307
4.2836,1.2257
4.2842,1.2307
4.2847,1.2257
4.2852,1.2257
4.2858,1.2257
4.2863,1.2257
4.2868,1.2257
4.2874,1.2257
4.2879,1.2206
4.2885,1.2206
4.2890,1.2257
4.2895,1.2257
4.2901,1.2257
4.2906,1.2257
4.2911,1.2257
4.2917,1.2206
4.2922,1.2257
4.2927,1.2206
4.2933,1.2206
4.2938,1.2257
4.2943,1.2257
4.2949,1.2206
4.2954,1.2257
4.2960,1.2257
4.2965,1.2257
4.2970,1.2257
4.2976,1.2257
4.2981,1.2257
4.2986,1.2257
4.2992,1.2206
4.2997,1.2206
4.3002,1.2206
4.3008,1.2257
4.3013,1.2257
4.3018,1.2257
4.3024,1.2156
4.3029,1.2206
4.3034,1.2257
4.3040,1.2257
4.3045,1.2206
4.3050,1.2206
4.3056,1.2206
4.3061,1.2206
4.3066,1.2257
4.3072,1.2206
4.3077,1.2257
4.3083,1.2206
4.3088,1.2257
4.3093,1.2206
4.3099,1.2257
4.3104,1.2206
4.3109,1.2206
4.3115,1.2206
4.3120,1.2206
4.3125,1.2206
4.3131,1.2206
4.3136,1.2206
4.3141,1.2257
4.3147,1.2206
4.3152,1.2257
4.3157,1.2206
4.3163,1.2257
4.3168,1.2156
4.3173,1.2206
4.3179,1.2257
4.3184,1.2206
4.3189,1.2206
4.3195,1.2257
4.3200,1.2206
4.3205,1.2206
4.3211,1.2156
4.3216,1.2257
4.3222,1.2206
4.3227,1.2206
4.3232,1.2206
4.3238,1.2257
4.3243,1.2206
4.3248,1.2206
4.3254,1.2206
4.3259,1.2206
4.3265,1.2257
4.3270,1.2257
4.3275,1.2206
4.3281,1.2156
4.3286,1.2257
4.3291,1.2257
4.3297,1.2257
4.3302,1.2206
4.3307,1.2257
4.3313,1.2206
4.3318,1.2257
4.3323,1.2156
4.3329,1.2206
4.3334,1.2206
4.3340,1.2206
4.3345,1.2206
4.3350,1.2206
4.3356,1.2206
4.3361,1.2206
4.3366,1.2206
4.3372,1.2206
4.3377,1.2206
4.3383,1.2206
4.3388,1.2257
4.3393,1.2206
4.3399,1.2206
4.3404,1.2206
4.3409,1.2206
4.3415,1.2206
4.3420,1.2206
4.3425,1.2206
4.3431,1.2156
4.3436,1.2206
4.3441,1.2206
4.3447,1.2156
4.3452,1.2257
4.3457,1.2206
4.3463,1.2206
4.3468,1.2206
4.3473,1.2206
4.3479,1.2156
4.3484,1.2206
4.3489,1.2206
4.3495,1.2206
4.3500,1.2257
4.3506,1.2206
4.3511,1.2206
4.3516,1.2206
4.3522,1.2206
4.3527,1.2206
4.3532,1.2206
4.3538,1.2206
4.3543,1.2156
4.3548,1.2257
4.3554,1.2206
4.3559,1.2206
4.3564,1.2206
4.3570,1.2206
4.3575,1.2206
4.3580,1.2206
4.3586,1.2206
4.3591,1.2206
4.3596,1.2206
4.3602,1.2206
4.3607,1.2206
4.3613,1.2206
4.3618,1.2206
4.3623,1.2206
4.3629,1.2257
4.3634,1.2206
4.3639,1.2206
4.3645,1.2206
4.3650,1.2206
4.3656,1.2206
4.3661,1.2206
4.3666,1.2206
4.3672,1.2206
4.3677,1.2206
4.3682,1.2206
4.3688,1.2206
4.3693,1.2206
4.3698,1.2206
4.3704,1.2206
4.3709,1.2206
4.3715,1.2206
4.3720,1.2156
4.3725,1.2206
4.3731,1.2206
4.3736,1.2206
4.3741,1.2206
4.3747,1.2156
4.3752,1.2156
4.3757,1.2206
4.3763,1.2206
4.3768,1.2156
4.3773,1.2206
4.3779,1.2156
4.3784,1.2156
4.3789,1.2156
4.3795,1.2156
4.3800,1.2206
4.3806,1.2206
4.3811,1.2206
4.3816,1.2156
4.3822,1.2156
4.3827,1.2206
4.3832,1.2156
4.3838,1.2206
4.3843,1.2206
4.3848,1.2156
4.3856,1.2206
4.3861,1.2156
4.3867,1.2156
4.3872,1.2156
4.3877,1.2206
4.3883,1.2156
4.3888,1.2156
4.3893,1.2156
4.3899,1.2206
4.3904,1.2156
4.3909,1.2156
4.3915,1.2206
4.3920,1.2206
4.3925,1.2206
4.3931,1.2156
4.3936,1.2206
4.3941,1.2206
4.3947,1.2156
4.3952,1.2156
4.3957,1.2206
4.3963,1.2156
4.3968,1.2206
4.3973,1.2156
4.3979,1.2156
4.3984,1.2206
4.3989,1.2206
4.3995,1.2156
4.4000,1.2206
4.4006,1.2156
4.4011,1.2156
4.4016,1.2156
4.4022,1.2206
4.4027,1.2206
4.4033,1.2156
4.4038,1.2156
4.4044,1.2156
4.4049,1.2156
4.4054,1.2156
4.4060,1.2206
4.4065,1.2206
4.4070,1.2156
4.4076,1.2206
4.4081,1.2156
4.4086,1.2156
4.4092,1.2206
4.4097,1.2206
4.4102,1.2156
4.4108,1.2206
4.4113,1.2156
4.4118,1.2206
4.4124,1.2156
4.4129,1.2206
4.4135,1.2156
4.4140,1.2156
4.4145,1.2106
4.4151,1.2206
4.4156,1.2206
4.4161,1.2156
4.4167,1.2156
4.4172,1.2156
4.4177,1.2206
4.4182,1.2106
4.4188,1.2156
4.4193,1.2206
4.4198,1.2156
4.4204,1.2156
4.4209,1.2156
4.4214,1.2156
4.4220,1.2156
4.4225,1.2156
4.4230,1.2206
4.4236,1.2206
4.4241,1.2206
4.4246,1.2156
4.4252,1.2206
4.4257,1.2156
4.4262,1.2206
4.4268,1.2156
4.4273,1.2106
4.4278,1.2156
4.4285,1.2206
4.4290,1.2156
4.4295,1.2206
4.4301,1.2206
4.4306,1.2206
4.4311,1.2206
4.4317,1.2156
4.4322,1.2156
4.4328,1.2206
4.4333,1.2156
4.4338,1.2206
4.4344,1.2206
4.4349,1.2206
4.4354,1.2156
4.4360,1.2206
4.4365,1.2156
4.4370,1.2206
4.4376,1.2257
4.4381,1.2156
4.4387,1.2156
4.4392,1.2106
4.4397,1.2206
4.4403,1.2206
4.4408,1.2206
4.4414,1.2206
4.4419,1.2206
4.4424,1.2206
4.4430,1.2206
4.4435,1.2156
4.4441,1.2206
4.4446,1.2156
4.4451,1.2156
4.4457,1.2156
4.4462,1.2156
4.4468,1.2156
4.4473,1.2206
4.4478,1.2156
4.4484,1.2156
4.4489,1.2206
4.4495,1.2206
4.4500,1.2206
4.4505,1.2156
4.4511,1.2206
4.4516,1.2156
4.4522,1.2156
4.4527,1.2106
4.4532,1.2206
4.4538,1.2206
4.4543,1.2106
4.4549,1.2156
4.4554,1.2156
4.4559,1.2206
4.4565,1.2156
4.4570,1.2156
4.4576,1.2156
4.4581,1.2106
4.4586,1.2206
4.4592,1.2156
4.4597,1.2156
4.4603,1.2206
4.4608,1.2206
4.4613,1.2156
4.4619,1.2156
4.4624,1.2156
4.4630,1.2206
4.4635,1.2206
4.4640,1.2156
4.4646,1.2156
4.4651,1.2156
4.4656,1.2206
4.4662,1.2156
4.4667,1.2156
4.4673,1.2206
4.4678,1.2156
4.4684,1.2156
4.4689,1.2156
4.4694,1.2156
4.4700,1.2156
4.4705,1.2206
4.4711,1.2156
4.4716,1.2156
4.4722,1.2156
4.4727,1.2206
4.4732,1.2156
4.4738,1.2206
4.4743,1.2156
4.4748,1.2156
4.4754,1.2156
4.4759,1.2206
4.4765,1.2156
4.4770,1.2156
4.4775,1.2156
4.4781,1.2206
4.4786,1.2156
4.4792,1.2206
4.4797,1.2206
4.4806,1.2156
4.4812,1.2206
4.4817,1.2156
4.4822,1.2156
4.4828,1.2106
4.4833,1.2156
4.4839,1.2156
4.4844,1.2156
4.4849,1.2156
4.4855,1.2206
4.4860,1.2206
4.4866,1.2156
4.4871,1.2156
4.4876,1.2206
4.4882,1.2156
4.4887,1.2156
4.4893,1.2206
4.4898,1.2156
4.4903,1.2156
4.4909,1.2156
4.4914,1.2156
4.4920,1.2156
4.4925,1.2156
4.4930,1.2156
4.4936,1.2156
4.4941,1.2206
4.4947,1.2106
4.4952,1.2156
4.4957,1.2156
4.4963,1.2156
4.4968,1.2156
4.4974,1.2206
4.4979,1.2156
4.4984,1.2156
4.4990,1.2156
4.4995,1.2206
4.5000,1.2156
4.5006,1.2156
4.5011,1.2156
4.5017,1.2156
4.5022,1.2156
4.5027,1.2156
4.5033,1.2106
4.5038,1.2156
4.5044,1.2156
4.5049,1.2156
4.5054,1.2156
4.5060,1.2156
4.5066,1.2156
4.5071,1.2156
4.5077,1.2206
4.5082,1.2156
4.5087,1.2156
4.5093,1.2156
4.5098,1.2106
4.5104,1.2106
4.5109,1.2206
4.5114,1.2156
4.5120,1.2156
4.5125,1.2156
4.5131,1.2106
4.5136,1.2156
4.5141,1.2156
4.5147,1.2156
4.5152,1.2156
4.5158,1.2156
4.5163,1.2106
4.5168,1.2206
4.5174,1.2156
4.5179,1.2156
4.5185,1.2156
4.5190,1.2156
4.5195,1.2206
4.5201,1.2206
4.5206,1.2156
4.5212,1.2156
4.5217,1.2156
4.5222,1.2206
4.5228,1.2156
4.5233,1.2156
4.5239,1.2156
4.5244,1.2206
4.5249,1.2156
4.5255,1.2156
4.5260,1.2106
4.5266,1.2156
4.5271,1.2156
4.5277,1.2156
4.5282,1.2156
4.5287,1.2156
4.5293,1.2156
4.5298,1.2156
4.5303,1.2156
4.5309,1.2206
4.5314,1.2156
4.5320,1.2156
4.5325,1.2206
4.5330,1.2106
4.5336,1.2156
4.5341,1.2156
4.5346,1.2106
4.5352,1.2156
4.5357,1.2156
4.5362,1.2156
4.5368,1.2156
4.5373,1.2156
4.5379,1.2156
4.5384,1.2156
4.5389,1.2106
4.5395,1.2156
4.5400,1.2156
4.5405,1.2106
4.5411,1.2156
4.5416,1.2106
4.5421,1.2156
4.5427,1.2156
4.5432,1.2156
4.5437,1.2156
4.5443,1.2106
4.5448,1.2156
4.5453,1.2156
4.5459,1.2156
4.5464,1.2206
4.5469,1.2156
4.5475,1.2206
4.5480,1.2156
4.5485,1.2206
4.5491,1.2206
4.5496,1.2156
4.5501,1.2156
4.5507,1.2156
4.5512,1.2156
4.5517,1.2156
4.5523,1.2156
4.5528,1.2206
4.5534,1.2156
4.5539,1.2106
4.5544,1.2156
4.5550,1.2156
4.5555,1.2106
4.5560,1.2156
4.5566,1.2206
4.5571,1.2106
4.5576,1.2156
4.5582,1.2206
4.5587,1.2156
4.5592,1.2156
4.5598,1.2156
4.5603,1.2156
4.5608,1.2156
4.5614,1.2156
4.5619,1.2156
4.5624,1.2156
4.5630,1.2156
4.5635,1.2106
4.5641,1.2106
4.5646,1.2206
4.5651,1.2156
4.5657,1.2156
4.5662,1.2206
4.5668,1.2106
4.5673,1.2106
4.5678,1.2156
4.5684,1.2156
4.5689,1.2106
4.5694,1.2156
4.5700,1.2106
4.5705,1.2156
4.5710,1.2156
4.5716,1.2156
4.5721,1.2156
4.5726,1.2156
4.5732,1.2156
4.5737,1.2156
4.5743,1.2156
4.5748,1.2156
4.5753,1.2156
4.5759,1.2106
4.5764,1.2106
4.5769,1.2206
4.5775,1.2156
4.5780,1.2156
4.5785,1.2156
4.5791,1.2206
4.5796,1.2156
4.5801,1.2156
4.5807,1.2156
4.5812,1.2206
4.5817,1.2156
4.5823,1.2156
4.5828,1.2206
4.5833,1.2156
4.5839,1.2156
4.5844,1.2156
4.5849,1.2156
4.5855,1.2156
4.5860,1.2106
4.5866,1.2156
4.5871,1.2106
4.5876,1.2156
4.5882,1.2156
4.5887,1.2156
4.5892,1.2156
4.5898,1.2106
4.5903,1.2156
4.5908,1.2156
4.5914,1.2156
4.5919,1.2156
4.5924,1.2206
4.5930,1.2156
4.5935,1.2156
4.5940,1.2156
4.5946,1.2156
4.5951,1.2156
4.5956,1.2156
4.5961,1.2156
4.5967,1.2156
4.5972,1.2156
4.5977,1.2156
4.5983,1.2156
4.5988,1.2106
4.5993,1.2156
4.5999,1.2156
4.6004,1.2156
4.6009,1.2156
4.6015,1.2156
4.6020,1.2156
4.6027,1.2156
4.6033,1.2156
4.6038,1.2156
4.6044,1.2206
4.6050,1.2156
4.6055,1.2206
4.6061,1.2156
4.6066,1.2156
4.6072,1.2156
4.6077,1.2156
4.6083,1.2106
4.6089,1.2156
4.6095,1.2156
4.6100,1.2106
4.6105,1.2156
4.6111,1.2156
4.6116,1.2206
4.6121,1.2156
4.6127,1.2156
4.6132,1.2156
4.6137,1.2156
4.6143,1.2106
4.6148,1.2156
4.6154,1.2156
4.6159,1.2156
4.6165,1.2156
4.6173,1.2156
4.6179,1.2156
4.6186,1.2156
4.6191,1.2106
4.6197,1.2156
4.6203,1.2206
4.6209,1.2206
4.6214,1.2106
4.6225,1.2156
4.6232,1.2156
4.6238,1.2156
4.6244,1.2156
4.6250,1.2156
4.6256,1.2156
4.6262,1.2206
4.6267,1.2106
4.6273,1.2156
4.6278,1.2156
4.6284,1.2106
4.6290,1.2156
4.6296,1.2156
4.6303,1.2156
4.6309,1.2156
4.6314,1.2106
4.6320,1.2156
4.6325,1.2156
4.6330,1.2106
4.6336,1.2156
4.6341,1.2156
4.6346,1.2156
4.6352,1.2106
4.6357,1.2156
4.6363,1.2106
4.6368,1.2156
4.6374,1.2106
4.6379,1.2156
4.6384,1.2106
4.6390,1.2156
4.6395,1.2156
4.6400,1.2106
4.6406,1.2106
4.6411,1.2106
4.6416,1.2156
4.6422,1.2156
4.6427,1.2106
4.6432,1.2156
4.6437,1.2156
4.6443,1.2156
4.6448,1.2156
4.6453,1.2106
4.6459,1.2206
4.6464,1.2156
4.6469,1.2156
4.6475,1.2156
4.6480,1.2156
4.6485,1.2156
4.6491,1.2156
4.6496,1.2156
4.6501,1.2106
4.6507,1.2156
4.6512,1.2106
4.6518,1.2156
4.6523,1.2106
4.6529,1.2106
4.6534,1.2156
4.6540,1.2206
4.6546,1.2206
4.6551,1.2156
4.6556,1.2156
4.6562,1.2156
4.6567,1.2156
4.6573,1.2156
4.6578,1.2106
4.6584,1.2156
4.6589,1.2156
4.6595,1.2156
4.6600,1.2156
4.6605,1.2106
4.6611,1.2106
4.6616,1.2156
4.6622,1.2106
4.6627,1.2156
4.6633,1.2206
4.6638,1.2156
4.6645,1.2106
4.6650,1.2156
4.6656,1.2106
4.6661,1.2156
4.6666,1.2156
4.6672,1.2156
4.6677,1.2206
4.6682,1.2156
4.6687,1.2156
4.6693,1.2106
4.6698,1.2156
4.6703,1.2106
4.6709,1.2156
4.6714,1.2106
4.6719,1.2156
4.6725,1.2156
4.6730,1.2156
4.6735,1.2156
4.6741,1.2156
4.6746,1.2156
4.6751,1.2156
4.6760,1.2106
4.6766,1.2156
4.6771,1.2156
4.6776,1.2156
4.6782,1.2156
4.6787,1.2156
4.6792,1.2156
4.6797,1.2206
4.6803,1.2156
4.6808,1.2156
4.6814,1.2106
4.6819,1.2106
4.6824,1.2106
4.6830,1.2156
4.6835,1.2106
4.6840,1.2156
4.6845,1.2156
4.6851,1.2156
4.6856,1.2156
4.6861,1.2156
4.6867,1.2156
4.6872,1.2156
4.6877,1.2106
4.6883,1.2156
4.6888,1.2156
4.6894,1.2106
4.6899,1.2206
4.6905,1.2156
4.6910,1.2106
4.6915,1.2156
4.6921,1.2156
4.6926,1.2156
4.6932,1.2156
4.6937,1.2156
4.6943,1.2106
4.6948,1.2106
4.6954,1.2156
4.6959,1.2106
4.6964,1.2106
4.6970,1.2156
4.6976,1.2106
4.6981,1.2156
4.6987,1.2156
4.6992,1.2106
4.6997,1.2156
4.7003,1.2156
4.7008,1.2156
4.7014,1.2206
4.7019,1.2156
4.7025,1.2156
4.7030,1.2106
4.7035,1.2156
4.7044,1.2156
4.7050,1.2106
4.7055,1.2206
4.7060,1.2156
4.7066,1.2156
4.7071,1.2156
4.7076,1.2156
4.7082,1.2156
4.7087,1.2156
4.7092,1.2156
4.7098,1.2156
4.7103,1.2106
4.7108,1.2156
4.7114,1.2156
4.7119,1.2156
4.7124,1.2206
4.7130,1.2156
4.7135,1.2206
4.7140,1.2156
4.7146,1.2156
4.7151,1.2156
4.7156,1.2156
4.7162,1.2156
4.7167,1.2156
4.7172,1.2156
4.7178,1.2156
4.7183,1.2206
4.7188,1.2156
4.7194,1.2156
4.7199,1.2156
4.7204,1.2156
4.7210,1.2206
4.7215,1.2257
4.7220,1.2206
4.7226,1.2206
4.7231,1.2156
4.7236,1.2156
4.7242,1.2206
4.7247,1.2156
4.7252,1.2156
4.7257,1.2156
4.7263,1.2206
4.7268,1.2206
4.7273,1.2206
4.7279,1.2206
4.7284,1.2156
4.7290,1.2206
4.7295,1.2156
4.7301,1.2206
4.7306,1.2206
4.7312,1.2257
4.7317,1.2206
4.7322,1.2206
4.7328,1.2206
4.7333,1.2257
4.7339,1.2257
4.7344,1.2206
4.7350,1.2206
4.7355,1.2156
4.7361,1.2206
4.7366,1.2206
4.7371,1.2206
4.7377,1.2206
4.7382,1.2257
4.7388,1.2206
4.7393,1.2206
4.7399,1.2257
4.7404,1.2257
4.7410,1.2156
4.7415,1.2206
4.7421,1.2156
4.7426,1.2206
4.7432,1.2257
4.7437,1.2257
4.7445,1.2257
4.7450,1.2206
4.7455,1.2206
4.7461,1.2206
4.7466,1.2206
4.7471,1.2257
4.7477,1.2206
4.7482,1.2257
4.7487,1.2206
4.7493,1.2257
4.7498,1.2257
4.7503,1.2257
4.7509,1.2206
4.7514,1.2206
4.7519,1.2257
4.7525,1.2257
4.7530,1.2206
4.7535,1.2257
4.7541,1.2206
4.7546,1.2257
4.7551,1.2206
4.7557,1.2257
4.7562,1.2206
4.7567,1.2257
4.7573,1.2257
4.7578,1.2257
4.7583,1.2257
4.7589,1.2257
4.7594,1.2307
4.7599,1.2206
4.7605,1.2257
4.7610,1.2257
4.7615,1.2257
4.7621,1.2257
4.7626,1.2307
4.7631,1.2206
4.7636,1.2257
4.7642,1.2257
4.7647,1.2307
4.7652,1.2257
4.7658,1.2257
4.7663,1.2307
4.7668,1.2257
4.7674,1.2257
4.7679,1.2257
4.7684,1.2257
4.7690,1.2307
4.7695,1.2307
4.7701,1.2257
4.7706,1.2307
4.7711,1.2257
4.7717,1.2257
4.7722,1.2307
4.7728,1.2257
4.7733,1.2307
4.7739,1.2257
4.7744,1.2307
4.7750,1.2257
4.7755,1.2257
4.7760,1.2257
4.7766,1.2307
4.7771,1.2307
4.7777,1.2257
4.7782,1.2307
4.7788,1.2257
4.7793,1.2257
4.7799,1.2307
4.7804,1.2257
4.7810,1.2307
4.7815,1.2307
4.7820,1.2307
4.7826,1.2257
4.7831,1.2257
4.7837,1.2257
4.7844,1.2257
4.7850,1.2257
4.7855,1.2307
4.7860,1.2307
4.7866,1.2307
4.7871,1.2307
4.7876,1.2358
4.7882,1.2307
4.7887,1.2307
4.7892,1.2307
4.7898,1.2307
4.7903,1.2307
4.7908,1.2307
4.7914,1.2307
4.7919,1.2257
4.7924,1.2307
4.7930,1.2307
4.7935,1.2257
4.7940,1.2307
4.7946,1.2307
4.7951,1.2257
4.7956,1.2257
4.7962,1.2257
4.7967,1.2307
4.7972,1.2307
4.7978,1.2307
4.7983,1.2307
4.7989,1.2307
4.7994,1.2307
4.7999,1.2307
4.8004,1.2307
4.8010,1.2307
4.8015,1.2307
4.8020,1.2307
4.8026,1.2307
4.8031,1.2307
4.8036,1.2257
4.8042,1.2358
4.8047,1.2307
4.8052,1.2307
4.8058,1.2307
4.8063,1.2358
4.8068,1.2307
4.8073,1.2307
4.8079,1.2257
4.8084,1.2307
4.8089,1.2307
4.8095,1.2307
4.8100,1.2307
4.8105,1.2358
4.8111,1.2307
4.8116,1.2307
4.8121,1.2307
4.8126,1.2307
4.8132,1.2307
4.8137,1.2307
4.8142,1.2358
4.8148,1.2358
4.8153,1.2257
4.8158,1.2307
4.8164,1.2307
4.8169,1.2358
4.8174,1.2307
4.8180,1.2307
4.8186,1.2307
4.8191,1.2358
4.8196,1.2307
4.8202,1.2307
4.8207,1.2358
4.8213,1.2307
4.8218,1.2358
4.8224,1.2307
4.8229,1.2307
4.8235,1.2307
4.8240,1.2307
4.8245,1.2307
4.8251,1.2358
4.8256,1.2307
4.8262,1.2307
4.8267,1.2358
4.8273,1.2307
4.8278,1.2307
4.8284,1.2307
4.8289,1.2307
4.8295,1.2307
4.8300,1.2358
4.8306,1.2307
4.8311,1.2307
4.8316,1.2358
4.8322,1.2307
4.8327,1.2358
4.8332,1.2257
4.8338,1.2307
4.8343,1.2307
4.8348,1.2307
4.8354,1.2307
4.8359,1.2358
4.8364,1.2358
4.8370,1.2358
4.8375,1.2358
4.8380,1.2307
4.8386,1.2307
4.8391,1.2307
4.8396,1.2307
4.8402,1.2307
4.8407,1.2307
4.8412,1.2307
4.8418,1.2307
4.8423,1.2358
4.8428,1.2307
4.8434,1.2358
4.8439,1.2307
4.8444,1.2307
4.8450,1.2307
4.8455,1.2307
4.8460,1.2358
4.8466,1.2307
4.8471,1.2358
4.8476,1.2358
4.8482,1.2307
4.8487,1.2257
4.8492,1.2358
4.8497,1.2358
4.8503,1.2307
4.8508,1.2307
4.8513,1.2358
4.8519,1.2358
4.8524,1.2307
4.8529,1.2307
4.8535,1.2358
4.8540,1.2358
4.8545,1.2307
4.8551,1.2307
4.8556,1.2307
4.8561,1.2307
4.8567,1.2307
4.8572,1.2307
4.8577,1.2358
4.8583,1.2307
4.8588,1.2307
4.8593,1.2307
4.8599,1.2307
4.8604,1.2307
4.8610,1.2307
4.8615,1.2358
4.8620,1.2307
4.8626,1.2358
4.8631,1.2358
4.8636,1.2358
4.8642,1.2358
4.8647,1.2358
4.8652,1.2358
4.8658,1.2307
4.8663,1.2358
4.8669,1.2307
4.8674,1.2307
4.8679,1.2358
4.8685,1.2358
4.8690,1.2358
4.8695,1.2358
4.8701,1.2307
4.8706,1.2358
4.8712,1.2307
4.8717,1.2307
4.8722,1.2307
4.8728,1.2358
4.8733,1.2358
4.8738,1.2307
4.8744,1.2307
4.8749,1.2358
4.8755,1.2307
4.8760,1.2358
4.8765,1.2358
4.8771,1.2307
4.8776,1.2307
4.8781,1.2307
4.8787,1.2307
4.8792,1.2307
4.8797,1.2358
4.8803,1.2307
4.8808,1.2307
4.8813,1.2307
4.8819,1.2307
4.8824,1.2307
4.8829,1.2358
4.8835,1.2307
4.8840,1.2358
4.8846,1.2307
4.8851,1.2358
4.8856,1.2307
4.8862,1.2307
4.8867,1.2358
4.8873,1.2358
4.8878,1.2307
4.8883,1.2307
4.8889,1.2307
4.8894,1.2307
4.8899,1.2358
4.8905,1.2307
4.8910,1.2358
4.8915,1.2307
4.8921,1.2358
4.8926,1.2307
4.8931,1.2307
4.8937,1.2307
4.8942,1.2307
4.8948,1.2307
4.8953,1.2358
4.8958,1.2257
4.8964,1.2358
4.8969,1.2358
4.8974,1.2358
4.8980,1.2307
4.8985,1.2358
4.8990,1.2358
4.8996,1.2358
4.9001,1.2307
4.9006,1.2358
4.9012,1.2257
4.9017,1.2358
4.9023,1.2307
4.9028,1.2358
4.9033,1.2358
4.9039,1.2358
4.9044,1.2307
4.9050,1.2307
4.9055,1.2358
4.9060,1.2307
4.9066,1.2307
4.9071,1.2307
4.9076,1.2358
4.9082,1.2358
4.9087,1.2307
4.9093,1.2307
4.9098,1.2307
4.9103,1.2307
4.9109,1.2358
4.9114,1.2307
4.9119,1.2307
4.9125,1.2358
4.9130,1.2358
4.9136,1.2307
4.9141,1.2307
4.9146,1.2358
4.9152,1.2358
4.9157,1.2307
4.9162,1.2307
4.9168,1.2307
4.9173,1.2358
4.9179,1.2307
4.9184,1.2307
4.9189,1.2307
4.9195,1.2307
4.9200,1.2307
4.9206,1.2307
4.9211,1.2307
4.9217,1.2358
4.9222,1.2307
4.9228,1.2307
4.9233,1.2307
4.9238,1.2307
4.9244,1.2358
4.9249,1.2257
4.9255,1.2358
4.9260,1.2307
4.9266,1.2307
4.9271,1.2358
4.9277,1.2307
4.9282,1.2358
4.9287,1.2307
4.9293,1.2307
4.9298,1.2257
4.9304,1.2358
4.9310,1.2307
4.9315,1.2307
4.9320,1.2307
4.9326,1.2257
4.9331,1.2307
4.9337,1.2307
4.9342,1.2307
4.9347,1.2307
4.9353,1.2307
4.9358,1.2307
4.9364,1.2307
4.9369,1.2307
4.9374,1.2358
4.9380,1.2307
4.9385,1.2307
4.9391,1.2358
4.9396,1.2358
4.9401,1.2307
4.9407,1.2307
4.9412,1.2307
4.9417,1.2358
4.9423,1.2307
4.9428,1.2307
4.9433,1.2307
4.9439,1.2257
4.9444,1.2307
4.9450,1.2358
4.9455,1.2307
4.9460,1.2307
4.9466,1.2307
4.9471,1.2307
4.9476,1.2307
4.9482,1.2307
4.9487,1.2358
4.9493,1.2307
4.9498,1.2307
4.9503,1.2358
4.9509,1.2307
4.9514,1.2307
4.9520,1.2307
4.9525,1.2257
4.9530,1.2307
4.9536,1.2358
4.9541,1.2307
4.9547,1.2307
4.9552,1.2307
4.9557,1.2307
4.9563,1.2307
4.9568,1.2307
4.9574,1.2358
4.9579,1.2307
4.9584,1.2358
4.9590,1.2307
4.9595,1.2257
4.9601,1.2307
4.9606,1.2307
4.9611,1.2307
4.9617,1.2257
4.9622,1.2307
4.9628,1.2307
4.9633,1.2257
4.9638,1.2358
4.9644,1.2257
4.9649,1.2257
4.9655,1.2307
4.9660,1.2307
4.9666,1.2307
4.9671,1.2307
4.9677,1.2307
4.9682,1.2358
4.9688,1.2307
4.9693,1.2257
4.9698,1.2307
4.9704,1.2257
4.9709,1.2307
4.9715,1.2307
4.9720,1.2257
4.9725,1.2307
4.9731,1.2307
4.9736,1.2257
4.9742,1.2257
4.9747,1.2307
4.9752,1.2307
4.9758,1.2257
4.9763,1.2307
4.9768,1.2307
4.9774,1.2257
4.9779,1.2257
4.9785,1.2307
4.9790,1.2257
4.9795,1.2307
4.9801,1.2257
4.9806,1.2257
4.9811,1.2307
4.9817,1.2307
4.9822,1.2257
4.9828,1.2206
4.9833,1.2307
4.9838,1.2307
4.9844,1.2307
4.9849,1.2307
4.9854,1.2257
4.9860,1.2257
4.9865,1.2307
4.9870,1.2257
4.9876,1.2307
4.9881,1.2257
4.9887,1.2257
4.9892,1.2257
4.9898,1.2307
4.9903,1.2257
4.9908,1.2257
4.9914,1.2257
4.9919,1.2257
4.9924,1.2307
4.9930,1.2307
4.9935,1.2257
4.9940,1.2206
4.9946,1.2257
4.9951,1.2307
4.9956,1.2257
4.9962,1.2257
4.9967,1.2307
4.9973,1.2257
4.9978,1.2307
4.9983,1.2307
4.9989,1.2257
4.9994,1.2257
5.0000,1.2257
5.0006,1.2307
5.0011,1.2257
5.0017,1.2257
5.0022,1.2206
5.0028,1.2307
5.0033,1.2307
5.0038,1.2257
5.0044,1.2206
5.0049,1.2257
5.0055,1.2257
5.0060,1.2257
5.0065,1.2206
5.0071,1.2257
5.0076,1.2257
5.0081,1.2257
5.0087,1.2257
5.0092,1.2257
5.0098,1.2307
5.0103,1.2257
5.0108,1.2257
5.0114,1.2257
5.0119,1.2307
5.0124,1.2257
5.0130,1.2307
5.0135,1.2307
5.0140,1.2257
5.0146,1.2307
5.0151,1.2307
5.0157,1.2257
5.0162,1.2257
5.0167,1.2257
5.0173,1.2257
5.0178,1.2257
5.0183,1.2257
5.0189,1.2257
5.0194,1.2257
5.0200,1.2206
5.0205,1.2257
5.0210,1.2257
5.0216,1.2307
5.0221,1.2206
5.0227,1.2257
5.0232,1.2257
5.0237,1.2257
5.0243,1.2307
5.0248,1.2257
5.0254,1.2257
5.0259,1.2206
5.0264,1.2257
5.0270,1.2307
5.0275,1.2257
5.0280,1.2257
5.0286,1.2257
5.0291,1.2206
5.0296,1.2257
5.0302,1.2257
5.0308,1.2257
5.0314,1.2206
5.0319,1.2257
5.0324,1.2257
5.0330,1.2156
5.0335,1.2307
5.0340,1.2307
5.0346,1.2206
5.0351,1.2257
5.0356,1.2257
5.0362,1.2206
5.0367,1.2257
5.0372,1.2257
5.0378,1.2257
5.0383,1.2206
5.0389,1.2257
5.0394,1.2257
5.0399,1.2257
5.0405,1.2257
5.0410,1.2257
5.0415,1.2257
5.0421,1.2257
5.0426,1.2257
5.0431,1.2257
5.0437,1.2257
5.0442,1.2257
5.0447,1.2206
5.0453,1.2307
5.0458,1.2257
5.0463,1.2257
5.0469,1.2257
5.0474,1.2206
5.0479,1.2257
5.0485,1.2206
5.0490,1.2257
5.0495,1.2257
5.0501,1.2257
5.0506,1.2206
5.0511,1.2206
5.0517,1.2257
5.0522,1.2257
5.0527,1.2257
5.0533,1.2257
5.0538,1.2257
5.0543,1.2257
5.0549,1.2257
5.0554,1.2257
5.0559,1.2257
5.0565,1.2257
5.0570,1.2257
5.0575,1.2257
5.0581,1.2206
5.0586,1.2257
5.0591,1.2257
5.0597,1.2307
5.0602,1.2257
5.0607,1.2257
5.0613,1.2257
5.0618,1.2257
5.0623,1.2257
5.0629,1.2257
5.0634,1.2257
5.0639,1.2257
5.0645,1.2257
5.0650,1.2206
5.0655,1.2206
5.0661,1.2257
5.0666,1.2257
5.0672,1.2257
5.0677,1.2257
5.0682,1.2257
5.0688,1.2257
5.0693,1.2257
5.0698,1.2257
5.0704,1.2206
5.0709,1.2257
5.0714,1.2257
5.0720,1.2257
5.0725,1.2206
5.0730,1.2257
5.0736,1.2257
5.0741,1.2206
5.0746,1.2206
5.0752,1.2206
5.0757,1.2257
5.0762,1.2257
5.0768,1.2206
5.0773,1.2257
5.0779,1.2206
5.0784,1.2257
5.0789,1.2257
5.0795,1.2257
5.0800,1.2206
5.0805,1.2206
5.0811,1.2257
5.0816,1.2206
5.0821,1.2257
5.0827,1.2206
5.0832,1.2206
5.0838,1.2257
5.0843,1.2257
5.0848,1.2257
5.0854,1.2206
5.0859,1.2206
5.0864,1.2257
5.0870,1.2257
5.0875,1.2257
5.0881,1.2257
5.0886,1.2206
5.0891,1.2206
5.0897,1.2257
5.0902,1.2257
5.0908,1.2257
5.0913,1.2206
5.0918,1.2206
5.0924,1.2257
5.0929,1.2206
5.0934,1.2206
5.0940,1.2206
5.0945,1.2206
5.0951,1.2206
5.0956,1.2206
5.0961,1.2206
5.0967,1.2257
5.0972,1.2257
5.0977,1.2257
5.0983,1.2257
5.0988,1.2257
5.0993,1.2206
5.0999,1.2257
5.1004,1.2257
5.1009,1.2206
5.1015,1.2257
5.1020,1.2257
5.1032,1.2206
5.1038,1.2257
5.1043,1.2206
5.1049,1.2257
5.1055,1.2206
5.1061,1.2257
5.1066,1.2206
5.1071,1.2257
5.1077,1.2206
5.1082,1.2257
5.1088,1.2206
5.1094,1.2257
5.1099,1.2206
5.1105,1.2206
5.1110,1.2206
5.1115,1.2206
5.1121,1.2257
5.1126,1.2206
5.1132,1.2206
5.1137,1.2257
5.1143,1.2206
5.1148,1.2206
5.1153,1.2206
5.1164,1.2206
5.1169,1.2206
5.1175,1.2206
5.1180,1.2206
5.1186,1.2206
5.1192,1.2206
5.1197,1.2206
5.1203,1.2257
5.1208,1.2257
5.1214,1.2156
5.1220,1.2206
5.1225,1.2206
5.1231,1.2257
5.1237,1.2206
5.1243,1.2206
5.1248,1.2206
5.1253,1.2156
5.1259,1.2206
5.1264,1.2156
5.1270,1.2257
5.1275,1.2206
5.1280,1.2257
5.1286,1.2257
5.1291,1.2206
5.1296,1.2206
5.1302,1.2206
5.1307,1.2206
5.1312,1.2257
5.1319,1.2257
5.1324,1.2206
5.1330,1.2206
5.1335,1.2206
5.1340,1.2156
5.1345,1.2156
5.1350,1.2206
5.1356,1.2206
5.1369,1.2206
5.1375,1.2206
5.1380,1.2206
5.1385,1.2206
5.1391,1.2206
5.1396,1.2257
5.1401,1.2257
5.1406,1.2206
5.1412,1.2206
5.1417,1.2206
5.1422,1.2206
5.1427,1.2257
5.1432,1.2106
5.1438,1.2257
5.1443,1.2206
5.1448,1.2257
5.1453,1.2156
5.1459,1.2156
5.1464,1.2156
5.1469,1.2206
5.1474,1.2206
5.1479,1.2206
5.1485,1.2206
5.1490,1.2156
5.1496,1.2257
5.1501,1.2206
5.1506,1.2206
5.1511,1.2206
5.1517,1.2206
5.1522,1.2206
5.1527,1.2257
5.1532,1.2206
5.1538,1.2206
5.1543,1.2206
5.1548,1.2156
5.1553,1.2257
5.1558,1.2206
5.1564,1.2206
5.1569,1.2156
5.1574,1.2156
5.1579,1.2156
5.1585,1.2206
5.1590,1.2206
5.1595,1.2156
5.1600,1.2206
5.1606,1.2206
5.1611,1.2206
5.1616,1.2257
5.1621,1.2206
5.1627,1.2156
5.1632,1.2156
5.1637,1.2156
5.1642,1.2156
5.1648,1.2206
5.1653,1.2206
5.1658,1.2206
5.1663,1.2156
5.1668,1.2206
5.1674,1.2206
5.1679,1.2206
5.1684,1.2206
5.1689,1.2206
5.1695,1.2257
5.1700,1.2156
5.1705,1.2156
5.1710,1.2206
5.1715,1.2206
5.1721,1.2156
5.1726,1.2206
5.1731,1.2206
5.1736,1.2206
5.1742,1.2206
5.1747,1.2206
5.1752,1.2206
5.1757,1.2206
5.1762,1.2156
5.1768,1.2206
5.1773,1.2156
5.1778,1.2156
5.1783,1.2106
5.1789,1.2106
5.1794,1.2206
5.1799,1.2156
5.1804,1.2206
5.1809,1.2206
5.1815,1.2206
5.1820,1.2206
5.1825,1.2206
5.1830,1.2206
5.1836,1.2206
5.1841,1.2206
5.1846,1.2206
5.1851,1.2156
5.1856,1.2206
5.1862,1.2156
5.1867,1.2206
5.1872,1.2206
5.1877,1.2206
5.1882,1.2206
5.1888,1.2206
5.1893,1.2206
5.1898,1.2156
5.1903,1.2206
5.1909,1.2156
5.1914,1.2156
5.1919,1.2206
5.1924,1.2206
5.1929,1.2156
5.1935,1.2206
5.1940,1.2156
5.1945,1.2156
5.1950,1.2206
5.1956,1.2206
5.1961,1.2206
5.1966,1.2206
5.1971,1.2156
5.1976,1.2156
5.1982,1.2206
5.1987,1.2156
5.1992,1.2156
5.1998,1.2156
5.2003,1.2206
5.2008,1.2206
5.2014,1.2156
5.2019,1.2206
5.2024,1.2206
5.2030,1.2206
5.2035,1.2206
5.2041,1.2206
5.2046,1.2156
5.2052,1.2206
5.2057,1.2206
5.2062,1.2156
5.2068,1.2206
5.2073,1.2156
5.2078,1.2156
5.2084,1.2156
5.2089,1.2206
5.2095,1.2206
5.2100,1.2156
5.2105,1.2206
5.2111,1.2156
5.2117,1.2156
5.2122,1.2206
5.2128,1.2156
5.2133,1.2156
5.2138,1.2156
5.2144,1.2206
5.2149,1.2156
5.2154,1.2156
5.2160,1.2206
5.2165,1.2156
5.2170,1.2206
5.2176,1.2206
5.2181,1.2156
5.2187,1.2206
5.2192,1.2156
5.2197,1.2206
5.2202,1.2206
5.2208,1.2206
5.2214,1.2206
5.2220,1.2156
5.2226,1.2156
5.2232,1.2106
5.2237,1.2206
5.2243,1.2206
5.2249,1.2156
5.2255,1.2156
5.2261,1.2156
5.2267,1.2206
5.2273,1.2106
5.2278,1.2206
5.2284,1.2156
5.2290,1.2156
5.2295,1.2156
5.2300,1.2206
5.2306,1.2156
5.2311,1.2156
5.2319,1.2156
5.2325,1.2106
5.2330,1.2106
5.2335,1.2156
5.2341,1.2156
5.2346,1.2156
5.2351,1.2156
5.2356,1.2206
5.2361,1.2156
5.2367,1.2106
5.2372,1.2156
5.2377,1.2156
5.2383,1.2106
5.2388,1.2156
5.2393,1.2106
5.2398,1.2156
5.2404,1.2156
5.2409,1.2156
5.2414,1.2156
5.2419,1.2206
5.2425,1.2156
5.2430,1.2156
5.2435,1.2156
5.2441,1.2206
5.2446,1.2156
5.2452,1.2206
5.2457,1.2106
5.2462,1.2156
5.2467,1.2156
5.2473,1.2156
5.2478,1.2156
5.2484,1.2156
5.2490,1.2156
5.2495,1.2156
5.2500,1.2156
5.2505,1.2206
5.2511,1.2156
5.2516,1.2106
5.2521,1.2156
5.2526,1.2156
5.2531,1.2156
5.2537,1.2156
5.2542,1.2156
5.2547,1.2156
5.2552,1.2156
5.2558,1.2156
5.2563,1.2156
5.2568,1.2106
5.2573,1.2156
5.2579,1.2156
5.2584,1.2156
5.2589,1.2106
5.2594,1.2206
5.2599,1.2156
5.2605,1.2206
5.2610,1.2156
5.2615,1.2156
5.2620,1.2106
5.2626,1.2106
5.2631,1.2156
5.2636,1.2156
5.2641,1.2156
5.2646,1.2156
5.2652,1.2156
5.2657,1.2156
5.2662,1.2206
5.2667,1.2206
5.2673,1.2156
5.2678,1.2156
5.2684,1.2206
5.2689,1.2206
5.2694,1.2156
5.2700,1.2156
5.2705,1.2206
5.2710,1.2156
5.2715,1.2156
5.2721,1.2156
5.2726,1.2156
5.2731,1.2206
5.2736,1.2156
5.2741,1.2156
5.2747,1.2156
5.2752,1.2156
5.2757,1.2206
5.2762,1.2156
5.2767,1.2156
5.2773,1.2156
5.2778,1.2206
5.2783,1.2156
5.2788,1.2156
5.2794,1.2156
5.2799,1.2106
5.2804,1.2156
5.2809,1.2156
5.2815,1.2156
5.2820,1.2156
5.2825,1.2156
5.2830,1.2206
5.2835,1.2156
5.2841,1.2156
5.2846,1.2156
5.2851,1.2106
5.2856,1.2156
5.2861,1.2206
5.2867,1.2206
5.2872,1.2156
5.2877,1.2156
5.2882,1.2106
5.2888,1.2156
5.2893,1.2206
5.2898,1.2206
5.2903,1.2156
5.2908,1.2156
5.2914,1.2156
5.2919,1.2156
5.2924,1.2156
5.2929,1.2106
5.2935,1.2156
5.2940,1.2156
5.2945,1.2156
5.2950,1.2206
5.2955,1.2206
5.2961,1.2156
5.2966,1.2156
5.2971,1.2106
5.2976,1.2156
5.2982,1.2106
5.2987,1.2156
5.2992,1.2106
5.2997,1.2106
5.3003,1.2156
5.3008,1.2156
5.3013,1.2156
5.3018,1.2106
5.3024,1.2106
5.3029,1.2206
5.3034,1.2156
5.3039,1.2156
5.3044,1.2156
5.3050,1.2106
5.3055,1.2156
5.3060,1.2156
5.3065,1.2156
5.3070,1.2156
5.3076,1.2156
5.3081,1.2106
5.3086,1.2156
5.3091,1.2156
5.3097,1.2156
5.3102,1.2106
5.3107,1.2106
5.3112,1.2156
5.3117,1.2156
5.3123,1.2206
5.3128,1.2055
5.3133,1.2106
5.3138,1.2156
5.3144,1.2156
5.3149,1.2156
5.3154,1.2156
5.3159,1.2106
5.3164,1.2156
5.3170,1.2156
5.3175,1.2156
5.3180,1.2156
5.3185,1.2156
5.3191,1.2206
5.3196,1.2156
5.3201,1.2156
5.3206,1.2156
5.3212,1.2156
5.3217,1.2156
5.3222,1.2156
5.3227,1.2206
5.3232,1.2106
5.3238,1.2106
5.3243,1.2156
5.3248,1.2156
5.3253,1.2156
5.3259,1.2106
5.3264,1.2156
5.3269,1.2156
5.3274,1.2106
5.3280,1.2106
5.3285,1.2156
5.3290,1.2156
5.3295,1.2156
5.3301,1.2156
5.3306,1.2106
5.3311,1.2156
5.3316,1.2156
5.3321,1.2206
5.3327,1.2156
5.3332,1.2156
5.3337,1.2156
5.3343,1.2156
5.3348,1.2106
5.3353,1.2156
5.3358,1.2156
5.3364,1.2106
5.3369,1.2156
5.3374,1.2106
5.3379,1.2156
5.3384,1.2156
5.3390,1.2156
5.3395,1.2156
5.3400,1.2156
5.3406,1.2106
5.3411,1.2106
5.3416,1.2156
5.3421,1.2156
5.3427,1.2156
5.3432,1.2106
5.3437,1.2106
5.3442,1.2106
5.3447,1.2156
5.3453,1.2156
5.3458,1.2156
5.3463,1.2156
5.3468,1.2156
5.3474,1.2156
5.3479,1.2106
5.3484,1.2156
5.3489,1.2156
5.3495,1.2106
5.3500,1.2206
5.3505,1.2156
5.3510,1.2106
5.3516,1.2156
5.3521,1.2106
5.3526,1.2156
5.3531,1.2156
5.3536,1.2156
5.3542,1.2106
5.3547,1.2106
5.3552,1.2106
5.3557,1.2156
5.3563,1.2106
5.3568,1.2156
5.3573,1.2156
5.3578,1.2156
5.3584,1.2156
5.3589,1.2206
5.3594,1.2106
5.3599,1.2156
5.3604,1.2156
5.3610,1.2156
5.3615,1.2156
5.3620,1.2206
5.3626,1.2156
5.3631,1.2156
5.3636,1.2106
5.3641,1.2156
5.3646,1.2106
5.3652,1.2106
5.3657,1.2156
5.3662,1.2106
5.3667,1.2156
5.3673,1.2106
5.3678,1.2156
5.3683,1.2156
5.3688,1.2106
5.3694,1.2156
5.3699,1.2106
5.3704,1.2106
5.3709,1.2055
5.3715,1.2156
5.3720,1.2106
5.3725,1.2156
5.3730,1.2156
5.3736,1.2156
5.3741,1.2106
5.3746,1.2156
5.3751,1.2156
5.3756,1.2106
5.3762,1.2106
5.3767,1.2106
5.3772,1.2156
5.3777,1.2156
5.3783,1.2156
5.3788,1.2206
5.3793,1.2156
5.3799,1.2156
5.3804,1.2106
5.3809,1.2106
5.3814,1.2156
5.3819,1.2156
5.3825,1.2106
5.3830,1.2106
5.3835,1.2156
5.3840,1.2106
5.3846,1.2106
5.3851,1.2106
5.3856,1.2156
5.3861,1.2156
5.3867,1.2206
5.3872,1.2156
5.3877,1.2106
5.3882,1.2106
5.3888,1.2156
5.3893,1.2156
5.3898,1.2156
5.3903,1.2156
5.3908,1.2156
5.3914,1.2156
5.3919,1.2106
5.3924,1.2156
5.3929,1.2156
5.3935,1.2156
5.3940,1.2106
5.3945,1.2106
5.3950,1.2206
5.3956,1.2106
5.3961,1.2156
5.3966,1.2156
5.3971,1.2106
5.3976,1.2106
5.3982,1.2156
5.3987,1.2106
5.3992,1.2156
5.3997,1.2156
5.4003,1.2106
5.4008,1.2156
5.4013,1.2156
5.4018,1.2106
5.4024,1.2106
5.4029,1.2156
5.4034,1.2156
5.4039,1.2156
5.4045,1.2156
5.4050,1.2156
5.4055,1.2156
5.4060,1.2106
5.4065,1.2106
5.4071,1.2106
5.4076,1.2106
5.4081,1.2106
5.4086,1.2156
5.4092,1.2106
5.4097,1.2106
5.4102,1.2156
5.4107,1.2106
5.4113,1.2156
5.4118,1.2106
5.4123,1.2156
5.4128,1.2106
5.4134,1.2106
5.4139,1.2106
5.4144,1.2106
5.4149,1.2106
5.4155,1.2156
5.4160,1.2156
5.4165,1.2156
5.4170,1.2106
5.4175,1.2156
5.4181,1.2106
5.4186,1.2106
5.4191,1.2156
5.4196,1.2156
5.4202,1.2106
5.4207,1.2156
5.4212,1.2106
5.4217,1.2106
5.4223,1.2156
5.4228,1.2156
5.4233,1.2106
5.4238,1.2156
5.4244,1.2106
5.4249,1.2106
5.4254,1.2156
5.4259,1.2106
5.4264,1.2106
5.4270,1.2156
5.4275,1.2156
5.4280,1.2156
5.4285,1.2156
5.4291,1.2156
5.4296,1.2156
5.4301,1.2106
5.4306,1.2206
5.4312,1.2156
5.4317,1.2106
5.4322,1.2156
5.4327,1.2156
5.4333,1.2156
5.4338,1.2106
5.4343,1.2106
5.4348,1.2106
5.4354,1.2156
5.4359,1.2106
5.4364,1.2156
5.4369,1.2106
5.4375,1.2106
5.4380,1.2156
5.4385,1.2106
5.4390,1.2156
5.4395,1.2156
5.4401,1.2106
5.4406,1.2156
5.4411,1.2106
5.4416,1.2156
5.4422,1.2106
5.4427,1.2156
5.4432,1.2156
5.4437,1.2156
5.4443,1.2106
5.4448,1.2156
5.4453,1.2106
5.4458,1.2156
5.4463,1.2156
5.4469,1.2156
5.4474,1.2156
5.4479,1.2106
5.4484,1.2106
5.4490,1.2106
5.4495,1.2106
5.4500,1.2106
5.4505,1.2156
5.4511,1.2156
5.4516,1.2156
5.4521,1.2156
5.4526,1.2106
5.4532,1.2106
5.4537,1.2106
5.4542,1.2106
5.4547,1.2106
5.4553,1.2106
5.4558,1.2106
5.4563,1.2156
5.4568,1.2156
5.4573,1.2106
5.4579,1.2106
5.4584,1.2106
5.4589,1.2106
5.4594,1.2106
5.4600,1.2106
5.4605,1.2106
5.4610,1.2106
5.4615,1.2106
5.4621,1.2156
5.4626,1.2106
5.4631,1.2156
5.4636,1.2156
5.4642,1.2156
5.4647,1.2106
5.4652,1.2106
5.4657,1.2156
5.4663,1.2156
5.4668,1.2156
5.4673,1.2106
5.4678,1.2156
5.4684,1.2106
5.4689,1.2156
5.4694,1.2106
5.4699,1.2106
5.4704,1.2156
5.4710,1.2106
5.4715,1.2106
5.4720,1.2106
5.4725,1.2156
5.4731,1.2106
5.4736,1.2106
5.4741,1.2156
5.4746,1.2106
5.4752,1.2106
5.4757,1.2106
5.4762,1.2106
5.4767,1.2106
5.4772,1.2156
5.4778,1.2106
5.4783,1.2156
5.4788,1.2106
5.4794,1.2106
5.4799,1.2156
5.4804,1.2106
5.4809,1.2156
5.4815,1.2106
5.4820,1.2106
5.4825,1.2106
5.4830,1.2156
5.4836,1.2106
5.4841,1.2156
5.4846,1.2156
5.4851,1.2106
5.4857,1.2106
5.4862,1.2156
5.4867,1.2156
5.4872,1.2106
5.4877,1.2156
5.4883,1.2156
5.4888,1.2156
5.4893,1.2106
5.4898,1.2106
5.4904,1.2106
5.4909,1.2106
5.4914,1.2156
5.4919,1.2106
5.4925,1.2106
5.4930,1.2106
5.4935,1.2106
5.4940,1.2156
5.4946,1.2156
5.4951,1.2106
5.4956,1.2156
5.4962,1.2106
5.4967,1.2106
5.4972,1.2106
5.4977,1.2106
5.4983,1.2156
5.4988,1.2106
5.4993,1.2106
5.4998,1.2106
5.5003,1.2156
5.5009,1.2106
5.5014,1.2156
5.5019,1.2106
5.5025,1.2156
5.5030,1.2106
5.5035,1.2156
5.5040,1.2156
5.5046,1.2156
5.5051,1.2106
5.5056,1.2156
5.5061,1.2106
5.5066,1.2106
5.5072,1.2106
5.5077,1.2106
5.5082,1.2156
5.5087,1.2156
5.5093,1.2106
5.5098,1.2106
5.5103,1.2106
5.5108,1.2106
5.5114,1.2156
5.5119,1.2106
5.5124,1.2106
5.5129,1.2106
5.5134,1.2106
5.5140,1.2156
5.5145,1.2106
5.5150,1.2106
5.5155,1.2156
5.5161,1.2156
5.5166,1.2156
5.5171,1.2156
5.5176,1.2156
5.5182,1.2156
5.5187,1.2156
5.5192,1.2106
5.5197,1.2106
5.5202,1.2156
5.5208,1.2106
5.5213,1.2106
5.5218,1.2156
5.5223,1.2156
5.5229,1.2156
5.5234,1.2156
5.5239,1.2106
5.5244,1.2156
5.5250,1.2156
5.5255,1.2156
5.5260,1.2156
5.5265,1.2156
5.5271,1.2156
5.5276,1.2206
5.5281,1.2156
5.5286,1.2156
5.5292,1.2106
5.5297,1.2206
5.5302,1.2156
5.5307,1.2206
5.5313,1.2156
5.5318,1.2156
5.5323,1.2156
5.5328,1.2156
5.5334,1.2206
5.5339,1.2156
5.5344,1.2156
5.5349,1.2156
5.5354,1.2206
5.5360,1.2156
5.5365,1.2206
5.5370,1.2156
5.5375,1.2206
5.5381,1.2156
5.5386,1.2206
5.5391,1.2206
5.5397,1.2206
5.5402,1.2206
5.5407,1.2156
5.5412,1.2156
5.5418,1.2156
5.5423,1.2206
5.5428,1.2156
5.5433,1.2156
5.5438,1.2206
5.5444,1.2206
5.5449,1.2206
5.5454,1.2206
5.5459,1.2156
5.5465,1.2206
5.5470,1.2206
5.5475,1.2206
5.5480,1.2206
5.5486,1.2257
5.5491,1.2206
5.5496,1.2257
5.5501,1.2156
5.5507,1.2156
5.5512,1.2206
5.5517,1.2206
5.5522,1.2206
5.5528,1.2206
5.5533,1.2206
5.5538,1.2206
5.5543,1.2257
5.5549,1.2206
5.5554,1.2206
5.5559,1.2257
5.5564,1.2257
5.5569,1.2206
5.5575,1.2257
5.5580,1.2206
5.5585,1.2206
5.5590,1.2257
5.5596,1.2257
5.5601,1.2257
5.5606,1.2257
5.5611,1.2206
5.5617,1.2206
5.5622,1.2206
5.5627,1.2257
5.5632,1.2257
5.5638,1.2156
5.5643,1.2257
5.5648,1.2206
5.5653,1.2206
5.5659,1.2206
5.5664,1.2257
5.5669,1.2206
5.5674,1.2257
5.5680,1.2307
5.5685,1.2257
5.5690,1.2257
5.5695,1.2257
5.5701,1.2257
5.5706,1.2206
5.5711,1.2257
5.5716,1.2257
5.5722,1.2206
5.5727,1.2257
5.5732,1.2257
5.5737,1.2257
5.5743,1.2206
5.5748,1.2257
5.5753,1.2307
5.5758,1.2257
5.5764,1.2206
5.5769,1.2257
5.5774,1.2206
5.5779,1.2257
5.5784,1.2307
5.5790,1.2257
5.5795,1.2257
5.5800,1.2257
5.5805,1.2206
5.5811,1.2257
5.5816,1.2206
5.5821,1.2206
5.5826,1.2257
5.5832,1.2257
5.5837,1.2257
5.5842,1.2257
5.5847,1.2206
5.5853,1.2307
5.5858,1.2257
5.5863,1.2307
5.5868,1.2257
5.5874,1.2257
5.5879,1.2257
5.5884,1.2307
5.5889,1.2206
5.5894,1.2257
5.5900,1.2257
5.5905,1.2307
5.5910,1.2307
5.5915,1.2307
5.5921,1.2257
5.5926,1.2307
5.5931,1.2307
5.5936,1.2307
5.5942,1.2307
5.5947,1.2257
5.5952,1.2307
5.5957,1.2257
5.5963,1.2307
5.5968,1.2358
5.5973,1.2206
5.5978,1.2257
5.5984,1.2257
5.5989,1.2257
5.5994,1.2307
5.5999,1.2307
5.6004,1.2257
5.6010,1.2257
5.6015,1.2307
5.6020,1.2257
5.6026,1.2307
5.6031,1.2307
5.6037,1.2307
5.6043,1.2307
5.6048,1.2257
5.6054,1.2257
5.6059,1.2307
5.6065,1.2307
5.6070,1.2307
5.6076,1.2307
5.6081,1.2257
5.6086,1.2257
5.6091,1.2307
5.6097,1.2307
5.6102,1.2257
5.6107,1.2307
5.6113,1.2257
5.6118,1.2257
5.6123,1.2358
5.6130,1.2307
5.6136,1.2358
5.6142,1.2257
5.6147,1.2307
5.6153,1.2307
5.6158,1.2307
5.6164,1.2307
5.6169,1.2307
5.6174,1.2257
5.6180,1.2307
5.6185,1.2307
5.6191,1.2307
5.6196,1.2358
5.6201,1.2307
5.6206,1.2257
5.6212,1.2307
5.6217,1.2257
5.6223,1.2307
5.6228,1.2358
5.6233,1.2307
5.6238,1.2307
5.6244,1.2358
5.6249,1.2307
5.6254,1.2358
5.6259,1.2257
5.6264,1.2307
5.6270,1.2307
5.6275,1.2307
5.6280,1.2307
5.6285,1.2307
5.6291,1.2307
5.6296,1.2257
5.6301,1.2358
5.6306,1.2307
5.6312,1.2307
5.6317,1.2358
5.6322,1.2358
5.6327,1.2307
5.6332,1.2307
5.6338,1.2307
5.6343,1.2307
5.6348,1.2307
5.6353,1.2358
5.6359,1.2358
5.6364,1.2358
5.6369,1.2307
5.6375,1.2257
5.6380,1.2358
5.6385,1.2307
5.6390,1.2307
5.6396,1.2358
5.6401,1.2358
5.6406,1.2307
5.6411,1.2307
5.6416,1.2358
5.6422,1.2358
5.6427,1.2257
5.6432,1.2307
5.6437,1.2307
5.6443,1.2358
5.6448,1.2358
5.6453,1.2358
5.6458,1.2307
5.6463,1.2307
5.6469,1.2307
5.6474,1.2307
5.6479,1.2307
5.6484,1.2358
5.6490,1.2307
5.6495,1.2307
5.6500,1.2307
5.6505,1.2358
5.6511,1.2257
5.6516,1.2358
5.6521,1.2307
5.6526,1.2307
5.6532,1.2257
5.6537,1.2307
5.6542,1.2307
5.6547,1.2307
5.6553,1.2358
5.6558,1.2358
5.6563,1.2307
5.6568,1.2307
5.6573,1.2307
5.6579,1.2307
5.6584,1.2307
5.6589,1.2307
5.6594,1.2307
5.6599,1.2358
5.6605,1.2358
5.6610,1.2307
5.6615,1.2307
5.6620,1.2307
5.6626,1.2307
5.6631,1.2358
5.6636,1.2358
5.6641,1.2307
5.6647,1.2358
5.6652,1.2307
5.6657,1.2257
5.6662,1.2307
5.6667,1.2307
5.6673,1.2358
5.6678,1.2358
5.6683,1.2257
5.6688,1.2358
5.6694,1.2358
5.6699,1.2358
5.6704,1.2307
5.6709,1.2307
5.6715,1.2307
5.6720,1.2358
5.6725,1.2307
5.6730,1.2358
5.6735,1.2358
5.6741,1.2307
5.6746,1.2307
5.6751,1.2307
5.6756,1.2307
5.6761,1.2307
5.6767,1.2358
5.6772,1.2307
5.6777,1.2358
5.6782,1.2307
5.6788,1.2307
5.6793,1.2358
5.6798,1.2307
5.6803,1.2358
5.6808,1.2307
5.6814,1.2358
5.6819,1.2307
5.6824,1.2358
5.6829,1.2358
5.6835,1.2307
5.6840,1.2307
5.6845,1.2358
5.6850,1.2307
5.6855,1.2358
5.6861,1.2307
5.6866,1.2307
5.6871,1.2358
5.6876,1.2358
5.6881,1.2307
5.6887,1.2307
5.6892,1.2307
5.6897,1.2358
5.6902,1.2307
5.6908,1.2358
5.6913,1.2358
5.6918,1.2358
5.6923,1.2307
5.6928,1.2307
5.6934,1.2307
5.6939,1.2307
5.6944,1.2358
5.6949,1.2257
5.6955,1.2307
5.6960,1.2358
5.6965,1.2307
5.6971,1.2307
5.6976,1.2307
5.6981,1.2358
5.6986,1.2358
5.6992,1.2358
5.6997,1.2307
5.7002,1.2257
5.7007,1.2307
5.7013,1.2358
5.7018,1.2307
5.7023,1.2358
5.7028,1.2307
5.7033,1.2358
5.7039,1.2358
5.7044,1.2307
5.7049,1.2307
5.7054,1.2358
5.7059,1.2358
5.7065,1.2307
5.7070,1.2358
5.7075,1.2307
5.7080,1.2307
5.7086,1.2358
5.7091,1.2307
5.7096,1.2307
5.7101,1.2307
5.7107,1.2358
5.7112,1.2307
5.7117,1.2358
5.7122,1.2307
5.7127,1.2307
5.7133,1.2358
5.7138,1.2358
5.7143,1.2358
5.7148,1.2307
5.7154,1.2358
5.7159,1.2358
5.7164,1.2257
5.7169,1.2307
5.7175,1.2307
5.7180,1.2307
5.7185,1.2307
5.7190,1.2257
5.7195,1.2358
5.7201,1.2307
5.7206,1.2307
5.7211,1.2358
5.7216,1.2307
5.7222,1.2307
5.7227,1.2257
5.7232,1.2358
5.7237,1.2358
5.7243,1.2307
5.7248,1.2358
5.7253,1.2358
5.7258,1.2307
5.7264,1.2307
5.7269,1.2307
5.7274,1.2358
5.7279,1.2358
5.7284,1.2307
5.7290,1.2307
5.7295,1.2307
5.7300,1.2358
5.7305,1.2307
5.7311,1.2408
5.7316,1.2307
5.7321,1.2358
5.7326,1.2307
5.7332,1.2307
5.7337,1.2257
5.7342,1.2307
5.7347,1.2307
5.7353,1.2307
5.7358,1.2307
5.7363,1.2307
5.7368,1.2307
5.7374,1.2358
5.7379,1.2307
5.7384,1.2307
5.7389,1.2257
5.7395,1.2307
5.7400,1.2307
5.7405,1.2307
5.7410,1.2307
5.7416,1.2307
5.7421,1.2307
5.7426,1.2307
5.7431,1.2257
5.7437,1.2307
5.7442,1.2307
5.7447,1.2307
5.7452,1.2358
5.7457,1.2307
5.7463,1.2307
5.7468,1.2307
5.7473,1.2307
5.7478,1.2307
5.7484,1.2358
5.7489,1.2307
5.7494,1.2307
5.7499,1.2307
5.7505,1.2307
5.7510,1.2307
5.7515,1.2307
5.7520,1.2358
5.7525,1.2358
5.7531,1.2307
5.7536,1.2307
5.7541,1.2307
5.7546,1.2307
5.7552,1.2358
5.7557,1.2358
5.7562,1.2307
5.7567,1.2307
5.7573,1.2257
5.7578,1.2307
5.7583,1.2307
5.7588,1.2358
5.7594,1.2307
5.7599,1.2307
5.7604,1.2307
5.7609,1.2257
5.7615,1.2307
5.7620,1.2307
5.7625,1.2307
5.7630,1.2307
5.7636,1.2358
5.7641,1.2307
5.7646,1.2307
5.7651,1.2307
5.7657,1.2358
5.7662,1.2307
5.7667,1.2307
5.7672,1.2307
5.7677,1.2307
5.7683,1.2307
5.7688,1.2257
5.7693,1.2307
5.7698,1.2307
5.7704,1.2307
5.7709,1.2307
5.7714,1.2307
5.7719,1.2257
5.7725,1.2307
5.7730,1.2307
5.7735,1.2307
5.7740,1.2307
5.7745,1.2307
5.7751,1.2257
5.7756,1.2307
5.7761,1.2257
5.7766,1.2257
5.7772,1.2257
5.7777,1.2307
5.7782,1.2307
5.7787,1.2307
5.7793,1.2307
5.7798,1.2307
5.7803,1.2307
5.7808,1.2257
5.7813,1.2307
5.7819,1.2257
5.7824,1.2206
5.7829,1.2307
5.7834,1.2307
5.7840,1.2307
5.7845,1.2257
5.7850,1.2307
5.7855,1.2307
5.7861,1.2307
5.7866,1.2307
5.7871,1.2307
5.7876,1.2307
5.7882,1.2358
5.7887,1.2307
5.7892,1.2307
5.7897,1.2257
5.7903,1.2307
5.7908,1.2257
5.7913,1.2257
5.7918,1.2307
5.7923,1.2307
5.7929,1.2307
5.7934,1.2307
5.7939,1.2307
5.7944,1.2257
5.7949,1.2307
5.7955,1.2307
5.7960,1.2257
5.7965,1.2307
5.7970,1.2307
5.7976,1.2257
5.7981,1.2257
5.7986,1.2257
5.7991,1.2307
5.7996,1.2257
5.8002,1.2307
5.8007,1.2307
5.8013,1.2307
5.8018,1.2257
5.8023,1.2257
5.8029,1.2307
5.8034,1.2307
5.8039,1.2307
5.8044,1.2307
5.8050,1.2257
5.8055,1.2257
5.8060,1.2257
5.8065,1.2257
5.8070,1.2257
5.8076,1.2307
5.8081,1.2257
5.8086,1.2257
5.8091,1.2257
5.8097,1.2257
5.8102,1.2307
5.8107,1.2257
5.8112,1.2307
5.8117,1.2307
5.8123,1.2257
5.8128,1.2257
5.8133,1.2307
5.8138,1.2257
5.8143,1.2307
5.8149,1.2307
5.8154,1.2307
5.8159,1.2206
5.8164,1.2307
5.8170,1.2257
5.8175,1.2307
5.8180,1.2257
5.8185,1.2257
5.8190,1.2257
5.8196,1.2307
5.8201,1.2257
5.8211,1.2307
5.8216,1.2257
5.8222,1.2307
5.8227,1.2257
5.8237,1.2257
5.8244,1.2257
5.8249,1.2307
5.8255,1.2257
5.8260,1.2257
5.8266,1.2307
5.8271,1.2257
5.8276,1.2257
5.8282,1.2257
5.8287,1.2257
5.8293,1.2257
5.8298,1.2257
5.8303,1.2257
5.8309,1.2307
5.8314,1.2307
5.8319,1.2307
5.8324,1.2257
5.8330,1.2257
5.8335,1.2307
5.8340,1.2257
5.8345,1.2307
5.8351,1.2257
5.8356,1.2257
5.8361,1.2307
5.8366,1.2257
5.8372,1.2257
5.8377,1.2257
5.8383,1.2257
5.8388,1.2257
5.8393,1.2257
5.8399,1.2307
5.8404,1.2257
5.8410,1.2257
5.8415,1.2257
5.8420,1.2257
5.8426,1.2307
5.8431,1.2257
5.8437,1.2257
5.8442,1.2206
5.8447,1.2257
5.8453,1.2307
5.8458,1.2257
5.8463,1.2307
5.8469,1.2257
5.8474,1.2257
5.8480,1.2257
5.8485,1.2206
5.8490,1.2206
5.8496,1.2257
5.8501,1.2257
5.8507,1.2257
5.8512,1.2206
5.8517,1.2307
5.8523,1.2206
5.8528,1.2257
5.8533,1.2307
5.8539,1.2257
5.8545,1.2257
5.8550,1.2206
5.8555,1.2307
5.8561,1.2307
5.8566,1.2257
5.8572,1.2307
5.8577,1.2257
5.8582,1.2257
5.8588,1.2257
5.8593,1.2257
5.8599,1.2257
5.8604,1.2257
5.8609,1.2257
5.8615,1.2257
5.8620,1.2257
5.8625,1.2307
5.8631,1.2257
5.8636,1.2257
5.8642,1.2257
5.8647,1.2257
5.8652,1.2206
5.8658,1.2206
5.8663,1.2257
5.8669,1.2257
5.8674,1.2257
5.8679,1.2257
5.8685,1.2257
5.8690,1.2257
5.8696,1.2257
5.8701,1.2257
5.8706,1.2257
5.8712,1.2257
5.8717,1.2257
5.8722,1.2257
5.8728,1.2257
5.8733,1.2257
5.8739,1.2257
5.8744,1.2257
5.8749,1.2257
5.8755,1.2257
5.8760,1.2257
5.8766,1.2257
5.8771,1.2206
5.8776,1.2257
5.8782,1.2206
5.8787,1.2257
5.8793,1.2307
5.8798,1.2257
5.8803,1.2257
5.8809,1.2257
5.8814,1.2257
5.8820,1.2307
5.8825,1.2257
5.8830,1.2206
5.8836,1.2206
5.8841,1.2257
5.8846,1.2257
5.8852,1.2257
5.8857,1.2307
5.8863,1.2257
5.8868,1.2307
5.8873,1.2257
5.8879,1.2257
5.8884,1.2257
5.8890,1.2307
5.8895,1.2257
5.8900,1.2307
5.8906,1.2257
5.8911,1.2257
5.8917,1.2257
5.8922,1.2257
5.8927,1.2257
5.8933,1.2257
5.8938,1.2257
5.8943,1.2257
5.8949,1.2257
5.8954,1.2257
5.8960,1.2257
5.8965,1.2206
5.8970,1.2307
5.8976,1.2206
5.8981,1.2257
5.8987,1.2206
5.8992,1.2307
5.8998,1.2257
5.9003,1.2257
5.9008,1.2257
5.9014,1.2257
5.9019,1.2206
5.9025,1.2257
5.9030,1.2206
5.9035,1.2206
5.9041,1.2257
5.9046,1.2257
5.9052,1.2257
5.9057,1.2257
5.9062,1.2257
5.9068,1.2257
5.9073,1.2206
5.9078,1.2257
5.9084,1.2257
5.9089,1.2206
5.9095,1.2257
5.9100,1.2307
5.9105,1.2257
5.9111,1.2257
5.9116,1.2257
5.9122,1.2257
5.9127,1.2206
5.9132,1.2257
5.9138,1.2257
5.9143,1.2206
5.9149,1.2257
5.9154,1.2257
5.9159,1.2206
5.9165,1.2257
5.9170,1.2206
5.9175,1.2257
5.9181,1.2257
5.9186,1.2257
5.9192,1.2257
5.9197,1.2257
5.9203,1.2257
5.9208,1.2257
5.9213,1.2206
5.9219,1.2206
5.9224,1.2257
5.9229,1.2206
5.9235,1.2257
5.9240,1.2206
5.9246,1.2257
5.9251,1.2257
5.9256,1.2206
5.9262,1.2206
5.9267,1.2257
5.9273,1.2257
5.9278,1.2257
5.9283,1.2257
5.9289,1.2257
5.9294,1.2206
5.9300,1.2206
5.9305,1.2257
5.9310,1.2257
5.9316,1.2206
5.9321,1.2257
5.9327,1.2307
5.9332,1.2257
5.9337,1.2257
5.9343,1.2257
5.9348,1.2206
5.9353,1.2206
5.9359,1.2257
5.9364,1.2257
5.9370,1.2206
5.9375,1.2257
5.9382,1.2206
5.9387,1.2257
5.9392,1.2257
5.9398,1.2206
5.9403,1.2206
5.9409,1.2257
5.9414,1.2257
5.9420,1.2257
5.9425,1.2257
5.9431,1.2257
5.9436,1.2257
5.9442,1.2257
5.9447,1.2257
5.9453,1.2257
5.9458,1.2257
5.9464,1.2206
5.9469,1.2257
5.9475,1.2206
5.9480,1.2257
5.9486,1.2257
5.9492,1.2257
5.9497,1.2206
5.9503,1.2257
5.9508,1.2206
5.9514,1.2257
5.9519,1.2206
5.9525,1.2257
5.9530,1.2206
5.9536,1.2206
5.9541,1.2206
5.9547,1.2206
5.9552,1.2257
5.9558,1.2206
5.9563,1.2257
5.9569,1.2206
5.9574,1.2257
5.9580,1.2257
5.9585,1.2206
5.9591,1.2257
5.9596,1.2257
5.9602,1.2257
5.9607,1.2206
5.9613,1.2257
5.9618,1.2206
5.9624,1.2206
5.9629,1.2257
5.9635,1.2206
5.9640,1.2257
5.9646,1.2257
5.9651,1.2206
5.9657,1.2257
5.9662,1.2206
5.9668,1.2257
5.9674,1.2257
5.9680,1.2257
5.9685,1.2206
5.9691,1.2257
5.9696,1.2206
5.9702,1.2206
5.9708,1.2206
5.9713,1.2156
5.9719,1.2257
5.9724,1.2206
5.9730,1.2206
5.9735,1.2206
5.9741,1.2206
5.9746,1.2206
5.9752,1.2257
5.9757,1.2206
5.9763,1.2206
5.9768,1.2206
5.9774,1.2206
5.9779,1.2206
5.9785,1.2206
5.9790,1.2257
5.9796,1.2206
5.9801,1.2206
5.9807,1.2156
5.9812,1.2257
5.9818,1.2206
5.9823,1.2257
5.9829,1.2257
5.9834,1.2206
5.9840,1.2257
5.9845,1.2206
5.9851,1.2206
5.9856,1.2156
5.9862,1.2206
5.9867,1.2156
5.9873,1.2206
5.9878,1.2156
5.9884,1.2206
5.9889,1.2206
5.9895,1.2206
5.9900,1.2206
5.9906,1.2257
5.9911,1.2206
5.9917,1.2206
5.9922,1.2156
5.9928,1.2206
5.9933,1.2206
5.9939,1.2206
5.9944,1.2206
5.9950,1.2206
5.9955,1.2257
5.9961,1.2206
5.9966,1.2257
5.9972,1.2206
5.9977,1.2206
5.9983,1.2206
5.9989,1.2206
5.9994,1.2156
6.0000,1.2206
6.0005,1.2206
6.0011,1.2206
6.0016,1.2206
6.0022,1.2156
6.0027,1.2206
6.0033,1.2206
6.0038,1.2206
6.0044,1.2206
6.0049,1.2206
6.0055,1.2206
6.0060,1.2206
6.0066,1.2156
6.0071,1.2206
6.0077,1.2156
6.0082,1.2257
6.0088,1.2156
6.0093,1.2206
6.0099,1.2156
6.0104,1.2257
6.0110,1.2156
6.0115,1.2106
6.0121,1.2206
6.0126,1.2156
6.0132,1.2206
6.0137,1.2156
6.0143,1.2156
6.0148,1.2156
6.0154,1.2206
6.0159,1.2206
6.0165,1.2206
6.0170,1.2206
6.0176,1.2206
6.0181,1.2206
6.0187,1.2206
6.0192,1.2257
6.0198,1.2206
6.0203,1.2206
6.0209,1.2206
6.0214,1.2206
6.0220,1.2206
6.0225,1.2206
6.0231,1.2206
6.0236,1.2206
6.0242,1.2156
6.0247,1.2206
6.0253,1.2206
6.0258,1.2206
6.0264,1.2156
6.0269,1.2206
6.0275,1.2206
6.0280,1.2206
6.0286,1.2257
6.0291,1.2206
6.0297,1.2156
6.0302,1.2156
6.0308,1.2156
6.0313,1.2206
6.0319,1.2156
6.0324,1.2156
6.0330,1.2156
6.0335,1.2206
6.0341,1.2206
6.0346,1.2156
6.0352,1.2206
6.0357,1.2156
6.0363,1.2206
6.0368,1.2156
6.0374,1.2156
6.0380,1.2206
6.0385,1.2206
6.0391,1.2206
6.0396,1.2156
6.0402,1.2206
6.0407,1.2156
6.0413,1.2206
6.0418,1.2106
6.0424,1.2206
6.0429,1.2156
6.0435,1.2206
6.0440,1.2156
6.0446,1.2156
6.0451,1.2206
6.0457,1.2156
6.0462,1.2206
6.0468,1.2106
6.0473,1.2156
6.0479,1.2106
6.0484,1.2206
6.0490,1.2156
6.0495,1.2206
6.0501,1.2156
6.0506,1.2206
6.0512,1.2206
6.0517,1.2156
6.0523,1.2206
6.0528,1.2206
6.0534,1.2156
6.0539,1.2206
6.0545,1.2206
6.0550,1.2206
6.0556,1.2156
6.0561,1.2156
6.0567,1.2206
6.0572,1.2156
6.0578,1.2156
6.0583,1.2156
6.0589,1.2156
6.0594,1.2156
6.0600,1.2106
6.0605,1.2156
6.0611,1.2156
6.0616,1.2206
6.0622,1.2156
6.0627,1.2206
6.0633,1.2156
6.0638,1.2156
6.0644,1.2156
6.0649,1.2156
6.0655,1.2156
6.0660,1.2206
6.0666,1.2206
6.0671,1.2156
6.0677,1.2206
6.0682,1.2156
6.0688,1.2156
6.0693,1.2156
6.0699,1.2156
6.0704,1.2106
6.0710,1.2156
6.0715,1.2106
6.0721,1.2106
6.0726,1.2156
6.0732,1.2156
6.0737,1.2156
6.0743,1.2156
6.0748,1.2156
6.0754,1.2206
6.0759,1.2156
6.0765,1.2206
6.0770,1.2156
6.0776,1.2206
6.0781,1.2156
6.0787,1.2156
6.0792,1.2156
6.0798,1.2156
6.0803,1.2106
6.0809,1.2206
6.0814,1.2156
6.0820,1.2206
6.0825,1.2156
6.0831,1.2156
6.0836,1.2206
6.0842,1.2156
6.0847,1.2106
6.0853,1.2156
6.0858,1.2156
6.0864,1.2156
6.0869,1.2156
6.0875,1.2206
6.0880,1.2156
6.0886,1.2156
6.0892,1.2156
6.0897,1.2156
6.0903,1.2106
6.0908,1.2156
6.0914,1.2106
6.0919,1.2156
6.0925,1.2156
6.0930,1.2156
6.0936,1.2156
6.0941,1.2106
6.0946,1.2156
6.0952,1.2156
6.0957,1.2156
6.0963,1.2206
6.0968,1.2106
6.0974,1.2156
6.0979,1.2156
6.0985,1.2156
6.0991,1.2156
6.0996,1.2156
6.1002,1.2156
6.1007,1.2156
6.1013,1.2106
6.1018,1.2156
6.1024,1.2106
6.1032,1.2206
6.1038,1.2206
6.1046,1.2106
6.1052,1.2156
6.1058,1.2106
6.1064,1.2156
6.1070,1.2156
6.1076,1.2156
6.1082,1.2156
6.1088,1.2156
6.1093,1.2156
6.1099,1.2156
6.1105,1.2106
6.1110,1.2106
6.1116,1.2156
6.1121,1.2156
6.1127,1.2156
6.1132,1.2106
6.1138,1.2156
6.1143,1.2106
6.1149,1.2156
6.1154,1.2156
6.1160,1.2106
6.1166,1.2156
6.1171,1.2156
6.1177,1.2156
6.1182,1.2156
6.1188,1.2156
6.1193,1.2156
6.1199,1.2156
6.1205,1.2106
6.1211,1.2156
6.1216,1.2156
6.1223,1.2156
6.1229,1.2106
6.1235,1.2156
6.1240,1.2156
6.1246,1.2106
6.1252,1.2156
6.1258,1.2156
6.1264,1.2156
6.1269,1.2156
6.1275,1.2206
6.1281,1.2156
6.1286,1.2156
6.1292,1.2156
6.1297,1.2156
6.1303,1.2156
6.1308,1.2156
6.1314,1.2156
6.1319,1.2106
6.1325,1.2106
6.1330,1.2156
6.1336,1.2156
6.1341,1.2106
6.1347,1.2156
6.1352,1.2156
6.1358,1.2156
6.1363,1.2106
6.1369,1.2156
6.1374,1.2156
6.1380,1.2156
6.1386,1.2106
6.1391,1.2156
6.1397,1.2156
6.1402,1.2106
6.1408,1.2156
6.1413,1.2156
6.1419,1.2106
6.1424,1.2156
6.1429,1.2106
6.1435,1.2156
6.1440,1.2156
6.1446,1.2156
6.1451,1.2156
6.1456,1.2156
6.1462,1.2156
6.1467,1.2106
6.1473,1.2106
6.1478,1.2156
6.1484,1.2106
6.1490,1.2106
6.1495,1.2156
6.1501,1.2106
6.1506,1.2106
6.1511,1.2156
6.1517,1.2156
6.1522,1.2156
6.1528,1.2156
6.1533,1.2156
6.1539,1.2156
6.1544,1.2156
6.1550,1.2106
6.1555,1.2156
6.1561,1.2106
6.1566,1.2106
6.1571,1.2106
6.1577,1.2156
6.1582,1.2106
6.1588,1.2156
6.1593,1.2156
6.1598,1.2106
6.1604,1.2156
6.1609,1.2156
6.1615,1.2156
6.1620,1.2156
6.1625,1.2156
6.1631,1.2156
6.1636,1.2106
6.1642,1.2106
6.1647,1.2156
6.1652,1.2156
6.1658,1.2156
6.1663,1.2156
6.1669,1.2156
6.1674,1.2106
6.1679,1.2106
6.1685,1.2156
6.1690,1.2156
6.1696,1.2106
6.1701,1.2106
6.1707,1.2206
6.1712,1.2156
6.1718,1.2106
6.1723,1.2156
6.1728,1.2106
6.1734,1.2106
6.1739,1.2156
6.1745,1.2106
6.1750,1.2156
6.1755,1.2156
6.1761,1.2156
6.1766,1.2106
6.1772,1.2156
6.1777,1.2106
6.1782,1.2156
6.1788,1.2156
6.1794,1.2106
6.1799,1.2106
6.1804,1.2156
6.1810,1.2156
6.1815,1.2156
6.1821,1.2156
6.1826,1.2156
6.1831,1.2206
6.1837,1.2156
6.1842,1.2106
6.1848,1.2156
6.1853,1.2156
6.1859,1.2156
6.1864,1.2106
6.1869,1.2106
6.1875,1.2156
6.1880,1.2156
6.1886,1.2106
6.1891,1.2156
6.1896,1.2106
6.1902,1.2106
6.1907,1.2156
6.1913,1.2156
6.1918,1.2106
6.1923,1.2106
6.1929,1.2156
6.1934,1.2156
6.1940,1.2106
6.1945,1.2156
6.1950,1.2156
6.1956,1.2106
6.1961,1.2156
6.1967,1.2156
6.1972,1.2106
6.1978,1.2106
6.1983,1.2106
6.1989,1.2106
6.1994,1.2156
6.1999,1.2156
6.2005,1.2106
6.2010,1.2156
6.2016,1.2156
6.2021,1.2156
6.2026,1.2106
6.2032,1.2106
6.2037,1.2156
6.2043,1.2106
6.2048,1.2156
6.2054,1.2156
6.2059,1.2106
6.2064,1.2106
6.2070,1.2156
6.2075,1.2156
6.2081,1.2156
6.2086,1.2106
6.2091,1.2106
6.2097,1.2106
6.2102,1.2206
6.2108,1.2106
6.2113,1.2106
6.2118,1.2106
6.2124,1.2106
6.2129,1.2055
6.2135,1.2156
6.2140,1.2106
6.2145,1.2156
6.2151,1.2106
6.2156,1.2106
6.2162,1.2156
6.2167,1.2156
6.2172,1.2156
6.2178,1.2156
6.2184,1.2156
6.2189,1.2156
6.2195,1.2156
6.2200,1.2106
6.2206,1.2106
6.2211,1.2156
6.2217,1.2106
6.2222,1.2156
6.2227,1.2156
6.2233,1.2106
6.2238,1.2106
6.2244,1.2156
6.2249,1.2156
6.2255,1.2106
6.2260,1.2106
6.2266,1.2106
6.2271,1.2106
6.2276,1.2106
6.2282,1.2156
6.2287,1.2156
6.2293,1.2156
6.2298,1.2156
6.2304,1.2106
6.2309,1.2156
6.2314,1.2106
6.2320,1.2106
6.2325,1.2106
6.2331,1.2106
6.2336,1.2156
6.2341,1.2156
6.2347,1.2106
6.2352,1.2156
6.2358,1.2106
6.2363,1.2106
6.2368,1.2156
6.2374,1.2106
6.2379,1.2156
6.2385,1.2106
6.2390,1.2106
6.2396,1.2156
6.2401,1.2156
6.2407,1.2156
6.2412,1.2106
6.2418,1.2156
6.2423,1.2156
6.2429,1.2156
6.2434,1.2156
6.2440,1.2156
6.2445,1.2106
6.2451,1.2106
6.2456,1.2156
6.2462,1.2106
6.2467,1.2106
6.2473,1.2156
6.2479,1.2106
6.2484,1.2156
6.2490,1.2106
6.2495,1.2156
6.2501,1.2156
6.2506,1.2106
6.2512,1.2156
6.2517,1.2106
6.2523,1.2106
6.2528,1.2156
6.2534,1.2055
6.2539,1.2156
6.2545,1.2106
6.2550,1.2156
6.2556,1.2106
6.2561,1.2106
6.2567,1.2156
6.2572,1.2106
6.2578,1.2156
6.2584,1.2156
6.2589,1.2156
6.2595,1.2156
6.2600,1.2106
6.2606,1.2106
6.2611,1.2156
6.2617,1.2106
6.2622,1.2106
6.2628,1.2156
6.2633,1.2106
6.2639,1.2156
6.2644,1.2156
6.2650,1.2106
6.2655,1.2106
6.2661,1.2106
6.2666,1.2106
6.2672,1.2106
6.2677,1.2156
6.2683,1.2106
6.2688,1.2106
6.2694,1.2106
6.2699,1.2156
6.2705,1.2106
6.2710,1.2156
6.2716,1.2106
6.2721,1.2156
6.2727,1.2106
6.2732,1.2156
6.2738,1.2106
6.2743,1.2156
6.2749,1.2106
6.2754,1.2106
6.2760,1.2156
6.2765,1.2156
6.2771,1.2106
6.2776,1.2106
6.2782,1.2156
6.2787,1.2055
6.2793,1.2156
6.2798,1.2156
6.2804,1.2106
6.2809,1.2156
6.2815,1.2106
6.2820,1.2156
6.2826,1.2106
6.2831,1.2156
6.2837,1.2106
6.2842,1.2156
6.2848,1.2106
6.2853,1.2106
6.2859,1.2106
6.2864,1.2206
6.2869,1.2106
6.2875,1.2156
6.2880,1.2106
6.2886,1.2106
6.2891,1.2106
6.2897,1.2106
6.2902,1.2156
6.2908,1.2106
6.2913,1.2106
6.2919,1.2156
6.2924,1.2106
6.2930,1.2156
6.2935,1.2106
6.2941,1.2106
6.2946,1.2156
6.2952,1.2106
6.2957,1.2156
6.2963,1.2106
6.2968,1.2106
6.2974,1.2106
6.2979,1.2156
6.2985,1.2106
6.2990,1.2106
6.2996,1.2106
6.3001,1.2156
6.3007,1.2106
6.3012,1.2156
6.3018,1.2106
6.3023,1.2156
6.3029,1.2156
6.3034,1.2106
6.3040,1.2106
6.3045,1.2156
6.3051,1.2106
6.3056,1.2156
6.3062,1.2106
6.3067,1.2156
6.3073,1.2106
6.3078,1.2106
6.3084,1.2106
6.3089,1.2106
6.3095,1.2106
6.3101,1.2106
6.3106,1.2106
6.3112,1.2106
6.3117,1.2106
6.3123,1.2106
6.3128,1.2106
6.3133,1.2106
6.3139,1.2106
6.3144,1.2106
6.3150,1.2156
6.3155,1.2156
6.3161,1.2106
6.3166,1.2156
6.3172,1.2106
6.3178,1.2106
6.3183,1.2156
6.3189,1.2106
6.3194,1.2106
6.3200,1.2106
6.3205,1.2106
6.3211,1.2055
6.3216,1.2106
6.3222,1.2156
6.3227,1.2106
6.3233,1.2156
6.3238,1.2106
6.3244,1.2106
6.3249,1.2106
6.3255,1.2106
6.3260,1.2106
6.3266,1.2106
6.3271,1.2106
6.3277,1.2106
6.3282,1.2106
6.3288,1.2106
6.3293,1.2106
6.3299,1.2156
6.3304,1.2106
6.3310,1.2106
6.3315,1.2106
6.3321,1.2106
6.3326,1.2106
6.3332,1.2156
6.3337,1.2106
6.3343,1.2106
6.3348,1.2106
6.3354,1.2106
6.3359,1.2106
6.3365,1.2055
6.3370,1.2156
6.3376,1.2055
6.3381,1.2106
6.3387,1.2106
6.3393,1.2106
6.3398,1.2106
6.3404,1.2106
6.3409,1.2106
6.3415,1.2106
6.3420,1.2156
6.3426,1.2055
6.3431,1.2156
6.3437,1.2106
6.3442,1.2106
6.3448,1.2106
6.3453,1.2106
6.3459,1.2106
6.3464,1.2106
6.3470,1.2106
6.3475,1.2106
6.3481,1.2055
6.3486,1.2156
6.3492,1.2106
6.3497,1.2106
6.3503,1.2106
6.3508,1.2106
6.3514,1.2156
6.3519,1.2106
6.3525,1.2106
6.3530,1.2106
6.3536,1.2106
6.3541,1.2106
6.3547,1.2055
6.3552,1.2106
6.3558,1.2106
6.3563,1.2106
6.3569,1.2106
6.3574,1.2106
6.3580,1.2106
6.3585,1.2106
6.3591,1.2106
6.3596,1.2106
6.3602,1.2055
6.3607,1.2106
6.3613,1.2106
6.3618,1.2106
6.3624,1.2055
6.3629,1.2156
6.3635,1.2106
6.3640,1.2106
6.3646,1.2106
6.3651,1.2106
6.3657,1.2106
6.3662,1.2055
6.3668,1.2055
6.3673,1.2106
6.3679,1.2106
6.3684,1.2106
6.3690,1.2106
6.3695,1.2106
6.3701,1.2106
6.3706,1.2106
6.3712,1.2106
6.3717,1.2156
6.3723,1.2055
6.3728,1.2106
6.3734,1.2106
6.3739,1.2106
6.3745,1.2106
6.3750,1.2106
6.3756,1.2106
6.3761,1.2055
6.3767,1.2106
6.3772,1.2106
6.3778,1.2106
6.3783,1.2055
6.3789,1.2156
6.3794,1.2106
6.3800,1.2156
6.3805,1.2156
6.3811,1.2106
6.3816,1.2106
6.3822,1.2106
6.3827,1.2106
6.3833,1.2156
6.3838,1.2106
6.3844,1.2055
6.3849,1.2156
6.3855,1.2106
6.3860,1.2106
6.3866,1.2106
6.3871,1.2156
6.3877,1.2106
6.3883,1.2106
6.3888,1.2156
6.3894,1.2106
6.3899,1.2106
6.3905,1.2106
6.3910,1.2156
6.3916,1.2156
6.3921,1.2106
6.3927,1.2106
6.3932,1.2156
6.3938,1.2106
6.3943,1.2156
6.3949,1.2106
6.3954,1.2156
6.3960,1.2156
6.3965,1.2106
6.3971,1.2156
6.3976,1.2106
6.3982,1.2156
6.3987,1.2106
6.3993,1.2106
6.3998,1.2106
6.4004,1.2156
6.4009,1.2106
6.4015,1.2156
6.4020,1.2106
6.4026,1.2106
6.4031,1.2156
6.4037,1.2156
6.4042,1.2106
6.4048,1.2156
6.4053,1.2106
6.4059,1.2156
6.4064,1.2156
6.4070,1.2156
6.4075,1.2156
6.4081,1.2106
6.4086,1.2156
6.4092,1.2106
6.4097,1.2156
6.4103,1.2206
6.4108,1.2156
6.4114,1.2156
6.4119,1.2156
6.4125,1.2156
6.4130,1.2156
6.4136,1.2156
6.4141,1.2206
6.4147,1.2106
6.4152,1.2206
6.4158,1.2156
6.4163,1.2156
6.4169,1.2156
6.4174,1.2156
6.4180,1.2156
6.4185,1.2156
6.4191,1.2206
6.4196,1.2156
6.4202,1.2106
6.4212,1.2206
6.4247,1.2156
6.4253,1.2206
6.4258,1.2156
6.4264,1.2206
6.4270,1.2206
6.4277,1.2106
6.4283,1.2156
6.4288,1.2206
6.4294,1.2206
6.4300,1.2206
6.4305,1.2206
6.4311,1.2206
6.4317,1.2156
6.4322,1.2206
6.4328,1.2156
6.4333,1.2206
6.4339,1.2206
6.4344,1.2156
6.4350,1.2206
6.4355,1.2206
6.4361,1.2206
6.4366,1.2206
6.4372,1.2156
6.4377,1.2257
6.4384,1.2206
6.4389,1.2156
6.4395,1.2206
6.4401,1.2206
6.4406,1.2156
6.4412,1.2156
6.4417,1.2206
6.4422,1.2257
6.4428,1.2206
6.4433,1.2206
6.4439,1.2206
6.4444,1.2206
6.4450,1.2257
6.4455,1.2257
6.4461,1.2206
6.4466,1.2206
6.4472,1.2206
6.4477,1.2257
6.4483,1.2257
6.4488,1.2257
6.4494,1.2206
6.4499,1.2206
6.4504,1.2257
6.4510,1.2257
6.4515,1.2257
6.4521,1.2257
6.4526,1.2257
6.4532,1.2257
6.4537,1.2257
6.4543,1.2257
6.4548,1.2206
6.4554,1.2257
6.4559,1.2206
6.4565,1.2257
6.4570,1.2257
6.4576,1.2257
6.4581,1.2257
6.4587,1.2206
6.4592,1.2257
6.4598,1.2206
6.4603,1.2257
6.4609,1.2307
6.4615,1.2257
6.4620,1.2257
6.4625,1.2257
6.4631,1.2257
6.4636,1.2257
6.4642,1.2206
6.4647,1.2257
6.4653,1.2257
6.4658,1.2257
6.4664,1.2257
6.4669,1.2206
6.4675,1.2257
6.4680,1.2257
6.4686,1.2307
6.4691,1.2307
6.4697,1.2257
6.4702,1.2257
6.4708,1.2307
6.4713,1.2257
6.4719,1.2257
6.4724,1.2307
6.4730,1.2307
6.4735,1.2257
6.4741,1.2257
6.4746,1.2257
6.4752,1.2257
6.4757,1.2307
6.4763,1.2257
6.4768,1.2257
6.4774,1.2307
6.4779,1.2206
6.4785,1.2257
6.4790,1.2257
6.4796,1.2307
6.4801,1.2307
6.4807,1.2307
6.4812,1.2257
6.4818,1.2257
6.4823,1.2307
6.4829,1.2307
6.4834,1.2257
6.4840,1.2307
6.4845,1.2257
6.4851,1.2307
6.4856,1.2257
6.4862,1.2307
6.4867,1.2307
6.4873,1.2307
6.4878,1.2257
6.4884,1.2257
6.4889,1.2307
6.4895,1.2257
6.4900,1.2307
6.4906,1.2307
6.4911,1.2257
6.4917,1.2257
6.4922,1.2307
6.4928,1.2257
6.4933,1.2307
6.4939,1.2257
6.4944,1.2257
6.4950,1.2257
6.4955,1.2307
6.4961,1.2307
6.4966,1.2307
6.4972,1.2307
6.4977,1.2257
6.4983,1.2307
6.4989,1.2257
6.4994,1.2307
6.5000,1.2307
6.5005,1.2307
6.5011,1.2307
6.5016,1.2307
6.5022,1.2307
6.5027,1.2257
6.5033,1.2257
6.5038,1.2307
6.5044,1.2307
6.5049,1.2257
6.5055,1.2307
6.5060,1.2257
6.5066,1.2257
6.5071,1.2257
6.5077,1.2257
6.5082,1.2307
6.5088,1.2307
6.5093,1.2358
6.5099,1.2257
6.5104,1.2257
6.5110,1.2307
6.5115,1.2307
6.5121,1.2307
6.5126,1.2257
6.5132,1.2307
6.5137,1.2307
6.5143,1.2307
6.5148,1.2307
6.5154,1.2307
6.5159,1.2307
6.5165,1.2307
6.5170,1.2307
6.5176,1.2307
6.5181,1.2307
6.5187,1.2307
6.5192,1.2358
6.5198,1.2307
6.5203,1.2358
6.5209,1.2257
6.5214,1.2307
6.5220,1.2307
6.5225,1.2257
6.5231,1.2307
6.5236,1.2307
6.5242,1.2307
6.5248,1.2307
6.5256,1.2307
6.5261,1.2358
6.5267,1.2307
6.5272,1.2257
6.5278,1.2358
6.5284,1.2307
6.5289,1.2307
6.5295,1.2307
6.5300,1.2307
6.5306,1.2257
6.5311,1.2307
6.5317,1.2307
6.5322,1.2307
6.5328,1.2307
6.5334,1.2307
6.5340,1.2307
6.5345,1.2257
6.5351,1.2307
6.5357,1.2307
6.5362,1.2307
6.5368,1.2307
6.5374,1.2307
6.5379,1.2307
6.5385,1.2307
6.5400,1.2307
6.5406,1.2358
6.5412,1.2307
6.5417,1.2307
6.5423,1.2307
6.5429,1.2358
6.5434,1.2307
6.5440,1.2358
6.5446,1.2307
6.5451,1.2307
6.5457,1.2307
6.5463,1.2358
6.5468,1.2307
6.5474,1.2307
6.5480,1.2307
6.5486,1.2257
6.5491,1.2358
6.5497,1.2307
6.5502,1.2307
6.5508,1.2257
6.5552,1.2257
6.5558,1.2307
6.5563,1.2307
6.5574,1.2307
6.5580,1.2307
6.5585,1.2307
6.5591,1.2307
6.5596,1.2307
6.5602,1.2307
6.5607,1.2307
6.5612,1.2358
6.5618,1.2307
6.5623,1.2307
6.5629,1.2307
6.5634,1.2307
6.5640,1.2307
6.5645,1.2358
6.5651,1.2307
6.5656,1.2307
6.5661,1.2307
6.5667,1.2358
6.5672,1.2307
6.5678,1.2307
6.5683,1.2307
6.5689,1.2358
6.5694,1.2307
6.5700,1.2307
6.5705,1.2307
6.5711,1.2307
6.5716,1.2307
6.5721,1.2307
6.5727,1.2307
6.5732,1.2358
6.5738,1.2307
6.5743,1.2358
6.5749,1.2358
6.5754,1.2307
6.5760,1.2358
6.5765,1.2307
6.5770,1.2307
6.5776,1.2307
6.5781,1.2307
6.5787,1.2307
6.5792,1.2307
6.5798,1.2307
6.5803,1.2358
6.5809,1.2307
6.5814,1.2307
6.5819,1.2307
6.5825,1.2307
6.5830,1.2307
6.5836,1.2307
6.5841,1.2358
6.5847,1.2307
6.5852,1.2358
6.5857,1.2358
6.5863,1.2358
6.5868,1.2307
6.5874,1.2307
6.5879,1.2307
6.5885,1.2307
6.5890,1.2358
6.5896,1.2307
6.5901,1.2307
6.5907,1.2358
6.5912,1.2358
6.5917,1.2358
6.5923,1.2307
6.5928,1.2358
6.5934,1.2307
6.5939,1.2307
6.5945,1.2307
6.5950,1.2307
6.5955,1.2307
6.5961,1.2257
6.5966,1.2307
6.5972,1.2358
6.5977,1.2307
6.5983,1.2307
6.5988,1.2358
6.5994,1.2307
6.5999,1.2307
6.6004,1.2307
6.6010,1.2358
6.6015,1.2358
6.6021,1.2307
6.6026,1.2257
6.6032,1.2307
6.6038,1.2257
6.6043,1.2307
6.6049,1.2307
6.6055,1.2257
6.6061,1.2257
6.6066,1.2307
6.6072,1.2257
6.6078,1.2307
6.6084,1.2307
6.6089,1.2307
6.6095,1.2358
6.6100,1.2358
6.6106,1.2358
6.6112,1.2358
6.6117,1.2307
6.6123,1.2307
6.6128,1.2358
6.6134,1.2307
6.6139,1.2307
6.6144,1.2307
6.6150,1.2307
6.6155,1.2307
6.6161,1.2307
6.6166,1.2307
6.6172,1.2358
6.6177,1.2307
6.6183,1.2257
6.6188,1.2307
6.6194,1.2307
6.6199,1.2257
6.6205,1.2307
6.6210,1.2307
6.6216,1.2257
6.6222,1.2307
6.6227,1.2307
6.6233,1.2307
6.6238,1.2358
6.6244,1.2307
6.6250,1.2307
6.6255,1.2358
6.6261,1.2307
6.6268,1.2307
6.6273,1.2307
6.6279,1.2307
6.6285,1.2307
6.6291,1.2257
6.6296,1.2307
6.6302,1.2307
6.6307,1.2257
6.6313,1.2307
6.6318,1.2307
6.6323,1.2307
6.6329,1.2307
6.6334,1.2307
6.6340,1.2307
6.6345,1.2307
6.6351,1.2257
6.6356,1.2307
6.6362,1.2307
6.6367,1.2307
6.6373,1.2307
6.6378,1.2307
6.6384,1.2257
6.6390,1.2307
6.6395,1.2307
6.6401,1.2307
6.6407,1.2307
6.6413,1.2307
6.6418,1.2358
6.6424,1.2307
6.6429,1.2307
6.6435,1.2307
6.6440,1.2307
6.6445,1.2307
6.6451,1.2307
6.6456,1.2307
6.6462,1.2257
6.6467,1.2307
6.6472,1.2307
6.6478,1.2307
6.6484,1.2307
6.6489,1.2257
6.6494,1.2257
6.6500,1.2307
6.6505,1.2307
6.6511,1.2307
6.6516,1.2307
6.6521,1.2307
6.6527,1.2307
6.6532,1.2307
6.6538,1.2257
6.6543,1.2307
6.6548,1.2307
6.6554,1.2307
6.6559,1.2257
6.6565,1.2307
6.6570,1.2257
6.6576,1.2257
6.6581,1.2257
6.6586,1.2307
6.6592,1.2307
6.6597,1.2307
6.6603,1.2257
6.6608,1.2307
6.6614,1.2307
6.6619,1.2257
6.6625,1.2307
6.6630,1.2257
6.6635,1.2307
6.6641,1.2307
6.6646,1.2307
6.6652,1.2257
6.6657,1.2257
6.6663,1.2257
6.6668,1.2307
6.6673,1.2257
6.6679,1.2257
6.6684,1.2257
6.6690,1.2307
6.6695,1.2307
6.6701,1.2358
6.6706,1.2307
6.6712,1.2307
6.6717,1.2307
6.6722,1.2257
6.6728,1.2307
6.6733,1.2257
6.6739,1.2307
6.6744,1.2257
6.6750,1.2307
6.6755,1.2257
6.6760,1.2307
6.6766,1.2257
6.6772,1.2257
6.6777,1.2307
6.6783,1.2307
6.6788,1.2257
6.6793,1.2257
6.6799,1.2257
6.6804,1.2307
6.6810,1.2307
6.6815,1.2257
6.6821,1.2257
6.6826,1.2307
6.6831,1.2257
6.6837,1.2257
6.6842,1.2257
6.6848,1.2257
6.6853,1.2257
6.6859,1.2307
6.6864,1.2307
6.6869,1.2307
6.6875,1.2257
6.6880,1.2257
6.6886,1.2257
6.6891,1.2307
6.6897,1.2257
6.6902,1.2257
6.6908,1.2257
6.6913,1.2257
6.6918,1.2257
6.6924,1.2206
6.6929,1.2206
6.6935,1.2307
6.6940,1.2307
6.6946,1.2307
6.6951,1.2307
6.6956,1.2206
6.6962,1.2257
6.6967,1.2257
6.6973,1.2257
6.6978,1.2206
6.6984,1.2257
6.6989,1.2257
6.6994,1.2257
6.7000,1.2257
6.7005,1.2257
6.7011,1.2206
6.7016,1.2257
6.7022,1.2257
6.7027,1.2257
6.7033,1.2257
6.7038,1.2307
6.7043,1.2206
6.7049,1.2307
6.7054,1.2307
6.7060,1.2257
6.7065,1.2257
6.7071,1.2257
6.7076,1.2257
6.7081,1.2257
6.7087,1.2257
6.7092,1.2257
6.7098,1.2307
6.7103,1.2257
6.7109,1.2307
6.7114,1.2257
6.7119,1.2307
6.7125,1.2257
6.7130,1.2307
6.7136,1.2307
6.7141,1.2257
6.7147,1.2257
6.7152,1.2257
6.7158,1.2257
6.7163,1.2257
6.7168,1.2206
6.7174,1.2307
6.7179,1.2307
6.7185,1.2206
6.7190,1.2257
6.7196,1.2257
6.7201,1.2257
6.7206,1.2257
6.7212,1.2257
6.7217,1.2257
6.7223,1.2257
6.7228,1.2307
6.7234,1.2257
6.7239,1.2257
6.7245,1.2206
6.7250,1.2257
6.7255,1.2257
6.7261,1.2257
6.7266,1.2257
6.7272,1.2257
6.7277,1.2257
6.7283,1.2257
6.7288,1.2257
6.7293,1.2206
6.7299,1.2257
6.7304,1.2257
6.7310,1.2257
6.7315,1.2257
6.7321,1.2257
6.7326,1.2307
6.7332,1.2257
6.7337,1.2257
6.7342,1.2206
6.7348,1.2257
6.7353,1.2206
6.7359,1.2257
6.7364,1.2257
6.7370,1.2307
6.7375,1.2257
6.7380,1.2257
6.7386,1.2257
6.7396,1.2206
6.7402,1.2257
6.7407,1.2206
6.7414,1.2257
6.7419,1.2257
6.7425,1.2257
6.7430,1.2257
6.7436,1.2257
6.7441,1.2257
6.7447,1.2257
6.7452,1.2257
6.7458,1.2257
6.7463,1.2257
6.7469,1.2257
6.7474,1.2257
6.7480,1.2257
6.7487,1.2307
6.7492,1.2257
6.7498,1.2257
6.7503,1.2257
6.7509,1.2206
6.7514,1.2257
6.7520,1.2257
6.7525,1.2257
6.7531,1.2257
6.7536,1.2257
6.7542,1.2257
6.7547,1.2257
6.7553,1.2257
6.7558,1.2307
6.7564,1.2257
6.7569,1.2206
6.7575,1.2257
6.7580,1.2257
6.7586,1.2206
6.7591,1.2206
6.7597,1.2257
6.7602,1.2257
6.7608,1.2257
6.7613,1.2257
6.7619,1.2307
6.7624,1.2257
6.7630,1.2257
6.7635,1.2257
6.7641,1.2257
6.7646,1.2257
6.7652,1.2307
6.7657,1.2257
6.7663,1.2257
6.7668,1.2257
6.7674,1.2257
6.7679,1.2206
6.7685,1.2257
6.7690,1.2307
6.7696,1.2257
6.7701,1.2206
6.7707,1.2257
6.7712,1.2257
6.7718,1.2257
6.7723,1.2257
6.7729,1.2257
6.7734,1.2257
6.7740,1.2257
6.7745,1.2206
6.7751,1.2257
6.7756,1.2257
6.7762,1.2307
6.7767,1.2257
6.7773,1.2206
6.7778,1.2257
6.7784,1.2257
6.7789,1.2257
6.7795,1.2206
6.7800,1.2257
6.7806,1.2257
6.7811,1.2257
6.7817,1.2257
6.7822,1.2257
6.7828,1.2307
6.7833,1.2206
6.7839,1.2257
6.7844,1.2257
6.7850,1.2257
6.7855,1.2206
6.7861,1.2257
6.7866,1.2257
6.7872,1.2257
6.7877,1.2206
6.7883,1.2257
6.7889,1.2257
6.7894,1.2257
6.7901,1.2257
6.7906,1.2257
6.7912,1.2257
6.7917,1.2257
6.7923,1.2257
6.7928,1.2257
6.7934,1.2257
6.7939,1.2257
6.7945,1.2257
6.7950,1.2257
6.7956,1.2257
6.7961,1.2257
6.7966,1.2206
6.7972,1.2257
6.7977,1.2257
6.7983,1.2257
6.7989,1.2257
6.7994,1.2257
6.8000,1.2206
6.8005,1.2257
6.8011,1.2257
6.8016,1.2257
6.8024,1.2257
6.8029,1.2257
6.8035,1.2257
6.8040,1.2206
6.8046,1.2257
6.8051,1.2206
6.8056,1.2257
6.8062,1.2257
6.8067,1.2307
6.8073,1.2257
6.8078,1.2257
6.8084,1.2257
6.8089,1.2257
6.8095,1.2257
6.8100,1.2257
6.8106,1.2206
6.8111,1.2257
6.8117,1.2206
6.8122,1.2307
6.8127,1.2257
6.8133,1.2257
6.8138,1.2257
6.8144,1.2257
6.8149,1.2257
6.8155,1.2257
6.8160,1.2257
6.8166,1.2257
6.8172,1.2206
6.8177,1.2257
6.8183,1.2206
6.8188,1.2257
6.8194,1.2257
6.8199,1.2257
6.8205,1.2257
6.8210,1.2206
6.8216,1.2257
6.8221,1.2257
6.8226,1.2257
6.8232,1.2257
6.8237,1.2257
6.8243,1.2257
6.8248,1.2257
6.8254,1.2206
6.8259,1.2206
6.8265,1.2206
6.8270,1.2257
6.8276,1.2257
6.8281,1.2257
6.8287,1.2257
6.8292,1.2257
6.8298,1.2257
6.8303,1.2257
6.8309,1.2206
6.8314,1.2257
6.8319,1.2156
6.8325,1.2257
6.8330,1.2257
6.8336,1.2206
6.8341,1.2206
6.8347,1.2257
6.8352,1.2206
6.8358,1.2206
6.8363,1.2206
6.8369,1.2257
6.8374,1.2257
6.8380,1.2257
6.8385,1.2206
6.8390,1.2206
6.8396,1.2206
6.8401,1.2257
6.8407,1.2206
6.8412,1.2257
6.8418,1.2206
6.8424,1.2257
6.8429,1.2257
6.8435,1.2257
6.8440,1.2257
6.8445,1.2206
6.8451,1.2206
6.8456,1.2206
6.8462,1.2206
6.8467,1.2257
6.8473,1.2206
6.8478,1.2257
6.8484,1.2206
6.8489,1.2257
6.8495,1.2257
6.8500,1.2206
6.8506,1.2307
6.8511,1.2206
6.8516,1.2257
6.8522,1.2257
6.8527,1.2206
6.8533,1.2257
6.8538,1.2206
6.8544,1.2206
6.8549,1.2206
6.8555,1.2257
6.8560,1.2156
6.8566,1.2206
6.8571,1.2156
6.8577,1.2206
6.8582,1.2257
6.8588,1.2257
6.8593,1.2206
6.8598,1.2257
6.8604,1.2257
6.8609,1.2206
6.8615,1.2257
6.8620,1.2206
6.8626,1.2206
6.8631,1.2257
6.8637,1.2206
6.8642,1.2206
6.8648,1.2206
6.8653,1.2206
6.8659,1.2257
6.8664,1.2257
6.8669,1.2257
6.8675,1.2257
6.8680,1.2206
6.8686,1.2206
6.8691,1.2257
6.8697,1.2206
6.8702,1.2206
6.8708,1.2206
6.8714,1.2206
6.8719,1.2156
6.8725,1.2206
6.8730,1.2206
6.8736,1.2206
6.8741,1.2206
6.8747,1.2257
6.8752,1.2206
6.8758,1.2206
6.8763,1.2206
6.8769,1.2206
6.8774,1.2206
6.8780,1.2206
6.8785,1.2257
6.8791,1.2206
6.8796,1.2206
6.8802,1.2206
6.8807,1.2257
6.8813,1.2156
6.8818,1.2206
6.8824,1.2206
6.8829,1.2206
6.8835,1.2206
6.8840,1.2156
6.8846,1.2206
6.8851,1.2206
6.8857,1.2206
6.8862,1.2206
6.8868,1.2206
6.8874,1.2206
6.8879,1.2206
6.8885,1.2206
6.8890,1.2206
6.8896,1.2206
6.8901,1.2206
6.8907,1.2206
6.8912,1.2156
6.8918,1.2206
6.8923,1.2257
6.8929,1.2156
6.8934,1.2206
6.8940,1.2257
6.8945,1.2156
6.8951,1.2206
6.8956,1.2206
6.8962,1.2206
6.8967,1.2156
6.8973,1.2206
6.8978,1.2206
6.8984,1.2206
6.8989,1.2156
6.8995,1.2206
6.9000,1.2206
6.9006,1.2206
6.9011,1.2206
6.9017,1.2257
6.9022,1.2206
6.9028,1.2206
6.9033,1.2206
6.9039,1.2206
6.9044,1.2156
6.9050,1.2206
6.9055,1.2206
6.9061,1.2206
6.9066,1.2206
6.9072,1.2206
6.9077,1.2206
6.9083,1.2206
6.9089,1.2156
6.9094,1.2206
6.9100,1.2206
6.9105,1.2156
6.9111,1.2206
6.9116,1.2206
6.9122,1.2156
6.9127,1.2206
6.9133,1.2206
6.9138,1.2156
6.9144,1.2206
6.9149,1.2206
6.9155,1.2156
6.9160,1.2257
6.9166,1.2206
6.9171,1.2206
6.9177,1.2206
6.9182,1.2206
6.9188,1.2206
6.9193,1.2106
6.9199,1.2206
6.9204,1.2206
6.9210,1.2206
6.9215,1.2206
6.9221,1.2206
6.9227,1.2206
6.9232,1.2206
6.9238,1.2206
6.9243,1.2206
6.9249,1.2156
6.9254,1.2206
6.9260,1.2206
6.9265,1.2156
6.9271,1.2206
6.9276,1.2206
6.9282,1.2206
6.9287,1.2206
6.9293,1.2206
6.9298,1.2156
6.9304,1.2206
6.9309,1.2206
6.9315,1.2156
6.9320,1.2156
6.9326,1.2156
6.9331,1.2206
6.9337,1.2156
6.9342,1.2206
6.9348,1.2156
6.9353,1.2156
6.9359,1.2156
6.9364,1.2156
6.9370,1.2156
6.9375,1.2206
6.9381,1.2156
6.9386,1.2206
6.9392,1.2206
6.9397,1.2156
6.9403,1.2156
6.9408,1.2156
6.9414,1.2156
6.9419,1.2206
6.9425,1.2206
6.9430,1.2206
6.9436,1.2156
6.9441,1.2206
6.9447,1.2156
6.9452,1.2156
6.9458,1.2156
6.9463,1.2106
6.9469,1.2156
6.9474,1.2156
6.9479,1.2156
6.9485,1.2156
6.9490,1.2156
6.9496,1.2156
6.9501,1.2156
6.9507,1.2156
6.9512,1.2156
6.9518,1.2156
6.9523,1.2156
6.9529,1.2156
6.9534,1.2156
6.9540,1.2206
6.9545,1.2106
6.9551,1.2156
6.9556,1.2156
6.9562,1.2206
6.9568,1.2206
6.9573,1.2156
6.9579,1.2156
6.9584,1.2206
6.9590,1.2156
6.9595,1.2156
6.9601,1.2156
6.9606,1.2206
6.9612,1.2206
6.9617,1.2206
6.9623,1.2156
6.9628,1.2206
6.9634,1.2206
6.9639,1.2156
6.9645,1.2156
6.9650,1.2156
6.9656,1.2156
6.9661,1.2156
6.9667,1.2156
6.9672,1.2156
6.9678,1.2156
6.9683,1.2106
6.9689,1.2156
6.9694,1.2156
6.9700,1.2156
6.9705,1.2156
6.9711,1.2206
6.9716,1.2156
6.9722,1.2156
6.9727,1.2206
6.9733,1.2106
6.9738,1.2106
6.9744,1.2156
6.9749,1.2206
6.9755,1.2156
6.9760,1.2156
6.9766,1.2206
6.9771,1.2156
6.9777,1.2206
6.9782,1.2156
6.9788,1.2156
6.9793,1.2156
6.9799,1.2206
6.9804,1.2156
6.9810,1.2106
6.9815,1.2156
6.9821,1.2156
6.9826,1.2156
6.9832,1.2156
6.9837,1.2206
6.9843,1.2206
6.9848,1.2156
6.9854,1.2206
6.9859,1.2156
6.9865,1.2106
6.9870,1.2206
6.9876,1.2156
6.9881,1.2206
6.9887,1.2156
6.9892,1.2206
6.9899,1.2156
6.9904,1.2156
6.9910,1.2156
6.9915,1.2156
6.9921,1.2156
6.9926,1.2156
6.9931,1.2156
6.9937,1.2156
6.9942,1.2156
6.9948,1.2156
6.9953,1.2206
6.9959,1.2156
6.9964,1.2156
6.9970,1.2156
6.9975,1.2156
6.9981,1.2156
6.9986,1.2156
6.9992,1.2156
6.9997,1.2156
7.0003,1.2156
7.0008,1.2206
7.0013,1.2156
7.0021,1.2106
7.0027,1.2156
7.0032,1.2156
7.0038,1.2106
7.0043,1.2156
7.0049,1.2106
7.0054,1.2106
7.0060,1.2156
7.0065,1.2156
7.0071,1.2156
7.0076,1.2206
7.0082,1.2106
7.0087,1.2156
7.0093,1.2156
7.0098,1.2156
7.0103,1.2156
7.0109,1.2106
7.0114,1.2156
7.0120,1.2156
7.0125,1.2156
7.0131,1.2156
7.0136,1.2156
7.0142,1.2156
7.0147,1.2206
7.0153,1.2156
7.0158,1.2156
7.0164,1.2206
7.0169,1.2106
7.0174,1.2156
7.0180,1.2156
7.0185,1.2156
7.0191,1.2156
7.0196,1.2156
7.0202,1.2156
7.0207,1.2106
7.0213,1.2106
7.0219,1.2156
7.0225,1.2156
7.0230,1.2156
7.0236,1.2156
7.0242,1.2206
7.0248,1.2156
7.0253,1.2106
7.0259,1.2156
7.0265,1.2106
7.0271,1.2156
7.0276,1.2156
7.0282,1.2106
7.0288,1.2156
7.0295,1.2106
7.0301,1.2106
7.0306,1.2156
7.0312,1.2156
7.0317,1.2156
7.0323,1.2156
7.0329,1.2156
7.0334,1.2156
7.0339,1.2156
7.0345,1.2156
7.0350,1.2156
7.0356,1.2106
7.0361,1.2156
7.0367,1.2106
7.0372,1.2156
7.0378,1.2156
7.0385,1.2106
7.0391,1.2156
7.0397,1.2106
7.0402,1.2106
7.0408,1.2156
7.0413,1.2156
7.0419,1.2156
7.0424,1.2156
7.0430,1.2106
7.0435,1.2156
7.0441,1.2156
7.0446,1.2106
7.0452,1.2156
7.0457,1.2106
7.0463,1.2156
7.0468,1.2156
7.0474,1.2106
7.0479,1.2156
7.0485,1.2156
7.0490,1.2156
7.0495,1.2156
7.0501,1.2156
7.0506,1.2156
7.0512,1.2156
7.0517,1.2156
7.0523,1.2156
7.0528,1.2106
7.0534,1.2206
7.0539,1.2156
7.0545,1.2106
7.0550,1.2106
7.0556,1.2156
7.0561,1.2156
7.0567,1.2156
7.0572,1.2156
7.0578,1.2156
7.0583,1.2156
7.0589,1.2106
7.0594,1.2106
7.0600,1.2106
7.0605,1.2156
7.0611,1.2156
7.0616,1.2156
7.0622,1.2106
7.0627,1.2156
7.0633,1.2156
7.0638,1.2156
7.0644,1.2206
7.0649,1.2106
7.0655,1.2156
7.0660,1.2156
7.0665,1.2156
7.0671,1.2156
7.0676,1.2106
7.0682,1.2156
7.0687,1.2106
7.0693,1.2156
7.0698,1.2156
7.0704,1.2156
7.0709,1.2156
7.0715,1.2106
7.0720,1.2156
7.0726,1.2106
7.0731,1.2156
7.0737,1.2206
7.0742,1.2156
7.0747,1.2156
7.0753,1.2206
7.0758,1.2156
7.0764,1.2106
7.0769,1.2156
7.0775,1.2106
7.0780,1.2106
7.0786,1.2156
7.0791,1.2156
7.0797,1.2156
7.0802,1.2156
7.0808,1.2156
7.0813,1.2106
7.0819,1.2106
7.0824,1.2156
7.0829,1.2156
7.0835,1.2156
7.0840,1.2156
7.0846,1.2106
7.0851,1.2156
7.0857,1.2106
7.0862,1.2156
7.0868,1.2106
7.0873,1.2156
7.0879,1.2156
7.0884,1.2156
7.0890,1.2156
7.0895,1.2206
7.0900,1.2106
7.0906,1.2156
7.0911,1.2106
7.0917,1.2156
7.0922,1.2156
7.0928,1.2156
7.0933,1.2156
7.0939,1.2106
7.0944,1.2106
7.0950,1.2156
7.0955,1.2156
7.0961,1.2156
7.0966,1.2156
7.0972,1.2106
7.0977,1.2156
7.0983,1.2106
7.0988,1.2106
7.0994,1.2156
7.0999,1.2106
7.1005,1.2156
7.1010,1.2106
7.1016,1.2106
7.1021,1.2156
7.1027,1.2106
7.1033,1.2156
7.1039,1.2156
7.1045,1.2156
7.1051,1.2106
7.1057,1.2156
7.1063,1.2156
7.1069,1.2106
7.1075,1.2156
7.1081,1.2156
7.1087,1.2106
7.1093,1.2156
7.1098,1.2156
7.1104,1.2156
7.1109,1.2156
7.1115,1.2156
7.1121,1.2156
7.1127,1.2156
7.1132,1.2156
7.1138,1.2156
7.1143,1.2156
7.1149,1.2156
7.1154,1.2106
7.1160,1.2156
7.1165,1.2156
7.1171,1.2106
7.1176,1.2106
7.1182,1.2156
7.1187,1.2156
7.1193,1.2156
7.1198,1.2106
7.1204,1.2156
7.1210,1.2156
7.1215,1.2156
7.1221,1.2156
7.1227,1.2156
7.1233,1.2106
7.1238,1.2156
7.1244,1.2106
7.1250,1.2156
7.1256,1.2156
7.1261,1.2156
7.1267,1.2156
7.1273,1.2106
7.1279,1.2156
7.1284,1.2106
7.1291,1.2106
7.1297,1.2156
7.1303,1.2156
7.1308,1.2156
7.1314,1.2106
7.1319,1.2156
7.1325,1.2156
7.1331,1.2156
7.1336,1.2106
7.1342,1.2156
7.1347,1.2156
7.1352,1.2156
7.1358,1.2106
7.1363,1.2156
7.1369,1.2106
7.1374,1.2106
7.1380,1.2106
7.1386,1.2156
7.1391,1.2156
7.1397,1.2156
7.1402,1.2156
7.1408,1.2156
7.1413,1.2156
7.1419,1.2156
7.1424,1.2106
7.1430,1.2156
7.1437,1.2106
7.1442,1.2106
7.1448,1.2106
7.1453,1.2106
7.1459,1.2156
7.1464,1.2156
7.1469,1.2156
7.1475,1.2156
7.1480,1.2106
7.1486,1.2156
7.1491,1.2106
7.1496,1.2106
7.1502,1.2106
7.1507,1.2156
7.1513,1.2106
7.1518,1.2106
7.1523,1.2106
7.1529,1.2106
7.1534,1.2156
7.1539,1.2156
7.1545,1.2156
7.1550,1.2106
7.1556,1.2106
7.1561,1.2106
7.1567,1.2106
7.1572,1.2156
7.1577,1.2106
7.1583,1.2106
7.1588,1.2156
7.1594,1.2156
7.1599,1.2106
7.1604,1.2106
7.1610,1.2156
7.1615,1.2106
7.1620,1.2106
7.1626,1.2106
7.1631,1.2106
7.1637,1.2106
7.1642,1.2106
7.1647,1.2156
7.1653,1.2106
7.1658,1.2106
7.1664,1.2106
7.1669,1.2156
7.1674,1.2106
7.1680,1.2156
7.1685,1.2106
7.1691,1.2156
7.1696,1.2055
7.1702,1.2156
7.1707,1.2156
7.1712,1.2156
7.1718,1.2106
7.1723,1.2106
7.1729,1.2106
7.1734,1.2156
7.1739,1.2156
7.1745,1.2156
7.1750,1.2156
7.1755,1.2156
7.1761,1.2106
7.1766,1.2156
7.1772,1.2156
7.1777,1.2106
7.1782,1.2106
7.1788,1.2106
7.1793,1.2106
7.1799,1.2106
7.1804,1.2106
7.1809,1.2106
7.1815,1.2106
7.1820,1.2106
7.1826,1.2156
7.1831,1.2106
7.1836,1.2156
7.1842,1.2156
7.1847,1.2106
7.1852,1.2106
7.1858,1.2106
7.1863,1.2156
7.1869,1.2106
7.1874,1.2106
7.1879,1.2156
7.1885,1.2156
7.1890,1.2156
7.1896,1.2156
7.1901,1.2156
7.1907,1.2156
7.1912,1.2106
7.1917,1.2156
7.1923,1.2106
7.1928,1.2106
7.1933,1.2156
7.1939,1.2156
7.1944,1.2106
7.1950,1.2156
7.1955,1.2106
7.1960,1.2106
7.1966,1.2106
7.1971,1.2106
7.1976,1.2156
7.1982,1.2156
7.1987,1.2106
7.1993,1.2106
7.1998,1.2156
7.2003,1.2156
7.2009,1.2106
7.2014,1.2156
7.2019,1.2106
7.2025,1.2156
7.2030,1.2106
7.2036,1.2106
7.2041,1.2106
7.2046,1.2106
7.2052,1.2106
7.2057,1.2106
7.2062,1.2106
7.2068,1.2106
7.2073,1.2156
7.2078,1.2156
7.2087,1.2156
7.2092,1.2106
7.2098,1.2156
7.2103,1.2106
7.2108,1.2106
7.2114,1.2106
7.2119,1.2206
7.2124,1.2156
7.2130,1.2156
7.2135,1.2156
7.2141,1.2106
7.2146,1.2156
7.2151,1.2156
7.2157,1.2106
7.2162,1.2156
7.2167,1.2156
7.2173,1.2156
7.2178,1.2106
7.2184,1.2106
7.2189,1.2055
7.2194,1.2156
7.2200,1.2156
7.2205,1.2156
7.2210,1.2156
7.2216,1.2106
7.2221,1.2106
7.2226,1.2106
7.2232,1.2156
7.2237,1.2106
7.2243,1.2156
7.2248,1.2156
7.2253,1.2156
7.2259,1.2106
7.2264,1.2106
7.2269,1.2106
7.2275,1.2156
7.2280,1.2156
7.2285,1.2106
7.2291,1.2106
7.2296,1.2156
7.2302,1.2106
7.2307,1.2156
7.2312,1.2156
7.2318,1.2156
7.2323,1.2156
7.2328,1.2106
7.2334,1.2106
7.2339,1.2106
7.2344,1.2156
7.2350,1.2156
7.2355,1.2156
7.2360,1.2106
7.2366,1.2156
7.2371,1.2106
7.2377,1.2156
7.2382,1.2156
7.2388,1.2156
7.2393,1.2156
7.2398,1.2156
7.2404,1.2156
7.2409,1.2156
7.2414,1.2156
7.2420,1.2106
7.2425,1.2106
7.2430,1.2156
7.2437,1.2156
7.2442,1.2156
7.2447,1.2156
7.2453,1.2156
7.2458,1.2156
7.2464,1.2156
7.2469,1.2156
7.2475,1.2156
7.2480,1.2156
7.2486,1.2156
7.2491,1.2206
7.2497,1.2156
7.2502,1.2156
7.2508,1.2206
7.2513,1.2156
7.2519,1.2156
7.2524,1.2156
7.2529,1.2156
7.2535,1.2156
7.2540,1.2206
7.2546,1.2206
7.2551,1.2206
7.2557,1.2156
7.2562,1.2206
7.2568,1.2156
7.2573,1.2156
7.2579,1.2156
7.2584,1.2206
7.2590,1.2156
7.2595,1.2156
7.2601,1.2156
7.2606,1.2156
7.2611,1.2206
7.2617,1.2156
7.2622,1.2156
7.2628,1.2206
7.2633,1.2206
7.2639,1.2206
7.2644,1.2206
7.2650,1.2156
7.2655,1.2206
7.2661,1.2206
7.2666,1.2206
7.2672,1.2156
7.2677,1.2206
7.2682,1.2206
7.2688,1.2206
7.2693,1.2206
7.2699,1.2206
7.2704,1.2156
7.2710,1.2206
7.2715,1.2206
7.2721,1.2156
7.2726,1.2206
7.2732,1.2206
7.2737,1.2156
7.2743,1.2206
7.2748,1.2206
7.2754,1.2206
7.2759,1.2206
7.2765,1.2206
7.2770,1.2156
7.2776,1.2206
7.2781,1.2206
7.2787,1.2257
7.2792,1.2206
7.2798,1.2257
7.2803,1.2206
7.2809,1.2257
7.2814,1.2206
7.2820,1.2206
7.2825,1.2257
7.2831,1.2206
7.2836,1.2206
7.2842,1.2257
7.2847,1.2257
7.2853,1.2257
7.2858,1.2206
7.2864,1.2257
7.2869,1.2156
7.2875,1.2206
7.2880,1.2257
7.2886,1.2257
7.2891,1.2257
7.2897,1.2257
7.2902,1.2257
7.2908,1.2206
7.2913,1.2257
7.2919,1.2206
7.2924,1.2257
7.2930,1.2206
7.2935,1.2206
7.2941,1.2257
7.2946,1.2257
7.2952,1.2307
7.2957,1.2257
7.2963,1.2307
7.2968,1.2257
7.2974,1.2257
7.2979,1.2206
7.2985,1.2307
7.2990,1.2257
7.2996,1.2257
7.3001,1.2307
7.3007,1.2307
7.3012,1.2257
7.3018,1.2257
7.3023,1.2257
7.3029,1.2257
7.3034,1.2257
7.3040,1.2257
7.3045,1.2257
7.3051,1.2257
7.3056,1.2257
7.3062,1.2307
7.3068,1.2257
7.3073,1.2257
7.3079,1.2257
7.3084,1.2257
7.3090,1.2257
7.3095,1.2307
7.3101,1.2206
7.3106,1.2307
7.3111,1.2257
7.3117,1.2307
7.3122,1.2257
7.3128,1.2257
7.3133,1.2307
7.3139,1.2206
7.3144,1.2257
7.3150,1.2307
7.3155,1.2307
7.3161,1.2307
7.3166,1.2257
7.3172,1.2257
7.3177,1.2307
7.3183,1.2257
7.3188,1.2307
7.3194,1.2257
7.3199,1.2307
7.3205,1.2307
7.3210,1.2257
7.3216,1.2307
7.3221,1.2307
7.3227,1.2307
7.3232,1.2307
7.3238,1.2307
7.3243,1.2307
7.3249,1.2307
7.3254,1.2307
7.3260,1.2206
7.3265,1.2307
7.3271,1.2307
7.3276,1.2307
7.3282,1.2307
7.3287,1.2307
7.3293,1.2358
7.3298,1.2257
7.3304,1.2307
7.3309,1.2257
7.3315,1.2307
7.3320,1.2307
7.3326,1.2358
7.3331,1.2358
7.3337,1.2307
7.3342,1.2358
7.3348,1.2358
7.3353,1.2307
7.3359,1.2307
7.3364,1.2358
7.3370,1.2257
7.3375,1.2307
7.3381,1.2307
7.3386,1.2307
7.3392,1.2358
7.3397,1.2307
7.3403,1.2358
7.3408,1.2307
7.3414,1.2307
7.3419,1.2307
7.3425,1.2307
7.3430,1.2307
7.3436,1.2358
7.3442,1.2307
7.3447,1.2257
7.3453,1.2257
7.3458,1.2307
7.3464,1.2358
7.3469,1.2307
7.3475,1.2358
7.3480,1.2307
7.3486,1.2307
7.3491,1.2358
7.3497,1.2307
7.3502,1.2307
7.3508,1.2307
7.3513,1.2257
7.3519,1.2358
7.3524,1.2307
7.3530,1.2358
7.3535,1.2307
7.3541,1.2307
7.3546,1.2307
7.3552,1.2307
7.3557,1.2307
7.3563,1.2307
7.3568,1.2358
7.3574,1.2307
7.3579,1.2307
7.3585,1.2307
7.3590,1.2358
7.3596,1.2307
7.3601,1.2307
7.3607,1.2307
7.3612,1.2358
7.3618,1.2358
7.3623,1.2307
7.3629,1.2358
7.3634,1.2307
7.3640,1.2307
7.3645,1.2307
7.3651,1.2257
7.3656,1.2307
7.3662,1.2257
7.3667,1.2307
7.3673,1.2307
7.3678,1.2307
7.3684,1.2358
7.3689,1.2307
7.3695,1.2358
7.3700,1.2307
7.3706,1.2358
7.3711,1.2307
7.3717,1.2307
7.3722,1.2307
7.3728,1.2307
7.3733,1.2358
7.3739,1.2358
7.3744,1.2307
7.3750,1.2358
7.3755,1.2358
7.3761,1.2307
7.3767,1.2358
7.3772,1.2307
7.3778,1.2307
7.3783,1.2358
7.3789,1.2358
7.3794,1.2358
7.3800,1.2307
7.3805,1.2307
7.3811,1.2307
7.3816,1.2257
7.3822,1.2307
7.3827,1.2307
7.3833,1.2358
7.3838,1.2358
7.3844,1.2307
7.3849,1.2358
7.3855,1.2358
7.3860,1.2307
7.3866,1.2358
7.3871,1.2307
7.3877,1.2358
7.3882,1.2307
7.3888,1.2358
7.3893,1.2307
7.3899,1.2307
7.3904,1.2307
7.3910,1.2358
7.3915,1.2358
7.3921,1.2307
7.3926,1.2358
7.3932,1.2307
7.3937,1.2358
7.3943,1.2358
7.3948,1.2307
7.3954,1.2358
7.3959,1.2307
7.3965,1.2358
7.3970,1.2358
7.3976,1.2307
7.3981,1.2307
7.3987,1.2358
7.3992,1.2358
7.3998,1.2358
7.4003,1.2307
7.4008,1.2358
7.4016,1.2307
7.4022,1.2307
7.4027,1.2358
7.4033,1.2307
7.4038,1.2307
7.4044,1.2358
7.4049,1.2358
7.4055,1.2307
7.4060,1.2307
7.4066,1.2307
7.4071,1.2307
7.4076,1.2307
7.4082,1.2307
7.4087,1.2358
7.4093,1.2307
7.4098,1.2257
7.4104,1.2307
7.4109,1.2307
7.4115,1.2358
7.4120,1.2307
7.4126,1.2307
7.4131,1.2307
7.4137,1.2358
7.4142,1.2257
7.4147,1.2307
7.4153,1.2307
7.4158,1.2358
7.4164,1.2358
7.4169,1.2307
7.4175,1.2358
7.4180,1.2307
7.4186,1.2307
7.4191,1.2358
7.4197,1.2307
7.4202,1.2358
7.4208,1.2358
7.4213,1.2307
7.4219,1.2307
7.4224,1.2358
7.4229,1.2358
7.4235,1.2358
7.4240,1.2307
7.4246,1.2358
7.4251,1.2307
7.4257,1.2307
7.4262,1.2307
7.4268,1.2358
7.4273,1.2307
7.4279,1.2358
7.4284,1.2358
7.4290,1.2307
7.4295,1.2307
7.4300,1.2307
7.4306,1.2307
7.4311,1.2307
7.4317,1.2358
7.4322,1.2307
7.4328,1.2307
7.4333,1.2358
7.4339,1.2307
7.4344,1.2307
7.4350,1.2307
7.4355,1.2358
7.4361,1.2358
7.4366,1.2358
7.4371,1.2307
7.4377,1.2358
7.4382,1.2307
7.4388,1.2307
7.4393,1.2307
7.4399,1.2307
7.4404,1.2307
7.4410,1.2307
7.4415,1.2307
7.4421,1.2307
7.4426,1.2307
7.4432,1.2307
7.4437,1.2307
7.4442,1.2307
7.4448,1.2307
7.4454,1.2307
7.4459,1.2307
7.4465,1.2307
7.4470,1.2307
7.4476,1.2307
7.4481,1.2358
7.4487,1.2358
7.4492,1.2307
7.4498,1.2307
7.4503,1.2307
7.4509,1.2307
7.4514,1.2307
7.4520,1.2307
7.4525,1.2307
7.4531,1.2358
7.4536,1.2307
7.4542,1.2307
7.4547,1.2307
7.4553,1.2307
7.4558,1.2257
7.4564,1.2307
7.4569,1.2358
7.4575,1.2358
7.4580,1.2358
7.4586,1.2358
7.4591,1.2358
7.4597,1.2307
7.4602,1.2307
7.4608,1.2358
7.4613,1.2307
7.4619,1.2358
7.4624,1.2257
7.4630,1.2358
7.4635,1.2307
7.4641,1.2307
7.4646,1.2307
7.4652,1.2257
7.4657,1.2307
7.4663,1.2307
7.4668,1.2307
7.4674,1.2358
7.4679,1.2358
7.4685,1.2307
7.4690,1.2358
7.4696,1.2307
7.4701,1.2307
7.4707,1.2358
7.4712,1.2307
7.4718,1.2257
7.4723,1.2307
7.4729,1.2307
7.4734,1.2307
7.4740,1.2307
7.4745,1.2307
7.4751,1.2307
7.4756,1.2307
7.4762,1.2307
7.4767,1.2307
7.4773,1.2358
7.4778,1.2358
7.4784,1.2358
7.4789,1.2257
7.4795,1.2307
7.4800,1.2307
7.4806,1.2307
7.4811,1.2307
7.4817,1.2307
7.4822,1.2307
7.4828,1.2307
7.4833,1.2307
7.4839,1.2307
7.4844,1.2358
7.4850,1.2307
7.4855,1.2307
7.4861,1.2358
7.4866,1.2307
7.4872,1.2257
7.4877,1.2307
7.4883,1.2307
7.4889,1.2307
7.4894,1.2307
7.4900,1.2307
7.4905,1.2307
7.4911,1.2307
7.4916,1.2307
7.4922,1.2307
7.4927,1.2307
7.4933,1.2307
7.4938,1.2307
7.4944,1.2257
7.4949,1.2307
7.4955,1.2307
7.4960,1.2307
7.4966,1.2307
7.4971,1.2307
7.4977,1.2307
7.4982,1.2307
7.4988,1.2307
7.4993,1.2257
7.4999,1.2257
7.5004,1.2307
7.5010,1.2307
7.5015,1.2307
7.5021,1.2257
7.5026,1.2257
7.5032,1.2307
7.5037,1.2307
7.5043,1.2257
7.5048,1.2257
7.5054,1.2307
7.5059,1.2206
7.5065,1.2307
7.5070,1.2257
7.5076,1.2358
7.5081,1.2257
7.5087,1.2307
7.5092,1.2307
7.5098,1.2307
7.5103,1.2257
7.5109,1.2307
7.5114,1.2307
7.5120,1.2307
7.5125,1.2307
7.5131,1.2307
7.5136,1.2257
7.5142,1.2307
7.5147,1.2307
7.5153,1.2307
7.5159,1.2307
7.5165,1.2257
7.5170,1.2257
7.5176,1.2307
7.5181,1.2257
7.5187,1.2257
7.5192,1.2307
7.5198,1.2307
7.5203,1.2257
7.5209,1.2257
7.5214,1.2257
7.5220,1.2257
7.5225,1.2257
7.5231,1.2307
7.5236,1.2257
7.5242,1.2307
7.5247,1.2307
7.5253,1.2307
7.5258,1.2257
7.5264,1.2307
7.5269,1.2257
7.5275,1.2257
7.5280,1.2307
7.5286,1.2257
7.5291,1.2257
7.5297,1.2257
7.5302,1.2257
7.5308,1.2307
7.5313,1.2257
7.5319,1.2257
7.5324,1.2257
7.5330,1.2307
7.5335,1.2257
7.5341,1.2257
7.5346,1.2257
7.5352,1.2257
7.5357,1.2257
7.5363,1.2307
7.5368,1.2257
7.5374,1.2257
7.5379,1.2257
7.5385,1.2257
7.5390,1.2257
7.5396,1.2257
7.5401,1.2257
7.5407,1.2257
7.5412,1.2307
7.5418,1.2257
7.5423,1.2257
7.5429,1.2307
7.5434,1.2307
7.5440,1.2257
7.5445,1.2307
7.5451,1.2257
7.5457,1.2257
7.5462,1.2257
7.5468,1.2257
7.5473,1.2257
7.5479,1.2307
7.5484,1.2206
7.5490,1.2257
7.5495,1.2307
7.5501,1.2257
7.5506,1.2257
7.5512,1.2206
7.5517,1.2257
7.5523,1.2257
7.5528,1.2257
7.5534,1.2307
7.5539,1.2206
7.5545,1.2257
7.5550,1.2257
7.5556,1.2257
7.5561,1.2257
7.5567,1.2206
7.5572,1.2257
7.5578,1.2307
7.5583,1.2257
7.5589,1.2257
7.5594,1.2257
7.5600,1.2257
7.5605,1.2307
7.5611,1.2206
7.5616,1.2257
7.5622,1.2257
7.5627,1.2257
7.5633,1.2257
7.5638,1.2257
7.5644,1.2307
7.5649,1.2257
7.5655,1.2257
7.5660,1.2257
7.5666,1.2257
7.5671,1.2307
7.5677,1.2307
7.5682,1.2257
7.5688,1.2307
7.5693,1.2257
7.5699,1.2206
7.5704,1.2257
7.5710,1.2257
7.5715,1.2257
7.5721,1.2257
7.5726,1.2257
7.5732,1.2257
7.5737,1.2307
7.5743,1.2257
7.5748,1.2257
7.5754,1.2206
7.5759,1.2307
7.5765,1.2206
7.5770,1.2257
7.5776,1.2307
7.5781,1.2257
7.5787,1.2257
7.5792,1.2257
7.5798,1.2257
7.5803,1.2257
7.5809,1.2307
7.5814,1.2257
7.5820,1.2257
7.5825,1.2257
7.5831,1.2307
7.5836,1.2257
7.5842,1.2307
7.5847,1.2307
7.5853,1.2257
7.5859,1.2206
7.5864,1.2257
7.5870,1.2257
7.5875,1.2307
7.5881,1.2257
7.5886,1.2307
7.5892,1.2257
7.5897,1.2257
7.5903,1.2307
7.5911,1.2257
7.5917,1.2206
7.5923,1.2257
7.5928,1.2257
7.5934,1.2257
7.5939,1.2257
7.5945,1.2257
7.5950,1.2257
7.5956,1.2206
7.5961,1.2257
7.5967,1.2257
7.5972,1.2307
7.5978,1.2257
7.5984,1.2257
7.5989,1.2257
7.5994,1.2257
7.6000,1.2307
7.6005,1.2257
7.6011,1.2257
7.6016,1.2257
7.6023,1.2257
7.6028,1.2257
7.6034,1.2257
7.6040,1.2257
7.6046,1.2257
7.6052,1.2307
7.6058,1.2257
7.6064,1.2307
7.6070,1.2257
7.6076,1.2257
7.6082,1.2307
7.6088,1.2257
7.6093,1.2257
7.6099,1.2257
7.6105,1.2257
7.6110,1.2257
7.6116,1.2257
7.6122,1.2257
7.6128,1.2257
7.6133,1.2257
7.6139,1.2257
7.6145,1.2257
7.6150,1.2257
7.6156,1.2257
7.6161,1.2257
7.6167,1.2257
7.6172,1.2257
7.6178,1.2257
7.6183,1.2257
7.6189,1.2257
7.6194,1.2257
7.6200,1.2206
7.6206,1.2257
7.6211,1.2206
7.6217,1.2257
7.6223,1.2206
7.6229,1.2257
7.6234,1.2257
7.6240,1.2257
7.6246,1.2257
7.6252,1.2257
7.6258,1.2206
7.6264,1.2257
7.6270,1.2257
7.6276,1.2206
7.6282,1.2257
7.6288,1.2257
7.6295,1.2257
7.6301,1.2206
7.6307,1.2257
7.6313,1.2257
7.6319,1.2257
7.6325,1.2257
7.6331,1.2257
7.6340,1.2257
7.6346,1.2257
7.6352,1.2257
7.6362,1.2257
7.6368,1.2257
7.6373,1.2257
7.6379,1.2257
7.6384,1.2257
7.6390,1.2206
7.6396,1.2206
7.6402,1.2206
7.6407,1.2257
7.6413,1.2257
7.6419,1.2257
7.6424,1.2257
7.6430,1.2257
7.6436,1.2257
7.6442,1.2257
7.6448,1.2257
7.6454,1.2257
7.6461,1.2257
7.6466,1.2257
7.6472,1.2257
7.6477,1.2206
7.6483,1.2206
7.6488,1.2257
7.6493,1.2257
7.6499,1.2257
7.6504,1.2257
7.6510,1.2206
7.6515,1.2257
7.6520,1.2257
7.6526,1.2257
7.6531,1.2206
7.6537,1.2257
7.6542,1.2257
7.6547,1.2206
7.6553,1.2257
7.6558,1.2257
7.6564,1.2206
7.6570,1.2257
7.6575,1.2257
7.6580,1.2257
7.6586,1.2257
7.6591,1.2257
7.6597,1.2257
7.6602,1.2206
7.6608,1.2257
7.6613,1.2206
7.6618,1.2206
7.6624,1.2257
7.6629,1.2257
7.6635,1.2257
7.6640,1.2257
7.6645,1.2257
7.6651,1.2257
7.6656,1.2206
7.6662,1.2257
7.6667,1.2206
7.6672,1.2257
7.6678,1.2257
7.6683,1.2257
7.6689,1.2257
7.6694,1.2257
7.6700,1.2257
7.6705,1.2257
7.6710,1.2206
7.6716,1.2257
7.6721,1.2257
7.6727,1.2206
7.6732,1.2206
7.6737,1.2257
7.6743,1.2257
7.6748,1.2257
7.6754,1.2257
7.6759,1.2257
7.6764,1.2206
7.6770,1.2257
7.6775,1.2206
7.6780,1.2257
7.6786,1.2257
7.6791,1.2206
7.6797,1.2206
7.6802,1.2206
7.6807,1.2257
7.6813,1.2206
7.6818,1.2257
7.6824,1.2257
7.6829,1.2206
7.6834,1.2257
7.6840,1.2257
7.6845,1.2257
7.6850,1.2257
7.6856,1.2206
7.6861,1.2257
7.6867,1.2257
7.6872,1.2206
7.6877,1.2257
7.6883,1.2206
7.6888,1.2257
7.6894,1.2206
7.6899,1.2257
7.6904,1.2257
7.6910,1.2206
7.6915,1.2206
7.6921,1.2257
7.6926,1.2206
7.6931,1.2206
7.6937,1.2257
7.6942,1.2257
7.6948,1.2257
7.6953,1.2257
7.6959,1.2206
7.6964,1.2257
7.6969,1.2257
7.6975,1.2257
7.6980,1.2206
7.6986,1.2257
7.6991,1.2206
7.6996,1.2206
7.7002,1.2206
7.7007,1.2206
7.7013,1.2257
7.7018,1.2206
7.7023,1.2257
7.7029,1.2257
7.7034,1.2206
7.7039,1.2206
7.7045,1.2156
7.7050,1.2206
7.7056,1.2257
7.7061,1.2206
7.7066,1.2206
7.7072,1.2257
7.7077,1.2257
7.7083,1.2206
7.7088,1.2257
7.7093,1.2206
7.7099,1.2156
7.7104,1.2206
7.7109,1.2257
7.7115,1.2206
7.7120,1.2206
7.7126,1.2156
7.7131,1.2206
7.7136,1.2206
7.7142,1.2257
7.7147,1.2206
7.7153,1.2206
7.7158,1.2257
7.7163,1.2206
7.7169,1.2206
7.7174,1.2257
7.7179,1.2206
7.7185,1.2257
7.7190,1.2206
7.7196,1.2206
7.7201,1.2156
7.7206,1.2206
7.7212,1.2257
7.7217,1.2206
7.7223,1.2156
7.7228,1.2206
7.7233,1.2206
7.7239,1.2206
7.7244,1.2206
7.7249,1.2156
7.7255,1.2206
7.7260,1.2206
7.7266,1.2206
7.7271,1.2156
7.7277,1.2156
7.7282,1.2206
7.7287,1.2206
7.7293,1.2206
7.7298,1.2206
7.7304,1.2206
7.7309,1.2206
7.7314,1.2156
7.7320,1.2206
7.7325,1.2206
7.7331,1.2206
7.7336,1.2206
7.7341,1.2206
7.7347,1.2257
7.7352,1.2206
7.7357,1.2206
7.7363,1.2206
7.7368,1.2156
7.7374,1.2206
7.7379,1.2206
7.7384,1.2206
7.7390,1.2206
7.7395,1.2206
7.7401,1.2206
7.7406,1.2156
7.7411,1.2206
7.7417,1.2156
7.7422,1.2156
7.7428,1.2206
7.7433,1.2156
7.7438,1.2156
7.7444,1.2206
7.7449,1.2206
7.7454,1.2156
7.7460,1.2206
7.7466,1.2206
7.7472,1.2156
7.7477,1.2206
7.7483,1.2206
7.7488,1.2206
7.7494,1.2206
7.7499,1.2206
7.7505,1.2206
7.7510,1.2206
7.7516,1.2206
7.7521,1.2206
7.7527,1.2206
7.7532,1.2206
7.7538,1.2206
7.7543,1.2206
7.7549,1.2206
7.7554,1.2206
7.7560,1.2206
7.7565,1.2206
7.7571,1.2156
7.7576,1.2206
7.7582,1.2206
7.7587,1.2156
7.7593,1.2206
7.7598,1.2156
7.7604,1.2206
7.7609,1.2206
7.7615,1.2156
7.7620,1.2206
7.7626,1.2206
7.7631,1.2156
7.7637,1.2206
7.7642,1.2206
7.7648,1.2206
7.7653,1.2156
7.7659,1.2206
7.7664,1.2206
7.7670,1.2206
7.7675,1.2206
7.7681,1.2156
7.7686,1.2156
7.7692,1.2156
7.7697,1.2206
7.7703,1.2156
7.7708,1.2156
7.7714,1.2206
7.7719,1.2156
7.7725,1.2206
7.7730,1.2156
7.7736,1.2206
7.7741,1.2106
7.7747,1.2206
7.7752,1.2206
7.7758,1.2156
7.7763,1.2206
7.7769,1.2156
7.7774,1.2156
7.7780,1.2156
7.7785,1.2156
7.7791,1.2206
7.7796,1.2106
7.7802,1.2156
7.7807,1.2206
7.7813,1.2156
7.7818,1.2156
7.7824,1.2206
7.7829,1.2156
7.7835,1.2156
7.7840,1.2206
7.7846,1.2156
7.7851,1.2156
7.7857,1.2156
7.7862,1.2156
7.7868,1.2156
7.7873,1.2206
7.7879,1.2156
7.7884,1.2206
7.7890,1.2206
7.7895,1.2206
7.7901,1.2206
7.7906,1.2206
7.7912,1.2156
7.7917,1.2156
7.7923,1.2156
7.7928,1.2156
7.7934,1.2206
7.7939,1.2206
7.7945,1.2156
7.7950,1.2156
7.7956,1.2156
7.7961,1.2156
7.7967,1.2206
7.7973,1.2156
7.7978,1.2206
7.7984,1.2156
7.7989,1.2206
7.7995,1.2156
7.8000,1.2156
7.8006,1.2156
7.8011,1.2156
7.8017,1.2156
7.8022,1.2206
7.8028,1.2156
7.8033,1.2156
7.8039,1.2156
7.8044,1.2206
7.8050,1.2206
7.8055,1.2156
7.8061,1.2156
7.8066,1.2206
7.8072,1.2156
7.8077,1.2156
7.8083,1.2156
7.8088,1.2156
7.8094,1.2156
7.8099,1.2156
7.8105,1.2156
7.8110,1.2156
7.8116,1.2156
7.8121,1.2156
7.8127,1.2156
7.8132,1.2106
7.8138,1.2206
7.8143,1.2156
7.8149,1.2156
7.8154,1.2156
7.8160,1.2156
7.8165,1.2156
7.8171,1.2156
7.8176,1.2206
7.8182,1.2106
7.8187,1.2206
7.8193,1.2106
7.8198,1.2156
7.8204,1.2206
7.8209,1.2106
7.8215,1.2106
7.8220,1.2156
7.8226,1.2156
7.8231,1.2156
7.8236,1.2156
7.8242,1.2156
7.8247,1.2156
7.8253,1.2156
7.8258,1.2156
7.8264,1.2156
7.8269,1.2206
7.8275,1.2206
7.8281,1.2106
7.8286,1.2156
7.8292,1.2156
7.8297,1.2156
7.8303,1.2106
7.8308,1.2156
7.8314,1.2156
7.8319,1.2156
7.8325,1.2106
7.8330,1.2156
7.8336,1.2156
7.8341,1.2156
7.8347,1.2156
7.8352,1.2156
7.8358,1.2156
7.8363,1.2156
7.8369,1.2156
7.8374,1.2156
7.8380,1.2206
7.8385,1.2156
7.8391,1.2156
7.8396,1.2156
7.8402,1.2106
7.8407,1.2156
7.8413,1.2106
7.8418,1.2156
7.8424,1.2156
7.8429,1.2156
7.8435,1.2156
7.8440,1.2156
7.8446,1.2106
7.8451,1.2156
7.8457,1.2156
7.8462,1.2156
7.8468,1.2156
7.8474,1.2156
7.8479,1.2156
7.8485,1.2156
7.8490,1.2156
7.8496,1.2156
7.8501,1.2106
7.8507,1.2156
7.8512,1.2106
7.8518,1.2156
7.8523,1.2106
7.8529,1.2156
7.8534,1.2156
7.8540,1.2156
7.8545,1.2156
7.8551,1.2156
7.8556,1.2106
7.8562,1.2156
7.8567,1.2156
7.8573,1.2156
7.8578,1.2106
7.8584,1.2206
7.8589,1.2206
7.8595,1.2156
7.8600,1.2206
7.8606,1.2106
7.8611,1.2156
7.8617,1.2156
7.8622,1.2156
7.8628,1.2106
7.8633,1.2156
7.8639,1.2156
7.8644,1.2106
7.8650,1.2106
7.8655,1.2106
7.8661,1.2156
7.8666,1.2106
7.8672,1.2156
7.8677,1.2206
7.8683,1.2106
7.8689,1.2156
7.8694,1.2156
7.8700,1.2156
7.8705,1.2156
7.8711,1.2156
7.8716,1.2106
7.8722,1.2156
7.8727,1.2106
7.8733,1.2156
7.8738,1.2106
7.8744,1.2156
7.8749,1.2156
7.8755,1.2106
7.8760,1.2156
7.8766,1.2156
7.8771,1.2106
7.8777,1.2156
7.8782,1.2156
7.8788,1.2156
7.8793,1.2106
7.8799,1.2156
7.8804,1.2156
7.8810,1.2106
7.8815,1.2106
7.8821,1.2156
7.8826,1.2156
7.8832,1.2156
7.8837,1.2156
7.8843,1.2156
7.8848,1.2106
7.8854,1.2106
7.8859,1.2156
7.8865,1.2156
7.8870,1.2156
7.8876,1.2106
7.8881,1.2156
7.8887,1.2156
7.8892,1.2156
7.8898,1.2156
7.8903,1.2106
7.8909,1.2156
7.8914,1.2156
7.8920,1.2156
7.8925,1.2106
7.8931,1.2156
7.8936,1.2156
7.8942,1.2156
7.8947,1.2156
7.8953,1.2156
7.8958,1.2156
7.8964,1.2156
7.8969,1.2156
7.8975,1.2156
7.8980,1.2156
7.8986,1.2156
7.8991,1.2106
7.8997,1.2106
7.9002,1.2156
7.9008,1.2106
7.9013,1.2156
7.9019,1.2106
7.9024,1.2156
7.9030,1.2156
7.9035,1.2156
7.9041,1.2106
7.9046,1.2156
7.9052,1.2156
7.9057,1.2106
7.9063,1.2156
7.9068,1.2106
7.9074,1.2106
7.9079,1.2156
7.9085,1.2106
7.9090,1.2106
7.9096,1.2156
7.9101,1.2106
7.9107,1.2156
7.9112,1.2156
7.9118,1.2106
7.9123,1.2156
7.9129,1.2106
7.9134,1.2106
7.9140,1.2156
7.9145,1.2156
7.9151,1.2106
7.9156,1.2106
7.9162,1.2156
7.9167,1.2106
7.9173,1.2156
7.9178,1.2106
7.9184,1.2106
7.9189,1.2156
7.9195,1.2106
7.9200,1.2106
7.9206,1.2156
7.9211,1.2106
7.9217,1.2106
7.9222,1.2106
7.9228,1.2156
7.9233,1.2156
7.9239,1.2106
7.9244,1.2106
7.9250,1.2156
7.9255,1.2156
7.9261,1.2106
7.9266,1.2156
7.9272,1.2156
7.9277,1.2156
7.9283,1.2156
7.9288,1.2156
7.9294,1.2156
7.9299,1.2106
7.9305,1.2106
7.9310,1.2106
7.9316,1.2156
7.9321,1.2106
7.9327,1.2106
7.9332,1.2156
7.9338,1.2106
7.9343,1.2106
7.9349,1.2106
7.9354,1.2156
7.9360,1.2156
7.9365,1.2106
7.9371,1.2156
7.9376,1.2106
7.9382,1.2156
7.9387,1.2156
7.9393,1.2106
7.9398,1.2106
7.9404,1.2106
7.9409,1.2156
7.9415,1.2156
7.9420,1.2156
7.9426,1.2156
7.9431,1.2156
7.9437,1.2156
7.9442,1.2156
7.9448,1.2106
7.9453,1.2106
7.9459,1.2106
7.9464,1.2156
7.9470,1.2156
7.9475,1.2156
7.9481,1.2106
7.9487,1.2156
7.9492,1.2106
7.9498,1.2156
7.9503,1.2206
7.9509,1.2055
7.9514,1.2156
7.9520,1.2156
7.9525,1.2156
7.9531,1.2156
7.9536,1.2156
7.9542,1.2106
7.9547,1.2156
7.9553,1.2156
7.9558,1.2106
7.9564,1.2156
7.9569,1.2106
7.9575,1.2156
7.9580,1.2106
7.9586,1.2106
7.9591,1.2106
7.9597,1.2156
7.9602,1.2156
7.9608,1.2055
7.9613,1.2156
7.9619,1.2106
7.9624,1.2106
7.9630,1.2106
7.9635,1.2106
7.9641,1.2106
7.9646,1.2156
7.9652,1.2106
7.9657,1.2106
7.9663,1.2156
7.9668,1.2156
7.9674,1.2156
7.9679,1.2106
7.9685,1.2156
7.9690,1.2156
7.9696,1.2156
7.9701,1.2106
7.9707,1.2156
7.9712,1.2106
7.9718,1.2106
7.9723,1.2106
7.9729,1.2106
7.9734,1.2156
7.9740,1.2106
7.9745,1.2106
7.9751,1.2106
7.9756,1.2106
7.9762,1.2156
7.9767,1.2106
7.9773,1.2106
7.9778,1.2156
7.9784,1.2156
7.9789,1.2106
7.9795,1.2106
7.9800,1.2106
7.9806,1.2106
7.9811,1.2156
7.9817,1.2106
7.9822,1.2106
7.9828,1.2156
7.9833,1.2156
7.9839,1.2106
7.9844,1.2106
7.9850,1.2156
7.9855,1.2156
7.9861,1.2106
7.9866,1.2106
7.9872,1.2106
7.9877,1.2156
7.9883,1.2156
7.9888,1.2156
7.9894,1.2156
7.9899,1.2055
7.9905,1.2156
7.9910,1.2106
7.9916,1.2106
7.9921,1.2156
7.9927,1.2156
7.9932,1.2106
7.9938,1.2055
7.9943,1.2156
7.9949,1.2106
7.9954,1.2106
7.9960,1.2106
7.9965,1.2106
7.9971,1.2106
7.9976,1.2156
7.9982,1.2106
7.9987,1.2156
7.9993,1.2156
7.9998,1.2106
8.0004,1.2106
8.0009,1.2106
8.0015,1.2106
8.0020,1.2106
8.0026,1.2156
8.0031,1.2156
8.0037,1.2106
8.0042,1.2106
8.0048,1.2106
8.0053,1.2106
8.0059,1.2106
8.0064,1.2106
8.0070,1.2106
8.0076,1.2106
8.0081,1.2106
8.0087,1.2106
8.0092,1.2106
8.0098,1.2156
8.0103,1.2156
8.0109,1.2106
8.0114,1.2106
8.0120,1.2156
8.0125,1.2156
8.0131,1.2106
8.0136,1.2156
8.0142,1.2156
8.0147,1.2106
8.0153,1.2106
8.0158,1.2106
8.0164,1.2106
8.0169,1.2106
8.0175,1.2106
8.0180,1.2106
8.0186,1.2156
8.0191,1.2156
8.0196,1.2156
8.0202,1.2106
8.0207,1.2156
8.0213,1.2106
8.0218,1.2106
8.0224,1.2106
8.0229,1.2156
8.0235,1.2106
8.0240,1.2156
8.0246,1.2106
8.0251,1.2055
8.0257,1.2156
8.0262,1.2106
8.0268,1.2106
8.0273,1.2106
8.0279,1.2156
8.0284,1.2106
8.0290,1.2106
8.0295,1.2106
8.0301,1.2106
8.0306,1.2156
8.0312,1.2106
8.0317,1.2106
8.0323,1.2156
8.0328,1.2156
8.0334,1.2106
8.0339,1.2106
8.0345,1.2106
8.0350,1.2106
8.0356,1.2106
8.0361,1.2106
8.0367,1.2106
8.0372,1.2156
8.0378,1.2106
8.0384,1.2156
8.0389,1.2106
8.0395,1.2106
8.0400,1.2106
8.0406,1.2106
8.0411,1.2106
8.0417,1.2106
8.0422,1.2106
8.0428,1.2106
8.0433,1.2106
8.0438,1.2106
8.0444,1.2106
8.0449,1.2156
8.0455,1.2106
8.0460,1.2106
8.0466,1.2106
8.0471,1.2106
8.0477,1.2106
8.0482,1.2106
8.0488,1.2106
8.0493,1.2106
8.0499,1.2106
8.0504,1.2106
8.0510,1.2055
8.0515,1.2106
8.0521,1.2106
8.0526,1.2106
8.0532,1.2106
8.0537,1.2106
8.0543,1.2156
8.0548,1.2106
8.0554,1.2106
8.0559,1.2106
8.0565,1.2106
8.0570,1.2106
8.0576,1.2106
8.0581,1.2055
8.0587,1.2106
8.0592,1.2106
8.0598,1.2106
8.0603,1.2106
8.0609,1.2156
8.0614,1.2106
8.0620,1.2106
8.0625,1.2106
8.0631,1.2106
8.0636,1.2106
8.0642,1.2106
8.0647,1.2106
8.0653,1.2106
8.0658,1.2156
8.0664,1.2106
8.0669,1.2106
8.0675,1.2106
8.0680,1.2106
8.0686,1.2106
8.0691,1.2106
8.0697,1.2106
8.0702,1.2156
8.0708,1.2106
8.0713,1.2106
8.0719,1.2106
8.0724,1.2106
8.0730,1.2106
8.0735,1.2106
8.0741,1.2106
8.0746,1.2106
8.0752,1.2106
8.0757,1.2156
8.0763,1.2055
8.0769,1.2156
8.0774,1.2106
8.0780,1.2106
8.0785,1.2106
8.0791,1.2106
8.0796,1.2106
8.0802,1.2106
8.0807,1.2055
8.0813,1.2156
8.0818,1.2106
8.0824,1.2106
8.0829,1.2055
8.0835,1.2106
8.0840,1.2156
8.0846,1.2106
8.0851,1.2106
8.0857,1.2106
8.0862,1.2106
8.0868,1.2055
8.0873,1.2106
8.0879,1.2106
8.0884,1.2106
8.0890,1.2106
8.0895,1.2055
8.0901,1.2106
8.0906,1.2106
8.0912,1.2055
8.0917,1.2106
8.0923,1.2106
8.0928,1.2106
8.0934,1.2106
8.0939,1.2055
8.0945,1.2106
8.0950,1.2106
8.0956,1.2106
8.0961,1.2055
8.0967,1.2106
8.0972,1.2106
8.0978,1.2106
8.0983,1.2106
8.0989,1.2156
8.0994,1.2106
8.1000,1.2156
8.1005,1.2106
8.1011,1.2156
8.1016,1.2055
8.1023,1.2106
8.1029,1.2106
8.1036,1.2106
8.1042,1.2106
8.1048,1.2106
8.1054,1.2106
8.1061,1.2005
8.1067,1.2106
8.1073,1.2106
8.1079,1.2106
8.1085,1.2106
8.1090,1.2055
8.1096,1.2106
8.1101,1.2106
8.1107,1.2106
8.1113,1.2106
8.1119,1.2106
8.1124,1.2055
8.1130,1.2106
8.1135,1.2106
8.1141,1.2055
8.1146,1.2106
8.1152,1.2106
8.1157,1.2156
8.1163,1.2106
8.1168,1.2156
8.1174,1.2156
8.1179,1.2055
8.1185,1.2106
8.1190,1.2106
8.1196,1.2106
8.1201,1.2106
8.1207,1.2156
8.1213,1.2156
8.1219,1.2055
8.1225,1.2106
8.1231,1.2106
8.1237,1.2106
8.1243,1.2106
8.1248,1.2156
8.1254,1.2106
8.1260,1.2055
8.1266,1.2106
8.1271,1.2106
8.1277,1.2106
8.1284,1.2106
8.1290,1.2106
8.1295,1.2106
8.1301,1.2106
8.1307,1.2106
8.1312,1.2106
8.1318,1.2106
8.1323,1.2106
8.1329,1.2106
8.1334,1.2106
8.1340,1.2106
8.1346,1.2106
8.1351,1.2106
8.1356,1.2106
8.1362,1.2106
8.1367,1.2106
8.1373,1.2106
8.1378,1.2106
8.1384,1.2156
8.1390,1.2106
8.1395,1.2106
8.1401,1.2106
8.1407,1.2106
8.1412,1.2156
8.1418,1.2055
8.1423,1.2106
8.1429,1.2106
8.1434,1.2106
8.1440,1.2106
8.1445,1.2106
8.1451,1.2106
8.1456,1.2106
8.1461,1.2106
8.1467,1.2106
8.1472,1.2106
8.1478,1.2156
8.1485,1.2106
8.1491,1.2106
8.1496,1.2106
8.1502,1.2106
8.1507,1.2106
8.1512,1.2106
8.1518,1.2106
8.1523,1.2106
8.1529,1.2156
8.1534,1.2106
8.1539,1.2106
8.1545,1.2106
8.1550,1.2156
8.1556,1.2106
8.1561,1.2106
8.1567,1.2106
8.1572,1.2106
8.1578,1.2106
8.1583,1.2106
8.1589,1.2106
8.1594,1.2156
8.1600,1.2106
8.1605,1.2156
8.1610,1.2106
8.1616,1.2156
8.1621,1.2156
8.1627,1.2206
8.1632,1.2106
8.1637,1.2106
8.1643,1.2156
8.1648,1.2106
8.1654,1.2106
8.1659,1.2156
8.1664,1.2156
8.1670,1.2106
8.1675,1.2106
8.1681,1.2106
8.1686,1.2156
8.1691,1.2156
8.1697,1.2156
8.1702,1.2156
8.1708,1.2206
8.1713,1.2156
8.1718,1.2206
8.1724,1.2106
8.1729,1.2106
8.1735,1.2106
8.1740,1.2156
8.1746,1.2156
8.1751,1.2156
8.1756,1.2156
8.1762,1.2156
8.1767,1.2156
8.1773,1.2106
8.1778,1.2156
8.1784,1.2156
8.1789,1.2156
8.1795,1.2206
8.1800,1.2156
8.1806,1.2206
8.1811,1.2156
8.1817,1.2156
8.1822,1.2206
8.1827,1.2206
8.1833,1.2156
8.1838,1.2206
8.1844,1.2156
8.1849,1.2206
8.1855,1.2206
8.1860,1.2206
8.1866,1.2206
8.1871,1.2206
8.1876,1.2156
8.1882,1.2156
8.1887,1.2206
8.1893,1.2206
8.1898,1.2206
8.1904,1.2156
8.1909,1.2206
8.1914,1.2257
8.1920,1.2156
8.1925,1.2206
8.1931,1.2206
8.1936,1.2257
8.1942,1.2206
8.1947,1.2206
8.1952,1.2206
8.1958,1.2206
8.1963,1.2156
8.1969,1.2257
8.1974,1.2206
8.1979,1.2206
8.1985,1.2257
8.1990,1.2206
8.1996,1.2206
8.2001,1.2257
8.2007,1.2206
8.2012,1.2206
8.2018,1.2257
8.2023,1.2257
8.2028,1.2156
8.2034,1.2206
8.2039,1.2206
8.2045,1.2257
8.2050,1.2206
8.2056,1.2257
8.2061,1.2257
8.2066,1.2206
8.2072,1.2257
8.2077,1.2257
8.2083,1.2257
8.2088,1.2206
8.2094,1.2206
8.2099,1.2257
8.2104,1.2257
8.2110,1.2206
8.2115,1.2206
8.2121,1.2257
8.2126,1.2257
8.2132,1.2257
8.2137,1.2257
8.2142,1.2257
8.2148,1.2257
8.2153,1.2206
8.2159,1.2257
8.2164,1.2257
8.2169,1.2257
8.2175,1.2257
8.2180,1.2257
8.2186,1.2257
8.2191,1.2206
8.2197,1.2206
8.2202,1.2257
8.2208,1.2257
8.2213,1.2307
8.2219,1.2206
8.2225,1.2206
8.2231,1.2257
8.2237,1.2206
8.2243,1.2257
8.2248,1.2257
8.2254,1.2257
8.2260,1.2257
8.2265,1.2257
8.2271,1.2257
8.2276,1.2257
8.2282,1.2257
8.2287,1.2257
8.2293,1.2257
8.2299,1.2257
8.2305,1.2257
8.2310,1.2206
8.2316,1.2307
8.2322,1.2257
8.2327,1.2307
8.2332,1.2307
8.2338,1.2257
8.2343,1.2257
8.2349,1.2307
8.2354,1.2307
8.2359,1.2257
8.2365,1.2257
8.2370,1.2307
8.2376,1.2257
8.2381,1.2307
8.2386,1.2257
8.2392,1.2257
8.2398,1.2307
8.2404,1.2257
8.2409,1.2307
8.2415,1.2307
8.2420,1.2307
8.2425,1.2307
8.2431,1.2307
8.2436,1.2307
8.2442,1.2307
8.2447,1.2307
8.2452,1.2307
8.2458,1.2307
8.2463,1.2257
8.2469,1.2307
8.2474,1.2307
8.2479,1.2307
8.2485,1.2307
8.2491,1.2307
8.2497,1.2307
8.2502,1.2257
8.2508,1.2358
8.2513,1.2307
8.2519,1.2307
8.2524,1.2257
8.2530,1.2307
8.2535,1.2307
8.2541,1.2257
8.2546,1.2358
8.2552,1.2307
8.2558,1.2307
8.2564,1.2307
8.2569,1.2307
8.2575,1.2307
8.2581,1.2257
8.2586,1.2307
8.2592,1.2358
8.2597,1.2307
8.2603,1.2307
8.2608,1.2257
8.2614,1.2307
8.2619,1.2307
8.2625,1.2307
8.2630,1.2307
8.2636,1.2358
8.2641,1.2307
8.2647,1.2307
8.2652,1.2307
8.2658,1.2307
8.2663,1.2257
8.2669,1.2307
8.2674,1.2307
8.2680,1.2307
8.2685,1.2307
8.2691,1.2358
8.2696,1.2307
8.2702,1.2307
8.2707,1.2307
8.2713,1.2307
8.2718,1.2307
8.2724,1.2307
8.2729,1.2307
8.2735,1.2358
8.2740,1.2307
8.2746,1.2358
8.2751,1.2307
8.2757,1.2358
8.2762,1.2307
8.2768,1.2307
8.2773,1.2307
8.2779,1.2307
8.2784,1.2307
8.2790,1.2307
8.2795,1.2307
8.2801,1.2307
8.2806,1.2307
8.2812,1.2307
8.2817,1.2257
8.2823,1.2307
8.2828,1.2358
8.2834,1.2358
8.2839,1.2257
8.2845,1.2307
8.2850,1.2358
8.2856,1.2307
8.2861,1.2358
8.2867,1.2307
8.2872,1.2307
8.2878,1.2307
8.2884,1.2358
8.2889,1.2307
8.2895,1.2307
8.2900,1.2307
8.2906,1.2307
8.2911,1.2307
8.2917,1.2307
8.2922,1.2257
8.2928,1.2358
8.2933,1.2307
8.2939,1.2307
8.2944,1.2307
8.2950,1.2307
8.2955,1.2307
8.2961,1.2307
8.2966,1.2358
8.2972,1.2358
8.2977,1.2358
8.2983,1.2307
8.2988,1.2307
8.2994,1.2307
8.2999,1.2358
8.3005,1.2307
8.3010,1.2358
8.3016,1.2307
8.3021,1.2358
8.3027,1.2307
8.3032,1.2257
8.3038,1.2307
8.3043,1.2307
8.3049,1.2307
8.3054,1.2307
8.3060,1.2307
8.3065,1.2307
8.3071,1.2307
8.3076,1.2307
8.3082,1.2358
8.3087,1.2307
8.3093,1.2358
8.3098,1.2358
8.3104,1.2307
8.3109,1.2358
8.3115,1.2307
8.3120,1.2307
8.3126,1.2358
8.3131,1.2307
8.3137,1.2307
8.3142,1.2307
8.3148,1.2307
8.3153,1.2307
8.3159,1.2358
8.3164,1.2307
8.3170,1.2358
8.3175,1.2307
8.3181,1.2307
8.3186,1.2307
8.3192,1.2307
8.3197,1.2257
8.3203,1.2307
8.3208,1.2358
8.3214,1.2307
8.3219,1.2307
8.3225,1.2358
8.3230,1.2307
8.3236,1.2358
8.3241,1.2257
8.3247,1.2358
8.3252,1.2358
8.3258,1.2307
8.3263,1.2307
8.3269,1.2307
8.3274,1.2307
8.3280,1.2307
8.3285,1.2358
8.3291,1.2307
8.3296,1.2307
8.3302,1.2358
8.3307,1.2307
8.3313,1.2307
8.3318,1.2358
8.3324,1.2307
8.3329,1.2358
8.3335,1.2358
8.3340,1.2307
8.3346,1.2307
8.3351,1.2307
8.3357,1.2307
8.3362,1.2307
8.3368,1.2307
8.3373,1.2307
8.3379,1.2307
8.3384,1.2307
8.3390,1.2307
8.3395,1.2358
8.3401,1.2307
8.3406,1.2358
8.3412,1.2307
8.3417,1.2307
8.3423,1.2307
8.3428,1.2358
8.3434,1.2307
8.3439,1.2358
8.3445,1.2358
8.3450,1.2307
8.3456,1.2358
8.3461,1.2307
8.3467,1.2307
8.3472,1.2307
8.3478,1.2307
8.3483,1.2307
8.3489,1.2358
8.3495,1.2307
8.3500,1.2358
8.3506,1.2307
8.3511,1.2358
8.3517,1.2257
8.3522,1.2307
8.3528,1.2307
8.3533,1.2358
8.3539,1.2358
8.3544,1.2307
8.3550,1.2307
8.3555,1.2307
8.3561,1.2307
8.3566,1.2358
8.3572,1.2358
8.3578,1.2307
8.3583,1.2358
8.3589,1.2358
8.3594,1.2307
8.3600,1.2358
8.3605,1.2358
8.3611,1.2307
8.3616,1.2307
8.3622,1.2358
8.3627,1.2358
8.3633,1.2358
8.3638,1.2358
8.3644,1.2358
8.3649,1.2358
8.3655,1.2307
8.3660,1.2307
8.3666,1.2307
8.3671,1.2358
8.3677,1.2307
8.3682,1.2307
8.3688,1.2307
8.3693,1.2257
8.3699,1.2307
8.3704,1.2358
8.3710,1.2307
8.3715,1.2307
8.3721,1.2358
8.3726,1.2358
8.3732,1.2307
8.3737,1.2358
8.3743,1.2358
8.3748,1.2307
8.3754,1.2307
8.3759,1.2358
8.3765,1.2358
8.3770,1.2307
8.3776,1.2307
8.3781,1.2307
8.3787,1.2307
8.3792,1.2307
8.3798,1.2307
8.3803,1.2307
8.3809,1.2307
8.3814,1.2307
8.3820,1.2307
8.3825,1.2358
8.3831,1.2358
8.3836,1.2307
8.3842,1.2358
8.3847,1.2307
8.3853,1.2358
8.3858,1.2307
8.3864,1.2358
8.3869,1.2307
8.3875,1.2307
8.3880,1.2358
8.3886,1.2307
8.3891,1.2307
8.3897,1.2307
8.3902,1.2307
8.3908,1.2358
8.3913,1.2307
8.3919,1.2307
8.3924,1.2307
8.3930,1.2358
8.3935,1.2358
8.3941,1.2307
8.3946,1.2307
8.3952,1.2358
8.3957,1.2307
8.3963,1.2358
8.3968,1.2307
8.3974,1.2307
8.3979,1.2307
8.3985,1.2358
8.3990,1.2358
8.3996,1.2307
8.4001,1.2358
8.4007,1.2307
8.4012,1.2358
8.4018,1.2307
8.4023,1.2307
8.4029,1.2307
8.4034,1.2307
8.4040,1.2307
8.4045,1.2307
8.4051,1.2307
8.4056,1.2257
8.4062,1.2307
8.4067,1.2307
8.4073,1.2307
8.4078,1.2358
8.4084,1.2307
8.4089,1.2307
8.4095,1.2307
8.4100,1.2307
8.4106,1.2307
8.4111,1.2307
8.4117,1.2358
8.4122,1.2307
8.4128,1.2307
8.4133,1.2358
8.4139,1.2307
8.4144,1.2257
8.4150,1.2358
8.4155,1.2307
8.4161,1.2307
8.4166,1.2307
8.4172,1.2257
8.4177,1.2307
8.4183,1.2307
8.4189,1.2307
8.4194,1.2307
8.4200,1.2307
8.4205,1.2307
8.4211,1.2307
8.4216,1.2307
8.4222,1.2307
8.4227,1.2307
8.4233,1.2307
8.4238,1.2358
8.4244,1.2307
8.4249,1.2307
8.4255,1.2307
8.4260,1.2307
8.4266,1.2358
8.4271,1.2307
8.4277,1.2257
8.4282,1.2358
8.4288,1.2307
8.4294,1.2307
8.4299,1.2307
8.4305,1.2307
8.4310,1.2307
8.4316,1.2257
8.4321,1.2307
8.4327,1.2307
8.4332,1.2257
8.4338,1.2307
8.4343,1.2307
8.4348,1.2358
8.4354,1.2257
8.4359,1.2307
8.4365,1.2307
8.4370,1.2307
8.4376,1.2257
8.4381,1.2307
8.4387,1.2307
8.4392,1.2307
8.4398,1.2257
8.4403,1.2257
8.4409,1.2307
8.4414,1.2307
8.4420,1.2307
8.4425,1.2206
8.4431,1.2307
8.4436,1.2257
8.4442,1.2257
8.4447,1.2257
8.4453,1.2307
8.4458,1.2307
8.4464,1.2307
8.4469,1.2307
8.4475,1.2307
8.4480,1.2257
8.4486,1.2307
8.4491,1.2307
8.4497,1.2358
8.4503,1.2307
8.4508,1.2307
8.4514,1.2307
8.4519,1.2257
8.4525,1.2257
8.4530,1.2257
8.4536,1.2257
8.4541,1.2307
8.4547,1.2257
8.4552,1.2307
8.4558,1.2307
8.4563,1.2307
8.4569,1.2206
8.4574,1.2206
8.4580,1.2307
8.4585,1.2307
8.4591,1.2307
8.4597,1.2307
8.4602,1.2257
8.4608,1.2307
8.4613,1.2257
8.4619,1.2257
8.4624,1.2307
8.4630,1.2307
8.4635,1.2257
8.4641,1.2257
8.4646,1.2307
8.4652,1.2307
8.4657,1.2307
8.4663,1.2257
8.4668,1.2257
8.4674,1.2307
8.4679,1.2307
8.4685,1.2257
8.4690,1.2307
8.4696,1.2257
8.4701,1.2257
8.4707,1.2307
8.4712,1.2307
8.4718,1.2257
8.4723,1.2307
8.4729,1.2257
8.4734,1.2307
8.4740,1.2257
8.4745,1.2257
8.4751,1.2257
8.4756,1.2257
8.4762,1.2257
8.4767,1.2257
8.4773,1.2307
8.4778,1.2307
8.4784,1.2206
8.4789,1.2257
8.4795,1.2307
8.4800,1.2307
8.4806,1.2257
8.4811,1.2307
8.4817,1.2307
8.4822,1.2257
8.4828,1.2307
8.4833,1.2257
8.4839,1.2257
8.4844,1.2257
8.4850,1.2257
8.4855,1.2257
8.4861,1.2307
8.4866,1.2257
8.4872,1.2257
8.4877,1.2257
8.4883,1.2257
8.4888,1.2307
8.4894,1.2257
8.4899,1.2257
8.4905,1.2257
8.4910,1.2257
8.4916,1.2307
8.4921,1.2307
8.4927,1.2307
8.4932,1.2307
8.4938,1.2307
8.4943,1.2257
8.4949,1.2307
8.4954,1.2257
8.4960,1.2257
8.4965,1.2307
8.4971,1.2307
8.4977,1.2307
8.4982,1.2257
8.4988,1.2257
8.4993,1.2257
8.4999,1.2307
8.5004,1.2307
8.5010,1.2257
8.5015,1.2257
8.5021,1.2307
8.5026,1.2257
8.5032,1.2257
8.5037,1.2257
8.5043,1.2257
8.5048,1.2206
8.5054,1.2307
8.5059,1.2307
8.5065,1.2307
8.5070,1.2206
8.5076,1.2257
8.5081,1.2307
8.5087,1.2307
8.5092,1.2307
8.5098,1.2257
8.5103,1.2307
8.5109,1.2307
8.5114,1.2307
8.5120,1.2257
8.5125,1.2307
8.5131,1.2307
8.5136,1.2257
8.5142,1.2257
8.5147,1.2257
8.5153,1.2257
8.5158,1.2257
8.5164,1.2257
8.5169,1.2257
8.5175,1.2257
8.5180,1.2257
8.5186,1.2307
8.5191,1.2257
8.5197,1.2257
8.5202,1.2206
8.5208,1.2307
8.5213,1.2257
8.5219,1.2257
8.5224,1.2257
8.5230,1.2257
8.5235,1.2307
8.5241,1.2206
8.5246,1.2257
8.5252,1.2307
8.5257,1.2307
8.5263,1.2307
8.5268,1.2257
8.5274,1.2307
8.5279,1.2307
8.5285,1.2257
8.5290,1.2257
8.5296,1.2257
8.5301,1.2257
8.5307,1.2307
8.5312,1.2257
8.5318,1.2257
8.5323,1.2257
8.5329,1.2257
8.5334,1.2307
8.5340,1.2307
8.5345,1.2257
8.5351,1.2257
8.5356,1.2206
8.5362,1.2257
8.5367,1.2257
8.5373,1.2257
8.5378,1.2257
8.5384,1.2257
8.5389,1.2257
8.5395,1.2257
8.5400,1.2257
8.5406,1.2257
8.5411,1.2257
8.5417,1.2307
8.5422,1.2206
8.5428,1.2307
8.5434,1.2307
8.5439,1.2257
8.5445,1.2257
8.5450,1.2307
8.5456,1.2257
8.5461,1.2257
8.5467,1.2257
8.5472,1.2307
8.5478,1.2307
8.5484,1.2257
8.5489,1.2257
8.5495,1.2206
8.5500,1.2257
8.5506,1.2307
8.5511,1.2257
8.5517,1.2257
8.5522,1.2307
8.5528,1.2257
8.5533,1.2257
8.5539,1.2257
8.5544,1.2257
8.5550,1.2257
8.5555,1.2307
8.5561,1.2307
8.5566,1.2257
8.5572,1.2307
8.5577,1.2257
8.5583,1.2257
8.5589,1.2257
8.5594,1.2307
8.5600,1.2257
8.5605,1.2257
8.5611,1.2257
8.5616,1.2257
8.5622,1.2307
8.5627,1.2307
8.5633,1.2257
8.5638,1.2257
8.5644,1.2307
8.5650,1.2307
8.5655,1.2257
8.5661,1.2206
8.5666,1.2257
8.5672,1.2257
8.5678,1.2307
8.5683,1.2257
8.5690,1.2206
8.5695,1.2307
8.5701,1.2307
8.5707,1.2257
8.5713,1.2257
8.5718,1.2257
8.5724,1.2257
8.5730,1.2257
8.5735,1.2206
8.5740,1.2257
8.5746,1.2257
8.5751,1.2257
8.5757,1.2257
8.5762,1.2257
8.5768,1.2307
8.5773,1.2206
8.5778,1.2257
8.5784,1.2206
8.5789,1.2257
8.5795,1.2257
8.5800,1.2206
8.5806,1.2257
8.5811,1.2257
8.5817,1.2257
8.5822,1.2257
8.5827,1.2257
8.5833,1.2257
8.5838,1.2206
8.5844,1.2257
8.5849,1.2257
8.5855,1.2257
8.5860,1.2257
8.5865,1.2257
8.5871,1.2257
8.5876,1.2257
8.5882,1.2257
8.5887,1.2257
8.5893,1.2257
8.5898,1.2257
8.5904,1.2257
8.5909,1.2257
8.5914,1.2257
8.5920,1.2257
8.5925,1.2257
8.5931,1.2257
8.5936,1.2307
8.5942,1.2257
8.5947,1.2257
8.5953,1.2257
8.5958,1.2206
8.5963,1.2257
8.5969,1.2206
8.5974,1.2257
8.5980,1.2257
8.5985,1.2257
8.5991,1.2257
8.5996,1.2257
8.6001,1.2257
8.6007,1.2257
8.6012,1.2257
8.6018,1.2257
8.6023,1.2257
8.6029,1.2257
8.6034,1.2257
8.6040,1.2257
8.6046,1.2206
8.6052,1.2257
8.6057,1.2257
8.6063,1.2206
8.6069,1.2257
8.6075,1.2257
8.6081,1.2257
8.6086,1.2257
8.6092,1.2206
8.6097,1.2206
8.6103,1.2257
8.6109,1.2257
8.6114,1.2206
8.6120,1.2257
8.6125,1.2206
8.6131,1.2206
8.6136,1.2257
8.6141,1.2257
8.6147,1.2257
8.6152,1.2257
8.6158,1.2257
8.6163,1.2206
8.6169,1.2257
8.6174,1.2257
8.6180,1.2257
8.6185,1.2257
8.6191,1.2206
8.6196,1.2257
8.6202,1.2257
8.6207,1.2257
8.6213,1.2156
8.6218,1.2257
8.6224,1.2257
8.6229,1.2257
8.6235,1.2206
8.6241,1.2257
8.6246,1.2206
8.6252,1.2257
8.6257,1.2257
8.6263,1.2206
8.6269,1.2257
8.6275,1.2257
8.6280,1.2206
8.6286,1.2206
8.6291,1.2257
8.6297,1.2257
8.6302,1.2257
8.6308,1.2206
8.6313,1.2257
8.6318,1.2257
8.6324,1.2206
8.6329,1.2257
8.6335,1.2257
8.6340,1.2257
8.6346,1.2156
8.6351,1.2257
8.6356,1.2206
8.6362,1.2206
8.6367,1.2206
8.6373,1.2257
8.6379,1.2257
8.6384,1.2206
8.6389,1.2257
8.6395,1.2257
8.6401,1.2257
8.6406,1.2206
8.6411,1.2257
8.6417,1.2257
8.6422,1.2156
8.6428,1.2206
8.6433,1.2206
8.6439,1.2257
8.6444,1.2257
8.6450,1.2206
8.6455,1.2206
8.6460,1.2156
8.6466,1.2206
8.6471,1.2257
8.6477,1.2206
8.6482,1.2206
8.6488,1.2206
8.6493,1.2257
8.6499,1.2206
8.6504,1.2206
8.6509,1.2206
8.6516,1.2257
8.6522,1.2206
8.6527,1.2206
8.6532,1.2206
8.6538,1.2257
8.6543,1.2206
8.6549,1.2206
8.6554,1.2206
8.6559,1.2206
8.6565,1.2206
8.6570,1.2206
8.6575,1.2206
8.6581,1.2206
8.6586,1.2206
8.6592,1.2206
8.6597,1.2206
8.6602,1.2206
8.6608,1.2206
8.6613,1.2206
8.6619,1.2206
8.6624,1.2206
8.6629,1.2206
8.6635,1.2206
8.6640,1.2206
8.6645,1.2257
8.6651,1.2156
8.6656,1.2206
8.6662,1.2206
8.6667,1.2206
8.6672,1.2206
8.6678,1.2206
8.6683,1.2156
8.6689,1.2257
8.6694,1.2156
8.6699,1.2206
8.6705,1.2206
8.6710,1.2206
8.6716,1.2206
8.6721,1.2206
8.6726,1.2257
8.6732,1.2206
8.6737,1.2206
8.6743,1.2206
8.6748,1.2206
8.6753,1.2206
8.6759,1.2206
8.6764,1.2206
8.6769,1.2206
8.6775,1.2206
8.6780,1.2206
8.6789,1.2206
8.6794,1.2206
8.6799,1.2206
8.6805,1.2156
8.6810,1.2206
8.6816,1.2206
8.6821,1.2206
8.6826,1.2156
8.6832,1.2206
8.6837,1.2206
8.6842,1.2206
8.6848,1.2206
8.6853,1.2156
8.6859,1.2206
8.6864,1.2206
8.6869,1.2156
8.6875,1.2156
8.6880,1.2206
8.6886,1.2156
8.6891,1.2156
8.6896,1.2156
8.6902,1.2206
8.6907,1.2206
8.6913,1.2206
8.6918,1.2206
8.6923,1.2156
8.6929,1.2206
8.6934,1.2206
8.6939,1.2206
8.6945,1.2156
8.6950,1.2206
8.6956,1.2206
8.6961,1.2206
8.6966,1.2206
8.6972,1.2206
8.6977,1.2206
8.6982,1.2156
8.6988,1.2206
8.6993,1.2206
8.6999,1.2206
8.7004,1.2206
8.7010,1.2206
8.7015,1.2206
8.7020,1.2206
8.7026,1.2206
8.7031,1.2206
8.7037,1.2156
8.7042,1.2156
8.7048,1.2156
8.7053,1.2206
8.7058,1.2156
8.7064,1.2257
8.7069,1.2206
8.7075,1.2206
8.7080,1.2206
8.7086,1.2156
8.7091,1.2206
8.7097,1.2156
8.7102,1.2206
8.7107,1.2156
8.7113,1.2206
8.7118,1.2156
8.7124,1.2156
8.7129,1.2206
8.7134,1.2156
8.7140,1.2206
8.7145,1.2206
8.7151,1.2206
8.7156,1.2156
8.7162,1.2206
8.7167,1.2156
8.7172,1.2206
8.7178,1.2206
8.7183,1.2156
8.7189,1.2206
8.7194,1.2206
8.7199,1.2156
8.7205,1.2206
8.7210,1.2156
8.7216,1.2206
8.7221,1.2156
8.7227,1.2206
8.7232,1.2156
8.7237,1.2156
8.7243,1.2206
8.7248,1.2206
8.7254,1.2156
8.7259,1.2156
8.7264,1.2156
8.7270,1.2156
8.7275,1.2156
8.7281,1.2206
8.7286,1.2206
8.7292,1.2206
8.7297,1.2156
8.7302,1.2206
8.7308,1.2156
8.7313,1.2206
8.7319,1.2106
8.7324,1.2206
8.7329,1.2156
8.7335,1.2156
8.7340,1.2206
8.7346,1.2206
8.7351,1.2206
8.7357,1.2206
8.7362,1.2206
8.7367,1.2156
8.7373,1.2156
8.7378,1.2206
8.7384,1.2106
8.7389,1.2156
8.7394,1.2156
8.7400,1.2106
8.7405,1.2206
8.7411,1.2156
8.7416,1.2156
8.7422,1.2206
8.7427,1.2156
8.7432,1.2156
8.7438,1.2156
8.7443,1.2156
8.7449,1.2206
8.7454,1.2206
8.7459,1.2156
8.7465,1.2106
8.7470,1.2106
8.7476,1.2156
8.7481,1.2156
8.7487,1.2156
8.7492,1.2156
8.7497,1.2106
8.7503,1.2206
8.7508,1.2106
8.7514,1.2206
8.7520,1.2156
8.7525,1.2156
8.7531,1.2156
8.7536,1.2156
8.7542,1.2156
8.7547,1.2106
8.7553,1.2156
8.7558,1.2156
8.7564,1.2156
8.7569,1.2156
8.7575,1.2156
8.7580,1.2156
8.7586,1.2156
8.7591,1.2156
8.7597,1.2156
8.7602,1.2206
8.7608,1.2156
8.7613,1.2206
8.7618,1.2156
8.7624,1.2156
8.7629,1.2156
8.7635,1.2156
8.7640,1.2156
8.7646,1.2156
8.7651,1.2156
8.7657,1.2156
8.7662,1.2156
8.7668,1.2156
8.7673,1.2106
8.7679,1.2206
8.7684,1.2156
8.7690,1.2156
8.7695,1.2156
8.7701,1.2156
8.7706,1.2206
8.7712,1.2156
8.7717,1.2156
8.7723,1.2106
8.7728,1.2156
8.7734,1.2156
8.7739,1.2156
8.7744,1.2156
8.7750,1.2156
8.7755,1.2156
8.7761,1.2106
8.7767,1.2156
8.7772,1.2156
8.7778,1.2156
8.7783,1.2156
8.7789,1.2156
8.7794,1.2156
8.7800,1.2106
8.7805,1.2156
8.7811,1.2106
8.7816,1.2156
8.7821,1.2156
8.7827,1.2156
8.7832,1.2156
8.7838,1.2156
8.7843,1.2156
8.7849,1.2106
8.7854,1.2206
8.7859,1.2156
8.7865,1.2156
8.7870,1.2106
8.7876,1.2156
8.7881,1.2106
8.7887,1.2156
8.7892,1.2156
8.7898,1.2106
8.7903,1.2156
8.7909,1.2156
8.7914,1.2206
8.7920,1.2106
8.7925,1.2156
8.7931,1.2156
8.7936,1.2156
8.7942,1.2206
8.7947,1.2156
8.7952,1.2156
8.7958,1.2156
8.7963,1.2156
8.7969,1.2106
8.7974,1.2106
8.7980,1.2156
8.7985,1.2156
8.7991,1.2156
8.7996,1.2156
8.8002,1.2106
8.8007,1.2156
8.8013,1.2156
8.8018,1.2106
8.8024,1.2106
8.8029,1.2206
8.8035,1.2106
8.8040,1.2156
8.8045,1.2156
8.8051,1.2156
8.8056,1.2156
8.8062,1.2106
8.8067,1.2106
8.8073,1.2156
8.8078,1.2106
8.8084,1.2156
8.8089,1.2156
8.8095,1.2106
8.8100,1.2156
8.8106,1.2106
8.8111,1.2156
8.8117,1.2106
8.8122,1.2106
8.8128,1.2106
8.8133,1.2156
8.8139,1.2106
8.8144,1.2156
8.8149,1.2156
8.8155,1.2156
8.8160,1.2156
8.8166,1.2156
8.8171,1.2156
8.8177,1.2156
8.8182,1.2156
8.8188,1.2156
8.8193,1.2156
8.8199,1.2106
8.8204,1.2156
8.8210,1.2106
8.8216,1.2156
8.8222,1.2156
8.8228,1.2156
8.8234,1.2156
8.8240,1.2156
8.8246,1.2156
8.8252,1.2156
8.8258,1.2156
8.8263,1.2156
8.8269,1.2106
8.8274,1.2156
8.8280,1.2156
8.8286,1.2156
8.8291,1.2156
8.8297,1.2156
8.8302,1.2156
8.8308,1.2106
8.8314,1.2156
8.8319,1.2206
8.8326,1.2156
8.8331,1.2156
8.8337,1.2156
8.8342,1.2106
8.8348,1.2156
8.8353,1.2106
8.8359,1.2156
8.8364,1.2106
8.8370,1.2156
8.8375,1.2156
8.8380,1.2156
8.8386,1.2156
8.8391,1.2106
8.8397,1.2106
8.8402,1.2156
8.8408,1.2106
8.8413,1.2106
8.8419,1.2106
8.8424,1.2156
8.8430,1.2106
8.8435,1.2106
8.8440,1.2106
8.8446,1.2156
8.8451,1.2156
8.8457,1.2156
8.8462,1.2156
8.8468,1.2106
8.8473,1.2156
8.8479,1.2156
8.8484,1.2156
8.8490,1.2156
8.8495,1.2156
8.8501,1.2106
8.8506,1.2106
8.8511,1.2156
8.8517,1.2106
8.8522,1.2156
8.8528,1.2106
8.8534,1.2156
8.8539,1.2156
8.8545,1.2156
8.8550,1.2106
8.8555,1.2106
8.8561,1.2156
8.8567,1.2156
8.8572,1.2106
8.8577,1.2156
8.8583,1.2106
8.8589,1.2156
8.8594,1.2055
8.8600,1.2106
8.8605,1.2106
8.8611,1.2156
8.8616,1.2156
8.8621,1.2106
8.8627,1.2106
8.8632,1.2106
8.8638,1.2106
8.8643,1.2156
8.8649,1.2106
8.8654,1.2156
8.8659,1.2156
8.8665,1.2106
8.8670,1.2106
8.8676,1.2156
8.8681,1.2156
8.8687,1.2156
8.8692,1.2156
8.8697,1.2156
8.8703,1.2206
8.8708,1.2156
8.8714,1.2156
8.8719,1.2156
8.8725,1.2106
8.8730,1.2156
8.8736,1.2106
8.8741,1.2106
8.8746,1.2106
8.8752,1.2156
8.8757,1.2106
8.8763,1.2156
8.8768,1.2106
8.8774,1.2156
8.8779,1.2156
8.8784,1.2106
8.8790,1.2106
8.8795,1.2106
8.8801,1.2156
8.8806,1.2156
8.8812,1.2106
8.8817,1.2106
8.8822,1.2156
8.8828,1.2106
8.8833,1.2106
8.8839,1.2156
8.8844,1.2106
8.8850,1.2156
8.8855,1.2156
8.8861,1.2156
8.8866,1.2156
8.8871,1.2156
8.8877,1.2156
8.8882,1.2106
8.8888,1.2156
8.8893,1.2156
8.8899,1.2106
8.8904,1.2106
8.8909,1.2106
8.8915,1.2106
8.8920,1.2106
8.8926,1.2106
8.8931,1.2106
8.8937,1.2156
8.8942,1.2156
8.8947,1.2106
8.8953,1.2156
8.8958,1.2106
8.8964,1.2106
8.8969,1.2156
8.8975,1.2106
8.8980,1.2106
8.8986,1.2156
8.8991,1.2156
8.8996,1.2156
8.9002,1.2156
8.9007,1.2156
8.9013,1.2106
8.9018,1.2156
8.9024,1.2156
8.9029,1.2156
8.9034,1.2106
8.9040,1.2156
8.9045,1.2156
8.9051,1.2106
8.9056,1.2106
8.9062,1.2156
8.9067,1.2156
8.9072,1.2106
8.9078,1.2156
8.9084,1.2106
8.9089,1.2106
8.9094,1.2106
8.9100,1.2106
8.9105,1.2156
8.9111,1.2106
8.9116,1.2156
8.9122,1.2106
8.9127,1.2156
8.9132,1.2106
8.9138,1.2156
8.9143,1.2156
8.9149,1.2106
8.9154,1.2156
8.9160,1.2156
8.9165,1.2106
8.9171,1.2156
8.9176,1.2156
8.9182,1.2156
8.9187,1.2106
8.9193,1.2106
8.9198,1.2156
8.9204,1.2106
8.9209,1.2106
8.9214,1.2156
8.9220,1.2106
8.9225,1.2106
8.9231,1.2156
8.9236,1.2106
8.9242,1.2106
8.9247,1.2106
8.9253,1.2106
8.9258,1.2106
8.9264,1.2156
8.9269,1.2156
8.9275,1.2106
8.9280,1.2156
8.9286,1.2106
8.9291,1.2106
8.9296,1.2156
8.9302,1.2106
8.9307,1.2106
8.9313,1.2106
8.9318,1.2156
8.9324,1.2106
8.9329,1.2106
8.9335,1.2106
8.9340,1.2106
8.9346,1.2156
8.9351,1.2156
8.9357,1.2156
8.9362,1.2106
8.9368,1.2156
8.9373,1.2106
8.9378,1.2106
8.9384,1.2106
8.9389,1.2106
8.9395,1.2106
8.9400,1.2156
8.9406,1.2106
8.9411,1.2106
8.9417,1.2055
8.9422,1.2106
8.9428,1.2106
8.9433,1.2106
8.9439,1.2106
8.9444,1.2156
8.9450,1.2106
8.9455,1.2106
8.9461,1.2156
8.9466,1.2156
8.9471,1.2156
8.9477,1.2106
8.9482,1.2106
8.9488,1.2156
8.9493,1.2055
8.9499,1.2156
8.9504,1.2106
8.9510,1.2106
8.9515,1.2106
8.9521,1.2106
8.9526,1.2156
8.9532,1.2156
8.9537,1.2106
8.9543,1.2106
8.9548,1.2106
8.9554,1.2156
8.9559,1.2106
8.9565,1.2106
8.9570,1.2106
8.9576,1.2106
8.9581,1.2106
8.9587,1.2106
8.9592,1.2156
8.9597,1.2106
8.9603,1.2106
8.9608,1.2106
8.9614,1.2156
8.9619,1.2106
8.9625,1.2156
8.9630,1.2106
8.9636,1.2106
8.9641,1.2106
8.9647,1.2156
8.9652,1.2156
8.9658,1.2106
8.9663,1.2156
8.9669,1.2106
8.9674,1.2106
8.9679,1.2156
8.9685,1.2106
8.9690,1.2106
8.9696,1.2106
8.9701,1.2106
8.9707,1.2156
8.9712,1.2106
8.9718,1.2106
8.9723,1.2106
8.9729,1.2106
8.9734,1.2106
8.9740,1.2106
8.9745,1.2106
8.9751,1.2156
8.9756,1.2106
8.9762,1.2106
8.9767,1.2106
8.9772,1.2156
8.9778,1.2106
8.9783,1.2156
8.9789,1.2156
8.9794,1.2106
8.9800,1.2106
8.9805,1.2106
8.9811,1.2106
8.9816,1.2106
8.9822,1.2106
8.9827,1.2106
8.9833,1.2106
8.9838,1.2106
8.9844,1.2156
8.9849,1.2156
8.9855,1.2106
8.9860,1.2106
8.9866,1.2106
8.9871,1.2106
8.9877,1.2106
8.9882,1.2106
8.9888,1.2106
8.9893,1.2156
8.9899,1.2156
8.9904,1.2156
8.9909,1.2106
8.9915,1.2106
8.9920,1.2106
8.9926,1.2106
8.9931,1.2106
8.9937,1.2106
8.9942,1.2156
8.9948,1.2106
8.9953,1.2106
8.9959,1.2106
8.9964,1.2106
8.9970,1.2106
8.9975,1.2106
8.9981,1.2106
8.9986,1.2106
8.9991,1.2055
8.9997,1.2106
9.0002,1.2106
9.0008,1.2106
9.0013,1.2106
9.0019,1.2106
9.0024,1.2106
9.0030,1.2106
9.0035,1.2156
9.0041,1.2156
9.0046,1.2106
9.0052,1.2106
9.0057,1.2106
9.0063,1.2156
9.0068,1.2106
9.0073,1.2106
9.0079,1.2106
9.0084,1.2106
9.0090,1.2156
9.0095,1.2106
9.0101,1.2106
9.0106,1.2106
9.0112,1.2106
9.0117,1.2106
9.0123,1.2156
9.0128,1.2106
9.0134,1.2106
9.0139,1.2055
9.0145,1.2106
9.0150,1.2106
9.0155,1.2106
9.0161,1.2106
9.0166,1.2106
9.0172,1.2106
9.0177,1.2156
9.0183,1.2106
9.0188,1.2106
9.0194,1.2106
9.0199,1.2106
9.0205,1.2106
9.0210,1.2106
9.0216,1.2106
9.0221,1.2106
9.0227,1.2156
9.0232,1.2106
9.0238,1.2106
9.0243,1.2106
9.0248,1.2106
9.0254,1.2106
9.0259,1.2156
9.0265,1.2106
9.0270,1.2106
9.0276,1.2106
9.0281,1.2106
9.0287,1.2106
9.0292,1.2106
9.0298,1.2156
9.0303,1.2106
9.0309,1.2106
9.0314,1.2106
9.0320,1.2106
9.0325,1.2106
9.0330,1.2106
9.0336,1.2106
9.0341,1.2106
9.0347,1.2106
9.0352,1.2106
9.0358,1.2106
9.0363,1.2106
9.0369,1.2055
9.0374,1.2106
9.0380,1.2106
9.0385,1.2106
9.0391,1.2156
9.0396,1.2055
9.0401,1.2106
9.0407,1.2106
9.0412,1.2106
9.0418,1.2106
9.0423,1.2106
9.0429,1.2106
9.0434,1.2106
9.0440,1.2106
9.0445,1.2106
9.0451,1.2106
9.0456,1.2106
9.0462,1.2106
9.0467,1.2156
9.0473,1.2106
9.0478,1.2156
9.0483,1.2106
9.0489,1.2156
9.0494,1.2055
9.0500,1.2106
9.0505,1.2106
9.0511,1.2106
9.0516,1.2055
9.0522,1.2106
9.0527,1.2156
9.0533,1.2106
9.0538,1.2106
9.0544,1.2106
9.0550,1.2106
9.0555,1.2106
9.0561,1.2106
9.0566,1.2106
9.0571,1.2106
9.0577,1.2055
9.0582,1.2055
9.0588,1.2106
9.0593,1.2106
9.0599,1.2106
9.0604,1.2106
9.0610,1.2106
9.0615,1.2055
9.0621,1.2106
9.0626,1.2106
9.0632,1.2106
9.0637,1.2106
9.0643,1.2106
9.0648,1.2106
9.0654,1.2055
9.0659,1.2106
9.0664,1.2106
9.0670,1.2106
9.0675,1.2055
9.0681,1.2106
9.0686,1.2106
9.0692,1.2106
9.0697,1.2106
9.0703,1.2106
9.0708,1.2106
9.0714,1.2156
9.0719,1.2106
9.0725,1.2106
9.0730,1.2106
9.0736,1.2106
9.0741,1.2156
9.0746,1.2055
9.0752,1.2106
9.0757,1.2106
9.0763,1.2106
9.0768,1.2106
9.0774,1.2055
9.0779,1.2106
9.0785,1.2106
9.0790,1.2106
9.0796,1.2156
9.0801,1.2055
9.0807,1.2055
9.0812,1.2156
9.0818,1.2106
9.0823,1.2106
9.0829,1.2106
9.0834,1.2156
9.0839,1.2106
9.0845,1.2106
9.0850,1.2106
9.0856,1.2106
9.0861,1.2055
9.0867,1.2106
9.0872,1.2106
9.0878,1.2156
9.0883,1.2055
9.0889,1.2106
9.0894,1.2055
9.0900,1.2156
9.0905,1.2106
9.0911,1.2106
9.0916,1.2106
9.0922,1.2106
9.0927,1.2106
9.0933,1.2106
9.0938,1.2055
9.0944,1.2106
9.0949,1.2106
9.0955,1.2106
9.0960,1.2106
9.0966,1.2106
9.0971,1.2055
9.0976,1.2106
9.0982,1.2055
9.0987,1.2106
9.0993,1.2106
9.0998,1.2106
9.1004,1.2106
9.1009,1.2106
9.1015,1.2106
9.1020,1.2055
9.1026,1.2106
9.1032,1.2156
9.1037,1.2156
9.1043,1.2055
9.1049,1.2106
9.1055,1.2106
9.1061,1.2156
9.1066,1.2106
9.1073,1.2055
9.1079,1.2106
9.1084,1.2055
9.1090,1.2106
9.1095,1.2156
9.1101,1.2106
9.1106,1.2106
9.1112,1.2106
9.1118,1.2156
9.1123,1.2106
9.1129,1.2055
9.1134,1.2156
9.1140,1.2055
9.1145,1.2106
9.1151,1.2106
9.1156,1.2055
9.1162,1.2106
9.1167,1.2106
9.1173,1.2106
9.1178,1.2106
9.1184,1.2106
9.1189,1.2156
9.1195,1.2106
9.1200,1.2106
9.1206,1.2106
9.1211,1.2106
9.1217,1.2106
9.1223,1.2106
9.1228,1.2106
9.1234,1.2156
9.1239,1.2106
9.1245,1.2106
9.1251,1.2055
9.1257,1.2055
9.1262,1.2055
9.1268,1.2055
9.1274,1.2106
9.1279,1.2106
9.1286,1.2055
9.1291,1.2106
9.1297,1.2106
9.1302,1.2055
9.1308,1.2106
9.1313,1.2106
9.1319,1.2106
9.1324,1.2106
9.1329,1.2055
9.1335,1.2055
9.1340,1.2106
9.1346,1.2055
9.1351,1.2106
9.1357,1.2106
9.1362,1.2106
9.1367,1.2106
9.1373,1.2055
9.1378,1.2106
9.1384,1.2106
9.1389,1.2106
9.1395,1.2106
9.1400,1.2055
9.1406,1.2106
9.1411,1.2106
9.1417,1.2106
9.1422,1.2106
9.1428,1.2106
9.1433,1.2106
9.1438,1.2106
9.1444,1.2106
9.1449,1.2106
9.1455,1.2106
9.1460,1.2106
9.1466,1.2106
9.1471,1.2055
9.1477,1.2106
9.1482,1.2106
9.1487,1.2106
9.1493,1.2055
9.1498,1.2106
9.1504,1.2106
9.1509,1.2055
9.1515,1.2106
9.1520,1.2106
9.1525,1.2106
9.1531,1.2106
9.1536,1.2055
9.1542,1.2106
9.1548,1.2106
9.1554,1.2106
9.1559,1.2106
9.1565,1.2106
9.1570,1.2106
9.1576,1.2055
9.1581,1.2055
9.1586,1.2055
9.1592,1.2055
9.1597,1.2106
9.1602,1.2106
9.1608,1.2055
9.1613,1.2055
9.1619,1.2106
9.1624,1.2055
9.1629,1.2055
9.1635,1.2106
9.1640,1.2106
9.1645,1.2055
9.1651,1.2106
9.1656,1.2055
9.1662,1.2055
9.1667,1.2106
9.1672,1.2106
9.1678,1.2106
9.1683,1.2055
9.1689,1.2106
9.1694,1.2106
9.1700,1.2106
9.1705,1.2156
9.1710,1.2106
9.1716,1.2106
9.1721,1.2005
9.1726,1.2106
9.1732,1.2106
9.1737,1.2106
9.1743,1.2055
9.1748,1.2055
9.1753,1.2106
9.1759,1.2106
9.1764,1.2106
9.1769,1.2055
9.1775,1.2106
9.1780,1.2106
9.1786,1.2055
9.1791,1.2055
9.1796,1.2106
9.1802,1.2106
9.1807,1.2055
9.1813,1.2106
9.1818,1.2055
9.1823,1.2106
9.1829,1.2055
9.1834,1.2106
9.1839,1.2156
9.1845,1.2106
9.1850,1.2055
9.1856,1.2106
9.1861,1.2055
9.1866,1.2106
9.1872,1.2106
9.1877,1.2055
9.1882,1.2106
9.1888,1.2106
9.1893,1.2106
9.1899,1.2055
9.1904,1.2106
9.1909,1.2106
9.1915,1.2106
9.1920,1.2106
9.1926,1.2106
9.1931,1.2106
9.1937,1.2055
9.1942,1.2106
9.1948,1.2156
9.1953,1.2106
9.1958,1.2106
9.1964,1.2106
9.1969,1.2055
9.1975,1.2055
9.1980,1.2106
9.1985,1.2106
9.1991,1.2156
9.1996,1.2106
9.2002,1.2106
9.2007,1.2055
9.2013,1.2106
9.2018,1.2106
9.2023,1.2106
9.2029,1.2106
9.2034,1.2106
9.2040,1.2156
9.2045,1.2156
9.2050,1.2106
9.2056,1.2106
9.2061,1.2156
9.2067,1.2106
9.2072,1.2156
9.2077,1.2106
9.2083,1.2156
9.2089,1.2106
9.2094,1.2106
9.2099,1.2156
9.2105,1.2156
9.2110,1.2156
9.2116,1.2156
9.2121,1.2106
9.2126,1.2156
9.2132,1.2106
9.2137,1.2156
9.2143,1.2106
9.2148,1.2106
9.2153,1.2156
9.2159,1.2156
9.2164,1.2156
9.2170,1.2106
9.2175,1.2156
9.2180,1.2106
9.2186,1.2156
9.2191,1.2156
9.2197,1.2156
9.2202,1.2156
9.2208,1.2156
9.2213,1.2206
9.2218,1.2156
9.2224,1.2156
9.2229,1.2156
9.2235,1.2106
9.2240,1.2156
9.2245,1.2156
9.2251,1.2156
9.2256,1.2106
9.2262,1.2206
9.2267,1.2156
9.2272,1.2156
9.2278,1.2156
9.2283,1.2206
9.2289,1.2106
9.2294,1.2156
9.2299,1.2206
9.2305,1.2156
9.2310,1.2106
9.2316,1.2156
9.2321,1.2156
9.2327,1.2156
9.2332,1.2156
9.2337,1.2156
9.2343,1.2106
9.2348,1.2156
9.2354,1.2106
9.2359,1.2156
9.2364,1.2206
9.2370,1.2206
9.2375,1.2156
9.2381,1.2156
9.2386,1.2156
9.2391,1.2206
9.2397,1.2156
9.2402,1.2156
9.2408,1.2206
9.2413,1.2206
9.2419,1.2206
9.2424,1.2206
9.2429,1.2206
9.2435,1.2206
9.2440,1.2206
9.2446,1.2206
9.2451,1.2206
9.2456,1.2206
9.2462,1.2206
9.2467,1.2257
9.2473,1.2206
9.2478,1.2206
9.2483,1.2206
9.2489,1.2206
9.2494,1.2206
9.2500,1.2206
9.2505,1.2206
9.2510,1.2156
9.2516,1.2206
9.2521,1.2206
9.2527,1.2257
9.2532,1.2206
9.2538,1.2257
9.2543,1.2206
9.2548,1.2257
9.2555,1.2206
9.2560,1.2206
9.2565,1.2206
9.2571,1.2257
9.2576,1.2206
9.2582,1.2257
9.2587,1.2206
9.2593,1.2206
9.2598,1.2206
9.2604,1.2206
9.2609,1.2206
9.2615,1.2257
9.2620,1.2206
9.2626,1.2206
9.2631,1.2257
9.2637,1.2206
9.2642,1.2257
9.2648,1.2257
9.2653,1.2206
9.2659,1.2257
9.2664,1.2257
9.2670,1.2257
9.2675,1.2257
9.2681,1.2257
9.2686,1.2257
9.2692,1.2257
9.2697,1.2206
9.2702,1.2206
9.2708,1.2257
9.2713,1.2257
9.2719,1.2206
9.2724,1.2257
9.2730,1.2257
9.2735,1.2257
9.2741,1.2257
9.2746,1.2257
9.2752,1.2206
9.2757,1.2257
9.2763,1.2206
9.2768,1.2257
9.2774,1.2257
9.2779,1.2257
9.2785,1.2257
9.2790,1.2257
9.2795,1.2307
9.2801,1.2257
9.2806,1.2257
9.2812,1.2257
9.2817,1.2257
9.2823,1.2257
9.2828,1.2206
9.2834,1.2257
9.2839,1.2307
9.2845,1.2206
9.2850,1.2257
9.2856,1.2257
9.2861,1.2257
9.2867,1.2257
9.2872,1.2257
9.2877,1.2257
9.2883,1.2257
9.2889,1.2257
9.2894,1.2257
9.2900,1.2206
9.2905,1.2257
9.2911,1.2257
9.2916,1.2307
9.2922,1.2257
9.2927,1.2257
9.2933,1.2307
9.2938,1.2257
9.2943,1.2307
9.2949,1.2307
9.2954,1.2307
9.2960,1.2307
9.2965,1.2257
9.2971,1.2257
9.2976,1.2307
9.2982,1.2257
9.2987,1.2257
9.2993,1.2307
9.2998,1.2257
9.3004,1.2257
9.3009,1.2257
9.3015,1.2257
9.3020,1.2307
9.3026,1.2307
9.3031,1.2257
9.3036,1.2257
9.3042,1.2257
9.3047,1.2257
9.3053,1.2257
9.3058,1.2257
9.3064,1.2307
9.3069,1.2307
9.3075,1.2257
9.3080,1.2257
9.3086,1.2307
9.3091,1.2257
9.3097,1.2307
9.3102,1.2307
9.3108,1.2257
9.3113,1.2257
9.3119,1.2307
9.3124,1.2257
9.3129,1.2307
9.3135,1.2257
9.3140,1.2257
9.3146,1.2257
9.3151,1.2257
9.3157,1.2307
9.3162,1.2257
9.3168,1.2257
9.3173,1.2307
9.3179,1.2307
9.3184,1.2307
9.3190,1.2307
9.3195,1.2307
9.3201,1.2307
9.3206,1.2257
9.3212,1.2307
9.3217,1.2358
9.3222,1.2307
9.3228,1.2307
9.3233,1.2307
9.3239,1.2307
9.3244,1.2307
9.3250,1.2307
9.3255,1.2358
9.3261,1.2257
9.3266,1.2307
9.3272,1.2257
9.3277,1.2307
9.3283,1.2307
9.3288,1.2257
9.3294,1.2257
9.3299,1.2257
9.3304,1.2307
9.3310,1.2307
9.3315,1.2307
9.3321,1.2307
9.3327,1.2307
9.3332,1.2307
9.3338,1.2307
9.3343,1.2257
9.3348,1.2307
9.3354,1.2307
9.3359,1.2307
9.3365,1.2257
9.3370,1.2307
9.3376,1.2257
9.3381,1.2307
9.3387,1.2307
9.3392,1.2307
9.3398,1.2307
9.3403,1.2307
9.3409,1.2307
9.3414,1.2257
9.3420,1.2307
9.3425,1.2307
9.3431,1.2257
9.3436,1.2307
9.3441,1.2307
9.3447,1.2307
9.3452,1.2358
9.3458,1.2307
9.3463,1.2358
9.3469,1.2307
9.3474,1.2307
9.3480,1.2307
9.3485,1.2307
9.3491,1.2307
9.3496,1.2307
9.3502,1.2307
9.3507,1.2358
9.3513,1.2307
9.3518,1.2307
9.3524,1.2307
9.3529,1.2307
9.3534,1.2307
9.3540,1.2307
9.3545,1.2307
9.3551,1.2307
9.3556,1.2307
9.3562,1.2257
9.3568,1.2307
9.3573,1.2307
9.3578,1.2307
9.3584,1.2358
9.3589,1.2307
9.3595,1.2307
9.3600,1.2307
9.3606,1.2257
9.3611,1.2307
9.3617,1.2307
9.3622,1.2307
9.3628,1.2307
9.3633,1.2307
9.3639,1.2307
9.3644,1.2307
9.3650,1.2257
9.3655,1.2307
9.3660,1.2257
9.3666,1.2307
9.3671,1.2307
9.3677,1.2307
9.3682,1.2307
9.3688,1.2307
9.3693,1.2257
9.3699,1.2307
9.3704,1.2358
9.3710,1.2307
9.3715,1.2307
9.3721,1.2307
9.3726,1.2307
9.3732,1.2307
9.3737,1.2307
9.3743,1.2307
9.3748,1.2307
9.3753,1.2307
9.3759,1.2358
9.3764,1.2307
9.3770,1.2307
9.3775,1.2257
9.3781,1.2307
9.3786,1.2307
9.3792,1.2257
9.3797,1.2257
9.3803,1.2307
9.3808,1.2307
9.3814,1.2307
9.3819,1.2307
9.3825,1.2307
9.3830,1.2307
9.3836,1.2307
9.3841,1.2307
9.3846,1.2307
9.3852,1.2257
9.3857,1.2257
9.3863,1.2307
9.3868,1.2257
9.3874,1.2307
9.3879,1.2307
9.3885,1.2307
9.3890,1.2307
9.3896,1.2257
9.3901,1.2257
9.3907,1.2307
9.3912,1.2257
9.3918,1.2307
9.3923,1.2257
9.3929,1.2307
9.3934,1.2307
9.3939,1.2307
9.3945,1.2257
9.3950,1.2257
9.3956,1.2307
9.3961,1.2358
9.3967,1.2307
9.3972,1.2257
9.3978,1.2307
9.3983,1.2307
9.3989,1.2307
9.3994,1.2257
9.4000,1.2307
9.4005,1.2307
9.4011,1.2307
9.4017,1.2307
9.4022,1.2307
9.4027,1.2257
9.4033,1.2307
9.4038,1.2358
9.4044,1.2307
9.4049,1.2307
9.4055,1.2257
9.4060,1.2257
9.4066,1.2307
9.4071,1.2307
9.4077,1.2257
9.4082,1.2307
9.4088,1.2307
9.4093,1.2307
9.4099,1.2307
9.4104,1.2307
9.4110,1.2307
9.4115,1.2307
9.4120,1.2307
9.4126,1.2307
9.4131,1.2257
9.4137,1.2307
9.4142,1.2307
9.4148,1.2257
9.4153,1.2307
9.4159,1.2307
9.4164,1.2307
9.4170,1.2307
9.4175,1.2307
9.4181,1.2307
9.4186,1.2307
9.4192,1.2257
9.4197,1.2307
9.4202,1.2206
9.4208,1.2307
9.4214,1.2307
9.4219,1.2307
9.4225,1.2307
9.4231,1.2307
9.4237,1.2307
9.4243,1.2307
9.4249,1.2307
9.4255,1.2358
9.4260,1.2307
9.4266,1.2358
9.4272,1.2257
9.4278,1.2307
9.4283,1.2257
9.4289,1.2307
9.4295,1.2307
9.4300,1.2307
9.4306,1.2307
9.4311,1.2307
9.4317,1.2257
9.4324,1.2307
9.4329,1.2307
9.4335,1.2307
9.4340,1.2307
9.4346,1.2307
9.4351,1.2307
9.4357,1.2307
9.4362,1.2307
9.4367,1.2307
9.4373,1.2257
9.4378,1.2307
9.4384,1.2307
9.4389,1.2307
9.4395,1.2257
9.4400,1.2257
9.4406,1.2257
9.4411,1.2257
9.4417,1.2307
9.4422,1.2257
9.4427,1.2307
9.4433,1.2307
9.4438,1.2307
9.4444,1.2307
9.4449,1.2257
9.4455,1.2307
9.4460,1.2307
9.4465,1.2307
9.4471,1.2307
9.4476,1.2307
9.4482,1.2257
9.4487,1.2257
9.4493,1.2257
9.4498,1.2307
9.4504,1.2257
9.4509,1.2307
9.4514,1.2257
9.4520,1.2307
9.4525,1.2307
9.4531,1.2307
9.4536,1.2307
9.4542,1.2307
9.4547,1.2257
9.4552,1.2257
9.4558,1.2307
9.4563,1.2307
9.4569,1.2307
9.4574,1.2307
9.4580,1.2257
9.4585,1.2257
9.4591,1.2307
9.4596,1.2307
9.4602,1.2307
9.4607,1.2257
9.4612,1.2307
9.4618,1.2307
9.4623,1.2307
9.4629,1.2307
9.4634,1.2307
9.4640,1.2307
9.4645,1.2257
9.4650,1.2307
9.4656,1.2257
9.4661,1.2307
9.4667,1.2257
9.4672,1.2257
9.4678,1.2257
9.4683,1.2257
9.4689,1.2307
9.4694,1.2257
9.4700,1.2307
9.4705,1.2307
9.4710,1.2307
9.4716,1.2307
9.4722,1.2257
9.4727,1.2206
9.4733,1.2307
9.4738,1.2307
9.4743,1.2257
9.4749,1.2307
9.4754,1.2257
9.4760,1.2307
9.4765,1.2307
9.4771,1.2257
9.4776,1.2307
9.4781,1.2307
9.4787,1.2307
9.4792,1.2257
9.4798,1.2257
9.4803,1.2307
9.4809,1.2257
9.4814,1.2307
9.4820,1.2257
9.4825,1.2307
9.4831,1.2257
9.4836,1.2257
9.4841,1.2307
9.4847,1.2257
9.4852,1.2307
9.4858,1.2206
9.4863,1.2257
9.4869,1.2307
9.4874,1.2257
9.4880,1.2257
9.4885,1.2257
9.4891,1.2206
9.4896,1.2307
9.4901,1.2257
9.4907,1.2358
9.4912,1.2257
9.4918,1.2257
9.4923,1.2206
9.4929,1.2257
9.4934,1.2257
9.4939,1.2257
9.4945,1.2257
9.4953,1.2257
9.4958,1.2206
9.4964,1.2257
9.4969,1.2206
9.4974,1.2257
9.4980,1.2257
9.4985,1.2257
9.4991,1.2257
9.4996,1.2307
9.5002,1.2257
9.5007,1.2257
9.5012,1.2257
9.5018,1.2257
9.5023,1.2257
9.5029,1.2257
9.5034,1.2257
9.5040,1.2206
9.5045,1.2257
9.5050,1.2156
9.5056,1.2257
9.5061,1.2307
9.5067,1.2206
9.5072,1.2257
9.5078,1.2257
9.5084,1.2257
9.5089,1.2257
9.5095,1.2206
9.5100,1.2307
9.5106,1.2257
9.5111,1.2257
9.5117,1.2257
9.5122,1.2257
9.5128,1.2257
9.5133,1.2257
9.5139,1.2206
9.5144,1.2257
9.5149,1.2257
9.5155,1.2257
9.5160,1.2257
9.5166,1.2257
9.5171,1.2206
9.5177,1.2257
9.5182,1.2257
9.5188,1.2257
9.5193,1.2257
9.5199,1.2307
9.5204,1.2257
9.5210,1.2257
9.5215,1.2257
9.5221,1.2257
9.5226,1.2257
9.5232,1.2257
9.5237,1.2257
9.5243,1.2206
9.5248,1.2257
9.5254,1.2257
9.5259,1.2206
9.5264,1.2257
9.5270,1.2206
9.5275,1.2257
9.5281,1.2257
9.5286,1.2257
9.5292,1.2257
9.5297,1.2257
9.5303,1.2206
9.5308,1.2257
9.5314,1.2307
9.5319,1.2257
9.5325,1.2257
9.5330,1.2206
9.5336,1.2257
9.5341,1.2257
9.5347,1.2257
9.5352,1.2206
9.5358,1.2257
9.5363,1.2257
9.5368,1.2257
9.5374,1.2307
9.5379,1.2206
9.5385,1.2206
9.5390,1.2206
9.5396,1.2206
9.5401,1.2257
9.5407,1.2206
9.5413,1.2257
9.5418,1.2257
9.5424,1.2257
9.5429,1.2206
9.5434,1.2257
9.5440,1.2257
9.5445,1.2257
9.5451,1.2257
9.5456,1.2257
9.5462,1.2206
9.5467,1.2257
9.5473,1.2257
9.5478,1.2257
9.5484,1.2206
9.5489,1.2206
9.5495,1.2257
9.5500,1.2257
9.5506,1.2257
9.5511,1.2257
9.5517,1.2257
9.5522,1.2206
9.5528,1.2257
9.5533,1.2206
9.5539,1.2257
9.5544,1.2257
9.5549,1.2257
9.5555,1.2257
9.5560,1.2257
9.5566,1.2206
9.5572,1.2257
9.5577,1.2206
9.5583,1.2257
9.5588,1.2257
9.5594,1.2206
9.5599,1.2257
9.5605,1.2257
9.5610,1.2257
9.5615,1.2257
9.5621,1.2206
9.5626,1.2257
9.5632,1.2206
9.5637,1.2257
9.5643,1.2257
9.5648,1.2257
9.5654,1.2206
9.5659,1.2206
9.5665,1.2257
9.5670,1.2257
9.5676,1.2206
9.5681,1.2257
9.5687,1.2257
9.5692,1.2257
9.5698,1.2257
9.5703,1.2257
9.5709,1.2257
9.5714,1.2257
9.5719,1.2257
9.5725,1.2307
9.5730,1.2257
9.5736,1.2257
9.5741,1.2257
9.5747,1.2257
9.5752,1.2307
9.5758,1.2206
9.5763,1.2257
9.5769,1.2257
9.5774,1.2206
9.5780,1.2257
9.5785,1.2257
9.5791,1.2257
9.5796,1.2206
9.5802,1.2257
9.5807,1.2257
9.5813,1.2257
9.5818,1.2257
9.5823,1.2257
9.5829,1.2257
9.5834,1.2206
9.5840,1.2206
9.5845,1.2307
9.5851,1.2206
9.5856,1.2257
9.5862,1.2206
9.5867,1.2257
9.5873,1.2257
9.5878,1.2257
9.5884,1.2257
9.5889,1.2257
9.5895,1.2206
9.5900,1.2257
9.5906,1.2257
9.5911,1.2257
9.5917,1.2206
9.5922,1.2206
9.5928,1.2257
9.5933,1.2257
9.5938,1.2206
9.5944,1.2257
9.5949,1.2307
9.5955,1.2206
9.5960,1.2257
9.5966,1.2257
9.5971,1.2257
9.5977,1.2257
9.5982,1.2257
9.5988,1.2257
9.5993,1.2257
9.5999,1.2257
9.6004,1.2257
9.6010,1.2257
9.6015,1.2257
9.6021,1.2257
9.6026,1.2206
9.6032,1.2206
9.6038,1.2257
9.6043,1.2307
9.6049,1.2206
9.6055,1.2257
9.6061,1.2206
9.6067,1.2257
9.6073,1.2206
9.6078,1.2257
9.6084,1.2257
9.6090,1.2257
9.6095,1.2206
9.6101,1.2206
9.6107,1.2257
9.6113,1.2206
9.6119,1.2257
9.6124,1.2206
9.6130,1.2206
9.6135,1.2156
9.6141,1.2257
9.6146,1.2257
9.6152,1.2257
9.6157,1.2257
9.6163,1.2206
9.6168,1.2257
9.6174,1.2257
9.6179,1.2206
9.6185,1.2257
9.6190,1.2257
9.6196,1.2257
9.6201,1.2206
9.6207,1.2206
9.6213,1.2257
9.6218,1.2257
9.6224,1.2206
9.6229,1.2206
9.6235,1.2257
9.6241,1.2257
9.6246,1.2206
9.6252,1.2156
9.6258,1.2206
9.6264,1.2257
9.6269,1.2257
9.6275,1.2156
9.6281,1.2206
9.6287,1.2156
9.6292,1.2206
9.6298,1.2257
9.6303,1.2206
9.6309,1.2257
9.6314,1.2206
9.6319,1.2257
9.6325,1.2257
9.6330,1.2206
9.6336,1.2257
9.6341,1.2257
9.6347,1.2206
9.6352,1.2206
9.6358,1.2257
9.6363,1.2257
9.6368,1.2257
9.6374,1.2206
9.6379,1.2257
9.6385,1.2257
9.6390,1.2206
9.6396,1.2257
9.6401,1.2257
9.6407,1.2206
9.6412,1.2206
9.6417,1.2206
9.6423,1.2206
9.6428,1.2206
9.6434,1.2257
9.6439,1.2206
9.6445,1.2257
9.6450,1.2206
9.6456,1.2206
9.6461,1.2206
9.6466,1.2257
9.6472,1.2206
9.6477,1.2206
9.6483,1.2257
9.6488,1.2206
9.6494,1.2206
9.6499,1.2206
9.6504,1.2206
9.6510,1.2257
9.6515,1.2257
9.6521,1.2206
9.6526,1.2206
9.6532,1.2206
9.6537,1.2206
9.6542,1.2206
9.6548,1.2206
9.6553,1.2257
9.6559,1.2257
9.6564,1.2206
9.6570,1.2257
9.6575,1.2206
9.6582,1.2206
9.6587,1.2156
9.6593,1.2206
9.6598,1.2206
9.6603,1.2257
9.6609,1.2206
9.6614,1.2206
9.6619,1.2257
9.6625,1.2156
9.6630,1.2206
9.6636,1.2206
9.6641,1.2206
9.6646,1.2257
9.6652,1.2206
9.6657,1.2206
9.6662,1.2206
9.6668,1.2206
9.6673,1.2156
9.6679,1.2257
9.6684,1.2206
9.6689,1.2156
9.6695,1.2206
9.6700,1.2206
9.6706,1.2206
9.6711,1.2206
9.6716,1.2156
9.6722,1.2206
9.6727,1.2206
9.6732,1.2257
9.6738,1.2206
9.6743,1.2206
9.6749,1.2206
9.6754,1.2257
9.6759,1.2206
9.6765,1.2257
9.6770,1.2156
9.6775,1.2206
9.6781,1.2156
9.6786,1.2257
9.6792,1.2206
9.6797,1.2156
9.6802,1.2206
9.6808,1.2206
9.6813,1.2206
9.6819,1.2206
9.6824,1.2206
9.6830,1.2206
9.6835,1.2206
9.6840,1.2206
9.6846,1.2156
9.6851,1.2206
9.6856,1.2206
9.6862,1.2206
9.6867,1.2206
9.6873,1.2206
9.6878,1.2206
9.6884,1.2206
9.6889,1.2206
9.6895,1.2206
9.6900,1.2206
9.6905,1.2206
9.6911,1.2206
9.6916,1.2156
9.6922,1.2156
9.6927,1.2206
9.6933,1.2156
9.6938,1.2206
9.6943,1.2257
9.6949,1.2206
9.6954,1.2156
9.6960,1.2206
9.6965,1.2156
9.6970,1.2206
9.6976,1.2206
9.6981,1.2156
9.6987,1.2206
9.6992,1.2206
9.6998,1.2206
9.7003,1.2156
9.7008,1.2206
9.7014,1.2156
9.7019,1.2206
9.7025,1.2257
9.7030,1.2206
9.7035,1.2206
9.7041,1.2156
9.7046,1.2156
9.7052,1.2206
9.7057,1.2206
9.7062,1.2156
9.7068,1.2206
9.7073,1.2156
9.7079,1.2206
9.7084,1.2206
9.7090,1.2206
9.7095,1.2156
9.7100,1.2206
9.7106,1.2156
9.7111,1.2156
9.7117,1.2206
9.7122,1.2156
9.7128,1.2206
9.7133,1.2156
9.7138,1.2206
9.7144,1.2106
9.7149,1.2206
9.7155,1.2156
9.7160,1.2156
9.7165,1.2206
9.7171,1.2206
9.7176,1.2156
9.7182,1.2206
9.7187,1.2206
9.7193,1.2156
9.7198,1.2206
9.7203,1.2156
9.7209,1.2206
9.7214,1.2156
9.7220,1.2206
9.7225,1.2156
9.7230,1.2206
9.7236,1.2156
9.7241,1.2156
9.7247,1.2156
9.7252,1.2156
9.7258,1.2156
9.7263,1.2206
9.7268,1.2156
9.7274,1.2206
9.7279,1.2206
9.7285,1.2156
9.7290,1.2206
9.7295,1.2156
9.7301,1.2156
9.7306,1.2156
9.7312,1.2206
9.7317,1.2206
9.7323,1.2206
9.7328,1.2156
9.7333,1.2206
9.7339,1.2156
9.7344,1.2156
9.7350,1.2156
9.7355,1.2156
9.7360,1.2206
9.7366,1.2106
9.7371,1.2156
9.7377,1.2156
9.7382,1.2156
9.7388,1.2156
9.7393,1.2156
9.7398,1.2156
9.7404,1.2156
9.7409,1.2156
9.7415,1.2156
9.7420,1.2206
9.7426,1.2156
9.7431,1.2206
9.7436,1.2156
9.7442,1.2206
9.7447,1.2206
9.7453,1.2156
9.7458,1.2156
9.7463,1.2156
9.7469,1.2206
9.7474,1.2156
9.7480,1.2156
9.7485,1.2106
9.7491,1.2156
9.7496,1.2156
9.7502,1.2156
9.7507,1.2206
9.7512,1.2156
9.7518,1.2156
9.7523,1.2106
9.7529,1.2156
9.7534,1.2156
9.7539,1.2156
9.7545,1.2156
9.7550,1.2156
9.7556,1.2156
9.7561,1.2156
9.7567,1.2206
9.7572,1.2156
9.7577,1.2156
9.7583,1.2156
9.7588,1.2156
9.7594,1.2206
9.7600,1.2156
9.7605,1.2156
9.7611,1.2206
9.7616,1.2156
9.7622,1.2156
9.7627,1.2156
9.7633,1.2156
9.7638,1.2156
9.7644,1.2156
9.7649,1.2206
9.7655,1.2156
9.7660,1.2156
9.7666,1.2156
9.7671,1.2156
9.7677,1.2156
9.7682,1.2156
9.7688,1.2156
9.7693,1.2156
9.7699,1.2156
9.7704,1.2156
9.7710,1.2156
9.7715,1.2156
9.7720,1.2156
9.7726,1.2106
9.7731,1.2156
9.7737,1.2106
9.7742,1.2156
9.7748,1.2106
9.7753,1.2156
9.7759,1.2156
9.7764,1.2156
9.7770,1.2106
9.7775,1.2106
9.7781,1.2156
9.7786,1.2156
9.7792,1.2106
9.7797,1.2106
9.7803,1.2156
9.7808,1.2156
9.7814,1.2156
9.7819,1.2156
9.7824,1.2206
9.7830,1.2156
9.7835,1.2156
9.7841,1.2156
9.7846,1.2206
9.7852,1.2156
9.7857,1.2106
9.7863,1.2106
9.7868,1.2156
9.7874,1.2156
9.7879,1.2156
9.7885,1.2156
9.7890,1.2106
9.7896,1.2156
9.7901,1.2106
9.7907,1.2156
9.7912,1.2106
9.7918,1.2156
9.7923,1.2156
9.7929,1.2156
9.7934,1.2206
9.7939,1.2156
9.7945,1.2156
9.7950,1.2156
9.7956,1.2156
9.7961,1.2156
9.7967,1.2156
9.7972,1.2106
9.7978,1.2156
9.7983,1.2156
9.7989,1.2156
9.7994,1.2156
9.8000,1.2156
9.8005,1.2156
9.8011,1.2156
9.8016,1.2206
9.8022,1.2106
9.8027,1.2156
9.8033,1.2156
9.8038,1.2106
9.8044,1.2156
9.8049,1.2106
9.8054,1.2156
9.8060,1.2156
9.8065,1.2156
9.8071,1.2156
9.8076,1.2106
9.8082,1.2106
9.8087,1.2156
9.8093,1.2156
9.8098,1.2156
9.8104,1.2106
9.8109,1.2156
9.8115,1.2156
9.8120,1.2156
9.8126,1.2106
9.8131,1.2156
9.8137,1.2106
9.8142,1.2156
9.8147,1.2156
9.8153,1.2106
9.8158,1.2156
9.8164,1.2156
9.8169,1.2106
9.8175,1.2156
9.8180,1.2156
9.8186,1.2156
9.8191,1.2156
9.8197,1.2106
9.8202,1.2156
9.8208,1.2106
9.8213,1.2156
9.8219,1.2156
9.8224,1.2156
9.8230,1.2106
9.8235,1.2156
9.8240,1.2156
9.8246,1.2106
9.8251,1.2156
9.8257,1.2156
9.8262,1.2156
9.8268,1.2106
9.8273,1.2156
9.8278,1.2106
9.8285,1.2106
9.8290,1.2156
9.8296,1.2156
9.8301,1.2106
9.8306,1.2156
9.8312,1.2156
9.8317,1.2106
9.8323,1.2156
9.8328,1.2106
9.8334,1.2156
9.8339,1.2106
9.8345,1.2106
9.8350,1.2156
9.8356,1.2106
9.8361,1.2156
9.8367,1.2156
9.8372,1.2106
9.8378,1.2156
9.8383,1.2106
9.8389,1.2156
9.8394,1.2156
9.8400,1.2156
9.8405,1.2106
9.8411,1.2156
9.8416,1.2106
9.8422,1.2156
9.8427,1.2156
9.8432,1.2106
9.8438,1.2156
9.8443,1.2156
9.8449,1.2156
9.8454,1.2106
9.8460,1.2106
9.8465,1.2156
9.8471,1.2106
9.8476,1.2156
9.8482,1.2156
9.8487,1.2106
9.8493,1.2156
9.8498,1.2106
9.8504,1.2156
9.8509,1.2156
9.8514,1.2106
9.8520,1.2156
9.8525,1.2156
9.8531,1.2106
9.8536,1.2156
9.8542,1.2106
9.8547,1.2156
9.8553,1.2156
9.8558,1.2106
9.8564,1.2156
9.8569,1.2156
9.8575,1.2106
9.8580,1.2156
9.8586,1.2106
9.8591,1.2156
9.8597,1.2106
9.8602,1.2106
9.8608,1.2106
9.8613,1.2156
9.8619,1.2156
9.8624,1.2106
9.8630,1.2156
9.8635,1.2156
9.8641,1.2106
9.8646,1.2156
9.8651,1.2106
9.8657,1.2156
9.8662,1.2156
9.8668,1.2156
9.8673,1.2156
9.8679,1.2106
9.8684,1.2156
9.8690,1.2106
9.8695,1.2106
9.8701,1.2156
9.8706,1.2106
9.8712,1.2106
9.8717,1.2106
9.8723,1.2106
9.8728,1.2106
9.8733,1.2106
9.8739,1.2106
9.8744,1.2106
9.8750,1.2156
9.8755,1.2156
9.8761,1.2106
9.8766,1.2156
9.8772,1.2156
9.8777,1.2156
9.8783,1.2156
9.8788,1.2106
9.8794,1.2106
9.8799,1.2156
9.8805,1.2106
9.8810,1.2156
9.8815,1.2106
9.8821,1.2106
9.8826,1.2156
9.8832,1.2106
9.8837,1.2106
9.8843,1.2156
9.8848,1.2156
9.8854,1.2156
9.8859,1.2106
9.8865,1.2106
9.8870,1.2106
9.8876,1.2106
9.8881,1.2156
9.8887,1.2156
9.8892,1.2156
9.8898,1.2106
9.8903,1.2156
9.8909,1.2106
9.8914,1.2106
9.8920,1.2106
9.8925,1.2156
9.8931,1.2106
9.8936,1.2106
9.8941,1.2156
9.8947,1.2156
9.8952,1.2106
9.8958,1.2106
9.8963,1.2156
9.8969,1.2156
9.8974,1.2106
9.8980,1.2156
9.8985,1.2156
9.8991,1.2156
9.8996,1.2156
9.9002,1.2106
9.9007,1.2106
9.9013,1.2156
9.9018,1.2106
9.9024,1.2156
9.9029,1.2156
9.9034,1.2106
9.9040,1.2156
9.9045,1.2156
9.9051,1.2106
9.9056,1.2106
9.9062,1.2106
9.9067,1.2156
9.9073,1.2106
9.9078,1.2156
9.9084,1.2106
9.9089,1.2156
9.9095,1.2156
9.9100,1.2106
9.9106,1.2156
9.9111,1.2106
9.9117,1.2106
9.9122,1.2106
9.9127,1.2156
9.9133,1.2106
9.9138,1.2156
9.9144,1.2106
9.9149,1.2106
9.9155,1.2106
9.9160,1.2106
9.9166,1.2106
9.9171,1.2156
9.9177,1.2106
9.9182,1.2156
9.9188,1.2106
9.9193,1.2055
9.9199,1.2156
9.9204,1.2106
9.9209,1.2106
9.9215,1.2106
9.9220,1.2156
9.9226,1.2106
9.9231,1.2106
9.9237,1.2106
9.9242,1.2156
9.9248,1.2106
9.9253,1.2156
9.9259,1.2106
9.9264,1.2156
9.9270,1.2106
9.9275,1.2156
9.9281,1.2055
9.9286,1.2106
9.9292,1.2106
9.9297,1.2156
9.9302,1.2106
9.9308,1.2156
9.9313,1.2106
9.9319,1.2156
9.9324,1.2106
9.9330,1.2106
9.9335,1.2106
9.9341,1.2106
9.9346,1.2156
9.9352,1.2156
9.9357,1.2156
9.9363,1.2106
9.9368,1.2106
9.9373,1.2106
9.9379,1.2106
9.9384,1.2156
9.9390,1.2106
9.9395,1.2106
9.9401,1.2106
9.9406,1.2156
9.9412,1.2106
9.9417,1.2156
9.9423,1.2156
9.9428,1.2156
9.9434,1.2156
9.9439,1.2156
9.9445,1.2106
9.9450,1.2106
9.9456,1.2106
9.9461,1.2106
9.9467,1.2106
9.9472,1.2106
9.9478,1.2106
9.9484,1.2106
9.9489,1.2156
9.9494,1.2156
9.9500,1.2106
9.9505,1.2106
9.9511,1.2106
9.9516,1.2106
9.9522,1.2106
9.9527,1.2106
9.9533,1.2156
9.9538,1.2156
9.9544,1.2156
9.9549,1.2106
9.9555,1.2106
9.9560,1.2106
9.9566,1.2106
9.9571,1.2106
9.9576,1.2106
9.9582,1.2106
9.9588,1.2106
9.9593,1.2106
9.9599,1.2106
9.9604,1.2156
9.9610,1.2106
9.9615,1.2156
9.9621,1.2156
9.9626,1.2106
9.9632,1.2106
9.9637,1.2055
9.9643,1.2106
9.9648,1.2156
9.9654,1.2156
9.9659,1.2106
9.9664,1.2156
9.9670,1.2106
9.9675,1.2106
9.9681,1.2156
9.9686,1.2106
9.9692,1.2156
9.9697,1.2106
9.9703,1.2106
9.9708,1.2055
9.9714,1.2106
9.9719,1.2156
9.9725,1.2106
9.9730,1.2106
9.9736,1.2106
9.9741,1.2156
9.9746,1.2106
9.9752,1.2156
9.9757,1.2106
9.9763,1.2156
9.9768,1.2106
9.9774,1.2106
9.9779,1.2106
9.9785,1.2106
9.9790,1.2106
9.9796,1.2106
9.9801,1.2106
9.9807,1.2106
9.9812,1.2156
9.9818,1.2106
9.9823,1.2106
9.9828,1.2106
9.9834,1.2156
9.9839,1.2106
9.9845,1.2106
9.9850,1.2106
9.9856,1.2156
9.9861,1.2106
9.9867,1.2106
9.9872,1.2106
9.9878,1.2106
9.9883,1.2106
9.9889,1.2106
9.9894,1.2106
9.9900,1.2106
9.9905,1.2106
9.9911,1.2106
9.9916,1.2106
9.9922,1.2156
9.9927,1.2106
9.9933,1.2156
9.9938,1.2106
9.9944,1.2156
9.9949,1.2106
9.9954,1.2106
9.9960,1.2106
9.9965,1.2106
9.9971,1.2055
9.9976,1.2106
9.9982,1.2106
9.9987,1.2156
9.9993,1.2156
9.9998,1.2106
10.0004,1.2106
10.0009,1.2106
10.0015,1.2106
10.0020,1.2106
10.0025,1.2156
10.0031,1.2106
10.0036,1.2106
10.0042,1.2156
10.0047,1.2106
10.0053,1.2156
10.0058,1.2106
10.0064,1.2106
10.0069,1.2106
10.0075,1.2106
10.0080,1.2106
10.0086,1.2106
10.0091,1.2106
10.0097,1.2106
10.0102,1.2106
10.0107,1.2106
10.0113,1.2156
10.0118,1.2106
10.0124,1.2106
10.0129,1.2106
10.0135,1.2106
10.0140,1.2106
10.0146,1.2156
10.0151,1.2106
10.0157,1.2106
10.0162,1.2106
10.0168,1.2106
10.0173,1.2106
10.0178,1.2106
10.0184,1.2156
10.0189,1.2106
10.0195,1.2106
10.0200,1.2055
10.0206,1.2106
10.0211,1.2106
10.0217,1.2156
10.0223,1.2106
10.0229,1.2106
10.0235,1.2106
10.0241,1.2156
10.0247,1.2106
10.0253,1.2055
10.0258,1.2106
10.0264,1.2106
10.0270,1.2106
10.0275,1.2106
10.0281,1.2106
10.0287,1.2106
10.0293,1.2106
10.0298,1.2106
10.0304,1.2106
10.0309,1.2106
10.0315,1.2106
10.0321,1.2106
10.0327,1.2055
10.0332,1.2055
10.0338,1.2106
10.0343,1.2156
10.0349,1.2106
10.0354,1.2106
10.0359,1.2106
10.0365,1.2106
10.0370,1.2106
10.0376,1.2106
10.0381,1.2106
10.0387,1.2106
10.0392,1.2106
10.0397,1.2106
10.0403,1.2106
10.0408,1.2106
10.0414,1.2106
10.0419,1.2106
10.0425,1.2106
10.0430,1.2106
10.0436,1.2106
10.0441,1.2055
10.0447,1.2106
10.0452,1.2055
10.0457,1.2156
10.0463,1.2055
10.0468,1.2106
10.0474,1.2106
10.0479,1.2106
10.0485,1.2106
10.0490,1.2106
10.0495,1.2106
10.0501,1.2106
10.0506,1.2106
10.0512,1.2106
10.0517,1.2106
10.0523,1.2106
10.0528,1.2106
10.0534,1.2106
10.0539,1.2106
10.0544,1.2106
10.0550,1.2106
10.0555,1.2106
10.0561,1.2106
10.0566,1.2106
10.0572,1.2106
10.0577,1.2106
10.0582,1.2156
10.0588,1.2106
10.0593,1.2106
10.0599,1.2106
10.0605,1.2106
10.0610,1.2055
10.0615,1.2156
10.0621,1.2106
10.0626,1.2106
10.0632,1.2106
10.0637,1.2156
10.0643,1.2106
10.0648,1.2106
10.0653,1.2106
10.0659,1.2106
10.0664,1.2106
10.0670,1.2106
10.0675,1.2106
10.0681,1.2106
10.0686,1.2106
10.0691,1.2106
10.0697,1.2156
10.0702,1.2106
10.0708,1.2106
10.0713,1.2106
10.0719,1.2055
10.0724,1.2106
10.0729,1.2106
10.0735,1.2106
10.0740,1.2055
10.0746,1.2106
10.0751,1.2106
10.0757,1.2106
10.0762,1.2106
10.0767,1.2055
10.0773,1.2106
10.0778,1.2106
10.0784,1.2106
10.0789,1.2106
10.0795,1.2156
10.0800,1.2055
10.0806,1.2106
10.0811,1.2106
10.0816,1.2055
10.0822,1.2106
10.0827,1.2106
10.0833,1.2106
10.0838,1.2106
10.0844,1.2106
10.0849,1.2106
10.0854,1.2106
10.0860,1.2106
10.0865,1.2106
10.0871,1.2106
10.0876,1.2156
10.0882,1.2156
10.0887,1.2106
10.0892,1.2106
10.0898,1.2106
10.0903,1.2055
10.0909,1.2055
10.0914,1.2055
10.0920,1.2106
10.0925,1.2106
10.0930,1.2106
10.0936,1.2156
10.0941,1.2106
10.0947,1.2106
10.0952,1.2055
10.0958,1.2106
10.0963,1.2106
10.0968,1.2106
10.0974,1.2106
10.0980,1.2106
10.0985,1.2156
10.0991,1.2055
10.0996,1.2106
10.1002,1.2106
10.1007,1.2106
10.1012,1.2055
10.1018,1.2106
10.1023,1.2106
10.1029,1.2106
10.1035,1.2106
10.1041,1.2106
10.1046,1.2106
10.1052,1.2106
10.1058,1.2055
10.1064,1.2156
10.1070,1.2106
10.1076,1.2055
10.1081,1.2106
10.1087,1.2055
10.1092,1.2106
10.1098,1.2106
10.1104,1.2055
10.1110,1.2106
10.1115,1.2055
10.1121,1.2106
10.1126,1.2055
10.1132,1.2106
10.1137,1.2106
10.1143,1.2106
10.1148,1.2106
10.1154,1.2106
10.1159,1.2106
10.1165,1.2106
10.1170,1.2106
10.1176,1.2106
10.1181,1.2106
10.1187,1.2055
10.1192,1.2055
10.1198,1.2055
10.1203,1.2106
10.1209,1.2106
10.1215,1.2005
10.1220,1.2106
10.1226,1.2106
10.1231,1.2106
10.1237,1.2106
10.1242,1.2106
10.1250,1.2055
10.1257,1.2106
10.1263,1.2106
10.1269,1.2106
10.1274,1.2055
10.1280,1.2106
10.1285,1.2106
10.1290,1.2055
10.1296,1.2106
10.1301,1.2055
10.1307,1.2055
10.1312,1.2055
10.1318,1.2106
10.1323,1.2106
10.1328,1.2106
10.1334,1.2106
10.1339,1.2106
10.1345,1.2106
10.1350,1.2106
10.1356,1.2055
10.1361,1.2106
10.1366,1.2106
10.1372,1.2106
10.1377,1.2106
10.1383,1.2106
10.1388,1.2106
10.1394,1.2106
10.1399,1.2106
10.1405,1.2106
10.1410,1.2106
10.1416,1.2106
10.1421,1.2106
10.1426,1.2055
10.1432,1.2106
10.1437,1.2055
10.1443,1.2055
10.1448,1.2055
10.1454,1.2055
10.1459,1.2055
10.1464,1.2106
10.1470,1.2055
10.1475,1.2106
10.1481,1.2106
10.1486,1.2106
10.1492,1.2106
10.1497,1.2106
10.1503,1.2055
10.1508,1.2055
10.1513,1.2106
10.1519,1.2055
10.1524,1.2106
10.1530,1.2106
10.1535,1.2055
10.1541,1.2055
10.1546,1.2055
10.1551,1.2106
10.1557,1.2106
10.1562,1.2106
10.1568,1.2106
10.1573,1.2106
10.1579,1.2106
10.1584,1.2055
10.1590,1.2055
10.1595,1.2106
10.1600,1.2106
10.1606,1.2106
10.1612,1.2106
10.1618,1.2055
10.1623,1.2055
10.1629,1.2055
10.1634,1.2106
10.1640,1.2055
10.1645,1.2106
10.1650,1.2156
10.1656,1.2106
10.1661,1.2106
10.1666,1.2106
10.1672,1.2106
10.1677,1.2055
10.1683,1.2055
10.1688,1.2106
10.1694,1.2106
10.1699,1.2055
10.1704,1.2106
10.1710,1.2106
10.1715,1.2106
10.1721,1.2106
10.1726,1.2106
10.1731,1.2055
10.1737,1.2106
10.1742,1.2106
10.1747,1.2106
10.1753,1.2106
10.1758,1.2055
10.1764,1.2106
10.1769,1.2106
10.1774,1.2106
10.1780,1.2055
10.1785,1.2055
10.1790,1.2055
10.1796,1.2106
10.1801,1.2055
10.1807,1.2106
10.1812,1.2106
10.1817,1.2055
10.1823,1.2055
10.1828,1.2106
10.1833,1.2106
10.1839,1.2106
10.1844,1.2106
10.1850,1.2055
10.1855,1.2055
10.1860,1.2055
10.1866,1.2106
10.1871,1.2106
10.1876,1.2055
10.1882,1.2106
10.1887,1.2055
10.1893,1.2106
10.1898,1.2055
10.1904,1.2106
10.1909,1.2106
10.1914,1.2106
10.1920,1.2055
10.1925,1.2055
10.1931,1.2055
10.1936,1.2106
10.1941,1.2055
10.1947,1.2106
10.1952,1.2055
10.1958,1.2106
10.1963,1.2106
10.1968,1.2106
10.1974,1.2106
10.1979,1.2106
10.1985,1.2106
10.1990,1.2106
10.1996,1.2106
10.2001,1.2106
10.2006,1.2106
10.2012,1.2055
10.2017,1.2106
10.2023,1.2106
10.2028,1.2106
10.2033,1.2106
10.2039,1.2106
10.2044,1.2106
10.2050,1.2106
10.2055,1.2106
10.2060,1.2156
10.2066,1.2106
10.2071,1.2156
10.2077,1.2106
10.2082,1.2106
10.2087,1.2106
10.2093,1.2106
10.2098,1.2156
10.2104,1.2055
10.2109,1.2106
10.2114,1.2106
10.2120,1.2106
10.2125,1.2055
10.2131,1.2156
10.2136,1.2106
10.2142,1.2106
10.2147,1.2156
10.2152,1.2156
10.2158,1.2106
10.2163,1.2106
10.2169,1.2156
10.2174,1.2106
10.2179,1.2106
10.2185,1.2156
10.2190,1.2156
10.2196,1.2156
10.2201,1.2156
10.2206,1.2156
10.2212,1.2106
10.2217,1.2156
10.2223,1.2106
10.2228,1.2156
10.2233,1.2106
10.2239,1.2156
10.2244,1.2106
10.2250,1.2156
10.2255,1.2106
10.2260,1.2106
10.2266,1.2106
10.2271,1.2206
10.2277,1.2106
10.2282,1.2156
10.2288,1.2156
10.2293,1.2156
10.2298,1.2156
10.2304,1.2106
10.2309,1.2156
10.2315,1.2156
10.2320,1.2156
10.2325,1.2156
10.2331,1.2106
10.2336,1.2206
10.2342,1.2106
10.2347,1.2106
10.2352,1.2156
10.2358,1.2156
10.2363,1.2156
10.2369,1.2156
10.2374,1.2156
10.2380,1.2156
10.2385,1.2156
10.2390,1.2206
10.2396,1.2156
10.2401,1.2206
10.2407,1.2156
10.2412,1.2206
10.2418,1.2156
10.2423,1.2156
10.2428,1.2156
10.2434,1.2206
10.2439,1.2156
10.2445,1.2156
10.2450,1.2206
10.2455,1.2156
10.2461,1.2156
10.2466,1.2206
10.2472,1.2206
10.2477,1.2106
10.2482,1.2257
10.2488,1.2206
10.2493,1.2156
10.2499,1.2156
10.2504,1.2206
10.2509,1.2156
10.2515,1.2156
10.2520,1.2206
10.2526,1.2257
10.2531,1.2206
10.2536,1.2206
10.2542,1.2206
10.2547,1.2156
10.2553,1.2206
10.2558,1.2206
10.2564,1.2206
10.2569,1.2206
10.2574,1.2257
10.2580,1.2206
10.2585,1.2206
10.2591,1.2206
10.2596,1.2206
10.2601,1.2206
10.2607,1.2206
10.2612,1.2206
10.2619,1.2206
10.2624,1.2206
10.2629,1.2206
10.2635,1.2206
10.2640,1.2206
10.2646,1.2206
10.2651,1.2206
10.2657,1.2206
10.2662,1.2206
10.2668,1.2206
10.2673,1.2206
10.2679,1.2257
10.2684,1.2206
10.2690,1.2257
10.2695,1.2257
10.2700,1.2257
10.2706,1.2206
10.2711,1.2206
10.2717,1.2257
10.2722,1.2257
10.2728,1.2206
10.2733,1.2206
10.2739,1.2206
10.2744,1.2257
10.2750,1.2206
10.2755,1.2206
10.2761,1.2206
10.2766,1.2257
10.2772,1.2257
10.2777,1.2257
10.2782,1.2206
10.2788,1.2257
10.2793,1.2257
10.2799,1.2257
10.2804,1.2257
10.2810,1.2206
10.2815,1.2257
10.2821,1.2206
10.2826,1.2206
10.2832,1.2206
10.2837,1.2206
10.2843,1.2257
10.2848,1.2257
10.2854,1.2206
10.2859,1.2257
10.2864,1.2257
10.2870,1.2257
10.2875,1.2257
10.2881,1.2206
10.2886,1.2257
10.2892,1.2257
10.2897,1.2257
10.2903,1.2206
10.2908,1.2206
10.2914,1.2206
10.2919,1.2257
10.2925,1.2206
10.2930,1.2307
10.2936,1.2257
10.2941,1.2257
10.2946,1.2257
10.2952,1.2257
10.2957,1.2206
10.2963,1.2257
10.2968,1.2257
10.2974,1.2257
10.2979,1.2257
10.2985,1.2257
10.2990,1.2257
10.2996,1.2257
10.3001,1.2206
10.3007,1.2257
10.3012,1.2257
10.3018,1.2257
10.3023,1.2307
10.3029,1.2257
10.3034,1.2307
10.3039,1.2257
10.3045,1.2257
10.3050,1.2257
10.3056,1.2257
10.3062,1.2257
10.3067,1.2206
10.3072,1.2257
10.3078,1.2257
10.3083,1.2257
10.3089,1.2257
10.3094,1.2257
10.3100,1.2257
10.3105,1.2257
10.3111,1.2257
10.3116,1.2257
10.3122,1.2257
10.3127,1.2257
10.3133,1.2307
10.3138,1.2257
10.3144,1.2257
10.3149,1.2257
10.3154,1.2257
10.3160,1.2257
10.3165,1.2307
10.3171,1.2257
10.3176,1.2257
10.3182,1.2257
10.3187,1.2307
10.3193,1.2307
10.3198,1.2307
10.3204,1.2307
10.3209,1.2257
10.3215,1.2307
10.3220,1.2257
10.3226,1.2307
10.3231,1.2257
10.3237,1.2307
10.3242,1.2257
10.3247,1.2307
10.3253,1.2257
10.3258,1.2257
10.3264,1.2307
10.3269,1.2257
10.3275,1.2257
10.3280,1.2307
10.3286,1.2307
10.3291,1.2257
10.3297,1.2257
10.3302,1.2257
10.3308,1.2257
10.3313,1.2257
10.3319,1.2257
10.3324,1.2257
10.3329,1.2307
10.3335,1.2257
10.3340,1.2307
10.3346,1.2307
10.3351,1.2257
10.3357,1.2307
10.3362,1.2257
10.3368,1.2257
10.3373,1.2307
10.3379,1.2257
10.3384,1.2257
10.3390,1.2307
10.3395,1.2206
10.3401,1.2257
10.3406,1.2257
10.3411,1.2257
10.3417,1.2257
10.3422,1.2307
10.3428,1.2307
10.3433,1.2358
10.3439,1.2307
10.3444,1.2307
10.3450,1.2307
10.3455,1.2307
10.3461,1.2257
10.3466,1.2307
10.3472,1.2257
10.3477,1.2307
10.3483,1.2257
10.3488,1.2307
10.3494,1.2307
10.3499,1.2307
10.3504,1.2257
10.3510,1.2307
10.3515,1.2257
10.3521,1.2307
10.3526,1.2257
10.3532,1.2257
10.3537,1.2257
10.3543,1.2257
10.3548,1.2257
10.3554,1.2257
10.3559,1.2307
10.3565,1.2257
10.3570,1.2307
10.3576,1.2257
10.3581,1.2307
10.3586,1.2307
10.3592,1.2257
10.3597,1.2307
10.3603,1.2307
10.3608,1.2257
10.3614,1.2307
10.3619,1.2257
10.3625,1.2257
10.3630,1.2257
10.3636,1.2307
10.3641,1.2257
10.3647,1.2307
10.3652,1.2307
10.3658,1.2307
10.3663,1.2307
10.3669,1.2307
10.3674,1.2307
10.3680,1.2257
10.3685,1.2307
10.3691,1.2307
10.3696,1.2257
10.3702,1.2307
10.3707,1.2257
10.3712,1.2257
10.3718,1.2257
10.3723,1.2307
10.3729,1.2307
10.3734,1.2307
10.3740,1.2257
10.3745,1.2307
10.3751,1.2307
10.3756,1.2307
10.3762,1.2257
10.3767,1.2307
10.3773,1.2257
10.3778,1.2307
10.3784,1.2307
10.3789,1.2307
10.3795,1.2307
10.3800,1.2307
10.3806,1.2257
10.3811,1.2307
10.3817,1.2257
10.3822,1.2307
10.3827,1.2257
10.3833,1.2257
10.3838,1.2257
10.3844,1.2257
10.3849,1.2307
10.3855,1.2307
10.3860,1.2257
10.3866,1.2307
10.3871,1.2257
10.3877,1.2257
10.3882,1.2257
10.3888,1.2257
10.3893,1.2307
10.3899,1.2307
10.3904,1.2257
10.3910,1.2206
10.3915,1.2307
10.3920,1.2307
10.3926,1.2307
10.3931,1.2257
10.3937,1.2307
10.3942,1.2307
10.3948,1.2307
10.3953,1.2307
10.3959,1.2206
10.3964,1.2257
10.3970,1.2257
10.3975,1.2307
10.3981,1.2307
10.3986,1.2257
10.3992,1.2257
10.3997,1.2307
10.4002,1.2257
10.4008,1.2257
10.4013,1.2307
10.4019,1.2257
10.4024,1.2307
10.4030,1.2307
10.4035,1.2257
10.4041,1.2307
10.4046,1.2257
10.4052,1.2307
10.4057,1.2257
10.4063,1.2257
10.4068,1.2307
10.4073,1.2257
10.4079,1.2307
10.4084,1.2307
10.4090,1.2257
10.4095,1.2307
10.4101,1.2307
10.4106,1.2257
10.4112,1.2257
10.4117,1.2257
10.4123,1.2257
10.4128,1.2307
10.4134,1.2257
10.4139,1.2257
10.4144,1.2257
10.4150,1.2257
10.4155,1.2307
10.4161,1.2307
10.4166,1.2257
10.4172,1.2307
10.4177,1.2257
10.4183,1.2257
10.4188,1.2257
10.4194,1.2307
10.4199,1.2307
10.4205,1.2257
10.4210,1.2307
10.4216,1.2257
10.4221,1.2257
10.4227,1.2257
10.4232,1.2257
10.4237,1.2307
10.4243,1.2257
10.4248,1.2257
10.4254,1.2257
10.4259,1.2257
10.4265,1.2257
10.4270,1.2307
10.4276,1.2257
10.4281,1.2307
10.4287,1.2257
10.4292,1.2257
10.4298,1.2307
10.4303,1.2257
10.4309,1.2257
10.4314,1.2307
10.4319,1.2307
10.4325,1.2307
10.4330,1.2307
10.4336,1.2257
10.4341,1.2257
10.4347,1.2307
10.4352,1.2257
10.4358,1.2307
10.4363,1.2257
10.4369,1.2257
10.4374,1.2257
10.4380,1.2307
10.4385,1.2257
10.4390,1.2257
10.4396,1.2307
10.4401,1.2257
10.4407,1.2307
10.4412,1.2257
10.4418,1.2307
10.4423,1.2307
10.4429,1.2307
10.4434,1.2307
10.4440,1.2257
10.4445,1.2307
10.4451,1.2307
10.4456,1.2257
10.4462,1.2257
10.4467,1.2257
10.4473,1.2307
10.4478,1.2307
10.4484,1.2257
10.4489,1.2206
10.4495,1.2257
10.4500,1.2307
10.4505,1.2257
10.4511,1.2307
10.4516,1.2257
10.4522,1.2257
10.4527,1.2257
10.4533,1.2257
10.4538,1.2307
10.4544,1.2257
10.4549,1.2307
10.4555,1.2307
10.4560,1.2257
10.4566,1.2257
10.4571,1.2206
10.4577,1.2257
10.4582,1.2307
10.4587,1.2257
10.4593,1.2307
10.4598,1.2257
10.4604,1.2257
10.4609,1.2257
10.4615,1.2307
10.4620,1.2257
10.4626,1.2257
10.4632,1.2257
10.4637,1.2257
10.4642,1.2307
10.4648,1.2257
10.4653,1.2257
10.4659,1.2257
10.4664,1.2257
10.4670,1.2257
10.4675,1.2307
10.4681,1.2307
10.4686,1.2307
10.4692,1.2257
10.4697,1.2257
10.4703,1.2257
10.4708,1.2257
10.4714,1.2257
10.4719,1.2257
10.4724,1.2257
10.4730,1.2257
10.4735,1.2257
10.4741,1.2307
10.4746,1.2257
10.4752,1.2257
10.4757,1.2257
10.4763,1.2307
10.4768,1.2257
10.4774,1.2206
10.4779,1.2257
10.4785,1.2206
10.4790,1.2257
10.4796,1.2257
10.4801,1.2206
10.4807,1.2257
10.4812,1.2307
10.4817,1.2257
10.4823,1.2307
10.4828,1.2257
10.4834,1.2206
10.4839,1.2257
10.4845,1.2257
10.4850,1.2307
10.4856,1.2206
10.4861,1.2307
10.4867,1.2257
10.4872,1.2257
10.4878,1.2206
10.4883,1.2257
10.4889,1.2257
10.4894,1.2307
10.4900,1.2206
10.4905,1.2257
10.4911,1.2257
10.4916,1.2257
10.4922,1.2257
10.4927,1.2257
10.4933,1.2257
10.4938,1.2257
10.4944,1.2206
10.4949,1.2307
10.4955,1.2257
10.4960,1.2257
10.4965,1.2257
10.4971,1.2257
10.4976,1.2206
10.4982,1.2257
10.4987,1.2206
10.4993,1.2257
10.4998,1.2257
10.5004,1.2257
10.5009,1.2257
10.5015,1.2257
10.5020,1.2257
10.5026,1.2257
10.5031,1.2257
10.5037,1.2206
10.5042,1.2307
10.5048,1.2206
10.5053,1.2257
10.5059,1.2257
10.5064,1.2257
10.5070,1.2257
10.5075,1.2257
10.5080,1.2257
10.5086,1.2257
10.5091,1.2206
10.5097,1.2257
10.5102,1.2206
10.5108,1.2257
10.5113,1.2206
10.5119,1.2257
10.5124,1.2257
10.5130,1.2206
10.5135,1.2206
10.5141,1.2257
10.5147,1.2257
10.5152,1.2206
10.5158,1.2206
10.5163,1.2206
10.5168,1.2257
10.5174,1.2206
10.5179,1.2206
10.5185,1.2257
10.5190,1.2206
10.5196,1.2257
10.5201,1.2206
10.5207,1.2206
10.5212,1.2257
10.5218,1.2206
10.5223,1.2206
10.5229,1.2257
10.5234,1.2257
10.5240,1.2156
10.5245,1.2257
10.5251,1.2206
10.5256,1.2257
10.5262,1.2206
10.5267,1.2206
10.5273,1.2206
10.5278,1.2206
10.5284,1.2206
10.5289,1.2257
10.5295,1.2257
10.5300,1.2206
10.5305,1.2257
10.5311,1.2156
10.5316,1.2257
10.5322,1.2206
10.5327,1.2257
10.5333,1.2257
10.5338,1.2206
10.5344,1.2206
10.5349,1.2206
10.5355,1.2206
10.5360,1.2206
10.5366,1.2257
10.5371,1.2206
10.5377,1.2257
10.5382,1.2206
10.5388,1.2206
10.5393,1.2257
10.5399,1.2257
10.5404,1.2206
10.5409,1.2206
10.5415,1.2156
10.5420,1.2206
10.5426,1.2257
10.5431,1.2206
10.5437,1.2257
10.5442,1.2206
10.5448,1.2206
10.5453,1.2257
10.5459,1.2206
10.5464,1.2206
10.5470,1.2257
10.5475,1.2156
10.5481,1.2257
10.5486,1.2257
10.5492,1.2257
10.5497,1.2257
10.5503,1.2257
10.5508,1.2156
10.5514,1.2206
10.5519,1.2206
10.5525,1.2206
10.5530,1.2206
10.5535,1.2257
10.5541,1.2206
10.5546,1.2206
10.5552,1.2206
10.5557,1.2257
10.5563,1.2257
10.5568,1.2206
10.5574,1.2257
10.5579,1.2257
10.5585,1.2206
10.5590,1.2257
10.5596,1.2206
10.5601,1.2257
10.5607,1.2257
10.5612,1.2206
10.5618,1.2206
10.5623,1.2206
10.5629,1.2257
10.5634,1.2206
10.5640,1.2206
10.5645,1.2257
10.5651,1.2206
10.5656,1.2257
10.5662,1.2206
10.5667,1.2206
10.5673,1.2206
10.5678,1.2206
10.5684,1.2206
10.5689,1.2257
10.5694,1.2257
10.5700,1.2206
10.5705,1.2257
10.5711,1.2257
10.5716,1.2206
10.5722,1.2257
10.5727,1.2156
10.5733,1.2206
10.5738,1.2206
10.5744,1.2156
10.5749,1.2257
10.5755,1.2206
10.5760,1.2206
10.5766,1.2206
10.5771,1.2206
10.5777,1.2257
10.5782,1.2206
10.5788,1.2257
10.5793,1.2156
10.5799,1.2206
10.5804,1.2257
10.5809,1.2206
10.5815,1.2257
10.5820,1.2206
10.5826,1.2257
10.5831,1.2156
10.5837,1.2206
10.5843,1.2257
10.5848,1.2206
10.5853,1.2257
10.5859,1.2206
10.5864,1.2206
10.5870,1.2206
10.5875,1.2206
10.5881,1.2206
10.5886,1.2257
10.5892,1.2206
10.5897,1.2257
10.5903,1.2257
10.5908,1.2206
10.5914,1.2206
10.5919,1.2206
10.5925,1.2257
10.5930,1.2206
10.5936,1.2206
10.5941,1.2257
10.5947,1.2206
10.5952,1.2206
10.5958,1.2257
10.5963,1.2156
10.5968,1.2206
10.5974,1.2206
10.5979,1.2206
10.5985,1.2206
10.5990,1.2206
10.5996,1.2257
10.6001,1.2206
10.6007,1.2206
10.6012,1.2206
10.6018,1.2206
10.6023,1.2206
10.6029,1.2257
10.6034,1.2206
10.6040,1.2206
10.6047,1.2257
10.6052,1.2206
10.6058,1.2156
10.6064,1.2206
10.6070,1.2206
10.6076,1.2206
10.6081,1.2206
10.6087,1.2206
10.6093,1.2206
10.6098,1.2257
10.6104,1.2257
10.6110,1.2206
10.6115,1.2156
10.6121,1.2206
10.6126,1.2206
10.6132,1.2206
10.6137,1.2206
10.6143,1.2257
10.6148,1.2257
10.6154,1.2206
10.6159,1.2206
10.6165,1.2156
10.6170,1.2257
10.6176,1.2206
10.6181,1.2206
10.6187,1.2206
10.6192,1.2206
10.6198,1.2206
10.6204,1.2257
10.6210,1.2206
10.6215,1.2206
10.6221,1.2257
10.6227,1.2156
10.6233,1.2206
10.6238,1.2156
10.6244,1.2206
10.6249,1.2206
10.6255,1.2206
10.6261,1.2206
10.6267,1.2206
10.6273,1.2206
10.6280,1.2257
10.6287,1.2206
10.6293,1.2156
10.6299,1.2206
10.6305,1.2206
10.6310,1.2206
10.6316,1.2257
10.6322,1.2206
10.6327,1.2257
10.6333,1.2206
10.6338,1.2206
10.6344,1.2156
10.6349,1.2206
10.6355,1.2206
10.6360,1.2156
10.6366,1.2156
10.6372,1.2156
10.6377,1.2206
10.6383,1.2257
10.6389,1.2257
10.6394,1.2257
10.6400,1.2156
10.6405,1.2206
10.6411,1.2156
10.6416,1.2206
10.6422,1.2156
10.6427,1.2156
10.6433,1.2206
10.6438,1.2206
10.6443,1.2257
10.6449,1.2206
10.6454,1.2156
10.6460,1.2156
10.6465,1.2206
10.6471,1.2206
10.6476,1.2206
10.6481,1.2206
10.6487,1.2206
10.6492,1.2156
10.6498,1.2206
10.6503,1.2156
10.6509,1.2206
10.6514,1.2206
10.6520,1.2206
10.6525,1.2156
10.6530,1.2206
10.6536,1.2206
10.6541,1.2206
10.6547,1.2156
10.6553,1.2156
10.6558,1.2206
10.6563,1.2156
10.6569,1.2206
10.6574,1.2156
10.6580,1.2257
10.6585,1.2156
10.6591,1.2206
10.6596,1.2156
10.6602,1.2206
10.6607,1.2156
10.6612,1.2206
10.6618,1.2206
10.6623,1.2206
10.6629,1.2206
10.6634,1.2156
10.6640,1.2156
10.6646,1.2206
10.6652,1.2156
10.6657,1.2156
10.6662,1.2156
10.6668,1.2206
10.6673,1.2156
10.6679,1.2156
10.6684,1.2206
10.6689,1.2156
10.6695,1.2156
10.6700,1.2206
10.6706,1.2206
10.6711,1.2156
10.6716,1.2156
10.6722,1.2156
10.6727,1.2206
10.6732,1.2156
10.6738,1.2206
10.6743,1.2206
10.6749,1.2206
10.6754,1.2156
10.6759,1.2206
10.6765,1.2156
10.6770,1.2206
10.6775,1.2206
10.6781,1.2206
10.6786,1.2156
10.6792,1.2206
10.6797,1.2156
10.6802,1.2156
10.6808,1.2156
10.6813,1.2206
10.6818,1.2206
10.6824,1.2106
10.6829,1.2206
10.6835,1.2156
10.6840,1.2206
10.6845,1.2156
10.6851,1.2156
10.6856,1.2156
10.6862,1.2156
10.6867,1.2206
10.6872,1.2106
10.6878,1.2156
10.6883,1.2206
10.6889,1.2156
10.6894,1.2206
10.6899,1.2206
10.6905,1.2156
10.6910,1.2206
10.6916,1.2206
10.6921,1.2156
10.6926,1.2156
10.6932,1.2156
10.6937,1.2156
10.6942,1.2156
10.6948,1.2206
10.6953,1.2106
10.6959,1.2156
10.6964,1.2156
10.6969,1.2156
10.6975,1.2156
10.6980,1.2156
10.6985,1.2156
10.6991,1.2156
10.6996,1.2106
10.7002,1.2156
10.7007,1.2206
10.7012,1.2156
10.7018,1.2156
10.7023,1.2206
10.7028,1.2106
10.7034,1.2156
10.7039,1.2206
10.7045,1.2156
10.7050,1.2156
10.7055,1.2156
10.7061,1.2156
10.7066,1.2106
10.7071,1.2156
10.7077,1.2156
10.7082,1.2156
10.7088,1.2156
10.7093,1.2206
10.7098,1.2156
10.7104,1.2156
10.7109,1.2156
10.7115,1.2106
10.7120,1.2206
10.7125,1.2156
10.7131,1.2106
10.7136,1.2106
10.7141,1.2156
10.7147,1.2156
10.7152,1.2156
10.7158,1.2156
10.7163,1.2206
10.7168,1.2156
10.7174,1.2156
10.7179,1.2156
10.7184,1.2156
10.7190,1.2156
10.7195,1.2156
10.7201,1.2206
10.7206,1.2156
10.7212,1.2156
10.7217,1.2156
10.7222,1.2206
10.7228,1.2156
10.7233,1.2156
10.7239,1.2156
10.7244,1.2156
10.7250,1.2106
10.7255,1.2156
10.7261,1.2206
10.7266,1.2156
10.7271,1.2156
10.7277,1.2156
10.7282,1.2156
10.7288,1.2156
10.7293,1.2156
10.7298,1.2156
10.7304,1.2106
10.7309,1.2156
10.7315,1.2156
10.7320,1.2156
10.7326,1.2106
10.7331,1.2156
10.7336,1.2156
10.7342,1.2156
10.7347,1.2106
10.7353,1.2156
10.7358,1.2156
10.7363,1.2106
10.7369,1.2106
10.7374,1.2156
10.7380,1.2106
10.7385,1.2156
10.7391,1.2106
10.7396,1.2206
10.7401,1.2156
10.7407,1.2106
10.7412,1.2106
10.7418,1.2156
10.7423,1.2156
10.7428,1.2106
10.7434,1.2156
10.7439,1.2156
10.7445,1.2156
10.7450,1.2156
10.7456,1.2156
10.7461,1.2156
10.7466,1.2106
10.7472,1.2106
10.7477,1.2156
10.7483,1.2106
10.7488,1.2156
10.7493,1.2156
10.7499,1.2156
10.7504,1.2156
10.7510,1.2156
10.7515,1.2106
10.7520,1.2156
10.7526,1.2156
10.7531,1.2106
10.7537,1.2156
10.7542,1.2156
10.7548,1.2156
10.7553,1.2156
10.7558,1.2156
10.7564,1.2106
10.7569,1.2106
10.7575,1.2156
10.7580,1.2156
10.7586,1.2106
10.7591,1.2106
10.7596,1.2156
10.7602,1.2156
10.7607,1.2106
10.7613,1.2106
10.7618,1.2156
10.7623,1.2106
10.7629,1.2156
10.7634,1.2106
10.7640,1.2106
10.7645,1.2156
10.7651,1.2106
10.7657,1.2106
10.7662,1.2106
10.7668,1.2106
10.7673,1.2106
10.7679,1.2106
10.7684,1.2106
10.7690,1.2156
10.7695,1.2106
10.7701,1.2156
10.7706,1.2106
10.7712,1.2106
10.7717,1.2106
10.7723,1.2156
10.7728,1.2156
10.7734,1.2106
10.7739,1.2106
10.7745,1.2106
10.7750,1.2156
10.7756,1.2106
10.7761,1.2156
10.7766,1.2106
10.7772,1.2106
10.7777,1.2156
10.7783,1.2156
10.7789,1.2156
10.7794,1.2106
10.7800,1.2106
10.7805,1.2106
10.7811,1.2156
10.7816,1.2106
10.7822,1.2156
10.7827,1.2106
10.7833,1.2106
10.7838,1.2156
10.7843,1.2156
10.7849,1.2106
10.7854,1.2106
10.7860,1.2106
10.7865,1.2106
10.7871,1.2106
10.7876,1.2106
10.7882,1.2106
10.7887,1.2106
10.7893,1.2106
10.7898,1.2106
10.7904,1.2106
10.7909,1.2106
10.7915,1.2156
10.7920,1.2106
10.7926,1.2156
10.7931,1.2106
10.7937,1.2156
10.7942,1.2106
10.7948,1.2156
10.7953,1.2106
10.7959,1.2156
10.7964,1.2156
10.7970,1.2156
10.7975,1.2106
10.7981,1.2156
10.7986,1.2106
10.7992,1.2106
10.7997,1.2106
10.8002,1.2106
10.8008,1.2156
10.8013,1.2106
10.8019,1.2106
10.8024,1.2106
10.8030,1.2106
10.8035,1.2055
10.8041,1.2106
10.8046,1.2055
10.8052,1.2156
10.8057,1.2106
10.8063,1.2106
10.8068,1.2106
10.8074,1.2106
10.8079,1.2106
10.8085,1.2156
10.8090,1.2106
10.8096,1.2106
10.8101,1.2156
10.8106,1.2106
10.8112,1.2156
10.8117,1.2106
10.8123,1.2106
10.8128,1.2156
10.8134,1.2106
10.8139,1.2106
10.8145,1.2156
10.8150,1.2106
10.8156,1.2106
10.8161,1.2106
10.8167,1.2106
10.8172,1.2106
10.8178,1.2106
10.8183,1.2156
10.8189,1.2106
10.8194,1.2106
10.8200,1.2106
10.8205,1.2055
10.8211,1.2106
10.8216,1.2106
10.8222,1.2106
10.8227,1.2106
10.8233,1.2106
10.8238,1.2055
10.8244,1.2156
10.8249,1.2106
10.8255,1.2106
10.8260,1.2156
10.8265,1.2156
10.8271,1.2156
10.8276,1.2106
10.8282,1.2106
10.8287,1.2106
10.8293,1.2106
10.8299,1.2156
10.8304,1.2106
10.8310,1.2106
10.8315,1.2106
10.8321,1.2106
10.8326,1.2156
10.8332,1.2156
10.8337,1.2106
10.8342,1.2106
10.8348,1.2106
10.8353,1.2106
10.8359,1.2106
10.8364,1.2156
10.8370,1.2156
10.8375,1.2106
10.8381,1.2106
10.8386,1.2156
10.8392,1.2106
10.8397,1.2106
10.8403,1.2106
10.8408,1.2106
10.8414,1.2106
10.8419,1.2055
10.8425,1.2106
10.8430,1.2106
10.8436,1.2055
10.8441,1.2106
10.8446,1.2106
10.8452,1.2106
10.8457,1.2156
10.8463,1.2106
10.8468,1.2106
10.8474,1.2156
10.8479,1.2106
10.8485,1.2156
10.8490,1.2106
10.8496,1.2106
10.8501,1.2106
10.8507,1.2106
10.8512,1.2106
10.8518,1.2106
10.8523,1.2106
10.8529,1.2106
10.8534,1.2156
10.8540,1.2106
10.8545,1.2106
10.8550,1.2055
10.8556,1.2106
10.8561,1.2156
10.8567,1.2055
10.8572,1.2106
10.8578,1.2106
10.8583,1.2106
10.8589,1.2106
10.8594,1.2055
10.8600,1.2106
10.8605,1.2106
10.8611,1.2106
10.8616,1.2106
10.8622,1.2156
10.8627,1.2055
10.8633,1.2106
10.8638,1.2106
10.8643,1.2106
10.8649,1.2106
10.8654,1.2106
10.8660,1.2106
10.8665,1.2055
10.8671,1.2106
10.8676,1.2106
10.8682,1.2156
10.8687,1.2106
10.8693,1.2106
10.8698,1.2106
10.8704,1.2156
10.8709,1.2106
10.8715,1.2106
10.8720,1.2106
10.8725,1.2106
10.8731,1.2106
10.8736,1.2156
10.8742,1.2106
10.8747,1.2106
10.8753,1.2156
10.8758,1.2156
10.8764,1.2156
10.8769,1.2106
10.8775,1.2106
10.8780,1.2055
10.8786,1.2106
10.8791,1.2106
10.8797,1.2106
10.8802,1.2106
10.8808,1.2156
10.8813,1.2106
10.8818,1.2106
10.8824,1.2106
10.8829,1.2106
10.8835,1.2055
10.8840,1.2106
10.8846,1.2106
10.8851,1.2106
10.8857,1.2106
10.8862,1.2156
10.8868,1.2106
10.8873,1.2156
10.8879,1.2106
10.8884,1.2106
10.8890,1.2156
10.8895,1.2055
10.8901,1.2156
10.8906,1.2106
10.8912,1.2106
10.8917,1.2106
10.8922,1.2055
10.8928,1.2106
10.8933,1.2106
10.8939,1.2106
10.8944,1.2106
10.8950,1.2106
10.8955,1.2106
10.8961,1.2106
10.8966,1.2106
10.8972,1.2106
10.8977,1.2106
10.8983,1.2106
10.8988,1.2106
10.8994,1.2106
10.8999,1.2106
10.9004,1.2106
10.9010,1.2106
10.9015,1.2106
10.9021,1.2106
10.9026,1.2106
10.9032,1.2106
10.9037,1.2156
10.9043,1.2156
10.9048,1.2106
10.9054,1.2106
10.9059,1.2106
10.9065,1.2106
10.9070,1.2156
10.9076,1.2106
10.9081,1.2106
10.9087,1.2106
10.9092,1.2106
10.9097,1.2106
10.9103,1.2106
10.9108,1.2106
10.9114,1.2156
10.9119,1.2106
10.9125,1.2106
10.9130,1.2106
10.9136,1.2106
10.9141,1.2106
10.9147,1.2106
10.9152,1.2156
10.9158,1.2055
10.9163,1.2106
10.9169,1.2055
10.9174,1.2106
10.9179,1.2055
10.9185,1.2156
10.9190,1.2156
10.9196,1.2106
10.9201,1.2106
10.9207,1.2106
10.9212,1.2106
10.9218,1.2106
10.9223,1.2106
10.9229,1.2106
10.9234,1.2106
10.9240,1.2106
10.9245,1.2106
10.9251,1.2106
10.9256,1.2055
10.9261,1.2106
10.9267,1.2106
10.9272,1.2055
10.9278,1.2106
10.9283,1.2106
10.9289,1.2055
10.9294,1.2106
10.9300,1.2106
10.9305,1.2106
10.9311,1.2106
10.9316,1.2106
10.9322,1.2106
10.9327,1.2106
10.9333,1.2106
10.9338,1.2106
10.9344,1.2106
10.9349,1.2106
10.9355,1.2106
10.9360,1.2106
10.9366,1.2106
10.9371,1.2106
10.9377,1.2106
10.9382,1.2106
10.9388,1.2106
10.9393,1.2156
10.9398,1.2106
10.9404,1.2106
10.9409,1.2106
10.9415,1.2055
10.9420,1.2055
10.9426,1.2106
10.9431,1.2055
10.9437,1.2106
10.9442,1.2106
10.9448,1.2156
10.9453,1.2106
10.9459,1.2106
10.9464,1.2055
10.9470,1.2106
10.9475,1.2106
10.9481,1.2106
10.9486,1.2106
10.9491,1.2055
10.9497,1.2106
10.9502,1.2055
10.9508,1.2156
10.9513,1.2106
10.9519,1.2106
10.9524,1.2106
10.9530,1.2055
10.9535,1.2106
10.9541,1.2106
10.9546,1.2055
10.9552,1.2106
10.9557,1.2106
10.9562,1.2156
10.9568,1.2055
10.9573,1.2106
10.9579,1.2106
10.9584,1.2106
10.9590,1.2106
10.9595,1.2106
10.9601,1.2106
10.9606,1.2055
10.9612,1.2106
10.9617,1.2106
10.9623,1.2055
10.9628,1.2106
10.9634,1.2106
10.9639,1.2106
10.9645,1.2106
10.9650,1.2106
10.9655,1.2106
10.9661,1.2106
10.9667,1.2055
10.9672,1.2106
10.9678,1.2106
10.9683,1.2106
10.9689,1.2106
10.9694,1.2106
10.9700,1.2106
10.9705,1.2106
10.9711,1.2106
10.9716,1.2156
10.9722,1.2106
10.9727,1.2055
10.9733,1.2106
10.9738,1.2106
10.9743,1.2106
10.9749,1.2106
10.9754,1.2156
10.9760,1.2106
10.9765,1.2106
10.9771,1.2156
10.9776,1.2055
10.9782,1.2106
10.9787,1.2106
10.9793,1.2055
10.9798,1.2106
10.9804,1.2055
10.9809,1.2055
10.9815,1.2106
10.9820,1.2055
10.9826,1.2106
10.9831,1.2106
10.9836,1.2055
10.9842,1.2055
10.9847,1.2106
10.9853,1.2055
10.9858,1.2055
10.9864,1.2106
10.9869,1.2106
10.9875,1.2055
10.9880,1.2106
10.9886,1.2055
10.9891,1.2106
10.9897,1.2055
10.9902,1.2106
10.9908,1.2055
10.9913,1.2106
10.9918,1.2106
10.9924,1.2106
10.9929,1.2156
10.9935,1.2106
10.9940,1.2055
10.9946,1.2106
10.9951,1.2106
10.9957,1.2055
10.9962,1.2106
10.9968,1.2055
10.9973,1.2106
10.9979,1.2106
10.9984,1.2156
10.9990,1.2106
10.9995,1.2055
11.0000,1.2055
11.0006,1.2055
11.0012,1.2106
11.0017,1.2055
11.0023,1.2106
11.0028,1.2055
11.0034,1.2156
11.0039,1.2055
11.0044,1.2106
11.0050,1.2106
11.0055,1.2106
11.0061,1.2055
11.0066,1.2106
11.0072,1.2106
11.0077,1.2106
11.0083,1.2106
11.0088,1.2055
11.0094,1.2055
11.0099,1.2106
11.0105,1.2055
11.0110,1.2106
11.0116,1.2106
11.0121,1.2055
11.0126,1.2156
11.0132,1.2106
11.0137,1.2106
11.0143,1.2106
11.0148,1.2055
11.0154,1.2055
11.0159,1.2106
11.0165,1.2106
11.0170,1.2106
11.0176,1.2055
11.0181,1.2106
11.0187,1.2055
11.0192,1.2106
11.0197,1.2106
11.0203,1.2106
11.0208,1.2106
11.0214,1.2055
11.0219,1.2106
11.0225,1.2106
11.0230,1.2106
11.0236,1.2106
11.0241,1.2055
11.0247,1.2106
11.0252,1.2055
11.0258,1.2106
11.0263,1.2055
11.0269,1.2106
11.0274,1.2156
11.0279,1.2106
11.0285,1.2055
11.0290,1.2055
11.0296,1.2106
11.0301,1.2106
11.0307,1.2106
11.0312,1.2055
11.0318,1.2055
11.0323,1.2106
11.0329,1.2106
11.0334,1.2106
11.0340,1.2106
11.0345,1.2106
11.0350,1.2106
11.0356,1.2055
11.0361,1.2106
11.0367,1.2055
11.0372,1.2106
11.0378,1.2055
11.0383,1.2055
11.0389,1.2055
11.0394,1.2055
11.0400,1.2106
11.0405,1.2106
11.0411,1.2106
11.0416,1.2106
11.0422,1.2106
11.0427,1.2005
11.0433,1.2055
11.0438,1.2156
11.0443,1.2055
11.0449,1.2055
11.0454,1.2106
11.0460,1.2055
11.0465,1.2156
11.0471,1.2106
11.0476,1.2055
11.0482,1.2106
11.0487,1.2055
11.0493,1.2106
11.0498,1.2106
11.0504,1.2055
11.0509,1.2055
11.0514,1.2106
11.0520,1.2156
11.0525,1.2055
11.0531,1.2106
11.0536,1.2055
11.0542,1.2106
11.0547,1.2055
11.0553,1.2106
11.0558,1.2055
11.0564,1.2055
11.0569,1.2055
11.0575,1.2106
11.0580,1.2106
11.0586,1.2106
11.0591,1.2055
11.0596,1.2106
11.0602,1.2055
11.0607,1.2055
11.0613,1.2106
11.0618,1.2055
11.0624,1.2106
11.0629,1.2055
11.0635,1.2055
11.0640,1.2055
11.0646,1.2106
11.0651,1.2055
11.0657,1.2055
11.0662,1.2055
11.0668,1.2106
11.0673,1.2106
11.0679,1.2055
11.0684,1.2055
11.0690,1.2106
11.0695,1.2106
11.0701,1.2055
11.0707,1.2106
11.0712,1.2106
11.0717,1.2055
11.0723,1.2055
11.0728,1.2055
11.0734,1.2055
11.0739,1.2055
11.0745,1.2055
11.0750,1.2106
11.0756,1.2055
11.0761,1.2106
11.0767,1.2055
11.0772,1.2055
11.0778,1.2106
11.0783,1.2106
11.0789,1.2055
11.0794,1.2055
11.0800,1.2055
11.0805,1.2055
11.0811,1.2106
11.0816,1.2106
11.0822,1.2106
11.0827,1.2055
11.0833,1.2106
11.0838,1.2055
11.0844,1.2055
11.0849,1.2005
11.0854,1.2055
11.0860,1.2055
11.0865,1.2106
11.0871,1.2106
11.0876,1.2106
11.0882,1.2055
11.0887,1.2055
11.0893,1.2106
11.0898,1.2055
11.0904,1.2005
11.0909,1.2106
11.0915,1.2055
11.0920,1.2106
11.0926,1.2106
11.0931,1.2106
11.0936,1.2055
11.0942,1.2055
11.0947,1.2106
11.0953,1.2055
11.0958,1.2106
11.0964,1.2055
11.0969,1.2106
11.0975,1.2106
11.0980,1.2055
11.0986,1.2055
11.0991,1.2106
11.0997,1.2055
11.1002,1.2106
11.1008,1.2106
11.1013,1.2106
11.1019,1.2106
11.1024,1.2106
11.1030,1.2106
11.1035,1.2055
11.1041,1.2106
11.1047,1.2106
11.1053,1.2005
11.1059,1.2106
11.1065,1.2106
11.1070,1.2005
11.1076,1.2106
11.1082,1.2106
11.1087,1.2106
11.1093,1.2005
11.1099,1.2055
11.1104,1.2055
11.1110,1.2106
11.1115,1.2106
11.1121,1.2106
11.1126,1.2055
11.1132,1.2106
11.1137,1.2106
11.1143,1.2055
11.1148,1.2055
11.1154,1.2055
11.1159,1.2055
11.1165,1.2005
11.1170,1.2055
11.1176,1.2055
11.1181,1.2055
11.1187,1.2055
11.1192,1.2106
11.1198,1.2055
11.1203,1.2055
11.1209,1.2055
11.1215,1.2106
11.1220,1.2106
11.1226,1.2055
11.1231,1.2055
11.1237,1.2106
11.1243,1.2055
11.1248,1.2106
11.1254,1.2106
11.1260,1.2055
11.1266,1.2055
11.1271,1.2055
11.1277,1.2055
11.1282,1.2055
11.1288,1.2106
11.1294,1.2106
11.1299,1.2055
11.1304,1.2106
11.1310,1.2055
11.1315,1.2106
11.1321,1.2055
11.1326,1.2055
11.1332,1.2055
11.1337,1.2055
11.1343,1.2055
11.1348,1.2055
11.1353,1.2055
11.1359,1.2055
11.1364,1.2106
11.1370,1.2055
11.1375,1.2055
11.1381,1.2106
11.1386,1.2055
11.1391,1.2055
11.1397,1.2106
11.1402,1.2106
11.1408,1.2106
11.1414,1.2055
11.1419,1.2055
11.1425,1.2055
11.1430,1.2106
11.1436,1.2055
11.1441,1.2055
11.1446,1.2005
11.1452,1.2055
11.1457,1.2055
11.1463,1.2106
11.1468,1.2055
11.1474,1.2106
11.1479,1.2106
11.1484,1.2055
11.1490,1.2106
11.1495,1.2055
11.1501,1.2055
11.1506,1.2055
11.1512,1.2106
11.1517,1.2106
11.1522,1.2005
11.1528,1.2106
11.1533,1.2005
11.1539,1.2055
11.1544,1.2055
11.1550,1.2106
11.1555,1.2055
11.1561,1.2055
11.1566,1.2055
11.1571,1.2055
11.1577,1.2055
11.1582,1.2055
11.1588,1.2106
11.1593,1.2106
11.1599,1.2106
11.1604,1.2055
11.1609,1.2106
11.1615,1.2005
11.1620,1.2055
11.1626,1.2055
11.1631,1.2055
11.1637,1.2055
11.1642,1.2055
11.1647,1.2106
11.1653,1.2055
11.1658,1.2106
11.1664,1.2055
11.1669,1.2106
11.1675,1.2055
11.1681,1.2005
11.1687,1.2055
11.1692,1.2055
11.1697,1.2106
11.1703,1.2055
11.1708,1.2106
11.1714,1.2055
11.1719,1.2055
11.1724,1.2055
11.1730,1.2055
11.1735,1.2106
11.1741,1.2106
11.1746,1.2055
11.1751,1.2055
11.1757,1.2055
11.1762,1.2055
11.1767,1.2055
11.1773,1.2106
11.1778,1.2055
11.1784,1.2055
11.1789,1.2055
11.1794,1.2055
11.1800,1.2055
11.1805,1.2055
11.1810,1.2106
11.1816,1.2106
11.1821,1.2005
11.1827,1.2106
11.1832,1.2055
11.1837,1.2055
11.1843,1.2055
11.1848,1.2055
11.1853,1.2055
11.1859,1.2055
11.1864,1.2055
11.1870,1.2106
11.1875,1.2055
11.1880,1.2106
11.1886,1.2055
11.1891,1.2055
11.1897,1.2055
11.1902,1.2106
11.1907,1.2055
11.1913,1.2106
11.1918,1.2055
11.1924,1.2106
11.1929,1.2106
11.1934,1.2106
11.1940,1.2055
11.1945,1.2055
11.1951,1.2055
11.1956,1.2055
11.1961,1.2055
11.1967,1.2055
11.1973,1.2005
11.1978,1.2055
11.1983,1.2055
11.1989,1.2055
11.1994,1.2055
11.2000,1.2055
11.2005,1.2055
11.2010,1.2055
11.2016,1.2055
11.2021,1.2005
11.2027,1.2055
11.2032,1.2055
11.2038,1.2055
11.2043,1.2005
11.2048,1.2055
11.2054,1.2055
11.2059,1.2055
11.2065,1.2106
11.2070,1.2055
11.2075,1.2055
11.2081,1.2055
11.2086,1.2106
11.2092,1.2055
11.2097,1.2005
11.2103,1.2055
11.2108,1.2055
11.2113,1.2055
11.2119,1.2055
11.2124,1.2055
11.2130,1.2055
11.2135,1.2055
11.2141,1.2055
11.2146,1.2055
11.2151,1.2106
11.2157,1.2055
11.2162,1.2005
11.2168,1.2055
11.2173,1.2055
11.2178,1.2055
11.2184,1.2055
11.2189,1.2106
11.2195,1.2055
11.2200,1.2005
11.2205,1.2106
11.2211,1.2055
11.2217,1.2055
11.2223,1.2106
11.2228,1.2055
11.2234,1.2055
11.2240,1.2055
11.2246,1.2005
11.2251,1.2055
11.2257,1.2055
11.2263,1.2106
11.2268,1.2055
11.2274,1.2005
11.2279,1.2055
11.2285,1.2055
11.2290,1.2055
11.2296,1.2055
11.2302,1.2055
11.2308,1.2055
11.2313,1.2106
11.2319,1.2106
11.2324,1.2055
11.2329,1.2106
11.2335,1.2055
11.2340,1.2106
11.2346,1.2055
11.2351,1.2005
11.2356,1.2106
11.2362,1.2055
11.2367,1.2055
11.2372,1.2055
11.2378,1.2055
11.2383,1.2055
11.2389,1.2106
11.2394,1.2055
11.2400,1.2106
11.2405,1.2055
11.2410,1.2106
11.2416,1.2106
11.2421,1.2055
11.2427,1.2106
11.2432,1.2106
11.2437,1.2106
11.2443,1.2106
11.2448,1.2055
11.2454,1.2106
11.2459,1.2106
11.2464,1.2106
11.2470,1.2106
11.2475,1.2055
11.2480,1.2106
11.2486,1.2055
11.2491,1.2106
11.2497,1.2106
11.2502,1.2106
11.2507,1.2106
11.2513,1.2055
11.2518,1.2005
11.2524,1.2106
11.2529,1.2106
11.2534,1.2055
11.2540,1.2106
11.2545,1.2106
11.2550,1.2156
11.2556,1.2005
11.2561,1.2106
11.2567,1.2106
11.2572,1.2106
11.2577,1.2106
11.2583,1.2106
11.2588,1.2106
11.2594,1.2106
11.2599,1.2055
11.2604,1.2106
11.2610,1.2106
11.2615,1.2106
11.2620,1.2106
11.2626,1.2106
11.2631,1.2106
11.2637,1.2055
11.2642,1.2106
11.2647,1.2106
11.2653,1.2156
11.2658,1.2106
11.2663,1.2106
11.2669,1.2106
11.2674,1.2106
11.2680,1.2156
11.2685,1.2156
11.2690,1.2156
11.2696,1.2106
11.2701,1.2106
11.2707,1.2106
11.2712,1.2156
11.2718,1.2156
11.2723,1.2106
11.2728,1.2156
11.2734,1.2156
11.2739,1.2106
11.2745,1.2156
11.2750,1.2156
11.2756,1.2156
11.2761,1.2156
11.2766,1.2206
11.2772,1.2106
11.2777,1.2156
11.2783,1.2106
11.2788,1.2106
11.2794,1.2156
11.2799,1.2156
11.2805,1.2156
11.2810,1.2156
11.2816,1.2156
11.2821,1.2106
11.2826,1.2206
11.2832,1.2106
11.2837,1.2156
11.2843,1.2156
11.2848,1.2156
11.2854,1.2156
11.2859,1.2156
11.2864,1.2106
11.2870,1.2156
11.2875,1.2156
11.2881,1.2156
11.2886,1.2156
11.2892,1.2156
11.2897,1.2206
11.2903,1.2206
11.2908,1.2156
11.2913,1.2156
11.2919,1.2206
11.2924,1.2206
11.2930,1.2156
11.2935,1.2156
11.2941,1.2206
11.2946,1.2206
11.2951,1.2156
11.2957,1.2206
11.2962,1.2156
11.2968,1.2156
11.2973,1.2106
11.2979,1.2206
11.2984,1.2206
11.2989,1.2206
11.2995,1.2206
11.3000,1.2156
11.3006,1.2206
11.3011,1.2156
11.3017,1.2206
11.3022,1.2206
11.3027,1.2206
11.3033,1.2206
11.3038,1.2206
11.3044,1.2206
11.3049,1.2206
11.3055,1.2206
11.3060,1.2206
11.3065,1.2257
11.3071,1.2206
11.3076,1.2206
11.3082,1.2206
11.3087,1.2206
11.3093,1.2206
11.3098,1.2257
11.3103,1.2206
11.3109,1.2206
11.3114,1.2206
11.3120,1.2257
11.3125,1.2206
11.3131,1.2206
11.3136,1.2206
11.3142,1.2206
11.3147,1.2257
11.3152,1.2206
11.3158,1.2206
11.3163,1.2257
11.3169,1.2206
11.3174,1.2257
11.3180,1.2206
11.3185,1.2206
11.3190,1.2257
11.3196,1.2206
11.3201,1.2206
11.3207,1.2206
11.3212,1.2206
11.3218,1.2257
11.3223,1.2257
11.3229,1.2206
11.3234,1.2257
11.3240,1.2257
11.3245,1.2206
11.3251,1.2257
11.3256,1.2206
11.3262,1.2257
11.3267,1.2257
11.3272,1.2156
11.3278,1.2206
11.3283,1.2257
11.3289,1.2206
11.3294,1.2206
11.3300,1.2257
11.3305,1.2257
11.3311,1.2156
11.3316,1.2206
11.3322,1.2257
11.3327,1.2257
11.3333,1.2206
11.3338,1.2257
11.3344,1.2257
11.3349,1.2257
11.3355,1.2206
11.3360,1.2257
11.3365,1.2206
11.3371,1.2206
11.3376,1.2257
11.3382,1.2206
11.3387,1.2206
11.3393,1.2257
11.3398,1.2206
11.3404,1.2257
11.3409,1.2206
11.3415,1.2257
11.3420,1.2206
11.3426,1.2257
11.3431,1.2257
11.3437,1.2257
11.3442,1.2257
11.3448,1.2206
11.3453,1.2257
11.3458,1.2307
11.3464,1.2307
11.3469,1.2257
11.3475,1.2257
11.3481,1.2257
11.3486,1.2206
11.3492,1.2257
11.3497,1.2206
11.3502,1.2206
11.3508,1.2257
11.3513,1.2257
11.3519,1.2307
11.3524,1.2257
11.3530,1.2257
11.3535,1.2206
11.3541,1.2257
11.3546,1.2257
11.3552,1.2206
11.3557,1.2257
11.3563,1.2307
11.3568,1.2257
11.3573,1.2307
11.3579,1.2257
11.3584,1.2257
11.3590,1.2257
11.3595,1.2257
11.3601,1.2307
11.3606,1.2257
11.3612,1.2257
11.3617,1.2307
11.3623,1.2307
11.3628,1.2257
11.3634,1.2257
11.3639,1.2257
11.3645,1.2206
11.3650,1.2257
11.3656,1.2257
11.3661,1.2257
11.3666,1.2307
11.3672,1.2257
11.3677,1.2257
11.3683,1.2257
11.3689,1.2307
11.3694,1.2257
11.3700,1.2257
11.3705,1.2257
11.3711,1.2257
11.3716,1.2257
11.3721,1.2307
11.3727,1.2257
11.3732,1.2257
11.3738,1.2257
11.3743,1.2257
11.3749,1.2307
11.3754,1.2257
11.3760,1.2257
11.3765,1.2307
11.3771,1.2257
11.3776,1.2257
11.3782,1.2257
11.3787,1.2257
11.3793,1.2206
11.3798,1.2257
11.3804,1.2257
11.3809,1.2257
11.3814,1.2257
11.3820,1.2307
11.3825,1.2257
11.3831,1.2257
11.3836,1.2257
11.3842,1.2307
11.3847,1.2257
11.3853,1.2257
11.3858,1.2257
11.3864,1.2257
11.3869,1.2307
11.3875,1.2257
11.3880,1.2307
11.3886,1.2307
11.3891,1.2257
11.3896,1.2257
11.3902,1.2257
11.3907,1.2307
11.3913,1.2206
11.3918,1.2307
11.3924,1.2257
11.3929,1.2307
11.3935,1.2257
11.3940,1.2307
11.3946,1.2257
11.3951,1.2257
11.3957,1.2257
11.3962,1.2257
11.3968,1.2307
11.3973,1.2257
11.3978,1.2307
11.3984,1.2307
11.3989,1.2257
11.3995,1.2307
11.4000,1.2307
11.4006,1.2257
11.4011,1.2307
11.4017,1.2307
11.4022,1.2257
11.4028,1.2257
11.4033,1.2307
11.4039,1.2257
11.4044,1.2307
11.4050,1.2257
11.4055,1.2307
11.4060,1.2257
11.4066,1.2307
11.4071,1.2257
11.4077,1.2257
11.4082,1.2257
11.4088,1.2257
11.4093,1.2257
11.4099,1.2307
11.4104,1.2307
11.4110,1.2307
11.4115,1.2257
11.4121,1.2257
11.4126,1.2257
11.4132,1.2257
11.4137,1.2257
11.4142,1.2257
11.4148,1.2307
11.4153,1.2257
11.4159,1.2257
11.4164,1.2307
11.4170,1.2307
11.4176,1.2257
11.4181,1.2307
11.4187,1.2257
11.4192,1.2257
11.4197,1.2257
11.4203,1.2257
11.4208,1.2307
11.4214,1.2257
11.4219,1.2257
11.4225,1.2257
11.4230,1.2257
11.4236,1.2257
11.4241,1.2307
11.4247,1.2257
11.4252,1.2307
11.4258,1.2307
11.4263,1.2307
11.4269,1.2257
11.4274,1.2257
11.4280,1.2307
11.4285,1.2257
11.4290,1.2257
11.4296,1.2257
11.4301,1.2257
11.4307,1.2307
11.4312,1.2257
11.4318,1.2257
11.4323,1.2307
11.4329,1.2257
11.4334,1.2257
11.4340,1.2257
11.4345,1.2307
11.4351,1.2257
11.4356,1.2307
11.4362,1.2307
11.4367,1.2257
11.4372,1.2307
11.4378,1.2257
11.4383,1.2257
11.4389,1.2307
11.4394,1.2307
11.4400,1.2257
11.4405,1.2257
11.4411,1.2257
11.4416,1.2257
11.4422,1.2257
11.4427,1.2257
11.4433,1.2307
11.4438,1.2206
11.4443,1.2307
11.4449,1.2206
11.4454,1.2257
11.4460,1.2206
11.4465,1.2257
11.4471,1.2257
11.4476,1.2307
11.4482,1.2307
11.4487,1.2307
11.4493,1.2257
11.4498,1.2307
11.4504,1.2257
11.4509,1.2257
11.4515,1.2257
11.4520,1.2257
11.4525,1.2257
11.4531,1.2307
11.4536,1.2257
11.4542,1.2307
11.4547,1.2307
11.4553,1.2307
11.4558,1.2206
11.4564,1.2257
11.4569,1.2257
11.4575,1.2307
11.4580,1.2257
11.4586,1.2358
11.4591,1.2257
11.4597,1.2257
11.4602,1.2257
11.4607,1.2307
11.4613,1.2307
11.4618,1.2257
11.4624,1.2257
11.4629,1.2257
11.4635,1.2206
11.4640,1.2257
11.4646,1.2307
11.4651,1.2257
11.4657,1.2307
11.4662,1.2307
11.4668,1.2307
11.4673,1.2257
11.4679,1.2257
11.4684,1.2307
11.4690,1.2307
11.4695,1.2307
11.4701,1.2257
11.4706,1.2257
11.4712,1.2257
11.4717,1.2307
11.4723,1.2257
11.4728,1.2307
11.4733,1.2307
11.4739,1.2307
11.4744,1.2307
11.4750,1.2307
11.4755,1.2257
11.4761,1.2257
11.4766,1.2307
11.4772,1.2307
11.4777,1.2307
11.4783,1.2257
11.4788,1.2257
11.4794,1.2257
11.4799,1.2307
11.4805,1.2206
11.4810,1.2257
11.4815,1.2307
11.4821,1.2257
11.4826,1.2307
11.4832,1.2257
11.4837,1.2257
11.4843,1.2307
11.4848,1.2307
11.4854,1.2206
11.4859,1.2307
11.4865,1.2257
11.4870,1.2307
11.4876,1.2257
11.4881,1.2307
11.4887,1.2307
11.4892,1.2307
11.4898,1.2257
11.4903,1.2257
11.4909,1.2307
11.4914,1.2257
11.4920,1.2257
11.4925,1.2257
11.4931,1.2257
11.4936,1.2307
11.4942,1.2307
11.4947,1.2257
11.4953,1.2307
11.4958,1.2257
11.4964,1.2257
11.4969,1.2307
11.4974,1.2257
11.4980,1.2257
11.4985,1.2257
11.4991,1.2257
11.4996,1.2257
11.5002,1.2257
11.5007,1.2257
11.5013,1.2257
11.5018,1.2257
11.5024,1.2257
11.5029,1.2307
11.5035,1.2206
11.5040,1.2257
11.5046,1.2257
11.5051,1.2257
11.5057,1.2307
11.5062,1.2307
11.5068,1.2257
11.5073,1.2307
11.5078,1.2257
11.5084,1.2307
11.5089,1.2307
11.5095,1.2257
11.5100,1.2257
11.5106,1.2257
11.5111,1.2257
11.5117,1.2307
11.5122,1.2307
11.5128,1.2257
11.5133,1.2307
11.5139,1.2257
11.5144,1.2257
11.5150,1.2257
11.5155,1.2257
11.5161,1.2257
11.5166,1.2257
11.5172,1.2257
11.5177,1.2307
11.5182,1.2307
11.5188,1.2257
11.5193,1.2257
11.5199,1.2257
11.5204,1.2257
11.5210,1.2257
11.5215,1.2257
11.5221,1.2257
11.5226,1.2257
11.5232,1.2257
11.5237,1.2257
11.5243,1.2257
11.5248,1.2257
11.5254,1.2307
11.5259,1.2257
11.5265,1.2257
11.5270,1.2257
11.5276,1.2257
11.5281,1.2206
11.5287,1.2257
11.5292,1.2206
11.5298,1.2257
11.5303,1.2257
11.5308,1.2257
11.5314,1.2257
11.5319,1.2206
11.5325,1.2307
11.5330,1.2257
11.5336,1.2206
11.5341,1.2257
11.5347,1.2206
11.5352,1.2257
11.5358,1.2257
11.5363,1.2257
11.5369,1.2206
11.5374,1.2257
11.5380,1.2206
11.5385,1.2257
11.5391,1.2206
11.5396,1.2206
11.5402,1.2257
11.5411,1.2156
11.5417,1.2206
11.5422,1.2257
11.5428,1.2206
11.5433,1.2206
11.5439,1.2206
11.5444,1.2307
11.5450,1.2257
11.5455,1.2257
11.5461,1.2206
11.5466,1.2257
11.5472,1.2206
11.5477,1.2257
11.5483,1.2156
11.5488,1.2257
11.5494,1.2257
11.5499,1.2257
11.5505,1.2257
11.5510,1.2257
11.5515,1.2257
11.5521,1.2206
11.5526,1.2257
11.5532,1.2257
11.5537,1.2206
11.5543,1.2257
11.5548,1.2257
11.5553,1.2257
11.5559,1.2257
11.5564,1.2206
11.5570,1.2206
11.5575,1.2206
11.5581,1.2257
11.5586,1.2257
11.5592,1.2257
11.5597,1.2257
11.5604,1.2257
11.5609,1.2257
11.5615,1.2257
11.5620,1.2257
11.5626,1.2206
11.5631,1.2257
11.5637,1.2257
11.5642,1.2206
11.5648,1.2206
11.5653,1.2206
11.5659,1.2206
11.5664,1.2156
11.5670,1.2206
11.5675,1.2206
11.5681,1.2206
11.5686,1.2257
11.5692,1.2206
11.5697,1.2206
11.5703,1.2257
11.5708,1.2206
11.5714,1.2206
11.5719,1.2206
11.5725,1.2257
11.5730,1.2206
11.5735,1.2257
11.5741,1.2257
11.5746,1.2257
11.5752,1.2257
11.5757,1.2257
11.5763,1.2257
11.5768,1.2257
11.5774,1.2257
11.5779,1.2257
11.5784,1.2206
11.5790,1.2206
11.5795,1.2206
11.5801,1.2206
11.5806,1.2206
11.5812,1.2257
11.5817,1.2206
11.5823,1.2206
11.5828,1.2257
11.5834,1.2257
11.5839,1.2206
11.5845,1.2257
11.5850,1.2257
11.5856,1.2206
11.5866,1.2206
11.5871,1.2206
11.5877,1.2257
11.5882,1.2206
11.5888,1.2257
11.5893,1.2257
11.5899,1.2206
11.5904,1.2257
11.5910,1.2206
11.5917,1.2206
11.5923,1.2206
11.5928,1.2206
11.5934,1.2206
11.5939,1.2257
11.5945,1.2206
11.5950,1.2257
11.5955,1.2257
11.5961,1.2257
11.5966,1.2206
11.5972,1.2257
11.5978,1.2206
11.5984,1.2206
11.5989,1.2257
11.5995,1.2257
11.6000,1.2257
11.6006,1.2257
11.6011,1.2257
11.6017,1.2206
11.6022,1.2257
11.6028,1.2206
11.6033,1.2257
11.6039,1.2206
11.6045,1.2206
11.6050,1.2257
11.6056,1.2206
11.6062,1.2257
11.6068,1.2206
11.6073,1.2206
11.6079,1.2257
11.6085,1.2206
11.6090,1.2206
11.6096,1.2257
11.6102,1.2206
11.6108,1.2257
11.6113,1.2257
11.6119,1.2257
11.6124,1.2206
11.6130,1.2206
11.6135,1.2257
11.6141,1.2206
11.6146,1.2257
11.6152,1.2206
11.6157,1.2257
11.6162,1.2257
11.6168,1.2257
11.6173,1.2206
11.6179,1.2257
11.6184,1.2206
11.6190,1.2156
11.6195,1.2206
11.6201,1.2206
11.6206,1.2156
11.6216,1.2206
11.6222,1.2257
11.6227,1.2206
11.6233,1.2206
11.6239,1.2206
11.6244,1.2206
11.6250,1.2206
11.6256,1.2206
11.6262,1.2257
11.6267,1.2257
11.6274,1.2206
11.6280,1.2206
11.6286,1.2206
11.6291,1.2257
11.6296,1.2206
11.6302,1.2206
11.6307,1.2206
11.6313,1.2206
11.6318,1.2257
11.6324,1.2206
11.6329,1.2206
11.6334,1.2206
11.6345,1.2206
11.6350,1.2156
11.6356,1.2206
11.6361,1.2206
11.6367,1.2206
11.6372,1.2257
11.6377,1.2257
11.6383,1.2206
11.6389,1.2206
11.6394,1.2206
11.6400,1.2206
11.6405,1.2206
11.6410,1.2206
11.6416,1.2257
11.6421,1.2206
11.6427,1.2206
11.6432,1.2206
11.6438,1.2257
11.6443,1.2206
11.6449,1.2206
11.6454,1.2206
11.6460,1.2206
11.6465,1.2206
11.6470,1.2206
11.6476,1.2257
11.6481,1.2206
11.6487,1.2156
11.6492,1.2156
11.6498,1.2206
11.6503,1.2257
11.6509,1.2206
11.6514,1.2206
11.6519,1.2206
11.6525,1.2257
11.6530,1.2206
11.6536,1.2206
11.6541,1.2206
11.6547,1.2156
11.6552,1.2206
11.6557,1.2257
11.6563,1.2257
11.6568,1.2257
11.6574,1.2257
11.6579,1.2156
11.6585,1.2156
11.6590,1.2206
11.6596,1.2206
11.6601,1.2206
11.6606,1.2206
11.6612,1.2257
11.6617,1.2206
11.6623,1.2257
11.6628,1.2156
11.6634,1.2206
11.6639,1.2206
11.6644,1.2206
11.6650,1.2206
11.6655,1.2206
11.6661,1.2257
11.6666,1.2257
11.6672,1.2156
11.6677,1.2206
11.6682,1.2206
11.6688,1.2206
11.6693,1.2206
11.6699,1.2156
11.6705,1.2156
11.6711,1.2156
11.6716,1.2206
11.6722,1.2156
11.6727,1.2156
11.6732,1.2206
11.6738,1.2206
11.6743,1.2257
11.6748,1.2206
11.6754,1.2206
11.6759,1.2156
11.6765,1.2156
11.6770,1.2257
11.6775,1.2257
11.6781,1.2206
11.6786,1.2206
11.6791,1.2206
11.6797,1.2206
11.6802,1.2206
11.6808,1.2206
11.6813,1.2257
11.6818,1.2206
11.6824,1.2206
11.6829,1.2156
11.6834,1.2206
11.6840,1.2206
11.6845,1.2206
11.6851,1.2206
11.6856,1.2206
11.6861,1.2206
11.6867,1.2206
11.6872,1.2156
11.6878,1.2156
11.6883,1.2206
11.6889,1.2156
11.6894,1.2206
11.6899,1.2206
11.6905,1.2156
11.6910,1.2206
11.6915,1.2206
11.6921,1.2206
11.6926,1.2206
11.6932,1.2206
11.6937,1.2206
11.6942,1.2156
11.6948,1.2206
11.6953,1.2206
11.6958,1.2156
11.6964,1.2206
11.6969,1.2206
11.6975,1.2206
11.6980,1.2156
11.6986,1.2156
11.6991,1.2206
11.6996,1.2156
11.7002,1.2206
11.7007,1.2206
11.7013,1.2206
11.7018,1.2206
11.7024,1.2106
11.7029,1.2257
11.7034,1.2206
11.7040,1.2206
11.7045,1.2206
11.7051,1.2156
11.7056,1.2206
11.7062,1.2156
11.7067,1.2156
11.7072,1.2106
11.7078,1.2206
11.7083,1.2156
11.7089,1.2206
11.7094,1.2206
11.7099,1.2206
11.7105,1.2156
11.7110,1.2206
11.7116,1.2206
11.7121,1.2206
11.7127,1.2206
11.7132,1.2156
11.7137,1.2206
11.7143,1.2156
11.7148,1.2206
11.7154,1.2206
11.7159,1.2156
11.7164,1.2106
11.7170,1.2206
11.7175,1.2156
11.7181,1.2206
11.7186,1.2156
11.7192,1.2106
11.7197,1.2156
11.7202,1.2156
11.7208,1.2206
11.7213,1.2156
11.7219,1.2156
11.7224,1.2156
11.7229,1.2156
11.7235,1.2206
11.7240,1.2206
11.7246,1.2206
11.7251,1.2206
11.7257,1.2206
11.7262,1.2156
11.7267,1.2156
11.7273,1.2156
11.7278,1.2156
11.7284,1.2206
11.7289,1.2156
11.7294,1.2206
11.7300,1.2156
11.7305,1.2206
11.7311,1.2156
11.7316,1.2156
11.7322,1.2206
11.7327,1.2156
11.7332,1.2206
11.7338,1.2156
11.7343,1.2156
11.7349,1.2156
11.7354,1.2156
11.7359,1.2156
11.7365,1.2206
11.7370,1.2206
11.7376,1.2206
11.7381,1.2156
11.7387,1.2156
11.7392,1.2156
11.7397,1.2106
11.7403,1.2206
11.7408,1.2156
11.7414,1.2156
11.7419,1.2156
11.7424,1.2206
11.7430,1.2156
11.7435,1.2156
11.7441,1.2206
11.7446,1.2156
11.7451,1.2156
11.7457,1.2206
11.7462,1.2156
11.7468,1.2156
11.7473,1.2206
11.7479,1.2156
11.7484,1.2106
11.7489,1.2106
11.7495,1.2156
11.7500,1.2156
11.7506,1.2156
11.7511,1.2156
11.7517,1.2156
11.7522,1.2156
11.7527,1.2156
11.7533,1.2106
11.7538,1.2206
11.7544,1.2156
11.7549,1.2156
11.7554,1.2106
11.7560,1.2206
11.7565,1.2156
11.7571,1.2156
11.7576,1.2156
11.7581,1.2156
11.7587,1.2156
11.7592,1.2156
11.7598,1.2106
11.7603,1.2156
11.7609,1.2156
11.7614,1.2156
11.7619,1.2156
11.7625,1.2206
11.7630,1.2156
11.7636,1.2156
11.7641,1.2106
11.7647,1.2156
11.7652,1.2156
11.7657,1.2156
11.7663,1.2206
11.7668,1.2156
11.7674,1.2156
11.7679,1.2106
11.7685,1.2156
11.7690,1.2156
11.7695,1.2156
11.7701,1.2106
11.7707,1.2156
11.7713,1.2156
11.7718,1.2106
11.7723,1.2156
11.7729,1.2156
11.7734,1.2156
11.7740,1.2156
11.7745,1.2156
11.7751,1.2106
11.7756,1.2106
11.7762,1.2106
11.7767,1.2106
11.7773,1.2156
11.7778,1.2156
11.7784,1.2106
11.7794,1.2156
11.7799,1.2106
11.7805,1.2156
11.7810,1.2156
11.7816,1.2156
11.7821,1.2156
11.7828,1.2106
11.7833,1.2156
11.7839,1.2106
11.7844,1.2106
11.7850,1.2106
11.7855,1.2106
11.7861,1.2156
11.7866,1.2206
11.7872,1.2156
11.7877,1.2156
11.7883,1.2106
11.7888,1.2106
11.7894,1.2156
11.7899,1.2206
11.7905,1.2106
11.7910,1.2156
11.7915,1.2106
11.7921,1.2106
11.7926,1.2106
11.7932,1.2106
11.7937,1.2106
11.7943,1.2156
11.7948,1.2156
11.7953,1.2106
11.7959,1.2156
11.7964,1.2156
11.7970,1.2156
11.7975,1.2156
11.7981,1.2156
11.7986,1.2156
11.7992,1.2106
11.7997,1.2106
11.8003,1.2156
11.8008,1.2106
11.8014,1.2156
11.8019,1.2156
11.8025,1.2156
11.8032,1.2106
11.8037,1.2106
11.8043,1.2106
11.8048,1.2156
11.8053,1.2106
11.8059,1.2156
11.8064,1.2106
11.8070,1.2156
11.8075,1.2156
11.8081,1.2156
11.8086,1.2106
11.8092,1.2156
11.8097,1.2106
11.8103,1.2106
11.8108,1.2156
11.8114,1.2106
11.8128,1.2106
11.8133,1.2156
11.8139,1.2106
11.8144,1.2106
11.8150,1.2106
11.8155,1.2156
11.8161,1.2106
11.8166,1.2156
11.8172,1.2106
11.8177,1.2106
11.8182,1.2156
11.8188,1.2156
11.8193,1.2106
11.8199,1.2156
11.8204,1.2156
11.8210,1.2106
11.8215,1.2106
11.8221,1.2156
11.8227,1.2106
11.8233,1.2106
11.8239,1.2156
11.8244,1.2156
11.8250,1.2156
11.8256,1.2106
11.8262,1.2106
11.8267,1.2106
11.8273,1.2106
11.8278,1.2106
11.8284,1.2106
11.8290,1.2106
11.8296,1.2156
11.8301,1.2106
11.8307,1.2106
11.8312,1.2106
11.8318,1.2106
11.8324,1.2106
11.8329,1.2106
11.8335,1.2156
11.8340,1.2156
11.8345,1.2156
11.8351,1.2106
11.8356,1.2106
11.8362,1.2106
11.8367,1.2106
11.8373,1.2106
11.8378,1.2106
11.8384,1.2106
11.8390,1.2106
11.8395,1.2156
11.8400,1.2156
11.8406,1.2055
11.8411,1.2106
11.8417,1.2156
11.8422,1.2055
11.8428,1.2106
11.8433,1.2106
11.8439,1.2106
11.8444,1.2106
11.8450,1.2106
11.8455,1.2106
11.8460,1.2156
11.8466,1.2106
11.8471,1.2106
11.8477,1.2106
11.8482,1.2156
11.8488,1.2055
11.8493,1.2156
11.8498,1.2106
11.8504,1.2156
11.8509,1.2106
11.8515,1.2106
11.8520,1.2106
11.8526,1.2106
11.8531,1.2106
11.8537,1.2106
11.8542,1.2156
11.8547,1.2106
11.8553,1.2106
11.8558,1.2055
11.8564,1.2106
11.8569,1.2106
11.8575,1.2055
11.8580,1.2106
11.8586,1.2106
11.8591,1.2156
11.8596,1.2156
11.8602,1.2106
11.8607,1.2106
11.8613,1.2156
11.8618,1.2106
11.8624,1.2055
11.8629,1.2055
11.8635,1.2055
11.8640,1.2106
11.8645,1.2106
11.8651,1.2106
11.8656,1.2106
11.8662,1.2106
11.8667,1.2106
11.8673,1.2106
11.8678,1.2106
11.8684,1.2106
11.8689,1.2106
11.8695,1.2106
11.8700,1.2106
11.8705,1.2106
11.8711,1.2106
11.8717,1.2106
11.8722,1.2106
11.8727,1.2106
11.8733,1.2106
11.8738,1.2106
11.8744,1.2106
11.8749,1.2106
11.8755,1.2106
11.8760,1.2106
11.8766,1.2156
11.8771,1.2106
11.8776,1.2106
11.8782,1.2106
11.8787,1.2106
11.8793,1.2106
11.8798,1.2106
11.8804,1.2106
11.8809,1.2106
11.8814,1.2106
11.8820,1.2106
11.8825,1.2106
11.8831,1.2055
11.8836,1.2156
11.8842,1.2106
11.8847,1.2106
11.8853,1.2106
11.8858,1.2106
11.8863,1.2106
11.8869,1.2055
11.8874,1.2106
11.8880,1.2106
11.8885,1.2156
11.8891,1.2106
11.8896,1.2055
11.8901,1.2106
11.8907,1.2106
11.8912,1.2106
11.8918,1.2106
11.8923,1.2106
11.8929,1.2055
11.8934,1.2106
11.8939,1.2055
11.8945,1.2106
11.8950,1.2055
11.8956,1.2106
11.8961,1.2106
11.8967,1.2106
11.8972,1.2106
11.8977,1.2106
11.8983,1.2106
11.8989,1.2106
11.8994,1.2055
11.9000,1.2106
11.9005,1.2106
11.9010,1.2106
11.9016,1.2106
11.9021,1.2106
11.9027,1.2106
11.9032,1.2106
11.9038,1.2106
11.9043,1.2106
11.9048,1.2055
11.9054,1.2106
11.9059,1.2106
11.9065,1.2106
11.9070,1.2106
11.9076,1.2106
11.9081,1.2055
11.9087,1.2106
11.9092,1.2106
11.9098,1.2106
11.9103,1.2106
11.9109,1.2156
11.9114,1.2106
11.9120,1.2055
11.9125,1.2156
11.9131,1.2106
11.9136,1.2106
11.9142,1.2106
11.9147,1.2055
11.9153,1.2106
11.9158,1.2106
11.9163,1.2106
11.9169,1.2106
11.9174,1.2106
11.9180,1.2055
11.9185,1.2055
11.9191,1.2106
11.9196,1.2055
11.9202,1.2156
11.9207,1.2106
11.9213,1.2106
11.9218,1.2106
11.9224,1.2055
11.9229,1.2106
11.9235,1.2106
11.9240,1.2106
11.9246,1.2106
11.9251,1.2106
11.9257,1.2106
11.9262,1.2055
11.9268,1.2106
11.9273,1.2106
11.9279,1.2055
11.9288,1.2055
11.9293,1.2106
11.9299,1.2055
11.9304,1.2055
11.9310,1.2106
11.9315,1.2055
11.9321,1.2106
11.9326,1.2055
11.9332,1.2106
11.9337,1.2055
11.9343,1.2055
11.9348,1.2106
11.9354,1.2106
11.9359,1.2055
11.9365,1.2106
11.9370,1.2106
11.9376,1.2106
11.9381,1.2106
11.9387,1.2055
11.9392,1.2106
11.9397,1.2106
11.9403,1.2106
11.9408,1.2106
11.9414,1.2055
11.9419,1.2055
11.9425,1.2106
11.9430,1.2106
11.9435,1.2106
11.9441,1.2055
11.9446,1.2106
11.9452,1.2106
11.9457,1.2106
11.9463,1.2106
11.9468,1.2106
11.9473,1.2106
11.9479,1.2055
11.9484,1.2055
11.9490,1.2055
11.9495,1.2106
11.9501,1.2055
11.9506,1.2106
11.9512,1.2106
11.9517,1.2055
11.9523,1.2106
11.9528,1.2055
11.9534,1.2106
11.9539,1.2106
11.9545,1.2055
11.9550,1.2055
11.9556,1.2055
11.9561,1.2106
11.9567,1.2055
11.9572,1.2106
11.9577,1.2055
11.9583,1.2055
11.9589,1.2106
11.9594,1.2106
11.9600,1.2106
11.9605,1.2106
11.9610,1.2106
11.9617,1.2106
11.9622,1.2055
11.9628,1.2055
11.9633,1.2106
11.9639,1.2055
11.9644,1.2106
11.9650,1.2055
11.9655,1.2055
11.9661,1.2106
11.9666,1.2106
11.9672,1.2055
11.9677,1.2106
11.9683,1.2106
11.9688,1.2106
11.9694,1.2055
11.9699,1.2106
11.9704,1.2055
11.9710,1.2106
11.9715,1.2106
11.9721,1.2055
11.9726,1.2055
11.9732,1.2106
11.9737,1.2106
11.9743,1.2156
11.9748,1.2055
11.9754,1.2055
11.9759,1.2106
11.9764,1.2055
11.9770,1.2055
11.9777,1.2055
11.9782,1.2106
11.9788,1.2005
11.9793,1.2106
11.9799,1.2055
11.9804,1.2106
11.9809,1.2055
11.9815,1.2106
11.9820,1.2055
11.9826,1.2106
11.9831,1.2055
11.9837,1.2106
11.9842,1.2106
11.9848,1.2106
11.9857,1.2106
11.9863,1.2106
11.9868,1.2055
11.9874,1.2055
11.9879,1.2106
11.9885,1.2106
11.9890,1.2055
11.9896,1.2055
11.9901,1.2156
11.9907,1.2106
11.9912,1.2055
11.9918,1.2055
11.9923,1.2106
11.9928,1.2106
11.9934,1.2106
11.9939,1.2106
11.9945,1.2106
11.9950,1.2055
11.9956,1.2106
11.9961,1.2055
11.9966,1.2156
11.9972,1.2106
11.9977,1.2106
11.9983,1.2106
11.9988,1.2106
11.9994,1.2106
11.9999,1.2055
12.0005,1.2055
