Время[c],Напряжение[В]
0.0000,1.3871
0.0006,1.3821
0.0011,1.3821
0.0016,1.3871
0.0021,1.3871
0.0027,1.3871
0.0032,1.3871
0.0037,1.3871
0.0042,1.3821
0.0048,1.3871
0.0053,1.3871
0.0058,1.3871
0.0063,1.3871
0.0068,1.3821
0.0074,1.3821
0.0079,1.3821
0.0084,1.3821
0.0089,1.3821
0.0094,1.3871
0.0100,1.3821
0.0105,1.3871
0.0111,1.3871
0.0116,1.3871
0.0122,1.3821
0.0127,1.3871
0.0133,1.3871
0.0138,1.3871
0.0144,1.3871
0.0149,1.3821
0.0154,1.3821
0.0160,1.3821
0.0165,1.3871
0.0170,1.3871
0.0176,1.3821
0.0181,1.3871
0.0187,1.3871
0.0192,1.3871
0.0197,1.3871
0.0203,1.3821
0.0208,1.3871
0.0213,1.3821
0.0220,1.3871
0.0226,1.3770
0.0231,1.3821
0.0237,1.3871
0.0242,1.3871
0.0248,1.3871
0.0253,1.3871
0.0259,1.3871
0.0264,1.3871
0.0270,1.3821
0.0275,1.3821
0.0280,1.3821
0.0285,1.3821
0.0291,1.3871
0.0296,1.3871
0.0301,1.3871
0.0306,1.3821
0.0311,1.3821
0.0317,1.3821
0.0322,1.3821
0.0327,1.3821
0.0332,1.3871
0.0338,1.3821
0.0343,1.3821
0.0349,1.3871
0.0354,1.3871
0.0359,1.3821
0.0364,1.3821
0.0369,1.3821
0.0375,1.3821
0.0380,1.3821
0.0385,1.3821
0.0390,1.3821
0.0396,1.3871
0.0401,1.3871
0.0406,1.3770
0.0411,1.3871
0.0416,1.3871
0.0422,1.3871
0.0427,1.3821
0.0432,1.3821
0.0437,1.3821
0.0443,1.3871
0.0448,1.3871
0.0453,1.3821
0.0458,1.3821
0.0463,1.3821
0.0469,1.3821
0.0474,1.3821
0.0479,1.3821
0.0484,1.3821
0.0490,1.3871
0.0495,1.3871
0.0500,1.3770
0.0506,1.3821
0.0511,1.3821
0.0516,1.3871
0.0521,1.3821
0.0526,1.3770
0.0532,1.3821
0.0537,1.3871
0.0542,1.3821
0.0547,1.3821
0.0553,1.3821
0.0558,1.3821
0.0563,1.3821
0.0568,1.3871
0.0574,1.3871
0.0579,1.3871
0.0584,1.3821
0.0589,1.3871
0.0595,1.3821
0.0600,1.3770
0.0605,1.3821
0.0610,1.3770
0.0615,1.3871
0.0621,1.3871
0.0626,1.3871
0.0631,1.3770
0.0636,1.3821
0.0642,1.3821
0.0647,1.3821
0.0652,1.3821
0.0657,1.3821
0.0662,1.3821
0.0668,1.3821
0.0673,1.3770
0.0678,1.3871
0.0683,1.3821
0.0689,1.3770
0.0694,1.3871
0.0699,1.3871
0.0704,1.3871
0.0710,1.3821
0.0715,1.3821
0.0720,1.3821
0.0725,1.3821
0.0730,1.3871
0.0736,1.3871
0.0741,1.3821
0.0746,1.3871
0.0751,1.3770
0.0757,1.3821
0.0762,1.3871
0.0767,1.3871
0.0772,1.3821
0.0777,1.3871
0.0783,1.3821
0.0788,1.3871
0.0793,1.3821
0.0798,1.3821
0.0804,1.3821
0.0809,1.3821
0.0814,1.3821
0.0819,1.3821
0.0824,1.3821
0.0830,1.3821
0.0835,1.3821
0.0840,1.3821
0.0845,1.3821
0.0851,1.3821
0.0856,1.3821
0.0861,1.3770
0.0866,1.3821
0.0872,1.3871
0.0877,1.3821
0.0882,1.3821
0.0887,1.3821
0.0893,1.3821
0.0898,1.3821
0.0903,1.3871
0.0908,1.3821
0.0913,1.3821
0.0919,1.3821
0.0924,1.3821
0.0929,1.3770
0.0934,1.3821
0.0940,1.3821
0.0945,1.3821
0.0950,1.3821
0.0955,1.3871
0.0961,1.3821
0.0966,1.3871
0.0971,1.3821
0.0976,1.3821
0.0981,1.3871
0.0987,1.3871
0.0992,1.3821
0.0997,1.3821
0.1002,1.3821
0.1008,1.3871
0.1013,1.3821
0.1018,1.3821
0.1023,1.3871
0.1029,1.3821
0.1034,1.3871
0.1039,1.3821
0.1044,1.3871
0.1049,1.3871
0.1055,1.3871
0.1060,1.3871
0.1065,1.3871
0.1070,1.3871
0.1076,1.3871
0.1081,1.3821
0.1086,1.3821
0.1091,1.3821
0.1097,1.3871
0.1102,1.3871
0.1107,1.3871
0.1112,1.3871
0.1118,1.3871
0.1123,1.3871
0.1128,1.3871
0.1133,1.3921
0.1138,1.3871
0.1144,1.3871
0.1149,1.3871
0.1154,1.3821
0.1159,1.3821
0.1165,1.3871
0.1170,1.3871
0.1175,1.3871
0.1180,1.3921
0.1186,1.3871
0.1191,1.3871
0.1196,1.3921
0.1201,1.3921
0.1207,1.3871
0.1212,1.3921
0.1218,1.3871
0.1223,1.3921
0.1229,1.3921
0.1235,1.3871
0.1241,1.3871
0.1246,1.3871
0.1252,1.3921
0.1258,1.3871
0.1263,1.3921
0.1269,1.3921
0.1275,1.3921
0.1281,1.3921
0.1286,1.3921
0.1292,1.3871
0.1297,1.3921
0.1302,1.3921
0.1307,1.3921
0.1313,1.3921
0.1318,1.3921
0.1323,1.3972
0.1328,1.3972
0.1334,1.3921
0.1339,1.3921
0.1344,1.3871
0.1350,1.3972
0.1355,1.3921
0.1360,1.3921
0.1365,1.3921
0.1371,1.3972
0.1376,1.3921
0.1381,1.3921
0.1386,1.3921
0.1392,1.3921
0.1397,1.3921
0.1402,1.3972
0.1407,1.3972
0.1412,1.3921
0.1418,1.3921
0.1423,1.3921
0.1428,1.3921
0.1433,1.3871
0.1439,1.3921
0.1444,1.3921
0.1449,1.3921
0.1454,1.3972
0.1460,1.3972
0.1465,1.3921
0.1470,1.3972
0.1475,1.4022
0.1481,1.3972
0.1486,1.3972
0.1491,1.3972
0.1496,1.3921
0.1502,1.3972
0.1507,1.4022
0.1512,1.3921
0.1518,1.3972
0.1523,1.3972
0.1528,1.3921
0.1533,1.3921
0.1538,1.3972
0.1544,1.3972
0.1549,1.3972
0.1554,1.3972
0.1559,1.4022
0.1565,1.4022
0.1570,1.3972
0.1575,1.3972
0.1580,1.3972
0.1586,1.3972
0.1591,1.3921
0.1596,1.4022
0.1601,1.4022
0.1606,1.3972
0.1612,1.3972
0.1617,1.3972
0.1622,1.3921
0.1627,1.3972
0.1633,1.3972
0.1638,1.3921
0.1643,1.4022
0.1648,1.3972
0.1654,1.4022
0.1659,1.3972
0.1664,1.4022
0.1669,1.4022
0.1675,1.3972
0.1680,1.4022
0.1685,1.3972
0.1690,1.3972
0.1696,1.3972
0.1701,1.4022
0.1706,1.3972
0.1711,1.3972
0.1717,1.4022
0.1722,1.4022
0.1727,1.4022
0.1732,1.4022
0.1737,1.3972
0.1743,1.4022
0.1748,1.4022
0.1753,1.4022
0.1758,1.3972
0.1764,1.3921
0.1769,1.3972
0.1774,1.3972
0.1779,1.3972
0.1785,1.4022
0.1790,1.3972
0.1795,1.3972
0.1800,1.3972
0.1805,1.4022
0.1811,1.4022
0.1816,1.3921
0.1821,1.4022
0.1826,1.4022
0.1832,1.4022
0.1837,1.4022
0.1842,1.4022
0.1847,1.3972
0.1852,1.4022
0.1858,1.3972
0.1863,1.3972
0.1868,1.4022
0.1873,1.3972
0.1879,1.3972
0.1884,1.3972
0.1889,1.4022
0.1894,1.3972
0.1900,1.3972
0.1905,1.4022
0.1910,1.4022
0.1915,1.4022
0.1921,1.4022
0.1926,1.4022
0.1931,1.4073
0.1936,1.4022
0.1942,1.4073
0.1947,1.4022
0.1952,1.4022
0.1957,1.4022
0.1962,1.3972
0.1968,1.4022
0.1973,1.4022
0.1978,1.4022
0.1983,1.4022
0.1989,1.4022
0.1994,1.4022
0.1999,1.3972
0.2004,1.4022
0.2010,1.4073
0.2015,1.4022
0.2020,1.3972
0.2025,1.4022
0.2030,1.4022
0.2036,1.4022
0.2041,1.4022
0.2046,1.4022
0.2051,1.4073
0.2057,1.4022
0.2062,1.3972
0.2067,1.4022
0.2072,1.4073
0.2078,1.4073
0.2083,1.4022
0.2088,1.4022
0.2093,1.4073
0.2099,1.4073
0.2104,1.4073
0.2109,1.4022
0.2114,1.4073
0.2119,1.4022
0.2125,1.4022
0.2130,1.3972
0.2135,1.4022
0.2140,1.4022
0.2146,1.4022
0.2151,1.4022
0.2156,1.4022
0.2161,1.4073
0.2167,1.4022
0.2172,1.3972
0.2177,1.4022
0.2182,1.4073
0.2188,1.4073
0.2193,1.4022
0.2198,1.4073
0.2203,1.4073
0.2208,1.4073
0.2214,1.4073
0.2219,1.4022
0.2224,1.3972
0.2229,1.4022
0.2235,1.3972
0.2240,1.4022
0.2245,1.4022
0.2250,1.4022
0.2256,1.4073
0.2261,1.4022
0.2266,1.3972
0.2271,1.4073
0.2276,1.4022
0.2282,1.3972
0.2287,1.4022
0.2292,1.4022
0.2297,1.4022
0.2303,1.4073
0.2308,1.4022
0.2313,1.4022
0.2318,1.4022
0.2324,1.4022
0.2329,1.4022
0.2334,1.4073
0.2339,1.4073
0.2344,1.4022
0.2350,1.4022
0.2355,1.4022
0.2360,1.3972
0.2365,1.3972
0.2371,1.4022
0.2376,1.4073
0.2381,1.4073
0.2386,1.4022
0.2392,1.4022
0.2397,1.4022
0.2402,1.4022
0.2407,1.4022
0.2412,1.4022
0.2418,1.4022
0.2423,1.4022
0.2428,1.4022
0.2433,1.4073
0.2439,1.4022
0.2444,1.4022
0.2449,1.4022
0.2454,1.4022
0.2460,1.4022
0.2465,1.3972
0.2470,1.4022
0.2475,1.4022
0.2481,1.3972
0.2486,1.4022
0.2491,1.4022
0.2496,1.4073
0.2501,1.4022
0.2507,1.4022
0.2512,1.3972
0.2517,1.4022
0.2522,1.4022
0.2528,1.4073
0.2533,1.4022
0.2538,1.3972
0.2543,1.3972
0.2549,1.3972
0.2554,1.4022
0.2559,1.4022
0.2564,1.4022
0.2569,1.3972
0.2575,1.3972
0.2580,1.4022
0.2585,1.4073
0.2590,1.3972
0.2596,1.3972
0.2605,1.4022
0.2610,1.4022
0.2615,1.4073
0.2621,1.4073
0.2626,1.3972
0.2631,1.4073
0.2636,1.4022
0.2642,1.4022
0.2647,1.4022
0.2652,1.3972
0.2666,1.4022
0.2671,1.3921
0.2677,1.3972
0.2682,1.4073
0.2687,1.4022
0.2693,1.4073
0.2698,1.4022
0.2703,1.4022
0.2709,1.3972
0.2714,1.4022
0.2719,1.3972
0.2725,1.4022
0.2730,1.4022
0.2736,1.4022
0.2741,1.3972
0.2747,1.4022
0.2752,1.4022
0.2757,1.4022
0.2762,1.4073
0.2767,1.4022
0.2773,1.4022
0.2778,1.4022
0.2783,1.4022
0.2788,1.4073
0.2794,1.3972
0.2799,1.4022
0.2804,1.3972
0.2809,1.3972
0.2814,1.3972
0.2820,1.3972
0.2825,1.3972
0.2830,1.4022
0.2835,1.4022
0.2841,1.4022
0.2846,1.3921
0.2851,1.3972
0.2856,1.4073
0.2861,1.4022
0.2867,1.4022
0.2872,1.4022
0.2877,1.3972
0.2882,1.3972
0.2887,1.4022
0.2893,1.4022
0.2898,1.3972
0.2903,1.3972
0.2908,1.4022
0.2914,1.4022
0.2919,1.4022
0.2924,1.3972
0.2929,1.4022
0.2935,1.4022
0.2940,1.4022
0.2945,1.3921
0.2950,1.3972
0.2955,1.4022
0.2961,1.4022
0.2966,1.3972
0.2971,1.4022
0.2976,1.3972
0.2981,1.4022
0.2987,1.4022
0.2992,1.4022
0.2997,1.3972
0.3002,1.3972
0.3008,1.3972
0.3013,1.3972
0.3018,1.3921
0.3023,1.4022
0.3028,1.4022
0.3034,1.3921
0.3039,1.3972
0.3044,1.4022
0.3049,1.4022
0.3055,1.4022
0.3060,1.4022
0.3065,1.3921
0.3070,1.3972
0.3075,1.3972
0.3081,1.3972
0.3086,1.3972
0.3091,1.3972
0.3096,1.3972
0.3101,1.4022
0.3107,1.3921
0.3112,1.3972
0.3117,1.3972
0.3122,1.3972
0.3128,1.4022
0.3133,1.3972
0.3138,1.3972
0.3143,1.3972
0.3149,1.3972
0.3154,1.3972
0.3159,1.3921
0.3164,1.3972
0.3169,1.3972
0.3175,1.3972
0.3180,1.3972
0.3185,1.3972
0.3190,1.3972
0.3196,1.3972
0.3201,1.3972
0.3206,1.3972
0.3211,1.3972
0.3216,1.3972
0.3222,1.3972
0.3227,1.3972
0.3232,1.3972
0.3237,1.3972
0.3242,1.3972
0.3248,1.3972
0.3253,1.3972
0.3258,1.3972
0.3263,1.3972
0.3269,1.3972
0.3274,1.3921
0.3279,1.3972
0.3284,1.3972
0.3289,1.3921
0.3295,1.3921
0.3300,1.3972
0.3305,1.3972
0.3310,1.3921
0.3315,1.3972
0.3321,1.3921
0.3326,1.3972
0.3331,1.3972
0.3336,1.3972
0.3342,1.3921
0.3347,1.3921
0.3352,1.3972
0.3357,1.3972
0.3362,1.3921
0.3368,1.3972
0.3373,1.3972
0.3378,1.3921
0.3383,1.3921
0.3388,1.3921
0.3394,1.3972
0.3399,1.3921
0.3404,1.3921
0.3409,1.3972
0.3415,1.3972
0.3420,1.3921
0.3425,1.3921
0.3430,1.3921
0.3435,1.3921
0.3441,1.3972
0.3446,1.3972
0.3451,1.3972
0.3456,1.3921
0.3462,1.3972
0.3467,1.3871
0.3472,1.3972
0.3477,1.3921
0.3482,1.3972
0.3488,1.3921
0.3493,1.3921
0.3498,1.3921
0.3503,1.3972
0.3508,1.3921
0.3514,1.3871
0.3519,1.3972
0.3524,1.3972
0.3529,1.3972
0.3535,1.3921
0.3540,1.3972
0.3545,1.3921
0.3550,1.3921
0.3555,1.3921
0.3561,1.3972
0.3566,1.3921
0.3571,1.3921
0.3576,1.3921
0.3581,1.3972
0.3587,1.3972
0.3592,1.3921
0.3597,1.3921
0.3602,1.3921
0.3608,1.3921
0.3613,1.3921
0.3618,1.3921
0.3623,1.3972
0.3628,1.3921
0.3634,1.3921
0.3639,1.3921
0.3644,1.3921
0.3649,1.3972
0.3655,1.3972
0.3660,1.3972
0.3665,1.3921
0.3670,1.3871
0.3676,1.3921
0.3681,1.3921
0.3686,1.3921
0.3691,1.3871
0.3696,1.3871
0.3702,1.3921
0.3707,1.3921
0.3712,1.3921
0.3717,1.3972
0.3723,1.3921
0.3728,1.3871
0.3733,1.3972
0.3738,1.3921
0.3744,1.3921
0.3749,1.3921
0.3754,1.3921
0.3759,1.3921
0.3764,1.3972
0.3770,1.3921
0.3775,1.3921
0.3780,1.3921
0.3785,1.3921
0.3791,1.3972
0.3796,1.3921
0.3801,1.3921
0.3806,1.3972
0.3812,1.3921
0.3817,1.3921
0.3822,1.3921
0.3827,1.3921
0.3832,1.3921
0.3838,1.3972
0.3843,1.3921
0.3848,1.3921
0.3853,1.3921
0.3859,1.3921
0.3864,1.3921
0.3869,1.3921
0.3874,1.3921
0.3879,1.3972
0.3885,1.3821
0.3890,1.3871
0.3895,1.3921
0.3900,1.3871
0.3906,1.3921
0.3911,1.3921
0.3916,1.3921
0.3921,1.3871
0.3927,1.3972
0.3932,1.3871
0.3937,1.3871
0.3942,1.3921
0.3948,1.3921
0.3953,1.3972
0.3958,1.3871
0.3963,1.3921
0.3968,1.3921
0.3974,1.3921
0.3979,1.3921
0.3984,1.3921
0.3989,1.3972
0.3995,1.3871
0.4000,1.3921
0.4005,1.3921
0.4010,1.3871
0.4016,1.3921
0.4021,1.3921
0.4026,1.3921
0.4031,1.3921
0.4036,1.3921
0.4042,1.3871
0.4047,1.3921
0.4052,1.3972
0.4057,1.3921
0.4070,1.3921
0.4076,1.3972
0.4082,1.3921
0.4087,1.3871
0.4093,1.3921
0.4099,1.3921
0.4104,1.3921
0.4109,1.3921
0.4114,1.3921
0.4120,1.3921
0.4125,1.3871
0.4130,1.3871
0.4135,1.3921
0.4141,1.3921
0.4146,1.3821
0.4151,1.3871
0.4156,1.3921
0.4162,1.3921
0.4167,1.3921
0.4172,1.3972
0.4177,1.3871
0.4182,1.3921
0.4188,1.3921
0.4193,1.3921
0.4198,1.3871
0.4203,1.3921
0.4209,1.3921
0.4214,1.3921
0.4219,1.3921
0.4224,1.3921
0.4230,1.3921
0.4235,1.3871
0.4240,1.3871
0.4245,1.3921
0.4250,1.3921
0.4256,1.3972
0.4261,1.3921
0.4266,1.3921
0.4271,1.3871
0.4277,1.3921
0.4282,1.3921
0.4287,1.3921
0.4292,1.3921
0.4298,1.3921
0.4303,1.3921
0.4308,1.3921
0.4313,1.3921
0.4318,1.3921
0.4324,1.3921
0.4329,1.3921
0.4334,1.3921
0.4339,1.3921
0.4345,1.3921
0.4350,1.3921
0.4355,1.3921
0.4360,1.3921
0.4366,1.3871
0.4371,1.3921
0.4376,1.3921
0.4381,1.3921
0.4387,1.3871
0.4392,1.3921
0.4397,1.3921
0.4402,1.3921
0.4407,1.3871
0.4413,1.3871
0.4418,1.3871
0.4423,1.3921
0.4428,1.3921
0.4434,1.3921
0.4439,1.3921
0.4444,1.3871
0.4449,1.3921
0.4455,1.3972
0.4460,1.3921
0.4465,1.3921
0.4470,1.3871
0.4475,1.3921
0.4481,1.3871
0.4486,1.3921
0.4491,1.3921
0.4496,1.3871
0.4502,1.3921
0.4507,1.3921
0.4512,1.3921
0.4517,1.3921
0.4523,1.3921
0.4528,1.3921
0.4533,1.3921
0.4538,1.3921
0.4543,1.3921
0.4549,1.3921
0.4554,1.3871
0.4559,1.3871
0.4564,1.3921
0.4570,1.3921
0.4575,1.3871
0.4580,1.3871
0.4585,1.3921
0.4591,1.3921
0.4596,1.3921
0.4601,1.3921
0.4606,1.3821
0.4611,1.3921
0.4617,1.3921
0.4622,1.3921
0.4627,1.3871
0.4633,1.3871
0.4638,1.3821
0.4643,1.3871
0.4648,1.3921
0.4653,1.3921
0.4659,1.3921
0.4664,1.3921
0.4669,1.3821
0.4674,1.3871
0.4680,1.3921
0.4685,1.3921
0.4690,1.3871
0.4695,1.3871
0.4701,1.3921
0.4706,1.3921
0.4711,1.3871
0.4716,1.3871
0.4721,1.3871
0.4727,1.3871
0.4732,1.3921
0.4737,1.3921
0.4742,1.3871
0.4748,1.3871
0.4753,1.3871
0.4758,1.3871
0.4763,1.3871
0.4769,1.3871
0.4774,1.3821
0.4779,1.3821
0.4784,1.3871
0.4789,1.3921
0.4795,1.3871
0.4800,1.3871
0.4805,1.3871
0.4810,1.3921
0.4816,1.3921
0.4821,1.3871
0.4826,1.3921
0.4831,1.3871
0.4837,1.3821
0.4842,1.3871
0.4847,1.3871
0.4852,1.3871
0.4857,1.3921
0.4863,1.3871
0.4868,1.3921
0.4873,1.3871
0.4878,1.3921
0.4884,1.3821
0.4889,1.3821
0.4894,1.3871
0.4899,1.3871
0.4905,1.3871
0.4910,1.3871
0.4915,1.3921
0.4920,1.3871
0.4926,1.3871
0.4931,1.3871
0.4936,1.3921
0.4941,1.3821
0.4946,1.3871
0.4952,1.3871
0.4957,1.3871
0.4962,1.3871
0.4967,1.3871
0.4973,1.3871
0.4978,1.3871
0.4983,1.3871
0.4988,1.3921
0.4994,1.3821
0.4999,1.3871
0.5004,1.3871
0.5009,1.3871
0.5014,1.3871
0.5020,1.3871
0.5025,1.3921
0.5030,1.3921
0.5035,1.3871
0.5041,1.3871
0.5046,1.3871
0.5051,1.3871
0.5056,1.3821
0.5062,1.3871
0.5067,1.3871
0.5072,1.3871
0.5077,1.3871
0.5082,1.3871
0.5088,1.3871
0.5093,1.3871
0.5101,1.3871
0.5113,1.3821
0.5119,1.3871
0.5125,1.3871
0.5130,1.3821
0.5136,1.3821
0.5141,1.3871
0.5146,1.3871
0.5152,1.3871
0.5157,1.3871
0.5163,1.3871
0.5168,1.3871
0.5173,1.3871
0.5179,1.3871
0.5184,1.3871
0.5189,1.3871
0.5195,1.3821
0.5200,1.3871
0.5205,1.3821
0.5211,1.3821
0.5217,1.3871
0.5222,1.3821
0.5228,1.3770
0.5233,1.3821
0.5239,1.3871
0.5245,1.3821
0.5250,1.3871
0.5256,1.3821
0.5261,1.3871
0.5266,1.3821
0.5271,1.3821
0.5277,1.3871
0.5282,1.3871
0.5287,1.3871
0.5293,1.3871
0.5298,1.3871
0.5303,1.3821
0.5308,1.3871
0.5314,1.3871
0.5319,1.3871
0.5324,1.3821
0.5329,1.3821
0.5335,1.3871
0.5340,1.3871
0.5345,1.3871
0.5351,1.3821
0.5356,1.3770
0.5361,1.3821
0.5366,1.3821
0.5371,1.3871
0.5377,1.3871
0.5382,1.3770
0.5387,1.3821
0.5392,1.3871
0.5398,1.3871
0.5403,1.3871
0.5408,1.3821
0.5413,1.3821
0.5418,1.3871
0.5424,1.3871
0.5429,1.3821
0.5434,1.3871
0.5440,1.3871
0.5445,1.3871
0.5450,1.3871
0.5455,1.3871
0.5460,1.3770
0.5466,1.3821
0.5471,1.3821
0.5476,1.3821
0.5481,1.3871
0.5486,1.3821
0.5492,1.3871
0.5497,1.3821
0.5502,1.3871
0.5508,1.3871
0.5513,1.3871
0.5518,1.3821
0.5523,1.3821
0.5529,1.3871
0.5534,1.3871
0.5539,1.3871
0.5544,1.3871
0.5549,1.3821
0.5555,1.3871
0.5560,1.3871
0.5565,1.3871
0.5570,1.3871
0.5576,1.3821
0.5581,1.3871
0.5586,1.3770
0.5591,1.3871
0.5596,1.3821
0.5602,1.3821
0.5607,1.3821
0.5612,1.3821
0.5617,1.3821
0.5622,1.3821
0.5628,1.3821
0.5633,1.3821
0.5638,1.3871
0.5643,1.3821
0.5649,1.3871
0.5654,1.3821
0.5659,1.3821
0.5664,1.3871
0.5669,1.3871
0.5675,1.3871
0.5680,1.3871
0.5685,1.3871
0.5690,1.3871
0.5695,1.3871
0.5701,1.3821
0.5706,1.3821
0.5711,1.3871
0.5716,1.3821
0.5722,1.3871
0.5727,1.3821
0.5732,1.3821
0.5737,1.3871
0.5742,1.3821
0.5748,1.3821
0.5753,1.3821
0.5758,1.3821
0.5763,1.3821
0.5768,1.3821
0.5774,1.3821
0.5779,1.3821
0.5784,1.3821
0.5789,1.3871
0.5795,1.3871
0.5800,1.3821
0.5805,1.3821
0.5810,1.3871
0.5815,1.3770
0.5821,1.3821
0.5826,1.3821
0.5831,1.3871
0.5836,1.3770
0.5841,1.3871
0.5847,1.3770
0.5852,1.3821
0.5857,1.3821
0.5862,1.3770
0.5868,1.3821
0.5873,1.3821
0.5878,1.3821
0.5883,1.3821
0.5888,1.3770
0.5894,1.3821
0.5899,1.3871
0.5904,1.3821
0.5909,1.3821
0.5915,1.3821
0.5920,1.3821
0.5925,1.3821
0.5930,1.3821
0.5935,1.3770
0.5941,1.3821
0.5946,1.3821
0.5951,1.3821
0.5956,1.3821
0.5962,1.3821
0.5967,1.3770
0.5972,1.3821
0.5977,1.3821
0.5983,1.3821
0.5988,1.3871
0.5993,1.3821
0.5998,1.3770
0.6004,1.3821
0.6009,1.3821
0.6014,1.3821
0.6019,1.3821
0.6024,1.3821
0.6030,1.3871
0.6035,1.3821
0.6040,1.3821
0.6045,1.3871
0.6051,1.3821
0.6056,1.3770
0.6061,1.3821
0.6066,1.3821
0.6072,1.3821
0.6077,1.3821
0.6082,1.3821
0.6087,1.3821
0.6093,1.3821
0.6098,1.3871
0.6103,1.3821
0.6108,1.3821
0.6114,1.3821
0.6119,1.3821
0.6124,1.3821
0.6129,1.3821
0.6135,1.3821
0.6140,1.3821
0.6145,1.3821
0.6150,1.3821
0.6156,1.3821
0.6161,1.3821
0.6166,1.3821
0.6171,1.3821
0.6176,1.3821
0.6182,1.3770
0.6187,1.3770
0.6192,1.3821
0.6197,1.3871
0.6203,1.3821
0.6208,1.3821
0.6213,1.3770
0.6218,1.3821
0.6224,1.3821
0.6229,1.3821
0.6234,1.3871
0.6239,1.3821
0.6245,1.3871
0.6250,1.3770
0.6255,1.3770
0.6260,1.3871
0.6265,1.3821
0.6271,1.3821
0.6276,1.3821
0.6281,1.3821
0.6286,1.3770
0.6292,1.3821
0.6297,1.3770
0.6302,1.3821
0.6307,1.3821
0.6312,1.3770
0.6318,1.3821
0.6323,1.3770
0.6328,1.3821
0.6333,1.3821
0.6339,1.3821
0.6344,1.3821
0.6349,1.3821
0.6355,1.3821
0.6360,1.3871
0.6365,1.3821
0.6370,1.3871
0.6376,1.3821
0.6381,1.3821
0.6386,1.3821
0.6391,1.3821
0.6396,1.3770
0.6402,1.3821
0.6407,1.3770
0.6412,1.3871
0.6417,1.3821
0.6423,1.3871
0.6428,1.3821
0.6433,1.3821
0.6438,1.3821
0.6444,1.3821
0.6449,1.3770
0.6454,1.3821
0.6459,1.3871
0.6465,1.3821
0.6470,1.3770
0.6475,1.3821
0.6481,1.3821
0.6486,1.3821
0.6491,1.3821
0.6496,1.3821
0.6502,1.3821
0.6507,1.3770
0.6512,1.3770
0.6517,1.3770
0.6522,1.3821
0.6528,1.3821
0.6533,1.3821
0.6538,1.3821
0.6543,1.3821
0.6549,1.3821
0.6554,1.3821
0.6559,1.3821
0.6564,1.3770
0.6570,1.3821
0.6575,1.3821
0.6580,1.3821
0.6585,1.3770
0.6590,1.3821
0.6596,1.3821
0.6601,1.3821
0.6606,1.3720
0.6611,1.3821
0.6617,1.3821
0.6622,1.3770
0.6627,1.3821
0.6632,1.3821
0.6638,1.3821
0.6643,1.3821
0.6648,1.3770
0.6653,1.3821
0.6658,1.3821
0.6664,1.3770
0.6669,1.3821
0.6674,1.3821
0.6679,1.3821
0.6685,1.3821
0.6690,1.3821
0.6695,1.3821
0.6700,1.3821
0.6706,1.3821
0.6711,1.3821
0.6716,1.3821
0.6721,1.3770
0.6727,1.3821
0.6732,1.3821
0.6737,1.3821
0.6742,1.3821
0.6747,1.3821
0.6753,1.3821
0.6758,1.3821
0.6763,1.3821
0.6768,1.3821
0.6774,1.3821
0.6779,1.3770
0.6784,1.3821
0.6790,1.3821
0.6795,1.3821
0.6800,1.3821
0.6805,1.3821
0.6810,1.3770
0.6816,1.3821
0.6821,1.3821
0.6826,1.3871
0.6832,1.3871
0.6838,1.3821
0.6844,1.3821
0.6850,1.3821
0.6856,1.3821
0.6862,1.3821
0.6868,1.3821
0.6873,1.3871
0.6880,1.3821
0.6886,1.3871
0.6891,1.3770
0.6896,1.3871
0.6902,1.3871
0.6907,1.3871
0.6912,1.3821
0.6917,1.3821
0.6922,1.3821
0.6928,1.3821
0.6933,1.3821
0.6939,1.3871
0.6944,1.3871
0.6949,1.3871
0.6955,1.3871
0.6960,1.3821
0.6966,1.3921
0.6971,1.3871
0.6977,1.3821
0.6982,1.3871
0.6987,1.3871
0.6993,1.3871
0.6998,1.3871
0.7003,1.3871
0.7009,1.3871
0.7014,1.3821
0.7019,1.3871
0.7025,1.3871
0.7030,1.3871
0.7035,1.3921
0.7040,1.3871
0.7046,1.3871
0.7051,1.3871
0.7056,1.3871
0.7061,1.3921
0.7067,1.3871
0.7072,1.3921
0.7077,1.3921
0.7082,1.3871
0.7087,1.3871
0.7093,1.3871
0.7098,1.3821
0.7103,1.3921
0.7109,1.3921
0.7114,1.3921
0.7119,1.3921
0.7124,1.3921
0.7129,1.3921
0.7135,1.3871
0.7140,1.3972
0.7146,1.3921
0.7151,1.3871
0.7156,1.3921
0.7161,1.3921
0.7167,1.3921
0.7172,1.3921
0.7177,1.3921
0.7182,1.3921
0.7188,1.3972
0.7193,1.3921
0.7198,1.3921
0.7203,1.3921
0.7209,1.3921
0.7216,1.3972
0.7221,1.3871
0.7227,1.3871
0.7233,1.3921
0.7238,1.3921
0.7244,1.3871
0.7249,1.3921
0.7255,1.3972
0.7261,1.3972
0.7267,1.3921
0.7273,1.3921
0.7278,1.3972
0.7284,1.3972
0.7289,1.3972
0.7294,1.3972
0.7299,1.3972
0.7305,1.3972
0.7310,1.3972
0.7315,1.3921
0.7320,1.4022
0.7325,1.3972
0.7331,1.3921
0.7336,1.3921
0.7341,1.3972
0.7347,1.3921
0.7352,1.3972
0.7357,1.3921
0.7363,1.3921
0.7368,1.3972
0.7373,1.3972
0.7378,1.3921
0.7384,1.3921
0.7389,1.4022
0.7394,1.3921
0.7399,1.3972
0.7404,1.3972
0.7410,1.3972
0.7415,1.3972
0.7420,1.3972
0.7425,1.3921
0.7431,1.3972
0.7436,1.3972
0.7441,1.3972
0.7446,1.4022
0.7452,1.3972
0.7457,1.3972
0.7462,1.4022
0.7467,1.4022
0.7473,1.3972
0.7478,1.4022
0.7483,1.3972
0.7488,1.3972
0.7494,1.3972
0.7499,1.3972
0.7504,1.3972
0.7510,1.3921
0.7515,1.3972
0.7520,1.3972
0.7525,1.3972
0.7531,1.3972
0.7536,1.3921
0.7541,1.4022
0.7546,1.3972
0.7552,1.3972
0.7557,1.3972
0.7562,1.4022
0.7567,1.4022
0.7572,1.4022
0.7578,1.3921
0.7583,1.3972
0.7588,1.3972
0.7593,1.3972
0.7599,1.4022
0.7604,1.3972
0.7609,1.3972
0.7614,1.4022
0.7620,1.3972
0.7625,1.3972
0.7630,1.4022
0.7635,1.4022
0.7641,1.4022
0.7646,1.4022
0.7651,1.4022
0.7656,1.3972
0.7661,1.4022
0.7667,1.4022
0.7672,1.4022
0.7677,1.4022
0.7682,1.3972
0.7688,1.4022
0.7693,1.4022
0.7699,1.4022
0.7704,1.4022
0.7710,1.4022
0.7715,1.4022
0.7721,1.3972
0.7726,1.4022
0.7732,1.4022
0.7737,1.3972
0.7743,1.4022
0.7748,1.3972
0.7754,1.4022
0.7760,1.4022
0.7765,1.4022
0.7771,1.4022
0.7777,1.4022
0.7782,1.4073
0.7788,1.4022
0.7794,1.4022
0.7800,1.4022
0.7806,1.4022
0.7812,1.4022
0.7818,1.4022
0.7823,1.4022
0.7829,1.4022
0.7834,1.4073
0.7840,1.4073
0.7846,1.4022
0.7851,1.4022
0.7857,1.4073
0.7862,1.4022
0.7868,1.4022
0.7873,1.3972
0.7879,1.4022
0.7884,1.3972
0.7890,1.4022
0.7895,1.4022
0.7901,1.4073
0.7906,1.4022
0.7911,1.4022
0.7917,1.3972
0.7922,1.4022
0.7928,1.4022
0.7933,1.4022
0.7939,1.4022
0.7944,1.4022
0.7950,1.4022
0.7955,1.4073
0.7961,1.4022
0.7966,1.4073
0.7972,1.3972
0.7977,1.4022
0.7983,1.3972
0.7988,1.4022
0.7994,1.4022
0.7999,1.4022
0.8005,1.4022
0.8010,1.4022
0.8016,1.4022
0.8021,1.4022
0.8027,1.4073
0.8032,1.4022
0.8038,1.4022
0.8043,1.4022
0.8049,1.3972
0.8054,1.4022
0.8060,1.4022
0.8065,1.4022
0.8071,1.3972
0.8076,1.4022
0.8082,1.4022
0.8087,1.4073
0.8093,1.4022
0.8098,1.4022
0.8104,1.4022
0.8109,1.4022
0.8115,1.3972
0.8120,1.3972
0.8126,1.4022
0.8131,1.3972
0.8137,1.4022
0.8142,1.4022
0.8148,1.4022
0.8154,1.4022
0.8159,1.4022
0.8165,1.4022
0.8170,1.4022
0.8176,1.4022
0.8181,1.3972
0.8187,1.4022
0.8192,1.4022
0.8198,1.4022
0.8203,1.4073
0.8209,1.4022
0.8214,1.4022
0.8220,1.4073
0.8225,1.4022
0.8231,1.4022
0.8236,1.4022
0.8242,1.4022
0.8247,1.4022
0.8253,1.4022
0.8258,1.4022
0.8264,1.4022
0.8269,1.4073
0.8275,1.4022
0.8280,1.4073
0.8286,1.4022
0.8291,1.4022
0.8297,1.3972
0.8302,1.4022
0.8308,1.4022
0.8313,1.4022
0.8319,1.4022
0.8324,1.4022
0.8330,1.4022
0.8335,1.4073
0.8341,1.4022
0.8346,1.4022
0.8352,1.4022
0.8357,1.3972
0.8363,1.4022
0.8368,1.3972
0.8374,1.4022
0.8379,1.4022
0.8384,1.4022
0.8390,1.4073
0.8395,1.3972
0.8401,1.4022
0.8406,1.4022
0.8412,1.4022
0.8417,1.4022
0.8423,1.4022
0.8428,1.4022
0.8434,1.3972
0.8439,1.4022
0.8445,1.4022
0.8450,1.4022
0.8456,1.4022
0.8461,1.3972
0.8467,1.4022
0.8472,1.4022
0.8478,1.3972
0.8483,1.4022
0.8489,1.4022
0.8494,1.4022
0.8500,1.4022
0.8505,1.3972
0.8511,1.3972
0.8516,1.4022
0.8522,1.4022
0.8527,1.4022
0.8533,1.4022
0.8538,1.3972
0.8544,1.3972
0.8549,1.3972
0.8555,1.4022
0.8560,1.4022
0.8566,1.4022
0.8571,1.4022
0.8577,1.4022
0.8582,1.3972
0.8588,1.4022
0.8594,1.3972
0.8599,1.3972
0.8605,1.3972
0.8610,1.4022
0.8616,1.3972
0.8621,1.3972
0.8627,1.4022
0.8632,1.3972
0.8638,1.4022
0.8643,1.3972
0.8649,1.4022
0.8654,1.4022
0.8660,1.4022
0.8665,1.3972
0.8671,1.4022
0.8677,1.4022
0.8683,1.4022
0.8688,1.3972
0.8694,1.3972
0.8699,1.3972
0.8704,1.4022
0.8710,1.3972
0.8715,1.4022
0.8720,1.4022
0.8726,1.3972
0.8731,1.4022
0.8737,1.3972
0.8742,1.3972
0.8747,1.3972
0.8753,1.4022
0.8758,1.4022
0.8764,1.4022
0.8769,1.3972
0.8774,1.4022
0.8780,1.3972
0.8785,1.4022
0.8790,1.4022
0.8796,1.3972
0.8801,1.3921
0.8807,1.4022
0.8812,1.3972
0.8817,1.3972
0.8823,1.3921
0.8828,1.3972
0.8834,1.3972
0.8839,1.3972
0.8844,1.3972
0.8850,1.3972
0.8855,1.3972
0.8861,1.3972
0.8866,1.4022
0.8871,1.4022
0.8877,1.3972
0.8882,1.3921
0.8888,1.4022
0.8893,1.3972
0.8898,1.4022
0.8904,1.3972
0.8909,1.3972
0.8915,1.3972
0.8920,1.4022
0.8925,1.3972
0.8931,1.3972
0.8936,1.3972
0.8941,1.4022
0.8947,1.3972
0.8952,1.3972
0.8958,1.3972
0.8963,1.3972
0.8968,1.3972
0.8974,1.3972
0.8979,1.3972
0.8985,1.3921
0.8990,1.3972
0.8995,1.3921
0.9001,1.3972
0.9006,1.3972
0.9011,1.3921
0.9017,1.3972
0.9022,1.3972
0.9028,1.3972
0.9033,1.3972
0.9038,1.3972
0.9044,1.3921
0.9049,1.3972
0.9055,1.3972
0.9060,1.3972
0.9065,1.3972
0.9071,1.3972
0.9076,1.3972
0.9081,1.3921
0.9087,1.3972
0.9092,1.3921
0.9098,1.3921
0.9103,1.3972
0.9108,1.3921
0.9114,1.3972
0.9119,1.3972
0.9125,1.3921
0.9130,1.3972
0.9135,1.3972
0.9141,1.3921
0.9146,1.3921
0.9152,1.3972
0.9157,1.3921
0.9162,1.3972
0.9168,1.3972
0.9173,1.3921
0.9178,1.3972
0.9184,1.3921
0.9189,1.4022
0.9195,1.3921
0.9200,1.3921
0.9205,1.3972
0.9211,1.3972
0.9216,1.3972
0.9222,1.3921
0.9227,1.3921
0.9232,1.3972
0.9238,1.3972
0.9243,1.3972
0.9248,1.3921
0.9254,1.3972
0.9259,1.3921
0.9265,1.3921
0.9270,1.3972
0.9275,1.3921
0.9281,1.3921
0.9286,1.3972
0.9292,1.3921
0.9297,1.3921
0.9302,1.3921
0.9308,1.3972
0.9313,1.3972
0.9318,1.3921
0.9324,1.3972
0.9329,1.3972
0.9335,1.3921
0.9340,1.3972
0.9345,1.3921
0.9351,1.3921
0.9356,1.3972
0.9362,1.3972
0.9367,1.3972
0.9372,1.3972
0.9378,1.3921
0.9383,1.3972
0.9388,1.3921
0.9394,1.3972
0.9399,1.3921
0.9405,1.3921
0.9410,1.3921
0.9415,1.3972
0.9421,1.3972
0.9426,1.3921
0.9432,1.3921
0.9437,1.3921
0.9442,1.3921
0.9448,1.3921
0.9453,1.3972
0.9458,1.3972
0.9464,1.3921
0.9469,1.3921
0.9475,1.3972
0.9480,1.3921
0.9485,1.3921
0.9491,1.3921
0.9496,1.3921
0.9502,1.3921
0.9507,1.3972
0.9512,1.3921
0.9518,1.3921
0.9523,1.3921
0.9528,1.3972
0.9534,1.3921
0.9540,1.3921
0.9545,1.3921
0.9551,1.3921
0.9556,1.3921
0.9561,1.3921
0.9567,1.3921
0.9572,1.3921
0.9577,1.3921
0.9583,1.3921
0.9588,1.3921
0.9594,1.3921
0.9599,1.3921
0.9604,1.3972
0.9610,1.3921
0.9615,1.3871
0.9621,1.3921
0.9626,1.3921
0.9631,1.3921
0.9637,1.3921
0.9642,1.3921
0.9647,1.3921
0.9653,1.3921
0.9658,1.3921
0.9664,1.3972
0.9669,1.3921
0.9674,1.3972
0.9681,1.3921
0.9686,1.3921
0.9692,1.3921
0.9697,1.3921
0.9702,1.3921
0.9708,1.3921
0.9713,1.3972
0.9718,1.3921
0.9724,1.3921
0.9729,1.3921
0.9734,1.3972
0.9740,1.3921
0.9745,1.3871
0.9750,1.3921
0.9756,1.3921
0.9761,1.3921
0.9767,1.3972
0.9772,1.3921
0.9777,1.3921
0.9783,1.3921
0.9788,1.3921
0.9793,1.3921
0.9799,1.3921
0.9804,1.3871
0.9809,1.3921
0.9815,1.3921
0.9820,1.3921
0.9825,1.3921
0.9831,1.3921
0.9836,1.3871
0.9841,1.3921
0.9847,1.3921
0.9852,1.3921
0.9857,1.3871
0.9863,1.3921
0.9868,1.3921
0.9873,1.3821
0.9879,1.3921
0.9884,1.3921
0.9890,1.3921
0.9895,1.3871
0.9900,1.3921
0.9906,1.3921
0.9911,1.3972
0.9916,1.3921
0.9922,1.3921
0.9927,1.3921
0.9932,1.3921
0.9938,1.3921
0.9943,1.3871
0.9948,1.3921
0.9954,1.3921
0.9959,1.3871
0.9964,1.3871
0.9970,1.3972
0.9975,1.3871
0.9980,1.3921
0.9986,1.3871
0.9991,1.3921
0.9996,1.3921
1.0002,1.3921
1.0007,1.3871
1.0012,1.3921
1.0018,1.3921
1.0023,1.3871
1.0028,1.3921
1.0034,1.3921
1.0039,1.3871
1.0045,1.3921
1.0050,1.3921
1.0055,1.3921
1.0061,1.3921
1.0066,1.3871
1.0071,1.3921
1.0077,1.3921
1.0082,1.3871
1.0087,1.3921
1.0093,1.3921
1.0098,1.3921
1.0104,1.3921
1.0110,1.3921
1.0115,1.3871
1.0121,1.3871
1.0127,1.3921
1.0132,1.3921
1.0138,1.3871
1.0144,1.3871
1.0149,1.3921
1.0154,1.3921
1.0160,1.3921
1.0166,1.3921
1.0172,1.3921
1.0178,1.3921
1.0183,1.3871
1.0188,1.3921
1.0194,1.3871
1.0199,1.3871
1.0205,1.3921
1.0210,1.3871
1.0215,1.3921
1.0221,1.3821
1.0226,1.3921
1.0232,1.3921
1.0237,1.3871
1.0251,1.3871
1.0269,1.3871
1.0275,1.3921
1.0282,1.3921
1.0287,1.3921
1.0293,1.3871
1.0298,1.3921
1.0304,1.3921
1.0309,1.3871
1.0314,1.3921
1.0320,1.3921
1.0325,1.3871
1.0331,1.3972
1.0337,1.3921
1.0342,1.3921
1.0349,1.3921
1.0354,1.3871
1.0360,1.3871
1.0365,1.3921
1.0371,1.3921
1.0376,1.3871
1.0381,1.3921
1.0387,1.3921
1.0392,1.3921
1.0397,1.3921
1.0403,1.3921
1.0408,1.3871
1.0413,1.3871
1.0419,1.3871
1.0424,1.3921
1.0429,1.3921
1.0435,1.3821
1.0440,1.3921
1.0446,1.3921
1.0451,1.3921
1.0456,1.3921
1.0462,1.3921
1.0467,1.3871
1.0472,1.3871
1.0478,1.3871
1.0484,1.3921
1.0489,1.3871
1.0494,1.3921
1.0500,1.3871
1.0506,1.3871
1.0512,1.3871
1.0518,1.3921
1.0523,1.3871
1.0529,1.3871
1.0534,1.3921
1.0539,1.3921
1.0545,1.3871
1.0550,1.3921
1.0555,1.3921
1.0561,1.3921
1.0566,1.3921
1.0571,1.3921
1.0577,1.3871
1.0582,1.3871
1.0587,1.3921
1.0593,1.3921
1.0598,1.3871
1.0603,1.3871
1.0609,1.3871
1.0614,1.3921
1.0620,1.3871
1.0625,1.3871
1.0630,1.3921
1.0636,1.3871
1.0641,1.3921
1.0646,1.3921
1.0652,1.3921
1.0657,1.3921
1.0662,1.3821
1.0668,1.3921
1.0673,1.3871
1.0678,1.3871
1.0684,1.3921
1.0689,1.3871
1.0695,1.3871
1.0700,1.3871
1.0705,1.3871
1.0711,1.3821
1.0716,1.3871
1.0722,1.3821
1.0727,1.3871
1.0732,1.3921
1.0738,1.3871
1.0743,1.3871
1.0748,1.3821
1.0754,1.3871
1.0759,1.3871
1.0764,1.3871
1.0770,1.3871
1.0775,1.3871
1.0780,1.3871
1.0786,1.3871
1.0791,1.3871
1.0796,1.3871
1.0802,1.3871
1.0807,1.3871
1.0813,1.3871
1.0818,1.3871
1.0823,1.3871
1.0829,1.3871
1.0834,1.3871
1.0839,1.3871
1.0845,1.3871
1.0850,1.3871
1.0855,1.3921
1.0861,1.3821
1.0866,1.3871
1.0871,1.3871
1.0877,1.3821
1.0882,1.3871
1.0887,1.3871
1.0893,1.3871
1.0898,1.3821
1.0904,1.3871
1.0909,1.3821
1.0914,1.3871
1.0920,1.3871
1.0925,1.3871
1.0931,1.3871
1.0936,1.3871
1.0941,1.3871
1.0947,1.3871
1.0952,1.3871
1.0957,1.3871
1.0963,1.3871
1.0968,1.3871
1.0973,1.3871
1.0979,1.3871
1.0984,1.3871
1.0989,1.3871
1.0995,1.3921
1.1000,1.3871
1.1006,1.3871
1.1011,1.3871
1.1016,1.3871
1.1022,1.3871
1.1027,1.3871
1.1032,1.3871
1.1038,1.3821
1.1043,1.3871
1.1048,1.3871
1.1054,1.3821
1.1059,1.3821
1.1064,1.3871
1.1070,1.3871
1.1075,1.3921
1.1081,1.3821
1.1086,1.3871
1.1091,1.3821
1.1097,1.3821
1.1102,1.3921
1.1107,1.3871
1.1113,1.3821
1.1118,1.3871
1.1123,1.3871
1.1129,1.3871
1.1134,1.3871
1.1140,1.3821
1.1145,1.3871
1.1150,1.3871
1.1156,1.3871
1.1161,1.3871
1.1166,1.3871
1.1172,1.3821
1.1177,1.3821
1.1182,1.3871
1.1188,1.3871
1.1193,1.3821
1.1198,1.3871
1.1204,1.3871
1.1209,1.3821
1.1214,1.3871
1.1220,1.3821
1.1225,1.3871
1.1230,1.3821
1.1235,1.3821
1.1241,1.3821
1.1246,1.3821
1.1251,1.3821
1.1257,1.3871
1.1262,1.3821
1.1267,1.3871
1.1273,1.3871
1.1278,1.3871
1.1283,1.3871
1.1289,1.3821
1.1294,1.3871
1.1299,1.3871
1.1305,1.3871
1.1310,1.3871
1.1315,1.3871
1.1321,1.3821
1.1326,1.3821
1.1331,1.3821
1.1337,1.3871
1.1342,1.3821
1.1347,1.3871
1.1353,1.3821
1.1358,1.3821
1.1363,1.3821
1.1369,1.3871
1.1374,1.3821
1.1379,1.3871
1.1385,1.3821
1.1390,1.3871
1.1395,1.3770
1.1401,1.3871
1.1406,1.3821
1.1411,1.3821
1.1417,1.3821
1.1422,1.3821
1.1427,1.3871
1.1433,1.3821
1.1438,1.3871
1.1444,1.3821
1.1449,1.3821
1.1454,1.3871
1.1460,1.3821
1.1465,1.3871
1.1470,1.3821
1.1476,1.3821
1.1481,1.3821
1.1486,1.3821
1.1492,1.3821
1.1497,1.3770
1.1502,1.3821
1.1508,1.3821
1.1513,1.3821
1.1518,1.3821
1.1524,1.3821
1.1529,1.3821
1.1534,1.3871
1.1540,1.3871
1.1545,1.3821
1.1550,1.3821
1.1556,1.3821
1.1561,1.3821
1.1566,1.3821
1.1572,1.3871
1.1577,1.3770
1.1582,1.3871
1.1588,1.3821
1.1593,1.3821
1.1598,1.3821
1.1604,1.3821
1.1609,1.3821
1.1615,1.3821
1.1620,1.3821
1.1625,1.3871
1.1631,1.3871
1.1636,1.3871
1.1641,1.3821
1.1647,1.3770
1.1652,1.3871
1.1657,1.3871
1.1663,1.3821
1.1668,1.3821
1.1674,1.3821
1.1679,1.3821
1.1684,1.3871
1.1690,1.3821
1.1695,1.3821
1.1700,1.3821
1.1706,1.3770
1.1711,1.3871
1.1716,1.3821
1.1722,1.3821
1.1727,1.3770
1.1732,1.3770
1.1738,1.3821
1.1743,1.3821
1.1749,1.3821
1.1754,1.3821
1.1759,1.3871
1.1765,1.3821
1.1770,1.3821
1.1775,1.3821
1.1781,1.3821
1.1786,1.3821
1.1791,1.3821
1.1797,1.3821
1.1802,1.3821
1.1807,1.3821
1.1813,1.3821
1.1818,1.3821
1.1823,1.3821
1.1829,1.3821
1.1834,1.3821
1.1840,1.3871
1.1845,1.3821
1.1850,1.3871
1.1856,1.3871
1.1861,1.3821
1.1866,1.3871
1.1872,1.3871
1.1877,1.3821
1.1882,1.3821
1.1888,1.3821
1.1893,1.3821
1.1898,1.3821
1.1904,1.3821
1.1909,1.3821
1.1914,1.3821
1.1920,1.3770
1.1925,1.3821
1.1930,1.3821
1.1936,1.3821
1.1941,1.3821
1.1946,1.3821
1.1952,1.3770
1.1957,1.3821
1.1963,1.3770
1.1968,1.3821
1.1973,1.3871
1.1979,1.3821
1.1984,1.3821
1.1989,1.3770
1.1995,1.3770
1.2000,1.3821
1.2005,1.3770
1.2011,1.3821
1.2016,1.3821
1.2021,1.3821
1.2027,1.3821
1.2032,1.3821
1.2037,1.3821
1.2043,1.3821
1.2048,1.3770
1.2053,1.3821
1.2059,1.3821
1.2064,1.3821
1.2069,1.3821
1.2075,1.3770
1.2080,1.3821
1.2085,1.3821
1.2091,1.3821
1.2096,1.3821
1.2101,1.3821
1.2107,1.3821
1.2112,1.3770
1.2118,1.3770
1.2123,1.3821
1.2128,1.3770
1.2134,1.3821
1.2139,1.3770
1.2144,1.3821
1.2150,1.3821
1.2155,1.3821
1.2160,1.3821
1.2166,1.3821
1.2171,1.3821
1.2176,1.3821
1.2182,1.3821
1.2187,1.3821
1.2192,1.3770
1.2198,1.3821
1.2203,1.3821
1.2208,1.3821
1.2214,1.3770
1.2219,1.3871
1.2224,1.3821
1.2230,1.3770
1.2235,1.3821
1.2241,1.3821
1.2246,1.3821
1.2251,1.3821
1.2257,1.3821
1.2262,1.3821
1.2267,1.3770
1.2273,1.3770
1.2278,1.3821
1.2283,1.3770
1.2289,1.3821
1.2294,1.3821
1.2300,1.3770
1.2305,1.3770
1.2310,1.3770
1.2316,1.3821
1.2321,1.3821
1.2326,1.3770
1.2332,1.3821
1.2337,1.3821
1.2342,1.3770
1.2348,1.3821
1.2353,1.3821
1.2358,1.3821
1.2364,1.3770
1.2369,1.3720
1.2374,1.3821
1.2380,1.3821
1.2385,1.3821
1.2390,1.3821
1.2396,1.3821
1.2401,1.3821
1.2406,1.3821
1.2412,1.3821
1.2417,1.3770
1.2422,1.3821
1.2428,1.3821
1.2433,1.3821
1.2439,1.3821
1.2444,1.3770
1.2449,1.3821
1.2455,1.3821
1.2460,1.3821
1.2465,1.3821
1.2471,1.3821
1.2476,1.3821
1.2481,1.3821
1.2487,1.3821
1.2492,1.3770
1.2497,1.3821
1.2503,1.3770
1.2508,1.3770
1.2513,1.3821
1.2519,1.3821
1.2524,1.3821
1.2529,1.3821
1.2535,1.3821
1.2540,1.3770
1.2545,1.3770
1.2551,1.3821
1.2556,1.3821
1.2561,1.3821
1.2567,1.3871
1.2572,1.3821
1.2578,1.3770
1.2583,1.3821
1.2588,1.3770
1.2594,1.3770
1.2599,1.3770
1.2604,1.3821
1.2610,1.3821
1.2615,1.3821
1.2620,1.3821
1.2626,1.3821
1.2631,1.3770
1.2636,1.3821
1.2642,1.3821
1.2647,1.3821
1.2652,1.3821
1.2658,1.3770
1.2663,1.3821
1.2668,1.3871
1.2674,1.3821
1.2679,1.3821
1.2684,1.3821
1.2690,1.3770
1.2695,1.3770
1.2701,1.3821
1.2707,1.3821
1.2712,1.3770
1.2718,1.3821
1.2723,1.3821
1.2728,1.3821
1.2734,1.3821
1.2739,1.3770
1.2745,1.3821
1.2750,1.3821
1.2755,1.3821
1.2761,1.3871
1.2766,1.3871
1.2771,1.3821
1.2777,1.3821
1.2782,1.3821
1.2788,1.3871
1.2793,1.3871
1.2798,1.3871
1.2804,1.3821
1.2809,1.3821
1.2815,1.3871
1.2820,1.3871
1.2825,1.3871
1.2831,1.3821
1.2836,1.3871
1.2841,1.3871
1.2847,1.3921
1.2852,1.3821
1.2858,1.3821
1.2863,1.3871
1.2868,1.3821
1.2874,1.3871
1.2879,1.3821
1.2885,1.3821
1.2890,1.3921
1.2895,1.3821
1.2901,1.3871
1.2906,1.3871
1.2911,1.3871
1.2917,1.3871
1.2922,1.3871
1.2928,1.3871
1.2933,1.3871
1.2938,1.3871
1.2944,1.3921
1.2949,1.3821
1.2955,1.3921
1.2960,1.3821
1.2965,1.3871
1.2971,1.3921
1.2976,1.3871
1.2982,1.3871
1.2987,1.3921
1.2992,1.3871
1.2998,1.3871
1.3003,1.3871
1.3009,1.3921
1.3014,1.3871
1.3019,1.3921
1.3025,1.3921
1.3030,1.3921
1.3036,1.3871
1.3041,1.3921
1.3046,1.3921
1.3052,1.3921
1.3057,1.3871
1.3062,1.3921
1.3068,1.3921
1.3073,1.3921
1.3079,1.3921
1.3084,1.3972
1.3089,1.3972
1.3095,1.3921
1.3100,1.3972
1.3106,1.3921
1.3111,1.3972
1.3116,1.3972
1.3122,1.3921
1.3127,1.3972
1.3133,1.3921
1.3138,1.3972
1.3143,1.3921
1.3149,1.3921
1.3154,1.3921
1.3159,1.3921
1.3165,1.3921
1.3170,1.3921
1.3176,1.3921
1.3181,1.3871
1.3186,1.3972
1.3192,1.3972
1.3197,1.3871
1.3203,1.3972
1.3209,1.3921
1.3215,1.3972
1.3221,1.3972
1.3227,1.3921
1.3233,1.3921
1.3239,1.3921
1.3244,1.3972
1.3250,1.3972
1.3256,1.3972
1.3262,1.3972
1.3267,1.4022
1.3273,1.3972
1.3279,1.3921
1.3284,1.3921
1.3290,1.3972
1.3296,1.3921
1.3302,1.4022
1.3307,1.3921
1.3313,1.3921
1.3318,1.3972
1.3324,1.3921
1.3329,1.3972
1.3335,1.3972
1.3340,1.4022
1.3346,1.3972
1.3351,1.3972
1.3357,1.3972
1.3362,1.3972
1.3368,1.3972
1.3373,1.3972
1.3379,1.3972
1.3384,1.3972
1.3389,1.3972
1.3395,1.3972
1.3400,1.3972
1.3406,1.3972
1.3411,1.3972
1.3416,1.3921
1.3422,1.3972
1.3427,1.4022
1.3433,1.3972
1.3438,1.3921
1.3443,1.3972
1.3449,1.4022
1.3454,1.3972
1.3459,1.3972
1.3465,1.3972
1.3470,1.4022
1.3475,1.3972
1.3481,1.3972
1.3486,1.4022
1.3492,1.3972
1.3497,1.3972
1.3502,1.3972
1.3508,1.3972
1.3513,1.4022
1.3519,1.4022
1.3524,1.4022
1.3530,1.3972
1.3535,1.3972
1.3541,1.4022
1.3546,1.4022
1.3552,1.3972
1.3557,1.4022
1.3563,1.3972
1.3568,1.4022
1.3574,1.3972
1.3579,1.4022
1.3585,1.3972
1.3590,1.4022
1.3596,1.3972
1.3601,1.4022
1.3606,1.3972
1.3612,1.3972
1.3617,1.4022
1.3623,1.4022
1.3628,1.4022
1.3634,1.3972
1.3639,1.3972
1.3645,1.3972
1.3650,1.4022
1.3656,1.3972
1.3661,1.3972
1.3667,1.4022
1.3672,1.3972
1.3678,1.4022
1.3683,1.4022
1.3689,1.4022
1.3696,1.4022
1.3702,1.4022
1.3707,1.3972
1.3713,1.4022
1.3718,1.3972
1.3724,1.4022
1.3729,1.4022
1.3734,1.4022
1.3740,1.4022
1.3745,1.4022
1.3751,1.4022
1.3756,1.4022
1.3761,1.3972
1.3767,1.4022
1.3772,1.4022
1.3777,1.3972
1.3783,1.4022
1.3788,1.4022
1.3794,1.4073
1.3799,1.4022
1.3804,1.4022
1.3810,1.4022
1.3815,1.3972
1.3821,1.3972
1.3826,1.3972
1.3831,1.4022
1.3837,1.3972
1.3842,1.4022
1.3847,1.4022
1.3853,1.3972
1.3858,1.4022
1.3864,1.4022
1.3869,1.4022
1.3874,1.4022
1.3880,1.4022
1.3885,1.4022
1.3890,1.4022
1.3896,1.4022
1.3901,1.3972
1.3906,1.4022
1.3912,1.4022
1.3917,1.4022
1.3922,1.3972
1.3928,1.3972
1.3933,1.4022
1.3939,1.4022
1.3945,1.4022
1.3950,1.4022
1.3956,1.4073
1.3961,1.4022
1.3966,1.3972
1.3972,1.4073
1.3977,1.4022
1.3983,1.4022
1.3988,1.4022
1.3994,1.4022
1.3999,1.4022
1.4005,1.4022
1.4010,1.3972
1.4015,1.4022
1.4021,1.4022
1.4026,1.4022
1.4032,1.4022
1.4037,1.4022
1.4043,1.4022
1.4048,1.4022
1.4054,1.4022
1.4059,1.3972
1.4065,1.3972
1.4070,1.3972
1.4076,1.4073
1.4081,1.4022
1.4087,1.4022
1.4096,1.3972
1.4101,1.4022
1.4106,1.4022
1.4112,1.3972
1.4117,1.4022
1.4123,1.4022
1.4128,1.4022
1.4133,1.4022
1.4139,1.4022
1.4144,1.3921
1.4150,1.4022
1.4155,1.4022
1.4160,1.4022
1.4166,1.3972
1.4171,1.4022
1.4176,1.3972
1.4182,1.4022
1.4187,1.3972
1.4193,1.4022
1.4198,1.4022
1.4203,1.4022
1.4209,1.3972
1.4214,1.4022
1.4220,1.4073
1.4225,1.4022
1.4230,1.4022
1.4236,1.4022
1.4241,1.3972
1.4247,1.3972
1.4252,1.4022
1.4257,1.4022
1.4263,1.4022
1.4268,1.4022
1.4273,1.4022
1.4279,1.4022
1.4284,1.4022
1.4289,1.3972
1.4295,1.4022
1.4300,1.3972
1.4305,1.4022
1.4311,1.4022
1.4316,1.3972
1.4322,1.4022
1.4327,1.4022
1.4332,1.4022
1.4338,1.4022
1.4343,1.3972
1.4349,1.4022
1.4354,1.3972
1.4360,1.4022
1.4365,1.4022
1.4371,1.3972
1.4376,1.3972
1.4382,1.4022
1.4387,1.4022
1.4392,1.4022
1.4398,1.4022
1.4403,1.4022
1.4409,1.4022
1.4414,1.3972
1.4420,1.4022
1.4425,1.3972
1.4431,1.3972
1.4436,1.3972
1.4441,1.3972
1.4447,1.4022
1.4452,1.3972
1.4458,1.3972
1.4463,1.4022
1.4469,1.4022
1.4474,1.4022
1.4480,1.4022
1.4485,1.4022
1.4491,1.3972
1.4496,1.4022
1.4501,1.3972
1.4507,1.4022
1.4512,1.3972
1.4518,1.4022
1.4523,1.4022
1.4528,1.3972
1.4534,1.3972
1.4539,1.4022
1.4545,1.4022
1.4550,1.3972
1.4555,1.4022
1.4561,1.3972
1.4566,1.3972
1.4572,1.4022
1.4577,1.4022
1.4582,1.4022
1.4588,1.4022
1.4593,1.3972
1.4598,1.3972
1.4604,1.3972
1.4609,1.4022
1.4615,1.4022
1.4620,1.3972
1.4625,1.4022
1.4631,1.4022
1.4636,1.4022
1.4642,1.3972
1.4647,1.3921
1.4652,1.3921
1.4658,1.4022
1.4663,1.3972
1.4668,1.3972
1.4674,1.3972
1.4679,1.3972
1.4684,1.3972
1.4690,1.3972
1.4695,1.4022
1.4701,1.4022
1.4706,1.3972
1.4711,1.3921
1.4717,1.3972
1.4722,1.3972
1.4728,1.3972
1.4733,1.3972
1.4738,1.3921
1.4744,1.3972
1.4749,1.3972
1.4755,1.3972
1.4760,1.3972
1.4766,1.3972
1.4771,1.3972
1.4777,1.3972
1.4782,1.4022
1.4787,1.3972
1.4793,1.3921
1.4798,1.4022
1.4804,1.3972
1.4809,1.3972
1.4815,1.3921
1.4820,1.3972
1.4826,1.3972
1.4831,1.4022
1.4837,1.3972
1.4842,1.4022
1.4848,1.3972
1.4853,1.3972
1.4859,1.3972
1.4864,1.3972
1.4870,1.3972
1.4875,1.3921
1.4880,1.3972
1.4886,1.3972
1.4896,1.3972
1.4901,1.3972
1.4906,1.3972
1.4912,1.3972
1.4917,1.3921
1.4923,1.3921
1.4928,1.3921
1.4933,1.3972
1.4939,1.3972
1.4944,1.3921
1.4950,1.3972
1.4955,1.3972
1.4960,1.3921
1.4966,1.3972
1.4971,1.3972
1.4977,1.3972
1.4982,1.3921
1.4987,1.3972
1.4993,1.3921
1.4998,1.3921
1.5003,1.3972
1.5009,1.3921
1.5014,1.3921
1.5020,1.3921
1.5025,1.3972
1.5030,1.3921
1.5036,1.3972
1.5041,1.3972
1.5047,1.3972
1.5052,1.3871
1.5057,1.3972
1.5063,1.3921
1.5068,1.3921
1.5074,1.3972
1.5079,1.3972
1.5084,1.3972
1.5090,1.3921
1.5095,1.3921
1.5101,1.3972
1.5107,1.3972
1.5113,1.3972
1.5118,1.3972
1.5124,1.3921
1.5130,1.3972
1.5136,1.3972
1.5142,1.3921
1.5148,1.3921
1.5154,1.3972
1.5160,1.3921
1.5165,1.4022
1.5171,1.3921
1.5176,1.3921
1.5182,1.3972
1.5188,1.3871
1.5194,1.3921
1.5199,1.3921
1.5205,1.3972
1.5210,1.3972
1.5215,1.3972
1.5221,1.3921
1.5226,1.3972
1.5232,1.3972
1.5237,1.3972
1.5242,1.3921
1.5248,1.3921
1.5253,1.3921
1.5259,1.3921
1.5265,1.3871
1.5270,1.3921
1.5276,1.3921
1.5281,1.3921
1.5287,1.3921
1.5292,1.3921
1.5298,1.3972
1.5304,1.3871
1.5309,1.3921
1.5315,1.3921
1.5321,1.3921
1.5327,1.3921
1.5333,1.3921
1.5338,1.3921
1.5344,1.3871
1.5351,1.3921
1.5357,1.3921
1.5363,1.3921
1.5368,1.3921
1.5373,1.3921
1.5379,1.3921
1.5384,1.3921
1.5390,1.3921
1.5395,1.3871
1.5400,1.3871
1.5406,1.3921
1.5411,1.3921
1.5416,1.3972
1.5422,1.3871
1.5427,1.3921
1.5432,1.3821
1.5438,1.3921
1.5443,1.3921
1.5449,1.3972
1.5454,1.3921
1.5459,1.3871
1.5465,1.3821
1.5470,1.3921
1.5475,1.3921
1.5481,1.3871
1.5486,1.3921
1.5491,1.3921
1.5497,1.3921
1.5502,1.3921
1.5508,1.3921
1.5513,1.3921
1.5519,1.3921
1.5525,1.3821
1.5530,1.3921
1.5535,1.3921
1.5541,1.3921
1.5546,1.3921
1.5551,1.3921
1.5557,1.3921
1.5562,1.3871
1.5568,1.3871
1.5573,1.3871
1.5579,1.3871
1.5584,1.3871
1.5589,1.3921
1.5595,1.3821
1.5600,1.3921
1.5605,1.3921
1.5611,1.3871
1.5616,1.3921
1.5622,1.3871
1.5627,1.3921
1.5632,1.3921
1.5638,1.3921
1.5643,1.3871
1.5648,1.3921
1.5654,1.3871
1.5659,1.3871
1.5664,1.3921
1.5670,1.3921
1.5675,1.3921
1.5681,1.3821
1.5686,1.3921
1.5691,1.3871
1.5697,1.3921
1.5702,1.3921
1.5708,1.3921
1.5714,1.3921
1.5719,1.3921
1.5725,1.3871
1.5730,1.3871
1.5735,1.3871
1.5741,1.3821
1.5746,1.3921
1.5752,1.3871
1.5757,1.3921
1.5762,1.3921
1.5768,1.3871
1.5773,1.3921
1.5778,1.3871
1.5784,1.3921
1.5789,1.3921
1.5794,1.3871
1.5800,1.3921
1.5805,1.3972
1.5810,1.3921
1.5816,1.3921
1.5821,1.3871
1.5826,1.3921
1.5832,1.3921
1.5837,1.3871
1.5842,1.3821
1.5848,1.3921
1.5853,1.3921
1.5859,1.3921
1.5864,1.3921
1.5869,1.3871
1.5875,1.3871
1.5880,1.3921
1.5885,1.3921
1.5891,1.3871
1.5896,1.3921
1.5901,1.3871
1.5907,1.3871
1.5912,1.3871
1.5917,1.3921
1.5923,1.3871
1.5928,1.3871
1.5934,1.3871
1.5939,1.3871
1.5944,1.3871
1.5950,1.3871
1.5955,1.3871
1.5960,1.3921
1.5966,1.3871
1.5971,1.3921
1.5976,1.3871
1.5982,1.3871
1.5987,1.3921
1.5992,1.3871
1.5998,1.3871
1.6003,1.3871
1.6008,1.3871
1.6014,1.3921
1.6019,1.3821
1.6024,1.3921
1.6030,1.3871
1.6035,1.3871
1.6040,1.3871
1.6046,1.3871
1.6051,1.3871
1.6057,1.3821
1.6062,1.3821
1.6067,1.3871
1.6073,1.3921
1.6078,1.3921
1.6083,1.3871
1.6089,1.3921
1.6094,1.3871
1.6099,1.3921
1.6105,1.3871
1.6110,1.3871
1.6115,1.3871
1.6121,1.3871
1.6126,1.3871
1.6131,1.3871
1.6137,1.3871
1.6142,1.3871
1.6147,1.3871
1.6153,1.3921
1.6158,1.3871
1.6164,1.3871
1.6169,1.3921
1.6174,1.3921
1.6180,1.3871
1.6185,1.3871
1.6190,1.3921
1.6196,1.3871
1.6201,1.3871
1.6206,1.3871
1.6212,1.3921
1.6217,1.3921
1.6222,1.3871
1.6228,1.3871
1.6233,1.3871
1.6238,1.3871
1.6244,1.3871
1.6249,1.3871
1.6254,1.3871
1.6260,1.3871
1.6265,1.3871
1.6270,1.3871
1.6276,1.3871
1.6281,1.3871
1.6287,1.3871
1.6292,1.3871
1.6297,1.3871
1.6303,1.3871
1.6308,1.3871
1.6313,1.3821
1.6319,1.3871
1.6324,1.3921
1.6329,1.3921
1.6335,1.3921
1.6340,1.3871
1.6345,1.3821
1.6351,1.3871
1.6356,1.3821
1.6361,1.3921
1.6367,1.3871
1.6372,1.3871
1.6377,1.3871
1.6383,1.3821
1.6388,1.3821
1.6393,1.3821
1.6399,1.3821
1.6404,1.3921
1.6409,1.3871
1.6414,1.3871
1.6420,1.3921
1.6425,1.3871
1.6431,1.3871
1.6436,1.3921
1.6441,1.3871
1.6447,1.3871
1.6452,1.3821
1.6457,1.3821
1.6463,1.3871
1.6468,1.3871
1.6473,1.3821
1.6479,1.3871
1.6484,1.3871
1.6489,1.3871
1.6495,1.3871
1.6500,1.3871
1.6505,1.3821
1.6511,1.3871
1.6516,1.3871
1.6522,1.3871
1.6527,1.3871
1.6532,1.3871
1.6538,1.3871
1.6543,1.3871
1.6548,1.3821
1.6554,1.3871
1.6559,1.3821
1.6564,1.3871
1.6570,1.3821
1.6575,1.3871
1.6580,1.3871
1.6586,1.3871
1.6591,1.3821
1.6596,1.3871
1.6602,1.3871
1.6607,1.3821
1.6612,1.3821
1.6618,1.3871
1.6623,1.3871
1.6628,1.3921
1.6634,1.3871
1.6639,1.3871
1.6644,1.3871
1.6650,1.3871
1.6655,1.3871
1.6660,1.3871
1.6666,1.3821
1.6671,1.3871
1.6677,1.3871
1.6682,1.3871
1.6687,1.3821
1.6693,1.3821
1.6698,1.3871
1.6703,1.3821
1.6709,1.3821
1.6715,1.3821
1.6720,1.3821
1.6725,1.3821
1.6731,1.3871
1.6736,1.3871
1.6742,1.3821
1.6747,1.3871
1.6752,1.3871
1.6758,1.3871
1.6763,1.3871
1.6768,1.3871
1.6774,1.3871
1.6779,1.3871
1.6785,1.3871
1.6790,1.3871
1.6795,1.3871
1.6801,1.3871
1.6806,1.3871
1.6812,1.3871
1.6817,1.3871
1.6822,1.3821
1.6828,1.3821
1.6833,1.3871
1.6838,1.3871
1.6844,1.3871
1.6849,1.3821
1.6855,1.3871
1.6860,1.3821
1.6865,1.3871
1.6871,1.3871
1.6876,1.3871
1.6882,1.3871
1.6887,1.3871
1.6892,1.3871
1.6898,1.3821
1.6903,1.3821
1.6908,1.3871
1.6914,1.3821
1.6919,1.3871
1.6925,1.3871
1.6930,1.3821
1.6935,1.3871
1.6941,1.3821
1.6946,1.3871
1.6952,1.3821
1.6957,1.3871
1.6962,1.3821
1.6968,1.3821
1.6973,1.3871
1.6978,1.3871
1.6984,1.3871
1.6989,1.3821
1.6995,1.3821
1.7000,1.3871
1.7005,1.3821
1.7011,1.3871
1.7016,1.3871
1.7022,1.3871
1.7027,1.3821
1.7032,1.3821
1.7038,1.3871
1.7043,1.3821
1.7048,1.3821
1.7054,1.3871
1.7059,1.3821
1.7065,1.3821
1.7070,1.3821
1.7075,1.3821
1.7081,1.3871
1.7086,1.3871
1.7091,1.3821
1.7097,1.3871
1.7102,1.3821
1.7108,1.3821
1.7113,1.3821
1.7119,1.3871
1.7124,1.3871
1.7130,1.3871
1.7135,1.3871
1.7140,1.3871
1.7146,1.3871
1.7151,1.3821
1.7156,1.3821
1.7162,1.3871
1.7167,1.3871
1.7173,1.3821
1.7178,1.3871
1.7183,1.3871
1.7189,1.3821
1.7194,1.3821
1.7199,1.3871
1.7205,1.3871
1.7210,1.3821
1.7215,1.3821
1.7221,1.3821
1.7226,1.3770
1.7231,1.3821
1.7237,1.3821
1.7242,1.3871
1.7248,1.3821
1.7253,1.3871
1.7258,1.3821
1.7264,1.3871
1.7269,1.3871
1.7274,1.3871
1.7280,1.3821
1.7285,1.3871
1.7290,1.3770
1.7296,1.3821
1.7301,1.3821
1.7306,1.3821
1.7312,1.3821
1.7317,1.3821
1.7322,1.3821
1.7328,1.3821
1.7333,1.3821
1.7339,1.3821
1.7344,1.3821
1.7349,1.3821
1.7355,1.3821
1.7360,1.3821
1.7365,1.3821
1.7371,1.3871
1.7376,1.3821
1.7381,1.3821
1.7387,1.3821
1.7392,1.3871
1.7397,1.3821
1.7403,1.3821
1.7408,1.3821
1.7413,1.3821
1.7419,1.3821
1.7424,1.3821
1.7430,1.3821
1.7435,1.3871
1.7440,1.3821
1.7446,1.3821
1.7451,1.3821
1.7457,1.3770
1.7462,1.3821
1.7467,1.3821
1.7473,1.3821
1.7478,1.3821
1.7483,1.3821
1.7489,1.3770
1.7494,1.3871
1.7500,1.3821
1.7505,1.3871
1.7510,1.3821
1.7516,1.3821
1.7521,1.3821
1.7526,1.3871
1.7532,1.3821
1.7537,1.3871
1.7543,1.3770
1.7548,1.3821
1.7553,1.3821
1.7559,1.3821
1.7564,1.3821
1.7570,1.3821
1.7575,1.3821
1.7580,1.3871
1.7586,1.3821
1.7591,1.3821
1.7596,1.3821
1.7602,1.3871
1.7607,1.3821
1.7613,1.3821
1.7618,1.3821
1.7623,1.3821
1.7629,1.3871
1.7635,1.3871
1.7640,1.3821
1.7645,1.3821
1.7651,1.3821
1.7656,1.3821
1.7662,1.3821
1.7667,1.3871
1.7672,1.3821
1.7678,1.3871
1.7683,1.3821
1.7689,1.3871
1.7694,1.3821
1.7699,1.3821
1.7705,1.3821
1.7710,1.3821
1.7715,1.3770
1.7722,1.3821
1.7727,1.3821
1.7733,1.3821
1.7738,1.3871
1.7743,1.3821
1.7749,1.3821
1.7754,1.3821
1.7759,1.3821
1.7765,1.3821
1.7770,1.3821
1.7775,1.3821
1.7781,1.3821
1.7786,1.3821
1.7792,1.3821
1.7797,1.3821
1.7803,1.3821
1.7808,1.3821
1.7814,1.3871
1.7819,1.3821
1.7824,1.3821
1.7830,1.3770
1.7835,1.3770
1.7840,1.3821
1.7846,1.3770
1.7851,1.3821
1.7856,1.3821
1.7862,1.3770
1.7867,1.3871
1.7872,1.3821
1.7878,1.3821
1.7883,1.3821
1.7888,1.3821
1.7894,1.3821
1.7899,1.3821
1.7904,1.3821
1.7910,1.3821
1.7915,1.3770
1.7920,1.3821
1.7926,1.3821
1.7931,1.3770
1.7937,1.3821
1.7942,1.3821
1.7947,1.3821
1.7953,1.3770
1.7958,1.3821
1.7963,1.3770
1.7969,1.3821
1.7974,1.3770
1.7979,1.3821
1.7985,1.3821
1.7990,1.3821
1.7995,1.3821
1.8001,1.3821
1.8006,1.3821
1.8011,1.3821
1.8017,1.3770
1.8022,1.3821
1.8027,1.3770
1.8033,1.3821
1.8038,1.3821
1.8043,1.3821
1.8049,1.3821
1.8054,1.3821
1.8059,1.3821
1.8065,1.3770
1.8070,1.3871
1.8075,1.3821
1.8081,1.3770
1.8086,1.3770
1.8091,1.3821
1.8097,1.3821
1.8102,1.3770
1.8108,1.3821
1.8113,1.3821
1.8118,1.3821
1.8124,1.3821
1.8129,1.3770
1.8134,1.3821
1.8140,1.3770
1.8145,1.3770
1.8150,1.3821
1.8156,1.3821
1.8161,1.3821
1.8166,1.3821
1.8172,1.3821
1.8177,1.3821
1.8183,1.3770
1.8188,1.3770
1.8193,1.3821
1.8199,1.3821
1.8204,1.3821
1.8209,1.3821
1.8215,1.3770
1.8220,1.3821
1.8225,1.3821
1.8231,1.3770
1.8236,1.3770
1.8241,1.3821
1.8247,1.3821
1.8252,1.3821
1.8257,1.3821
1.8263,1.3821
1.8268,1.3770
1.8273,1.3821
1.8279,1.3770
1.8284,1.3770
1.8289,1.3821
1.8295,1.3770
1.8300,1.3770
1.8305,1.3821
1.8311,1.3821
1.8316,1.3770
1.8321,1.3821
1.8327,1.3770
1.8332,1.3821
1.8337,1.3770
1.8343,1.3821
1.8348,1.3821
1.8353,1.3821
1.8359,1.3770
1.8364,1.3871
1.8370,1.3770
1.8375,1.3821
1.8380,1.3821
1.8386,1.3770
1.8391,1.3770
1.8396,1.3821
1.8402,1.3821
1.8407,1.3821
1.8412,1.3821
1.8418,1.3720
1.8423,1.3770
1.8428,1.3720
1.8434,1.3770
1.8439,1.3770
1.8444,1.3821
1.8450,1.3770
1.8455,1.3821
1.8460,1.3821
1.8466,1.3821
1.8471,1.3821
1.8477,1.3770
1.8482,1.3770
1.8487,1.3821
1.8493,1.3821
1.8498,1.3821
1.8503,1.3821
1.8509,1.3821
1.8514,1.3821
1.8519,1.3821
1.8525,1.3770
1.8530,1.3821
1.8535,1.3770
1.8541,1.3821
1.8546,1.3821
1.8551,1.3821
1.8557,1.3821
1.8562,1.3770
1.8567,1.3821
1.8573,1.3821
1.8578,1.3821
1.8583,1.3821
1.8589,1.3821
1.8594,1.3821
1.8599,1.3821
1.8605,1.3821
1.8610,1.3821
1.8616,1.3821
1.8621,1.3821
1.8626,1.3821
1.8632,1.3821
1.8637,1.3821
1.8642,1.3720
1.8648,1.3821
1.8653,1.3821
1.8658,1.3821
1.8664,1.3720
1.8669,1.3821
1.8674,1.3821
1.8680,1.3821
1.8685,1.3821
1.8690,1.3821
1.8696,1.3821
1.8701,1.3821
1.8706,1.3821
1.8712,1.3821
1.8717,1.3821
1.8722,1.3821
1.8729,1.3821
1.8734,1.3821
1.8739,1.3821
1.8745,1.3871
1.8750,1.3821
1.8755,1.3770
1.8761,1.3871
1.8766,1.3871
1.8772,1.3871
1.8777,1.3821
1.8782,1.3821
1.8788,1.3821
1.8793,1.3871
1.8798,1.3871
1.8804,1.3821
1.8809,1.3821
1.8815,1.3871
1.8820,1.3821
1.8825,1.3821
1.8831,1.3871
1.8836,1.3871
1.8842,1.3871
1.8847,1.3821
1.8852,1.3871
1.8858,1.3871
1.8863,1.3871
1.8868,1.3871
1.8874,1.3871
1.8879,1.3871
1.8885,1.3871
1.8890,1.3821
1.8895,1.3871
1.8901,1.3871
1.8906,1.3871
1.8912,1.3871
1.8917,1.3871
1.8922,1.3871
1.8928,1.3871
1.8933,1.3821
1.8938,1.3871
1.8944,1.3871
1.8949,1.3821
1.8955,1.3921
1.8960,1.3871
1.8965,1.3921
1.8971,1.3921
1.8976,1.3871
1.8982,1.3871
1.8987,1.3871
1.8992,1.3871
1.8998,1.3921
1.9003,1.3921
1.9008,1.3921
1.9014,1.3921
1.9019,1.3921
1.9025,1.3921
1.9030,1.3921
1.9035,1.3921
1.9041,1.3871
1.9046,1.3921
1.9052,1.3871
1.9058,1.3871
1.9064,1.3921
1.9071,1.3921
1.9077,1.3972
1.9082,1.3921
1.9088,1.3871
1.9093,1.3921
1.9098,1.3921
1.9104,1.3921
1.9109,1.3921
1.9115,1.3921
1.9120,1.3972
1.9126,1.3871
1.9131,1.3921
1.9137,1.3972
1.9142,1.3921
1.9147,1.3921
1.9153,1.3972
1.9158,1.3921
1.9164,1.3972
1.9169,1.3972
1.9174,1.3921
1.9180,1.3921
1.9185,1.3972
1.9191,1.3972
1.9196,1.4022
1.9201,1.3921
1.9208,1.3972
1.9213,1.3921
1.9219,1.3972
1.9225,1.3972
1.9231,1.3921
1.9236,1.3972
1.9242,1.3972
1.9248,1.3921
1.9254,1.3972
1.9260,1.3972
1.9266,1.3972
1.9271,1.3972
1.9277,1.3921
1.9283,1.4022
1.9288,1.3972
1.9294,1.3972
1.9300,1.3921
1.9305,1.4022
1.9310,1.3972
1.9316,1.3972
1.9322,1.3972
1.9327,1.3972
1.9335,1.3972
1.9341,1.3972
1.9346,1.3972
1.9352,1.3972
1.9357,1.3972
1.9363,1.4022
1.9368,1.4022
1.9374,1.3972
1.9379,1.3921
1.9384,1.3972
1.9390,1.3972
1.9395,1.3972
1.9400,1.4022
1.9406,1.4022
1.9411,1.3972
1.9417,1.4022
1.9422,1.3972
1.9427,1.3972
1.9433,1.3972
1.9438,1.4022
1.9443,1.3972
1.9449,1.3972
1.9454,1.3972
1.9459,1.4022
1.9465,1.3972
1.9470,1.3972
1.9476,1.3921
1.9481,1.4022
1.9486,1.3921
1.9492,1.4022
1.9497,1.3972
1.9502,1.4022
1.9508,1.3972
1.9515,1.3972
1.9520,1.4022
1.9526,1.3972
1.9531,1.4022
1.9536,1.3972
1.9542,1.4022
1.9547,1.4022
1.9552,1.3972
1.9558,1.4022
1.9563,1.4022
1.9569,1.3921
1.9574,1.4022
1.9579,1.4022
1.9585,1.4022
1.9590,1.4022
1.9595,1.4022
1.9601,1.3972
1.9606,1.3972
1.9611,1.4022
1.9617,1.4022
1.9622,1.4022
1.9628,1.3972
1.9633,1.4022
1.9638,1.4022
1.9644,1.4022
1.9649,1.4022
1.9654,1.4022
1.9660,1.3972
1.9665,1.4022
1.9671,1.4022
1.9676,1.4022
1.9681,1.4022
1.9687,1.3972
1.9692,1.3972
1.9697,1.4022
1.9703,1.4022
1.9708,1.3972
1.9713,1.4022
1.9719,1.4022
1.9724,1.4022
1.9729,1.4022
1.9735,1.3972
1.9740,1.4073
1.9746,1.4022
1.9751,1.4022
1.9756,1.4022
1.9762,1.4022
1.9767,1.4073
1.9772,1.4022
1.9783,1.4022
1.9789,1.4022
1.9794,1.4073
1.9799,1.3972
1.9805,1.4022
1.9810,1.3972
1.9815,1.4022
1.9821,1.4022
1.9826,1.3972
1.9831,1.4022
1.9837,1.4022
1.9842,1.4022
1.9847,1.4022
1.9852,1.4022
1.9858,1.4022
1.9863,1.3972
1.9869,1.4022
1.9874,1.4073
1.9879,1.4022
1.9885,1.4022
1.9890,1.4022
1.9895,1.4022
1.9901,1.4022
1.9906,1.3972
1.9911,1.4022
1.9917,1.4022
1.9922,1.4022
1.9927,1.4022
1.9933,1.4022
1.9938,1.4022
1.9943,1.4022
1.9949,1.4022
1.9954,1.4022
1.9959,1.4022
1.9965,1.4022
1.9970,1.4022
1.9975,1.4022
1.9980,1.4022
1.9986,1.4022
1.9991,1.4022
1.9996,1.4022
2.0002,1.4022
2.0007,1.4022
2.0012,1.4022
2.0018,1.3972
2.0023,1.3972
2.0028,1.3972
2.0034,1.4022
2.0039,1.3972
2.0044,1.4073
2.0050,1.3972
2.0055,1.4073
2.0060,1.4022
2.0066,1.4022
2.0071,1.4022
2.0076,1.4022
2.0082,1.4022
2.0087,1.4022
2.0092,1.4022
2.0098,1.3921
2.0103,1.4022
2.0109,1.4022
2.0115,1.4073
2.0120,1.4022
2.0126,1.4022
2.0132,1.3972
2.0137,1.3972
2.0143,1.4022
2.0148,1.4022
2.0154,1.4022
2.0159,1.4022
2.0165,1.4022
2.0171,1.3921
2.0176,1.4022
2.0182,1.4022
2.0187,1.4022
2.0193,1.4022
2.0198,1.4022
2.0203,1.4022
2.0209,1.3972
2.0214,1.3972
2.0219,1.4022
2.0225,1.4022
2.0230,1.3972
2.0236,1.4022
2.0251,1.4073
2.0267,1.4022
2.0273,1.4022
2.0278,1.4022
2.0285,1.4022
2.0292,1.4022
2.0298,1.3972
2.0304,1.3972
2.0309,1.4022
2.0314,1.4022
2.0320,1.3972
2.0325,1.4022
2.0330,1.4022
2.0336,1.4022
2.0341,1.3972
2.0346,1.4022
2.0352,1.4022
2.0357,1.4022
2.0363,1.4022
2.0368,1.3921
2.0373,1.4022
2.0379,1.3972
2.0384,1.4022
2.0389,1.3972
2.0394,1.3972
2.0400,1.3972
2.0405,1.3972
2.0410,1.3972
2.0416,1.3972
2.0421,1.3972
2.0426,1.4022
2.0432,1.4022
2.0437,1.4022
2.0442,1.4022
2.0448,1.4022
2.0453,1.4022
2.0458,1.3972
2.0463,1.3972
2.0469,1.4022
2.0474,1.3972
2.0479,1.4022
2.0485,1.3972
2.0490,1.4022
2.0495,1.4022
2.0500,1.4022
2.0506,1.4022
2.0511,1.4022
2.0516,1.3972
2.0522,1.4022
2.0527,1.3972
2.0532,1.4022
2.0538,1.4022
2.0543,1.4022
2.0548,1.3972
2.0554,1.4022
2.0559,1.4022
2.0564,1.3972
2.0570,1.3972
2.0575,1.3972
2.0581,1.3972
2.0586,1.4022
2.0591,1.4022
2.0596,1.4022
2.0602,1.3972
2.0607,1.3972
2.0612,1.3972
2.0618,1.3921
2.0623,1.3972
2.0628,1.3972
2.0634,1.4022
2.0639,1.4022
2.0644,1.3972
2.0650,1.3972
2.0655,1.4022
2.0660,1.4022
2.0665,1.3972
2.0671,1.3972
2.0676,1.4022
2.0681,1.4022
2.0687,1.3972
2.0692,1.3972
2.0697,1.4022
2.0703,1.3972
2.0708,1.3972
2.0713,1.3972
2.0718,1.4022
2.0724,1.3972
2.0729,1.3972
2.0734,1.4022
2.0740,1.3972
2.0745,1.4022
2.0750,1.4022
2.0756,1.4022
2.0761,1.3972
2.0766,1.4022
2.0772,1.3972
2.0777,1.4022
2.0782,1.3972
2.0788,1.3972
2.0793,1.3921
2.0798,1.3921
2.0804,1.3972
2.0809,1.3972
2.0814,1.3972
2.0820,1.3972
2.0825,1.3972
2.0830,1.3972
2.0836,1.3972
2.0841,1.3972
2.0846,1.3972
2.0852,1.3972
2.0857,1.3972
2.0862,1.3972
2.0868,1.3972
2.0873,1.4022
2.0878,1.3972
2.0884,1.3972
2.0889,1.3921
2.0894,1.3972
2.0900,1.3972
2.0905,1.3972
2.0910,1.3921
2.0916,1.3972
2.0921,1.4022
2.0926,1.3972
2.0932,1.3972
2.0937,1.3972
2.0942,1.3972
2.0948,1.3972
2.0953,1.3921
2.0958,1.3972
2.0964,1.3972
2.0969,1.3972
2.0974,1.4022
2.0980,1.3972
2.0985,1.3972
2.0990,1.3921
2.0996,1.3921
2.1001,1.3972
2.1006,1.3972
2.1012,1.3921
2.1017,1.3972
2.1022,1.3921
2.1028,1.3972
2.1033,1.3972
2.1038,1.3972
2.1044,1.3972
2.1049,1.3972
2.1054,1.3972
2.1060,1.3972
2.1065,1.3972
2.1070,1.3921
2.1076,1.3921
2.1081,1.3972
2.1086,1.3921
2.1092,1.3972
2.1097,1.3921
2.1102,1.3972
2.1108,1.3972
2.1113,1.3921
2.1118,1.3972
2.1124,1.3972
2.1129,1.3972
2.1135,1.3921
2.1140,1.3972
2.1146,1.3921
2.1151,1.3972
2.1156,1.3972
2.1162,1.3921
2.1167,1.3871
2.1172,1.3972
2.1178,1.3972
2.1183,1.3921
2.1189,1.3972
2.1194,1.3972
2.1199,1.3972
2.1205,1.3972
2.1210,1.3921
2.1215,1.3921
2.1221,1.3972
2.1226,1.3921
2.1231,1.3972
2.1237,1.3921
2.1242,1.3972
2.1248,1.3972
2.1253,1.3972
2.1258,1.3972
2.1264,1.3921
2.1269,1.3921
2.1275,1.3921
2.1280,1.3921
2.1285,1.3921
2.1291,1.3921
2.1296,1.3972
2.1301,1.3921
2.1307,1.3921
2.1312,1.3972
2.1317,1.3921
2.1323,1.3921
2.1328,1.3921
2.1334,1.3921
2.1339,1.3972
2.1344,1.3972
2.1350,1.3972
2.1355,1.3972
2.1360,1.3871
2.1366,1.3921
2.1371,1.3921
2.1376,1.3972
2.1382,1.3921
2.1387,1.3972
2.1393,1.3972
2.1398,1.3921
2.1403,1.3972
2.1409,1.3871
2.1414,1.3921
2.1419,1.3972
2.1425,1.3972
2.1430,1.3871
2.1435,1.3921
2.1441,1.3921
2.1446,1.3972
2.1452,1.3921
2.1457,1.3921
2.1462,1.3921
2.1468,1.3921
2.1473,1.3972
2.1478,1.3921
2.1484,1.3921
2.1489,1.3972
2.1494,1.3921
2.1500,1.3871
2.1505,1.3921
2.1510,1.3972
2.1516,1.3921
2.1521,1.3921
2.1527,1.3921
2.1532,1.3921
2.1537,1.3921
2.1543,1.3921
2.1548,1.3871
2.1553,1.3921
2.1559,1.3921
2.1564,1.3972
2.1569,1.3921
2.1575,1.3871
2.1580,1.3921
2.1586,1.3921
2.1591,1.3921
2.1596,1.3921
2.1602,1.3921
2.1607,1.3921
2.1612,1.3921
2.1618,1.3921
2.1623,1.3921
2.1628,1.3921
2.1634,1.3921
2.1639,1.3921
2.1645,1.3921
2.1650,1.3871
2.1655,1.3871
2.1661,1.3921
2.1666,1.3921
2.1671,1.3921
2.1677,1.3921
2.1682,1.3921
2.1687,1.3921
2.1693,1.3972
2.1698,1.3921
2.1704,1.3921
2.1709,1.3921
2.1714,1.3921
2.1720,1.3972
2.1725,1.3921
2.1730,1.3871
2.1737,1.3921
2.1742,1.3921
2.1748,1.3921
2.1753,1.3871
2.1758,1.3972
2.1764,1.3921
2.1769,1.3972
2.1774,1.3972
2.1780,1.3921
2.1785,1.3921
2.1790,1.3871
2.1795,1.3921
2.1801,1.3921
2.1806,1.3871
2.1811,1.3921
2.1817,1.3921
2.1822,1.3921
2.1827,1.3972
2.1833,1.3921
2.1838,1.3921
2.1843,1.3871
2.1849,1.3871
2.1854,1.3921
2.1859,1.3921
2.1865,1.3921
2.1870,1.3921
2.1875,1.3921
2.1881,1.3871
2.1886,1.3972
2.1891,1.3921
2.1896,1.3921
2.1902,1.3921
2.1907,1.3921
2.1912,1.3921
2.1918,1.3921
2.1923,1.3921
2.1928,1.3921
2.1934,1.3972
2.1940,1.3921
2.1946,1.3921
2.1951,1.3921
2.1956,1.3871
2.1962,1.3921
2.1967,1.3921
2.1972,1.3871
2.1978,1.3921
2.1983,1.3921
2.1988,1.3921
2.1994,1.3921
2.1999,1.3921
2.2004,1.3921
2.2010,1.3921
2.2015,1.3921
2.2020,1.3921
2.2026,1.3921
2.2031,1.3921
2.2036,1.3921
2.2042,1.3921
2.2047,1.3921
2.2052,1.3972
2.2058,1.3921
2.2063,1.3921
2.2068,1.3921
2.2074,1.3871
2.2079,1.3921
2.2084,1.3921
2.2090,1.3871
2.2095,1.3871
2.2100,1.3921
2.2105,1.3921
2.2111,1.3921
2.2116,1.3871
2.2121,1.3921
2.2127,1.3921
2.2132,1.3871
2.2137,1.3921
2.2143,1.3921
2.2148,1.3972
2.2153,1.3921
2.2159,1.3921
2.2164,1.3972
2.2169,1.3921
2.2175,1.3921
2.2180,1.3921
2.2185,1.3871
2.2191,1.3871
2.2196,1.3871
2.2201,1.3921
2.2207,1.3871
2.2212,1.3921
2.2217,1.3921
2.2223,1.3921
2.2228,1.3921
2.2234,1.3921
2.2239,1.3921
2.2244,1.3921
2.2250,1.3921
2.2255,1.3921
2.2260,1.3871
2.2266,1.3921
2.2271,1.3921
2.2276,1.3921
2.2281,1.3921
2.2287,1.3871
2.2292,1.3921
2.2297,1.3921
2.2303,1.3871
2.2308,1.3921
2.2313,1.3921
2.2319,1.3921
2.2324,1.3921
2.2329,1.3921
2.2335,1.3921
2.2340,1.3871
2.2345,1.3921
2.2351,1.3921
2.2356,1.3871
2.2361,1.3921
2.2367,1.3921
2.2372,1.3921
2.2377,1.3921
2.2383,1.3921
2.2388,1.3921
2.2393,1.3921
2.2398,1.3871
2.2404,1.3921
2.2409,1.3921
2.2414,1.3821
2.2420,1.3871
2.2425,1.3871
2.2430,1.3921
2.2436,1.3921
2.2441,1.3921
2.2446,1.3921
2.2452,1.3921
2.2457,1.3921
2.2462,1.3821
2.2468,1.3921
2.2473,1.3871
2.2478,1.3921
2.2484,1.3921
2.2489,1.3821
2.2494,1.3871
2.2500,1.3921
2.2505,1.3921
2.2510,1.3921
2.2515,1.3871
2.2521,1.3921
2.2526,1.3871
2.2531,1.3871
2.2537,1.3871
2.2542,1.3821
2.2547,1.3871
2.2553,1.3921
2.2558,1.3871
2.2563,1.3921
2.2569,1.3821
2.2574,1.3871
2.2579,1.3871
2.2585,1.3871
2.2590,1.3871
2.2595,1.3821
2.2601,1.3871
2.2606,1.3921
2.2612,1.3821
2.2617,1.3821
2.2622,1.3871
2.2628,1.3871
2.2633,1.3921
2.2638,1.3871
2.2644,1.3921
2.2649,1.3921
2.2654,1.3871
2.2660,1.3871
2.2665,1.3871
2.2670,1.3871
2.2675,1.3921
2.2681,1.3821
2.2686,1.3871
2.2691,1.3871
2.2697,1.3871
2.2702,1.3871
2.2707,1.3871
2.2713,1.3921
2.2718,1.3921
2.2723,1.3871
2.2729,1.3921
2.2734,1.3871
2.2740,1.3871
2.2746,1.3871
2.2751,1.3921
2.2757,1.3921
2.2762,1.3871
2.2768,1.3871
2.2773,1.3871
2.2778,1.3821
2.2784,1.3921
2.2789,1.3871
2.2794,1.3871
2.2800,1.3871
2.2805,1.3921
2.2810,1.3871
2.2816,1.3871
2.2821,1.3871
2.2826,1.3871
2.2832,1.3921
2.2837,1.3921
2.2843,1.3871
2.2848,1.3921
2.2853,1.3871
2.2859,1.3871
2.2864,1.3821
2.2869,1.3921
2.2875,1.3871
2.2880,1.3871
2.2885,1.3871
2.2891,1.3821
2.2896,1.3871
2.2902,1.3871
2.2907,1.3871
2.2912,1.3871
2.2918,1.3871
2.2923,1.3821
2.2928,1.3871
2.2934,1.3871
2.2939,1.3821
2.2944,1.3871
2.2950,1.3871
2.2955,1.3821
2.2960,1.3871
2.2966,1.3821
2.2971,1.3821
2.2977,1.3921
2.2982,1.3871
2.2987,1.3871
2.2993,1.3871
2.2998,1.3871
2.3003,1.3871
2.3009,1.3821
2.3014,1.3871
2.3019,1.3871
2.3025,1.3921
2.3030,1.3871
2.3035,1.3871
2.3041,1.3871
2.3046,1.3821
2.3052,1.3921
2.3057,1.3871
2.3062,1.3821
2.3068,1.3871
2.3073,1.3821
2.3078,1.3871
2.3084,1.3871
2.3089,1.3871
2.3094,1.3871
2.3100,1.3871
2.3105,1.3921
2.3110,1.3871
2.3116,1.3871
2.3121,1.3871
2.3127,1.3821
2.3132,1.3821
2.3137,1.3871
2.3143,1.3871
2.3148,1.3871
2.3153,1.3871
2.3159,1.3871
2.3164,1.3871
2.3169,1.3821
2.3175,1.3871
2.3180,1.3821
2.3186,1.3871
2.3191,1.3821
2.3196,1.3871
2.3202,1.3871
2.3207,1.3821
2.3212,1.3871
2.3218,1.3871
2.3223,1.3871
2.3228,1.3871
2.3234,1.3871
2.3239,1.3871
2.3244,1.3871
2.3250,1.3821
2.3255,1.3921
2.3261,1.3871
2.3266,1.3871
2.3271,1.3871
2.3277,1.3871
2.3282,1.3821
2.3288,1.3871
2.3293,1.3871
2.3298,1.3821
2.3304,1.3871
2.3309,1.3871
2.3314,1.3821
2.3320,1.3921
2.3325,1.3871
2.3330,1.3821
2.3336,1.3871
2.3341,1.3821
2.3346,1.3871
2.3352,1.3871
2.3357,1.3821
2.3363,1.3821
2.3368,1.3871
2.3373,1.3871
2.3379,1.3821
2.3384,1.3871
2.3389,1.3821
2.3395,1.3821
2.3400,1.3871
2.3405,1.3871
2.3411,1.3871
2.3416,1.3821
2.3421,1.3871
2.3427,1.3871
2.3432,1.3821
2.3438,1.3871
2.3443,1.3871
2.3448,1.3821
2.3454,1.3821
2.3459,1.3871
2.3464,1.3821
2.3470,1.3821
2.3475,1.3871
2.3480,1.3871
2.3486,1.3871
2.3491,1.3871
2.3496,1.3871
2.3502,1.3871
2.3507,1.3871
2.3512,1.3821
2.3518,1.3821
2.3523,1.3871
2.3529,1.3871
2.3534,1.3871
2.3539,1.3871
2.3545,1.3871
2.3550,1.3871
2.3555,1.3821
2.3561,1.3871
2.3566,1.3821
2.3571,1.3871
2.3577,1.3871
2.3582,1.3871
2.3588,1.3821
2.3593,1.3871
2.3598,1.3871
2.3604,1.3871
2.3609,1.3821
2.3614,1.3821
2.3620,1.3871
2.3625,1.3821
2.3630,1.3821
2.3636,1.3821
2.3641,1.3821
2.3646,1.3821
2.3652,1.3871
2.3657,1.3821
2.3662,1.3871
2.3668,1.3871
2.3673,1.3871
2.3679,1.3871
2.3684,1.3821
2.3689,1.3871
2.3695,1.3871
2.3700,1.3821
2.3705,1.3871
2.3711,1.3821
2.3716,1.3821
2.3721,1.3871
2.3727,1.3821
2.3732,1.3871
2.3737,1.3871
2.3743,1.3821
2.3749,1.3770
2.3755,1.3871
2.3760,1.3821
2.3765,1.3871
2.3771,1.3821
2.3776,1.3770
2.3781,1.3821
2.3787,1.3821
2.3792,1.3821
2.3797,1.3821
2.3803,1.3821
2.3808,1.3821
2.3813,1.3821
2.3819,1.3871
2.3824,1.3871
2.3829,1.3871
2.3835,1.3871
2.3840,1.3821
2.3845,1.3770
2.3850,1.3871
2.3856,1.3821
2.3861,1.3821
2.3866,1.3821
2.3872,1.3871
2.3877,1.3871
2.3883,1.3871
2.3888,1.3821
2.3893,1.3871
2.3899,1.3871
2.3904,1.3821
2.3909,1.3821
2.3914,1.3871
2.3920,1.3871
2.3925,1.3821
2.3930,1.3821
2.3936,1.3871
2.3941,1.3770
2.3946,1.3871
2.3952,1.3821
2.3957,1.3871
2.3962,1.3821
2.3968,1.3871
2.3973,1.3821
2.3979,1.3821
2.3984,1.3871
2.3989,1.3821
2.3995,1.3821
2.4000,1.3770
2.4005,1.3871
2.4010,1.3871
2.4016,1.3871
2.4021,1.3821
2.4026,1.3821
2.4032,1.3871
2.4037,1.3821
2.4042,1.3821
2.4048,1.3821
2.4053,1.3871
2.4058,1.3871
2.4064,1.3821
2.4069,1.3821
2.4074,1.3821
2.4080,1.3871
2.4085,1.3821
2.4090,1.3821
2.4096,1.3821
2.4101,1.3821
2.4106,1.3821
2.4112,1.3821
2.4117,1.3770
2.4122,1.3821
2.4128,1.3821
2.4133,1.3821
2.4138,1.3821
2.4144,1.3821
2.4149,1.3871
2.4154,1.3821
2.4159,1.3770
2.4165,1.3821
2.4170,1.3770
2.4175,1.3821
2.4181,1.3821
2.4186,1.3770
2.4191,1.3821
2.4197,1.3821
2.4202,1.3871
2.4207,1.3821
2.4213,1.3770
2.4218,1.3821
2.4223,1.3770
2.4229,1.3821
2.4234,1.3821
2.4239,1.3821
2.4245,1.3821
2.4250,1.3770
2.4255,1.3871
2.4261,1.3821
2.4266,1.3821
2.4271,1.3770
2.4277,1.3821
2.4282,1.3821
2.4287,1.3821
2.4293,1.3821
2.4298,1.3821
2.4303,1.3821
2.4308,1.3770
2.4314,1.3821
2.4319,1.3770
2.4324,1.3821
2.4330,1.3821
2.4335,1.3871
2.4340,1.3821
2.4346,1.3821
2.4351,1.3821
2.4356,1.3821
2.4362,1.3821
2.4367,1.3821
2.4372,1.3821
2.4378,1.3821
2.4383,1.3871
2.4388,1.3871
2.4394,1.3821
2.4399,1.3871
2.4404,1.3821
2.4410,1.3821
2.4415,1.3770
2.4420,1.3821
2.4426,1.3871
2.4431,1.3821
2.4436,1.3871
2.4442,1.3821
2.4447,1.3821
2.4452,1.3770
2.4458,1.3821
2.4463,1.3821
2.4468,1.3821
2.4474,1.3871
2.4479,1.3871
2.4484,1.3871
2.4489,1.3821
2.4495,1.3871
2.4500,1.3821
2.4505,1.3821
2.4511,1.3821
2.4516,1.3821
2.4521,1.3821
2.4527,1.3821
2.4532,1.3821
2.4537,1.3821
2.4543,1.3821
2.4548,1.3821
2.4553,1.3871
2.4559,1.3821
2.4564,1.3821
2.4569,1.3821
2.4575,1.3821
2.4580,1.3871
2.4585,1.3821
2.4591,1.3871
2.4596,1.3821
2.4601,1.3821
2.4607,1.3821
2.4612,1.3871
2.4617,1.3871
2.4623,1.3821
2.4628,1.3821
2.4633,1.3821
2.4639,1.3821
2.4644,1.3821
2.4649,1.3871
2.4655,1.3871
2.4660,1.3821
2.4665,1.3871
2.4671,1.3921
2.4676,1.3871
2.4681,1.3770
2.4687,1.3921
2.4692,1.3871
2.4697,1.3871
2.4703,1.3871
2.4708,1.3821
2.4713,1.3871
2.4719,1.3871
2.4724,1.3921
2.4729,1.3871
2.4735,1.3821
2.4740,1.3871
2.4745,1.3821
2.4750,1.3871
2.4757,1.3921
2.4762,1.3871
2.4767,1.3871
2.4773,1.3871
2.4778,1.3921
2.4784,1.3871
2.4789,1.3821
2.4794,1.3871
2.4800,1.3921
2.4805,1.3871
2.4810,1.3871
2.4816,1.3921
2.4821,1.3871
2.4826,1.3921
2.4832,1.3921
2.4837,1.3921
2.4842,1.3921
2.4848,1.3871
2.4853,1.3921
2.4859,1.3871
2.4864,1.3871
2.4869,1.3921
2.4875,1.3871
2.4880,1.3921
2.4885,1.3921
2.4891,1.3871
2.4896,1.3871
2.4901,1.3972
2.4907,1.3972
2.4912,1.3921
2.4917,1.3921
2.4923,1.3921
2.4928,1.3972
2.4934,1.3972
2.4939,1.3921
2.4944,1.3921
2.4950,1.3921
2.4955,1.3871
2.4960,1.3921
2.4966,1.3972
2.4971,1.3921
2.4976,1.3871
2.4982,1.3972
2.4987,1.3972
2.4992,1.3972
2.4998,1.3921
2.5003,1.3921
2.5009,1.3921
2.5014,1.3921
2.5019,1.3921
2.5025,1.3921
2.5030,1.3972
2.5035,1.3972
2.5041,1.3972
2.5046,1.3972
2.5051,1.3972
2.5057,1.3972
2.5062,1.3972
2.5068,1.3972
2.5073,1.3972
2.5078,1.3972
2.5084,1.3972
2.5089,1.3972
2.5094,1.3972
2.5101,1.3972
2.5107,1.3921
2.5136,1.3972
2.5142,1.3921
2.5148,1.4022
2.5153,1.3921
2.5159,1.3972
2.5164,1.3972
2.5170,1.3972
2.5175,1.3921
2.5181,1.3972
2.5187,1.4022
2.5193,1.3972
2.5198,1.3921
2.5203,1.3972
2.5209,1.3921
2.5214,1.4022
2.5220,1.3972
2.5225,1.4022
2.5231,1.3972
2.5236,1.3972
2.5241,1.3972
2.5247,1.3972
2.5252,1.3972
2.5258,1.3972
2.5264,1.4022
2.5270,1.3972
2.5276,1.3972
2.5282,1.4022
2.5288,1.3972
2.5295,1.4022
2.5301,1.3972
2.5307,1.3972
2.5313,1.3972
2.5319,1.3972
2.5324,1.4022
2.5330,1.3972
2.5336,1.3972
2.5341,1.4022
2.5347,1.3972
2.5352,1.4022
2.5358,1.3972
2.5364,1.3972
2.5370,1.4022
2.5376,1.4022
2.5382,1.4022
2.5388,1.4022
2.5393,1.4022
2.5399,1.4022
2.5405,1.4022
2.5410,1.4022
2.5416,1.4022
2.5421,1.4022
2.5426,1.4022
2.5432,1.3972
2.5437,1.4022
2.5443,1.4022
2.5448,1.4022
2.5453,1.4022
2.5459,1.4022
2.5464,1.3921
2.5470,1.4022
2.5475,1.4022
2.5480,1.4022
2.5486,1.4022
2.5491,1.3972
2.5496,1.3972
2.5502,1.3972
2.5507,1.3972
2.5512,1.4022
2.5518,1.3972
2.5523,1.3972
2.5529,1.3972
2.5535,1.4022
2.5540,1.3972
2.5546,1.4022
2.5551,1.4022
2.5557,1.4022
2.5562,1.3972
2.5567,1.4022
2.5573,1.4022
2.5578,1.4022
2.5583,1.4022
2.5589,1.3972
2.5594,1.4022
2.5600,1.4073
2.5605,1.4022
2.5610,1.3972
2.5616,1.3972
2.5621,1.4022
2.5627,1.4022
2.5632,1.4022
2.5637,1.4022
2.5643,1.4022
2.5648,1.3972
2.5653,1.4022
2.5659,1.3972
2.5664,1.4022
2.5670,1.4022
2.5675,1.3972
2.5681,1.3972
2.5686,1.4022
2.5692,1.4022
2.5697,1.4022
2.5702,1.3972
2.5708,1.4022
2.5713,1.4022
2.5719,1.4022
2.5724,1.4022
2.5729,1.4022
2.5735,1.3972
2.5740,1.4022
2.5746,1.4022
2.5751,1.4022
2.5757,1.4022
2.5762,1.4022
2.5768,1.4022
2.5773,1.4022
2.5778,1.4022
2.5784,1.4022
2.5789,1.4073
2.5794,1.4022
2.5800,1.4022
2.5805,1.4022
2.5810,1.4022
2.5816,1.4022
2.5821,1.4022
2.5826,1.4022
2.5832,1.4022
2.5837,1.4022
2.5842,1.4022
2.5848,1.3972
2.5853,1.4022
2.5858,1.3972
2.5864,1.3972
2.5869,1.4022
2.5875,1.3972
2.5880,1.4022
2.5885,1.3972
2.5891,1.4022
2.5896,1.4022
2.5901,1.3972
2.5907,1.4022
2.5912,1.3972
2.5917,1.4073
2.5923,1.3972
2.5928,1.4022
2.5933,1.4022
2.5939,1.3972
2.5944,1.4022
2.5949,1.4022
2.5955,1.4022
2.5960,1.4022
2.5966,1.4022
2.5971,1.4022
2.5976,1.4022
2.5982,1.4022
2.5987,1.4022
2.5992,1.4022
2.5998,1.4022
2.6003,1.3972
2.6008,1.4022
2.6014,1.3972
2.6019,1.4022
2.6024,1.4022
2.6030,1.4022
2.6035,1.3972
2.6040,1.4073
2.6046,1.4022
2.6051,1.4022
2.6057,1.4022
2.6062,1.4022
2.6067,1.4022
2.6073,1.4022
2.6078,1.4022
2.6083,1.4022
2.6089,1.3972
2.6094,1.4022
2.6099,1.4022
2.6105,1.4022
2.6110,1.4022
2.6115,1.4022
2.6121,1.3972
2.6126,1.4022
2.6131,1.4022
2.6137,1.4022
2.6142,1.3972
2.6147,1.4022
2.6153,1.3972
2.6158,1.3972
2.6163,1.4022
2.6169,1.4022
2.6174,1.3972
2.6179,1.4022
2.6185,1.3972
2.6190,1.3972
2.6195,1.3972
2.6201,1.3972
2.6206,1.3972
2.6211,1.3972
2.6217,1.3972
2.6222,1.4022
2.6227,1.4022
2.6233,1.3972
2.6238,1.4022
2.6243,1.4022
2.6249,1.4022
2.6254,1.4022
2.6259,1.4022
2.6265,1.3972
2.6270,1.3972
2.6276,1.4022
2.6281,1.4022
2.6286,1.4022
2.6292,1.3972
2.6297,1.3972
2.6302,1.3972
2.6308,1.4022
2.6313,1.4022
2.6318,1.3972
2.6324,1.3972
2.6329,1.4022
2.6334,1.3972
2.6340,1.3972
2.6345,1.3972
2.6350,1.3972
2.6356,1.3972
2.6361,1.3972
2.6366,1.4022
2.6372,1.3972
2.6377,1.3921
2.6382,1.4022
2.6388,1.3972
2.6393,1.4022
2.6398,1.4022
2.6404,1.4022
2.6409,1.3972
2.6414,1.3972
2.6420,1.4022
2.6425,1.3972
2.6430,1.4022
2.6436,1.3921
2.6441,1.4022
2.6447,1.4022
2.6452,1.3972
2.6457,1.4022
2.6463,1.3972
2.6468,1.3972
2.6473,1.3972
2.6479,1.3972
2.6484,1.3972
2.6489,1.3921
2.6495,1.3972
2.6500,1.4022
2.6505,1.4022
2.6511,1.3972
2.6516,1.3972
2.6521,1.3972
2.6527,1.3972
2.6532,1.3972
2.6537,1.3972
2.6543,1.4022
2.6548,1.3921
2.6553,1.4022
2.6559,1.3972
2.6564,1.3921
2.6569,1.3972
2.6575,1.3921
2.6580,1.4022
2.6586,1.3972
2.6591,1.3921
2.6596,1.3972
2.6602,1.3972
2.6607,1.3972
2.6612,1.3972
2.6618,1.3921
2.6623,1.3972
2.6628,1.3921
2.6634,1.3972
2.6639,1.3921
2.6644,1.3972
2.6650,1.3972
2.6655,1.3972
2.6660,1.3972
2.6666,1.3972
2.6671,1.3972
2.6676,1.3972
2.6682,1.3921
2.6687,1.3921
2.6692,1.3972
2.6698,1.3972
2.6703,1.3921
2.6708,1.3972
2.6714,1.3972
2.6719,1.3921
2.6724,1.3972
2.6730,1.3972
2.6735,1.3972
2.6741,1.3972
2.6746,1.3921
2.6751,1.3921
2.6757,1.3921
2.6763,1.3921
2.6768,1.3972
2.6774,1.3921
2.6779,1.3972
2.6784,1.3921
2.6790,1.3972
2.6795,1.3972
2.6801,1.3972
2.6806,1.3921
2.6811,1.3972
2.6817,1.3972
2.6822,1.3921
2.6827,1.3972
2.6833,1.3972
2.6838,1.3921
2.6844,1.3921
2.6849,1.3972
2.6854,1.3972
2.6860,1.3921
2.6865,1.3972
2.6871,1.3921
2.6876,1.3921
2.6881,1.3921
2.6887,1.3921
2.6892,1.3921
2.6897,1.3871
2.6903,1.3921
2.6908,1.3972
2.6914,1.3972
2.6919,1.3921
2.6924,1.3921
2.6930,1.3921
2.6935,1.3972
2.6941,1.3921
2.6946,1.3972
2.6951,1.3972
2.6957,1.3871
2.6962,1.3972
2.6967,1.3921
2.6973,1.3972
2.6978,1.3921
2.6984,1.3921
2.6989,1.3871
2.6994,1.3921
2.7000,1.3921
2.7005,1.3972
2.7011,1.3921
2.7016,1.3921
2.7021,1.3921
2.7027,1.3921
2.7032,1.3921
2.7037,1.3921
2.7043,1.3921
2.7048,1.3921
2.7054,1.3921
2.7059,1.3972
2.7064,1.3921
2.7070,1.3921
2.7075,1.3972
2.7081,1.3871
2.7086,1.3921
2.7091,1.3921
2.7097,1.3921
2.7102,1.3921
2.7107,1.3921
2.7113,1.3921
2.7118,1.3871
2.7124,1.3921
2.7129,1.3972
2.7135,1.3871
2.7140,1.3871
2.7146,1.3921
2.7151,1.3921
2.7156,1.3871
2.7162,1.3921
2.7167,1.3972
2.7172,1.3871
2.7178,1.3921
2.7183,1.3921
2.7189,1.3871
2.7194,1.3921
2.7199,1.3921
2.7205,1.3871
2.7210,1.3921
2.7216,1.3921
2.7221,1.3921
2.7226,1.3921
2.7232,1.3871
2.7237,1.3921
2.7242,1.3871
2.7248,1.3921
2.7253,1.3921
2.7259,1.3921
2.7264,1.3921
2.7269,1.3871
2.7275,1.3871
2.7280,1.3871
2.7285,1.3921
2.7291,1.3921
2.7296,1.3921
2.7301,1.3921
2.7307,1.3921
2.7312,1.3972
2.7317,1.3921
2.7323,1.3871
2.7328,1.3921
2.7334,1.3921
2.7339,1.3921
2.7345,1.3921
2.7350,1.3921
2.7355,1.3921
2.7361,1.3921
2.7366,1.3921
2.7371,1.3921
2.7377,1.3871
2.7382,1.3921
2.7388,1.3871
2.7393,1.3871
2.7398,1.3871
2.7404,1.3921
2.7409,1.3921
2.7415,1.3921
2.7420,1.3871
2.7426,1.3921
2.7431,1.3871
2.7436,1.3921
2.7442,1.3921
2.7447,1.3921
2.7452,1.3921
2.7458,1.3921
2.7463,1.3921
2.7468,1.3871
2.7474,1.3921
2.7479,1.3921
2.7485,1.3871
2.7490,1.3921
2.7495,1.3921
2.7501,1.3821
2.7506,1.3921
2.7511,1.3871
2.7517,1.3921
2.7522,1.3921
2.7527,1.3871
2.7533,1.3921
2.7538,1.3921
2.7544,1.3921
2.7549,1.3921
2.7554,1.3921
2.7560,1.3871
2.7565,1.3871
2.7571,1.3921
2.7576,1.3921
2.7581,1.3871
2.7587,1.3921
2.7592,1.3921
2.7597,1.3921
2.7603,1.3921
2.7608,1.3921
2.7614,1.3871
2.7619,1.3871
2.7624,1.3871
2.7630,1.3871
2.7635,1.3871
2.7641,1.3921
2.7646,1.3871
2.7651,1.3871
2.7657,1.3921
2.7662,1.3921
2.7667,1.3821
2.7673,1.3871
2.7678,1.3921
2.7684,1.3871
2.7689,1.3871
2.7694,1.3871
2.7700,1.3921
2.7705,1.3871
2.7710,1.3921
2.7716,1.3871
2.7721,1.3871
2.7727,1.3921
2.7732,1.3921
2.7737,1.3921
2.7743,1.3921
2.7748,1.3921
2.7754,1.3871
2.7759,1.3921
2.7764,1.3921
2.7771,1.3871
2.7776,1.3871
2.7781,1.3921
2.7787,1.3921
2.7792,1.3921
2.7797,1.3921
2.7803,1.3871
2.7808,1.3871
2.7813,1.3871
2.7819,1.3921
2.7824,1.3871
2.7833,1.3921
2.7839,1.3871
2.7844,1.3871
2.7850,1.3871
2.7855,1.3871
2.7860,1.3921
2.7866,1.3871
2.7871,1.3921
2.7876,1.3821
2.7882,1.3821
2.7887,1.3921
2.7892,1.3871
2.7898,1.3921
2.7903,1.3871
2.7908,1.3871
2.7914,1.3871
2.7919,1.3871
2.7924,1.3871
2.7930,1.3921
2.8035,1.3871
2.8040,1.3871
2.8046,1.3921
2.8051,1.3871
2.8056,1.3871
2.8062,1.3871
2.8067,1.3921
2.8072,1.3871
2.8078,1.3871
2.8083,1.3821
2.8088,1.3871
2.8094,1.3921
2.8099,1.3871
2.8105,1.3871
2.8110,1.3871
2.8115,1.3921
2.8121,1.3871
2.8126,1.3871
2.8131,1.3871
2.8137,1.3921
2.8142,1.3871
2.8147,1.3821
2.8153,1.3921
2.8158,1.3871
2.8163,1.3871
2.8169,1.3871
2.8174,1.3871
2.8179,1.3921
2.8185,1.3921
2.8190,1.3871
2.8195,1.3871
2.8201,1.3921
2.8206,1.3821
2.8212,1.3871
2.8217,1.3921
2.8222,1.3871
2.8228,1.3871
2.8233,1.3921
2.8239,1.3821
2.8244,1.3921
2.8249,1.3871
2.8255,1.3871
2.8260,1.3871
2.8265,1.3871
2.8271,1.3871
2.8276,1.3871
2.8281,1.3821
2.8287,1.3921
2.8292,1.3871
2.8297,1.3871
2.8303,1.3921
2.8308,1.3921
2.8313,1.3921
2.8319,1.3871
2.8324,1.3871
2.8329,1.3871
2.8335,1.3921
2.8340,1.3871
2.8345,1.3871
2.8351,1.3871
2.8356,1.3821
2.8362,1.3921
2.8367,1.3871
2.8372,1.3871
2.8378,1.3871
2.8383,1.3871
2.8388,1.3921
2.8394,1.3821
2.8399,1.3871
2.8404,1.3871
2.8410,1.3871
2.8415,1.3821
2.8420,1.3871
2.8426,1.3871
2.8431,1.3871
2.8436,1.3871
2.8442,1.3871
2.8447,1.3871
2.8452,1.3871
2.8458,1.3821
2.8463,1.3871
2.8468,1.3921
2.8474,1.3871
2.8479,1.3871
2.8485,1.3821
2.8490,1.3821
2.8495,1.3821
2.8501,1.3821
2.8506,1.3871
2.8511,1.3821
2.8517,1.3821
2.8522,1.3871
2.8527,1.3871
2.8533,1.3871
2.8538,1.3871
2.8543,1.3871
2.8549,1.3871
2.8554,1.3871
2.8559,1.3871
2.8565,1.3821
2.8570,1.3871
2.8575,1.3871
2.8581,1.3821
2.8586,1.3871
2.8592,1.3871
2.8597,1.3821
2.8602,1.3871
2.8608,1.3821
2.8613,1.3871
2.8618,1.3871
2.8624,1.3871
2.8629,1.3871
2.8634,1.3871
2.8640,1.3821
2.8645,1.3871
2.8650,1.3871
2.8656,1.3871
2.8661,1.3821
2.8666,1.3821
2.8672,1.3871
2.8677,1.3770
2.8682,1.3871
2.8688,1.3821
2.8693,1.3821
2.8698,1.3921
2.8704,1.3871
2.8709,1.3871
2.8715,1.3871
2.8720,1.3770
2.8725,1.3821
2.8731,1.3821
2.8736,1.3871
2.8741,1.3871
2.8747,1.3871
2.8753,1.3821
2.8758,1.3821
2.8764,1.3821
2.8769,1.3821
2.8775,1.3871
2.8781,1.3871
2.8786,1.3821
2.8791,1.3871
2.8797,1.3871
2.8802,1.3821
2.8807,1.3871
2.8813,1.3871
2.8818,1.3821
2.8823,1.3821
2.8829,1.3871
2.8834,1.3821
2.8840,1.3871
2.8845,1.3821
2.8851,1.3821
2.8856,1.3871
2.8861,1.3821
2.8867,1.3871
2.8872,1.3871
2.8877,1.3821
2.8883,1.3871
2.8888,1.3770
2.8894,1.3871
2.8899,1.3821
2.8904,1.3821
2.8910,1.3821
2.8915,1.3821
2.8920,1.3871
2.8926,1.3871
2.8931,1.3821
2.8937,1.3871
2.8942,1.3821
2.8947,1.3770
2.8953,1.3821
2.8958,1.3871
2.8963,1.3821
2.8969,1.3871
2.8974,1.3821
2.8980,1.3770
2.8985,1.3871
2.8990,1.3871
2.8996,1.3871
2.9001,1.3871
2.9007,1.3821
2.9012,1.3871
2.9017,1.3871
2.9023,1.3871
2.9028,1.3821
2.9033,1.3871
2.9039,1.3821
2.9044,1.3821
2.9050,1.3770
2.9055,1.3821
2.9060,1.3821
2.9066,1.3871
2.9071,1.3871
2.9076,1.3821
2.9082,1.3871
2.9087,1.3821
2.9092,1.3871
2.9098,1.3871
2.9103,1.3821
2.9109,1.3821
2.9114,1.3871
2.9119,1.3821
2.9125,1.3821
2.9130,1.3871
2.9136,1.3821
2.9141,1.3821
2.9146,1.3821
2.9152,1.3821
2.9158,1.3821
2.9163,1.3821
2.9168,1.3821
2.9174,1.3871
2.9179,1.3871
2.9184,1.3821
2.9190,1.3821
2.9195,1.3821
2.9201,1.3821
2.9206,1.3821
2.9211,1.3821
2.9217,1.3821
2.9222,1.3821
2.9227,1.3821
2.9233,1.3821
2.9238,1.3821
2.9243,1.3821
2.9249,1.3821
2.9254,1.3770
2.9259,1.3720
2.9265,1.3821
2.9270,1.3821
2.9276,1.3821
2.9281,1.3871
2.9286,1.3821
2.9292,1.3821
2.9297,1.3821
2.9302,1.3821
2.9308,1.3871
2.9313,1.3821
2.9318,1.3770
2.9324,1.3821
2.9329,1.3821
2.9335,1.3821
2.9340,1.3770
2.9345,1.3821
2.9351,1.3871
2.9356,1.3821
2.9361,1.3821
2.9367,1.3871
2.9372,1.3821
2.9377,1.3821
2.9383,1.3821
2.9388,1.3821
2.9393,1.3821
2.9399,1.3821
2.9404,1.3770
2.9410,1.3821
2.9415,1.3821
2.9420,1.3871
2.9426,1.3770
2.9431,1.3770
2.9436,1.3821
2.9442,1.3821
2.9447,1.3821
2.9452,1.3871
2.9458,1.3821
2.9463,1.3821
2.9468,1.3871
2.9474,1.3821
2.9479,1.3821
2.9485,1.3821
2.9490,1.3770
2.9495,1.3821
2.9501,1.3770
2.9506,1.3871
2.9511,1.3871
2.9517,1.3821
2.9522,1.3821
2.9527,1.3821
2.9533,1.3821
2.9538,1.3821
2.9543,1.3821
2.9549,1.3821
2.9554,1.3821
2.9560,1.3821
2.9565,1.3821
2.9570,1.3821
2.9576,1.3821
2.9581,1.3821
2.9587,1.3821
2.9592,1.3770
2.9597,1.3821
2.9603,1.3821
2.9608,1.3770
2.9613,1.3821
2.9619,1.3821
2.9624,1.3821
2.9629,1.3821
2.9635,1.3770
2.9640,1.3770
2.9645,1.3821
2.9651,1.3821
2.9656,1.3821
2.9662,1.3821
2.9667,1.3770
2.9672,1.3821
2.9678,1.3770
2.9683,1.3821
2.9688,1.3770
2.9694,1.3770
2.9699,1.3821
2.9704,1.3821
2.9710,1.3821
2.9715,1.3821
2.9720,1.3821
2.9726,1.3821
2.9731,1.3821
2.9737,1.3821
2.9742,1.3821
2.9747,1.3821
2.9753,1.3821
2.9758,1.3770
2.9764,1.3821
2.9769,1.3821
2.9774,1.3821
2.9781,1.3821
2.9786,1.3770
2.9792,1.3821
2.9797,1.3821
2.9802,1.3821
2.9808,1.3821
2.9813,1.3821
2.9818,1.3821
2.9824,1.3821
2.9829,1.3821
2.9835,1.3821
2.9840,1.3821
2.9845,1.3770
2.9851,1.3821
2.9856,1.3821
2.9861,1.3770
2.9867,1.3821
2.9872,1.3770
2.9877,1.3821
2.9883,1.3821
2.9888,1.3821
2.9893,1.3770
2.9899,1.3770
2.9904,1.3770
2.9909,1.3821
2.9915,1.3720
2.9920,1.3821
2.9925,1.3770
2.9931,1.3871
2.9936,1.3770
2.9941,1.3770
2.9947,1.3770
2.9952,1.3770
2.9957,1.3821
2.9963,1.3770
2.9968,1.3770
2.9973,1.3871
2.9979,1.3821
2.9984,1.3821
2.9990,1.3770
2.9995,1.3871
3.0000,1.3821
3.0006,1.3821
3.0011,1.3770
3.0016,1.3821
3.0022,1.3821
3.0027,1.3770
3.0032,1.3821
3.0038,1.3821
3.0043,1.3821
3.0048,1.3821
3.0054,1.3821
3.0059,1.3770
3.0064,1.3821
3.0070,1.3821
3.0075,1.3770
3.0080,1.3821
3.0086,1.3770
3.0091,1.3770
3.0097,1.3770
3.0102,1.3821
3.0108,1.3770
3.0114,1.3770
3.0120,1.3821
3.0125,1.3821
3.0131,1.3720
3.0137,1.3770
3.0143,1.3770
3.0148,1.3770
3.0154,1.3821
3.0159,1.3770
3.0164,1.3821
3.0170,1.3821
3.0176,1.3770
3.0181,1.3821
3.0186,1.3770
3.0192,1.3770
3.0198,1.3821
3.0203,1.3770
3.0208,1.3821
3.0214,1.3821
3.0219,1.3821
3.0224,1.3821
3.0230,1.3770
3.0235,1.3821
3.0241,1.3770
3.0246,1.3871
3.0253,1.3821
3.0259,1.3821
3.0264,1.3770
3.0270,1.3871
3.0276,1.3871
3.0281,1.3821
3.0287,1.3821
3.0293,1.3821
3.0298,1.3821
3.0303,1.3821
3.0309,1.3871
3.0314,1.3821
3.0320,1.3821
3.0326,1.3821
3.0331,1.3821
3.0336,1.3821
3.0342,1.3821
3.0347,1.3821
3.0352,1.3821
3.0358,1.3821
3.0363,1.3821
3.0369,1.3821
3.0374,1.3821
3.0380,1.3770
3.0385,1.3821
3.0390,1.3871
3.0396,1.3821
3.0401,1.3821
3.0407,1.3821
3.0412,1.3821
3.0417,1.3770
3.0423,1.3821
3.0428,1.3821
3.0433,1.3821
3.0439,1.3821
3.0444,1.3871
3.0449,1.3871
3.0455,1.3821
3.0460,1.3821
3.0465,1.3871
3.0471,1.3871
3.0476,1.3871
3.0481,1.3871
3.0487,1.3821
3.0492,1.3871
3.0497,1.3871
3.0503,1.3871
3.0508,1.3821
3.0513,1.3921
3.0519,1.3871
3.0524,1.3871
3.0530,1.3871
3.0535,1.3871
3.0540,1.3871
3.0546,1.3871
3.0551,1.3921
3.0556,1.3921
3.0562,1.3871
3.0567,1.3871
3.0572,1.3921
3.0578,1.3871
3.0583,1.3871
3.0588,1.3821
3.0594,1.3921
3.0599,1.3921
3.0605,1.3921
3.0610,1.3871
3.0615,1.3921
3.0621,1.3871
3.0626,1.3871
3.0631,1.3871
3.0637,1.3921
3.0642,1.3921
3.0647,1.3871
3.0653,1.3921
3.0658,1.3871
3.0663,1.3921
3.0669,1.3871
3.0674,1.3921
3.0679,1.3921
3.0685,1.3871
3.0690,1.3921
3.0695,1.3871
3.0701,1.3921
3.0706,1.3921
3.0711,1.3921
3.0717,1.3921
3.0722,1.3921
3.0727,1.3921
3.0733,1.3921
3.0738,1.3972
3.0743,1.3921
3.0749,1.3972
3.0754,1.3921
3.0759,1.3921
3.0765,1.3921
3.0770,1.3921
3.0775,1.3921
3.0782,1.3972
3.0787,1.3921
3.0792,1.3972
3.0798,1.3972
3.0803,1.3921
3.0809,1.3921
3.0814,1.3921
3.0819,1.3972
3.0825,1.3972
3.0830,1.3921
3.0836,1.3972
3.0841,1.3972
3.0846,1.3972
3.0852,1.3921
3.0857,1.3972
3.0863,1.3972
3.0868,1.3972
3.0873,1.3972
3.0879,1.3921
3.0884,1.3972
3.0889,1.3972
3.0895,1.3921
3.0900,1.3972
3.0906,1.3972
3.0911,1.3921
3.0916,1.3972
3.0922,1.3972
3.0927,1.3972
3.0933,1.3972
3.0938,1.3972
3.0944,1.3972
3.0949,1.3972
3.0954,1.3972
3.0960,1.3921
3.0965,1.4022
3.0970,1.3972
3.0976,1.3972
3.0981,1.3972
3.0987,1.3921
3.0992,1.3921
3.0997,1.4022
3.1003,1.3972
3.1008,1.3972
3.1013,1.3972
3.1019,1.3972
3.1024,1.3921
3.1029,1.3921
3.1035,1.3972
3.1040,1.3972
3.1046,1.3972
3.1051,1.3972
3.1056,1.3972
3.1062,1.3972
3.1067,1.4022
3.1073,1.3972
3.1078,1.3972
3.1083,1.3921
3.1089,1.3972
3.1094,1.3972
3.1099,1.3921
3.1105,1.3972
3.1110,1.3972
3.1116,1.3972
3.1121,1.4022
3.1126,1.3972
3.1132,1.4022
3.1137,1.4022
3.1143,1.3972
3.1148,1.4022
3.1153,1.3972
3.1159,1.3972
3.1164,1.4022
3.1170,1.3972
3.1175,1.4022
3.1180,1.3972
3.1186,1.4022
3.1191,1.4022
3.1196,1.3972
3.1202,1.3972
3.1207,1.4022
3.1213,1.4022
3.1219,1.4022
3.1225,1.3972
3.1231,1.4022
3.1237,1.4022
3.1242,1.4022
3.1248,1.4022
3.1254,1.4022
3.1260,1.3972
3.1266,1.3972
3.1271,1.4022
3.1277,1.4022
3.1283,1.3972
3.1288,1.3972
3.1294,1.4022
3.1300,1.3972
3.1306,1.3972
3.1311,1.4022
3.1316,1.4022
3.1322,1.3972
3.1327,1.4022
3.1333,1.4022
3.1338,1.4022
3.1343,1.4022
3.1349,1.3972
3.1354,1.4073
3.1360,1.3972
3.1365,1.3972
3.1371,1.3972
3.1376,1.4022
3.1382,1.4022
3.1387,1.3972
3.1392,1.4022
3.1398,1.4022
3.1403,1.3972
3.1409,1.4022
3.1414,1.4022
3.1419,1.4022
3.1425,1.4022
3.1430,1.4022
3.1435,1.4022
3.1441,1.4022
3.1446,1.4022
3.1452,1.4022
3.1457,1.4022
3.1462,1.4022
3.1468,1.4022
3.1473,1.4022
3.1478,1.4022
3.1484,1.4022
3.1489,1.4022
3.1494,1.4073
3.1500,1.4022
3.1505,1.4022
3.1510,1.4022
3.1516,1.4022
3.1521,1.3972
3.1527,1.4022
3.1532,1.4022
3.1538,1.3972
3.1543,1.4022
3.1548,1.4022
3.1554,1.4022
3.1559,1.4022
3.1565,1.4022
3.1570,1.4022
3.1575,1.3972
3.1581,1.4022
3.1586,1.4022
3.1591,1.4022
3.1597,1.4022
3.1602,1.4022
3.1608,1.4022
3.1613,1.4022
3.1618,1.4022
3.1624,1.4022
3.1629,1.3972
3.1635,1.4022
3.1640,1.4022
3.1646,1.3972
3.1651,1.4022
3.1656,1.4022
3.1662,1.3921
3.1667,1.4022
3.1672,1.4022
3.1678,1.4022
3.1683,1.4022
3.1689,1.3972
3.1694,1.4022
3.1699,1.3972
3.1705,1.3972
3.1710,1.4022
3.1716,1.4022
3.1721,1.4022
3.1726,1.4022
3.1732,1.4022
3.1737,1.4022
3.1743,1.4022
3.1748,1.4022
3.1753,1.3972
3.1759,1.3972
3.1764,1.4022
3.1770,1.4022
3.1775,1.4022
3.1780,1.4022
3.1787,1.3972
3.1792,1.4022
3.1798,1.4022
3.1803,1.3972
3.1808,1.3972
3.1814,1.4022
3.1819,1.4073
3.1824,1.4022
3.1830,1.4022
3.1835,1.4022
3.1840,1.4022
3.1846,1.4022
3.1851,1.4022
3.1856,1.4022
3.1862,1.4022
3.1867,1.4022
3.1872,1.3972
3.1878,1.3972
3.1883,1.4022
3.1888,1.3972
3.1894,1.3972
3.1899,1.3972
3.1904,1.4022
3.1910,1.4022
3.1915,1.4022
3.1920,1.3972
3.1926,1.4022
3.1931,1.4022
3.1936,1.4022
3.1942,1.4022
3.1947,1.4022
3.1953,1.3972
3.1958,1.3972
3.1963,1.4022
3.1968,1.4022
3.1974,1.4022
3.1979,1.4022
3.1984,1.4022
3.1990,1.4022
3.1995,1.3972
3.2000,1.4022
3.2006,1.3972
3.2011,1.3972
3.2016,1.4022
3.2022,1.3972
3.2027,1.4022
3.2032,1.3972
3.2038,1.4022
3.2043,1.4022
3.2048,1.4022
3.2054,1.3972
3.2059,1.4022
3.2064,1.4022
3.2070,1.4022
3.2075,1.3972
3.2080,1.3972
3.2086,1.4022
3.2091,1.4022
3.2097,1.3972
3.2102,1.4022
3.2107,1.3972
3.2113,1.3972
3.2118,1.3972
3.2123,1.3972
3.2129,1.4022
3.2134,1.3972
3.2139,1.4022
3.2145,1.3972
3.2150,1.3972
3.2155,1.3972
3.2161,1.3972
3.2166,1.3972
3.2171,1.4022
3.2177,1.3972
3.2182,1.3921
3.2187,1.3972
3.2193,1.4022
3.2198,1.3972
3.2203,1.3921
3.2209,1.3972
3.2214,1.3972
3.2219,1.3972
3.2225,1.3972
3.2230,1.3972
3.2236,1.4022
3.2241,1.3972
3.2246,1.3972
3.2252,1.3972
3.2257,1.3972
3.2262,1.4022
3.2268,1.3972
3.2273,1.3921
3.2278,1.3921
3.2284,1.4022
3.2289,1.4022
3.2294,1.3972
3.2300,1.3972
3.2305,1.3972
3.2311,1.3972
3.2316,1.3972
3.2321,1.3972
3.2327,1.4022
3.2332,1.4022
3.2337,1.3972
3.2343,1.3921
3.2348,1.3921
3.2353,1.3972
3.2359,1.3921
3.2364,1.3972
3.2369,1.3972
3.2375,1.3972
3.2380,1.4022
3.2385,1.3972
3.2391,1.4022
3.2396,1.3921
3.2401,1.4022
3.2407,1.3972
3.2412,1.3972
3.2417,1.3972
3.2423,1.3972
3.2428,1.3972
3.2433,1.3972
3.2439,1.3921
3.2444,1.3921
3.2450,1.3921
3.2455,1.3921
3.2460,1.3972
3.2466,1.3921
3.2471,1.3972
3.2476,1.3972
3.2482,1.3972
3.2487,1.3972
3.2492,1.3972
3.2498,1.3972
3.2503,1.3921
3.2508,1.3972
3.2514,1.3972
3.2519,1.3972
3.2524,1.3972
3.2530,1.3972
3.2535,1.3972
3.2540,1.3972
3.2546,1.3921
3.2551,1.3972
3.2556,1.3972
3.2562,1.3972
3.2567,1.3921
3.2572,1.3921
3.2578,1.3972
3.2583,1.3972
3.2589,1.3972
3.2594,1.3972
3.2599,1.3921
3.2605,1.3921
3.2610,1.3972
3.2615,1.3972
3.2621,1.3921
3.2626,1.3921
3.2631,1.3972
3.2637,1.3972
3.2642,1.3972
3.2647,1.3921
3.2653,1.3921
3.2658,1.3972
3.2663,1.3972
3.2669,1.3921
3.2674,1.3972
3.2679,1.3972
3.2685,1.3921
3.2690,1.3921
3.2695,1.3972
3.2701,1.3921
3.2706,1.3972
3.2711,1.3921
3.2717,1.3972
3.2722,1.3972
3.2728,1.3972
3.2733,1.3921
3.2738,1.3972
3.2744,1.3921
3.2749,1.3972
3.2754,1.3972
3.2760,1.3972
3.2765,1.3972
3.2770,1.3921
3.2776,1.3921
3.2781,1.3921
3.2786,1.3972
3.2792,1.3921
3.2798,1.3921
3.2803,1.3921
3.2809,1.3871
3.2814,1.3972
3.2820,1.3921
3.2825,1.3921
3.2831,1.3921
3.2836,1.3921
3.2842,1.3972
3.2847,1.3921
3.2853,1.3921
3.2858,1.3921
3.2864,1.3972
3.2869,1.3972
3.2875,1.3921
3.2880,1.3972
3.2886,1.3921
3.2891,1.3921
3.2897,1.3921
3.2902,1.3921
3.2908,1.3921
3.2913,1.3921
3.2919,1.3921
3.2924,1.3921
3.2930,1.3921
3.2935,1.3972
3.2941,1.3921
3.2946,1.3921
3.2952,1.3871
3.2957,1.3871
3.2963,1.3921
3.2968,1.3921
3.2974,1.3921
3.2979,1.3921
3.2984,1.3921
3.2990,1.3921
3.2996,1.3871
3.3001,1.3921
3.3007,1.3871
3.3012,1.3871
3.3018,1.3921
3.3023,1.3921
3.3029,1.3871
3.3034,1.3921
3.3040,1.3921
3.3045,1.3921
3.3051,1.3921
3.3056,1.3921
3.3062,1.3921
3.3067,1.3871
3.3073,1.3921
3.3078,1.3871
3.3084,1.3921
3.3089,1.3921
3.3095,1.3921
3.3100,1.3871
3.3106,1.3921
3.3111,1.3871
3.3117,1.3921
3.3122,1.3871
3.3128,1.3921
3.3133,1.3921
3.3139,1.3921
3.3144,1.3921
3.3150,1.3871
3.3155,1.3921
3.3161,1.3921
3.3166,1.3921
3.3172,1.3972
3.3177,1.3921
3.3183,1.3871
3.3188,1.3871
3.3194,1.3921
3.3199,1.3921
3.3205,1.3921
3.3210,1.3871
3.3216,1.3921
3.3221,1.3921
3.3227,1.3921
3.3232,1.3921
3.3238,1.3921
3.3243,1.3921
3.3249,1.3921
3.3254,1.3921
3.3260,1.3921
3.3265,1.3871
3.3271,1.3921
3.3276,1.3921
3.3282,1.3871
3.3287,1.3871
3.3293,1.3921
3.3298,1.3871
3.3304,1.3871
3.3309,1.3972
3.3315,1.3921
3.3320,1.3871
3.3326,1.3972
3.3331,1.3921
3.3337,1.3921
3.3342,1.3921
3.3348,1.3921
3.3353,1.3921
3.3359,1.3921
3.3364,1.3871
3.3369,1.3921
3.3375,1.3921
3.3380,1.3921
3.3386,1.3921
3.3391,1.3871
3.3397,1.3921
3.3402,1.3871
3.3408,1.3921
3.3413,1.3921
3.3419,1.3921
3.3424,1.3871
3.3429,1.3871
3.3435,1.3921
3.3441,1.3921
3.3446,1.3871
3.3452,1.3821
3.3457,1.3871
3.3463,1.3871
3.3468,1.3921
3.3474,1.3921
3.3479,1.3921
3.3485,1.3921
3.3490,1.3921
3.3495,1.3871
3.3501,1.3972
3.3506,1.3871
3.3512,1.3871
3.3517,1.3871
3.3523,1.3921
3.3528,1.3921
3.3534,1.3921
3.3539,1.3921
3.3545,1.3871
3.3550,1.3871
3.3556,1.3821
3.3561,1.3871
3.3567,1.3921
3.3572,1.3921
3.3578,1.3921
3.3583,1.3921
3.3589,1.3921
3.3594,1.3871
3.3600,1.3921
3.3605,1.3871
3.3611,1.3871
3.3616,1.3921
3.3622,1.3921
3.3627,1.3871
3.3633,1.3871
3.3638,1.3921
3.3644,1.3972
3.3649,1.3921
3.3655,1.3921
3.3660,1.3921
3.3666,1.3921
3.3671,1.3871
3.3677,1.3921
3.3682,1.3921
3.3688,1.3871
3.3694,1.3921
3.3699,1.3921
3.3705,1.3921
3.3710,1.3871
3.3715,1.3921
3.3721,1.3871
3.3726,1.3921
3.3732,1.3921
3.3737,1.3871
3.3743,1.3921
3.3749,1.3871
3.3754,1.3821
3.3760,1.3921
3.3765,1.3871
3.3771,1.3921
3.3776,1.3871
3.3781,1.3921
3.3787,1.3871
3.3793,1.3921
3.3798,1.3921
3.3804,1.3921
3.3809,1.3821
3.3815,1.3871
3.3820,1.3921
3.3826,1.3921
3.3831,1.3921
3.3837,1.3921
3.3842,1.3921
3.3848,1.3871
3.3853,1.3921
3.3859,1.3871
3.3864,1.3871
3.3870,1.3921
3.3875,1.3871
3.3881,1.3871
3.3886,1.3871
3.3892,1.3871
3.3897,1.3921
3.3903,1.3921
3.3908,1.3821
3.3914,1.3921
3.3920,1.3871
3.3925,1.3921
3.3931,1.3871
3.3936,1.3871
3.3942,1.3921
3.3947,1.3871
3.3953,1.3871
3.3958,1.3921
3.3964,1.3871
3.3969,1.3921
3.3975,1.3921
3.3980,1.3871
3.3986,1.3871
3.3991,1.3871
3.3997,1.3871
3.4002,1.3921
3.4008,1.3871
3.4013,1.3921
3.4019,1.3871
3.4024,1.3871
3.4029,1.3921
3.4035,1.3871
3.4041,1.3921
3.4046,1.3921
3.4052,1.3871
3.4057,1.3871
3.4063,1.3871
3.4068,1.3871
3.4073,1.3871
3.4079,1.3871
3.4084,1.3871
3.4090,1.3871
3.4095,1.3871
3.4101,1.3871
3.4106,1.3871
3.4112,1.3921
3.4117,1.3871
3.4123,1.3821
3.4128,1.3871
3.4134,1.3871
3.4139,1.3821
3.4145,1.3921
3.4150,1.3921
3.4156,1.3871
3.4161,1.3871
3.4167,1.3921
3.4172,1.3871
3.4178,1.3821
3.4183,1.3871
3.4189,1.3871
3.4194,1.3871
3.4200,1.3921
3.4205,1.3821
3.4211,1.3871
3.4216,1.3921
3.4222,1.3871
3.4227,1.3821
3.4233,1.3871
3.4238,1.3871
3.4244,1.3871
3.4249,1.3821
3.4255,1.3871
3.4260,1.3871
3.4266,1.3871
3.4271,1.3871
3.4277,1.3871
3.4282,1.3871
3.4288,1.3871
3.4293,1.3821
3.4299,1.3871
3.4304,1.3871
3.4310,1.3871
3.4315,1.3871
3.4321,1.3821
3.4326,1.3821
3.4332,1.3821
3.4337,1.3871
3.4343,1.3871
3.4348,1.3871
3.4354,1.3871
3.4359,1.3871
3.4365,1.3871
3.4370,1.3871
3.4376,1.3871
3.4381,1.3821
3.4387,1.3821
3.4392,1.3871
3.4398,1.3871
3.4403,1.3770
3.4409,1.3871
3.4414,1.3871
3.4420,1.3871
3.4425,1.3871
3.4431,1.3821
3.4436,1.3871
3.4442,1.3821
3.4447,1.3871
3.4453,1.3871
3.4458,1.3871
3.4464,1.3871
3.4478,1.3821
3.4484,1.3871
3.4489,1.3871
3.4495,1.3871
3.4500,1.3871
3.4506,1.3821
3.4511,1.3871
3.4517,1.3871
3.4522,1.3821
3.4528,1.3871
3.4534,1.3821
3.4539,1.3871
3.4545,1.3871
3.4550,1.3821
3.4556,1.3770
3.4561,1.3871
3.4567,1.3770
3.4572,1.3821
3.4578,1.3871
3.4583,1.3871
3.4589,1.3871
3.4594,1.3821
3.4600,1.3871
3.4605,1.3871
3.4611,1.3821
3.4616,1.3821
3.4622,1.3871
3.4627,1.3871
3.4633,1.3821
3.4638,1.3821
3.4644,1.3871
3.4649,1.3871
3.4655,1.3821
3.4660,1.3871
3.4666,1.3821
3.4671,1.3871
3.4677,1.3871
3.4682,1.3871
3.4688,1.3871
3.4693,1.3871
3.4699,1.3821
3.4704,1.3821
3.4710,1.3821
3.4715,1.3821
3.4721,1.3821
3.4726,1.3871
3.4732,1.3821
3.4737,1.3821
3.4743,1.3871
3.4748,1.3821
3.4754,1.3871
3.4759,1.3871
3.4764,1.3871
3.4770,1.3821
3.4775,1.3821
3.4781,1.3821
3.4786,1.3821
3.4792,1.3871
3.4798,1.3871
3.4803,1.3821
3.4808,1.3871
3.4814,1.3871
3.4819,1.3821
3.4825,1.3821
3.4830,1.3770
3.4836,1.3821
3.4841,1.3770
3.4847,1.3871
3.4852,1.3821
3.4858,1.3821
3.4863,1.3871
3.4869,1.3821
3.4874,1.3821
3.4880,1.3821
3.4885,1.3821
3.4891,1.3821
3.4896,1.3871
3.4902,1.3770
3.4907,1.3871
3.4913,1.3821
3.4918,1.3821
3.4924,1.3871
3.4929,1.3770
3.4935,1.3871
3.4940,1.3871
3.4946,1.3821
3.4951,1.3871
3.4957,1.3871
3.4962,1.3821
3.4968,1.3821
3.4973,1.3770
3.4979,1.3821
3.4984,1.3821
3.4990,1.3770
3.4995,1.3821
3.5001,1.3821
3.5006,1.3821
3.5012,1.3871
3.5017,1.3821
3.5023,1.3821
3.5028,1.3770
3.5034,1.3821
3.5039,1.3821
3.5045,1.3821
3.5050,1.3770
3.5056,1.3821
3.5061,1.3821
3.5067,1.3821
3.5072,1.3770
3.5078,1.3871
3.5083,1.3821
3.5089,1.3821
3.5094,1.3821
3.5100,1.3821
3.5109,1.3871
3.5115,1.3821
3.5121,1.3720
3.5127,1.3821
3.5133,1.3821
3.5139,1.3821
3.5145,1.3770
3.5152,1.3821
3.5158,1.3821
3.5163,1.3821
3.5169,1.3821
3.5175,1.3821
3.5180,1.3821
3.5186,1.3821
3.5192,1.3821
3.5198,1.3821
3.5204,1.3821
3.5209,1.3821
3.5215,1.3821
3.5220,1.3770
3.5226,1.3821
3.5231,1.3871
3.5237,1.3821
3.5242,1.3821
3.5247,1.3821
3.5253,1.3821
3.5258,1.3821
3.5264,1.3821
3.5269,1.3821
3.5275,1.3821
3.5280,1.3821
3.5286,1.3770
3.5292,1.3770
3.5298,1.3821
3.5304,1.3821
3.5310,1.3821
3.5316,1.3871
3.5321,1.3821
3.5327,1.3821
3.5333,1.3821
3.5339,1.3821
3.5347,1.3821
3.5352,1.3821
3.5358,1.3821
3.5365,1.3871
3.5372,1.3821
3.5377,1.3770
3.5383,1.3821
3.5388,1.3821
3.5394,1.3821
3.5399,1.3821
3.5405,1.3821
3.5410,1.3821
3.5416,1.3821
3.5421,1.3821
3.5427,1.3871
3.5432,1.3821
3.5438,1.3821
3.5443,1.3821
3.5449,1.3821
3.5454,1.3821
3.5460,1.3821
3.5465,1.3770
3.5471,1.3770
3.5476,1.3821
3.5482,1.3821
3.5487,1.3770
3.5493,1.3770
3.5498,1.3821
3.5504,1.3821
3.5509,1.3821
3.5515,1.3821
3.5520,1.3770
3.5526,1.3821
3.5531,1.3821
3.5538,1.3770
3.5544,1.3821
3.5550,1.3770
3.5555,1.3821
3.5561,1.3821
3.5566,1.3821
3.5572,1.3821
3.5577,1.3821
3.5582,1.3770
3.5588,1.3821
3.5593,1.3821
3.5599,1.3871
3.5604,1.3821
3.5610,1.3821
3.5615,1.3821
3.5621,1.3770
3.5626,1.3821
3.5632,1.3821
3.5637,1.3770
3.5643,1.3770
3.5648,1.3821
3.5654,1.3821
3.5659,1.3770
3.5665,1.3770
3.5670,1.3770
3.5676,1.3871
3.5681,1.3770
3.5687,1.3821
3.5692,1.3770
3.5698,1.3770
3.5703,1.3770
3.5709,1.3821
3.5714,1.3821
3.5720,1.3821
3.5726,1.3821
3.5731,1.3770
3.5737,1.3821
3.5742,1.3821
3.5748,1.3770
3.5754,1.3821
3.5759,1.3821
3.5765,1.3821
3.5770,1.3770
3.5776,1.3770
3.5781,1.3821
3.5787,1.3821
3.5792,1.3821
3.5798,1.3821
3.5805,1.3770
3.5810,1.3821
3.5816,1.3821
3.5822,1.3821
3.5827,1.3770
3.5832,1.3821
3.5838,1.3821
3.5843,1.3821
3.5848,1.3821
3.5854,1.3770
3.5859,1.3770
3.5865,1.3821
3.5870,1.3770
3.5875,1.3770
3.5881,1.3821
3.5886,1.3821
3.5891,1.3770
3.5897,1.3720
3.5902,1.3821
3.5907,1.3821
3.5913,1.3821
3.5918,1.3871
3.5923,1.3770
3.5929,1.3821
3.5935,1.3821
3.5940,1.3770
3.5946,1.3770
3.5951,1.3821
3.5956,1.3720
3.5962,1.3770
3.5967,1.3821
3.5973,1.3821
3.5978,1.3821
3.5983,1.3821
3.5989,1.3821
3.5994,1.3821
3.6000,1.3821
3.6005,1.3821
3.6010,1.3821
3.6016,1.3821
3.6021,1.3821
3.6026,1.3821
3.6032,1.3770
3.6037,1.3770
3.6043,1.3821
3.6048,1.3770
3.6053,1.3770
3.6059,1.3821
3.6064,1.3770
3.6069,1.3821
3.6075,1.3821
3.6080,1.3821
3.6085,1.3770
3.6091,1.3821
3.6096,1.3770
3.6102,1.3821
3.6107,1.3821
3.6112,1.3770
3.6118,1.3770
3.6123,1.3720
3.6128,1.3770
3.6134,1.3821
3.6139,1.3770
3.6145,1.3821
3.6150,1.3770
3.6155,1.3821
3.6161,1.3821
3.6166,1.3821
3.6171,1.3821
3.6177,1.3821
3.6182,1.3821
3.6188,1.3821
3.6193,1.3821
3.6198,1.3821
3.6204,1.3821
3.6209,1.3821
3.6215,1.3821
3.6220,1.3821
3.6225,1.3770
3.6231,1.3770
3.6236,1.3821
3.6242,1.3770
3.6247,1.3821
3.6252,1.3821
3.6258,1.3770
3.6263,1.3770
3.6268,1.3821
3.6274,1.3821
3.6279,1.3770
3.6285,1.3821
3.6290,1.3821
3.6295,1.3821
3.6301,1.3821
3.6306,1.3821
3.6312,1.3821
3.6317,1.3871
3.6322,1.3871
3.6328,1.3770
3.6333,1.3821
3.6339,1.3821
3.6344,1.3871
3.6349,1.3821
3.6355,1.3821
3.6360,1.3871
3.6366,1.3821
3.6371,1.3821
3.6376,1.3871
3.6382,1.3821
3.6387,1.3821
3.6392,1.3871
3.6398,1.3770
3.6403,1.3770
3.6409,1.3821
3.6414,1.3871
3.6419,1.3821
3.6425,1.3821
3.6430,1.3871
3.6436,1.3871
3.6441,1.3871
3.6446,1.3871
3.6452,1.3821
3.6457,1.3871
3.6463,1.3871
3.6468,1.3871
3.6473,1.3821
3.6479,1.3871
3.6484,1.3871
3.6489,1.3871
3.6495,1.3921
3.6500,1.3871
3.6506,1.3871
3.6511,1.3871
3.6517,1.3871
3.6522,1.3871
3.6527,1.3871
3.6533,1.3921
3.6538,1.3871
3.6544,1.3871
3.6549,1.3871
3.6554,1.3921
3.6560,1.3871
3.6565,1.3871
3.6571,1.3921
3.6576,1.3921
3.6581,1.3871
3.6587,1.3921
3.6592,1.3921
3.6598,1.3921
3.6603,1.3921
3.6608,1.3921
3.6614,1.3921
3.6619,1.3871
3.6624,1.3871
3.6630,1.3921
3.6635,1.3972
3.6641,1.3871
3.6646,1.3921
3.6651,1.3972
3.6657,1.3921
3.6662,1.3921
3.6668,1.3871
3.6673,1.3921
3.6678,1.3972
3.6684,1.3921
3.6689,1.3921
3.6695,1.3972
3.6700,1.3972
3.6705,1.3921
3.6711,1.3972
3.6716,1.3921
3.6722,1.3972
3.6727,1.3921
3.6732,1.3921
3.6738,1.3921
3.6743,1.3921
3.6748,1.3972
3.6754,1.3972
3.6759,1.3921
3.6764,1.3972
3.6770,1.3972
3.6775,1.3972
3.6781,1.3921
3.6786,1.3972
3.6791,1.3972
3.6797,1.3972
3.6802,1.3972
3.6808,1.3972
3.6814,1.3921
3.6819,1.3972
3.6825,1.3972
3.6830,1.4022
3.6836,1.3921
3.6841,1.3972
3.6847,1.3921
3.6852,1.3972
3.6858,1.3921
3.6863,1.3972
3.6869,1.3972
3.6874,1.3921
3.6880,1.3972
3.6885,1.3921
3.6891,1.3972
3.6896,1.3921
3.6902,1.3972
3.6907,1.3972
3.6913,1.3972
3.6918,1.3972
3.6924,1.3972
3.6929,1.4022
3.6935,1.3972
3.6940,1.3972
3.6946,1.3972
3.6951,1.3972
3.6957,1.3972
3.6962,1.3972
3.6968,1.3972
3.6973,1.3972
3.6979,1.3972
3.6984,1.3921
3.6990,1.3972
3.6995,1.3921
3.7001,1.3972
3.7006,1.3972
3.7012,1.3972
3.7017,1.3972
3.7023,1.4022
3.7028,1.3972
3.7033,1.3972
3.7039,1.4022
3.7045,1.4022
3.7050,1.4022
3.7056,1.3972
3.7061,1.3972
3.7067,1.3972
3.7072,1.4022
3.7077,1.3972
3.7083,1.4022
3.7088,1.3972
3.7094,1.4022
3.7099,1.4022
3.7105,1.4022
3.7110,1.4022
3.7116,1.4022
3.7121,1.3972
3.7127,1.3972
3.7132,1.3972
3.7138,1.3972
3.7143,1.4022
3.7149,1.4022
3.7154,1.3972
3.7160,1.4022
3.7165,1.3972
3.7171,1.3972
3.7176,1.3972
3.7182,1.3972
3.7187,1.4022
3.7193,1.4022
3.7199,1.4022
3.7204,1.4022
3.7210,1.4022
3.7216,1.4022
3.7222,1.4022
3.7228,1.3972
3.7234,1.4022
3.7240,1.4022
3.7246,1.4022
3.7252,1.4022
3.7258,1.4022
3.7263,1.4022
3.7269,1.4022
3.7275,1.4022
3.7281,1.3972
3.7286,1.4022
3.7303,1.3972
3.7309,1.4073
3.7315,1.4073
3.7321,1.4022
3.7336,1.4022
3.7342,1.3972
3.7348,1.4022
3.7353,1.4022
3.7359,1.4022
3.7365,1.4022
3.7371,1.3972
3.7378,1.4022
3.7383,1.4022
3.7389,1.4022
3.7395,1.4022
3.7400,1.4022
3.7406,1.4022
3.7411,1.4022
3.7417,1.3972
3.7422,1.4022
3.7428,1.4022
3.7433,1.3972
3.7439,1.4022
3.7444,1.3972
3.7450,1.4022
3.7455,1.4022
3.7461,1.4022
3.7466,1.4022
3.7472,1.3972
3.7477,1.3972
3.7482,1.4022
3.7488,1.4022
3.7493,1.4073
3.7499,1.4022
3.7504,1.4073
3.7510,1.4022
3.7515,1.4022
3.7521,1.4022
3.7526,1.4073
3.7532,1.4022
3.7538,1.4022
3.7543,1.4022
3.7549,1.4022
3.7554,1.3972
3.7560,1.3972
3.7565,1.3972
3.7571,1.4022
3.7576,1.3972
3.7582,1.4022
3.7587,1.3972
3.7593,1.4022
3.7598,1.3972
3.7603,1.4022
3.7609,1.4022
3.7614,1.3972
3.7620,1.4022
3.7625,1.4022
3.7631,1.3972
3.7636,1.4022
3.7642,1.3972
3.7647,1.4022
3.7653,1.4022
3.7658,1.4022
3.7664,1.3972
3.7669,1.4022
3.7674,1.4022
3.7680,1.3972
3.7685,1.3972
3.7691,1.4022
3.7696,1.4022
3.7702,1.4022
3.7707,1.4022
3.7713,1.4022
3.7718,1.4022
3.7724,1.4022
3.7729,1.4022
3.7735,1.4022
3.7740,1.3972
3.7746,1.3972
3.7751,1.4022
3.7757,1.3972
3.7762,1.4022
3.7768,1.3972
3.7773,1.4022
3.7779,1.3972
3.7784,1.3972
3.7789,1.4022
3.7795,1.4022
3.7800,1.4022
3.7806,1.4022
3.7813,1.3972
3.7818,1.3972
3.7824,1.4022
3.7829,1.3972
3.7835,1.3972
3.7840,1.4022
3.7845,1.4022
3.7851,1.4022
3.7856,1.3972
3.7862,1.4022
3.7867,1.3972
3.7872,1.3972
3.7878,1.4022
3.7883,1.3972
3.7889,1.3972
3.7894,1.3972
3.7899,1.4022
3.7905,1.3972
3.7910,1.3972
3.7916,1.3972
3.7921,1.4022
3.7927,1.4022
3.7932,1.3972
3.7938,1.3972
3.7943,1.4022
3.7948,1.3972
3.7954,1.3972
3.7959,1.3972
3.7965,1.4073
3.7970,1.3972
3.7976,1.4022
3.7981,1.3972
3.7987,1.3972
3.7992,1.4022
3.7997,1.3972
3.8003,1.3972
3.8008,1.4022
3.8014,1.4022
3.8019,1.4022
3.8025,1.3972
3.8030,1.4022
3.8035,1.3921
3.8041,1.4022
3.8046,1.4022
3.8052,1.3972
3.8057,1.4022
3.8063,1.3972
3.8068,1.4022
3.8073,1.3972
3.8079,1.4022
3.8084,1.3972
3.8090,1.4022
3.8095,1.3972
3.8101,1.3972
3.8106,1.4022
3.8111,1.4022
3.8117,1.4022
3.8122,1.3972
3.8128,1.3972
3.8133,1.3972
3.8139,1.3972
3.8144,1.3972
3.8150,1.3972
3.8155,1.3972
3.8160,1.3972
3.8166,1.3972
3.8171,1.3972
3.8177,1.3972
3.8182,1.4022
3.8188,1.3972
3.8193,1.3972
3.8198,1.3972
3.8204,1.4022
3.8209,1.4022
3.8215,1.4022
3.8220,1.3921
3.8226,1.3972
3.8231,1.4022
3.8237,1.3972
3.8242,1.3921
3.8247,1.3972
3.8253,1.3972
3.8258,1.4022
3.8264,1.3972
3.8269,1.3921
3.8275,1.3921
3.8280,1.3972
3.8285,1.4022
3.8291,1.3972
3.8296,1.3972
3.8302,1.3972
3.8307,1.4022
3.8313,1.3972
3.8318,1.3972
3.8323,1.4022
3.8329,1.4022
3.8334,1.3972
3.8340,1.3921
3.8345,1.3921
3.8351,1.3972
3.8356,1.3921
3.8361,1.3972
3.8367,1.3921
3.8372,1.3972
3.8378,1.3921
3.8383,1.3972
3.8388,1.4022
3.8394,1.3921
3.8399,1.3972
3.8405,1.3972
3.8410,1.4022
3.8415,1.3972
3.8421,1.3972
3.8426,1.4022
3.8432,1.3972
3.8437,1.3921
3.8443,1.3972
3.8448,1.3972
3.8453,1.3972
3.8459,1.3972
3.8464,1.3921
3.8470,1.4022
3.8475,1.3921
3.8481,1.3972
3.8486,1.3972
3.8491,1.3972
3.8497,1.3972
3.8502,1.3972
3.8508,1.3972
3.8513,1.3972
3.8519,1.3921
3.8524,1.3972
3.8529,1.3921
3.8535,1.3972
3.8540,1.3921
3.8546,1.3921
3.8551,1.3921
3.8557,1.3972
3.8562,1.3921
3.8568,1.3972
3.8573,1.3972
3.8578,1.3972
3.8584,1.3921
3.8589,1.3921
3.8595,1.3972
3.8600,1.3921
3.8606,1.3921
3.8611,1.3921
3.8617,1.3972
3.8622,1.3972
3.8628,1.3921
3.8633,1.3921
3.8638,1.3921
3.8644,1.3972
3.8649,1.3972
3.8655,1.3972
3.8660,1.3921
3.8666,1.3972
3.8671,1.3921
3.8676,1.3921
3.8682,1.3921
3.8687,1.3921
3.8693,1.3921
3.8698,1.3972
3.8704,1.3972
3.8709,1.3921
3.8714,1.3972
3.8720,1.3921
3.8725,1.3972
3.8731,1.3921
3.8736,1.3871
3.8742,1.3972
3.8747,1.3921
3.8752,1.3921
3.8758,1.3972
3.8763,1.3871
3.8769,1.3921
3.8774,1.3972
3.8780,1.3871
3.8785,1.3921
3.8790,1.3921
3.8796,1.3921
3.8801,1.3921
3.8807,1.3972
3.8812,1.3921
3.8818,1.3921
3.8824,1.3871
3.8829,1.3921
3.8835,1.3972
3.8841,1.3921
3.8846,1.3921
3.8852,1.3921
3.8857,1.3972
3.8862,1.3921
3.8885,1.3921
3.8891,1.3921
3.8896,1.3921
3.8902,1.3871
3.8907,1.3921
3.8913,1.3921
3.8918,1.3921
3.8924,1.3921
3.8929,1.3921
3.8935,1.3972
3.8940,1.3921
3.8946,1.3921
3.8951,1.3921
3.8957,1.3871
3.8962,1.3871
3.8968,1.3871
3.8973,1.3921
3.8979,1.3921
3.8984,1.3921
3.8990,1.3921
3.8995,1.3921
3.9001,1.3921
3.9006,1.3921
3.9012,1.3921
3.9017,1.3921
3.9022,1.3921
3.9028,1.3871
3.9033,1.3921
3.9039,1.3921
3.9044,1.3921
3.9050,1.3921
3.9055,1.3921
3.9061,1.3921
3.9066,1.3871
3.9072,1.3921
3.9077,1.3921
3.9083,1.3921
3.9088,1.3921
3.9093,1.3921
3.9099,1.3921
3.9104,1.3871
3.9110,1.3921
3.9115,1.3921
3.9121,1.3921
3.9126,1.3921
3.9132,1.3921
3.9137,1.3921
3.9143,1.3921
3.9148,1.3871
3.9157,1.3921
3.9163,1.3921
3.9168,1.3871
3.9174,1.3921
3.9179,1.3871
3.9185,1.3921
3.9190,1.3871
3.9195,1.3921
3.9201,1.3871
3.9206,1.3871
3.9212,1.3921
3.9217,1.3921
3.9223,1.3921
3.9228,1.3921
3.9234,1.3921
3.9239,1.3921
3.9245,1.3871
3.9250,1.3921
3.9255,1.3871
3.9261,1.3921
3.9266,1.3921
3.9272,1.3921
3.9277,1.3871
3.9283,1.3871
3.9288,1.3921
3.9294,1.3871
3.9299,1.3871
3.9305,1.3921
3.9310,1.3871
3.9316,1.3921
3.9321,1.3972
3.9326,1.3871
3.9332,1.3871
3.9338,1.3921
3.9343,1.3921
3.9349,1.3871
3.9354,1.3871
3.9360,1.3871
3.9365,1.3921
3.9370,1.3921
3.9376,1.3871
3.9381,1.3871
3.9387,1.3921
3.9392,1.3921
3.9398,1.3921
3.9403,1.3921
3.9409,1.3921
3.9414,1.3871
3.9420,1.3921
3.9425,1.3921
3.9430,1.3871
3.9436,1.3921
3.9441,1.3921
3.9447,1.3921
3.9452,1.3921
3.9458,1.3921
3.9463,1.3921
3.9469,1.3921
3.9474,1.3921
3.9480,1.3871
3.9485,1.3921
3.9491,1.3921
3.9496,1.3871
3.9501,1.3871
3.9507,1.3871
3.9512,1.3921
3.9518,1.3821
3.9523,1.3921
3.9529,1.3871
3.9534,1.3871
3.9540,1.3871
3.9545,1.3871
3.9551,1.3871
3.9556,1.3871
3.9562,1.3871
3.9567,1.3871
3.9573,1.3871
3.9578,1.3921
3.9584,1.3871
3.9589,1.3871
3.9594,1.3871
3.9600,1.3871
3.9605,1.3871
3.9611,1.3921
3.9616,1.3921
3.9622,1.3921
3.9627,1.3821
3.9633,1.3921
3.9638,1.3871
3.9644,1.3871
3.9649,1.3871
3.9654,1.3871
3.9660,1.3871
3.9665,1.3921
3.9671,1.3821
3.9676,1.3871
3.9682,1.3871
3.9687,1.3921
3.9693,1.3871
3.9698,1.3871
3.9704,1.3871
3.9709,1.3871
3.9714,1.3921
3.9720,1.3871
3.9725,1.3871
3.9731,1.3871
3.9736,1.3921
3.9742,1.3871
3.9747,1.3921
3.9753,1.3921
3.9758,1.3921
3.9764,1.3871
3.9769,1.3921
3.9774,1.3871
3.9780,1.3921
3.9785,1.3821
3.9791,1.3921
3.9796,1.3871
3.9802,1.3871
3.9807,1.3921
3.9813,1.3871
3.9818,1.3921
3.9824,1.3871
3.9829,1.3921
3.9835,1.3921
3.9840,1.3871
3.9846,1.3871
3.9851,1.3921
3.9857,1.3871
3.9862,1.3921
3.9868,1.3871
3.9873,1.3871
3.9879,1.3871
3.9884,1.3871
3.9890,1.3871
3.9895,1.3871
3.9901,1.3921
3.9906,1.3871
3.9912,1.3871
3.9917,1.3921
3.9923,1.3871
3.9928,1.3871
3.9934,1.3871
3.9939,1.3921
3.9945,1.3871
3.9950,1.3921
3.9956,1.3871
3.9961,1.3871
3.9967,1.3921
3.9972,1.3871
3.9978,1.3871
3.9983,1.3871
3.9989,1.3921
3.9994,1.3871
4.0000,1.3871
4.0005,1.3871
4.0011,1.3871
4.0016,1.3871
4.0022,1.3871
4.0027,1.3871
4.0033,1.3871
4.0038,1.3871
4.0044,1.3921
4.0049,1.3871
4.0055,1.3871
4.0060,1.3871
4.0066,1.3871
4.0071,1.3871
4.0077,1.3821
4.0082,1.3871
4.0088,1.3871
4.0093,1.3821
4.0104,1.3871
4.0136,1.3821
4.0142,1.3871
4.0148,1.3871
4.0154,1.3921
4.0159,1.3871
4.0165,1.3871
4.0170,1.3821
4.0176,1.3871
4.0181,1.3871
4.0187,1.3871
4.0193,1.3871
4.0198,1.3871
4.0204,1.3871
4.0210,1.3871
4.0215,1.3871
4.0221,1.3921
4.0226,1.3921
4.0232,1.3871
4.0237,1.3871
4.0243,1.3871
4.0248,1.3821
4.0254,1.3871
4.0259,1.3871
4.0265,1.3871
4.0270,1.3871
4.0276,1.3821
4.0282,1.3871
4.0287,1.3871
4.0293,1.3921
4.0299,1.3821
4.0304,1.3871
4.0310,1.3821
4.0316,1.3871
4.0321,1.3871
4.0327,1.3921
4.0333,1.3871
4.0338,1.3871
4.0344,1.3871
4.0349,1.3821
4.0356,1.3871
4.0362,1.3871
4.0368,1.3871
4.0374,1.3821
4.0380,1.3871
4.0385,1.3871
4.0391,1.3871
4.0396,1.3871
4.0402,1.3871
4.0407,1.3821
4.0413,1.3821
4.0418,1.3821
4.0424,1.3871
4.0429,1.3821
4.0435,1.3821
4.0441,1.3821
4.0446,1.3871
4.0452,1.3821
4.0457,1.3871
4.0463,1.3871
4.0468,1.3821
4.0474,1.3821
4.0479,1.3871
4.0485,1.3871
4.0490,1.3871
4.0496,1.3821
4.0501,1.3821
4.0507,1.3871
4.0512,1.3821
4.0518,1.3871
4.0523,1.3871
4.0531,1.3821
4.0538,1.3821
4.0543,1.3821
4.0549,1.3871
4.0554,1.3821
4.0560,1.3871
4.0565,1.3871
4.0570,1.3871
4.0576,1.3821
4.0581,1.3871
4.0587,1.3871
4.0592,1.3871
4.0598,1.3871
4.0603,1.3821
4.0609,1.3871
4.0614,1.3821
4.0620,1.3821
4.0625,1.3821
4.0631,1.3821
4.0636,1.3871
4.0642,1.3871
4.0647,1.3821
4.0653,1.3770
4.0658,1.3821
4.0663,1.3821
4.0669,1.3770
4.0674,1.3871
4.0680,1.3821
4.0685,1.3871
4.0691,1.3821
4.0696,1.3821
4.0702,1.3821
4.0707,1.3871
4.0712,1.3821
4.0718,1.3871
4.0724,1.3871
4.0729,1.3821
4.0735,1.3871
4.0741,1.3821
4.0747,1.3871
4.0753,1.3821
4.0758,1.3821
4.0764,1.3821
4.0769,1.3821
4.0775,1.3821
4.0781,1.3871
4.0786,1.3871
4.0792,1.3821
4.0797,1.3871
4.0803,1.3821
4.0808,1.3821
4.0814,1.3770
4.0819,1.3821
4.0825,1.3821
4.0832,1.3871
4.0837,1.3821
4.0843,1.3871
4.0848,1.3821
4.0853,1.3821
4.0859,1.3821
4.0864,1.3821
4.0869,1.3821
4.0875,1.3821
4.0880,1.3770
4.0885,1.3821
4.0891,1.3821
4.0896,1.3821
4.0901,1.3770
4.0907,1.3871
4.0912,1.3821
4.0917,1.3821
4.0923,1.3821
4.0928,1.3821
4.0933,1.3821
4.0939,1.3821
4.0944,1.3821
4.0949,1.3821
4.0955,1.3821
4.0960,1.3821
4.0965,1.3821
4.0971,1.3821
4.0976,1.3871
4.0981,1.3821
4.0987,1.3821
4.0992,1.3770
4.0998,1.3871
4.1003,1.3821
4.1009,1.3871
4.1014,1.3821
4.1020,1.3821
4.1025,1.3821
4.1030,1.3770
4.1036,1.3821
4.1041,1.3821
4.1046,1.3821
4.1052,1.3770
4.1057,1.3770
4.1063,1.3821
4.1068,1.3821
4.1073,1.3770
4.1079,1.3821
4.1084,1.3821
4.1090,1.3770
4.1095,1.3871
4.1100,1.3871
4.1106,1.3821
4.1111,1.3821
4.1116,1.3821
4.1122,1.3821
4.1127,1.3821
4.1132,1.3720
4.1138,1.3821
4.1143,1.3821
4.1148,1.3821
4.1154,1.3770
4.1159,1.3770
4.1164,1.3770
4.1170,1.3871
4.1175,1.3821
4.1180,1.3821
4.1186,1.3821
4.1191,1.3770
4.1196,1.3770
4.1202,1.3821
4.1207,1.3821
4.1212,1.3770
4.1218,1.3821
4.1223,1.3821
4.1229,1.3770
4.1234,1.3770
4.1239,1.3770
4.1245,1.3770
4.1250,1.3821
4.1255,1.3821
4.1261,1.3821
4.1266,1.3821
4.1271,1.3821
4.1277,1.3821
4.1282,1.3770
4.1287,1.3821
4.1293,1.3821
4.1298,1.3821
4.1304,1.3821
4.1309,1.3770
4.1314,1.3821
4.1320,1.3821
4.1325,1.3821
4.1330,1.3770
4.1336,1.3821
4.1341,1.3770
4.1347,1.3821
4.1352,1.3821
4.1357,1.3821
4.1363,1.3871
4.1368,1.3821
4.1373,1.3770
4.1379,1.3821
4.1384,1.3821
4.1389,1.3770
4.1395,1.3821
4.1400,1.3770
4.1405,1.3821
4.1411,1.3821
4.1416,1.3821
4.1422,1.3770
4.1427,1.3821
4.1432,1.3821
4.1438,1.3821
4.1443,1.3821
4.1449,1.3821
4.1454,1.3770
4.1460,1.3821
4.1465,1.3770
4.1470,1.3821
4.1476,1.3821
4.1481,1.3821
4.1487,1.3821
4.1492,1.3821
4.1497,1.3821
4.1503,1.3770
4.1508,1.3821
4.1513,1.3821
4.1519,1.3770
4.1524,1.3821
4.1530,1.3770
4.1536,1.3821
4.1541,1.3770
4.1546,1.3821
4.1552,1.3770
4.1557,1.3821
4.1562,1.3821
4.1568,1.3821
4.1573,1.3720
4.1578,1.3821
4.1584,1.3770
4.1589,1.3821
4.1595,1.3821
4.1600,1.3821
4.1605,1.3821
4.1611,1.3821
4.1617,1.3821
4.1622,1.3770
4.1628,1.3821
4.1634,1.3770
4.1639,1.3770
4.1644,1.3821
4.1650,1.3821
4.1655,1.3720
4.1661,1.3770
4.1666,1.3821
4.1672,1.3770
4.1677,1.3770
4.1683,1.3770
4.1688,1.3770
4.1694,1.3821
4.1701,1.3821
4.1706,1.3821
4.1712,1.3821
4.1717,1.3821
4.1722,1.3770
4.1728,1.3770
4.1733,1.3770
4.1739,1.3770
4.1744,1.3821
4.1750,1.3770
4.1755,1.3770
4.1760,1.3821
4.1766,1.3821
4.1771,1.3821
4.1777,1.3821
4.1782,1.3821
4.1787,1.3821
4.1793,1.3821
4.1798,1.3770
4.1804,1.3821
4.1809,1.3821
4.1815,1.3821
4.1820,1.3770
4.1825,1.3770
4.1831,1.3821
4.1836,1.3770
4.1842,1.3770
4.1847,1.3821
4.1853,1.3821
4.1858,1.3770
4.1863,1.3821
4.1869,1.3821
4.1874,1.3770
4.1879,1.3770
4.1885,1.3770
4.1890,1.3821
4.1895,1.3821
4.1901,1.3770
4.1906,1.3770
4.1911,1.3821
4.1917,1.3770
4.1922,1.3821
4.1927,1.3770
4.1932,1.3770
4.1937,1.3770
4.1943,1.3821
4.1948,1.3821
4.1953,1.3821
4.1958,1.3821
4.1964,1.3821
4.1969,1.3821
4.1974,1.3821
4.1979,1.3821
4.1984,1.3770
4.1990,1.3821
4.1995,1.3821
4.2000,1.3770
4.2005,1.3770
4.2010,1.3770
4.2016,1.3821
4.2021,1.3821
4.2026,1.3770
4.2031,1.3720
4.2037,1.3770
4.2042,1.3770
4.2047,1.3770
4.2052,1.3770
4.2057,1.3821
4.2063,1.3770
4.2068,1.3770
4.2073,1.3770
4.2078,1.3720
4.2084,1.3770
4.2089,1.3821
4.2094,1.3821
4.2099,1.3770
4.2104,1.3770
4.2110,1.3821
4.2115,1.3770
4.2120,1.3770
4.2125,1.3770
4.2130,1.3821
4.2136,1.3821
4.2141,1.3770
4.2146,1.3821
4.2151,1.3821
4.2157,1.3770
4.2162,1.3770
4.2167,1.3821
4.2172,1.3821
4.2178,1.3770
4.2183,1.3821
4.2188,1.3770
4.2193,1.3770
4.2198,1.3821
4.2204,1.3770
4.2209,1.3770
4.2214,1.3770
4.2219,1.3821
4.2225,1.3770
4.2230,1.3821
4.2235,1.3821
4.2240,1.3770
4.2245,1.3821
4.2251,1.3821
4.2256,1.3821
4.2261,1.3821
4.2266,1.3821
4.2271,1.3770
4.2277,1.3821
4.2282,1.3821
4.2287,1.3770
4.2292,1.3770
4.2298,1.3821
4.2303,1.3821
4.2308,1.3821
4.2313,1.3821
4.2318,1.3821
4.2324,1.3821
4.2329,1.3821
4.2334,1.3770
4.2339,1.3821
4.2344,1.3821
4.2350,1.3871
4.2355,1.3821
4.2360,1.3770
4.2365,1.3821
4.2371,1.3770
4.2376,1.3821
4.2381,1.3821
4.2386,1.3821
4.2391,1.3821
4.2397,1.3821
4.2402,1.3871
4.2407,1.3871
4.2412,1.3821
4.2417,1.3821
4.2423,1.3821
4.2428,1.3871
4.2433,1.3871
4.2438,1.3871
4.2444,1.3871
4.2449,1.3821
4.2454,1.3821
4.2459,1.3821
4.2464,1.3770
4.2470,1.3871
4.2475,1.3871
4.2480,1.3821
4.2485,1.3821
4.2491,1.3871
4.2496,1.3871
4.2501,1.3871
4.2506,1.3821
4.2511,1.3821
4.2517,1.3821
4.2522,1.3871
4.2527,1.3871
4.2532,1.3871
4.2537,1.3871
4.2543,1.3871
4.2548,1.3871
4.2553,1.3821
4.2558,1.3871
4.2564,1.3871
4.2569,1.3871
4.2574,1.3871
4.2579,1.3871
4.2584,1.3871
4.2590,1.3921
4.2595,1.3871
4.2600,1.3821
4.2605,1.3871
4.2610,1.3871
4.2616,1.3871
4.2621,1.3921
4.2626,1.3921
4.2631,1.3871
4.2637,1.3871
4.2642,1.3921
4.2647,1.3921
4.2652,1.3921
4.2657,1.3921
4.2663,1.3921
4.2668,1.3871
4.2673,1.3921
4.2678,1.3921
4.2683,1.3921
4.2689,1.3871
4.2694,1.3871
4.2699,1.3921
4.2704,1.3921
4.2710,1.3921
4.2715,1.3871
4.2720,1.3921
4.2725,1.3921
4.2730,1.3921
4.2736,1.3921
4.2741,1.3972
4.2746,1.3972
4.2751,1.3972
4.2756,1.3921
4.2762,1.3921
4.2767,1.3921
4.2772,1.3921
4.2777,1.3921
4.2783,1.3972
4.2788,1.3921
4.2793,1.3972
4.2798,1.3972
4.2804,1.3972
4.2809,1.3972
4.2814,1.3972
4.2819,1.3972
4.2824,1.3921
4.2830,1.3972
4.2835,1.3972
4.2840,1.4022
4.2845,1.3972
4.2851,1.3921
4.2856,1.3921
4.2861,1.3921
4.2866,1.3972
4.2871,1.3972
4.2877,1.3972
4.2882,1.3972
4.2887,1.3921
4.2892,1.3921
4.2897,1.3972
4.2903,1.3921
4.2908,1.3972
4.2913,1.3972
4.2918,1.3921
4.2924,1.3972
4.2929,1.3972
4.2934,1.3972
4.2939,1.3972
4.2944,1.3972
4.2950,1.3972
4.2955,1.3972
4.2960,1.3972
4.2965,1.3972
4.2970,1.3972
4.2976,1.4022
4.2981,1.3972
4.2986,1.3972
4.2991,1.3972
4.2997,1.3972
4.3002,1.4022
4.3007,1.3972
4.3012,1.3972
4.3017,1.3972
4.3023,1.3972
4.3028,1.3972
4.3033,1.3972
4.3038,1.3972
4.3043,1.3972
4.3049,1.4022
4.3054,1.3972
4.3059,1.3972
4.3064,1.3972
4.3070,1.3972
4.3075,1.3972
4.3080,1.3972
4.3085,1.3972
4.3091,1.4022
4.3096,1.4022
4.3101,1.3921
4.3106,1.3972
4.3112,1.4022
4.3117,1.3972
4.3122,1.3921
4.3127,1.4022
4.3132,1.4022
4.3138,1.4022
4.3143,1.3972
4.3148,1.3972
4.3153,1.3972
4.3159,1.4022
4.3164,1.3921
4.3169,1.4022
4.3174,1.4022
4.3180,1.3972
4.3185,1.4022
4.3190,1.3972
4.3195,1.4022
4.3200,1.4022
4.3206,1.4022
4.3211,1.3972
4.3217,1.4022
4.3223,1.4022
4.3228,1.3972
4.3234,1.4022
4.3239,1.4022
4.3245,1.4022
4.3251,1.4022
4.3257,1.3972
4.3262,1.4022
4.3268,1.4022
4.3273,1.4073
4.3279,1.3972
4.3284,1.3972
4.3290,1.4022
4.3295,1.4022
4.3300,1.3972
4.3306,1.4022
4.3311,1.4073
4.3316,1.4022
4.3322,1.3972
4.3327,1.4022
4.3332,1.3972
4.3337,1.3972
4.3343,1.4022
4.3348,1.3972
4.3353,1.3972
4.3358,1.3972
4.3364,1.3972
4.3369,1.4022
4.3374,1.4022
4.3380,1.4022
4.3385,1.4022
4.3390,1.4022
4.3395,1.3972
4.3401,1.4022
4.3406,1.4022
4.3411,1.4022
4.3416,1.3972
4.3422,1.4022
4.3427,1.4022
4.3432,1.3972
4.3437,1.4022
4.3442,1.4022
4.3448,1.4022
4.3453,1.3972
4.3458,1.4022
4.3463,1.4022
4.3469,1.4022
4.3474,1.4022
4.3479,1.4022
4.3485,1.3972
4.3490,1.4022
4.3495,1.4022
4.3500,1.4022
4.3505,1.4022
4.3511,1.4022
4.3516,1.4022
4.3521,1.4022
4.3526,1.4022
4.3532,1.4022
4.3537,1.4022
4.3542,1.4022
4.3548,1.4022
4.3553,1.4022
4.3558,1.4022
4.3563,1.4022
4.3569,1.3972
4.3574,1.4022
4.3579,1.3972
4.3584,1.4022
4.3589,1.4022
4.3595,1.4022
4.3600,1.4022
4.3605,1.3972
4.3610,1.4022
4.3616,1.4022
4.3621,1.4022
4.3626,1.3921
4.3631,1.4022
4.3637,1.4022
4.3642,1.3921
4.3647,1.3972
4.3652,1.4022
4.3657,1.3972
4.3663,1.3972
4.3668,1.4022
4.3673,1.4022
4.3678,1.4022
4.3684,1.4022
4.3689,1.4022
4.3694,1.4022
4.3699,1.4022
4.3705,1.3972
4.3710,1.4022
4.3715,1.4022
4.3720,1.4022
4.3725,1.4022
4.3731,1.4022
4.3736,1.4022
4.3741,1.3972
4.3746,1.4022
4.3752,1.4022
4.3757,1.3972
4.3762,1.4022
4.3767,1.3972
4.3773,1.3972
4.3778,1.4022
4.3783,1.3972
4.3788,1.3972
4.3793,1.4022
4.3799,1.4022
4.3804,1.3972
4.3809,1.3921
4.3814,1.4022
4.3820,1.3972
4.3825,1.3972
4.3830,1.4022
4.3835,1.4073
4.3841,1.4022
4.3846,1.3972
4.3851,1.3972
4.3856,1.4022
4.3861,1.3972
4.3867,1.4022
4.3872,1.4022
4.3877,1.4022
4.3882,1.4022
4.3888,1.4022
4.3893,1.3972
4.3898,1.3972
4.3903,1.4022
4.3909,1.3972
4.3914,1.3972
4.3919,1.3972
4.3924,1.3972
4.3930,1.4022
4.3935,1.4022
4.3940,1.3972
4.3945,1.4022
4.3951,1.4022
4.3956,1.4022
4.3961,1.4022
4.3966,1.4022
4.3971,1.4022
4.3977,1.4022
4.3982,1.3972
4.3987,1.4022
4.3992,1.4073
4.3998,1.4022
4.4003,1.4022
4.4008,1.4022
4.4013,1.4022
4.4019,1.3972
4.4024,1.3972
4.4029,1.4022
4.4034,1.3921
4.4039,1.3972
4.4045,1.3972
4.4050,1.4022
4.4055,1.4022
4.4060,1.4022
4.4066,1.4022
4.4071,1.3972
4.4076,1.3972
4.4081,1.4022
4.4087,1.4022
4.4092,1.4022
4.4097,1.3972
4.4102,1.3972
4.4108,1.3972
4.4113,1.4022
4.4118,1.4022
4.4123,1.3972
4.4129,1.3972
4.4134,1.3972
4.4139,1.3921
4.4144,1.4022
4.4150,1.4022
4.4155,1.3972
4.4160,1.4022
4.4165,1.4022
4.4171,1.4022
4.4176,1.4022
4.4181,1.4022
4.4186,1.4022
4.4192,1.4022
4.4197,1.4022
4.4202,1.3921
4.4207,1.4022
4.4212,1.3972
4.4218,1.4022
4.4223,1.4022
4.4228,1.3972
4.4233,1.3972
4.4239,1.3972
4.4244,1.4022
4.4249,1.4022
4.4254,1.3972
4.4260,1.3972
4.4265,1.4022
4.4270,1.3972
4.4275,1.3921
4.4280,1.3972
4.4286,1.4022
4.4291,1.4022
4.4296,1.4022
4.4301,1.3972
4.4307,1.3972
4.4312,1.3972
4.4317,1.3972
4.4322,1.3972
4.4328,1.3972
4.4333,1.3972
4.4338,1.3972
4.4343,1.4022
4.4348,1.3972
4.4354,1.4022
4.4359,1.3972
4.4364,1.3972
4.4369,1.3972
4.4375,1.3921
4.4380,1.3972
4.4385,1.3972
4.4390,1.3921
4.4396,1.3972
4.4401,1.3972
4.4406,1.3972
4.4411,1.3972
4.4416,1.3921
4.4422,1.3972
4.4427,1.3972
4.4432,1.3972
4.4437,1.3921
4.4443,1.3972
4.4448,1.3972
4.4453,1.4022
4.4458,1.4022
4.4464,1.4022
4.4469,1.3921
4.4474,1.3972
4.4479,1.3921
4.4484,1.3972
4.4490,1.3921
4.4495,1.3972
4.4500,1.3972
4.4505,1.3921
4.4511,1.3921
4.4516,1.3972
4.4521,1.3972
4.4526,1.3972
4.4532,1.3972
4.4537,1.3972
4.4542,1.3972
4.4547,1.3921
4.4552,1.3972
4.4558,1.4022
4.4563,1.3972
4.4568,1.3921
4.4573,1.3972
4.4579,1.3921
4.4584,1.3972
4.4589,1.3921
4.4594,1.3972
4.4600,1.3972
4.4605,1.3972
4.4610,1.3972
4.4615,1.3972
4.4620,1.3972
4.4626,1.3972
4.4631,1.3972
4.4636,1.3921
4.4641,1.3921
4.4647,1.3972
4.4652,1.3921
4.4657,1.3972
4.4662,1.3921
4.4668,1.3921
4.4673,1.3972
4.4678,1.3972
4.4683,1.3921
4.4688,1.3972
4.4694,1.3972
4.4699,1.3972
4.4704,1.3921
4.4709,1.3972
4.4715,1.3972
4.4720,1.3972
4.4725,1.3921
4.4730,1.3921
4.4736,1.3972
4.4741,1.3972
4.4746,1.3921
4.4751,1.3972
4.4756,1.3972
4.4762,1.3921
4.4767,1.3972
4.4772,1.3921
4.4777,1.3921
4.4783,1.3972
4.4788,1.3972
4.4793,1.3972
4.4798,1.3921
4.4804,1.3921
4.4809,1.3921
4.4814,1.3921
4.4819,1.3972
4.4825,1.3871
4.4830,1.3972
4.4835,1.3972
4.4840,1.3972
4.4846,1.3871
4.4851,1.3921
4.4856,1.3921
4.4861,1.3921
4.4866,1.3921
4.4872,1.3921
4.4877,1.3972
4.4882,1.3972
4.4887,1.3972
4.4893,1.3921
4.4898,1.3871
4.4903,1.3921
4.4908,1.3921
4.4914,1.3921
4.4919,1.3921
4.4924,1.3972
4.4929,1.3921
4.4934,1.3921
4.4940,1.3921
4.4945,1.3921
4.4950,1.3921
4.4955,1.3921
4.4961,1.3921
4.4966,1.3921
4.4971,1.3921
4.4976,1.3921
4.4982,1.3921
4.4987,1.3921
4.4992,1.3921
4.4997,1.3921
4.5002,1.3921
4.5008,1.3921
4.5013,1.3921
4.5018,1.3921
4.5023,1.3921
4.5029,1.3921
4.5034,1.3921
4.5039,1.3871
4.5044,1.3921
4.5050,1.3871
4.5055,1.3921
4.5060,1.3871
4.5065,1.3871
4.5070,1.3871
4.5076,1.3921
4.5081,1.3871
4.5086,1.3972
4.5091,1.3921
4.5097,1.3972
4.5103,1.3871
4.5108,1.3972
4.5114,1.3921
4.5119,1.3921
4.5125,1.3921
4.5130,1.3921
4.5136,1.3871
4.5141,1.3921
4.5146,1.3921
4.5152,1.3921
4.5158,1.3921
4.5163,1.3972
4.5168,1.3921
4.5173,1.3871
4.5179,1.3871
4.5184,1.3921
4.5189,1.3921
4.5194,1.3871
4.5200,1.3921
4.5206,1.3871
4.5211,1.3921
4.5217,1.3821
4.5222,1.3871
4.5228,1.3871
4.5233,1.3921
4.5239,1.3921
4.5244,1.3871
4.5249,1.3871
4.5255,1.3921
4.5260,1.3921
4.5265,1.3972
4.5271,1.3921
4.5276,1.3921
4.5281,1.3921
4.5286,1.3921
4.5292,1.3921
4.5297,1.3921
4.5302,1.3921
4.5307,1.3921
4.5312,1.3921
4.5318,1.3921
4.5323,1.3972
4.5328,1.3921
4.5333,1.3921
4.5339,1.3921
4.5344,1.3921
4.5349,1.3921
4.5354,1.3921
4.5360,1.3921
4.5365,1.3921
4.5370,1.3921
4.5375,1.3871
4.5381,1.3921
4.5386,1.3921
4.5391,1.3871
4.5396,1.3871
4.5402,1.3871
4.5407,1.3921
4.5412,1.3921
4.5417,1.3921
4.5423,1.3921
4.5428,1.3921
4.5433,1.3921
4.5438,1.3871
4.5443,1.3921
4.5449,1.3821
4.5454,1.3821
4.5459,1.3871
4.5464,1.3871
4.5470,1.3921
4.5475,1.3921
4.5480,1.3921
4.5486,1.3921
4.5491,1.3921
4.5496,1.3871
4.5501,1.3921
4.5506,1.3871
4.5512,1.3871
4.5517,1.3921
4.5522,1.3871
4.5527,1.3871
4.5533,1.3921
4.5538,1.3921
4.5543,1.3871
4.5549,1.3921
4.5554,1.3921
4.5559,1.3921
4.5564,1.3871
4.5569,1.3972
4.5575,1.3921
4.5580,1.3921
4.5585,1.3871
4.5591,1.3871
4.5596,1.3921
4.5601,1.3921
4.5606,1.3871
4.5612,1.3821
4.5617,1.3821
4.5622,1.3821
4.5627,1.3871
4.5632,1.3921
4.5638,1.3921
4.5643,1.3921
4.5648,1.3921
4.5653,1.3871
4.5659,1.3921
4.5664,1.3871
4.5669,1.3871
4.5674,1.3921
4.5680,1.3921
4.5685,1.3871
4.5690,1.3871
4.5695,1.3921
4.5700,1.3921
4.5706,1.3871
4.5711,1.3871
4.5716,1.3871
4.5721,1.3871
4.5727,1.3921
4.5732,1.3921
4.5737,1.3921
4.5742,1.3871
4.5748,1.3871
4.5753,1.3821
4.5758,1.3871
4.5763,1.3921
4.5768,1.3921
4.5774,1.3871
4.5779,1.3871
4.5784,1.3871
4.5789,1.3871
4.5795,1.3821
4.5800,1.3921
4.5805,1.3921
4.5810,1.3921
4.5816,1.3871
4.5821,1.3871
4.5826,1.3871
4.5831,1.3871
4.5837,1.3871
4.5842,1.3871
4.5847,1.3871
4.5852,1.3921
4.5857,1.3921
4.5863,1.3871
4.5868,1.3871
4.5873,1.3871
4.5878,1.3871
4.5884,1.3871
4.5889,1.3871
4.5894,1.3871
4.5899,1.3871
4.5904,1.3871
4.5910,1.3821
4.5915,1.3871
4.5920,1.3871
4.5925,1.3821
4.5931,1.3871
4.5936,1.3871
4.5941,1.3871
4.5946,1.3871
4.5952,1.3871
4.5957,1.3921
4.5962,1.3821
4.5967,1.3871
4.5972,1.3921
4.5978,1.3871
4.5983,1.3821
4.5988,1.3821
4.5993,1.3871
4.5999,1.3921
4.6004,1.3871
4.6009,1.3871
4.6014,1.3871
4.6020,1.3821
4.6025,1.3871
4.6030,1.3871
4.6035,1.3821
4.6040,1.3871
4.6046,1.3821
4.6051,1.3871
4.6056,1.3871
4.6061,1.3871
4.6067,1.3871
4.6072,1.3871
4.6077,1.3871
4.6082,1.3871
4.6088,1.3921
4.6093,1.3871
4.6098,1.3871
4.6103,1.3871
4.6108,1.3871
4.6114,1.3871
4.6119,1.3871
4.6124,1.3921
4.6130,1.3821
4.6135,1.3871
4.6140,1.3871
4.6146,1.3871
4.6151,1.3871
4.6156,1.3871
4.6161,1.3921
4.6167,1.3871
4.6172,1.3871
4.6177,1.3821
4.6182,1.3871
4.6187,1.3871
4.6193,1.3821
4.6198,1.3871
4.6203,1.3871
4.6208,1.3821
4.6214,1.3821
4.6219,1.3821
4.6224,1.3871
4.6229,1.3871
4.6235,1.3871
4.6240,1.3871
4.6245,1.3821
4.6250,1.3921
4.6255,1.3821
4.6261,1.3821
4.6266,1.3871
4.6271,1.3821
4.6276,1.3821
4.6282,1.3821
4.6287,1.3871
4.6292,1.3821
4.6297,1.3871
4.6303,1.3871
4.6308,1.3871
4.6313,1.3871
4.6318,1.3871
4.6323,1.3871
4.6329,1.3871
4.6334,1.3821
4.6339,1.3821
4.6344,1.3821
4.6350,1.3871
4.6355,1.3821
4.6360,1.3871
4.6365,1.3871
4.6371,1.3871
4.6376,1.3821
4.6381,1.3871
4.6386,1.3871
4.6391,1.3871
4.6397,1.3871
4.6402,1.3871
4.6407,1.3871
4.6412,1.3821
4.6418,1.3871
4.6423,1.3871
4.6428,1.3821
4.6433,1.3821
4.6439,1.3871
4.6444,1.3871
4.6449,1.3821
4.6454,1.3871
4.6460,1.3821
4.6465,1.3821
4.6470,1.3821
4.6475,1.3770
4.6480,1.3821
4.6486,1.3821
4.6491,1.3821
4.6496,1.3871
4.6501,1.3821
4.6507,1.3871
4.6512,1.3821
4.6517,1.3871
4.6522,1.3871
4.6528,1.3871
4.6533,1.3871
4.6538,1.3871
4.6543,1.3871
4.6548,1.3871
4.6554,1.3871
4.6559,1.3821
4.6564,1.3871
4.6569,1.3871
4.6575,1.3871
4.6580,1.3871
4.6585,1.3821
4.6590,1.3821
4.6596,1.3821
4.6601,1.3821
4.6606,1.3821
4.6611,1.3871
4.6616,1.3871
4.6622,1.3821
4.6627,1.3821
4.6632,1.3821
4.6637,1.3821
4.6643,1.3821
4.6648,1.3770
4.6653,1.3821
4.6658,1.3821
4.6663,1.3821
4.6669,1.3871
4.6674,1.3821
4.6679,1.3821
4.6684,1.3821
4.6690,1.3821
4.6695,1.3821
4.6700,1.3821
4.6705,1.3770
4.6711,1.3821
4.6716,1.3821
4.6721,1.3821
4.6726,1.3821
4.6732,1.3770
4.6737,1.3821
4.6742,1.3821
4.6747,1.3770
4.6752,1.3770
4.6758,1.3821
4.6763,1.3821
4.6768,1.3821
4.6773,1.3821
4.6779,1.3821
4.6784,1.3770
4.6789,1.3871
4.6794,1.3821
4.6800,1.3821
4.6805,1.3821
4.6810,1.3821
4.6815,1.3821
4.6821,1.3871
4.6826,1.3821
4.6831,1.3770
4.6836,1.3821
4.6842,1.3821
4.6847,1.3821
4.6852,1.3770
4.6857,1.3821
4.6862,1.3871
4.6868,1.3770
4.6873,1.3821
4.6878,1.3821
4.6883,1.3821
4.6889,1.3821
4.6894,1.3821
4.6899,1.3770
4.6904,1.3821
4.6910,1.3821
4.6915,1.3871
4.6920,1.3871
4.6925,1.3821
4.6930,1.3821
4.6936,1.3821
4.6941,1.3821
4.6946,1.3871
4.6951,1.3821
4.6962,1.3821
4.6967,1.3821
4.6972,1.3821
4.6978,1.3821
4.6983,1.3770
4.6988,1.3821
4.6993,1.3821
4.6999,1.3821
4.7004,1.3770
4.7009,1.3821
4.7014,1.3821
4.7019,1.3821
4.7025,1.3821
4.7030,1.3821
4.7035,1.3821
4.7040,1.3821
4.7046,1.3821
4.7051,1.3871
4.7056,1.3821
4.7061,1.3770
4.7066,1.3821
4.7072,1.3770
4.7077,1.3821
4.7082,1.3821
4.7087,1.3821
4.7092,1.3821
4.7098,1.3821
4.7103,1.3821
4.7108,1.3770
4.7113,1.3821
4.7119,1.3821
4.7124,1.3821
4.7129,1.3821
4.7134,1.3821
4.7140,1.3821
4.7145,1.3821
4.7150,1.3770
4.7155,1.3821
4.7160,1.3821
4.7166,1.3821
4.7171,1.3821
4.7176,1.3770
4.7181,1.3821
4.7186,1.3770
4.7192,1.3821
4.7197,1.3821
4.7202,1.3821
4.7207,1.3821
4.7213,1.3770
4.7218,1.3770
4.7223,1.3770
4.7228,1.3821
4.7233,1.3821
4.7239,1.3821
4.7244,1.3821
4.7249,1.3821
4.7254,1.3821
4.7260,1.3821
4.7265,1.3770
4.7270,1.3821
4.7275,1.3871
4.7280,1.3821
4.7286,1.3821
4.7291,1.3821
4.7296,1.3821
4.7301,1.3821
4.7306,1.3821
4.7312,1.3821
4.7317,1.3770
4.7322,1.3770
4.7327,1.3770
4.7333,1.3821
4.7338,1.3821
4.7343,1.3821
4.7348,1.3770
4.7353,1.3770
4.7359,1.3821
4.7364,1.3821
4.7369,1.3821
4.7374,1.3770
4.7379,1.3821
4.7385,1.3821
4.7390,1.3821
4.7395,1.3821
4.7400,1.3770
4.7406,1.3821
4.7411,1.3770
4.7416,1.3821
4.7421,1.3821
4.7426,1.3821
4.7432,1.3821
4.7437,1.3770
4.7442,1.3821
4.7447,1.3770
4.7453,1.3770
4.7458,1.3770
4.7463,1.3821
4.7468,1.3770
4.7474,1.3821
4.7479,1.3871
4.7484,1.3821
4.7489,1.3720
4.7495,1.3770
4.7500,1.3821
4.7505,1.3821
4.7510,1.3821
4.7515,1.3821
4.7521,1.3821
4.7526,1.3770
4.7531,1.3821
4.7536,1.3821
4.7542,1.3770
4.7547,1.3821
4.7552,1.3770
4.7557,1.3770
4.7563,1.3770
4.7568,1.3821
4.7573,1.3821
4.7578,1.3770
4.7583,1.3821
4.7589,1.3821
4.7594,1.3821
4.7599,1.3770
4.7604,1.3821
4.7610,1.3770
4.7615,1.3821
4.7620,1.3770
4.7625,1.3770
4.7631,1.3821
4.7636,1.3770
4.7641,1.3821
4.7646,1.3770
4.7651,1.3821
4.7657,1.3770
4.7662,1.3821
4.7667,1.3821
4.7672,1.3770
4.7678,1.3821
4.7683,1.3770
4.7688,1.3770
4.7693,1.3720
4.7699,1.3770
4.7704,1.3770
4.7709,1.3770
4.7714,1.3770
4.7719,1.3770
4.7725,1.3770
4.7730,1.3770
4.7735,1.3770
4.7740,1.3821
4.7746,1.3821
4.7751,1.3821
4.7756,1.3770
4.7761,1.3821
4.7767,1.3770
4.7772,1.3770
4.7777,1.3770
4.7782,1.3770
4.7787,1.3821
4.7793,1.3770
4.7798,1.3770
4.7803,1.3770
4.7808,1.3770
4.7814,1.3821
4.7819,1.3770
4.7824,1.3770
4.7829,1.3770
4.7835,1.3720
4.7840,1.3770
4.7845,1.3770
4.7850,1.3821
4.7855,1.3770
4.7861,1.3821
4.7866,1.3821
4.7871,1.3821
4.7876,1.3720
4.7882,1.3770
4.7887,1.3770
4.7892,1.3821
4.7897,1.3770
4.7902,1.3770
4.7908,1.3821
4.7913,1.3821
4.7918,1.3770
4.7923,1.3720
4.7929,1.3770
4.7934,1.3821
4.7939,1.3770
4.7944,1.3770
4.7950,1.3770
4.7955,1.3770
4.7960,1.3770
4.7965,1.3821
4.7970,1.3770
4.7976,1.3770
4.7981,1.3770
4.7986,1.3770
4.7991,1.3770
4.7997,1.3770
4.8002,1.3770
4.8007,1.3821
4.8012,1.3770
4.8018,1.3821
4.8023,1.3821
4.8028,1.3770
4.8033,1.3770
4.8038,1.3770
4.8044,1.3821
4.8049,1.3770
4.8054,1.3770
4.8059,1.3821
4.8065,1.3720
4.8070,1.3720
4.8075,1.3720
4.8080,1.3720
4.8086,1.3720
4.8091,1.3770
4.8096,1.3770
4.8101,1.3720
4.8106,1.3770
4.8112,1.3770
4.8117,1.3770
4.8122,1.3770
4.8127,1.3821
4.8133,1.3770
4.8138,1.3720
4.8143,1.3770
4.8148,1.3770
4.8154,1.3770
4.8159,1.3770
4.8164,1.3770
4.8169,1.3821
4.8175,1.3770
4.8180,1.3770
4.8185,1.3770
4.8190,1.3720
4.8195,1.3770
4.8201,1.3770
4.8206,1.3770
4.8211,1.3770
4.8216,1.3770
4.8222,1.3821
4.8227,1.3770
4.8232,1.3770
4.8237,1.3770
4.8243,1.3821
4.8248,1.3770
4.8253,1.3821
4.8258,1.3770
4.8263,1.3821
4.8269,1.3770
4.8274,1.3770
4.8279,1.3821
4.8284,1.3770
4.8290,1.3821
4.8295,1.3821
4.8300,1.3821
4.8305,1.3821
4.8311,1.3770
4.8316,1.3821
4.8321,1.3821
4.8326,1.3770
4.8331,1.3770
4.8337,1.3821
4.8342,1.3821
4.8347,1.3821
4.8352,1.3821
4.8358,1.3770
4.8363,1.3821
4.8368,1.3770
4.8373,1.3770
4.8379,1.3821
4.8384,1.3821
4.8389,1.3871
4.8394,1.3821
4.8399,1.3871
4.8405,1.3821
4.8410,1.3770
4.8415,1.3821
4.8420,1.3821
4.8426,1.3821
4.8431,1.3821
4.8436,1.3821
4.8441,1.3821
4.8447,1.3821
4.8452,1.3821
4.8457,1.3871
4.8462,1.3871
4.8467,1.3871
4.8473,1.3821
4.8478,1.3871
4.8483,1.3821
4.8488,1.3821
4.8494,1.3821
4.8499,1.3821
4.8504,1.3871
4.8509,1.3821
4.8515,1.3770
4.8520,1.3821
4.8525,1.3871
4.8530,1.3821
4.8535,1.3871
4.8541,1.3770
4.8546,1.3871
4.8551,1.3871
4.8556,1.3821
4.8562,1.3821
4.8567,1.3821
4.8572,1.3821
4.8577,1.3821
4.8583,1.3821
4.8588,1.3871
4.8593,1.3871
4.8598,1.3871
4.8603,1.3871
4.8609,1.3871
4.8614,1.3871
4.8619,1.3871
4.8624,1.3871
4.8630,1.3871
4.8635,1.3871
4.8640,1.3871
4.8645,1.3871
4.8651,1.3921
4.8656,1.3871
4.8661,1.3871
4.8666,1.3921
4.8671,1.3921
4.8677,1.3871
4.8682,1.3871
4.8687,1.3871
4.8692,1.3871
4.8698,1.3871
4.8703,1.3921
4.8708,1.3921
4.8713,1.3921
4.8718,1.3871
4.8724,1.3921
4.8729,1.3871
4.8734,1.3921
4.8739,1.3871
4.8745,1.3821
4.8750,1.3871
4.8755,1.3871
4.8760,1.3921
4.8766,1.3921
4.8771,1.3921
4.8776,1.3871
4.8781,1.3871
4.8787,1.3921
4.8792,1.3871
4.8797,1.3921
4.8802,1.3921
4.8808,1.3921
4.8813,1.3921
4.8818,1.3921
4.8823,1.3921
4.8828,1.3921
4.8834,1.3921
4.8839,1.3821
4.8844,1.3921
4.8849,1.3921
4.8855,1.3921
4.8860,1.3921
4.8865,1.3921
4.8870,1.3921
4.8876,1.3921
4.8881,1.3871
4.8886,1.3921
4.8892,1.3921
4.8897,1.3921
4.8903,1.3921
4.8908,1.3921
4.8914,1.3921
4.8919,1.3921
4.8925,1.3972
4.8930,1.3972
4.8936,1.3921
4.8941,1.3921
4.8947,1.3921
4.8952,1.3871
4.8958,1.3921
4.8963,1.3921
4.8969,1.3972
4.8974,1.3921
4.8980,1.3972
4.8985,1.3871
4.8991,1.3972
4.8996,1.3921
4.9002,1.3972
4.9007,1.3921
4.9013,1.3921
4.9019,1.3972
4.9024,1.3972
4.9030,1.3921
4.9035,1.3921
4.9041,1.3921
4.9047,1.3972
4.9052,1.3972
4.9058,1.3921
4.9063,1.3921
4.9069,1.3921
4.9075,1.3972
4.9080,1.3921
4.9086,1.3921
4.9091,1.3921
4.9097,1.3921
4.9102,1.3972
4.9108,1.3972
4.9113,1.3921
4.9119,1.3921
4.9125,1.3972
4.9130,1.3871
4.9136,1.3921
4.9142,1.3871
4.9147,1.3921
4.9153,1.3921
4.9158,1.3972
4.9164,1.3972
4.9169,1.3921
4.9175,1.3972
4.9181,1.3972
4.9186,1.3972
4.9192,1.3972
4.9197,1.3921
4.9203,1.3972
4.9208,1.3921
4.9215,1.3972
4.9221,1.3921
4.9227,1.3972
4.9234,1.3972
4.9239,1.3972
4.9245,1.3972
4.9251,1.3972
4.9257,1.3972
4.9263,1.3972
4.9269,1.3972
4.9275,1.3921
4.9281,1.3921
4.9287,1.3972
4.9304,1.3972
4.9311,1.3972
4.9316,1.3972
4.9322,1.3972
4.9328,1.3921
4.9335,1.3972
4.9340,1.3921
4.9346,1.3972
4.9351,1.3972
4.9357,1.4022
4.9363,1.3921
4.9369,1.3921
4.9375,1.3921
4.9380,1.3921
4.9386,1.3972
4.9392,1.4022
4.9397,1.3972
4.9403,1.3972
4.9408,1.3972
4.9414,1.3972
4.9419,1.3972
4.9425,1.3972
4.9430,1.3972
4.9436,1.3972
4.9441,1.3972
4.9447,1.3972
4.9453,1.3921
4.9458,1.3972
4.9464,1.3972
4.9469,1.3972
4.9475,1.3972
4.9480,1.3972
4.9486,1.3972
4.9491,1.3972
4.9497,1.3972
4.9502,1.3972
4.9508,1.3972
4.9513,1.3972
4.9519,1.3972
4.9525,1.3972
4.9530,1.3972
4.9536,1.3921
4.9542,1.3921
4.9547,1.3972
4.9553,1.3972
4.9558,1.3972
4.9564,1.3972
4.9569,1.3921
4.9575,1.3972
4.9580,1.3921
4.9586,1.3921
4.9591,1.3972
4.9597,1.3972
4.9602,1.3921
4.9608,1.3972
4.9613,1.3921
4.9619,1.4022
4.9624,1.3972
4.9630,1.3972
4.9635,1.3972
4.9641,1.3972
4.9646,1.3972
4.9652,1.3972
4.9657,1.3972
4.9663,1.3972
4.9668,1.3972
4.9674,1.3921
4.9679,1.3921
4.9685,1.3921
4.9690,1.3921
4.9696,1.3921
4.9701,1.3921
4.9707,1.3921
4.9712,1.3972
4.9718,1.3921
4.9724,1.3972
4.9729,1.3972
4.9735,1.3972
4.9741,1.3972
4.9746,1.3972
4.9752,1.3972
4.9757,1.4022
4.9763,1.3921
4.9768,1.3972
4.9774,1.3921
4.9779,1.3921
4.9785,1.3972
4.9790,1.3972
4.9796,1.3972
4.9801,1.3972
4.9807,1.3972
4.9812,1.3972
4.9818,1.3972
4.9823,1.3921
4.9829,1.3972
4.9835,1.3921
4.9840,1.3921
4.9846,1.3972
4.9851,1.4022
4.9857,1.3972
4.9862,1.3921
4.9868,1.3921
4.9874,1.3972
4.9879,1.3921
4.9885,1.3972
4.9890,1.3972
4.9897,1.3972
4.9902,1.3972
4.9908,1.3921
4.9913,1.3921
4.9918,1.3921
4.9924,1.3972
4.9929,1.3972
4.9934,1.3921
4.9939,1.3972
4.9945,1.3972
4.9950,1.3972
4.9955,1.3921
4.9960,1.3921
4.9966,1.3921
4.9971,1.3972
4.9976,1.3921
4.9981,1.3921
4.9986,1.3921
4.9992,1.3972
4.9997,1.3972
5.0002,1.3921
5.0007,1.3921
5.0013,1.3921
5.0018,1.3921
5.0023,1.3972
5.0028,1.3972
5.0033,1.3921
5.0039,1.3972
5.0044,1.3921
5.0049,1.3921
5.0054,1.3921
5.0060,1.3972
5.0065,1.3921
5.0070,1.3921
5.0075,1.3972
5.0081,1.3972
5.0086,1.3921
5.0091,1.3921
5.0096,1.3921
5.0102,1.3921
5.0107,1.3921
5.0113,1.3972
5.0118,1.3972
5.0124,1.3921
5.0129,1.3972
5.0135,1.3972
5.0140,1.3972
5.0146,1.3871
5.0151,1.3972
5.0157,1.3972
5.0162,1.3972
5.0167,1.3921
5.0173,1.3921
5.0178,1.3921
5.0183,1.3972
5.0188,1.3972
5.0194,1.3921
5.0199,1.3972
5.0204,1.3921
5.0210,1.3921
5.0216,1.3871
5.0222,1.3921
5.0228,1.3871
5.0233,1.3921
5.0239,1.3921
5.0244,1.3921
5.0250,1.3972
5.0255,1.3921
5.0260,1.3921
5.0266,1.3921
5.0271,1.3921
5.0276,1.3921
5.0281,1.3921
5.0286,1.3921
5.0292,1.3921
5.0297,1.3921
5.0302,1.3921
5.0307,1.3972
5.0313,1.3972
5.0318,1.3972
5.0323,1.3921
5.0328,1.3921
5.0334,1.3921
5.0339,1.3972
5.0344,1.3972
5.0349,1.3921
5.0355,1.3972
5.0360,1.3921
5.0365,1.3871
5.0370,1.3921
5.0375,1.3921
5.0381,1.3921
5.0386,1.3972
5.0391,1.3871
5.0397,1.3871
5.0402,1.3921
5.0407,1.3921
5.0412,1.3871
5.0418,1.3921
5.0423,1.3921
5.0428,1.3921
5.0433,1.3921
5.0439,1.3921
5.0444,1.3921
5.0449,1.3921
5.0454,1.3921
5.0459,1.3921
5.0465,1.3921
5.0470,1.3921
5.0475,1.3921
5.0480,1.3871
5.0486,1.3921
5.0491,1.3871
5.0496,1.3871
5.0501,1.3921
5.0506,1.3921
5.0512,1.3871
5.0517,1.3921
5.0522,1.3821
5.0527,1.3871
5.0532,1.3921
5.0538,1.3921
5.0543,1.3921
5.0548,1.3921
5.0554,1.3921
5.0559,1.3921
5.0564,1.3871
5.0569,1.3921
5.0575,1.3972
5.0580,1.3871
5.0585,1.3871
5.0590,1.3871
5.0595,1.3921
5.0601,1.3921
5.0606,1.3921
5.0611,1.3821
5.0616,1.3821
5.0622,1.3871
5.0627,1.3921
5.0632,1.3921
5.0637,1.3921
5.0643,1.3871
5.0648,1.3921
5.0653,1.3921
5.0658,1.3871
5.0663,1.3921
5.0669,1.3871
5.0674,1.3921
5.0679,1.3821
5.0684,1.3921
5.0690,1.3921
5.0695,1.3921
5.0700,1.3821
5.0705,1.3921
5.0711,1.3921
5.0716,1.3921
5.0721,1.3871
5.0726,1.3921
5.0732,1.3871
5.0737,1.3871
5.0742,1.3921
5.0747,1.3871
5.0752,1.3921
5.0758,1.3871
5.0763,1.3871
5.0768,1.3871
5.0773,1.3871
5.0779,1.3871
5.0784,1.3871
5.0789,1.3821
5.0794,1.3871
5.0799,1.3871
5.0805,1.3871
5.0810,1.3821
5.0815,1.3871
5.0820,1.3871
5.0825,1.3921
5.0831,1.3871
5.0836,1.3921
5.0841,1.3821
5.0846,1.3921
5.0852,1.3871
5.0857,1.3821
5.0862,1.3871
5.0867,1.3821
5.0873,1.3871
5.0878,1.3871
5.0883,1.3871
5.0888,1.3871
5.0894,1.3871
5.0899,1.3871
5.0904,1.3871
5.0909,1.3871
5.0915,1.3871
5.0920,1.3871
5.0925,1.3871
5.0930,1.3821
5.0936,1.3871
5.0941,1.3871
5.0946,1.3871
5.0951,1.3871
5.0956,1.3871
5.0962,1.3821
5.0967,1.3821
5.0972,1.3871
5.0978,1.3770
5.0983,1.3871
5.0988,1.3821
5.0993,1.3871
5.0998,1.3871
5.1004,1.3871
5.1009,1.3871
5.1014,1.3821
5.1019,1.3821
5.1024,1.3871
5.1030,1.3871
5.1035,1.3821
5.1040,1.3871
5.1045,1.3871
5.1051,1.3821
5.1056,1.3871
5.1061,1.3871
5.1066,1.3871
5.1072,1.3821
5.1077,1.3871
5.1082,1.3871
5.1087,1.3871
5.1092,1.3871
5.1098,1.3871
5.1103,1.3871
5.1108,1.3921
5.1113,1.3871
5.1119,1.3871
5.1124,1.3821
5.1129,1.3871
5.1134,1.3871
5.1140,1.3821
5.1145,1.3821
5.1150,1.3871
5.1155,1.3871
5.1161,1.3821
5.1166,1.3871
5.1171,1.3821
5.1176,1.3871
5.1181,1.3871
5.1187,1.3821
5.1192,1.3821
5.1197,1.3871
5.1202,1.3871
5.1208,1.3871
5.1213,1.3821
5.1218,1.3871
5.1223,1.3871
5.1229,1.3871
5.1234,1.3821
5.1239,1.3921
5.1244,1.3871
5.1250,1.3821
5.1255,1.3821
5.1260,1.3921
5.1265,1.3821
5.1270,1.3871
5.1276,1.3871
5.1281,1.3770
5.1286,1.3871
5.1291,1.3821
5.1297,1.3821
5.1302,1.3821
5.1307,1.3871
5.1312,1.3871
5.1318,1.3871
5.1323,1.3871
5.1328,1.3871
5.1333,1.3821
5.1339,1.3871
5.1344,1.3871
5.1349,1.3871
5.1354,1.3871
5.1359,1.3871
5.1365,1.3821
5.1370,1.3821
5.1375,1.3871
5.1380,1.3871
5.1385,1.3871
5.1391,1.3871
5.1396,1.3871
5.1401,1.3871
5.1406,1.3821
5.1412,1.3821
5.1417,1.3821
5.1422,1.3871
5.1427,1.3871
5.1432,1.3821
5.1438,1.3821
5.1443,1.3821
5.1448,1.3821
5.1453,1.3821
5.1459,1.3821
5.1464,1.3871
5.1469,1.3821
5.1474,1.3821
5.1479,1.3821
5.1485,1.3821
5.1490,1.3821
5.1495,1.3821
5.1500,1.3871
5.1506,1.3871
5.1511,1.3871
5.1516,1.3871
5.1521,1.3871
5.1527,1.3821
5.1532,1.3871
5.1537,1.3871
5.1542,1.3871
5.1548,1.3871
5.1553,1.3821
5.1558,1.3871
5.1563,1.3871
5.1569,1.3821
5.1574,1.3871
5.1579,1.3821
5.1584,1.3821
5.1590,1.3821
5.1595,1.3821
5.1600,1.3821
5.1605,1.3821
5.1610,1.3871
5.1616,1.3821
5.1621,1.3871
5.1626,1.3871
5.1631,1.3871
5.1637,1.3871
5.1642,1.3871
5.1647,1.3871
5.1652,1.3821
5.1657,1.3871
5.1663,1.3821
5.1668,1.3821
5.1673,1.3871
5.1678,1.3871
5.1684,1.3821
5.1689,1.3821
5.1694,1.3871
5.1699,1.3871
5.1705,1.3821
5.1710,1.3821
5.1715,1.3821
5.1720,1.3871
5.1725,1.3871
5.1731,1.3821
5.1736,1.3871
5.1741,1.3871
5.1746,1.3821
5.1752,1.3821
5.1757,1.3821
5.1762,1.3821
5.1767,1.3821
5.1773,1.3871
5.1778,1.3821
5.1783,1.3871
5.1788,1.3871
5.1794,1.3821
5.1799,1.3871
5.1804,1.3871
5.1809,1.3821
5.1814,1.3871
5.1820,1.3871
5.1825,1.3871
5.1830,1.3871
5.1835,1.3821
5.1841,1.3821
5.1846,1.3821
5.1851,1.3871
5.1856,1.3821
5.1861,1.3821
5.1867,1.3871
5.1872,1.3821
5.1877,1.3871
5.1882,1.3770
5.1888,1.3871
5.1893,1.3821
5.1898,1.3821
5.1903,1.3821
5.1909,1.3871
5.1916,1.3871
5.1921,1.3871
5.1927,1.3821
5.1932,1.3871
5.1937,1.3871
5.1943,1.3871
5.1948,1.3871
5.1953,1.3871
5.1959,1.3821
5.1964,1.3871
5.1969,1.3821
5.1975,1.3821
5.1980,1.3871
5.1985,1.3821
5.1990,1.3871
5.1996,1.3821
5.2001,1.3821
5.2006,1.3821
5.2012,1.3821
5.2017,1.3821
5.2022,1.3821
5.2028,1.3821
5.2033,1.3821
5.2038,1.3770
5.2044,1.3871
5.2058,1.3871
5.2064,1.3821
5.2069,1.3821
5.2075,1.3821
5.2080,1.3770
5.2085,1.3821
5.2096,1.3821
5.2102,1.3821
5.2107,1.3871
5.2113,1.3871
5.2118,1.3871
5.2123,1.3821
5.2129,1.3871
5.2135,1.3821
5.2140,1.3821
5.2146,1.3871
5.2151,1.3821
5.2156,1.3821
5.2161,1.3821
5.2167,1.3821
5.2172,1.3821
5.2177,1.3821
5.2182,1.3821
5.2187,1.3821
5.2193,1.3770
5.2198,1.3821
5.2203,1.3821
5.2208,1.3821
5.2213,1.3821
5.2219,1.3821
5.2224,1.3871
5.2229,1.3821
5.2235,1.3770
5.2240,1.3871
5.2245,1.3871
5.2250,1.3871
5.2256,1.3770
5.2261,1.3770
5.2266,1.3821
5.2271,1.3871
5.2276,1.3821
5.2282,1.3821
5.2287,1.3871
5.2292,1.3720
5.2297,1.3821
5.2302,1.3871
5.2308,1.3821
5.2313,1.3821
5.2318,1.3770
5.2323,1.3821
5.2329,1.3821
5.2334,1.3821
5.2339,1.3770
5.2344,1.3770
5.2349,1.3770
5.2355,1.3871
5.2360,1.3821
5.2365,1.3821
5.2370,1.3821
5.2376,1.3821
5.2381,1.3821
5.2386,1.3821
5.2391,1.3821
5.2396,1.3770
5.2402,1.3770
5.2407,1.3821
5.2412,1.3770
5.2417,1.3770
5.2422,1.3821
5.2428,1.3821
5.2433,1.3821
5.2438,1.3821
5.2443,1.3770
5.2449,1.3821
5.2454,1.3871
5.2459,1.3821
5.2464,1.3821
5.2469,1.3821
5.2475,1.3821
5.2480,1.3821
5.2485,1.3821
5.2490,1.3821
5.2495,1.3770
5.2501,1.3821
5.2506,1.3821
5.2511,1.3871
5.2516,1.3821
5.2521,1.3821
5.2527,1.3821
5.2532,1.3821
5.2537,1.3821
5.2542,1.3821
5.2548,1.3770
5.2553,1.3821
5.2558,1.3821
5.2563,1.3821
5.2569,1.3770
5.2574,1.3821
5.2579,1.3821
5.2584,1.3821
5.2589,1.3821
5.2595,1.3770
5.2600,1.3821
5.2605,1.3770
5.2610,1.3770
5.2615,1.3821
5.2621,1.3770
5.2626,1.3821
5.2631,1.3821
5.2636,1.3770
5.2642,1.3821
5.2647,1.3821
5.2652,1.3821
5.2657,1.3821
5.2662,1.3821
5.2668,1.3821
5.2673,1.3821
5.2678,1.3871
5.2683,1.3821
5.2688,1.3821
5.2694,1.3821
5.2699,1.3821
5.2704,1.3821
5.2709,1.3821
5.2715,1.3770
5.2720,1.3770
5.2725,1.3821
5.2730,1.3821
5.2735,1.3821
5.2741,1.3821
5.2746,1.3821
5.2751,1.3821
5.2756,1.3821
5.2761,1.3821
5.2767,1.3821
5.2772,1.3821
5.2777,1.3821
5.2782,1.3821
5.2788,1.3821
5.2793,1.3821
5.2798,1.3821
5.2803,1.3821
5.2808,1.3821
5.2814,1.3770
5.2819,1.3770
5.2824,1.3821
5.2829,1.3821
5.2835,1.3821
5.2840,1.3770
5.2845,1.3821
5.2851,1.3821
5.2856,1.3720
5.2861,1.3770
5.2866,1.3770
5.2871,1.3821
5.2877,1.3821
5.2882,1.3821
5.2887,1.3770
5.2892,1.3821
5.2898,1.3770
5.2903,1.3770
5.2908,1.3720
5.2913,1.3770
5.2918,1.3821
5.2924,1.3770
5.2929,1.3770
5.2934,1.3770
5.2939,1.3770
5.2945,1.3770
5.2950,1.3821
5.2955,1.3770
5.2960,1.3770
5.2966,1.3770
5.2971,1.3770
5.2976,1.3821
5.2981,1.3720
5.2986,1.3770
5.2992,1.3770
5.2997,1.3770
5.3002,1.3821
5.3007,1.3821
5.3012,1.3770
5.3018,1.3770
5.3023,1.3770
5.3028,1.3770
5.3033,1.3770
5.3039,1.3821
5.3044,1.3770
5.3049,1.3720
5.3054,1.3821
5.3059,1.3821
5.3065,1.3821
5.3070,1.3770
5.3075,1.3770
5.3080,1.3770
5.3086,1.3770
5.3091,1.3770
5.3096,1.3821
5.3101,1.3821
5.3107,1.3770
5.3112,1.3770
5.3117,1.3770
5.3122,1.3770
5.3127,1.3770
5.3133,1.3770
5.3138,1.3770
5.3143,1.3770
5.3148,1.3720
5.3154,1.3770
5.3159,1.3770
5.3164,1.3770
5.3169,1.3720
5.3175,1.3720
5.3180,1.3770
5.3185,1.3770
5.3190,1.3770
5.3196,1.3821
5.3201,1.3770
5.3206,1.3770
5.3211,1.3770
5.3216,1.3821
5.3222,1.3770
5.3227,1.3770
5.3232,1.3770
5.3237,1.3770
5.3243,1.3770
5.3248,1.3720
5.3253,1.3770
5.3258,1.3770
5.3264,1.3770
5.3269,1.3770
5.3274,1.3720
5.3279,1.3770
5.3284,1.3770
5.3290,1.3770
5.3295,1.3720
5.3300,1.3720
5.3305,1.3720
5.3311,1.3770
5.3316,1.3770
5.3321,1.3770
5.3326,1.3821
5.3332,1.3770
5.3337,1.3821
5.3342,1.3770
5.3347,1.3770
5.3352,1.3720
5.3358,1.3770
5.3363,1.3770
5.3368,1.3720
5.3373,1.3720
5.3379,1.3770
5.3384,1.3770
5.3389,1.3770
5.3394,1.3770
5.3400,1.3770
5.3405,1.3770
5.3410,1.3720
5.3415,1.3720
5.3420,1.3770
5.3426,1.3720
5.3431,1.3770
5.3436,1.3821
5.3441,1.3770
5.3447,1.3770
5.3452,1.3770
5.3457,1.3770
5.3462,1.3720
5.3468,1.3720
5.3473,1.3720
5.3478,1.3770
5.3483,1.3720
5.3488,1.3770
5.3494,1.3770
5.3499,1.3720
5.3504,1.3770
5.3509,1.3770
5.3515,1.3770
5.3520,1.3770
5.3525,1.3770
5.3530,1.3720
5.3536,1.3770
5.3541,1.3770
5.3546,1.3770
5.3551,1.3720
5.3557,1.3770
5.3562,1.3720
5.3567,1.3770
5.3573,1.3720
5.3578,1.3720
5.3583,1.3720
5.3588,1.3770
5.3593,1.3770
5.3599,1.3770
5.3604,1.3770
5.3609,1.3770
5.3614,1.3770
5.3620,1.3770
5.3625,1.3669
5.3630,1.3770
5.3635,1.3770
5.3641,1.3770
5.3646,1.3770
5.3651,1.3770
5.3656,1.3770
5.3662,1.3720
5.3667,1.3770
5.3672,1.3720
5.3678,1.3770
5.3683,1.3821
5.3688,1.3770
5.3693,1.3821
5.3699,1.3720
5.3704,1.3770
5.3709,1.3770
5.3714,1.3770
5.3719,1.3720
5.3725,1.3720
5.3730,1.3720
5.3735,1.3720
5.3740,1.3720
5.3746,1.3770
5.3751,1.3770
5.3756,1.3669
5.3761,1.3720
5.3767,1.3770
5.3772,1.3770
5.3777,1.3720
5.3782,1.3770
5.3788,1.3770
5.3793,1.3720
5.3798,1.3720
5.3803,1.3770
5.3808,1.3770
5.3814,1.3720
5.3819,1.3770
5.3824,1.3770
5.3829,1.3770
5.3835,1.3770
5.3840,1.3770
5.3845,1.3720
5.3850,1.3720
5.3856,1.3720
5.3861,1.3720
5.3866,1.3720
5.3871,1.3770
5.3876,1.3770
5.3882,1.3770
5.3887,1.3720
5.3892,1.3770
5.3897,1.3770
5.3903,1.3720
5.3908,1.3720
5.3913,1.3720
5.3918,1.3720
5.3924,1.3669
5.3929,1.3720
5.3934,1.3720
5.3940,1.3720
5.3945,1.3720
5.3950,1.3720
5.3955,1.3720
5.3960,1.3770
5.3966,1.3770
5.3971,1.3720
5.3976,1.3770
5.3981,1.3669
5.3987,1.3821
5.3992,1.3770
5.3997,1.3720
5.4002,1.3720
5.4008,1.3770
5.4013,1.3720
5.4018,1.3720
5.4023,1.3720
5.4028,1.3720
5.4034,1.3720
5.4039,1.3720
5.4044,1.3720
5.4049,1.3720
5.4055,1.3720
5.4060,1.3821
5.4065,1.3720
5.4070,1.3720
5.4076,1.3720
5.4081,1.3770
5.4086,1.3720
5.4091,1.3770
5.4096,1.3770
5.4102,1.3770
5.4107,1.3770
5.4112,1.3770
5.4117,1.3770
5.4123,1.3720
5.4128,1.3720
5.4133,1.3720
5.4138,1.3770
5.4144,1.3770
5.4149,1.3720
5.4154,1.3770
5.4159,1.3770
5.4164,1.3720
5.4170,1.3770
5.4175,1.3770
5.4180,1.3720
5.4185,1.3720
5.4191,1.3770
5.4196,1.3770
5.4201,1.3770
5.4206,1.3770
5.4212,1.3770
5.4217,1.3821
5.4222,1.3720
5.4227,1.3821
5.4233,1.3770
5.4238,1.3770
5.4243,1.3770
5.4248,1.3770
5.4254,1.3821
5.4259,1.3821
5.4264,1.3821
5.4269,1.3770
5.4275,1.3770
5.4280,1.3821
5.4285,1.3770
5.4290,1.3770
5.4295,1.3720
5.4301,1.3770
5.4306,1.3821
5.4311,1.3821
5.4316,1.3821
5.4322,1.3821
5.4327,1.3770
5.4332,1.3770
5.4337,1.3821
5.4343,1.3770
5.4348,1.3770
5.4353,1.3821
5.4358,1.3821
5.4363,1.3821
5.4369,1.3821
5.4374,1.3821
5.4379,1.3821
5.4384,1.3821
5.4390,1.3821
5.4395,1.3871
5.4400,1.3871
5.4405,1.3821
5.4411,1.3871
5.4416,1.3821
5.4421,1.3821
5.4426,1.3821
5.4431,1.3821
5.4437,1.3821
5.4442,1.3871
5.4447,1.3871
5.4452,1.3821
5.4458,1.3821
5.4463,1.3821
5.4468,1.3871
5.4473,1.3871
5.4479,1.3871
5.4484,1.3871
5.4489,1.3821
5.4494,1.3821
5.4499,1.3871
5.4505,1.3821
5.4510,1.3821
5.4515,1.3871
5.4520,1.3871
5.4526,1.3821
5.4531,1.3871
5.4536,1.3871
5.4541,1.3871
5.4547,1.3871
5.4552,1.3871
5.4557,1.3871
5.4562,1.3871
5.4567,1.3921
5.4573,1.3871
5.4578,1.3871
5.4583,1.3921
5.4588,1.3871
5.4594,1.3871
5.4599,1.3921
5.4604,1.3921
5.4609,1.3871
5.4615,1.3921
5.4620,1.3871
5.4625,1.3871
5.4630,1.3871
5.4636,1.3871
5.4641,1.3921
5.4646,1.3921
5.4651,1.3871
5.4657,1.3921
5.4662,1.3921
5.4667,1.3921
5.4672,1.3871
5.4677,1.3821
5.4683,1.3871
5.4688,1.3921
5.4693,1.3871
5.4698,1.3921
5.4704,1.3921
5.4709,1.3871
5.4714,1.3871
5.4719,1.3871
5.4725,1.3871
5.4730,1.3871
5.4735,1.3871
5.4740,1.3921
5.4745,1.3921
5.4751,1.3972
5.4756,1.3921
5.4761,1.3871
5.4766,1.3921
5.4772,1.3871
5.4777,1.3921
5.4782,1.3921
5.4787,1.3972
5.4793,1.3921
5.4798,1.3921
5.4803,1.3921
5.4808,1.3921
5.4814,1.3921
5.4819,1.3921
5.4824,1.3921
5.4829,1.3921
5.4834,1.3921
5.4840,1.3921
5.4845,1.3921
5.4850,1.3921
5.4855,1.3921
5.4861,1.3921
5.4866,1.3921
5.4871,1.3921
5.4876,1.3871
5.4882,1.3972
5.4887,1.3921
5.4892,1.3921
5.4897,1.3972
5.4903,1.3921
5.4908,1.3871
5.4913,1.3921
5.4918,1.3921
5.4924,1.3921
5.4929,1.3921
5.4934,1.3921
5.4940,1.3921
5.4945,1.3921
5.4951,1.3972
5.4956,1.3972
5.4961,1.3871
5.4967,1.3921
5.4972,1.3871
5.4977,1.3921
5.4983,1.3921
5.4988,1.3921
5.4993,1.3871
5.4998,1.3921
5.5003,1.3921
5.5009,1.3921
5.5014,1.3972
5.5019,1.3921
5.5024,1.3972
5.5030,1.3921
5.5035,1.3921
5.5040,1.3921
5.5045,1.3921
5.5051,1.3921
5.5056,1.3921
5.5061,1.3972
5.5066,1.3972
5.5071,1.3921
5.5077,1.3921
5.5082,1.3972
5.5087,1.3921
5.5092,1.3921
5.5098,1.3921
5.5103,1.3972
5.5108,1.3921
5.5114,1.3972
5.5120,1.3972
5.5125,1.3921
5.5131,1.3921
5.5136,1.3921
5.5141,1.3972
5.5147,1.3921
5.5152,1.3921
5.5158,1.3972
5.5163,1.3972
5.5168,1.3921
5.5174,1.3921
5.5179,1.3972
5.5184,1.3921
5.5189,1.3921
5.5195,1.3972
5.5200,1.3921
5.5205,1.3972
5.5211,1.3921
5.5218,1.3972
5.5223,1.3972
5.5229,1.3972
5.5235,1.3972
5.5241,1.3921
5.5246,1.3921
5.5252,1.3921
5.5257,1.3921
5.5263,1.3972
5.5268,1.3972
5.5273,1.3921
5.5279,1.3921
5.5284,1.3921
5.5289,1.3972
5.5294,1.3921
5.5300,1.3972
5.5305,1.3972
5.5310,1.3921
5.5315,1.3921
5.5320,1.3921
5.5326,1.3921
5.5331,1.3921
5.5336,1.3921
5.5341,1.3921
5.5347,1.3921
5.5352,1.3921
5.5357,1.3972
5.5362,1.3972
5.5367,1.3921
5.5373,1.3921
5.5378,1.3972
5.5383,1.3921
5.5389,1.3921
5.5394,1.3921
5.5400,1.3972
5.5405,1.3921
5.5411,1.3921
5.5416,1.3972
5.5422,1.3921
5.5428,1.3972
5.5433,1.3972
5.5439,1.3921
5.5445,1.3921
5.5451,1.3972
5.5456,1.3972
5.5461,1.3921
5.5466,1.3921
5.5472,1.3921
5.5477,1.3972
5.5482,1.3921
5.5487,1.3921
5.5492,1.3921
5.5498,1.3972
5.5503,1.3972
5.5508,1.3921
5.5513,1.3921
5.5519,1.3921
5.5524,1.3921
5.5529,1.3921
5.5534,1.3972
5.5540,1.3921
5.5545,1.3921
5.5550,1.3921
5.5556,1.3921
5.5561,1.3921
5.5566,1.3921
5.5572,1.3921
5.5577,1.3921
5.5582,1.3972
5.5587,1.3921
5.5593,1.3972
5.5598,1.3921
5.5603,1.3921
5.5608,1.3972
5.5613,1.3921
5.5619,1.3921
5.5624,1.3871
5.5629,1.3921
5.5635,1.3871
5.5640,1.3871
5.5645,1.3921
5.5650,1.3921
5.5655,1.3921
5.5661,1.3972
5.5666,1.3921
5.5671,1.3972
5.5676,1.3871
5.5682,1.3921
5.5687,1.3921
5.5692,1.3921
5.5697,1.3871
5.5702,1.3921
5.5708,1.3921
5.5713,1.3921
5.5718,1.3921
5.5724,1.3972
5.5729,1.3871
5.5734,1.3921
5.5740,1.3921
5.5745,1.3921
5.5750,1.3921
5.5755,1.3921
5.5760,1.3921
5.5766,1.3921
5.5771,1.3972
5.5776,1.3921
5.5781,1.3921
5.5787,1.3921
5.5792,1.3921
5.5797,1.3921
5.5802,1.3972
5.5808,1.3921
5.5813,1.3921
5.5818,1.3921
5.5823,1.3921
5.5829,1.3921
5.5834,1.3871
5.5839,1.3921
5.5844,1.3871
5.5849,1.3921
5.5855,1.3921
5.5860,1.3921
5.5865,1.3921
5.5870,1.3921
5.5876,1.3921
5.5881,1.3921
5.5886,1.3921
5.5891,1.3921
5.5897,1.3921
5.5902,1.3921
5.5907,1.3921
5.5912,1.3921
5.5917,1.3921
5.5923,1.3921
5.5928,1.3871
5.5933,1.3921
5.5938,1.3921
5.5944,1.3921
5.5949,1.3921
5.5954,1.3921
5.5959,1.3921
5.5965,1.3871
5.5970,1.3871
5.5975,1.3921
5.5980,1.3921
5.5986,1.3921
5.5991,1.3921
5.5996,1.3921
5.6001,1.3921
5.6006,1.3921
5.6012,1.3921
5.6017,1.3921
5.6022,1.3871
5.6027,1.3871
5.6033,1.3871
5.6038,1.3921
5.6043,1.3921
5.6048,1.3871
5.6054,1.3821
5.6059,1.3921
5.6064,1.3871
5.6069,1.3921
5.6075,1.3921
5.6080,1.3871
5.6085,1.3921
5.6090,1.3871
5.6095,1.3921
5.6101,1.3921
5.6106,1.3871
5.6111,1.3921
5.6116,1.3921
5.6122,1.3921
5.6127,1.3871
5.6132,1.3821
5.6137,1.3871
5.6143,1.3921
5.6148,1.3871
5.6153,1.3921
5.6158,1.3871
5.6164,1.3871
5.6169,1.3871
5.6174,1.3921
5.6179,1.3871
5.6184,1.3871
5.6190,1.3921
5.6195,1.3871
5.6200,1.3871
5.6205,1.3871
5.6211,1.3972
5.6216,1.3871
5.6221,1.3921
5.6226,1.3821
5.6232,1.3871
5.6237,1.3871
5.6242,1.3871
5.6247,1.3871
5.6253,1.3871
5.6258,1.3871
5.6263,1.3821
5.6268,1.3871
5.6274,1.3871
5.6279,1.3921
5.6284,1.3871
5.6289,1.3821
5.6295,1.3871
5.6300,1.3921
5.6305,1.3871
5.6310,1.3871
5.6316,1.3921
5.6321,1.3921
5.6326,1.3871
5.6331,1.3921
5.6337,1.3871
5.6342,1.3821
5.6347,1.3871
5.6352,1.3871
5.6357,1.3921
5.6363,1.3871
5.6368,1.3871
5.6373,1.3871
5.6378,1.3871
5.6384,1.3871
5.6389,1.3821
5.6394,1.3871
5.6399,1.3871
5.6405,1.3821
5.6410,1.3821
5.6415,1.3871
5.6420,1.3871
5.6425,1.3821
5.6431,1.3821
5.6436,1.3871
5.6441,1.3821
5.6446,1.3821
5.6452,1.3821
5.6457,1.3871
5.6462,1.3871
5.6467,1.3821
5.6473,1.3821
5.6478,1.3871
5.6483,1.3821
5.6488,1.3821
5.6494,1.3821
5.6499,1.3821
5.6504,1.3821
5.6509,1.3871
5.6514,1.3921
5.6520,1.3871
5.6525,1.3821
5.6530,1.3821
5.6535,1.3871
5.6541,1.3871
5.6546,1.3821
5.6551,1.3871
5.6556,1.3871
5.6562,1.3871
5.6567,1.3871
5.6572,1.3871
5.6577,1.3871
5.6583,1.3821
5.6588,1.3821
5.6593,1.3871
5.6598,1.3821
5.6603,1.3821
5.6609,1.3821
5.6614,1.3921
5.6619,1.3821
5.6624,1.3821
5.6630,1.3821
5.6635,1.3871
5.6640,1.3871
5.6645,1.3871
5.6651,1.3871
5.6656,1.3821
5.6661,1.3821
5.6666,1.3821
5.6672,1.3871
5.6677,1.3871
5.6682,1.3871
5.6687,1.3871
5.6692,1.3871
5.6698,1.3871
5.6703,1.3871
5.6708,1.3871
5.6713,1.3871
5.6719,1.3821
5.6724,1.3821
5.6729,1.3871
5.6734,1.3821
5.6740,1.3871
5.6745,1.3821
5.6750,1.3821
5.6755,1.3871
5.6761,1.3871
5.6766,1.3821
5.6771,1.3821
5.6776,1.3871
5.6781,1.3871
5.6787,1.3821
5.6792,1.3821
5.6797,1.3871
5.6802,1.3821
5.6808,1.3821
5.6813,1.3821
5.6818,1.3821
5.6823,1.3821
5.6829,1.3871
5.6834,1.3871
5.6839,1.3821
5.6844,1.3770
5.6849,1.3821
5.6855,1.3821
5.6860,1.3821
5.6865,1.3871
5.6870,1.3871
5.6876,1.3821
5.6881,1.3821
5.6886,1.3871
5.6891,1.3821
5.6897,1.3821
5.6902,1.3871
5.6907,1.3871
5.6912,1.3821
5.6918,1.3821
5.6923,1.3871
5.6928,1.3821
5.6933,1.3871
5.6939,1.3770
5.6944,1.3871
5.6950,1.3770
5.6955,1.3821
5.6960,1.3821
5.6966,1.3871
5.6972,1.3871
5.6977,1.3821
5.6983,1.3821
5.6988,1.3821
5.6994,1.3821
5.6999,1.3821
5.7005,1.3821
5.7010,1.3821
5.7016,1.3770
5.7021,1.3821
5.7027,1.3821
5.7032,1.3821
5.7038,1.3871
5.7043,1.3770
5.7049,1.3821
5.7054,1.3821
5.7060,1.3821
5.7065,1.3821
5.7071,1.3770
5.7076,1.3821
5.7082,1.3821
5.7087,1.3821
5.7093,1.3821
5.7098,1.3821
5.7104,1.3821
5.7109,1.3821
5.7115,1.3821
5.7120,1.3821
5.7126,1.3770
5.7131,1.3821
5.7137,1.3821
5.7142,1.3821
5.7148,1.3770
5.7153,1.3871
5.7159,1.3821
5.7164,1.3821
5.7170,1.3770
5.7175,1.3821
5.7181,1.3821
5.7186,1.3871
5.7192,1.3821
5.7197,1.3821
5.7203,1.3821
5.7208,1.3871
5.7214,1.3770
5.7219,1.3821
5.7225,1.3821
5.7230,1.3871
5.7236,1.3821
5.7241,1.3821
5.7247,1.3821
5.7252,1.3821
5.7258,1.3770
5.7263,1.3871
5.7269,1.3871
5.7274,1.3770
5.7280,1.3821
5.7285,1.3821
5.7291,1.3821
5.7296,1.3821
5.7302,1.3871
5.7307,1.3821
5.7313,1.3821
5.7318,1.3821
5.7324,1.3821
5.7330,1.3821
5.7335,1.3821
5.7341,1.3821
5.7346,1.3821
5.7352,1.3821
5.7357,1.3821
5.7363,1.3821
5.7368,1.3871
5.7374,1.3770
5.7379,1.3871
5.7385,1.3821
5.7390,1.3821
5.7396,1.3821
5.7401,1.3871
5.7407,1.3770
5.7412,1.3821
5.7418,1.3770
5.7423,1.3821
5.7429,1.3770
5.7434,1.3770
5.7440,1.3770
5.7445,1.3821
5.7451,1.3871
5.7456,1.3821
5.7462,1.3821
5.7467,1.3871
5.7473,1.3821
5.7478,1.3821
5.7484,1.3770
5.7489,1.3821
5.7495,1.3821
5.7500,1.3770
5.7506,1.3821
5.7511,1.3821
5.7517,1.3821
5.7522,1.3871
5.7528,1.3770
5.7534,1.3821
5.7539,1.3821
5.7545,1.3770
5.7550,1.3770
5.7556,1.3821
5.7561,1.3821
5.7567,1.3821
5.7572,1.3821
5.7578,1.3821
5.7583,1.3821
5.7589,1.3821
5.7594,1.3821
5.7600,1.3770
5.7605,1.3770
5.7611,1.3821
5.7616,1.3821
5.7622,1.3770
5.7627,1.3821
5.7633,1.3821
5.7638,1.3770
5.7644,1.3821
5.7649,1.3821
5.7655,1.3821
5.7660,1.3821
5.7666,1.3871
5.7671,1.3821
5.7677,1.3821
5.7682,1.3821
5.7688,1.3821
5.7693,1.3821
5.7698,1.3821
5.7704,1.3821
5.7709,1.3821
5.7715,1.3821
5.7720,1.3821
5.7726,1.3821
5.7731,1.3821
5.7737,1.3821
5.7742,1.3770
5.7748,1.3821
5.7753,1.3770
5.7759,1.3770
5.7764,1.3770
5.7770,1.3821
5.7775,1.3821
5.7781,1.3821
5.7786,1.3821
5.7792,1.3821
5.7797,1.3821
5.7803,1.3821
5.7808,1.3821
5.7814,1.3821
5.7819,1.3821
5.7825,1.3821
5.7830,1.3821
5.7836,1.3821
5.7841,1.3821
5.7847,1.3770
5.7852,1.3821
5.7858,1.3821
5.7863,1.3821
5.7869,1.3821
5.7874,1.3770
5.7880,1.3770
5.7885,1.3821
5.7891,1.3821
5.7896,1.3821
5.7902,1.3821
5.7907,1.3821
5.7913,1.3821
5.7918,1.3821
5.7924,1.3770
5.7929,1.3821
5.7935,1.3770
5.7940,1.3821
5.7946,1.3770
5.7951,1.3821
5.7957,1.3821
5.7963,1.3821
5.7968,1.3821
5.7974,1.3821
5.7979,1.3770
5.7985,1.3770
5.7990,1.3770
5.7996,1.3770
5.8001,1.3821
5.8007,1.3821
5.8012,1.3770
5.8018,1.3821
5.8023,1.3821
5.8029,1.3821
5.8034,1.3770
5.8040,1.3821
5.8045,1.3821
5.8051,1.3821
5.8056,1.3821
5.8062,1.3770
5.8067,1.3821
5.8073,1.3720
5.8078,1.3770
5.8084,1.3770
5.8089,1.3821
5.8095,1.3770
5.8100,1.3821
5.8106,1.3821
5.8111,1.3821
5.8117,1.3770
5.8122,1.3821
5.8128,1.3720
5.8133,1.3821
5.8139,1.3770
5.8144,1.3821
5.8150,1.3821
5.8155,1.3770
5.8161,1.3770
5.8166,1.3821
5.8172,1.3821
5.8177,1.3821
5.8183,1.3770
5.8188,1.3770
5.8194,1.3720
5.8199,1.3770
5.8205,1.3770
5.8210,1.3770
5.8216,1.3821
5.8221,1.3770
5.8227,1.3770
5.8232,1.3821
5.8238,1.3720
5.8243,1.3821
5.8249,1.3770
5.8254,1.3821
5.8260,1.3770
5.8265,1.3770
5.8271,1.3770
5.8276,1.3720
5.8282,1.3821
5.8287,1.3770
5.8293,1.3821
5.8299,1.3770
5.8304,1.3770
5.8310,1.3770
5.8315,1.3821
5.8321,1.3770
5.8326,1.3821
5.8332,1.3821
5.8337,1.3821
5.8343,1.3770
5.8348,1.3770
5.8354,1.3821
5.8359,1.3770
5.8365,1.3770
5.8370,1.3770
5.8376,1.3770
5.8381,1.3770
5.8387,1.3770
5.8392,1.3770
5.8398,1.3770
5.8403,1.3821
5.8409,1.3770
5.8414,1.3720
5.8420,1.3770
5.8425,1.3770
5.8431,1.3770
5.8436,1.3821
5.8442,1.3770
5.8447,1.3770
5.8453,1.3770
5.8458,1.3720
5.8464,1.3770
5.8469,1.3770
5.8475,1.3770
5.8480,1.3821
5.8486,1.3770
5.8491,1.3770
5.8497,1.3720
5.8502,1.3821
5.8508,1.3720
5.8513,1.3770
5.8519,1.3770
5.8524,1.3770
5.8530,1.3770
5.8535,1.3720
5.8541,1.3720
5.8546,1.3770
5.8552,1.3770
5.8557,1.3770
5.8563,1.3770
5.8568,1.3770
5.8574,1.3770
5.8579,1.3770
5.8585,1.3821
5.8590,1.3770
5.8596,1.3770
5.8601,1.3770
5.8607,1.3770
5.8612,1.3770
5.8618,1.3770
5.8623,1.3770
5.8629,1.3770
5.8634,1.3770
5.8640,1.3770
5.8646,1.3770
5.8651,1.3770
5.8657,1.3720
5.8662,1.3770
5.8668,1.3770
5.8673,1.3770
5.8679,1.3770
5.8684,1.3720
5.8690,1.3770
5.8695,1.3720
5.8701,1.3720
5.8706,1.3770
5.8712,1.3770
5.8717,1.3770
5.8723,1.3720
5.8728,1.3770
5.8734,1.3770
5.8739,1.3720
5.8745,1.3770
5.8750,1.3720
5.8756,1.3770
5.8761,1.3770
5.8767,1.3720
5.8772,1.3770
5.8778,1.3770
5.8783,1.3720
5.8789,1.3821
5.8794,1.3821
5.8800,1.3770
5.8805,1.3770
5.8811,1.3770
5.8816,1.3720
5.8822,1.3770
5.8827,1.3770
5.8833,1.3720
5.8838,1.3770
5.8844,1.3770
5.8849,1.3720
5.8855,1.3770
5.8860,1.3770
5.8866,1.3720
5.8871,1.3720
5.8877,1.3770
5.8882,1.3720
5.8888,1.3770
5.8893,1.3770
5.8899,1.3770
5.8904,1.3770
5.8910,1.3720
5.8915,1.3770
5.8921,1.3720
5.8926,1.3770
5.8932,1.3770
5.8937,1.3770
5.8943,1.3770
5.8948,1.3770
5.8954,1.3720
5.8959,1.3770
5.8965,1.3770
5.8971,1.3720
5.8976,1.3770
5.8982,1.3720
5.8987,1.3720
5.8993,1.3770
5.8998,1.3720
5.9004,1.3770
5.9009,1.3720
5.9015,1.3720
5.9020,1.3720
5.9026,1.3770
5.9031,1.3720
5.9037,1.3770
5.9043,1.3770
5.9048,1.3770
5.9054,1.3770
5.9059,1.3770
5.9065,1.3770
5.9070,1.3720
5.9076,1.3720
5.9081,1.3720
5.9087,1.3720
5.9092,1.3720
5.9098,1.3720
5.9103,1.3720
5.9109,1.3669
5.9114,1.3720
5.9120,1.3770
5.9125,1.3770
5.9131,1.3720
5.9136,1.3720
5.9142,1.3720
5.9147,1.3770
5.9153,1.3720
5.9158,1.3770
5.9164,1.3720
5.9169,1.3720
5.9175,1.3720
5.9180,1.3770
5.9186,1.3720
5.9191,1.3770
5.9197,1.3720
5.9202,1.3770
5.9208,1.3720
5.9213,1.3770
5.9219,1.3720
5.9224,1.3720
5.9230,1.3720
5.9235,1.3720
5.9241,1.3720
5.9246,1.3770
5.9252,1.3770
5.9257,1.3720
5.9263,1.3770
5.9268,1.3770
5.9274,1.3720
5.9279,1.3720
5.9285,1.3720
5.9290,1.3720
5.9296,1.3720
5.9301,1.3770
5.9307,1.3720
5.9312,1.3770
5.9318,1.3770
5.9323,1.3669
5.9329,1.3770
5.9335,1.3669
5.9340,1.3720
5.9346,1.3720
5.9351,1.3720
5.9357,1.3720
5.9362,1.3669
5.9368,1.3720
5.9373,1.3720
5.9379,1.3720
5.9384,1.3720
5.9390,1.3770
5.9395,1.3770
5.9401,1.3720
5.9406,1.3720
5.9412,1.3770
5.9417,1.3720
5.9423,1.3720
5.9428,1.3720
5.9434,1.3720
5.9439,1.3669
5.9445,1.3720
5.9450,1.3720
5.9456,1.3720
5.9461,1.3770
5.9467,1.3720
5.9472,1.3720
5.9478,1.3770
5.9483,1.3669
5.9489,1.3770
5.9494,1.3720
5.9500,1.3720
5.9505,1.3720
5.9511,1.3720
5.9516,1.3720
5.9522,1.3720
5.9527,1.3669
5.9533,1.3720
5.9538,1.3770
5.9544,1.3669
5.9549,1.3669
5.9555,1.3720
5.9560,1.3669
5.9566,1.3720
5.9571,1.3720
5.9577,1.3720
5.9582,1.3720
5.9588,1.3720
5.9593,1.3720
5.9599,1.3669
5.9604,1.3720
5.9610,1.3720
5.9615,1.3720
5.9621,1.3720
5.9626,1.3669
5.9632,1.3720
5.9637,1.3669
5.9643,1.3720
5.9648,1.3720
5.9654,1.3720
5.9659,1.3720
5.9665,1.3720
5.9670,1.3720
5.9676,1.3720
5.9681,1.3720
5.9687,1.3720
5.9692,1.3720
5.9698,1.3720
5.9703,1.3669
5.9709,1.3720
5.9714,1.3720
5.9720,1.3669
5.9725,1.3720
5.9731,1.3720
5.9736,1.3720
5.9742,1.3720
5.9747,1.3720
5.9753,1.3669
5.9758,1.3669
5.9764,1.3770
5.9769,1.3720
5.9775,1.3720
5.9780,1.3770
5.9786,1.3720
5.9792,1.3720
5.9797,1.3720
5.9803,1.3720
5.9808,1.3720
5.9814,1.3720
5.9819,1.3720
5.9825,1.3720
5.9830,1.3720
5.9836,1.3720
5.9841,1.3720
5.9847,1.3720
5.9852,1.3720
5.9858,1.3720
5.9863,1.3720
5.9869,1.3669
5.9874,1.3770
5.9880,1.3720
5.9885,1.3720
5.9891,1.3770
5.9896,1.3720
5.9902,1.3720
5.9907,1.3770
5.9913,1.3770
5.9918,1.3720
5.9924,1.3720
5.9929,1.3720
5.9935,1.3720
5.9940,1.3720
5.9946,1.3720
5.9951,1.3720
5.9957,1.3770
5.9962,1.3720
5.9968,1.3720
5.9973,1.3720
5.9979,1.3720
5.9984,1.3720
5.9990,1.3770
5.9995,1.3770
6.0001,1.3720
6.0006,1.3770
6.0012,1.3770
6.0017,1.3770
6.0023,1.3720
6.0028,1.3720
6.0034,1.3720
6.0040,1.3770
6.0045,1.3770
6.0051,1.3770
6.0056,1.3770
6.0062,1.3770
6.0067,1.3770
6.0073,1.3770
6.0078,1.3720
6.0084,1.3720
6.0089,1.3770
6.0095,1.3770
6.0100,1.3770
6.0106,1.3821
6.0112,1.3821
6.0118,1.3821
6.0124,1.3821
6.0129,1.3821
6.0135,1.3770
6.0141,1.3821
6.0147,1.3821
6.0153,1.3821
6.0158,1.3821
6.0164,1.3821
6.0169,1.3821
6.0175,1.3871
6.0181,1.3821
6.0186,1.3821
6.0192,1.3871
6.0197,1.3770
6.0203,1.3770
6.0208,1.3770
6.0214,1.3821
6.0220,1.3821
6.0225,1.3871
6.0231,1.3770
6.0236,1.3821
6.0242,1.3821
6.0248,1.3821
6.0253,1.3871
6.0259,1.3821
6.0264,1.3821
6.0270,1.3821
6.0275,1.3821
6.0281,1.3871
6.0286,1.3770
6.0292,1.3821
6.0298,1.3821
6.0304,1.3871
6.0314,1.3871
6.0319,1.3770
6.0325,1.3871
6.0331,1.3871
6.0337,1.3871
6.0342,1.3871
6.0348,1.3871
6.0353,1.3871
6.0359,1.3871
6.0365,1.3871
6.0370,1.3821
6.0376,1.3871
6.0381,1.3871
6.0387,1.3871
6.0393,1.3871
6.0398,1.3871
6.0404,1.3871
6.0410,1.3871
6.0415,1.3921
6.0421,1.3871
6.0426,1.3871
6.0432,1.3871
6.0437,1.3871
6.0443,1.3871
6.0448,1.3871
6.0454,1.3871
6.0459,1.3871
6.0465,1.3821
6.0470,1.3821
6.0476,1.3871
6.0481,1.3871
6.0487,1.3871
6.0492,1.3871
6.0498,1.3871
6.0503,1.3871
6.0509,1.3821
6.0514,1.3871
6.0520,1.3871
6.0525,1.3871
6.0531,1.3921
6.0536,1.3871
6.0542,1.3871
6.0548,1.3921
6.0553,1.3921
6.0559,1.3871
6.0564,1.3871
6.0570,1.3871
6.0575,1.3871
6.0581,1.3871
6.0586,1.3921
6.0592,1.3921
6.0597,1.3871
6.0603,1.3871
6.0608,1.3921
6.0614,1.3921
6.0619,1.3921
6.0625,1.3871
6.0630,1.3921
6.0636,1.3871
6.0641,1.3921
6.0647,1.3921
6.0652,1.3871
6.0658,1.3921
6.0663,1.3921
6.0669,1.3921
6.0674,1.3921
6.0680,1.3871
6.0685,1.3871
6.0691,1.3871
6.0696,1.3921
6.0702,1.3921
6.0707,1.3921
6.0713,1.3921
6.0718,1.3871
6.0724,1.3921
6.0729,1.3921
6.0735,1.3921
6.0740,1.3921
6.0746,1.3921
6.0751,1.3972
6.0757,1.3921
6.0762,1.3921
6.0768,1.3921
6.0773,1.3972
6.0779,1.3921
6.0784,1.3871
6.0790,1.3921
6.0795,1.3921
6.0801,1.3921
6.0806,1.3972
6.0812,1.3921
6.0817,1.3972
6.0823,1.3871
6.0828,1.3921
6.0834,1.3921
6.0839,1.3921
6.0845,1.3921
6.0850,1.3921
6.0856,1.3972
6.0861,1.3921
6.0867,1.3921
6.0872,1.3921
6.0878,1.3921
6.0883,1.3921
6.0889,1.3921
6.0894,1.3871
6.0900,1.3921
6.0905,1.3921
6.0911,1.3921
6.0916,1.3921
6.0922,1.3972
6.0927,1.3921
6.0933,1.3921
6.0938,1.3972
6.0944,1.3921
6.0949,1.3921
6.0955,1.3972
6.0960,1.3871
6.0966,1.3921
6.0971,1.3921
6.0978,1.3921
6.0984,1.3972
6.0989,1.3871
6.0995,1.3972
6.1000,1.3972
6.1006,1.3972
6.1011,1.3921
6.1017,1.3921
6.1022,1.3921
6.1028,1.3972
6.1033,1.3871
6.1039,1.3921
6.1044,1.3921
6.1049,1.3871
6.1055,1.3921
6.1060,1.3972
6.1066,1.3921
6.1071,1.3921
6.1077,1.3921
6.1082,1.3921
6.1087,1.3921
6.1093,1.3921
6.1098,1.3921
6.1104,1.3921
6.1109,1.3921
6.1115,1.3921
6.1120,1.3921
6.1126,1.3921
6.1131,1.3921
6.1137,1.3921
6.1142,1.3921
6.1148,1.3972
6.1153,1.3871
6.1158,1.3921
6.1164,1.3972
6.1169,1.3921
6.1175,1.3921
6.1180,1.3972
6.1186,1.3921
6.1191,1.3871
6.1197,1.3921
6.1202,1.3921
6.1208,1.3972
6.1213,1.3871
6.1219,1.3921
6.1225,1.3972
6.1231,1.3921
6.1236,1.3921
6.1242,1.3972
6.1248,1.3921
6.1253,1.3921
6.1259,1.3921
6.1265,1.3921
6.1270,1.3921
6.1276,1.3921
6.1282,1.3921
6.1288,1.3921
6.1293,1.3921
6.1299,1.3972
6.1305,1.3972
6.1310,1.3921
6.1316,1.3921
6.1321,1.3921
6.1327,1.3921
6.1332,1.3921
6.1338,1.3972
6.1343,1.3921
6.1349,1.3921
6.1354,1.3921
6.1359,1.3921
6.1365,1.3921
6.1370,1.3921
6.1376,1.3921
6.1381,1.3972
6.1387,1.3972
6.1392,1.3921
6.1398,1.3921
6.1403,1.3921
6.1409,1.3921
6.1414,1.3921
6.1420,1.3921
6.1425,1.3921
6.1431,1.3921
6.1436,1.3921
6.1441,1.3921
6.1447,1.3921
6.1452,1.3921
6.1458,1.3921
6.1463,1.3921
6.1469,1.3972
6.1474,1.3921
6.1480,1.3871
6.1485,1.3921
6.1490,1.3972
6.1496,1.3972
6.1501,1.3921
6.1507,1.3921
6.1512,1.3921
6.1518,1.3871
6.1523,1.3921
6.1529,1.3921
6.1534,1.3921
6.1539,1.3871
6.1545,1.3921
6.1551,1.3972
6.1556,1.3921
6.1561,1.3972
6.1567,1.3921
6.1572,1.3921
6.1578,1.3921
6.1583,1.3972
6.1589,1.3921
6.1594,1.3972
6.1600,1.3921
6.1605,1.3871
6.1610,1.3921
6.1616,1.3921
6.1621,1.3921
6.1627,1.3921
6.1632,1.3921
6.1638,1.3921
6.1643,1.3871
6.1649,1.3921
6.1654,1.3921
6.1659,1.3921
6.1665,1.3871
6.1670,1.3972
6.1676,1.3921
6.1681,1.3921
6.1687,1.3921
6.1692,1.3972
6.1698,1.3921
6.1703,1.3871
6.1708,1.3921
6.1714,1.3871
6.1719,1.3921
6.1725,1.3921
6.1730,1.3921
6.1736,1.3871
6.1741,1.3921
6.1746,1.3921
6.1752,1.3921
6.1757,1.3921
6.1763,1.3921
6.1768,1.3972
6.1774,1.3921
6.1779,1.3921
6.1785,1.3921
6.1790,1.3921
6.1795,1.3871
6.1801,1.3921
6.1807,1.3921
6.1812,1.3921
6.1818,1.3921
6.1823,1.3972
6.1828,1.3921
6.1834,1.3921
6.1839,1.3871
6.1845,1.3921
6.1850,1.3871
6.1856,1.3921
6.1861,1.3972
6.1866,1.3921
6.1872,1.3871
6.1877,1.3921
6.1883,1.3921
6.1888,1.3871
6.1894,1.3921
6.1899,1.3921
6.1905,1.3921
6.1910,1.3871
6.1915,1.3871
6.1921,1.3871
6.1926,1.3871
6.1932,1.3871
6.1937,1.3921
6.1943,1.3921
6.1948,1.3871
6.1953,1.3871
6.1959,1.3871
6.1964,1.3871
6.1970,1.3871
6.1975,1.3921
6.1981,1.3871
6.1987,1.3821
6.1993,1.3921
6.1998,1.3921
6.2004,1.3921
6.2009,1.3921
6.2015,1.3921
6.2020,1.3921
6.2026,1.3871
6.2031,1.3871
6.2037,1.3871
6.2042,1.3921
6.2048,1.3821
6.2053,1.3921
6.2059,1.3871
6.2064,1.3921
6.2070,1.3871
6.2075,1.3871
6.2081,1.3871
6.2086,1.3871
6.2092,1.3871
6.2097,1.3921
6.2103,1.3921
6.2108,1.3921
6.2114,1.3871
6.2119,1.3821
6.2125,1.3871
6.2130,1.3871
6.2136,1.3821
6.2141,1.3871
6.2147,1.3921
6.2152,1.3921
6.2158,1.3871
6.2163,1.3871
6.2169,1.3871
6.2174,1.3921
6.2180,1.3871
6.2185,1.3871
6.2191,1.3921
6.2196,1.3871
6.2202,1.3871
6.2207,1.3921
6.2213,1.3871
6.2218,1.3821
6.2224,1.3871
6.2229,1.3871
6.2235,1.3871
6.2240,1.3921
6.2246,1.3871
6.2251,1.3871
6.2257,1.3921
6.2262,1.3871
6.2268,1.3871
6.2273,1.3821
6.2279,1.3871
6.2284,1.3871
6.2290,1.3871
6.2295,1.3921
6.2301,1.3871
6.2306,1.3871
6.2312,1.3871
6.2317,1.3871
6.2323,1.3921
6.2328,1.3821
6.2334,1.3871
6.2339,1.3871
6.2345,1.3871
6.2350,1.3871
6.2356,1.3871
6.2361,1.3871
6.2367,1.3871
6.2372,1.3871
6.2378,1.3871
6.2383,1.3921
6.2389,1.3821
6.2394,1.3871
6.2400,1.3871
6.2405,1.3871
6.2411,1.3871
6.2416,1.3821
6.2422,1.3871
6.2427,1.3871
6.2433,1.3821
6.2438,1.3871
6.2444,1.3871
6.2449,1.3821
6.2455,1.3821
6.2460,1.3821
6.2466,1.3871
6.2471,1.3821
6.2477,1.3871
6.2482,1.3921
6.2488,1.3871
6.2493,1.3871
6.2499,1.3871
6.2505,1.3871
6.2510,1.3871
6.2516,1.3921
6.2521,1.3871
6.2527,1.3871
6.2532,1.3871
6.2538,1.3821
6.2543,1.3871
6.2549,1.3770
6.2554,1.3871
6.2560,1.3821
6.2565,1.3871
6.2571,1.3871
6.2576,1.3871
6.2582,1.3871
6.2587,1.3871
6.2593,1.3821
6.2598,1.3871
6.2604,1.3821
6.2609,1.3871
6.2615,1.3871
6.2620,1.3871
6.2626,1.3871
6.2631,1.3921
6.2637,1.3821
6.2642,1.3871
6.2648,1.3871
6.2653,1.3821
6.2659,1.3821
6.2664,1.3871
6.2670,1.3821
6.2675,1.3821
6.2681,1.3821
6.2686,1.3871
6.2692,1.3871
6.2697,1.3871
6.2703,1.3871
6.2708,1.3770
6.2714,1.3871
6.2719,1.3770
6.2725,1.3821
6.2730,1.3871
6.2736,1.3871
6.2741,1.3871
6.2747,1.3821
6.2752,1.3821
6.2758,1.3871
6.2763,1.3821
6.2769,1.3821
6.2774,1.3871
6.2780,1.3871
6.2785,1.3871
6.2791,1.3821
6.2796,1.3871
6.2801,1.3821
6.2807,1.3821
6.2812,1.3821
6.2818,1.3821
6.2823,1.3821
6.2829,1.3770
6.2835,1.3821
6.2840,1.3821
6.2846,1.3821
6.2851,1.3821
6.2857,1.3821
6.2862,1.3871
6.2868,1.3871
6.2874,1.3821
6.2879,1.3871
6.2885,1.3871
6.2890,1.3871
6.2896,1.3821
6.2901,1.3821
6.2907,1.3821
6.2912,1.3821
6.2918,1.3871
6.2923,1.3770
6.2929,1.3871
6.2934,1.3871
6.2940,1.3871
6.2945,1.3821
6.2951,1.3821
6.2956,1.3821
6.2962,1.3821
6.2967,1.3871
6.2973,1.3821
6.2978,1.3821
6.2984,1.3871
6.2990,1.3821
6.2995,1.3821
6.3001,1.3821
6.3006,1.3821
6.3012,1.3821
6.3017,1.3871
6.3023,1.3821
6.3028,1.3871
6.3034,1.3871
6.3039,1.3821
6.3045,1.3871
6.3050,1.3821
6.3056,1.3770
6.3061,1.3821
6.3067,1.3770
6.3072,1.3821
6.3078,1.3821
6.3083,1.3871
6.3089,1.3821
6.3094,1.3821
6.3100,1.3821
6.3105,1.3821
6.3111,1.3871
6.3116,1.3821
6.3122,1.3871
6.3127,1.3821
6.3133,1.3821
6.3138,1.3821
6.3144,1.3871
6.3149,1.3821
6.3155,1.3821
6.3160,1.3821
6.3166,1.3871
6.3171,1.3821
6.3177,1.3821
6.3182,1.3821
6.3188,1.3821
6.3193,1.3871
6.3199,1.3871
6.3204,1.3821
6.3210,1.3871
6.3216,1.3871
6.3221,1.3871
6.3227,1.3821
6.3232,1.3871
6.3238,1.3871
6.3243,1.3770
6.3249,1.3871
6.3254,1.3821
6.3260,1.3821
6.3265,1.3821
6.3271,1.3821
6.3276,1.3821
6.3282,1.3821
6.3287,1.3871
6.3293,1.3871
6.3298,1.3821
6.3304,1.3821
6.3309,1.3821
6.3315,1.3821
6.3320,1.3821
6.3326,1.3821
6.3331,1.3871
6.3337,1.3871
6.3342,1.3770
6.3348,1.3821
6.3353,1.3871
6.3359,1.3821
6.3364,1.3821
6.3370,1.3871
6.3375,1.3871
6.3381,1.3821
6.3386,1.3821
6.3392,1.3821
6.3397,1.3821
6.3403,1.3821
6.3408,1.3821
6.3414,1.3871
6.3419,1.3821
6.3425,1.3871
6.3430,1.3821
6.3436,1.3821
6.3441,1.3871
6.3447,1.3871
6.3452,1.3821
6.3458,1.3871
6.3463,1.3821
6.3469,1.3821
6.3474,1.3770
6.3480,1.3821
6.3485,1.3821
6.3491,1.3821
6.3496,1.3871
6.3502,1.3871
6.3507,1.3770
6.3513,1.3821
6.3518,1.3821
6.3524,1.3871
6.3529,1.3821
6.3535,1.3821
6.3540,1.3821
6.3546,1.3821
6.3551,1.3821
6.3557,1.3821
6.3562,1.3821
6.3568,1.3871
6.3573,1.3821
6.3579,1.3871
6.3584,1.3821
6.3590,1.3871
6.3595,1.3821
6.3601,1.3821
6.3606,1.3821
6.3612,1.3821
6.3617,1.3770
6.3623,1.3821
6.3628,1.3821
6.3634,1.3821
6.3639,1.3770
6.3645,1.3770
6.3650,1.3821
6.3656,1.3821
6.3661,1.3821
6.3667,1.3770
6.3672,1.3871
6.3678,1.3871
6.3683,1.3871
6.3689,1.3821
6.3694,1.3821
6.3700,1.3821
6.3705,1.3821
6.3711,1.3821
6.3716,1.3871
6.3722,1.3821
6.3727,1.3821
6.3733,1.3821
6.3738,1.3821
6.3744,1.3770
6.3749,1.3821
6.3755,1.3821
6.3760,1.3821
6.3766,1.3821
6.3771,1.3770
6.3777,1.3821
6.3782,1.3821
6.3788,1.3821
6.3793,1.3821
6.3799,1.3821
6.3804,1.3770
6.3810,1.3821
6.3815,1.3821
6.3821,1.3821
6.3826,1.3821
6.3832,1.3821
6.3837,1.3871
6.3843,1.3821
6.3848,1.3821
6.3854,1.3770
6.3859,1.3821
6.3865,1.3770
6.3870,1.3821
6.3876,1.3821
6.3881,1.3821
6.3887,1.3770
6.3893,1.3770
6.3898,1.3871
6.3904,1.3821
6.3909,1.3871
6.3915,1.3821
6.3920,1.3871
6.3926,1.3821
6.3931,1.3821
6.3937,1.3821
6.3942,1.3821
6.3948,1.3821
6.3953,1.3821
6.3959,1.3871
6.3964,1.3770
6.3970,1.3821
6.3975,1.3821
6.3981,1.3770
6.3986,1.3821
6.3992,1.3770
6.3998,1.3770
6.4003,1.3770
6.4009,1.3770
6.4014,1.3770
6.4020,1.3821
6.4025,1.3821
6.4031,1.3821
6.4036,1.3821
6.4042,1.3770
6.4047,1.3770
6.4053,1.3821
6.4058,1.3770
6.4064,1.3821
6.4069,1.3821
6.4075,1.3821
6.4080,1.3770
6.4086,1.3821
6.4091,1.3821
6.4097,1.3821
6.4102,1.3770
6.4108,1.3821
6.4113,1.3821
6.4119,1.3821
6.4124,1.3821
6.4130,1.3821
6.4135,1.3821
6.4141,1.3720
6.4146,1.3821
6.4152,1.3770
6.4157,1.3821
6.4163,1.3770
6.4168,1.3770
6.4174,1.3770
6.4179,1.3770
6.4185,1.3770
6.4190,1.3770
6.4196,1.3770
6.4201,1.3770
6.4207,1.3821
6.4212,1.3821
6.4218,1.3821
6.4223,1.3770
6.4229,1.3770
6.4234,1.3821
6.4240,1.3770
6.4245,1.3770
6.4251,1.3770
6.4256,1.3821
6.4262,1.3770
6.4267,1.3821
6.4273,1.3821
6.4278,1.3821
6.4284,1.3821
6.4289,1.3770
6.4295,1.3821
6.4300,1.3770
6.4306,1.3821
6.4311,1.3770
6.4317,1.3821
6.4322,1.3821
6.4328,1.3770
6.4333,1.3821
6.4339,1.3821
6.4345,1.3821
6.4350,1.3821
6.4356,1.3770
6.4361,1.3770
6.4367,1.3821
6.4372,1.3821
6.4378,1.3770
6.4383,1.3821
6.4389,1.3821
6.4394,1.3770
6.4400,1.3770
6.4405,1.3720
6.4411,1.3821
6.4416,1.3770
6.4422,1.3821
6.4427,1.3770
6.4433,1.3821
6.4438,1.3770
6.4444,1.3770
6.4449,1.3770
6.4455,1.3821
6.4460,1.3770
6.4466,1.3770
6.4471,1.3770
6.4477,1.3821
6.4482,1.3770
6.4488,1.3770
6.4493,1.3770
6.4499,1.3821
6.4504,1.3770
6.4510,1.3821
6.4515,1.3821
6.4521,1.3770
6.4526,1.3770
6.4532,1.3720
6.4537,1.3770
6.4543,1.3720
6.4548,1.3821
6.4554,1.3770
6.4559,1.3770
6.4565,1.3770
6.4570,1.3770
6.4576,1.3720
6.4581,1.3770
6.4587,1.3720
6.4592,1.3821
6.4598,1.3770
6.4603,1.3770
6.4609,1.3770
6.4614,1.3770
6.4620,1.3821
6.4625,1.3770
6.4631,1.3821
6.4636,1.3821
6.4642,1.3770
6.4647,1.3770
6.4653,1.3770
6.4658,1.3720
6.4664,1.3770
6.4669,1.3770
6.4675,1.3821
6.4680,1.3720
6.4686,1.3821
6.4691,1.3720
6.4697,1.3821
6.4702,1.3770
6.4708,1.3770
6.4713,1.3720
6.4719,1.3770
6.4724,1.3770
6.4730,1.3720
6.4735,1.3770
6.4741,1.3770
6.4747,1.3770
6.4752,1.3770
6.4758,1.3770
6.4763,1.3770
6.4769,1.3770
6.4774,1.3720
6.4780,1.3770
6.4785,1.3770
6.4791,1.3770
6.4796,1.3770
6.4802,1.3770
6.4807,1.3770
6.4813,1.3770
6.4818,1.3770
6.4824,1.3720
6.4829,1.3720
6.4835,1.3770
6.4840,1.3720
6.4846,1.3770
6.4851,1.3770
6.4857,1.3770
6.4862,1.3720
6.4868,1.3770
6.4873,1.3720
6.4879,1.3770
6.4884,1.3770
6.4890,1.3770
6.4895,1.3770
6.4901,1.3720
6.4906,1.3770
6.4912,1.3770
6.4917,1.3770
6.4923,1.3720
6.4928,1.3770
6.4934,1.3720
6.4939,1.3720
6.4945,1.3770
6.4950,1.3770
6.4956,1.3720
6.4961,1.3821
6.4967,1.3770
6.4972,1.3720
6.4978,1.3720
6.4983,1.3770
6.4989,1.3821
6.4994,1.3720
6.5000,1.3720
6.5006,1.3770
6.5011,1.3770
6.5017,1.3720
6.5022,1.3770
6.5028,1.3720
6.5033,1.3770
6.5039,1.3720
6.5044,1.3770
6.5050,1.3770
6.5055,1.3770
6.5061,1.3720
6.5066,1.3770
6.5073,1.3770
6.5079,1.3720
6.5088,1.3720
6.5094,1.3720
6.5100,1.3770
6.5106,1.3720
6.5112,1.3720
6.5118,1.3720
6.5124,1.3770
6.5130,1.3720
6.5136,1.3720
6.5142,1.3720
6.5148,1.3720
6.5153,1.3770
6.5159,1.3720
6.5166,1.3770
6.5171,1.3720
6.5177,1.3720
6.5182,1.3770
6.5188,1.3770
6.5194,1.3720
6.5199,1.3770
6.5205,1.3770
6.5211,1.3720
6.5217,1.3770
6.5223,1.3720
6.5229,1.3770
6.5235,1.3720
6.5240,1.3770
6.5246,1.3720
6.5251,1.3720
6.5257,1.3770
6.5262,1.3720
6.5268,1.3720
6.5273,1.3720
6.5279,1.3720
6.5284,1.3720
6.5290,1.3770
6.5295,1.3720
6.5301,1.3720
6.5306,1.3720
6.5313,1.3720
6.5318,1.3770
6.5324,1.3770
6.5330,1.3720
6.5336,1.3669
6.5342,1.3720
6.5348,1.3770
6.5354,1.3770
6.5360,1.3720
6.5369,1.3770
6.5374,1.3720
6.5380,1.3720
6.5393,1.3720
6.5399,1.3720
6.5405,1.3720
6.5410,1.3720
6.5416,1.3720
6.5421,1.3720
6.5427,1.3720
6.5432,1.3720
6.5438,1.3720
6.5443,1.3720
6.5449,1.3720
6.5454,1.3720
6.5460,1.3720
6.5465,1.3720
6.5471,1.3720
6.5476,1.3720
6.5482,1.3720
6.5487,1.3770
6.5493,1.3720
6.5498,1.3720
6.5503,1.3720
6.5509,1.3770
6.5514,1.3720
6.5520,1.3720
6.5525,1.3720
6.5531,1.3720
6.5536,1.3720
6.5542,1.3669
6.5547,1.3770
6.5553,1.3720
6.5558,1.3720
6.5564,1.3669
6.5569,1.3720
6.5575,1.3720
6.5580,1.3720
6.5586,1.3720
6.5591,1.3720
6.5597,1.3720
6.5602,1.3720
6.5608,1.3669
6.5613,1.3770
6.5618,1.3720
6.5624,1.3770
6.5629,1.3669
6.5635,1.3720
6.5641,1.3720
6.5646,1.3720
6.5652,1.3720
6.5657,1.3720
6.5662,1.3720
6.5668,1.3720
6.5673,1.3770
6.5679,1.3720
6.5684,1.3720
6.5690,1.3669
6.5695,1.3720
6.5701,1.3720
6.5706,1.3720
6.5712,1.3720
6.5717,1.3720
6.5723,1.3770
6.5728,1.3720
6.5733,1.3720
6.5739,1.3770
6.5744,1.3720
6.5750,1.3770
6.5755,1.3720
6.5761,1.3720
6.5766,1.3720
6.5772,1.3770
6.5777,1.3720
6.5783,1.3770
6.5788,1.3770
6.5793,1.3770
6.5799,1.3720
6.5804,1.3720
6.5810,1.3720
6.5815,1.3720
6.5821,1.3770
6.5826,1.3720
6.5832,1.3770
6.5837,1.3720
6.5843,1.3770
6.5848,1.3720
6.5854,1.3770
6.5859,1.3770
6.5864,1.3720
6.5870,1.3720
6.5875,1.3770
6.5881,1.3770
6.5886,1.3720
6.5892,1.3770
6.5897,1.3770
6.5903,1.3770
6.5908,1.3770
6.5914,1.3720
6.5919,1.3770
6.5925,1.3821
6.5930,1.3720
6.5935,1.3770
6.5941,1.3821
6.5946,1.3770
6.5952,1.3770
6.5957,1.3770
6.5963,1.3770
6.5968,1.3821
6.5974,1.3770
6.5979,1.3770
6.5985,1.3821
6.5990,1.3821
6.5995,1.3821
6.6001,1.3821
6.6008,1.3770
6.6013,1.3821
6.6019,1.3821
6.6024,1.3770
6.6030,1.3770
6.6035,1.3770
6.6040,1.3770
6.6046,1.3871
6.6051,1.3821
6.6056,1.3770
6.6062,1.3821
6.6067,1.3821
6.6073,1.3821
6.6078,1.3821
6.6083,1.3821
6.6089,1.3720
6.6094,1.3770
6.6099,1.3821
6.6105,1.3821
6.6110,1.3821
6.6115,1.3821
6.6121,1.3871
6.6126,1.3821
6.6131,1.3821
6.6137,1.3821
6.6142,1.3821
6.6148,1.3871
6.6153,1.3821
6.6158,1.3871
6.6164,1.3871
6.6169,1.3821
6.6175,1.3871
6.6180,1.3821
6.6185,1.3821
6.6191,1.3871
6.6196,1.3871
6.6202,1.3871
6.6207,1.3821
6.6212,1.3871
6.6218,1.3871
6.6223,1.3871
6.6229,1.3871
6.6234,1.3871
6.6239,1.3821
6.6245,1.3871
6.6250,1.3921
6.6256,1.3871
6.6261,1.3871
6.6266,1.3921
6.6272,1.3921
6.6277,1.3871
6.6283,1.3921
6.6288,1.3871
6.6293,1.3871
6.6299,1.3871
6.6304,1.3921
6.6310,1.3921
6.6315,1.3871
6.6320,1.3921
6.6326,1.3921
6.6331,1.3871
6.6336,1.3871
6.6342,1.3871
6.6347,1.3921
6.6353,1.3871
6.6358,1.3871
6.6363,1.3921
6.6369,1.3821
6.6374,1.3871
6.6379,1.3821
6.6385,1.3921
6.6390,1.3921
6.6395,1.3921
6.6401,1.3871
6.6406,1.3871
6.6411,1.3921
6.6417,1.3921
6.6422,1.3921
6.6428,1.3871
6.6433,1.3921
6.6438,1.3921
6.6444,1.3921
6.6450,1.3921
6.6455,1.3921
6.6460,1.3921
6.6466,1.3871
6.6471,1.3921
6.6477,1.3871
6.6482,1.3921
6.6487,1.3921
6.6493,1.3871
6.6498,1.3921
6.6504,1.3921
6.6509,1.3921
6.6514,1.3921
6.6520,1.3921
6.6525,1.3871
6.6531,1.3921
6.6536,1.3921
6.6541,1.3921
6.6547,1.3871
6.6552,1.3871
6.6558,1.3921
6.6563,1.3871
6.6568,1.3921
6.6574,1.3921
6.6579,1.3921
6.6585,1.3921
6.6590,1.3921
6.6595,1.3921
6.6601,1.3871
6.6606,1.3921
6.6611,1.3921
6.6617,1.3871
6.6622,1.3921
6.6628,1.3972
6.6633,1.3972
6.6643,1.3921
6.6648,1.3972
6.6654,1.3921
6.6659,1.3921
6.6664,1.3972
6.6670,1.3921
6.6675,1.3921
6.6681,1.3972
6.6686,1.3921
6.6691,1.3921
6.6697,1.3871
6.6702,1.3972
6.6708,1.3871
6.6713,1.3921
6.6718,1.3921
6.6724,1.3972
6.6729,1.3921
6.6735,1.3972
6.6740,1.3921
6.6745,1.3921
6.6751,1.3921
6.6756,1.3972
6.6762,1.3921
6.6767,1.3871
6.6772,1.3921
6.6778,1.3921
6.6783,1.3921
6.6789,1.3921
6.6794,1.3972
6.6799,1.3972
6.6805,1.3921
6.6810,1.3972
6.6815,1.3972
6.6821,1.3972
6.6826,1.3972
6.6832,1.3972
6.6837,1.3921
6.6842,1.3972
6.6848,1.3972
6.6853,1.3972
6.6859,1.3972
6.6864,1.3921
6.6869,1.3972
6.6875,1.3921
6.6880,1.3921
6.6885,1.3972
6.6891,1.3921
6.6896,1.3921
6.6902,1.3921
6.6907,1.3921
6.6912,1.3972
6.6918,1.3972
6.6923,1.3972
6.6928,1.3972
6.6934,1.3921
6.6939,1.3921
6.6945,1.3972
6.6950,1.3972
6.6955,1.3972
6.6961,1.3972
6.6966,1.3972
6.6972,1.3972
6.6977,1.3972
6.6982,1.3972
6.6988,1.3972
6.6993,1.3972
6.6999,1.3972
6.7004,1.3921
6.7009,1.3972
6.7016,1.3921
6.7021,1.3921
6.7027,1.3972
6.7032,1.3921
6.7038,1.3921
6.7043,1.3972
6.7049,1.3921
6.7054,1.3972
6.7060,1.3972
6.7065,1.3921
6.7071,1.3972
6.7076,1.3972
6.7082,1.3972
6.7087,1.3921
6.7093,1.3972
6.7098,1.3921
6.7104,1.3921
6.7109,1.3972
6.7115,1.3921
6.7120,1.3972
6.7126,1.3921
6.7131,1.3921
6.7137,1.3921
6.7142,1.3921
6.7148,1.3871
6.7153,1.3921
6.7159,1.3972
6.7164,1.3921
6.7170,1.3972
6.7175,1.3972
6.7181,1.3921
6.7186,1.3921
6.7192,1.3972
6.7197,1.3972
6.7203,1.3921
6.7208,1.3972
6.7217,1.3972
6.7223,1.3921
6.7229,1.3972
6.7235,1.3921
6.7241,1.3921
6.7247,1.3921
6.7252,1.3972
6.7258,1.3972
6.7264,1.3921
6.7270,1.3921
6.7275,1.3972
6.7281,1.3921
6.7286,1.3921
6.7292,1.3972
6.7298,1.3972
6.7304,1.3972
6.7314,1.3972
6.7319,1.3972
6.7325,1.3972
6.7331,1.3972
6.7338,1.3921
6.7344,1.3921
6.7349,1.3972
6.7355,1.3972
6.7360,1.3972
6.7366,1.3972
6.7371,1.3871
6.7377,1.3921
6.7382,1.3972
6.7388,1.3972
6.7393,1.3921
6.7399,1.3972
6.7405,1.3921
6.7410,1.3972
6.7416,1.3921
6.7422,1.3972
6.7427,1.3921
6.7432,1.3921
6.7438,1.3972
6.7443,1.3972
6.7451,1.3871
6.7456,1.3972
6.7462,1.3921
6.7467,1.3921
6.7473,1.3921
6.7478,1.3921
6.7483,1.3921
6.7489,1.3921
6.7494,1.3972
6.7500,1.3871
6.7505,1.3972
6.7510,1.3921
6.7516,1.3921
6.7521,1.3921
6.7527,1.3921
6.7532,1.3921
6.7538,1.3972
6.7543,1.3972
6.7549,1.3972
6.7554,1.3972
6.7560,1.3972
6.7566,1.3921
6.7572,1.3972
6.7578,1.3972
6.7583,1.3972
6.7589,1.3972
6.7594,1.3921
6.7600,1.3972
6.7605,1.3972
6.7611,1.3921
6.7616,1.3972
6.7621,1.3972
6.7627,1.3921
6.7632,1.3972
6.7638,1.3972
6.7643,1.3921
6.7649,1.3921
6.7654,1.3921
6.7659,1.3972
6.7665,1.3871
6.7670,1.3921
6.7676,1.3921
6.7681,1.3972
6.7687,1.3921
6.7692,1.3921
6.7698,1.3972
6.7703,1.3871
6.7709,1.3972
6.7714,1.3921
6.7719,1.3972
6.7725,1.3921
6.7731,1.3921
6.7736,1.3921
6.7742,1.3972
6.7747,1.3972
6.7752,1.3871
6.7758,1.3921
6.7763,1.3972
6.7769,1.3871
6.7774,1.3972
6.7780,1.3921
6.7785,1.3921
6.7790,1.3972
6.7796,1.3921
6.7801,1.3972
6.7807,1.3921
6.7812,1.3972
6.7818,1.3972
6.7823,1.3871
6.7828,1.3921
6.7834,1.3972
6.7839,1.3921
6.7845,1.3921
6.7850,1.3972
6.7856,1.3972
6.7861,1.3921
6.7866,1.3921
6.7872,1.3921
6.7877,1.3921
6.7883,1.3921
6.7888,1.3921
6.7894,1.3921
6.7899,1.3871
6.7904,1.3921
6.7910,1.3972
6.7915,1.3921
6.7921,1.3972
6.7926,1.3921
6.7931,1.3921
6.7937,1.3921
6.7942,1.3921
6.7948,1.3921
6.7953,1.3871
6.7959,1.3871
6.7965,1.3921
6.7970,1.3972
6.7976,1.3921
6.7981,1.3871
6.7986,1.3921
6.7992,1.3921
6.7997,1.3972
6.8003,1.3921
6.8008,1.3972
6.8014,1.3921
6.8020,1.3921
6.8026,1.3921
6.8031,1.3921
6.8037,1.3921
6.8042,1.3921
6.8048,1.3921
6.8053,1.3921
6.8058,1.3921
6.8064,1.3921
6.8069,1.3921
6.8075,1.3921
6.8080,1.3871
6.8085,1.3921
6.8091,1.3921
6.8096,1.3921
6.8102,1.3921
6.8107,1.3921
6.8113,1.3921
6.8118,1.3921
6.8124,1.3921
6.8129,1.3871
6.8134,1.3871
6.8140,1.3921
6.8145,1.3921
6.8151,1.3921
6.8156,1.3921
6.8161,1.3972
6.8167,1.3921
6.8172,1.3871
6.8178,1.3921
6.8183,1.3921
6.8189,1.3921
6.8194,1.3871
6.8199,1.3921
6.8205,1.3921
6.8210,1.3921
6.8216,1.3871
6.8221,1.3871
6.8226,1.3972
6.8232,1.3972
6.8237,1.3921
6.8243,1.3871
6.8248,1.3871
6.8253,1.3921
6.8259,1.3921
6.8264,1.3871
6.8270,1.3921
6.8275,1.3921
6.8280,1.3921
6.8286,1.3871
6.8291,1.3871
6.8297,1.3871
6.8302,1.3921
6.8307,1.3921
6.8313,1.3871
6.8318,1.3921
6.8324,1.3871
6.8329,1.3871
6.8334,1.3921
6.8340,1.3871
6.8345,1.3921
6.8351,1.3921
6.8356,1.3921
6.8361,1.3921
6.8367,1.3921
6.8372,1.3921
6.8378,1.3871
6.8383,1.3871
6.8388,1.3921
6.8394,1.3871
6.8399,1.3821
6.8405,1.3921
6.8410,1.3921
6.8415,1.3921
6.8421,1.3921
6.8426,1.3921
6.8432,1.3921
6.8437,1.3871
6.8442,1.3871
6.8448,1.3921
6.8453,1.3921
6.8459,1.3871
6.8464,1.3871
6.8470,1.3871
6.8475,1.3921
6.8480,1.3921
6.8486,1.3871
6.8491,1.3921
6.8497,1.3871
6.8502,1.3871
6.8507,1.3921
6.8513,1.3921
6.8518,1.3921
6.8524,1.3921
6.8529,1.3871
6.8534,1.3871
6.8540,1.3821
6.8545,1.3871
6.8551,1.3921
6.8556,1.3821
6.8561,1.3871
6.8567,1.3871
6.8572,1.3871
6.8578,1.3871
6.8583,1.3871
6.8588,1.3871
6.8594,1.3871
6.8599,1.3871
6.8605,1.3871
6.8610,1.3921
6.8615,1.3871
6.8621,1.3921
6.8626,1.3871
6.8632,1.3871
6.8637,1.3821
6.8642,1.3921
6.8648,1.3921
6.8653,1.3921
6.8659,1.3921
6.8664,1.3871
6.8669,1.3871
6.8675,1.3921
6.8680,1.3821
6.8686,1.3921
6.8691,1.3921
6.8696,1.3821
6.8702,1.3871
6.8707,1.3871
6.8713,1.3871
6.8718,1.3921
6.8724,1.3921
6.8729,1.3921
6.8735,1.3921
6.8740,1.3871
6.8746,1.3921
6.8751,1.3871
6.8757,1.3871
6.8762,1.3871
6.8767,1.3871
6.8773,1.3871
6.8778,1.3871
6.8784,1.3821
6.8789,1.3871
6.8794,1.3871
6.8800,1.3921
6.8805,1.3921
6.8811,1.3921
6.8816,1.3871
6.8822,1.3871
6.8827,1.3871
6.8832,1.3871
6.8838,1.3871
6.8843,1.3871
6.8849,1.3921
6.8854,1.3871
6.8859,1.3871
6.8865,1.3921
6.8870,1.3871
6.8876,1.3871
6.8881,1.3921
6.8887,1.3871
6.8892,1.3921
6.8898,1.3871
6.8903,1.3871
6.8909,1.3871
6.8914,1.3871
6.8919,1.3871
6.8925,1.3921
6.8930,1.3871
6.8936,1.3871
6.8941,1.3921
6.8947,1.3871
6.8952,1.3871
6.8958,1.3871
6.8963,1.3871
6.8968,1.3921
6.8974,1.3871
6.8979,1.3821
6.8985,1.3921
6.8990,1.3871
6.8995,1.3821
6.9001,1.3921
6.9006,1.3871
6.9012,1.3871
6.9017,1.3871
6.9022,1.3821
6.9029,1.3871
6.9034,1.3871
6.9040,1.3871
6.9045,1.3871
6.9051,1.3871
6.9056,1.3871
6.9062,1.3821
6.9067,1.3921
6.9072,1.3921
6.9078,1.3871
6.9083,1.3871
6.9089,1.3871
6.9094,1.3821
6.9099,1.3921
6.9105,1.3871
6.9110,1.3821
6.9116,1.3821
6.9121,1.3921
6.9127,1.3871
6.9132,1.3871
6.9138,1.3871
6.9143,1.3871
6.9148,1.3871
6.9154,1.3871
6.9159,1.3871
6.9165,1.3871
6.9170,1.3821
6.9176,1.3871
6.9181,1.3871
6.9187,1.3871
6.9192,1.3921
6.9198,1.3871
6.9203,1.3871
6.9209,1.3871
6.9214,1.3921
6.9219,1.3871
6.9225,1.3871
6.9230,1.3821
6.9236,1.3921
6.9241,1.3871
6.9247,1.3871
6.9252,1.3871
6.9258,1.3821
6.9263,1.3871
6.9269,1.3821
6.9274,1.3821
6.9280,1.3871
6.9285,1.3871
6.9291,1.3921
6.9296,1.3871
6.9301,1.3871
6.9307,1.3821
6.9313,1.3871
6.9320,1.3871
6.9325,1.3821
6.9331,1.3871
6.9336,1.3871
6.9342,1.3871
6.9347,1.3921
6.9353,1.3871
6.9358,1.3871
6.9364,1.3921
6.9369,1.3871
6.9374,1.3821
6.9380,1.3871
6.9385,1.3871
6.9391,1.3921
6.9396,1.3871
6.9402,1.3871
6.9407,1.3871
6.9412,1.3871
6.9418,1.3871
6.9423,1.3871
6.9429,1.3821
6.9435,1.3871
6.9440,1.3821
6.9446,1.3821
6.9451,1.3921
6.9457,1.3871
6.9462,1.3821
6.9468,1.3821
6.9473,1.3871
6.9479,1.3871
6.9484,1.3871
6.9489,1.3821
6.9495,1.3871
6.9501,1.3871
6.9506,1.3821
6.9512,1.3871
6.9517,1.3871
6.9523,1.3871
6.9528,1.3871
6.9533,1.3871
6.9539,1.3821
6.9544,1.3871
6.9550,1.3871
6.9555,1.3871
6.9561,1.3871
6.9566,1.3821
6.9572,1.3821
6.9577,1.3871
6.9583,1.3871
6.9588,1.3921
6.9594,1.3871
6.9599,1.3821
6.9605,1.3871
6.9610,1.3871
6.9615,1.3871
6.9621,1.3871
6.9626,1.3821
6.9632,1.3871
6.9637,1.3871
6.9643,1.3821
6.9648,1.3871
6.9654,1.3821
6.9659,1.3871
6.9665,1.3821
6.9670,1.3770
6.9676,1.3871
6.9681,1.3871
6.9687,1.3871
6.9692,1.3821
6.9697,1.3871
6.9703,1.3821
6.9708,1.3871
6.9714,1.3821
6.9719,1.3871
6.9725,1.3821
6.9730,1.3821
6.9736,1.3821
6.9741,1.3871
6.9747,1.3871
6.9752,1.3871
6.9757,1.3871
6.9763,1.3821
6.9768,1.3871
6.9774,1.3821
6.9779,1.3821
6.9785,1.3821
6.9790,1.3821
6.9796,1.3871
6.9801,1.3871
6.9807,1.3821
6.9812,1.3871
6.9818,1.3871
6.9823,1.3871
6.9828,1.3871
6.9834,1.3821
6.9839,1.3871
6.9845,1.3821
6.9850,1.3821
6.9856,1.3821
6.9861,1.3871
6.9867,1.3921
6.9872,1.3871
6.9878,1.3871
6.9883,1.3821
6.9889,1.3821
6.9894,1.3871
6.9899,1.3821
6.9905,1.3821
6.9910,1.3821
6.9916,1.3871
6.9921,1.3821
6.9927,1.3871
6.9932,1.3821
6.9938,1.3871
6.9943,1.3871
6.9949,1.3871
6.9954,1.3821
6.9960,1.3871
6.9965,1.3871
6.9971,1.3871
6.9976,1.3871
6.9981,1.3821
6.9987,1.3871
6.9992,1.3821
6.9998,1.3871
7.0003,1.3821
7.0009,1.3821
7.0014,1.3821
7.0020,1.3821
7.0025,1.3871
7.0031,1.3821
7.0036,1.3871
7.0042,1.3821
7.0047,1.3871
7.0053,1.3821
7.0058,1.3770
7.0064,1.3871
7.0069,1.3821
7.0075,1.3871
7.0080,1.3871
7.0086,1.3821
7.0091,1.3821
7.0096,1.3871
7.0105,1.3770
7.0121,1.3871
7.0127,1.3821
7.0133,1.3871
7.0139,1.3871
7.0145,1.3871
7.0151,1.3770
7.0157,1.3871
7.0162,1.3821
7.0168,1.3821
7.0173,1.3871
7.0179,1.3770
7.0184,1.3871
7.0190,1.3821
7.0196,1.3821
7.0201,1.3821
7.0207,1.3821
7.0212,1.3871
7.0228,1.3871
7.0233,1.3871
7.0239,1.3770
7.0244,1.3821
7.0250,1.3871
7.0255,1.3821
7.0261,1.3871
7.0266,1.3821
7.0272,1.3871
7.0277,1.3821
7.0292,1.3871
7.0298,1.3821
7.0304,1.3871
7.0310,1.3770
7.0315,1.3770
7.0321,1.3821
7.0327,1.3871
7.0333,1.3821
7.0339,1.3821
7.0345,1.3871
7.0350,1.3821
7.0356,1.3821
7.0364,1.3871
7.0370,1.3821
7.0375,1.3821
7.0381,1.3821
7.0386,1.3770
7.0392,1.3821
7.0398,1.3821
7.0403,1.3821
7.0409,1.3770
7.0414,1.3821
7.0420,1.3821
7.0425,1.3821
7.0431,1.3821
7.0436,1.3821
7.0442,1.3871
7.0447,1.3821
7.0453,1.3821
7.0458,1.3821
7.0464,1.3821
7.0469,1.3821
7.0474,1.3821
7.0480,1.3821
7.0485,1.3871
7.0491,1.3770
7.0496,1.3871
7.0502,1.3871
7.0507,1.3770
7.0513,1.3821
7.0518,1.3821
7.0524,1.3821
7.0529,1.3821
7.0535,1.3821
7.0540,1.3821
7.0546,1.3821
7.0551,1.3821
7.0557,1.3770
7.0563,1.3821
7.0568,1.3770
7.0574,1.3770
7.0579,1.3821
7.0585,1.3821
7.0590,1.3770
7.0596,1.3821
7.0601,1.3821
7.0606,1.3770
7.0612,1.3821
7.0617,1.3821
7.0623,1.3821
7.0628,1.3770
7.0634,1.3821
7.0639,1.3821
7.0645,1.3821
7.0650,1.3821
7.0656,1.3821
7.0661,1.3821
7.0666,1.3821
7.0672,1.3821
7.0677,1.3770
7.0683,1.3770
7.0688,1.3821
7.0694,1.3821
7.0699,1.3821
7.0705,1.3821
7.0710,1.3821
7.0716,1.3821
7.0721,1.3770
7.0727,1.3821
7.0732,1.3821
7.0738,1.3821
7.0743,1.3821
7.0748,1.3770
7.0754,1.3821
7.0759,1.3770
7.0765,1.3821
7.0770,1.3821
7.0776,1.3720
7.0781,1.3821
7.0787,1.3821
7.0792,1.3821
7.0798,1.3770
7.0803,1.3821
7.0808,1.3770
7.0814,1.3821
7.0819,1.3720
7.0825,1.3770
7.0830,1.3821
7.0836,1.3720
7.0841,1.3821
7.0847,1.3720
7.0852,1.3821
7.0858,1.3821
7.0863,1.3770
7.0869,1.3770
7.0874,1.3821
7.0879,1.3770
7.0885,1.3821
7.0890,1.3770
7.0896,1.3821
7.0901,1.3821
7.0907,1.3821
7.0912,1.3770
7.0918,1.3770
7.0923,1.3770
7.0929,1.3770
7.0935,1.3821
7.0940,1.3821
7.0946,1.3821
7.0951,1.3821
7.0957,1.3770
7.0962,1.3821
7.0967,1.3770
7.0973,1.3770
7.0978,1.3770
7.0984,1.3720
7.0989,1.3770
7.0995,1.3770
7.1000,1.3770
7.1006,1.3821
7.1011,1.3821
7.1017,1.3821
7.1022,1.3770
7.1027,1.3770
7.1033,1.3770
7.1040,1.3770
7.1045,1.3770
7.1051,1.3770
7.1056,1.3821
7.1062,1.3770
7.1067,1.3770
7.1072,1.3821
7.1078,1.3821
7.1083,1.3821
7.1088,1.3770
7.1094,1.3770
7.1099,1.3770
7.1105,1.3821
7.1110,1.3821
7.1115,1.3770
7.1121,1.3821
7.1126,1.3770
7.1132,1.3770
7.1137,1.3770
7.1142,1.3770
7.1148,1.3770
7.1153,1.3770
7.1158,1.3770
7.1164,1.3770
7.1169,1.3821
7.1175,1.3770
7.1180,1.3770
7.1185,1.3770
7.1191,1.3821
7.1196,1.3821
7.1201,1.3770
7.1207,1.3770
7.1212,1.3770
7.1218,1.3770
7.1223,1.3770
7.1229,1.3770
7.1234,1.3770
7.1240,1.3770
7.1245,1.3770
7.1251,1.3770
7.1256,1.3770
7.1261,1.3770
7.1267,1.3770
7.1272,1.3821
7.1277,1.3821
7.1283,1.3770
7.1288,1.3770
7.1293,1.3770
7.1299,1.3770
7.1304,1.3770
7.1309,1.3770
7.1315,1.3720
7.1320,1.3770
7.1325,1.3770
7.1331,1.3821
7.1336,1.3770
7.1342,1.3770
7.1347,1.3770
7.1352,1.3770
7.1358,1.3720
7.1363,1.3720
7.1368,1.3770
7.1374,1.3770
7.1379,1.3821
7.1384,1.3770
7.1390,1.3770
7.1395,1.3770
7.1400,1.3770
7.1406,1.3770
7.1411,1.3770
7.1417,1.3720
7.1422,1.3770
7.1427,1.3770
7.1433,1.3770
7.1438,1.3720
7.1443,1.3770
7.1449,1.3770
7.1454,1.3770
7.1459,1.3770
7.1465,1.3770
7.1470,1.3770
7.1475,1.3770
7.1481,1.3770
7.1486,1.3720
7.1492,1.3770
7.1497,1.3770
7.1502,1.3720
7.1508,1.3770
7.1513,1.3720
7.1518,1.3770
7.1524,1.3770
7.1529,1.3770
7.1535,1.3770
7.1540,1.3720
7.1545,1.3720
7.1551,1.3770
7.1556,1.3770
7.1562,1.3770
7.1567,1.3770
7.1572,1.3720
7.1578,1.3770
7.1583,1.3770
7.1588,1.3770
7.1594,1.3720
7.1599,1.3720
7.1605,1.3770
7.1610,1.3770
7.1615,1.3770
7.1621,1.3770
7.1626,1.3720
7.1632,1.3770
7.1637,1.3720
7.1643,1.3720
7.1648,1.3720
7.1653,1.3720
7.1659,1.3770
7.1664,1.3720
7.1670,1.3720
7.1675,1.3720
7.1680,1.3720
7.1686,1.3770
7.1691,1.3770
7.1696,1.3770
7.1702,1.3720
7.1707,1.3770
7.1713,1.3821
7.1718,1.3770
7.1723,1.3770
7.1729,1.3770
7.1734,1.3669
7.1740,1.3770
7.1745,1.3770
7.1750,1.3720
7.1756,1.3720
7.1761,1.3770
7.1767,1.3770
7.1772,1.3720
7.1777,1.3770
7.1783,1.3770
7.1788,1.3770
7.1794,1.3770
7.1799,1.3770
7.1804,1.3720
7.1810,1.3770
7.1815,1.3770
7.1820,1.3770
7.1826,1.3720
7.1831,1.3770
7.1837,1.3770
7.1842,1.3770
7.1847,1.3770
7.1853,1.3770
7.1858,1.3770
7.1864,1.3770
7.1869,1.3770
7.1874,1.3770
7.1880,1.3770
7.1885,1.3770
7.1890,1.3720
7.1896,1.3770
7.1901,1.3770
7.1907,1.3770
7.1912,1.3770
7.1917,1.3770
7.1923,1.3770
7.1928,1.3770
7.1934,1.3821
7.1940,1.3821
7.1946,1.3770
7.1951,1.3770
7.1957,1.3770
7.1962,1.3770
7.1967,1.3770
7.1973,1.3770
7.1978,1.3770
7.1984,1.3770
7.1989,1.3720
7.1994,1.3821
7.2000,1.3821
7.2005,1.3821
7.2011,1.3821
7.2016,1.3821
7.2021,1.3821
7.2027,1.3821
7.2032,1.3770
7.2038,1.3821
7.2043,1.3821
7.2049,1.3770
7.2055,1.3821
7.2060,1.3821
7.2066,1.3821
7.2071,1.3770
7.2077,1.3821
7.2082,1.3821
7.2088,1.3821
7.2093,1.3770
7.2099,1.3871
7.2104,1.3821
7.2110,1.3821
7.2115,1.3821
7.2121,1.3821
7.2126,1.3821
7.2132,1.3821
7.2137,1.3871
7.2143,1.3821
7.2148,1.3821
7.2154,1.3821
7.2159,1.3871
7.2165,1.3871
7.2170,1.3770
7.2176,1.3821
7.2181,1.3821
7.2187,1.3871
7.2192,1.3871
7.2198,1.3871
7.2203,1.3770
7.2209,1.3921
7.2218,1.3921
7.2224,1.3821
7.2230,1.3871
7.2235,1.3871
7.2241,1.3871
7.2246,1.3871
7.2252,1.3871
7.2257,1.3871
7.2263,1.3871
7.2268,1.3871
7.2274,1.3871
7.2279,1.3871
7.2285,1.3821
7.2290,1.3871
7.2296,1.3871
7.2301,1.3871
7.2307,1.3921
7.2312,1.3921
7.2318,1.3821
7.2324,1.3871
7.2329,1.3821
7.2335,1.3871
7.2340,1.3871
7.2346,1.3921
7.2351,1.3921
7.2357,1.3921
7.2362,1.3871
7.2368,1.3921
7.2373,1.3871
7.2379,1.3921
7.2384,1.3921
7.2390,1.3871
7.2395,1.3871
7.2401,1.3921
7.2406,1.3921
7.2412,1.3921
7.2417,1.3921
7.2423,1.3921
7.2428,1.3921
7.2434,1.3921
7.2439,1.3921
7.2444,1.3921
7.2450,1.3921
7.2455,1.3871
7.2461,1.3921
7.2466,1.3921
7.2472,1.3921
7.2477,1.3921
7.2483,1.3921
7.2488,1.3921
7.2494,1.3921
7.2499,1.3921
7.2505,1.3921
7.2510,1.3921
7.2516,1.3871
7.2521,1.3921
7.2527,1.3921
7.2532,1.3921
7.2538,1.3921
7.2543,1.3921
7.2549,1.3921
7.2554,1.3871
7.2560,1.3921
7.2565,1.3921
7.2571,1.3921
7.2576,1.3871
7.2582,1.3921
7.2587,1.3972
7.2593,1.3921
7.2598,1.3921
7.2604,1.3972
7.2609,1.3921
7.2615,1.3921
7.2620,1.3972
7.2626,1.3972
7.2631,1.3972
7.2637,1.3972
7.2642,1.3972
7.2648,1.3921
7.2654,1.3972
7.2659,1.3921
7.2665,1.3972
7.2670,1.3921
7.2676,1.3921
7.2681,1.3921
7.2687,1.3921
7.2692,1.3921
7.2697,1.3972
7.2703,1.3972
7.2708,1.3972
7.2714,1.3921
7.2719,1.3972
7.2725,1.3921
7.2730,1.3972
7.2736,1.3972
7.2741,1.3972
7.2747,1.3972
7.2752,1.3972
7.2758,1.3972
7.2763,1.3972
7.2769,1.3972
7.2774,1.3972
7.2780,1.3972
7.2785,1.3972
7.2791,1.3972
7.2796,1.3972
7.2802,1.3972
7.2807,1.3921
7.2813,1.3972
7.2818,1.3972
7.2824,1.3972
7.2829,1.3972
7.2835,1.3972
7.2840,1.3972
7.2846,1.3921
7.2851,1.3972
7.2857,1.3921
7.2862,1.3972
7.2868,1.3921
7.2873,1.3972
7.2879,1.4022
7.2884,1.3972
7.2890,1.3921
7.2895,1.3972
7.2901,1.3972
7.2906,1.3972
7.2912,1.3972
7.2917,1.4022
7.2923,1.3972
7.2928,1.3972
7.2934,1.3972
7.2939,1.3972
7.2945,1.3972
7.2950,1.3972
7.2956,1.4022
7.2961,1.3972
7.2967,1.3972
7.2972,1.3972
7.2978,1.3972
7.2983,1.3972
7.2989,1.4022
7.2994,1.4022
7.3000,1.3972
7.3005,1.3972
7.3011,1.3921
7.3017,1.4022
7.3022,1.3972
7.3028,1.3972
7.3033,1.3921
7.3039,1.4022
7.3044,1.3972
7.3050,1.3921
7.3055,1.3972
7.3061,1.3972
7.3066,1.4022
7.3072,1.3972
7.3077,1.3972
7.3083,1.3972
7.3088,1.3972
7.3094,1.3972
7.3099,1.3972
7.3105,1.3972
7.3110,1.3972
7.3116,1.3972
7.3121,1.3972
7.3127,1.3972
7.3132,1.3972
7.3138,1.3972
7.3143,1.3972
7.3149,1.4022
7.3154,1.3921
7.3160,1.3972
7.3165,1.3972
7.3171,1.3972
7.3176,1.3972
7.3182,1.3972
7.3187,1.3972
7.3193,1.3921
7.3198,1.4022
7.3204,1.3972
7.3211,1.3921
7.3217,1.3921
7.3224,1.4022
7.3232,1.3921
7.3238,1.3921
7.3244,1.3972
7.3249,1.3972
7.3255,1.3972
7.3261,1.3921
7.3293,1.3972
7.3299,1.3921
7.3305,1.4022
7.3311,1.3972
7.3317,1.3972
7.3322,1.3921
7.3328,1.3972
7.3335,1.3972
7.3341,1.3972
7.3346,1.3972
7.3352,1.3921
7.3357,1.4022
7.3363,1.3972
7.3368,1.3972
7.3374,1.3972
7.3379,1.4022
7.3384,1.3972
7.3390,1.3972
7.3396,1.3972
7.3402,1.3972
7.3408,1.3972
7.3414,1.4022
7.3419,1.3972
7.3425,1.3972
7.3431,1.3972
7.3436,1.3972
7.3443,1.3972
7.3450,1.3921
7.3456,1.3972
7.3462,1.3921
7.3467,1.3972
7.3473,1.3921
7.3480,1.3972
7.3485,1.3972
7.3491,1.3972
7.3496,1.3972
7.3502,1.3972
7.3507,1.3972
7.3512,1.3972
7.3518,1.3921
7.3523,1.3972
7.3529,1.3972
7.3535,1.3972
7.3540,1.3921
7.3546,1.3921
7.3551,1.3972
7.3557,1.3921
7.3563,1.3972
7.3568,1.3921
7.3574,1.3921
7.3580,1.3972
7.3585,1.3972
7.3591,1.3972
7.3596,1.3972
7.3602,1.3972
7.3607,1.3972
7.3613,1.3972
7.3618,1.3972
7.3624,1.3972
7.3630,1.3972
7.3635,1.3972
7.3641,1.3921
7.3646,1.3972
7.3652,1.4022
7.3657,1.3972
7.3663,1.3972
7.3668,1.3921
7.3674,1.3972
7.3680,1.3972
7.3685,1.3972
7.3691,1.3921
7.3696,1.3972
7.3702,1.3972
7.3707,1.3972
7.3713,1.3972
7.3718,1.3921
7.3724,1.3921
7.3730,1.3972
7.3736,1.3972
7.3741,1.3921
7.3747,1.3972
7.3752,1.3921
7.3758,1.3972
7.3763,1.3921
7.3769,1.3972
7.3774,1.3972
7.3780,1.3972
7.3785,1.3972
7.3791,1.3921
7.3796,1.3972
7.3801,1.3972
7.3807,1.4022
7.3812,1.3972
7.3818,1.3972
7.3823,1.4022
7.3829,1.3972
7.3834,1.3921
7.3839,1.3972
7.3845,1.3972
7.3850,1.3972
7.3856,1.3921
7.3861,1.3921
7.3867,1.3972
7.3872,1.3972
7.3877,1.3972
7.3883,1.3972
7.3888,1.3972
7.3894,1.3921
7.3899,1.3921
7.3905,1.3972
7.3910,1.3921
7.3915,1.3921
7.3921,1.3921
7.3926,1.3972
7.3932,1.3921
7.3937,1.3921
7.3943,1.3972
7.3948,1.3921
7.3954,1.3921
7.3959,1.3921
7.3964,1.3972
7.3970,1.3921
7.3975,1.4022
7.3981,1.3921
7.3986,1.3972
7.3992,1.3921
7.3997,1.3921
7.4002,1.3972
7.4008,1.3871
7.4013,1.3972
7.4019,1.3972
7.4024,1.3972
7.4030,1.3972
7.4035,1.3921
7.4040,1.3921
7.4046,1.3972
7.4051,1.3972
7.4057,1.3921
7.4063,1.3921
7.4069,1.3972
7.4074,1.3921
7.4080,1.3972
7.4085,1.3972
7.4090,1.3871
7.4096,1.3921
7.4101,1.3921
7.4107,1.3921
7.4112,1.3921
7.4117,1.3921
7.4123,1.3972
7.4128,1.3972
7.4133,1.3921
7.4139,1.3972
7.4144,1.3972
7.4150,1.3921
7.4155,1.3921
7.4160,1.3972
7.4166,1.3921
7.4171,1.3921
7.4176,1.3921
7.4182,1.3921
7.4187,1.3921
7.4193,1.3972
7.4198,1.3972
7.4203,1.3921
7.4209,1.3972
7.4214,1.3972
7.4219,1.3921
7.4225,1.3921
7.4230,1.3921
7.4236,1.3921
7.4241,1.3921
7.4246,1.3972
7.4252,1.3921
7.4257,1.3972
7.4262,1.3921
7.4268,1.3871
7.4273,1.3972
7.4279,1.3921
7.4284,1.3921
7.4289,1.3921
7.4295,1.3921
7.4300,1.3921
7.4305,1.3871
7.4311,1.3921
7.4316,1.3921
7.4321,1.3921
7.4327,1.3921
7.4332,1.3972
7.4338,1.3921
7.4343,1.3921
7.4348,1.3921
7.4354,1.3921
7.4359,1.3871
7.4365,1.3972
7.4370,1.3921
7.4375,1.3921
7.4381,1.3871
7.4386,1.3921
7.4391,1.3921
7.4397,1.3871
7.4402,1.3921
7.4407,1.3921
7.4413,1.3871
7.4418,1.3921
7.4424,1.3921
7.4429,1.3921
7.4436,1.3921
7.4441,1.3921
7.4446,1.3921
7.4453,1.3921
7.4458,1.3921
7.4464,1.3871
7.4469,1.3921
7.4474,1.3821
7.4480,1.3921
7.4485,1.3972
7.4490,1.3921
7.4496,1.3921
7.4501,1.3921
7.4507,1.3921
7.4512,1.3972
7.4517,1.3871
7.4523,1.3921
7.4528,1.3921
7.4533,1.3871
7.4539,1.3921
7.4544,1.3921
7.4550,1.3921
7.4555,1.3921
7.4560,1.3871
7.4566,1.3921
7.4571,1.3871
7.4576,1.3871
7.4582,1.3921
7.4587,1.3921
7.4593,1.3921
7.4598,1.3921
7.4603,1.3921
7.4609,1.3921
7.4614,1.3921
7.4619,1.3921
7.4625,1.3871
7.4630,1.3871
7.4636,1.3821
7.4641,1.3821
7.4646,1.3871
7.4652,1.3921
7.4657,1.3921
7.4662,1.3921
7.4668,1.3921
7.4673,1.3871
7.4679,1.3921
7.4684,1.3921
7.4689,1.3921
7.4695,1.3871
7.4700,1.3871
7.4705,1.3871
7.4711,1.3871
7.4716,1.3921
7.4722,1.3921
7.4727,1.3871
7.4732,1.3921
7.4738,1.3871
7.4743,1.3921
7.4749,1.3921
7.4754,1.3921
7.4759,1.3921
7.4765,1.3871
7.4770,1.3871
7.4776,1.3871
7.4781,1.3871
7.4786,1.3921
7.4792,1.3921
7.4797,1.3871
7.4803,1.3871
7.4808,1.3871
7.4813,1.3871
7.4819,1.3921
7.4824,1.3921
7.4830,1.3921
7.4835,1.3921
7.4840,1.3921
7.4846,1.3871
7.4851,1.3871
7.4857,1.3921
7.4862,1.3921
7.4867,1.3921
7.4873,1.3972
7.4878,1.3921
7.4884,1.3871
7.4889,1.3921
7.4894,1.3921
7.4900,1.3921
7.4905,1.3921
7.4911,1.3921
7.4916,1.3871
7.4921,1.3871
7.4927,1.3921
7.4932,1.3871
7.4938,1.3871
7.4943,1.3871
7.4948,1.3871
7.4954,1.3921
7.4959,1.3921
7.4965,1.3921
7.4970,1.3921
7.4975,1.3921
7.4981,1.3871
7.4986,1.3871
7.4992,1.3871
7.4997,1.3871
7.5002,1.3871
7.5008,1.3921
7.5013,1.3921
7.5019,1.3871
7.5024,1.3921
7.5029,1.3921
7.5035,1.3921
7.5040,1.3821
7.5046,1.3921
7.5051,1.3871
7.5057,1.3871
7.5062,1.3921
7.5068,1.3871
7.5074,1.3921
7.5079,1.3921
7.5084,1.3921
7.5090,1.3871
7.5095,1.3871
7.5101,1.3871
7.5106,1.3871
7.5112,1.3871
7.5118,1.3921
7.5123,1.3871
7.5129,1.3921
7.5135,1.3871
7.5141,1.3921
7.5148,1.3871
7.5153,1.3921
7.5159,1.3921
7.5164,1.3921
7.5170,1.3921
7.5176,1.3871
7.5181,1.3921
7.5187,1.3921
7.5193,1.3921
7.5199,1.3921
7.5204,1.3921
7.5210,1.3921
7.5215,1.3921
7.5221,1.3921
7.5226,1.3921
7.5232,1.3871
7.5238,1.3921
7.5243,1.3871
7.5249,1.3921
7.5254,1.3921
7.5259,1.3871
7.5265,1.3921
7.5270,1.3871
7.5276,1.3921
7.5281,1.3871
7.5287,1.3871
7.5292,1.3921
7.5298,1.3921
7.5303,1.3871
7.5309,1.3871
7.5314,1.3871
7.5320,1.3871
7.5326,1.3921
7.5332,1.3871
7.5338,1.3921
7.5344,1.3921
7.5349,1.3921
7.5355,1.3871
7.5360,1.3871
7.5366,1.3921
7.5371,1.3871
7.5377,1.3871
7.5383,1.3871
7.5389,1.3921
7.5395,1.3921
7.5400,1.3921
7.5406,1.3871
7.5411,1.3871
7.5417,1.3871
7.5422,1.3921
7.5428,1.3871
7.5433,1.3871
7.5438,1.3921
7.5444,1.3871
7.5449,1.3871
7.5455,1.3921
7.5460,1.3871
7.5466,1.3871
7.5471,1.3921
7.5477,1.3871
7.5483,1.3871
7.5488,1.3871
7.5493,1.3871
7.5499,1.3871
7.5504,1.3871
7.5510,1.3871
7.5515,1.3871
7.5521,1.3871
7.5526,1.3871
7.5532,1.3871
7.5537,1.3871
7.5542,1.3871
7.5548,1.3871
7.5553,1.3921
7.5559,1.3821
7.5564,1.3871
7.5570,1.3921
7.5575,1.3921
7.5581,1.3921
7.5586,1.3821
7.5591,1.3921
7.5597,1.3871
7.5602,1.3921
7.5608,1.3921
7.5613,1.3871
7.5619,1.3921
7.5624,1.3871
7.5630,1.3871
7.5635,1.3921
7.5641,1.3871
7.5646,1.3871
7.5651,1.3921
7.5657,1.3871
7.5662,1.3921
7.5668,1.3921
7.5673,1.3921
7.5679,1.3921
7.5684,1.3921
7.5689,1.3921
7.5695,1.3871
7.5700,1.3871
7.5706,1.3871
7.5711,1.3871
7.5717,1.3921
7.5722,1.3871
7.5727,1.3821
7.5733,1.3871
7.5738,1.3871
7.5744,1.3921
7.5749,1.3871
7.5755,1.3871
7.5760,1.3921
7.5766,1.3871
7.5771,1.3871
7.5776,1.3871
7.5782,1.3871
7.5787,1.3871
7.5793,1.3871
7.5798,1.3921
7.5804,1.3871
7.5809,1.3871
7.5814,1.3821
7.5820,1.3871
7.5825,1.3871
7.5831,1.3871
7.5836,1.3871
7.5842,1.3871
7.5847,1.3821
7.5853,1.3921
7.5858,1.3871
7.5864,1.3871
7.5869,1.3921
7.5875,1.3821
7.5880,1.3871
7.5885,1.3821
7.5891,1.3871
7.5896,1.3770
7.5902,1.3871
7.5907,1.3871
7.5913,1.3871
7.5918,1.3821
7.5923,1.3871
7.5929,1.3821
7.5935,1.3871
7.5940,1.3821
7.5945,1.3871
7.5951,1.3871
7.5956,1.3871
7.5962,1.3871
7.5967,1.3871
7.5973,1.3871
7.5978,1.3921
7.5984,1.3821
7.5989,1.3871
7.5994,1.3871
7.6000,1.3921
7.6005,1.3871
7.6011,1.3871
7.6016,1.3871
7.6022,1.3871
7.6027,1.3871
7.6032,1.3821
7.6038,1.3921
7.6043,1.3871
7.6049,1.3821
7.6054,1.3871
7.6060,1.3871
7.6065,1.3921
7.6071,1.3871
7.6076,1.3871
7.6082,1.3871
7.6087,1.3871
7.6092,1.3871
7.6098,1.3871
7.6103,1.3871
7.6109,1.3871
7.6114,1.3821
7.6119,1.3871
7.6125,1.3821
7.6130,1.3871
7.6135,1.3821
7.6141,1.3821
7.6146,1.3871
7.6152,1.3871
7.6157,1.3770
7.6162,1.3871
7.6168,1.3871
7.6173,1.3871
7.6178,1.3821
7.6184,1.3871
7.6189,1.3871
7.6194,1.3871
7.6200,1.3871
7.6205,1.3821
7.6211,1.3821
7.6216,1.3871
7.6221,1.3871
7.6227,1.3871
7.6232,1.3871
7.6238,1.3821
7.6243,1.3871
7.6248,1.3871
7.6254,1.3871
7.6259,1.3821
7.6264,1.3871
7.6270,1.3821
7.6275,1.3871
7.6281,1.3871
7.6286,1.3871
7.6291,1.3821
7.6297,1.3871
7.6302,1.3821
7.6307,1.3871
7.6313,1.3871
7.6318,1.3821
7.6323,1.3871
7.6329,1.3821
7.6334,1.3821
7.6340,1.3821
7.6345,1.3871
7.6350,1.3871
7.6356,1.3871
7.6361,1.3871
7.6366,1.3871
7.6372,1.3871
7.6377,1.3821
7.6382,1.3871
7.6388,1.3821
7.6393,1.3871
7.6398,1.3821
7.6404,1.3871
7.6409,1.3871
7.6414,1.3871
7.6420,1.3821
7.6425,1.3821
7.6430,1.3821
7.6436,1.3871
7.6441,1.3821
7.6446,1.3821
7.6452,1.3821
7.6457,1.3821
7.6462,1.3821
7.6468,1.3770
7.6473,1.3821
7.6478,1.3821
7.6484,1.3821
7.6489,1.3871
7.6494,1.3871
7.6500,1.3871
7.6505,1.3821
7.6510,1.3871
7.6516,1.3871
7.6521,1.3821
7.6527,1.3871
7.6532,1.3821
7.6537,1.3821
7.6543,1.3871
7.6548,1.3871
7.6553,1.3821
7.6559,1.3871
7.6564,1.3821
7.6569,1.3821
7.6575,1.3821
7.6580,1.3871
7.6585,1.3821
7.6591,1.3871
7.6596,1.3821
7.6601,1.3821
7.6607,1.3770
7.6612,1.3871
7.6617,1.3871
7.6623,1.3821
7.6628,1.3821
7.6633,1.3871
7.6639,1.3871
7.6644,1.3821
7.6649,1.3821
7.6655,1.3821
7.6660,1.3821
7.6665,1.3821
7.6671,1.3871
7.6676,1.3871
7.6681,1.3821
7.6687,1.3770
7.6692,1.3821
7.6697,1.3821
7.6703,1.3821
7.6708,1.3871
7.6713,1.3821
7.6719,1.3871
7.6724,1.3770
7.6729,1.3871
7.6735,1.3821
7.6740,1.3821
7.6745,1.3871
7.6751,1.3821
7.6756,1.3770
7.6761,1.3871
7.6767,1.3871
7.6772,1.3821
7.6777,1.3821
7.6783,1.3821
7.6788,1.3871
7.6793,1.3871
7.6799,1.3821
7.6804,1.3821
7.6809,1.3821
7.6815,1.3821
7.6820,1.3770
7.6825,1.3821
7.6831,1.3871
7.6836,1.3821
7.6842,1.3821
7.6847,1.3821
7.6852,1.3821
7.6858,1.3871
7.6863,1.3770
7.6868,1.3821
7.6874,1.3821
7.6879,1.3770
7.6884,1.3871
7.6890,1.3821
7.6895,1.3821
7.6900,1.3821
7.6906,1.3821
7.6911,1.3770
7.6916,1.3821
7.6922,1.3821
7.6927,1.3770
7.6932,1.3821
7.6938,1.3821
7.6943,1.3770
7.6948,1.3821
7.6954,1.3770
7.6959,1.3770
7.6964,1.3821
7.6970,1.3821
7.6975,1.3770
7.6980,1.3770
7.6986,1.3821
7.6991,1.3821
7.6996,1.3821
7.7002,1.3821
7.7007,1.3821
7.7012,1.3770
7.7018,1.3821
7.7023,1.3770
7.7028,1.3821
7.7034,1.3871
7.7039,1.3821
7.7044,1.3770
7.7050,1.3821
7.7055,1.3770
7.7060,1.3821
7.7066,1.3821
7.7071,1.3770
7.7076,1.3821
7.7083,1.3821
7.7088,1.3770
7.7093,1.3770
7.7099,1.3821
7.7104,1.3770
7.7110,1.3821
7.7115,1.3821
7.7121,1.3821
7.7126,1.3821
7.7131,1.3821
7.7137,1.3821
7.7142,1.3821
7.7148,1.3770
7.7153,1.3770
7.7159,1.3821
7.7164,1.3871
7.7169,1.3821
7.7175,1.3821
7.7180,1.3770
7.7186,1.3770
7.7191,1.3821
7.7197,1.3821
7.7202,1.3720
7.7208,1.3821
7.7213,1.3770
7.7219,1.3821
7.7224,1.3821
7.7230,1.3821
7.7235,1.3770
7.7241,1.3770
7.7246,1.3821
7.7252,1.3821
7.7257,1.3821
7.7263,1.3821
7.7268,1.3821
7.7273,1.3821
7.7279,1.3770
7.7284,1.3770
7.7290,1.3821
7.7295,1.3770
7.7301,1.3821
7.7306,1.3821
7.7312,1.3770
7.7317,1.3770
7.7323,1.3770
7.7328,1.3821
7.7334,1.3821
7.7339,1.3770
7.7345,1.3821
7.7350,1.3770
7.7355,1.3821
7.7361,1.3770
7.7366,1.3821
7.7372,1.3720
7.7377,1.3770
7.7383,1.3770
7.7388,1.3821
7.7394,1.3720
7.7399,1.3770
7.7405,1.3821
7.7410,1.3770
7.7416,1.3821
7.7421,1.3770
7.7426,1.3821
7.7432,1.3770
7.7437,1.3770
7.7443,1.3821
7.7448,1.3821
7.7454,1.3770
7.7459,1.3770
7.7465,1.3821
7.7470,1.3770
7.7476,1.3770
7.7481,1.3821
7.7487,1.3821
7.7492,1.3770
7.7498,1.3720
7.7503,1.3821
7.7509,1.3821
7.7514,1.3770
7.7519,1.3770
7.7525,1.3720
7.7530,1.3770
7.7536,1.3720
7.7541,1.3770
7.7547,1.3821
7.7552,1.3821
7.7558,1.3770
7.7563,1.3770
7.7569,1.3770
7.7574,1.3770
7.7580,1.3770
7.7585,1.3770
7.7590,1.3770
7.7596,1.3770
7.7601,1.3821
7.7607,1.3770
7.7612,1.3720
7.7618,1.3770
7.7623,1.3770
7.7629,1.3770
7.7634,1.3770
7.7640,1.3770
7.7645,1.3770
7.7651,1.3770
7.7656,1.3770
7.7662,1.3770
7.7667,1.3770
7.7673,1.3770
7.7678,1.3770
7.7684,1.3821
7.7689,1.3770
7.7695,1.3770
7.7700,1.3770
7.7706,1.3770
7.7711,1.3720
7.7717,1.3770
7.7722,1.3770
7.7728,1.3720
7.7733,1.3770
7.7739,1.3770
7.7744,1.3770
7.7750,1.3770
7.7755,1.3821
7.7761,1.3770
7.7766,1.3770
7.7772,1.3720
7.7777,1.3770
7.7782,1.3720
7.7788,1.3770
7.7793,1.3770
7.7799,1.3770
7.7804,1.3821
7.7810,1.3770
7.7815,1.3770
7.7821,1.3770
7.7826,1.3770
7.7832,1.3770
7.7837,1.3770
7.7843,1.3720
7.7848,1.3770
7.7853,1.3720
7.7859,1.3770
7.7864,1.3720
7.7870,1.3770
7.7875,1.3770
7.7881,1.3770
7.7886,1.3770
7.7892,1.3770
7.7897,1.3770
7.7903,1.3821
7.7908,1.3720
7.7914,1.3821
7.7919,1.3770
7.7925,1.3770
7.7930,1.3770
7.7936,1.3770
7.7941,1.3770
7.7947,1.3720
7.7952,1.3770
7.7957,1.3770
7.7963,1.3770
7.7968,1.3770
7.7974,1.3770
7.7979,1.3770
7.7985,1.3821
7.7990,1.3770
7.7996,1.3770
7.8001,1.3720
7.8007,1.3770
7.8012,1.3770
7.8018,1.3770
7.8023,1.3770
7.8028,1.3720
7.8034,1.3770
7.8039,1.3821
7.8045,1.3720
7.8050,1.3770
7.8056,1.3770
7.8061,1.3770
7.8067,1.3770
7.8072,1.3821
7.8078,1.3770
7.8083,1.3821
7.8089,1.3821
7.8094,1.3770
7.8100,1.3770
7.8105,1.3720
7.8111,1.3770
7.8116,1.3770
7.8122,1.3770
7.8127,1.3821
7.8133,1.3770
7.8138,1.3770
7.8143,1.3821
7.8149,1.3770
7.8154,1.3821
7.8160,1.3770
7.8165,1.3770
7.8171,1.3770
7.8176,1.3770
7.8182,1.3821
7.8187,1.3770
7.8193,1.3770
7.8198,1.3821
7.8203,1.3770
7.8209,1.3770
7.8214,1.3821
7.8220,1.3821
7.8225,1.3821
7.8231,1.3770
7.8236,1.3821
7.8242,1.3821
7.8247,1.3821
7.8253,1.3821
7.8258,1.3720
7.8264,1.3821
7.8269,1.3770
7.8274,1.3821
7.8280,1.3770
7.8285,1.3821
7.8291,1.3821
7.8296,1.3770
7.8302,1.3821
7.8307,1.3770
7.8313,1.3821
7.8318,1.3821
7.8324,1.3821
7.8329,1.3821
7.8335,1.3871
7.8340,1.3821
7.8345,1.3821
7.8351,1.3821
7.8356,1.3871
7.8362,1.3821
7.8367,1.3821
7.8373,1.3871
7.8378,1.3770
7.8384,1.3871
7.8389,1.3871
7.8395,1.3821
7.8400,1.3821
7.8406,1.3871
7.8411,1.3871
7.8416,1.3821
7.8422,1.3921
7.8427,1.3871
7.8433,1.3871
7.8438,1.3871
7.8444,1.3821
7.8449,1.3871
7.8455,1.3821
7.8460,1.3871
7.8466,1.3871
7.8471,1.3821
7.8477,1.3871
7.8482,1.3871
7.8487,1.3821
7.8493,1.3871
7.8498,1.3871
7.8504,1.3871
7.8509,1.3871
7.8515,1.3871
7.8520,1.3871
7.8526,1.3921
7.8531,1.3871
7.8537,1.3921
7.8542,1.3921
7.8548,1.3871
7.8553,1.3921
7.8558,1.3871
7.8564,1.3871
7.8569,1.3921
7.8575,1.3921
7.8580,1.3921
7.8586,1.3972
7.8591,1.3871
7.8597,1.3871
7.8602,1.3871
7.8608,1.3972
7.8613,1.3871
7.8619,1.3921
7.8624,1.3871
7.8630,1.3921
7.8635,1.3972
7.8641,1.3871
7.8646,1.3921
7.8652,1.3871
7.8657,1.3921
7.8662,1.3921
7.8668,1.3921
7.8673,1.3972
7.8679,1.3921
7.8684,1.3871
7.8690,1.3921
7.8695,1.3921
7.8701,1.3972
7.8706,1.3921
7.8712,1.3921
7.8717,1.3871
7.8722,1.3921
7.8728,1.3871
7.8733,1.3921
7.8739,1.3921
7.8744,1.3921
7.8750,1.3921
7.8755,1.3921
7.8761,1.3972
7.8766,1.3972
7.8772,1.3871
7.8777,1.3921
7.8783,1.3871
7.8788,1.3921
7.8794,1.3921
7.8799,1.3921
7.8804,1.3972
7.8810,1.3972
7.8815,1.3921
7.8821,1.3972
7.8826,1.3921
7.8832,1.3972
7.8837,1.3972
7.8843,1.3972
7.8848,1.3921
7.8854,1.3972
7.8859,1.3921
7.8865,1.3972
7.8870,1.3972
7.8875,1.3972
7.8881,1.3972
7.8886,1.3921
7.8892,1.3972
7.8897,1.3972
7.8903,1.3972
7.8908,1.3972
7.8914,1.4022
7.8919,1.3921
7.8925,1.3972
7.8930,1.3921
7.8936,1.3972
7.8941,1.3921
7.8946,1.3972
7.8952,1.3972
7.8957,1.3972
7.8963,1.4022
7.8968,1.3921
7.8974,1.3972
7.8979,1.3972
7.8985,1.3972
7.8990,1.3972
7.8996,1.3972
7.9001,1.3972
7.9006,1.3921
7.9012,1.3972
7.9017,1.3871
7.9023,1.3972
7.9028,1.3972
7.9034,1.3972
7.9039,1.3972
7.9045,1.3921
7.9050,1.3972
7.9056,1.3921
7.9061,1.3972
7.9067,1.3921
7.9072,1.3972
7.9077,1.3972
7.9083,1.4022
7.9088,1.3972
7.9094,1.3972
7.9100,1.3972
7.9105,1.3921
7.9110,1.3972
7.9116,1.3972
7.9121,1.3972
7.9127,1.3972
7.9132,1.3921
7.9138,1.3972
7.9143,1.3972
7.9149,1.3972
7.9154,1.3972
7.9160,1.3972
7.9165,1.3972
7.9171,1.3871
7.9176,1.3972
7.9182,1.3972
7.9187,1.3921
7.9192,1.3972
7.9198,1.3972
7.9203,1.4022
7.9209,1.3972
7.9215,1.3972
7.9220,1.4022
7.9226,1.3972
7.9232,1.3972
7.9239,1.3972
7.9245,1.3972
7.9251,1.3972
7.9257,1.3972
7.9264,1.4022
7.9272,1.3972
7.9278,1.3972
7.9284,1.3972
7.9290,1.3972
7.9296,1.3972
7.9302,1.3972
7.9308,1.3972
7.9314,1.3972
7.9320,1.3972
7.9325,1.4022
7.9331,1.3972
7.9337,1.4022
7.9343,1.3972
7.9348,1.3972
7.9354,1.3972
7.9359,1.4022
7.9365,1.3972
7.9370,1.4022
7.9376,1.3972
7.9381,1.3972
7.9387,1.3972
7.9392,1.3921
7.9398,1.3972
7.9404,1.4022
7.9409,1.3921
7.9415,1.4022
7.9421,1.3972
7.9426,1.4022
7.9432,1.3972
7.9437,1.3972
7.9443,1.3972
7.9448,1.3921
7.9454,1.3972
7.9459,1.4022
7.9465,1.3972
7.9470,1.3972
7.9476,1.3972
7.9481,1.3972
7.9487,1.3972
7.9492,1.3921
7.9498,1.3972
7.9503,1.3921
7.9509,1.3921
7.9514,1.3921
7.9520,1.4022
7.9525,1.3972
7.9531,1.3972
7.9536,1.3972
7.9542,1.3972
7.9547,1.3972
7.9553,1.3972
7.9558,1.3972
7.9564,1.3972
7.9570,1.3972
7.9575,1.3972
7.9581,1.3871
7.9586,1.3972
7.9592,1.4022
7.9597,1.3972
7.9603,1.3921
7.9608,1.3972
7.9614,1.3972
7.9619,1.3972
7.9625,1.3972
7.9630,1.3972
7.9636,1.3921
7.9641,1.3972
7.9647,1.3972
7.9652,1.3972
7.9658,1.3972
7.9663,1.3972
7.9669,1.3972
7.9674,1.3972
7.9680,1.3921
7.9685,1.3921
7.9691,1.3972
7.9696,1.3972
7.9702,1.3972
7.9707,1.3972
7.9713,1.3972
7.9718,1.3921
7.9724,1.3921
7.9729,1.3972
7.9735,1.3972
7.9740,1.3972
7.9746,1.3972
7.9751,1.3972
7.9757,1.3921
7.9762,1.4022
7.9768,1.3921
7.9773,1.3972
7.9779,1.3972
7.9784,1.4022
7.9790,1.3972
7.9795,1.3921
7.9801,1.3972
7.9806,1.3972
7.9812,1.3972
7.9817,1.3972
7.9823,1.3921
7.9828,1.3972
7.9834,1.3972
7.9839,1.3972
7.9845,1.3921
7.9850,1.3972
7.9856,1.3921
7.9861,1.3972
7.9867,1.3972
7.9872,1.3921
7.9878,1.3972
7.9883,1.3972
7.9889,1.3972
7.9894,1.3921
7.9900,1.3921
7.9905,1.3972
7.9911,1.3871
7.9916,1.3972
7.9922,1.3972
7.9927,1.3972
7.9933,1.3921
7.9938,1.3972
7.9944,1.3972
7.9949,1.4022
7.9955,1.3972
7.9960,1.3921
7.9966,1.3972
7.9971,1.3921
7.9977,1.3972
7.9982,1.3921
7.9988,1.3972
7.9993,1.3921
7.9999,1.3972
8.0005,1.3972
8.0010,1.3921
8.0016,1.3972
8.0021,1.3972
8.0027,1.3972
8.0032,1.3972
8.0038,1.3921
8.0043,1.3921
8.0049,1.3972
8.0054,1.3972
8.0060,1.3972
8.0065,1.3972
8.0071,1.3921
8.0076,1.3972
8.0082,1.3972
8.0087,1.3921
8.0093,1.3972
8.0098,1.3921
8.0104,1.3921
8.0110,1.3972
8.0116,1.3972
8.0122,1.3972
8.0128,1.3921
8.0134,1.3972
8.0140,1.3921
8.0146,1.3972
8.0152,1.3921
8.0158,1.3972
8.0164,1.3972
8.0169,1.3921
8.0175,1.3921
8.0181,1.3921
8.0186,1.3972
8.0192,1.3972
8.0198,1.3921
8.0203,1.3921
8.0209,1.3921
8.0214,1.3921
8.0220,1.3921
8.0225,1.3921
8.0231,1.3921
8.0237,1.3972
8.0242,1.3921
8.0248,1.3972
8.0253,1.3921
8.0259,1.3972
8.0264,1.3921
8.0270,1.3921
8.0275,1.3921
8.0281,1.3871
8.0287,1.3921
8.0292,1.3921
8.0298,1.3921
8.0304,1.3972
8.0310,1.3972
8.0315,1.3921
8.0321,1.3972
8.0327,1.3921
8.0332,1.3921
8.0338,1.3921
8.0344,1.3921
8.0351,1.3921
8.0357,1.3921
8.0362,1.3921
8.0368,1.3972
8.0373,1.3921
8.0379,1.3921
8.0384,1.3921
8.0390,1.3921
8.0395,1.3921
8.0401,1.3921
8.0407,1.3972
8.0412,1.3972
8.0418,1.3921
8.0423,1.3921
8.0428,1.3921
8.0434,1.3921
8.0439,1.3921
8.0445,1.3972
8.0450,1.3921
8.0456,1.3921
8.0461,1.3921
8.0466,1.3921
8.0472,1.3972
8.0477,1.3921
8.0483,1.3921
8.0488,1.3972
8.0494,1.3921
8.0499,1.3871
8.0505,1.3921
8.0510,1.3921
8.0515,1.3921
8.0521,1.3972
8.0526,1.3871
8.0532,1.3871
8.0537,1.3921
8.0543,1.3921
8.0548,1.3921
8.0553,1.3921
8.0559,1.3921
8.0565,1.3921
8.0570,1.3871
8.0576,1.3921
8.0581,1.3921
8.0587,1.3921
8.0592,1.3921
8.0597,1.3921
8.0603,1.3871
8.0608,1.3871
8.0614,1.3921
8.0619,1.3921
8.0625,1.3921
8.0630,1.3921
8.0635,1.3871
8.0641,1.3921
8.0646,1.3921
8.0652,1.3871
8.0657,1.3972
8.0663,1.3921
8.0668,1.3921
8.0673,1.3921
8.0679,1.3871
8.0684,1.3921
8.0690,1.3921
8.0695,1.3921
8.0701,1.3871
8.0706,1.3921
8.0712,1.3921
8.0717,1.3921
8.0723,1.3921
8.0728,1.3871
8.0734,1.3921
8.0739,1.3871
8.0744,1.3921
8.0750,1.3871
8.0755,1.3871
8.0761,1.3871
8.0766,1.3871
8.0772,1.3921
8.0777,1.3921
8.0783,1.3871
8.0788,1.3921
8.0793,1.3921
8.0799,1.3921
8.0804,1.3921
8.0810,1.3871
8.0815,1.3921
8.0821,1.3871
8.0826,1.3921
8.0831,1.3871
8.0837,1.3871
8.0842,1.3921
8.0848,1.3871
8.0853,1.3921
8.0859,1.3871
8.0864,1.3921
8.0869,1.3921
8.0875,1.3871
8.0880,1.3871
8.0886,1.3921
8.0891,1.3921
8.0897,1.3921
8.0902,1.3921
8.0908,1.3871
8.0913,1.3921
8.0918,1.3921
8.0924,1.3871
8.0929,1.3921
8.0935,1.3871
8.0940,1.3871
8.0946,1.3871
8.0951,1.3871
8.0956,1.3871
8.0962,1.3921
8.0967,1.3871
8.0973,1.3921
8.0978,1.3871
8.0984,1.3921
8.0989,1.3871
8.0994,1.3921
8.1000,1.3871
8.1005,1.3921
8.1011,1.3921
8.1016,1.3921
8.1022,1.3921
8.1027,1.3921
8.1032,1.3871
8.1038,1.3871
8.1043,1.3871
8.1049,1.3921
8.1054,1.3921
8.1060,1.3871
8.1065,1.3921
8.1071,1.3921
8.1076,1.3921
8.1081,1.3821
8.1087,1.3921
8.1092,1.3871
8.1098,1.3871
8.1104,1.3921
8.1110,1.3871
8.1115,1.3921
8.1121,1.3871
8.1126,1.3871
8.1131,1.3871
8.1137,1.3871
8.1142,1.3871
8.1148,1.3921
8.1153,1.3921
8.1158,1.3821
8.1164,1.3871
8.1169,1.3871
8.1175,1.3921
8.1180,1.3821
8.1185,1.3871
8.1191,1.3871
8.1196,1.3871
8.1202,1.3821
8.1207,1.3921
8.1212,1.3871
8.1218,1.3871
8.1223,1.3921
8.1228,1.3821
8.1234,1.3871
8.1239,1.3921
8.1245,1.3871
8.1250,1.3921
8.1255,1.3921
8.1261,1.3871
8.1266,1.3921
8.1272,1.3871
8.1277,1.3871
8.1282,1.3921
8.1288,1.3821
8.1293,1.3871
8.1298,1.3871
8.1304,1.3871
8.1309,1.3921
8.1315,1.3871
8.1320,1.3871
8.1325,1.3921
8.1331,1.3871
8.1336,1.3921
8.1342,1.3871
8.1347,1.3921
8.1352,1.3921
8.1358,1.3871
8.1363,1.3871
8.1368,1.3871
8.1374,1.3871
8.1379,1.3921
8.1385,1.3871
8.1390,1.3871
8.1395,1.3921
8.1401,1.3871
8.1406,1.3871
8.1412,1.3921
8.1417,1.3921
8.1423,1.3921
8.1428,1.3871
8.1433,1.3871
8.1439,1.3871
8.1444,1.3871
8.1449,1.3871
8.1455,1.3921
8.1460,1.3871
8.1466,1.3871
8.1471,1.3921
8.1476,1.3871
8.1482,1.3871
8.1487,1.3871
8.1493,1.3871
8.1498,1.3921
8.1503,1.3871
8.1509,1.3921
8.1514,1.3871
8.1519,1.3921
8.1525,1.3871
8.1530,1.3871
8.1536,1.3871
8.1541,1.3871
8.1546,1.3871
8.1552,1.3921
8.1557,1.3871
8.1563,1.3921
8.1568,1.3871
8.1573,1.3871
8.1579,1.3871
8.1584,1.3921
8.1590,1.3871
8.1595,1.3871
8.1600,1.3871
8.1606,1.3871
8.1611,1.3871
8.1616,1.3871
8.1622,1.3921
8.1627,1.3871
8.1633,1.3921
8.1638,1.3921
8.1643,1.3871
8.1649,1.3921
8.1654,1.3871
8.1659,1.3921
8.1665,1.3921
8.1670,1.3871
8.1676,1.3871
8.1681,1.3871
8.1686,1.3871
8.1692,1.3821
8.1697,1.3871
8.1703,1.3871
8.1708,1.3921
8.1713,1.3921
8.1719,1.3921
8.1724,1.3871
8.1729,1.3871
8.1735,1.3871
8.1740,1.3871
8.1746,1.3871
8.1751,1.3821
8.1756,1.3871
8.1762,1.3871
8.1767,1.3871
8.1773,1.3921
8.1778,1.3871
8.1783,1.3871
8.1789,1.3871
8.1794,1.3821
8.1799,1.3921
8.1805,1.3871
8.1810,1.3921
8.1816,1.3871
8.1821,1.3871
8.1826,1.3871
8.1832,1.3871
8.1837,1.3871
8.1843,1.3871
8.1848,1.3871
8.1853,1.3871
8.1859,1.3871
8.1864,1.3871
8.1870,1.3871
8.1875,1.3871
8.1880,1.3921
8.1886,1.3821
8.1891,1.3821
8.1896,1.3871
8.1902,1.3871
8.1907,1.3871
8.1913,1.3871
8.1918,1.3871
8.1923,1.3871
8.1929,1.3871
8.1934,1.3821
8.1940,1.3921
8.1945,1.3871
8.1951,1.3871
8.1956,1.3921
8.1961,1.3871
8.1967,1.3871
8.1972,1.3871
8.1978,1.3821
8.1983,1.3871
8.1988,1.3871
8.1994,1.3821
8.1999,1.3871
8.2005,1.3871
8.2010,1.3871
8.2015,1.3871
8.2021,1.3871
8.2026,1.3821
8.2031,1.3871
8.2037,1.3871
8.2042,1.3921
8.2048,1.3871
8.2053,1.3871
8.2058,1.3871
8.2064,1.3821
8.2069,1.3871
8.2075,1.3871
8.2080,1.3871
8.2086,1.3821
8.2091,1.3871
8.2096,1.3821
8.2102,1.3871
8.2108,1.3871
8.2114,1.3871
8.2119,1.3871
8.2124,1.3821
8.2130,1.3821
8.2135,1.3821
8.2141,1.3821
8.2146,1.3821
8.2152,1.3871
8.2157,1.3821
8.2163,1.3871
8.2168,1.3871
8.2174,1.3871
8.2180,1.3871
8.2185,1.3871
8.2191,1.3821
8.2196,1.3821
8.2202,1.3871
8.2207,1.3871
8.2213,1.3821
8.2218,1.3871
8.2224,1.3871
8.2229,1.3871
8.2235,1.3821
8.2240,1.3871
8.2246,1.3871
8.2251,1.3871
8.2257,1.3871
8.2262,1.3821
8.2268,1.3821
8.2273,1.3871
8.2279,1.3821
8.2284,1.3871
8.2289,1.3821
8.2295,1.3821
8.2300,1.3871
8.2306,1.3871
8.2311,1.3821
8.2317,1.3821
8.2322,1.3871
8.2328,1.3821
8.2333,1.3871
8.2339,1.3871
8.2344,1.3821
8.2350,1.3821
8.2355,1.3821
8.2361,1.3770
8.2366,1.3871
8.2372,1.3871
8.2377,1.3821
8.2383,1.3821
8.2388,1.3871
8.2394,1.3871
8.2399,1.3871
8.2405,1.3821
8.2410,1.3821
8.2416,1.3871
8.2421,1.3821
8.2427,1.3821
8.2432,1.3821
8.2438,1.3871
8.2443,1.3871
8.2449,1.3871
8.2454,1.3871
8.2460,1.3871
8.2465,1.3821
8.2471,1.3871
8.2476,1.3871
8.2482,1.3821
8.2487,1.3821
8.2493,1.3871
8.2498,1.3821
8.2504,1.3871
8.2509,1.3821
8.2515,1.3821
8.2520,1.3871
8.2526,1.3821
8.2531,1.3821
8.2537,1.3821
8.2542,1.3821
8.2548,1.3821
8.2553,1.3871
8.2559,1.3871
8.2564,1.3871
8.2570,1.3871
8.2575,1.3821
8.2581,1.3871
8.2586,1.3821
8.2592,1.3871
8.2597,1.3821
8.2603,1.3821
8.2608,1.3871
8.2614,1.3871
8.2619,1.3821
8.2625,1.3821
8.2630,1.3821
8.2636,1.3821
8.2641,1.3770
8.2647,1.3871
8.2652,1.3871
8.2658,1.3770
8.2663,1.3871
8.2669,1.3871
8.2674,1.3821
8.2680,1.3821
8.2685,1.3821
8.2691,1.3770
8.2696,1.3821
8.2702,1.3871
8.2707,1.3821
8.2713,1.3821
8.2718,1.3871
8.2724,1.3871
8.2729,1.3821
8.2735,1.3821
8.2740,1.3770
8.2746,1.3821
8.2751,1.3871
8.2757,1.3821
8.2762,1.3821
8.2768,1.3821
8.2773,1.3821
8.2779,1.3821
8.2784,1.3770
8.2790,1.3871
8.2795,1.3821
8.2801,1.3821
8.2806,1.3821
8.2812,1.3871
8.2817,1.3770
8.2823,1.3871
8.2828,1.3821
8.2834,1.3821
8.2839,1.3821
8.2845,1.3821
8.2850,1.3821
8.2856,1.3821
8.2861,1.3821
8.2867,1.3821
8.2872,1.3821
8.2878,1.3821
8.2883,1.3821
8.2889,1.3871
8.2894,1.3821
8.2900,1.3770
8.2905,1.3770
8.2911,1.3770
8.2916,1.3821
8.2922,1.3821
8.2927,1.3770
8.2933,1.3821
8.2938,1.3821
8.2944,1.3821
8.2949,1.3770
8.2955,1.3821
8.2960,1.3871
8.2966,1.3821
8.2971,1.3821
8.2977,1.3821
8.2982,1.3770
8.2988,1.3821
8.2993,1.3821
8.2999,1.3821
8.3004,1.3821
8.3010,1.3821
8.3015,1.3821
8.3021,1.3871
8.3026,1.3821
8.3032,1.3770
8.3037,1.3821
8.3043,1.3770
8.3048,1.3821
8.3054,1.3770
8.3059,1.3821
8.3065,1.3821
8.3070,1.3770
8.3076,1.3770
8.3081,1.3821
8.3087,1.3770
8.3092,1.3821
8.3098,1.3821
8.3103,1.3821
8.3109,1.3821
8.3114,1.3821
8.3120,1.3770
8.3125,1.3770
8.3131,1.3770
8.3136,1.3821
8.3142,1.3821
8.3147,1.3770
8.3153,1.3821
8.3158,1.3770
8.3164,1.3770
8.3169,1.3821
8.3175,1.3770
8.3180,1.3821
8.3186,1.3821
8.3191,1.3821
8.3197,1.3871
8.3202,1.3821
8.3208,1.3720
8.3213,1.3821
8.3219,1.3770
8.3224,1.3821
8.3230,1.3821
8.3235,1.3770
8.3241,1.3821
8.3246,1.3821
8.3252,1.3720
8.3257,1.3821
8.3263,1.3821
8.3268,1.3821
8.3274,1.3821
8.3279,1.3770
8.3285,1.3821
8.3290,1.3821
8.3296,1.3821
8.3301,1.3770
8.3307,1.3821
8.3312,1.3770
8.3318,1.3770
8.3323,1.3821
8.3329,1.3770
8.3334,1.3821
8.3340,1.3821
8.3345,1.3821
8.3351,1.3770
8.3356,1.3770
8.3362,1.3770
8.3367,1.3821
8.3373,1.3821
8.3378,1.3821
8.3384,1.3770
8.3389,1.3821
8.3395,1.3770
8.3400,1.3770
8.3406,1.3821
8.3411,1.3821
8.3417,1.3720
8.3422,1.3821
8.3428,1.3871
8.3433,1.3821
8.3439,1.3821
8.3444,1.3821
8.3450,1.3770
8.3455,1.3821
8.3461,1.3720
8.3466,1.3821
8.3472,1.3821
8.3477,1.3770
8.3483,1.3821
8.3489,1.3770
8.3494,1.3821
8.3500,1.3821
8.3505,1.3770
8.3510,1.3821
8.3516,1.3821
8.3521,1.3720
8.3527,1.3821
8.3532,1.3770
8.3538,1.3770
8.3543,1.3821
8.3549,1.3720
8.3554,1.3821
8.3560,1.3821
8.3565,1.3770
8.3571,1.3770
8.3576,1.3821
8.3582,1.3770
8.3587,1.3720
8.3593,1.3770
8.3598,1.3770
8.3604,1.3720
8.3609,1.3770
8.3615,1.3770
8.3620,1.3821
8.3626,1.3770
8.3631,1.3770
8.3637,1.3770
8.3642,1.3770
8.3648,1.3770
8.3653,1.3770
8.3659,1.3770
8.3664,1.3770
8.3670,1.3770
8.3675,1.3770
8.3681,1.3821
8.3686,1.3770
8.3692,1.3770
8.3697,1.3770
8.3703,1.3770
8.3708,1.3821
8.3714,1.3720
8.3719,1.3770
8.3725,1.3720
8.3730,1.3770
8.3736,1.3770
8.3741,1.3821
8.3747,1.3720
8.3752,1.3770
8.3758,1.3770
8.3763,1.3720
8.3769,1.3770
8.3774,1.3770
8.3780,1.3770
8.3785,1.3770
8.3791,1.3770
8.3796,1.3770
8.3802,1.3720
8.3807,1.3770
8.3813,1.3770
8.3818,1.3720
8.3824,1.3770
8.3829,1.3770
8.3835,1.3770
8.3840,1.3770
8.3846,1.3770
8.3851,1.3770
8.3857,1.3770
8.3862,1.3770
8.3868,1.3770
8.3873,1.3770
8.3879,1.3770
8.3884,1.3770
8.3890,1.3770
8.3895,1.3770
8.3901,1.3770
8.3906,1.3770
8.3912,1.3770
8.3917,1.3720
8.3923,1.3770
8.3928,1.3770
8.3934,1.3770
8.3939,1.3770
8.3945,1.3720
8.3950,1.3770
8.3955,1.3770
8.3961,1.3720
8.3966,1.3770
8.3972,1.3770
8.3977,1.3720
8.3983,1.3770
8.3988,1.3770
8.3994,1.3720
8.3999,1.3770
8.4005,1.3770
8.4010,1.3770
8.4016,1.3770
8.4021,1.3770
8.4026,1.3770
8.4032,1.3770
8.4037,1.3720
8.4043,1.3770
8.4048,1.3770
8.4054,1.3720
8.4059,1.3720
8.4065,1.3770
8.4070,1.3770
8.4076,1.3720
8.4081,1.3770
8.4087,1.3720
8.4092,1.3720
8.4098,1.3770
8.4103,1.3770
8.4109,1.3770
8.4114,1.3720
8.4120,1.3720
8.4126,1.3770
8.4131,1.3770
8.4137,1.3821
8.4142,1.3720
8.4148,1.3770
8.4153,1.3770
8.4159,1.3770
8.4164,1.3770
8.4170,1.3770
8.4175,1.3770
8.4181,1.3720
8.4186,1.3720
8.4192,1.3720
8.4197,1.3720
8.4203,1.3770
8.4208,1.3770
8.4214,1.3770
8.4219,1.3770
8.4225,1.3720
8.4230,1.3770
8.4236,1.3720
8.4241,1.3770
8.4247,1.3770
8.4252,1.3720
8.4258,1.3770
8.4263,1.3720
8.4269,1.3770
8.4274,1.3770
8.4280,1.3770
8.4285,1.3770
8.4291,1.3770
8.4296,1.3770
8.4302,1.3720
8.4307,1.3770
8.4313,1.3720
8.4318,1.3720
8.4324,1.3720
8.4329,1.3720
8.4335,1.3720
8.4340,1.3770
8.4346,1.3720
8.4351,1.3770
8.4357,1.3770
8.4362,1.3770
8.4368,1.3720
8.4373,1.3720
8.4379,1.3821
8.4384,1.3770
8.4390,1.3770
8.4395,1.3720
8.4401,1.3770
8.4406,1.3821
8.4412,1.3770
8.4417,1.3770
8.4423,1.3720
8.4428,1.3770
8.4434,1.3770
8.4439,1.3770
8.4445,1.3720
8.4450,1.3770
8.4456,1.3720
8.4461,1.3770
8.4467,1.3770
8.4472,1.3821
8.4478,1.3770
8.4483,1.3770
8.4489,1.3770
8.4494,1.3770
8.4500,1.3770
8.4505,1.3770
8.4511,1.3821
8.4516,1.3720
8.4522,1.3770
8.4527,1.3770
8.4533,1.3770
8.4538,1.3821
8.4544,1.3770
8.4549,1.3770
8.4555,1.3770
8.4560,1.3821
8.4566,1.3770
8.4571,1.3821
8.4577,1.3821
8.4582,1.3821
8.4587,1.3821
8.4593,1.3770
8.4598,1.3821
8.4604,1.3821
8.4609,1.3821
8.4615,1.3821
8.4620,1.3770
8.4626,1.3821
8.4631,1.3770
8.4637,1.3821
8.4642,1.3871
8.4648,1.3770
8.4653,1.3821
8.4659,1.3821
8.4664,1.3821
8.4670,1.3821
8.4675,1.3821
8.4681,1.3821
8.4686,1.3821
8.4692,1.3821
8.4697,1.3871
8.4703,1.3821
8.4708,1.3871
8.4714,1.3871
8.4719,1.3821
8.4725,1.3871
8.4731,1.3821
8.4736,1.3871
8.4742,1.3871
8.4747,1.3821
8.4753,1.3821
8.4758,1.3871
8.4764,1.3770
8.4769,1.3871
8.4775,1.3871
8.4780,1.3871
8.4786,1.3821
8.4791,1.3871
8.4797,1.3871
8.4802,1.3921
8.4808,1.3871
8.4813,1.3821
8.4819,1.3871
8.4824,1.3921
8.4830,1.3871
8.4835,1.3871
8.4841,1.3871
8.4846,1.3921
8.4852,1.3871
8.4857,1.3871
8.4863,1.3871
8.4868,1.3921
8.4874,1.3921
8.4879,1.3871
8.4885,1.3921
8.4890,1.3921
8.4896,1.3921
8.4901,1.3921
8.4907,1.3871
8.4912,1.3921
8.4918,1.3921
8.4923,1.3921
8.4929,1.3921
8.4935,1.3921
8.4940,1.3921
8.4946,1.3921
8.4951,1.3871
8.4956,1.3921
8.4962,1.3871
8.4967,1.3921
8.4973,1.3921
8.4978,1.3921
8.4984,1.3921
8.4989,1.3921
8.4995,1.3921
8.5000,1.3921
8.5006,1.3871
8.5011,1.3921
8.5017,1.3921
8.5022,1.3921
8.5028,1.3921
8.5033,1.3921
8.5039,1.3921
8.5044,1.3921
8.5050,1.3921
8.5055,1.3921
8.5061,1.3972
8.5066,1.3921
8.5072,1.3921
8.5077,1.3921
8.5083,1.3921
8.5088,1.3921
8.5094,1.3921
8.5099,1.3921
8.5105,1.3972
8.5111,1.3921
8.5136,1.3921
8.5142,1.3921
8.5148,1.3921
8.5154,1.3972
8.5160,1.3972
8.5165,1.3921
8.5171,1.3921
8.5176,1.3972
8.5182,1.3972
8.5188,1.3921
8.5193,1.3972
8.5199,1.3972
8.5204,1.3972
8.5210,1.3972
8.5215,1.3921
8.5221,1.3921
8.5227,1.3972
8.5232,1.3972
8.5238,1.3972
8.5244,1.3972
8.5249,1.4022
8.5255,1.3972
8.5260,1.3921
8.5266,1.3972
8.5271,1.3921
8.5277,1.3921
8.5282,1.3972
8.5288,1.3972
8.5294,1.4022
8.5299,1.3972
8.5305,1.3972
8.5312,1.3972
8.5318,1.3972
8.5324,1.3972
8.5330,1.3972
8.5336,1.3972
8.5342,1.3972
8.5348,1.3972
8.5353,1.4022
8.5359,1.3972
8.5365,1.3972
8.5370,1.3921
8.5376,1.4022
8.5382,1.3972
8.5388,1.3972
8.5393,1.3921
8.5399,1.4022
8.5404,1.3921
8.5410,1.4022
8.5416,1.4022
8.5422,1.3972
8.5427,1.3972
8.5432,1.4022
8.5438,1.3972
8.5444,1.4022
8.5450,1.3972
8.5456,1.3921
8.5461,1.3972
8.5467,1.3972
8.5472,1.3972
8.5478,1.3972
8.5483,1.3972
8.5488,1.3972
8.5494,1.3972
8.5499,1.3972
8.5505,1.4022
8.5510,1.3972
8.5516,1.4022
8.5521,1.3972
8.5527,1.3972
8.5532,1.3972
8.5538,1.3972
8.5543,1.3972
8.5548,1.3972
8.5554,1.4022
8.5559,1.3972
8.5565,1.3972
8.5571,1.3972
8.5576,1.3972
8.5582,1.4022
8.5587,1.3921
8.5593,1.3972
8.5598,1.3972
8.5604,1.3921
8.5610,1.4022
8.5615,1.3972
8.5620,1.4022
8.5626,1.3972
8.5631,1.3972
8.5637,1.3972
8.5642,1.4022
8.5648,1.3972
8.5653,1.3972
8.5658,1.3972
8.5664,1.3972
8.5669,1.3972
8.5675,1.4022
8.5680,1.3972
8.5685,1.4022
8.5691,1.3972
8.5696,1.3972
8.5702,1.3972
8.5707,1.3972
8.5712,1.3921
8.5718,1.4022
8.5723,1.3972
8.5729,1.3972
8.5735,1.3972
8.5740,1.3972
8.5746,1.4022
8.5751,1.4022
8.5756,1.3972
8.5762,1.3921
8.5767,1.3972
8.5773,1.3921
8.5778,1.4022
8.5784,1.3972
8.5789,1.3972
8.5794,1.3972
8.5800,1.4022
8.5805,1.4022
8.5811,1.4022
8.5816,1.4022
8.5822,1.4022
8.5827,1.3972
8.5832,1.4022
8.5838,1.3972
8.5843,1.4022
8.5849,1.4022
8.5854,1.4022
8.5860,1.4022
8.5865,1.4022
8.5870,1.3921
8.5876,1.3972
8.5881,1.3972
8.5887,1.4022
8.5892,1.3972
8.5898,1.3921
8.5903,1.3972
8.5909,1.4022
8.5914,1.3972
8.5919,1.3972
8.5925,1.3972
8.5930,1.3972
8.5936,1.3972
8.5941,1.3972
8.5947,1.3972
8.5952,1.3972
8.5957,1.3921
8.5963,1.4022
8.5968,1.4022
8.5974,1.4022
8.5979,1.4022
8.5985,1.3972
8.5990,1.3972
8.5996,1.3972
8.6001,1.3972
8.6006,1.3972
8.6012,1.3972
8.6017,1.3972
8.6023,1.3972
8.6028,1.3972
8.6034,1.3972
8.6039,1.3921
8.6045,1.3972
8.6050,1.3972
8.6055,1.3972
8.6061,1.3972
8.6066,1.3972
8.6072,1.3972
8.6077,1.3972
8.6083,1.3972
8.6088,1.3972
8.6094,1.3972
8.6099,1.3921
8.6104,1.4022
8.6110,1.3972
8.6115,1.3972
8.6121,1.3972
8.6126,1.3972
8.6132,1.3972
8.6137,1.3972
8.6144,1.3972
8.6149,1.3972
8.6155,1.3972
8.6160,1.3972
8.6166,1.3972
8.6171,1.3972
8.6177,1.3972
8.6182,1.3972
8.6188,1.3972
8.6193,1.3972
8.6199,1.3972
8.6204,1.3972
8.6210,1.3972
8.6215,1.3921
8.6221,1.3972
8.6226,1.4022
8.6232,1.3921
8.6237,1.3972
8.6243,1.3972
8.6248,1.3972
8.6254,1.3921
8.6259,1.3972
8.6265,1.3972
8.6270,1.3972
8.6276,1.3972
8.6281,1.4022
8.6287,1.3921
8.6292,1.3972
8.6298,1.3921
8.6304,1.3921
8.6309,1.3972
8.6315,1.4022
8.6320,1.3921
8.6326,1.3972
8.6331,1.4022
8.6337,1.3972
8.6342,1.3972
8.6348,1.3921
8.6353,1.3972
8.6359,1.3972
8.6364,1.3972
8.6370,1.3972
8.6375,1.3972
8.6381,1.3972
8.6386,1.3972
8.6392,1.3972
8.6397,1.3921
8.6403,1.3972
8.6408,1.3972
8.6414,1.3972
8.6419,1.3972
8.6425,1.3972
8.6430,1.3972
8.6436,1.3972
8.6441,1.3921
8.6447,1.3972
8.6452,1.3972
8.6458,1.3972
8.6463,1.3972
8.6469,1.3972
8.6474,1.3972
8.6480,1.3972
8.6485,1.3972
8.6491,1.3972
8.6496,1.3972
8.6502,1.3921
8.6507,1.3972
8.6513,1.3972
8.6518,1.3972
8.6524,1.3972
8.6529,1.3972
8.6535,1.3921
8.6540,1.3921
8.6546,1.3972
8.6551,1.3921
8.6557,1.3972
8.6562,1.3972
8.6568,1.3972
8.6573,1.3972
8.6579,1.3972
8.6584,1.3972
8.6590,1.3921
8.6595,1.3972
8.6601,1.3972
8.6606,1.3871
8.6612,1.3921
8.6617,1.3972
8.6623,1.3921
8.6628,1.3972
8.6634,1.3921
8.6639,1.3972
8.6645,1.3871
8.6650,1.3921
8.6656,1.3921
8.6661,1.3921
8.6667,1.3921
8.6672,1.3972
8.6678,1.3972
8.6683,1.3972
8.6689,1.3921
8.6694,1.3972
8.6700,1.3972
8.6705,1.3972
8.6711,1.3921
8.6716,1.3921
8.6722,1.3972
8.6727,1.3972
8.6733,1.3972
8.6739,1.3921
8.6744,1.3921
8.6750,1.3972
8.6755,1.3921
8.6761,1.3972
8.6766,1.3972
8.6772,1.3921
8.6777,1.3972
8.6783,1.3972
8.6788,1.3921
8.6794,1.3921
8.6799,1.3921
8.6805,1.3921
8.6810,1.3921
8.6816,1.3921
8.6821,1.3921
8.6827,1.3871
8.6832,1.3921
8.6838,1.3921
8.6843,1.3921
8.6849,1.3921
8.6854,1.3972
8.6860,1.3921
8.6865,1.3921
8.6871,1.3921
8.6876,1.3972
8.6882,1.3972
8.6887,1.3972
8.6893,1.3921
8.6898,1.3921
8.6904,1.3921
8.6909,1.3921
8.6915,1.3921
8.6920,1.3921
8.6926,1.3921
8.6931,1.3921
8.6937,1.3921
8.6942,1.3921
8.6948,1.3972
8.6953,1.3921
8.6959,1.3921
8.6964,1.3921
8.6970,1.3921
8.6975,1.3921
8.6981,1.3921
8.6986,1.3972
8.6992,1.3871
8.6997,1.3921
8.7003,1.3921
8.7008,1.3921
8.7014,1.3921
8.7019,1.3921
8.7025,1.3921
8.7030,1.3871
8.7036,1.3871
8.7042,1.3921
8.7047,1.3921
8.7053,1.3921
8.7058,1.3921
8.7064,1.3921
8.7069,1.3921
8.7075,1.3921
8.7080,1.3871
8.7086,1.3921
8.7091,1.3921
8.7097,1.3921
8.7102,1.3921
8.7108,1.3871
8.7113,1.3921
8.7119,1.3972
8.7124,1.3921
8.7130,1.3871
8.7135,1.3921
8.7141,1.3871
8.7146,1.3871
8.7152,1.3921
8.7157,1.3921
8.7163,1.3921
8.7168,1.3921
8.7174,1.3921
8.7179,1.3921
8.7185,1.3871
8.7190,1.3921
8.7196,1.3921
8.7201,1.3871
8.7207,1.3871
8.7212,1.3871
8.7218,1.3921
8.7223,1.3921
8.7229,1.3871
8.7234,1.3871
8.7240,1.3871
8.7245,1.3921
8.7251,1.3921
8.7256,1.3921
8.7262,1.3871
8.7267,1.3871
8.7273,1.3921
8.7278,1.3871
8.7284,1.3921
8.7289,1.3871
8.7295,1.3921
8.7300,1.3921
8.7306,1.3871
8.7311,1.3921
8.7317,1.3871
8.7322,1.3871
8.7328,1.3921
8.7333,1.3921
8.7339,1.3921
8.7344,1.3871
8.7350,1.3921
8.7355,1.3921
8.7361,1.3871
8.7366,1.3921
8.7372,1.3871
8.7377,1.3921
8.7383,1.3871
8.7388,1.3921
8.7394,1.3921
8.7399,1.3921
8.7405,1.3921
8.7410,1.3921
8.7415,1.3921
8.7421,1.3921
8.7426,1.3871
8.7432,1.3921
8.7437,1.3921
8.7443,1.3871
8.7448,1.3871
8.7454,1.3921
8.7460,1.3921
8.7465,1.3921
8.7471,1.3871
8.7476,1.3921
8.7482,1.3871
8.7487,1.3921
8.7493,1.3972
8.7498,1.3871
8.7504,1.3921
8.7509,1.3921
8.7515,1.3921
8.7520,1.3921
8.7526,1.3871
8.7531,1.3921
8.7537,1.3821
8.7542,1.3921
8.7548,1.3871
8.7553,1.3921
8.7558,1.3921
8.7564,1.3921
8.7569,1.3921
8.7575,1.3821
8.7580,1.3921
8.7586,1.3921
8.7591,1.3921
8.7597,1.3921
8.7602,1.3871
8.7608,1.3871
8.7613,1.3921
8.7618,1.3871
8.7624,1.3871
8.7629,1.3921
8.7635,1.3871
8.7641,1.3871
8.7646,1.3921
8.7652,1.3871
8.7657,1.3921
8.7663,1.3871
8.7668,1.3921
8.7674,1.3921
8.7679,1.3921
8.7685,1.3921
8.7690,1.3871
8.7696,1.3871
8.7701,1.3871
8.7707,1.3871
8.7712,1.3871
8.7718,1.3871
8.7723,1.3821
8.7729,1.3921
8.7735,1.3871
8.7740,1.3871
8.7746,1.3871
8.7751,1.3871
8.7757,1.3921
8.7762,1.3871
8.7768,1.3871
8.7773,1.3871
8.7779,1.3921
8.7784,1.3871
8.7790,1.3871
8.7795,1.3871
8.7801,1.3871
8.7806,1.3871
8.7812,1.3871
8.7817,1.3871
8.7823,1.3921
8.7828,1.3921
8.7834,1.3921
8.7839,1.3871
8.7845,1.3921
8.7850,1.3821
8.7856,1.3821
8.7861,1.3871
8.7867,1.3921
8.7872,1.3871
8.7878,1.3871
8.7883,1.3871
8.7889,1.3871
8.7894,1.3871
8.7900,1.3871
8.7905,1.3821
8.7911,1.3921
8.7916,1.3871
8.7922,1.3871
8.7927,1.3871
8.7933,1.3871
8.7938,1.3921
8.7944,1.3921
8.7949,1.3871
8.7955,1.3871
8.7960,1.3871
8.7966,1.3871
8.7971,1.3821
8.7977,1.3871
8.7982,1.3821
8.7988,1.3871
8.7993,1.3871
8.7999,1.3921
8.8004,1.3821
8.8010,1.3871
8.8015,1.3871
8.8021,1.3871
8.8026,1.3871
8.8032,1.3871
8.8037,1.3921
8.8043,1.3871
8.8048,1.3921
8.8054,1.3871
8.8059,1.3871
8.8065,1.3921
8.8070,1.3871
8.8076,1.3871
8.8081,1.3871
8.8087,1.3921
8.8092,1.3871
8.8098,1.3921
8.8103,1.3921
8.8109,1.3871
8.8114,1.3871
8.8120,1.3871
8.8125,1.3871
8.8131,1.3871
8.8136,1.3871
8.8142,1.3921
8.8147,1.3871
8.8153,1.3871
8.8159,1.3871
8.8164,1.3871
8.8170,1.3871
8.8175,1.3871
8.8181,1.3871
8.8186,1.3871
8.8192,1.3871
8.8197,1.3871
8.8203,1.3921
8.8208,1.3871
8.8214,1.3871
8.8219,1.3871
8.8225,1.3921
8.8230,1.3821
8.8236,1.3871
8.8241,1.3921
8.8247,1.3821
8.8252,1.3921
8.8258,1.3921
8.8263,1.3871
8.8268,1.3871
8.8274,1.3871
8.8279,1.3921
8.8285,1.3871
8.8290,1.3871
8.8296,1.3871
8.8301,1.3871
8.8307,1.3871
8.8312,1.3821
8.8318,1.3921
8.8323,1.3871
8.8329,1.3871
8.8334,1.3921
8.8340,1.3821
8.8345,1.3871
8.8351,1.3921
8.8356,1.3871
8.8362,1.3871
8.8367,1.3871
8.8373,1.3871
8.8378,1.3921
8.8384,1.3871
8.8389,1.3821
8.8395,1.3921
8.8401,1.3871
8.8406,1.3871
8.8412,1.3871
8.8417,1.3871
8.8423,1.3821
8.8428,1.3871
8.8434,1.3871
8.8439,1.3871
8.8445,1.3821
8.8450,1.3871
8.8456,1.3871
8.8461,1.3821
8.8467,1.3821
8.8472,1.3871
8.8478,1.3871
8.8483,1.3871
8.8489,1.3871
8.8494,1.3871
8.8500,1.3871
8.8505,1.3871
8.8511,1.3871
8.8516,1.3921
8.8522,1.3821
8.8527,1.3871
8.8532,1.3871
8.8538,1.3871
8.8544,1.3871
8.8549,1.3871
8.8555,1.3871
8.8560,1.3871
8.8566,1.3871
8.8571,1.3871
8.8576,1.3871
8.8582,1.3871
8.8587,1.3871
8.8593,1.3821
8.8598,1.3871
8.8604,1.3871
8.8609,1.3871
8.8615,1.3871
8.8620,1.3871
8.8626,1.3871
8.8631,1.3871
8.8637,1.3871
8.8642,1.3871
8.8648,1.3921
8.8653,1.3871
8.8659,1.3871
8.8664,1.3871
8.8670,1.3871
8.8675,1.3871
8.8681,1.3821
8.8686,1.3871
8.8692,1.3871
8.8697,1.3871
8.8703,1.3821
8.8708,1.3821
8.8714,1.3871
8.8719,1.3821
8.8725,1.3821
8.8730,1.3871
8.8736,1.3821
8.8741,1.3871
8.8747,1.3871
8.8752,1.3871
8.8758,1.3871
8.8763,1.3871
8.8769,1.3871
8.8774,1.3871
8.8780,1.3871
8.8785,1.3871
8.8791,1.3821
8.8796,1.3871
8.8802,1.3871
8.8807,1.3821
8.8813,1.3871
8.8818,1.3871
8.8824,1.3871
8.8829,1.3821
8.8835,1.3821
8.8840,1.3871
8.8846,1.3821
8.8851,1.3871
8.8857,1.3871
8.8862,1.3871
8.8868,1.3821
8.8873,1.3821
8.8879,1.3821
8.8884,1.3821
8.8890,1.3770
8.8895,1.3871
8.8901,1.3871
8.8906,1.3871
8.8912,1.3871
8.8917,1.3821
8.8923,1.3821
8.8928,1.3821
8.8935,1.3821
8.8941,1.3871
8.8947,1.3821
8.8952,1.3821
8.8958,1.3871
8.8963,1.3821
8.8969,1.3871
8.8974,1.3871
8.8980,1.3821
8.8985,1.3821
8.8991,1.3821
8.8996,1.3871
8.9002,1.3871
8.9007,1.3821
8.9013,1.3821
8.9018,1.3821
8.9024,1.3821
8.9029,1.3871
8.9035,1.3821
8.9040,1.3821
8.9046,1.3871
8.9051,1.3821
8.9057,1.3871
8.9062,1.3821
8.9068,1.3821
8.9073,1.3770
8.9079,1.3821
8.9084,1.3821
8.9089,1.3821
8.9095,1.3821
8.9101,1.3770
8.9106,1.3821
8.9112,1.3871
8.9117,1.3871
8.9123,1.3821
8.9128,1.3821
8.9133,1.3821
8.9139,1.3821
8.9145,1.3871
8.9150,1.3821
8.9155,1.3770
8.9161,1.3871
8.9167,1.3821
8.9172,1.3770
8.9178,1.3871
8.9183,1.3821
8.9189,1.3821
8.9194,1.3821
8.9200,1.3871
8.9205,1.3821
8.9211,1.3871
8.9216,1.3821
8.9222,1.3821
8.9227,1.3821
8.9233,1.3821
8.9238,1.3821
8.9244,1.3821
8.9249,1.3770
8.9255,1.3821
8.9260,1.3821
8.9266,1.3770
8.9271,1.3821
8.9277,1.3770
8.9282,1.3770
8.9288,1.3821
8.9293,1.3821
8.9299,1.3821
8.9304,1.3871
8.9310,1.3821
8.9315,1.3821
8.9321,1.3821
8.9326,1.3821
8.9332,1.3821
8.9337,1.3821
8.9343,1.3821
8.9348,1.3770
8.9354,1.3821
8.9359,1.3770
8.9365,1.3821
8.9370,1.3821
8.9375,1.3821
8.9381,1.3821
8.9386,1.3821
8.9392,1.3770
8.9397,1.3821
8.9403,1.3770
8.9408,1.3821
8.9414,1.3770
8.9419,1.3821
8.9425,1.3821
8.9430,1.3770
8.9436,1.3770
8.9441,1.3821
8.9447,1.3770
8.9452,1.3821
8.9458,1.3821
8.9463,1.3770
8.9469,1.3871
8.9474,1.3821
8.9480,1.3770
8.9485,1.3720
8.9491,1.3821
8.9496,1.3821
8.9502,1.3821
8.9507,1.3821
8.9513,1.3821
8.9518,1.3770
8.9524,1.3821
8.9529,1.3770
8.9535,1.3821
8.9540,1.3821
8.9546,1.3770
8.9551,1.3821
8.9557,1.3821
8.9562,1.3770
8.9567,1.3770
8.9573,1.3770
8.9578,1.3821
8.9584,1.3720
8.9589,1.3770
8.9595,1.3821
8.9600,1.3770
8.9606,1.3821
8.9611,1.3821
8.9617,1.3821
8.9622,1.3821
8.9627,1.3770
8.9633,1.3720
8.9639,1.3720
8.9645,1.3770
8.9650,1.3821
8.9656,1.3821
8.9661,1.3821
8.9667,1.3770
8.9672,1.3821
8.9678,1.3821
8.9683,1.3770
8.9689,1.3821
8.9694,1.3821
8.9700,1.3770
8.9705,1.3821
8.9711,1.3821
8.9716,1.3821
8.9722,1.3770
8.9727,1.3821
8.9733,1.3770
8.9738,1.3821
8.9744,1.3770
8.9749,1.3720
8.9755,1.3770
8.9760,1.3770
8.9766,1.3720
8.9771,1.3821
8.9777,1.3770
8.9782,1.3770
8.9788,1.3770
8.9793,1.3770
8.9799,1.3770
8.9805,1.3770
8.9810,1.3770
8.9816,1.3821
8.9821,1.3770
8.9827,1.3770
8.9832,1.3821
8.9838,1.3720
8.9843,1.3821
8.9849,1.3770
8.9854,1.3770
8.9860,1.3770
8.9865,1.3770
8.9871,1.3720
8.9876,1.3770
8.9882,1.3720
8.9887,1.3770
8.9893,1.3720
8.9898,1.3770
8.9904,1.3770
8.9909,1.3720
8.9915,1.3720
8.9920,1.3821
8.9926,1.3770
8.9931,1.3770
8.9937,1.3770
8.9942,1.3770
8.9948,1.3770
8.9953,1.3821
8.9959,1.3720
8.9964,1.3770
8.9970,1.3770
8.9975,1.3770
8.9981,1.3720
8.9986,1.3770
8.9992,1.3821
8.9997,1.3770
9.0003,1.3770
9.0008,1.3770
9.0014,1.3770
9.0019,1.3720
9.0024,1.3770
9.0030,1.3821
9.0036,1.3770
9.0041,1.3770
9.0047,1.3770
9.0052,1.3821
9.0058,1.3720
9.0063,1.3770
9.0068,1.3770
9.0074,1.3770
9.0079,1.3770
9.0085,1.3770
9.0091,1.3720
9.0096,1.3770
9.0103,1.3770
9.0108,1.3821
9.0136,1.3770
9.0142,1.3770
9.0148,1.3770
9.0154,1.3770
9.0159,1.3821
9.0165,1.3770
9.0171,1.3770
9.0176,1.3770
9.0182,1.3770
9.0188,1.3720
9.0193,1.3720
9.0199,1.3821
9.0204,1.3720
9.0210,1.3770
9.0215,1.3770
9.0221,1.3770
9.0226,1.3720
9.0232,1.3770
9.0238,1.3720
9.0244,1.3720
9.0249,1.3770
9.0255,1.3770
9.0260,1.3770
9.0266,1.3821
9.0271,1.3720
9.0277,1.3770
9.0283,1.3770
9.0288,1.3770
9.0294,1.3720
9.0300,1.3770
9.0305,1.3770
9.0311,1.3770
9.0317,1.3770
9.0323,1.3770
9.0329,1.3770
9.0335,1.3770
9.0341,1.3770
9.0347,1.3770
9.0352,1.3770
9.0362,1.3770
9.0368,1.3770
9.0373,1.3770
9.0378,1.3770
9.0384,1.3770
9.0389,1.3770
9.0395,1.3770
9.0400,1.3770
9.0406,1.3720
9.0412,1.3770
9.0418,1.3770
9.0423,1.3720
9.0429,1.3720
9.0434,1.3770
9.0439,1.3821
9.0445,1.3770
9.0450,1.3770
9.0456,1.3770
9.0461,1.3821
9.0467,1.3720
9.0472,1.3770
9.0477,1.3720
9.0483,1.3770
9.0488,1.3770
9.0494,1.3770
9.0499,1.3720
9.0505,1.3770
9.0510,1.3770
9.0515,1.3770
9.0521,1.3821
9.0526,1.3770
9.0532,1.3720
9.0538,1.3720
9.0543,1.3770
9.0548,1.3720
9.0554,1.3720
9.0559,1.3770
9.0565,1.3770
9.0570,1.3770
9.0576,1.3770
9.0582,1.3720
9.0587,1.3770
9.0593,1.3720
9.0598,1.3770
9.0604,1.3770
9.0609,1.3770
9.0614,1.3770
9.0620,1.3770
9.0625,1.3770
9.0631,1.3770
9.0636,1.3770
9.0642,1.3720
9.0647,1.3770
9.0652,1.3770
9.0658,1.3770
9.0663,1.3720
9.0669,1.3720
9.0674,1.3770
9.0680,1.3770
9.0685,1.3770
9.0690,1.3720
9.0696,1.3770
9.0701,1.3770
9.0707,1.3770
9.0712,1.3720
9.0718,1.3720
9.0723,1.3720
9.0728,1.3770
9.0734,1.3770
9.0739,1.3770
9.0745,1.3720
9.0750,1.3720
9.0756,1.3720
9.0761,1.3770
9.0767,1.3720
9.0772,1.3720
9.0778,1.3770
9.0783,1.3770
9.0788,1.3770
9.0794,1.3720
9.0799,1.3770
9.0805,1.3720
9.0810,1.3770
9.0816,1.3770
9.0821,1.3770
9.0826,1.3720
9.0832,1.3770
9.0837,1.3720
9.0843,1.3720
9.0848,1.3770
9.0854,1.3770
9.0859,1.3720
9.0864,1.3770
9.0870,1.3720
9.0875,1.3770
9.0881,1.3770
9.0886,1.3720
9.0892,1.3720
9.0897,1.3720
9.0902,1.3770
9.0908,1.3720
9.0913,1.3720
9.0919,1.3770
9.0924,1.3770
9.0930,1.3770
9.0935,1.3720
9.0941,1.3770
9.0946,1.3770
9.0951,1.3770
9.0957,1.3770
9.0962,1.3720
9.0968,1.3770
9.0973,1.3720
9.0978,1.3770
9.0984,1.3720
9.0989,1.3770
9.0995,1.3720
9.1000,1.3720
9.1006,1.3770
9.1011,1.3770
9.1016,1.3770
9.1022,1.3770
9.1027,1.3770
9.1033,1.3720
9.1038,1.3770
9.1044,1.3720
9.1049,1.3770
9.1054,1.3720
9.1060,1.3720
9.1065,1.3720
9.1071,1.3770
9.1076,1.3720
9.1082,1.3720
9.1087,1.3720
9.1092,1.3770
9.1098,1.3821
9.1103,1.3770
9.1109,1.3720
9.1114,1.3720
9.1120,1.3720
9.1125,1.3770
9.1130,1.3720
9.1136,1.3770
9.1141,1.3770
9.1147,1.3770
9.1152,1.3770
9.1158,1.3770
9.1163,1.3720
9.1168,1.3720
9.1175,1.3720
9.1181,1.3770
9.1186,1.3720
9.1191,1.3770
9.1197,1.3720
9.1202,1.3770
9.1213,1.3770
9.1219,1.3770
9.1225,1.3770
9.1231,1.3821
9.1237,1.3770
9.1243,1.3770
9.1249,1.3720
9.1255,1.3770
9.1261,1.3770
9.1267,1.3821
9.1272,1.3770
9.1278,1.3821
9.1284,1.3720
9.1289,1.3720
9.1296,1.3770
9.1302,1.3770
9.1308,1.3821
9.1314,1.3770
9.1320,1.3770
9.1325,1.3770
9.1331,1.3821
9.1336,1.3821
9.1341,1.3770
9.1347,1.3770
9.1352,1.3770
9.1358,1.3821
9.1363,1.3821
9.1368,1.3821
9.1374,1.3770
9.1379,1.3770
9.1384,1.3821
9.1390,1.3821
9.1395,1.3770
9.1401,1.3871
9.1406,1.3821
9.1412,1.3821
9.1418,1.3821
9.1423,1.3821
9.1428,1.3821
9.1434,1.3821
9.1439,1.3770
9.1445,1.3871
9.1450,1.3770
9.1455,1.3821
9.1461,1.3770
9.1466,1.3871
9.1471,1.3770
9.1477,1.3821
9.1482,1.3871
9.1488,1.3821
9.1493,1.3871
9.1498,1.3821
9.1504,1.3821
9.1509,1.3821
9.1514,1.3871
9.1520,1.3821
9.1525,1.3871
9.1530,1.3821
9.1536,1.3821
9.1541,1.3871
9.1547,1.3821
9.1552,1.3871
9.1557,1.3871
9.1563,1.3821
9.1568,1.3871
9.1574,1.3871
9.1579,1.3821
9.1585,1.3821
9.1590,1.3821
9.1596,1.3871
9.1601,1.3871
9.1606,1.3871
9.1612,1.3871
9.1617,1.3871
9.1623,1.3921
9.1628,1.3871
9.1633,1.3871
9.1639,1.3871
9.1644,1.3921
9.1649,1.3921
9.1655,1.3921
9.1660,1.3871
9.1666,1.3921
9.1671,1.3821
9.1676,1.3921
9.1682,1.3921
9.1687,1.3871
9.1692,1.3921
9.1698,1.3871
9.1703,1.3921
9.1709,1.3921
9.1714,1.3871
9.1719,1.3921
9.1725,1.3921
9.1730,1.3921
9.1735,1.3871
9.1741,1.3972
9.1746,1.3871
9.1752,1.3871
9.1757,1.3921
9.1762,1.3921
9.1768,1.3921
9.1773,1.3921
9.1778,1.3921
9.1784,1.3921
9.1789,1.3921
9.1795,1.3921
9.1800,1.3921
9.1805,1.3921
9.1811,1.3871
9.1816,1.3921
9.1821,1.3921
9.1827,1.3871
9.1832,1.3921
9.1838,1.3972
9.1843,1.3921
9.1848,1.3921
9.1854,1.3972
9.1859,1.3921
9.1864,1.3921
9.1870,1.3921
9.1875,1.3921
9.1881,1.3972
9.1886,1.3921
9.1891,1.3972
9.1897,1.3921
9.1902,1.3972
9.1907,1.3921
9.1913,1.3972
9.1918,1.3921
9.1924,1.3972
9.1929,1.3921
9.1935,1.3972
9.1940,1.3921
9.1946,1.3972
9.1951,1.3921
9.1957,1.3921
9.1962,1.3921
9.1967,1.3972
9.1973,1.3921
9.1978,1.3972
9.1984,1.3972
9.1989,1.3921
9.1994,1.3972
9.2000,1.3972
9.2005,1.3972
9.2011,1.3921
9.2016,1.3972
9.2021,1.3972
9.2027,1.3921
9.2032,1.3972
9.2038,1.3972
9.2043,1.3972
9.2048,1.3921
9.2054,1.3972
9.2059,1.3921
9.2065,1.3921
9.2070,1.3972
9.2076,1.3972
9.2081,1.3972
9.2086,1.3972
9.2092,1.3972
9.2097,1.3972
9.2103,1.3972
9.2108,1.3972
9.2113,1.3921
9.2119,1.3921
9.2124,1.3972
9.2130,1.3921
9.2135,1.3972
9.2140,1.3972
9.2146,1.3972
9.2151,1.3972
9.2157,1.3972
9.2162,1.3972
9.2167,1.3972
9.2173,1.3972
9.2178,1.3972
9.2184,1.3972
9.2189,1.3972
9.2195,1.3921
9.2200,1.3972
9.2205,1.3972
9.2211,1.4022
9.2216,1.3921
9.2222,1.3972
9.2227,1.3972
9.2232,1.4022
9.2238,1.3972
9.2243,1.4022
9.2249,1.3972
9.2254,1.4022
9.2260,1.3972
9.2265,1.3972
9.2270,1.3972
9.2276,1.4022
9.2281,1.3972
9.2287,1.3972
9.2292,1.3972
9.2297,1.3972
9.2303,1.3972
9.2308,1.3972
9.2314,1.4022
9.2319,1.3921
9.2324,1.3972
9.2330,1.4022
9.2335,1.3972
9.2341,1.3972
9.2346,1.3921
9.2351,1.3972
9.2357,1.4022
9.2362,1.3921
9.2368,1.3972
9.2373,1.3921
9.2378,1.3972
9.2384,1.3972
9.2389,1.3972
9.2395,1.4022
9.2400,1.3921
9.2405,1.4022
9.2411,1.3972
9.2416,1.3921
9.2422,1.3972
9.2427,1.3972
9.2432,1.3972
9.2438,1.3972
9.2443,1.3972
9.2449,1.3921
9.2454,1.4022
9.2460,1.3972
9.2465,1.4022
9.2470,1.3972
9.2476,1.3972
9.2481,1.3972
9.2487,1.3972
9.2492,1.4022
9.2497,1.4022
9.2503,1.3972
9.2508,1.4022
9.2514,1.3972
9.2519,1.3972
9.2524,1.4022
9.2530,1.4022
9.2535,1.4022
9.2541,1.3972
9.2546,1.3972
9.2552,1.4022
9.2557,1.4022
9.2562,1.3972
9.2568,1.3972
9.2573,1.4022
9.2579,1.4022
9.2584,1.3921
9.2589,1.4022
9.2595,1.3972
9.2600,1.3972
9.2606,1.4022
9.2611,1.3972
9.2617,1.3921
9.2622,1.3972
9.2628,1.3972
9.2633,1.4022
9.2638,1.3972
9.2644,1.3972
9.2649,1.3921
9.2655,1.3972
9.2660,1.3921
9.2666,1.4022
9.2671,1.3972
9.2676,1.3972
9.2682,1.3972
9.2687,1.4022
9.2693,1.3972
9.2698,1.3972
9.2703,1.3972
9.2709,1.3972
9.2714,1.3972
9.2720,1.4022
9.2725,1.3972
9.2730,1.3972
9.2736,1.3972
9.2741,1.4022
9.2747,1.3972
9.2752,1.3972
9.2757,1.3972
9.2763,1.3972
9.2768,1.3921
9.2774,1.3972
9.2779,1.3972
9.2785,1.3972
9.2790,1.3972
9.2795,1.3972
9.2801,1.3972
9.2806,1.4022
9.2812,1.3972
9.2817,1.3972
9.2822,1.3972
9.2828,1.3921
9.2833,1.3972
9.2839,1.4022
9.2844,1.3972
9.2849,1.3921
9.2855,1.4022
9.2860,1.4022
9.2866,1.4022
9.2871,1.3972
9.2877,1.4022
9.2882,1.3972
9.2887,1.3972
9.2893,1.3972
9.2898,1.3972
9.2904,1.3972
9.2909,1.4022
9.2914,1.3972
9.2920,1.3972
9.2925,1.3921
9.2931,1.3972
9.2936,1.3921
9.2941,1.3972
9.2947,1.3972
9.2952,1.4022
9.2958,1.3921
9.2963,1.3972
9.2969,1.4022
9.2974,1.4022
9.2979,1.3972
9.2985,1.3972
9.2990,1.3972
9.2996,1.4022
9.3001,1.3972
9.3006,1.3972
9.3012,1.3972
9.3017,1.4022
9.3023,1.3972
9.3028,1.3972
9.3033,1.3921
9.3039,1.3972
9.3044,1.3972
9.3050,1.3972
9.3055,1.3972
9.3061,1.4022
9.3066,1.4022
9.3071,1.3972
9.3077,1.4022
9.3082,1.3972
9.3088,1.3972
9.3093,1.3972
9.3098,1.4022
9.3104,1.3972
9.3109,1.3972
9.3115,1.3972
9.3120,1.3972
9.3125,1.3972
9.3131,1.3972
9.3136,1.3921
9.3142,1.3972
9.3147,1.3972
9.3152,1.3972
9.3158,1.3972
9.3163,1.3972
9.3169,1.3972
9.3174,1.4022
9.3180,1.3972
9.3186,1.3921
9.3191,1.3972
9.3197,1.3921
9.3202,1.3972
9.3208,1.3921
9.3213,1.3921
9.3219,1.3972
9.3224,1.3972
9.3230,1.3972
9.3235,1.3972
9.3241,1.3921
9.3246,1.3972
9.3252,1.3972
9.3257,1.3972
9.3262,1.3972
9.3268,1.3972
9.3273,1.3972
9.3279,1.3972
9.3284,1.3972
9.3290,1.3972
9.3295,1.3921
9.3301,1.3972
9.3306,1.3972
9.3312,1.3972
9.3317,1.3921
9.3323,1.3972
9.3328,1.3921
9.3334,1.3972
9.3339,1.3921
9.3345,1.3921
9.3350,1.3921
9.3356,1.3972
9.3361,1.4022
9.3367,1.3972
9.3372,1.3972
9.3378,1.3921
9.3383,1.3972
9.3389,1.3921
9.3394,1.3972
9.3399,1.3921
9.3405,1.3972
9.3410,1.3921
9.3416,1.3972
9.3421,1.3972
9.3427,1.3921
9.3432,1.3921
9.3438,1.3972
9.3443,1.3972
9.3449,1.3972
9.3454,1.3921
9.3460,1.3972
9.3465,1.3972
9.3471,1.3921
9.3476,1.3921
9.3481,1.3921
9.3487,1.3972
9.3492,1.3921
9.3498,1.3972
9.3503,1.3921
9.3509,1.3972
9.3514,1.3972
9.3520,1.3972
9.3525,1.3921
9.3531,1.3921
9.3536,1.3921
9.3542,1.3921
9.3547,1.3972
9.3553,1.3972
9.3558,1.3972
9.3563,1.3972
9.3569,1.3921
9.3574,1.3972
9.3580,1.3972
9.3585,1.3972
9.3591,1.3972
9.3596,1.3972
9.3602,1.3871
9.3607,1.3972
9.3613,1.3871
9.3618,1.3972
9.3624,1.3921
9.3629,1.3921
9.3635,1.3921
9.3640,1.3921
9.3645,1.3972
9.3651,1.3972
9.3656,1.3871
9.3662,1.3921
9.3667,1.3921
9.3673,1.3921
9.3678,1.3921
9.3684,1.3921
9.3689,1.3972
9.3695,1.3921
9.3700,1.3972
9.3706,1.3921
9.3711,1.3871
9.3717,1.3921
9.3722,1.3972
9.3727,1.3921
9.3733,1.3921
9.3738,1.3921
9.3744,1.3921
9.3749,1.3921
9.3755,1.3921
9.3760,1.3921
9.3766,1.3921
9.3771,1.3921
9.3777,1.3921
9.3782,1.3921
9.3788,1.3972
9.3793,1.3921
9.3798,1.3972
9.3804,1.3921
9.3809,1.3921
9.3815,1.3972
9.3820,1.3921
9.3826,1.3972
9.3831,1.3921
9.3837,1.3921
9.3842,1.3871
9.3848,1.3921
9.3853,1.3921
9.3859,1.3972
9.3864,1.3921
9.3870,1.3972
9.3875,1.3921
9.3880,1.3972
9.3886,1.3921
9.3891,1.3921
9.3897,1.3871
9.3902,1.3921
9.3908,1.3921
9.3913,1.3921
9.3919,1.3921
9.3924,1.3921
9.3930,1.3972
9.3935,1.3921
9.3941,1.3972
9.3946,1.3972
9.3952,1.3871
9.3957,1.3871
9.3962,1.3921
9.3968,1.3921
9.3973,1.3921
9.3979,1.3921
9.3984,1.3921
9.3990,1.3921
9.3996,1.3921
9.4001,1.3972
9.4006,1.3921
9.4012,1.3972
9.4017,1.3921
9.4023,1.3921
9.4028,1.3921
9.4034,1.3921
9.4039,1.3921
9.4045,1.3921
9.4050,1.3871
9.4056,1.3921
9.4061,1.3871
9.4067,1.3921
9.4072,1.3921
9.4078,1.3921
9.4083,1.3921
9.4089,1.3921
9.4094,1.3921
9.4099,1.3921
9.4105,1.3921
9.4110,1.3921
9.4116,1.3871
9.4121,1.3972
9.4127,1.3921
9.4132,1.3921
9.4138,1.3921
9.4143,1.3921
9.4149,1.3871
9.4154,1.3921
9.4160,1.3871
9.4165,1.3871
9.4171,1.3921
9.4176,1.3921
9.4181,1.3921
9.4187,1.3921
9.4193,1.3972
9.4198,1.3921
9.4204,1.3921
9.4209,1.3921
9.4215,1.3921
9.4220,1.3921
9.4225,1.3921
9.4231,1.3921
9.4236,1.3921
9.4242,1.3921
9.4247,1.3921
9.4253,1.3871
9.4258,1.3921
9.4264,1.3921
9.4269,1.3921
9.4275,1.3921
9.4280,1.3921
9.4286,1.3921
9.4291,1.3921
9.4297,1.3871
9.4302,1.3921
9.4308,1.3921
9.4313,1.3921
9.4318,1.3871
9.4324,1.3921
9.4329,1.3921
9.4335,1.3921
9.4340,1.3871
9.4346,1.3921
9.4351,1.3921
9.4357,1.3921
9.4362,1.3871
9.4368,1.3921
9.4373,1.3871
9.4379,1.3921
9.4384,1.3921
9.4390,1.3871
9.4395,1.3972
9.4401,1.3921
9.4406,1.3921
9.4411,1.3921
9.4417,1.3921
9.4422,1.3921
9.4428,1.3921
9.4433,1.3921
9.4439,1.3871
9.4444,1.3921
9.4450,1.3921
9.4455,1.3921
9.4461,1.3921
9.4466,1.3921
9.4472,1.3871
9.4477,1.3921
9.4483,1.3921
9.4488,1.3921
9.4493,1.3871
9.4499,1.3921
9.4504,1.3921
9.4510,1.3871
9.4515,1.3921
9.4521,1.3871
9.4526,1.3921
9.4532,1.3921
9.4537,1.3921
9.4543,1.3871
9.4548,1.3871
9.4554,1.3921
9.4559,1.3972
9.4565,1.3871
9.4570,1.3921
9.4575,1.3921
9.4581,1.3921
9.4586,1.3921
9.4592,1.3921
9.4597,1.3921
9.4603,1.3871
9.4608,1.3921
9.4614,1.3921
9.4619,1.3921
9.4625,1.3871
9.4630,1.3921
9.4636,1.3871
9.4641,1.3921
9.4647,1.3972
9.4652,1.3871
9.4657,1.3921
9.4663,1.3921
9.4668,1.3921
9.4674,1.3921
9.4679,1.3871
9.4685,1.3921
9.4691,1.3921
9.4696,1.3921
9.4701,1.3921
9.4707,1.3871
9.4712,1.3921
9.4718,1.3871
9.4723,1.3821
9.4729,1.3921
9.4735,1.3921
9.4740,1.3921
9.4746,1.3921
9.4751,1.3921
9.4757,1.3921
9.4762,1.3871
9.4768,1.3871
9.4773,1.3921
9.4778,1.3871
9.4784,1.3871
9.4789,1.3921
9.4795,1.3921
9.4800,1.3921
9.4806,1.3871
9.4811,1.3871
9.4817,1.3921
9.4822,1.3921
9.4828,1.3871
9.4833,1.3871
9.4839,1.3871
9.4844,1.3871
9.4850,1.3871
9.4855,1.3921
9.4860,1.3921
9.4866,1.3871
9.4871,1.3921
9.4877,1.3921
9.4882,1.3871
9.4888,1.3871
9.4893,1.3921
9.4899,1.3921
9.4904,1.3921
9.4910,1.3921
9.4915,1.3921
9.4921,1.3921
9.4926,1.3871
9.4932,1.3921
9.4937,1.3921
9.4943,1.3871
9.4948,1.3871
9.4953,1.3921
9.4959,1.3921
9.4964,1.3921
9.4970,1.3871
9.4975,1.3921
9.4981,1.3871
9.4986,1.3921
9.4992,1.3871
9.4997,1.3871
9.5003,1.3871
9.5008,1.3921
9.5014,1.3871
9.5019,1.3871
9.5025,1.3921
9.5030,1.3871
9.5035,1.3871
9.5041,1.3921
9.5046,1.3921
9.5052,1.3871
9.5057,1.3921
9.5063,1.3871
9.5068,1.3871
9.5074,1.3921
9.5079,1.3871
9.5085,1.3871
9.5090,1.3921
9.5096,1.3871
9.5101,1.3921
9.5107,1.3871
9.5113,1.3921
9.5119,1.3871
9.5125,1.3871
9.5131,1.3871
9.5136,1.3921
9.5142,1.3921
9.5148,1.3921
9.5154,1.3871
9.5159,1.3871
9.5165,1.3871
9.5170,1.3871
9.5176,1.3921
9.5181,1.3921
9.5187,1.3921
9.5192,1.3871
9.5198,1.3921
9.5204,1.3921
9.5209,1.3921
9.5215,1.3871
9.5220,1.3921
9.5225,1.3871
9.5231,1.3921
9.5236,1.3921
9.5242,1.3871
9.5248,1.3871
9.5254,1.3921
9.5259,1.3871
9.5265,1.3921
9.5270,1.3871
9.5276,1.3821
9.5281,1.3871
9.5287,1.3921
9.5293,1.3921
9.5298,1.3821
9.5304,1.3871
9.5309,1.3871
9.5315,1.3921
9.5321,1.3871
9.5326,1.3921
9.5332,1.3821
9.5339,1.3871
9.5345,1.3871
9.5350,1.3921
9.5356,1.3871
9.5362,1.3871
9.5367,1.3821
9.5373,1.3921
9.5378,1.3921
9.5384,1.3921
9.5389,1.3821
9.5395,1.3871
9.5400,1.3871
9.5406,1.3921
9.5411,1.3871
9.5417,1.3871
9.5423,1.3821
9.5428,1.3871
9.5434,1.3871
9.5439,1.3821
9.5444,1.3921
9.5450,1.3871
9.5455,1.3871
9.5461,1.3871
9.5466,1.3871
9.5472,1.3871
9.5477,1.3921
9.5482,1.3871
9.5488,1.3871
9.5493,1.3871
9.5499,1.3871
9.5504,1.3871
9.5510,1.3871
9.5515,1.3871
9.5521,1.3871
9.5526,1.3871
9.5532,1.3871
9.5537,1.3821
9.5543,1.3921
9.5548,1.3921
9.5554,1.3871
9.5559,1.3871
9.5565,1.3871
9.5570,1.3871
9.5576,1.3921
9.5582,1.3871
9.5587,1.3921
9.5593,1.3871
9.5598,1.3871
9.5604,1.3821
9.5609,1.3871
9.5614,1.3871
9.5620,1.3871
9.5625,1.3871
9.5631,1.3871
9.5636,1.3821
9.5642,1.3871
9.5647,1.3821
9.5653,1.3871
9.5658,1.3871
9.5663,1.3871
9.5669,1.3821
9.5674,1.3871
9.5680,1.3821
9.5685,1.3871
9.5691,1.3821
9.5696,1.3871
9.5701,1.3871
9.5707,1.3871
9.5712,1.3871
9.5718,1.3871
9.5723,1.3821
9.5729,1.3871
9.5734,1.3821
9.5739,1.3871
9.5745,1.3871
9.5750,1.3821
9.5756,1.3871
9.5761,1.3770
9.5767,1.3821
9.5772,1.3871
9.5777,1.3821
9.5783,1.3871
9.5788,1.3871
9.5794,1.3871
9.5799,1.3821
9.5805,1.3871
9.5810,1.3821
9.5815,1.3871
9.5821,1.3871
9.5826,1.3821
9.5832,1.3871
9.5837,1.3821
9.5843,1.3871
9.5848,1.3821
9.5853,1.3871
9.5859,1.3770
9.5864,1.3871
9.5870,1.3770
9.5875,1.3821
9.5881,1.3871
9.5886,1.3821
9.5891,1.3821
9.5897,1.3871
9.5902,1.3821
9.5908,1.3871
9.5913,1.3871
9.5919,1.3871
9.5924,1.3871
9.5929,1.3871
9.5935,1.3871
9.5940,1.3821
9.5946,1.3821
9.5951,1.3871
9.5957,1.3871
9.5962,1.3871
9.5967,1.3871
9.5973,1.3871
9.5978,1.3871
9.5984,1.3871
9.5989,1.3871
9.5995,1.3821
9.6000,1.3871
9.6005,1.3821
9.6011,1.3821
9.6016,1.3871
9.6022,1.3821
9.6027,1.3871
9.6033,1.3821
9.6038,1.3821
9.6044,1.3871
9.6049,1.3871
9.6054,1.3871
9.6060,1.3821
9.6065,1.3871
9.6071,1.3821
9.6076,1.3871
9.6082,1.3871
9.6088,1.3821
9.6093,1.3770
9.6098,1.3821
9.6104,1.3871
9.6109,1.3770
9.6115,1.3821
9.6120,1.3871
9.6126,1.3821
9.6131,1.3871
9.6137,1.3821
9.6142,1.3821
9.6148,1.3821
9.6153,1.3821
9.6159,1.3821
9.6164,1.3871
9.6169,1.3821
9.6175,1.3821
9.6180,1.3821
9.6186,1.3821
9.6191,1.3821
9.6197,1.3821
9.6202,1.3821
9.6208,1.3770
9.6213,1.3821
9.6219,1.3821
9.6224,1.3821
9.6230,1.3871
9.6235,1.3770
9.6241,1.3821
9.6246,1.3821
9.6252,1.3821
9.6257,1.3821
9.6263,1.3821
9.6268,1.3821
9.6274,1.3821
9.6279,1.3770
9.6284,1.3821
9.6290,1.3821
9.6295,1.3821
9.6301,1.3821
9.6306,1.3821
9.6312,1.3821
9.6317,1.3821
9.6323,1.3821
9.6328,1.3821
9.6334,1.3871
9.6339,1.3770
9.6345,1.3821
9.6350,1.3770
9.6355,1.3821
9.6361,1.3821
9.6366,1.3821
9.6372,1.3821
9.6377,1.3821
9.6383,1.3821
9.6388,1.3821
9.6394,1.3821
9.6399,1.3821
9.6405,1.3871
9.6410,1.3821
9.6416,1.3821
9.6421,1.3821
9.6426,1.3821
9.6432,1.3821
9.6437,1.3770
9.6443,1.3770
9.6448,1.3821
9.6454,1.3821
9.6459,1.3821
9.6465,1.3821
9.6470,1.3821
9.6476,1.3821
9.6481,1.3770
9.6487,1.3821
9.6492,1.3821
9.6497,1.3770
9.6503,1.3821
9.6508,1.3770
9.6514,1.3770
9.6519,1.3821
9.6525,1.3821
9.6530,1.3821
9.6536,1.3821
9.6541,1.3821
9.6547,1.3821
9.6552,1.3821
9.6558,1.3821
9.6563,1.3770
9.6568,1.3770
9.6574,1.3821
9.6579,1.3770
9.6585,1.3821
9.6590,1.3821
9.6596,1.3770
9.6601,1.3821
9.6607,1.3821
9.6612,1.3821
9.6618,1.3821
9.6623,1.3821
9.6629,1.3770
9.6634,1.3770
9.6640,1.3821
9.6645,1.3770
9.6651,1.3770
9.6656,1.3871
9.6662,1.3821
9.6667,1.3821
9.6672,1.3770
9.6678,1.3821
9.6683,1.3770
9.6689,1.3871
9.6694,1.3770
9.6700,1.3821
9.6705,1.3821
9.6711,1.3770
9.6716,1.3770
9.6722,1.3821
9.6727,1.3770
9.6733,1.3821
9.6738,1.3770
9.6744,1.3770
9.6749,1.3821
9.6754,1.3720
9.6760,1.3821
9.6765,1.3770
9.6771,1.3821
9.6776,1.3821
9.6782,1.3821
9.6787,1.3770
9.6793,1.3821
9.6798,1.3770
9.6804,1.3821
9.6809,1.3770
9.6815,1.3770
9.6820,1.3770
9.6826,1.3821
9.6831,1.3770
9.6837,1.3770
9.6842,1.3770
9.6848,1.3770
9.6853,1.3770
9.6858,1.3770
9.6864,1.3770
9.6869,1.3821
9.6875,1.3770
9.6880,1.3821
9.6886,1.3821
9.6891,1.3770
9.6897,1.3821
9.6902,1.3770
9.6908,1.3770
9.6913,1.3770
9.6919,1.3770
9.6924,1.3821
9.6929,1.3770
9.6935,1.3770
9.6940,1.3770
9.6946,1.3770
9.6951,1.3770
9.6957,1.3770
9.6962,1.3770
9.6968,1.3821
9.6973,1.3720
9.6979,1.3770
9.6984,1.3770
9.6990,1.3770
9.6995,1.3770
9.7000,1.3770
9.7006,1.3821
9.7011,1.3770
9.7017,1.3770
9.7022,1.3770
9.7028,1.3770
9.7033,1.3770
9.7039,1.3821
9.7044,1.3770
9.7050,1.3770
9.7055,1.3770
9.7061,1.3770
9.7066,1.3720
9.7071,1.3821
9.7077,1.3770
9.7082,1.3770
9.7088,1.3770
9.7093,1.3821
9.7099,1.3770
9.7104,1.3821
9.7110,1.3720
9.7115,1.3770
9.7121,1.3770
9.7126,1.3770
9.7132,1.3770
9.7137,1.3770
9.7142,1.3770
9.7148,1.3770
9.7153,1.3770
9.7159,1.3770
9.7164,1.3720
9.7170,1.3770
9.7175,1.3770
9.7181,1.3770
9.7186,1.3770
9.7192,1.3720
9.7197,1.3821
9.7203,1.3720
9.7208,1.3770
9.7216,1.3770
9.7222,1.3720
9.7228,1.3770
9.7234,1.3770
9.7239,1.3770
9.7246,1.3770
9.7252,1.3770
9.7258,1.3821
9.7264,1.3821
9.7269,1.3770
9.7275,1.3770
9.7281,1.3720
9.7286,1.3821
9.7295,1.3720
9.7301,1.3770
9.7306,1.3720
9.7315,1.3770
9.7321,1.3821
9.7326,1.3821
9.7332,1.3770
9.7339,1.3770
9.7345,1.3770
9.7351,1.3770
9.7356,1.3770
9.7362,1.3770
9.7367,1.3770
9.7373,1.3720
9.7378,1.3770
9.7384,1.3720
9.7389,1.3770
9.7395,1.3770
9.7400,1.3770
9.7405,1.3770
9.7411,1.3770
9.7417,1.3770
9.7423,1.3770
9.7429,1.3770
9.7435,1.3720
9.7440,1.3720
9.7446,1.3770
9.7451,1.3770
9.7457,1.3770
9.7462,1.3770
9.7468,1.3770
9.7473,1.3770
9.7479,1.3770
9.7484,1.3770
9.7490,1.3720
9.7495,1.3770
9.7501,1.3821
9.7507,1.3720
9.7512,1.3770
9.7518,1.3770
9.7523,1.3770
9.7529,1.3720
9.7534,1.3720
9.7540,1.3720
9.7545,1.3720
9.7551,1.3770
9.7556,1.3770
9.7562,1.3770
9.7567,1.3770
9.7573,1.3720
9.7578,1.3770
9.7584,1.3770
9.7590,1.3770
9.7595,1.3770
9.7601,1.3770
9.7606,1.3770
9.7612,1.3770
9.7617,1.3720
9.7623,1.3770
9.7628,1.3770
9.7634,1.3770
9.7639,1.3770
9.7645,1.3720
9.7650,1.3770
9.7656,1.3720
9.7661,1.3770
9.7667,1.3821
9.7672,1.3720
9.7678,1.3770
9.7683,1.3770
9.7689,1.3720
9.7694,1.3770
9.7700,1.3770
9.7705,1.3720
9.7711,1.3770
9.7716,1.3720
9.7722,1.3770
9.7727,1.3720
9.7733,1.3720
9.7738,1.3770
9.7744,1.3770
9.7750,1.3770
9.7755,1.3720
9.7761,1.3720
9.7766,1.3770
9.7772,1.3770
9.7777,1.3770
9.7783,1.3770
9.7788,1.3770
9.7794,1.3770
9.7799,1.3770
9.7805,1.3770
9.7810,1.3770
9.7816,1.3770
9.7821,1.3720
9.7827,1.3770
9.7832,1.3770
9.7838,1.3720
9.7843,1.3720
9.7848,1.3821
9.7854,1.3720
9.7859,1.3770
9.7865,1.3720
9.7870,1.3770
9.7876,1.3720
9.7881,1.3770
9.7887,1.3770
9.7892,1.3770
9.7898,1.3720
9.7903,1.3720
9.7909,1.3770
9.7914,1.3770
9.7920,1.3720
9.7925,1.3770
9.7931,1.3770
9.7936,1.3720
9.7942,1.3770
9.7947,1.3770
9.7953,1.3770
9.7958,1.3770
9.7964,1.3770
9.7969,1.3770
9.7975,1.3720
9.7980,1.3770
9.7986,1.3720
9.7991,1.3770
9.7997,1.3770
9.8002,1.3770
9.8008,1.3770
9.8013,1.3770
9.8019,1.3720
9.8025,1.3720
9.8030,1.3720
9.8036,1.3770
9.8041,1.3770
9.8047,1.3720
9.8052,1.3770
9.8058,1.3720
9.8063,1.3720
9.8069,1.3720
9.8074,1.3770
9.8080,1.3770
9.8085,1.3720
9.8091,1.3770
9.8096,1.3770
9.8102,1.3720
9.8107,1.3770
9.8113,1.3720
9.8118,1.3720
9.8124,1.3770
9.8129,1.3770
9.8135,1.3770
9.8140,1.3720
9.8146,1.3770
9.8151,1.3720
9.8157,1.3770
9.8162,1.3720
9.8168,1.3720
9.8173,1.3720
9.8179,1.3720
9.8184,1.3770
9.8190,1.3720
9.8195,1.3770
9.8201,1.3720
9.8206,1.3720
9.8213,1.3770
9.8219,1.3770
9.8224,1.3770
9.8230,1.3770
9.8235,1.3770
9.8241,1.3770
9.8246,1.3720
9.8252,1.3770
9.8257,1.3720
9.8262,1.3770
9.8268,1.3770
9.8273,1.3770
9.8279,1.3770
9.8284,1.3720
9.8290,1.3770
9.8295,1.3720
9.8301,1.3770
9.8306,1.3720
9.8311,1.3770
9.8317,1.3770
9.8322,1.3770
9.8328,1.3770
9.8333,1.3770
9.8339,1.3720
9.8344,1.3770
9.8350,1.3720
9.8355,1.3770
9.8360,1.3720
9.8366,1.3720
9.8371,1.3720
9.8377,1.3770
9.8382,1.3770
9.8388,1.3770
9.8393,1.3720
9.8399,1.3720
9.8404,1.3720
9.8409,1.3770
9.8415,1.3720
9.8420,1.3770
9.8426,1.3720
9.8431,1.3770
9.8437,1.3770
9.8442,1.3720
9.8447,1.3770
9.8453,1.3720
9.8458,1.3770
9.8464,1.3770
9.8469,1.3770
9.8474,1.3669
9.8480,1.3770
9.8485,1.3720
9.8491,1.3720
9.8496,1.3770
9.8501,1.3720
9.8507,1.3720
9.8512,1.3770
9.8518,1.3720
9.8523,1.3770
9.8528,1.3720
9.8534,1.3720
9.8539,1.3720
9.8545,1.3770
9.8550,1.3720
9.8556,1.3720
9.8561,1.3720
9.8567,1.3770
9.8572,1.3720
9.8577,1.3720
9.8583,1.3720
9.8588,1.3770
9.8594,1.3720
9.8599,1.3720
9.8605,1.3720
9.8610,1.3720
9.8615,1.3770
9.8621,1.3770
9.8626,1.3770
9.8632,1.3720
9.8637,1.3770
9.8643,1.3720
9.8648,1.3720
9.8653,1.3720
9.8659,1.3770
9.8664,1.3770
9.8670,1.3720
9.8675,1.3770
9.8681,1.3669
9.8686,1.3720
9.8692,1.3720
9.8697,1.3770
9.8702,1.3720
9.8708,1.3720
9.8713,1.3720
9.8719,1.3720
9.8724,1.3720
9.8730,1.3720
9.8735,1.3770
9.8741,1.3770
9.8746,1.3770
9.8752,1.3720
9.8757,1.3770
9.8762,1.3770
9.8768,1.3770
9.8773,1.3669
9.8779,1.3770
9.8784,1.3720
9.8790,1.3720
9.8795,1.3720
9.8800,1.3770
9.8806,1.3720
9.8811,1.3720
9.8817,1.3770
9.8822,1.3720
9.8828,1.3770
9.8833,1.3720
9.8838,1.3770
9.8844,1.3720
9.8849,1.3770
9.8855,1.3770
9.8860,1.3770
9.8866,1.3720
9.8871,1.3770
9.8877,1.3720
9.8882,1.3720
9.8888,1.3770
9.8893,1.3720
9.8898,1.3720
9.8904,1.3720
9.8909,1.3720
9.8915,1.3720
9.8920,1.3720
9.8926,1.3720
9.8931,1.3770
9.8937,1.3720
9.8942,1.3720
9.8947,1.3720
9.8953,1.3770
9.8958,1.3770
9.8964,1.3770
9.8969,1.3720
9.8975,1.3770
9.8980,1.3720
9.8985,1.3770
9.8991,1.3770
9.8996,1.3770
9.9002,1.3770
9.9007,1.3770
9.9013,1.3770
9.9018,1.3770
9.9023,1.3720
9.9029,1.3770
9.9034,1.3720
9.9040,1.3821
9.9045,1.3821
9.9051,1.3770
9.9056,1.3821
9.9062,1.3770
9.9067,1.3720
9.9072,1.3770
9.9078,1.3720
9.9083,1.3770
9.9089,1.3821
9.9094,1.3770
9.9100,1.3770
9.9105,1.3770
9.9110,1.3821
9.9116,1.3821
9.9121,1.3821
9.9127,1.3821
9.9132,1.3821
9.9138,1.3821
9.9143,1.3821
9.9148,1.3770
9.9154,1.3821
9.9159,1.3821
9.9165,1.3821
9.9170,1.3821
9.9176,1.3821
9.9181,1.3821
9.9187,1.3770
9.9192,1.3770
9.9197,1.3871
9.9203,1.3821
9.9208,1.3821
9.9214,1.3821
9.9220,1.3871
9.9226,1.3821
9.9231,1.3821
9.9237,1.3821
9.9242,1.3871
9.9248,1.3821
9.9253,1.3871
9.9259,1.3821
9.9264,1.3821
9.9270,1.3821
9.9275,1.3871
9.9281,1.3871
9.9286,1.3871
9.9292,1.3871
9.9297,1.3871
9.9303,1.3821
9.9308,1.3871
9.9314,1.3821
9.9319,1.3821
9.9325,1.3821
9.9330,1.3871
9.9336,1.3821
9.9341,1.3871
9.9347,1.3871
9.9352,1.3871
9.9358,1.3921
9.9363,1.3871
9.9369,1.3871
9.9374,1.3871
9.9380,1.3871
9.9385,1.3871
9.9390,1.3921
9.9396,1.3871
9.9401,1.3871
9.9407,1.3921
9.9412,1.3871
9.9418,1.3921
9.9423,1.3871
9.9429,1.3921
9.9434,1.3921
9.9440,1.3871
9.9445,1.3921
9.9451,1.3821
9.9456,1.3921
9.9462,1.3921
9.9467,1.3871
9.9473,1.3871
9.9478,1.3921
9.9484,1.3921
9.9489,1.3921
9.9495,1.3871
9.9500,1.3921
9.9506,1.3921
9.9511,1.3871
9.9517,1.3921
9.9522,1.3871
9.9528,1.3921
9.9533,1.3921
9.9539,1.3972
9.9544,1.3921
9.9550,1.3871
9.9555,1.3921
9.9561,1.3871
9.9566,1.3921
9.9572,1.3921
9.9577,1.3921
9.9583,1.3921
9.9589,1.3921
9.9594,1.3921
9.9600,1.3972
9.9605,1.3871
9.9611,1.3921
9.9616,1.3921
9.9622,1.3921
9.9627,1.3921
9.9633,1.3921
9.9638,1.3921
9.9644,1.3921
9.9649,1.3921
9.9655,1.3921
9.9660,1.3921
9.9666,1.3921
9.9671,1.3871
9.9676,1.3972
9.9682,1.3871
9.9687,1.3972
9.9693,1.3972
9.9698,1.3871
9.9704,1.3921
9.9709,1.3972
9.9715,1.3921
9.9720,1.3921
9.9726,1.3972
9.9731,1.3972
9.9737,1.3972
9.9742,1.3921
9.9748,1.3921
9.9753,1.3972
9.9759,1.3921
9.9764,1.3972
9.9770,1.3921
9.9775,1.3921
9.9781,1.3921
9.9786,1.3972
9.9792,1.3921
9.9797,1.3972
9.9803,1.3972
9.9808,1.3921
9.9814,1.3972
9.9819,1.3921
9.9825,1.3972
9.9830,1.4022
9.9836,1.3972
9.9841,1.3972
9.9847,1.3921
9.9852,1.3921
9.9858,1.3921
9.9863,1.3972
9.9869,1.3972
9.9874,1.3921
9.9880,1.3972
9.9885,1.3921
9.9891,1.4022
9.9896,1.3972
9.9902,1.3972
9.9907,1.3972
9.9913,1.3972
9.9918,1.3972
9.9924,1.3972
9.9929,1.3921
9.9935,1.3972
9.9940,1.3972
9.9946,1.3921
9.9951,1.3972
9.9957,1.3921
9.9962,1.3972
9.9968,1.3921
9.9973,1.3972
9.9979,1.3972
9.9984,1.3972
9.9990,1.3921
9.9995,1.3972
10.0001,1.3972
10.0006,1.3972
10.0012,1.3972
10.0017,1.3972
10.0023,1.3972
10.0028,1.3972
10.0034,1.3972
10.0039,1.3972
10.0045,1.4022
10.0050,1.4022
10.0056,1.3921
10.0061,1.4022
10.0067,1.3921
10.0072,1.3972
10.0078,1.3972
10.0083,1.3972
10.0089,1.4022
10.0094,1.3972
10.0102,1.3972
10.0108,1.3972
10.0136,1.3972
10.0142,1.3921
10.0148,1.3972
10.0154,1.3972
10.0159,1.3972
10.0165,1.3972
10.0170,1.3972
10.0176,1.3972
10.0182,1.3972
10.0187,1.3972
10.0193,1.3972
10.0198,1.3972
10.0204,1.3972
10.0209,1.4022
10.0215,1.4022
10.0222,1.3972
10.0227,1.3972
10.0233,1.3972
10.0238,1.4022
10.0244,1.3972
10.0250,1.3972
10.0256,1.3972
10.0261,1.3972
10.0267,1.3972
10.0272,1.3921
10.0278,1.3972
10.0283,1.3972
10.0289,1.3972
10.0295,1.3921
10.0300,1.3972
10.0306,1.4022
10.0312,1.3972
10.0318,1.3972
10.0323,1.4022
10.0329,1.3972
10.0335,1.3921
10.0340,1.4022
10.0364,1.3972
10.0370,1.3972
10.0375,1.3972
10.0381,1.3972
10.0386,1.3972
10.0392,1.3972
10.0397,1.3972
10.0402,1.3921
10.0408,1.3972
10.0413,1.3972
10.0419,1.3972
10.0425,1.4022
10.0430,1.3972
10.0436,1.3972
10.0441,1.3972
10.0447,1.3972
10.0452,1.3921
10.0458,1.3972
10.0463,1.3972
10.0468,1.3972
10.0474,1.3921
10.0479,1.3972
10.0485,1.4022
10.0490,1.3972
10.0496,1.3972
10.0501,1.3972
10.0506,1.3972
10.0512,1.3972
10.0517,1.3972
10.0523,1.3972
10.0528,1.3972
10.0534,1.3921
10.0539,1.3972
10.0545,1.3972
10.0550,1.3972
10.0555,1.3972
10.0561,1.3921
10.0566,1.3972
10.0572,1.3921
10.0577,1.3972
10.0583,1.3921
10.0589,1.3972
10.0594,1.4022
10.0599,1.3921
10.0605,1.3972
10.0610,1.3921
10.0616,1.3972
10.0621,1.3921
10.0627,1.3972
10.0632,1.3972
10.0637,1.3972
10.0643,1.3972
10.0648,1.3972
10.0654,1.3972
10.0659,1.3972
10.0665,1.4022
10.0670,1.3972
10.0676,1.3972
10.0681,1.3972
10.0686,1.3972
10.0692,1.3921
10.0697,1.3972
10.0703,1.3921
10.0708,1.3972
10.0714,1.3921
10.0719,1.3972
10.0724,1.3921
10.0730,1.3972
10.0735,1.3972
10.0741,1.3972
10.0746,1.3972
10.0752,1.3921
10.0757,1.3972
10.0763,1.3972
10.0768,1.3972
10.0773,1.3921
10.0779,1.3972
10.0784,1.3972
10.0790,1.3972
10.0795,1.3972
10.0801,1.3972
10.0806,1.3972
10.0812,1.3972
10.0817,1.3972
10.0822,1.3921
10.0828,1.3972
10.0833,1.3921
10.0839,1.3972
10.0844,1.3921
10.0850,1.3921
10.0855,1.3921
10.0860,1.3972
10.0866,1.3972
10.0871,1.3972
10.0877,1.3972
10.0882,1.3972
10.0888,1.3972
10.0893,1.3972
10.0898,1.3972
10.0904,1.3972
10.0909,1.3972
10.0915,1.3972
10.0920,1.3921
10.0926,1.3972
10.0931,1.3921
10.0936,1.3972
10.0942,1.3972
10.0947,1.3972
10.0953,1.3972
10.0958,1.3921
10.0964,1.3972
10.0969,1.3972
10.0975,1.3921
10.0980,1.3921
10.0985,1.3972
10.0991,1.3972
10.0996,1.3921
10.1002,1.3972
10.1007,1.3921
10.1013,1.3921
10.1018,1.3921
10.1024,1.3972
10.1029,1.3921
10.1035,1.3972
10.1040,1.3972
10.1046,1.3972
10.1051,1.3921
10.1056,1.3921
10.1062,1.3921
10.1067,1.3972
10.1073,1.3921
10.1078,1.3972
10.1084,1.3921
10.1089,1.3921
10.1094,1.3921
10.1100,1.3921
10.1105,1.3921
10.1111,1.3921
10.1116,1.3972
10.1122,1.3972
10.1127,1.3921
10.1132,1.3972
10.1138,1.3921
10.1143,1.3972
10.1149,1.3921
10.1154,1.3972
10.1160,1.3921
10.1165,1.3921
10.1170,1.3921
10.1176,1.3921
10.1181,1.3921
10.1187,1.3972
10.1192,1.3921
10.1198,1.3921
10.1203,1.3871
10.1209,1.3972
10.1214,1.3972
10.1219,1.3972
10.1225,1.3921
10.1231,1.3972
10.1236,1.3921
10.1241,1.3921
10.1247,1.3921
10.1252,1.3972
10.1258,1.3972
10.1263,1.3972
10.1269,1.3921
10.1274,1.3921
10.1279,1.3972
10.1285,1.3921
10.1290,1.3921
10.1296,1.3921
10.1301,1.3921
10.1307,1.3921
10.1312,1.3921
10.1318,1.3921
10.1323,1.3972
10.1328,1.3921
10.1334,1.3972
10.1339,1.3972
10.1345,1.3972
10.1350,1.3921
10.1356,1.3972
10.1361,1.3921
10.1366,1.3921
10.1372,1.3921
10.1377,1.3921
10.1383,1.3921
10.1388,1.3921
10.1394,1.3921
10.1399,1.3921
10.1404,1.3921
10.1410,1.3921
10.1415,1.3921
10.1421,1.3921
10.1426,1.3921
10.1432,1.3921
10.1437,1.3921
10.1442,1.3871
10.1448,1.3921
10.1453,1.3972
10.1459,1.3921
10.1464,1.3871
10.1470,1.3921
10.1475,1.3871
10.1480,1.3921
10.1486,1.3921
10.1491,1.3921
10.1497,1.3921
10.1502,1.3921
10.1508,1.3972
10.1513,1.3921
10.1518,1.3871
10.1524,1.3921
10.1529,1.3921
10.1535,1.3921
10.1540,1.3921
10.1546,1.3871
10.1551,1.3921
10.1556,1.3921
10.1562,1.3921
10.1567,1.3972
10.1573,1.3921
10.1578,1.3921
10.1584,1.3921
10.1589,1.3871
10.1594,1.3921
10.1600,1.3921
10.1605,1.3921
10.1611,1.3871
10.1616,1.3921
10.1622,1.3921
10.1627,1.3921
10.1633,1.3871
10.1638,1.3921
10.1643,1.3921
10.1649,1.3921
10.1654,1.3921
10.1660,1.3921
10.1665,1.3921
10.1671,1.3972
10.1676,1.3871
10.1681,1.3871
10.1687,1.3921
10.1692,1.3921
10.1698,1.3871
10.1703,1.3921
10.1709,1.3871
10.1714,1.3921
10.1720,1.3871
10.1725,1.3921
10.1731,1.3921
10.1736,1.3921
10.1741,1.3871
10.1747,1.3921
10.1752,1.3871
10.1758,1.3871
10.1763,1.3921
10.1769,1.3871
10.1774,1.3921
10.1779,1.3921
10.1785,1.3921
10.1790,1.3921
10.1796,1.3871
10.1801,1.3871
10.1807,1.3871
10.1812,1.3871
10.1817,1.3921
10.1823,1.3871
10.1828,1.3871
10.1834,1.3871
10.1839,1.3871
10.1845,1.3921
10.1850,1.3921
10.1856,1.3871
10.1861,1.3871
10.1866,1.3921
10.1872,1.3921
10.1877,1.3871
10.1883,1.3921
10.1888,1.3921
10.1894,1.3871
10.1899,1.3871
10.1904,1.3871
10.1910,1.3921
10.1915,1.3871
10.1921,1.3871
10.1926,1.3871
10.1932,1.3921
10.1937,1.3821
10.1943,1.3871
10.1948,1.3871
10.1953,1.3921
10.1959,1.3871
10.1964,1.3871
10.1970,1.3921
10.1975,1.3921
10.1981,1.3871
10.1986,1.3871
10.1991,1.3871
10.1997,1.3921
10.2002,1.3921
10.2008,1.3921
10.2013,1.3871
10.2019,1.3921
10.2024,1.3921
10.2029,1.3821
10.2035,1.3921
10.2040,1.3921
10.2046,1.3921
10.2051,1.3921
10.2057,1.3871
10.2062,1.3871
10.2068,1.3921
10.2073,1.3821
10.2078,1.3921
10.2084,1.3871
10.2089,1.3921
10.2095,1.3871
10.2100,1.3871
10.2106,1.3871
10.2111,1.3871
10.2116,1.3871
10.2122,1.3871
10.2127,1.3871
10.2133,1.3921
10.2138,1.3921
10.2144,1.3871
10.2149,1.3921
10.2155,1.3871
10.2160,1.3921
10.2165,1.3871
10.2171,1.3871
10.2176,1.3921
10.2182,1.3921
10.2187,1.3921
10.2193,1.3871
10.2198,1.3871
10.2203,1.3871
10.2209,1.3821
10.2214,1.3871
10.2220,1.3821
10.2225,1.3871
10.2232,1.3871
10.2237,1.3871
10.2243,1.3871
10.2248,1.3821
10.2254,1.3921
10.2259,1.3921
10.2265,1.3871
10.2270,1.3871
10.2276,1.3871
10.2281,1.3871
10.2287,1.3921
10.2292,1.3921
10.2298,1.3921
10.2303,1.3871
10.2311,1.3871
10.2316,1.3921
10.2322,1.3921
10.2327,1.3871
10.2333,1.3871
10.2338,1.3871
10.2344,1.3871
10.2349,1.3921
10.2355,1.3871
10.2360,1.3871
10.2366,1.3871
10.2371,1.3871
10.2377,1.3871
10.2382,1.3871
10.2388,1.3871
10.2393,1.3921
10.2399,1.3871
10.2404,1.3871
10.2410,1.3871
10.2415,1.3871
10.2421,1.3871
10.2426,1.3871
10.2432,1.3871
10.2437,1.3871
10.2443,1.3871
10.2448,1.3921
10.2454,1.3871
10.2459,1.3871
10.2465,1.3871
10.2470,1.3871
10.2476,1.3871
10.2481,1.3871
10.2487,1.3871
10.2492,1.3871
10.2498,1.3821
10.2503,1.3871
10.2509,1.3871
10.2514,1.3871
10.2520,1.3921
10.2525,1.3921
10.2531,1.3871
10.2537,1.3871
10.2542,1.3821
10.2548,1.3871
10.2553,1.3871
10.2559,1.3921
10.2564,1.3821
10.2570,1.3921
10.2575,1.3871
10.2581,1.3871
10.2586,1.3921
10.2592,1.3871
10.2597,1.3921
10.2603,1.3871
10.2608,1.3871
10.2614,1.3871
10.2619,1.3871
10.2625,1.3821
10.2630,1.3921
10.2636,1.3871
10.2641,1.3871
10.2647,1.3871
10.2652,1.3871
10.2658,1.3871
10.2663,1.3871
10.2669,1.3871
10.2674,1.3821
10.2680,1.3871
10.2685,1.3921
10.2691,1.3871
10.2696,1.3871
10.2702,1.3871
10.2707,1.3871
10.2713,1.3871
10.2718,1.3871
10.2724,1.3871
10.2729,1.3871
10.2735,1.3871
10.2740,1.3921
10.2746,1.3871
10.2751,1.3921
10.2757,1.3821
10.2762,1.3871
10.2768,1.3921
10.2773,1.3871
10.2779,1.3871
10.2784,1.3821
10.2790,1.3921
10.2795,1.3821
10.2801,1.3871
10.2806,1.3770
10.2812,1.3871
10.2817,1.3871
10.2823,1.3821
10.2828,1.3871
10.2834,1.3871
10.2839,1.3871
10.2845,1.3871
10.2850,1.3821
10.2856,1.3871
10.2861,1.3921
10.2867,1.3871
10.2872,1.3871
10.2878,1.3821
10.2883,1.3821
10.2889,1.3871
10.2894,1.3921
10.2900,1.3921
10.2905,1.3871
10.2911,1.3871
10.2916,1.3871
10.2922,1.3871
10.2927,1.3821
10.2933,1.3821
10.2938,1.3821
10.2944,1.3871
10.2949,1.3821
10.2955,1.3871
10.2960,1.3871
10.2966,1.3921
10.2971,1.3770
10.2977,1.3871
10.2982,1.3821
10.2988,1.3871
10.2993,1.3871
10.2999,1.3821
10.3004,1.3821
10.3010,1.3871
10.3015,1.3821
10.3021,1.3871
10.3026,1.3871
10.3032,1.3871
10.3037,1.3871
10.3043,1.3921
10.3048,1.3821
10.3054,1.3821
10.3059,1.3821
10.3065,1.3871
10.3070,1.3871
10.3076,1.3821
10.3081,1.3871
10.3087,1.3871
10.3092,1.3871
10.3098,1.3871
10.3103,1.3821
10.3109,1.3871
10.3115,1.3821
10.3120,1.3821
10.3126,1.3871
10.3131,1.3871
10.3137,1.3871
10.3142,1.3821
10.3148,1.3871
10.3153,1.3871
10.3159,1.3821
10.3164,1.3821
10.3170,1.3821
10.3175,1.3871
10.3181,1.3871
10.3186,1.3821
10.3192,1.3871
10.3197,1.3821
10.3203,1.3821
10.3209,1.3921
10.3217,1.3821
10.3223,1.3871
10.3229,1.3821
10.3236,1.3821
10.3242,1.3821
10.3255,1.3871
10.3261,1.3871
10.3270,1.3871
10.3276,1.3871
10.3281,1.3871
10.3287,1.3770
10.3293,1.3871
10.3299,1.3871
10.3305,1.3770
10.3310,1.3871
10.3316,1.3821
10.3322,1.3821
10.3328,1.3871
10.3334,1.3871
10.3339,1.3871
10.3345,1.3770
10.3350,1.3821
10.3356,1.3821
10.3361,1.3871
10.3367,1.3821
10.3372,1.3821
10.3378,1.3871
10.3383,1.3821
10.3388,1.3871
10.3394,1.3770
10.3399,1.3821
10.3405,1.3821
10.3410,1.3821
10.3416,1.3821
10.3422,1.3871
10.3427,1.3821
10.3433,1.3821
10.3438,1.3871
10.3444,1.3871
10.3449,1.3821
10.3455,1.3821
10.3460,1.3821
10.3465,1.3821
10.3471,1.3821
10.3476,1.3821
10.3482,1.3821
10.3487,1.3871
10.3493,1.3821
10.3498,1.3770
10.3503,1.3871
10.3509,1.3821
10.3514,1.3821
10.3520,1.3821
10.3525,1.3871
10.3531,1.3821
10.3536,1.3821
10.3541,1.3821
10.3547,1.3770
10.3552,1.3821
10.3558,1.3821
10.3563,1.3821
10.3569,1.3821
10.3574,1.3821
10.3579,1.3770
10.3585,1.3770
10.3591,1.3821
10.3596,1.3821
10.3602,1.3821
10.3607,1.3821
10.3613,1.3821
10.3618,1.3821
10.3623,1.3821
10.3629,1.3821
10.3635,1.3821
10.3640,1.3821
10.3645,1.3821
10.3651,1.3770
10.3656,1.3821
10.3662,1.3821
10.3667,1.3821
10.3673,1.3821
10.3678,1.3821
10.3683,1.3770
10.3689,1.3871
10.3694,1.3821
10.3700,1.3821
10.3705,1.3821
10.3711,1.3821
10.3716,1.3770
10.3721,1.3821
10.3727,1.3821
10.3732,1.3821
10.3738,1.3871
10.3743,1.3821
10.3749,1.3871
10.3754,1.3821
10.3759,1.3821
10.3765,1.3821
10.3770,1.3821
10.3776,1.3821
10.3781,1.3821
10.3787,1.3821
10.3792,1.3770
10.3797,1.3821
10.3803,1.3821
10.3808,1.3821
10.3814,1.3821
10.3819,1.3770
10.3825,1.3770
10.3831,1.3821
10.3836,1.3770
10.3841,1.3821
10.3847,1.3821
10.3852,1.3770
10.3858,1.3821
10.3863,1.3871
10.3869,1.3770
10.3874,1.3821
10.3879,1.3821
10.3885,1.3770
10.3890,1.3770
10.3896,1.3770
10.3901,1.3871
10.3906,1.3821
10.3912,1.3821
10.3917,1.3770
10.3923,1.3821
10.3928,1.3821
10.3934,1.3770
10.3939,1.3770
10.3944,1.3770
10.3950,1.3821
10.3955,1.3770
10.3961,1.3821
10.3966,1.3821
10.3972,1.3821
10.3977,1.3821
10.3982,1.3720
10.3988,1.3821
10.3993,1.3821
10.3999,1.3770
10.4004,1.3821
10.4010,1.3821
10.4015,1.3770
10.4020,1.3821
10.4026,1.3770
10.4031,1.3821
10.4037,1.3770
10.4042,1.3770
10.4048,1.3821
10.4053,1.3770
10.4058,1.3770
10.4064,1.3770
10.4069,1.3821
10.4075,1.3821
10.4080,1.3821
10.4086,1.3821
10.4091,1.3821
10.4096,1.3770
10.4102,1.3821
10.4107,1.3720
10.4113,1.3821
10.4118,1.3770
10.4123,1.3821
10.4129,1.3720
10.4135,1.3770
10.4140,1.3770
10.4146,1.3770
10.4151,1.3720
10.4157,1.3770
10.4162,1.3821
10.4168,1.3770
10.4173,1.3821
10.4179,1.3770
10.4184,1.3770
10.4189,1.3770
10.4195,1.3821
10.4200,1.3770
10.4206,1.3821
10.4211,1.3770
10.4217,1.3770
10.4222,1.3821
10.4228,1.3770
10.4233,1.3770
10.4240,1.3821
10.4245,1.3770
10.4251,1.3720
10.4256,1.3770
10.4262,1.3770
10.4267,1.3821
10.4272,1.3821
10.4278,1.3770
10.4283,1.3770
10.4289,1.3821
10.4294,1.3770
10.4299,1.3821
10.4305,1.3770
10.4310,1.3821
10.4316,1.3770
10.4321,1.3821
10.4326,1.3770
10.4332,1.3821
10.4337,1.3770
10.4343,1.3720
10.4348,1.3821
10.4353,1.3770
10.4359,1.3821
10.4364,1.3720
10.4370,1.3770
10.4375,1.3770
10.4380,1.3821
10.4386,1.3770
10.4391,1.3770
10.4397,1.3770
10.4402,1.3720
10.4407,1.3770
10.4413,1.3770
10.4418,1.3821
10.4424,1.3821
10.4429,1.3720
10.4434,1.3821
10.4440,1.3821
10.4445,1.3770
10.4451,1.3821
10.4456,1.3770
10.4461,1.3770
10.4467,1.3770
10.4472,1.3821
10.4478,1.3770
10.4483,1.3770
10.4488,1.3770
10.4494,1.3770
10.4499,1.3770
10.4505,1.3720
10.4510,1.3821
10.4516,1.3770
10.4521,1.3720
10.4526,1.3770
10.4532,1.3720
10.4537,1.3770
10.4543,1.3770
10.4548,1.3770
10.4554,1.3770
10.4559,1.3770
10.4564,1.3770
10.4570,1.3770
10.4575,1.3770
10.4581,1.3770
10.4586,1.3770
10.4591,1.3770
10.4597,1.3770
10.4602,1.3821
10.4608,1.3770
10.4613,1.3720
10.4618,1.3770
10.4624,1.3720
10.4629,1.3821
10.4635,1.3770
10.4640,1.3770
10.4645,1.3770
10.4651,1.3770
10.4656,1.3770
10.4662,1.3770
10.4667,1.3770
10.4672,1.3770
10.4678,1.3720
10.4683,1.3770
10.4689,1.3770
10.4694,1.3770
10.4699,1.3770
10.4705,1.3770
10.4710,1.3770
10.4716,1.3770
10.4721,1.3770
10.4726,1.3770
10.4732,1.3770
10.4737,1.3770
10.4743,1.3770
10.4748,1.3770
10.4753,1.3770
10.4759,1.3770
10.4764,1.3770
10.4770,1.3770
10.4775,1.3720
10.4780,1.3770
10.4786,1.3720
10.4791,1.3821
10.4797,1.3720
10.4802,1.3770
10.4807,1.3720
10.4813,1.3770
10.4818,1.3720
10.4824,1.3770
10.4829,1.3770
10.4834,1.3720
10.4840,1.3720
10.4845,1.3770
10.4851,1.3770
10.4856,1.3770
10.4861,1.3770
10.4867,1.3770
10.4872,1.3821
10.4878,1.3770
10.4883,1.3720
10.4888,1.3770
10.4894,1.3770
10.4899,1.3720
10.4905,1.3720
10.4910,1.3770
10.4915,1.3770
10.4921,1.3770
10.4926,1.3770
10.4932,1.3770
10.4937,1.3770
10.4943,1.3770
10.4948,1.3770
10.4953,1.3720
10.4959,1.3720
10.4964,1.3720
10.4970,1.3720
10.4975,1.3720
10.4980,1.3770
10.4986,1.3770
10.4991,1.3770
10.4997,1.3720
10.5002,1.3720
10.5007,1.3770
10.5013,1.3770
10.5018,1.3770
10.5024,1.3770
10.5029,1.3770
10.5034,1.3720
10.5040,1.3770
10.5045,1.3770
10.5051,1.3770
10.5056,1.3770
10.5061,1.3770
10.5067,1.3770
10.5072,1.3770
10.5078,1.3770
10.5083,1.3720
10.5088,1.3770
10.5094,1.3720
10.5104,1.3720
10.5136,1.3720
10.5142,1.3770
10.5148,1.3770
10.5153,1.3770
10.5159,1.3770
10.5164,1.3770
10.5170,1.3770
10.5176,1.3720
10.5181,1.3770
10.5187,1.3720
10.5193,1.3770
10.5198,1.3720
10.5203,1.3720
10.5209,1.3770
10.5214,1.3720
10.5220,1.3720
10.5225,1.3770
10.5231,1.3770
10.5236,1.3770
10.5242,1.3770
10.5248,1.3770
10.5253,1.3770
10.5259,1.3720
10.5264,1.3770
10.5270,1.3770
10.5276,1.3770
10.5281,1.3720
10.5287,1.3720
10.5293,1.3720
10.5298,1.3720
10.5304,1.3770
10.5310,1.3770
10.5316,1.3770
10.5321,1.3720
10.5327,1.3770
10.5333,1.3720
10.5340,1.3720
10.5345,1.3720
10.5351,1.3720
10.5356,1.3770
10.5361,1.3770
10.5367,1.3720
10.5372,1.3770
10.5378,1.3720
10.5383,1.3720
10.5388,1.3770
10.5394,1.3770
10.5399,1.3720
10.5405,1.3720
10.5410,1.3770
10.5415,1.3770
10.5421,1.3770
10.5427,1.3720
10.5432,1.3770
10.5438,1.3720
10.5443,1.3720
10.5448,1.3770
10.5454,1.3770
10.5459,1.3720
10.5465,1.3720
10.5470,1.3770
10.5475,1.3770
10.5481,1.3770
10.5486,1.3720
10.5492,1.3770
10.5497,1.3720
10.5502,1.3770
10.5508,1.3720
10.5513,1.3720
10.5519,1.3720
10.5524,1.3770
10.5529,1.3770
10.5535,1.3720
10.5541,1.3770
10.5546,1.3770
10.5552,1.3770
10.5557,1.3720
10.5562,1.3770
10.5568,1.3770
10.5573,1.3770
10.5578,1.3720
10.5584,1.3770
10.5590,1.3770
10.5595,1.3770
10.5601,1.3720
10.5606,1.3720
10.5611,1.3720
10.5617,1.3770
10.5622,1.3720
10.5628,1.3770
10.5633,1.3720
10.5638,1.3720
10.5644,1.3770
10.5649,1.3770
10.5655,1.3770
10.5660,1.3720
10.5665,1.3770
10.5671,1.3770
10.5676,1.3770
10.5681,1.3770
10.5687,1.3720
10.5692,1.3770
10.5698,1.3770
10.5703,1.3720
10.5708,1.3720
10.5714,1.3720
10.5719,1.3720
10.5724,1.3770
10.5730,1.3720
10.5735,1.3720
10.5741,1.3770
10.5746,1.3720
10.5751,1.3720
10.5757,1.3770
10.5762,1.3669
10.5767,1.3770
10.5773,1.3720
10.5778,1.3720
10.5784,1.3720
10.5789,1.3720
10.5794,1.3720
10.5800,1.3770
10.5805,1.3770
10.5810,1.3770
10.5816,1.3770
10.5821,1.3720
10.5827,1.3720
10.5832,1.3770
10.5837,1.3770
10.5843,1.3720
10.5848,1.3770
10.5853,1.3720
10.5859,1.3720
10.5864,1.3770
10.5870,1.3720
10.5875,1.3770
10.5880,1.3720
10.5886,1.3770
10.5891,1.3720
10.5896,1.3770
10.5902,1.3720
10.5907,1.3720
10.5913,1.3720
10.5918,1.3770
10.5923,1.3720
10.5929,1.3770
10.5935,1.3770
10.5940,1.3770
10.5945,1.3720
10.5951,1.3720
10.5956,1.3770
10.5962,1.3720
10.5967,1.3720
10.5972,1.3770
10.5978,1.3720
10.5983,1.3770
10.5988,1.3720
10.5994,1.3770
10.5999,1.3770
10.6005,1.3770
10.6010,1.3770
10.6015,1.3770
10.6021,1.3770
10.6026,1.3770
10.6031,1.3770
10.6037,1.3770
10.6042,1.3770
10.6048,1.3720
10.6053,1.3770
10.6058,1.3770
10.6064,1.3770
10.6069,1.3770
10.6075,1.3770
10.6080,1.3720
10.6085,1.3770
10.6091,1.3770
10.6096,1.3821
10.6102,1.3821
10.6107,1.3821
10.6112,1.3821
10.6118,1.3821
10.6123,1.3770
10.6129,1.3770
10.6134,1.3821
10.6140,1.3770
10.6145,1.3770
10.6150,1.3821
10.6156,1.3821
10.6161,1.3720
10.6167,1.3770
10.6172,1.3821
10.6177,1.3821
10.6183,1.3770
10.6188,1.3770
10.6194,1.3770
10.6199,1.3821
10.6204,1.3821
10.6210,1.3821
10.6215,1.3821
10.6221,1.3871
10.6226,1.3770
10.6231,1.3821
10.6237,1.3821
10.6243,1.3871
10.6249,1.3821
10.6254,1.3821
10.6260,1.3821
10.6265,1.3821
10.6271,1.3871
10.6276,1.3821
10.6282,1.3821
10.6287,1.3821
10.6292,1.3821
10.6298,1.3821
10.6303,1.3821
10.6309,1.3821
10.6314,1.3821
10.6320,1.3821
10.6325,1.3821
10.6331,1.3871
10.6336,1.3871
10.6342,1.3871
10.6347,1.3821
10.6353,1.3821
10.6358,1.3871
10.6363,1.3821
10.6369,1.3871
10.6374,1.3871
10.6380,1.3871
10.6385,1.3921
10.6391,1.3871
10.6396,1.3871
10.6402,1.3871
10.6407,1.3821
10.6413,1.3871
10.6418,1.3821
10.6423,1.3871
10.6429,1.3821
10.6434,1.3871
10.6440,1.3871
10.6445,1.3821
10.6451,1.3871
10.6456,1.3821
10.6462,1.3871
10.6467,1.3871
10.6473,1.3871
10.6478,1.3871
10.6484,1.3871
10.6489,1.3871
10.6494,1.3871
10.6500,1.3871
10.6505,1.3921
10.6511,1.3871
10.6516,1.3921
10.6522,1.3821
10.6527,1.3871
10.6533,1.3871
10.6538,1.3921
10.6544,1.3871
10.6549,1.3821
10.6555,1.3871
10.6560,1.3871
10.6565,1.3921
10.6571,1.3871
10.6576,1.3921
10.6582,1.3921
10.6587,1.3871
10.6593,1.3921
10.6598,1.3871
10.6604,1.3921
10.6609,1.3921
10.6615,1.3871
10.6620,1.3871
10.6626,1.3871
10.6631,1.3871
10.6637,1.3921
10.6642,1.3972
10.6648,1.3921
10.6653,1.3921
10.6659,1.3921
10.6664,1.3871
10.6669,1.3921
10.6675,1.3921
10.6680,1.3921
10.6686,1.3871
10.6691,1.3921
10.6697,1.3871
10.6702,1.3921
10.6708,1.3921
10.6713,1.3921
10.6719,1.3921
10.6724,1.3871
10.6729,1.3921
10.6735,1.3921
10.6740,1.3871
10.6746,1.3972
10.6751,1.3871
10.6757,1.3921
10.6762,1.3921
10.6768,1.3921
10.6773,1.3921
10.6779,1.3921
10.6784,1.3921
10.6789,1.3921
10.6795,1.3921
10.6800,1.3921
10.6806,1.3921
10.6811,1.3921
10.6817,1.3921
10.6822,1.3921
10.6828,1.3972
10.6833,1.3921
10.6839,1.3921
10.6844,1.3921
10.6850,1.3921
10.6855,1.3972
10.6861,1.3921
10.6866,1.3972
10.6871,1.3921
10.6877,1.3921
10.6882,1.3921
10.6888,1.3921
10.6893,1.3972
10.6899,1.3921
10.6904,1.3921
10.6910,1.3972
10.6915,1.3921
10.6921,1.3972
10.6926,1.3921
10.6931,1.3972
10.6937,1.3921
10.6942,1.3921
10.6948,1.3921
10.6953,1.3972
10.6959,1.3921
10.6964,1.3972
10.6970,1.3921
10.6975,1.3871
10.6981,1.3921
10.6986,1.3972
10.6992,1.3972
10.6997,1.3972
10.7002,1.3972
10.7008,1.3921
10.7013,1.3972
10.7019,1.3972
10.7024,1.3972
10.7030,1.3972
10.7035,1.3972
10.7041,1.3972
10.7046,1.3921
10.7052,1.3972
10.7057,1.3871
10.7063,1.3921
10.7068,1.3972
10.7073,1.3972
10.7079,1.3972
10.7084,1.3972
10.7090,1.3921
10.7095,1.3972
10.7101,1.3921
10.7106,1.3972
10.7112,1.3921
10.7117,1.3921
10.7123,1.3972
10.7128,1.3921
10.7133,1.3972
10.7139,1.3972
10.7144,1.3972
10.7150,1.3921
10.7155,1.3921
10.7161,1.3921
10.7166,1.3972
10.7172,1.3972
10.7177,1.3921
10.7183,1.3972
10.7188,1.3921
10.7194,1.3972
10.7199,1.3871
10.7204,1.3921
10.7210,1.3972
10.7215,1.3921
10.7221,1.3921
10.7226,1.3972
10.7232,1.3972
10.7237,1.3921
10.7243,1.3972
10.7248,1.3972
10.7254,1.3972
10.7259,1.4022
10.7265,1.3921
10.7270,1.3921
10.7276,1.3921
10.7281,1.3972
10.7287,1.3921
10.7292,1.3972
10.7298,1.3921
10.7303,1.3972
10.7308,1.3921
10.7314,1.3972
10.7320,1.3972
10.7325,1.3972
10.7331,1.3972
10.7336,1.3871
10.7341,1.3972
10.7347,1.3921
10.7352,1.3972
10.7358,1.3921
10.7363,1.3972
10.7369,1.3972
10.7374,1.3972
10.7380,1.3921
10.7385,1.3972
10.7391,1.3972
10.7396,1.3972
10.7401,1.3921
10.7407,1.3921
10.7412,1.3921
10.7418,1.3921
10.7423,1.3921
10.7429,1.3921
10.7435,1.3972
10.7440,1.3921
10.7446,1.3972
10.7451,1.3921
10.7456,1.3972
10.7462,1.3972
10.7467,1.3921
10.7473,1.3921
10.7478,1.3972
10.7484,1.3972
10.7489,1.3972
10.7495,1.3871
10.7500,1.3972
10.7506,1.3921
10.7511,1.3921
10.7517,1.3972
10.7522,1.3972
10.7527,1.3921
10.7533,1.3921
10.7538,1.3921
10.7544,1.3921
10.7549,1.3972
10.7555,1.3921
10.7560,1.3972
10.7566,1.3921
10.7571,1.3972
10.7577,1.3921
10.7582,1.3921
10.7587,1.3972
10.7593,1.3921
10.7598,1.3972
10.7604,1.3921
10.7609,1.3972
10.7615,1.3972
10.7620,1.3921
10.7626,1.3972
10.7631,1.3921
10.7637,1.3921
10.7642,1.3972
10.7648,1.3921
10.7653,1.3972
10.7658,1.3921
10.7664,1.3921
10.7669,1.3921
10.7675,1.3921
10.7680,1.3871
10.7686,1.3921
10.7691,1.3972
10.7697,1.3921
10.7702,1.3972
10.7708,1.3921
10.7713,1.3972
10.7719,1.3921
10.7724,1.3921
10.7730,1.3921
10.7735,1.3921
10.7741,1.3921
10.7746,1.3972
10.7752,1.3972
10.7757,1.3972
10.7762,1.3921
10.7768,1.3871
10.7773,1.3972
10.7779,1.3921
10.7784,1.3921
10.7790,1.3972
10.7795,1.3871
10.7801,1.3921
10.7806,1.3921
10.7812,1.3921
10.7817,1.3871
10.7822,1.3921
10.7828,1.3972
10.7833,1.3921
10.7839,1.3921
10.7844,1.3972
10.7850,1.3972
10.7855,1.3921
10.7861,1.3871
10.7866,1.3921
10.7872,1.3921
10.7877,1.3972
10.7883,1.3972
10.7888,1.3921
10.7893,1.3921
10.7899,1.3921
10.7904,1.3972
10.7910,1.3921
10.7915,1.3972
10.7921,1.3972
10.7926,1.3921
10.7932,1.3921
10.7937,1.3921
10.7943,1.3921
10.7948,1.3972
10.7954,1.3921
10.7959,1.3871
10.7964,1.3921
10.7970,1.3921
10.7975,1.3921
10.7981,1.3921
10.7986,1.3921
10.7992,1.3921
10.7997,1.3972
10.8003,1.3921
10.8008,1.3921
10.8014,1.3921
10.8019,1.3921
10.8025,1.3921
10.8030,1.3871
10.8036,1.3921
10.8041,1.3921
10.8047,1.3921
10.8052,1.3921
10.8057,1.3921
10.8063,1.3921
10.8068,1.3871
10.8074,1.3871
10.8079,1.3871
10.8085,1.3871
10.8090,1.3871
10.8096,1.3921
10.8101,1.3921
10.8107,1.3921
10.8112,1.3921
10.8117,1.3921
10.8123,1.3921
10.8128,1.3921
10.8134,1.3871
10.8139,1.3921
10.8145,1.3921
10.8150,1.3921
10.8156,1.3972
10.8161,1.3921
10.8167,1.3921
10.8172,1.3921
10.8178,1.3871
10.8183,1.3871
10.8188,1.3921
10.8194,1.3921
10.8199,1.3921
10.8205,1.3921
10.8210,1.3871
10.8216,1.3871
10.8221,1.3871
10.8227,1.3871
10.8232,1.3921
10.8238,1.3871
10.8243,1.3921
10.8249,1.3921
10.8254,1.3921
10.8260,1.3871
10.8265,1.3871
10.8271,1.3921
10.8276,1.3921
10.8282,1.3871
10.8287,1.3871
10.8293,1.3921
10.8298,1.3871
10.8303,1.3921
10.8309,1.3921
10.8314,1.3921
10.8320,1.3871
10.8325,1.3871
10.8331,1.3871
10.8336,1.3921
10.8342,1.3871
10.8347,1.3921
10.8353,1.3871
10.8358,1.3871
10.8364,1.3921
10.8369,1.3821
10.8374,1.3871
10.8380,1.3871
10.8385,1.3871
10.8391,1.3921
10.8396,1.3871
10.8402,1.3871
10.8407,1.3921
10.8413,1.3921
10.8418,1.3871
10.8424,1.3921
10.8429,1.3871
10.8434,1.3871
10.8440,1.3871
10.8445,1.3871
10.8451,1.3871
10.8456,1.3871
10.8462,1.3871
10.8467,1.3871
10.8473,1.3871
10.8478,1.3871
10.8484,1.3871
10.8489,1.3821
10.8494,1.3921
10.8500,1.3871
10.8505,1.3871
10.8511,1.3871
10.8516,1.3871
10.8522,1.3871
10.8527,1.3821
10.8533,1.3871
10.8538,1.3921
10.8544,1.3821
10.8549,1.3821
10.8555,1.3821
10.8560,1.3871
10.8565,1.3821
10.8571,1.3871
10.8576,1.3871
10.8582,1.3821
10.8587,1.3871
10.8593,1.3871
10.8598,1.3871
10.8604,1.3871
10.8609,1.3821
10.8615,1.3871
10.8620,1.3871
10.8626,1.3821
10.8631,1.3821
10.8636,1.3871
10.8642,1.3871
10.8647,1.3821
10.8653,1.3871
10.8658,1.3871
10.8664,1.3821
10.8669,1.3871
10.8675,1.3821
10.8680,1.3871
10.8686,1.3871
10.8691,1.3821
10.8697,1.3871
10.8702,1.3871
10.8708,1.3871
10.8713,1.3871
10.8719,1.3871
10.8724,1.3821
10.8730,1.3871
10.8735,1.3821
10.8740,1.3770
10.8746,1.3871
10.8751,1.3821
10.8757,1.3821
10.8762,1.3871
10.8768,1.3871
10.8773,1.3871
10.8779,1.3871
10.8784,1.3871
10.8790,1.3821
10.8795,1.3871
10.8800,1.3821
10.8806,1.3871
10.8811,1.3821
10.8817,1.3871
10.8822,1.3871
10.8828,1.3821
10.8833,1.3821
10.8839,1.3821
10.8844,1.3871
10.8850,1.3821
10.8855,1.3821
10.8861,1.3871
10.8866,1.3821
10.8871,1.3871
10.8877,1.3871
10.8882,1.3821
10.8888,1.3871
10.8893,1.3821
10.8899,1.3871
10.8904,1.3871
10.8910,1.3821
10.8915,1.3871
10.8921,1.3821
10.8926,1.3821
10.8932,1.3871
10.8937,1.3821
10.8942,1.3871
10.8948,1.3770
10.8953,1.3871
10.8959,1.3871
10.8964,1.3821
10.8970,1.3821
10.8975,1.3871
10.8981,1.3821
10.8986,1.3821
10.8992,1.3821
10.8997,1.3871
10.9003,1.3821
10.9008,1.3821
10.9013,1.3871
10.9019,1.3821
10.9024,1.3871
10.9030,1.3871
10.9035,1.3821
10.9041,1.3871
10.9046,1.3821
10.9052,1.3871
10.9057,1.3821
10.9063,1.3871
10.9068,1.3871
10.9074,1.3821
10.9079,1.3871
10.9084,1.3821
10.9090,1.3871
10.9095,1.3821
10.9101,1.3871
10.9106,1.3821
10.9112,1.3871
10.9117,1.3871
10.9123,1.3821
10.9128,1.3871
10.9134,1.3821
10.9139,1.3821
10.9145,1.3871
10.9150,1.3871
10.9155,1.3821
10.9161,1.3821
10.9166,1.3871
10.9172,1.3871
10.9177,1.3770
10.9183,1.3871
10.9188,1.3821
10.9194,1.3871
10.9199,1.3871
10.9205,1.3821
10.9211,1.3821
10.9217,1.3821
10.9222,1.3871
10.9228,1.3821
10.9235,1.3871
10.9241,1.3821
10.9247,1.3770
10.9253,1.3770
10.9259,1.3821
10.9266,1.3770
10.9271,1.3821
10.9277,1.3821
10.9283,1.3821
10.9289,1.3821
10.9295,1.3821
10.9301,1.3871
10.9307,1.3821
10.9313,1.3821
10.9318,1.3871
10.9324,1.3871
10.9330,1.3821
10.9336,1.3770
10.9341,1.3821
10.9347,1.3871
10.9353,1.3821
10.9359,1.3821
10.9364,1.3821
10.9370,1.3821
10.9375,1.3871
10.9381,1.3871
10.9386,1.3871
10.9392,1.3821
10.9397,1.3821
10.9403,1.3821
10.9408,1.3821
10.9414,1.3871
10.9419,1.3821
10.9425,1.3821
10.9431,1.3871
10.9437,1.3871
10.9442,1.3821
10.9448,1.3821
10.9453,1.3871
10.9459,1.3821
10.9464,1.3871
10.9469,1.3871
10.9475,1.3871
10.9480,1.3821
10.9486,1.3821
10.9491,1.3821
10.9497,1.3821
10.9502,1.3821
10.9508,1.3821
10.9513,1.3821
10.9519,1.3871
10.9524,1.3821
10.9530,1.3821
10.9535,1.3821
10.9541,1.3821
10.9546,1.3821
10.9552,1.3871
10.9558,1.3821
10.9563,1.3821
10.9569,1.3871
10.9574,1.3871
10.9580,1.3770
10.9585,1.3871
10.9591,1.3871
10.9597,1.3821
10.9602,1.3821
10.9608,1.3821
10.9613,1.3821
10.9619,1.3821
10.9624,1.3871
10.9630,1.3871
10.9635,1.3770
10.9641,1.3821
10.9646,1.3821
10.9652,1.3871
10.9657,1.3821
10.9663,1.3821
10.9668,1.3821
10.9674,1.3821
10.9679,1.3871
10.9684,1.3821
10.9690,1.3871
10.9695,1.3821
10.9701,1.3821
10.9706,1.3821
10.9712,1.3871
10.9717,1.3821
10.9723,1.3821
10.9728,1.3871
10.9734,1.3821
10.9739,1.3821
10.9745,1.3821
10.9750,1.3770
10.9756,1.3821
10.9761,1.3871
10.9767,1.3821
10.9772,1.3871
10.9778,1.3821
10.9783,1.3871
10.9789,1.3821
10.9794,1.3821
10.9800,1.3821
10.9805,1.3871
10.9811,1.3821
10.9816,1.3770
10.9822,1.3871
10.9827,1.3871
10.9833,1.3821
10.9838,1.3821
10.9844,1.3821
10.9849,1.3821
10.9855,1.3821
10.9860,1.3821
10.9866,1.3821
10.9871,1.3770
10.9877,1.3821
10.9882,1.3821
10.9888,1.3770
10.9893,1.3821
10.9898,1.3821
10.9904,1.3821
10.9909,1.3821
10.9915,1.3821
10.9920,1.3821
10.9926,1.3770
10.9931,1.3871
10.9937,1.3821
10.9942,1.3821
10.9948,1.3821
10.9953,1.3821
10.9959,1.3821
10.9964,1.3821
10.9970,1.3770
10.9975,1.3770
10.9981,1.3821
10.9986,1.3871
10.9992,1.3821
10.9997,1.3770
11.0003,1.3821
11.0008,1.3770
11.0014,1.3821
11.0019,1.3821
11.0025,1.3821
11.0030,1.3821
11.0036,1.3821
11.0041,1.3821
11.0047,1.3770
11.0052,1.3821
11.0058,1.3821
11.0063,1.3770
11.0069,1.3770
11.0074,1.3821
11.0080,1.3821
11.0085,1.3770
11.0091,1.3821
11.0096,1.3821
11.0102,1.3821
11.0108,1.3821
11.0114,1.3821
11.0120,1.3821
11.0126,1.3821
11.0132,1.3821
11.0138,1.3821
11.0144,1.3770
11.0150,1.3720
11.0156,1.3770
11.0162,1.3770
11.0168,1.3770
11.0173,1.3770
11.0179,1.3821
11.0185,1.3821
11.0190,1.3720
11.0196,1.3770
11.0202,1.3821
11.0207,1.3821
11.0213,1.3821
11.0219,1.3821
11.0224,1.3770
11.0230,1.3770
11.0235,1.3821
11.0241,1.3770
11.0246,1.3770
11.0252,1.3770
11.0258,1.3720
11.0263,1.3770
11.0269,1.3821
11.0274,1.3770
11.0280,1.3770
11.0286,1.3821
11.0291,1.3770
11.0297,1.3821
11.0302,1.3821
11.0308,1.3821
11.0313,1.3821
11.0319,1.3720
11.0325,1.3770
11.0331,1.3770
11.0336,1.3770
11.0342,1.3821
11.0348,1.3821
11.0353,1.3770
11.0359,1.3821
11.0366,1.3770
11.0372,1.3821
11.0377,1.3770
11.0383,1.3770
11.0388,1.3720
11.0394,1.3821
11.0399,1.3821
11.0404,1.3821
11.0410,1.3770
11.0415,1.3770
11.0421,1.3770
11.0426,1.3821
11.0432,1.3821
11.0437,1.3770
11.0443,1.3770
11.0448,1.3770
11.0453,1.3770
11.0459,1.3770
11.0464,1.3770
11.0470,1.3770
11.0475,1.3770
11.0480,1.3720
11.0486,1.3821
11.0491,1.3821
11.0497,1.3770
11.0502,1.3770
11.0507,1.3770
11.0513,1.3770
11.0518,1.3821
11.0523,1.3770
11.0529,1.3821
11.0534,1.3720
11.0540,1.3770
11.0545,1.3770
11.0551,1.3821
11.0556,1.3770
11.0561,1.3720
11.0567,1.3770
11.0572,1.3770
11.0578,1.3770
11.0583,1.3770
11.0588,1.3770
11.0594,1.3821
11.0599,1.3821
11.0605,1.3770
11.0610,1.3821
11.0616,1.3770
11.0621,1.3770
11.0626,1.3770
11.0632,1.3770
11.0637,1.3770
11.0643,1.3770
11.0648,1.3770
11.0653,1.3770
11.0659,1.3770
11.0664,1.3770
11.0670,1.3770
11.0675,1.3770
11.0680,1.3720
11.0686,1.3821
11.0691,1.3770
11.0696,1.3770
11.0702,1.3821
11.0707,1.3770
11.0713,1.3770
11.0718,1.3770
11.0723,1.3770
11.0729,1.3770
11.0734,1.3720
11.0740,1.3770
11.0745,1.3770
11.0751,1.3770
11.0756,1.3720
11.0761,1.3770
11.0767,1.3770
11.0772,1.3770
11.0778,1.3770
11.0783,1.3770
11.0788,1.3720
11.0794,1.3770
11.0799,1.3770
11.0805,1.3720
11.0810,1.3770
11.0816,1.3770
11.0821,1.3770
11.0826,1.3770
11.0832,1.3770
11.0837,1.3770
11.0843,1.3720
11.0848,1.3770
11.0853,1.3770
11.0859,1.3770
11.0864,1.3770
11.0869,1.3770
11.0875,1.3770
11.0880,1.3770
11.0886,1.3770
11.0891,1.3770
11.0896,1.3770
11.0902,1.3770
11.0907,1.3770
11.0913,1.3770
11.0918,1.3770
11.0923,1.3770
11.0929,1.3770
11.0934,1.3770
11.0940,1.3770
11.0945,1.3720
11.0950,1.3770
11.0956,1.3770
11.0961,1.3720
11.0967,1.3770
11.0972,1.3720
11.0977,1.3770
11.0983,1.3770
11.0988,1.3720
11.0994,1.3720
11.0999,1.3770
11.1004,1.3720
11.1010,1.3720
11.1015,1.3770
11.1020,1.3720
11.1026,1.3720
11.1031,1.3770
11.1037,1.3770
11.1042,1.3770
11.1047,1.3720
11.1053,1.3770
11.1058,1.3720
11.1064,1.3770
11.1069,1.3770
11.1074,1.3720
11.1080,1.3720
11.1085,1.3770
11.1090,1.3770
11.1096,1.3720
11.1101,1.3770
11.1107,1.3720
11.1112,1.3770
11.1117,1.3770
11.1123,1.3720
11.1128,1.3720
11.1134,1.3720
11.1139,1.3770
11.1144,1.3720
11.1150,1.3770
11.1155,1.3770
11.1160,1.3770
11.1166,1.3770
11.1171,1.3770
11.1177,1.3770
11.1182,1.3720
11.1187,1.3720
11.1193,1.3770
11.1198,1.3720
11.1204,1.3770
11.1209,1.3720
11.1214,1.3821
11.1220,1.3770
11.1225,1.3720
11.1230,1.3720
11.1236,1.3770
11.1241,1.3720
11.1247,1.3720
11.1252,1.3720
11.1257,1.3770
11.1263,1.3720
11.1268,1.3720
11.1274,1.3770
11.1279,1.3720
11.1284,1.3720
11.1290,1.3770
11.1295,1.3770
11.1301,1.3720
11.1306,1.3770
11.1312,1.3720
11.1317,1.3720
11.1323,1.3720
11.1328,1.3720
11.1334,1.3770
11.1339,1.3720
11.1345,1.3770
11.1350,1.3720
11.1356,1.3770
11.1361,1.3770
11.1367,1.3770
11.1372,1.3720
11.1378,1.3770
11.1383,1.3720
11.1389,1.3770
11.1394,1.3720
11.1400,1.3720
11.1405,1.3770
11.1411,1.3720
11.1416,1.3720
11.1422,1.3770
11.1427,1.3720
11.1433,1.3720
11.1438,1.3720
11.1444,1.3770
11.1449,1.3770
11.1455,1.3770
11.1460,1.3720
11.1466,1.3720
11.1471,1.3720
11.1477,1.3770
11.1482,1.3770
11.1488,1.3770
11.1493,1.3770
11.1499,1.3720
11.1504,1.3720
11.1510,1.3720
11.1515,1.3720
11.1521,1.3720
11.1526,1.3720
11.1532,1.3720
11.1537,1.3770
11.1543,1.3720
11.1548,1.3720
11.1554,1.3669
11.1559,1.3720
11.1565,1.3720
11.1570,1.3770
11.1576,1.3720
11.1581,1.3770
11.1587,1.3720
11.1592,1.3770
11.1598,1.3720
11.1603,1.3720
11.1609,1.3720
11.1614,1.3770
11.1620,1.3770
11.1625,1.3669
11.1631,1.3720
11.1636,1.3720
11.1642,1.3770
11.1647,1.3669
11.1653,1.3720
11.1658,1.3720
11.1664,1.3720
11.1669,1.3770
11.1675,1.3720
11.1680,1.3720
11.1686,1.3720
11.1691,1.3720
11.1697,1.3720
11.1702,1.3770
11.1708,1.3720
11.1713,1.3770
11.1719,1.3720
11.1724,1.3720
11.1730,1.3720
11.1735,1.3770
11.1741,1.3720
11.1746,1.3720
11.1752,1.3720
11.1757,1.3720
11.1763,1.3770
11.1768,1.3720
11.1774,1.3720
11.1779,1.3770
11.1785,1.3720
11.1790,1.3669
11.1796,1.3720
11.1801,1.3770
11.1807,1.3720
11.1812,1.3669
11.1818,1.3720
11.1823,1.3720
11.1829,1.3720
11.1835,1.3720
11.1840,1.3669
11.1846,1.3720
11.1851,1.3770
11.1857,1.3770
11.1862,1.3720
11.1868,1.3720
11.1873,1.3720
11.1879,1.3720
11.1884,1.3720
11.1890,1.3720
11.1895,1.3720
11.1900,1.3720
11.1906,1.3720
11.1911,1.3720
11.1917,1.3770
11.1922,1.3669
11.1928,1.3720
11.1933,1.3720
11.1941,1.3720
11.1947,1.3720
11.1952,1.3720
11.1958,1.3720
11.1963,1.3720
11.1969,1.3720
11.1974,1.3720
11.1980,1.3770
11.1985,1.3720
11.1991,1.3720
11.1996,1.3720
11.2002,1.3669
11.2007,1.3720
11.2013,1.3669
11.2018,1.3720
11.2024,1.3770
11.2029,1.3669
11.2035,1.3720
11.2040,1.3669
11.2046,1.3720
11.2051,1.3669
11.2057,1.3720
11.2062,1.3770
11.2068,1.3720
11.2073,1.3720
11.2079,1.3720
11.2084,1.3720
11.2090,1.3720
11.2095,1.3720
11.2101,1.3720
11.2106,1.3720
11.2112,1.3669
11.2117,1.3720
11.2123,1.3669
11.2128,1.3669
11.2134,1.3669
11.2139,1.3720
11.2145,1.3720
11.2150,1.3720
11.2156,1.3720
11.2161,1.3720
11.2167,1.3720
11.2172,1.3720
11.2178,1.3720
11.2183,1.3770
11.2189,1.3720
11.2194,1.3669
11.2200,1.3669
11.2206,1.3720
11.2211,1.3720
11.2217,1.3669
11.2222,1.3720
11.2228,1.3720
11.2233,1.3720
11.2239,1.3720
11.2244,1.3669
11.2250,1.3720
11.2255,1.3720
11.2261,1.3770
11.2266,1.3669
11.2272,1.3720
11.2277,1.3669
11.2283,1.3720
11.2289,1.3720
11.2294,1.3720
11.2300,1.3720
11.2305,1.3720
11.2311,1.3720
11.2316,1.3720
11.2322,1.3720
11.2327,1.3669
11.2333,1.3669
11.2338,1.3720
11.2344,1.3720
11.2349,1.3720
11.2355,1.3669
11.2360,1.3770
11.2366,1.3720
11.2371,1.3720
11.2377,1.3669
11.2382,1.3720
11.2388,1.3720
11.2393,1.3720
11.2399,1.3720
11.2404,1.3720
11.2410,1.3720
11.2415,1.3720
11.2421,1.3720
11.2426,1.3669
11.2432,1.3720
11.2437,1.3720
11.2443,1.3720
11.2448,1.3669
11.2454,1.3720
11.2459,1.3720
11.2465,1.3720
11.2470,1.3720
11.2476,1.3669
11.2481,1.3720
11.2487,1.3720
11.2492,1.3720
11.2498,1.3720
11.2503,1.3720
11.2509,1.3669
11.2514,1.3720
11.2520,1.3770
11.2525,1.3720
11.2531,1.3720
11.2536,1.3720
11.2542,1.3720
11.2547,1.3770
11.2553,1.3720
11.2558,1.3720
11.2564,1.3720
11.2569,1.3669
11.2575,1.3770
11.2580,1.3720
11.2586,1.3720
11.2591,1.3720
11.2597,1.3720
11.2602,1.3770
11.2608,1.3720
11.2613,1.3770
11.2619,1.3720
11.2624,1.3720
11.2630,1.3720
11.2635,1.3770
11.2641,1.3720
11.2646,1.3770
11.2652,1.3770
11.2657,1.3720
11.2663,1.3770
11.2668,1.3720
11.2674,1.3770
11.2679,1.3770
11.2685,1.3770
11.2690,1.3720
11.2696,1.3720
11.2701,1.3770
11.2707,1.3720
11.2712,1.3770
11.2718,1.3770
11.2723,1.3770
11.2729,1.3720
11.2734,1.3720
11.2740,1.3770
11.2745,1.3720
11.2751,1.3770
11.2756,1.3770
11.2762,1.3770
11.2767,1.3770
11.2773,1.3720
11.2778,1.3770
11.2784,1.3770
11.2789,1.3720
11.2795,1.3770
11.2800,1.3770
11.2806,1.3770
11.2811,1.3770
11.2817,1.3770
11.2822,1.3720
11.2828,1.3821
11.2833,1.3770
11.2839,1.3720
11.2844,1.3770
11.2850,1.3770
11.2855,1.3770
11.2861,1.3770
11.2866,1.3821
11.2872,1.3770
11.2877,1.3821
11.2883,1.3821
11.2888,1.3821
11.2894,1.3770
11.2900,1.3821
11.2905,1.3821
11.2911,1.3821
11.2916,1.3821
11.2922,1.3821
11.2927,1.3821
11.2933,1.3821
11.2938,1.3770
11.2944,1.3821
11.2949,1.3821
11.2955,1.3821
11.2960,1.3821
11.2966,1.3821
11.2971,1.3871
11.2977,1.3821
11.2982,1.3821
11.2988,1.3821
11.2993,1.3871
11.2999,1.3770
11.3004,1.3821
11.3010,1.3821
11.3015,1.3821
11.3021,1.3770
11.3026,1.3821
11.3032,1.3821
11.3037,1.3821
11.3043,1.3821
11.3048,1.3821
11.3054,1.3871
11.3059,1.3871
11.3065,1.3821
11.3070,1.3821
11.3076,1.3871
11.3081,1.3871
11.3087,1.3871
11.3092,1.3770
11.3098,1.3821
11.3103,1.3871
11.3109,1.3821
11.3114,1.3871
11.3120,1.3921
11.3125,1.3871
11.3131,1.3871
11.3136,1.3871
11.3142,1.3821
11.3147,1.3921
11.3153,1.3871
11.3158,1.3871
11.3164,1.3871
11.3169,1.3871
11.3175,1.3871
11.3180,1.3871
11.3186,1.3871
11.3191,1.3871
11.3197,1.3871
11.3202,1.3871
11.3208,1.3871
11.3213,1.3871
11.3219,1.3871
11.3224,1.3871
11.3230,1.3871
11.3235,1.3871
11.3241,1.3871
11.3246,1.3871
11.3252,1.3921
11.3257,1.3871
11.3263,1.3871
11.3268,1.3871
11.3274,1.3921
11.3279,1.3921
11.3285,1.3921
11.3291,1.3921
11.3296,1.3871
11.3302,1.3871
11.3307,1.3821
11.3313,1.3871
11.3318,1.3871
11.3324,1.3871
11.3329,1.3921
11.3335,1.3921
11.3340,1.3871
11.3346,1.3921
11.3351,1.3871
11.3357,1.3871
11.3362,1.3871
11.3368,1.3871
11.3373,1.3921
11.3379,1.3921
11.3384,1.3871
11.3390,1.3871
11.3395,1.3871
11.3401,1.3871
11.3406,1.3921
11.3412,1.3921
11.3417,1.3921
11.3423,1.3871
11.3428,1.3921
11.3434,1.3871
11.3439,1.3871
11.3445,1.3921
11.3450,1.3972
11.3456,1.3921
11.3461,1.3972
11.3467,1.3871
11.3472,1.3921
11.3478,1.3972
11.3483,1.3921
11.3489,1.3921
11.3494,1.3921
11.3500,1.3871
11.3505,1.3921
11.3511,1.3921
11.3516,1.3921
11.3522,1.3921
11.3527,1.3921
11.3533,1.3871
11.3538,1.3921
11.3544,1.3921
11.3549,1.3921
11.3555,1.3921
11.3560,1.3921
11.3566,1.3921
11.3571,1.3921
11.3577,1.3972
11.3582,1.3921
11.3588,1.3921
11.3593,1.3921
11.3599,1.3972
11.3604,1.3921
11.3610,1.3921
11.3615,1.3921
11.3621,1.3921
11.3626,1.3921
11.3632,1.3972
11.3637,1.3921
11.3643,1.3921
11.3648,1.3972
11.3654,1.3921
11.3659,1.3921
11.3665,1.3921
11.3670,1.3921
11.3676,1.3972
11.3681,1.3972
11.3687,1.3921
11.3692,1.3921
11.3698,1.3921
11.3703,1.3921
11.3709,1.3921
11.3714,1.3972
11.3720,1.3921
11.3725,1.3921
11.3731,1.3972
11.3737,1.3921
11.3742,1.3921
11.3747,1.3921
11.3753,1.3921
11.3758,1.3921
11.3764,1.3871
11.3769,1.3921
11.3775,1.3921
11.3780,1.3921
11.3786,1.3972
11.3791,1.3972
11.3797,1.3972
11.3802,1.3921
11.3807,1.3972
11.3813,1.3921
11.3818,1.3921
11.3824,1.3972
11.3829,1.3921
11.3835,1.3921
11.3841,1.3972
11.3846,1.3871
11.3852,1.3921
11.3857,1.3921
11.3863,1.3972
11.3868,1.3972
11.3874,1.3972
11.3879,1.3921
11.3885,1.3921
11.3890,1.3921
11.3896,1.3921
11.3901,1.3972
11.3907,1.3921
11.3912,1.3921
11.3917,1.3921
11.3923,1.3921
11.3928,1.3972
11.3934,1.3972
11.3939,1.3921
11.3945,1.3921
11.3950,1.3921
11.3956,1.3921
11.3961,1.3921
11.3967,1.3921
11.3972,1.3921
11.3978,1.3921
11.3983,1.3921
11.3989,1.3921
11.3994,1.3921
11.4000,1.3921
11.4005,1.3921
11.4011,1.3972
11.4016,1.3972
11.4022,1.3921
11.4027,1.3921
11.4033,1.3921
11.4038,1.3972
11.4044,1.3921
11.4049,1.3921
11.4055,1.3871
11.4060,1.3921
11.4066,1.3871
11.4071,1.3921
11.4077,1.3972
11.4082,1.3921
11.4088,1.3972
11.4093,1.3972
11.4099,1.3921
11.4104,1.3972
11.4110,1.3921
11.4115,1.3921
11.4121,1.3921
11.4126,1.3921
11.4132,1.3921
11.4137,1.3921
11.4143,1.3921
11.4148,1.3921
11.4154,1.3921
11.4159,1.3921
11.4165,1.3871
11.4170,1.3972
11.4176,1.3871
11.4181,1.3921
11.4187,1.3972
11.4192,1.3921
11.4198,1.3921
11.4203,1.3921
11.4209,1.3921
11.4214,1.3921
11.4220,1.3972
11.4225,1.3921
11.4231,1.3921
11.4236,1.3972
11.4242,1.3972
11.4247,1.3921
11.4253,1.3871
11.4258,1.3921
11.4264,1.3921
11.4269,1.3921
11.4275,1.3921
11.4280,1.3921
11.4286,1.3921
11.4291,1.3972
11.4297,1.3921
11.4303,1.3972
11.4308,1.3921
11.4314,1.3972
11.4319,1.3921
11.4325,1.3871
11.4330,1.3921
11.4336,1.3921
11.4341,1.3921
11.4347,1.3921
11.4352,1.3921
11.4358,1.3921
11.4363,1.3921
11.4369,1.3921
11.4374,1.3921
11.4380,1.3921
11.4385,1.3871
11.4391,1.3921
11.4396,1.3921
11.4402,1.3921
11.4407,1.3921
11.4413,1.3921
11.4418,1.3921
11.4424,1.3972
11.4429,1.3972
11.4435,1.3921
11.4440,1.3871
11.4446,1.3921
11.4451,1.3921
11.4457,1.3921
11.4462,1.3871
11.4468,1.3921
11.4473,1.3921
11.4479,1.3871
11.4484,1.3871
11.4490,1.3921
11.4495,1.3921
11.4501,1.3921
11.4506,1.3871
11.4512,1.3921
11.4517,1.3921
11.4523,1.3871
11.4528,1.3921
11.4534,1.3871
11.4539,1.3921
11.4545,1.3921
11.4550,1.3921
11.4556,1.3921
11.4561,1.3921
11.4567,1.3921
11.4572,1.3921
11.4578,1.3921
11.4583,1.3921
11.4589,1.3871
11.4594,1.3921
11.4600,1.3871
11.4605,1.3921
11.4611,1.3921
11.4616,1.3921
11.4622,1.3921
11.4627,1.3871
11.4633,1.3921
11.4638,1.3871
11.4644,1.3871
11.4649,1.3921
11.4655,1.3921
11.4660,1.3921
11.4666,1.3921
11.4671,1.3921
11.4677,1.3871
11.4682,1.3921
11.4688,1.3871
11.4693,1.3921
11.4699,1.3871
11.4704,1.3921
11.4710,1.3871
11.4715,1.3921
11.4721,1.3871
11.4726,1.3871
11.4732,1.3921
11.4737,1.3871
11.4743,1.3921
11.4748,1.3871
11.4754,1.3871
11.4759,1.3921
11.4765,1.3921
11.4770,1.3871
11.4775,1.3921
11.4781,1.3871
11.4786,1.3921
11.4792,1.3921
11.4797,1.3871
11.4803,1.3921
11.4808,1.3871
11.4814,1.3871
11.4819,1.3921
11.4825,1.3871
11.4830,1.3871
11.4836,1.3871
11.4841,1.3871
11.4847,1.3871
11.4852,1.3821
11.4858,1.3871
11.4863,1.3871
11.4869,1.3871
11.4874,1.3871
11.4880,1.3921
11.4885,1.3871
11.4891,1.3871
11.4896,1.3871
11.4902,1.3871
11.4907,1.3871
11.4913,1.3871
11.4918,1.3871
11.4924,1.3871
11.4929,1.3871
11.4935,1.3871
11.4940,1.3871
11.4946,1.3821
11.4951,1.3871
11.4957,1.3871
11.4962,1.3871
11.4968,1.3921
11.4973,1.3871
11.4979,1.3821
11.4984,1.3871
11.4990,1.3871
11.4996,1.3871
11.5001,1.3871
11.5007,1.3871
11.5012,1.3871
11.5018,1.3871
11.5023,1.3871
11.5028,1.3821
11.5034,1.3921
11.5040,1.3770
11.5045,1.3871
11.5051,1.3871
11.5056,1.3821
11.5062,1.3871
11.5067,1.3821
11.5073,1.3871
11.5078,1.3821
11.5084,1.3871
11.5089,1.3871
11.5095,1.3871
11.5101,1.3871
11.5107,1.3871
11.5136,1.3821
11.5142,1.3821
11.5148,1.3871
11.5154,1.3821
11.5159,1.3821
11.5165,1.3871
11.5170,1.3871
11.5176,1.3821
11.5182,1.3821
11.5187,1.3770
11.5193,1.3821
11.5198,1.3871
11.5204,1.3871
11.5209,1.3821
11.5215,1.3871
11.5220,1.3821
11.5226,1.3821
11.5231,1.3821
11.5237,1.3821
11.5242,1.3821
11.5248,1.3871
11.5253,1.3871
11.5259,1.3871
11.5265,1.3871
11.5270,1.3821
11.5277,1.3871
11.5283,1.3821
11.5288,1.3871
11.5294,1.3821
11.5300,1.3821
11.5306,1.3871
11.5312,1.3821
11.5318,1.3821
11.5324,1.3871
11.5330,1.3821
11.5336,1.3821
11.5342,1.3821
11.5348,1.3821
11.5354,1.3821
11.5367,1.3821
11.5374,1.3821
11.5379,1.3821
11.5385,1.3821
11.5390,1.3871
11.5396,1.3821
11.5401,1.3871
11.5407,1.3821
11.5412,1.3821
11.5417,1.3821
11.5423,1.3871
11.5428,1.3821
11.5434,1.3871
11.5440,1.3871
11.5445,1.3871
11.5451,1.3821
11.5456,1.3821
11.5463,1.3821
11.5469,1.3821
11.5475,1.3821
11.5480,1.3821
11.5486,1.3821
11.5491,1.3821
11.5498,1.3871
11.5503,1.3821
11.5508,1.3871
11.5514,1.3821
11.5519,1.3770
11.5525,1.3871
11.5530,1.3821
11.5536,1.3821
11.5541,1.3821
11.5546,1.3821
11.5552,1.3821
11.5557,1.3770
11.5563,1.3821
11.5568,1.3821
11.5573,1.3821
11.5579,1.3821
11.5584,1.3821
11.5590,1.3871
11.5595,1.3871
11.5601,1.3821
11.5606,1.3821
11.5612,1.3871
11.5617,1.3821
11.5622,1.3821
11.5628,1.3821
11.5633,1.3821
11.5639,1.3821
11.5644,1.3821
11.5649,1.3821
11.5655,1.3821
11.5660,1.3871
11.5666,1.3770
11.5671,1.3821
11.5677,1.3821
11.5682,1.3821
11.5687,1.3770
11.5693,1.3821
11.5698,1.3770
11.5704,1.3821
11.5709,1.3821
11.5715,1.3871
11.5720,1.3770
11.5725,1.3821
11.5731,1.3871
11.5736,1.3821
11.5742,1.3871
11.5747,1.3821
11.5753,1.3821
11.5758,1.3821
11.5764,1.3821
11.5769,1.3821
11.5774,1.3770
11.5780,1.3821
11.5785,1.3821
11.5791,1.3821
11.5796,1.3871
11.5801,1.3770
11.5807,1.3821
11.5812,1.3821
11.5818,1.3821
11.5823,1.3821
11.5828,1.3821
11.5834,1.3821
11.5839,1.3821
11.5845,1.3821
11.5850,1.3821
11.5856,1.3821
11.5861,1.3770
11.5866,1.3821
11.5872,1.3770
11.5877,1.3821
11.5883,1.3770
11.5888,1.3821
11.5893,1.3821
11.5899,1.3770
11.5904,1.3770
11.5910,1.3821
11.5915,1.3821
11.5920,1.3821
11.5926,1.3821
11.5931,1.3821
11.5937,1.3821
11.5942,1.3821
11.5947,1.3821
11.5953,1.3821
11.5958,1.3821
11.5964,1.3770
11.5969,1.3821
11.5974,1.3821
11.5980,1.3821
11.5985,1.3821
11.5991,1.3871
11.5996,1.3821
11.6001,1.3821
11.6007,1.3821
11.6012,1.3770
11.6018,1.3821
11.6023,1.3770
11.6028,1.3871
11.6034,1.3871
11.6039,1.3821
11.6045,1.3821
11.6050,1.3821
11.6056,1.3821
11.6061,1.3821
11.6066,1.3821
11.6072,1.3821
11.6077,1.3770
11.6083,1.3821
11.6088,1.3770
11.6093,1.3871
11.6099,1.3821
11.6104,1.3720
11.6110,1.3821
11.6115,1.3821
11.6120,1.3770
11.6126,1.3821
11.6131,1.3821
11.6137,1.3770
11.6142,1.3770
11.6147,1.3821
11.6153,1.3821
11.6158,1.3770
11.6164,1.3821
11.6169,1.3821
11.6174,1.3770
11.6180,1.3720
11.6185,1.3821
11.6191,1.3821
11.6196,1.3770
11.6201,1.3821
11.6207,1.3821
11.6212,1.3821
11.6218,1.3821
11.6223,1.3770
11.6228,1.3770
11.6234,1.3821
11.6239,1.3821
11.6245,1.3821
11.6250,1.3770
11.6256,1.3821
11.6261,1.3770
11.6266,1.3770
11.6272,1.3821
11.6277,1.3821
11.6283,1.3770
11.6288,1.3821
11.6294,1.3821
11.6300,1.3770
11.6306,1.3821
11.6311,1.3821
11.6317,1.3821
11.6322,1.3821
11.6328,1.3770
11.6333,1.3821
11.6339,1.3821
11.6344,1.3821
11.6350,1.3821
11.6355,1.3821
11.6361,1.3821
11.6366,1.3821
11.6372,1.3770
11.6377,1.3821
11.6383,1.3821
11.6388,1.3770
11.6394,1.3770
11.6399,1.3770
11.6405,1.3770
11.6410,1.3770
11.6416,1.3821
11.6422,1.3770
11.6427,1.3770
11.6433,1.3770
11.6438,1.3770
11.6444,1.3821
11.6449,1.3720
11.6455,1.3770
11.6460,1.3821
11.6466,1.3770
11.6471,1.3770
11.6477,1.3770
11.6482,1.3821
11.6488,1.3770
11.6493,1.3821
11.6498,1.3770
11.6504,1.3821
11.6509,1.3770
11.6515,1.3770
11.6520,1.3770
11.6526,1.3770
11.6531,1.3821
11.6537,1.3821
11.6542,1.3770
11.6548,1.3821
11.6553,1.3821
11.6559,1.3770
11.6564,1.3821
11.6570,1.3821
11.6575,1.3720
11.6581,1.3821
11.6586,1.3770
11.6592,1.3770
11.6597,1.3821
11.6603,1.3770
11.6608,1.3821
11.6614,1.3821
11.6619,1.3821
11.6625,1.3770
11.6630,1.3821
11.6636,1.3821
11.6641,1.3770
11.6647,1.3821
11.6652,1.3770
11.6658,1.3770
11.6663,1.3821
11.6669,1.3770
11.6674,1.3821
11.6680,1.3821
11.6685,1.3770
11.6691,1.3770
11.6696,1.3770
11.6702,1.3821
11.6707,1.3770
11.6713,1.3720
11.6718,1.3770
11.6724,1.3770
11.6729,1.3770
11.6735,1.3720
11.6740,1.3770
11.6746,1.3821
11.6751,1.3821
11.6757,1.3770
11.6762,1.3770
11.6768,1.3770
11.6773,1.3821
11.6779,1.3821
11.6784,1.3821
11.6790,1.3770
11.6795,1.3770
11.6801,1.3821
11.6806,1.3770
11.6812,1.3770
11.6817,1.3770
11.6823,1.3770
11.6828,1.3821
11.6834,1.3770
11.6839,1.3770
11.6845,1.3770
11.6850,1.3770
11.6855,1.3770
11.6861,1.3770
11.6866,1.3770
11.6872,1.3770
11.6877,1.3770
11.6883,1.3770
11.6888,1.3770
11.6894,1.3770
11.6899,1.3720
11.6905,1.3821
11.6910,1.3821
11.6916,1.3770
11.6921,1.3770
11.6927,1.3770
11.6932,1.3770
11.6938,1.3821
11.6943,1.3770
11.6949,1.3770
11.6954,1.3720
11.6960,1.3770
11.6965,1.3770
11.6971,1.3770
11.6976,1.3770
11.6982,1.3770
11.6987,1.3720
11.6993,1.3770
11.6998,1.3770
11.7004,1.3770
11.7009,1.3770
11.7015,1.3770
11.7020,1.3720
11.7026,1.3821
11.7031,1.3821
11.7037,1.3770
11.7042,1.3770
11.7048,1.3770
11.7053,1.3770
11.7059,1.3770
11.7064,1.3770
11.7070,1.3770
11.7075,1.3770
11.7081,1.3770
11.7086,1.3770
11.7092,1.3720
11.7097,1.3770
11.7103,1.3720
11.7108,1.3821
11.7114,1.3770
11.7119,1.3720
11.7125,1.3770
11.7130,1.3720
11.7136,1.3770
11.7142,1.3770
11.7147,1.3720
11.7153,1.3770
11.7158,1.3770
11.7163,1.3770
11.7169,1.3770
11.7174,1.3720
11.7180,1.3720
11.7185,1.3770
11.7191,1.3770
11.7196,1.3720
11.7202,1.3770
11.7207,1.3770
11.7213,1.3770
11.7218,1.3770
11.7224,1.3720
11.7229,1.3720
11.7235,1.3770
11.7240,1.3669
11.7246,1.3770
11.7251,1.3770
11.7257,1.3720
11.7262,1.3770
11.7268,1.3770
11.7274,1.3720
11.7280,1.3770
11.7287,1.3770
11.7292,1.3770
11.7298,1.3770
11.7304,1.3770
11.7309,1.3720
11.7315,1.3770
11.7320,1.3770
11.7325,1.3770
11.7331,1.3770
11.7336,1.3720
11.7342,1.3770
11.7347,1.3770
11.7353,1.3720
11.7358,1.3770
11.7364,1.3720
11.7369,1.3770
11.7375,1.3720
11.7380,1.3770
11.7386,1.3720
11.7391,1.3720
11.7396,1.3770
11.7402,1.3720
11.7407,1.3720
11.7413,1.3720
11.7418,1.3720
11.7424,1.3720
11.7429,1.3720
11.7435,1.3720
11.7440,1.3770
11.7446,1.3720
11.7451,1.3770
11.7457,1.3720
11.7462,1.3770
11.7467,1.3720
11.7473,1.3720
11.7478,1.3720
11.7484,1.3770
11.7489,1.3720
11.7495,1.3720
11.7500,1.3770
11.7506,1.3720
11.7511,1.3720
11.7517,1.3720
11.7522,1.3720
11.7527,1.3720
11.7533,1.3770
11.7538,1.3770
11.7544,1.3770
11.7549,1.3720
11.7555,1.3720
11.7560,1.3720
11.7566,1.3720
11.7571,1.3720
11.7577,1.3720
11.7582,1.3770
11.7588,1.3720
11.7593,1.3770
11.7598,1.3720
11.7604,1.3770
11.7609,1.3770
11.7615,1.3720
11.7620,1.3720
11.7626,1.3720
11.7631,1.3720
11.7637,1.3770
11.7642,1.3770
11.7648,1.3770
11.7653,1.3720
11.7659,1.3720
11.7664,1.3720
11.7670,1.3720
11.7675,1.3720
11.7681,1.3770
11.7686,1.3720
11.7692,1.3720
11.7697,1.3720
11.7703,1.3770
11.7708,1.3720
11.7714,1.3770
11.7719,1.3770
11.7725,1.3770
11.7730,1.3669
11.7736,1.3720
11.7741,1.3720
11.7747,1.3720
11.7752,1.3720
11.7758,1.3770
11.7763,1.3770
11.7769,1.3720
11.7774,1.3720
11.7780,1.3770
11.7785,1.3720
11.7790,1.3720
11.7796,1.3720
11.7801,1.3720
11.7807,1.3720
11.7812,1.3720
11.7818,1.3720
11.7824,1.3720
11.7829,1.3720
11.7835,1.3720
11.7840,1.3720
11.7846,1.3720
11.7851,1.3720
11.7857,1.3720
11.7862,1.3770
11.7868,1.3720
11.7873,1.3770
11.7879,1.3720
11.7884,1.3720
11.7890,1.3720
11.7895,1.3720
11.7901,1.3720
11.7906,1.3720
11.7912,1.3720
11.7917,1.3770
11.7923,1.3720
11.7928,1.3720
11.7934,1.3720
11.7939,1.3720
11.7945,1.3720
11.7950,1.3720
11.7956,1.3720
11.7961,1.3720
11.7967,1.3770
11.7972,1.3720
11.7978,1.3720
11.7983,1.3720
11.7989,1.3720
11.7994,1.3720
11.8000,1.3720
11.8005,1.3720
11.8011,1.3720
11.8016,1.3720
11.8022,1.3720
11.8027,1.3770
11.8033,1.3770
11.8038,1.3720
11.8044,1.3720
11.8049,1.3720
11.8055,1.3720
11.8060,1.3669
11.8066,1.3720
11.8071,1.3720
11.8077,1.3669
11.8082,1.3720
11.8088,1.3669
11.8093,1.3770
11.8099,1.3720
11.8104,1.3669
11.8110,1.3720
11.8115,1.3720
11.8121,1.3770
11.8126,1.3669
11.8132,1.3720
11.8137,1.3720
11.8143,1.3720
11.8148,1.3669
11.8154,1.3669
11.8159,1.3720
11.8165,1.3720
11.8170,1.3669
11.8176,1.3770
11.8181,1.3720
11.8186,1.3720
11.8192,1.3720
11.8197,1.3720
11.8203,1.3720
11.8208,1.3770
11.8214,1.3770
11.8219,1.3720
11.8225,1.3770
11.8230,1.3720
11.8236,1.3720
11.8241,1.3720
11.8247,1.3669
11.8252,1.3720
11.8258,1.3669
11.8263,1.3720
11.8269,1.3720
11.8274,1.3720
11.8280,1.3720
11.8285,1.3669
11.8291,1.3720
11.8296,1.3720
11.8302,1.3720
11.8307,1.3720
11.8313,1.3720
11.8319,1.3720
11.8324,1.3669
11.8330,1.3720
11.8335,1.3720
11.8341,1.3720
11.8346,1.3720
11.8352,1.3720
11.8357,1.3669
11.8363,1.3720
11.8368,1.3770
11.8374,1.3720
11.8379,1.3720
11.8385,1.3720
11.8390,1.3720
11.8396,1.3720
11.8401,1.3720
11.8407,1.3720
11.8412,1.3720
11.8418,1.3669
11.8423,1.3720
11.8429,1.3720
11.8434,1.3720
11.8440,1.3720
11.8445,1.3669
11.8451,1.3720
11.8456,1.3720
11.8462,1.3669
11.8467,1.3720
11.8473,1.3669
11.8478,1.3720
11.8484,1.3720
11.8489,1.3720
11.8495,1.3720
11.8500,1.3720
11.8506,1.3720
11.8511,1.3720
11.8517,1.3720
11.8523,1.3720
11.8528,1.3720
11.8534,1.3720
11.8539,1.3720
11.8545,1.3720
11.8550,1.3669
11.8556,1.3720
11.8561,1.3720
11.8567,1.3720
11.8572,1.3720
11.8578,1.3720
11.8583,1.3720
11.8589,1.3669
11.8594,1.3720
11.8600,1.3669
11.8605,1.3720
11.8611,1.3720
11.8616,1.3720
11.8621,1.3619
11.8627,1.3669
11.8632,1.3669
11.8638,1.3720
11.8644,1.3669
11.8649,1.3720
11.8655,1.3669
11.8660,1.3720
11.8666,1.3669
11.8671,1.3669
11.8676,1.3770
11.8682,1.3669
11.8687,1.3720
11.8693,1.3669
11.8698,1.3669
11.8704,1.3720
11.8709,1.3669
11.8715,1.3669
11.8720,1.3669
11.8726,1.3770
11.8731,1.3720
11.8737,1.3720
11.8742,1.3669
11.8748,1.3720
11.8753,1.3619
11.8759,1.3619
11.8764,1.3720
11.8770,1.3720
11.8775,1.3669
11.8781,1.3720
11.8786,1.3669
11.8792,1.3669
11.8797,1.3720
11.8803,1.3669
11.8808,1.3720
11.8814,1.3669
11.8819,1.3669
11.8825,1.3669
11.8830,1.3720
11.8836,1.3669
11.8841,1.3669
11.8847,1.3669
11.8852,1.3669
11.8858,1.3720
11.8863,1.3720
11.8869,1.3720
11.8874,1.3720
11.8880,1.3669
11.8885,1.3720
11.8891,1.3669
11.8896,1.3720
11.8902,1.3720
11.8907,1.3669
11.8913,1.3720
11.8918,1.3720
11.8924,1.3720
11.8929,1.3669
11.8935,1.3669
11.8940,1.3669
11.8946,1.3720
11.8951,1.3669
11.8957,1.3720
11.8962,1.3669
11.8968,1.3669
11.8973,1.3669
11.8979,1.3720
11.8984,1.3720
11.8990,1.3669
11.8995,1.3720
11.9001,1.3669
11.9006,1.3669
11.9012,1.3669
11.9017,1.3720
11.9023,1.3720
11.9028,1.3720
11.9034,1.3720
11.9039,1.3720
11.9045,1.3720
11.9050,1.3720
11.9056,1.3720
11.9061,1.3669
11.9067,1.3720
11.9072,1.3720
11.9078,1.3720
11.9083,1.3720
11.9089,1.3720
11.9094,1.3720
11.9100,1.3720
11.9105,1.3669
11.9111,1.3720
11.9116,1.3720
11.9122,1.3669
11.9127,1.3720
11.9133,1.3720
11.9138,1.3720
11.9144,1.3720
11.9149,1.3720
11.9155,1.3720
11.9160,1.3720
11.9166,1.3669
11.9171,1.3720
11.9177,1.3770
11.9182,1.3720
11.9188,1.3770
11.9193,1.3720
11.9198,1.3720
11.9204,1.3720
11.9209,1.3720
11.9215,1.3720
11.9222,1.3720
11.9227,1.3669
11.9233,1.3720
11.9238,1.3720
11.9244,1.3720
11.9249,1.3770
11.9255,1.3770
11.9260,1.3720
11.9266,1.3720
11.9272,1.3720
11.9277,1.3770
11.9283,1.3720
11.9288,1.3770
11.9294,1.3770
11.9300,1.3720
11.9305,1.3770
11.9311,1.3770
11.9317,1.3770
11.9322,1.3770
11.9328,1.3720
11.9333,1.3770
11.9339,1.3720
11.9344,1.3770
11.9349,1.3720
11.9355,1.3720
11.9360,1.3770
11.9366,1.3770
11.9371,1.3770
11.9377,1.3720
11.9382,1.3821
11.9388,1.3720
11.9393,1.3770
11.9399,1.3720
11.9404,1.3821
11.9409,1.3770
11.9415,1.3821
11.9420,1.3770
11.9426,1.3770
11.9431,1.3770
11.9437,1.3770
11.9442,1.3821
11.9448,1.3720
11.9453,1.3770
11.9459,1.3770
11.9464,1.3821
11.9470,1.3770
11.9475,1.3821
11.9480,1.3821
11.9486,1.3770
11.9491,1.3770
11.9497,1.3770
11.9502,1.3770
11.9508,1.3821
11.9513,1.3821
11.9519,1.3821
11.9524,1.3821
11.9530,1.3821
11.9535,1.3821
11.9540,1.3821
11.9546,1.3871
11.9551,1.3821
11.9557,1.3821
11.9562,1.3821
11.9568,1.3871
11.9573,1.3821
11.9579,1.3821
11.9584,1.3770
11.9590,1.3821
11.9595,1.3871
11.9600,1.3821
11.9606,1.3821
11.9611,1.3770
11.9617,1.3871
11.9622,1.3821
11.9628,1.3821
11.9633,1.3821
11.9639,1.3821
11.9644,1.3871
11.9650,1.3871
11.9655,1.3821
11.9661,1.3821
11.9666,1.3871
11.9671,1.3821
11.9677,1.3871
11.9682,1.3871
11.9688,1.3871
11.9693,1.3821
11.9699,1.3821
11.9704,1.3871
11.9710,1.3921
11.9715,1.3821
11.9720,1.3821
11.9726,1.3871
11.9731,1.3871
11.9737,1.3871
11.9742,1.3871
11.9748,1.3871
11.9753,1.3921
11.9759,1.3871
11.9764,1.3871
11.9770,1.3871
11.9775,1.3871
11.9781,1.3871
11.9786,1.3821
11.9791,1.3871
11.9797,1.3821
11.9802,1.3871
11.9808,1.3871
11.9813,1.3871
11.9819,1.3871
11.9824,1.3921
11.9830,1.3821
11.9835,1.3871
11.9841,1.3821
11.9846,1.3921
11.9852,1.3871
11.9857,1.3871
11.9863,1.3871
11.9868,1.3871
11.9874,1.3871
11.9879,1.3871
11.9885,1.3871
11.9890,1.3871
11.9896,1.3871
11.9901,1.3871
11.9906,1.3871
11.9912,1.3921
11.9918,1.3871
11.9923,1.3921
11.9929,1.3921
11.9934,1.3871
11.9940,1.3921
11.9945,1.3871
11.9951,1.3921
11.9956,1.3921
11.9962,1.3871
11.9967,1.3921
11.9973,1.3921
11.9978,1.3821
11.9984,1.3921
11.9989,1.3871
11.9995,1.3871
12.0000,1.3871
