Время[c],Напряжение[В]
0.0000,1.4073
0.0006,1.4073
0.0011,1.4073
0.0016,1.4073
0.0021,1.4073
0.0027,1.4073
0.0032,1.4073
0.0037,1.4073
0.0042,1.4073
0.0047,1.4073
0.0053,1.4073
0.0058,1.4123
0.0063,1.4073
0.0068,1.4073
0.0074,1.4073
0.0079,1.4073
0.0084,1.4073
0.0089,1.4073
0.0094,1.4073
0.0100,1.4123
0.0105,1.4073
0.0110,1.4073
0.0115,1.4073
0.0121,1.4022
0.0126,1.4073
0.0131,1.4022
0.0136,1.4073
0.0141,1.4073
0.0147,1.4022
0.0152,1.4073
0.0157,1.4073
0.0162,1.4073
0.0168,1.4073
0.0173,1.4073
0.0178,1.4123
0.0183,1.4073
0.0188,1.4073
0.0194,1.4073
0.0199,1.4073
0.0204,1.4123
0.0209,1.4073
0.0215,1.4022
0.0220,1.4073
0.0225,1.4073
0.0230,1.4022
0.0235,1.4073
0.0241,1.4022
0.0246,1.4073
0.0251,1.4073
0.0257,1.4123
0.0262,1.4073
0.0267,1.4022
0.0272,1.4073
0.0278,1.4073
0.0283,1.4123
0.0288,1.4073
0.0293,1.4073
0.0298,1.4073
0.0304,1.4073
0.0309,1.4073
0.0314,1.4073
0.0319,1.4073
0.0325,1.4073
0.0330,1.4073
0.0335,1.4073
0.0340,1.4073
0.0346,1.4073
0.0351,1.4022
0.0357,1.4073
0.0362,1.4022
0.0368,1.4073
0.0373,1.4123
0.0379,1.4022
0.0384,1.4073
0.0390,1.4073
0.0395,1.4073
0.0400,1.4073
0.0405,1.4073
0.0411,1.4123
0.0416,1.4073
0.0421,1.4073
0.0426,1.4073
0.0432,1.4123
0.0437,1.4073
0.0443,1.4073
0.0448,1.4073
0.0453,1.4073
0.0459,1.4073
0.0464,1.4073
0.0470,1.4022
0.0475,1.4123
0.0481,1.4073
0.0487,1.4022
0.0493,1.4073
0.0498,1.4073
0.0503,1.4073
0.0509,1.4073
0.0514,1.4022
0.0519,1.4022
0.0524,1.4022
0.0530,1.4022
0.0535,1.4022
0.0540,1.4073
0.0545,1.4073
0.0551,1.4073
0.0556,1.4073
0.0561,1.4073
0.0566,1.4073
0.0571,1.4073
0.0577,1.4022
0.0582,1.4073
0.0587,1.4073
0.0592,1.4073
0.0597,1.4022
0.0603,1.4022
0.0608,1.4073
0.0613,1.4073
0.0618,1.4073
0.0624,1.4073
0.0629,1.4073
0.0634,1.4073
0.0639,1.4073
0.0645,1.4073
0.0650,1.4073
0.0655,1.4022
0.0660,1.4073
0.0666,1.4022
0.0671,1.4073
0.0676,1.4022
0.0681,1.4073
0.0687,1.4073
0.0692,1.4073
0.0697,1.4073
0.0702,1.4073
0.0708,1.4022
0.0713,1.4073
0.0718,1.4022
0.0724,1.4073
0.0729,1.4073
0.0734,1.4073
0.0739,1.4073
0.0745,1.4073
0.0750,1.4073
0.0755,1.4073
0.0760,1.4073
0.0766,1.4022
0.0771,1.4073
0.0776,1.4022
0.0781,1.4022
0.0787,1.4073
0.0792,1.4073
0.0797,1.4022
0.0802,1.4022
0.0808,1.4022
0.0813,1.4022
0.0818,1.4022
0.0823,1.4022
0.0828,1.4073
0.0834,1.4073
0.0839,1.4073
0.0844,1.4022
0.0849,1.4022
0.0855,1.4022
0.0860,1.4073
0.0865,1.4022
0.0870,1.4073
0.0875,1.4073
0.0881,1.4022
0.0886,1.4022
0.0891,1.4022
0.0896,1.3972
0.0902,1.4022
0.0907,1.4022
0.0912,1.4073
0.0917,1.3972
0.0923,1.4022
0.0928,1.4073
0.0933,1.4022
0.0938,1.4073
0.0943,1.4073
0.0949,1.4022
0.0954,1.4022
0.0959,1.4022
0.0964,1.4073
0.0970,1.4022
0.0975,1.4022
0.0980,1.4073
0.0985,1.4073
0.0991,1.4022
0.0996,1.4022
0.1001,1.3972
0.1006,1.4022
0.1012,1.4022
0.1017,1.3972
0.1022,1.4022
0.1027,1.4073
0.1032,1.4022
0.1038,1.3972
0.1043,1.4022
0.1048,1.4022
0.1053,1.4022
0.1058,1.4022
0.1064,1.3972
0.1069,1.4022
0.1074,1.4022
0.1079,1.3972
0.1085,1.3972
0.1090,1.4022
0.1095,1.4073
0.1100,1.4022
0.1105,1.4022
0.1111,1.4073
0.1116,1.4022
0.1121,1.4022
0.1126,1.4022
0.1132,1.4022
0.1137,1.4022
0.1142,1.4022
0.1147,1.4022
0.1153,1.3972
0.1158,1.4022
0.1163,1.4022
0.1168,1.4022
0.1173,1.4022
0.1179,1.3972
0.1184,1.4022
0.1189,1.4022
0.1194,1.4022
0.1200,1.4022
0.1205,1.4022
0.1210,1.4022
0.1215,1.4022
0.1221,1.4022
0.1226,1.4073
0.1231,1.3972
0.1236,1.4022
0.1241,1.3972
0.1247,1.3972
0.1252,1.3972
0.1257,1.4022
0.1262,1.4022
0.1268,1.4022
0.1273,1.3972
0.1278,1.4022
0.1283,1.4022
0.1288,1.3972
0.1294,1.4022
0.1299,1.4022
0.1304,1.4022
0.1309,1.4022
0.1315,1.3972
0.1320,1.3972
0.1325,1.3972
0.1330,1.3972
0.1335,1.4022
0.1341,1.4022
0.1346,1.4022
0.1351,1.3972
0.1356,1.3972
0.1361,1.3972
0.1367,1.4022
0.1372,1.4022
0.1377,1.3972
0.1382,1.3972
0.1388,1.3972
0.1393,1.3972
0.1398,1.4022
0.1403,1.4022
0.1408,1.3972
0.1414,1.3972
0.1419,1.4022
0.1424,1.3921
0.1429,1.4022
0.1435,1.4022
0.1440,1.4022
0.1445,1.4022
0.1450,1.4022
0.1456,1.3972
0.1461,1.3972
0.1466,1.4022
0.1471,1.3972
0.1477,1.3921
0.1482,1.4022
0.1487,1.4022
0.1492,1.3972
0.1497,1.3972
0.1503,1.3972
0.1508,1.4022
0.1513,1.3972
0.1518,1.4022
0.1524,1.4022
0.1529,1.4022
0.1534,1.3972
0.1539,1.3972
0.1545,1.3921
0.1550,1.3921
0.1555,1.3921
0.1560,1.3972
0.1565,1.3921
0.1571,1.3972
0.1576,1.4022
0.1581,1.4022
0.1586,1.4022
0.1592,1.3972
0.1597,1.3972
0.1602,1.3972
0.1607,1.3972
0.1612,1.3921
0.1618,1.4022
0.1623,1.3972
0.1628,1.3921
0.1633,1.3972
0.1639,1.3972
0.1644,1.3972
0.1649,1.3972
0.1654,1.3972
0.1660,1.3972
0.1665,1.4022
0.1670,1.4022
0.1675,1.3972
0.1680,1.3972
0.1686,1.3921
0.1691,1.3972
0.1696,1.3972
0.1701,1.3972
0.1707,1.4022
0.1712,1.4022
0.1717,1.3972
0.1722,1.3972
0.1728,1.3972
0.1733,1.3972
0.1738,1.3972
0.1743,1.3972
0.1749,1.3972
0.1754,1.3972
0.1759,1.3972
0.1764,1.3972
0.1769,1.3972
0.1775,1.4022
0.1780,1.4022
0.1785,1.4022
0.1790,1.3972
0.1796,1.3921
0.1801,1.3972
0.1806,1.3972
0.1811,1.3972
0.1817,1.3972
0.1822,1.3972
0.1827,1.3972
0.1832,1.3972
0.1837,1.3972
0.1843,1.3972
0.1848,1.3972
0.1853,1.3972
0.1858,1.4022
0.1864,1.3972
0.1869,1.4022
0.1874,1.4022
0.1879,1.3972
0.1885,1.3972
0.1890,1.3972
0.1895,1.3972
0.1900,1.3972
0.1906,1.3972
0.1911,1.4022
0.1916,1.3972
0.1921,1.3972
0.1926,1.3972
0.1932,1.3972
0.1937,1.3972
0.1942,1.4022
0.1947,1.3972
0.1953,1.4022
0.1958,1.4022
0.1963,1.3972
0.1968,1.3972
0.1974,1.3972
0.1979,1.3972
0.1984,1.4022
0.1989,1.3972
0.1994,1.4022
0.2000,1.3972
0.2005,1.3972
0.2010,1.3921
0.2015,1.3972
0.2021,1.3921
0.2026,1.3972
0.2031,1.3972
0.2036,1.3972
0.2042,1.4022
0.2047,1.3972
0.2052,1.3972
0.2057,1.4022
0.2062,1.3972
0.2068,1.3972
0.2073,1.3972
0.2078,1.3972
0.2083,1.3972
0.2089,1.3972
0.2094,1.3972
0.2099,1.4022
0.2104,1.3921
0.2110,1.3972
0.2115,1.3921
0.2120,1.3972
0.2125,1.3972
0.2131,1.3972
0.2136,1.3972
0.2141,1.3972
0.2146,1.3972
0.2152,1.3972
0.2157,1.3921
0.2162,1.3972
0.2167,1.3972
0.2172,1.3972
0.2178,1.4022
0.2183,1.3972
0.2188,1.3972
0.2193,1.3972
0.2199,1.3972
0.2204,1.4022
0.2209,1.4022
0.2214,1.3972
0.2220,1.3972
0.2225,1.3972
0.2230,1.3972
0.2235,1.3972
0.2240,1.4022
0.2246,1.3972
0.2251,1.4022
0.2256,1.3972
0.2261,1.3972
0.2267,1.3972
0.2272,1.4022
0.2277,1.3972
0.2282,1.3972
0.2288,1.3972
0.2293,1.3972
0.2298,1.3972
0.2303,1.4022
0.2309,1.3972
0.2314,1.4022
0.2319,1.3921
0.2324,1.3972
0.2329,1.3972
0.2335,1.4022
0.2340,1.3972
0.2345,1.3972
0.2350,1.3921
0.2356,1.3972
0.2361,1.4022
0.2366,1.3972
0.2371,1.4022
0.2377,1.4022
0.2382,1.3972
0.2387,1.3972
0.2392,1.4022
0.2397,1.4022
0.2403,1.3972
0.2408,1.4022
0.2413,1.3921
0.2418,1.3972
0.2424,1.3972
0.2429,1.4022
0.2435,1.3972
0.2440,1.3921
0.2445,1.3921
0.2450,1.3972
0.2456,1.3972
0.2461,1.3972
0.2466,1.3921
0.2472,1.3972
0.2477,1.3972
0.2482,1.3972
0.2488,1.3972
0.2493,1.3972
0.2498,1.3972
0.2504,1.3972
0.2509,1.3921
0.2514,1.3972
0.2520,1.3972
0.2525,1.3972
0.2530,1.3972
0.2536,1.3921
0.2541,1.3972
0.2547,1.3972
0.2552,1.3972
0.2557,1.3972
0.2562,1.3972
0.2568,1.3972
0.2573,1.3871
0.2578,1.3972
0.2583,1.3972
0.2589,1.3972
0.2594,1.3921
0.2599,1.3972
0.2604,1.3972
0.2610,1.3921
0.2615,1.4022
0.2620,1.3972
0.2625,1.3972
0.2631,1.3972
0.2636,1.3972
0.2641,1.3921
0.2646,1.3972
0.2651,1.3972
0.2657,1.3972
0.2662,1.4022
0.2667,1.3972
0.2672,1.3972
0.2677,1.3972
0.2683,1.3921
0.2688,1.4022
0.2693,1.3972
0.2698,1.3921
0.2704,1.3972
0.2709,1.3972
0.2714,1.3921
0.2719,1.3921
0.2725,1.3972
0.2730,1.3972
0.2735,1.3972
0.2740,1.3972
0.2745,1.3972
0.2751,1.3972
0.2756,1.3972
0.2761,1.4022
0.2766,1.3972
0.2772,1.3921
0.2777,1.3972
0.2782,1.3972
0.2787,1.3972
0.2793,1.3972
0.2798,1.3972
0.2803,1.3972
0.2808,1.3972
0.2814,1.3972
0.2819,1.3921
0.2824,1.3972
0.2829,1.3972
0.2834,1.3972
0.2840,1.3972
0.2845,1.3972
0.2850,1.3972
0.2855,1.3972
0.2861,1.3972
0.2866,1.3921
0.2871,1.3972
0.2876,1.3972
0.2881,1.3972
0.2887,1.3921
0.2892,1.3921
0.2897,1.3972
0.2902,1.3972
0.2908,1.3972
0.2913,1.3921
0.2918,1.3921
0.2923,1.3972
0.2929,1.3972
0.2934,1.3921
0.2939,1.3921
0.2944,1.3972
0.2950,1.3921
0.2955,1.3972
0.2960,1.3972
0.2965,1.3972
0.2971,1.3921
0.2976,1.3921
0.2981,1.3921
0.2986,1.3921
0.2992,1.3921
0.2997,1.3972
0.3002,1.3921
0.3007,1.3921
0.3012,1.3921
0.3018,1.3871
0.3023,1.3972
0.3028,1.3972
0.3033,1.3972
0.3039,1.3972
0.3044,1.3921
0.3049,1.3921
0.3054,1.3972
0.3060,1.3972
0.3065,1.3972
0.3070,1.3972
0.3075,1.3972
0.3081,1.3972
0.3086,1.3921
0.3091,1.3921
0.3096,1.3921
0.3102,1.3921
0.3107,1.3921
0.3112,1.3972
0.3117,1.3921
0.3122,1.3921
0.3128,1.3972
0.3133,1.3972
0.3138,1.3972
0.3143,1.3921
0.3149,1.3921
0.3154,1.3921
0.3159,1.3972
0.3164,1.3921
0.3169,1.3871
0.3175,1.3972
0.3180,1.3921
0.3185,1.3972
0.3190,1.3921
0.3195,1.3921
0.3201,1.3921
0.3206,1.3972
0.3211,1.3921
0.3216,1.3921
0.3222,1.3921
0.3227,1.3921
0.3232,1.3921
0.3237,1.3972
0.3243,1.3921
0.3248,1.3972
0.3253,1.3972
0.3258,1.3921
0.3264,1.3921
0.3269,1.3921
0.3274,1.3972
0.3279,1.3921
0.3284,1.3921
0.3290,1.3921
0.3295,1.3921
0.3300,1.3921
0.3305,1.3921
0.3311,1.3972
0.3316,1.3921
0.3321,1.3972
0.3326,1.3921
0.3332,1.3921
0.3337,1.3921
0.3342,1.3972
0.3347,1.3921
0.3352,1.3921
0.3358,1.3921
0.3363,1.3972
0.3368,1.3972
0.3373,1.3972
0.3379,1.3921
0.3384,1.3871
0.3389,1.3921
0.3394,1.3921
0.3399,1.3921
0.3405,1.3972
0.3410,1.3921
0.3415,1.3921
0.3421,1.3921
0.3426,1.3921
0.3431,1.3921
0.3436,1.3921
0.3441,1.3921
0.3447,1.3972
0.3452,1.3921
0.3457,1.3921
0.3462,1.3921
0.3468,1.3921
0.3473,1.3871
0.3478,1.3972
0.3483,1.3921
0.3488,1.3921
0.3494,1.3921
0.3499,1.3972
0.3504,1.3921
0.3509,1.3921
0.3515,1.3921
0.3520,1.3921
0.3525,1.3921
0.3530,1.3921
0.3535,1.3921
0.3541,1.3972
0.3546,1.3972
0.3551,1.3921
0.3556,1.3921
0.3562,1.3921
0.3567,1.3921
0.3572,1.3871
0.3577,1.3871
0.3583,1.3871
0.3588,1.3921
0.3593,1.3921
0.3598,1.3921
0.3604,1.3921
0.3609,1.3921
0.3614,1.3871
0.3619,1.3921
0.3624,1.3921
0.3630,1.3871
0.3635,1.3871
0.3640,1.3921
0.3645,1.3921
0.3651,1.3921
0.3656,1.3871
0.3661,1.3921
0.3666,1.3871
0.3671,1.3921
0.3677,1.3921
0.3682,1.3921
0.3687,1.3921
0.3692,1.3871
0.3697,1.3921
0.3703,1.3921
0.3708,1.3871
0.3713,1.3921
0.3718,1.3972
0.3724,1.3921
0.3729,1.3921
0.3734,1.3921
0.3739,1.3921
0.3745,1.3921
0.3750,1.3871
0.3755,1.3821
0.3760,1.3871
0.3765,1.3871
0.3771,1.3921
0.3776,1.3921
0.3781,1.3871
0.3786,1.3871
0.3792,1.3921
0.3797,1.3921
0.3802,1.3972
0.3807,1.3871
0.3813,1.3871
0.3818,1.3921
0.3823,1.3921
0.3828,1.3871
0.3833,1.3921
0.3839,1.3871
0.3844,1.3871
0.3849,1.3921
0.3854,1.3921
0.3859,1.3921
0.3865,1.3921
0.3870,1.3921
0.3875,1.3921
0.3880,1.3921
0.3886,1.3921
0.3891,1.3921
0.3896,1.3871
0.3901,1.3921
0.3906,1.3921
0.3912,1.3921
0.3917,1.3921
0.3922,1.3921
0.3927,1.3921
0.3933,1.3921
0.3938,1.3821
0.3943,1.3921
0.3948,1.3871
0.3954,1.3921
0.3959,1.3871
0.3964,1.3871
0.3969,1.3921
0.3974,1.3871
0.3980,1.3871
0.3985,1.3921
0.3990,1.3821
0.3995,1.3921
0.4001,1.3921
0.4006,1.3871
0.4011,1.3871
0.4016,1.3871
0.4022,1.3921
0.4027,1.3921
0.4032,1.3871
0.4037,1.3871
0.4042,1.3921
0.4048,1.3921
0.4053,1.3921
0.4058,1.3871
0.4063,1.3871
0.4069,1.3871
0.4074,1.3921
0.4079,1.3871
0.4084,1.3871
0.4090,1.3871
0.4095,1.3871
0.4100,1.3921
0.4105,1.3921
0.4111,1.3871
0.4116,1.3871
0.4121,1.3871
0.4126,1.3821
0.4131,1.3821
0.4137,1.3921
0.4142,1.3871
0.4147,1.3921
0.4152,1.3921
0.4158,1.3871
0.4163,1.3921
0.4168,1.3921
0.4173,1.3871
0.4179,1.3921
0.4184,1.3871
0.4189,1.3921
0.4194,1.3821
0.4200,1.3821
0.4205,1.3871
0.4210,1.3921
0.4215,1.3871
0.4220,1.3871
0.4226,1.3871
0.4231,1.3921
0.4236,1.3871
0.4241,1.3871
0.4247,1.3871
0.4252,1.3871
0.4257,1.3871
0.4262,1.3921
0.4268,1.3821
0.4273,1.3871
0.4278,1.3871
0.4283,1.3871
0.4288,1.3921
0.4294,1.3871
0.4299,1.3821
0.4304,1.3871
0.4309,1.3871
0.4315,1.3871
0.4320,1.3871
0.4325,1.3871
0.4330,1.3871
0.4336,1.3871
0.4341,1.3871
0.4346,1.3871
0.4351,1.3871
0.4356,1.3921
0.4362,1.3871
0.4368,1.3871
0.4373,1.3821
0.4378,1.3871
0.4384,1.3871
0.4390,1.3871
0.4395,1.3871
0.4400,1.3871
0.4406,1.3821
0.4411,1.3871
0.4417,1.3871
0.4422,1.3921
0.4427,1.3871
0.4433,1.3871
0.4438,1.3871
0.4443,1.3821
0.4449,1.3871
0.4454,1.3871
0.4460,1.3871
0.4465,1.3871
0.4470,1.3871
0.4476,1.3871
0.4481,1.3871
0.4487,1.3871
0.4492,1.3871
0.4497,1.3921
0.4503,1.3871
0.4508,1.3871
0.4514,1.3871
0.4519,1.3821
0.4524,1.3871
0.4530,1.3871
0.4535,1.3871
0.4540,1.3871
0.4546,1.3871
0.4551,1.3871
0.4557,1.3871
0.4562,1.3871
0.4567,1.3821
0.4573,1.3871
0.4578,1.3871
0.4584,1.3871
0.4589,1.3871
0.4594,1.3871
0.4600,1.3821
0.4605,1.3921
0.4611,1.3871
0.4616,1.3871
0.4621,1.3871
0.4627,1.3821
0.4632,1.3871
0.4638,1.3871
0.4643,1.3821
0.4648,1.3821
0.4654,1.3871
0.4659,1.3871
0.4664,1.3871
0.4670,1.3871
0.4675,1.3871
0.4681,1.3821
0.4686,1.3871
0.4691,1.3871
0.4697,1.3871
0.4702,1.3871
0.4708,1.3871
0.4713,1.3821
0.4718,1.3821
0.4724,1.3821
0.4729,1.3871
0.4735,1.3921
0.4740,1.3871
0.4745,1.3821
0.4751,1.3871
0.4756,1.3871
0.4762,1.3821
0.4767,1.3871
0.4772,1.3871
0.4778,1.3871
0.4783,1.3871
0.4788,1.3871
0.4794,1.3821
0.4799,1.3921
0.4805,1.3871
0.4810,1.3871
0.4815,1.3871
0.4821,1.3871
0.4826,1.3871
0.4832,1.3871
0.4837,1.3871
0.4842,1.3821
0.4848,1.3871
0.4853,1.3821
0.4859,1.3871
0.4864,1.3871
0.4869,1.3871
0.4875,1.3871
0.4880,1.3871
0.4885,1.3871
0.4891,1.3871
0.4896,1.3821
0.4902,1.3871
0.4907,1.3871
0.4912,1.3821
0.4918,1.3921
0.4923,1.3871
0.4929,1.3871
0.4934,1.3871
0.4939,1.3871
0.4945,1.3871
0.4950,1.3821
0.4955,1.3871
0.4961,1.3821
0.4966,1.3871
0.4972,1.3871
0.4977,1.3871
0.4982,1.3871
0.4988,1.3871
0.4993,1.3871
0.4999,1.3821
0.5004,1.3921
0.5009,1.3871
0.5015,1.3871
0.5020,1.3871
0.5026,1.3871
0.5031,1.3871
0.5036,1.3871
0.5042,1.3871
0.5047,1.3821
0.5052,1.3871
0.5058,1.3871
0.5063,1.3821
0.5069,1.3871
0.5074,1.3871
0.5079,1.3821
0.5085,1.3871
0.5090,1.3871
0.5096,1.3871
0.5101,1.3871
0.5106,1.3821
0.5112,1.3871
0.5117,1.3821
0.5122,1.3871
0.5128,1.3871
0.5133,1.3871
0.5139,1.3871
0.5144,1.3821
0.5149,1.3821
0.5155,1.3871
0.5160,1.3871
0.5166,1.3871
0.5171,1.3871
0.5176,1.3821
0.5182,1.3871
0.5187,1.3871
0.5192,1.3821
0.5198,1.3821
0.5203,1.3871
0.5209,1.3871
0.5214,1.3921
0.5219,1.3821
0.5225,1.3871
0.5230,1.3821
0.5236,1.3871
0.5241,1.3821
0.5246,1.3871
0.5252,1.3871
0.5257,1.3871
0.5263,1.3821
0.5268,1.3770
0.5273,1.3821
0.5279,1.3821
0.5284,1.3871
0.5289,1.3871
0.5295,1.3821
0.5300,1.3871
0.5306,1.3821
0.5311,1.3871
0.5316,1.3871
0.5322,1.3821
0.5327,1.3871
0.5333,1.3821
0.5338,1.3921
0.5344,1.3821
0.5349,1.3871
0.5355,1.3871
0.5361,1.3871
0.5366,1.3821
0.5373,1.3871
0.5379,1.3821
0.5385,1.3871
0.5390,1.3871
0.5396,1.3821
0.5401,1.3871
0.5407,1.3821
0.5413,1.3871
0.5418,1.3821
0.5424,1.3871
0.5429,1.3821
0.5435,1.3871
0.5440,1.3821
0.5446,1.3821
0.5451,1.3821
0.5457,1.3871
0.5462,1.3821
0.5468,1.3821
0.5473,1.3871
0.5479,1.3871
0.5484,1.3871
0.5490,1.3821
0.5495,1.3871
0.5501,1.3821
0.5507,1.3871
0.5512,1.3770
0.5518,1.3770
0.5524,1.3770
0.5530,1.3821
0.5536,1.3871
0.5541,1.3821
0.5547,1.3821
0.5553,1.3871
0.5562,1.3871
0.5568,1.3821
0.5573,1.3871
0.5579,1.3821
0.5584,1.3871
0.5590,1.3821
0.5595,1.3871
0.5601,1.3821
0.5606,1.3871
0.5612,1.3871
0.5618,1.3871
0.5623,1.3821
0.5629,1.3871
0.5634,1.3821
0.5640,1.3821
0.5645,1.3821
0.5652,1.3821
0.5658,1.3871
0.5664,1.3821
0.5670,1.3821
0.5676,1.3821
0.5682,1.3821
0.5688,1.3871
0.5694,1.3821
0.5700,1.3821
0.5706,1.3871
0.5712,1.3871
0.5718,1.3821
0.5724,1.3821
0.5729,1.3821
0.5735,1.3821
0.5741,1.3871
0.5747,1.3821
0.5752,1.3821
0.5758,1.3821
0.5765,1.3821
0.5770,1.3871
0.5776,1.3821
0.5781,1.3821
0.5787,1.3871
0.5792,1.3821
0.5798,1.3821
0.5803,1.3770
0.5809,1.3821
0.5814,1.3770
0.5820,1.3871
0.5826,1.3871
0.5832,1.3821
0.5837,1.3821
0.5843,1.3821
0.5848,1.3821
0.5854,1.3821
0.5859,1.3871
0.5865,1.3821
0.5870,1.3871
0.5876,1.3821
0.5881,1.3821
0.5887,1.3821
0.5892,1.3871
0.5898,1.3821
0.5903,1.3871
0.5909,1.3821
0.5914,1.3821
0.5920,1.3871
0.5925,1.3871
0.5931,1.3871
0.5936,1.3871
0.5942,1.3821
0.5947,1.3821
0.5953,1.3821
0.5958,1.3871
0.5964,1.3821
0.5969,1.3871
0.5975,1.3821
0.5980,1.3871
0.5986,1.3821
0.5991,1.3821
0.5997,1.3871
0.6003,1.3871
0.6008,1.3871
0.6014,1.3821
0.6019,1.3871
0.6025,1.3871
0.6030,1.3821
0.6036,1.3871
0.6041,1.3821
0.6047,1.3821
0.6052,1.3821
0.6058,1.3871
0.6063,1.3871
0.6069,1.3821
0.6074,1.3871
0.6080,1.3821
0.6085,1.3871
0.6091,1.3821
0.6096,1.3871
0.6102,1.3821
0.6107,1.3871
0.6113,1.3871
0.6118,1.3821
0.6124,1.3871
0.6129,1.3821
0.6135,1.3871
0.6140,1.3871
0.6146,1.3871
0.6151,1.3871
0.6157,1.3871
0.6163,1.3871
0.6168,1.3871
0.6174,1.3821
0.6179,1.3871
0.6185,1.3821
0.6190,1.3871
0.6196,1.3871
0.6201,1.3871
0.6207,1.3821
0.6212,1.3921
0.6218,1.3921
0.6223,1.3871
0.6229,1.3871
0.6234,1.3921
0.6240,1.3871
0.6245,1.3871
0.6251,1.3871
0.6256,1.3921
0.6262,1.3821
0.6267,1.3871
0.6273,1.3871
0.6278,1.3871
0.6284,1.3821
0.6289,1.3871
0.6295,1.3871
0.6300,1.3871
0.6306,1.3921
0.6311,1.3871
0.6317,1.3871
0.6322,1.3921
0.6328,1.3921
0.6333,1.3921
0.6339,1.3921
0.6344,1.3871
0.6350,1.3921
0.6355,1.3871
0.6361,1.3921
0.6366,1.3921
0.6372,1.3921
0.6378,1.3921
0.6384,1.3921
0.6389,1.3921
0.6395,1.3921
0.6400,1.3921
0.6406,1.3921
0.6411,1.3921
0.6416,1.3921
0.6422,1.3972
0.6427,1.3921
0.6433,1.3921
0.6438,1.3972
0.6443,1.3921
0.6449,1.3921
0.6454,1.3972
0.6460,1.3921
0.6465,1.3972
0.6470,1.3972
0.6476,1.3921
0.6481,1.3921
0.6486,1.3921
0.6492,1.3972
0.6497,1.3972
0.6503,1.3972
0.6508,1.3972
0.6513,1.3972
0.6519,1.3972
0.6524,1.3972
0.6530,1.3921
0.6535,1.3972
0.6540,1.3972
0.6546,1.3921
0.6551,1.3972
0.6556,1.3921
0.6562,1.3972
0.6567,1.3972
0.6573,1.3972
0.6578,1.3972
0.6583,1.3972
0.6589,1.3972
0.6594,1.3972
0.6600,1.3972
0.6605,1.3972
0.6610,1.3921
0.6616,1.4022
0.6621,1.3972
0.6626,1.3921
0.6632,1.3972
0.6637,1.3972
0.6643,1.4022
0.6648,1.4022
0.6653,1.3972
0.6659,1.4022
0.6664,1.4022
0.6670,1.3972
0.6675,1.3972
0.6680,1.4022
0.6686,1.4022
0.6691,1.4022
0.6696,1.4022
0.6702,1.4022
0.6707,1.4022
0.6713,1.3972
0.6718,1.4022
0.6723,1.3921
0.6729,1.3972
0.6734,1.4022
0.6740,1.3972
0.6745,1.4022
0.6750,1.4073
0.6756,1.4022
0.6761,1.4022
0.6767,1.4022
0.6772,1.4022
0.6777,1.4022
0.6783,1.4073
0.6788,1.4022
0.6794,1.3972
0.6799,1.4022
0.6804,1.4022
0.6810,1.4022
0.6815,1.4022
0.6820,1.3972
0.6826,1.4022
0.6831,1.4073
0.6837,1.4022
0.6842,1.4022
0.6848,1.4073
0.6853,1.3972
0.6858,1.4073
0.6864,1.4073
0.6869,1.4022
0.6875,1.4022
0.6880,1.4073
0.6885,1.4073
0.6891,1.4022
0.6896,1.4022
0.6901,1.4073
0.6907,1.4022
0.6912,1.4073
0.6918,1.4022
0.6923,1.4022
0.6928,1.4073
0.6934,1.4022
0.6939,1.4073
0.6945,1.4022
0.6950,1.4022
0.6955,1.4073
0.6961,1.4022
0.6966,1.4022
0.6972,1.4022
0.6977,1.4022
0.6982,1.4022
0.6988,1.4073
0.6993,1.4022
0.6999,1.4073
0.7004,1.4073
0.7009,1.4022
0.7015,1.4073
0.7020,1.4073
0.7026,1.4073
0.7031,1.4022
0.7036,1.3972
0.7042,1.4073
0.7047,1.4123
0.7053,1.4073
0.7058,1.4022
0.7063,1.4073
0.7069,1.4073
0.7074,1.4022
0.7079,1.4022
0.7085,1.4073
0.7090,1.4073
0.7096,1.4073
0.7101,1.4073
0.7106,1.4022
0.7112,1.4022
0.7117,1.4022
0.7123,1.4022
0.7128,1.4073
0.7134,1.4073
0.7139,1.4073
0.7145,1.4073
0.7151,1.4073
0.7157,1.3972
0.7163,1.4073
0.7168,1.4073
0.7174,1.4123
0.7179,1.4022
0.7185,1.4123
0.7190,1.4073
0.7196,1.4073
0.7201,1.4073
0.7206,1.4073
0.7212,1.4022
0.7217,1.4073
0.7222,1.4073
0.7228,1.4073
0.7233,1.4073
0.7239,1.4073
0.7244,1.3972
0.7249,1.4073
0.7255,1.4073
0.7260,1.4073
0.7266,1.4073
0.7271,1.4022
0.7276,1.4073
0.7282,1.4073
0.7287,1.4073
0.7293,1.4123
0.7298,1.4073
0.7303,1.4073
0.7309,1.4073
0.7314,1.4073
0.7319,1.4073
0.7325,1.4073
0.7330,1.4073
0.7336,1.4073
0.7341,1.4073
0.7347,1.4073
0.7352,1.4123
0.7357,1.4073
0.7363,1.4073
0.7368,1.4073
0.7374,1.4073
0.7379,1.4073
0.7385,1.4073
0.7391,1.4022
0.7396,1.4123
0.7402,1.4022
0.7407,1.4073
0.7413,1.4022
0.7418,1.4073
0.7424,1.4123
0.7429,1.4073
0.7435,1.4073
0.7440,1.4073
0.7446,1.4073
0.7451,1.4073
0.7457,1.4022
0.7462,1.4123
0.7468,1.4073
0.7473,1.4073
0.7479,1.4073
0.7484,1.4073
0.7490,1.4073
0.7495,1.4073
0.7501,1.4123
0.7506,1.4022
0.7512,1.4073
0.7517,1.4022
0.7523,1.4073
0.7528,1.4073
0.7534,1.4073
0.7540,1.4073
0.7545,1.4073
0.7551,1.4073
0.7556,1.4022
0.7562,1.4073
0.7567,1.4073
0.7573,1.4073
0.7578,1.4022
0.7584,1.4073
0.7589,1.4073
0.7595,1.4073
0.7600,1.4073
0.7606,1.4022
0.7611,1.4022
0.7617,1.4022
0.7622,1.4022
0.7628,1.4073
0.7633,1.4073
0.7639,1.4022
0.7644,1.4022
0.7650,1.4073
0.7655,1.4073
0.7661,1.4073
0.7666,1.4073
0.7672,1.4022
0.7677,1.4073
0.7683,1.4022
0.7688,1.4073
0.7694,1.4073
0.7699,1.4073
0.7705,1.4073
0.7710,1.4022
0.7716,1.4022
0.7721,1.4073
0.7727,1.4073
0.7732,1.4073
0.7738,1.4022
0.7743,1.4073
0.7749,1.4022
0.7754,1.4022
0.7760,1.4073
0.7765,1.4022
0.7771,1.4073
0.7776,1.4022
0.7782,1.4073
0.7787,1.4022
0.7793,1.4073
0.7798,1.4073
0.7804,1.4073
0.7809,1.4073
0.7815,1.4022
0.7820,1.4073
0.7826,1.4073
0.7831,1.4073
0.7837,1.4073
0.7842,1.4073
0.7848,1.4073
0.7853,1.4022
0.7858,1.4022
0.7864,1.4022
0.7869,1.4073
0.7875,1.4073
0.7880,1.4123
0.7886,1.4073
0.7891,1.4073
0.7897,1.4073
0.7902,1.4073
0.7908,1.4022
0.7914,1.4073
0.7919,1.4073
0.7925,1.4073
0.7930,1.4073
0.7935,1.4073
0.7941,1.4073
0.7947,1.4022
0.7952,1.4022
0.8109,1.4073
0.8115,1.4073
0.8121,1.4073
0.8127,1.4022
0.8133,1.4022
0.8139,1.4073
0.8145,1.4073
0.8151,1.4073
0.8157,1.4073
0.8163,1.4022
0.8169,1.4073
0.8174,1.4022
0.8180,1.4022
0.8186,1.4022
0.8192,1.4073
0.8197,1.4022
0.8203,1.4073
0.8209,1.4022
0.8215,1.4073
0.8220,1.4022
0.8226,1.4022
0.8231,1.4022
0.8237,1.4073
0.8243,1.4073
0.8249,1.4022
0.8255,1.4022
0.8261,1.4022
0.8267,1.4073
0.8273,1.3972
0.8278,1.4022
0.8284,1.4022
0.8290,1.4022
0.8295,1.4022
0.8301,1.3972
0.8307,1.4022
0.8312,1.4022
0.8318,1.4073
0.8324,1.4073
0.8329,1.4022
0.8335,1.4022
0.8340,1.3972
0.8346,1.4022
0.8351,1.3972
0.8357,1.4073
0.8362,1.4022
0.8368,1.3972
0.8374,1.4022
0.8380,1.4022
0.8385,1.4022
0.8392,1.4022
0.8398,1.4022
0.8405,1.4022
0.8410,1.4022
0.8416,1.4022
0.8422,1.4073
0.8428,1.3972
0.8434,1.4073
0.8440,1.4022
0.8446,1.3972
0.8452,1.3921
0.8458,1.3972
0.8463,1.4022
0.8469,1.3972
0.8474,1.4022
0.8480,1.4073
0.8485,1.3921
0.8491,1.4022
0.8496,1.4022
0.8502,1.4073
0.8507,1.4022
0.8512,1.4022
0.8518,1.4022
0.8523,1.3972
0.8528,1.3972
0.8534,1.4073
0.8539,1.3972
0.8544,1.3972
0.8550,1.4022
0.8555,1.4073
0.8560,1.4022
0.8566,1.3972
0.8571,1.4022
0.8576,1.4022
0.8582,1.4022
0.8587,1.4022
0.8592,1.4022
0.8598,1.4022
0.8603,1.4022
0.8608,1.4022
0.8614,1.3972
0.8619,1.3972
0.8624,1.4073
0.8630,1.4022
0.8635,1.4022
0.8640,1.4022
0.8646,1.4022
0.8651,1.4022
0.8656,1.4022
0.8662,1.4022
0.8667,1.3972
0.8672,1.4022
0.8677,1.4022
0.8683,1.4022
0.8688,1.4022
0.8693,1.4022
0.8699,1.3972
0.8704,1.4022
0.8709,1.4022
0.8715,1.3972
0.8720,1.4022
0.8725,1.3921
0.8731,1.3972
0.8736,1.3921
0.8741,1.4022
0.8747,1.4022
0.8752,1.4022
0.8757,1.3972
0.8763,1.3972
0.8768,1.3972
0.8773,1.4022
0.8779,1.4022
0.8784,1.3972
0.8789,1.3972
0.8795,1.3972
0.8800,1.3972
0.8805,1.3972
0.8811,1.3972
0.8816,1.4022
0.8821,1.4022
0.8827,1.3972
0.8832,1.4022
0.8837,1.4022
0.8843,1.4022
0.8848,1.4022
0.8853,1.4022
0.8859,1.4022
0.8864,1.4022
0.8869,1.3972
0.8875,1.3972
0.8880,1.4022
0.8885,1.3972
0.8891,1.3972
0.8896,1.3972
0.8901,1.3972
0.8907,1.3972
0.8912,1.4022
0.8917,1.3972
0.8923,1.3972
0.8928,1.3972
0.8933,1.3972
0.8939,1.3972
0.8944,1.3972
0.8949,1.3972
0.8955,1.4022
0.8960,1.4022
0.8965,1.3972
0.8971,1.3972
0.8976,1.4022
0.8981,1.3972
0.8987,1.3921
0.8992,1.3972
0.8997,1.4022
0.9003,1.3972
0.9008,1.4022
0.9013,1.4022
0.9019,1.3972
0.9024,1.4022
0.9029,1.4022
0.9035,1.3972
0.9040,1.3972
0.9046,1.3972
0.9051,1.4022
0.9056,1.4022
0.9062,1.4022
0.9067,1.3972
0.9072,1.4022
0.9078,1.4022
0.9083,1.4022
0.9089,1.3972
0.9094,1.3972
0.9099,1.3972
0.9105,1.3972
0.9110,1.3972
0.9115,1.3972
0.9121,1.3972
0.9126,1.4022
0.9131,1.3972
0.9137,1.4022
0.9142,1.3972
0.9147,1.4022
0.9153,1.4022
0.9158,1.3972
0.9163,1.3972
0.9169,1.3972
0.9174,1.3972
0.9179,1.3972
0.9185,1.3972
0.9190,1.3972
0.9195,1.4022
0.9201,1.3972
0.9206,1.4022
0.9212,1.4022
0.9217,1.3972
0.9222,1.3921
0.9228,1.3972
0.9233,1.3972
0.9238,1.3921
0.9244,1.3972
0.9249,1.4022
0.9254,1.4022
0.9260,1.3972
0.9265,1.3972
0.9270,1.4022
0.9276,1.4022
0.9281,1.4022
0.9286,1.4022
0.9292,1.3972
0.9297,1.4022
0.9302,1.3972
0.9308,1.4022
0.9313,1.3972
0.9318,1.3972
0.9324,1.3972
0.9329,1.4073
0.9334,1.3972
0.9340,1.4022
0.9345,1.3972
0.9351,1.3972
0.9356,1.4022
0.9361,1.3921
0.9367,1.3972
0.9372,1.4022
0.9377,1.3972
0.9383,1.3972
0.9388,1.4022
0.9393,1.3921
0.9400,1.4022
0.9405,1.4022
0.9410,1.3972
0.9416,1.3972
0.9421,1.4022
0.9427,1.4022
0.9432,1.4022
0.9438,1.3972
0.9443,1.3921
0.9449,1.3972
0.9454,1.4022
0.9460,1.3921
0.9465,1.3972
0.9471,1.3972
0.9476,1.3972
0.9482,1.3972
0.9487,1.3972
0.9493,1.3972
0.9498,1.4022
0.9504,1.3972
0.9509,1.3921
0.9515,1.4022
0.9520,1.3972
0.9526,1.4022
0.9531,1.3972
0.9537,1.3972
0.9542,1.3972
0.9548,1.3972
0.9553,1.4022
0.9559,1.4022
0.9564,1.3972
0.9570,1.3972
0.9575,1.3972
0.9581,1.3972
0.9586,1.4022
0.9592,1.4022
0.9597,1.3972
0.9603,1.3972
0.9608,1.4022
0.9614,1.3921
0.9619,1.3972
0.9625,1.3921
0.9630,1.3972
0.9636,1.3972
0.9641,1.3972
0.9647,1.3972
0.9652,1.3972
0.9658,1.4022
0.9663,1.4022
0.9669,1.3972
0.9674,1.3972
0.9680,1.3972
0.9685,1.3972
0.9691,1.3972
0.9696,1.3921
0.9702,1.3972
0.9707,1.3921
0.9713,1.3972
0.9718,1.4022
0.9724,1.4022
0.9729,1.3972
0.9735,1.4022
0.9740,1.3972
0.9746,1.3972
0.9751,1.3972
0.9757,1.3921
0.9762,1.3972
0.9768,1.3972
0.9773,1.3972
0.9779,1.3972
0.9785,1.3921
0.9790,1.3972
0.9796,1.4022
0.9801,1.3972
0.9807,1.3921
0.9812,1.3972
0.9818,1.3921
0.9823,1.4022
0.9829,1.3972
0.9834,1.3972
0.9840,1.3972
0.9845,1.4022
0.9851,1.3972
0.9856,1.3921
0.9862,1.3972
0.9867,1.3972
0.9873,1.3972
0.9878,1.3972
0.9884,1.3921
0.9890,1.3972
0.9895,1.3972
0.9901,1.4022
0.9906,1.3972
0.9912,1.3972
0.9917,1.3972
0.9923,1.3972
0.9928,1.3972
0.9934,1.3972
0.9939,1.3972
0.9944,1.3972
0.9950,1.3972
0.9955,1.3972
0.9961,1.3972
0.9966,1.3972
0.9972,1.3972
0.9978,1.4022
0.9983,1.3972
0.9989,1.3972
0.9994,1.3972
1.0000,1.4022
1.0005,1.3972
1.0011,1.3972
1.0016,1.3972
1.0022,1.3972
1.0027,1.3921
1.0033,1.3972
1.0038,1.3921
1.0044,1.3972
1.0049,1.3972
1.0055,1.3972
1.0060,1.3921
1.0066,1.4022
1.0071,1.3921
1.0077,1.3972
1.0082,1.3972
1.0088,1.3972
1.0093,1.3972
1.0099,1.4022
1.0104,1.3972
1.0110,1.3972
1.0115,1.3921
1.0121,1.3972
1.0126,1.3972
1.0132,1.3972
1.0137,1.3921
1.0143,1.3972
1.0148,1.3972
1.0153,1.3972
1.0159,1.3972
1.0164,1.3972
1.0170,1.3972
1.0175,1.3972
1.0181,1.3972
1.0186,1.4022
1.0192,1.4022
1.0197,1.3921
1.0203,1.3972
1.0208,1.3972
1.0214,1.3972
1.0219,1.3972
1.0225,1.3972
1.0230,1.3871
1.0236,1.3972
1.0241,1.3921
1.0247,1.3972
1.0252,1.3972
1.0258,1.3972
1.0263,1.4022
1.0269,1.3972
1.0274,1.3921
1.0280,1.3921
1.0285,1.3972
1.0291,1.3871
1.0296,1.3921
1.0302,1.4022
1.0308,1.3972
1.0313,1.3921
1.0319,1.3972
1.0324,1.3972
1.0330,1.3972
1.0339,1.3972
1.0345,1.3921
1.0410,1.3921
1.0416,1.3871
1.0422,1.3972
1.0427,1.3972
1.0433,1.3921
1.0438,1.3972
1.0444,1.3921
1.0449,1.3972
1.0455,1.3972
1.0460,1.3972
1.0466,1.3972
1.0471,1.3972
1.0477,1.3921
1.0482,1.3972
1.0488,1.3921
1.0494,1.3921
1.0500,1.3972
1.0506,1.3921
1.0512,1.3921
1.0517,1.3921
1.0523,1.3972
1.0529,1.3972
1.0535,1.3972
1.0541,1.3921
1.0547,1.3972
1.0552,1.3921
1.0558,1.3972
1.0564,1.3921
1.0570,1.3972
1.0576,1.3921
1.0581,1.3972
1.0587,1.3972
1.0593,1.3972
1.0599,1.3972
1.0604,1.3871
1.0610,1.3921
1.0615,1.3921
1.0621,1.3921
1.0626,1.3921
1.0632,1.3921
1.0637,1.3921
1.0643,1.3921
1.0648,1.3921
1.0653,1.3972
1.0659,1.3972
1.0665,1.3972
1.0671,1.3972
1.0676,1.3921
1.0682,1.3921
1.0687,1.3921
1.0693,1.3972
1.0698,1.3871
1.0704,1.3972
1.0709,1.3921
1.0715,1.3921
1.0720,1.3972
1.0726,1.3871
1.0731,1.3921
1.0737,1.3921
1.0742,1.3921
1.0748,1.3921
1.0753,1.3972
1.0759,1.3921
1.0764,1.3921
1.0770,1.3871
1.0775,1.3921
1.0780,1.3921
1.0786,1.3921
1.0791,1.3972
1.0797,1.3921
1.0802,1.3921
1.0808,1.3871
1.0814,1.3972
1.0819,1.3871
1.0825,1.3921
1.0831,1.3871
1.0837,1.3972
1.0842,1.3921
1.0848,1.3921
1.0853,1.3921
1.0859,1.3871
1.0864,1.3921
1.0870,1.3871
1.0875,1.3921
1.0881,1.3921
1.0886,1.3921
1.0892,1.3871
1.0897,1.3921
1.0903,1.3921
1.0909,1.3921
1.0914,1.3871
1.0920,1.3921
1.0925,1.3871
1.0931,1.3921
1.0936,1.3972
1.0942,1.3921
1.0947,1.3921
1.0953,1.3921
1.0958,1.3871
1.0964,1.3921
1.0969,1.3921
1.0975,1.3871
1.0980,1.3921
1.0986,1.3871
1.0991,1.3921
1.0997,1.3972
1.1002,1.3871
1.1008,1.3871
1.1014,1.3921
1.1019,1.3921
1.1025,1.3871
1.1030,1.3871
1.1036,1.3921
1.1041,1.3921
1.1047,1.3871
1.1052,1.3921
1.1058,1.3921
1.1063,1.3921
1.1068,1.3921
1.1074,1.3921
1.1079,1.3921
1.1085,1.3921
1.1090,1.3921
1.1096,1.3921
1.1101,1.3921
1.1107,1.3871
1.1112,1.3921
1.1118,1.3871
1.1123,1.3871
1.1129,1.3921
1.1134,1.3871
1.1140,1.3921
1.1146,1.3871
1.1151,1.3871
1.1157,1.3871
1.1163,1.3921
1.1169,1.3871
1.1175,1.3921
1.1181,1.3921
1.1186,1.3871
1.1192,1.3921
1.1197,1.3921
1.1203,1.3871
1.1208,1.3921
1.1214,1.3871
1.1219,1.3921
1.1225,1.3921
1.1230,1.3871
1.1236,1.3871
1.1241,1.3871
1.1247,1.3871
1.1253,1.3921
1.1258,1.3921
1.1264,1.3871
1.1269,1.3921
1.1274,1.3871
1.1280,1.3921
1.1285,1.3871
1.1291,1.3921
1.1296,1.3921
1.1302,1.3871
1.1307,1.3921
1.1313,1.3871
1.1318,1.3921
1.1324,1.3921
1.1329,1.3921
1.1335,1.3871
1.1340,1.3921
1.1345,1.3871
1.1351,1.3921
1.1356,1.3871
1.1362,1.3871
1.1367,1.3921
1.1373,1.3871
1.1378,1.3871
1.1384,1.3871
1.1389,1.3871
1.1395,1.3871
1.1400,1.3871
1.1406,1.3871
1.1411,1.3921
1.1416,1.3821
1.1422,1.3921
1.1427,1.3871
1.1433,1.3871
1.1438,1.3921
1.1444,1.3921
1.1449,1.3871
1.1455,1.3871
1.1461,1.3921
1.1467,1.3871
1.1473,1.3871
1.1478,1.3921
1.1484,1.3921
1.1490,1.3821
1.1496,1.3871
1.1502,1.3871
1.1509,1.3871
1.1514,1.3921
1.1520,1.3921
1.1526,1.3871
1.1532,1.3871
1.1539,1.3821
1.1545,1.3921
1.1551,1.3821
1.1557,1.3921
1.1562,1.3821
1.1568,1.3871
1.1573,1.3871
1.1578,1.3821
1.1584,1.3871
1.1589,1.3871
1.1595,1.3871
1.1600,1.3871
1.1605,1.3921
1.1611,1.3921
1.1616,1.3871
1.1622,1.3921
1.1627,1.3871
1.1632,1.3921
1.1638,1.3871
1.1643,1.3871
1.1648,1.3871
1.1654,1.3921
1.1659,1.3921
1.1665,1.3821
1.1670,1.3871
1.1676,1.3871
1.1682,1.3871
1.1687,1.3821
1.1692,1.3871
1.1698,1.3921
1.1703,1.3871
1.1708,1.3871
1.1714,1.3871
1.1719,1.3871
1.1725,1.3871
1.1730,1.3821
1.1735,1.3871
1.1741,1.3871
1.1746,1.3871
1.1751,1.3871
1.1757,1.3871
1.1762,1.3821
1.1768,1.3871
1.1773,1.3871
1.1778,1.3871
1.1784,1.3871
1.1789,1.3871
1.1794,1.3871
1.1800,1.3871
1.1805,1.3921
1.1811,1.3921
1.1816,1.3871
1.1821,1.3770
1.1827,1.3821
1.1833,1.3871
1.1838,1.3871
1.1843,1.3871
1.1849,1.3871
1.1854,1.3871
1.1860,1.3871
1.1865,1.3871
1.1870,1.3871
1.1876,1.3821
1.1881,1.3821
1.1886,1.3871
1.1892,1.3921
1.1897,1.3921
1.1903,1.3871
1.1908,1.3871
1.1914,1.3821
1.1919,1.3871
1.1924,1.3921
1.1930,1.3821
1.1935,1.3821
1.1940,1.3821
1.1946,1.3921
1.1951,1.3821
1.1957,1.3921
1.1962,1.3821
1.1968,1.3871
1.1973,1.3871
1.1978,1.3871
1.1984,1.3871
1.1989,1.3871
1.1994,1.3871
1.2000,1.3821
1.2005,1.3871
1.2011,1.3871
1.2016,1.3821
1.2022,1.3871
1.2027,1.3821
1.2032,1.3871
1.2038,1.3871
1.2043,1.3871
1.2049,1.3871
1.2054,1.3871
1.2059,1.3871
1.2065,1.3871
1.2070,1.3871
1.2075,1.3871
1.2081,1.3871
1.2086,1.3871
1.2091,1.3871
1.2097,1.3871
1.2102,1.3821
1.2108,1.3871
1.2114,1.3871
1.2119,1.3821
1.2124,1.3871
1.2130,1.3871
1.2135,1.3871
1.2141,1.3921
1.2146,1.3871
1.2151,1.3871
1.2157,1.3871
1.2162,1.3871
1.2167,1.3871
1.2173,1.3871
1.2178,1.3871
1.2184,1.3871
1.2189,1.3871
1.2194,1.3821
1.2200,1.3821
1.2205,1.3871
1.2211,1.3921
1.2216,1.3821
1.2221,1.3821
1.2227,1.3871
1.2232,1.3871
1.2238,1.3871
1.2243,1.3871
1.2248,1.3921
1.2254,1.3871
1.2259,1.3871
1.2265,1.3871
1.2270,1.3921
1.2275,1.3821
1.2281,1.3821
1.2286,1.3871
1.2292,1.3821
1.2297,1.3821
1.2302,1.3871
1.2308,1.3871
1.2313,1.3871
1.2319,1.3871
1.2324,1.3871
1.2329,1.3871
1.2335,1.3871
1.2340,1.3821
1.2346,1.3871
1.2351,1.3871
1.2357,1.3871
1.2362,1.3871
1.2367,1.3871
1.2373,1.3821
1.2378,1.3821
1.2384,1.3821
1.2389,1.3871
1.2394,1.3821
1.2400,1.3821
1.2405,1.3821
1.2411,1.3821
1.2417,1.3871
1.2423,1.3821
1.2428,1.3871
1.2434,1.3821
1.2439,1.3821
1.2444,1.3871
1.2450,1.3821
1.2455,1.3871
1.2461,1.3821
1.2466,1.3871
1.2472,1.3770
1.2477,1.3871
1.2483,1.3871
1.2488,1.3871
1.2494,1.3871
1.2499,1.3821
1.2505,1.3821
1.2510,1.3821
1.2515,1.3871
1.2521,1.3821
1.2526,1.3871
1.2532,1.3871
1.2537,1.3871
1.2543,1.3821
1.2548,1.3871
1.2554,1.3871
1.2559,1.3871
1.2565,1.3821
1.2570,1.3821
1.2575,1.3821
1.2581,1.3871
1.2586,1.3871
1.2592,1.3821
1.2597,1.3871
1.2603,1.3871
1.2608,1.3821
1.2614,1.3821
1.2619,1.3871
1.2625,1.3871
1.2630,1.3871
1.2636,1.3821
1.2641,1.3871
1.2647,1.3871
1.2652,1.3821
1.2658,1.3871
1.2663,1.3871
1.2669,1.3821
1.2674,1.3821
1.2680,1.3821
1.2685,1.3871
1.2690,1.3871
1.2696,1.3871
1.2701,1.3871
1.2707,1.3821
1.2712,1.3871
1.2718,1.3821
1.2723,1.3821
1.2729,1.3821
1.2734,1.3821
1.2741,1.3871
1.2746,1.3871
1.2752,1.3871
1.2757,1.3821
1.2762,1.3821
1.2768,1.3821
1.2773,1.3921
1.2779,1.3871
1.2784,1.3821
1.2790,1.3821
1.2795,1.3821
1.2801,1.3871
1.2806,1.3821
1.2812,1.3871
1.2817,1.3821
1.2823,1.3821
1.2828,1.3871
1.2834,1.3821
1.2839,1.3871
1.2844,1.3871
1.2850,1.3871
1.2855,1.3770
1.2861,1.3871
1.2866,1.3871
1.2872,1.3871
1.2877,1.3821
1.2883,1.3821
1.2888,1.3871
1.2894,1.3821
1.2899,1.3871
1.2905,1.3821
1.2910,1.3871
1.2916,1.3821
1.2921,1.3871
1.2926,1.3871
1.2932,1.3871
1.2937,1.3871
1.2943,1.3821
1.2948,1.3821
1.2954,1.3821
1.2959,1.3821
1.2965,1.3821
1.2970,1.3821
1.2976,1.3821
1.2981,1.3871
1.2986,1.3821
1.2992,1.3821
1.2997,1.3871
1.3003,1.3871
1.3008,1.3821
1.3014,1.3821
1.3019,1.3871
1.3025,1.3821
1.3030,1.3871
1.3036,1.3821
1.3041,1.3871
1.3047,1.3871
1.3052,1.3871
1.3057,1.3770
1.3063,1.3821
1.3068,1.3821
1.3074,1.3821
1.3079,1.3871
1.3085,1.3821
1.3090,1.3871
1.3096,1.3871
1.3101,1.3871
1.3107,1.3821
1.3112,1.3821
1.3118,1.3821
1.3123,1.3821
1.3129,1.3871
1.3134,1.3821
1.3139,1.3871
1.3145,1.3821
1.3150,1.3871
1.3156,1.3871
1.3161,1.3821
1.3167,1.3871
1.3172,1.3871
1.3178,1.3821
1.3183,1.3871
1.3189,1.3821
1.3194,1.3821
1.3199,1.3821
1.3205,1.3821
1.3210,1.3821
1.3216,1.3871
1.3221,1.3871
1.3227,1.3871
1.3232,1.3821
1.3238,1.3821
1.3243,1.3871
1.3249,1.3821
1.3254,1.3871
1.3260,1.3770
1.3265,1.3821
1.3271,1.3821
1.3276,1.3871
1.3281,1.3871
1.3287,1.3821
1.3292,1.3821
1.3298,1.3821
1.3303,1.3871
1.3309,1.3821
1.3314,1.3871
1.3320,1.3871
1.3325,1.3821
1.3331,1.3871
1.3336,1.3770
1.3342,1.3871
1.3347,1.3821
1.3353,1.3871
1.3358,1.3871
1.3364,1.3770
1.3369,1.3871
1.3374,1.3821
1.3380,1.3871
1.3385,1.3871
1.3391,1.3821
1.3396,1.3871
1.3402,1.3821
1.3407,1.3821
1.3413,1.3871
1.3419,1.3821
1.3424,1.3770
1.3429,1.3871
1.3435,1.3821
1.3440,1.3821
1.3446,1.3821
1.3451,1.3821
1.3457,1.3871
1.3462,1.3770
1.3468,1.3871
1.3473,1.3871
1.3479,1.3871
1.3484,1.3871
1.3490,1.3821
1.3495,1.3871
1.3500,1.3871
1.3506,1.3821
1.3511,1.3821
1.3517,1.3871
1.3522,1.3871
1.3528,1.3821
1.3533,1.3821
1.3539,1.3770
1.3544,1.3871
1.3550,1.3821
1.3555,1.3821
1.3561,1.3871
1.3566,1.3871
1.3571,1.3871
1.3577,1.3821
1.3582,1.3821
1.3588,1.3770
1.3593,1.3821
1.3599,1.3821
1.3604,1.3821
1.3610,1.3871
1.3615,1.3821
1.3621,1.3821
1.3626,1.3871
1.3632,1.3871
1.3637,1.3821
1.3642,1.3821
1.3648,1.3821
1.3653,1.3871
1.3659,1.3821
1.3664,1.3821
1.3670,1.3871
1.3675,1.3871
1.3681,1.3821
1.3686,1.3871
1.3692,1.3821
1.3697,1.3871
1.3702,1.3770
1.3708,1.3821
1.3713,1.3821
1.3719,1.3821
1.3724,1.3871
1.3730,1.3821
1.3735,1.3821
1.3741,1.3821
1.3746,1.3821
1.3752,1.3871
1.3757,1.3770
1.3763,1.3821
1.3768,1.3871
1.3773,1.3871
1.3779,1.3821
1.3784,1.3821
1.3790,1.3871
1.3795,1.3821
1.3801,1.3821
1.3806,1.3821
1.3812,1.3821
1.3817,1.3821
1.3823,1.3871
1.3828,1.3821
1.3834,1.3871
1.3839,1.3871
1.3844,1.3871
1.3850,1.3821
1.3855,1.3821
1.3861,1.3871
1.3866,1.3871
1.3872,1.3821
1.3877,1.3821
1.3883,1.3871
1.3888,1.3871
1.3894,1.3871
1.3899,1.3871
1.3905,1.3871
1.3910,1.3821
1.3916,1.3871
1.3921,1.3821
1.3926,1.3821
1.3932,1.3871
1.3937,1.3871
1.3943,1.3821
1.3948,1.3871
1.3954,1.3871
1.3959,1.3821
1.3965,1.3871
1.3970,1.3921
1.3976,1.3921
1.3981,1.3921
1.3986,1.3871
1.3992,1.3871
1.3997,1.3921
1.4003,1.3871
1.4008,1.3871
1.4014,1.3871
1.4019,1.3871
1.4025,1.3921
1.4030,1.3921
1.4036,1.3921
1.4041,1.3871
1.4047,1.3921
1.4052,1.3871
1.4058,1.3921
1.4063,1.3871
1.4069,1.3871
1.4074,1.3921
1.4080,1.3921
1.4085,1.3871
1.4091,1.3921
1.4096,1.3921
1.4101,1.3921
1.4107,1.3871
1.4112,1.3871
1.4118,1.3921
1.4123,1.3921
1.4129,1.3921
1.4134,1.3871
1.4140,1.3921
1.4145,1.3921
1.4151,1.3871
1.4156,1.3921
1.4162,1.3921
1.4167,1.3921
1.4172,1.3921
1.4178,1.3921
1.4183,1.3921
1.4189,1.3921
1.4194,1.3921
1.4200,1.3921
1.4205,1.3921
1.4211,1.3972
1.4216,1.3921
1.4222,1.3921
1.4227,1.3921
1.4233,1.3972
1.4238,1.3921
1.4243,1.3972
1.4249,1.3871
1.4254,1.3972
1.4260,1.3972
1.4265,1.3921
1.4271,1.3972
1.4276,1.3972
1.4282,1.3972
1.4287,1.3972
1.4293,1.3972
1.4298,1.3972
1.4304,1.3972
1.4309,1.3972
1.4315,1.3972
1.4320,1.3921
1.4325,1.4022
1.4331,1.3972
1.4336,1.3972
1.4342,1.3921
1.4347,1.3972
1.4353,1.4022
1.4358,1.4022
1.4364,1.4022
1.4369,1.4022
1.4375,1.3972
1.4380,1.4022
1.4386,1.4022
1.4391,1.4022
1.4396,1.3972
1.4402,1.4022
1.4408,1.3972
1.4413,1.3972
1.4419,1.4022
1.4424,1.3972
1.4430,1.4022
1.4435,1.3972
1.4441,1.4022
1.4446,1.4022
1.4452,1.3921
1.4457,1.4022
1.4463,1.3972
1.4468,1.4022
1.4473,1.4022
1.4479,1.4022
1.4484,1.3972
1.4490,1.4022
1.4495,1.3972
1.4501,1.3972
1.4506,1.4022
1.4512,1.4073
1.4517,1.4022
1.4523,1.4022
1.4528,1.4022
1.4534,1.3972
1.4539,1.4022
1.4545,1.4022
1.4550,1.4022
1.4555,1.4022
1.4561,1.4022
1.4566,1.4022
1.4572,1.4022
1.4577,1.4022
1.4583,1.4022
1.4588,1.4022
1.4594,1.4022
1.4599,1.4022
1.4605,1.4022
1.4610,1.4022
1.4615,1.4073
1.4621,1.4073
1.4626,1.4073
1.4632,1.4022
1.4637,1.4022
1.4643,1.4022
1.4648,1.4022
1.4654,1.4073
1.4659,1.4073
1.4665,1.4022
1.4670,1.4022
1.4676,1.4073
1.4681,1.4073
1.4686,1.4073
1.4692,1.4073
1.4697,1.4073
1.4703,1.4073
1.4708,1.4022
1.4714,1.4073
1.4719,1.4073
1.4725,1.4073
1.4730,1.4022
1.4736,1.4022
1.4741,1.4073
1.4747,1.4022
1.4752,1.4073
1.4758,1.4073
1.4763,1.4073
1.4769,1.4022
1.4774,1.4022
1.4780,1.4073
1.4785,1.4073
1.4790,1.4073
1.4796,1.4073
1.4801,1.4073
1.4807,1.4073
1.4812,1.4073
1.4818,1.4022
1.4823,1.4073
1.4829,1.4073
1.4834,1.4073
1.4840,1.4073
1.4845,1.4073
1.4851,1.4022
1.4856,1.4073
1.4861,1.4022
1.4867,1.4073
1.4872,1.4022
1.4878,1.4022
1.4883,1.4022
1.4889,1.4022
1.4894,1.4073
1.4900,1.4073
1.4905,1.4073
1.4911,1.4073
1.4916,1.4022
1.4922,1.4022
1.4927,1.4073
1.4933,1.4073
1.4938,1.4073
1.4943,1.4022
1.4949,1.4073
1.4954,1.4073
1.4961,1.4022
1.4967,1.4073
1.4972,1.4073
1.4978,1.4073
1.4983,1.4073
1.4989,1.4073
1.4994,1.4073
1.5000,1.4022
1.5005,1.4073
1.5010,1.4123
1.5016,1.4123
1.5021,1.4073
1.5027,1.4073
1.5032,1.4073
1.5038,1.4073
1.5043,1.4073
1.5049,1.4022
1.5054,1.3972
1.5060,1.4073
1.5065,1.4073
1.5071,1.4022
1.5076,1.4073
1.5081,1.4073
1.5087,1.4022
1.5092,1.4073
1.5098,1.4073
1.5103,1.4073
1.5109,1.4123
1.5114,1.4073
1.5120,1.4022
1.5125,1.4123
1.5131,1.4073
1.5136,1.4073
1.5142,1.4073
1.5147,1.4022
1.5152,1.4073
1.5158,1.4073
1.5163,1.4073
1.5169,1.4073
1.5174,1.4073
1.5180,1.4073
1.5185,1.4073
1.5191,1.4022
1.5196,1.4073
1.5202,1.4073
1.5207,1.4073
1.5213,1.4022
1.5218,1.4073
1.5223,1.4073
1.5229,1.4073
1.5234,1.4073
1.5240,1.4073
1.5245,1.4123
1.5251,1.4073
1.5256,1.4073
1.5262,1.4073
1.5267,1.4073
1.5273,1.4073
1.5278,1.4073
1.5284,1.4073
1.5289,1.4022
1.5294,1.4073
1.5300,1.4022
1.5305,1.4073
1.5311,1.4073
1.5316,1.4073
1.5322,1.4022
1.5327,1.4123
1.5333,1.4073
1.5338,1.4073
1.5347,1.4073
1.5353,1.4073
1.5359,1.4073
1.5365,1.4073
1.5371,1.4073
1.5376,1.4073
1.5382,1.4073
1.5388,1.4123
1.5394,1.4073
1.5399,1.4073
1.5405,1.4073
1.5410,1.4073
1.5416,1.4073
1.5422,1.4022
1.5428,1.4073
1.5434,1.4073
1.5439,1.4022
1.5445,1.4123
1.5450,1.4123
1.5456,1.4022
1.5461,1.4022
1.5466,1.4073
1.5472,1.4073
1.5477,1.4022
1.5483,1.4073
1.5488,1.4073
1.5500,1.4123
1.5506,1.4073
1.5512,1.4073
1.5517,1.4123
1.5523,1.4022
1.5529,1.4073
1.5535,1.4073
1.5541,1.4073
1.5546,1.4073
1.5552,1.4073
1.5558,1.4073
1.5564,1.4073
1.5570,1.4022
1.5576,1.4022
1.5581,1.4022
1.5587,1.3972
1.5593,1.4073
1.5598,1.4073
1.5604,1.4022
1.5609,1.4073
1.5615,1.4073
1.5620,1.4022
1.5626,1.4073
1.5631,1.4022
1.5637,1.4073
1.5642,1.4073
1.5648,1.4073
1.5653,1.4073
1.5659,1.4022
1.5665,1.4073
1.5670,1.4022
1.5676,1.4022
1.5682,1.4073
1.5687,1.4022
1.5693,1.4073
1.5698,1.4073
1.5704,1.4073
1.5709,1.4022
1.5715,1.4073
1.5720,1.4022
1.5726,1.4073
1.5731,1.4022
1.5737,1.4073
1.5742,1.4022
1.5748,1.4073
1.5753,1.4022
1.5759,1.4073
1.5764,1.4073
1.5770,1.4022
1.5775,1.4022
1.5781,1.4073
1.5786,1.4073
1.5792,1.4073
1.5797,1.4022
1.5803,1.4073
1.5808,1.4073
1.5814,1.4022
1.5819,1.4073
1.5825,1.4073
1.5831,1.4022
1.5836,1.4073
1.5842,1.4073
1.5847,1.4073
1.5853,1.4022
1.5858,1.4073
1.5864,1.4073
1.5869,1.4073
1.5875,1.4073
1.5880,1.4073
1.5886,1.4022
1.5891,1.4073
1.5897,1.4073
1.5902,1.4022
1.5908,1.4022
1.5914,1.4073
1.5919,1.4022
1.5924,1.4022
1.5930,1.4022
1.5935,1.4022
1.5941,1.4022
1.5946,1.4073
1.5952,1.4022
1.5957,1.4022
1.5963,1.4073
1.5968,1.4073
1.5974,1.4022
1.5979,1.4022
1.5985,1.4073
1.5990,1.4073
1.5996,1.4073
1.6002,1.4022
1.6007,1.4022
1.6013,1.4073
1.6019,1.4073
1.6024,1.4022
1.6030,1.4073
1.6035,1.4073
1.6041,1.4022
1.6046,1.4022
1.6052,1.4022
1.6057,1.4022
1.6063,1.4022
1.6068,1.4022
1.6074,1.4022
1.6079,1.4022
1.6085,1.4022
1.6090,1.4073
1.6096,1.4022
1.6101,1.4022
1.6107,1.4022
1.6112,1.4022
1.6118,1.4022
1.6123,1.4022
1.6129,1.4073
1.6134,1.4022
1.6140,1.4022
1.6146,1.4022
1.6151,1.4022
1.6157,1.4022
1.6162,1.4022
1.6168,1.4022
1.6173,1.4073
1.6179,1.4073
1.6184,1.4022
1.6189,1.4022
1.6195,1.4022
1.6200,1.4073
1.6206,1.4022
1.6212,1.3972
1.6218,1.4022
1.6224,1.3972
1.6229,1.4022
1.6235,1.4022
1.6240,1.4022
1.6246,1.4022
1.6252,1.4022
1.6257,1.4022
1.6263,1.3972
1.6268,1.4073
1.6274,1.4022
1.6279,1.4022
1.6285,1.4022
1.6290,1.4022
1.6296,1.4022
1.6301,1.3972
1.6307,1.4022
1.6313,1.3972
1.6318,1.4022
1.6324,1.3972
1.6329,1.3972
1.6335,1.3972
1.6340,1.4022
1.6346,1.3972
1.6351,1.4022
1.6357,1.4022
1.6362,1.4022
1.6368,1.3972
1.6373,1.4022
1.6379,1.4022
1.6384,1.4022
1.6390,1.4022
1.6395,1.4022
1.6401,1.4022
1.6406,1.4022
1.6412,1.4022
1.6417,1.3972
1.6424,1.3972
1.6430,1.3972
1.6435,1.4022
1.6440,1.4022
1.6446,1.4022
1.6451,1.4022
1.6456,1.4022
1.6461,1.4022
1.6467,1.4022
1.6472,1.4073
1.6477,1.4022
1.6482,1.3921
1.6487,1.3972
1.6493,1.4022
1.6498,1.3972
1.6503,1.3972
1.6508,1.4022
1.6514,1.4022
1.6519,1.4022
1.6524,1.4022
1.6529,1.3972
1.6535,1.3972
1.6540,1.3972
1.6545,1.3972
1.6550,1.3972
1.6556,1.4022
1.6561,1.4022
1.6566,1.3972
1.6571,1.4022
1.6576,1.4022
1.6582,1.3972
1.6587,1.4022
1.6592,1.3972
1.6597,1.4022
1.6603,1.3972
1.6608,1.3972
1.6613,1.4022
1.6618,1.3972
1.6624,1.3972
1.6629,1.3972
1.6634,1.3972
1.6639,1.4022
1.6644,1.4022
1.6650,1.3972
1.6655,1.3972
1.6660,1.3921
1.6665,1.4022
1.6671,1.4022
1.6676,1.3972
1.6681,1.3972
1.6686,1.3921
1.6692,1.4022
1.6697,1.4022
1.6702,1.3972
1.6707,1.4022
1.6712,1.3972
1.6718,1.4022
1.6723,1.4022
1.6728,1.3972
1.6733,1.3972
1.6739,1.3972
1.6744,1.3972
1.6749,1.4022
1.6754,1.4022
1.6760,1.3972
1.6765,1.4022
1.6770,1.4022
1.6775,1.3972
1.6781,1.3972
1.6786,1.4022
1.6791,1.4022
1.6796,1.4022
1.6802,1.3972
1.6807,1.3972
1.6812,1.4022
1.6817,1.4022
1.6823,1.3972
1.6828,1.4022
1.6833,1.3972
1.6838,1.3972
1.6843,1.4022
1.6849,1.3972
1.6854,1.4022
1.6859,1.3921
1.6864,1.3972
1.6870,1.3972
1.6875,1.3972
1.6880,1.4022
1.6885,1.4022
1.6890,1.3972
1.6896,1.3972
1.6901,1.3972
1.6906,1.3972
1.6911,1.4022
1.6916,1.3972
1.6922,1.4022
1.6927,1.3972
1.6932,1.3972
1.6937,1.3972
1.6943,1.3921
1.6948,1.3921
1.6953,1.3972
1.6958,1.4022
1.6963,1.3972
1.6969,1.4022
1.6974,1.3972
1.6979,1.3972
1.6984,1.4022
1.6989,1.3972
1.6995,1.3972
1.7000,1.3972
1.7005,1.4022
1.7010,1.3972
1.7016,1.3972
1.7021,1.3972
1.7026,1.4022
1.7031,1.4022
1.7036,1.4022
1.7042,1.3972
1.7047,1.3972
1.7052,1.3972
1.7057,1.4022
1.7063,1.3972
1.7068,1.4022
1.7073,1.4022
1.7078,1.4022
1.7083,1.4022
1.7089,1.3921
1.7094,1.3972
1.7099,1.4022
1.7104,1.3972
1.7110,1.4022
1.7115,1.3972
1.7120,1.3972
1.7125,1.3972
1.7130,1.3972
1.7136,1.4022
1.7141,1.4022
1.7146,1.3972
1.7151,1.4022
1.7157,1.4022
1.7162,1.4022
1.7167,1.3972
1.7172,1.4022
1.7178,1.4022
1.7183,1.3972
1.7188,1.3972
1.7193,1.3921
1.7198,1.3972
1.7204,1.3972
1.7209,1.3972
1.7214,1.3972
1.7219,1.3972
1.7225,1.3972
1.7230,1.3972
1.7235,1.3972
1.7240,1.4022
1.7246,1.3972
1.7251,1.3972
1.7256,1.3972
1.7261,1.4022
1.7266,1.3972
1.7272,1.3972
1.7277,1.3972
1.7282,1.3972
1.7287,1.3972
1.7293,1.3972
1.7298,1.3972
1.7303,1.4022
1.7308,1.3972
1.7314,1.3972
1.7319,1.4022
1.7324,1.3972
1.7329,1.3972
1.7334,1.4022
1.7340,1.3972
1.7345,1.3972
1.7350,1.3921
1.7355,1.3972
1.7361,1.4022
1.7366,1.3972
1.7371,1.3972
1.7376,1.3972
1.7382,1.3972
1.7387,1.4022
1.7392,1.3972
1.7397,1.3972
1.7403,1.3972
1.7408,1.4022
1.7413,1.3972
1.7418,1.3972
1.7424,1.4022
1.7429,1.3921
1.7434,1.4022
1.7439,1.3972
1.7446,1.4022
1.7452,1.4022
1.7457,1.3972
1.7463,1.3972
1.7469,1.3972
1.7474,1.3972
1.7480,1.3921
1.7485,1.3972
1.7491,1.3972
1.7497,1.3972
1.7503,1.3972
1.7508,1.3972
1.7514,1.3972
1.7520,1.3972
1.7525,1.3921
1.7530,1.3972
1.7535,1.4022
1.7541,1.3972
1.7546,1.4022
1.7551,1.3972
1.7556,1.3972
1.7562,1.3972
1.7567,1.4022
1.7572,1.3972
1.7577,1.3972
1.7583,1.4022
1.7588,1.3972
1.7593,1.4022
1.7598,1.4022
1.7603,1.3972
1.7609,1.3972
1.7614,1.4022
1.7619,1.3972
1.7624,1.3972
1.7630,1.3972
1.7635,1.3972
1.7640,1.3972
1.7645,1.3972
1.7651,1.3972
1.7656,1.3972
1.7661,1.3921
1.7667,1.3972
1.7672,1.3972
1.7677,1.3972
1.7682,1.3972
1.7688,1.3972
1.7693,1.4022
1.7698,1.3972
1.7703,1.3972
1.7709,1.3972
1.7714,1.4022
1.7719,1.3972
1.7724,1.3921
1.7729,1.3972
1.7735,1.3972
1.7740,1.3972
1.7745,1.3972
1.7750,1.3921
1.7756,1.3972
1.7761,1.3972
1.7766,1.3972
1.7771,1.4022
1.7776,1.3972
1.7782,1.3972
1.7787,1.3972
1.7792,1.3921
1.7797,1.3972
1.7803,1.3972
1.7808,1.3921
1.7813,1.3921
1.7819,1.3972
1.7824,1.3921
1.7829,1.3921
1.7834,1.3972
1.7839,1.3972
1.7845,1.3921
1.7850,1.3972
1.7855,1.3972
1.7860,1.3972
1.7865,1.3972
1.7871,1.3972
1.7876,1.3972
1.7881,1.3972
1.7886,1.3972
1.7892,1.4022
1.7897,1.3972
1.7902,1.3972
1.7907,1.3921
1.7912,1.3921
1.7918,1.4022
1.7923,1.3972
1.7928,1.3972
1.7933,1.3972
1.7938,1.3972
1.7944,1.3972
1.7949,1.3972
1.7954,1.3972
1.7959,1.3972
1.7965,1.3972
1.7970,1.3972
1.7975,1.3972
1.7980,1.3921
1.7985,1.3921
1.7991,1.3972
1.7996,1.3972
1.8001,1.3921
1.8006,1.3921
1.8012,1.3972
1.8017,1.3972
1.8022,1.3972
1.8027,1.3921
1.8032,1.3921
1.8038,1.3972
1.8043,1.3972
1.8048,1.3972
1.8053,1.3972
1.8058,1.3972
1.8064,1.3972
1.8069,1.3972
1.8074,1.3921
1.8079,1.3921
1.8084,1.3972
1.8090,1.3921
1.8095,1.3921
1.8100,1.3972
1.8105,1.3972
1.8111,1.3921
1.8116,1.3972
1.8121,1.3972
1.8126,1.3972
1.8131,1.3972
1.8137,1.3972
1.8142,1.3972
1.8147,1.3921
1.8153,1.4022
1.8158,1.3921
1.8163,1.3972
1.8168,1.3972
1.8174,1.3972
1.8179,1.3972
1.8184,1.3921
1.8189,1.3972
1.8194,1.3921
1.8200,1.3972
1.8205,1.3921
1.8210,1.3921
1.8215,1.3921
1.8221,1.3972
1.8226,1.3921
1.8231,1.3921
1.8236,1.3921
1.8241,1.3972
1.8247,1.3972
1.8252,1.3972
1.8257,1.3921
1.8262,1.3921
1.8268,1.3972
1.8273,1.3972
1.8278,1.3972
1.8283,1.3871
1.8289,1.3921
1.8294,1.3921
1.8299,1.3972
1.8304,1.3972
1.8310,1.4022
1.8315,1.3972
1.8320,1.3921
1.8325,1.3921
1.8330,1.3972
1.8336,1.3921
1.8341,1.3921
1.8346,1.3921
1.8351,1.3972
1.8357,1.3972
1.8362,1.3972
1.8367,1.3921
1.8372,1.3972
1.8378,1.3921
1.8383,1.3972
1.8388,1.3921
1.8393,1.3921
1.8398,1.3921
1.8404,1.3871
1.8409,1.3921
1.8414,1.3921
1.8419,1.3972
1.8425,1.3921
1.8430,1.3921
1.8435,1.3871
1.8440,1.3921
1.8445,1.3921
1.8451,1.3921
1.8456,1.3972
1.8461,1.3921
1.8466,1.3972
1.8472,1.3871
1.8477,1.3921
1.8482,1.3972
1.8487,1.3921
1.8493,1.3921
1.8498,1.3921
1.8503,1.3921
1.8508,1.3921
1.8514,1.3921
1.8519,1.3921
1.8524,1.3921
1.8529,1.3921
1.8535,1.3871
1.8540,1.3972
1.8545,1.3921
1.8550,1.3921
1.8555,1.3921
1.8561,1.3972
1.8566,1.3871
1.8571,1.3871
1.8576,1.3921
1.8582,1.3921
1.8587,1.3921
1.8592,1.3921
1.8597,1.3972
1.8603,1.3921
1.8608,1.3921
1.8613,1.3921
1.8618,1.3921
1.8623,1.3921
1.8629,1.3921
1.8634,1.3921
1.8639,1.3921
1.8644,1.3921
1.8650,1.3921
1.8655,1.3921
1.8660,1.3921
1.8665,1.3921
1.8671,1.3921
1.8676,1.3871
1.8681,1.3972
1.8686,1.3921
1.8691,1.3921
1.8697,1.3871
1.8702,1.3921
1.8707,1.3921
1.8712,1.3921
1.8718,1.3972
1.8723,1.3921
1.8728,1.3972
1.8733,1.3871
1.8739,1.3871
1.8744,1.3921
1.8749,1.3921
1.8754,1.3972
1.8760,1.3921
1.8765,1.3921
1.8770,1.3921
1.8775,1.3921
1.8780,1.3921
1.8786,1.3972
1.8791,1.3921
1.8796,1.3921
1.8801,1.3871
1.8807,1.3921
1.8812,1.3921
1.8817,1.3921
1.8822,1.3871
1.8828,1.3871
1.8833,1.3921
1.8838,1.3921
1.8843,1.3871
1.8849,1.3921
1.8854,1.3921
1.8859,1.3821
1.8864,1.3921
1.8870,1.3921
1.8875,1.3871
1.8880,1.3871
1.8885,1.3921
1.8890,1.3871
1.8896,1.3921
1.8901,1.3921
1.8906,1.3921
1.8911,1.3921
1.8917,1.3921
1.8922,1.3921
1.8927,1.3921
1.8932,1.3921
1.8938,1.3871
1.8943,1.3921
1.8948,1.3921
1.8953,1.3871
1.8959,1.3921
1.8964,1.3921
1.8969,1.3921
1.8974,1.3871
1.8979,1.3921
1.8985,1.3871
1.8990,1.3871
1.8995,1.3921
1.9000,1.3871
1.9006,1.3921
1.9011,1.3871
1.9016,1.3871
1.9021,1.3972
1.9027,1.3921
1.9032,1.3921
1.9037,1.3871
1.9042,1.3871
1.9047,1.3871
1.9053,1.3921
1.9060,1.3921
1.9065,1.3921
1.9071,1.3921
1.9076,1.3921
1.9081,1.3921
1.9086,1.3871
1.9092,1.3921
1.9097,1.3871
1.9102,1.3871
1.9108,1.3921
1.9113,1.3871
1.9118,1.3871
1.9124,1.3871
1.9129,1.3921
1.9134,1.3921
1.9139,1.3871
1.9145,1.3921
1.9150,1.3871
1.9155,1.3921
1.9161,1.3921
1.9167,1.3921
1.9172,1.3871
1.9178,1.3921
1.9183,1.3921
1.9189,1.3921
1.9194,1.3871
1.9200,1.3871
1.9205,1.3871
1.9211,1.3921
1.9216,1.3871
1.9221,1.3871
1.9227,1.3871
1.9232,1.3871
1.9237,1.3921
1.9243,1.3871
1.9248,1.3921
1.9254,1.3871
1.9259,1.3921
1.9264,1.3871
1.9270,1.3921
1.9275,1.3871
1.9280,1.3921
1.9285,1.3921
1.9291,1.3871
1.9296,1.3871
1.9301,1.3821
1.9306,1.3821
1.9312,1.3871
1.9317,1.3871
1.9322,1.3921
1.9327,1.3871
1.9333,1.3871
1.9338,1.3921
1.9343,1.3871
1.9348,1.3871
1.9353,1.3871
1.9359,1.3921
1.9364,1.3821
1.9369,1.3921
1.9374,1.3921
1.9380,1.3871
1.9385,1.3871
1.9390,1.3921
1.9395,1.3871
1.9401,1.3871
1.9406,1.3821
1.9411,1.3821
1.9416,1.3821
1.9422,1.3871
1.9427,1.3871
1.9432,1.3871
1.9437,1.3921
1.9442,1.3821
1.9448,1.3821
1.9453,1.3871
1.9458,1.3871
1.9463,1.3871
1.9468,1.3871
1.9474,1.3871
1.9479,1.3921
1.9484,1.3921
1.9489,1.3871
1.9495,1.3821
1.9500,1.3871
1.9505,1.3821
1.9510,1.3871
1.9516,1.3871
1.9521,1.3921
1.9526,1.3871
1.9531,1.3921
1.9537,1.3871
1.9542,1.3871
1.9547,1.3871
1.9552,1.3871
1.9558,1.3871
1.9563,1.3921
1.9568,1.3871
1.9573,1.3871
1.9579,1.3871
1.9584,1.3871
1.9589,1.3871
1.9594,1.3871
1.9600,1.3871
1.9605,1.3871
1.9610,1.3770
1.9615,1.3821
1.9621,1.3871
1.9626,1.3871
1.9631,1.3871
1.9636,1.3921
1.9641,1.3921
1.9647,1.3871
1.9652,1.3871
1.9657,1.3871
1.9662,1.3871
1.9668,1.3871
1.9673,1.3871
1.9678,1.3871
1.9683,1.3871
1.9688,1.3871
1.9694,1.3871
1.9699,1.3921
1.9704,1.3871
1.9709,1.3871
1.9715,1.3871
1.9720,1.3871
1.9725,1.3871
1.9730,1.3871
1.9735,1.3871
1.9741,1.3821
1.9746,1.3871
1.9751,1.3871
1.9756,1.3871
1.9762,1.3871
1.9767,1.3871
1.9772,1.3871
1.9777,1.3871
1.9783,1.3871
1.9788,1.3871
1.9793,1.3871
1.9798,1.3871
1.9804,1.3871
1.9809,1.3871
1.9814,1.3821
1.9819,1.3871
1.9824,1.3821
1.9830,1.3871
1.9835,1.3871
1.9840,1.3871
1.9845,1.3821
1.9850,1.3821
1.9856,1.3871
1.9861,1.3921
1.9866,1.3821
1.9871,1.3871
1.9877,1.3871
1.9882,1.3821
1.9887,1.3821
1.9892,1.3821
1.9897,1.3871
1.9903,1.3821
1.9908,1.3871
1.9913,1.3871
1.9918,1.3871
1.9924,1.3871
1.9929,1.3921
1.9934,1.3921
1.9939,1.3921
1.9945,1.3871
1.9950,1.3871
1.9955,1.3871
1.9960,1.3871
1.9965,1.3871
1.9971,1.3871
1.9976,1.3871
1.9981,1.3871
1.9986,1.3871
1.9992,1.3871
1.9997,1.3871
2.0002,1.3871
2.0007,1.3871
2.0013,1.3871
2.0018,1.3871
2.0023,1.3821
2.0028,1.3871
2.0033,1.3871
2.0039,1.3821
2.0044,1.3871
2.0049,1.3821
2.0054,1.3871
2.0060,1.3821
2.0065,1.3821
2.0070,1.3821
2.0075,1.3871
2.0081,1.3821
2.0086,1.3821
2.0091,1.3921
2.0096,1.3871
2.0101,1.3821
2.0107,1.3871
2.0112,1.3871
2.0117,1.3871
2.0122,1.3821
2.0128,1.3871
2.0133,1.3821
2.0138,1.3871
2.0143,1.3821
2.0149,1.3871
2.0154,1.3871
2.0159,1.3821
2.0164,1.3921
2.0170,1.3871
2.0175,1.3821
2.0180,1.3871
2.0185,1.3821
2.0191,1.3871
2.0196,1.3871
2.0201,1.3871
2.0206,1.3871
2.0212,1.3871
2.0217,1.3871
2.0222,1.3871
2.0227,1.3871
2.0233,1.3871
2.0238,1.3821
2.0243,1.3871
2.0248,1.3871
2.0253,1.3821
2.0259,1.3821
2.0264,1.3871
2.0269,1.3821
2.0274,1.3871
2.0280,1.3821
2.0285,1.3871
2.0290,1.3871
2.0295,1.3871
2.0301,1.3871
2.0306,1.3821
2.0311,1.3871
2.0316,1.3821
2.0321,1.3871
2.0327,1.3871
2.0332,1.3871
2.0338,1.3821
2.0343,1.3871
2.0349,1.3871
2.0354,1.3871
2.0360,1.3821
2.0366,1.3871
2.0371,1.3871
2.0376,1.3871
2.0382,1.3821
2.0387,1.3871
2.0393,1.3821
2.0398,1.3871
2.0403,1.3871
2.0408,1.3871
2.0414,1.3871
2.0419,1.3871
2.0424,1.3821
2.0429,1.3871
2.0440,1.3821
2.0446,1.3871
2.0451,1.3871
2.0457,1.3871
2.0462,1.3871
2.0469,1.3821
2.0475,1.3871
2.0480,1.3871
2.0488,1.3821
2.0494,1.3821
2.0500,1.3821
2.0507,1.3871
2.0512,1.3871
2.0517,1.3871
2.0522,1.3821
2.0528,1.3871
2.0533,1.3821
2.0538,1.3871
2.0543,1.3871
2.0548,1.3871
2.0554,1.3871
2.0559,1.3871
2.0564,1.3821
2.0569,1.3871
2.0574,1.3821
2.0580,1.3871
2.0585,1.3871
2.0590,1.3871
2.0595,1.3821
2.0601,1.3821
2.0606,1.3871
2.0611,1.3871
2.0616,1.3821
2.0621,1.3871
2.0627,1.3871
2.0632,1.3821
2.0637,1.3871
2.0642,1.3821
2.0647,1.3821
2.0653,1.3770
2.0658,1.3821
2.0663,1.3871
2.0668,1.3871
2.0674,1.3871
2.0679,1.3871
2.0684,1.3821
2.0689,1.3871
2.0694,1.3821
2.0700,1.3871
2.0705,1.3871
2.0710,1.3871
2.0715,1.3821
2.0720,1.3821
2.0726,1.3871
2.0731,1.3871
2.0736,1.3871
2.0741,1.3821
2.0746,1.3871
2.0752,1.3871
2.0757,1.3821
2.0762,1.3871
2.0767,1.3871
2.0772,1.3871
2.0778,1.3871
2.0783,1.3821
2.0788,1.3821
2.0793,1.3821
2.0798,1.3821
2.0804,1.3770
2.0809,1.3821
2.0814,1.3871
2.0819,1.3871
2.0824,1.3821
2.0830,1.3871
2.0835,1.3871
2.0840,1.3821
2.0845,1.3871
2.0851,1.3871
2.0856,1.3821
2.0861,1.3871
2.0866,1.3821
2.0871,1.3821
2.0877,1.3871
2.0882,1.3871
2.0887,1.3770
2.0892,1.3821
2.0897,1.3871
2.0903,1.3821
2.0908,1.3821
2.0913,1.3821
2.0918,1.3821
2.0923,1.3821
2.0929,1.3871
2.0934,1.3821
2.0939,1.3821
2.0944,1.3871
2.0949,1.3871
2.0955,1.3821
2.0960,1.3821
2.0965,1.3821
2.0970,1.3821
2.0975,1.3821
2.0981,1.3871
2.0986,1.3821
2.0991,1.3821
2.0996,1.3871
2.1001,1.3871
2.1007,1.3871
2.1012,1.3821
2.1017,1.3821
2.1022,1.3871
2.1027,1.3821
2.1033,1.3821
2.1038,1.3871
2.1043,1.3871
2.1048,1.3871
2.1053,1.3871
2.1059,1.3821
2.1064,1.3821
2.1069,1.3871
2.1074,1.3871
2.1079,1.3821
2.1085,1.3871
2.1090,1.3821
2.1095,1.3770
2.1100,1.3821
2.1105,1.3821
2.1111,1.3821
2.1116,1.3871
2.1121,1.3871
2.1126,1.3871
2.1131,1.3871
2.1137,1.3821
2.1142,1.3871
2.1147,1.3921
2.1152,1.3821
2.1157,1.3821
2.1163,1.3821
2.1168,1.3821
2.1173,1.3871
2.1178,1.3821
2.1183,1.3871
2.1189,1.3821
2.1194,1.3871
2.1199,1.3821
2.1204,1.3821
2.1210,1.3821
2.1215,1.3871
2.1220,1.3821
2.1225,1.3871
2.1230,1.3871
2.1236,1.3821
2.1241,1.3821
2.1246,1.3821
2.1251,1.3871
2.1256,1.3871
2.1262,1.3821
2.1267,1.3871
2.1272,1.3871
2.1277,1.3871
2.1283,1.3871
2.1288,1.3871
2.1293,1.3821
2.1298,1.3871
2.1303,1.3821
2.1309,1.3871
2.1314,1.3821
2.1319,1.3821
2.1324,1.3871
2.1330,1.3770
2.1335,1.3821
2.1340,1.3821
2.1345,1.3821
2.1350,1.3871
2.1356,1.3871
2.1361,1.3821
2.1366,1.3821
2.1371,1.3821
2.1376,1.3871
2.1382,1.3821
2.1387,1.3821
2.1392,1.3821
2.1397,1.3821
2.1403,1.3821
2.1408,1.3871
2.1413,1.3770
2.1418,1.3871
2.1423,1.3821
2.1429,1.3871
2.1434,1.3871
2.1439,1.3821
2.1444,1.3821
2.1449,1.3821
2.1455,1.3821
2.1460,1.3821
2.1465,1.3871
2.1470,1.3871
2.1476,1.3871
2.1481,1.3821
2.1486,1.3871
2.1491,1.3871
2.1496,1.3871
2.1502,1.3871
2.1507,1.3821
2.1512,1.3821
2.1517,1.3871
2.1523,1.3770
2.1528,1.3770
2.1533,1.3871
2.1538,1.3871
2.1543,1.3821
2.1549,1.3821
2.1554,1.3821
2.1559,1.3821
2.1564,1.3821
2.1570,1.3871
2.1575,1.3821
2.1580,1.3821
2.1585,1.3821
2.1590,1.3871
2.1596,1.3821
2.1601,1.3821
2.1606,1.3821
2.1611,1.3821
2.1617,1.3821
2.1622,1.3871
2.1627,1.3871
2.1632,1.3821
2.1637,1.3821
2.1643,1.3871
2.1648,1.3821
2.1653,1.3871
2.1658,1.3821
2.1663,1.3821
2.1669,1.3821
2.1674,1.3871
2.1679,1.3871
2.1684,1.3871
2.1690,1.3821
2.1695,1.3871
2.1700,1.3871
2.1705,1.3821
2.1710,1.3871
2.1716,1.3871
2.1721,1.3821
2.1726,1.3871
2.1731,1.3871
2.1736,1.3871
2.1742,1.3871
2.1747,1.3871
2.1752,1.3821
2.1757,1.3871
2.1763,1.3871
2.1768,1.3871
2.1773,1.3871
2.1778,1.3871
2.1783,1.3871
2.1789,1.3821
2.1794,1.3821
2.1799,1.3871
2.1804,1.3821
2.1810,1.3821
2.1815,1.3871
2.1820,1.3871
2.1825,1.3871
2.1830,1.3871
2.1836,1.3871
2.1841,1.3821
2.1846,1.3871
2.1851,1.3821
2.1857,1.3821
2.1862,1.3921
2.1867,1.3921
2.1872,1.3921
2.1877,1.3871
2.1883,1.3921
2.1888,1.3871
2.1893,1.3921
2.1898,1.3921
2.1903,1.3921
2.1909,1.3871
2.1914,1.3921
2.1919,1.3871
2.1924,1.3871
2.1930,1.3871
2.1935,1.3871
2.1940,1.3921
2.1945,1.3921
2.1950,1.3921
2.1956,1.3921
2.1961,1.3921
2.1966,1.3921
2.1971,1.3972
2.1976,1.3921
2.1982,1.3921
2.1987,1.3972
2.1992,1.3921
2.1997,1.3921
2.2003,1.3921
2.2008,1.3921
2.2013,1.3871
2.2018,1.3921
2.2023,1.3972
2.2029,1.3921
2.2034,1.3921
2.2039,1.3972
2.2044,1.3921
2.2049,1.3921
2.2055,1.3972
2.2060,1.3921
2.2065,1.3921
2.2070,1.3921
2.2076,1.3972
2.2081,1.3972
2.2086,1.3972
2.2091,1.3972
2.2096,1.3972
2.2102,1.3921
2.2107,1.3921
2.2112,1.3972
2.2117,1.3972
2.2122,1.3972
2.2128,1.3921
2.2133,1.3921
2.2138,1.3921
2.2143,1.3972
2.2149,1.3972
2.2154,1.3972
2.2159,1.3972
2.2164,1.3972
2.2170,1.4022
2.2175,1.3972
2.2180,1.3972
2.2185,1.3972
2.2190,1.4022
2.2196,1.3972
2.2201,1.4022
2.2206,1.3972
2.2211,1.4022
2.2217,1.4022
2.2222,1.3972
2.2227,1.4022
2.2232,1.3972
2.2237,1.4022
2.2243,1.3972
2.2248,1.4022
2.2253,1.3972
2.2258,1.4022
2.2263,1.4022
2.2269,1.4022
2.2274,1.3972
2.2279,1.3972
2.2284,1.3972
2.2289,1.4022
2.2295,1.4022
2.2300,1.3972
2.2305,1.4022
2.2310,1.4022
2.2316,1.4022
2.2321,1.4022
2.2326,1.4073
2.2331,1.3972
2.2336,1.4022
2.2342,1.3972
2.2347,1.4022
2.2352,1.4022
2.2357,1.4022
2.2363,1.4022
2.2368,1.4022
2.2373,1.3972
2.2378,1.3972
2.2383,1.4022
2.2389,1.4022
2.2394,1.4022
2.2399,1.4022
2.2404,1.4022
2.2409,1.4022
2.2415,1.4022
2.2420,1.4022
2.2425,1.4022
2.2430,1.4022
2.2436,1.4073
2.2441,1.4022
2.2446,1.4022
2.2451,1.4022
2.2456,1.4073
2.2462,1.4022
2.2467,1.4073
2.2472,1.4022
2.2477,1.4022
2.2482,1.4022
2.2488,1.3972
2.2493,1.4073
2.2498,1.4073
2.2503,1.4022
2.2509,1.4073
2.2514,1.4022
2.2519,1.4022
2.2524,1.4022
2.2529,1.4022
2.2535,1.4022
2.2540,1.4073
2.2545,1.4022
2.2550,1.4073
2.2555,1.4022
2.2561,1.4073
2.2566,1.4022
2.2571,1.4073
2.2576,1.4022
2.2581,1.4073
2.2587,1.4073
2.2592,1.4022
2.2597,1.4073
2.2602,1.4073
2.2608,1.4022
2.2613,1.4022
2.2618,1.4073
2.2623,1.4073
2.2628,1.4073
2.2634,1.4022
2.2639,1.4073
2.2644,1.4073
2.2649,1.4073
2.2655,1.4073
2.2660,1.4022
2.2665,1.4073
2.2670,1.4022
2.2675,1.4073
2.2681,1.4073
2.2686,1.4073
2.2691,1.4073
2.2696,1.4073
2.2701,1.4022
2.2707,1.4022
2.2712,1.4073
2.2717,1.4073
2.2722,1.4073
2.2728,1.4073
2.2733,1.4073
2.2738,1.4073
2.2743,1.4022
2.2748,1.4073
2.2754,1.4073
2.2759,1.4073
2.2764,1.4073
2.2769,1.4073
2.2774,1.4073
2.2780,1.4073
2.2785,1.4123
2.2790,1.4073
2.2795,1.4022
2.2801,1.4073
2.2806,1.4073
2.2811,1.4073
2.2816,1.4073
2.2821,1.4073
2.2827,1.4073
2.2832,1.4073
2.2837,1.4073
2.2842,1.4073
2.2848,1.4073
2.2853,1.4022
2.2858,1.4022
2.2863,1.4073
2.2868,1.4073
2.2874,1.4073
2.2879,1.4073
2.2884,1.4073
2.2889,1.4073
2.2894,1.4073
2.2900,1.4073
2.2905,1.4073
2.2910,1.4073
2.2915,1.4073
2.2921,1.4073
2.2926,1.4073
2.2931,1.4073
2.2936,1.4073
2.2941,1.4073
2.2947,1.4073
2.2952,1.4073
2.2957,1.4073
2.2962,1.4073
2.2967,1.4073
2.2973,1.4073
2.2978,1.4022
2.2983,1.4123
2.2989,1.4073
2.2994,1.4073
2.2999,1.4022
2.3004,1.4073
2.3009,1.4073
2.3015,1.4073
2.3020,1.4073
2.3025,1.4073
2.3030,1.4073
2.3036,1.4073
2.3041,1.4022
2.3046,1.4073
2.3051,1.4073
2.3056,1.4073
2.3062,1.4073
2.3067,1.4073
2.3072,1.4073
2.3077,1.4022
2.3082,1.3972
2.3088,1.4073
2.3093,1.4022
2.3098,1.4073
2.3103,1.4073
2.3109,1.4022
2.3114,1.4073
2.3119,1.4073
2.3124,1.4073
2.3129,1.4022
2.3135,1.4022
2.3140,1.4073
2.3145,1.4073
2.3150,1.4022
2.3155,1.4073
2.3161,1.4073
2.3166,1.4073
2.3171,1.4073
2.3176,1.4073
2.3182,1.4073
2.3187,1.4073
2.3192,1.4073
2.3197,1.4073
2.3202,1.4073
2.3208,1.4073
2.3213,1.4073
2.3218,1.4073
2.3223,1.4073
2.3228,1.4073
2.3234,1.4022
2.3239,1.4073
2.3244,1.4073
2.3249,1.4073
2.3255,1.4073
2.3260,1.4073
2.3265,1.4073
2.3270,1.4022
2.3275,1.4073
2.3281,1.4073
2.3286,1.4073
2.3291,1.4073
2.3296,1.4073
2.3301,1.4073
2.3307,1.4022
2.3312,1.4073
2.3317,1.4073
2.3322,1.4073
2.3328,1.4073
2.3333,1.4073
2.3338,1.4073
2.3343,1.4073
2.3348,1.4073
2.3354,1.4073
2.3359,1.4073
2.3364,1.4073
2.3369,1.4073
2.3375,1.4022
2.3380,1.4022
2.3385,1.4022
2.3390,1.4022
2.3395,1.4073
2.3401,1.4022
2.3406,1.4022
2.3411,1.4022
2.3416,1.4073
2.3421,1.4022
2.3427,1.4073
2.3432,1.4073
2.3437,1.4022
2.3442,1.4022
2.3448,1.4022
2.3453,1.4073
2.3459,1.4073
2.3465,1.4022
2.3470,1.4073
2.3476,1.4073
2.3482,1.4022
2.3488,1.4022
2.3494,1.4073
2.3500,1.4022
2.3506,1.4022
2.3511,1.4073
2.3517,1.4073
2.3522,1.4022
2.3528,1.4073
2.3533,1.4073
2.3539,1.4022
2.3544,1.4022
2.3550,1.4073
2.3555,1.4073
2.3561,1.4073
2.3566,1.4073
2.3571,1.4073
2.3577,1.4022
2.3582,1.4073
2.3588,1.3972
2.3593,1.4022
2.3599,1.4022
2.3604,1.4073
2.3609,1.3972
2.3615,1.4073
2.3620,1.4073
2.3626,1.4022
2.3631,1.4022
2.3637,1.4073
2.3642,1.3972
2.3647,1.4073
2.3653,1.4073
2.3658,1.4073
2.3664,1.4022
2.3672,1.4073
2.3677,1.4022
2.3683,1.4022
2.3688,1.4073
2.3694,1.4022
2.3699,1.4022
2.3705,1.4073
2.3710,1.4073
2.3715,1.4022
2.3721,1.4022
2.3726,1.4022
2.3732,1.4073
2.3741,1.4022
2.3746,1.3972
2.3752,1.4022
2.3757,1.4022
2.3763,1.4022
2.3768,1.4022
2.3774,1.4022
2.3779,1.4073
2.3784,1.4022
2.3790,1.4022
2.3795,1.4022
2.3801,1.4022
2.3806,1.4022
2.3812,1.4022
2.3817,1.4073
2.3822,1.4022
2.3828,1.3972
2.3833,1.4073
2.3839,1.4073
2.3844,1.4073
2.3850,1.4022
2.3855,1.4022
2.3860,1.4022
2.3866,1.4022
2.3871,1.4073
2.3877,1.4022
2.3882,1.4073
2.3888,1.3972
2.3893,1.4022
2.3899,1.4022
2.3904,1.4073
2.3909,1.4022
2.3915,1.4022
2.3920,1.3972
2.3926,1.4022
2.3931,1.3972
2.3937,1.4022
2.3942,1.4022
2.3947,1.4022
2.3953,1.4022
2.3958,1.4022
2.3964,1.4022
2.3969,1.4022
2.3975,1.4022
2.3980,1.4022
2.3985,1.4022
2.3991,1.4022
2.3996,1.4022
2.4002,1.3972
2.4007,1.4073
2.4012,1.3972
2.4018,1.3972
2.4023,1.4022
2.4029,1.4022
2.4034,1.4073
2.4040,1.4022
2.4045,1.4022
2.4050,1.4022
2.4056,1.4022
2.4061,1.4022
2.4067,1.4073
2.4072,1.4022
2.4078,1.3972
2.4083,1.4022
2.4088,1.4022
2.4094,1.4022
2.4099,1.4022
2.4105,1.4022
2.4110,1.4022
2.4116,1.4022
2.4121,1.4022
2.4126,1.3972
2.4132,1.4022
2.4137,1.4022
2.4143,1.4022
2.4148,1.4022
2.4154,1.4022
2.4159,1.3972
2.4164,1.4022
2.4170,1.4022
2.4175,1.4022
2.4181,1.3972
2.4186,1.4022
2.4192,1.4022
2.4197,1.4022
2.4203,1.4022
2.4208,1.3972
2.4214,1.4022
2.4219,1.3972
2.4225,1.4022
2.4230,1.4022
2.4235,1.3972
2.4241,1.3972
2.4246,1.4022
2.4252,1.4022
2.4257,1.3972
2.4263,1.4022
2.4268,1.3972
2.4273,1.3972
2.4279,1.3972
2.4284,1.4073
2.4290,1.4022
2.4295,1.4022
2.4300,1.4022
2.4306,1.3972
2.4311,1.3972
2.4317,1.3972
2.4322,1.3972
2.4328,1.4022
2.4333,1.4022
2.4339,1.4022
2.4344,1.4022
2.4350,1.4022
2.4355,1.4022
2.4361,1.3972
2.4366,1.3972
2.4371,1.4022
2.4377,1.3972
2.4382,1.4022
2.4388,1.4022
2.4393,1.4022
2.4399,1.4022
2.4404,1.3972
2.4410,1.3972
2.4415,1.3972
2.4421,1.3972
2.4426,1.4022
2.4432,1.3921
2.4437,1.4022
2.4442,1.3972
2.4448,1.3972
2.4453,1.4022
2.4459,1.3972
2.4464,1.3972
2.4470,1.4022
2.4475,1.3972
2.4482,1.3972
2.4487,1.4022
2.4493,1.3972
2.4498,1.4022
2.4504,1.4022
2.4509,1.3972
2.4515,1.3972
2.4520,1.4022
2.4525,1.3972
2.4531,1.3972
2.4536,1.4022
2.4542,1.4022
2.4547,1.3972
2.4552,1.3972
2.4558,1.3972
2.4563,1.4022
2.4569,1.4022
2.4574,1.4022
2.4579,1.3972
2.4585,1.3972
2.4590,1.3972
2.4596,1.4022
2.4601,1.3972
2.4606,1.4022
2.4612,1.3921
2.4617,1.3972
2.4623,1.3972
2.4628,1.3972
2.4634,1.3921
2.4639,1.4022
2.4644,1.3972
2.4650,1.4022
2.4655,1.3972
2.4661,1.3921
2.4666,1.3972
2.4671,1.4022
2.4677,1.3972
2.4682,1.4022
2.4688,1.3972
2.4693,1.3972
2.4698,1.4022
2.4704,1.3972
2.4709,1.3972
2.4715,1.4022
2.4720,1.3972
2.4726,1.3972
2.4731,1.3972
2.4736,1.3972
2.4742,1.3972
2.4747,1.4022
2.4753,1.3972
2.4758,1.3972
2.4763,1.3921
2.4769,1.4022
2.4774,1.3921
2.4780,1.3972
2.4785,1.4022
2.4790,1.4022
2.4796,1.3972
2.4801,1.4022
2.4807,1.3972
2.4812,1.3972
2.4817,1.4022
2.4823,1.3921
2.4828,1.3972
2.4834,1.3972
2.4839,1.3972
2.4844,1.3921
2.4850,1.3972
2.4855,1.3921
2.4861,1.4022
2.4866,1.3972
2.4871,1.3972
2.4877,1.3972
2.4882,1.3972
2.4888,1.3972
2.4893,1.3972
2.4899,1.3972
2.4904,1.4022
2.4910,1.3972
2.4915,1.3972
2.4920,1.4022
2.4926,1.4022
2.4931,1.3972
2.4937,1.3921
2.4942,1.3972
2.4947,1.3972
2.4953,1.3972
2.4958,1.3972
2.4964,1.3921
2.4969,1.3972
2.4974,1.4022
2.4980,1.3921
2.4985,1.3972
2.4991,1.3972
2.4996,1.4022
2.5001,1.4022
2.5007,1.3972
2.5012,1.3921
2.5018,1.3972
2.5023,1.3972
2.5028,1.4022
2.5034,1.3972
2.5039,1.3972
2.5045,1.3972
2.5050,1.3972
2.5055,1.3921
2.5061,1.3972
2.5066,1.3972
2.5072,1.3921
2.5077,1.3972
2.5082,1.3972
2.5088,1.3972
2.5093,1.3972
2.5099,1.3972
2.5104,1.4022
2.5109,1.3972
2.5115,1.3972
2.5120,1.3972
2.5126,1.3972
2.5131,1.3972
2.5137,1.3972
2.5142,1.4022
2.5147,1.3972
2.5153,1.3972
2.5158,1.3972
2.5164,1.3972
2.5169,1.4022
2.5174,1.3972
2.5180,1.3972
2.5185,1.3921
2.5191,1.3972
2.5196,1.3921
2.5201,1.3972
2.5207,1.3972
2.5212,1.3972
2.5218,1.3972
2.5223,1.4022
2.5228,1.3921
2.5234,1.3972
2.5239,1.3972
2.5245,1.3972
2.5250,1.3921
2.5255,1.3972
2.5261,1.3972
2.5266,1.3972
2.5272,1.3972
2.5277,1.3921
2.5282,1.3972
2.5288,1.3972
2.5293,1.3972
2.5299,1.3972
2.5304,1.3921
2.5309,1.3972
2.5315,1.3972
2.5320,1.3972
2.5326,1.3972
2.5331,1.3921
2.5336,1.3972
2.5342,1.3921
2.5348,1.3972
2.5354,1.3972
2.5359,1.3972
2.5365,1.4022
2.5371,1.3972
2.5377,1.3921
2.5382,1.4022
2.5388,1.3972
2.5393,1.3972
2.5399,1.3972
2.5404,1.3972
2.5410,1.3972
2.5415,1.3972
2.5421,1.3921
2.5426,1.3972
2.5432,1.3972
2.5437,1.3972
2.5443,1.3972
2.5448,1.3972
2.5453,1.3972
2.5459,1.3921
2.5464,1.3972
2.5470,1.3972
2.5475,1.3972
2.5481,1.3921
2.5486,1.3921
2.5492,1.3972
2.5497,1.3972
2.5503,1.3972
2.5509,1.3972
2.5515,1.3921
2.5521,1.3972
2.5526,1.3921
2.5539,1.3972
2.5545,1.3972
2.5551,1.3972
2.5556,1.3972
2.5567,1.3972
2.5573,1.3972
2.5578,1.3921
2.5585,1.3972
2.5592,1.3921
2.5597,1.3921
2.5603,1.3972
2.5608,1.3972
2.5614,1.3972
2.5619,1.4022
2.5625,1.4022
2.5630,1.3921
2.5636,1.3972
2.5641,1.3972
2.5647,1.3972
2.5652,1.3972
2.5657,1.3972
2.5663,1.3972
2.5668,1.3972
2.5674,1.3972
2.5679,1.3972
2.5685,1.3921
2.5691,1.3972
2.5696,1.3972
2.5701,1.3972
2.5707,1.4022
2.5712,1.3921
2.5718,1.3972
2.5723,1.3972
2.5729,1.3972
2.5734,1.3972
2.5740,1.3972
2.5745,1.3972
2.5751,1.3972
2.5756,1.3972
2.5762,1.3972
2.5767,1.3921
2.5773,1.3972
2.5778,1.3972
2.5783,1.3972
2.5789,1.3921
2.5794,1.3921
2.5800,1.3972
2.5805,1.3921
2.5811,1.3921
2.5816,1.3972
2.5822,1.3871
2.5827,1.3972
2.5833,1.3921
2.5838,1.3921
2.5844,1.3921
2.5849,1.3972
2.5855,1.3972
2.5860,1.3921
2.5865,1.3972
2.5871,1.3972
2.5876,1.3921
2.5882,1.3921
2.5887,1.3972
2.5893,1.3972
2.5898,1.3972
2.5904,1.3921
2.5909,1.3921
2.5915,1.3921
2.5920,1.3921
2.5926,1.3972
2.5931,1.3921
2.5937,1.3972
2.5942,1.3921
2.5948,1.3972
2.5953,1.3921
2.5959,1.3921
2.5964,1.3972
2.5970,1.3972
2.5975,1.3921
2.5980,1.3972
2.5986,1.3921
2.5991,1.3972
2.5997,1.3921
2.6002,1.3921
2.6008,1.3921
2.6014,1.3921
2.6019,1.3972
2.6024,1.3921
2.6030,1.3972
2.6035,1.3921
2.6041,1.3871
2.6046,1.3921
2.6052,1.3972
2.6057,1.3921
2.6063,1.3871
2.6068,1.3972
2.6074,1.3972
2.6079,1.3871
2.6084,1.3921
2.6090,1.3921
2.6095,1.3921
2.6101,1.3921
2.6106,1.3972
2.6112,1.3921
2.6117,1.3972
2.6123,1.3972
2.6128,1.3871
2.6134,1.3972
2.6139,1.3871
2.6145,1.3921
2.6150,1.3921
2.6155,1.3972
2.6161,1.3921
2.6166,1.3972
2.6172,1.3921
2.6177,1.3972
2.6183,1.3921
2.6188,1.3921
2.6194,1.3921
2.6199,1.3921
2.6205,1.3921
2.6210,1.3921
2.6216,1.3921
2.6221,1.3921
2.6226,1.3871
2.6232,1.3921
2.6237,1.3921
2.6243,1.3921
2.6248,1.3921
2.6254,1.3921
2.6259,1.3871
2.6265,1.3921
2.6270,1.3921
2.6276,1.3871
2.6281,1.3921
2.6287,1.3921
2.6293,1.3921
2.6298,1.3921
2.6303,1.3921
2.6309,1.3921
2.6314,1.3972
2.6320,1.3921
2.6325,1.3921
2.6331,1.3972
2.6336,1.3921
2.6342,1.3972
2.6347,1.3921
2.6353,1.3921
2.6358,1.3921
2.6364,1.3921
2.6369,1.3921
2.6375,1.3972
2.6380,1.3921
2.6386,1.3921
2.6391,1.3921
2.6397,1.3921
2.6402,1.3921
2.6408,1.3921
2.6414,1.3921
2.6419,1.3921
2.6425,1.3921
2.6430,1.3921
2.6436,1.3921
2.6441,1.3921
2.6447,1.3921
2.6452,1.3921
2.6458,1.3921
2.6463,1.3921
2.6469,1.3921
2.6474,1.3972
2.6480,1.3921
2.6485,1.3921
2.6491,1.3921
2.6496,1.3921
2.6502,1.3921
2.6508,1.3921
2.6513,1.3921
2.6519,1.3921
2.6524,1.3921
2.6530,1.3871
2.6535,1.3921
2.6541,1.3921
2.6546,1.3921
2.6552,1.3871
2.6557,1.3921
2.6563,1.3921
2.6568,1.3921
2.6574,1.3871
2.6579,1.3921
2.6585,1.3921
2.6590,1.3921
2.6596,1.3921
2.6601,1.3871
2.6607,1.3921
2.6612,1.3821
2.6618,1.3921
2.6623,1.3921
2.6629,1.3921
2.6634,1.3921
2.6640,1.3921
2.6645,1.3921
2.6651,1.3921
2.6656,1.3921
2.6662,1.3871
2.6667,1.3871
2.6672,1.3871
2.6678,1.3871
2.6683,1.3921
2.6689,1.3871
2.6694,1.3921
2.6700,1.3921
2.6705,1.3871
2.6711,1.3921
2.6716,1.3871
2.6722,1.3921
2.6727,1.3921
2.6733,1.3921
2.6738,1.3921
2.6744,1.3921
2.6749,1.3921
2.6755,1.3871
2.6760,1.3871
2.6766,1.3871
2.6771,1.3871
2.6777,1.3871
2.6782,1.3871
2.6788,1.3871
2.6793,1.3921
2.6799,1.3871
2.6804,1.3921
2.6810,1.3871
2.6815,1.3871
2.6821,1.3871
2.6826,1.3871
2.6832,1.3821
2.6837,1.3871
2.6843,1.3921
2.6848,1.3921
2.6854,1.3921
2.6859,1.3871
2.6865,1.3921
2.6870,1.3871
2.6876,1.3921
2.6881,1.3921
2.6887,1.3921
2.6892,1.3921
2.6898,1.3921
2.6903,1.3921
2.6909,1.3921
2.6914,1.3871
2.6920,1.3871
2.6925,1.3871
2.6931,1.3921
2.6936,1.3871
2.6942,1.3921
2.6947,1.3921
2.6953,1.3871
2.6958,1.3871
2.6964,1.3871
2.6969,1.3871
2.6975,1.3921
2.6980,1.3871
2.6986,1.3871
2.6991,1.3921
2.6997,1.3871
2.7002,1.3871
2.7008,1.3821
2.7014,1.3921
2.7019,1.3921
2.7025,1.3871
2.7030,1.3871
2.7035,1.3921
2.7041,1.3821
2.7046,1.3871
2.7052,1.3871
2.7057,1.3871
2.7063,1.3871
2.7068,1.3871
2.7074,1.3921
2.7079,1.3821
2.7085,1.3871
2.7091,1.3821
2.7096,1.3871
2.7102,1.3871
2.7107,1.3871
2.7113,1.3921
2.7118,1.3871
2.7124,1.3871
2.7129,1.3871
2.7135,1.3921
2.7140,1.3821
2.7146,1.3871
2.7151,1.3871
2.7157,1.3921
2.7162,1.3871
2.7168,1.3921
2.7173,1.3921
2.7179,1.3871
2.7184,1.3871
2.7190,1.3871
2.7195,1.3871
2.7201,1.3921
2.7206,1.3871
2.7212,1.3871
2.7217,1.3871
2.7223,1.3821
2.7228,1.3921
2.7234,1.3871
2.7239,1.3871
2.7245,1.3821
2.7250,1.3871
2.7256,1.3921
2.7261,1.3921
2.7269,1.3871
2.7274,1.3871
2.7280,1.3921
2.7285,1.3921
2.7290,1.3821
2.7296,1.3871
2.7301,1.3871
2.7307,1.3871
2.7312,1.3871
2.7318,1.3921
2.7323,1.3871
2.7329,1.3821
2.7334,1.3871
2.7340,1.3821
2.7345,1.3871
2.7351,1.3871
2.7356,1.3871
2.7361,1.3921
2.7367,1.3921
2.7372,1.3821
2.7378,1.3871
2.7383,1.3821
2.7389,1.3871
2.7394,1.3871
2.7400,1.3871
2.7405,1.3871
2.7411,1.3871
2.7416,1.3871
2.7422,1.3821
2.7427,1.3871
2.7432,1.3871
2.7438,1.3871
2.7443,1.3871
2.7449,1.3921
2.7454,1.3871
2.7460,1.3821
2.7465,1.3871
2.7471,1.3871
2.7476,1.3821
2.7482,1.3871
2.7487,1.3871
2.7492,1.3871
2.7498,1.3871
2.7504,1.3871
2.7509,1.3821
2.7515,1.3871
2.7520,1.3871
2.7526,1.3871
2.7531,1.3821
2.7536,1.3871
2.7542,1.3871
2.7547,1.3821
2.7553,1.3871
2.7558,1.3821
2.7564,1.3871
2.7569,1.3821
2.7575,1.3871
2.7580,1.3821
2.7586,1.3871
2.7591,1.3871
2.7596,1.3821
2.7602,1.3871
2.7607,1.3821
2.7613,1.3871
2.7619,1.3821
2.7624,1.3871
2.7630,1.3921
2.7635,1.3871
2.7641,1.3871
2.7646,1.3871
2.7652,1.3871
2.7657,1.3871
2.7663,1.3871
2.7668,1.3871
2.7674,1.3871
2.7679,1.3871
2.7685,1.3871
2.7691,1.3871
2.7696,1.3871
2.7702,1.3821
2.7707,1.3871
2.7713,1.3871
2.7718,1.3821
2.7724,1.3821
2.7729,1.3821
2.7735,1.3871
2.7740,1.3871
2.7746,1.3921
2.7751,1.3821
2.7757,1.3871
2.7762,1.3871
2.7768,1.3821
2.7773,1.3871
2.7779,1.3821
2.7784,1.3871
2.7790,1.3871
2.7795,1.3770
2.7801,1.3821
2.7806,1.3821
2.7812,1.3871
2.7817,1.3871
2.7823,1.3821
2.7828,1.3871
2.7834,1.3821
2.7839,1.3871
2.7845,1.3871
2.7850,1.3871
2.7856,1.3821
2.7861,1.3871
2.7867,1.3871
2.7872,1.3821
2.7878,1.3871
2.7883,1.3871
2.7889,1.3821
2.7894,1.3871
2.7900,1.3821
2.7905,1.3871
2.7911,1.3871
2.7916,1.3871
2.7922,1.3871
2.7927,1.3821
2.7933,1.3821
2.7938,1.3871
2.7944,1.3871
2.7949,1.3871
2.7955,1.3871
2.7960,1.3871
2.7966,1.3871
2.7971,1.3871
2.7977,1.3821
2.7982,1.3871
2.7988,1.3871
2.7993,1.3821
2.7999,1.3871
2.8004,1.3871
2.8010,1.3871
2.8015,1.3871
2.8021,1.3871
2.8026,1.3821
2.8032,1.3821
2.8037,1.3871
2.8043,1.3871
2.8048,1.3821
2.8054,1.3821
2.8059,1.3871
2.8065,1.3821
2.8070,1.3871
2.8075,1.3871
2.8081,1.3871
2.8086,1.3821
2.8092,1.3821
2.8097,1.3871
2.8103,1.3821
2.8109,1.3821
2.8114,1.3871
2.8120,1.3871
2.8125,1.3871
2.8131,1.3871
2.8136,1.3821
2.8142,1.3871
2.8147,1.3871
2.8153,1.3821
2.8158,1.3871
2.8164,1.3871
2.8169,1.3821
2.8175,1.3871
2.8180,1.3871
2.8186,1.3821
2.8191,1.3871
2.8197,1.3871
2.8202,1.3821
2.8208,1.3871
2.8213,1.3871
2.8219,1.3821
2.8224,1.3871
2.8230,1.3871
2.8235,1.3871
2.8241,1.3821
2.8246,1.3821
2.8252,1.3821
2.8257,1.3821
2.8263,1.3871
2.8268,1.3821
2.8274,1.3871
2.8279,1.3871
2.8285,1.3871
2.8290,1.3871
2.8296,1.3871
2.8301,1.3821
2.8307,1.3871
2.8312,1.3871
2.8318,1.3821
2.8323,1.3821
2.8329,1.3871
2.8334,1.3871
2.8340,1.3871
2.8345,1.3871
2.8351,1.3821
2.8356,1.3871
2.8362,1.3871
2.8367,1.3821
2.8373,1.3871
2.8378,1.3770
2.8384,1.3871
2.8389,1.3871
2.8395,1.3821
2.8400,1.3770
2.8406,1.3821
2.8411,1.3871
2.8417,1.3921
2.8422,1.3871
2.8428,1.3871
2.8433,1.3871
2.8439,1.3871
2.8444,1.3821
2.8450,1.3871
2.8455,1.3871
2.8461,1.3821
2.8466,1.3821
2.8472,1.3871
2.8477,1.3871
2.8483,1.3871
2.8488,1.3821
2.8494,1.3821
2.8499,1.3871
2.8505,1.3821
2.8510,1.3821
2.8516,1.3871
2.8521,1.3871
2.8527,1.3821
2.8532,1.3871
2.8538,1.3821
2.8543,1.3871
2.8549,1.3821
2.8554,1.3821
2.8560,1.3871
2.8565,1.3871
2.8571,1.3821
2.8576,1.3871
2.8582,1.3821
2.8587,1.3821
2.8593,1.3871
2.8598,1.3871
2.8604,1.3871
2.8609,1.3871
2.8615,1.3821
2.8620,1.3871
2.8626,1.3871
2.8631,1.3821
2.8637,1.3871
2.8642,1.3871
2.8648,1.3821
2.8653,1.3871
2.8659,1.3821
2.8664,1.3871
2.8670,1.3821
2.8675,1.3821
2.8681,1.3821
2.8686,1.3821
2.8692,1.3821
2.8697,1.3871
2.8703,1.3821
2.8708,1.3871
2.8714,1.3871
2.8719,1.3821
2.8725,1.3871
2.8730,1.3821
2.8736,1.3821
2.8741,1.3871
2.8747,1.3871
2.8752,1.3821
2.8758,1.3821
2.8763,1.3821
2.8769,1.3821
2.8774,1.3821
2.8780,1.3821
2.8785,1.3821
2.8791,1.3871
2.8796,1.3821
2.8802,1.3871
2.8807,1.3770
2.8813,1.3821
2.8818,1.3821
2.8824,1.3821
2.8829,1.3821
2.8835,1.3821
2.8840,1.3821
2.8846,1.3821
2.8851,1.3821
2.8857,1.3821
2.8862,1.3821
2.8868,1.3871
2.8873,1.3871
2.8879,1.3871
2.8884,1.3821
2.8890,1.3821
2.8895,1.3821
2.8901,1.3871
2.8906,1.3871
2.8912,1.3770
2.8917,1.3871
2.8923,1.3871
2.8928,1.3871
2.8934,1.3871
2.8939,1.3821
2.8945,1.3871
2.8950,1.3821
2.8955,1.3871
2.8961,1.3821
2.8966,1.3871
2.8972,1.3821
2.8977,1.3821
2.8983,1.3821
2.8988,1.3821
2.8994,1.3871
2.8999,1.3871
2.9005,1.3821
2.9010,1.3871
2.9016,1.3821
2.9021,1.3871
2.9027,1.3871
2.9032,1.3871
2.9038,1.3821
2.9043,1.3821
2.9049,1.3821
2.9054,1.3821
2.9060,1.3821
2.9066,1.3821
2.9071,1.3821
2.9077,1.3871
2.9082,1.3821
2.9088,1.3871
2.9093,1.3821
2.9099,1.3871
2.9104,1.3821
2.9110,1.3871
2.9115,1.3871
2.9121,1.3871
2.9126,1.3821
2.9132,1.3871
2.9137,1.3821
2.9143,1.3821
2.9148,1.3871
2.9154,1.3821
2.9159,1.3821
2.9165,1.3821
2.9170,1.3821
2.9176,1.3871
2.9181,1.3821
2.9187,1.3821
2.9192,1.3871
2.9198,1.3821
2.9203,1.3821
2.9209,1.3871
2.9214,1.3821
2.9220,1.3871
2.9225,1.3821
2.9231,1.3871
2.9236,1.3821
2.9242,1.3821
2.9247,1.3871
2.9254,1.3770
2.9259,1.3821
2.9267,1.3821
2.9272,1.3821
2.9278,1.3821
2.9283,1.3821
2.9288,1.3821
2.9294,1.3821
2.9299,1.3821
2.9305,1.3871
2.9310,1.3821
2.9316,1.3821
2.9321,1.3821
2.9327,1.3821
2.9332,1.3821
2.9338,1.3821
2.9343,1.3821
2.9349,1.3821
2.9354,1.3871
2.9359,1.3821
2.9365,1.3871
2.9370,1.3821
2.9376,1.3871
2.9381,1.3821
2.9387,1.3821
2.9392,1.3871
2.9398,1.3821
2.9403,1.3871
2.9409,1.3821
2.9414,1.3821
2.9419,1.3770
2.9425,1.3871
2.9430,1.3770
2.9436,1.3871
2.9441,1.3821
2.9447,1.3871
2.9453,1.3821
2.9458,1.3871
2.9499,1.3871
2.9508,1.3871
2.9515,1.3821
2.9521,1.3871
2.9526,1.3821
2.9532,1.3821
2.9538,1.3770
2.9544,1.3871
2.9549,1.3770
2.9555,1.3770
2.9561,1.3871
2.9567,1.3821
2.9575,1.3871
2.9581,1.3871
2.9586,1.3770
2.9591,1.3821
2.9597,1.3871
2.9602,1.3871
2.9608,1.3871
2.9614,1.3821
2.9619,1.3871
2.9624,1.3821
2.9630,1.3871
2.9635,1.3871
2.9641,1.3871
2.9646,1.3871
2.9652,1.3871
2.9657,1.3871
2.9662,1.3871
2.9668,1.3921
2.9673,1.3871
2.9679,1.3871
2.9685,1.3871
2.9690,1.3871
2.9696,1.3871
2.9701,1.3871
2.9707,1.3821
2.9712,1.3921
2.9718,1.3871
2.9723,1.3821
2.9728,1.3871
2.9734,1.3821
2.9739,1.3871
2.9745,1.3871
2.9750,1.3871
2.9756,1.3921
2.9761,1.3871
2.9766,1.3871
2.9772,1.3871
2.9777,1.3871
2.9783,1.3871
2.9788,1.3871
2.9794,1.3871
2.9799,1.3871
2.9804,1.3921
2.9810,1.3871
2.9815,1.3871
2.9821,1.3921
2.9826,1.3871
2.9832,1.3921
2.9837,1.3871
2.9843,1.3871
2.9848,1.3921
2.9854,1.3921
2.9859,1.3921
2.9865,1.3921
2.9870,1.3921
2.9876,1.3921
2.9881,1.3871
2.9886,1.3921
2.9892,1.3972
2.9897,1.3921
2.9903,1.3972
2.9908,1.3921
2.9914,1.3871
2.9919,1.3871
2.9924,1.3921
2.9930,1.3921
2.9935,1.3972
2.9941,1.3972
2.9946,1.3921
2.9952,1.3921
2.9957,1.3921
2.9962,1.3921
2.9968,1.3972
2.9973,1.3921
2.9979,1.3972
2.9984,1.3921
2.9990,1.3921
2.9995,1.3972
3.0000,1.3921
3.0006,1.3972
3.0011,1.3972
3.0017,1.3972
3.0022,1.3972
3.0028,1.3972
3.0033,1.3972
3.0039,1.3972
3.0044,1.3972
3.0049,1.3972
3.0055,1.3972
3.0060,1.3921
3.0066,1.3972
3.0071,1.3972
3.0077,1.4022
3.0082,1.3972
3.0087,1.4022
3.0093,1.3972
3.0098,1.3972
3.0104,1.4022
3.0109,1.3972
3.0115,1.4022
3.0120,1.3972
3.0125,1.3972
3.0131,1.4022
3.0136,1.4022
3.0142,1.4022
3.0147,1.3921
3.0153,1.4022
3.0158,1.3972
3.0163,1.3972
3.0169,1.4022
3.0174,1.4022
3.0180,1.4022
3.0185,1.3972
3.0191,1.4022
3.0196,1.4022
3.0201,1.3972
3.0207,1.3972
3.0212,1.4022
3.0218,1.4073
3.0223,1.4022
3.0229,1.4022
3.0234,1.4022
3.0239,1.4022
3.0245,1.4022
3.0250,1.4022
3.0256,1.4022
3.0261,1.4022
3.0267,1.4022
3.0272,1.4022
3.0277,1.3972
3.0283,1.4022
3.0288,1.4022
3.0294,1.4022
3.0299,1.4073
3.0305,1.4022
3.0310,1.3972
3.0316,1.4022
3.0321,1.4022
3.0326,1.4073
3.0332,1.3972
3.0338,1.4022
3.0344,1.3972
3.0350,1.4022
3.0355,1.4073
3.0361,1.4022
3.0367,1.4022
3.0373,1.4022
3.0379,1.4022
3.0385,1.4022
3.0390,1.4022
3.0396,1.4022
3.0401,1.4022
3.0407,1.4022
3.0413,1.4022
3.0419,1.4073
3.0424,1.4022
3.0430,1.4022
3.0435,1.3972
3.0441,1.4022
3.0446,1.3972
3.0452,1.4022
3.0457,1.4022
3.0463,1.4073
3.0468,1.4022
3.0474,1.4022
3.0479,1.4022
3.0485,1.4073
3.0490,1.4022
3.0496,1.4022
3.0501,1.4073
3.0507,1.4073
3.0513,1.4022
3.0521,1.4022
3.0528,1.4022
3.0534,1.4073
3.0540,1.4022
3.0545,1.4073
3.0551,1.4022
3.0557,1.4073
3.0563,1.4022
3.0569,1.4073
3.0575,1.4022
3.0580,1.4022
3.0586,1.4022
3.0591,1.4073
3.0597,1.4022
3.0602,1.4073
3.0607,1.4022
3.0613,1.4073
3.0619,1.4022
3.0624,1.4073
3.0630,1.4073
3.0635,1.4022
3.0640,1.4022
3.0646,1.4073
3.0651,1.4073
3.0657,1.4022
3.0662,1.4073
3.0667,1.4073
3.0673,1.4073
3.0678,1.4073
3.0684,1.4073
3.0689,1.4022
3.0695,1.4022
3.0700,1.4022
3.0706,1.4073
3.0711,1.4073
3.0717,1.4073
3.0722,1.4073
3.0727,1.4073
3.0733,1.4073
3.0738,1.4073
3.0744,1.4073
3.0749,1.4073
3.0754,1.4022
3.0760,1.4022
3.0765,1.4073
3.0771,1.4073
3.0776,1.4073
3.0781,1.4073
3.0787,1.4022
3.0792,1.4073
3.0798,1.4073
3.0803,1.4073
3.0808,1.4073
3.0814,1.4073
3.0819,1.4022
3.0825,1.4073
3.0830,1.4022
3.0835,1.4073
3.0841,1.4022
3.0846,1.4073
3.0852,1.4073
3.0857,1.4022
3.0862,1.4073
3.0868,1.4022
3.0873,1.4073
3.0879,1.4022
3.0884,1.4073
3.0889,1.4073
3.0895,1.4022
3.0900,1.4073
3.0906,1.4073
3.0911,1.4073
3.0917,1.4073
3.0922,1.4073
3.0927,1.4022
3.0933,1.4073
3.0938,1.4073
3.0944,1.4073
3.0949,1.4022
3.0954,1.4073
3.0960,1.4022
3.0965,1.4073
3.0971,1.4073
3.0976,1.4022
3.0981,1.4073
3.0987,1.4022
3.0992,1.4073
3.0998,1.4073
3.1003,1.4073
3.1009,1.4022
3.1014,1.4073
3.1019,1.4022
3.1025,1.4022
3.1030,1.4073
3.1036,1.4073
3.1041,1.4022
3.1046,1.4022
3.1052,1.4073
3.1057,1.4073
3.1063,1.4073
3.1068,1.4022
3.1073,1.4073
3.1079,1.4073
3.1084,1.4073
3.1090,1.4022
3.1095,1.4073
3.1100,1.4073
3.1106,1.4073
3.1111,1.4022
3.1117,1.4073
3.1122,1.4022
3.1128,1.4073
3.1133,1.4073
3.1138,1.3972
3.1144,1.4022
3.1149,1.4073
3.1155,1.4022
3.1160,1.4073
3.1165,1.4022
3.1171,1.4073
3.1176,1.4022
3.1182,1.4073
3.1187,1.4073
3.1193,1.4073
3.1198,1.4022
3.1203,1.4022
3.1209,1.4022
3.1215,1.3972
3.1221,1.4022
3.1227,1.4073
3.1232,1.4022
3.1237,1.4073
3.1243,1.4073
3.1248,1.4022
3.1254,1.4022
3.1259,1.4073
3.1265,1.4073
3.1270,1.4022
3.1275,1.4022
3.1281,1.4022
3.1286,1.4022
3.1292,1.4022
3.1297,1.4073
3.1302,1.4073
3.1308,1.4073
3.1313,1.4022
3.1319,1.4073
3.1324,1.4022
3.1330,1.4073
3.1335,1.3972
3.1340,1.4022
3.1346,1.4073
3.1351,1.4022
3.1357,1.4073
3.1362,1.4022
3.1367,1.4022
3.1373,1.4022
3.1378,1.4073
3.1384,1.4022
3.1389,1.4022
3.1394,1.4073
3.1400,1.4073
3.1405,1.4073
3.1411,1.4022
3.1416,1.4022
3.1422,1.4022
3.1427,1.3972
3.1432,1.4022
3.1438,1.4022
3.1443,1.4022
3.1449,1.4073
3.1454,1.4022
3.1459,1.4022
3.1465,1.4022
3.1470,1.4022
3.1475,1.4073
3.1481,1.4022
3.1486,1.4073
3.1492,1.4022
3.1497,1.4022
3.1503,1.4022
3.1508,1.4073
3.1513,1.4022
3.1519,1.4073
3.1525,1.4073
3.1531,1.4073
3.1536,1.4022
3.1542,1.4022
3.1547,1.4073
3.1553,1.4022
3.1558,1.4022
3.1564,1.4022
3.1569,1.4073
3.1574,1.4022
3.1580,1.4022
3.1585,1.4022
3.1591,1.4022
3.1596,1.4073
3.1602,1.4022
3.1607,1.4073
3.1613,1.3972
3.1618,1.4022
3.1624,1.4022
3.1629,1.4022
3.1635,1.4022
3.1640,1.4073
3.1646,1.4022
3.1651,1.4022
3.1657,1.4022
3.1662,1.4022
3.1668,1.4022
3.1673,1.4022
3.1679,1.4022
3.1684,1.4022
3.1690,1.4022
3.1695,1.4022
3.1701,1.4022
3.1706,1.3972
3.1712,1.4022
3.1717,1.4073
3.1723,1.4022
3.1728,1.4022
3.1734,1.4022
3.1739,1.4022
3.1745,1.4022
3.1750,1.4022
3.1756,1.4022
3.1761,1.4022
3.1767,1.4022
3.1772,1.4022
3.1778,1.4022
3.1783,1.4022
3.1789,1.4022
3.1794,1.4022
3.1800,1.4022
3.1805,1.3972
3.1811,1.4022
3.1816,1.4022
3.1822,1.3972
3.1827,1.4022
3.1833,1.4073
3.1838,1.4022
3.1843,1.4022
3.1849,1.4022
3.1854,1.4022
3.1860,1.4022
3.1865,1.3972
3.1871,1.3921
3.1876,1.3972
3.1882,1.4022
3.1887,1.3972
3.1893,1.4022
3.1898,1.4022
3.1904,1.4022
3.1909,1.4022
3.1915,1.4022
3.1921,1.4022
3.1926,1.4022
3.1932,1.4022
3.1937,1.4022
3.1943,1.4022
3.1948,1.4022
3.1954,1.3972
3.1959,1.3972
3.1965,1.4022
3.1970,1.4022
3.1976,1.4022
3.1981,1.3972
3.1987,1.3972
3.1992,1.4022
3.1998,1.3972
3.2003,1.4022
3.2009,1.4073
3.2014,1.4073
3.2020,1.3972
3.2025,1.3972
3.2031,1.4022
3.2036,1.4022
3.2042,1.4022
3.2047,1.4022
3.2053,1.4022
3.2058,1.3972
3.2064,1.3972
3.2069,1.4022
3.2075,1.3972
3.2080,1.3921
3.2086,1.3972
3.2091,1.4022
3.2097,1.3972
3.2102,1.3972
3.2108,1.3972
3.2113,1.3972
3.2119,1.3921
3.2124,1.3972
3.2130,1.3972
3.2135,1.3972
3.2141,1.3972
3.2146,1.3972
3.2152,1.4022
3.2157,1.3972
3.2163,1.3972
3.2168,1.4022
3.2174,1.3972
3.2179,1.3972
3.2185,1.3972
3.2190,1.4022
3.2196,1.3972
3.2201,1.3972
3.2207,1.3972
3.2212,1.3921
3.2218,1.4022
3.2223,1.4022
3.2229,1.3972
3.2234,1.3972
3.2240,1.4022
3.2245,1.3972
3.2251,1.3972
3.2256,1.3972
3.2262,1.4022
3.2267,1.3972
3.2273,1.3921
3.2278,1.3972
3.2284,1.3972
3.2289,1.3972
3.2295,1.3972
3.2300,1.3972
3.2306,1.3972
3.2311,1.3972
3.2317,1.3972
3.2322,1.3972
3.2328,1.4022
3.2333,1.3921
3.2339,1.3972
3.2344,1.4022
3.2350,1.3972
3.2355,1.3921
3.2361,1.3972
3.2366,1.3921
3.2372,1.3972
3.2377,1.3972
3.2383,1.3972
3.2388,1.4022
3.2394,1.3972
3.2399,1.3972
3.2405,1.3921
3.2410,1.3972
3.2416,1.3972
3.2421,1.4022
3.2427,1.3921
3.2432,1.3972
3.2438,1.3972
3.2443,1.3972
3.2449,1.4022
3.2454,1.3972
3.2460,1.3972
3.2465,1.3972
3.2471,1.3972
3.2476,1.3972
3.2482,1.3972
3.2487,1.4022
3.2493,1.3921
3.2498,1.3972
3.2504,1.3972
3.2509,1.3921
3.2515,1.3972
3.2520,1.3972
3.2526,1.3972
3.2531,1.3921
3.2537,1.3972
3.2542,1.3972
3.2548,1.3972
3.2553,1.3972
3.2559,1.3972
3.2564,1.3972
3.2570,1.3972
3.2575,1.3972
3.2581,1.3972
3.2586,1.3921
3.2592,1.3972
3.2597,1.4022
3.2603,1.3972
3.2608,1.3972
3.2614,1.3972
3.2620,1.3972
3.2625,1.3972
3.2631,1.3972
3.2636,1.3972
3.2642,1.3972
3.2647,1.3921
3.2653,1.3972
3.2658,1.3921
3.2664,1.3972
3.2669,1.3972
3.2675,1.3972
3.2680,1.3972
3.2686,1.3972
3.2691,1.3972
3.2697,1.3972
3.2702,1.3972
3.2708,1.3972
3.2714,1.3972
3.2719,1.3972
3.2725,1.3972
3.2730,1.3972
3.2736,1.3921
3.2741,1.3921
3.2747,1.3972
3.2752,1.3972
3.2758,1.3972
3.2763,1.3921
3.2769,1.3972
3.2774,1.3972
3.2780,1.3921
3.2785,1.3921
3.2791,1.3972
3.2796,1.3972
3.2802,1.3972
3.2807,1.3921
3.2813,1.3972
3.2819,1.3921
3.2824,1.3972
3.2830,1.3921
3.2835,1.3972
3.2841,1.3972
3.2846,1.3972
3.2852,1.3921
3.2857,1.3972
3.2863,1.3921
3.2868,1.3921
3.2874,1.3972
3.2879,1.3972
3.2885,1.3972
3.2890,1.3972
3.2896,1.3921
3.2901,1.3972
3.2907,1.3972
3.2912,1.3972
3.2918,1.3972
3.2923,1.3972
3.2929,1.3972
3.2934,1.3972
3.2940,1.3921
3.2945,1.3972
3.2951,1.3972
3.2956,1.3921
3.2962,1.4022
3.2967,1.3972
3.2973,1.3921
3.2978,1.3921
3.2984,1.3972
3.2989,1.3972
3.2995,1.3972
3.3000,1.3972
3.3006,1.3972
3.3011,1.3972
3.3017,1.3921
3.3022,1.3972
3.3028,1.3972
3.3033,1.3972
3.3039,1.3972
3.3044,1.3921
3.3050,1.3972
3.3055,1.3972
3.3061,1.3972
3.3066,1.3921
3.3072,1.3921
3.3077,1.3972
3.3083,1.4022
3.3088,1.3972
3.3094,1.3972
3.3099,1.3972
3.3105,1.4022
3.3110,1.3972
3.3116,1.3972
3.3121,1.3972
3.3127,1.3972
3.3132,1.3972
3.3138,1.3972
3.3143,1.3972
3.3149,1.3972
3.3154,1.3921
3.3160,1.3921
3.3165,1.3972
3.3171,1.3972
3.3176,1.4022
3.3182,1.3972
3.3187,1.3972
3.3193,1.3972
3.3198,1.3972
3.3204,1.3972
3.3209,1.3921
3.3215,1.3972
3.3220,1.3972
3.3226,1.3972
3.3231,1.3972
3.3237,1.3972
3.3242,1.3972
3.3248,1.3972
3.3253,1.3972
3.3259,1.3972
3.3264,1.3972
3.3270,1.3921
3.3275,1.3972
3.3281,1.3972
3.3286,1.3972
3.3292,1.3921
3.3297,1.3921
3.3303,1.3972
3.3309,1.3972
3.3314,1.3921
3.3320,1.3972
3.3325,1.3972
3.3331,1.3972
3.3336,1.3921
3.3342,1.3972
3.3347,1.3921
3.3353,1.3972
3.3358,1.3972
3.3364,1.3972
3.3369,1.3972
3.3375,1.3921
3.3380,1.3871
3.3386,1.3921
3.3391,1.3972
3.3397,1.3972
3.3402,1.3972
3.3408,1.3921
3.3413,1.3972
3.3419,1.3921
3.3424,1.3972
3.3430,1.3921
3.3435,1.3972
3.3441,1.3972
3.3446,1.3921
3.3452,1.3921
3.3457,1.3972
3.3463,1.3972
3.3468,1.3972
3.3474,1.3921
3.3479,1.3972
3.3485,1.3972
3.3490,1.3972
3.3496,1.3972
3.3501,1.3921
3.3507,1.3972
3.3512,1.3972
3.3518,1.3921
3.3523,1.3921
3.3529,1.3972
3.3534,1.3972
3.3540,1.3972
3.3546,1.3921
3.3551,1.3972
3.3557,1.3972
3.3562,1.3921
3.3568,1.3921
3.3573,1.3921
3.3578,1.3921
3.3584,1.3921
3.3589,1.3972
3.3595,1.3972
3.3600,1.3972
3.3606,1.3972
3.3611,1.3972
3.3617,1.3972
3.3622,1.3921
3.3628,1.3921
3.3633,1.3921
3.3639,1.3972
3.3644,1.3921
3.3650,1.3972
3.3655,1.3921
3.3661,1.3921
3.3666,1.3972
3.3672,1.3921
3.3677,1.3972
3.3683,1.3972
3.3688,1.3921
3.3694,1.3921
3.3699,1.3921
3.3705,1.3921
3.3710,1.3921
3.3716,1.3972
3.3721,1.3921
3.3727,1.3921
3.3732,1.3921
3.3738,1.3972
3.3743,1.3972
3.3749,1.3921
3.3754,1.3972
3.3760,1.3972
3.3765,1.3921
3.3771,1.3972
3.3776,1.3871
3.3782,1.3921
3.3787,1.3921
3.3793,1.3921
3.3798,1.3921
3.3804,1.3921
3.3809,1.3972
3.3815,1.3921
3.3820,1.3972
3.3826,1.3921
3.3831,1.3921
3.3837,1.3921
3.3842,1.3921
3.3848,1.3972
3.3853,1.3921
3.3859,1.3921
3.3864,1.3972
3.3870,1.3871
3.3875,1.3921
3.3881,1.3921
3.3886,1.3921
3.3892,1.3871
3.3897,1.3921
3.3903,1.3921
3.3908,1.3921
3.3914,1.3921
3.3919,1.3921
3.3925,1.3921
3.3930,1.3921
3.3936,1.3921
3.3941,1.3921
3.3947,1.3921
3.3952,1.3972
3.3958,1.3921
3.3963,1.3871
3.3969,1.3921
3.3974,1.3921
3.3980,1.3921
3.3985,1.3921
3.3991,1.3921
3.3996,1.3921
3.4002,1.3921
3.4007,1.3972
3.4013,1.3921
3.4018,1.3921
3.4024,1.3871
3.4029,1.3972
3.4035,1.3921
3.4040,1.3921
3.4046,1.3921
3.4051,1.3871
3.4057,1.3871
3.4062,1.3921
3.4068,1.3921
3.4073,1.3871
3.4079,1.3921
3.4084,1.3871
3.4090,1.3921
3.4095,1.3921
3.4101,1.3871
3.4106,1.3871
3.4112,1.3921
3.4117,1.3972
3.4123,1.3972
3.4128,1.3921
3.4134,1.3921
3.4139,1.3871
3.4145,1.3921
3.4150,1.3871
3.4156,1.3871
3.4161,1.3921
3.4167,1.3921
3.4172,1.3921
3.4178,1.3921
3.4183,1.3921
3.4189,1.3921
3.4194,1.3921
3.4200,1.3921
3.4205,1.3921
3.4211,1.3921
3.4216,1.3871
3.4222,1.3871
3.4227,1.3871
3.4233,1.3921
3.4238,1.3921
3.4244,1.3921
3.4249,1.3871
3.4255,1.3871
3.4260,1.3871
3.4266,1.3871
3.4271,1.3921
3.4277,1.3871
3.4282,1.3871
3.4288,1.3871
3.4293,1.3921
3.4299,1.3921
3.4304,1.3871
3.4310,1.3921
3.4315,1.3921
3.4321,1.3921
3.4326,1.3921
3.4332,1.3921
3.4337,1.3921
3.4343,1.3921
3.4348,1.3871
3.4354,1.3921
3.4359,1.3871
3.4365,1.3921
3.4370,1.3871
3.4376,1.3871
3.4381,1.3871
3.4387,1.3871
3.4392,1.3921
3.4398,1.3871
3.4403,1.3921
3.4409,1.3921
3.4414,1.3871
3.4420,1.3871
3.4425,1.3821
3.4431,1.3871
3.4436,1.3921
3.4442,1.3921
3.4447,1.3921
3.4453,1.3921
3.4458,1.3921
3.4464,1.3871
3.4469,1.3921
3.4475,1.3871
3.4480,1.3871
3.4485,1.3871
3.4491,1.3871
3.4496,1.3871
3.4502,1.3921
3.4508,1.3871
3.4513,1.3921
3.4519,1.3871
3.4524,1.3921
3.4530,1.3921
3.4535,1.3921
3.4541,1.3921
3.4547,1.3871
3.4552,1.3921
3.4558,1.3871
3.4563,1.3871
3.4569,1.3871
3.4574,1.3871
3.4580,1.3921
3.4585,1.3871
3.4591,1.3921
3.4596,1.3871
3.4602,1.3921
3.4607,1.3871
3.4613,1.3921
3.4618,1.3921
3.4624,1.3871
3.4629,1.3871
3.4635,1.3871
3.4640,1.3871
3.4646,1.3871
3.4651,1.3921
3.4657,1.3871
3.4662,1.3871
3.4668,1.3921
3.4673,1.3871
3.4679,1.3921
3.4684,1.3871
3.4690,1.3871
3.4695,1.3871
3.4700,1.3921
3.4706,1.3871
3.4712,1.3871
3.4717,1.3871
3.4723,1.3871
3.4728,1.3871
3.4734,1.3871
3.4739,1.3871
3.4745,1.3871
3.4750,1.3871
3.4756,1.3921
3.4761,1.3921
3.4767,1.3871
3.4772,1.3921
3.4778,1.3871
3.4783,1.3871
3.4789,1.3921
3.4794,1.3921
3.4800,1.3871
3.4805,1.3821
3.4811,1.3871
3.4816,1.3871
3.4822,1.3921
3.4827,1.3871
3.4833,1.3871
3.4838,1.3871
3.4844,1.3871
3.4849,1.3921
3.4855,1.3871
3.4860,1.3871
3.4866,1.3871
3.4871,1.3871
3.4877,1.3821
3.4882,1.3871
3.4888,1.3821
3.4893,1.3871
3.4899,1.3871
3.4904,1.3871
3.4910,1.3871
3.4915,1.3871
3.4921,1.3871
3.4926,1.3871
3.4932,1.3921
3.4937,1.3871
3.4943,1.3821
3.4948,1.3871
3.4954,1.3821
3.4959,1.3871
3.4965,1.3871
3.4970,1.3871
3.4976,1.3871
3.4981,1.3871
3.4987,1.3871
3.4992,1.3871
3.4998,1.3871
3.5003,1.3871
3.5009,1.3871
3.5014,1.3871
3.5020,1.3821
3.5025,1.3871
3.5031,1.3871
3.5036,1.3871
3.5042,1.3871
3.5047,1.3871
3.5052,1.3871
3.5058,1.3871
3.5063,1.3821
3.5069,1.3871
3.5074,1.3871
3.5080,1.3821
3.5085,1.3871
3.5091,1.3871
3.5096,1.3871
3.5102,1.3821
3.5108,1.3821
3.5113,1.3871
3.5119,1.3871
3.5124,1.3871
3.5130,1.3871
3.5135,1.3871
3.5141,1.3871
3.5146,1.3821
3.5152,1.3871
3.5157,1.3871
3.5163,1.3821
3.5168,1.3871
3.5174,1.3821
3.5179,1.3871
3.5185,1.3871
3.5190,1.3821
3.5196,1.3871
3.5201,1.3871
3.5207,1.3871
3.5212,1.3821
3.5218,1.3871
3.5223,1.3821
3.5229,1.3871
3.5234,1.3871
3.5240,1.3821
3.5245,1.3871
3.5251,1.3871
3.5256,1.3871
3.5262,1.3871
3.5267,1.3871
3.5273,1.3871
3.5278,1.3821
3.5284,1.3871
3.5289,1.3871
3.5295,1.3871
3.5300,1.3821
3.5306,1.3871
3.5311,1.3871
3.5316,1.3871
3.5322,1.3871
3.5327,1.3871
3.5333,1.3871
3.5339,1.3871
3.5344,1.3871
3.5350,1.3871
3.5356,1.3821
3.5362,1.3871
3.5368,1.3871
3.5373,1.3871
3.5379,1.3821
3.5385,1.3871
3.5391,1.3871
3.5396,1.3871
3.5402,1.3821
3.5407,1.3871
3.5414,1.3871
3.5420,1.3871
3.5425,1.3821
3.5431,1.3770
3.5436,1.3821
3.5442,1.3871
3.5447,1.3871
3.5453,1.3871
3.5458,1.3821
3.5464,1.3871
3.5469,1.3821
3.5475,1.3871
3.5480,1.3871
3.5486,1.3821
3.5491,1.3821
3.5497,1.3871
3.5503,1.3871
3.5508,1.3770
3.5514,1.3871
3.5520,1.3871
3.5526,1.3821
3.5531,1.3821
3.5537,1.3770
3.5543,1.3770
3.5550,1.3871
3.5556,1.3871
3.5561,1.3871
3.5567,1.3871
3.5574,1.3871
3.5580,1.3821
3.5586,1.3821
3.5591,1.3821
3.5597,1.3821
3.5603,1.3871
3.5608,1.3871
3.5614,1.3821
3.5619,1.3871
3.5625,1.3821
3.5630,1.3871
3.5635,1.3871
3.5641,1.3821
3.5646,1.3871
3.5652,1.3821
3.5657,1.3871
3.5663,1.3871
3.5668,1.3821
3.5673,1.3821
3.5679,1.3871
3.5685,1.3871
3.5691,1.3821
3.5696,1.3871
3.5702,1.3871
3.5708,1.3871
3.5714,1.3871
3.5719,1.3770
3.5725,1.3871
3.5731,1.3871
3.5736,1.3871
3.5742,1.3871
3.5747,1.3871
3.5753,1.3821
3.5758,1.3821
3.5764,1.3821
3.5769,1.3871
3.5775,1.3821
3.5781,1.3821
3.5787,1.3821
3.5793,1.3821
3.5798,1.3871
3.5803,1.3871
3.5809,1.3871
3.5814,1.3821
3.5820,1.3821
3.5825,1.3821
3.5831,1.3871
3.5836,1.3821
3.5841,1.3821
3.5847,1.3871
3.5853,1.3871
3.5859,1.3871
3.5864,1.3821
3.5869,1.3821
3.5875,1.3871
3.5880,1.3821
3.5886,1.3871
3.5891,1.3821
3.5897,1.3871
3.5902,1.3871
3.5908,1.3821
3.5913,1.3871
3.5919,1.3871
3.5924,1.3821
3.5930,1.3821
3.5935,1.3821
3.5940,1.3871
3.5946,1.3871
3.5951,1.3821
3.5957,1.3821
3.5962,1.3821
3.5968,1.3871
3.5973,1.3821
3.5978,1.3871
3.5984,1.3871
3.5989,1.3821
3.5995,1.3871
3.6000,1.3871
3.6006,1.3821
3.6011,1.3821
3.6017,1.3871
3.6022,1.3871
3.6028,1.3821
3.6033,1.3821
3.6039,1.3770
3.6044,1.3871
3.6049,1.3821
3.6055,1.3871
3.6060,1.3821
3.6066,1.3821
3.6071,1.3821
3.6077,1.3821
3.6082,1.3871
3.6087,1.3770
3.6093,1.3821
3.6098,1.3821
3.6104,1.3821
3.6109,1.3871
3.6115,1.3821
3.6120,1.3871
3.6126,1.3821
3.6131,1.3821
3.6137,1.3821
3.6142,1.3770
3.6148,1.3821
3.6153,1.3821
3.6158,1.3821
3.6164,1.3821
3.6169,1.3871
3.6175,1.3821
3.6180,1.3821
3.6186,1.3821
3.6191,1.3871
3.6196,1.3770
3.6202,1.3871
3.6207,1.3821
3.6213,1.3821
3.6218,1.3821
3.6224,1.3821
3.6229,1.3871
3.6235,1.3770
3.6240,1.3770
3.6245,1.3871
3.6251,1.3821
3.6256,1.3871
3.6262,1.3871
3.6267,1.3821
3.6273,1.3821
3.6278,1.3821
3.6283,1.3821
3.6289,1.3821
3.6294,1.3821
3.6300,1.3821
3.6305,1.3821
3.6311,1.3821
3.6316,1.3871
3.6321,1.3821
3.6327,1.3821
3.6332,1.3821
3.6338,1.3821
3.6343,1.3821
3.6349,1.3821
3.6354,1.3821
3.6359,1.3821
3.6365,1.3821
3.6370,1.3821
3.6376,1.3821
3.6381,1.3821
3.6387,1.3821
3.6392,1.3821
3.6397,1.3821
3.6403,1.3871
3.6408,1.3770
3.6414,1.3821
3.6419,1.3821
3.6425,1.3871
3.6430,1.3821
3.6435,1.3770
3.6441,1.3821
3.6446,1.3821
3.6452,1.3821
3.6457,1.3821
3.6463,1.3871
3.6468,1.3821
3.6474,1.3871
3.6479,1.3770
3.6484,1.3821
3.6490,1.3770
3.6495,1.3821
3.6501,1.3821
3.6506,1.3821
3.6512,1.3821
3.6517,1.3821
3.6522,1.3871
3.6528,1.3821
3.6533,1.3821
3.6539,1.3821
3.6544,1.3821
3.6550,1.3821
3.6556,1.3821
3.6562,1.3821
3.6567,1.3821
3.6573,1.3821
3.6578,1.3821
3.6584,1.3821
3.6589,1.3821
3.6595,1.3821
3.6600,1.3821
3.6605,1.3821
3.6611,1.3770
3.6617,1.3821
3.6622,1.3821
3.6628,1.3770
3.6633,1.3821
3.6639,1.3821
3.6644,1.3871
3.6650,1.3821
3.6655,1.3821
3.6661,1.3821
3.6666,1.3770
3.6671,1.3871
3.6677,1.3871
3.6682,1.3770
3.6688,1.3821
3.6693,1.3821
3.6699,1.3821
3.6704,1.3821
3.6710,1.3770
3.6715,1.3821
3.6721,1.3770
3.6726,1.3821
3.6732,1.3821
3.6737,1.3871
3.6743,1.3770
3.6748,1.3871
3.6754,1.3821
3.6759,1.3821
3.6765,1.3821
3.6770,1.3821
3.6776,1.3821
3.6781,1.3821
3.6787,1.3821
3.6792,1.3821
3.6798,1.3821
3.6803,1.3821
3.6809,1.3821
3.6815,1.3871
3.6820,1.3821
3.6826,1.3871
3.6831,1.3770
3.6837,1.3871
3.6842,1.3821
3.6848,1.3821
3.6853,1.3821
3.6859,1.3871
3.6864,1.3871
3.6870,1.3821
3.6875,1.3821
3.6881,1.3871
3.6886,1.3871
3.6892,1.3821
3.6897,1.3821
3.6903,1.3871
3.6908,1.3821
3.6914,1.3821
3.6919,1.3821
3.6925,1.3871
3.6930,1.3921
3.6936,1.3871
3.6941,1.3821
3.6947,1.3821
3.6952,1.3821
3.6958,1.3821
3.6963,1.3871
3.6969,1.3871
3.6974,1.3821
3.6980,1.3871
3.6985,1.3871
3.6991,1.3821
3.6996,1.3871
3.7001,1.3821
3.7007,1.3871
3.7013,1.3871
3.7018,1.3821
3.7024,1.3871
3.7029,1.3921
3.7035,1.3871
3.7040,1.3821
3.7046,1.3871
3.7051,1.3871
3.7056,1.3871
3.7062,1.3871
3.7067,1.3921
3.7073,1.3871
3.7079,1.3821
3.7084,1.3871
3.7090,1.3871
3.7096,1.3921
3.7101,1.3871
3.7107,1.3871
3.7113,1.3921
3.7118,1.3921
3.7124,1.3921
3.7129,1.3921
3.7135,1.3871
3.7140,1.3871
3.7146,1.3921
3.7151,1.3871
3.7157,1.3871
3.7162,1.3921
3.7168,1.3921
3.7173,1.3871
3.7179,1.3871
3.7184,1.3871
3.7190,1.3871
3.7195,1.3921
3.7201,1.3871
3.7206,1.3921
3.7212,1.3921
3.7217,1.3921
3.7223,1.3921
3.7228,1.3921
3.7234,1.3921
3.7239,1.3921
3.7245,1.3921
3.7250,1.3871
3.7256,1.3921
3.7261,1.3921
3.7267,1.3972
3.7272,1.3972
3.7278,1.3921
3.7283,1.3921
3.7289,1.3921
3.7294,1.3972
3.7300,1.3921
3.7305,1.3972
3.7311,1.3972
3.7316,1.3921
3.7322,1.3921
3.7327,1.3921
3.7333,1.3972
3.7338,1.3972
3.7344,1.3972
3.7349,1.3972
3.7355,1.3921
3.7360,1.3921
3.7366,1.3972
3.7371,1.3921
3.7377,1.3972
3.7382,1.3921
3.7388,1.3972
3.7393,1.4022
3.7399,1.3972
3.7404,1.3972
3.7410,1.3921
3.7415,1.3972
3.7421,1.3972
3.7426,1.3972
3.7432,1.3972
3.7437,1.3972
3.7443,1.3972
3.7448,1.3972
3.7454,1.3972
3.7459,1.4022
3.7465,1.3972
3.7470,1.3972
3.7476,1.3972
3.7481,1.3972
3.7487,1.3972
3.7492,1.3921
3.7498,1.3972
3.7503,1.3972
3.7509,1.3972
3.7515,1.3972
3.7520,1.3972
3.7526,1.3972
3.7531,1.4022
3.7537,1.3972
3.7542,1.4022
3.7548,1.3972
3.7553,1.4022
3.7559,1.4022
3.7564,1.3972
3.7570,1.4022
3.7575,1.3972
3.7581,1.4022
3.7586,1.3972
3.7592,1.3972
3.7597,1.4022
3.7603,1.4022
3.7608,1.3972
3.7614,1.3972
3.7619,1.3972
3.7625,1.3972
3.7630,1.3972
3.7636,1.3972
3.7641,1.4022
3.7647,1.3972
3.7652,1.4022
3.7658,1.4022
3.7663,1.3972
3.7669,1.3972
3.7674,1.3972
3.7680,1.3972
3.7685,1.4022
3.7691,1.4022
3.7696,1.3972
3.7702,1.4022
3.7707,1.3972
3.7713,1.4022
3.7718,1.4022
3.7724,1.3972
3.7729,1.4022
3.7735,1.4022
3.7740,1.4022
3.7746,1.4022
3.7751,1.3921
3.7757,1.4022
3.7762,1.4022
3.7768,1.3972
3.7773,1.4022
3.7779,1.4022
3.7784,1.4022
3.7790,1.4022
3.7795,1.4022
3.7801,1.3972
3.7806,1.4022
3.7812,1.4022
3.7817,1.3972
3.7823,1.4022
3.7828,1.3972
3.7834,1.4022
3.7839,1.3972
3.7845,1.3972
3.7850,1.4022
3.7856,1.4022
3.7861,1.4022
3.7867,1.4022
3.7872,1.4022
3.7878,1.4073
3.7883,1.3972
3.7889,1.4022
3.7894,1.4022
3.7900,1.4022
3.7905,1.4022
3.7911,1.4022
3.7916,1.4022
3.7922,1.4073
3.7927,1.4022
3.7933,1.4022
3.7938,1.4022
3.7944,1.4073
3.7949,1.3972
3.7955,1.4022
3.7960,1.3972
3.7966,1.4073
3.7971,1.3972
3.7977,1.4073
3.7982,1.4022
3.7988,1.4022
3.7993,1.4022
3.7999,1.4022
3.8004,1.4022
3.8010,1.4022
3.8015,1.4073
3.8021,1.3972
3.8026,1.4073
3.8032,1.3972
3.8037,1.4022
3.8043,1.4022
3.8048,1.4022
3.8054,1.4022
3.8059,1.4073
3.8065,1.4022
3.8070,1.4073
3.8076,1.4073
3.8081,1.4022
3.8086,1.4073
3.8092,1.4022
3.8097,1.4022
3.8103,1.4073
3.8108,1.4073
3.8114,1.4022
3.8120,1.4022
3.8125,1.4022
3.8131,1.4022
3.8136,1.4022
3.8141,1.4022
3.8147,1.4022
3.8152,1.4022
3.8158,1.4073
3.8163,1.4022
3.8169,1.4073
3.8174,1.4022
3.8180,1.4073
3.8185,1.4022
3.8191,1.4022
3.8196,1.4022
3.8202,1.4022
3.8208,1.4022
3.8213,1.4022
3.8219,1.4022
3.8224,1.4022
3.8230,1.4022
3.8235,1.4022
3.8241,1.4022
3.8246,1.4022
3.8252,1.4022
3.8257,1.4022
3.8263,1.3972
3.8268,1.4022
3.8274,1.4022
3.8279,1.4022
3.8285,1.4022
3.8290,1.4022
3.8296,1.4022
3.8301,1.4022
3.8307,1.4022
3.8312,1.3972
3.8318,1.4022
3.8323,1.4022
3.8329,1.4022
3.8334,1.4022
3.8340,1.4073
3.8345,1.4022
3.8351,1.4022
3.8356,1.3972
3.8362,1.4022
3.8367,1.4022
3.8373,1.3972
3.8378,1.4022
3.8384,1.4022
3.8389,1.3972
3.8395,1.4022
3.8400,1.3972
3.8406,1.4022
3.8411,1.4022
3.8417,1.3972
3.8423,1.4022
3.8428,1.4022
3.8434,1.3972
3.8439,1.4022
3.8444,1.4022
3.8450,1.4022
3.8455,1.4022
3.8461,1.4022
3.8466,1.4022
3.8472,1.4022
3.8477,1.4022
3.8483,1.4022
3.8488,1.4022
3.8494,1.3972
3.8499,1.4022
3.8505,1.4022
3.8510,1.4022
3.8516,1.3972
3.8521,1.4022
3.8527,1.4073
3.8532,1.4022
3.8538,1.4022
3.8543,1.3972
3.8549,1.4022
3.8554,1.4022
3.8560,1.4022
3.8565,1.4022
3.8571,1.4022
3.8577,1.4022
3.8582,1.4022
3.8588,1.4022
3.8593,1.4022
3.8599,1.4022
3.8604,1.3972
3.8610,1.4022
3.8615,1.4022
3.8621,1.3972
3.8626,1.4022
3.8632,1.3972
3.8637,1.3972
3.8643,1.3972
3.8648,1.4022
3.8654,1.4022
3.8659,1.4022
3.8665,1.3972
3.8670,1.3972
3.8676,1.4022
3.8681,1.4022
3.8687,1.4022
3.8692,1.4022
3.8698,1.4022
3.8703,1.4073
3.8709,1.4022
3.8714,1.4022
3.8720,1.3972
3.8725,1.4022
3.8731,1.3972
3.8736,1.3972
3.8742,1.4022
3.8747,1.3972
3.8753,1.3972
3.8758,1.3972
3.8764,1.4022
3.8769,1.4022
3.8775,1.3972
3.8780,1.4022
3.8786,1.4022
3.8791,1.4022
3.8797,1.4022
3.8802,1.4022
3.8808,1.4022
3.8813,1.4022
3.8819,1.3921
3.8824,1.3972
3.8830,1.4022
3.8835,1.3972
3.8841,1.3972
3.8846,1.4022
3.8852,1.4022
3.8857,1.4022
3.8863,1.4022
3.8868,1.4022
3.8874,1.4022
3.8879,1.4022
3.8885,1.3972
3.8890,1.4073
3.8896,1.4022
3.8901,1.3972
3.8907,1.3972
3.8912,1.3972
3.8918,1.3972
3.8923,1.3972
3.8929,1.3921
3.8934,1.4022
3.8940,1.3972
3.8945,1.3972
3.8951,1.3972
3.8956,1.3972
3.8962,1.3972
3.8967,1.3921
3.8973,1.3972
3.8978,1.4022
3.8984,1.3921
3.8989,1.3972
3.8995,1.3921
3.9000,1.3972
3.9006,1.3972
3.9012,1.4022
3.9017,1.3921
3.9023,1.3972
3.9028,1.3972
3.9034,1.4022
3.9039,1.3972
3.9045,1.4022
3.9050,1.4022
3.9056,1.3972
3.9061,1.3921
3.9068,1.3921
3.9074,1.3921
3.9079,1.3972
3.9085,1.3972
3.9090,1.3972
3.9096,1.3972
3.9101,1.3972
3.9107,1.3921
3.9112,1.4022
3.9118,1.3972
3.9123,1.3972
3.9129,1.3972
3.9134,1.3972
3.9140,1.3972
3.9145,1.3972
3.9151,1.3972
3.9156,1.3972
3.9162,1.3972
3.9167,1.3972
3.9173,1.3972
3.9178,1.4022
3.9184,1.3921
3.9189,1.3972
3.9195,1.3972
3.9200,1.3972
3.9206,1.3972
3.9211,1.3972
3.9217,1.3972
3.9222,1.3972
3.9228,1.3972
3.9233,1.3972
3.9239,1.3972
3.9244,1.3921
3.9250,1.3972
3.9255,1.3921
3.9261,1.3921
3.9266,1.3972
3.9272,1.3972
3.9277,1.3972
3.9283,1.3972
3.9288,1.3921
3.9294,1.3921
3.9299,1.3921
3.9305,1.3972
3.9310,1.3972
3.9316,1.3921
3.9321,1.3972
3.9327,1.3972
3.9332,1.3972
3.9338,1.3972
3.9343,1.3972
3.9349,1.3972
3.9354,1.3972
3.9360,1.3972
3.9365,1.3972
3.9371,1.3921
3.9376,1.3972
3.9382,1.3972
3.9387,1.3921
3.9393,1.3972
3.9398,1.3972
3.9404,1.3921
3.9409,1.3921
3.9415,1.3972
3.9420,1.3972
3.9426,1.3972
3.9431,1.3921
3.9437,1.3921
3.9442,1.3972
3.9448,1.3921
3.9453,1.3972
3.9459,1.3921
3.9464,1.3972
3.9470,1.3972
3.9475,1.3921
3.9481,1.3921
3.9486,1.3921
3.9492,1.3921
3.9497,1.3972
3.9503,1.3921
3.9508,1.3921
3.9514,1.3921
3.9519,1.3972
3.9525,1.3921
3.9530,1.3921
3.9536,1.3921
3.9541,1.3871
3.9547,1.3972
3.9552,1.3972
3.9558,1.3921
3.9563,1.3921
3.9569,1.3921
3.9574,1.3921
3.9580,1.3921
3.9585,1.3972
3.9591,1.3972
3.9597,1.3972
3.9602,1.3921
3.9608,1.3921
3.9614,1.3972
3.9619,1.3972
3.9625,1.3921
3.9630,1.3972
3.9636,1.3921
3.9641,1.3921
3.9647,1.3972
3.9652,1.3921
3.9658,1.3921
3.9663,1.3972
3.9669,1.3921
3.9674,1.3972
3.9680,1.3972
3.9685,1.3921
3.9691,1.3921
3.9696,1.3921
3.9702,1.3972
3.9707,1.3921
3.9713,1.3972
3.9718,1.3921
3.9723,1.3972
3.9729,1.3972
3.9734,1.3921
3.9740,1.3921
3.9745,1.3921
3.9751,1.3921
3.9756,1.3972
3.9762,1.3921
3.9767,1.3921
3.9773,1.3921
3.9778,1.3972
3.9784,1.3921
3.9789,1.3921
3.9795,1.3921
3.9800,1.3871
3.9806,1.3921
3.9811,1.3921
3.9817,1.3921
3.9822,1.3972
3.9828,1.3921
3.9833,1.3921
3.9839,1.3921
3.9844,1.3921
3.9850,1.3972
3.9855,1.3972
3.9861,1.3921
3.9866,1.3921
3.9872,1.3921
3.9877,1.3921
3.9883,1.3921
3.9888,1.3871
3.9894,1.3972
3.9899,1.3972
3.9905,1.3921
3.9910,1.3921
3.9916,1.3972
3.9921,1.3921
3.9927,1.3972
3.9932,1.3921
3.9938,1.3921
3.9943,1.3921
3.9949,1.3921
3.9954,1.3921
3.9960,1.3921
3.9965,1.3921
3.9971,1.3972
3.9976,1.3921
3.9982,1.3921
3.9987,1.3921
3.9993,1.3921
3.9998,1.3972
4.0004,1.3921
4.0009,1.3921
4.0015,1.3921
4.0020,1.3921
4.0026,1.3871
4.0031,1.3921
4.0037,1.3921
4.0042,1.3921
4.0048,1.3972
4.0053,1.3921
4.0059,1.3921
4.0064,1.3921
4.0070,1.3972
4.0075,1.3972
4.0081,1.3921
4.0086,1.3921
4.0092,1.3921
4.0097,1.3972
4.0103,1.3921
4.0108,1.3921
4.0114,1.3871
4.0120,1.3921
4.0125,1.3921
4.0131,1.3921
4.0136,1.3921
4.0142,1.3921
4.0147,1.3921
4.0153,1.3972
4.0158,1.3972
4.0164,1.3921
4.0169,1.3972
4.0175,1.3921
4.0180,1.3921
4.0186,1.3921
4.0191,1.3972
4.0197,1.3871
4.0202,1.3921
4.0208,1.3871
4.0213,1.3921
4.0219,1.3921
4.0224,1.3972
4.0230,1.3921
4.0235,1.3972
4.0241,1.3921
4.0246,1.3972
4.0252,1.3921
4.0257,1.3972
4.0263,1.3921
4.0268,1.3871
4.0274,1.3921
4.0279,1.3921
4.0285,1.3921
4.0290,1.3921
4.0296,1.3921
4.0301,1.3921
4.0307,1.3921
4.0312,1.3972
4.0318,1.3921
4.0323,1.3972
4.0329,1.3921
4.0334,1.3972
4.0341,1.3921
4.0348,1.3871
4.0354,1.3921
4.0360,1.3921
4.0366,1.3972
4.0372,1.3921
4.0378,1.3921
4.0384,1.3871
4.0389,1.3921
4.0395,1.3921
4.0400,1.3972
4.0406,1.3921
4.0412,1.3972
4.0417,1.3921
4.0423,1.3921
4.0429,1.3921
4.0434,1.3921
4.0440,1.3921
4.0445,1.3972
4.0451,1.3921
4.0456,1.3921
4.0462,1.3921
4.0467,1.3972
4.0473,1.3921
4.0478,1.3921
4.0484,1.3921
4.0489,1.3921
4.0495,1.3921
4.0500,1.3921
4.0506,1.3921
4.0511,1.3871
4.0517,1.3921
4.0523,1.3921
4.0529,1.3972
4.0536,1.3921
4.0542,1.3921
4.0547,1.3972
4.0553,1.3921
4.0559,1.3921
4.0565,1.3972
4.0571,1.3972
4.0577,1.3921
4.0582,1.3921
4.0588,1.3871
4.0594,1.3921
4.0599,1.3921
4.0605,1.3921
4.0610,1.3871
4.0616,1.3972
4.0621,1.3921
4.0627,1.3921
4.0632,1.3921
4.0637,1.3921
4.0643,1.3921
4.0649,1.3871
4.0654,1.3921
4.0660,1.3921
4.0666,1.3921
4.0671,1.3871
4.0676,1.3871
4.0682,1.3921
4.0688,1.3921
4.0693,1.3921
4.0699,1.3921
4.0704,1.3871
4.0710,1.3921
4.0715,1.3921
4.0721,1.3871
4.0726,1.3972
4.0731,1.3921
4.0737,1.3871
4.0743,1.3921
4.0748,1.3921
4.0754,1.3921
4.0759,1.3921
4.0765,1.3921
4.0770,1.3921
4.0776,1.3972
4.0781,1.3871
4.0786,1.3921
4.0792,1.3921
4.0797,1.3921
4.0803,1.3921
4.0808,1.3871
4.0814,1.3921
4.0819,1.3921
4.0824,1.3871
4.0830,1.3921
4.0835,1.3871
4.0841,1.3921
4.0846,1.3921
4.0852,1.3921
4.0858,1.3921
4.0863,1.3921
4.0869,1.3921
4.0875,1.3921
4.0881,1.3921
4.0886,1.3871
4.0892,1.3921
4.0897,1.3921
4.0903,1.3921
4.0909,1.3921
4.0915,1.3921
4.0920,1.3871
4.0926,1.3921
4.0931,1.3921
4.0937,1.3921
4.0943,1.3871
4.0948,1.3871
4.0954,1.3921
4.0960,1.3921
4.0965,1.3871
4.0971,1.3871
4.0976,1.3921
4.0982,1.3921
4.0987,1.3871
4.0992,1.3921
4.0998,1.3972
4.1003,1.3871
4.1009,1.3921
4.1014,1.3921
4.1020,1.3921
4.1025,1.3921
4.1031,1.3871
4.1036,1.3871
4.1042,1.3921
4.1048,1.3871
4.1053,1.3921
4.1058,1.3871
4.1064,1.3871
4.1069,1.3871
4.1075,1.3871
4.1080,1.3921
4.1085,1.3921
4.1091,1.3871
4.1096,1.3921
4.1102,1.3921
4.1107,1.3921
4.1113,1.3921
4.1118,1.3871
4.1124,1.3821
4.1129,1.3921
4.1134,1.3921
4.1140,1.3921
4.1145,1.3921
4.1151,1.3921
4.1157,1.3871
4.1163,1.3871
4.1169,1.3921
4.1174,1.3921
4.1180,1.3871
4.1186,1.3921
4.1191,1.3871
4.1197,1.3921
4.1202,1.3921
4.1208,1.3871
4.1213,1.3921
4.1219,1.3921
4.1224,1.3871
4.1230,1.3871
4.1236,1.3871
4.1241,1.3871
4.1247,1.3921
4.1252,1.3921
4.1257,1.3871
4.1263,1.3821
4.1269,1.3921
4.1274,1.3871
4.1280,1.3921
4.1285,1.3921
4.1291,1.3871
4.1296,1.3871
4.1302,1.3921
4.1307,1.3871
4.1312,1.3871
4.1318,1.3871
4.1323,1.3871
4.1329,1.3821
4.1334,1.3921
4.1340,1.3871
4.1345,1.3871
4.1350,1.3871
4.1356,1.3871
4.1361,1.3871
4.1367,1.3871
4.1372,1.3871
4.1377,1.3871
4.1383,1.3921
4.1388,1.3871
4.1394,1.3871
4.1399,1.3921
4.1405,1.3821
4.1410,1.3921
4.1415,1.3871
4.1421,1.3871
4.1426,1.3821
4.1432,1.3821
4.1437,1.3871
4.1443,1.3871
4.1448,1.3871
4.1454,1.3871
4.1461,1.3871
4.1467,1.3871
4.1473,1.3871
4.1479,1.3871
4.1485,1.3871
4.1490,1.3871
4.1496,1.3871
4.1502,1.3871
4.1507,1.3871
4.1513,1.3921
4.1519,1.3871
4.1525,1.3871
4.1530,1.3921
4.1536,1.3821
4.1542,1.3821
4.1548,1.3921
4.1553,1.3871
4.1559,1.3871
4.1564,1.3871
4.1570,1.3871
4.1575,1.3921
4.1581,1.3821
4.1586,1.3821
4.1592,1.3871
4.1598,1.3921
4.1604,1.3871
4.1609,1.3871
4.1615,1.3921
4.1620,1.3871
4.1626,1.3871
4.1631,1.3871
4.1637,1.3871
4.1642,1.3871
4.1648,1.3871
4.1653,1.3871
4.1658,1.3871
4.1664,1.3871
4.1669,1.3871
4.1674,1.3871
4.1680,1.3821
4.1685,1.3871
4.1691,1.3871
4.1696,1.3871
4.1702,1.3871
4.1707,1.3871
4.1713,1.3821
4.1718,1.3871
4.1724,1.3821
4.1729,1.3821
4.1735,1.3871
4.1740,1.3871
4.1746,1.3871
4.1751,1.3770
4.1757,1.3871
4.1762,1.3821
4.1768,1.3821
4.1773,1.3921
4.1778,1.3871
4.1784,1.3871
4.1789,1.3821
4.1794,1.3871
4.1800,1.3871
4.1805,1.3871
4.1811,1.3871
4.1816,1.3821
4.1821,1.3871
4.1827,1.3821
4.1832,1.3821
4.1838,1.3871
4.1843,1.3871
4.1848,1.3871
4.1854,1.3871
4.1859,1.3871
4.1865,1.3871
4.1870,1.3871
4.1875,1.3871
4.1881,1.3871
4.1886,1.3871
4.1891,1.3871
4.1897,1.3871
4.1902,1.3821
4.1907,1.3871
4.1913,1.3821
4.1918,1.3871
4.1924,1.3871
4.1930,1.3871
4.1936,1.3871
4.1941,1.3821
4.1947,1.3871
4.1952,1.3871
4.1958,1.3871
4.1963,1.3921
4.1968,1.3871
4.1974,1.3821
4.1979,1.3821
4.1985,1.3871
4.1990,1.3871
4.1996,1.3770
4.2001,1.3821
4.2006,1.3871
4.2012,1.3821
4.2017,1.3871
4.2023,1.3821
4.2028,1.3871
4.2033,1.3871
4.2039,1.3871
4.2044,1.3871
4.2050,1.3821
4.2055,1.3871
4.2060,1.3821
4.2066,1.3871
4.2071,1.3871
4.2077,1.3871
4.2082,1.3871
4.2088,1.3821
4.2093,1.3871
4.2098,1.3821
4.2104,1.3871
4.2109,1.3871
4.2115,1.3871
4.2120,1.3871
4.2126,1.3871
4.2131,1.3821
4.2137,1.3871
4.2142,1.3821
4.2148,1.3821
4.2153,1.3871
4.2158,1.3871
4.2164,1.3871
4.2169,1.3871
4.2175,1.3821
4.2180,1.3871
4.2185,1.3871
4.2191,1.3821
4.2196,1.3821
4.2202,1.3871
4.2207,1.3871
4.2213,1.3821
4.2218,1.3871
4.2224,1.3871
4.2229,1.3821
4.2234,1.3871
4.2240,1.3871
4.2245,1.3821
4.2250,1.3871
4.2256,1.3871
4.2261,1.3821
4.2266,1.3871
4.2272,1.3871
4.2277,1.3871
4.2282,1.3871
4.2288,1.3871
4.2293,1.3821
4.2298,1.3821
4.2304,1.3821
4.2309,1.3871
4.2314,1.3821
4.2320,1.3821
4.2325,1.3821
4.2330,1.3821
4.2335,1.3821
4.2341,1.3821
4.2346,1.3821
4.2351,1.3821
4.2357,1.3871
4.2362,1.3821
4.2367,1.3821
4.2373,1.3821
4.2378,1.3871
4.2383,1.3821
4.2389,1.3821
4.2394,1.3821
4.2399,1.3821
4.2405,1.3871
4.2410,1.3821
4.2416,1.3821
4.2421,1.3821
4.2426,1.3821
4.2432,1.3871
4.2437,1.3821
4.2442,1.3871
4.2448,1.3821
4.2453,1.3821
4.2458,1.3821
4.2464,1.3871
4.2469,1.3871
4.2474,1.3821
4.2480,1.3871
4.2485,1.3871
4.2490,1.3871
4.2496,1.3871
4.2501,1.3821
4.2506,1.3871
4.2512,1.3871
4.2517,1.3821
4.2522,1.3821
4.2528,1.3821
4.2533,1.3821
4.2538,1.3821
4.2544,1.3821
4.2549,1.3871
4.2554,1.3821
4.2560,1.3871
4.2565,1.3770
4.2570,1.3871
4.2576,1.3871
4.2581,1.3821
4.2586,1.3821
4.2591,1.3821
4.2597,1.3871
4.2603,1.3770
4.2609,1.3821
4.2614,1.3871
4.2619,1.3821
4.2625,1.3871
4.2630,1.3871
4.2635,1.3821
4.2641,1.3821
4.2646,1.3821
4.2651,1.3770
4.2657,1.3871
4.2662,1.3871
4.2668,1.3821
4.2673,1.3821
4.2678,1.3821
4.2684,1.3871
4.2689,1.3821
4.2694,1.3821
4.2700,1.3821
4.2705,1.3821
4.2710,1.3821
4.2716,1.3821
4.2721,1.3821
4.2727,1.3871
4.2732,1.3821
4.2737,1.3770
4.2743,1.3821
4.2748,1.3821
4.2753,1.3770
4.2759,1.3821
4.2764,1.3821
4.2769,1.3770
4.2775,1.3871
4.2780,1.3871
4.2785,1.3821
4.2791,1.3821
4.2796,1.3871
4.2802,1.3821
4.2807,1.3821
4.2812,1.3821
4.2818,1.3821
4.2823,1.3821
4.2828,1.3871
4.2834,1.3821
4.2839,1.3821
4.2844,1.3821
4.2850,1.3871
4.2855,1.3821
4.2860,1.3821
4.2866,1.3821
4.2871,1.3871
4.2877,1.3821
4.2882,1.3871
4.2887,1.3821
4.2893,1.3821
4.2898,1.3821
4.2903,1.3821
4.2909,1.3821
4.2914,1.3821
4.2919,1.3821
4.2925,1.3821
4.2930,1.3871
4.2936,1.3871
4.2941,1.3821
4.2946,1.3821
4.2952,1.3821
4.2957,1.3821
4.2962,1.3821
4.2968,1.3821
4.2973,1.3821
4.2978,1.3821
4.2984,1.3821
4.2989,1.3871
4.2994,1.3821
4.3000,1.3871
4.3005,1.3821
4.3011,1.3871
4.3016,1.3821
4.3021,1.3821
4.3027,1.3871
4.3032,1.3821
4.3037,1.3821
4.3043,1.3770
4.3048,1.3821
4.3053,1.3821
4.3059,1.3821
4.3064,1.3821
4.3069,1.3821
4.3075,1.3871
4.3080,1.3821
4.3086,1.3821
4.3091,1.3821
4.3096,1.3821
4.3102,1.3821
4.3107,1.3821
4.3113,1.3821
4.3118,1.3821
4.3123,1.3770
4.3129,1.3821
4.3134,1.3821
4.3139,1.3770
4.3145,1.3821
4.3150,1.3821
4.3155,1.3821
4.3161,1.3821
4.3166,1.3770
4.3171,1.3821
4.3177,1.3821
4.3182,1.3821
4.3188,1.3821
4.3193,1.3821
4.3198,1.3821
4.3204,1.3770
4.3209,1.3821
4.3214,1.3770
4.3220,1.3821
4.3225,1.3770
4.3231,1.3770
4.3236,1.3871
4.3241,1.3821
4.3247,1.3821
4.3252,1.3821
4.3258,1.3821
4.3263,1.3821
4.3273,1.3821
4.3278,1.3821
4.3283,1.3821
4.3289,1.3821
4.3294,1.3821
4.3299,1.3821
4.3305,1.3821
4.3310,1.3821
4.3316,1.3821
4.3321,1.3821
4.3326,1.3770
4.3332,1.3770
4.3337,1.3821
4.3342,1.3821
4.3348,1.3770
4.3353,1.3821
4.3358,1.3821
4.3364,1.3821
4.3369,1.3770
4.3374,1.3821
4.3380,1.3821
4.3385,1.3821
4.3391,1.3821
4.3396,1.3821
4.3401,1.3821
4.3407,1.3821
4.3412,1.3821
4.3417,1.3770
4.3423,1.3821
4.3428,1.3770
4.3433,1.3821
4.3439,1.3821
4.3444,1.3821
4.3449,1.3821
4.3455,1.3821
4.3460,1.3770
4.3466,1.3821
4.3471,1.3821
4.3476,1.3770
4.3482,1.3770
4.3487,1.3821
4.3492,1.3770
4.3498,1.3770
4.3503,1.3821
4.3508,1.3821
4.3514,1.3821
4.3519,1.3770
4.3524,1.3770
4.3530,1.3821
4.3535,1.3821
4.3541,1.3821
4.3546,1.3821
4.3551,1.3821
4.3557,1.3821
4.3562,1.3821
4.3567,1.3821
4.3573,1.3821
4.3578,1.3821
4.3583,1.3821
4.3589,1.3770
4.3594,1.3770
4.3599,1.3821
4.3605,1.3871
4.3610,1.3821
4.3616,1.3821
4.3621,1.3821
4.3627,1.3770
4.3632,1.3821
4.3638,1.3821
4.3643,1.3821
4.3649,1.3821
4.3654,1.3770
4.3659,1.3770
4.3665,1.3821
4.3670,1.3821
4.3676,1.3770
4.3681,1.3821
4.3687,1.3821
4.3692,1.3821
4.3698,1.3821
4.3703,1.3821
4.3709,1.3821
4.3714,1.3821
4.3720,1.3821
4.3725,1.3821
4.3731,1.3821
4.3736,1.3821
4.3742,1.3821
4.3747,1.3871
4.3753,1.3821
4.3758,1.3821
4.3764,1.3821
4.3769,1.3821
4.3775,1.3770
4.3780,1.3871
4.3786,1.3770
4.3792,1.3770
4.3797,1.3821
4.3803,1.3821
4.3808,1.3770
4.3814,1.3821
4.3819,1.3821
4.3825,1.3770
4.3830,1.3821
4.3836,1.3821
4.3841,1.3821
4.3847,1.3720
4.3852,1.3821
4.3858,1.3821
4.3863,1.3821
4.3869,1.3821
4.3874,1.3821
4.3880,1.3821
4.3885,1.3821
4.3891,1.3821
4.3896,1.3770
4.3902,1.3821
4.3907,1.3770
4.3913,1.3821
4.3918,1.3821
4.3924,1.3770
4.3929,1.3770
4.3935,1.3821
4.3940,1.3821
4.3946,1.3821
4.3951,1.3770
4.3957,1.3770
4.3962,1.3821
4.3968,1.3821
4.3973,1.3821
4.3979,1.3821
4.3984,1.3821
4.3990,1.3821
4.3995,1.3821
4.4001,1.3871
4.4006,1.3821
4.4012,1.3821
4.4017,1.3770
4.4023,1.3821
4.4028,1.3821
4.4034,1.3821
4.4039,1.3821
4.4045,1.3871
4.4050,1.3821
4.4056,1.3821
4.4061,1.3871
4.4066,1.3821
4.4072,1.3871
4.4077,1.3770
4.4083,1.3871
4.4088,1.3770
4.4094,1.3821
4.4099,1.3821
4.4105,1.3871
4.4110,1.3821
4.4116,1.3821
4.4121,1.3871
4.4127,1.3871
4.4132,1.3871
4.4138,1.3821
4.4143,1.3821
4.4149,1.3821
4.4154,1.3871
4.4160,1.3821
4.4165,1.3821
4.4171,1.3871
4.4176,1.3871
4.4182,1.3871
4.4187,1.3871
4.4193,1.3871
4.4198,1.3821
4.4204,1.3821
4.4209,1.3871
4.4215,1.3871
4.4220,1.3821
4.4226,1.3871
4.4231,1.3871
4.4237,1.3821
4.4242,1.3871
4.4248,1.3871
4.4253,1.3871
4.4259,1.3871
4.4264,1.3871
4.4270,1.3871
4.4275,1.3921
4.4281,1.3871
4.4286,1.3871
4.4292,1.3871
4.4297,1.3871
4.4303,1.3871
4.4308,1.3871
4.4314,1.3921
4.4319,1.3921
4.4325,1.3871
4.4330,1.3871
4.4336,1.3871
4.4341,1.3921
4.4347,1.3871
4.4352,1.3921
4.4358,1.3921
4.4363,1.3921
4.4369,1.3921
4.4374,1.3921
4.4380,1.3921
4.4385,1.3921
4.4391,1.3921
4.4396,1.3921
4.4402,1.3972
4.4407,1.3871
4.4413,1.3921
4.4418,1.3921
4.4424,1.3871
4.4429,1.3921
4.4435,1.3921
4.4440,1.3871
4.4446,1.3921
4.4451,1.3921
4.4457,1.3921
4.4462,1.3972
4.4468,1.3972
4.4473,1.3921
4.4479,1.3972
4.4484,1.3921
4.4490,1.3972
4.4495,1.3972
4.4501,1.3972
4.4506,1.3921
4.4512,1.3972
4.4517,1.3972
4.4523,1.3972
4.4528,1.3972
4.4534,1.3972
4.4539,1.3921
4.4545,1.3972
4.4550,1.3921
4.4556,1.3972
4.4561,1.4022
4.4567,1.3921
4.4572,1.3972
4.4578,1.3972
4.4583,1.3972
4.4589,1.3921
4.4594,1.3972
4.4600,1.3972
4.4605,1.4022
4.4611,1.3921
4.4616,1.3972
4.4622,1.3972
4.4627,1.3972
4.4633,1.3921
4.4638,1.3972
4.4644,1.3972
4.4649,1.3972
4.4655,1.3972
4.4660,1.4022
4.4666,1.3921
4.4671,1.3972
4.4677,1.3972
4.4682,1.3972
4.4688,1.3921
4.4693,1.3972
4.4699,1.3921
4.4704,1.3972
4.4710,1.4022
4.4715,1.3972
4.4721,1.4022
4.4726,1.3972
4.4732,1.3972
4.4737,1.3972
4.4743,1.3972
4.4748,1.3972
4.4754,1.3972
4.4760,1.4022
4.4765,1.4022
4.4771,1.3972
4.4776,1.4022
4.4782,1.3972
4.4787,1.3972
4.4793,1.4022
4.4798,1.3972
4.4804,1.4022
4.4809,1.4022
4.4815,1.3972
4.4820,1.3972
4.4826,1.3972
4.4831,1.3921
4.4837,1.4022
4.4842,1.3921
4.4848,1.4022
4.4853,1.4022
4.4859,1.4022
4.4864,1.3972
4.4870,1.4022
4.4875,1.4022
4.4881,1.4022
4.4886,1.4022
4.4892,1.3972
4.4897,1.4022
4.4902,1.4022
4.4908,1.4022
4.4913,1.3972
4.4919,1.4022
4.4924,1.4022
4.4930,1.4022
4.4935,1.4022
4.4941,1.4022
4.4946,1.4073
4.4952,1.4022
4.4957,1.4022
4.4963,1.3972
4.4968,1.4022
4.4974,1.4022
4.4979,1.3972
4.4985,1.4022
4.4990,1.3972
4.4996,1.4022
4.5001,1.4022
4.5006,1.4022
4.5012,1.4022
4.5017,1.3972
4.5023,1.3972
4.5028,1.4022
4.5034,1.4022
4.5039,1.3972
4.5045,1.3972
4.5050,1.4022
4.5056,1.4022
4.5061,1.4073
4.5067,1.4073
4.5072,1.4022
4.5078,1.4022
4.5083,1.4022
4.5089,1.4022
4.5094,1.4022
4.5100,1.4073
4.5105,1.3972
4.5111,1.4022
4.5116,1.4022
4.5122,1.4022
4.5127,1.4073
4.5133,1.4022
4.5138,1.4022
4.5144,1.4022
4.5149,1.4022
4.5155,1.4022
4.5160,1.4022
4.5166,1.3972
4.5171,1.4022
4.5177,1.3972
4.5183,1.4022
4.5188,1.4022
4.5194,1.3972
4.5199,1.4073
4.5205,1.4022
4.5210,1.4073
4.5216,1.3972
4.5221,1.4022
4.5227,1.4022
4.5232,1.4022
4.5238,1.4022
4.5243,1.4022
4.5249,1.3972
4.5254,1.4022
4.5260,1.4022
4.5265,1.3972
4.5271,1.4022
4.5279,1.4022
4.5285,1.4022
4.5290,1.4022
4.5296,1.4022
4.5301,1.4022
4.5307,1.4022
4.5312,1.4022
4.5318,1.4022
4.5323,1.4022
4.5328,1.4022
4.5334,1.4022
4.5339,1.4022
4.5345,1.4022
4.5351,1.4073
4.5356,1.4022
4.5362,1.3972
4.5368,1.4022
4.5374,1.4022
4.5380,1.4022
4.5386,1.4022
4.5391,1.4073
4.5397,1.3972
4.5402,1.4022
4.5408,1.4022
4.5414,1.4022
4.5419,1.4022
4.5425,1.4073
4.5431,1.4022
4.5436,1.4022
4.5442,1.4022
4.5447,1.4022
4.5453,1.3921
4.5458,1.4022
4.5463,1.4022
4.5469,1.3972
4.5474,1.4022
4.5480,1.4073
4.5485,1.4022
4.5491,1.4022
4.5496,1.3972
4.5502,1.4022
4.5507,1.4022
4.5513,1.4022
4.5518,1.4022
4.5524,1.4022
4.5530,1.4022
4.5535,1.4022
4.5541,1.4022
4.5547,1.4022
4.5552,1.4022
4.5558,1.3972
4.5564,1.4073
4.5569,1.4073
4.5575,1.3972
4.5581,1.3972
4.5586,1.4022
4.5592,1.3972
4.5597,1.4022
4.5603,1.4022
4.5609,1.4022
4.5616,1.4022
4.5622,1.4073
4.5627,1.4022
4.5633,1.4022
4.5638,1.4022
4.5644,1.4022
4.5649,1.3972
4.5654,1.4022
4.5660,1.3972
4.5665,1.4022
4.5671,1.4022
4.5676,1.4022
4.5681,1.4022
4.5687,1.4073
4.5692,1.4022
4.5698,1.4022
4.5703,1.3972
4.5709,1.4022
4.5714,1.4022
4.5720,1.3972
4.5725,1.4022
4.5730,1.4022
4.5736,1.4022
4.5741,1.3972
4.5747,1.4022
4.5752,1.4022
4.5757,1.3972
4.5763,1.3972
4.5768,1.4022
4.5774,1.4022
4.5779,1.4022
4.5784,1.4022
4.5790,1.4022
4.5795,1.3972
4.5801,1.4022
4.5806,1.3972
4.5811,1.4022
4.5817,1.3972
4.5822,1.4022
4.5828,1.4022
4.5833,1.4022
4.5838,1.4022
4.5844,1.3921
4.5849,1.3972
4.5855,1.4022
4.5860,1.4022
4.5865,1.3972
4.5871,1.4022
4.5876,1.4022
4.5882,1.4022
4.5887,1.3972
4.5893,1.3972
4.5898,1.4022
4.5904,1.4022
4.5909,1.3972
4.5914,1.4022
4.5920,1.4022
4.5925,1.4073
4.5931,1.4022
4.5936,1.4022
4.5941,1.4022
4.5947,1.3972
4.5952,1.4022
4.5958,1.3972
4.5963,1.4022
4.5968,1.3972
4.5974,1.4022
4.5979,1.4022
4.5985,1.4022
4.5990,1.3921
4.5995,1.4022
4.6001,1.3972
4.6006,1.3972
4.6012,1.4022
4.6017,1.4022
4.6022,1.4022
4.6028,1.3972
4.6033,1.4022
4.6039,1.3972
4.6044,1.4022
4.6049,1.3972
4.6055,1.4022
4.6060,1.4022
4.6066,1.4022
4.6071,1.4022
4.6076,1.4022
4.6082,1.3972
4.6087,1.3972
4.6093,1.4022
4.6098,1.4022
4.6103,1.3972
4.6109,1.4022
4.6114,1.4022
4.6120,1.4022
4.6125,1.3972
4.6131,1.3972
4.6136,1.3972
4.6141,1.3972
4.6147,1.4022
4.6152,1.3921
4.6158,1.4022
4.6163,1.4022
4.6168,1.3972
4.6174,1.3972
4.6179,1.3972
4.6185,1.4022
4.6190,1.3972
4.6195,1.4022
4.6201,1.3972
4.6206,1.3972
4.6212,1.3972
4.6217,1.3972
4.6223,1.3972
4.6228,1.3972
4.6233,1.3921
4.6239,1.4022
4.6244,1.3972
4.6250,1.3972
4.6255,1.3972
4.6261,1.3921
4.6266,1.3972
4.6271,1.3972
4.6277,1.3972
4.6282,1.3972
4.6288,1.3972
4.6293,1.4022
4.6299,1.3972
4.6304,1.3972
4.6310,1.3972
4.6315,1.3972
4.6320,1.3972
4.6326,1.3921
4.6331,1.3921
4.6337,1.3972
4.6342,1.3921
4.6347,1.3972
4.6353,1.3972
4.6358,1.3972
4.6364,1.3972
4.6369,1.3972
4.6374,1.3921
4.6380,1.3972
4.6385,1.4022
4.6391,1.3921
4.6396,1.3972
4.6401,1.3972
4.6407,1.3921
4.6412,1.3972
4.6418,1.4022
4.6423,1.3972
4.6429,1.3972
4.6434,1.3972
4.6439,1.3972
4.6445,1.3972
4.6450,1.4022
4.6456,1.3921
4.6461,1.3972
4.6467,1.3921
4.6472,1.3972
4.6478,1.3972
4.6483,1.3972
4.6488,1.3921
4.6494,1.3972
4.6499,1.3972
4.6505,1.3921
4.6510,1.3972
4.6516,1.3972
4.6521,1.3921
4.6526,1.3972
4.6532,1.3972
4.6537,1.3972
4.6543,1.3972
4.6548,1.3972
4.6554,1.3921
4.6559,1.3972
4.6565,1.3921
4.6570,1.3921
4.6576,1.3921
4.6581,1.3921
4.6587,1.3921
4.6592,1.3972
4.6597,1.3972
4.6603,1.3972
4.6608,1.3921
4.6614,1.3972
4.6620,1.3921
4.6626,1.3921
4.6631,1.3972
4.6637,1.3972
4.6642,1.3972
4.6648,1.3972
4.6653,1.3972
4.6659,1.3921
4.6664,1.3972
4.6670,1.3921
4.6675,1.3921
4.6681,1.3921
4.6686,1.3972
4.6691,1.3972
4.6697,1.3921
4.6702,1.3921
4.6708,1.3972
4.6714,1.3921
4.6719,1.3972
4.6725,1.3921
4.6731,1.3972
4.6736,1.3871
4.6741,1.3921
4.6747,1.3921
4.6753,1.3921
4.6758,1.3921
4.6764,1.3972
4.6769,1.3972
4.6775,1.3972
4.6780,1.3921
4.6786,1.3921
4.6791,1.3921
4.6797,1.4022
4.6802,1.3921
4.6808,1.3921
4.6813,1.3921
4.6819,1.3972
4.6824,1.3972
4.6830,1.3921
4.6835,1.3972
4.6841,1.3972
4.6846,1.3972
4.6852,1.3972
4.6857,1.3921
4.6863,1.3972
4.6868,1.3921
4.6874,1.3972
4.6879,1.3921
4.6885,1.3972
4.6890,1.3921
4.6896,1.3972
4.6901,1.3921
4.6907,1.3972
4.6912,1.3972
4.6918,1.3972
4.6923,1.3972
4.6929,1.3921
4.6934,1.3972
4.6940,1.3921
4.6945,1.3871
4.6951,1.3972
4.6956,1.3972
4.6962,1.3972
4.6967,1.3972
4.6973,1.3921
4.6978,1.3972
4.6984,1.3972
4.6989,1.3921
4.6995,1.3921
4.7000,1.3921
4.7006,1.3972
4.7011,1.3921
4.7017,1.3972
4.7022,1.3921
4.7028,1.3921
4.7033,1.3871
4.7039,1.3921
4.7044,1.3972
4.7050,1.3921
4.7055,1.3972
4.7061,1.3972
4.7066,1.3972
4.7071,1.3921
4.7077,1.3972
4.7082,1.3921
4.7088,1.3972
4.7093,1.3972
4.7099,1.3921
4.7104,1.3972
4.7110,1.3972
4.7115,1.3972
4.7121,1.3972
4.7126,1.3921
4.7132,1.3972
4.7137,1.3871
4.7146,1.3921
4.7151,1.3972
4.7157,1.3972
4.7162,1.3921
4.7168,1.3921
4.7173,1.3921
4.7179,1.3921
4.7184,1.3921
4.7190,1.3972
4.7195,1.3921
4.7201,1.3921
4.7206,1.3921
4.7212,1.3972
4.7217,1.3921
4.7223,1.3921
4.7228,1.3921
4.7234,1.3921
4.7239,1.3871
4.7245,1.3972
4.7250,1.3921
4.7256,1.3921
4.7261,1.3871
4.7267,1.3921
4.7276,1.3921
4.7282,1.3921
4.7287,1.3921
4.7293,1.3972
4.7298,1.3972
4.7304,1.3972
4.7309,1.3921
4.7315,1.3972
4.7320,1.3921
4.7325,1.3921
4.7331,1.3972
4.7336,1.3921
4.7342,1.3921
4.7347,1.3972
4.7353,1.3921
4.7358,1.3921
4.7364,1.3972
4.7369,1.3921
4.7375,1.3921
4.7380,1.3921
4.7386,1.3972
4.7391,1.3921
4.7396,1.3972
4.7402,1.3871
4.7408,1.3972
4.7413,1.3921
4.7419,1.3921
4.7424,1.3921
4.7430,1.3921
4.7435,1.3921
4.7440,1.3921
4.7446,1.3921
4.7452,1.3921
4.7457,1.3921
4.7463,1.3921
4.7469,1.3921
4.7475,1.3921
4.7480,1.3972
4.7486,1.3972
4.7492,1.3921
4.7497,1.3921
4.7503,1.3972
4.7509,1.3921
4.7514,1.3921
4.7520,1.3972
4.7526,1.3871
4.7532,1.3921
4.7537,1.3921
4.7543,1.3972
4.7548,1.3972
4.7554,1.3871
4.7560,1.3921
4.7566,1.3921
4.7571,1.3921
4.7577,1.3972
4.7582,1.3921
4.7589,1.3921
4.7594,1.3972
4.7600,1.3921
4.7605,1.3972
4.7611,1.3921
4.7616,1.3921
4.7622,1.3921
4.7627,1.3921
4.7633,1.3921
4.7638,1.3921
4.7644,1.3921
4.7649,1.3972
4.7655,1.3921
4.7660,1.3921
4.7666,1.3921
4.7671,1.3921
4.7676,1.3972
4.7682,1.3921
4.7687,1.3972
4.7694,1.3921
4.7700,1.3972
4.7706,1.3921
4.7711,1.3921
4.7717,1.3972
4.7722,1.3921
4.7728,1.3921
4.7733,1.3921
4.7739,1.3921
4.7744,1.3972
4.7750,1.3921
4.7755,1.3921
4.7760,1.3972
4.7766,1.3921
4.7771,1.3921
4.7777,1.3972
4.7782,1.3972
4.7788,1.3921
4.7793,1.3921
4.7799,1.3921
4.7804,1.3921
4.7810,1.3871
4.7815,1.3972
4.7821,1.3921
4.7826,1.3972
4.7831,1.3972
4.7837,1.3972
4.7842,1.3921
4.7848,1.3921
4.7853,1.3921
4.7859,1.3921
4.7864,1.3921
4.7870,1.4022
4.7875,1.3972
4.7881,1.3871
4.7886,1.3921
4.7891,1.3871
4.7897,1.3921
4.7902,1.3871
4.7908,1.3921
4.7914,1.3921
4.7919,1.3921
4.7925,1.3921
4.7930,1.3972
4.7936,1.3921
4.7941,1.3921
4.7947,1.3921
4.7952,1.3921
4.7958,1.3921
4.7963,1.3921
4.7969,1.3972
4.7974,1.3921
4.7980,1.3871
4.7986,1.3921
4.7991,1.3871
4.7997,1.3921
4.8002,1.3921
4.8008,1.3921
4.8014,1.3921
4.8019,1.3921
4.8025,1.3921
4.8030,1.3972
4.8036,1.3921
4.8041,1.3871
4.8047,1.3921
4.8052,1.3921
4.8058,1.3921
4.8063,1.3921
4.8069,1.3871
4.8074,1.3921
4.8080,1.3921
4.8085,1.3871
4.8091,1.3871
4.8096,1.3921
4.8102,1.3921
4.8107,1.3871
4.8113,1.3921
4.8118,1.3921
4.8124,1.3921
4.8129,1.3871
4.8135,1.3921
4.8140,1.3921
4.8146,1.3921
4.8151,1.3921
4.8156,1.3921
4.8162,1.3871
4.8167,1.3921
4.8173,1.3871
4.8178,1.3972
4.8184,1.3921
4.8189,1.3921
4.8195,1.3921
4.8200,1.3921
4.8206,1.3921
4.8211,1.3972
4.8217,1.3871
4.8222,1.3921
4.8228,1.3921
4.8233,1.3871
4.8239,1.3921
4.8244,1.3972
4.8250,1.3921
4.8255,1.3821
4.8261,1.3921
4.8266,1.3921
4.8272,1.3871
4.8277,1.3921
4.8283,1.3921
4.8288,1.3921
4.8294,1.3871
4.8299,1.3871
4.8305,1.3921
4.8310,1.3871
4.8316,1.3921
4.8321,1.3921
4.8327,1.3921
4.8332,1.3921
4.8338,1.3921
4.8343,1.3921
4.8349,1.3972
4.8354,1.3921
4.8360,1.3871
4.8365,1.3921
4.8371,1.3921
4.8376,1.3921
4.8382,1.3871
4.8387,1.3871
4.8393,1.3871
4.8398,1.3871
4.8404,1.3871
4.8409,1.3871
4.8415,1.3921
4.8420,1.3871
4.8426,1.3821
4.8431,1.3871
4.8437,1.3921
4.8442,1.3921
4.8448,1.3871
4.8453,1.3921
4.8459,1.3821
4.8464,1.3921
4.8470,1.3871
4.8475,1.3821
4.8481,1.3871
4.8486,1.3921
4.8492,1.3871
4.8497,1.3921
4.8503,1.3871
4.8508,1.3921
4.8514,1.3821
4.8519,1.3871
4.8525,1.3871
4.8530,1.3871
4.8536,1.3921
4.8541,1.3871
4.8547,1.3871
4.8552,1.3921
4.8557,1.3871
4.8563,1.3871
4.8568,1.3921
4.8574,1.3921
4.8579,1.3871
4.8585,1.3921
4.8590,1.3821
4.8596,1.3921
4.8601,1.3821
4.8607,1.3921
4.8612,1.3921
4.8618,1.3821
4.8623,1.3871
4.8629,1.3871
4.8635,1.3871
4.8640,1.3871
4.8646,1.3871
4.8651,1.3871
4.8657,1.3871
4.8662,1.3871
4.8668,1.3871
4.8673,1.3821
4.8679,1.3871
4.8685,1.3871
4.8690,1.3921
4.8696,1.3871
4.8701,1.3871
4.8707,1.3871
4.8712,1.3871
4.8718,1.3871
4.8723,1.3871
4.8729,1.3871
4.8734,1.3871
4.8740,1.3871
4.8745,1.3871
4.8751,1.3821
4.8756,1.3871
4.8762,1.3871
4.8767,1.3821
4.8773,1.3871
4.8778,1.3871
4.8784,1.3871
4.8789,1.3871
4.8795,1.3871
4.8800,1.3871
4.8806,1.3871
4.8811,1.3871
4.8817,1.3871
4.8822,1.3871
4.8828,1.3871
4.8833,1.3871
4.8838,1.3821
4.8844,1.3871
4.8849,1.3871
4.8855,1.3871
4.8860,1.3871
4.8866,1.3871
4.8871,1.3871
4.8877,1.3821
4.8882,1.3871
4.8888,1.3871
4.8893,1.3871
4.8899,1.3871
4.8904,1.3871
4.8909,1.3871
4.8915,1.3871
4.8920,1.3871
4.8926,1.3871
4.8931,1.3871
4.8937,1.3871
4.8942,1.3871
4.8948,1.3821
4.8953,1.3871
4.8959,1.3821
4.8964,1.3871
4.8970,1.3871
4.8975,1.3871
4.8981,1.3871
4.8986,1.3871
4.8992,1.3821
4.8997,1.3871
4.9003,1.3821
4.9008,1.3871
4.9014,1.3871
4.9019,1.3871
4.9025,1.3871
4.9030,1.3871
4.9036,1.3871
4.9041,1.3871
4.9047,1.3821
4.9052,1.3871
4.9058,1.3821
4.9063,1.3871
4.9069,1.3821
4.9074,1.3821
4.9080,1.3821
4.9085,1.3871
4.9091,1.3871
4.9096,1.3871
4.9102,1.3871
4.9107,1.3871
4.9113,1.3821
4.9118,1.3821
4.9124,1.3871
4.9129,1.3871
4.9135,1.3871
4.9140,1.3871
4.9146,1.3871
4.9151,1.3871
4.9157,1.3871
4.9162,1.3821
4.9168,1.3921
4.9173,1.3871
4.9179,1.3871
4.9184,1.3871
4.9190,1.3821
4.9195,1.3770
4.9201,1.3871
4.9206,1.3871
4.9212,1.3871
4.9217,1.3871
4.9223,1.3871
4.9228,1.3871
4.9234,1.3871
4.9239,1.3871
4.9245,1.3871
4.9250,1.3821
4.9256,1.3871
4.9261,1.3821
4.9267,1.3871
4.9272,1.3770
4.9282,1.3871
4.9288,1.3821
4.9293,1.3821
4.9299,1.3871
4.9304,1.3871
4.9310,1.3871
4.9315,1.3821
4.9321,1.3821
4.9326,1.3871
4.9332,1.3821
4.9337,1.3871
4.9343,1.3821
4.9348,1.3871
4.9354,1.3871
4.9359,1.3821
4.9364,1.3871
4.9370,1.3770
4.9375,1.3821
4.9381,1.3871
4.9387,1.3871
4.9392,1.3821
4.9397,1.3821
4.9403,1.3871
4.9408,1.3871
4.9414,1.3821
4.9419,1.3871
4.9425,1.3871
4.9430,1.3821
4.9436,1.3871
4.9441,1.3821
4.9447,1.3871
4.9452,1.3821
4.9457,1.3821
4.9463,1.3871
4.9468,1.3821
4.9474,1.3821
4.9479,1.3821
4.9485,1.3821
4.9490,1.3821
4.9496,1.3821
4.9501,1.3821
4.9507,1.3821
4.9512,1.3871
4.9518,1.3821
4.9523,1.3770
4.9529,1.3871
4.9534,1.3821
4.9540,1.3871
4.9545,1.3821
4.9551,1.3871
4.9556,1.3871
4.9562,1.3821
4.9567,1.3871
4.9573,1.3821
4.9578,1.3821
4.9584,1.3821
4.9589,1.3871
4.9595,1.3871
4.9600,1.3821
4.9606,1.3821
4.9611,1.3821
4.9617,1.3821
4.9622,1.3871
4.9628,1.3821
4.9634,1.3871
4.9642,1.3821
4.9647,1.3871
4.9653,1.3871
4.9659,1.3821
4.9664,1.3821
4.9670,1.3770
4.9675,1.3821
4.9681,1.3821
4.9687,1.3821
4.9692,1.3821
4.9698,1.3770
4.9703,1.3821
4.9709,1.3871
4.9715,1.3770
4.9720,1.3871
4.9726,1.3871
4.9731,1.3821
4.9737,1.3871
4.9743,1.3821
4.9748,1.3770
4.9754,1.3821
4.9759,1.3821
4.9765,1.3821
4.9771,1.3871
4.9776,1.3871
4.9782,1.3821
4.9787,1.3821
4.9793,1.3821
4.9799,1.3821
4.9804,1.3821
4.9810,1.3821
4.9815,1.3821
4.9821,1.3821
4.9827,1.3821
4.9832,1.3821
4.9838,1.3871
4.9843,1.3871
4.9849,1.3821
4.9854,1.3871
4.9860,1.3821
4.9866,1.3821
4.9871,1.3821
4.9877,1.3871
4.9882,1.3821
4.9888,1.3821
4.9894,1.3821
4.9899,1.3821
4.9905,1.3871
4.9910,1.3821
4.9916,1.3821
4.9921,1.3871
4.9927,1.3821
4.9933,1.3770
4.9938,1.3821
4.9944,1.3821
4.9949,1.3821
4.9955,1.3770
4.9961,1.3821
4.9966,1.3821
4.9972,1.3871
4.9977,1.3871
4.9983,1.3871
4.9988,1.3871
4.9994,1.3821
5.0000,1.3821
5.0005,1.3821
5.0011,1.3821
5.0016,1.3821
5.0022,1.3821
5.0027,1.3871
5.0033,1.3770
5.0039,1.3821
5.0044,1.3821
5.0050,1.3871
5.0055,1.3821
5.0061,1.3821
5.0067,1.3821
5.0072,1.3821
5.0078,1.3871
5.0083,1.3871
5.0089,1.3770
5.0095,1.3871
5.0100,1.3821
5.0106,1.3821
5.0112,1.3871
5.0117,1.3770
5.0123,1.3770
5.0128,1.3770
5.0134,1.3821
5.0139,1.3821
5.0145,1.3821
5.0151,1.3770
5.0156,1.3821
5.0162,1.3871
5.0168,1.3770
5.0173,1.3821
5.0179,1.3821
5.0184,1.3821
5.0190,1.3871
5.0195,1.3821
5.0201,1.3821
5.0207,1.3821
5.0212,1.3821
5.0218,1.3871
5.0223,1.3821
5.0229,1.3770
5.0235,1.3821
5.0240,1.3871
5.0246,1.3821
5.0252,1.3770
5.0257,1.3821
5.0263,1.3821
5.0269,1.3770
5.0274,1.3821
5.0280,1.3821
5.0286,1.3821
5.0292,1.3821
5.0298,1.3821
5.0303,1.3821
5.0309,1.3821
5.0314,1.3821
5.0320,1.3821
5.0325,1.3821
5.0331,1.3770
5.0336,1.3821
5.0342,1.3821
5.0348,1.3821
5.0354,1.3821
5.0360,1.3871
5.0367,1.3821
5.0373,1.3821
5.0379,1.3821
5.0384,1.3821
5.0390,1.3821
5.0396,1.3821
5.0401,1.3821
5.0407,1.3821
5.0412,1.3821
5.0418,1.3821
5.0424,1.3871
5.0429,1.3821
5.0435,1.3821
5.0441,1.3821
5.0446,1.3821
5.0451,1.3821
5.0457,1.3821
5.0462,1.3821
5.0468,1.3821
5.0473,1.3821
5.0479,1.3821
5.0485,1.3821
5.0490,1.3821
5.0495,1.3821
5.0501,1.3770
5.0507,1.3821
5.0512,1.3871
5.0518,1.3770
5.0524,1.3871
5.0530,1.3821
5.0536,1.3871
5.0542,1.3821
5.0548,1.3821
5.0553,1.3871
5.0559,1.3821
5.0565,1.3821
5.0571,1.3821
5.0577,1.3821
5.0585,1.3821
5.0590,1.3821
5.0596,1.3821
5.0602,1.3770
5.0609,1.3821
5.0615,1.3821
5.0620,1.3821
5.0626,1.3821
5.0631,1.3821
5.0636,1.3770
5.0642,1.3821
5.0647,1.3821
5.0653,1.3770
5.0658,1.3770
5.0663,1.3821
5.0668,1.3770
5.0673,1.3821
5.0679,1.3821
5.0684,1.3821
5.0689,1.3821
5.0694,1.3821
5.0700,1.3821
5.0705,1.3821
5.0710,1.3821
5.0715,1.3821
5.0721,1.3821
5.0726,1.3821
5.0731,1.3821
5.0736,1.3821
5.0741,1.3821
5.0747,1.3821
5.0752,1.3821
5.0757,1.3821
5.0762,1.3821
5.0767,1.3821
5.0773,1.3821
5.0778,1.3821
5.0783,1.3821
5.0788,1.3821
5.0793,1.3821
5.0799,1.3821
5.0804,1.3770
5.0809,1.3821
5.0814,1.3821
5.0820,1.3821
5.0825,1.3821
5.0830,1.3821
5.0835,1.3821
5.0840,1.3770
5.0846,1.3770
5.0851,1.3871
5.0856,1.3821
5.0861,1.3770
5.0866,1.3821
5.0872,1.3821
5.0877,1.3821
5.0882,1.3770
5.0887,1.3821
5.0892,1.3770
5.0898,1.3821
5.0903,1.3821
5.0908,1.3770
5.0913,1.3770
5.0919,1.3821
5.0924,1.3770
5.0929,1.3821
5.0934,1.3821
5.0939,1.3821
5.0944,1.3821
5.0950,1.3770
5.0955,1.3821
5.0960,1.3821
5.0965,1.3821
5.0970,1.3821
5.0976,1.3821
5.0981,1.3821
5.0986,1.3821
5.0991,1.3821
5.0996,1.3821
5.1002,1.3821
5.1007,1.3821
5.1012,1.3770
5.1017,1.3821
5.1023,1.3821
5.1028,1.3821
5.1033,1.3821
5.1038,1.3821
5.1043,1.3770
5.1049,1.3770
5.1054,1.3821
5.1059,1.3821
5.1064,1.3821
5.1069,1.3770
5.1075,1.3821
5.1080,1.3821
5.1085,1.3770
5.1090,1.3821
5.1095,1.3821
5.1100,1.3821
5.1106,1.3821
5.1111,1.3821
5.1116,1.3821
5.1121,1.3821
5.1127,1.3821
5.1132,1.3821
5.1137,1.3821
5.1142,1.3821
5.1147,1.3821
5.1153,1.3871
5.1158,1.3821
5.1163,1.3821
5.1168,1.3871
5.1173,1.3821
5.1179,1.3821
5.1184,1.3871
5.1189,1.3871
5.1194,1.3821
5.1199,1.3871
5.1205,1.3821
5.1210,1.3821
5.1215,1.3821
5.1220,1.3821
5.1225,1.3821
5.1231,1.3821
5.1236,1.3871
5.1241,1.3821
5.1246,1.3871
5.1251,1.3871
5.1257,1.3871
5.1262,1.3821
5.1267,1.3770
5.1272,1.3871
5.1277,1.3871
5.1283,1.3871
5.1288,1.3821
5.1293,1.3821
5.1298,1.3871
5.1303,1.3821
5.1309,1.3821
5.1314,1.3871
5.1319,1.3871
5.1324,1.3871
5.1329,1.3871
5.1335,1.3871
5.1340,1.3871
5.1345,1.3871
5.1350,1.3871
5.1356,1.3871
5.1361,1.3871
5.1366,1.3871
5.1371,1.3821
5.1376,1.3871
5.1382,1.3821
5.1387,1.3871
5.1392,1.3871
5.1397,1.3821
5.1403,1.3871
5.1408,1.3821
5.1413,1.3871
5.1418,1.3921
5.1423,1.3871
5.1429,1.3921
5.1434,1.3921
5.1439,1.3871
5.1444,1.3821
5.1449,1.3871
5.1455,1.3921
5.1460,1.3871
5.1465,1.3871
5.1470,1.3921
5.1476,1.3921
5.1481,1.3871
5.1486,1.3871
5.1491,1.3921
5.1497,1.3921
5.1502,1.3972
5.1507,1.3921
5.1512,1.3921
5.1517,1.3921
5.1523,1.3921
5.1528,1.3921
5.1533,1.3972
5.1538,1.3972
5.1543,1.3921
5.1549,1.3972
5.1554,1.3921
5.1559,1.3921
5.1564,1.3921
5.1570,1.3921
5.1575,1.3871
5.1580,1.3921
5.1585,1.3921
5.1590,1.3972
5.1596,1.3972
5.1601,1.3921
5.1606,1.3921
5.1611,1.3972
5.1617,1.3972
5.1622,1.3921
5.1627,1.3972
5.1632,1.3921
5.1637,1.3972
5.1643,1.3972
5.1648,1.3921
5.1653,1.3972
5.1658,1.3921
5.1663,1.3972
5.1669,1.3972
5.1674,1.3972
5.1679,1.3921
5.1684,1.3972
5.1690,1.3972
5.1695,1.4022
5.1700,1.4022
5.1705,1.3972
5.1710,1.3972
5.1716,1.3972
5.1721,1.3972
5.1726,1.3972
5.1731,1.3921
5.1737,1.3972
5.1742,1.3972
5.1747,1.3921
5.1752,1.4022
5.1757,1.4022
5.1763,1.3972
5.1768,1.4022
5.1773,1.4022
5.1778,1.4022
5.1783,1.4022
5.1789,1.4022
5.1794,1.3972
5.1799,1.4022
5.1804,1.3972
5.1810,1.4022
5.1815,1.3972
5.1820,1.3972
5.1825,1.3972
5.1831,1.3972
5.1836,1.4022
5.1841,1.4022
5.1846,1.4022
5.1851,1.3972
5.1857,1.4022
5.1862,1.4022
5.1867,1.3972
5.1872,1.4022
5.1878,1.4022
5.1883,1.4022
5.1888,1.4022
5.1893,1.4022
5.1898,1.4022
5.1904,1.4022
5.1909,1.3972
5.1914,1.3972
5.1919,1.4022
5.1924,1.3972
5.1930,1.4022
5.1935,1.3972
5.1940,1.4022
5.1945,1.4022
5.1951,1.4022
5.1956,1.4022
5.1961,1.3972
5.1966,1.4022
5.1971,1.4022
5.1977,1.4073
5.1982,1.4022
5.1987,1.4022
5.1992,1.3972
5.1997,1.4022
5.2003,1.4022
5.2008,1.3972
5.2013,1.3972
5.2018,1.3972
5.2024,1.3972
5.2029,1.4022
5.2034,1.4022
5.2039,1.4022
5.2044,1.4022
5.2050,1.4022
5.2055,1.4022
5.2060,1.4022
5.2065,1.4022
5.2071,1.4022
5.2076,1.4022
5.2081,1.4073
5.2086,1.4022
5.2091,1.4022
5.2097,1.4073
5.2102,1.4022
5.2107,1.4022
5.2112,1.4022
5.2117,1.4022
5.2123,1.4022
5.2128,1.4022
5.2133,1.4022
5.2138,1.4022
5.2144,1.4022
5.2149,1.3972
5.2154,1.4022
5.2159,1.3972
5.2165,1.4022
5.2170,1.4073
5.2175,1.4022
5.2180,1.3972
5.2185,1.4022
5.2191,1.4022
5.2196,1.4022
5.2201,1.4022
5.2206,1.4022
5.2211,1.4022
5.2217,1.4073
5.2222,1.4022
5.2227,1.3972
5.2232,1.3972
5.2239,1.4022
5.2245,1.4022
5.2250,1.4022
5.2255,1.4022
5.2261,1.3972
5.2266,1.4022
5.2271,1.4022
5.2276,1.4022
5.2282,1.4022
5.2287,1.4022
5.2292,1.4022
5.2298,1.3972
5.2303,1.4022
5.2308,1.4022
5.2314,1.4073
5.2319,1.4073
5.2324,1.4022
5.2330,1.4022
5.2335,1.4022
5.2340,1.3972
5.2346,1.4073
5.2351,1.4022
5.2356,1.4022
5.2362,1.4022
5.2367,1.4022
5.2373,1.4022
5.2378,1.4022
5.2383,1.3972
5.2388,1.3972
5.2394,1.4022
5.2399,1.4022
5.2404,1.4073
5.2410,1.4022
5.2415,1.4022
5.2420,1.3972
5.2426,1.4022
5.2431,1.4022
5.2437,1.4073
5.2442,1.4073
5.2447,1.3972
5.2453,1.4022
5.2459,1.4073
5.2464,1.4073
5.2469,1.4022
5.2474,1.4022
5.2480,1.4022
5.2485,1.3972
5.2490,1.4022
5.2495,1.4022
5.2500,1.4073
5.2506,1.3972
5.2511,1.4022
5.2516,1.4022
5.2521,1.4022
5.2526,1.4022
5.2532,1.3972
5.2537,1.3972
5.2542,1.4022
5.2547,1.4022
5.2552,1.3972
5.2558,1.4022
5.2563,1.4022
5.2568,1.4022
5.2573,1.4022
5.2578,1.4022
5.2584,1.3972
5.2589,1.4022
5.2594,1.4022
5.2599,1.4022
5.2604,1.4073
5.2610,1.4022
5.2615,1.4073
5.2620,1.4022
5.2625,1.4022
5.2630,1.4073
5.2636,1.4022
5.2641,1.4022
5.2646,1.4022
5.2651,1.4073
5.2656,1.4073
5.2662,1.4022
5.2667,1.4022
5.2672,1.4022
5.2677,1.4022
5.2682,1.4073
5.2688,1.4073
5.2693,1.4022
5.2698,1.4022
5.2703,1.4022
5.2708,1.4022
5.2714,1.4022
5.2719,1.4073
5.2724,1.4022
5.2729,1.4022
5.2734,1.4022
5.2740,1.4022
5.2745,1.4022
5.2750,1.4073
5.2755,1.4022
5.2760,1.3972
5.2766,1.4022
5.2771,1.4022
5.2776,1.3972
5.2781,1.4022
5.2786,1.4022
5.2792,1.3972
5.2797,1.4022
5.2802,1.3921
5.2807,1.4073
5.2813,1.4022
5.2818,1.4022
5.2823,1.3972
5.2828,1.4073
5.2833,1.4073
5.2839,1.4073
5.2844,1.4022
5.2849,1.4073
5.2854,1.4022
5.2859,1.4022
5.2865,1.4022
5.2870,1.4022
5.2875,1.4022
5.2880,1.4022
5.2885,1.4022
5.2891,1.4022
5.2896,1.4022
5.2901,1.4022
5.2906,1.4022
5.2911,1.4022
5.2917,1.4073
5.2922,1.4022
5.2927,1.4022
5.2932,1.4022
5.2937,1.4022
5.2943,1.4022
5.2948,1.4022
5.2953,1.4022
5.2958,1.4022
5.2963,1.4022
5.2969,1.4022
5.2974,1.4022
5.2979,1.4022
5.2984,1.4073
5.2989,1.4022
5.2995,1.4022
5.3000,1.4022
5.3005,1.4073
5.3010,1.4073
5.3015,1.4022
5.3021,1.4022
5.3026,1.4022
5.3031,1.3972
5.3036,1.3972
5.3041,1.4022
5.3047,1.4073
5.3052,1.4073
5.3057,1.4022
5.3062,1.3972
5.3067,1.3972
5.3073,1.3972
5.3078,1.4022
5.3083,1.4022
5.3088,1.4022
5.3093,1.4022
5.3099,1.3972
5.3104,1.4022
5.3109,1.4022
5.3114,1.4022
5.3119,1.4022
5.3125,1.3972
5.3130,1.4022
5.3135,1.4022
5.3140,1.4022
5.3145,1.3972
5.3151,1.4022
5.3156,1.4022
5.3161,1.4022
5.3166,1.3972
5.3171,1.3972
5.3177,1.4022
5.3182,1.3972
5.3187,1.4022
5.3192,1.3972
5.3197,1.3972
5.3203,1.4022
5.3208,1.4022
5.3213,1.4022
5.3218,1.4022
5.3223,1.3972
5.3229,1.4022
5.3234,1.3972
5.3239,1.4022
5.3244,1.3972
5.3249,1.3972
5.3255,1.4022
5.3260,1.4022
5.3265,1.4022
5.3270,1.4022
5.3275,1.4022
5.3281,1.3972
5.3286,1.4022
5.3291,1.3972
5.3296,1.4022
5.3301,1.3972
5.3307,1.3972
5.3312,1.4022
5.3317,1.4022
5.3322,1.4022
5.3328,1.3921
5.3333,1.3972
5.3338,1.4022
5.3343,1.3972
5.3348,1.3972
5.3354,1.3921
5.3359,1.3972
5.3364,1.3972
5.3369,1.4022
5.3374,1.4022
5.3380,1.4022
5.3385,1.4022
5.3390,1.4022
5.3395,1.3972
5.3400,1.4022
5.3406,1.3972
5.3411,1.3972
5.3416,1.3972
5.3421,1.4022
5.3426,1.3972
5.3432,1.4022
5.3437,1.4022
5.3442,1.4022
5.3448,1.3972
5.3453,1.3972
5.3459,1.4022
5.3464,1.3972
5.3470,1.3921
5.3475,1.3972
5.3481,1.4022
5.3486,1.4022
5.3492,1.4022
5.3497,1.3921
5.3503,1.3972
5.3508,1.3972
5.3513,1.3972
5.3519,1.3972
5.3524,1.3921
5.3530,1.3972
5.3535,1.3921
5.3540,1.3972
5.3545,1.3921
5.3551,1.4022
5.3556,1.3972
5.3561,1.3972
5.3566,1.4022
5.3571,1.3972
5.3577,1.3972
5.3582,1.3921
5.3587,1.3972
5.3592,1.3972
5.3597,1.3972
5.3603,1.3921
5.3608,1.3921
5.3613,1.3972
5.3618,1.3972
5.3623,1.3972
5.3629,1.4022
5.3634,1.3921
5.3639,1.3921
5.3644,1.3921
5.3649,1.3921
5.3655,1.3972
5.3660,1.3972
5.3665,1.3972
5.3670,1.3972
5.3675,1.3972
5.3681,1.3972
5.3686,1.3921
5.3691,1.3972
5.3696,1.3972
5.3702,1.3921
5.3707,1.4022
5.3712,1.3972
5.3717,1.3921
5.3722,1.3921
5.3728,1.3972
5.3733,1.4022
5.3738,1.3972
5.3743,1.3972
5.3748,1.3972
5.3754,1.3972
5.3759,1.3972
5.3764,1.3972
5.3769,1.4022
5.3774,1.3972
5.3780,1.3972
5.3785,1.3972
5.3790,1.3972
5.3795,1.3921
5.3800,1.3921
5.3806,1.3972
5.3811,1.3972
5.3816,1.3972
5.3821,1.3972
5.3827,1.3972
5.3832,1.3972
5.3837,1.3972
5.3842,1.3972
5.3847,1.3972
5.3853,1.3972
5.3858,1.3921
5.3863,1.3972
5.3868,1.3921
5.3873,1.3921
5.3879,1.3972
5.3884,1.3972
5.3889,1.3972
5.3894,1.3972
5.3899,1.3972
5.3905,1.3921
5.3910,1.3972
5.3915,1.3972
5.3920,1.3972
5.3925,1.3921
5.3931,1.3972
5.3936,1.3972
5.3941,1.3972
5.3946,1.3972
5.3951,1.3921
5.3957,1.3921
5.3962,1.3972
5.3967,1.3921
5.3972,1.3972
5.3977,1.3972
5.3983,1.3972
5.3988,1.3921
5.3993,1.3921
5.3998,1.3972
5.4003,1.3972
5.4009,1.3972
5.4014,1.3972
5.4019,1.3972
5.4024,1.3921
5.4029,1.3921
5.4035,1.3972
5.4040,1.3921
5.4045,1.3921
5.4050,1.3972
5.4055,1.3972
5.4061,1.3972
5.4066,1.3921
5.4071,1.3921
5.4076,1.3972
5.4081,1.3972
5.4087,1.3972
5.4092,1.3972
5.4097,1.3972
5.4102,1.3972
5.4107,1.3921
5.4113,1.3972
5.4118,1.3972
5.4123,1.3921
5.4128,1.3972
5.4134,1.3972
5.4139,1.3972
5.4144,1.3972
5.4149,1.3972
5.4154,1.3972
5.4160,1.3972
5.4165,1.3972
5.4170,1.3972
5.4175,1.3972
5.4180,1.3972
5.4186,1.3972
5.4191,1.3921
5.4196,1.3972
5.4201,1.3972
5.4206,1.3972
5.4212,1.3972
5.4217,1.3972
5.4222,1.3972
5.4227,1.3972
5.4232,1.3972
5.4238,1.3972
5.4243,1.3921
5.4248,1.3972
5.4253,1.3972
5.4259,1.3972
5.4264,1.3972
5.4269,1.3921
5.4274,1.3972
5.4279,1.3972
5.4285,1.3921
5.4290,1.3972
5.4295,1.3972
5.4300,1.3972
5.4305,1.3972
5.4311,1.3972
5.4316,1.3972
5.4321,1.3972
5.4326,1.3921
5.4332,1.3972
5.4337,1.3972
5.4342,1.3972
5.4347,1.3972
5.4352,1.3921
5.4358,1.3972
5.4363,1.3972
5.4368,1.3921
5.4373,1.3921
5.4378,1.3972
5.4384,1.3921
5.4389,1.3921
5.4394,1.3972
5.4399,1.3921
5.4405,1.3921
5.4410,1.3972
5.4415,1.3972
5.4420,1.3921
5.4425,1.3921
5.4431,1.3921
5.4436,1.3921
5.4441,1.3972
5.4446,1.3972
5.4452,1.4022
5.4457,1.3921
5.4462,1.3921
5.4467,1.3921
5.4472,1.3921
5.4478,1.3972
5.4483,1.3972
5.4488,1.3921
5.4493,1.3972
5.4498,1.3921
5.4504,1.3921
5.4511,1.3972
5.4516,1.3921
5.4521,1.3871
5.4526,1.3972
5.4532,1.3972
5.4537,1.3921
5.4542,1.3921
5.4547,1.3972
5.4552,1.3972
5.4559,1.3921
5.4564,1.3972
5.4569,1.3921
5.4574,1.3972
5.4579,1.3972
5.4585,1.3972
5.4590,1.3972
5.4595,1.3972
5.4600,1.3921
5.4605,1.3972
5.4611,1.3972
5.4616,1.3972
5.4621,1.3921
5.4626,1.3921
5.4632,1.3972
5.4637,1.3972
5.4642,1.3972
5.4647,1.3972
5.4652,1.3921
5.4658,1.3921
5.4663,1.3972
5.4668,1.3972
5.4673,1.3972
5.4678,1.3921
5.4684,1.3921
5.4689,1.3972
5.4694,1.3921
5.4699,1.3972
5.4705,1.3921
5.4710,1.3921
5.4715,1.3921
5.4720,1.3972
5.4725,1.3972
5.4731,1.3921
5.4736,1.3972
5.4741,1.3972
5.4746,1.3921
5.4751,1.3921
5.4757,1.3921
5.4762,1.3871
5.4767,1.3972
5.4772,1.3921
5.4778,1.3972
5.4783,1.3972
5.4788,1.3972
5.4793,1.3921
5.4799,1.3972
5.4804,1.3921
5.4809,1.3972
5.4814,1.3921
5.4819,1.3921
5.4825,1.3972
5.4830,1.3921
5.4835,1.3921
5.4840,1.3921
5.4846,1.3921
5.4851,1.3972
5.4856,1.3972
5.4861,1.3972
5.4866,1.3921
5.4872,1.3921
5.4877,1.3921
5.4882,1.3972
5.4887,1.3972
5.4892,1.3972
5.4898,1.3921
5.4903,1.3972
5.4909,1.3921
5.4914,1.3921
5.4919,1.3972
5.4924,1.3972
5.4929,1.3921
5.4935,1.4022
5.4940,1.3972
5.4945,1.3921
5.4950,1.3921
5.4956,1.3921
5.4961,1.3921
5.4966,1.3972
5.4971,1.3921
5.4976,1.3921
5.4982,1.3972
5.4987,1.3972
5.4992,1.3921
5.4997,1.3921
5.5003,1.3972
5.5008,1.3972
5.5013,1.3921
5.5019,1.3921
5.5024,1.3921
5.5029,1.3972
5.5034,1.3921
5.5039,1.3921
5.5045,1.3921
5.5050,1.3921
5.5055,1.3921
5.5060,1.3921
5.5065,1.3921
5.5071,1.3921
5.5076,1.3871
5.5081,1.3921
5.5086,1.3921
5.5092,1.3972
5.5097,1.3972
5.5102,1.3921
5.5107,1.3871
5.5112,1.3972
5.5118,1.3921
5.5123,1.3921
5.5128,1.3972
5.5133,1.3921
5.5139,1.3921
5.5144,1.3972
5.5149,1.3972
5.5154,1.3921
5.5159,1.3921
5.5165,1.3972
5.5170,1.3921
5.5175,1.3921
5.5180,1.3972
5.5186,1.3921
5.5191,1.3972
5.5196,1.3921
5.5201,1.3921
5.5206,1.3921
5.5212,1.3972
5.5217,1.3921
5.5222,1.3972
5.5227,1.3871
5.5232,1.3921
5.5238,1.3921
5.5243,1.3871
5.5248,1.3972
5.5253,1.3921
5.5259,1.3921
5.5264,1.3972
5.5269,1.3921
5.5274,1.3921
5.5279,1.3921
5.5285,1.3921
5.5290,1.3972
5.5295,1.3972
5.5300,1.3871
5.5306,1.3972
5.5311,1.3921
5.5316,1.3921
5.5321,1.3921
5.5326,1.3921
5.5332,1.3871
5.5337,1.3972
5.5342,1.3921
5.5348,1.3921
5.5354,1.3921
5.5359,1.3972
5.5365,1.3871
5.5371,1.3921
5.5376,1.3871
5.5382,1.3921
5.5387,1.3921
5.5393,1.3921
5.5398,1.3921
5.5403,1.3921
5.5408,1.3921
5.5414,1.3921
5.5419,1.3921
5.5424,1.3921
5.5429,1.3921
5.5435,1.3921
5.5440,1.3972
5.5446,1.3871
5.5451,1.3921
5.5457,1.3921
5.5463,1.3921
5.5468,1.3921
5.5474,1.3871
5.5479,1.3921
5.5484,1.3921
5.5490,1.3921
5.5495,1.3871
5.5500,1.3921
5.5506,1.3921
5.5511,1.3921
5.5516,1.3921
5.5521,1.3871
5.5526,1.3921
5.5532,1.3921
5.5537,1.3921
5.5542,1.3921
5.5548,1.3921
5.5553,1.3921
5.5558,1.3921
5.5563,1.3921
5.5568,1.3921
5.5574,1.3921
5.5579,1.3921
5.5584,1.3871
5.5589,1.3921
5.5594,1.3871
5.5600,1.3972
5.5605,1.3871
5.5610,1.3921
5.5615,1.3871
5.5620,1.3921
5.5626,1.3921
5.5631,1.3921
5.5636,1.3921
5.5641,1.3921
5.5646,1.3871
5.5652,1.3871
5.5657,1.3871
5.5662,1.3871
5.5667,1.3921
5.5672,1.3921
5.5678,1.3871
5.5683,1.3871
5.5688,1.3921
5.5693,1.3921
5.5699,1.3921
5.5704,1.3871
5.5709,1.3871
5.5714,1.3972
5.5719,1.3921
5.5725,1.3871
5.5730,1.3921
5.5735,1.3921
5.5740,1.3921
5.5745,1.3871
5.5751,1.3921
5.5756,1.3921
5.5761,1.3871
5.5766,1.3921
5.5771,1.3921
5.5777,1.3871
5.5782,1.3921
5.5787,1.3871
5.5792,1.3821
5.5797,1.3871
5.5803,1.3871
5.5808,1.3871
5.5813,1.3921
5.5818,1.3871
5.5823,1.3921
5.5829,1.3871
5.5834,1.3921
5.5839,1.3921
5.5844,1.3921
5.5849,1.3972
5.5855,1.3871
5.5860,1.3871
5.5865,1.3821
5.5870,1.3921
5.5875,1.3871
5.5881,1.3871
5.5886,1.3871
5.5891,1.3871
5.5896,1.3921
5.5901,1.3921
5.5907,1.3921
5.5912,1.3871
5.5917,1.3921
5.5922,1.3921
5.5927,1.3871
5.5933,1.3871
5.5938,1.3871
5.5943,1.3871
5.5948,1.3921
5.5953,1.3871
5.5959,1.3921
5.5964,1.3921
5.5969,1.3921
5.5974,1.3871
5.5979,1.3921
5.5985,1.3871
5.5990,1.3871
5.5995,1.3921
5.6000,1.3871
5.6005,1.3921
5.6011,1.3871
5.6016,1.3871
5.6021,1.3921
5.6026,1.3871
5.6031,1.3821
5.6037,1.3871
5.6042,1.3871
5.6047,1.3871
5.6052,1.3871
5.6057,1.3921
5.6063,1.3871
5.6068,1.3871
5.6073,1.3871
5.6078,1.3871
5.6083,1.3921
5.6089,1.3871
5.6094,1.3921
5.6099,1.3871
5.6104,1.3871
5.6109,1.3871
5.6115,1.3871
5.6120,1.3821
5.6125,1.3921
5.6131,1.3871
5.6136,1.3871
5.6141,1.3871
5.6146,1.3871
5.6152,1.3871
5.6157,1.3871
5.6162,1.3871
5.6167,1.3871
5.6172,1.3921
5.6178,1.3871
5.6183,1.3871
5.6188,1.3821
5.6193,1.3871
5.6198,1.3871
5.6204,1.3821
5.6209,1.3871
5.6214,1.3871
5.6219,1.3871
5.6225,1.3871
5.6230,1.3871
5.6235,1.3921
5.6240,1.3871
5.6245,1.3821
5.6251,1.3871
5.6256,1.3871
5.6261,1.3871
5.6266,1.3921
5.6272,1.3871
5.6277,1.3871
5.6282,1.3871
5.6287,1.3871
5.6292,1.3871
5.6298,1.3871
5.6303,1.3871
5.6308,1.3871
5.6313,1.3871
5.6319,1.3871
5.6324,1.3871
5.6329,1.3871
5.6334,1.3871
5.6339,1.3871
5.6345,1.3871
5.6350,1.3921
5.6355,1.3921
5.6360,1.3871
5.6366,1.3821
5.6371,1.3871
5.6376,1.3871
5.6381,1.3821
5.6386,1.3871
5.6392,1.3871
5.6397,1.3871
5.6402,1.3871
5.6407,1.3871
5.6412,1.3871
5.6418,1.3821
5.6423,1.3821
5.6428,1.3871
5.6433,1.3821
5.6439,1.3821
5.6444,1.3871
5.6449,1.3871
5.6454,1.3871
5.6459,1.3821
5.6465,1.3821
5.6470,1.3871
5.6475,1.3871
5.6480,1.3821
5.6486,1.3871
5.6491,1.3871
5.6496,1.3821
5.6501,1.3821
5.6506,1.3821
5.6512,1.3821
5.6517,1.3871
5.6522,1.3871
5.6527,1.3871
5.6533,1.3821
5.6538,1.3821
5.6543,1.3821
5.6548,1.3821
5.6553,1.3871
5.6559,1.3871
5.6564,1.3871
5.6569,1.3871
5.6574,1.3871
5.6580,1.3821
5.6585,1.3871
5.6590,1.3821
5.6596,1.3871
5.6601,1.3871
5.6607,1.3871
5.6612,1.3871
5.6617,1.3770
5.6623,1.3871
5.6628,1.3770
5.6633,1.3871
5.6639,1.3871
5.6644,1.3871
5.6649,1.3871
5.6654,1.3821
5.6659,1.3871
5.6665,1.3871
5.6670,1.3871
5.6675,1.3821
5.6680,1.3871
5.6685,1.3871
5.6691,1.3871
5.6696,1.3821
5.6701,1.3871
5.6706,1.3821
5.6712,1.3821
5.6717,1.3821
5.6722,1.3871
5.6727,1.3821
5.6732,1.3871
5.6738,1.3871
5.6743,1.3871
5.6748,1.3821
5.6753,1.3821
5.6758,1.3871
5.6764,1.3871
5.6769,1.3871
5.6774,1.3871
5.6779,1.3821
5.6785,1.3821
5.6790,1.3821
5.6795,1.3821
5.6800,1.3821
5.6805,1.3821
5.6811,1.3871
5.6816,1.3871
5.6821,1.3821
5.6826,1.3821
5.6832,1.3821
5.6837,1.3871
5.6842,1.3871
5.6847,1.3821
5.6852,1.3871
5.6858,1.3770
5.6863,1.3871
5.6868,1.3821
5.6873,1.3821
5.6878,1.3871
5.6884,1.3821
5.6889,1.3770
5.6894,1.3821
5.6899,1.3871
5.6905,1.3821
5.6910,1.3871
5.6915,1.3821
5.6920,1.3821
5.6925,1.3821
5.6931,1.3871
5.6936,1.3770
5.6941,1.3821
5.6946,1.3821
5.6952,1.3821
5.6957,1.3871
5.6962,1.3770
5.6967,1.3821
5.6972,1.3821
5.6978,1.3821
5.6983,1.3821
5.6988,1.3821
5.6993,1.3821
5.6999,1.3821
5.7004,1.3821
5.7009,1.3821
5.7014,1.3821
5.7019,1.3821
5.7025,1.3821
5.7030,1.3821
5.7035,1.3770
5.7040,1.3770
5.7045,1.3821
5.7051,1.3871
5.7056,1.3821
5.7061,1.3821
5.7066,1.3821
5.7072,1.3821
5.7077,1.3821
5.7082,1.3821
5.7087,1.3871
5.7092,1.3821
5.7098,1.3871
5.7103,1.3821
5.7108,1.3821
5.7113,1.3871
5.7119,1.3871
5.7124,1.3871
5.7129,1.3871
5.7134,1.3821
5.7139,1.3821
5.7145,1.3821
5.7150,1.3770
5.7155,1.3821
5.7160,1.3821
5.7166,1.3770
5.7171,1.3770
5.7176,1.3821
5.7181,1.3821
5.7186,1.3821
5.7192,1.3821
5.7197,1.3821
5.7202,1.3821
5.7207,1.3821
5.7213,1.3821
5.7218,1.3821
5.7223,1.3770
5.7228,1.3821
5.7233,1.3821
5.7239,1.3821
5.7244,1.3821
5.7249,1.3821
5.7254,1.3770
5.7260,1.3770
5.7265,1.3821
5.7270,1.3770
5.7275,1.3871
5.7280,1.3871
5.7286,1.3821
5.7291,1.3720
5.7296,1.3821
5.7301,1.3770
5.7307,1.3821
5.7312,1.3821
5.7317,1.3770
5.7322,1.3821
5.7327,1.3821
5.7333,1.3821
5.7338,1.3821
5.7343,1.3720
5.7348,1.3821
5.7353,1.3821
5.7359,1.3821
5.7364,1.3821
5.7369,1.3821
5.7374,1.3821
5.7380,1.3821
5.7385,1.3770
5.7390,1.3821
5.7395,1.3871
5.7400,1.3871
5.7406,1.3821
5.7411,1.3821
5.7416,1.3821
5.7421,1.3821
5.7426,1.3821
5.7432,1.3821
5.7437,1.3770
5.7442,1.3821
5.7447,1.3770
5.7453,1.3821
5.7458,1.3821
5.7463,1.3821
5.7468,1.3821
5.7473,1.3821
5.7479,1.3821
5.7484,1.3821
5.7489,1.3821
5.7494,1.3821
5.7499,1.3821
5.7505,1.3770
5.7510,1.3770
5.7515,1.3770
5.7520,1.3770
5.7526,1.3821
5.7531,1.3821
5.7536,1.3821
5.7541,1.3871
5.7546,1.3821
5.7552,1.3821
5.7557,1.3821
5.7562,1.3821
5.7567,1.3821
5.7573,1.3821
5.7578,1.3821
5.7583,1.3821
5.7588,1.3770
5.7593,1.3770
5.7599,1.3821
5.7604,1.3770
5.7609,1.3871
5.7614,1.3821
5.7619,1.3821
5.7625,1.3770
5.7630,1.3770
5.7635,1.3821
5.7640,1.3871
5.7646,1.3821
5.7651,1.3821
5.7656,1.3821
5.7661,1.3821
5.7666,1.3821
5.7672,1.3821
5.7677,1.3821
5.7682,1.3871
5.7687,1.3821
5.7693,1.3821
5.7699,1.3821
5.7704,1.3770
5.7710,1.3821
5.7715,1.3821
5.7721,1.3821
5.7726,1.3821
5.7732,1.3770
5.7737,1.3821
5.7743,1.3821
5.7748,1.3821
5.7753,1.3821
5.7759,1.3821
5.7764,1.3821
5.7770,1.3770
5.7775,1.3821
5.7781,1.3821
5.7786,1.3821
5.7792,1.3821
5.7797,1.3821
5.7803,1.3821
5.7808,1.3821
5.7814,1.3821
5.7819,1.3871
5.7825,1.3770
5.7830,1.3821
5.7835,1.3821
5.7841,1.3821
5.7846,1.3821
5.7852,1.3821
5.7857,1.3821
5.7863,1.3770
5.7868,1.3821
5.7874,1.3770
5.7879,1.3821
5.7885,1.3821
5.7890,1.3770
5.7896,1.3821
5.7901,1.3770
5.7906,1.3821
5.7912,1.3821
5.7917,1.3821
5.7923,1.3821
5.7928,1.3821
5.7934,1.3821
5.7939,1.3821
5.7945,1.3770
5.7950,1.3821
5.7956,1.3821
5.7961,1.3770
5.7967,1.3821
5.7972,1.3821
5.7978,1.3770
5.7983,1.3770
5.7989,1.3770
5.7994,1.3770
5.7999,1.3770
5.8005,1.3821
5.8010,1.3821
5.8016,1.3821
5.8021,1.3821
5.8027,1.3821
5.8032,1.3821
5.8038,1.3770
5.8043,1.3770
5.8049,1.3821
5.8054,1.3821
5.8060,1.3821
5.8065,1.3770
5.8071,1.3821
5.8076,1.3821
5.8082,1.3770
5.8087,1.3821
5.8092,1.3770
5.8098,1.3770
5.8104,1.3821
5.8110,1.3821
5.8115,1.3821
5.8121,1.3770
5.8126,1.3770
5.8132,1.3821
5.8137,1.3821
5.8143,1.3821
5.8148,1.3821
5.8154,1.3821
5.8159,1.3770
5.8165,1.3770
5.8170,1.3821
5.8176,1.3871
5.8181,1.3821
5.8187,1.3821
5.8192,1.3821
5.8198,1.3770
5.8203,1.3770
5.8209,1.3821
5.8214,1.3770
5.8220,1.3821
5.8225,1.3770
5.8230,1.3720
5.8236,1.3770
5.8241,1.3770
5.8247,1.3770
5.8252,1.3770
5.8258,1.3770
5.8263,1.3821
5.8269,1.3821
5.8274,1.3821
5.8280,1.3770
5.8285,1.3770
5.8291,1.3770
5.8296,1.3770
5.8302,1.3821
5.8307,1.3720
5.8312,1.3821
5.8318,1.3770
5.8323,1.3821
5.8329,1.3770
5.8334,1.3770
5.8340,1.3770
5.8345,1.3821
5.8351,1.3720
5.8356,1.3821
5.8362,1.3770
5.8367,1.3770
5.8373,1.3821
5.8378,1.3770
5.8384,1.3821
5.8389,1.3770
5.8395,1.3770
5.8400,1.3770
5.8405,1.3770
5.8411,1.3821
5.8416,1.3770
5.8422,1.3821
5.8427,1.3821
5.8433,1.3821
5.8438,1.3770
5.8444,1.3821
5.8449,1.3770
5.8455,1.3770
5.8460,1.3821
5.8466,1.3821
5.8471,1.3821
5.8477,1.3821
5.8482,1.3720
5.8488,1.3770
5.8493,1.3770
5.8498,1.3821
5.8504,1.3770
5.8509,1.3770
5.8515,1.3770
5.8520,1.3770
5.8526,1.3821
5.8531,1.3821
5.8537,1.3821
5.8542,1.3821
5.8548,1.3770
5.8553,1.3821
5.8559,1.3821
5.8564,1.3871
5.8570,1.3821
5.8575,1.3770
5.8580,1.3821
5.8586,1.3770
5.8591,1.3821
5.8597,1.3720
5.8602,1.3821
5.8608,1.3821
5.8613,1.3720
5.8619,1.3770
5.8624,1.3821
5.8630,1.3821
5.8635,1.3770
5.8641,1.3770
5.8646,1.3821
5.8652,1.3821
5.8657,1.3821
5.8662,1.3821
5.8668,1.3821
5.8673,1.3821
5.8679,1.3871
5.8684,1.3821
5.8690,1.3821
5.8695,1.3821
5.8701,1.3821
5.8706,1.3821
5.8712,1.3871
5.8717,1.3821
5.8722,1.3821
5.8728,1.3821
5.8733,1.3821
5.8738,1.3821
5.8744,1.3871
5.8749,1.3821
5.8754,1.3821
5.8760,1.3821
5.8765,1.3871
5.8770,1.3871
5.8776,1.3871
5.8781,1.3871
5.8786,1.3871
5.8792,1.3821
5.8797,1.3821
5.8802,1.3871
5.8808,1.3871
5.8813,1.3821
5.8818,1.3871
5.8824,1.3871
5.8829,1.3871
5.8835,1.3821
5.8840,1.3871
5.8845,1.3921
5.8851,1.3821
5.8856,1.3871
5.8861,1.3921
5.8867,1.3871
5.8872,1.3871
5.8877,1.3871
5.8883,1.3921
5.8888,1.3871
5.8893,1.3871
5.8899,1.3871
5.8904,1.3921
5.8909,1.3921
5.8915,1.3921
5.8920,1.3821
5.8925,1.3871
5.8931,1.3821
5.8936,1.3871
5.8941,1.3921
5.8947,1.3921
5.8952,1.3921
5.8957,1.3921
5.8963,1.3921
5.8968,1.3821
5.8973,1.3921
5.8978,1.3921
5.8984,1.3921
5.8989,1.3972
5.8994,1.3921
5.9000,1.3921
5.9005,1.3921
5.9010,1.3921
5.9016,1.3921
5.9021,1.3921
5.9026,1.3921
5.9032,1.3921
5.9037,1.3921
5.9042,1.3921
5.9048,1.3921
5.9053,1.3921
5.9058,1.3972
5.9064,1.3921
5.9069,1.3921
5.9074,1.3972
5.9080,1.3921
5.9085,1.3921
5.9090,1.3972
5.9096,1.3972
5.9101,1.3972
5.9106,1.3972
5.9112,1.3921
5.9117,1.3972
5.9122,1.3972
5.9128,1.3972
5.9133,1.3921
5.9138,1.3972
5.9144,1.3921
5.9149,1.3972
5.9154,1.3972
5.9160,1.3921
5.9165,1.4022
5.9170,1.3972
5.9176,1.4022
5.9181,1.3972
5.9186,1.3921
5.9192,1.3972
5.9197,1.3972
5.9202,1.3972
5.9208,1.3972
5.9213,1.3972
5.9218,1.3921
5.9224,1.4022
5.9229,1.3972
5.9234,1.3921
5.9240,1.3921
5.9245,1.4022
5.9250,1.3972
5.9256,1.3972
5.9261,1.3921
5.9266,1.3972
5.9272,1.4022
5.9277,1.3972
5.9282,1.3972
5.9288,1.3972
5.9293,1.3972
5.9298,1.3921
5.9304,1.4022
5.9309,1.3972
5.9314,1.4022
5.9320,1.3972
5.9325,1.3972
5.9330,1.3972
5.9336,1.3972
5.9341,1.4022
5.9346,1.4073
5.9352,1.4022
5.9357,1.4022
5.9362,1.3972
5.9367,1.3972
5.9373,1.4022
5.9378,1.4022
5.9383,1.3972
5.9389,1.4022
5.9394,1.4022
5.9399,1.3921
5.9405,1.3972
5.9410,1.3972
5.9415,1.4022
5.9421,1.4022
5.9426,1.4022
5.9431,1.3972
5.9437,1.4022
5.9442,1.3972
5.9448,1.3972
5.9454,1.3972
5.9460,1.4022
5.9465,1.4022
5.9471,1.3972
5.9476,1.4022
5.9482,1.3972
5.9487,1.4022
5.9493,1.3972
5.9498,1.4022
5.9504,1.4022
5.9510,1.3972
5.9515,1.4022
5.9521,1.4073
5.9526,1.4022
5.9532,1.3921
5.9538,1.3972
5.9544,1.3972
5.9549,1.3972
5.9555,1.4022
5.9560,1.4022
5.9565,1.4022
5.9571,1.4022
5.9576,1.4022
5.9581,1.4073
5.9586,1.4022
5.9592,1.4073
5.9597,1.3972
5.9602,1.4022
5.9608,1.4022
5.9614,1.3972
5.9619,1.4022
5.9624,1.4022
5.9630,1.4022
5.9635,1.4022
5.9640,1.4022
5.9646,1.3972
5.9651,1.4022
5.9656,1.4022
5.9662,1.4022
5.9667,1.4022
5.9672,1.4022
5.9678,1.3972
5.9683,1.4022
5.9688,1.4022
5.9694,1.3972
5.9699,1.4022
5.9705,1.4022
5.9710,1.4022
5.9715,1.4022
5.9721,1.4022
5.9726,1.4022
5.9731,1.4022
5.9737,1.4022
5.9742,1.3972
5.9747,1.4022
5.9753,1.4073
5.9758,1.4022
5.9764,1.4022
5.9769,1.4022
5.9774,1.3972
5.9780,1.4022
5.9785,1.3972
5.9790,1.4022
5.9796,1.3972
5.9801,1.4022
5.9806,1.4022
5.9812,1.4022
5.9817,1.4022
5.9822,1.4022
5.9828,1.3972
5.9833,1.4022
5.9839,1.4022
5.9844,1.4022
5.9849,1.4022
5.9855,1.4022
5.9860,1.4022
5.9865,1.4022
5.9871,1.4022
5.9876,1.4022
5.9881,1.4022
5.9887,1.3972
5.9892,1.4022
5.9897,1.4022
5.9903,1.4022
5.9908,1.4022
5.9914,1.3972
5.9919,1.3972
5.9924,1.4073
5.9930,1.4022
5.9935,1.3972
5.9940,1.4022
5.9946,1.4022
5.9951,1.4022
5.9956,1.4073
5.9962,1.3972
5.9967,1.4022
5.9973,1.4022
5.9978,1.4022
5.9983,1.3972
5.9989,1.3972
5.9994,1.4022
5.9999,1.4022
6.0005,1.4022
6.0010,1.3972
6.0015,1.4022
6.0021,1.4073
6.0026,1.3972
6.0032,1.4073
6.0037,1.4022
6.0042,1.4073
6.0048,1.4022
6.0053,1.3972
6.0059,1.4022
6.0064,1.4022
6.0069,1.3972
6.0075,1.4022
6.0080,1.4022
6.0085,1.4022
6.0091,1.4022
6.0096,1.4022
6.0102,1.4073
6.0107,1.3972
6.0112,1.4022
6.0118,1.4022
6.0123,1.4022
6.0129,1.4022
6.0134,1.4022
6.0139,1.4022
6.0145,1.4022
6.0150,1.4022
6.0155,1.4022
6.0161,1.4022
6.0166,1.4022
6.0172,1.4022
6.0177,1.4022
6.0182,1.3972
6.0188,1.3972
6.0193,1.3972
6.0199,1.4022
6.0204,1.4022
6.0210,1.4022
6.0215,1.4022
6.0220,1.3972
6.0226,1.4022
6.0231,1.4022
6.0237,1.3972
6.0242,1.4022
6.0247,1.4073
6.0253,1.4022
6.0258,1.4022
6.0263,1.4022
6.0269,1.4022
6.0274,1.3972
6.0280,1.4022
6.0285,1.4022
6.0290,1.3972
6.0296,1.4022
6.0301,1.4073
6.0307,1.3972
6.0312,1.4022
6.0317,1.4022
6.0323,1.3972
6.0328,1.4022
6.0333,1.3972
6.0339,1.4022
6.0345,1.3972
6.0351,1.4022
6.0356,1.4022
6.0362,1.4022
6.0368,1.4022
6.0375,1.3972
6.0381,1.3972
6.0386,1.4022
6.0392,1.3921
6.0398,1.4022
6.0404,1.4022
6.0409,1.4022
6.0415,1.4022
6.0420,1.3972
6.0426,1.4022
6.0432,1.4022
6.0437,1.3972
6.0443,1.4022
6.0448,1.4022
6.0454,1.4022
6.0459,1.4022
6.0464,1.4022
6.0470,1.4022
6.0475,1.4022
6.0481,1.4022
6.0486,1.4022
6.0492,1.3972
6.0497,1.4022
6.0503,1.4022
6.0508,1.3972
6.0514,1.4022
6.0519,1.4022
6.0525,1.4022
6.0531,1.3921
6.0537,1.3972
6.0543,1.4022
6.0549,1.4022
6.0555,1.3972
6.0560,1.3972
6.0567,1.4022
6.0573,1.4022
6.0578,1.4022
6.0584,1.4022
6.0589,1.4022
6.0594,1.4022
6.0600,1.3972
6.0605,1.4022
6.0611,1.4022
6.0616,1.3972
6.0621,1.4022
6.0627,1.4022
6.0632,1.3972
6.0637,1.4022
6.0643,1.3972
6.0648,1.3972
6.0653,1.4022
6.0659,1.3972
6.0664,1.4022
6.0670,1.4022
6.0675,1.3972
6.0680,1.4022
6.0686,1.3972
6.0691,1.3972
6.0696,1.3972
6.0702,1.4022
6.0708,1.3972
6.0714,1.4022
6.0719,1.4022
6.0724,1.4022
6.0730,1.4022
6.0735,1.3972
6.0740,1.4022
6.0746,1.4022
6.0751,1.3972
6.0756,1.3972
6.0762,1.3972
6.0767,1.4022
6.0772,1.4022
6.0777,1.3972
6.0783,1.3972
6.0788,1.3972
6.0793,1.4022
6.0799,1.3972
6.0804,1.3972
6.0809,1.3972
6.0815,1.3972
6.0820,1.3972
6.0825,1.3972
6.0831,1.4022
6.0836,1.4022
6.0841,1.4022
6.0847,1.3972
6.0852,1.4022
6.0857,1.4022
6.0863,1.3972
6.0868,1.4022
6.0873,1.3972
6.0879,1.3972
6.0884,1.3972
6.0890,1.4022
6.0895,1.3972
6.0900,1.3972
6.0905,1.3972
6.0911,1.4022
6.0916,1.4022
6.0922,1.4022
6.0927,1.4022
6.0932,1.3972
6.0938,1.3972
6.0943,1.3972
6.0948,1.3972
6.0954,1.3972
6.0959,1.4022
6.0964,1.4022
6.0970,1.3972
6.0975,1.4022
6.0980,1.4022
6.0986,1.3972
6.0991,1.3972
6.0996,1.3972
6.1002,1.3972
6.1007,1.3972
6.1013,1.3972
6.1018,1.3972
6.1023,1.3972
6.1029,1.4022
6.1034,1.3972
6.1039,1.4022
6.1045,1.3972
6.1050,1.4022
6.1055,1.3972
6.1061,1.3972
6.1066,1.3972
6.1071,1.4022
6.1077,1.4022
6.1082,1.3972
6.1087,1.3972
6.1093,1.3972
6.1098,1.3972
6.1103,1.3972
6.1109,1.3972
6.1114,1.3972
6.1120,1.3972
6.1125,1.3972
6.1130,1.3972
6.1136,1.3972
6.1141,1.3972
6.1146,1.3972
6.1152,1.3972
6.1157,1.3972
6.1162,1.3972
6.1168,1.3972
6.1173,1.3972
6.1178,1.3972
6.1184,1.3921
6.1189,1.4022
6.1194,1.3972
6.1200,1.3972
6.1205,1.3972
6.1211,1.3972
6.1216,1.3921
6.1221,1.3921
6.1227,1.4022
6.1232,1.3921
6.1237,1.3972
6.1243,1.3972
6.1248,1.4022
6.1253,1.3972
6.1259,1.3921
6.1264,1.3972
6.1269,1.3972
6.1275,1.3972
6.1280,1.3972
6.1285,1.3972
6.1291,1.4022
6.1296,1.3972
6.1301,1.3972
6.1307,1.3972
6.1312,1.3921
6.1318,1.3972
6.1323,1.3921
6.1328,1.3972
6.1334,1.3972
6.1339,1.3972
6.1344,1.3921
6.1350,1.3972
6.1355,1.3921
6.1360,1.3921
6.1366,1.3972
6.1371,1.3921
6.1376,1.3921
6.1382,1.3972
6.1387,1.3972
6.1392,1.3972
6.1398,1.3972
6.1403,1.3972
6.1408,1.3921
6.1414,1.3921
6.1419,1.3972
6.1425,1.4022
6.1430,1.3921
6.1435,1.3871
6.1441,1.3921
6.1446,1.4022
6.1451,1.3972
6.1457,1.3972
6.1462,1.3972
6.1467,1.3921
6.1473,1.3972
6.1478,1.3972
6.1483,1.3921
6.1489,1.3972
6.1494,1.3972
6.1499,1.3972
6.1505,1.3972
6.1510,1.3972
6.1515,1.3921
6.1521,1.3972
6.1526,1.3972
6.1531,1.3921
6.1537,1.3972
6.1542,1.3972
6.1547,1.3921
6.1553,1.3972
6.1558,1.3871
6.1563,1.3972
6.1569,1.3972
6.1574,1.3921
6.1579,1.3972
6.1585,1.3921
6.1590,1.3972
6.1595,1.3921
6.1601,1.3972
6.1606,1.3972
6.1611,1.3972
6.1617,1.3972
6.1622,1.3972
6.1628,1.3921
6.1634,1.3972
6.1639,1.3921
6.1644,1.3972
6.1650,1.4022
6.1655,1.3921
6.1660,1.3921
6.1666,1.3921
6.1671,1.3921
6.1676,1.3972
6.1682,1.3972
6.1687,1.3972
6.1692,1.3972
6.1699,1.3972
6.1704,1.3972
6.1709,1.3972
6.1715,1.3921
6.1720,1.3972
6.1725,1.3972
6.1731,1.3972
6.1736,1.3972
6.1742,1.3972
6.1747,1.3921
6.1752,1.3921
6.1758,1.3972
6.1763,1.3921
6.1769,1.3972
6.1774,1.3972
6.1779,1.3921
6.1785,1.3972
6.1790,1.3972
6.1796,1.3972
6.1801,1.3972
6.1806,1.3921
6.1812,1.3972
6.1817,1.3972
6.1823,1.3972
6.1828,1.3972
6.1833,1.3972
6.1839,1.3972
6.1844,1.3972
6.1849,1.3921
6.1855,1.3921
6.1860,1.3972
6.1866,1.3972
6.1871,1.3972
6.1876,1.3921
6.1882,1.3921
6.1887,1.3972
6.1893,1.3921
6.1898,1.3921
6.1903,1.3972
6.1909,1.3972
6.1914,1.3972
6.1920,1.3972
6.1925,1.3972
6.1930,1.3921
6.1936,1.3921
6.1941,1.3972
6.1947,1.3921
6.1952,1.3972
6.1957,1.3921
6.1963,1.4022
6.1968,1.3921
6.1973,1.3972
6.1979,1.3972
6.1984,1.3921
6.1990,1.3972
6.1995,1.3921
6.2000,1.3972
6.2006,1.3972
6.2011,1.3921
6.2017,1.3921
6.2022,1.3972
6.2027,1.3921
6.2033,1.3972
6.2038,1.3921
6.2044,1.3972
6.2049,1.3921
6.2054,1.3972
6.2060,1.3972
6.2065,1.3921
6.2071,1.3921
6.2076,1.3921
6.2081,1.3972
6.2087,1.3972
6.2092,1.3921
6.2097,1.3921
6.2103,1.3921
6.2108,1.3972
6.2114,1.3921
6.2119,1.3972
6.2124,1.3972
6.2130,1.3972
6.2135,1.3972
6.2141,1.3921
6.2146,1.3972
6.2151,1.3921
6.2157,1.3972
6.2162,1.3972
6.2168,1.3921
6.2173,1.3972
6.2178,1.3921
6.2184,1.3921
6.2189,1.3921
6.2195,1.3972
6.2200,1.3972
6.2205,1.3921
6.2211,1.3972
6.2216,1.3972
6.2222,1.3921
6.2227,1.3972
6.2232,1.3921
6.2238,1.3972
6.2243,1.3921
6.2249,1.3972
6.2254,1.3972
6.2259,1.3921
6.2265,1.3972
6.2270,1.3972
6.2276,1.3972
6.2281,1.3921
6.2286,1.3921
6.2292,1.3921
6.2297,1.3921
6.2303,1.3921
6.2308,1.3972
6.2313,1.3972
6.2319,1.3921
6.2324,1.3921
6.2329,1.3972
6.2335,1.3972
6.2340,1.3921
6.2345,1.3921
6.2351,1.3921
6.2356,1.3921
6.2362,1.3921
6.2367,1.3921
6.2372,1.3972
6.2378,1.3972
6.2383,1.3921
6.2388,1.3972
6.2394,1.3972
6.2399,1.3921
6.2404,1.3921
6.2410,1.3972
6.2415,1.3972
6.2421,1.3972
6.2426,1.3921
6.2431,1.3972
6.2437,1.3972
6.2442,1.3921
6.2448,1.3921
6.2453,1.3972
6.2458,1.3921
6.2464,1.3972
6.2469,1.3972
6.2474,1.3921
6.2480,1.3921
6.2485,1.3921
6.2491,1.3972
6.2496,1.3921
6.2501,1.3921
6.2507,1.3972
6.2512,1.3972
6.2518,1.3972
6.2523,1.3921
6.2528,1.3972
6.2534,1.3921
6.2539,1.3921
6.2544,1.3972
6.2550,1.3972
6.2555,1.3921
6.2561,1.3871
6.2566,1.3972
6.2571,1.3972
6.2577,1.3921
6.2582,1.3921
6.2587,1.3921
6.2593,1.3871
6.2598,1.3921
6.2604,1.3921
6.2609,1.3921
6.2614,1.3921
6.2620,1.3972
6.2625,1.3921
6.2631,1.3921
6.2636,1.3972
6.2641,1.3921
6.2647,1.3972
6.2652,1.3972
6.2657,1.3972
6.2663,1.3972
6.2668,1.3921
6.2674,1.3921
6.2679,1.3871
6.2684,1.3921
6.2690,1.3972
6.2695,1.3921
6.2701,1.3921
6.2707,1.3921
6.2712,1.3921
6.2718,1.3921
6.2723,1.3871
6.2729,1.3972
6.2734,1.3972
6.2739,1.3921
6.2745,1.3921
6.2750,1.3972
6.2755,1.3921
6.2761,1.3921
6.2766,1.3972
6.2771,1.3921
6.2777,1.3921
6.2782,1.3921
6.2787,1.3921
6.2793,1.3921
6.2798,1.3921
6.2803,1.3921
6.2809,1.3921
6.2814,1.3921
6.2819,1.3921
6.2825,1.3921
6.2830,1.3871
6.2835,1.3871
6.2841,1.3972
6.2846,1.3972
6.2852,1.3921
6.2857,1.3921
6.2862,1.3921
6.2868,1.3921
6.2873,1.3921
6.2878,1.3921
6.2884,1.3921
6.2889,1.3972
6.2894,1.3921
6.2900,1.3921
6.2905,1.3871
6.2910,1.3921
6.2916,1.3871
6.2921,1.3921
6.2926,1.3921
6.2932,1.3871
6.2937,1.3921
6.2943,1.3972
6.2948,1.3921
6.2953,1.3921
6.2959,1.3921
6.2964,1.3921
6.2969,1.3921
6.2975,1.3921
6.2980,1.3972
6.2985,1.3921
6.2991,1.3871
6.2996,1.3871
6.3001,1.3871
6.3007,1.3921
6.3012,1.3871
6.3017,1.3972
6.3023,1.3871
6.3028,1.3921
6.3033,1.3972
6.3039,1.3972
6.3044,1.3921
6.3049,1.3921
6.3055,1.3921
6.3060,1.3871
6.3066,1.3972
6.3071,1.3972
6.3076,1.3921
6.3082,1.3921
6.3087,1.3921
6.3092,1.3921
6.3098,1.3921
6.3103,1.3972
6.3108,1.3921
6.3114,1.3921
6.3119,1.3871
6.3124,1.3921
6.3130,1.3972
6.3135,1.3921
6.3140,1.3871
6.3146,1.3871
6.3151,1.3921
6.3156,1.3921
6.3162,1.3871
6.3167,1.3972
6.3172,1.3921
6.3178,1.3921
6.3183,1.3921
6.3188,1.3921
6.3194,1.3871
6.3199,1.3871
6.3205,1.3921
6.3210,1.3921
6.3215,1.3921
6.3221,1.3921
6.3226,1.3921
6.3231,1.3921
6.3237,1.3921
6.3242,1.3921
6.3247,1.3871
6.3253,1.3921
6.3258,1.3871
6.3263,1.3871
6.3269,1.3921
6.3274,1.3921
6.3279,1.3921
6.3285,1.3871
6.3290,1.3871
6.3295,1.3871
6.3301,1.3921
6.3306,1.3921
6.3311,1.3921
6.3317,1.3921
6.3322,1.3871
6.3328,1.3821
6.3333,1.3921
6.3338,1.3921
6.3344,1.3921
6.3349,1.3871
6.3354,1.3921
6.3360,1.3921
6.3365,1.3921
6.3370,1.3921
6.3376,1.3871
6.3381,1.3871
6.3386,1.3921
6.3392,1.3921
6.3397,1.3921
6.3402,1.3821
6.3408,1.3921
6.3413,1.3871
6.3418,1.3821
6.3424,1.3921
6.3429,1.3871
6.3434,1.3921
6.3440,1.3871
6.3445,1.3921
6.3451,1.3921
6.3456,1.3871
6.3461,1.3921
6.3467,1.3921
6.3472,1.3871
6.3477,1.3871
6.3483,1.3921
6.3488,1.3921
6.3493,1.3871
6.3499,1.3871
6.3504,1.3921
6.3509,1.3921
6.3515,1.3871
6.3520,1.3921
6.3525,1.3921
6.3531,1.3921
6.3536,1.3871
6.3541,1.3921
6.3547,1.3871
6.3552,1.3921
6.3557,1.3921
6.3563,1.3871
6.3568,1.3871
6.3573,1.3921
6.3579,1.3871
6.3584,1.3921
6.3590,1.3871
6.3595,1.3871
6.3600,1.3871
6.3606,1.3871
6.3611,1.3871
6.3616,1.3921
6.3622,1.3921
6.3627,1.3871
6.3632,1.3921
6.3638,1.3921
6.3643,1.3871
6.3648,1.3921
6.3654,1.3871
6.3659,1.3871
6.3665,1.3871
6.3670,1.3871
6.3675,1.3921
6.3681,1.3821
6.3686,1.3921
6.3691,1.3921
6.3697,1.3871
6.3702,1.3921
6.3707,1.3871
6.3713,1.3871
6.3718,1.3921
6.3723,1.3871
6.3729,1.3871
6.3734,1.3871
6.3740,1.3871
6.3745,1.3921
6.3750,1.3871
6.3756,1.3871
6.3761,1.3821
6.3767,1.3871
6.3772,1.3921
6.3777,1.3871
6.3783,1.3871
6.3788,1.3921
6.3793,1.3871
6.3799,1.3871
6.3804,1.3921
6.3810,1.3871
6.3815,1.3821
6.3820,1.3871
6.3826,1.3972
6.3831,1.3871
6.3837,1.3871
6.3842,1.3871
6.3847,1.3871
6.3853,1.3871
6.3858,1.3871
6.3863,1.3871
6.3869,1.3871
6.3874,1.3871
6.3880,1.3821
6.3885,1.3921
6.3890,1.3821
6.3896,1.3871
6.3901,1.3921
6.3907,1.3871
6.3912,1.3871
6.3917,1.3871
6.3923,1.3871
6.3928,1.3871
6.3934,1.3871
6.3939,1.3871
6.3944,1.3871
6.3950,1.3871
6.3955,1.3871
6.3960,1.3871
6.3966,1.3871
6.3971,1.3871
6.3977,1.3871
6.3982,1.3871
6.3987,1.3921
6.3993,1.3871
6.3998,1.3821
6.4003,1.3871
6.4009,1.3871
6.4014,1.3871
6.4020,1.3821
6.4025,1.3821
6.4030,1.3871
6.4036,1.3821
6.4041,1.3871
6.4047,1.3871
6.4052,1.3871
6.4057,1.3871
6.4063,1.3871
6.4068,1.3871
6.4074,1.3821
6.4079,1.3871
6.4084,1.3871
6.4090,1.3871
6.4095,1.3871
6.4100,1.3821
6.4106,1.3871
6.4111,1.3921
6.4117,1.3871
6.4122,1.3871
6.4127,1.3871
6.4133,1.3821
6.4138,1.3871
6.4144,1.3871
6.4149,1.3821
6.4154,1.3821
6.4160,1.3871
6.4165,1.3871
6.4170,1.3871
6.4176,1.3871
6.4181,1.3871
6.4187,1.3921
6.4192,1.3921
6.4197,1.3871
6.4203,1.3871
6.4208,1.3871
6.4214,1.3821
6.4219,1.3871
6.4224,1.3871
6.4230,1.3821
6.4235,1.3770
6.4240,1.3871
6.4246,1.3871
6.4251,1.3871
6.4257,1.3871
6.4262,1.3821
6.4267,1.3871
6.4273,1.3871
6.4278,1.3821
6.4284,1.3871
6.4289,1.3821
6.4294,1.3871
6.4300,1.3871
6.4305,1.3871
6.4311,1.3871
6.4316,1.3821
6.4321,1.3871
6.4327,1.3871
6.4332,1.3871
6.4338,1.3871
6.4343,1.3871
6.4348,1.3871
6.4354,1.3821
6.4359,1.3871
6.4365,1.3871
6.4370,1.3871
6.4375,1.3871
6.4381,1.3821
6.4386,1.3821
6.4391,1.3871
6.4397,1.3871
6.4402,1.3821
6.4408,1.3871
6.4413,1.3821
6.4418,1.3871
6.4424,1.3821
6.4429,1.3821
6.4435,1.3871
6.4440,1.3871
6.4445,1.3821
6.4451,1.3821
6.4456,1.3770
6.4461,1.3871
6.4467,1.3821
6.4472,1.3871
6.4478,1.3821
6.4483,1.3821
6.4488,1.3821
6.4494,1.3871
6.4499,1.3821
6.4505,1.3821
6.4510,1.3770
6.4515,1.3821
6.4521,1.3821
6.4526,1.3821
6.4531,1.3821
6.4537,1.3871
6.4542,1.3821
6.4548,1.3871
6.4553,1.3821
6.4558,1.3821
6.4564,1.3821
6.4569,1.3821
6.4575,1.3871
6.4580,1.3770
6.4585,1.3821
6.4591,1.3821
6.4596,1.3871
6.4601,1.3821
6.4607,1.3821
6.4612,1.3871
6.4618,1.3770
6.4623,1.3871
6.4628,1.3821
6.4634,1.3821
6.4639,1.3871
6.4645,1.3821
6.4650,1.3821
6.4655,1.3821
6.4661,1.3871
6.4666,1.3821
6.4671,1.3871
6.4677,1.3821
6.4682,1.3821
6.4688,1.3821
6.4693,1.3770
6.4698,1.3821
6.4704,1.3821
6.4709,1.3821
6.4716,1.3871
6.4721,1.3821
6.4726,1.3871
6.4732,1.3770
6.4737,1.3821
6.4743,1.3821
6.4748,1.3871
6.4753,1.3871
6.4759,1.3821
6.4764,1.3821
6.4769,1.3821
6.4775,1.3821
6.4780,1.3821
6.4785,1.3871
6.4791,1.3821
6.4796,1.3871
6.4801,1.3821
6.4807,1.3871
6.4812,1.3821
6.4817,1.3821
6.4823,1.3821
6.4828,1.3821
6.4833,1.3821
6.4839,1.3821
6.4844,1.3821
6.4850,1.3821
6.4855,1.3821
6.4860,1.3821
6.4866,1.3821
6.4871,1.3871
6.4876,1.3821
6.4882,1.3821
6.4887,1.3821
6.4892,1.3821
6.4898,1.3821
6.4903,1.3821
6.4908,1.3821
6.4914,1.3821
6.4919,1.3821
6.4924,1.3871
6.4930,1.3821
6.4935,1.3821
6.4940,1.3821
6.4946,1.3821
6.4951,1.3871
6.4956,1.3871
6.4962,1.3871
6.4967,1.3821
6.4972,1.3821
6.4978,1.3821
6.4983,1.3821
6.4989,1.3821
6.4994,1.3821
6.4999,1.3871
6.5005,1.3821
6.5010,1.3821
6.5015,1.3770
6.5021,1.3871
6.5026,1.3821
6.5031,1.3821
6.5037,1.3821
6.5042,1.3821
6.5048,1.3871
6.5053,1.3871
6.5058,1.3821
6.5064,1.3821
6.5069,1.3770
6.5074,1.3821
6.5080,1.3821
6.5085,1.3770
6.5090,1.3821
6.5096,1.3871
6.5101,1.3821
6.5106,1.3871
6.5112,1.3821
6.5117,1.3770
6.5122,1.3770
6.5128,1.3871
6.5133,1.3821
6.5138,1.3821
6.5144,1.3871
6.5149,1.3821
6.5154,1.3871
6.5160,1.3821
6.5165,1.3821
6.5170,1.3871
6.5176,1.3821
6.5181,1.3821
6.5186,1.3770
6.5192,1.3821
6.5197,1.3821
6.5203,1.3821
6.5208,1.3821
6.5213,1.3821
6.5219,1.3821
6.5224,1.3821
6.5229,1.3871
6.5235,1.3821
6.5240,1.3821
6.5245,1.3821
6.5251,1.3821
6.5256,1.3821
6.5261,1.3821
6.5267,1.3821
6.5272,1.3821
6.5277,1.3821
6.5283,1.3770
6.5288,1.3770
6.5293,1.3821
6.5299,1.3821
6.5304,1.3821
6.5309,1.3821
6.5315,1.3821
6.5320,1.3821
6.5326,1.3821
6.5331,1.3770
6.5336,1.3821
6.5343,1.3821
6.5349,1.3821
6.5354,1.3821
6.5361,1.3821
6.5368,1.3871
6.5374,1.3821
6.5380,1.3871
6.5385,1.3770
6.5391,1.3821
6.5396,1.3821
6.5402,1.3821
6.5408,1.3821
6.5414,1.3821
6.5420,1.3821
6.5425,1.3821
6.5430,1.3871
6.5436,1.3871
6.5441,1.3770
6.5446,1.3871
6.5452,1.3821
6.5457,1.3821
6.5463,1.3821
6.5468,1.3871
6.5473,1.3821
6.5488,1.3821
6.5497,1.3821
6.5502,1.3821
6.5508,1.3821
6.5514,1.3821
6.5519,1.3821
6.5525,1.3770
6.5530,1.3821
6.5536,1.3821
6.5542,1.3821
6.5548,1.3821
6.5555,1.3821
6.5561,1.3821
6.5567,1.3821
6.5573,1.3770
6.5579,1.3770
6.5584,1.3821
6.5590,1.3821
6.5596,1.3821
6.5602,1.3821
6.5607,1.3821
6.5613,1.3821
6.5618,1.3821
6.5624,1.3821
6.5631,1.3821
6.5637,1.3821
6.5642,1.3821
6.5647,1.3821
6.5653,1.3770
6.5658,1.3871
6.5663,1.3821
6.5669,1.3821
6.5674,1.3821
6.5679,1.3821
6.5684,1.3770
6.5690,1.3821
6.5695,1.3821
6.5701,1.3770
6.5706,1.3821
6.5712,1.3821
6.5717,1.3821
6.5724,1.3821
6.5729,1.3770
6.5734,1.3770
6.5740,1.3821
6.5745,1.3821
6.5750,1.3821
6.5756,1.3770
6.5761,1.3821
6.5766,1.3821
6.5772,1.3821
6.5777,1.3821
6.5782,1.3770
6.5788,1.3770
6.5793,1.3821
6.5798,1.3770
6.5804,1.3821
6.5809,1.3821
6.5814,1.3821
6.5820,1.3821
6.5825,1.3770
6.5830,1.3821
6.5836,1.3821
6.5841,1.3821
6.5846,1.3770
6.5852,1.3821
6.5857,1.3871
6.5862,1.3821
6.5868,1.3821
6.5873,1.3770
6.5878,1.3821
6.5884,1.3821
6.5889,1.3821
6.5894,1.3770
6.5900,1.3821
6.5905,1.3821
6.5910,1.3821
6.5916,1.3770
6.5921,1.3821
6.5926,1.3821
6.5932,1.3770
6.5937,1.3770
6.5942,1.3770
6.5948,1.3821
6.5953,1.3770
6.5958,1.3821
6.5964,1.3821
6.5969,1.3821
6.5974,1.3770
6.5980,1.3720
6.5985,1.3871
6.5990,1.3821
6.5996,1.3821
6.6001,1.3770
6.6006,1.3821
6.6012,1.3821
6.6017,1.3821
6.6023,1.3821
6.6028,1.3821
6.6033,1.3871
6.6039,1.3821
6.6044,1.3770
6.6049,1.3821
6.6055,1.3821
6.6060,1.3821
6.6065,1.3770
6.6071,1.3821
6.6076,1.3871
6.6081,1.3821
6.6087,1.3821
6.6092,1.3871
6.6097,1.3821
6.6103,1.3821
6.6108,1.3821
6.6114,1.3770
6.6119,1.3871
6.6124,1.3871
6.6129,1.3871
6.6135,1.3871
6.6140,1.3821
6.6145,1.3871
6.6151,1.3821
6.6156,1.3871
6.6161,1.3821
6.6167,1.3871
6.6172,1.3821
6.6177,1.3821
6.6183,1.3821
6.6188,1.3821
6.6193,1.3871
6.6199,1.3821
6.6204,1.3821
6.6209,1.3871
6.6215,1.3821
6.6220,1.3871
6.6225,1.3871
6.6231,1.3871
6.6236,1.3871
6.6241,1.3871
6.6247,1.3871
6.6252,1.3821
6.6258,1.3871
6.6263,1.3871
6.6268,1.3871
6.6274,1.3921
6.6279,1.3871
6.6284,1.3821
6.6290,1.3921
6.6295,1.3871
6.6300,1.3871
6.6306,1.3871
6.6311,1.3921
6.6316,1.3921
6.6322,1.3921
6.6327,1.3871
6.6332,1.3871
6.6338,1.3921
6.6343,1.3871
6.6348,1.3921
6.6354,1.3921
6.6359,1.3921
6.6364,1.3921
6.6370,1.3921
6.6375,1.3921
6.6381,1.3871
6.6386,1.3921
6.6391,1.3921
6.6397,1.3871
6.6402,1.3921
6.6408,1.3871
6.6413,1.3871
6.6419,1.3871
6.6424,1.3871
6.6430,1.3921
6.6435,1.3921
6.6440,1.3871
6.6446,1.3921
6.6451,1.3871
6.6456,1.3921
6.6462,1.3972
6.6467,1.3871
6.6472,1.3921
6.6478,1.3921
6.6483,1.3972
6.6489,1.3921
6.6494,1.3921
6.6499,1.3921
6.6505,1.3921
6.6510,1.3921
6.6515,1.3972
6.6521,1.3921
6.6526,1.3921
6.6531,1.3921
6.6537,1.3972
6.6542,1.3921
6.6547,1.3972
6.6553,1.3921
6.6558,1.3972
6.6564,1.4022
6.6569,1.3972
6.6574,1.4022
6.6580,1.3972
6.6585,1.3972
6.6590,1.3972
6.6596,1.3972
6.6601,1.3972
6.6606,1.3972
6.6612,1.3972
6.6617,1.3921
6.6623,1.3972
6.6628,1.3972
6.6633,1.3972
6.6639,1.3972
6.6644,1.3972
6.6649,1.4022
6.6655,1.3972
6.6660,1.3921
6.6665,1.3972
6.6671,1.3972
6.6676,1.3972
6.6681,1.4022
6.6687,1.3972
6.6692,1.3972
6.6698,1.3972
6.6703,1.3921
6.6708,1.3972
6.6714,1.4022
6.6719,1.3972
6.6724,1.3972
6.6730,1.3972
6.6735,1.3972
6.6740,1.3972
6.6746,1.3972
6.6751,1.3972
6.6756,1.4022
6.6762,1.3972
6.6767,1.4022
6.6772,1.4022
6.6778,1.3972
6.6783,1.4022
6.6788,1.3972
6.6794,1.4022
6.6799,1.3972
6.6804,1.4022
6.6810,1.3972
6.6815,1.3972
6.6820,1.4022
6.6826,1.4022
6.6831,1.3972
6.6836,1.4022
6.6842,1.4022
6.6847,1.4022
6.6852,1.4022
6.6858,1.4022
6.6863,1.3972
6.6868,1.4022
6.6874,1.3972
6.6879,1.4022
6.6884,1.4022
6.6890,1.4022
6.6895,1.4022
6.6900,1.4022
6.6906,1.4022
6.6911,1.4022
6.6916,1.4022
6.6922,1.4022
6.6927,1.4022
6.6932,1.3972
6.6938,1.4022
6.6943,1.3972
6.6948,1.4022
6.6954,1.4022
6.6959,1.4022
6.6964,1.4073
6.6969,1.3972
6.6975,1.4022
6.6984,1.4022
6.6990,1.4022
6.6995,1.4022
6.7000,1.3972
6.7006,1.4022
6.7011,1.4073
6.7016,1.4073
6.7022,1.4022
6.7027,1.4022
6.7032,1.4022
6.7038,1.4073
6.7043,1.4022
6.7048,1.3972
6.7054,1.4073
6.7059,1.4022
6.7064,1.4022
6.7070,1.4022
6.7075,1.4022
6.7080,1.4022
6.7085,1.4022
6.7091,1.4073
6.7096,1.4022
6.7101,1.4073
6.7107,1.4022
6.7112,1.4022
6.7117,1.4022
6.7123,1.4022
6.7128,1.4022
6.7133,1.4022
6.7139,1.4073
6.7144,1.4022
6.7149,1.4073
6.7155,1.4073
6.7160,1.4022
6.7165,1.4022
6.7171,1.4022
6.7176,1.4073
6.7181,1.4022
6.7187,1.4022
6.7192,1.4022
6.7197,1.4022
6.7203,1.4022
6.7208,1.4022
6.7213,1.4022
6.7218,1.4073
6.7224,1.4022
6.7229,1.3972
6.7234,1.4022
6.7240,1.4073
6.7245,1.4073
6.7250,1.4022
6.7256,1.4022
6.7261,1.4073
6.7266,1.4073
6.7272,1.4022
6.7277,1.4022
6.7282,1.4022
6.7288,1.4022
6.7293,1.4022
6.7298,1.4022
6.7304,1.4022
6.7309,1.4073
6.7314,1.3972
6.7320,1.3972
6.7325,1.4022
6.7330,1.4073
6.7336,1.4022
6.7341,1.4073
6.7346,1.4022
6.7352,1.4073
6.7357,1.4073
6.7362,1.4073
6.7368,1.4022
6.7373,1.4073
6.7378,1.4022
6.7384,1.4022
6.7389,1.4022
6.7394,1.4022
6.7399,1.4022
6.7405,1.4022
6.7410,1.4022
6.7415,1.3972
6.7421,1.4022
6.7426,1.4022
6.7431,1.4022
6.7437,1.4022
6.7442,1.4073
6.7447,1.4022
6.7453,1.3972
6.7458,1.4022
6.7463,1.4022
6.7469,1.4022
6.7474,1.4022
6.7479,1.4022
6.7485,1.4022
6.7490,1.4022
6.7495,1.4073
6.7501,1.4022
6.7506,1.4022
6.7511,1.4022
6.7517,1.4022
6.7522,1.4073
6.7527,1.3972
6.7533,1.4022
6.7538,1.4022
6.7543,1.4022
6.7548,1.3972
6.7554,1.4022
6.7559,1.4022
6.7564,1.4073
6.7570,1.4022
6.7575,1.4022
6.7580,1.4022
6.7586,1.4022
6.7591,1.4022
6.7596,1.4022
6.7601,1.4073
6.7607,1.4022
6.7612,1.4022
6.7617,1.4022
6.7623,1.3972
6.7628,1.4022
6.7633,1.4022
6.7639,1.3972
6.7644,1.4022
6.7649,1.4022
6.7655,1.3972
6.7660,1.3972
6.7665,1.4022
6.7671,1.4022
6.7676,1.4022
6.7681,1.4022
6.7687,1.4022
6.7692,1.4022
6.7697,1.4022
6.7703,1.4022
6.7708,1.4022
6.7713,1.4073
6.7719,1.4022
6.7725,1.4022
6.7730,1.3972
6.7736,1.4022
6.7741,1.4022
6.7747,1.4022
6.7752,1.4073
6.7757,1.4022
6.7763,1.4022
6.7768,1.3972
6.7773,1.4073
6.7779,1.4022
6.7784,1.4073
6.7789,1.4022
6.7795,1.4022
6.7800,1.4022
6.7805,1.4022
6.7811,1.4022
6.7816,1.3972
6.7822,1.4073
6.7827,1.4022
6.7832,1.4022
6.7838,1.3972
6.7843,1.4022
6.7848,1.4022
6.7854,1.4022
6.7859,1.3972
6.7864,1.4022
6.7870,1.4022
6.7875,1.4022
6.7880,1.4022
6.7886,1.4022
6.7891,1.4022
6.7897,1.4073
6.7902,1.4022
6.7907,1.4022
6.7913,1.4022
6.7918,1.3972
6.7923,1.4022
6.7929,1.3972
6.7934,1.4073
6.7939,1.4022
6.7945,1.4022
6.7950,1.4022
6.7956,1.4022
6.7961,1.4073
6.7966,1.4022
6.7972,1.4022
6.7977,1.4022
6.7982,1.4022
6.7988,1.4022
6.7993,1.4022
6.7998,1.4022
6.8004,1.4022
6.8009,1.4022
6.8015,1.3972
6.8020,1.3972
6.8025,1.4022
6.8031,1.4073
6.8036,1.4022
6.8041,1.4022
6.8047,1.4022
6.8052,1.4022
6.8057,1.3972
6.8063,1.4073
6.8068,1.3972
6.8073,1.4022
6.8079,1.3972
6.8084,1.4022
6.8090,1.4022
6.8095,1.3972
6.8100,1.4022
6.8106,1.4022
6.8111,1.4022
6.8116,1.4022
6.8122,1.4022
6.8127,1.3972
6.8132,1.4022
6.8138,1.3972
6.8143,1.3972
6.8148,1.4073
6.8154,1.4022
6.8159,1.4022
6.8165,1.4022
6.8170,1.4022
6.8175,1.3972
6.8181,1.4022
6.8186,1.4022
6.8191,1.4022
6.8197,1.4022
6.8202,1.4022
6.8208,1.4022
6.8213,1.4022
6.8218,1.4022
6.8224,1.3972
6.8229,1.3972
6.8234,1.3972
6.8240,1.3972
6.8245,1.4022
6.8251,1.3972
6.8256,1.4022
6.8261,1.4022
6.8267,1.4022
6.8272,1.4022
6.8277,1.4022
6.8283,1.4022
6.8288,1.4022
6.8293,1.3972
6.8299,1.3972
6.8304,1.4022
6.8310,1.4022
6.8315,1.3972
6.8320,1.4022
6.8326,1.3972
6.8331,1.3972
6.8336,1.4022
6.8342,1.3972
6.8347,1.3972
6.8352,1.4022
6.8358,1.3972
6.8363,1.4022
6.8368,1.3972
6.8374,1.3972
6.8379,1.3972
6.8385,1.4022
6.8390,1.4022
6.8395,1.4022
6.8401,1.3972
6.8406,1.3921
6.8412,1.3921
6.8417,1.4022
6.8422,1.4022
6.8428,1.3972
6.8433,1.4022
6.8438,1.3972
6.8444,1.3921
6.8449,1.4022
6.8454,1.3972
6.8460,1.3972
6.8465,1.3972
6.8470,1.3972
6.8476,1.3972
6.8481,1.3921
6.8487,1.4022
6.8492,1.3972
6.8497,1.3972
6.8503,1.4022
6.8508,1.3972
6.8513,1.4022
6.8519,1.3972
6.8524,1.3972
6.8529,1.3972
6.8535,1.3972
6.8540,1.3972
6.8545,1.3972
6.8551,1.3972
6.8556,1.4022
6.8562,1.4022
6.8567,1.3972
6.8572,1.3972
6.8578,1.3921
6.8583,1.3921
6.8588,1.4022
6.8594,1.3972
6.8599,1.3972
6.8604,1.3972
6.8610,1.3921
6.8615,1.3972
6.8620,1.3972
6.8626,1.3972
6.8631,1.4022
6.8637,1.3972
6.8642,1.4022
6.8647,1.3921
6.8653,1.3921
6.8658,1.3921
6.8663,1.3972
6.8669,1.4022
6.8674,1.3972
6.8679,1.3972
6.8685,1.3972
6.8690,1.4022
6.8695,1.3921
6.8701,1.4022
6.8706,1.3972
6.8712,1.3921
6.8717,1.3972
6.8722,1.4022
6.8728,1.3972
6.8733,1.3972
6.8738,1.3972
6.8744,1.3972
6.8749,1.4022
6.8754,1.3972
6.8760,1.3972
6.8765,1.3972
6.8770,1.3972
6.8776,1.3972
6.8781,1.3921
6.8786,1.3972
6.8792,1.3921
6.8797,1.3972
6.8802,1.3972
6.8808,1.3972
6.8813,1.3921
6.8818,1.3921
6.8824,1.3972
6.8829,1.4022
6.8834,1.3972
6.8840,1.3972
6.8845,1.3972
6.8850,1.3972
6.8856,1.3972
6.8861,1.3921
6.8866,1.3972
6.8872,1.3921
6.8877,1.3921
6.8882,1.3972
6.8887,1.3921
6.8893,1.3972
6.8898,1.3972
6.8903,1.3972
6.8909,1.3972
6.8914,1.3921
6.8919,1.3921
6.8925,1.3972
6.8930,1.3921
6.8935,1.3921
6.8941,1.3871
6.8946,1.3972
6.8952,1.3921
6.8957,1.3972
6.8962,1.3972
6.8968,1.3972
6.8973,1.3972
6.8978,1.3921
6.8983,1.3972
6.8989,1.3972
6.8994,1.3972
6.8999,1.3972
6.9005,1.3972
6.9010,1.3972
6.9015,1.4022
6.9021,1.3921
6.9026,1.3972
6.9031,1.3921
6.9037,1.3921
6.9042,1.3972
6.9047,1.3921
6.9053,1.3972
6.9058,1.3921
6.9063,1.3972
6.9069,1.3972
6.9074,1.3972
6.9079,1.3972
6.9085,1.3972
6.9090,1.3972
6.9095,1.3972
6.9101,1.4022
6.9106,1.3972
6.9111,1.3972
6.9117,1.3972
6.9122,1.3972
6.9127,1.3972
6.9133,1.3972
6.9138,1.3972
6.9143,1.3972
6.9149,1.3921
6.9156,1.3921
6.9162,1.3921
6.9167,1.3921
6.9173,1.3972
6.9178,1.3972
6.9183,1.3972
6.9188,1.3972
6.9194,1.3972
6.9200,1.3921
6.9205,1.3921
6.9211,1.3972
6.9216,1.3972
6.9221,1.4022
6.9227,1.3921
6.9232,1.3972
6.9237,1.3921
6.9243,1.3972
6.9248,1.3921
6.9253,1.3972
6.9259,1.3972
6.9264,1.3972
6.9269,1.3972
6.9274,1.3921
6.9280,1.4022
6.9285,1.3972
6.9290,1.3921
6.9296,1.3972
6.9301,1.3921
6.9306,1.4022
6.9312,1.4022
6.9317,1.3972
6.9322,1.4022
6.9328,1.3921
6.9333,1.4022
6.9338,1.3972
6.9344,1.3972
6.9349,1.3972
6.9354,1.3921
6.9360,1.3871
6.9365,1.3972
6.9370,1.3921
6.9376,1.3921
6.9381,1.3871
6.9386,1.3972
6.9392,1.4022
6.9398,1.3972
6.9403,1.3972
6.9409,1.3921
6.9414,1.3972
6.9419,1.3972
6.9425,1.3972
6.9430,1.4022
6.9435,1.3972
6.9441,1.3921
6.9446,1.3972
6.9451,1.3972
6.9457,1.3972
6.9462,1.3921
6.9467,1.3972
6.9473,1.3972
6.9478,1.4022
6.9483,1.3972
6.9489,1.4022
6.9494,1.3972
6.9499,1.3972
6.9504,1.4022
6.9510,1.3972
6.9515,1.3972
6.9520,1.3921
6.9526,1.3972
6.9531,1.3972
6.9536,1.3972
6.9542,1.3972
6.9547,1.3972
6.9552,1.3921
6.9558,1.3972
6.9563,1.3921
6.9568,1.3972
6.9573,1.3972
6.9579,1.3972
6.9584,1.3972
6.9589,1.3972
6.9595,1.3972
6.9600,1.3972
6.9605,1.3972
6.9611,1.3972
6.9616,1.3972
6.9621,1.3972
6.9627,1.3972
6.9632,1.3972
6.9637,1.3972
6.9643,1.3921
6.9648,1.3921
6.9653,1.3972
6.9659,1.3921
6.9664,1.3921
6.9669,1.4022
6.9674,1.3972
6.9680,1.3921
6.9685,1.3921
6.9690,1.3972
6.9696,1.3972
6.9701,1.3921
6.9706,1.3972
6.9712,1.3921
6.9717,1.3972
6.9723,1.3972
6.9728,1.4022
6.9733,1.3972
6.9740,1.3972
6.9745,1.3921
6.9750,1.4022
6.9756,1.3972
6.9761,1.3972
6.9767,1.4022
6.9772,1.3972
6.9777,1.3972
6.9783,1.3972
6.9788,1.3972
6.9794,1.3972
6.9799,1.3921
6.9804,1.4022
6.9810,1.3972
6.9815,1.3972
6.9820,1.4022
6.9826,1.3972
6.9831,1.3972
6.9836,1.3972
6.9842,1.3972
6.9847,1.3972
6.9853,1.3972
6.9858,1.3972
6.9863,1.3972
6.9869,1.4022
6.9874,1.3972
6.9879,1.3972
6.9885,1.3972
6.9890,1.3921
6.9895,1.3972
6.9901,1.3921
6.9906,1.3972
6.9911,1.3972
6.9917,1.3972
6.9922,1.3972
6.9928,1.3972
6.9933,1.3972
6.9939,1.3972
6.9944,1.3921
6.9950,1.3972
6.9955,1.3921
6.9960,1.3921
6.9966,1.3972
6.9971,1.3972
6.9976,1.3921
6.9982,1.3972
6.9987,1.3972
6.9993,1.3871
6.9998,1.3972
7.0003,1.3972
7.0009,1.3972
7.0014,1.3921
7.0020,1.3972
7.0025,1.3972
7.0030,1.3972
7.0036,1.3972
7.0041,1.3921
7.0046,1.3921
7.0052,1.3972
7.0057,1.3921
7.0062,1.3972
7.0068,1.3972
7.0073,1.3921
7.0078,1.3972
7.0084,1.3972
7.0089,1.3972
7.0095,1.3972
7.0100,1.3972
7.0105,1.3972
7.0111,1.3972
7.0116,1.3921
7.0121,1.3921
7.0127,1.3921
7.0132,1.3871
7.0137,1.4022
7.0143,1.3972
7.0148,1.3972
7.0153,1.3921
7.0159,1.3972
7.0164,1.3921
7.0170,1.3972
7.0175,1.3972
7.0180,1.3921
7.0186,1.3972
7.0191,1.3921
7.0197,1.3921
7.0202,1.3921
7.0207,1.3921
7.0213,1.3921
7.0218,1.3972
7.0223,1.3972
7.0229,1.3921
7.0234,1.3972
7.0239,1.3972
7.0245,1.3972
7.0250,1.3972
7.0256,1.3921
7.0261,1.3921
7.0266,1.3921
7.0272,1.3921
7.0277,1.3972
7.0282,1.3972
7.0288,1.3972
7.0293,1.3972
7.0298,1.3972
7.0304,1.3921
7.0309,1.3921
7.0315,1.3921
7.0320,1.3972
7.0325,1.3921
7.0331,1.3921
7.0339,1.3972
7.0373,1.3972
7.0379,1.3972
7.0385,1.3972
7.0390,1.3921
7.0396,1.3921
7.0401,1.3972
7.0407,1.3921
7.0413,1.3921
7.0418,1.3921
7.0423,1.3921
7.0429,1.3921
7.0434,1.3921
7.0440,1.3921
7.0445,1.3921
7.0450,1.3921
7.0456,1.3972
7.0461,1.3921
7.0466,1.3972
7.0472,1.3921
7.0477,1.3921
7.0483,1.3921
7.0489,1.3921
7.0494,1.3972
7.0500,1.3972
7.0506,1.3921
7.0511,1.3921
7.0517,1.3871
7.0523,1.3921
7.0529,1.3972
7.0535,1.3972
7.0540,1.3871
7.0546,1.3871
7.0552,1.3921
7.0558,1.3921
7.0564,1.3972
7.0569,1.3921
7.0575,1.3972
7.0580,1.3871
7.0586,1.3871
7.0591,1.3871
7.0596,1.3921
7.0602,1.3921
7.0607,1.3972
7.0612,1.3921
7.0618,1.3972
7.0623,1.3921
7.0629,1.3921
7.0634,1.3972
7.0639,1.3972
7.0645,1.3921
7.0650,1.3972
7.0656,1.3921
7.0661,1.3972
7.0666,1.3921
7.0672,1.3921
7.0678,1.3921
7.0683,1.3871
7.0688,1.3972
7.0694,1.3972
7.0699,1.3921
7.0704,1.3871
7.0710,1.3972
7.0716,1.3921
7.0721,1.3921
7.0727,1.3921
7.0733,1.3921
7.0738,1.3921
7.0743,1.3921
7.0749,1.3972
7.0754,1.3921
7.0760,1.3921
7.0765,1.3921
7.0771,1.3921
7.0776,1.3871
7.0781,1.3921
7.0787,1.3921
7.0792,1.3871
7.0797,1.3921
7.0803,1.3921
7.0808,1.3871
7.0813,1.3921
7.0819,1.3972
7.0824,1.3972
7.0829,1.3921
7.0835,1.3921
7.0840,1.3921
7.0846,1.3871
7.0851,1.3972
7.0856,1.3972
7.0862,1.3921
7.0867,1.3921
7.0872,1.3871
7.0878,1.3972
7.0883,1.3972
7.0888,1.3921
7.0894,1.3871
7.0899,1.3871
7.0904,1.3921
7.0910,1.3921
7.0915,1.3921
7.0921,1.3921
7.0926,1.3921
7.0931,1.3921
7.0937,1.3921
7.0942,1.3921
7.0948,1.3921
7.0953,1.3921
7.0958,1.3921
7.0964,1.3921
7.0969,1.3921
7.0975,1.3871
7.0980,1.3871
7.0985,1.3871
7.0991,1.3871
7.0996,1.3921
7.1002,1.3871
7.1007,1.3921
7.1012,1.3921
7.1018,1.3921
7.1023,1.3921
7.1028,1.3921
7.1034,1.3821
7.1039,1.3871
7.1044,1.3921
7.1050,1.3921
7.1055,1.3921
7.1061,1.3871
7.1066,1.3871
7.1071,1.3921
7.1077,1.3921
7.1082,1.3871
7.1087,1.3921
7.1093,1.3871
7.1098,1.3821
7.1103,1.3921
7.1109,1.3921
7.1114,1.3921
7.1120,1.3921
7.1125,1.3921
7.1130,1.3871
7.1136,1.3921
7.1141,1.3921
7.1147,1.3921
7.1152,1.3921
7.1157,1.3871
7.1163,1.3921
7.1168,1.3921
7.1174,1.3921
7.1179,1.3921
7.1185,1.3921
7.1190,1.3871
7.1195,1.3921
7.1201,1.3921
7.1206,1.3921
7.1212,1.3871
7.1217,1.3871
7.1222,1.3821
7.1228,1.3871
7.1233,1.3871
7.1239,1.3871
7.1244,1.3921
7.1249,1.3921
7.1255,1.3871
7.1260,1.3871
7.1266,1.3871
7.1271,1.3871
7.1276,1.3871
7.1282,1.3921
7.1287,1.3871
7.1292,1.3871
7.1298,1.3921
7.1303,1.3921
7.1309,1.3871
7.1314,1.3921
7.1319,1.3871
7.1325,1.3871
7.1330,1.3921
7.1336,1.3921
7.1341,1.3871
7.1346,1.3871
7.1352,1.3871
7.1357,1.3871
7.1363,1.3871
7.1368,1.3921
7.1373,1.3921
7.1379,1.3871
7.1384,1.3871
7.1390,1.3871
7.1395,1.3871
7.1400,1.3921
7.1406,1.3921
7.1411,1.3921
7.1417,1.3921
7.1422,1.3871
7.1427,1.3871
7.1433,1.3871
7.1438,1.3871
7.1444,1.3871
7.1451,1.3821
7.1457,1.3921
7.1462,1.3871
7.1468,1.3871
7.1474,1.3871
7.1480,1.3871
7.1487,1.3921
7.1506,1.3821
7.1521,1.3871
7.1527,1.3821
7.1533,1.3871
7.1538,1.3871
7.1543,1.3871
7.1554,1.3871
7.1560,1.3871
7.1565,1.3871
7.1571,1.3921
7.1576,1.3821
7.1581,1.3871
7.1587,1.3821
7.1592,1.3821
7.1597,1.3871
7.1603,1.3871
7.1608,1.3871
7.1613,1.3871
7.1619,1.3921
7.1624,1.3871
7.1629,1.3821
7.1635,1.3871
7.1640,1.3821
7.1645,1.3871
7.1651,1.3821
7.1656,1.3921
7.1661,1.3821
7.1667,1.3871
7.1672,1.3871
7.1677,1.3871
7.1683,1.3871
7.1688,1.3821
7.1693,1.3871
7.1699,1.3871
7.1704,1.3821
7.1710,1.3871
7.1715,1.3871
7.1720,1.3821
7.1726,1.3871
7.1731,1.3821
7.1736,1.3871
7.1742,1.3871
7.1747,1.3871
7.1754,1.3921
7.1759,1.3871
7.1764,1.3921
7.1770,1.3871
7.1775,1.3821
7.1781,1.3871
7.1786,1.3871
7.1791,1.3821
7.1797,1.3871
7.1802,1.3871
7.1808,1.3871
7.1814,1.3921
7.1819,1.3871
7.1825,1.3921
7.1830,1.3821
7.1836,1.3871
7.1841,1.3871
7.1847,1.3871
7.1852,1.3871
7.1858,1.3821
7.1863,1.3871
7.1869,1.3871
7.1874,1.3871
7.1880,1.3871
7.1885,1.3871
7.1891,1.3871
7.1896,1.3871
7.1902,1.3821
7.1907,1.3871
7.1913,1.3821
7.1918,1.3921
7.1924,1.3871
7.1929,1.3871
7.1935,1.3871
7.1940,1.3921
7.1946,1.3921
7.1951,1.3821
7.1956,1.3871
7.1962,1.3821
7.1967,1.3871
7.1973,1.3821
7.1978,1.3821
7.1984,1.3821
7.1989,1.3821
7.1995,1.3871
7.2000,1.3871
7.2006,1.3871
7.2011,1.3821
7.2017,1.3921
7.2022,1.3821
7.2027,1.3871
7.2033,1.3871
7.2038,1.3871
7.2044,1.3871
7.2049,1.3821
7.2055,1.3821
7.2060,1.3871
7.2066,1.3871
7.2071,1.3871
7.2077,1.3871
7.2082,1.3821
7.2087,1.3871
7.2093,1.3871
7.2098,1.3871
7.2104,1.3821
7.2109,1.3821
7.2115,1.3871
7.2120,1.3871
7.2126,1.3871
7.2131,1.3821
7.2137,1.3871
7.2142,1.3821
7.2148,1.3921
7.2153,1.3821
7.2159,1.3871
7.2164,1.3871
7.2170,1.3821
7.2175,1.3871
7.2181,1.3821
7.2186,1.3871
7.2192,1.3821
7.2197,1.3871
7.2203,1.3871
7.2208,1.3871
7.2214,1.3871
7.2219,1.3871
7.2225,1.3871
7.2230,1.3821
7.2236,1.3821
7.2241,1.3821
7.2247,1.3871
7.2252,1.3871
7.2258,1.3821
7.2263,1.3871
7.2269,1.3821
7.2274,1.3770
7.2280,1.3871
7.2285,1.3770
7.2291,1.3821
7.2296,1.3821
7.2302,1.3871
7.2307,1.3871
7.2313,1.3821
7.2318,1.3871
7.2324,1.3871
7.2329,1.3821
7.2335,1.3821
7.2340,1.3821
7.2346,1.3871
7.2351,1.3821
7.2357,1.3821
7.2362,1.3871
7.2368,1.3770
7.2373,1.3871
7.2379,1.3871
7.2384,1.3821
7.2390,1.3821
7.2395,1.3871
7.2401,1.3871
7.2406,1.3821
7.2412,1.3821
7.2417,1.3871
7.2423,1.3821
7.2428,1.3821
7.2434,1.3821
7.2439,1.3821
7.2445,1.3821
7.2450,1.3821
7.2456,1.3871
7.2461,1.3821
7.2467,1.3871
7.2472,1.3821
7.2478,1.3871
7.2483,1.3821
7.2489,1.3871
7.2494,1.3770
7.2500,1.3821
7.2505,1.3821
7.2511,1.3821
7.2516,1.3821
7.2522,1.3821
7.2527,1.3871
7.2533,1.3921
7.2538,1.3821
7.2544,1.3821
7.2549,1.3871
7.2555,1.3821
7.2560,1.3871
7.2566,1.3871
7.2571,1.3821
7.2577,1.3821
7.2582,1.3871
7.2588,1.3821
7.2593,1.3871
7.2599,1.3821
7.2605,1.3821
7.2610,1.3871
7.2616,1.3871
7.2621,1.3821
7.2627,1.3821
7.2632,1.3821
7.2638,1.3871
7.2643,1.3821
7.2649,1.3821
7.2654,1.3821
7.2660,1.3821
7.2665,1.3871
7.2671,1.3821
7.2676,1.3821
7.2682,1.3821
7.2687,1.3871
7.2693,1.3871
7.2698,1.3821
7.2704,1.3821
7.2709,1.3821
7.2715,1.3821
7.2720,1.3821
7.2726,1.3871
7.2731,1.3871
7.2737,1.3821
7.2742,1.3821
7.2748,1.3821
7.2754,1.3821
7.2760,1.3871
7.2765,1.3871
7.2771,1.3821
7.2776,1.3871
7.2781,1.3821
7.2787,1.3821
7.2792,1.3871
7.2798,1.3871
7.2803,1.3871
7.2808,1.3821
7.2814,1.3821
7.2819,1.3871
7.2825,1.3770
7.2830,1.3871
7.2835,1.3821
7.2841,1.3821
7.2846,1.3871
7.2851,1.3821
7.2857,1.3871
7.2862,1.3821
7.2868,1.3871
7.2873,1.3821
7.2878,1.3770
7.2884,1.3871
7.2889,1.3871
7.2895,1.3770
7.2900,1.3871
7.2905,1.3821
7.2911,1.3871
7.2916,1.3821
7.2922,1.3770
7.2927,1.3821
7.2932,1.3871
7.2938,1.3871
7.2943,1.3821
7.2948,1.3871
7.2954,1.3821
7.2959,1.3821
7.2965,1.3821
7.2970,1.3871
7.2975,1.3871
7.2981,1.3821
7.2986,1.3871
7.2992,1.3871
7.2997,1.3921
7.3002,1.3871
7.3008,1.3871
7.3013,1.3871
7.3018,1.3871
7.3024,1.3871
7.3029,1.3871
7.3035,1.3871
7.3040,1.3821
7.3045,1.3871
7.3051,1.3871
7.3056,1.3871
7.3062,1.3871
7.3067,1.3871
7.3072,1.3821
7.3078,1.3921
7.3083,1.3871
7.3089,1.3871
7.3094,1.3921
7.3099,1.3871
7.3105,1.3921
7.3110,1.3921
7.3116,1.3921
7.3121,1.3871
7.3127,1.3921
7.3132,1.3921
7.3137,1.3921
7.3143,1.3871
7.3148,1.3921
7.3153,1.3972
7.3159,1.3871
7.3164,1.3972
7.3170,1.3972
7.3175,1.3921
7.3180,1.3871
7.3186,1.3871
7.3191,1.3921
7.3197,1.3921
7.3202,1.3921
7.3208,1.3821
7.3213,1.3921
7.3218,1.3921
7.3224,1.3921
7.3229,1.3921
7.3235,1.3921
7.3240,1.3972
7.3245,1.3921
7.3251,1.3972
7.3256,1.4022
7.3262,1.3921
7.3267,1.3972
7.3272,1.3921
7.3278,1.3871
7.3283,1.3972
7.3289,1.3921
7.3294,1.3972
7.3299,1.3972
7.3305,1.3921
7.3310,1.3972
7.3316,1.3972
7.3321,1.3921
7.3326,1.3921
7.3334,1.3921
7.3339,1.3972
7.3344,1.3972
7.3350,1.3972
7.3355,1.3921
7.3361,1.3972
7.3366,1.3921
7.3371,1.3972
7.3377,1.3972
7.3382,1.3972
7.3387,1.3972
7.3393,1.3921
7.3398,1.4022
7.3403,1.3972
7.3409,1.3972
7.3414,1.3972
7.3420,1.3972
7.3425,1.3972
7.3430,1.3972
7.3436,1.4022
7.3441,1.3972
7.3447,1.3972
7.3452,1.3972
7.3457,1.3972
7.3463,1.3972
7.3468,1.3972
7.3473,1.4022
7.3479,1.3972
7.3484,1.4022
7.3490,1.4022
7.3495,1.3972
7.3500,1.3972
7.3506,1.3972
7.3511,1.4022
7.3516,1.4022
7.3522,1.4022
7.3527,1.4022
7.3532,1.4022
7.3538,1.3972
7.3543,1.4022
7.3549,1.4022
7.3554,1.3972
7.3559,1.3972
7.3565,1.4022
7.3570,1.4022
7.3575,1.4022
7.3581,1.4022
7.3586,1.4022
7.3591,1.3972
7.3597,1.3972
7.3602,1.3921
7.3608,1.4022
7.3613,1.3972
7.3618,1.3972
7.3624,1.4022
7.3629,1.4022
7.3635,1.4022
7.3640,1.4022
7.3645,1.3972
7.3651,1.4022
7.3656,1.3972
7.3661,1.4022
7.3667,1.4022
7.3672,1.4022
7.3677,1.3972
7.3683,1.3972
7.3688,1.4022
7.3693,1.4022
7.3699,1.4073
7.3704,1.3921
7.3709,1.4073
7.3715,1.4022
7.3720,1.4022
7.3726,1.4022
7.3731,1.4022
7.3736,1.4022
7.3742,1.4022
7.3747,1.4073
7.3753,1.4022
7.3758,1.4022
7.3763,1.4022
7.3769,1.3972
7.3774,1.4022
7.3780,1.4022
7.3785,1.4022
7.3790,1.4022
7.3796,1.4022
7.3801,1.4073
7.3806,1.4073
7.3812,1.4022
7.3817,1.4073
7.3823,1.3972
7.3828,1.4073
7.3834,1.4022
7.3839,1.4022
7.3844,1.3972
7.3850,1.4022
7.3855,1.4073
7.3861,1.4022
7.3866,1.4022
7.3871,1.4022
7.3877,1.4022
7.3882,1.4022
7.3888,1.4022
7.3893,1.4073
7.3898,1.4073
7.3904,1.4022
7.3909,1.4022
7.3915,1.4073
7.3920,1.4022
7.3925,1.4022
7.3931,1.4022
7.3936,1.4073
7.3942,1.4022
7.3947,1.4022
7.3953,1.4022
7.3958,1.4022
7.3963,1.4022
7.3969,1.4073
7.3974,1.4022
7.3980,1.4073
7.3985,1.3972
7.3990,1.4022
7.3996,1.4022
7.4001,1.3972
7.4007,1.4073
7.4012,1.4022
7.4017,1.4022
7.4023,1.4022
7.4028,1.4022
7.4034,1.4022
7.4039,1.4022
7.4044,1.4022
7.4050,1.4022
7.4055,1.4073
7.4061,1.4073
7.4066,1.4022
7.4071,1.4022
7.4077,1.4073
7.4082,1.4022
7.4087,1.4073
7.4093,1.4022
7.4098,1.4022
7.4104,1.3972
7.4109,1.4022
7.4114,1.4022
7.4120,1.4022
7.4125,1.4073
7.4131,1.4022
7.4136,1.4022
7.4141,1.3972
7.4147,1.4073
7.4152,1.4073
7.4158,1.4073
7.4163,1.4022
7.4168,1.4073
7.4174,1.4073
7.4179,1.4022
7.4185,1.4022
7.4190,1.4022
7.4195,1.4022
7.4201,1.4022
7.4206,1.4073
7.4211,1.4073
7.4217,1.4073
7.4222,1.3972
7.4228,1.4022
7.4233,1.4022
7.4238,1.4073
7.4244,1.3972
7.4249,1.4022
7.4255,1.4073
7.4260,1.4022
7.4265,1.4022
7.4271,1.4073
7.4276,1.4022
7.4282,1.4073
7.4287,1.4073
7.4292,1.4022
7.4298,1.4022
7.4303,1.4022
7.4309,1.4073
7.4314,1.4022
7.4319,1.4022
7.4325,1.4073
7.4330,1.4022
7.4336,1.4022
7.4341,1.4022
7.4346,1.4022
7.4352,1.4022
7.4357,1.4022
7.4362,1.4073
7.4368,1.4022
7.4373,1.4022
7.4379,1.4022
7.4384,1.4073
7.4389,1.4022
7.4395,1.4073
7.4400,1.4022
7.4406,1.4073
7.4411,1.4022
7.4416,1.4073
7.4422,1.4022
7.4427,1.4022
7.4432,1.4022
7.4438,1.4022
7.4443,1.4073
7.4449,1.4022
7.4454,1.4073
7.4459,1.4022
7.4465,1.4022
7.4470,1.4073
7.4476,1.4022
7.4481,1.4073
7.4486,1.4022
7.4492,1.4022
7.4497,1.4022
7.4503,1.4022
7.4508,1.4022
7.4513,1.4022
7.4519,1.4073
7.4524,1.4022
7.4529,1.3972
7.4535,1.4022
7.4540,1.4022
7.4546,1.4022
7.4551,1.4022
7.4556,1.3972
7.4562,1.4022
7.4567,1.4123
7.4573,1.4022
7.4578,1.4022
7.4583,1.4022
7.4589,1.3972
7.4594,1.4073
7.4600,1.4073
7.4605,1.4022
7.4610,1.4022
7.4616,1.4022
7.4621,1.4073
7.4626,1.4022
7.4632,1.4022
7.4637,1.4022
7.4643,1.4073
7.4648,1.4073
7.4654,1.4022
7.4660,1.4022
7.4665,1.4073
7.4671,1.4073
7.4676,1.4022
7.4682,1.3972
7.4687,1.4022
7.4692,1.4073
7.4698,1.3972
7.4703,1.4073
7.4709,1.4022
7.4714,1.4022
7.4719,1.4022
7.4725,1.4073
7.4730,1.4022
7.4735,1.4022
7.4741,1.3972
7.4746,1.4022
7.4752,1.4022
7.4757,1.4022
7.4762,1.4022
7.4768,1.4022
7.4773,1.4022
7.4779,1.4022
7.4784,1.4073
7.4789,1.4022
7.4795,1.4022
7.4800,1.4022
7.4805,1.4073
7.4811,1.4073
7.4816,1.4022
7.4821,1.4022
7.4827,1.3972
7.4832,1.4073
7.4837,1.4022
7.4843,1.4022
7.4848,1.4022
7.4853,1.4022
7.4859,1.4022
7.4864,1.4073
7.4869,1.4022
7.4875,1.4022
7.4880,1.4073
7.4885,1.4022
7.4891,1.4022
7.4896,1.4022
7.4902,1.4022
7.4907,1.4073
7.4912,1.4022
7.4918,1.4022
7.4923,1.3972
7.4928,1.4022
7.4934,1.4022
7.4939,1.3972
7.4944,1.4022
7.4950,1.4073
7.4955,1.4022
7.4960,1.4022
7.4966,1.4022
7.4971,1.4022
7.4976,1.3972
7.4982,1.4022
7.4987,1.4022
7.4992,1.4022
7.4998,1.4022
7.5003,1.4022
7.5008,1.3972
7.5014,1.4022
7.5019,1.3972
7.5024,1.3972
7.5030,1.4022
7.5035,1.3972
7.5041,1.3972
7.5046,1.4022
7.5051,1.4022
7.5057,1.3972
7.5062,1.4022
7.5068,1.4022
7.5073,1.4022
7.5078,1.3972
7.5084,1.4022
7.5089,1.3972
7.5094,1.3972
7.5100,1.4022
7.5105,1.4022
7.5110,1.3972
7.5116,1.3972
7.5121,1.4022
7.5127,1.4022
7.5132,1.3972
7.5137,1.3972
7.5143,1.4022
7.5148,1.4022
7.5154,1.4022
7.5159,1.3972
7.5164,1.3972
7.5170,1.4022
7.5175,1.3972
7.5180,1.4022
7.5186,1.4022
7.5191,1.4022
7.5196,1.3972
7.5202,1.3972
7.5207,1.3972
7.5212,1.3972
7.5218,1.4022
7.5223,1.4022
7.5228,1.3972
7.5234,1.4022
7.5239,1.3972
7.5244,1.4022
7.5250,1.3921
7.5255,1.4022
7.5260,1.3972
7.5266,1.3972
7.5271,1.3972
7.5277,1.3972
7.5282,1.4022
7.5287,1.3972
7.5293,1.4022
7.5298,1.4073
7.5303,1.4022
7.5309,1.3972
7.5314,1.4022
7.5319,1.4022
7.5325,1.4022
7.5330,1.3972
7.5338,1.4022
7.5344,1.3972
7.5373,1.4022
7.5379,1.4022
7.5385,1.4022
7.5390,1.4022
7.5396,1.3972
7.5402,1.4022
7.5407,1.3972
7.5413,1.4022
7.5418,1.3972
7.5425,1.3972
7.5430,1.4022
7.5436,1.3972
7.5441,1.3921
7.5447,1.4022
7.5452,1.3972
7.5457,1.4022
7.5463,1.3972
7.5468,1.4022
7.5473,1.4022
7.5479,1.3972
7.5484,1.3972
7.5490,1.3921
7.5495,1.3972
7.5501,1.3972
7.5506,1.3972
7.5512,1.3972
7.5517,1.3972
7.5523,1.3972
7.5529,1.4073
7.5535,1.3972
7.5541,1.4022
7.5547,1.4022
7.5552,1.3921
7.5558,1.3972
7.5564,1.3972
7.5571,1.3972
7.5577,1.3972
7.5582,1.3972
7.5588,1.3972
7.5593,1.3921
7.5598,1.3972
7.5604,1.3972
7.5609,1.3972
7.5614,1.3972
7.5620,1.3972
7.5625,1.3972
7.5630,1.3972
7.5636,1.4022
7.5641,1.3972
7.5646,1.3972
7.5651,1.4022
7.5657,1.3972
7.5662,1.3921
7.5667,1.3972
7.5673,1.3972
7.5678,1.3921
7.5683,1.3972
7.5689,1.3972
7.5694,1.4022
7.5699,1.3972
7.5705,1.3972
7.5710,1.3972
7.5716,1.3972
7.5721,1.3972
7.5726,1.3921
7.5732,1.3921
7.5737,1.3871
7.5742,1.3972
7.5748,1.3972
7.5753,1.3972
7.5758,1.3921
7.5764,1.3972
7.5769,1.3972
7.5775,1.4022
7.5780,1.3972
7.5785,1.3972
7.5791,1.3972
7.5796,1.3972
7.5801,1.3921
7.5807,1.3972
7.5812,1.3972
7.5817,1.3921
7.5823,1.3921
7.5828,1.3972
7.5833,1.3921
7.5838,1.3972
7.5844,1.4022
7.5849,1.3972
7.5854,1.3972
7.5860,1.3921
7.5865,1.3921
7.5870,1.3972
7.5876,1.3972
7.5881,1.3921
7.5886,1.3972
7.5892,1.3921
7.5897,1.4022
7.5902,1.3972
7.5908,1.3921
7.5913,1.4022
7.5919,1.3972
7.5924,1.3921
7.5929,1.3921
7.5935,1.3972
7.5940,1.3972
7.5945,1.3972
7.5950,1.3972
7.5956,1.3972
7.5961,1.3921
7.5966,1.3921
7.5972,1.3972
7.5977,1.3972
7.5982,1.3972
7.5988,1.3972
7.5993,1.3921
7.5998,1.3972
7.6004,1.3921
7.6009,1.3972
7.6014,1.3972
7.6020,1.3972
7.6025,1.3972
7.6030,1.3972
7.6036,1.3972
7.6041,1.3972
7.6046,1.3972
7.6052,1.3921
7.6057,1.4022
7.6063,1.3972
7.6068,1.3972
7.6073,1.3972
7.6079,1.3972
7.6084,1.4022
7.6089,1.3972
7.6094,1.3972
7.6100,1.3972
7.6105,1.3972
7.6111,1.3972
7.6116,1.3921
7.6121,1.3972
7.6127,1.3972
7.6132,1.3972
7.6137,1.3972
7.6143,1.3972
7.6148,1.3972
7.6153,1.3972
7.6159,1.3972
7.6164,1.4022
7.6169,1.3972
7.6175,1.3972
7.6180,1.4022
7.6185,1.3972
7.6191,1.3972
7.6196,1.3921
7.6201,1.3972
7.6207,1.3972
7.6212,1.3972
7.6217,1.3921
7.6223,1.3921
7.6228,1.3972
7.6234,1.3921
7.6239,1.3972
7.6244,1.3972
7.6250,1.3972
7.6255,1.3921
7.6260,1.3972
7.6266,1.3972
7.6271,1.3972
7.6276,1.3921
7.6282,1.3921
7.6287,1.3972
7.6293,1.4022
7.6298,1.3972
7.6303,1.3972
7.6309,1.3972
7.6314,1.3921
7.6319,1.3972
7.6325,1.3972
7.6330,1.3921
7.6335,1.3972
7.6341,1.3921
7.6346,1.3921
7.6351,1.3972
7.6357,1.3972
7.6362,1.3972
7.6367,1.3921
7.6373,1.3921
7.6378,1.4022
7.6383,1.4022
7.6389,1.3972
7.6394,1.3972
7.6400,1.3972
7.6405,1.3972
7.6410,1.3972
7.6416,1.3972
7.6421,1.3972
7.6426,1.3972
7.6432,1.3972
7.6437,1.3921
7.6442,1.3972
7.6448,1.3972
7.6453,1.3972
7.6458,1.3972
7.6464,1.3972
7.6469,1.3921
7.6474,1.4022
7.6480,1.3972
7.6485,1.3972
7.6491,1.3921
7.6496,1.3972
7.6501,1.3972
7.6507,1.3972
7.6512,1.3972
7.6517,1.3921
7.6523,1.3972
7.6528,1.3972
7.6533,1.3972
7.6539,1.3921
7.6544,1.4022
7.6549,1.3972
7.6554,1.3972
7.6560,1.3972
7.6565,1.3972
7.6570,1.3972
7.6576,1.3972
7.6581,1.4022
7.6586,1.3972
7.6592,1.3972
7.6597,1.3972
7.6602,1.3921
7.6608,1.3972
7.6614,1.3972
7.6619,1.3972
7.6624,1.3972
7.6630,1.3972
7.6635,1.3972
7.6641,1.3921
7.6646,1.3972
7.6651,1.3972
7.6657,1.3921
7.6662,1.3921
7.6667,1.3972
7.6673,1.3871
7.6678,1.3921
7.6683,1.3972
7.6689,1.3972
7.6694,1.3921
7.6699,1.3921
7.6705,1.3921
7.6710,1.3972
7.6715,1.3972
7.6721,1.3972
7.6726,1.3921
7.6731,1.3972
7.6737,1.3921
7.6742,1.3972
7.6748,1.3921
7.6753,1.3972
7.6759,1.3972
7.6764,1.3972
7.6769,1.3972
7.6775,1.3972
7.6781,1.3921
7.6786,1.3972
7.6792,1.3921
7.6797,1.3921
7.6802,1.3972
7.6808,1.3921
7.6813,1.3972
7.6818,1.3972
7.6824,1.3972
7.6829,1.3921
7.6835,1.3972
7.6840,1.3921
7.6845,1.3921
7.6851,1.3921
7.6856,1.3921
7.6862,1.3921
7.6867,1.3921
7.6872,1.3972
7.6878,1.3921
7.6883,1.3972
7.6888,1.3921
7.6894,1.3972
7.6899,1.3972
7.6905,1.3921
7.6910,1.3972
7.6915,1.3972
7.6921,1.3972
7.6926,1.3972
7.6932,1.3972
7.6937,1.3921
7.6942,1.3972
7.6948,1.3972
7.6953,1.3921
7.6959,1.3972
7.6964,1.3921
7.6969,1.3972
7.6975,1.3921
7.6980,1.3972
7.6985,1.3972
7.6991,1.3921
7.6996,1.3921
7.7002,1.3921
7.7007,1.3972
7.7012,1.3921
7.7018,1.3921
7.7023,1.3921
7.7029,1.3921
7.7034,1.3972
7.7039,1.3972
7.7045,1.3921
7.7050,1.3972
7.7055,1.3921
7.7061,1.3972
7.7066,1.3921
7.7072,1.3972
7.7077,1.3921
7.7082,1.3972
7.7088,1.3921
7.7093,1.3921
7.7099,1.3972
7.7104,1.3921
7.7109,1.3921
7.7115,1.3871
7.7120,1.3972
7.7125,1.3921
7.7131,1.3921
7.7136,1.3921
7.7142,1.3921
7.7147,1.3972
7.7152,1.3972
7.7189,1.3972
7.7195,1.3972
7.7200,1.3921
7.7208,1.3921
7.7214,1.3972
7.7219,1.3921
7.7225,1.3921
7.7230,1.3921
7.7236,1.3921
7.7241,1.3921
7.7246,1.3921
7.7252,1.3921
7.7257,1.3921
7.7262,1.3972
7.7268,1.3921
7.7273,1.3921
7.7278,1.3972
7.7284,1.3921
7.7289,1.3921
7.7295,1.3972
7.7300,1.3921
7.7305,1.3921
7.7311,1.3972
7.7316,1.3921
7.7321,1.3921
7.7327,1.3921
7.7332,1.3871
7.7337,1.3921
7.7343,1.3921
7.7348,1.3921
7.7353,1.3921
7.7359,1.3972
7.7364,1.3871
7.7370,1.3921
7.7376,1.3921
7.7381,1.3921
7.7386,1.3972
7.7392,1.3921
7.7397,1.3921
7.7403,1.3921
7.7408,1.3821
7.7413,1.3921
7.7419,1.3921
7.7424,1.3921
7.7429,1.3871
7.7435,1.3921
7.7440,1.3921
7.7446,1.3921
7.7451,1.3921
7.7484,1.3921
7.7490,1.3921
7.7496,1.3921
7.7501,1.3871
7.7507,1.3921
7.7513,1.3921
7.7518,1.3921
7.7524,1.3921
7.7530,1.3871
7.7535,1.3921
7.7541,1.3921
7.7546,1.3871
7.7552,1.3871
7.7559,1.3921
7.7565,1.3921
7.7571,1.3871
7.7577,1.3871
7.7582,1.3921
7.7587,1.3921
7.7593,1.3921
7.7598,1.3921
7.7603,1.3921
7.7609,1.3921
7.7614,1.3921
7.7620,1.3871
7.7625,1.3921
7.7630,1.3871
7.7636,1.3921
7.7641,1.3921
7.7646,1.3921
7.7652,1.3871
7.7657,1.3921
7.7662,1.3871
7.7668,1.3871
7.7673,1.3921
7.7678,1.3871
7.7684,1.3921
7.7689,1.3921
7.7694,1.3921
7.7700,1.3921
7.7705,1.3921
7.7710,1.3921
7.7716,1.3821
7.7722,1.3821
7.7727,1.3871
7.7732,1.3871
7.7738,1.3871
7.7743,1.3921
7.7748,1.3921
7.7754,1.3821
7.7759,1.3921
7.7764,1.3871
7.7770,1.3871
7.7775,1.3921
7.7781,1.3871
7.7786,1.3921
7.7791,1.3921
7.7797,1.3871
7.7802,1.3871
7.7807,1.3871
7.7813,1.3871
7.7818,1.3871
7.7823,1.3921
7.7829,1.3921
7.7834,1.3921
7.7839,1.3871
7.7845,1.3871
7.7850,1.3871
7.7855,1.3871
7.7861,1.3871
7.7866,1.3871
7.7871,1.3871
7.7877,1.3921
7.7882,1.3921
7.7887,1.3821
7.7893,1.3871
7.7898,1.3921
7.7903,1.3871
7.7909,1.3921
7.7914,1.3871
7.7919,1.3871
7.7925,1.3921
7.7930,1.3921
7.7935,1.3921
7.7941,1.3871
7.7946,1.3921
7.7951,1.3871
7.7957,1.3871
7.7962,1.3871
7.7967,1.3921
7.7973,1.3871
7.7978,1.3921
7.7983,1.3871
7.7989,1.3871
7.7994,1.3821
7.7999,1.3871
7.8005,1.3821
7.8010,1.3871
7.8015,1.3871
7.8021,1.3921
7.8026,1.3871
7.8031,1.3871
7.8037,1.3871
7.8042,1.3871
7.8047,1.3871
7.8053,1.3871
7.8058,1.3770
7.8063,1.3821
7.8069,1.3821
7.8074,1.3871
7.8079,1.3871
7.8085,1.3821
7.8090,1.3871
7.8095,1.3871
7.8101,1.3821
7.8106,1.3871
7.8111,1.3821
7.8117,1.3871
7.8122,1.3821
7.8127,1.3871
7.8133,1.3871
7.8138,1.3871
7.8143,1.3921
7.8149,1.3871
7.8154,1.3871
7.8159,1.3871
7.8165,1.3871
7.8170,1.3871
7.8175,1.3871
7.8181,1.3871
7.8186,1.3871
7.8192,1.3821
7.8197,1.3871
7.8202,1.3821
7.8208,1.3921
7.8213,1.3871
7.8218,1.3821
7.8224,1.3821
7.8229,1.3871
7.8234,1.3821
7.8240,1.3871
7.8245,1.3871
7.8250,1.3821
7.8256,1.3821
7.8261,1.3871
7.8266,1.3871
7.8272,1.3871
7.8277,1.3821
7.8282,1.3871
7.8288,1.3871
7.8293,1.3871
7.8298,1.3871
7.8304,1.3871
7.8309,1.3871
7.8314,1.3871
7.8320,1.3821
7.8325,1.3871
7.8330,1.3821
7.8336,1.3871
7.8341,1.3871
7.8347,1.3921
7.8352,1.3821
7.8357,1.3871
7.8363,1.3871
7.8368,1.3921
7.8373,1.3871
7.8379,1.3821
7.8384,1.3821
7.8389,1.3821
7.8395,1.3871
7.8400,1.3821
7.8405,1.3871
7.8411,1.3871
7.8416,1.3821
7.8421,1.3821
7.8427,1.3871
7.8432,1.3871
7.8437,1.3871
7.8443,1.3871
7.8448,1.3871
7.8453,1.3871
7.8459,1.3821
7.8464,1.3871
7.8469,1.3871
7.8475,1.3871
7.8480,1.3871
7.8485,1.3821
7.8491,1.3871
7.8496,1.3871
7.8501,1.3871
7.8507,1.3871
7.8512,1.3871
7.8517,1.3821
7.8523,1.3821
7.8528,1.3871
7.8533,1.3871
7.8539,1.3871
7.8544,1.3821
7.8550,1.3770
7.8555,1.3770
7.8560,1.3871
7.8566,1.3871
7.8571,1.3871
7.8576,1.3821
7.8582,1.3871
7.8587,1.3871
7.8592,1.3871
7.8598,1.3871
7.8603,1.3871
7.8609,1.3821
7.8614,1.3821
7.8619,1.3821
7.8625,1.3821
7.8630,1.3871
7.8635,1.3821
7.8641,1.3871
7.8646,1.3871
7.8651,1.3871
7.8657,1.3871
7.8662,1.3821
7.8668,1.3871
7.8673,1.3871
7.8678,1.3871
7.8684,1.3871
7.8689,1.3821
7.8694,1.3871
7.8700,1.3770
7.8705,1.3871
7.8710,1.3871
7.8716,1.3871
7.8721,1.3871
7.8727,1.3871
7.8732,1.3821
7.8737,1.3821
7.8743,1.3871
7.8748,1.3821
7.8753,1.3821
7.8759,1.3871
7.8764,1.3871
7.8769,1.3871
7.8775,1.3821
7.8780,1.3821
7.8786,1.3821
7.8791,1.3821
7.8797,1.3871
7.8802,1.3821
7.8807,1.3821
7.8813,1.3871
7.8818,1.3871
7.8823,1.3821
7.8829,1.3821
7.8834,1.3821
7.8839,1.3821
7.8845,1.3871
7.8850,1.3821
7.8856,1.3821
7.8861,1.3821
7.8867,1.3770
7.8872,1.3871
7.8877,1.3821
7.8883,1.3821
7.8888,1.3821
7.8893,1.3821
7.8899,1.3821
7.8904,1.3871
7.8909,1.3821
7.8915,1.3770
7.8920,1.3821
7.8926,1.3871
7.8931,1.3821
7.8936,1.3871
7.8942,1.3821
7.8947,1.3871
7.8952,1.3821
7.8958,1.3821
7.8963,1.3821
7.8968,1.3821
7.8974,1.3821
7.8979,1.3821
7.8985,1.3821
7.8990,1.3871
7.8995,1.3871
7.9001,1.3871
7.9006,1.3821
7.9011,1.3821
7.9017,1.3821
7.9022,1.3871
7.9027,1.3871
7.9033,1.3871
7.9038,1.3871
7.9044,1.3770
7.9049,1.3770
7.9054,1.3871
7.9060,1.3821
7.9065,1.3871
7.9070,1.3821
7.9076,1.3821
7.9081,1.3821
7.9086,1.3821
7.9092,1.3821
7.9097,1.3821
7.9103,1.3821
7.9108,1.3871
7.9113,1.3821
7.9119,1.3821
7.9124,1.3821
7.9129,1.3821
7.9135,1.3821
7.9140,1.3871
7.9146,1.3821
7.9151,1.3821
7.9156,1.3821
7.9162,1.3821
7.9167,1.3871
7.9172,1.3821
7.9178,1.3871
7.9183,1.3821
7.9188,1.3821
7.9194,1.3821
7.9199,1.3871
7.9205,1.3770
7.9210,1.3821
7.9215,1.3871
7.9221,1.3821
7.9226,1.3821
7.9231,1.3871
7.9237,1.3770
7.9242,1.3821
7.9247,1.3821
7.9253,1.3821
7.9258,1.3821
7.9264,1.3821
7.9269,1.3821
7.9274,1.3871
7.9280,1.3821
7.9285,1.3821
7.9290,1.3770
7.9296,1.3821
7.9301,1.3821
7.9306,1.3821
7.9312,1.3821
7.9317,1.3871
7.9323,1.3770
7.9328,1.3770
7.9333,1.3821
7.9339,1.3821
7.9344,1.3871
7.9349,1.3770
7.9355,1.3871
7.9360,1.3821
7.9365,1.3821
7.9371,1.3821
7.9376,1.3871
7.9382,1.3821
7.9387,1.3821
7.9392,1.3821
7.9398,1.3821
7.9403,1.3821
7.9408,1.3871
7.9414,1.3770
7.9419,1.3821
7.9424,1.3821
7.9430,1.3821
7.9435,1.3821
7.9441,1.3821
7.9446,1.3821
7.9451,1.3821
7.9457,1.3720
7.9462,1.3821
7.9467,1.3821
7.9473,1.3821
7.9478,1.3821
7.9483,1.3871
7.9489,1.3821
7.9494,1.3871
7.9500,1.3821
7.9505,1.3821
7.9510,1.3821
7.9516,1.3821
7.9521,1.3770
7.9527,1.3821
7.9532,1.3821
7.9538,1.3770
7.9543,1.3821
7.9548,1.3871
7.9554,1.3821
7.9559,1.3821
7.9564,1.3871
7.9570,1.3770
7.9575,1.3871
7.9580,1.3821
7.9586,1.3821
7.9591,1.3821
7.9597,1.3821
7.9602,1.3770
7.9608,1.3821
7.9613,1.3770
7.9619,1.3821
7.9624,1.3821
7.9629,1.3821
7.9635,1.3770
7.9640,1.3770
7.9646,1.3821
7.9651,1.3821
7.9656,1.3821
7.9662,1.3821
7.9667,1.3821
7.9672,1.3821
7.9678,1.3821
7.9683,1.3821
7.9688,1.3821
7.9694,1.3821
7.9699,1.3821
7.9705,1.3821
7.9710,1.3770
7.9715,1.3770
7.9721,1.3821
7.9726,1.3821
7.9731,1.3821
7.9737,1.3821
7.9742,1.3821
7.9747,1.3821
7.9753,1.3821
7.9758,1.3821
7.9764,1.3871
7.9769,1.3821
7.9774,1.3821
7.9780,1.3821
7.9785,1.3821
7.9790,1.3821
7.9797,1.3821
7.9802,1.3770
7.9808,1.3720
7.9813,1.3821
7.9819,1.3770
7.9824,1.3821
7.9829,1.3821
7.9835,1.3821
7.9840,1.3821
7.9846,1.3821
7.9851,1.3821
7.9856,1.3871
7.9862,1.3871
7.9867,1.3821
7.9873,1.3821
7.9878,1.3821
7.9883,1.3821
7.9889,1.3821
7.9894,1.3821
7.9900,1.3871
7.9905,1.3821
7.9910,1.3821
7.9916,1.3821
7.9921,1.3821
7.9927,1.3821
7.9932,1.3821
7.9938,1.3821
7.9943,1.3821
7.9948,1.3821
7.9954,1.3821
7.9959,1.3871
7.9965,1.3871
7.9970,1.3871
7.9975,1.3871
7.9981,1.3821
7.9986,1.3871
7.9992,1.3871
7.9997,1.3871
8.0002,1.3821
8.0008,1.3821
8.0013,1.3871
8.0019,1.3821
8.0024,1.3871
8.0029,1.3871
8.0035,1.3821
8.0040,1.3871
8.0046,1.3871
8.0051,1.3921
8.0056,1.3821
8.0062,1.3871
8.0067,1.3871
8.0073,1.3871
8.0078,1.3871
8.0084,1.3921
8.0089,1.3871
8.0094,1.3871
8.0100,1.3871
8.0105,1.3921
8.0111,1.3871
8.0116,1.3871
8.0121,1.3921
8.0127,1.3871
8.0132,1.3871
8.0138,1.3921
8.0143,1.3871
8.0148,1.3921
8.0154,1.3921
8.0159,1.3921
8.0165,1.3871
8.0170,1.3921
8.0175,1.3921
8.0181,1.3921
8.0186,1.3871
8.0192,1.3871
8.0197,1.3921
8.0202,1.3921
8.0208,1.3921
8.0213,1.3921
8.0219,1.3921
8.0224,1.3921
8.0230,1.3921
8.0235,1.3972
8.0241,1.3871
8.0246,1.3972
8.0252,1.3921
8.0257,1.3921
8.0262,1.3972
8.0268,1.3921
8.0273,1.3871
8.0279,1.3972
8.0284,1.3921
8.0289,1.3921
8.0295,1.3972
8.0300,1.3921
8.0306,1.3921
8.0311,1.3921
8.0316,1.3972
8.0322,1.3972
8.0327,1.3921
8.0333,1.3972
8.0338,1.3972
8.0344,1.3871
8.0350,1.3921
8.0355,1.3972
8.0361,1.3972
8.0367,1.3972
8.0373,1.3972
8.0379,1.3972
8.0384,1.3921
8.0390,1.3972
8.0396,1.3972
8.0401,1.4022
8.0407,1.3972
8.0412,1.3972
8.0418,1.3972
8.0423,1.3972
8.0429,1.3921
8.0434,1.3972
8.0440,1.4022
8.0445,1.4022
8.0451,1.4022
8.0456,1.3972
8.0461,1.4022
8.0467,1.3921
8.0472,1.3972
8.0478,1.4022
8.0483,1.3972
8.0488,1.3972
8.0494,1.4022
8.0499,1.4022
8.0505,1.4022
8.0510,1.4022
8.0516,1.4022
8.0522,1.4022
8.0527,1.4022
8.0533,1.4022
8.0540,1.4022
8.0545,1.4022
8.0551,1.4022
8.0558,1.3972
8.0563,1.4022
8.0569,1.3972
8.0578,1.4022
8.0584,1.4022
8.0589,1.4022
8.0595,1.4022
8.0600,1.4022
8.0605,1.4022
8.0611,1.4022
8.0616,1.4022
8.0621,1.4022
8.0627,1.4022
8.0632,1.3972
8.0638,1.3972
8.0643,1.4022
8.0648,1.4022
8.0654,1.4022
8.0659,1.4022
8.0664,1.3972
8.0670,1.4022
8.0675,1.4073
8.0681,1.4022
8.0686,1.4073
8.0691,1.4073
8.0697,1.4073
8.0702,1.4022
8.0708,1.4022
8.0713,1.4022
8.0719,1.4022
8.0726,1.4073
8.0731,1.4073
8.0736,1.4022
8.0742,1.4022
8.0747,1.4022
8.0753,1.4022
8.0758,1.4022
8.0763,1.4073
8.0769,1.4022
8.0774,1.4022
8.0780,1.4022
8.0785,1.4022
8.0790,1.4073
8.0796,1.4022
8.0802,1.4022
8.0808,1.4073
8.0814,1.4073
8.0819,1.4073
8.0825,1.4073
8.0830,1.4073
8.0835,1.4022
8.0841,1.4022
8.0846,1.4022
8.0851,1.4022
8.0857,1.4022
8.0862,1.4073
8.0868,1.4073
8.0873,1.4022
8.0879,1.4022
8.0885,1.4073
8.0891,1.4022
8.0897,1.4073
8.0902,1.4073
8.0908,1.4073
8.0913,1.4022
8.0919,1.4073
8.0924,1.3972
8.0930,1.4073
8.0935,1.4022
8.0941,1.4073
8.0946,1.4022
8.0951,1.4073
8.0957,1.4022
8.0962,1.4022
8.0968,1.4073
8.0973,1.4022
8.0978,1.4022
8.0984,1.4073
8.0989,1.4073
8.0994,1.4022
8.1000,1.4022
8.1005,1.4073
8.1011,1.4073
8.1016,1.4022
8.1021,1.4073
8.1027,1.4073
8.1032,1.4022
8.1038,1.4073
8.1043,1.4073
8.1048,1.4022
8.1054,1.4073
8.1059,1.4022
8.1065,1.4022
8.1070,1.4022
8.1075,1.3972
8.1081,1.3972
8.1086,1.4073
8.1091,1.4073
8.1097,1.4022
8.1102,1.4022
8.1108,1.4073
8.1113,1.4073
8.1118,1.4073
8.1124,1.4073
8.1129,1.4022
8.1135,1.4073
8.1140,1.4073
8.1145,1.4073
8.1151,1.4073
8.1156,1.4073
8.1162,1.4022
8.1167,1.4022
8.1172,1.4022
8.1178,1.4073
8.1183,1.4022
8.1189,1.3972
8.1194,1.4073
8.1199,1.4073
8.1205,1.4022
8.1210,1.4022
8.1215,1.4022
8.1221,1.4073
8.1226,1.4022
8.1232,1.4073
8.1237,1.4022
8.1242,1.4022
8.1248,1.4022
8.1253,1.4073
8.1259,1.4022
8.1264,1.4022
8.1269,1.4073
8.1275,1.4073
8.1280,1.4073
8.1286,1.4022
8.1291,1.4022
8.1296,1.4073
8.1302,1.4022
8.1307,1.4073
8.1313,1.4022
8.1318,1.3972
8.1323,1.4073
8.1329,1.4022
8.1334,1.4022
8.1340,1.4022
8.1345,1.4073
8.1350,1.4022
8.1356,1.3972
8.1361,1.4073
8.1367,1.4073
8.1372,1.4022
8.1377,1.3972
8.1383,1.4073
8.1388,1.4022
8.1393,1.4022
8.1399,1.4073
8.1404,1.4073
8.1410,1.3972
8.1415,1.4073
8.1420,1.4073
8.1426,1.4022
8.1431,1.4022
8.1437,1.4022
8.1442,1.4022
8.1447,1.4073
8.1453,1.3972
8.1458,1.4073
8.1463,1.4022
8.1469,1.4022
8.1474,1.4073
8.1480,1.4073
8.1485,1.4073
8.1490,1.3972
8.1496,1.4073
8.1501,1.4022
8.1507,1.4073
8.1512,1.4073
8.1517,1.4073
8.1523,1.4022
8.1528,1.4022
8.1533,1.4022
8.1539,1.4073
8.1544,1.4073
8.1550,1.4022
8.1555,1.4073
8.1560,1.4022
8.1566,1.4073
8.1571,1.4022
8.1576,1.4022
8.1582,1.4073
8.1587,1.4073
8.1593,1.4022
8.1598,1.4073
8.1603,1.4073
8.1609,1.4022
8.1614,1.4073
8.1620,1.4073
8.1625,1.4022
8.1630,1.4073
8.1636,1.4073
8.1641,1.4073
8.1647,1.4022
8.1652,1.4022
8.1657,1.4073
8.1663,1.4022
8.1668,1.4073
8.1674,1.4022
8.1679,1.4073
8.1684,1.4022
8.1690,1.4022
8.1695,1.4073
8.1700,1.4073
8.1706,1.4022
8.1711,1.4022
8.1717,1.4073
8.1722,1.4022
8.1727,1.4073
8.1733,1.4022
8.1738,1.4022
8.1743,1.4073
8.1749,1.4022
8.1754,1.4073
8.1760,1.4073
8.1765,1.4073
8.1770,1.4022
8.1776,1.4073
8.1781,1.3972
8.1787,1.4022
8.1792,1.4022
8.1797,1.4073
8.1803,1.4073
8.1808,1.4022
8.1813,1.4073
8.1819,1.4073
8.1824,1.4022
8.1830,1.3972
8.1835,1.4073
8.1841,1.4073
8.1846,1.4073
8.1852,1.4022
8.1857,1.4073
8.1863,1.4022
8.1868,1.4022
8.1874,1.4022
8.1879,1.4123
8.1885,1.4022
8.1890,1.4022
8.1896,1.4022
8.1901,1.4073
8.1907,1.4022
8.1912,1.4073
8.1918,1.4073
8.1923,1.3972
8.1929,1.4022
8.1934,1.4022
8.1940,1.4073
8.1945,1.4022
8.1951,1.4022
8.1956,1.4073
8.1962,1.4022
8.1967,1.4073
8.1973,1.3972
8.1978,1.4073
8.1984,1.4022
8.1989,1.4022
8.1995,1.4022
8.2000,1.4022
8.2006,1.3972
8.2011,1.4022
8.2017,1.4073
8.2022,1.4022
8.2028,1.4022
8.2033,1.4022
8.2039,1.4022
8.2044,1.4022
8.2050,1.4073
8.2055,1.4073
8.2060,1.4022
8.2066,1.4022
8.2071,1.3972
8.2077,1.4022
8.2082,1.4022
8.2088,1.4022
8.2093,1.4022
8.2099,1.4022
8.2104,1.4022
8.2110,1.4073
8.2115,1.3972
8.2121,1.4022
8.2126,1.4022
8.2132,1.4022
8.2137,1.4022
8.2143,1.4022
8.2148,1.4022
8.2154,1.4022
8.2159,1.4022
8.2165,1.4022
8.2170,1.4073
8.2176,1.4022
8.2181,1.4022
8.2187,1.4022
8.2192,1.4022
8.2198,1.4022
8.2203,1.4022
8.2209,1.4022
8.2214,1.4022
8.2220,1.4022
8.2225,1.4022
8.2231,1.4022
8.2236,1.4022
8.2242,1.4022
8.2247,1.4022
8.2253,1.4022
8.2258,1.4022
8.2264,1.4022
8.2269,1.4022
8.2275,1.4022
8.2280,1.4022
8.2286,1.3972
8.2291,1.4022
8.2297,1.4022
8.2303,1.4022
8.2308,1.3972
8.2314,1.4022
8.2319,1.3972
8.2325,1.4022
8.2330,1.4022
8.2336,1.3972
8.2341,1.4022
8.2347,1.3972
8.2352,1.4022
8.2358,1.3972
8.2363,1.4022
8.2369,1.3972
8.2374,1.4022
8.2380,1.3972
8.2385,1.4022
8.2391,1.4022
8.2396,1.4022
8.2402,1.4022
8.2407,1.3972
8.2413,1.4022
8.2418,1.3972
8.2424,1.4022
8.2429,1.3972
8.2435,1.4022
8.2440,1.4022
8.2446,1.4022
8.2451,1.3972
8.2457,1.4022
8.2462,1.3972
8.2467,1.3972
8.2473,1.4022
8.2478,1.3972
8.2484,1.3972
8.2490,1.4022
8.2495,1.3972
8.2501,1.3972
8.2506,1.4022
8.2512,1.3972
8.2517,1.4022
8.2522,1.4022
8.2528,1.3972
8.2533,1.3972
8.2539,1.4022
8.2544,1.4022
8.2550,1.3972
8.2555,1.4022
8.2561,1.4022
8.2566,1.3972
8.2572,1.4022
8.2577,1.3921
8.2583,1.4022
8.2588,1.3972
8.2594,1.4022
8.2599,1.4022
8.2605,1.3921
8.2610,1.3972
8.2616,1.4022
8.2621,1.3972
8.2627,1.3972
8.2632,1.3972
8.2638,1.4022
8.2643,1.3972
8.2649,1.3972
8.2654,1.3972
8.2660,1.4022
8.2665,1.3972
8.2671,1.4022
8.2676,1.4022
8.2682,1.4022
8.2687,1.3972
8.2693,1.4022
8.2699,1.3972
8.2704,1.4022
8.2710,1.3972
8.2715,1.3921
8.2721,1.3972
8.2726,1.4022
8.2732,1.4022
8.2737,1.3972
8.2743,1.4022
8.2748,1.3972
8.2754,1.3972
8.2759,1.3921
8.2765,1.4022
8.2770,1.3972
8.2776,1.3972
8.2781,1.3972
8.2787,1.3921
8.2792,1.4022
8.2798,1.3921
8.2803,1.3972
8.2809,1.3972
8.2814,1.4022
8.2820,1.3972
8.2825,1.3972
8.2831,1.3972
8.2836,1.3972
8.2842,1.3921
8.2847,1.3972
8.2853,1.4022
8.2858,1.4022
8.2864,1.4022
8.2869,1.3972
8.2874,1.4022
8.2880,1.3972
8.2885,1.3921
8.2891,1.3972
8.2896,1.4022
8.2902,1.3972
8.2907,1.4022
8.2913,1.3972
8.2918,1.3972
8.2924,1.3972
8.2929,1.4022
8.2935,1.3972
8.2940,1.3972
8.2946,1.3972
8.2951,1.3921
8.2957,1.3972
8.2962,1.3972
8.2968,1.3972
8.2973,1.3972
8.2979,1.3972
8.2984,1.3921
8.2990,1.4022
8.2995,1.3972
8.3001,1.3972
8.3006,1.3972
8.3012,1.4022
8.3017,1.4022
8.3023,1.3972
8.3028,1.4022
8.3034,1.3972
8.3039,1.4022
8.3045,1.4022
8.3050,1.3972
8.3056,1.3972
8.3061,1.3972
8.3067,1.4022
8.3072,1.3972
8.3078,1.3972
8.3083,1.3972
8.3089,1.3972
8.3094,1.3972
8.3100,1.3921
8.3105,1.3972
8.3111,1.3972
8.3116,1.3972
8.3122,1.3972
8.3127,1.4022
8.3133,1.3972
8.3138,1.3972
8.3144,1.3972
8.3149,1.3921
8.3155,1.3972
8.3160,1.3972
8.3166,1.3972
8.3171,1.3972
8.3177,1.4022
8.3182,1.3972
8.3188,1.3972
8.3193,1.3972
8.3199,1.3921
8.3204,1.4022
8.3210,1.3921
8.3215,1.3972
8.3221,1.3972
8.3226,1.4022
8.3232,1.3972
8.3237,1.4022
8.3243,1.3921
8.3248,1.3972
8.3254,1.3972
8.3259,1.4022
8.3265,1.3972
8.3270,1.3972
8.3276,1.3972
8.3281,1.3972
8.3287,1.3972
8.3292,1.3972
8.3298,1.4022
8.3303,1.3972
8.3309,1.4022
8.3314,1.3972
8.3320,1.3972
8.3325,1.4022
8.3331,1.3972
8.3336,1.3972
8.3342,1.3972
8.3347,1.3972
8.3353,1.3972
8.3358,1.3972
8.3364,1.3972
8.3369,1.3972
8.3375,1.3972
8.3380,1.3972
8.3386,1.3972
8.3391,1.3972
8.3396,1.3921
8.3402,1.3921
8.3408,1.3972
8.3413,1.3921
8.3419,1.3972
8.3424,1.4022
8.3430,1.3972
8.3435,1.4022
8.3441,1.3972
8.3447,1.3972
8.3453,1.3972
8.3459,1.3972
8.3466,1.3972
8.3472,1.3972
8.3477,1.3972
8.3483,1.3972
8.3493,1.4022
8.3499,1.3972
8.3504,1.3921
8.3510,1.3972
8.3516,1.3921
8.3522,1.3921
8.3528,1.3972
8.3533,1.3972
8.3539,1.4022
8.3545,1.4022
8.3550,1.3972
8.3556,1.3972
8.3562,1.3972
8.3568,1.3972
8.3574,1.3972
8.3579,1.3972
8.3585,1.3972
8.3590,1.3921
8.3595,1.3972
8.3601,1.4022
8.3606,1.4022
8.3612,1.3972
8.3618,1.3921
8.3623,1.4022
8.3629,1.3921
8.3634,1.3921
8.3639,1.3972
8.3645,1.3972
8.3650,1.3972
8.3656,1.3972
8.3661,1.3972
8.3667,1.3921
8.3672,1.3972
8.3678,1.3972
8.3683,1.3972
8.3689,1.3972
8.3694,1.3972
8.3699,1.3972
8.3705,1.3921
8.3711,1.3972
8.3716,1.3972
8.3722,1.3921
8.3728,1.3972
8.3733,1.3921
8.3739,1.3972
8.3744,1.3972
8.3750,1.3972
8.3755,1.3972
8.3761,1.3972
8.3766,1.3972
8.3772,1.3972
8.3777,1.3972
8.3783,1.3972
8.3788,1.4022
8.3794,1.3921
8.3799,1.3972
8.3805,1.3921
8.3810,1.3972
8.3816,1.3921
8.3821,1.3972
8.3827,1.3972
8.3832,1.3972
8.3838,1.3972
8.3843,1.3921
8.3849,1.3972
8.3854,1.3972
8.3860,1.3921
8.3865,1.3972
8.3871,1.4022
8.3876,1.3972
8.3882,1.3972
8.3887,1.3972
8.3893,1.3921
8.3898,1.3972
8.3904,1.3972
8.3909,1.3972
8.3915,1.3972
8.3920,1.3972
8.3926,1.3972
8.3931,1.3972
8.3937,1.3921
8.3942,1.3972
8.3948,1.3921
8.3953,1.3972
8.3959,1.3921
8.3964,1.3972
8.3970,1.3921
8.3975,1.3972
8.3981,1.3972
8.3986,1.3921
8.3992,1.3921
8.3997,1.3972
8.4003,1.3921
8.4008,1.3972
8.4014,1.3972
8.4019,1.3972
8.4025,1.3921
8.4030,1.3972
8.4036,1.3921
8.4041,1.3921
8.4047,1.3972
8.4052,1.3972
8.4058,1.3972
8.4063,1.3972
8.4069,1.3972
8.4074,1.3972
8.4080,1.3972
8.4085,1.3972
8.4091,1.3921
8.4096,1.3972
8.4102,1.3921
8.4107,1.3921
8.4113,1.3921
8.4118,1.3921
8.4124,1.3972
8.4129,1.3921
8.4135,1.3972
8.4140,1.3921
8.4146,1.3972
8.4151,1.3972
8.4157,1.3972
8.4162,1.3972
8.4168,1.3972
8.4173,1.3972
8.4179,1.3921
8.4184,1.3921
8.4190,1.3921
8.4195,1.3972
8.4201,1.3921
8.4206,1.3871
8.4212,1.3972
8.4217,1.3972
8.4223,1.3921
8.4228,1.3972
8.4234,1.3972
8.4239,1.3921
8.4245,1.4022
8.4250,1.3921
8.4255,1.3972
8.4261,1.3972
8.4266,1.3972
8.4272,1.3921
8.4277,1.3972
8.4283,1.3921
8.4288,1.3921
8.4294,1.3921
8.4299,1.3972
8.4305,1.3921
8.4310,1.3871
8.4316,1.3972
8.4321,1.3972
8.4327,1.3921
8.4332,1.3921
8.4338,1.3921
8.4343,1.3921
8.4349,1.3921
8.4354,1.3972
8.4359,1.3972
8.4365,1.3921
8.4370,1.3972
8.4376,1.3921
8.4381,1.3972
8.4387,1.3972
8.4392,1.3972
8.4398,1.3921
8.4403,1.3921
8.4409,1.3972
8.4415,1.3921
8.4420,1.3972
8.4426,1.3921
8.4431,1.3871
8.4437,1.3921
8.4442,1.3921
8.4448,1.3921
8.4453,1.3921
8.4459,1.3972
8.4464,1.3972
8.4470,1.3921
8.4475,1.3921
8.4481,1.3921
8.4486,1.3921
8.4492,1.3972
8.4497,1.3921
8.4503,1.3871
8.4508,1.3972
8.4514,1.3871
8.4519,1.3921
8.4525,1.3921
8.4530,1.3921
8.4536,1.3921
8.4541,1.3921
8.4547,1.3921
8.4552,1.3921
8.4558,1.3921
8.4563,1.3921
8.4569,1.3921
8.4574,1.3921
8.4580,1.3921
8.4585,1.3921
8.4591,1.3921
8.4596,1.3972
8.4602,1.3921
8.4607,1.3921
8.4613,1.3871
8.4618,1.3921
8.4624,1.3921
8.4629,1.3921
8.4635,1.3921
8.4640,1.3921
8.4646,1.3972
8.4651,1.3921
8.4657,1.3921
8.4662,1.3921
8.4668,1.3921
8.4673,1.3921
8.4679,1.3921
8.4684,1.3921
8.4690,1.3921
8.4695,1.3921
8.4700,1.3921
8.4706,1.3871
8.4712,1.3921
8.4717,1.3921
8.4723,1.3871
8.4728,1.3972
8.4734,1.3871
8.4739,1.3921
8.4745,1.3871
8.4750,1.3921
8.4755,1.3871
8.4761,1.3871
8.4766,1.3871
8.4772,1.3921
8.4777,1.3921
8.4783,1.3921
8.4788,1.3921
8.4794,1.3921
8.4799,1.3921
8.4805,1.3921
8.4811,1.3821
8.4816,1.3921
8.4822,1.3921
8.4827,1.3921
8.4833,1.3921
8.4838,1.3921
8.4844,1.3921
8.4849,1.3921
8.4855,1.3921
8.4860,1.3921
8.4866,1.3871
8.4871,1.3921
8.4877,1.3921
8.4882,1.3921
8.4888,1.3921
8.4893,1.3921
8.4899,1.3871
8.4904,1.3921
8.4910,1.3921
8.4915,1.3921
8.4921,1.3871
8.4926,1.3921
8.4932,1.3921
8.4937,1.3871
8.4943,1.3921
8.4948,1.3871
8.4954,1.3921
8.4960,1.3871
8.4965,1.3921
8.4971,1.3871
8.4976,1.3871
8.4982,1.3871
8.4987,1.3871
8.4992,1.3871
8.4998,1.3921
8.5003,1.3871
8.5009,1.3871
8.5015,1.3921
8.5020,1.3921
8.5026,1.3871
8.5031,1.3871
8.5037,1.3921
8.5042,1.3871
8.5047,1.3921
8.5053,1.3871
8.5058,1.3921
8.5064,1.3871
8.5069,1.3871
8.5075,1.3871
8.5080,1.3871
8.5086,1.3871
8.5091,1.3871
8.5097,1.3921
8.5102,1.3871
8.5108,1.3871
8.5114,1.3821
8.5119,1.3871
8.5125,1.3871
8.5130,1.3871
8.5136,1.3871
8.5141,1.3871
8.5147,1.3871
8.5152,1.3921
8.5158,1.3871
8.5163,1.3921
8.5169,1.3871
8.5174,1.3871
8.5180,1.3871
8.5185,1.3871
8.5191,1.3821
8.5196,1.3871
8.5202,1.3871
8.5207,1.3871
8.5213,1.3871
8.5218,1.3871
8.5224,1.3921
8.5229,1.3871
8.5235,1.3871
8.5240,1.3871
8.5246,1.3871
8.5251,1.3921
8.5257,1.3821
8.5262,1.3921
8.5268,1.3871
8.5273,1.3871
8.5279,1.3921
8.5284,1.3871
8.5290,1.3871
8.5295,1.3871
8.5301,1.3921
8.5306,1.3871
8.5312,1.3921
8.5317,1.3871
8.5323,1.3871
8.5328,1.3821
8.5334,1.3871
8.5339,1.3921
8.5345,1.3871
8.5387,1.3871
8.5393,1.3921
8.5398,1.3871
8.5404,1.3871
8.5410,1.3871
8.5415,1.3871
8.5421,1.3871
8.5427,1.3821
8.5432,1.3871
8.5438,1.3821
8.5443,1.3921
8.5449,1.3871
8.5454,1.3821
8.5459,1.3871
8.5465,1.3871
8.5509,1.3871
8.5515,1.3921
8.5520,1.3821
8.5526,1.3821
8.5532,1.3871
8.5537,1.3821
8.5543,1.3821
8.5549,1.3871
8.5555,1.3821
8.5560,1.3871
8.5566,1.3871
8.5572,1.3871
8.5577,1.3821
8.5583,1.3921
8.5589,1.3871
8.5594,1.3871
8.5600,1.3871
8.5605,1.3821
8.5612,1.3821
8.5619,1.3871
8.5626,1.3821
8.5632,1.3871
8.5637,1.3821
8.5643,1.3871
8.5648,1.3871
8.5654,1.3921
8.5659,1.3871
8.5665,1.3871
8.5670,1.3871
8.5676,1.3821
8.5681,1.3871
8.5687,1.3871
8.5692,1.3871
8.5698,1.3871
8.5703,1.3821
8.5709,1.3821
8.5714,1.3871
8.5720,1.3871
8.5725,1.3871
8.5731,1.3871
8.5737,1.3821
8.5742,1.3871
8.5748,1.3871
8.5753,1.3871
8.5759,1.3821
8.5764,1.3871
8.5770,1.3871
8.5775,1.3871
8.5781,1.3821
8.5786,1.3871
8.5792,1.3871
8.5797,1.3821
8.5803,1.3821
8.5808,1.3921
8.5815,1.3821
8.5822,1.3871
8.5827,1.3871
8.5833,1.3821
8.5838,1.3821
8.5844,1.3821
8.5849,1.3821
8.5855,1.3821
8.5860,1.3871
8.5866,1.3821
8.5871,1.3871
8.5877,1.3871
8.5883,1.3821
8.5888,1.3821
8.5894,1.3821
8.5900,1.3821
8.5905,1.3821
8.5911,1.3821
8.5916,1.3821
8.5922,1.3821
8.5927,1.3871
8.5933,1.3871
8.5938,1.3871
8.5943,1.3821
8.5949,1.3871
8.5954,1.3821
8.5960,1.3871
8.5965,1.3821
8.5971,1.3871
8.5976,1.3821
8.5981,1.3821
8.5987,1.3871
8.5992,1.3871
8.5998,1.3871
8.6003,1.3821
8.6009,1.3871
8.6014,1.3821
8.6020,1.3871
8.6025,1.3821
8.6030,1.3871
8.6036,1.3871
8.6041,1.3770
8.6046,1.3871
8.6052,1.3821
8.6057,1.3821
8.6063,1.3821
8.6068,1.3871
8.6073,1.3871
8.6079,1.3871
8.6084,1.3871
8.6090,1.3871
8.6095,1.3871
8.6100,1.3821
8.6106,1.3821
8.6111,1.3821
8.6117,1.3821
8.6122,1.3821
8.6128,1.3821
8.6133,1.3821
8.6138,1.3821
8.6144,1.3871
8.6149,1.3871
8.6155,1.3871
8.6160,1.3821
8.6165,1.3871
8.6171,1.3821
8.6176,1.3821
8.6182,1.3821
8.6187,1.3821
8.6192,1.3821
8.6198,1.3871
8.6203,1.3821
8.6209,1.3821
8.6214,1.3821
8.6219,1.3821
8.6225,1.3821
8.6230,1.3871
8.6236,1.3871
8.6241,1.3821
8.6247,1.3821
8.6252,1.3821
8.6257,1.3821
8.6263,1.3821
8.6268,1.3871
8.6274,1.3821
8.6279,1.3821
8.6285,1.3821
8.6290,1.3871
8.6295,1.3770
8.6301,1.3821
8.6306,1.3821
8.6312,1.3871
8.6317,1.3770
8.6323,1.3821
8.6328,1.3821
8.6334,1.3821
8.6339,1.3871
8.6344,1.3821
8.6350,1.3821
8.6355,1.3821
8.6361,1.3821
8.6366,1.3871
8.6371,1.3871
8.6377,1.3821
8.6382,1.3821
8.6388,1.3770
8.6393,1.3821
8.6399,1.3821
8.6404,1.3821
8.6410,1.3821
8.6415,1.3821
8.6420,1.3770
8.6426,1.3821
8.6431,1.3821
8.6437,1.3821
8.6442,1.3821
8.6448,1.3770
8.6453,1.3821
8.6458,1.3821
8.6464,1.3821
8.6469,1.3871
8.6475,1.3871
8.6480,1.3821
8.6486,1.3821
8.6491,1.3871
8.6496,1.3821
8.6502,1.3871
8.6507,1.3871
8.6513,1.3821
8.6518,1.3821
8.6524,1.3770
8.6529,1.3821
8.6535,1.3821
8.6540,1.3871
8.6546,1.3821
8.6551,1.3871
8.6557,1.3871
8.6562,1.3871
8.6567,1.3821
8.6573,1.3770
8.6578,1.3821
8.6584,1.3821
8.6589,1.3821
8.6595,1.3821
8.6600,1.3871
8.6606,1.3821
8.6611,1.3821
8.6617,1.3821
8.6622,1.3821
8.6627,1.3770
8.6633,1.3871
8.6638,1.3821
8.6644,1.3821
8.6649,1.3821
8.6655,1.3821
8.6660,1.3821
8.6665,1.3770
8.6671,1.3821
8.6676,1.3821
8.6682,1.3770
8.6687,1.3821
8.6693,1.3770
8.6698,1.3770
8.6703,1.3821
8.6709,1.3821
8.6714,1.3821
8.6720,1.3821
8.6725,1.3821
8.6731,1.3871
8.6736,1.3821
8.6741,1.3720
8.6747,1.3770
8.6752,1.3821
8.6758,1.3821
8.6763,1.3821
8.6769,1.3821
8.6774,1.3821
8.6779,1.3821
8.6785,1.3821
8.6790,1.3770
8.6796,1.3770
8.6801,1.3770
8.6807,1.3770
8.6812,1.3871
8.6817,1.3821
8.6823,1.3821
8.6830,1.3821
8.6835,1.3720
8.6840,1.3821
8.6846,1.3821
8.6851,1.3821
8.6857,1.3821
8.6862,1.3821
8.6868,1.3821
8.6873,1.3821
8.6879,1.3770
8.6884,1.3821
8.6890,1.3821
8.6895,1.3821
8.6901,1.3770
8.6906,1.3821
8.6912,1.3770
8.6917,1.3770
8.6923,1.3821
8.6928,1.3821
8.6934,1.3770
8.6939,1.3770
8.6945,1.3821
8.6950,1.3770
8.6956,1.3821
8.6961,1.3821
8.6967,1.3821
8.6972,1.3821
8.6978,1.3821
8.6983,1.3770
8.6989,1.3821
8.6994,1.3770
8.7000,1.3770
8.7005,1.3821
8.7011,1.3770
8.7016,1.3821
8.7022,1.3821
8.7027,1.3770
8.7033,1.3821
8.7038,1.3821
8.7044,1.3821
8.7049,1.3821
8.7055,1.3770
8.7060,1.3821
8.7066,1.3821
8.7071,1.3821
8.7077,1.3821
8.7082,1.3871
8.7088,1.3770
8.7093,1.3821
8.7099,1.3821
8.7104,1.3770
8.7110,1.3821
8.7115,1.3821
8.7121,1.3821
8.7126,1.3821
8.7132,1.3770
8.7137,1.3770
8.7143,1.3821
8.7148,1.3821
8.7154,1.3770
8.7159,1.3821
8.7165,1.3821
8.7170,1.3821
8.7176,1.3821
8.7181,1.3821
8.7187,1.3821
8.7192,1.3871
8.7198,1.3821
8.7203,1.3821
8.7209,1.3821
8.7214,1.3871
8.7220,1.3821
8.7225,1.3871
8.7231,1.3821
8.7236,1.3821
8.7242,1.3821
8.7247,1.3821
8.7253,1.3821
8.7258,1.3871
8.7264,1.3821
8.7269,1.3821
8.7275,1.3821
8.7280,1.3821
8.7286,1.3821
8.7291,1.3871
8.7297,1.3871
8.7302,1.3871
8.7308,1.3821
8.7313,1.3871
8.7319,1.3871
8.7324,1.3871
8.7330,1.3871
8.7335,1.3821
8.7341,1.3871
8.7347,1.3821
8.7353,1.3821
8.7360,1.3871
8.7365,1.3921
8.7371,1.3821
8.7376,1.3871
8.7382,1.3871
8.7387,1.3871
8.7393,1.3821
8.7398,1.3871
8.7404,1.3921
8.7409,1.3871
8.7415,1.3871
8.7420,1.3871
8.7426,1.3871
8.7431,1.3871
8.7436,1.3871
8.7442,1.3871
8.7447,1.3921
8.7453,1.3871
8.7458,1.3871
8.7464,1.3871
8.7469,1.3871
8.7475,1.3921
8.7480,1.3921
8.7486,1.3921
8.7491,1.3871
8.7496,1.3871
8.7502,1.3921
8.7507,1.3871
8.7513,1.3921
8.7519,1.3871
8.7524,1.3921
8.7530,1.3871
8.7535,1.3921
8.7540,1.3871
8.7546,1.3921
8.7551,1.3921
8.7557,1.3972
8.7562,1.3921
8.7568,1.3921
8.7573,1.3921
8.7579,1.3921
8.7584,1.3921
8.7590,1.3921
8.7595,1.3921
8.7600,1.3972
8.7606,1.3921
8.7611,1.3972
8.7617,1.3972
8.7622,1.3921
8.7628,1.3972
8.7633,1.3972
8.7639,1.3972
8.7644,1.3921
8.7650,1.3921
8.7655,1.3921
8.7660,1.3921
8.7666,1.3972
8.7671,1.3921
8.7677,1.3972
8.7682,1.3972
8.7688,1.3921
8.7693,1.3972
8.7699,1.3972
8.7704,1.3972
8.7710,1.3972
8.7715,1.3921
8.7721,1.3972
8.7726,1.3972
8.7732,1.3921
8.7737,1.3921
8.7743,1.3972
8.7748,1.3972
8.7754,1.3972
8.7759,1.3972
8.7765,1.4022
8.7770,1.3972
8.7776,1.4022
8.7781,1.4022
8.7786,1.4022
8.7792,1.3972
8.7797,1.3972
8.7803,1.3972
8.7808,1.4022
8.7814,1.3972
8.7819,1.3972
8.7825,1.3972
8.7831,1.3972
8.7836,1.4022
8.7842,1.4022
8.7847,1.3972
8.7853,1.3972
8.7858,1.4022
8.7864,1.3972
8.7869,1.3972
8.7875,1.4073
8.7880,1.3972
8.7886,1.4022
8.7891,1.4022
8.7897,1.4022
8.7902,1.3972
8.7908,1.3972
8.7913,1.4022
8.7919,1.4022
8.7924,1.4022
8.7930,1.4022
8.7935,1.3972
8.7941,1.4022
8.7946,1.3972
8.7952,1.3972
8.7957,1.3972
8.7963,1.3972
8.7968,1.4022
8.7974,1.4022
8.7979,1.4022
8.7985,1.4073
8.7990,1.4022
8.7996,1.4022
8.8001,1.4022
8.8007,1.4022
8.8012,1.4022
8.8018,1.4022
8.8023,1.4022
8.8029,1.4022
8.8034,1.3972
8.8040,1.4022
8.8045,1.4022
8.8051,1.4022
8.8056,1.4022
8.8062,1.4022
8.8067,1.4022
8.8073,1.4073
8.8078,1.4022
8.8084,1.4022
8.8089,1.4022
8.8095,1.4022
8.8100,1.4073
8.8106,1.4022
8.8111,1.4073
8.8117,1.4022
8.8122,1.4073
8.8128,1.4022
8.8133,1.4073
8.8139,1.4073
8.8144,1.4022
8.8150,1.4022
8.8155,1.4073
8.8161,1.4022
8.8166,1.3972
8.8172,1.3972
8.8177,1.3972
8.8183,1.4022
8.8188,1.4073
8.8194,1.4022
8.8199,1.4022
8.8205,1.4073
8.8210,1.4022
8.8216,1.4022
8.8221,1.4022
8.8227,1.4022
8.8232,1.4022
8.8238,1.4073
8.8243,1.4022
8.8249,1.4073
8.8254,1.4022
8.8260,1.4022
8.8265,1.4022
8.8271,1.4073
8.8276,1.4022
8.8282,1.4073
8.8287,1.4022
8.8293,1.4073
8.8298,1.4073
8.8304,1.4022
8.8309,1.4073
8.8315,1.4022
8.8320,1.4022
8.8326,1.4022
8.8331,1.3972
8.8337,1.4022
8.8342,1.4022
8.8348,1.4022
8.8353,1.4022
8.8359,1.4073
8.8364,1.4073
8.8369,1.4022
8.8375,1.4073
8.8380,1.3972
8.8386,1.4022
8.8391,1.4022
8.8397,1.3972
8.8402,1.4022
8.8408,1.4022
8.8413,1.4022
8.8419,1.4022
8.8424,1.4073
8.8430,1.4022
8.8435,1.4022
8.8441,1.4022
8.8446,1.4022
8.8452,1.4022
8.8457,1.4022
8.8463,1.4022
8.8468,1.4073
8.8474,1.4073
8.8479,1.4022
8.8485,1.4073
8.8490,1.4073
8.8496,1.4022
8.8501,1.4022
8.8507,1.4022
8.8512,1.4022
8.8518,1.4022
8.8523,1.4073
8.8529,1.4022
8.8534,1.4022
8.8540,1.4073
8.8545,1.3972
8.8551,1.4073
8.8556,1.4022
8.8562,1.4022
8.8567,1.4022
8.8573,1.4022
8.8578,1.4022
8.8584,1.4073
8.8589,1.4022
8.8595,1.4022
8.8600,1.4022
8.8606,1.4073
8.8611,1.4022
8.8617,1.4022
8.8622,1.4022
8.8628,1.4073
8.8633,1.4022
8.8639,1.4022
8.8644,1.4073
8.8650,1.4022
8.8655,1.4022
8.8661,1.4022
8.8666,1.4022
8.8672,1.4073
8.8677,1.4022
8.8683,1.4073
8.8688,1.4022
8.8694,1.4022
8.8699,1.3972
8.8705,1.4073
8.8710,1.4073
8.8716,1.4022
8.8721,1.4022
8.8727,1.4022
8.8732,1.4073
8.8738,1.4022
8.8743,1.4022
8.8749,1.3972
8.8754,1.4022
8.8760,1.4022
8.8765,1.4022
8.8771,1.3972
8.8776,1.4022
8.8782,1.4022
8.8788,1.4073
8.8794,1.4022
8.8799,1.4022
8.8805,1.4022
8.8810,1.3972
8.8816,1.4022
8.8821,1.4022
8.8827,1.3972
8.8832,1.3972
8.8838,1.4073
8.8844,1.3972
8.8849,1.4073
8.8855,1.4073
8.8860,1.4022
8.8866,1.4022
8.8871,1.4022
8.8877,1.4022
8.8882,1.3972
8.8888,1.4022
8.8893,1.4022
8.8899,1.4073
8.8904,1.4022
8.8910,1.4073
8.8915,1.4022
8.8921,1.4073
8.8926,1.4073
8.8932,1.4022
8.8937,1.4022
8.8943,1.4022
8.8948,1.4022
8.8954,1.4022
8.8959,1.4022
8.8965,1.4073
8.8970,1.4022
8.8975,1.4022
8.8981,1.3972
8.8986,1.4022
8.8992,1.4022
8.8997,1.4022
8.9003,1.4022
8.9009,1.4022
8.9014,1.3972
8.9020,1.4022
8.9026,1.4022
8.9031,1.4022
8.9037,1.4022
8.9042,1.4022
8.9048,1.4022
8.9053,1.3972
8.9059,1.3972
8.9064,1.4022
8.9069,1.4073
8.9075,1.3972
8.9080,1.4022
8.9086,1.4022
8.9091,1.4022
8.9097,1.4022
8.9102,1.4022
8.9108,1.3972
8.9113,1.4022
8.9119,1.4022
8.9124,1.3972
8.9130,1.4022
8.9135,1.4022
8.9141,1.4022
8.9146,1.4022
8.9152,1.4022
8.9157,1.4022
8.9163,1.4022
8.9168,1.4022
8.9174,1.4073
8.9179,1.4073
8.9185,1.4022
8.9190,1.3972
8.9196,1.4073
8.9201,1.4022
8.9207,1.4022
8.9212,1.3972
8.9218,1.4022
8.9223,1.4022
8.9229,1.4022
8.9234,1.4022
8.9240,1.4022
8.9245,1.4022
8.9251,1.4022
8.9256,1.4022
8.9262,1.4022
8.9267,1.4022
8.9273,1.4022
8.9278,1.4022
8.9284,1.4022
8.9289,1.4022
8.9295,1.4022
8.9300,1.4022
8.9306,1.4022
8.9311,1.3972
8.9317,1.4022
8.9322,1.4022
8.9328,1.3972
8.9333,1.3972
8.9339,1.4022
8.9345,1.4022
8.9351,1.4022
8.9356,1.3972
8.9362,1.4022
8.9368,1.3972
8.9374,1.3972
8.9379,1.4022
8.9385,1.4022
8.9390,1.4022
8.9396,1.4022
8.9401,1.4022
8.9407,1.4022
8.9412,1.4022
8.9418,1.3972
8.9423,1.4022
8.9428,1.3972
8.9434,1.3972
8.9439,1.4022
8.9445,1.4022
8.9450,1.3972
8.9456,1.4022
8.9462,1.4022
8.9468,1.3972
8.9474,1.4022
8.9480,1.3972
8.9485,1.4022
8.9491,1.4022
8.9497,1.4022
8.9502,1.3972
8.9508,1.4022
8.9514,1.4022
8.9520,1.4022
8.9525,1.3972
8.9531,1.4022
8.9537,1.4022
8.9542,1.3972
8.9548,1.4022
8.9553,1.3921
8.9559,1.3921
8.9565,1.4022
8.9570,1.3972
8.9576,1.3972
8.9582,1.3972
8.9588,1.3972
8.9593,1.3972
8.9598,1.3972
8.9604,1.3972
8.9609,1.3972
8.9615,1.3921
8.9620,1.4022
8.9626,1.3972
8.9631,1.4022
8.9637,1.3921
8.9642,1.4022
8.9648,1.3972
8.9653,1.4022
8.9659,1.3972
8.9664,1.3972
8.9669,1.3972
8.9675,1.3921
8.9680,1.3921
8.9686,1.3972
8.9691,1.3972
8.9697,1.4022
8.9702,1.4022
8.9708,1.3972
8.9714,1.4022
8.9719,1.3972
8.9726,1.3972
8.9731,1.3972
8.9737,1.4022
8.9742,1.3972
8.9748,1.3972
8.9753,1.3921
8.9759,1.3972
8.9764,1.3972
8.9770,1.3972
8.9775,1.3921
8.9781,1.3972
8.9786,1.3972
8.9792,1.3921
8.9797,1.3972
8.9803,1.3972
8.9808,1.3972
8.9814,1.3921
8.9819,1.3972
8.9825,1.3972
8.9830,1.4022
8.9836,1.3972
8.9841,1.4022
8.9847,1.3972
8.9852,1.3972
8.9858,1.4022
8.9863,1.4022
8.9869,1.3921
8.9874,1.3921
8.9880,1.3972
8.9885,1.3972
8.9891,1.4022
8.9897,1.3921
8.9902,1.3972
8.9908,1.3921
8.9913,1.3972
8.9919,1.3972
8.9924,1.3972
8.9930,1.3972
8.9935,1.3972
8.9941,1.3972
8.9946,1.3972
8.9952,1.3972
8.9957,1.3972
8.9963,1.3972
8.9968,1.3921
8.9974,1.3972
8.9979,1.3921
8.9985,1.3972
8.9990,1.3921
8.9996,1.3972
9.0001,1.3972
9.0007,1.3972
9.0012,1.3972
9.0018,1.3972
9.0023,1.3972
9.0029,1.3972
9.0034,1.3972
9.0040,1.3972
9.0045,1.3972
9.0051,1.3921
9.0056,1.3972
9.0062,1.3972
9.0067,1.3972
9.0073,1.3972
9.0078,1.3972
9.0084,1.3972
9.0090,1.3921
9.0095,1.3921
9.0101,1.3972
9.0106,1.4022
9.0112,1.3972
9.0117,1.3921
9.0123,1.3972
9.0128,1.3972
9.0134,1.3921
9.0139,1.3972
9.0145,1.3972
9.0150,1.3921
9.0156,1.3972
9.0161,1.3972
9.0167,1.3972
9.0172,1.3972
9.0178,1.3972
9.0183,1.3972
9.0189,1.3921
9.0194,1.3921
9.0200,1.3921
9.0205,1.3921
9.0211,1.3972
9.0216,1.3972
9.0222,1.3921
9.0227,1.3972
9.0233,1.3921
9.0238,1.3921
9.0244,1.3972
9.0249,1.3972
9.0255,1.3972
9.0260,1.3972
9.0266,1.3972
9.0271,1.3921
9.0277,1.3921
9.0282,1.3972
9.0288,1.3921
9.0293,1.3972
9.0298,1.3972
9.0304,1.3972
9.0309,1.3972
9.0315,1.3972
9.0320,1.3921
9.0326,1.3921
9.0331,1.3921
9.0337,1.3972
9.0344,1.3972
9.0350,1.3972
9.0356,1.3921
9.0362,1.3921
9.0368,1.3972
9.0374,1.3972
9.0379,1.3972
9.0385,1.3972
9.0391,1.3921
9.0397,1.3921
9.0402,1.3972
9.0408,1.3972
9.0414,1.3921
9.0420,1.3921
9.0426,1.3972
9.0431,1.3972
9.0437,1.3921
9.0442,1.3972
9.0448,1.3972
9.0453,1.3972
9.0459,1.3921
9.0464,1.3972
9.0470,1.3972
9.0475,1.3972
9.0481,1.3972
9.0486,1.3972
9.0492,1.3921
9.0498,1.3972
9.0503,1.3921
9.0509,1.3972
9.0514,1.3972
9.0520,1.3921
9.0526,1.3972
9.0531,1.3972
9.0537,1.3972
9.0543,1.3972
9.0548,1.3972
9.0554,1.3972
9.0560,1.3972
9.0566,1.3921
9.0572,1.3972
9.0579,1.3972
9.0585,1.3972
9.0590,1.3972
9.0596,1.3972
9.0601,1.3921
9.0607,1.3972
9.0612,1.3972
9.0618,1.3972
9.0623,1.3972
9.0629,1.3972
9.0634,1.3972
9.0640,1.3972
9.0645,1.3972
9.0650,1.3921
9.0656,1.3972
9.0661,1.3972
9.0667,1.3972
9.0672,1.3972
9.0678,1.3972
9.0683,1.3972
9.0689,1.3972
9.0694,1.3921
9.0700,1.3972
9.0705,1.3921
9.0711,1.3972
9.0716,1.3921
9.0722,1.3921
9.0727,1.3972
9.0733,1.3921
9.0738,1.3921
9.0744,1.3921
9.0749,1.3972
9.0755,1.3972
9.0760,1.3972
9.0766,1.3972
9.0771,1.3972
9.0776,1.3921
9.0782,1.3921
9.0787,1.3871
9.0793,1.3921
9.0799,1.3972
9.0804,1.3972
9.0810,1.3921
9.0815,1.3921
9.0821,1.3921
9.0826,1.3921
9.0832,1.3921
9.0837,1.3972
9.0842,1.3921
9.0848,1.3921
9.0854,1.3921
9.0861,1.3921
9.0866,1.3921
9.0872,1.3972
9.0877,1.3972
9.0882,1.3921
9.0888,1.3871
9.0893,1.3921
9.0899,1.3972
9.0904,1.3972
9.0909,1.3972
9.0915,1.3921
9.0920,1.3972
9.0926,1.3972
9.0931,1.3972
9.0936,1.3921
9.0942,1.3921
9.0947,1.3921
9.0953,1.3921
9.0958,1.3972
9.0963,1.3921
9.0969,1.3972
9.0974,1.3921
9.0980,1.3921
9.0985,1.3871
9.0990,1.3972
9.0996,1.3921
9.1001,1.3921
9.1007,1.3972
9.1012,1.3921
9.1017,1.3972
9.1023,1.3921
9.1028,1.3921
9.1034,1.3972
9.1039,1.3921
9.1044,1.3972
9.1050,1.3921
9.1055,1.3871
9.1061,1.3921
9.1066,1.3921
9.1071,1.3921
9.1077,1.3972
9.1082,1.3972
9.1088,1.3972
9.1093,1.3921
9.1098,1.3921
9.1104,1.3921
9.1109,1.3972
9.1115,1.3921
9.1120,1.3921
9.1125,1.3921
9.1131,1.3921
9.1136,1.3972
9.1142,1.3972
9.1147,1.3921
9.1152,1.3921
9.1158,1.3921
9.1163,1.3921
9.1169,1.3921
9.1174,1.3921
9.1179,1.3871
9.1185,1.3921
9.1190,1.3921
9.1196,1.3921
9.1201,1.3921
9.1206,1.3921
9.1212,1.3921
9.1217,1.3972
9.1223,1.3972
9.1228,1.3921
9.1234,1.3921
9.1239,1.3921
9.1244,1.3921
9.1250,1.3921
9.1255,1.3921
9.1261,1.3921
9.1266,1.3921
9.1271,1.3972
9.1277,1.3921
9.1282,1.3921
9.1288,1.3921
9.1293,1.3921
9.1298,1.3921
9.1304,1.3921
9.1309,1.3972
9.1315,1.3921
9.1320,1.3871
9.1326,1.3921
9.1331,1.3921
9.1336,1.3921
9.1342,1.3921
9.1347,1.3871
9.1353,1.3921
9.1358,1.3921
9.1364,1.3921
9.1369,1.3921
9.1374,1.3871
9.1380,1.3921
9.1385,1.3921
9.1391,1.3921
9.1396,1.3921
9.1402,1.3921
9.1407,1.3921
9.1413,1.3921
9.1418,1.3921
9.1423,1.3871
9.1429,1.3921
9.1434,1.3871
9.1440,1.3921
9.1445,1.3871
9.1450,1.3921
9.1456,1.3921
9.1461,1.3921
9.1467,1.3921
9.1472,1.3921
9.1477,1.3871
9.1483,1.3921
9.1488,1.3921
9.1494,1.3871
9.1499,1.3921
9.1505,1.3921
9.1510,1.3821
9.1516,1.3921
9.1521,1.3871
9.1526,1.3921
9.1532,1.3921
9.1537,1.3921
9.1543,1.3871
9.1548,1.3921
9.1554,1.3921
9.1559,1.3871
9.1565,1.3921
9.1570,1.3921
9.1575,1.3921
9.1581,1.3871
9.1586,1.3921
9.1592,1.3921
9.1597,1.3921
9.1603,1.3871
9.1608,1.3921
9.1613,1.3921
9.1619,1.3921
9.1624,1.3972
9.1630,1.3871
9.1635,1.3921
9.1641,1.3871
9.1646,1.3921
9.1651,1.3871
9.1657,1.3921
9.1662,1.3921
9.1668,1.3921
9.1673,1.3921
9.1678,1.3871
9.1684,1.3921
9.1689,1.3871
9.1695,1.3871
9.1700,1.3871
9.1705,1.3871
9.1711,1.3871
9.1716,1.3871
9.1722,1.3871
9.1727,1.3921
9.1733,1.3921
9.1738,1.3871
9.1743,1.3871
9.1749,1.3921
9.1754,1.3871
9.1760,1.3921
9.1765,1.3871
9.1771,1.3921
9.1776,1.3871
9.1781,1.3921
9.1787,1.3871
9.1792,1.3921
9.1798,1.3921
9.1803,1.3921
9.1809,1.3921
9.1814,1.3921
9.1820,1.3871
9.1825,1.3921
9.1830,1.3921
9.1836,1.3921
9.1841,1.3921
9.1847,1.3871
9.1852,1.3921
9.1859,1.3871
9.1864,1.3921
9.1869,1.3871
9.1875,1.3921
9.1880,1.3821
9.1886,1.3871
9.1891,1.3871
9.1897,1.3921
9.1902,1.3871
9.1908,1.3871
9.1914,1.3871
9.1919,1.3871
9.1925,1.3871
9.1930,1.3871
9.1936,1.3871
9.1941,1.3871
9.1947,1.3871
9.1952,1.3821
9.1958,1.3821
9.1963,1.3871
9.1969,1.3921
9.1974,1.3921
9.1980,1.3871
9.1985,1.3921
9.1991,1.3871
9.1996,1.3871
9.2002,1.3871
9.2007,1.3871
9.2013,1.3871
9.2018,1.3921
9.2024,1.3821
9.2029,1.3871
9.2034,1.3871
9.2040,1.3871
9.2045,1.3871
9.2051,1.3921
9.2056,1.3871
9.2062,1.3871
9.2067,1.3871
9.2073,1.3921
9.2078,1.3871
9.2084,1.3821
9.2089,1.3871
9.2095,1.3821
9.2100,1.3871
9.2105,1.3821
9.2111,1.3871
9.2116,1.3871
9.2122,1.3871
9.2127,1.3821
9.2133,1.3871
9.2138,1.3871
9.2144,1.3871
9.2149,1.3821
9.2155,1.3921
9.2160,1.3871
9.2166,1.3821
9.2171,1.3821
9.2177,1.3871
9.2183,1.3921
9.2188,1.3871
9.2194,1.3871
9.2199,1.3871
9.2205,1.3871
9.2210,1.3871
9.2216,1.3871
9.2221,1.3921
9.2227,1.3921
9.2232,1.3821
9.2238,1.3821
9.2243,1.3871
9.2249,1.3871
9.2254,1.3821
9.2260,1.3871
9.2265,1.3871
9.2271,1.3871
9.2276,1.3821
9.2282,1.3821
9.2287,1.3871
9.2293,1.3871
9.2298,1.3821
9.2304,1.3871
9.2309,1.3871
9.2315,1.3871
9.2320,1.3871
9.2326,1.3871
9.2331,1.3871
9.2337,1.3871
9.2342,1.3871
9.2348,1.3871
9.2353,1.3871
9.2359,1.3871
9.2364,1.3871
9.2370,1.3821
9.2375,1.3871
9.2381,1.3821
9.2386,1.3871
9.2392,1.3871
9.2397,1.3770
9.2403,1.3871
9.2408,1.3821
9.2414,1.3821
9.2419,1.3821
9.2425,1.3871
9.2430,1.3821
9.2436,1.3821
9.2441,1.3871
9.2447,1.3871
9.2452,1.3871
9.2458,1.3821
9.2463,1.3871
9.2469,1.3871
9.2474,1.3770
9.2480,1.3821
9.2485,1.3821
9.2491,1.3871
9.2496,1.3770
9.2502,1.3770
9.2507,1.3770
9.2513,1.3821
9.2518,1.3871
9.2524,1.3821
9.2529,1.3871
9.2535,1.3821
9.2540,1.3871
9.2546,1.3871
9.2551,1.3871
9.2557,1.3871
9.2562,1.3871
9.2568,1.3821
9.2573,1.3871
9.2579,1.3821
9.2584,1.3821
9.2590,1.3770
9.2595,1.3821
9.2601,1.3871
9.2606,1.3821
9.2612,1.3871
9.2617,1.3871
9.2623,1.3821
9.2628,1.3821
9.2634,1.3871
9.2639,1.3821
9.2645,1.3871
9.2650,1.3821
9.2656,1.3821
9.2661,1.3821
9.2667,1.3821
9.2672,1.3821
9.2678,1.3871
9.2683,1.3821
9.2689,1.3821
9.2694,1.3871
9.2699,1.3821
9.2705,1.3821
9.2711,1.3821
9.2716,1.3871
9.2722,1.3821
9.2727,1.3821
9.2733,1.3821
9.2738,1.3821
9.2744,1.3770
9.2749,1.3821
9.2754,1.3821
9.2760,1.3821
9.2765,1.3770
9.2771,1.3770
9.2776,1.3770
9.2782,1.3821
9.2787,1.3871
9.2793,1.3770
9.2798,1.3871
9.2804,1.3871
9.2810,1.3770
9.2815,1.3821
9.2821,1.3821
9.2826,1.3871
9.2832,1.3821
9.2837,1.3821
9.2843,1.3871
9.2848,1.3821
9.2854,1.3821
9.2859,1.3871
9.2865,1.3821
9.2870,1.3821
9.2876,1.3821
9.2882,1.3821
9.2887,1.3821
9.2893,1.3770
9.2898,1.3821
9.2904,1.3871
9.2909,1.3821
9.2915,1.3821
9.2920,1.3821
9.2926,1.3821
9.2931,1.3770
9.2937,1.3821
9.2942,1.3821
9.2947,1.3821
9.2953,1.3821
9.2958,1.3821
9.2964,1.3821
9.2969,1.3821
9.2975,1.3821
9.2980,1.3821
9.2986,1.3821
9.2991,1.3821
9.2997,1.3821
9.3002,1.3821
9.3008,1.3770
9.3014,1.3821
9.3019,1.3770
9.3025,1.3770
9.3030,1.3821
9.3036,1.3770
9.3041,1.3821
9.3047,1.3821
9.3052,1.3821
9.3058,1.3770
9.3063,1.3821
9.3069,1.3821
9.3074,1.3770
9.3080,1.3821
9.3085,1.3821
9.3091,1.3821
9.3096,1.3770
9.3102,1.3821
9.3107,1.3821
9.3113,1.3821
9.3118,1.3770
9.3124,1.3720
9.3129,1.3770
9.3135,1.3720
9.3140,1.3821
9.3146,1.3770
9.3151,1.3821
9.3157,1.3770
9.3162,1.3770
9.3168,1.3770
9.3173,1.3770
9.3179,1.3871
9.3184,1.3821
9.3190,1.3821
9.3195,1.3770
9.3201,1.3821
9.3206,1.3821
9.3212,1.3821
9.3217,1.3821
9.3223,1.3821
9.3228,1.3720
9.3234,1.3770
9.3239,1.3821
9.3245,1.3770
9.3250,1.3770
9.3256,1.3720
9.3263,1.3821
9.3269,1.3821
9.3274,1.3821
9.3280,1.3720
9.3285,1.3770
9.3291,1.3770
9.3296,1.3821
9.3302,1.3770
9.3308,1.3821
9.3313,1.3770
9.3319,1.3770
9.3324,1.3720
9.3330,1.3770
9.3335,1.3821
9.3341,1.3770
9.3346,1.3871
9.3352,1.3821
9.3357,1.3770
9.3363,1.3821
9.3368,1.3770
9.3374,1.3770
9.3379,1.3770
9.3385,1.3770
9.3390,1.3821
9.3396,1.3770
9.3401,1.3770
9.3407,1.3821
9.3412,1.3770
9.3418,1.3770
9.3423,1.3770
9.3429,1.3770
9.3434,1.3770
9.3440,1.3770
9.3445,1.3770
9.3451,1.3770
9.3456,1.3821
9.3462,1.3821
9.3467,1.3770
9.3473,1.3770
9.3478,1.3821
9.3484,1.3770
9.3489,1.3770
9.3495,1.3821
9.3500,1.3770
9.3506,1.3770
9.3511,1.3770
9.3517,1.3770
9.3522,1.3821
9.3528,1.3770
9.3533,1.3821
9.3538,1.3770
9.3544,1.3821
9.3549,1.3770
9.3555,1.3770
9.3560,1.3770
9.3566,1.3770
9.3571,1.3821
9.3577,1.3770
9.3582,1.3770
9.3588,1.3821
9.3593,1.3770
9.3599,1.3821
9.3604,1.3821
9.3610,1.3821
9.3615,1.3770
9.3621,1.3821
9.3626,1.3720
9.3632,1.3821
9.3637,1.3770
9.3643,1.3770
9.3648,1.3720
9.3654,1.3821
9.3659,1.3770
9.3665,1.3770
9.3670,1.3770
9.3676,1.3821
9.3681,1.3770
9.3687,1.3770
9.3692,1.3821
9.3698,1.3770
9.3703,1.3770
9.3709,1.3770
9.3714,1.3720
9.3720,1.3770
9.3725,1.3770
9.3731,1.3770
9.3736,1.3770
9.3742,1.3720
9.3747,1.3770
9.3753,1.3770
9.3758,1.3770
9.3764,1.3770
9.3769,1.3821
9.3775,1.3770
9.3780,1.3821
9.3786,1.3720
9.3791,1.3770
9.3797,1.3821
9.3802,1.3770
9.3808,1.3720
9.3813,1.3821
9.3819,1.3770
9.3824,1.3770
9.3830,1.3770
9.3835,1.3821
9.3841,1.3770
9.3846,1.3821
9.3852,1.3770
9.3857,1.3770
9.3863,1.3770
9.3868,1.3720
9.3874,1.3770
9.3880,1.3770
9.3885,1.3770
9.3891,1.3720
9.3896,1.3770
9.3902,1.3770
9.3907,1.3770
9.3913,1.3770
9.3918,1.3770
9.3924,1.3770
9.3929,1.3770
9.3935,1.3821
9.3940,1.3720
9.3946,1.3770
9.3951,1.3770
9.3957,1.3770
9.3962,1.3770
9.3968,1.3770
9.3973,1.3770
9.3979,1.3770
9.3984,1.3770
9.3990,1.3770
9.3995,1.3770
9.4001,1.3821
9.4006,1.3720
9.4012,1.3770
9.4017,1.3821
9.4023,1.3770
9.4028,1.3770
9.4034,1.3770
9.4039,1.3770
9.4045,1.3770
9.4050,1.3770
9.4056,1.3770
9.4061,1.3770
9.4067,1.3821
9.4072,1.3821
9.4077,1.3821
9.4083,1.3821
9.4088,1.3770
9.4094,1.3770
9.4099,1.3821
9.4105,1.3770
9.4110,1.3770
9.4116,1.3770
9.4121,1.3770
9.4127,1.3770
9.4132,1.3720
9.4138,1.3770
9.4143,1.3770
9.4149,1.3770
9.4154,1.3770
9.4160,1.3821
9.4165,1.3770
9.4171,1.3770
9.4176,1.3770
9.4182,1.3770
9.4187,1.3770
9.4193,1.3720
9.4198,1.3770
9.4204,1.3770
9.4209,1.3821
9.4215,1.3770
9.4220,1.3770
9.4226,1.3770
9.4231,1.3770
9.4237,1.3770
9.4242,1.3821
9.4248,1.3821
9.4253,1.3770
9.4259,1.3821
9.4264,1.3770
9.4270,1.3720
9.4276,1.3770
9.4281,1.3720
9.4287,1.3770
9.4292,1.3770
9.4298,1.3770
9.4303,1.3720
9.4309,1.3720
9.4314,1.3770
9.4320,1.3770
9.4325,1.3770
9.4331,1.3770
9.4336,1.3770
9.4342,1.3770
9.4347,1.3720
9.4353,1.3770
9.4358,1.3720
9.4364,1.3770
9.4369,1.3770
9.4375,1.3770
9.4380,1.3720
9.4386,1.3770
9.4391,1.3770
9.4397,1.3770
9.4402,1.3770
9.4408,1.3770
9.4413,1.3720
9.4419,1.3720
9.4424,1.3770
9.4430,1.3770
9.4435,1.3720
9.4441,1.3770
9.4446,1.3770
9.4452,1.3720
9.4457,1.3770
9.4463,1.3770
9.4468,1.3770
9.4474,1.3770
9.4479,1.3770
9.4485,1.3720
9.4490,1.3770
9.4496,1.3770
9.4501,1.3720
9.4507,1.3770
9.4512,1.3770
9.4518,1.3770
9.4523,1.3770
9.4529,1.3720
9.4534,1.3720
9.4540,1.3770
9.4545,1.3720
9.4551,1.3770
9.4556,1.3770
9.4562,1.3770
9.4567,1.3770
9.4573,1.3720
9.4578,1.3770
9.4584,1.3770
9.4589,1.3770
9.4595,1.3770
9.4600,1.3720
9.4606,1.3821
9.4611,1.3770
9.4617,1.3720
9.4622,1.3770
9.4628,1.3770
9.4633,1.3770
9.4639,1.3770
9.4644,1.3770
9.4650,1.3720
9.4655,1.3720
9.4661,1.3720
9.4666,1.3770
9.4672,1.3770
9.4677,1.3770
9.4683,1.3770
9.4688,1.3770
9.4693,1.3770
9.4699,1.3770
9.4704,1.3720
9.4710,1.3720
9.4716,1.3770
9.4721,1.3720
9.4727,1.3770
9.4732,1.3770
9.4738,1.3770
9.4743,1.3669
9.4748,1.3720
9.4754,1.3720
9.4759,1.3770
9.4765,1.3720
9.4770,1.3770
9.4776,1.3770
9.4781,1.3720
9.4787,1.3770
9.4792,1.3770
9.4798,1.3821
9.4803,1.3770
9.4809,1.3770
9.4814,1.3770
9.4820,1.3720
9.4825,1.3770
9.4831,1.3720
9.4836,1.3770
9.4842,1.3720
9.4847,1.3720
9.4853,1.3720
9.4858,1.3720
9.4864,1.3770
9.4869,1.3720
9.4875,1.3720
9.4881,1.3720
9.4886,1.3770
9.4892,1.3770
9.4897,1.3770
9.4903,1.3720
9.4908,1.3770
9.4914,1.3770
9.4919,1.3720
9.4925,1.3770
9.4930,1.3720
9.4936,1.3720
9.4941,1.3770
9.4947,1.3720
9.4952,1.3770
9.4958,1.3720
9.4963,1.3770
9.4969,1.3720
9.4974,1.3720
9.4980,1.3770
9.4985,1.3720
9.4991,1.3770
9.4996,1.3720
9.5002,1.3720
9.5007,1.3770
9.5013,1.3770
9.5018,1.3770
9.5024,1.3770
9.5029,1.3770
9.5035,1.3720
9.5040,1.3770
9.5046,1.3770
9.5051,1.3770
9.5057,1.3770
9.5062,1.3720
9.5068,1.3770
9.5073,1.3821
9.5079,1.3770
9.5084,1.3770
9.5090,1.3770
9.5095,1.3770
9.5101,1.3770
9.5106,1.3770
9.5112,1.3720
9.5117,1.3770
9.5123,1.3720
9.5128,1.3770
9.5134,1.3770
9.5139,1.3821
9.5145,1.3770
9.5150,1.3770
9.5156,1.3720
9.5161,1.3770
9.5167,1.3770
9.5172,1.3770
9.5178,1.3770
9.5183,1.3821
9.5189,1.3821
9.5194,1.3770
9.5200,1.3770
9.5205,1.3770
9.5211,1.3770
9.5216,1.3770
9.5222,1.3770
9.5227,1.3770
9.5233,1.3821
9.5238,1.3720
9.5244,1.3770
9.5249,1.3770
9.5255,1.3770
9.5260,1.3770
9.5266,1.3770
9.5271,1.3821
9.5277,1.3770
9.5282,1.3821
9.5288,1.3770
9.5293,1.3770
9.5299,1.3770
9.5304,1.3821
9.5310,1.3770
9.5315,1.3821
9.5321,1.3821
9.5326,1.3770
9.5332,1.3821
9.5337,1.3821
9.5343,1.3821
9.5348,1.3720
9.5354,1.3821
9.5360,1.3821
9.5366,1.3770
9.5372,1.3821
9.5377,1.3821
9.5383,1.3821
9.5389,1.3871
9.5395,1.3871
9.5400,1.3821
9.5406,1.3821
9.5411,1.3821
9.5417,1.3821
9.5423,1.3871
9.5428,1.3821
9.5434,1.3871
9.5440,1.3770
9.5445,1.3821
9.5451,1.3821
9.5456,1.3821
9.5462,1.3871
9.5467,1.3821
9.5473,1.3821
9.5478,1.3871
9.5484,1.3871
9.5489,1.3871
9.5495,1.3821
9.5500,1.3871
9.5506,1.3821
9.5511,1.3821
9.5517,1.3871
9.5522,1.3871
9.5528,1.3871
9.5536,1.3871
9.5542,1.3821
9.5549,1.3921
9.5555,1.3821
9.5561,1.3871
9.5568,1.3871
9.5574,1.3871
9.5580,1.3871
9.5586,1.3871
9.5593,1.3871
9.5599,1.3871
9.5605,1.3871
9.5613,1.3921
9.5621,1.3871
9.5628,1.3821
9.5634,1.3921
9.5640,1.3871
9.5645,1.3871
9.5651,1.3871
9.5657,1.3921
9.5663,1.3871
9.5668,1.3921
9.5673,1.3921
9.5679,1.3921
9.5684,1.3871
9.5690,1.3871
9.5695,1.3921
9.5701,1.3871
9.5706,1.3921
9.5712,1.3871
9.5717,1.3921
9.5723,1.3972
9.5728,1.3921
9.5734,1.3921
9.5740,1.3921
9.5746,1.3921
9.5752,1.3921
9.5757,1.3871
9.5763,1.3972
9.5768,1.3921
9.5774,1.3921
9.5779,1.3972
9.5785,1.3972
9.5790,1.3921
9.5796,1.3871
9.5801,1.3921
9.5806,1.3921
9.5812,1.3921
9.5817,1.3972
9.5823,1.3921
9.5828,1.3972
9.5834,1.3972
9.5839,1.3972
9.5845,1.3921
9.5850,1.3921
9.5856,1.3921
9.5861,1.3972
9.5867,1.3972
9.5872,1.3921
9.5877,1.3921
9.5884,1.3972
9.5890,1.3921
9.5895,1.3921
9.5901,1.3972
9.5906,1.3921
9.5912,1.3921
9.5917,1.3972
9.5922,1.3972
9.5928,1.3921
9.5933,1.3972
9.5938,1.3921
9.5944,1.3921
9.5949,1.3921
9.5954,1.3972
9.5960,1.3972
9.5965,1.3921
9.5970,1.3972
9.5976,1.3972
9.5981,1.3921
9.5986,1.3972
9.5992,1.3972
9.5997,1.3921
9.6002,1.3972
9.6008,1.3972
9.6014,1.3972
9.6019,1.3972
9.6024,1.3921
9.6030,1.3972
9.6035,1.3972
9.6040,1.3921
9.6046,1.3972
9.6051,1.3972
9.6056,1.3972
9.6062,1.3972
9.6067,1.3972
9.6073,1.3972
9.6078,1.3921
9.6083,1.3972
9.6089,1.3972
9.6094,1.3972
9.6099,1.3972
9.6105,1.3921
9.6110,1.3972
9.6115,1.3972
9.6121,1.3972
9.6126,1.3972
9.6131,1.3972
9.6137,1.3972
9.6142,1.3972
9.6147,1.3972
9.6153,1.3972
9.6158,1.3972
9.6163,1.3972
9.6169,1.3921
9.6174,1.3972
9.6179,1.3972
9.6185,1.3972
9.6190,1.4022
9.6195,1.3972
9.6201,1.3972
9.6206,1.3972
9.6211,1.3921
9.6217,1.3972
9.6222,1.3972
9.6227,1.3972
9.6233,1.3972
9.6238,1.3972
9.6243,1.3972
9.6249,1.3921
9.6254,1.4022
9.6259,1.3972
9.6265,1.3921
9.6270,1.3972
9.6276,1.3972
9.6281,1.3972
9.6286,1.3972
9.6292,1.3972
9.6297,1.3972
9.6302,1.3972
9.6308,1.3972
9.6313,1.3972
9.6318,1.3972
9.6324,1.3921
9.6329,1.3921
9.6334,1.3972
9.6340,1.3972
9.6345,1.3972
9.6350,1.3972
9.6356,1.3972
9.6361,1.3921
9.6366,1.3972
9.6372,1.3972
9.6377,1.3972
9.6383,1.3972
9.6388,1.3972
9.6393,1.4022
9.6399,1.3972
9.6404,1.3972
9.6409,1.3972
9.6415,1.4022
9.6420,1.3972
9.6425,1.3972
9.6431,1.3972
9.6436,1.3972
9.6441,1.3972
9.6447,1.3972
9.6452,1.3972
9.6457,1.3972
9.6463,1.3921
9.6468,1.4022
9.6473,1.3921
9.6479,1.3972
9.6484,1.3972
9.6489,1.3972
9.6495,1.3972
9.6500,1.4022
9.6505,1.4022
9.6511,1.3972
9.6516,1.3972
9.6521,1.3972
9.6527,1.3972
9.6532,1.3972
9.6537,1.4022
9.6543,1.3921
9.6548,1.3921
9.6553,1.3972
9.6559,1.3972
9.6564,1.3972
9.6569,1.3972
9.6575,1.3921
9.6580,1.3972
9.6585,1.3972
9.6591,1.3972
9.6596,1.3921
9.6601,1.3972
9.6607,1.3972
9.6612,1.3972
9.6617,1.3972
9.6623,1.3972
9.6628,1.3972
9.6633,1.4022
9.6639,1.3921
9.6644,1.3972
9.6650,1.4022
9.6655,1.3921
9.6660,1.3921
9.6666,1.3972
9.6671,1.4022
9.6676,1.3972
9.6682,1.3972
9.6687,1.3972
9.6692,1.3972
9.6698,1.3972
9.6703,1.3972
9.6708,1.3972
9.6714,1.3972
9.6719,1.3972
9.6725,1.4022
9.6730,1.3972
9.6735,1.3972
9.6741,1.3972
9.6746,1.3921
9.6751,1.3972
9.6757,1.3921
9.6762,1.4022
9.6767,1.3972
9.6773,1.3972
9.6778,1.3972
9.6783,1.3921
9.6789,1.3972
9.6794,1.3972
9.6800,1.3921
9.6805,1.3972
9.6810,1.3972
9.6816,1.4022
9.6821,1.3972
9.6826,1.3972
9.6832,1.3972
9.6837,1.3972
9.6842,1.3972
9.6848,1.3972
9.6853,1.3972
9.6858,1.3972
9.6864,1.3972
9.6869,1.3921
9.6875,1.3972
9.6880,1.3921
9.6886,1.3972
9.6891,1.3972
9.6897,1.3921
9.6902,1.3921
9.6908,1.3921
9.6913,1.3972
9.6919,1.3972
9.6924,1.3972
9.6930,1.3972
9.6935,1.3972
9.6941,1.3921
9.6946,1.3972
9.6951,1.3972
9.6957,1.3972
9.6962,1.3972
9.6968,1.3972
9.6973,1.3921
9.6979,1.3972
9.6984,1.3972
9.6990,1.3972
9.6995,1.3972
9.7001,1.3921
9.7006,1.3921
9.7012,1.3972
9.7017,1.3972
9.7023,1.3972
9.7028,1.3972
9.7033,1.3921
9.7039,1.3972
9.7044,1.3921
9.7050,1.3921
9.7055,1.3921
9.7061,1.3921
9.7066,1.3921
9.7072,1.3921
9.7077,1.3972
9.7083,1.3921
9.7088,1.3921
9.7094,1.3921
9.7099,1.3972
9.7105,1.3921
9.7110,1.3972
9.7116,1.3921
9.7121,1.3921
9.7127,1.3972
9.7132,1.3921
9.7138,1.3972
9.7143,1.4022
9.7149,1.3972
9.7154,1.3972
9.7160,1.3921
9.7165,1.3921
9.7171,1.3972
9.7176,1.3921
9.7181,1.3972
9.7187,1.3972
9.7192,1.3972
9.7198,1.3921
9.7203,1.3921
9.7209,1.3921
9.7214,1.3921
9.7220,1.3972
9.7225,1.3972
9.7231,1.3921
9.7236,1.3921
9.7242,1.3972
9.7247,1.3921
9.7252,1.3921
9.7258,1.3972
9.7263,1.3972
9.7269,1.3972
9.7274,1.3921
9.7280,1.3972
9.7285,1.3972
9.7291,1.3921
9.7296,1.3921
9.7302,1.3921
9.7307,1.3972
9.7313,1.3972
9.7318,1.3921
9.7323,1.3921
9.7329,1.3921
9.7334,1.3972
9.7340,1.3921
9.7345,1.3921
9.7351,1.3921
9.7356,1.3921
9.7362,1.3972
9.7367,1.3921
9.7373,1.3972
9.7378,1.3871
9.7384,1.3972
9.7389,1.3972
9.7394,1.3871
9.7400,1.3972
9.7405,1.3972
9.7411,1.3921
9.7416,1.3972
9.7422,1.3921
9.7427,1.3921
9.7433,1.3921
9.7438,1.3921
9.7444,1.3921
9.7449,1.3921
9.7455,1.3871
9.7460,1.3921
9.7466,1.3921
9.7471,1.3921
9.7477,1.3921
9.7482,1.3921
9.7487,1.3921
9.7493,1.3921
9.7498,1.3921
9.7504,1.3921
9.7509,1.3871
9.7515,1.3921
9.7520,1.3871
9.7526,1.3871
9.7531,1.3921
9.7536,1.3921
9.7542,1.3921
9.7547,1.3921
9.7553,1.3871
9.7558,1.3871
9.7564,1.3921
9.7569,1.3921
9.7574,1.3921
9.7580,1.3921
9.7585,1.3871
9.7591,1.3921
9.7596,1.3921
9.7602,1.3921
9.7607,1.3921
9.7612,1.3921
9.7618,1.3921
9.7623,1.3921
9.7629,1.3921
9.7634,1.3921
9.7640,1.3921
9.7645,1.3871
9.7651,1.3921
9.7656,1.3921
9.7662,1.3871
9.7667,1.3921
9.7673,1.3921
9.7678,1.3921
9.7683,1.3921
9.7689,1.3921
9.7694,1.3871
9.7700,1.3871
9.7705,1.3921
9.7711,1.3871
9.7716,1.3921
9.7722,1.3921
9.7727,1.3921
9.7733,1.3871
9.7738,1.3871
9.7743,1.3871
9.7749,1.3921
9.7754,1.3871
9.7760,1.3921
9.7766,1.3871
9.7771,1.3871
9.7776,1.3921
9.7782,1.3871
9.7787,1.3821
9.7793,1.3921
9.7798,1.3821
9.7804,1.3921
9.7809,1.3871
9.7815,1.3871
9.7820,1.3871
9.7826,1.3871
9.7831,1.3821
9.7837,1.3871
9.7842,1.3921
9.7848,1.3871
9.7853,1.3921
9.7858,1.3871
9.7864,1.3921
9.7869,1.3871
9.7875,1.3871
9.7880,1.3871
9.7886,1.3921
9.7891,1.3871
9.7897,1.3921
9.7902,1.3871
9.7908,1.3871
9.7913,1.3921
9.7919,1.3871
9.7924,1.3871
9.7930,1.3871
9.7935,1.3871
9.7941,1.3871
9.7946,1.3871
9.7952,1.3871
9.7957,1.3871
9.7963,1.3871
9.7968,1.3871
9.7973,1.3871
9.7979,1.3871
9.7984,1.3871
9.7990,1.3921
9.7995,1.3871
9.8001,1.3871
9.8006,1.3871
9.8012,1.3871
9.8017,1.3871
9.8023,1.3871
9.8028,1.3921
9.8034,1.3921
9.8039,1.3871
9.8044,1.3821
9.8050,1.3871
9.8055,1.3821
9.8061,1.3871
9.8066,1.3821
9.8072,1.3871
9.8077,1.3871
9.8083,1.3871
9.8088,1.3871
9.8094,1.3871
9.8099,1.3871
9.8105,1.3871
9.8110,1.3871
9.8115,1.3871
9.8121,1.3921
9.8126,1.3871
9.8132,1.3871
9.8137,1.3871
9.8143,1.3871
9.8148,1.3871
9.8154,1.3821
9.8159,1.3871
9.8165,1.3871
9.8170,1.3821
9.8176,1.3871
9.8181,1.3821
9.8186,1.3871
9.8192,1.3821
9.8197,1.3921
9.8203,1.3871
9.8208,1.3821
9.8214,1.3871
9.8219,1.3871
9.8225,1.3871
9.8230,1.3871
9.8236,1.3871
9.8241,1.3770
9.8247,1.3871
9.8252,1.3921
9.8257,1.3871
9.8263,1.3821
9.8268,1.3871
9.8274,1.3921
9.8279,1.3871
9.8285,1.3871
9.8290,1.3821
9.8296,1.3871
9.8301,1.3871
9.8307,1.3871
9.8312,1.3871
9.8318,1.3921
9.8323,1.3871
9.8329,1.3871
9.8334,1.3821
9.8339,1.3821
9.8345,1.3871
9.8350,1.3921
9.8356,1.3871
9.8361,1.3821
9.8367,1.3871
9.8372,1.3871
9.8378,1.3821
9.8383,1.3871
9.8389,1.3871
9.8394,1.3871
9.8399,1.3871
9.8405,1.3921
9.8410,1.3871
9.8416,1.3871
9.8421,1.3821
9.8427,1.3871
9.8432,1.3821
9.8438,1.3921
9.8443,1.3871
9.8449,1.3871
9.8454,1.3821
9.8460,1.3871
9.8465,1.3871
9.8471,1.3871
9.8476,1.3921
9.8482,1.3871
9.8487,1.3871
9.8493,1.3871
9.8498,1.3871
9.8504,1.3871
9.8509,1.3871
9.8515,1.3871
9.8520,1.3821
9.8526,1.3871
9.8531,1.3871
9.8537,1.3871
9.8542,1.3921
9.8548,1.3871
9.8553,1.3871
9.8558,1.3871
9.8564,1.3871
9.8569,1.3871
9.8575,1.3821
9.8580,1.3871
9.8586,1.3871
9.8591,1.3821
9.8597,1.3871
9.8602,1.3871
9.8608,1.3821
9.8613,1.3871
9.8619,1.3821
9.8624,1.3871
9.8630,1.3871
9.8635,1.3821
9.8641,1.3821
9.8646,1.3871
9.8651,1.3821
9.8657,1.3871
9.8662,1.3821
9.8668,1.3871
9.8673,1.3871
9.8679,1.3871
9.8684,1.3871
9.8690,1.3871
9.8695,1.3821
9.8701,1.3871
9.8706,1.3770
9.8712,1.3821
9.8717,1.3871
9.8723,1.3821
9.8728,1.3871
9.8734,1.3821
9.8739,1.3871
9.8744,1.3821
9.8750,1.3871
9.8755,1.3871
9.8761,1.3871
9.8766,1.3871
9.8772,1.3871
9.8777,1.3871
9.8783,1.3821
9.8788,1.3821
9.8794,1.3821
9.8799,1.3821
9.8805,1.3871
9.8810,1.3821
9.8816,1.3871
9.8821,1.3871
9.8827,1.3871
9.8832,1.3871
9.8837,1.3821
9.8843,1.3871
9.8848,1.3821
9.8854,1.3871
9.8859,1.3871
9.8865,1.3871
9.8870,1.3871
9.8876,1.3821
9.8881,1.3821
9.8887,1.3871
9.8892,1.3871
9.8898,1.3871
9.8903,1.3871
9.8909,1.3821
9.8914,1.3871
9.8920,1.3821
9.8925,1.3871
9.8931,1.3871
9.8936,1.3871
9.8942,1.3871
9.8947,1.3871
9.8953,1.3871
9.8958,1.3871
9.8964,1.3871
9.8969,1.3821
9.8974,1.3871
9.8980,1.3821
9.8985,1.3871
9.8991,1.3821
9.8996,1.3821
9.9002,1.3871
9.9007,1.3821
9.9013,1.3871
9.9018,1.3871
9.9024,1.3871
9.9029,1.3871
9.9035,1.3821
9.9040,1.3821
9.9046,1.3821
9.9051,1.3821
9.9057,1.3821
9.9062,1.3821
9.9067,1.3871
9.9073,1.3821
9.9078,1.3821
9.9084,1.3821
9.9089,1.3821
9.9095,1.3821
9.9100,1.3821
9.9106,1.3821
9.9111,1.3871
9.9117,1.3871
9.9122,1.3871
9.9128,1.3770
9.9133,1.3821
9.9139,1.3821
9.9144,1.3821
9.9150,1.3821
9.9155,1.3821
9.9161,1.3821
9.9166,1.3821
9.9172,1.3821
9.9177,1.3821
9.9183,1.3871
9.9188,1.3871
9.9194,1.3821
9.9199,1.3821
9.9205,1.3871
9.9210,1.3821
9.9216,1.3871
9.9221,1.3821
9.9226,1.3821
9.9232,1.3821
9.9237,1.3871
9.9243,1.3821
9.9248,1.3821
9.9254,1.3821
9.9259,1.3871
9.9264,1.3821
9.9270,1.3821
9.9275,1.3821
9.9281,1.3821
9.9286,1.3821
9.9292,1.3821
9.9297,1.3821
9.9302,1.3821
9.9308,1.3871
9.9314,1.3770
9.9319,1.3821
9.9325,1.3821
9.9330,1.3821
9.9336,1.3821
9.9341,1.3821
9.9347,1.3821
9.9352,1.3871
9.9358,1.3821
9.9363,1.3821
9.9369,1.3821
9.9374,1.3821
9.9379,1.3821
9.9385,1.3821
9.9390,1.3821
9.9396,1.3821
9.9401,1.3821
9.9407,1.3770
9.9412,1.3871
9.9418,1.3821
9.9423,1.3821
9.9429,1.3821
9.9434,1.3821
9.9440,1.3821
9.9445,1.3821
9.9451,1.3821
9.9456,1.3821
9.9462,1.3821
9.9467,1.3821
9.9472,1.3821
9.9478,1.3821
9.9483,1.3821
9.9489,1.3821
9.9494,1.3770
9.9500,1.3821
9.9505,1.3821
9.9511,1.3821
9.9516,1.3821
9.9522,1.3821
9.9527,1.3821
9.9532,1.3821
9.9538,1.3821
9.9543,1.3770
9.9549,1.3821
9.9554,1.3871
9.9560,1.3821
9.9565,1.3821
9.9570,1.3821
9.9576,1.3770
9.9581,1.3821
9.9587,1.3871
9.9592,1.3821
9.9598,1.3770
9.9603,1.3821
9.9608,1.3821
9.9614,1.3770
9.9619,1.3821
9.9625,1.3770
9.9630,1.3821
9.9636,1.3821
9.9641,1.3770
9.9647,1.3770
9.9652,1.3821
9.9658,1.3821
9.9663,1.3821
9.9669,1.3770
9.9674,1.3821
9.9680,1.3821
9.9685,1.3770
9.9690,1.3821
9.9696,1.3821
9.9701,1.3770
9.9707,1.3770
9.9712,1.3770
9.9718,1.3871
9.9723,1.3770
9.9729,1.3821
9.9734,1.3821
9.9740,1.3821
9.9745,1.3770
9.9751,1.3821
9.9756,1.3770
9.9762,1.3821
9.9767,1.3770
9.9772,1.3821
9.9778,1.3770
9.9783,1.3770
9.9789,1.3821
9.9794,1.3770
9.9800,1.3821
9.9805,1.3770
9.9811,1.3770
9.9816,1.3821
9.9822,1.3821
9.9827,1.3770
9.9833,1.3821
9.9838,1.3770
9.9844,1.3821
9.9849,1.3770
9.9855,1.3821
9.9860,1.3770
9.9866,1.3770
9.9871,1.3770
9.9877,1.3770
9.9882,1.3770
9.9888,1.3821
9.9893,1.3770
9.9899,1.3821
9.9904,1.3770
9.9910,1.3821
9.9915,1.3770
9.9921,1.3770
9.9926,1.3770
9.9932,1.3770
9.9937,1.3770
9.9943,1.3821
9.9948,1.3770
9.9954,1.3821
9.9959,1.3821
9.9964,1.3770
9.9970,1.3821
9.9975,1.3770
9.9981,1.3770
9.9986,1.3821
9.9992,1.3770
9.9997,1.3770
10.0003,1.3770
10.0008,1.3821
10.0014,1.3821
10.0019,1.3770
10.0025,1.3770
10.0030,1.3770
10.0036,1.3720
10.0041,1.3770
10.0047,1.3770
10.0052,1.3720
10.0057,1.3770
10.0063,1.3770
10.0068,1.3770
10.0074,1.3770
10.0079,1.3720
10.0085,1.3770
10.0090,1.3720
10.0096,1.3770
10.0101,1.3770
10.0107,1.3770
10.0112,1.3770
10.0118,1.3821
10.0123,1.3720
10.0129,1.3821
10.0134,1.3821
10.0140,1.3770
10.0145,1.3770
10.0150,1.3770
10.0156,1.3770
10.0161,1.3770
10.0167,1.3770
10.0172,1.3770
10.0178,1.3770
10.0183,1.3770
10.0189,1.3770
10.0194,1.3770
10.0200,1.3770
10.0205,1.3770
10.0211,1.3770
10.0216,1.3770
10.0222,1.3720
10.0227,1.3770
10.0233,1.3720
10.0238,1.3770
10.0243,1.3770
10.0249,1.3770
10.0254,1.3770
10.0260,1.3770
10.0265,1.3720
10.0271,1.3720
10.0276,1.3770
10.0282,1.3770
10.0287,1.3770
10.0293,1.3770
10.0298,1.3770
10.0304,1.3770
10.0309,1.3770
10.0315,1.3770
10.0320,1.3720
10.0326,1.3770
10.0331,1.3770
10.0337,1.3770
10.0344,1.3720
10.0350,1.3770
10.0356,1.3770
10.0362,1.3770
10.0368,1.3720
10.0374,1.3770
10.0379,1.3720
10.0385,1.3770
10.0391,1.3720
10.0399,1.3770
10.0405,1.3821
10.0411,1.3720
10.0417,1.3720
10.0422,1.3720
10.0428,1.3770
10.0433,1.3720
10.0439,1.3770
10.0444,1.3770
10.0450,1.3770
10.0455,1.3770
10.0461,1.3720
10.0466,1.3770
10.0472,1.3770
10.0477,1.3770
10.0483,1.3720
10.0488,1.3720
10.0494,1.3770
10.0499,1.3770
10.0505,1.3770
10.0510,1.3720
10.0516,1.3770
10.0521,1.3770
10.0527,1.3720
10.0533,1.3720
10.0539,1.3770
10.0544,1.3770
10.0561,1.3770
10.0567,1.3720
10.0573,1.3770
10.0578,1.3770
10.0584,1.3770
10.0590,1.3770
10.0596,1.3770
10.0601,1.3770
10.0606,1.3720
10.0612,1.3720
10.0617,1.3720
10.0623,1.3720
10.0628,1.3720
10.0634,1.3720
10.0639,1.3720
10.0645,1.3669
10.0650,1.3720
10.0656,1.3720
10.0661,1.3720
10.0667,1.3720
10.0672,1.3720
10.0678,1.3770
10.0683,1.3770
10.0689,1.3720
10.0694,1.3770
10.0699,1.3720
10.0705,1.3669
10.0710,1.3720
10.0716,1.3720
10.0721,1.3720
10.0727,1.3669
10.0732,1.3720
10.0738,1.3720
10.0744,1.3770
10.0750,1.3720
10.0755,1.3770
10.0761,1.3720
10.0766,1.3669
10.0772,1.3720
10.0777,1.3720
10.0783,1.3720
10.0788,1.3720
10.0794,1.3669
10.0799,1.3770
10.0805,1.3720
10.0810,1.3770
10.0815,1.3720
10.0821,1.3720
10.0826,1.3770
10.0832,1.3720
10.0837,1.3720
10.0843,1.3770
10.0848,1.3720
10.0854,1.3720
10.0859,1.3669
10.0865,1.3770
10.0870,1.3720
10.0876,1.3720
10.0881,1.3720
10.0886,1.3770
10.0892,1.3770
10.0897,1.3720
10.0903,1.3720
10.0908,1.3720
10.0914,1.3720
10.0919,1.3669
10.0925,1.3720
10.0931,1.3720
10.0937,1.3720
10.0942,1.3720
10.0947,1.3720
10.0953,1.3669
10.0958,1.3720
10.0964,1.3720
10.0969,1.3720
10.0975,1.3720
10.0980,1.3720
10.0985,1.3720
10.0991,1.3720
10.0996,1.3720
10.1002,1.3720
10.1007,1.3720
10.1012,1.3770
10.1018,1.3720
10.1023,1.3770
10.1029,1.3720
10.1034,1.3720
10.1039,1.3720
10.1045,1.3720
10.1050,1.3770
10.1056,1.3720
10.1061,1.3720
10.1066,1.3669
10.1072,1.3720
10.1077,1.3720
10.1083,1.3770
10.1088,1.3720
10.1093,1.3720
10.1099,1.3720
10.1104,1.3720
10.1110,1.3720
10.1115,1.3720
10.1120,1.3720
10.1126,1.3720
10.1131,1.3770
10.1137,1.3720
10.1142,1.3669
10.1147,1.3720
10.1153,1.3720
10.1158,1.3669
10.1164,1.3720
10.1169,1.3720
10.1174,1.3720
10.1180,1.3720
10.1185,1.3720
10.1191,1.3720
10.1196,1.3720
10.1201,1.3720
10.1207,1.3720
10.1212,1.3720
10.1218,1.3720
10.1223,1.3720
10.1229,1.3720
10.1234,1.3720
10.1240,1.3720
10.1245,1.3720
10.1250,1.3720
10.1256,1.3669
10.1262,1.3720
10.1267,1.3720
10.1272,1.3720
10.1278,1.3669
10.1283,1.3720
10.1289,1.3720
10.1294,1.3720
10.1300,1.3669
10.1305,1.3669
10.1311,1.3669
10.1316,1.3720
10.1321,1.3669
10.1327,1.3770
10.1332,1.3720
10.1338,1.3720
10.1343,1.3720
10.1349,1.3669
10.1354,1.3669
10.1360,1.3720
10.1365,1.3720
10.1370,1.3720
10.1376,1.3720
10.1381,1.3720
10.1387,1.3720
10.1392,1.3669
10.1398,1.3669
10.1403,1.3669
10.1409,1.3720
10.1414,1.3720
10.1419,1.3770
10.1425,1.3720
10.1430,1.3720
10.1436,1.3720
10.1441,1.3669
10.1447,1.3669
10.1453,1.3720
10.1459,1.3720
10.1464,1.3720
10.1470,1.3619
10.1476,1.3720
10.1482,1.3669
10.1487,1.3720
10.1493,1.3669
10.1498,1.3669
10.1504,1.3669
10.1510,1.3720
10.1515,1.3669
10.1521,1.3720
10.1528,1.3770
10.1534,1.3720
10.1539,1.3669
10.1545,1.3720
10.1550,1.3720
10.1556,1.3720
10.1561,1.3669
10.1567,1.3720
10.1572,1.3720
10.1578,1.3669
10.1583,1.3669
10.1589,1.3720
10.1594,1.3720
10.1600,1.3669
10.1605,1.3720
10.1611,1.3669
10.1616,1.3720
10.1621,1.3669
10.1627,1.3669
10.1632,1.3720
10.1638,1.3720
10.1643,1.3669
10.1648,1.3720
10.1654,1.3720
10.1659,1.3720
10.1665,1.3669
10.1670,1.3669
10.1675,1.3669
10.1681,1.3669
10.1686,1.3619
10.1692,1.3669
10.1697,1.3720
10.1702,1.3669
10.1708,1.3669
10.1713,1.3720
10.1719,1.3720
10.1724,1.3669
10.1730,1.3669
10.1735,1.3669
10.1741,1.3669
10.1746,1.3720
10.1752,1.3669
10.1757,1.3669
10.1762,1.3669
10.1768,1.3669
10.1773,1.3720
10.1779,1.3619
10.1784,1.3669
10.1789,1.3669
10.1795,1.3669
10.1800,1.3720
10.1806,1.3669
10.1811,1.3669
10.1816,1.3619
10.1822,1.3669
10.1827,1.3669
10.1833,1.3669
10.1838,1.3669
10.1843,1.3669
10.1849,1.3669
10.1854,1.3669
10.1860,1.3720
10.1865,1.3669
10.1870,1.3669
10.1876,1.3720
10.1881,1.3669
10.1887,1.3669
10.1892,1.3720
10.1897,1.3669
10.1903,1.3669
10.1908,1.3720
10.1914,1.3669
10.1919,1.3669
10.1925,1.3669
10.1930,1.3669
10.1935,1.3669
10.1941,1.3669
10.1946,1.3720
10.1952,1.3669
10.1958,1.3669
10.1963,1.3669
10.1969,1.3669
10.1974,1.3669
10.1979,1.3669
10.1985,1.3619
10.1990,1.3669
10.1996,1.3669
10.2001,1.3619
10.2007,1.3720
10.2012,1.3669
10.2018,1.3669
10.2023,1.3669
10.2029,1.3669
10.2034,1.3619
10.2040,1.3669
10.2045,1.3720
10.2051,1.3720
10.2056,1.3619
10.2062,1.3669
10.2067,1.3669
10.2073,1.3669
10.2078,1.3669
10.2084,1.3669
10.2089,1.3669
10.2095,1.3619
10.2100,1.3669
10.2106,1.3720
10.2111,1.3669
10.2117,1.3669
10.2122,1.3669
10.2128,1.3669
10.2133,1.3669
10.2139,1.3619
10.2144,1.3669
10.2150,1.3669
10.2155,1.3619
10.2160,1.3720
10.2166,1.3720
10.2171,1.3720
10.2177,1.3619
10.2182,1.3720
10.2188,1.3669
10.2193,1.3669
10.2199,1.3669
10.2204,1.3720
10.2210,1.3619
10.2215,1.3669
10.2221,1.3669
10.2226,1.3669
10.2232,1.3669
10.2237,1.3669
10.2243,1.3669
10.2248,1.3669
10.2254,1.3669
10.2259,1.3720
10.2265,1.3720
10.2270,1.3669
10.2276,1.3669
10.2281,1.3720
10.2287,1.3720
10.2292,1.3720
10.2298,1.3669
10.2303,1.3669
10.2309,1.3669
10.2314,1.3669
10.2320,1.3720
10.2325,1.3669
10.2331,1.3720
10.2336,1.3720
10.2342,1.3669
10.2347,1.3669
10.2353,1.3669
10.2358,1.3720
10.2364,1.3669
10.2369,1.3669
10.2375,1.3720
10.2380,1.3720
10.2386,1.3720
10.2391,1.3669
10.2397,1.3669
10.2402,1.3669
10.2408,1.3669
10.2413,1.3669
10.2419,1.3720
10.2424,1.3720
10.2430,1.3720
10.2435,1.3720
10.2441,1.3720
10.2446,1.3720
10.2452,1.3669
10.2457,1.3669
10.2463,1.3720
10.2468,1.3720
10.2474,1.3669
10.2479,1.3669
10.2485,1.3720
10.2490,1.3770
10.2496,1.3720
10.2501,1.3720
10.2507,1.3669
10.2513,1.3770
10.2518,1.3720
10.2523,1.3720
10.2529,1.3720
10.2534,1.3669
10.2540,1.3720
10.2545,1.3720
10.2551,1.3669
10.2556,1.3720
10.2562,1.3720
10.2567,1.3770
10.2573,1.3720
10.2578,1.3770
10.2583,1.3770
10.2589,1.3720
10.2594,1.3720
10.2600,1.3770
10.2605,1.3720
10.2611,1.3720
10.2616,1.3720
10.2622,1.3720
10.2627,1.3720
10.2633,1.3720
10.2638,1.3770
10.2644,1.3720
10.2650,1.3770
10.2655,1.3770
10.2661,1.3770
10.2666,1.3720
10.2672,1.3770
10.2677,1.3720
10.2683,1.3720
10.2688,1.3770
10.2694,1.3770
10.2699,1.3720
10.2705,1.3770
10.2710,1.3770
10.2716,1.3720
10.2721,1.3821
10.2727,1.3770
10.2732,1.3770
10.2738,1.3770
10.2743,1.3770
10.2749,1.3770
10.2754,1.3821
10.2760,1.3821
10.2765,1.3821
10.2771,1.3770
10.2776,1.3770
10.2782,1.3770
10.2787,1.3821
10.2793,1.3770
10.2798,1.3821
10.2804,1.3770
10.2809,1.3821
10.2815,1.3720
10.2820,1.3821
10.2826,1.3770
10.2831,1.3821
10.2837,1.3821
10.2842,1.3821
10.2848,1.3770
10.2853,1.3871
10.2859,1.3871
10.2864,1.3821
10.2870,1.3821
10.2875,1.3821
10.2881,1.3821
10.2886,1.3871
10.2892,1.3821
10.2897,1.3821
10.2903,1.3871
10.2909,1.3821
10.2915,1.3770
10.2920,1.3821
10.2926,1.3821
10.2931,1.3821
10.2937,1.3821
10.2942,1.3821
10.2948,1.3821
10.2953,1.3821
10.2959,1.3821
10.2964,1.3821
10.2970,1.3821
10.2975,1.3871
10.2981,1.3821
10.2986,1.3821
10.2992,1.3871
10.2997,1.3821
10.3003,1.3821
10.3008,1.3871
10.3014,1.3770
10.3019,1.3871
10.3024,1.3821
10.3030,1.3871
10.3035,1.3821
10.3041,1.3821
10.3046,1.3871
10.3052,1.3821
10.3057,1.3821
10.3063,1.3821
10.3068,1.3821
10.3074,1.3871
10.3079,1.3770
10.3085,1.3821
10.3090,1.3821
10.3095,1.3821
10.3101,1.3821
10.3106,1.3871
10.3112,1.3821
10.3117,1.3871
10.3123,1.3871
10.3128,1.3821
10.3134,1.3871
10.3139,1.3821
10.3145,1.3871
10.3150,1.3871
10.3156,1.3871
10.3161,1.3821
10.3167,1.3871
10.3172,1.3871
10.3178,1.3871
10.3183,1.3821
10.3189,1.3871
10.3194,1.3871
10.3200,1.3871
10.3205,1.3821
10.3211,1.3821
10.3216,1.3871
10.3222,1.3821
10.3227,1.3871
10.3233,1.3871
10.3238,1.3871
10.3244,1.3821
10.3249,1.3871
10.3255,1.3921
10.3260,1.3921
10.3266,1.3821
10.3271,1.3871
10.3276,1.3871
10.3282,1.3871
10.3287,1.3921
10.3293,1.3821
10.3298,1.3871
10.3304,1.3921
10.3309,1.3871
10.3315,1.3871
10.3320,1.3871
10.3326,1.3871
10.3331,1.3871
10.3337,1.3871
10.3342,1.3871
10.3348,1.3821
10.3354,1.3871
10.3359,1.3921
10.3365,1.3821
10.3370,1.3871
10.3376,1.3871
10.3381,1.3871
10.3387,1.3871
10.3392,1.3921
10.3398,1.3871
10.3403,1.3871
10.3409,1.3871
10.3414,1.3821
10.3420,1.3871
10.3425,1.3871
10.3431,1.3871
10.3436,1.3871
10.3442,1.3921
10.3447,1.3871
10.3453,1.3871
10.3458,1.3871
10.3464,1.3871
10.3469,1.3871
10.3475,1.3871
10.3480,1.3921
10.3486,1.3921
10.3491,1.3871
10.3497,1.3871
10.3502,1.3871
10.3508,1.3871
10.3513,1.3921
10.3519,1.3871
10.3524,1.3871
10.3530,1.3871
10.3535,1.3871
10.3540,1.3871
10.3546,1.3921
10.3551,1.3871
10.3557,1.3871
10.3562,1.3871
10.3568,1.3871
10.3573,1.3871
10.3579,1.3821
10.3584,1.3871
10.3590,1.3921
10.3595,1.3871
10.3601,1.3921
10.3606,1.3921
10.3611,1.3871
10.3617,1.3821
10.3622,1.3871
10.3628,1.3871
10.3633,1.3871
10.3639,1.3871
10.3644,1.3871
10.3650,1.3921
10.3655,1.3871
10.3661,1.3871
10.3666,1.3921
10.3672,1.3921
10.3677,1.3871
10.3683,1.3871
10.3688,1.3871
10.3694,1.3871
10.3699,1.3871
10.3705,1.3871
10.3710,1.3871
10.3716,1.3921
10.3721,1.3871
10.3727,1.3871
10.3733,1.3821
10.3738,1.3871
10.3744,1.3871
10.3749,1.3871
10.3755,1.3871
10.3760,1.3821
10.3766,1.3871
10.3771,1.3871
10.3777,1.3871
10.3782,1.3871
10.3788,1.3871
10.3793,1.3871
10.3799,1.3871
10.3804,1.3921
10.3810,1.3821
10.3815,1.3871
10.3821,1.3871
10.3826,1.3921
10.3832,1.3871
10.3837,1.3871
10.3843,1.3871
10.3848,1.3871
10.3854,1.3871
10.3859,1.3871
10.3865,1.3871
10.3870,1.3871
10.3876,1.3871
10.3881,1.3871
10.3887,1.3871
10.3892,1.3871
10.3898,1.3921
10.3903,1.3871
10.3909,1.3871
10.3914,1.3821
10.3920,1.3871
10.3926,1.3821
10.3931,1.3871
10.3936,1.3871
10.3942,1.3871
10.3947,1.3821
10.3953,1.3871
10.3958,1.3921
10.3964,1.3871
10.3969,1.3871
10.3975,1.3821
10.3980,1.3921
10.3986,1.3921
10.3991,1.3871
10.3997,1.3871
10.4002,1.3871
10.4008,1.3821
10.4014,1.3871
10.4019,1.3871
10.4025,1.3821
10.4030,1.3871
10.4036,1.3871
10.4041,1.3921
10.4047,1.3921
10.4052,1.3921
10.4058,1.3821
10.4063,1.3871
10.4069,1.3871
10.4074,1.3871
10.4080,1.3871
10.4085,1.3821
10.4091,1.3921
10.4096,1.3871
10.4102,1.3871
10.4107,1.3871
10.4113,1.3821
10.4118,1.3871
10.4124,1.3871
10.4129,1.3871
10.4135,1.3871
10.4140,1.3821
10.4146,1.3871
10.4151,1.3871
10.4157,1.3821
10.4162,1.3821
10.4168,1.3871
10.4173,1.3921
10.4179,1.3871
10.4184,1.3871
10.4190,1.3871
10.4195,1.3871
10.4201,1.3871
10.4206,1.3821
10.4212,1.3871
10.4217,1.3821
10.4223,1.3871
10.4228,1.3871
10.4234,1.3871
10.4239,1.3821
10.4245,1.3871
10.4250,1.3821
10.4256,1.3821
10.4261,1.3871
10.4267,1.3871
10.4272,1.3871
10.4278,1.3871
10.4283,1.3821
10.4289,1.3871
10.4294,1.3871
10.4300,1.3821
10.4305,1.3871
10.4311,1.3821
10.4316,1.3871
10.4322,1.3821
10.4327,1.3821
10.4333,1.3871
10.4338,1.3871
10.4344,1.3871
10.4349,1.3821
10.4355,1.3871
10.4360,1.3871
10.4366,1.3821
10.4371,1.3821
10.4377,1.3871
10.4382,1.3821
10.4388,1.3871
10.4393,1.3871
10.4399,1.3871
10.4404,1.3871
10.4410,1.3821
10.4416,1.3821
10.4421,1.3821
10.4427,1.3821
10.4432,1.3871
10.4438,1.3871
10.4443,1.3871
10.4449,1.3770
10.4454,1.3821
10.4459,1.3821
10.4465,1.3821
10.4470,1.3871
10.4476,1.3871
10.4482,1.3871
10.4487,1.3871
10.4493,1.3871
10.4498,1.3821
10.4504,1.3871
10.4509,1.3871
10.4515,1.3821
10.4520,1.3871
10.4526,1.3821
10.4531,1.3871
10.4537,1.3871
10.4542,1.3821
10.4548,1.3871
10.4553,1.3821
10.4559,1.3770
10.4564,1.3821
10.4570,1.3821
10.4575,1.3821
10.4581,1.3871
10.4586,1.3821
10.4592,1.3821
10.4597,1.3821
10.4603,1.3821
10.4608,1.3871
10.4614,1.3821
10.4619,1.3821
10.4625,1.3821
10.4630,1.3821
10.4636,1.3821
10.4641,1.3871
10.4647,1.3821
10.4652,1.3871
10.4658,1.3821
10.4663,1.3821
10.4669,1.3821
10.4674,1.3871
10.4680,1.3821
10.4685,1.3821
10.4691,1.3871
10.4696,1.3821
10.4702,1.3770
10.4707,1.3770
10.4713,1.3770
10.4718,1.3821
10.4724,1.3821
10.4729,1.3871
10.4735,1.3821
10.4740,1.3770
10.4746,1.3770
10.4752,1.3871
10.4757,1.3821
10.4763,1.3821
10.4768,1.3821
10.4774,1.3821
10.4779,1.3821
10.4785,1.3871
10.4790,1.3821
10.4796,1.3821
10.4801,1.3821
10.4807,1.3821
10.4812,1.3871
10.4818,1.3821
10.4823,1.3770
10.4829,1.3821
10.4834,1.3821
10.4840,1.3770
10.4845,1.3770
10.4851,1.3821
10.4856,1.3821
10.4862,1.3821
10.4867,1.3871
10.4873,1.3821
10.4878,1.3821
10.4884,1.3770
10.4889,1.3821
10.4895,1.3821
10.4900,1.3821
10.4906,1.3821
10.4911,1.3770
10.4917,1.3821
10.4923,1.3770
10.4928,1.3821
10.4934,1.3821
10.4939,1.3821
10.4945,1.3821
10.4950,1.3821
10.4956,1.3770
10.4961,1.3821
10.4967,1.3821
10.4972,1.3770
10.4978,1.3821
10.4983,1.3821
10.4989,1.3770
10.4994,1.3770
10.5000,1.3821
10.5005,1.3821
10.5011,1.3720
10.5016,1.3821
10.5022,1.3821
10.5027,1.3821
10.5033,1.3821
10.5038,1.3821
10.5044,1.3770
10.5049,1.3821
10.5055,1.3821
10.5060,1.3770
10.5066,1.3821
10.5071,1.3821
10.5077,1.3821
10.5082,1.3821
10.5088,1.3770
10.5093,1.3770
10.5099,1.3821
10.5104,1.3821
10.5110,1.3821
10.5115,1.3770
10.5121,1.3871
10.5126,1.3821
10.5132,1.3770
10.5137,1.3821
10.5143,1.3821
10.5148,1.3770
10.5154,1.3821
10.5159,1.3821
10.5165,1.3821
10.5170,1.3821
10.5176,1.3821
10.5181,1.3821
10.5187,1.3770
10.5192,1.3821
10.5198,1.3821
10.5203,1.3821
10.5209,1.3821
10.5214,1.3821
10.5220,1.3770
10.5225,1.3821
10.5231,1.3821
10.5236,1.3821
10.5242,1.3821
10.5247,1.3770
10.5253,1.3821
10.5258,1.3821
10.5264,1.3821
10.5269,1.3821
10.5275,1.3770
10.5280,1.3821
10.5286,1.3821
10.5291,1.3770
10.5297,1.3821
10.5302,1.3821
10.5308,1.3770
10.5313,1.3821
10.5319,1.3821
10.5324,1.3770
10.5330,1.3821
10.5336,1.3770
10.5341,1.3821
10.5347,1.3821
10.5353,1.3821
10.5359,1.3821
10.5364,1.3821
10.5370,1.3770
10.5376,1.3821
10.5382,1.3821
10.5388,1.3821
10.5394,1.3821
10.5400,1.3770
10.5406,1.3821
10.5411,1.3821
10.5417,1.3770
10.5423,1.3821
10.5428,1.3770
10.5434,1.3821
10.5440,1.3821
10.5445,1.3770
10.5451,1.3821
10.5457,1.3821
10.5462,1.3821
10.5468,1.3821
10.5473,1.3821
10.5479,1.3821
10.5484,1.3821
10.5490,1.3770
10.5495,1.3770
10.5501,1.3821
10.5506,1.3821
10.5512,1.3821
10.5517,1.3821
10.5523,1.3821
10.5528,1.3821
10.5534,1.3770
10.5540,1.3821
10.5546,1.3821
10.5551,1.3821
10.5557,1.3821
10.5562,1.3821
10.5568,1.3821
10.5573,1.3770
10.5579,1.3821
10.5585,1.3821
10.5592,1.3770
10.5598,1.3821
10.5603,1.3770
10.5610,1.3720
10.5615,1.3821
10.5621,1.3821
10.5626,1.3770
10.5632,1.3821
10.5637,1.3821
10.5643,1.3821
10.5648,1.3821
10.5654,1.3821
10.5659,1.3770
10.5665,1.3720
10.5670,1.3821
10.5676,1.3770
10.5681,1.3821
10.5687,1.3770
10.5692,1.3821
10.5697,1.3821
10.5703,1.3821
10.5708,1.3821
10.5714,1.3821
10.5719,1.3770
10.5725,1.3821
10.5730,1.3770
10.5736,1.3821
10.5742,1.3821
10.5747,1.3770
10.5753,1.3871
10.5758,1.3821
10.5764,1.3770
10.5769,1.3871
10.5775,1.3770
10.5780,1.3821
10.5786,1.3821
10.5791,1.3821
10.5797,1.3770
10.5802,1.3770
10.5808,1.3770
10.5814,1.3770
10.5819,1.3821
10.5824,1.3821
10.5830,1.3821
10.5835,1.3821
10.5841,1.3821
10.5846,1.3770
10.5852,1.3821
10.5857,1.3821
10.5863,1.3770
10.5868,1.3821
10.5874,1.3770
10.5879,1.3821
10.5884,1.3770
10.5890,1.3770
10.5895,1.3821
10.5901,1.3821
10.5906,1.3770
10.5912,1.3770
10.5919,1.3821
10.5924,1.3821
10.5929,1.3770
10.5935,1.3821
10.5940,1.3770
10.5946,1.3770
10.5951,1.3821
10.5957,1.3770
10.5962,1.3821
10.5967,1.3770
10.5973,1.3821
10.5978,1.3770
10.5984,1.3770
10.5989,1.3821
10.5994,1.3720
10.6000,1.3821
10.6005,1.3770
10.6011,1.3821
10.6016,1.3821
10.6021,1.3821
10.6027,1.3770
10.6032,1.3821
10.6038,1.3821
10.6043,1.3821
10.6048,1.3770
10.6054,1.3821
10.6059,1.3821
10.6065,1.3821
10.6070,1.3770
10.6075,1.3821
10.6081,1.3821
10.6086,1.3720
10.6092,1.3770
10.6097,1.3770
10.6102,1.3821
10.6108,1.3821
10.6113,1.3770
10.6119,1.3821
10.6124,1.3821
10.6130,1.3821
10.6135,1.3821
10.6140,1.3821
10.6146,1.3821
10.6151,1.3720
10.6157,1.3821
10.6162,1.3770
10.6168,1.3770
10.6173,1.3770
10.6179,1.3770
10.6184,1.3821
10.6189,1.3770
10.6195,1.3770
10.6200,1.3770
10.6205,1.3770
10.6211,1.3770
10.6216,1.3821
10.6222,1.3821
10.6227,1.3770
10.6233,1.3770
10.6238,1.3770
10.6243,1.3770
10.6249,1.3821
10.6254,1.3821
10.6260,1.3770
10.6265,1.3770
10.6270,1.3821
10.6276,1.3821
10.6281,1.3770
10.6287,1.3821
10.6292,1.3770
10.6297,1.3770
10.6303,1.3821
10.6308,1.3770
10.6314,1.3821
10.6319,1.3720
10.6324,1.3770
10.6330,1.3720
10.6335,1.3821
10.6341,1.3770
10.6346,1.3770
10.6351,1.3770
10.6357,1.3770
10.6362,1.3770
10.6368,1.3770
10.6373,1.3720
10.6378,1.3770
10.6384,1.3770
10.6389,1.3821
10.6395,1.3821
10.6400,1.3770
10.6405,1.3821
10.6411,1.3770
10.6416,1.3821
10.6422,1.3770
10.6427,1.3770
10.6433,1.3770
10.6438,1.3720
10.6443,1.3770
10.6449,1.3770
10.6454,1.3720
10.6460,1.3720
10.6465,1.3770
10.6471,1.3770
10.6476,1.3770
10.6482,1.3770
10.6487,1.3720
10.6492,1.3770
10.6498,1.3720
10.6503,1.3770
10.6509,1.3770
10.6514,1.3720
10.6520,1.3821
10.6525,1.3720
10.6531,1.3770
10.6536,1.3770
10.6541,1.3770
10.6547,1.3720
10.6552,1.3770
10.6558,1.3720
10.6563,1.3720
10.6569,1.3770
10.6574,1.3821
10.6579,1.3770
10.6585,1.3770
10.6590,1.3770
10.6596,1.3720
10.6601,1.3770
10.6607,1.3770
10.6612,1.3770
10.6618,1.3770
10.6623,1.3770
10.6628,1.3770
10.6634,1.3770
10.6639,1.3720
10.6645,1.3770
10.6650,1.3720
10.6655,1.3770
10.6661,1.3770
10.6666,1.3770
10.6672,1.3770
10.6677,1.3720
10.6682,1.3770
10.6688,1.3770
10.6693,1.3770
10.6699,1.3770
10.6704,1.3720
10.6709,1.3770
10.6715,1.3770
10.6720,1.3720
10.6726,1.3770
10.6731,1.3720
10.6737,1.3770
10.6742,1.3770
10.6748,1.3720
10.6753,1.3770
10.6758,1.3770
10.6764,1.3770
10.6769,1.3770
10.6775,1.3770
10.6780,1.3770
10.6786,1.3720
10.6791,1.3720
10.6796,1.3770
10.6802,1.3720
10.6807,1.3770
10.6813,1.3720
10.6818,1.3720
10.6824,1.3770
10.6829,1.3720
10.6835,1.3720
10.6840,1.3720
10.6846,1.3720
10.6851,1.3720
10.6857,1.3770
10.6862,1.3770
10.6868,1.3770
10.6873,1.3770
10.6879,1.3770
10.6884,1.3720
10.6889,1.3720
10.6895,1.3770
10.6900,1.3770
10.6906,1.3720
10.6911,1.3770
10.6917,1.3720
10.6923,1.3720
10.6928,1.3770
10.6934,1.3720
10.6939,1.3720
10.6945,1.3720
10.6950,1.3720
10.6956,1.3770
10.6961,1.3770
10.6967,1.3770
10.6972,1.3770
10.6978,1.3770
10.6983,1.3720
10.6989,1.3720
10.6994,1.3720
10.7000,1.3770
10.7005,1.3720
10.7011,1.3770
10.7016,1.3770
10.7022,1.3770
10.7027,1.3770
10.7033,1.3669
10.7038,1.3720
10.7044,1.3720
10.7049,1.3720
10.7055,1.3720
10.7060,1.3720
10.7066,1.3720
10.7071,1.3720
10.7077,1.3720
10.7082,1.3720
10.7088,1.3720
10.7093,1.3720
10.7099,1.3720
10.7104,1.3720
10.7110,1.3720
10.7116,1.3770
10.7121,1.3770
10.7127,1.3720
10.7132,1.3770
10.7138,1.3770
10.7143,1.3720
10.7149,1.3720
10.7154,1.3770
10.7160,1.3770
10.7165,1.3720
10.7171,1.3669
10.7176,1.3720
10.7182,1.3770
10.7187,1.3770
10.7193,1.3720
10.7198,1.3720
10.7204,1.3669
10.7209,1.3720
10.7215,1.3720
10.7220,1.3720
10.7226,1.3720
10.7231,1.3770
10.7237,1.3720
10.7242,1.3720
10.7248,1.3770
10.7253,1.3669
10.7259,1.3720
10.7264,1.3770
10.7270,1.3720
10.7275,1.3720
10.7281,1.3720
10.7286,1.3720
10.7292,1.3770
10.7297,1.3720
10.7303,1.3720
10.7308,1.3770
10.7314,1.3720
10.7319,1.3720
10.7325,1.3720
10.7330,1.3770
10.7336,1.3720
10.7341,1.3720
10.7347,1.3720
10.7352,1.3720
10.7358,1.3720
10.7363,1.3720
10.7369,1.3720
10.7374,1.3720
10.7380,1.3720
10.7385,1.3720
10.7391,1.3720
10.7396,1.3770
10.7402,1.3720
10.7407,1.3669
10.7413,1.3720
10.7418,1.3720
10.7424,1.3720
10.7429,1.3770
10.7435,1.3669
10.7440,1.3770
10.7446,1.3720
10.7452,1.3720
10.7458,1.3720
10.7463,1.3720
10.7469,1.3720
10.7475,1.3720
10.7481,1.3669
10.7487,1.3720
10.7492,1.3720
10.7498,1.3720
10.7504,1.3720
10.7510,1.3720
10.7516,1.3720
10.7521,1.3720
10.7529,1.3770
10.7535,1.3720
10.7541,1.3720
10.7546,1.3720
10.7552,1.3720
10.7558,1.3720
10.7564,1.3720
10.7569,1.3720
10.7574,1.3720
10.7580,1.3770
10.7586,1.3720
10.7592,1.3720
10.7597,1.3720
10.7603,1.3720
10.7608,1.3720
10.7614,1.3669
10.7619,1.3720
10.7625,1.3720
10.7630,1.3720
10.7635,1.3720
10.7641,1.3669
10.7646,1.3720
10.7652,1.3720
10.7657,1.3720
10.7663,1.3619
10.7668,1.3669
10.7674,1.3669
10.7679,1.3720
10.7685,1.3669
10.7690,1.3720
10.7695,1.3720
10.7701,1.3720
10.7706,1.3669
10.7712,1.3720
10.7717,1.3720
10.7723,1.3720
10.7728,1.3669
10.7734,1.3619
10.7739,1.3669
10.7745,1.3720
10.7750,1.3720
10.7756,1.3720
10.7761,1.3720
10.7767,1.3720
10.7772,1.3669
10.7778,1.3669
10.7783,1.3720
10.7788,1.3669
10.7794,1.3720
10.7799,1.3770
10.7805,1.3669
10.7810,1.3720
10.7816,1.3669
10.7821,1.3669
10.7827,1.3619
10.7832,1.3669
10.7838,1.3720
10.7843,1.3720
10.7849,1.3669
10.7854,1.3720
10.7859,1.3669
10.7865,1.3669
10.7870,1.3669
10.7876,1.3669
10.7881,1.3720
10.7887,1.3720
10.7892,1.3669
10.7898,1.3669
10.7903,1.3669
10.7909,1.3669
10.7914,1.3669
10.7920,1.3669
10.7926,1.3669
10.7931,1.3720
10.7937,1.3720
10.7942,1.3720
10.7948,1.3720
10.7953,1.3720
10.7959,1.3720
10.7964,1.3669
10.7970,1.3720
10.7975,1.3669
10.7980,1.3720
10.7986,1.3720
10.7991,1.3669
10.7997,1.3720
10.8002,1.3720
10.8008,1.3720
10.8013,1.3669
10.8019,1.3720
10.8024,1.3669
10.8030,1.3720
10.8035,1.3669
10.8041,1.3669
10.8046,1.3669
10.8052,1.3669
10.8057,1.3669
10.8063,1.3720
10.8068,1.3669
10.8073,1.3669
10.8079,1.3669
10.8084,1.3720
10.8090,1.3669
10.8095,1.3669
10.8101,1.3619
10.8106,1.3619
10.8112,1.3669
10.8117,1.3669
10.8123,1.3669
10.8128,1.3720
10.8134,1.3669
10.8139,1.3720
10.8145,1.3619
10.8150,1.3720
10.8156,1.3720
10.8161,1.3720
10.8167,1.3669
10.8172,1.3669
10.8178,1.3720
10.8183,1.3669
10.8189,1.3669
10.8194,1.3669
10.8200,1.3720
10.8205,1.3669
10.8211,1.3669
10.8216,1.3669
10.8222,1.3669
10.8227,1.3669
10.8233,1.3720
10.8238,1.3720
10.8244,1.3669
10.8250,1.3619
10.8255,1.3720
10.8261,1.3720
10.8266,1.3669
10.8272,1.3669
10.8277,1.3669
10.8283,1.3669
10.8288,1.3720
10.8294,1.3669
10.8299,1.3669
10.8305,1.3720
10.8310,1.3669
10.8316,1.3669
10.8321,1.3669
10.8326,1.3720
10.8332,1.3669
10.8337,1.3669
10.8343,1.3720
10.8348,1.3619
10.8354,1.3669
10.8359,1.3669
10.8365,1.3669
10.8370,1.3669
10.8376,1.3669
10.8381,1.3720
10.8387,1.3669
10.8392,1.3720
10.8397,1.3669
10.8403,1.3669
10.8409,1.3669
10.8414,1.3669
10.8420,1.3619
10.8425,1.3669
10.8431,1.3669
10.8436,1.3720
10.8442,1.3619
10.8447,1.3669
10.8453,1.3619
10.8458,1.3669
10.8464,1.3669
10.8469,1.3669
10.8475,1.3669
10.8480,1.3669
10.8486,1.3619
10.8491,1.3720
10.8497,1.3669
10.8502,1.3619
10.8508,1.3720
10.8513,1.3669
10.8519,1.3720
10.8524,1.3619
10.8530,1.3669
10.8535,1.3669
10.8541,1.3669
10.8546,1.3669
10.8551,1.3619
10.8557,1.3669
10.8562,1.3669
10.8568,1.3669
10.8573,1.3669
10.8579,1.3669
10.8584,1.3669
10.8590,1.3720
10.8595,1.3669
10.8601,1.3669
10.8606,1.3669
10.8612,1.3619
10.8617,1.3669
10.8623,1.3720
10.8628,1.3669
10.8634,1.3669
10.8639,1.3669
10.8645,1.3669
10.8650,1.3720
10.8656,1.3669
10.8661,1.3669
10.8667,1.3669
10.8672,1.3669
10.8678,1.3669
10.8683,1.3619
10.8689,1.3669
10.8694,1.3669
10.8700,1.3669
10.8705,1.3669
10.8711,1.3669
10.8716,1.3669
10.8722,1.3669
10.8727,1.3669
10.8733,1.3619
10.8738,1.3669
10.8744,1.3619
10.8749,1.3669
10.8754,1.3619
10.8760,1.3619
10.8765,1.3669
10.8771,1.3669
10.8776,1.3619
10.8782,1.3669
10.8787,1.3669
10.8793,1.3669
10.8798,1.3669
10.8804,1.3568
10.8809,1.3669
10.8815,1.3720
10.8821,1.3669
10.8827,1.3720
10.8832,1.3669
10.8838,1.3669
10.8843,1.3619
10.8849,1.3669
10.8854,1.3619
10.8860,1.3669
10.8865,1.3619
10.8871,1.3619
10.8876,1.3669
10.8882,1.3669
10.8887,1.3619
10.8893,1.3669
10.8898,1.3619
10.8904,1.3669
10.8909,1.3619
10.8915,1.3669
10.8920,1.3669
10.8926,1.3669
10.8931,1.3669
10.8937,1.3669
10.8942,1.3669
10.8948,1.3619
10.8953,1.3619
10.8959,1.3619
10.8964,1.3669
10.8970,1.3669
10.8975,1.3669
10.8981,1.3669
10.8986,1.3669
10.8992,1.3619
10.8997,1.3669
10.9003,1.3669
10.9008,1.3619
10.9014,1.3669
10.9019,1.3619
10.9025,1.3669
10.9030,1.3669
10.9036,1.3669
10.9041,1.3619
10.9047,1.3669
10.9052,1.3669
10.9058,1.3619
10.9063,1.3669
10.9069,1.3619
10.9074,1.3669
10.9080,1.3720
10.9085,1.3619
10.9091,1.3619
10.9096,1.3669
10.9102,1.3669
10.9107,1.3619
10.9113,1.3720
10.9119,1.3669
10.9124,1.3669
10.9130,1.3669
10.9135,1.3669
10.9141,1.3669
10.9146,1.3720
10.9152,1.3669
10.9157,1.3669
10.9163,1.3669
10.9168,1.3619
10.9174,1.3669
10.9179,1.3720
10.9185,1.3669
10.9190,1.3619
10.9196,1.3619
10.9201,1.3720
10.9207,1.3669
10.9212,1.3669
10.9218,1.3720
10.9223,1.3720
10.9229,1.3669
10.9234,1.3669
10.9240,1.3669
10.9245,1.3619
10.9251,1.3669
10.9256,1.3669
10.9262,1.3669
10.9267,1.3669
10.9273,1.3669
10.9278,1.3669
10.9284,1.3669
10.9289,1.3669
10.9295,1.3720
10.9300,1.3669
10.9306,1.3669
10.9311,1.3720
10.9317,1.3720
10.9322,1.3720
10.9328,1.3720
10.9333,1.3669
10.9339,1.3669
10.9344,1.3720
10.9350,1.3720
10.9355,1.3720
10.9361,1.3720
10.9366,1.3770
10.9372,1.3720
10.9377,1.3720
10.9383,1.3720
10.9388,1.3669
10.9394,1.3720
10.9399,1.3720
10.9405,1.3720
10.9410,1.3720
10.9416,1.3720
10.9421,1.3720
10.9427,1.3770
10.9432,1.3720
10.9438,1.3720
10.9443,1.3770
10.9448,1.3770
10.9454,1.3770
10.9459,1.3770
10.9465,1.3720
10.9470,1.3720
10.9476,1.3770
10.9481,1.3720
10.9487,1.3770
10.9492,1.3770
10.9498,1.3770
10.9503,1.3770
10.9509,1.3770
10.9514,1.3720
10.9520,1.3770
10.9525,1.3720
10.9531,1.3770
10.9536,1.3770
10.9542,1.3770
10.9547,1.3770
10.9553,1.3821
10.9558,1.3770
10.9564,1.3770
10.9569,1.3770
10.9575,1.3770
10.9580,1.3770
10.9586,1.3770
10.9591,1.3770
10.9597,1.3770
10.9602,1.3770
10.9608,1.3821
10.9613,1.3821
10.9619,1.3770
10.9624,1.3770
10.9630,1.3770
10.9635,1.3770
10.9641,1.3821
10.9646,1.3770
10.9652,1.3770
10.9657,1.3770
10.9663,1.3821
10.9668,1.3821
10.9674,1.3770
10.9679,1.3821
10.9685,1.3720
10.9690,1.3770
10.9696,1.3770
10.9701,1.3821
10.9707,1.3821
10.9712,1.3821
10.9718,1.3871
10.9723,1.3821
10.9729,1.3821
10.9734,1.3821
10.9740,1.3871
10.9745,1.3821
10.9751,1.3821
10.9756,1.3871
10.9762,1.3821
10.9767,1.3821
10.9773,1.3821
10.9778,1.3770
10.9784,1.3871
10.9789,1.3821
10.9795,1.3821
10.9800,1.3821
10.9806,1.3821
10.9811,1.3871
10.9817,1.3821
10.9822,1.3821
10.9828,1.3821
10.9833,1.3871
10.9839,1.3871
10.9844,1.3821
10.9850,1.3821
10.9855,1.3821
10.9861,1.3821
10.9866,1.3871
10.9872,1.3821
10.9877,1.3871
10.9883,1.3770
10.9888,1.3871
10.9894,1.3821
10.9899,1.3871
10.9905,1.3821
10.9910,1.3871
10.9916,1.3821
10.9921,1.3871
10.9927,1.3821
10.9932,1.3871
10.9938,1.3871
10.9943,1.3871
10.9949,1.3821
10.9954,1.3871
10.9960,1.3821
10.9965,1.3871
10.9971,1.3871
10.9976,1.3871
10.9982,1.3871
10.9987,1.3871
10.9993,1.3821
10.9998,1.3871
11.0004,1.3821
11.0009,1.3871
11.0015,1.3871
11.0020,1.3871
11.0026,1.3921
11.0031,1.3821
11.0037,1.3871
11.0042,1.3871
11.0048,1.3871
11.0053,1.3821
11.0059,1.3871
11.0064,1.3871
11.0070,1.3871
11.0075,1.3871
11.0081,1.3921
11.0086,1.3871
11.0092,1.3871
11.0097,1.3871
11.0103,1.3821
11.0108,1.3921
11.0114,1.3871
11.0119,1.3871
11.0125,1.3871
11.0130,1.3871
11.0136,1.3921
11.0141,1.3871
11.0147,1.3921
11.0152,1.3871
11.0158,1.3871
11.0163,1.3871
11.0169,1.3871
11.0174,1.3871
11.0180,1.3871
11.0185,1.3871
11.0191,1.3871
11.0196,1.3921
11.0202,1.3821
11.0207,1.3871
11.0213,1.3921
11.0218,1.3871
11.0224,1.3921
11.0229,1.3871
11.0235,1.3871
11.0240,1.3921
11.0246,1.3871
11.0251,1.3921
11.0257,1.3921
11.0262,1.3921
11.0268,1.3871
11.0273,1.3871
11.0279,1.3821
11.0284,1.3871
11.0290,1.3921
11.0295,1.3821
11.0301,1.3871
11.0306,1.3871
11.0312,1.3921
11.0317,1.3871
11.0323,1.3871
11.0328,1.3871
11.0334,1.3871
11.0340,1.3871
11.0345,1.3972
11.0351,1.3821
11.0357,1.3871
11.0363,1.3871
11.0369,1.3921
11.0375,1.3821
11.0380,1.3871
11.0386,1.3921
11.0392,1.3921
11.0397,1.3871
11.0403,1.3871
11.0408,1.3871
11.0415,1.3871
11.0420,1.3921
11.0426,1.3921
11.0432,1.3871
11.0437,1.3871
11.0443,1.3921
11.0448,1.3871
11.0454,1.3972
11.0459,1.3921
11.0465,1.3921
11.0470,1.3871
11.0476,1.3871
11.0481,1.3871
11.0487,1.3871
11.0492,1.3871
11.0498,1.3921
11.0503,1.3821
11.0509,1.3871
11.0514,1.3871
11.0520,1.3871
11.0526,1.3871
11.0532,1.3871
11.0537,1.3871
11.0543,1.3921
11.0549,1.3871
11.0555,1.3921
11.0561,1.3871
11.0568,1.3871
11.0574,1.3821
11.0579,1.3871
11.0585,1.3871
11.0591,1.3871
11.0597,1.3871
11.0603,1.3871
11.0608,1.3921
11.0614,1.3871
11.0619,1.3871
11.0625,1.3871
11.0630,1.3821
11.0636,1.3871
11.0641,1.3871
11.0647,1.3921
11.0652,1.3921
11.0658,1.3871
11.0663,1.3821
11.0668,1.3921
11.0674,1.3921
11.0679,1.3871
11.0685,1.3921
11.0690,1.3821
11.0696,1.3871
11.0701,1.3871
11.0707,1.3921
11.0712,1.3921
11.0718,1.3871
11.0723,1.3921
11.0729,1.3871
11.0734,1.3871
11.0740,1.3871
11.0745,1.3871
11.0751,1.3871
11.0757,1.3871
11.0762,1.3871
11.0768,1.3871
11.0773,1.3921
11.0779,1.3871
11.0784,1.3871
11.0790,1.3921
11.0795,1.3921
11.0800,1.3871
11.0806,1.3871
11.0811,1.3871
11.0817,1.3921
11.0822,1.3871
11.0828,1.3821
11.0833,1.3871
11.0839,1.3871
11.0844,1.3921
11.0850,1.3871
11.0855,1.3871
11.0861,1.3871
11.0866,1.3921
11.0871,1.3871
11.0877,1.3821
11.0882,1.3871
11.0888,1.3871
11.0893,1.3871
11.0899,1.3921
11.0904,1.3821
11.0910,1.3871
11.0915,1.3921
11.0921,1.3871
11.0926,1.3921
11.0932,1.3871
11.0937,1.3921
11.0942,1.3871
11.0949,1.3871
11.0955,1.3921
11.0960,1.3921
11.0966,1.3921
11.0971,1.3921
11.0976,1.3871
11.0982,1.3871
11.0987,1.3871
11.0993,1.3871
11.0998,1.3871
11.1003,1.3821
11.1009,1.3871
11.1014,1.3921
11.1020,1.3871
11.1025,1.3871
11.1030,1.3871
11.1036,1.3921
11.1041,1.3821
11.1047,1.3921
11.1052,1.3871
11.1058,1.3871
11.1063,1.3871
11.1069,1.3871
11.1074,1.3871
11.1079,1.3871
11.1085,1.3921
11.1090,1.3821
11.1096,1.3871
11.1101,1.3921
11.1106,1.3871
11.1112,1.3821
11.1117,1.3871
11.1123,1.3871
11.1128,1.3871
11.1134,1.3871
11.1139,1.3871
11.1144,1.3871
11.1150,1.3871
11.1155,1.3871
11.1161,1.3871
11.1166,1.3871
11.1172,1.3871
11.1177,1.3871
11.1183,1.3871
11.1188,1.3871
11.1193,1.3871
11.1199,1.3921
11.1204,1.3921
11.1210,1.3821
11.1215,1.3871
11.1221,1.3871
11.1226,1.3871
11.1231,1.3871
11.1237,1.3871
11.1242,1.3921
11.1248,1.3871
11.1253,1.3871
11.1259,1.3871
11.1264,1.3871
11.1269,1.3871
11.1275,1.3921
11.1280,1.3871
11.1286,1.3821
11.1291,1.3871
11.1296,1.3871
11.1302,1.3871
11.1307,1.3871
11.1313,1.3871
11.1318,1.3871
11.1323,1.3871
11.1329,1.3821
11.1334,1.3871
11.1340,1.3871
11.1345,1.3871
11.1350,1.3871
11.1356,1.3821
11.1361,1.3871
11.1367,1.3871
11.1372,1.3821
11.1377,1.3821
11.1383,1.3871
11.1388,1.3871
11.1394,1.3871
11.1399,1.3821
11.1404,1.3921
11.1410,1.3821
11.1415,1.3871
11.1421,1.3821
11.1426,1.3871
11.1432,1.3821
11.1437,1.3871
11.1443,1.3871
11.1448,1.3871
11.1453,1.3871
11.1459,1.3821
11.1464,1.3871
11.1470,1.3821
11.1475,1.3821
11.1481,1.3871
11.1486,1.3871
11.1491,1.3821
11.1497,1.3871
11.1502,1.3770
11.1508,1.3871
11.1513,1.3871
11.1519,1.3821
11.1524,1.3821
11.1530,1.3871
11.1535,1.3821
11.1540,1.3821
11.1546,1.3871
11.1551,1.3871
11.1557,1.3871
11.1562,1.3821
11.1568,1.3871
11.1573,1.3821
11.1579,1.3871
11.1584,1.3871
11.1589,1.3821
11.1595,1.3871
11.1600,1.3821
11.1606,1.3871
11.1611,1.3821
11.1617,1.3871
11.1622,1.3871
11.1627,1.3871
11.1633,1.3871
11.1638,1.3821
11.1644,1.3821
11.1649,1.3821
11.1654,1.3871
11.1660,1.3871
11.1665,1.3821
11.1671,1.3871
11.1676,1.3821
11.1681,1.3821
11.1687,1.3821
11.1692,1.3821
11.1698,1.3821
11.1703,1.3821
11.1708,1.3821
11.1714,1.3871
11.1719,1.3821
11.1725,1.3871
11.1730,1.3821
11.1736,1.3821
11.1741,1.3821
11.1747,1.3871
11.1752,1.3821
11.1758,1.3871
11.1763,1.3821
11.1769,1.3821
11.1774,1.3821
11.1779,1.3821
11.1785,1.3821
11.1790,1.3871
11.1796,1.3770
11.1801,1.3821
11.1807,1.3770
11.1812,1.3821
11.1817,1.3770
11.1823,1.3770
11.1828,1.3770
11.1834,1.3871
11.1839,1.3871
11.1845,1.3821
11.1850,1.3770
11.1856,1.3821
11.1861,1.3821
11.1866,1.3821
11.1872,1.3821
11.1877,1.3821
11.1883,1.3871
11.1888,1.3821
11.1894,1.3821
11.1899,1.3821
11.1904,1.3821
11.1910,1.3821
11.1915,1.3821
11.1921,1.3821
11.1926,1.3871
11.1932,1.3821
11.1937,1.3821
11.1943,1.3821
11.1948,1.3871
11.1954,1.3871
11.1960,1.3821
11.1965,1.3821
11.1971,1.3821
11.1976,1.3821
11.1982,1.3821
11.1987,1.3770
11.1993,1.3821
11.1998,1.3821
11.2004,1.3821
11.2009,1.3821
11.2015,1.3821
11.2020,1.3821
11.2026,1.3770
11.2031,1.3821
11.2037,1.3871
11.2042,1.3821
11.2048,1.3821
11.2053,1.3821
11.2059,1.3821
11.2064,1.3770
11.2070,1.3821
11.2075,1.3821
11.2081,1.3770
11.2086,1.3821
11.2092,1.3770
11.2097,1.3821
11.2103,1.3821
11.2108,1.3821
11.2114,1.3821
11.2119,1.3871
11.2125,1.3821
11.2130,1.3821
11.2136,1.3821
11.2141,1.3821
11.2147,1.3821
11.2152,1.3821
11.2158,1.3821
11.2163,1.3821
11.2169,1.3821
11.2174,1.3821
11.2180,1.3821
11.2185,1.3821
11.2191,1.3821
11.2196,1.3821
11.2202,1.3821
11.2207,1.3821
11.2213,1.3821
11.2219,1.3770
11.2224,1.3821
11.2230,1.3871
11.2235,1.3821
11.2241,1.3821
11.2246,1.3770
11.2252,1.3821
11.2257,1.3821
11.2263,1.3770
11.2268,1.3770
11.2274,1.3821
11.2279,1.3821
11.2285,1.3770
11.2290,1.3821
11.2296,1.3821
11.2301,1.3821
11.2307,1.3821
11.2312,1.3770
11.2318,1.3821
11.2323,1.3821
11.2329,1.3821
11.2334,1.3821
11.2340,1.3821
11.2345,1.3821
11.2351,1.3821
11.2356,1.3821
11.2362,1.3821
11.2367,1.3821
11.2373,1.3821
11.2378,1.3821
11.2384,1.3821
11.2389,1.3821
11.2395,1.3871
11.2400,1.3770
11.2406,1.3821
11.2411,1.3821
11.2417,1.3821
11.2422,1.3821
11.2428,1.3770
11.2433,1.3770
11.2439,1.3821
11.2445,1.3821
11.2450,1.3821
11.2456,1.3821
11.2461,1.3821
11.2467,1.3821
11.2472,1.3821
11.2478,1.3821
11.2483,1.3821
11.2489,1.3821
11.2494,1.3821
11.2500,1.3821
11.2505,1.3821
11.2511,1.3871
11.2516,1.3770
11.2522,1.3821
11.2527,1.3821
11.2533,1.3821
11.2538,1.3821
11.2544,1.3821
11.2549,1.3821
11.2555,1.3821
11.2560,1.3770
11.2566,1.3821
11.2571,1.3821
11.2577,1.3821
11.2582,1.3821
11.2588,1.3821
11.2593,1.3821
11.2599,1.3821
11.2604,1.3821
11.2610,1.3821
11.2615,1.3821
11.2621,1.3821
11.2626,1.3821
11.2632,1.3821
11.2637,1.3821
11.2643,1.3821
11.2648,1.3821
11.2654,1.3821
11.2659,1.3821
11.2665,1.3821
11.2670,1.3770
11.2676,1.3821
11.2681,1.3821
11.2687,1.3770
11.2692,1.3821
11.2698,1.3770
11.2703,1.3821
11.2709,1.3821
11.2714,1.3821
11.2720,1.3770
11.2725,1.3821
11.2731,1.3821
11.2736,1.3821
11.2742,1.3770
11.2747,1.3821
11.2753,1.3821
11.2758,1.3821
11.2764,1.3821
11.2769,1.3821
11.2775,1.3821
11.2780,1.3871
11.2786,1.3821
11.2791,1.3770
11.2797,1.3821
11.2802,1.3821
11.2808,1.3821
11.2813,1.3821
11.2819,1.3821
11.2824,1.3821
11.2830,1.3821
11.2835,1.3821
11.2841,1.3821
11.2846,1.3821
11.2852,1.3821
11.2857,1.3821
11.2863,1.3821
11.2868,1.3821
11.2874,1.3720
11.2879,1.3770
11.2885,1.3821
11.2890,1.3821
11.2896,1.3821
11.2901,1.3821
11.2907,1.3770
11.2912,1.3821
11.2918,1.3821
11.2923,1.3770
11.2929,1.3821
11.2934,1.3821
11.2940,1.3770
11.2945,1.3821
11.2951,1.3821
11.2956,1.3821
11.2962,1.3770
11.2968,1.3821
11.2973,1.3770
11.2979,1.3770
11.2984,1.3770
11.2990,1.3770
11.2995,1.3770
11.3001,1.3770
11.3006,1.3821
11.3012,1.3770
11.3017,1.3770
11.3023,1.3720
11.3028,1.3821
11.3034,1.3821
11.3039,1.3821
11.3045,1.3770
11.3050,1.3821
11.3056,1.3821
11.3061,1.3821
11.3067,1.3821
11.3072,1.3821
11.3078,1.3821
11.3083,1.3770
11.3089,1.3821
11.3094,1.3821
11.3100,1.3821
11.3105,1.3821
11.3111,1.3821
11.3116,1.3821
11.3122,1.3770
11.3127,1.3821
11.3133,1.3821
11.3139,1.3821
11.3144,1.3821
11.3150,1.3821
11.3155,1.3821
11.3161,1.3720
11.3166,1.3770
11.3172,1.3821
11.3177,1.3821
11.3183,1.3770
11.3188,1.3770
11.3194,1.3770
11.3199,1.3770
11.3205,1.3821
11.3210,1.3821
11.3216,1.3720
11.3221,1.3821
11.3227,1.3770
11.3232,1.3821
11.3238,1.3821
11.3243,1.3770
11.3249,1.3821
11.3254,1.3770
11.3260,1.3821
11.3265,1.3770
11.3271,1.3770
11.3276,1.3770
11.3282,1.3770
11.3287,1.3821
11.3293,1.3770
11.3298,1.3770
11.3304,1.3770
11.3309,1.3770
11.3315,1.3770
11.3320,1.3770
11.3326,1.3821
11.3331,1.3821
11.3337,1.3770
11.3342,1.3770
11.3348,1.3770
11.3353,1.3770
11.3359,1.3821
11.3364,1.3821
11.3370,1.3821
11.3375,1.3720
11.3381,1.3821
11.3386,1.3770
11.3392,1.3720
11.3397,1.3821
11.3403,1.3770
11.3408,1.3821
11.3414,1.3770
11.3419,1.3821
11.3425,1.3770
11.3430,1.3770
11.3436,1.3770
11.3441,1.3821
11.3447,1.3770
11.3453,1.3720
11.3459,1.3770
11.3465,1.3720
11.3471,1.3770
11.3477,1.3770
11.3483,1.3770
11.3489,1.3770
11.3494,1.3770
11.3500,1.3770
11.3506,1.3821
11.3511,1.3770
11.3517,1.3770
11.3523,1.3770
11.3528,1.3821
11.3534,1.3770
11.3541,1.3821
11.3547,1.3770
11.3553,1.3770
11.3572,1.3770
11.3578,1.3821
11.3584,1.3821
11.3590,1.3770
11.3596,1.3770
11.3602,1.3770
11.3608,1.3770
11.3614,1.3770
11.3619,1.3770
11.3625,1.3720
11.3630,1.3821
11.3636,1.3770
11.3641,1.3720
11.3647,1.3720
11.3652,1.3770
11.3658,1.3821
11.3663,1.3770
11.3669,1.3770
11.3674,1.3770
11.3680,1.3720
11.3685,1.3770
11.3691,1.3770
11.3696,1.3720
11.3702,1.3720
11.3707,1.3770
11.3713,1.3770
11.3718,1.3770
11.3724,1.3770
11.3729,1.3821
11.3735,1.3770
11.3740,1.3720
11.3746,1.3770
11.3752,1.3770
11.3757,1.3770
11.3763,1.3821
11.3768,1.3720
11.3774,1.3770
11.3779,1.3770
11.3785,1.3720
11.3790,1.3770
11.3796,1.3770
11.3801,1.3770
11.3807,1.3770
11.3812,1.3770
11.3818,1.3720
11.3823,1.3720
11.3829,1.3720
11.3834,1.3770
11.3839,1.3720
11.3845,1.3770
11.3850,1.3821
11.3856,1.3770
11.3862,1.3770
11.3867,1.3720
11.3873,1.3770
11.3878,1.3720
11.3884,1.3770
11.3889,1.3770
11.3895,1.3770
11.3900,1.3770
11.3906,1.3770
11.3911,1.3770
11.3917,1.3720
11.3922,1.3770
11.3928,1.3770
11.3933,1.3720
11.3939,1.3770
11.3944,1.3770
11.3950,1.3770
11.3955,1.3770
11.3961,1.3770
11.3966,1.3770
11.3972,1.3770
11.3978,1.3720
11.3983,1.3770
11.3989,1.3770
11.3994,1.3770
11.4000,1.3720
11.4005,1.3770
11.4011,1.3770
11.4016,1.3770
11.4022,1.3770
11.4027,1.3770
11.4033,1.3770
11.4038,1.3720
11.4044,1.3720
11.4049,1.3720
11.4055,1.3770
11.4060,1.3720
11.4066,1.3720
11.4072,1.3720
11.4077,1.3770
11.4083,1.3770
11.4088,1.3720
11.4094,1.3720
11.4099,1.3770
11.4105,1.3770
11.4110,1.3770
11.4116,1.3720
11.4121,1.3720
11.4127,1.3720
11.4132,1.3720
11.4137,1.3770
11.4143,1.3720
11.4148,1.3770
11.4154,1.3770
11.4159,1.3720
11.4165,1.3770
11.4170,1.3720
11.4176,1.3720
11.4181,1.3770
11.4187,1.3770
11.4192,1.3720
11.4198,1.3720
11.4203,1.3770
11.4209,1.3770
11.4214,1.3770
11.4220,1.3770
11.4225,1.3720
11.4231,1.3720
11.4236,1.3720
11.4242,1.3770
11.4247,1.3770
11.4253,1.3720
11.4258,1.3720
11.4264,1.3720
11.4269,1.3770
11.4275,1.3720
11.4280,1.3720
11.4286,1.3720
11.4291,1.3770
11.4297,1.3770
11.4302,1.3720
11.4308,1.3720
11.4313,1.3720
11.4319,1.3770
11.4324,1.3720
11.4330,1.3720
11.4335,1.3720
11.4341,1.3720
11.4346,1.3770
11.4352,1.3720
11.4357,1.3669
11.4363,1.3770
11.4368,1.3720
11.4374,1.3720
11.4379,1.3770
11.4385,1.3770
11.4390,1.3720
11.4396,1.3720
11.4401,1.3720
11.4407,1.3720
11.4412,1.3720
11.4418,1.3770
11.4423,1.3720
11.4429,1.3669
11.4434,1.3720
11.4440,1.3669
11.4445,1.3720
11.4451,1.3720
11.4456,1.3720
11.4462,1.3720
11.4467,1.3720
11.4473,1.3720
11.4478,1.3720
11.4484,1.3720
11.4489,1.3669
11.4495,1.3669
11.4500,1.3669
11.4506,1.3720
11.4511,1.3720
11.4517,1.3720
11.4522,1.3669
11.4528,1.3720
11.4533,1.3720
11.4539,1.3720
11.4544,1.3770
11.4550,1.3720
11.4556,1.3619
11.4561,1.3720
11.4567,1.3720
11.4572,1.3720
11.4578,1.3669
11.4583,1.3720
11.4589,1.3720
11.4594,1.3720
11.4600,1.3720
11.4605,1.3669
11.4611,1.3720
11.4616,1.3720
11.4622,1.3770
11.4627,1.3770
11.4632,1.3720
11.4638,1.3720
11.4643,1.3720
11.4649,1.3720
11.4654,1.3720
11.4660,1.3770
11.4665,1.3669
11.4671,1.3720
11.4676,1.3720
11.4682,1.3669
11.4687,1.3720
11.4693,1.3669
11.4698,1.3669
11.4704,1.3669
11.4709,1.3720
11.4715,1.3720
11.4720,1.3720
11.4726,1.3619
11.4731,1.3669
11.4737,1.3669
11.4742,1.3669
11.4748,1.3669
11.4753,1.3669
11.4759,1.3720
11.4764,1.3720
11.4770,1.3669
11.4775,1.3669
11.4781,1.3720
11.4786,1.3720
11.4792,1.3619
11.4797,1.3669
11.4803,1.3720
11.4808,1.3720
11.4814,1.3669
11.4819,1.3720
11.4825,1.3669
11.4830,1.3669
11.4836,1.3720
11.4841,1.3720
11.4847,1.3669
11.4852,1.3720
11.4858,1.3669
11.4863,1.3720
11.4869,1.3720
11.4874,1.3720
11.4880,1.3720
11.4885,1.3669
11.4891,1.3669
11.4896,1.3720
11.4902,1.3669
11.4907,1.3720
11.4913,1.3720
11.4918,1.3720
11.4924,1.3720
11.4929,1.3720
11.4935,1.3669
11.4940,1.3669
11.4946,1.3720
11.4951,1.3669
11.4957,1.3720
11.4962,1.3669
11.4968,1.3669
11.4973,1.3669
11.4979,1.3720
11.4985,1.3720
11.4990,1.3720
11.4996,1.3619
11.5001,1.3669
11.5007,1.3720
11.5012,1.3720
11.5018,1.3669
11.5023,1.3720
11.5029,1.3720
11.5034,1.3669
11.5040,1.3669
11.5045,1.3669
11.5051,1.3669
11.5056,1.3669
11.5062,1.3720
11.5067,1.3669
11.5072,1.3669
11.5078,1.3669
11.5083,1.3720
11.5089,1.3669
11.5094,1.3720
11.5100,1.3669
11.5105,1.3720
11.5111,1.3619
11.5116,1.3669
11.5122,1.3720
11.5127,1.3669
11.5133,1.3669
11.5138,1.3669
11.5144,1.3720
11.5149,1.3669
11.5155,1.3669
11.5160,1.3720
11.5166,1.3720
11.5171,1.3669
11.5177,1.3669
11.5182,1.3669
11.5188,1.3669
11.5193,1.3669
11.5199,1.3720
11.5204,1.3720
11.5210,1.3619
11.5215,1.3720
11.5221,1.3669
11.5226,1.3669
11.5232,1.3720
11.5237,1.3720
11.5243,1.3669
11.5248,1.3669
11.5254,1.3669
11.5260,1.3720
11.5265,1.3669
11.5271,1.3720
11.5276,1.3720
11.5282,1.3720
11.5287,1.3669
11.5293,1.3669
11.5298,1.3669
11.5304,1.3669
11.5309,1.3669
11.5315,1.3669
11.5320,1.3619
11.5326,1.3720
11.5331,1.3619
11.5337,1.3619
11.5344,1.3669
11.5350,1.3669
11.5356,1.3720
11.5361,1.3720
11.5367,1.3669
11.5373,1.3669
11.5379,1.3669
11.5384,1.3720
11.5390,1.3720
11.5396,1.3720
11.5401,1.3669
11.5407,1.3720
11.5413,1.3669
11.5420,1.3669
11.5425,1.3669
11.5431,1.3720
11.5437,1.3669
11.5442,1.3669
11.5448,1.3669
11.5453,1.3619
11.5459,1.3669
11.5464,1.3619
11.5470,1.3669
11.5475,1.3720
11.5481,1.3669
11.5486,1.3669
11.5492,1.3720
11.5497,1.3669
11.5503,1.3619
11.5508,1.3669
11.5514,1.3720
11.5519,1.3619
11.5525,1.3669
11.5530,1.3669
11.5536,1.3669
11.5542,1.3720
11.5548,1.3669
11.5553,1.3669
11.5573,1.3669
11.5579,1.3669
11.5585,1.3669
11.5591,1.3669
11.5596,1.3669
11.5602,1.3619
11.5608,1.3669
11.5614,1.3720
11.5619,1.3669
11.5626,1.3720
11.5631,1.3619
11.5637,1.3669
11.5642,1.3720
11.5648,1.3669
11.5653,1.3669
11.5659,1.3669
11.5664,1.3669
11.5669,1.3669
11.5675,1.3619
11.5680,1.3669
11.5686,1.3669
11.5691,1.3619
11.5697,1.3669
11.5702,1.3619
11.5708,1.3669
11.5713,1.3669
11.5719,1.3669
11.5724,1.3669
11.5730,1.3720
11.5735,1.3669
11.5743,1.3720
11.5749,1.3669
11.5755,1.3669
11.5760,1.3669
11.5766,1.3669
11.5771,1.3669
11.5777,1.3720
11.5782,1.3619
11.5788,1.3720
11.5793,1.3669
11.5799,1.3669
11.5804,1.3669
11.5810,1.3669
11.5815,1.3669
11.5821,1.3720
11.5826,1.3669
11.5832,1.3619
11.5837,1.3669
11.5843,1.3669
11.5848,1.3669
11.5854,1.3720
11.5859,1.3669
11.5865,1.3669
11.5870,1.3669
11.5876,1.3669
11.5881,1.3720
11.5887,1.3669
11.5892,1.3669
11.5898,1.3669
11.5903,1.3669
11.5909,1.3669
11.5915,1.3669
11.5921,1.3669
11.5926,1.3720
11.5932,1.3669
11.5937,1.3619
11.5943,1.3669
11.5948,1.3669
11.5954,1.3720
11.5959,1.3669
11.5965,1.3669
11.5970,1.3669
11.5976,1.3669
11.5981,1.3720
11.5988,1.3720
11.5994,1.3669
11.5999,1.3669
11.6005,1.3720
11.6010,1.3669
11.6016,1.3720
11.6021,1.3619
11.6027,1.3669
11.6032,1.3720
11.6037,1.3720
11.6043,1.3720
11.6048,1.3720
11.6054,1.3669
11.6059,1.3669
11.6065,1.3669
11.6070,1.3720
11.6075,1.3720
11.6081,1.3669
11.6086,1.3669
11.6092,1.3669
11.6097,1.3720
11.6103,1.3720
11.6108,1.3720
11.6114,1.3669
11.6119,1.3770
11.6124,1.3720
11.6130,1.3720
11.6135,1.3720
11.6141,1.3720
11.6146,1.3720
11.6152,1.3720
11.6157,1.3720
11.6162,1.3770
11.6168,1.3770
11.6173,1.3720
11.6179,1.3669
11.6184,1.3720
11.6190,1.3770
11.6195,1.3770
11.6200,1.3720
11.6206,1.3720
11.6211,1.3720
11.6217,1.3770
11.6222,1.3770
11.6228,1.3770
11.6233,1.3770
11.6238,1.3770
11.6244,1.3770
11.6249,1.3770
11.6255,1.3720
11.6260,1.3770
11.6266,1.3770
11.6271,1.3821
11.6277,1.3720
11.6282,1.3821
11.6288,1.3770
11.6293,1.3821
11.6299,1.3770
11.6304,1.3770
11.6309,1.3770
11.6315,1.3770
11.6320,1.3770
11.6326,1.3770
11.6331,1.3770
11.6337,1.3770
11.6342,1.3821
11.6347,1.3770
11.6353,1.3821
11.6358,1.3770
11.6364,1.3770
11.6369,1.3770
11.6375,1.3770
11.6380,1.3821
11.6386,1.3770
11.6391,1.3821
11.6396,1.3821
11.6402,1.3821
11.6407,1.3821
11.6413,1.3770
11.6418,1.3770
11.6424,1.3871
11.6429,1.3770
11.6434,1.3821
11.6440,1.3871
11.6445,1.3770
11.6451,1.3821
11.6456,1.3821
11.6462,1.3821
11.6467,1.3821
11.6472,1.3871
11.6478,1.3821
11.6483,1.3821
11.6489,1.3821
11.6494,1.3821
11.6500,1.3821
11.6505,1.3821
11.6511,1.3871
11.6516,1.3821
11.6521,1.3821
11.6527,1.3821
11.6532,1.3821
11.6538,1.3821
11.6543,1.3871
11.6549,1.3871
11.6554,1.3821
11.6559,1.3871
11.6565,1.3770
11.6570,1.3871
11.6576,1.3871
11.6581,1.3821
11.6587,1.3871
11.6592,1.3821
11.6597,1.3871
11.6603,1.3871
11.6608,1.3821
11.6614,1.3871
11.6619,1.3821
11.6625,1.3871
11.6630,1.3821
11.6636,1.3871
11.6641,1.3821
11.6646,1.3871
11.6652,1.3821
11.6657,1.3871
11.6663,1.3871
11.6668,1.3871
11.6674,1.3921
11.6679,1.3871
11.6685,1.3871
11.6690,1.3871
11.6696,1.3871
11.6701,1.3871
11.6706,1.3871
11.6712,1.3871
11.6717,1.3871
11.6723,1.3871
11.6728,1.3871
11.6734,1.3871
11.6739,1.3821
11.6745,1.3871
11.6750,1.3871
11.6755,1.3921
11.6761,1.3871
11.6766,1.3871
11.6772,1.3921
11.6777,1.3921
11.6783,1.3921
11.6788,1.3921
11.6793,1.3871
11.6799,1.3871
11.6804,1.3921
11.6810,1.3871
11.6815,1.3921
11.6821,1.3871
11.6826,1.3921
11.6831,1.3871
11.6837,1.3921
11.6842,1.3921
11.6848,1.3871
11.6853,1.3921
11.6859,1.3871
11.6864,1.3821
11.6870,1.3921
11.6875,1.3871
11.6880,1.3921
11.6886,1.3871
11.6891,1.3821
11.6897,1.3921
11.6902,1.3871
11.6908,1.3921
11.6913,1.3871
11.6919,1.3921
11.6924,1.3921
11.6930,1.3871
11.6935,1.3921
11.6940,1.3921
11.6946,1.3921
11.6951,1.3921
11.6957,1.3921
11.6962,1.3871
11.6968,1.3921
11.6973,1.3921
11.6978,1.3871
11.6984,1.3921
11.6989,1.3921
11.6996,1.3921
11.7001,1.3921
11.7006,1.3921
11.7012,1.3871
11.7017,1.3921
11.7023,1.3921
11.7028,1.3921
11.7034,1.3871
11.7039,1.3921
11.7045,1.3921
11.7050,1.3921
11.7056,1.3871
11.7061,1.3921
11.7067,1.3921
11.7072,1.3921
11.7077,1.3871
11.7083,1.3871
11.7088,1.3871
11.7094,1.3871
11.7099,1.3921
11.7105,1.3921
11.7110,1.3921
11.7116,1.3972
11.7121,1.3921
11.7127,1.3921
11.7132,1.3921
11.7137,1.3871
11.7143,1.3871
11.7148,1.3921
11.7154,1.3921
11.7159,1.3972
11.7165,1.3921
11.7170,1.3871
11.7176,1.3921
11.7181,1.3871
11.7187,1.3921
11.7192,1.3921
11.7198,1.3921
11.7203,1.3921
11.7209,1.3871
11.7214,1.3921
11.7219,1.3871
11.7225,1.3871
11.7230,1.3921
11.7236,1.3921
11.7241,1.3871
11.7247,1.3921
11.7252,1.3921
11.7258,1.3871
11.7263,1.3921
11.7269,1.3921
11.7274,1.3921
11.7280,1.3972
11.7285,1.3972
11.7291,1.3871
11.7296,1.3921
11.7302,1.3921
11.7307,1.3871
11.7313,1.3921
11.7319,1.3871
11.7324,1.3921
11.7330,1.3921
11.7335,1.3921
11.7341,1.3921
11.7346,1.3921
11.7352,1.3921
11.7357,1.3871
11.7363,1.3871
11.7368,1.3921
11.7374,1.3921
11.7379,1.3921
11.7385,1.3921
11.7390,1.3871
11.7396,1.3921
11.7401,1.3921
11.7407,1.3921
11.7412,1.3921
11.7418,1.3921
11.7423,1.3921
11.7429,1.3921
11.7434,1.3921
11.7440,1.3871
11.7445,1.3821
11.7451,1.3972
11.7456,1.3871
11.7462,1.3871
11.7467,1.3871
11.7473,1.3871
11.7478,1.3921
11.7484,1.3921
11.7489,1.3921
11.7495,1.3921
11.7500,1.3871
11.7506,1.3921
11.7511,1.3921
11.7517,1.3921
11.7522,1.3921
11.7528,1.3921
11.7533,1.3871
11.7539,1.3921
11.7544,1.3871
11.7550,1.3921
11.7555,1.3921
11.7561,1.3871
11.7566,1.3871
11.7572,1.3921
11.7577,1.3871
11.7583,1.3921
11.7588,1.3921
11.7594,1.3821
11.7599,1.3921
11.7605,1.3871
11.7610,1.3871
11.7616,1.3871
11.7621,1.3871
11.7627,1.3972
11.7632,1.3871
11.7638,1.3921
11.7643,1.3921
11.7649,1.3871
11.7654,1.3921
11.7660,1.3871
11.7665,1.3871
11.7671,1.3921
11.7676,1.3871
11.7682,1.3921
11.7687,1.3921
11.7693,1.3871
11.7698,1.3921
11.7703,1.3871
11.7709,1.3921
11.7714,1.3871
11.7720,1.3921
11.7725,1.3921
11.7731,1.3871
11.7736,1.3921
11.7742,1.3871
11.7747,1.3871
11.7753,1.3871
11.7758,1.3921
11.7764,1.3921
11.7769,1.3921
11.7775,1.3871
11.7780,1.3871
11.7786,1.3921
11.7791,1.3821
11.7797,1.3871
11.7802,1.3871
11.7808,1.3921
11.7813,1.3871
11.7819,1.3921
11.7824,1.3871
11.7830,1.3871
11.7835,1.3972
11.7841,1.3921
11.7846,1.3871
11.7852,1.3921
11.7857,1.3871
11.7863,1.3871
11.7868,1.3921
11.7874,1.3921
11.7879,1.3871
11.7885,1.3921
11.7890,1.3871
11.7896,1.3921
11.7901,1.3921
11.7907,1.3871
11.7912,1.3821
11.7918,1.3871
11.7923,1.3871
11.7929,1.3871
11.7934,1.3921
11.7940,1.3871
11.7945,1.3921
11.7951,1.3921
11.7956,1.3921
11.7962,1.3921
11.7967,1.3921
11.7973,1.3921
11.7978,1.3921
11.7984,1.3871
11.7989,1.3871
11.7995,1.3871
11.8001,1.3871
11.8006,1.3921
11.8012,1.3871
11.8017,1.3871
11.8023,1.3921
11.8028,1.3921
11.8034,1.3921
11.8039,1.3871
11.8045,1.3871
11.8050,1.3921
11.8056,1.3871
11.8061,1.3871
11.8067,1.3921
11.8072,1.3871
11.8078,1.3871
11.8083,1.3871
11.8089,1.3921
11.8094,1.3871
11.8100,1.3871
11.8105,1.3921
11.8111,1.3871
11.8116,1.3921
11.8122,1.3871
11.8127,1.3921
11.8133,1.3921
11.8138,1.3871
11.8144,1.3871
11.8149,1.3871
11.8155,1.3871
11.8160,1.3871
11.8166,1.3871
11.8171,1.3871
11.8177,1.3871
11.8182,1.3871
11.8188,1.3871
11.8193,1.3871
11.8199,1.3871
11.8204,1.3871
11.8210,1.3871
11.8215,1.3871
11.8221,1.3871
11.8226,1.3871
11.8232,1.3821
11.8237,1.3871
11.8243,1.3871
11.8249,1.3871
11.8254,1.3871
11.8260,1.3821
11.8265,1.3821
11.8271,1.3921
11.8276,1.3871
11.8282,1.3871
11.8287,1.3821
11.8293,1.3821
11.8298,1.3821
11.8304,1.3821
11.8309,1.3871
11.8315,1.3871
11.8320,1.3821
11.8326,1.3871
11.8331,1.3871
11.8337,1.3871
11.8342,1.3871
11.8348,1.3921
11.8353,1.3871
11.8359,1.3871
11.8364,1.3871
11.8370,1.3871
11.8375,1.3821
11.8381,1.3871
11.8386,1.3871
11.8392,1.3821
11.8397,1.3821
11.8403,1.3871
11.8408,1.3821
11.8414,1.3821
11.8419,1.3821
11.8425,1.3871
11.8430,1.3871
11.8436,1.3871
11.8441,1.3871
11.8447,1.3871
11.8452,1.3871
11.8458,1.3821
11.8463,1.3821
11.8469,1.3821
11.8474,1.3871
11.8480,1.3871
11.8485,1.3871
11.8491,1.3821
11.8496,1.3821
11.8502,1.3871
11.8507,1.3821
11.8513,1.3871
11.8518,1.3871
11.8524,1.3821
11.8529,1.3871
11.8535,1.3821
11.8540,1.3871
11.8546,1.3821
11.8551,1.3821
11.8557,1.3871
11.8562,1.3821
11.8568,1.3871
11.8573,1.3821
11.8579,1.3821
11.8584,1.3871
11.8590,1.3871
11.8595,1.3821
11.8601,1.3871
11.8606,1.3821
11.8612,1.3821
11.8617,1.3871
11.8623,1.3821
11.8628,1.3821
11.8634,1.3821
11.8639,1.3821
11.8644,1.3871
11.8650,1.3821
11.8655,1.3871
11.8661,1.3821
11.8666,1.3821
11.8672,1.3770
11.8677,1.3770
11.8683,1.3821
11.8688,1.3821
11.8694,1.3770
11.8699,1.3821
11.8705,1.3821
11.8710,1.3871
11.8716,1.3821
11.8721,1.3821
11.8727,1.3821
11.8732,1.3821
11.8738,1.3821
11.8743,1.3821
11.8749,1.3821
11.8754,1.3871
11.8760,1.3821
11.8766,1.3871
11.8771,1.3770
11.8777,1.3821
11.8782,1.3770
11.8788,1.3821
11.8793,1.3821
11.8799,1.3821
11.8804,1.3821
11.8810,1.3821
11.8815,1.3821
11.8821,1.3821
11.8826,1.3821
11.8832,1.3821
11.8837,1.3821
11.8843,1.3821
11.8848,1.3821
11.8854,1.3871
11.8859,1.3821
11.8865,1.3821
11.8870,1.3770
11.8877,1.3770
11.8883,1.3821
11.8888,1.3871
11.8894,1.3821
11.8900,1.3770
11.8905,1.3821
11.8911,1.3770
11.8917,1.3821
11.8922,1.3821
11.8928,1.3821
11.8933,1.3821
11.8939,1.3770
11.8944,1.3821
11.8950,1.3821
11.8955,1.3770
11.8961,1.3770
11.8966,1.3821
11.8972,1.3821
11.8977,1.3821
11.8983,1.3821
11.8988,1.3821
11.8994,1.3821
11.8999,1.3821
11.9005,1.3821
11.9011,1.3821
11.9016,1.3821
11.9022,1.3770
11.9027,1.3871
11.9033,1.3821
11.9038,1.3821
11.9044,1.3821
11.9049,1.3821
11.9055,1.3770
11.9060,1.3770
11.9066,1.3821
11.9071,1.3821
11.9077,1.3770
11.9082,1.3821
11.9088,1.3821
11.9093,1.3821
11.9099,1.3821
11.9104,1.3821
11.9110,1.3821
11.9115,1.3821
11.9121,1.3821
11.9126,1.3770
11.9132,1.3821
11.9137,1.3770
11.9143,1.3821
11.9148,1.3821
11.9154,1.3821
11.9159,1.3821
11.9165,1.3821
11.9170,1.3821
11.9176,1.3871
11.9181,1.3821
11.9187,1.3770
11.9192,1.3770
11.9198,1.3770
11.9203,1.3821
11.9209,1.3770
11.9214,1.3821
11.9219,1.3821
11.9225,1.3821
11.9230,1.3821
11.9236,1.3821
11.9241,1.3821
11.9247,1.3821
11.9252,1.3770
11.9258,1.3821
11.9263,1.3821
11.9269,1.3821
11.9274,1.3770
11.9280,1.3720
11.9285,1.3821
11.9291,1.3821
11.9296,1.3821
11.9302,1.3821
11.9307,1.3821
11.9313,1.3770
11.9319,1.3821
11.9324,1.3770
11.9330,1.3821
11.9335,1.3821
11.9341,1.3821
11.9346,1.3770
11.9352,1.3821
11.9357,1.3821
11.9363,1.3770
11.9368,1.3770
11.9374,1.3821
11.9379,1.3821
11.9385,1.3821
11.9390,1.3770
11.9396,1.3821
11.9401,1.3821
11.9407,1.3821
11.9412,1.3720
11.9418,1.3821
11.9423,1.3821
11.9429,1.3770
11.9434,1.3821
11.9440,1.3821
11.9445,1.3770
11.9451,1.3821
11.9457,1.3821
11.9463,1.3821
11.9470,1.3821
11.9476,1.3821
11.9482,1.3821
11.9488,1.3770
11.9493,1.3871
11.9499,1.3821
11.9505,1.3720
11.9511,1.3770
11.9516,1.3770
11.9522,1.3821
11.9527,1.3770
11.9534,1.3821
11.9540,1.3821
11.9546,1.3770
11.9551,1.3821
11.9557,1.3821
11.9562,1.3821
11.9569,1.3821
11.9575,1.3821
11.9581,1.3770
11.9586,1.3720
11.9592,1.3821
11.9598,1.3821
11.9603,1.3821
11.9609,1.3871
11.9614,1.3770
11.9620,1.3821
11.9625,1.3821
11.9631,1.3770
11.9636,1.3770
11.9641,1.3770
11.9647,1.3821
11.9652,1.3821
11.9658,1.3770
11.9663,1.3821
11.9668,1.3770
11.9674,1.3770
11.9679,1.3770
11.9685,1.3821
11.9690,1.3770
11.9696,1.3821
11.9701,1.3770
11.9706,1.3821
11.9712,1.3821
11.9717,1.3821
11.9723,1.3821
11.9728,1.3770
11.9734,1.3871
11.9739,1.3770
11.9745,1.3821
11.9750,1.3821
11.9756,1.3770
11.9761,1.3821
11.9767,1.3821
11.9772,1.3821
11.9777,1.3770
11.9783,1.3821
11.9788,1.3770
11.9794,1.3770
11.9799,1.3821
11.9805,1.3821
11.9810,1.3770
11.9816,1.3770
11.9821,1.3770
11.9826,1.3821
11.9832,1.3821
11.9837,1.3821
11.9843,1.3821
11.9848,1.3821
11.9854,1.3770
11.9859,1.3770
11.9864,1.3770
11.9870,1.3821
11.9875,1.3770
11.9881,1.3821
11.9886,1.3770
11.9892,1.3770
11.9897,1.3821
11.9902,1.3770
11.9908,1.3770
11.9914,1.3770
11.9919,1.3770
11.9924,1.3821
11.9930,1.3770
11.9935,1.3770
11.9941,1.3821
11.9946,1.3720
11.9952,1.3770
11.9957,1.3770
11.9962,1.3770
11.9968,1.3821
11.9973,1.3821
11.9979,1.3821
11.9984,1.3821
11.9989,1.3821
11.9995,1.3821
12.0000,1.3821
